{
"type": "FeatureCollection",
"name": "N12-21_31",
"features": [
{ "type": "Feature", "properties": { "N12_001": "31", "N12_002": 2, "N12_003": 6, "N12_004": "鳥取県道　河原インター線", "N12_005": 1, "N12_006": 1 }, "geometry": { "type": "LineString", "coordinates": [ [ 134.2094694, 35.3927596 ], [ 134.210042, 35.3925202 ], [ 134.2116296, 35.3917348 ], [ 134.2123985, 35.3913624 ], [ 134.2128616, 35.3911457 ], [ 134.2138373, 35.390726 ], [ 134.2146641, 35.3904281 ], [ 134.2152759, 35.3902453 ], [ 134.2160862, 35.3901302 ], [ 134.2168221, 35.3901302 ], [ 134.2174257, 35.3901505 ], [ 134.2181616, 35.3902656 ], [ 134.2188561, 35.3904687 ], [ 134.2193687, 35.3906718 ], [ 134.2202534, 35.3910984 ], [ 134.2221634, 35.3920327 ], [ 134.2234946, 35.392554 ], [ 134.2246356, 35.3929264 ], [ 134.2262562, 35.393441 ], [ 134.2282076, 35.3940165 ], [ 134.2300846, 35.3945581 ], [ 134.2320029, 35.394917 ], [ 134.2334665, 35.3951133 ], [ 134.234128, 35.3952014 ], [ 134.2349218, 35.3952894 ], [ 134.236468, 35.3954586 ], [ 134.2375856, 35.3956192 ], [ 134.2382097, 35.3957679 ], [ 134.2387884, 35.3960281 ], [ 134.2394693, 35.3964648 ], [ 134.2399232, 35.3968272 ], [ 134.2404225, 35.3970502 ], [ 134.2409559, 35.3972825 ], [ 134.2413984, 35.3973475 ], [ 134.2420906, 35.397394 ], [ 134.2426353, 35.3973475 ], [ 134.2444283, 35.3971617 ], [ 134.2470611, 35.396855 ], [ 134.2495917, 35.3965484 ], [ 134.2505222, 35.3964834 ], [ 134.2513052, 35.3964834 ], [ 134.2520315, 35.3965484 ], [ 134.2528145, 35.3966599 ], [ 134.2534273, 35.3967993 ], [ 134.253972, 35.3970316 ], [ 134.2545848, 35.3974218 ], [ 134.2551182, 35.3978679 ], [ 134.2555721, 35.3982116 ], [ 134.256026, 35.3984439 ], [ 134.2564913, 35.3985647 ], [ 134.2571835, 35.3986669 ], [ 134.2577622, 35.3986484 ], [ 134.2583977, 35.3985833 ], [ 134.2590446, 35.3984811 ], [ 134.2608376, 35.3982395 ], [ 134.2612915, 35.3981745 ], [ 134.2623583, 35.3979329 ], [ 134.2646166, 35.3972267 ], [ 134.2650705, 35.3971524 ], [ 134.2655017, 35.3971245 ], [ 134.2659443, 35.3971338 ], [ 134.2664095, 35.3972174 ], [ 134.2667727, 35.3973196 ], [ 134.2672493, 35.3975148 ], [ 134.2676805, 35.3977378 ], [ 134.2685543, 35.3983324 ] ] } },
{ "type": "Feature", "properties": { "N12_001": "31", "N12_002": 2, "N12_003": 3, "N12_004": "一般国道179号", "N12_005": 2, "N12_006": 1 }, "geometry": { "type": "LineString", "coordinates": [ [ 133.8731949, 35.4968492 ], [ 133.8731936, 35.4964645 ], [ 133.8731928, 35.4963714 ], [ 133.8731939, 35.4958803 ], [ 133.8731852, 35.4955526 ], [ 133.8731828, 35.4952913 ], [ 133.8731789, 35.4948757 ], [ 133.8731789, 35.4947058 ], [ 133.8731789, 35.4943675 ], [ 133.8731453, 35.4942158 ], [ 133.8731042, 35.4940811 ], [ 133.8729939, 35.4937308 ], [ 133.8727877, 35.4933079 ], [ 133.8726748, 35.4930758 ], [ 133.8726302, 35.492981 ], [ 133.8725858, 35.4928855 ], [ 133.8723192, 35.4925895 ], [ 133.8720306, 35.4923139 ], [ 133.8718921, 35.4921823 ], [ 133.8717206, 35.4920461 ], [ 133.8714867, 35.4918886 ], [ 133.8711202, 35.4916667 ], [ 133.8709006, 35.4915336 ], [ 133.8705754, 35.4913601 ] ] } },
{ "type": "Feature", "properties": { "N12_001": "31", "N12_002": 2, "N12_003": 3, "N12_004": "一般国道179号", "N12_005": 2, "N12_006": 2 }, "geometry": { "type": "LineString", "coordinates": [ [ 133.8437298, 35.4270367 ], [ 133.8439572, 35.4269383 ], [ 133.846085, 35.4259763 ], [ 133.8464943, 35.4257839 ], [ 133.8470565, 35.4255194 ], [ 133.8481381, 35.4250274 ], [ 133.8483628, 35.4249278 ], [ 133.8485119, 35.4248585 ], [ 133.8488629, 35.4246394 ], [ 133.8490941, 35.4244296 ], [ 133.8493102, 35.4241621 ], [ 133.8493941, 35.4240201 ], [ 133.8494653, 35.4238611 ], [ 133.8495007, 35.4237364 ], [ 133.8495166, 35.423657 ], [ 133.8495421, 35.4235477 ], [ 133.8495629, 35.4234548 ] ] } },
{ "type": "Feature", "properties": { "N12_001": "31", "N12_002": 2, "N12_003": 3, "N12_004": "一般国道180号", "N12_005": 3, "N12_006": 1 }, "geometry": { "type": "LineString", "coordinates": [ [ 133.3262432, 35.4090718 ], [ 133.3263142, 35.4089769 ], [ 133.3264168, 35.4088399 ], [ 133.3265525, 35.4086472 ], [ 133.326697, 35.4083881 ], [ 133.3267226, 35.4083333 ], [ 133.3268, 35.4081686 ], [ 133.3268573, 35.4080402 ], [ 133.3269583, 35.4078136 ], [ 133.3270269, 35.4075994 ], [ 133.3271369, 35.4071489 ], [ 133.3271647, 35.4069233 ], [ 133.3271581, 35.4066586 ], [ 133.3271167, 35.4063545 ], [ 133.3270203, 35.4059317 ], [ 133.3268622, 35.4053461 ], [ 133.3267111, 35.4048558 ], [ 133.3265802, 35.4045006 ], [ 133.3262298, 35.4033799 ], [ 133.3261333, 35.4029797 ], [ 133.3260236, 35.4024053 ], [ 133.3259, 35.4015769 ], [ 133.3258586, 35.4010867 ], [ 133.3258311, 35.4003767 ], [ 133.3259077, 35.4 ], [ 133.3260717, 35.3991939 ], [ 133.3262653, 35.3987039 ], [ 133.3268186, 35.3976106 ], [ 133.3270344, 35.3971995 ], [ 133.3271787, 35.3969632 ], [ 133.3272958, 35.3967715 ], [ 133.3275639, 35.3963995 ], [ 133.3279903, 35.3958472 ], [ 133.3297659, 35.3936652 ], [ 133.3303144, 35.3929911 ], [ 133.3304342, 35.392834 ], [ 133.330548, 35.392629 ], [ 133.3306967, 35.3923847 ], [ 133.3309675, 35.3916969 ], [ 133.3309779, 35.3916647 ], [ 133.3312125, 35.3909394 ], [ 133.3312969, 35.3905758 ], [ 133.3313814, 35.3899405 ], [ 133.3313983, 35.3896106 ], [ 133.3314461, 35.3889045 ], [ 133.331494, 35.3886605 ], [ 133.3315822, 35.3883754 ], [ 133.331663, 35.388142 ], [ 133.3317249, 35.3879978 ], [ 133.33177, 35.3878985 ], [ 133.331883, 35.3877238 ], [ 133.3319975, 35.3875468 ], [ 133.3322219, 35.3872627 ], [ 133.3327564, 35.3867668 ], [ 133.3330853, 35.3865322 ], [ 133.3333333, 35.3863824 ], [ 133.3334911, 35.3862871 ], [ 133.3338448, 35.3861001 ], [ 133.3340854, 35.3859689 ], [ 133.3355755, 35.3851574 ], [ 133.3358565, 35.3850175 ], [ 133.3366683, 35.3846133 ], [ 133.3369106, 35.3844909 ], [ 133.3371018, 35.384391 ], [ 133.3380249, 35.3838674 ], [ 133.3396964, 35.3828962 ], [ 133.3410473, 35.3820005 ], [ 133.3431826, 35.3803084 ], [ 133.3461392, 35.3776816 ], [ 133.3465801, 35.3772356 ], [ 133.3468827, 35.3767683 ], [ 133.3471766, 35.3760036 ], [ 133.347289, 35.375324 ], [ 133.3472544, 35.3746372 ], [ 133.3471074, 35.3731574 ], [ 133.3468741, 35.3703254 ], [ 133.3467271, 35.3687677 ], [ 133.3465802, 35.3683288 ], [ 133.3463468, 35.367996 ], [ 133.3458022, 35.3674791 ], [ 133.3439352, 35.3661339 ], [ 133.3430638, 35.3655514 ], [ 133.3416793, 35.3646258 ], [ 133.3394234, 35.3631107 ], [ 133.3387666, 35.3626646 ], [ 133.3381356, 35.3623177 ], [ 133.3373664, 35.3621053 ], [ 133.3366922, 35.3620699 ], [ 133.3360267, 35.3621619 ], [ 133.3349635, 35.3623673 ], [ 133.3343585, 35.3624593 ], [ 133.3337535, 35.3624381 ], [ 133.3332262, 35.3623743 ], [ 133.3326385, 35.3621549 ], [ 133.3320162, 35.3618504 ], [ 133.3318174, 35.3618575 ], [ 133.3315557, 35.3618984 ], [ 133.3313056, 35.3612384 ], [ 133.3310925, 35.3606878 ], [ 133.330678, 35.3595793 ], [ 133.3301936, 35.3583333 ], [ 133.3300323, 35.3579187 ], [ 133.32991, 35.3575817 ], [ 133.329424, 35.3562815 ], [ 133.3293464, 35.3560155 ], [ 133.3292133, 35.3556692 ], [ 133.329022, 35.3551539 ], [ 133.3285915, 35.3540257 ], [ 133.3285144, 35.3537844 ], [ 133.3283703, 35.3534183 ], [ 133.3281367, 35.3527985 ], [ 133.3280197, 35.3524717 ], [ 133.3275658, 35.3512381 ], [ 133.3272409, 35.3503633 ], [ 133.3270577, 35.3498702 ], [ 133.3267547, 35.349052 ], [ 133.3264973, 35.3484279 ], [ 133.3261541, 35.3474503 ], [ 133.3259205, 35.3468295 ], [ 133.3259017, 35.3467794 ], [ 133.3257492, 35.3464186 ], [ 133.3253867, 35.3454519 ], [ 133.3253904, 35.3453127 ], [ 133.3254272, 35.3449441 ], [ 133.3258336, 35.3441222 ], [ 133.32604, 35.3437167 ], [ 133.3262461, 35.3432997 ], [ 133.3265144, 35.3427589 ], [ 133.3266795, 35.3424433 ], [ 133.3267069, 35.3423814 ], [ 133.3269156, 35.3419845 ], [ 133.3271194, 35.3414631 ], [ 133.3272327, 35.3410647 ], [ 133.3273028, 35.3403104 ] ] } },
{ "type": "Feature", "properties": { "N12_001": "31", "N12_002": 2, "N12_003": 3, "N12_004": "一般国道180号", "N12_005": 3, "N12_006": 2 }, "geometry": { "type": "LineString", "coordinates": [ [ 133.3273011, 35.1851684 ], [ 133.3273011, 35.185285 ], [ 133.3273189, 35.1857742 ], [ 133.3273397, 35.1865575 ], [ 133.3273875, 35.1868336 ], [ 133.3274289, 35.18698 ], [ 133.3275455, 35.1872336 ], [ 133.3275867, 35.1873069 ], [ 133.3276964, 35.1874478 ], [ 133.3278267, 35.1875772 ], [ 133.3281078, 35.1877803 ], [ 133.3283275, 35.1879208 ], [ 133.3286569, 35.1881631 ], [ 133.3292059, 35.1886084 ], [ 133.3295569, 35.1889001 ], [ 133.3297686, 35.1890758 ], [ 133.3300706, 35.1893125 ], [ 133.330297, 35.1894648 ], [ 133.3305783, 35.1896225 ], [ 133.3306469, 35.1896564 ], [ 133.3308591, 35.1897512 ], [ 133.3310242, 35.1898197 ], [ 133.3318091, 35.1900816 ], [ 133.3323414, 35.1902086 ], [ 133.3325975, 35.1902367 ], [ 133.3333307, 35.1902966 ], [ 133.33341, 35.1903031 ], [ 133.3340911, 35.1903733 ], [ 133.3348127, 35.1904616 ], [ 133.3354683, 35.1905441 ], [ 133.335798, 35.1905883 ], [ 133.3359125, 35.1906308 ], [ 133.3360264, 35.1907044 ], [ 133.3361361, 35.1907833 ], [ 133.3363281, 35.1909581 ], [ 133.3364792, 35.19111 ], [ 133.3369648, 35.1916667 ], [ 133.3375703, 35.1923608 ], [ 133.3376869, 35.1924733 ], [ 133.3378242, 35.19262 ], [ 133.3380506, 35.1928283 ], [ 133.3382971, 35.1930028 ], [ 133.3384142, 35.1930708 ], [ 133.3388944, 35.1932906 ], [ 133.3392717, 35.1934428 ], [ 133.3403078, 35.1938653 ], [ 133.3403903, 35.1938934 ], [ 133.3405686, 35.1939217 ], [ 133.3414124, 35.1939442 ], [ 133.3416892, 35.1939487 ], [ 133.3420847, 35.1939553 ], [ 133.3429564, 35.1939442 ], [ 133.3431073, 35.1939328 ], [ 133.343313, 35.1938934 ], [ 133.3436223, 35.1938241 ], [ 133.3442428, 35.1936292 ], [ 133.3447436, 35.1934433 ], [ 133.3450401, 35.1933367 ], [ 133.3453478, 35.1932276 ], [ 133.3456464, 35.1931217 ], [ 133.3458658, 35.1930711 ], [ 133.3467438, 35.1929245 ], [ 133.3475467, 35.192812 ], [ 133.3494134, 35.1926089 ], [ 133.3498116, 35.1925808 ], [ 133.3499865, 35.1925674 ], [ 133.3501061, 35.1925583 ], [ 133.3507842, 35.1925386 ], [ 133.3518572, 35.1925856 ], [ 133.3523833, 35.1926225 ], [ 133.3524739, 35.1926893 ], [ 133.3533045, 35.1933188 ], [ 133.3536056, 35.1934936 ], [ 133.3536869, 35.1935194 ], [ 133.3538687, 35.1935369 ], [ 133.3541022, 35.1935269 ], [ 133.3543067, 35.1935108 ], [ 133.3545888, 35.1934967 ], [ 133.3550534, 35.1934936 ], [ 133.3552731, 35.1935161 ], [ 133.3558219, 35.1936064 ], [ 133.3560689, 35.1936683 ], [ 133.3562542, 35.1937358 ], [ 133.356595, 35.1939069 ], [ 133.3567842, 35.1940539 ], [ 133.3570361, 35.1942936 ], [ 133.35717, 35.194447 ], [ 133.3572919, 35.194645 ], [ 133.3574494, 35.1950092 ], [ 133.3575403, 35.1952553 ], [ 133.3576347, 35.1955842 ], [ 133.3577764, 35.1960156 ], [ 133.3578631, 35.1961625 ], [ 133.3579892, 35.1963 ], [ 133.3581033, 35.1963669 ], [ 133.3583333, 35.1964689 ], [ 133.3584497, 35.1965206 ], [ 133.3588504, 35.1966766 ], [ 133.3593042, 35.1968558 ], [ 133.3602689, 35.1972489 ], [ 133.3607061, 35.1974247 ], [ 133.3611115, 35.1975972 ], [ 133.3612297, 35.1976419 ], [ 133.3613153, 35.1976661 ], [ 133.3615094, 35.1976964 ], [ 133.3616983, 35.1977028 ], [ 133.3619269, 35.1977028 ], [ 133.3621081, 35.1976644 ], [ 133.3623242, 35.1975814 ], [ 133.3629857, 35.1972268 ], [ 133.363448, 35.1969578 ], [ 133.3641467, 35.196572 ], [ 133.3646028, 35.1963331 ], [ 133.3652092, 35.1960105 ], [ 133.3658542, 35.1957158 ], [ 133.3659193, 35.1956903 ], [ 133.3660577, 35.1956361 ], [ 133.3662461, 35.1955814 ], [ 133.3664825, 35.1955622 ], [ 133.3666921, 35.1955722 ], [ 133.3668606, 35.1955908 ], [ 133.3669828, 35.1956228 ], [ 133.3671678, 35.1957122 ], [ 133.3676167, 35.1960292 ], [ 133.3678844, 35.1962378 ], [ 133.3685978, 35.1968519 ], [ 133.3691606, 35.1973142 ], [ 133.3694555, 35.1975081 ], [ 133.3695894, 35.1975689 ], [ 133.3697192, 35.1976264 ], [ 133.3699436, 35.1976967 ], [ 133.3708075, 35.1978889 ], [ 133.371015, 35.1979395 ], [ 133.3715208, 35.1981028 ], [ 133.3717678, 35.19821 ], [ 133.3723717, 35.1985864 ], [ 133.3727556, 35.1988806 ], [ 133.3731542, 35.1992295 ], [ 133.3734967, 35.1995511 ], [ 133.3736481, 35.1997028 ], [ 133.373849, 35.199918 ], [ 133.3739903, 35.2000695 ], [ 133.3742928, 35.2004245 ], [ 133.3747325, 35.2010208 ], [ 133.3749239, 35.2012803 ], [ 133.375, 35.2013893 ], [ 133.3752087, 35.2016881 ], [ 133.3753489, 35.201872 ], [ 133.3754803, 35.2020136 ], [ 133.3756314, 35.2021594 ], [ 133.3758152, 35.2022991 ], [ 133.3760978, 35.2024183 ], [ 133.3765296, 35.2025912 ], [ 133.3767505, 35.2026638 ], [ 133.3769737, 35.2027193 ], [ 133.3771451, 35.2027453 ], [ 133.37738, 35.2027567 ], [ 133.3778125, 35.2027458 ], [ 133.3781211, 35.2027178 ], [ 133.3784436, 35.2026503 ], [ 133.3786636, 35.2025653 ], [ 133.3795147, 35.2021595 ], [ 133.3798784, 35.2019794 ], [ 133.3802934, 35.2017844 ], [ 133.3806533, 35.2016128 ], [ 133.3807422, 35.2015853 ], [ 133.3808872, 35.2015628 ], [ 133.3813872, 35.2015628 ], [ 133.3815933, 35.2015853 ], [ 133.3817858, 35.2016411 ], [ 133.3823378, 35.201837 ], [ 133.3825469, 35.2019003 ], [ 133.3831305, 35.2021011 ], [ 133.3833333, 35.202172 ], [ 133.3837644, 35.2023228 ], [ 133.3841731, 35.2024695 ], [ 133.3845856, 35.2026103 ], [ 133.3846119, 35.2026278 ], [ 133.3851267, 35.202802 ], [ 133.3851952, 35.2028303 ], [ 133.3860227, 35.2031123 ], [ 133.3862317, 35.2031911 ], [ 133.3866433, 35.2033315 ], [ 133.3868741, 35.2034171 ], [ 133.3869267, 35.2034378 ], [ 133.3871378, 35.2035345 ], [ 133.3873367, 35.2037203 ], [ 133.3873951, 35.2037983 ], [ 133.3875903, 35.2040586 ], [ 133.3877, 35.2042445 ], [ 133.3877825, 35.2044195 ], [ 133.3878439, 35.204701 ], [ 133.3878714, 35.2064592 ], [ 133.3878575, 35.2066842 ], [ 133.3878164, 35.2068983 ], [ 133.3877614, 35.2071292 ], [ 133.38772, 35.2072642 ], [ 133.3875425, 35.2077039 ], [ 133.3874454, 35.2079945 ], [ 133.3873164, 35.2084081 ], [ 133.3872814, 35.2085239 ], [ 133.387095, 35.2091031 ], [ 133.3870425, 35.2093464 ], [ 133.3869725, 35.2098788 ], [ 133.3869389, 35.2103578 ], [ 133.3869389, 35.2108253 ], [ 133.3869589, 35.2113879 ], [ 133.3869725, 35.2116419 ], [ 133.3871025, 35.2122336 ], [ 133.387185, 35.21269 ], [ 133.3872079, 35.2127825 ], [ 133.3872814, 35.2130842 ], [ 133.3874189, 35.2134225 ], [ 133.3876522, 35.2137775 ], [ 133.3878847, 35.2140592 ], [ 133.3881597, 35.21429 ], [ 133.3883586, 35.2144083 ], [ 133.3887286, 35.2145892 ], [ 133.3892297, 35.214775 ], [ 133.3895797, 35.2148708 ], [ 133.3897468, 35.2148896 ], [ 133.3913708, 35.2150342 ], [ 133.3916974, 35.215066 ], [ 133.3921825, 35.2151134 ], [ 133.3929006, 35.2151917 ], [ 133.3931956, 35.2152425 ], [ 133.3932442, 35.2152517 ], [ 133.3934817, 35.2153242 ], [ 133.3936881, 35.2154167 ], [ 133.3937717, 35.2154958 ], [ 133.3938406, 35.2155525 ], [ 133.3939781, 35.2156933 ], [ 133.3940881, 35.215795 ], [ 133.3943263, 35.2160361 ], [ 133.3945212, 35.2162243 ], [ 133.3945956, 35.2162964 ], [ 133.3948706, 35.2165839 ], [ 133.3949608, 35.2166667 ], [ 133.3950478, 35.2167464 ], [ 133.3951989, 35.2168431 ], [ 133.3953428, 35.2169156 ], [ 133.3956728, 35.2170622 ], [ 133.3960428, 35.2171806 ], [ 133.3962617, 35.2172459 ], [ 133.3964538, 35.217303 ], [ 133.3976686, 35.2176656 ], [ 133.3979436, 35.2177389 ], [ 133.398018, 35.2177653 ], [ 133.398115, 35.2178006 ], [ 133.3986711, 35.2179531 ], [ 133.3988286, 35.2179756 ], [ 133.3991036, 35.2179756 ], [ 133.3992686, 35.2179531 ], [ 133.3997, 35.2178064 ], [ 133.399865, 35.2177214 ], [ 133.3999643, 35.2176401 ], [ 133.40003, 35.2175864 ], [ 133.4003525, 35.2171581 ], [ 133.4004272, 35.2170797 ], [ 133.4005172, 35.2170114 ], [ 133.4007708, 35.2168989 ], [ 133.4010108, 35.2168314 ], [ 133.4013883, 35.21677 ], [ 133.4016422, 35.21677 ], [ 133.4017583, 35.2167867 ], [ 133.4020334, 35.216865 ], [ 133.4021433, 35.2169108 ], [ 133.4022872, 35.2170008 ], [ 133.4023558, 35.2170622 ], [ 133.4025072, 35.2172197 ], [ 133.4026097, 35.2173781 ], [ 133.4026433, 35.2174513 ], [ 133.4026983, 35.2176314 ], [ 133.4027669, 35.2185272 ], [ 133.4027806, 35.218888 ], [ 133.4027944, 35.218978 ], [ 133.4028019, 35.2192489 ], [ 133.4028294, 35.2196548 ], [ 133.4028706, 35.2198181 ], [ 133.4029772, 35.2199963 ], [ 133.4032482, 35.2202629 ], [ 133.4035569, 35.2205386 ], [ 133.4037001, 35.2207015 ], [ 133.4041803, 35.2212661 ], [ 133.4046679, 35.2218211 ], [ 133.4050103, 35.2222353 ], [ 133.4051278, 35.2223536 ], [ 133.4051828, 35.2224261 ], [ 133.4055092, 35.2227303 ], [ 133.4056553, 35.2227928 ], [ 133.4057103, 35.2228035 ], [ 133.4059153, 35.2227945 ], [ 133.4061014, 35.2227586 ], [ 133.4069464, 35.2226236 ], [ 133.4069939, 35.222607 ], [ 133.4072675, 35.2225728 ], [ 133.4075564, 35.2225503 ], [ 133.40779, 35.2225503 ], [ 133.4078789, 35.2225503 ], [ 133.40805, 35.2225619 ], [ 133.40816, 35.2225728 ], [ 133.4083398, 35.2226028 ], [ 133.4085988, 35.2226461 ], [ 133.4088322, 35.2227028 ], [ 133.408876, 35.2227169 ], [ 133.4093261, 35.2228661 ], [ 133.4098405, 35.2230234 ], [ 133.4107611, 35.2233053 ], [ 133.4116894, 35.2235769 ], [ 133.4127568, 35.2239331 ], [ 133.4134414, 35.2241443 ], [ 133.4139792, 35.2243145 ], [ 133.4144579, 35.2244696 ], [ 133.4145342, 35.2244942 ], [ 133.4149806, 35.224635 ], [ 133.4150631, 35.2246633 ], [ 133.4159356, 35.2249192 ], [ 133.4161425, 35.225 ], [ 133.4161982, 35.2250218 ], [ 133.4162617, 35.2250468 ], [ 133.416479, 35.2251326 ], [ 133.4166514, 35.2252008 ], [ 133.4167742, 35.2252526 ], [ 133.4169764, 35.2253383 ], [ 133.4172403, 35.2254808 ], [ 133.4174978, 35.225655 ], [ 133.4177028, 35.2258142 ], [ 133.4178353, 35.2259142 ], [ 133.4179128, 35.2260067 ], [ 133.4183625, 35.2265167 ], [ 133.418795, 35.2269792 ], [ 133.4190486, 35.2273 ], [ 133.41922, 35.2275425 ], [ 133.4194127, 35.2278751 ], [ 133.4195274, 35.2280867 ], [ 133.4200298, 35.2290415 ], [ 133.4202633, 35.2294131 ], [ 133.4202797, 35.2294634 ], [ 133.4203359, 35.2295543 ], [ 133.4203797, 35.2297572 ], [ 133.4203797, 35.2299764 ], [ 133.4203508, 35.2302189 ], [ 133.4203047, 35.2303939 ], [ 133.4202908, 35.2304839 ], [ 133.4201884, 35.230906 ], [ 133.4200233, 35.231312 ], [ 133.4195851, 35.2321875 ], [ 133.4193352, 35.2326605 ], [ 133.4192131, 35.2329199 ], [ 133.4191147, 35.2331683 ], [ 133.4190655, 35.2333333 ], [ 133.4190124, 35.2335111 ], [ 133.4188933, 35.2339492 ], [ 133.4187908, 35.2343767 ], [ 133.4186933, 35.2348469 ], [ 133.4186822, 35.2349261 ], [ 133.4186597, 35.2350917 ], [ 133.4186984, 35.2352434 ], [ 133.4187622, 35.23537 ], [ 133.4189231, 35.2355392 ], [ 133.4190581, 35.2356756 ], [ 133.4192619, 35.2357797 ], [ 133.4205169, 35.2363822 ], [ 133.4213192, 35.2367656 ], [ 133.4214978, 35.2368272 ], [ 133.4216217, 35.2368506 ], [ 133.4216565, 35.2368589 ], [ 133.4220128, 35.2369456 ], [ 133.4227678, 35.2371264 ], [ 133.4230078, 35.2371714 ], [ 133.4230967, 35.2371997 ], [ 133.4232889, 35.237233 ], [ 133.423495, 35.2372897 ], [ 133.4237414, 35.2373406 ], [ 133.42405, 35.2374589 ], [ 133.424545, 35.2377406 ], [ 133.4249356, 35.2379659 ], [ 133.4253026, 35.2381606 ], [ 133.4256972, 35.2383489 ], [ 133.4260465, 35.2384113 ], [ 133.4264722, 35.2384164 ], [ 133.4270486, 35.2384447 ], [ 133.4271289, 35.2384464 ], [ 133.4273912, 35.238453 ], [ 133.4276927, 35.2384606 ], [ 133.4282011, 35.2384731 ], [ 133.4285945, 35.2384239 ], [ 133.4291531, 35.2382456 ], [ 133.4293741, 35.2381779 ], [ 133.4299994, 35.2379772 ], [ 133.4303558, 35.2378472 ], [ 133.4306859, 35.2377013 ], [ 133.4329217, 35.2365292 ], [ 133.4331969, 35.2363874 ], [ 133.4333333, 35.236317 ], [ 133.43386, 35.2360451 ], [ 133.4343081, 35.2358133 ], [ 133.4349056, 35.2355092 ], [ 133.4349942, 35.2354642 ], [ 133.4350567, 35.235425 ], [ 133.4354617, 35.2352217 ], [ 133.4358254, 35.2350417 ], [ 133.4361542, 35.2348903 ], [ 133.4363806, 35.2348336 ], [ 133.4366692, 35.2347995 ], [ 133.4370467, 35.2347995 ], [ 133.4372178, 35.2348278 ], [ 133.4374164, 35.2348728 ], [ 133.4376839, 35.234952 ], [ 133.4378214, 35.2350028 ], [ 133.4380828, 35.2351269 ], [ 133.4389264, 35.2355767 ], [ 133.4394203, 35.23587 ], [ 133.4394828, 35.2356783 ], [ 133.4395164, 35.2354358 ], [ 133.4395164, 35.2353717 ], [ 133.4395164, 35.2351211 ], [ 133.4394753, 35.2348445 ], [ 133.4393614, 35.2344767 ], [ 133.4392414, 35.2340386 ], [ 133.4392214, 35.2338253 ], [ 133.4392353, 35.2336386 ], [ 133.4393138, 35.2333333 ], [ 133.4394257, 35.2330173 ], [ 133.4395303, 35.2327261 ], [ 133.4397228, 35.2323772 ], [ 133.4399414, 35.2320839 ], [ 133.4400178, 35.231988 ], [ 133.4403328, 35.2316781 ], [ 133.4404778, 35.2315822 ], [ 133.4407378, 35.2314472 ], [ 133.4410053, 35.2313456 ], [ 133.4414914, 35.231243 ], [ 133.4423274, 35.2311065 ], [ 133.4424603, 35.2308897 ], [ 133.4428439, 35.2303033 ], [ 133.4436028, 35.2291408 ], [ 133.4445464, 35.2276953 ], [ 133.4444437, 35.2275875 ], [ 133.4441989, 35.2273461 ], [ 133.4439978, 35.2271319 ], [ 133.4438564, 35.226972 ], [ 133.4435928, 35.2266753 ], [ 133.4430228, 35.2260045 ], [ 133.4426942, 35.2257003 ], [ 133.4424056, 35.225452 ], [ 133.4419489, 35.2250373 ], [ 133.4418292, 35.2249286 ], [ 133.4416916, 35.2248494 ], [ 133.4413356, 35.2246972 ], [ 133.4411398, 35.2246212 ], [ 133.4409033, 35.2244272 ], [ 133.4408208, 35.2243031 ], [ 133.4406633, 35.2239137 ], [ 133.4404419, 35.2232222 ], [ 133.4403544, 35.2229456 ], [ 133.4402244, 35.2224831 ], [ 133.4400319, 35.221835 ], [ 133.4399633, 35.221565 ], [ 133.4399419, 35.2215367 ], [ 133.4399069, 35.2214933 ], [ 133.4396236, 35.2212634 ], [ 133.4395895, 35.221189 ], [ 133.4395672, 35.2211094 ], [ 133.4395172, 35.2204267 ], [ 133.4395247, 35.2201058 ], [ 133.4396063, 35.2198048 ], [ 133.4397986, 35.2194517 ], [ 133.4400387, 35.2192661 ], [ 133.4401822, 35.219187 ], [ 133.4404711, 35.2190744 ], [ 133.4408604, 35.2189615 ], [ 133.4414791, 35.2187821 ], [ 133.4416858, 35.2187136 ], [ 133.4418644, 35.2186295 ], [ 133.4420219, 35.2184886 ], [ 133.4420833, 35.2184153 ], [ 133.4421583, 35.2182686 ], [ 133.4421583, 35.218072 ], [ 133.4420833, 35.2179586 ], [ 133.4416667, 35.2174375 ], [ 133.4415833, 35.2173333 ], [ 133.4411455, 35.2167558 ], [ 133.4410411, 35.2166181 ], [ 133.4408832, 35.2164112 ], [ 133.4408072, 35.2163022 ], [ 133.4407111, 35.2161114 ], [ 133.4407111, 35.2159197 ], [ 133.4407461, 35.2158289 ], [ 133.4408347, 35.2156772 ], [ 133.4409922, 35.2154464 ], [ 133.4412736, 35.2149781 ], [ 133.4413361, 35.2148264 ], [ 133.4413697, 35.2146122 ], [ 133.4413836, 35.2142856 ], [ 133.4414522, 35.213705 ], [ 133.4415349, 35.2132816 ], [ 133.4416725, 35.2126908 ], [ 133.4416864, 35.2126067 ], [ 133.4417689, 35.2122458 ], [ 133.4418714, 35.2118175 ], [ 133.4418775, 35.2115691 ], [ 133.4418164, 35.2112933 ], [ 133.441755, 35.2110061 ], [ 133.4416667, 35.210705 ], [ 133.4415025, 35.210297 ], [ 133.441408, 35.2100537 ], [ 133.4414031, 35.2099779 ], [ 133.4415953, 35.2097552 ], [ 133.4416791, 35.2096588 ], [ 133.4418291, 35.2094468 ], [ 133.4418575, 35.209237 ], [ 133.4418579, 35.2091264 ], [ 133.4418714, 35.2088311 ], [ 133.441885, 35.2087694 ], [ 133.4418989, 35.2085947 ], [ 133.4419139, 35.2085332 ], [ 133.4419633, 35.2083333 ], [ 133.4419739, 35.2082904 ], [ 133.4420975, 35.2079297 ], [ 133.4423177, 35.2074618 ], [ 133.4426189, 35.206863 ], [ 133.44269, 35.2067238 ], [ 133.4430789, 35.2060142 ], [ 133.4431414, 35.205885 ], [ 133.4432239, 35.2056425 ], [ 133.4433266, 35.2053435 ], [ 133.443485, 35.2049084 ], [ 133.4435295, 35.2047692 ], [ 133.4435934, 35.2045794 ], [ 133.4437039, 35.2041833 ], [ 133.4437375, 35.2040308 ], [ 133.4437434, 35.2038875 ], [ 133.443753, 35.2034796 ], [ 133.4437714, 35.2028253 ], [ 133.4437864, 35.2026395 ], [ 133.4438414, 35.2024144 ], [ 133.4439364, 35.2021661 ], [ 133.4440338, 35.2020229 ], [ 133.4442864, 35.201727 ], [ 133.4447974, 35.2012514 ], [ 133.4448908, 35.2011082 ], [ 133.4449289, 35.2009912 ], [ 133.4450275, 35.2005739 ], [ 133.4451239, 35.2002564 ], [ 133.4451573, 35.200166 ], [ 133.4452125, 35.1999522 ], [ 133.44522, 35.1997939 ], [ 133.4452125, 35.1996981 ], [ 133.4451575, 35.1994447 ], [ 133.4451375, 35.199383 ], [ 133.4450964, 35.1992423 ], [ 133.4449864, 35.1990505 ], [ 133.4447264, 35.1986672 ], [ 133.4444378, 35.1982958 ], [ 133.4443628, 35.1982108 ], [ 133.4441603, 35.1980883 ], [ 133.4438202, 35.1979575 ], [ 133.4434153, 35.1978225 ], [ 133.4433403, 35.1977883 ], [ 133.4432053, 35.1976892 ], [ 133.4431142, 35.1975633 ], [ 133.4429628, 35.1971967 ], [ 133.4429278, 35.1971459 ], [ 133.4427642, 35.197005 ], [ 133.4426878, 35.1969542 ], [ 133.4425717, 35.1968925 ], [ 133.4424953, 35.196825 ], [ 133.4424419, 35.1967233 ], [ 133.4423456, 35.1964358 ], [ 133.4422969, 35.1963625 ], [ 133.442202, 35.19625 ], [ 133.4420294, 35.1961258 ], [ 133.4417204, 35.1959233 ], [ 133.4414119, 35.1957542 ], [ 133.4411519, 35.1956583 ], [ 133.4408769, 35.1956025 ], [ 133.4406644, 35.1955967 ], [ 133.4404306, 35.1955575 ], [ 133.4402108, 35.1954558 ], [ 133.4400747, 35.1953483 ], [ 133.4399922, 35.195225 ], [ 133.4399572, 35.1951234 ], [ 133.4399424, 35.1949667 ], [ 133.4399708, 35.194875 ], [ 133.4400397, 35.194752 ], [ 133.4401283, 35.1946611 ], [ 133.4406158, 35.1942669 ], [ 133.4406922, 35.1941653 ], [ 133.4407472, 35.1940695 ], [ 133.4407533, 35.1939511 ], [ 133.4406848, 35.1938053 ], [ 133.440563, 35.1937239 ], [ 133.440511, 35.1936904 ], [ 133.4404328, 35.193664 ], [ 133.4403634, 35.1936566 ], [ 133.4402047, 35.1936645 ], [ 133.4399783, 35.1936978 ], [ 133.439621, 35.1938052 ], [ 133.4393747, 35.1938953 ], [ 133.4390797, 35.1940303 ], [ 133.4385983, 35.1943119 ], [ 133.4383797, 35.1944528 ], [ 133.4382355, 35.1945364 ], [ 133.4381248, 35.1945676 ], [ 133.4380222, 35.1945708 ], [ 133.4378925, 35.1945425 ], [ 133.4378109, 35.1945029 ], [ 133.43768, 35.1944133 ], [ 133.4375761, 35.1943286 ], [ 133.4374536, 35.1942386 ], [ 133.4373598, 35.1941891 ], [ 133.4371924, 35.1941282 ], [ 133.4362725, 35.1938103 ], [ 133.4359775, 35.1937369 ], [ 133.4358475, 35.1937145 ], [ 133.4355053, 35.1936586 ], [ 133.4353678, 35.1936245 ], [ 133.4351964, 35.1935511 ], [ 133.4348631, 35.1933693 ], [ 133.4347153, 35.1933036 ], [ 133.4342903, 35.1931911 ], [ 133.4341052, 35.1931569 ], [ 133.4338778, 35.1930953 ], [ 133.4338439, 35.1930778 ], [ 133.4336211, 35.193014 ], [ 133.4335289, 35.1929878 ], [ 133.4332386, 35.1929427 ], [ 133.4330417, 35.192937 ], [ 133.4328356, 35.1930161 ], [ 133.4326354, 35.1931462 ], [ 133.4325265, 35.1933055 ], [ 133.4325331, 35.1935225 ], [ 133.4326017, 35.1937142 ], [ 133.4327039, 35.19388 ], [ 133.4329039, 35.1941033 ], [ 133.4331238, 35.1942724 ], [ 133.4335414, 35.1945317 ], [ 133.4336314, 35.1945992 ], [ 133.4337832, 35.1947658 ], [ 133.4337737, 35.1949587 ], [ 133.4336603, 35.1950807 ], [ 133.4334864, 35.1951792 ], [ 133.4333089, 35.1951792 ], [ 133.4332127, 35.19514 ], [ 133.4326089, 35.1947967 ], [ 133.4323478, 35.1946158 ], [ 133.4323203, 35.1945875 ], [ 133.4321566, 35.1944808 ], [ 133.4320256, 35.1944192 ], [ 133.4317656, 35.1942783 ], [ 133.4314492, 35.194165 ], [ 133.4312442, 35.1941142 ], [ 133.4309756, 35.1940583 ], [ 133.4304816, 35.193985 ], [ 133.4303517, 35.1939567 ], [ 133.4302066, 35.1939008 ], [ 133.4299606, 35.1937483 ], [ 133.4297817, 35.193675 ], [ 133.4295619, 35.1936075 ], [ 133.4291583, 35.1935175 ], [ 133.4284645, 35.1934775 ], [ 133.4281633, 35.1934775 ], [ 133.4277722, 35.1934667 ], [ 133.4273077, 35.1934576 ], [ 133.4271683, 35.193455 ], [ 133.4268462, 35.1934608 ], [ 133.4263647, 35.1935058 ], [ 133.4260147, 35.1935792 ], [ 133.4255211, 35.1937258 ], [ 133.4251922, 35.1938383 ], [ 133.4248756, 35.1939577 ], [ 133.4246172, 35.194055 ], [ 133.4242161, 35.1942367 ], [ 133.4239347, 35.1943933 ], [ 133.4237072, 35.1945125 ], [ 133.4235173, 35.1945483 ], [ 133.4234347, 35.1945542 ], [ 133.4231789, 35.1945158 ], [ 133.423065, 35.19443 ], [ 133.4229675, 35.1943133 ], [ 133.4229414, 35.1941933 ], [ 133.422955, 35.1940692 ], [ 133.4230239, 35.1939283 ], [ 133.4230989, 35.1938217 ], [ 133.42325, 35.1936867 ], [ 133.423394, 35.1935849 ], [ 133.4239425, 35.1932408 ], [ 133.4241961, 35.1930492 ], [ 133.4242861, 35.192965 ], [ 133.4244436, 35.1927958 ], [ 133.4246422, 35.1924692 ], [ 133.4247661, 35.1922386 ], [ 133.4248286, 35.1920469 ], [ 133.4248347, 35.1918611 ], [ 133.4247936, 35.1917428 ], [ 133.42476, 35.191692 ], [ 133.424719, 35.1916667 ], [ 133.4246775, 35.1916411 ], [ 133.4245425, 35.1915995 ], [ 133.4244025, 35.1915978 ], [ 133.4241489, 35.1916753 ], [ 133.4239976, 35.1917711 ], [ 133.4239088, 35.1918495 ], [ 133.4238264, 35.1919345 ], [ 133.423715, 35.1920978 ], [ 133.4235925, 35.1922953 ], [ 133.4234975, 35.1923733 ], [ 133.42338, 35.1924183 ], [ 133.4229965, 35.1924242 ], [ 133.4221864, 35.192435 ], [ 133.4220075, 35.1924633 ], [ 133.4218775, 35.1925258 ], [ 133.4218164, 35.1925992 ], [ 133.42172, 35.192745 ], [ 133.4215889, 35.1930325 ], [ 133.4215414, 35.1931675 ], [ 133.4214939, 35.1932583 ], [ 133.42139, 35.1934275 ], [ 133.42128, 35.1935283 ], [ 133.421185, 35.1936017 ], [ 133.4207664, 35.1938325 ], [ 133.4204992, 35.1939458 ], [ 133.4203617, 35.1940017 ], [ 133.4202442, 35.19403 ], [ 133.4200592, 35.1940242 ], [ 133.4196891, 35.1939625 ], [ 133.4192642, 35.1938833 ], [ 133.4190778, 35.1938833 ], [ 133.4188792, 35.1939175 ], [ 133.4187139, 35.1939626 ], [ 133.4185152, 35.1940192 ], [ 133.4181242, 35.1941092 ], [ 133.4177053, 35.1941933 ], [ 133.4173628, 35.1942383 ], [ 133.4171981, 35.1942383 ], [ 133.4169519, 35.19421 ], [ 133.4167536, 35.1941547 ], [ 133.4166981, 35.1941298 ], [ 133.4166378, 35.1940923 ], [ 133.4165753, 35.194046 ], [ 133.4164979, 35.1939498 ], [ 133.4164706, 35.1939175 ], [ 133.4164506, 35.1938442 ], [ 133.4164506, 35.19372 ], [ 133.4164781, 35.1936242 ], [ 133.4165377, 35.1935388 ], [ 133.4166243, 35.1934458 ], [ 133.4166758, 35.1934126 ], [ 133.4167795, 35.1933542 ], [ 133.4169444, 35.1933092 ], [ 133.4170269, 35.1932975 ], [ 133.4172531, 35.1932975 ], [ 133.4174506, 35.1933136 ], [ 133.4178228, 35.1933317 ], [ 133.4180353, 35.1933142 ], [ 133.4184267, 35.1933033 ], [ 133.4189203, 35.193365 ], [ 133.4193392, 35.193365 ], [ 133.4194692, 35.1933483 ], [ 133.4197027, 35.1932634 ], [ 133.4199153, 35.1931675 ], [ 133.4200867, 35.1930266 ], [ 133.4202717, 35.1927733 ], [ 133.4205128, 35.1925592 ], [ 133.4206628, 35.1923341 ], [ 133.4207668, 35.1922157 ], [ 133.4208767, 35.1921083 ], [ 133.4211642, 35.1919511 ], [ 133.4213703, 35.1918161 ], [ 133.4215278, 35.1916078 ], [ 133.4216303, 35.1913986 ], [ 133.4216653, 35.1912803 ], [ 133.4216653, 35.1911061 ], [ 133.4216303, 35.1910436 ], [ 133.4215967, 35.1909086 ], [ 133.4215967, 35.1907903 ], [ 133.4216653, 35.1905878 ], [ 133.4217542, 35.1904244 ], [ 133.4218441, 35.190362 ], [ 133.4219192, 35.1903169 ], [ 133.4221803, 35.1902328 ], [ 133.4224542, 35.1901311 ], [ 133.4225364, 35.1900695 ], [ 133.4226264, 35.1899395 ], [ 133.4226328, 35.1898211 ], [ 133.4226053, 35.1897086 ], [ 133.4223852, 35.1891788 ], [ 133.4223675, 35.1891104 ], [ 133.4223358, 35.1889059 ], [ 133.4223517, 35.1886322 ], [ 133.4223717, 35.1885422 ], [ 133.4224128, 35.1884131 ], [ 133.4226053, 35.1881422 ], [ 133.4227153, 35.1879281 ], [ 133.4227363, 35.187825 ], [ 133.4227275, 35.1877514 ], [ 133.4226878, 35.1876747 ], [ 133.4226432, 35.1876318 ], [ 133.4223667, 35.1874022 ], [ 133.4222628, 35.1872522 ], [ 133.4221453, 35.1869589 ], [ 133.4220978, 35.1868464 ], [ 133.4220492, 35.1867056 ], [ 133.4220017, 35.1866097 ], [ 133.4218892, 35.1863022 ], [ 133.4218576, 35.1862146 ], [ 133.4216928, 35.1857575 ], [ 133.4215831, 35.1855317 ], [ 133.4195803, 35.1833333 ], [ 133.4195008, 35.1832461 ], [ 133.418539, 35.182249 ] ] } },
{ "type": "Feature", "properties": { "N12_001": "31", "N12_002": 2, "N12_003": 3, "N12_004": "一般国道181号", "N12_005": 4, "N12_006": 1 }, "geometry": { "type": "LineString", "coordinates": [ [ 133.4087461, 35.3853698 ], [ 133.4088819, 35.3849754 ], [ 133.4090539, 35.3845414 ], [ 133.4095189, 35.3833984 ], [ 133.4096244, 35.3831386 ], [ 133.4098449, 35.3826369 ], [ 133.4101252, 35.3819371 ], [ 133.4104842, 35.3810711 ], [ 133.4106286, 35.3808119 ], [ 133.4107797, 35.3805753 ], [ 133.411055, 35.3802203 ], [ 133.4113089, 35.3799217 ], [ 133.4116733, 35.3793303 ], [ 133.4120792, 35.3788064 ], [ 133.4124506, 35.3783555 ], [ 133.4128622, 35.3779225 ], [ 133.4131707, 35.3774108 ], [ 133.4133789, 35.3770261 ], [ 133.4134817, 35.3767669 ], [ 133.4135266, 35.3766404 ], [ 133.4135409, 35.3761902 ], [ 133.413549, 35.3760006 ], [ 133.4136606, 35.3756118 ], [ 133.4138117, 35.3752288 ], [ 133.41392, 35.3750097 ], [ 133.4141277, 35.3746772 ], [ 133.4147713, 35.3739492 ], [ 133.415042, 35.3737707 ], [ 133.4153691, 35.3734376 ], [ 133.4154405, 35.3732383 ], [ 133.415384, 35.3729617 ], [ 133.4159632, 35.3726756 ], [ 133.4166667, 35.3720161 ], [ 133.4167912, 35.3718994 ], [ 133.4171742, 35.371533 ], [ 133.4174527, 35.3712611 ], [ 133.4184458, 35.3703217 ], [ 133.4195178, 35.3691881 ], [ 133.4200426, 35.3686651 ], [ 133.420237, 35.3684613 ], [ 133.4206467, 35.368032 ], [ 133.4211343, 35.3675502 ], [ 133.4220998, 35.3666667 ], [ 133.4231726, 35.3656851 ], [ 133.4242675, 35.3646758 ], [ 133.4250012, 35.3638181 ], [ 133.4252729, 35.3634952 ], [ 133.42581, 35.3628569 ], [ 133.4275189, 35.360952 ], [ 133.4280517, 35.3603611 ], [ 133.4286914, 35.3596517 ], [ 133.428932, 35.3593755 ], [ 133.429035, 35.3592628 ], [ 133.4293103, 35.3589361 ], [ 133.4296193, 35.3585422 ], [ 133.429778, 35.3583333 ], [ 133.4300733, 35.3579445 ], [ 133.4303817, 35.3574683 ], [ 133.4306328, 35.3569676 ], [ 133.4308108, 35.3566072 ], [ 133.4310392, 35.3561453 ], [ 133.431338, 35.3555436 ], [ 133.4314625, 35.3553189 ], [ 133.4316206, 35.3550092 ], [ 133.43171, 35.3547614 ], [ 133.4317444, 35.3545867 ], [ 133.4317375, 35.3540403 ], [ 133.4317103, 35.353663 ], [ 133.4316756, 35.353424 ], [ 133.431647, 35.3532292 ], [ 133.4316625, 35.3527311 ], [ 133.4317242, 35.3525358 ], [ 133.4318822, 35.3522205 ], [ 133.4322053, 35.351567 ], [ 133.4326592, 35.3506936 ], [ 133.4326393, 35.3505256 ], [ 133.432614, 35.35 ], [ 133.4325975, 35.3496572 ], [ 133.432673, 35.3491222 ], [ 133.4327283, 35.3488392 ], [ 133.4328106, 35.3484345 ], [ 133.4329756, 35.3480344 ], [ 133.4332164, 35.3475217 ], [ 133.4333333, 35.3472863 ], [ 133.4334569, 35.3470375 ], [ 133.433505, 35.3469361 ], [ 133.4336769, 35.3466036 ], [ 133.4338625, 35.3461811 ], [ 133.4342658, 35.3452916 ], [ 133.4344748, 35.3448177 ], [ 133.4345708, 35.3445417 ], [ 133.4349144, 35.3435939 ], [ 133.4350077, 35.3431053 ], [ 133.4352359, 35.3423865 ], [ 133.4353579, 35.3419982 ], [ 133.4354597, 35.3416741 ], [ 133.4355916, 35.3413545 ], [ 133.4360358, 35.3402036 ], [ 133.4360908, 35.3397756 ], [ 133.4361114, 35.3395783 ], [ 133.4361861, 35.3387966 ], [ 133.4362008, 35.3385472 ], [ 133.4362353, 35.3381298 ], [ 133.4363371, 35.3372176 ], [ 133.4364125, 35.3366995 ], [ 133.4365258, 35.33604 ], [ 133.4365961, 35.3358797 ], [ 133.4366956, 35.3355392 ], [ 133.4367525, 35.3352569 ], [ 133.4369161, 35.3346389 ], [ 133.4372078, 35.3339461 ], [ 133.4374014, 35.3333333 ], [ 133.4374814, 35.3330612 ], [ 133.4376201, 35.3326037 ], [ 133.4380303, 35.3312289 ], [ 133.4380919, 35.3310033 ], [ 133.4382455, 35.3306212 ], [ 133.4382853, 35.3305147 ], [ 133.4385452, 35.330029 ], [ 133.4387583, 35.3297133 ], [ 133.4390469, 35.3293022 ], [ 133.439665, 35.328412 ], [ 133.4400908, 35.3277867 ], [ 133.4406131, 35.3270431 ], [ 133.4407416, 35.3268537 ], [ 133.4409083, 35.3266992 ], [ 133.4410527, 35.3265979 ], [ 133.4413206, 35.3264289 ], [ 133.4417258, 35.3262092 ], [ 133.4422753, 35.3259161 ], [ 133.4425044, 35.3258122 ], [ 133.4427225, 35.3257256 ], [ 133.4429414, 35.3256234 ], [ 133.443175, 35.3255275 ], [ 133.4434635, 35.3254092 ], [ 133.4439306, 35.3252403 ], [ 133.4441365, 35.3251614 ], [ 133.4446064, 35.325 ], [ 133.4449672, 35.324876 ], [ 133.4457239, 35.3246239 ], [ 133.4462031, 35.3244145 ], [ 133.4467847, 35.3241383 ], [ 133.4475097, 35.3237233 ], [ 133.4484228, 35.3230995 ], [ 133.4488625, 35.3227839 ], [ 133.45, 35.3219537 ], [ 133.4502981, 35.3217361 ], [ 133.4507172, 35.321432 ], [ 133.4512253, 35.3210489 ], [ 133.4518914, 35.3205306 ], [ 133.4522553, 35.3202546 ], [ 133.4525372, 35.3200514 ], [ 133.4527822, 35.31988 ], [ 133.4531964, 35.3196075 ], [ 133.4535835, 35.3193899 ], [ 133.4538658, 35.3192378 ], [ 133.4542819, 35.3190375 ], [ 133.454985, 35.3186992 ], [ 133.4553803, 35.3185311 ], [ 133.456013, 35.3182545 ], [ 133.4566314, 35.3179445 ], [ 133.4568922, 35.3177194 ], [ 133.457206, 35.3174501 ], [ 133.4573598, 35.3173678 ], [ 133.4574866, 35.3173332 ], [ 133.4575928, 35.3173136 ], [ 133.457955, 35.3173047 ], [ 133.4580392, 35.3173025 ], [ 133.4582857, 35.3172759 ], [ 133.4584291, 35.3172309 ], [ 133.4585475, 35.3171447 ], [ 133.4586788, 35.3169972 ], [ 133.4588978, 35.3166375 ], [ 133.4589597, 35.3165025 ], [ 133.4591453, 35.3157642 ], [ 133.4592413, 35.3153028 ], [ 133.4592825, 35.3151447 ], [ 133.4594958, 35.3141419 ], [ 133.459585, 35.3137586 ], [ 133.45975, 35.3129533 ], [ 133.4599286, 35.3121025 ], [ 133.4600592, 35.311432 ], [ 133.4601139, 35.3112797 ], [ 133.4602378, 35.3110489 ], [ 133.4603614, 35.3109247 ], [ 133.4605742, 35.3108122 ], [ 133.4612956, 35.3106153 ], [ 133.4614192, 35.3105928 ], [ 133.4616322, 35.3105983 ], [ 133.4619575, 35.3106506 ], [ 133.4623244, 35.3107847 ], [ 133.4626214, 35.3108853 ], [ 133.4629236, 35.3109811 ], [ 133.4632189, 35.3110995 ], [ 133.46365, 35.3112472 ], [ 133.4638331, 35.3113339 ], [ 133.4640236, 35.3114453 ], [ 133.4642446, 35.3115998 ], [ 133.4644197, 35.3117111 ], [ 133.4646561, 35.3117606 ], [ 133.4649533, 35.3117606 ], [ 133.4651894, 35.3117545 ], [ 133.4654714, 35.311705 ], [ 133.4656545, 35.3116244 ], [ 133.4658219, 35.311507 ], [ 133.4659744, 35.3113278 ], [ 133.4661422, 35.3110495 ], [ 133.4662183, 35.3108953 ], [ 133.4663432, 35.3105357 ], [ 133.4663709, 35.3104561 ], [ 133.4664242, 35.3101964 ], [ 133.4664394, 35.309912 ], [ 133.4663936, 35.3095039 ], [ 133.4661728, 35.3085575 ], [ 133.4661201, 35.3083333 ], [ 133.4660508, 35.3080386 ], [ 133.4658069, 35.3075561 ], [ 133.464815, 35.30563 ], [ 133.4646256, 35.3052592 ], [ 133.4645692, 35.3050861 ], [ 133.4645875, 35.3048975 ], [ 133.4646811, 35.3046997 ], [ 133.4647619, 35.3046156 ], [ 133.4649067, 35.3045186 ], [ 133.4652931, 35.3043425 ], [ 133.4655542, 35.3042534 ], [ 133.4657335, 35.3041925 ], [ 133.4659875, 35.3041136 ], [ 133.4662895, 35.3040461 ], [ 133.4666447, 35.303997 ], [ 133.4670991, 35.303994 ], [ 133.4673817, 35.3040178 ], [ 133.4678075, 35.3039953 ], [ 133.4678831, 35.3039842 ], [ 133.4682923, 35.3039636 ], [ 133.4687998, 35.3039526 ], [ 133.4689236, 35.30392 ], [ 133.4690717, 35.3038545 ], [ 133.4692703, 35.3036825 ], [ 133.4699369, 35.30257 ], [ 133.4702806, 35.3019728 ], [ 133.4710465, 35.3007004 ], [ 133.4711236, 35.3005611 ], [ 133.4712861, 35.3003083 ], [ 133.4714691, 35.3 ], [ 133.4721952, 35.2987763 ], [ 133.4725177, 35.2982336 ], [ 133.4739613, 35.2958048 ], [ 133.4742056, 35.2953862 ], [ 133.4743005, 35.2952236 ], [ 133.4744847, 35.294908 ], [ 133.4747669, 35.2944215 ], [ 133.4749383, 35.2941474 ], [ 133.475, 35.294042 ], [ 133.4760236, 35.2922939 ], [ 133.4762638, 35.2919164 ], [ 133.47636, 35.2918097 ], [ 133.476528, 35.2916667 ], [ 133.4767189, 35.2915042 ], [ 133.4771372, 35.2911561 ], [ 133.4774881, 35.2908178 ], [ 133.4778428, 35.2903833 ], [ 133.4781633, 35.2900019 ], [ 133.478229, 35.2899435 ], [ 133.4782879, 35.2899031 ], [ 133.4783741, 35.2898656 ], [ 133.478436, 35.2898472 ], [ 133.4785376, 35.2898272 ], [ 133.4786968, 35.2898144 ], [ 133.4788847, 35.2898219 ], [ 133.4792004, 35.2899492 ], [ 133.4796228, 35.2901195 ], [ 133.4797394, 35.2901475 ], [ 133.480035, 35.290187 ], [ 133.4804608, 35.290187 ], [ 133.4808523, 35.2901647 ], [ 133.4810653, 35.2901422 ], [ 133.48134, 35.2901028 ], [ 133.4816627, 35.2900239 ], [ 133.4821436, 35.2898775 ], [ 133.4828442, 35.2895956 ], [ 133.4830865, 35.2894734 ], [ 133.4834142, 35.2893083 ], [ 133.4836342, 35.2891506 ], [ 133.4839019, 35.28888 ], [ 133.4840736, 35.2886997 ], [ 133.4842317, 35.2884747 ], [ 133.4845339, 35.288007 ], [ 133.4847264, 35.2876408 ], [ 133.4848156, 35.2874211 ], [ 133.4849325, 35.2870605 ], [ 133.4849524, 35.2869548 ], [ 133.4849639, 35.2868856 ], [ 133.4850147, 35.2865805 ], [ 133.4850497, 35.2865018 ], [ 133.4850942, 35.2860464 ], [ 133.4850661, 35.2855761 ], [ 133.4850561, 35.2854886 ], [ 133.4850081, 35.2851394 ], [ 133.4849736, 35.2849478 ], [ 133.4848775, 35.2844633 ], [ 133.4848294, 35.2842097 ], [ 133.4847881, 35.2840575 ], [ 133.4846491, 35.2833333 ], [ 133.4846303, 35.2832353 ], [ 133.4845614, 35.2829197 ], [ 133.4844997, 35.2826714 ], [ 133.4843211, 35.2817928 ], [ 133.4842317, 35.2814378 ], [ 133.4841081, 35.2809872 ], [ 133.4838264, 35.2800858 ], [ 133.4836678, 35.2797032 ], [ 133.4834239, 35.2793508 ], [ 133.4833333, 35.2792346 ], [ 133.4831022, 35.278932 ], [ 133.4830119, 35.2787936 ], [ 133.482865, 35.2786097 ], [ 133.4826149, 35.2782508 ], [ 133.4824691, 35.2780427 ], [ 133.482318, 35.2777363 ], [ 133.4822931, 35.2775728 ], [ 133.4823231, 35.2773603 ], [ 133.4823978, 35.2769983 ], [ 133.4823772, 35.2768744 ], [ 133.482295, 35.2767336 ], [ 133.4822261, 35.2766547 ], [ 133.4821025, 35.2765589 ], [ 133.4819789, 35.2765083 ], [ 133.4816628, 35.2764294 ], [ 133.4815657, 35.2764076 ], [ 133.4812369, 35.2763336 ], [ 133.4807016, 35.2762003 ], [ 133.4804119, 35.276137 ], [ 133.4801278, 35.2760467 ], [ 133.4799383, 35.2759516 ], [ 133.4797375, 35.2757889 ], [ 133.4795817, 35.275622 ], [ 133.4794644, 35.2754636 ], [ 133.4793011, 35.2750864 ], [ 133.4792843, 35.275 ], [ 133.479275, 35.2749525 ], [ 133.4792589, 35.2748014 ], [ 133.4793069, 35.2746717 ], [ 133.4794169, 35.274497 ], [ 133.4799528, 35.2737589 ], [ 133.4800041, 35.2736667 ], [ 133.4800625, 35.2735617 ], [ 133.48009, 35.2734828 ], [ 133.48009, 35.273145 ], [ 133.4800419, 35.2729986 ], [ 133.4799664, 35.2728803 ], [ 133.4798567, 35.2727564 ], [ 133.4797192, 35.2725872 ], [ 133.4794031, 35.2723 ], [ 133.478881, 35.271945 ], [ 133.4785583, 35.2717589 ], [ 133.4780403, 35.2714913 ], [ 133.4774183, 35.2712236 ], [ 133.4770784, 35.2710288 ], [ 133.4763672, 35.2705647 ], [ 133.4760239, 35.270328 ], [ 133.4758108, 35.2701533 ], [ 133.4756528, 35.2699675 ], [ 133.4755292, 35.2696914 ], [ 133.4754742, 35.2694997 ], [ 133.4754536, 35.2693647 ], [ 133.4754606, 35.2691844 ], [ 133.4755431, 35.2688858 ], [ 133.4756733, 35.2685761 ], [ 133.4757628, 35.2684239 ], [ 133.4758864, 35.2682325 ], [ 133.4761542, 35.2678886 ], [ 133.4763877, 35.2675747 ], [ 133.4765939, 35.2672969 ], [ 133.4766894, 35.26714 ], [ 133.4767725, 35.2670322 ], [ 133.4770243, 35.2666951 ], [ 133.4771421, 35.2665177 ], [ 133.477288, 35.2662727 ], [ 133.4773481, 35.2661467 ], [ 133.4773975, 35.2659895 ], [ 133.4774922, 35.2655417 ], [ 133.4775162, 35.2653631 ], [ 133.4775172, 35.2651483 ], [ 133.4774957, 35.2649314 ], [ 133.4774697, 35.2647501 ], [ 133.4774318, 35.2645674 ], [ 133.4773903, 35.2644053 ], [ 133.4773426, 35.2642756 ], [ 133.4772921, 35.2641798 ], [ 133.4772258, 35.2640633 ], [ 133.4771297, 35.263917 ], [ 133.4769786, 35.2637197 ], [ 133.4766786, 35.2634079 ], [ 133.4765322, 35.2632633 ], [ 133.4764166, 35.2631683 ], [ 133.4762886, 35.263071 ], [ 133.4761011, 35.2629516 ], [ 133.4759335, 35.2628618 ], [ 133.4757632, 35.2627789 ], [ 133.4753372, 35.2625986 ], [ 133.4750486, 35.2625197 ], [ 133.4749461, 35.2624995 ], [ 133.4747053, 35.262452 ], [ 133.4742655, 35.2624014 ], [ 133.4740525, 35.26239 ], [ 133.4739839, 35.2623789 ], [ 133.4731458, 35.2623395 ], [ 133.4723766, 35.2623167 ], [ 133.4710578, 35.2622547 ], [ 133.4709136, 35.2622378 ], [ 133.4695238, 35.2621386 ], [ 133.4690514, 35.2620906 ], [ 133.4683553, 35.26199 ], [ 133.4678447, 35.2619147 ], [ 133.4674785, 35.261851 ], [ 133.4672464, 35.2618073 ], [ 133.4669809, 35.2617543 ], [ 133.4667647, 35.2617083 ], [ 133.4666495, 35.2616812 ], [ 133.4665293, 35.261653 ], [ 133.4663733, 35.2616069 ], [ 133.4661956, 35.2615424 ], [ 133.4660025, 35.2614603 ], [ 133.4658426, 35.2613815 ], [ 133.4656891, 35.2613033 ], [ 133.4655795, 35.2612439 ], [ 133.4654652, 35.2611754 ], [ 133.4653525, 35.261096 ], [ 133.4652625, 35.2610257 ], [ 133.465161, 35.2609336 ], [ 133.4650581, 35.2608256 ], [ 133.4648503, 35.2605656 ], [ 133.4642964, 35.2598211 ], [ 133.4639589, 35.2594981 ], [ 133.4632925, 35.2588942 ], [ 133.4628078, 35.2584517 ], [ 133.4626604, 35.2583333 ], [ 133.4623211, 35.2580608 ], [ 133.4611047, 35.2572297 ], [ 133.4592856, 35.2559867 ], [ 133.4584539, 35.2554094 ], [ 133.4583333, 35.2553107 ], [ 133.4581586, 35.2551675 ], [ 133.4576643, 35.2547395 ], [ 133.4559019, 35.2531618 ], [ 133.4553644, 35.2527149 ], [ 133.4551225, 35.2525156 ], [ 133.454982, 35.2524003 ], [ 133.4549373, 35.2523636 ], [ 133.4546451, 35.2521238 ], [ 133.4534842, 35.2511712 ], [ 133.4532504, 35.2509798 ], [ 133.4530724, 35.2508327 ], [ 133.4528958, 35.2506878 ], [ 133.4526988, 35.2504932 ], [ 133.4525858, 35.2503497 ], [ 133.4524019, 35.2500686 ], [ 133.4523657, 35.25 ], [ 133.4521486, 35.2495895 ], [ 133.4518046, 35.2488861 ], [ 133.4515787, 35.2484233 ], [ 133.4514822, 35.2482147 ], [ 133.4513522, 35.2479497 ], [ 133.4509397, 35.2472514 ], [ 133.4507748, 35.2469757 ], [ 133.4504736, 35.2465417 ], [ 133.4504322, 35.2464683 ], [ 133.4502472, 35.246215 ], [ 133.45, 35.2459206 ], [ 133.4498982, 35.2457961 ], [ 133.4496164, 35.2454825 ], [ 133.4492664, 35.245155 ], [ 133.4488889, 35.2448683 ], [ 133.4486765, 35.2447276 ], [ 133.44847, 35.2445692 ], [ 133.448045, 35.2442595 ], [ 133.4475939, 35.2439637 ], [ 133.4472278, 35.2437578 ], [ 133.4468992, 35.2435778 ], [ 133.4466317, 35.243482 ], [ 133.4464117, 35.2434086 ], [ 133.4460617, 35.2433244 ], [ 133.4456092, 35.2432619 ], [ 133.4450135, 35.2431697 ], [ 133.4446966, 35.243121 ], [ 133.4438796, 35.2429978 ], [ 133.4436194, 35.2429636 ], [ 133.4432619, 35.242902 ], [ 133.4430156, 35.242862 ], [ 133.4416846, 35.2426486 ], [ 133.4416566, 35.2426445 ], [ 133.4414097, 35.2426086 ], [ 133.4412859, 35.2425745 ], [ 133.4411358, 35.2425245 ], [ 133.4409847, 35.2424453 ], [ 133.4407233, 35.2422595 ], [ 133.4405454, 35.2420679 ], [ 133.4404497, 35.2419044 ], [ 133.4404147, 35.2417745 ], [ 133.4404122, 35.241732 ], [ 133.4404061, 35.2416667 ], [ 133.4403247, 35.2408078 ], [ 133.4403022, 35.2405861 ], [ 133.4402747, 35.2403222 ], [ 133.4401811, 35.2395772 ], [ 133.4401411, 35.2393581 ], [ 133.4401, 35.2390706 ], [ 133.4400175, 35.2387489 ], [ 133.4399174, 35.2383537 ], [ 133.4396736, 35.2375133 ], [ 133.439615, 35.2373792 ], [ 133.4395452, 35.2371911 ], [ 133.4395052, 35.2370574 ], [ 133.4394825, 35.236935 ], [ 133.4393511, 35.2364049 ], [ 133.4393514, 35.2362083 ], [ 133.4393899, 35.2360128 ], [ 133.4394203, 35.23587 ] ] } },
{ "type": "Feature", "properties": { "N12_001": "31", "N12_002": 2, "N12_003": 3, "N12_004": "一般国道181号", "N12_005": 4, "N12_006": 2 }, "geometry": { "type": "LineString", "coordinates": [ [ 133.352702, 35.416475 ], [ 133.3530043, 35.4156285 ], [ 133.3530972, 35.4153683 ], [ 133.3532365, 35.4149781 ], [ 133.3533326, 35.4147096 ], [ 133.3534289, 35.41449 ], [ 133.3534975, 35.4143772 ], [ 133.353642, 35.4141916 ], [ 133.3538275, 35.4140056 ], [ 133.3545839, 35.4133125 ], [ 133.3548039, 35.4131547 ], [ 133.3558972, 35.4124956 ], [ 133.3564472, 35.4121236 ], [ 133.3569912, 35.4117528 ], [ 133.3573155, 35.4115316 ], [ 133.3583942, 35.4107955 ], [ 133.3593188, 35.4101888 ], [ 133.3603114, 35.409645 ], [ 133.360725, 35.4094479 ], [ 133.3610775, 35.4092774 ], [ 133.3613839, 35.4091325 ], [ 133.3616463, 35.4089797 ], [ 133.3618997, 35.4088225 ], [ 133.3626123, 35.4083333 ], [ 133.362918, 35.4081235 ], [ 133.3637368, 35.4075522 ], [ 133.3645947, 35.4069692 ], [ 133.3649181, 35.4067267 ], [ 133.3651016, 35.4065461 ], [ 133.3651948, 35.40644 ], [ 133.365404, 35.4061723 ], [ 133.3656056, 35.406 ], [ 133.3659193, 35.4057869 ], [ 133.3666667, 35.4052795 ], [ 133.3676166, 35.4046345 ], [ 133.3682781, 35.4041883 ], [ 133.3694424, 35.4033974 ], [ 133.3701367, 35.4029578 ], [ 133.3703291, 35.4028509 ], [ 133.3713055, 35.4022142 ], [ 133.3719166, 35.4018935 ], [ 133.3720987, 35.4018036 ], [ 133.3724213, 35.4016364 ], [ 133.3738544, 35.4008719 ], [ 133.3744964, 35.4005213 ], [ 133.375, 35.4002464 ], [ 133.3754225, 35.4000293 ], [ 133.3756016, 35.3999182 ], [ 133.3780395, 35.3985967 ], [ 133.3785157, 35.3983003 ], [ 133.3788863, 35.3980751 ], [ 133.3790776, 35.3979766 ], [ 133.3797659, 35.3973027 ], [ 133.3805153, 35.3964489 ], [ 133.3810611, 35.3957286 ], [ 133.3814114, 35.395075 ], [ 133.3817942, 35.3942012 ], [ 133.3821607, 35.3931874 ], [ 133.3823888, 35.3924204 ], [ 133.3827146, 35.3914667 ], [ 133.3829183, 35.3908197 ], [ 133.3830812, 35.389986 ], [ 133.3832033, 35.3894991 ], [ 133.3834233, 35.3886053 ], [ 133.3836432, 35.3880518 ], [ 133.3839445, 35.3873781 ], [ 133.3844495, 35.3865577 ], [ 133.3850848, 35.3857774 ], [ 133.3856468, 35.3852038 ], [ 133.3861192, 35.3846569 ], [ 133.387015, 35.3833096 ], [ 133.3873978, 35.3826359 ], [ 133.3876503, 35.381969 ], [ 133.3880331, 35.381242 ], [ 133.3884647, 35.3807684 ], [ 133.3894909, 35.3799547 ], [ 133.390061, 35.3794812 ], [ 133.3908591, 35.3790276 ], [ 133.3917631, 35.3785407 ], [ 133.3924471, 35.3782473 ], [ 133.3932697, 35.3778337 ], [ 133.3939701, 35.3774736 ], [ 133.3948496, 35.3771401 ], [ 133.3961444, 35.3766398 ], [ 133.3973008, 35.3763731 ], [ 133.3980256, 35.376293 ], [ 133.3994833, 35.3763931 ], [ 133.4005176, 35.3765265 ], [ 133.401166, 35.3766388 ], [ 133.4026121, 35.3767403 ], [ 133.4040833, 35.3766677 ], [ 133.4062153, 35.3761918 ], [ 133.4072242, 35.3757635 ], [ 133.4094228, 35.3746594 ], [ 133.4110313, 35.3739456 ], [ 133.4119831, 35.3736506 ], [ 133.4141342, 35.3732698 ], [ 133.415384, 35.3729617 ] ] } },
{ "type": "Feature", "properties": { "N12_001": "31", "N12_002": 2, "N12_003": 3, "N12_004": "一般国道183号", "N12_005": 5, "N12_006": 1 }, "geometry": { "type": "LineString", "coordinates": [ [ 133.2932509, 35.1595594 ], [ 133.293376, 35.159323 ], [ 133.29361, 35.159166 ], [ 133.294073, 35.159019 ], [ 133.294491, 35.159001 ], [ 133.295979, 35.159046 ], [ 133.29776, 35.159148 ], [ 133.299403, 35.159289 ], [ 133.3004, 35.159415 ], [ 133.303079, 35.15989 ], [ 133.303863, 35.160065 ], [ 133.305358, 35.160476 ], [ 133.306535, 35.160942 ], [ 133.307773, 35.161567 ], [ 133.308723, 35.162194 ], [ 133.309812, 35.163084 ], [ 133.311486, 35.164518 ], [ 133.313087, 35.165961 ], [ 133.314504, 35.167358 ], [ 133.31613, 35.168979 ], [ 133.3169774, 35.1696896 ], [ 133.317177, 35.169857 ], [ 133.317898, 35.170422 ], [ 133.318706, 35.171 ], [ 133.319507, 35.171524 ], [ 133.320374, 35.172039 ], [ 133.321532, 35.172656 ], [ 133.322901, 35.17329 ], [ 133.325024, 35.174234 ], [ 133.3255, 35.174524 ], [ 133.326058, 35.174962 ], [ 133.326636, 35.175537 ], [ 133.326937, 35.175931 ], [ 133.327229, 35.176455 ], [ 133.327553, 35.177024 ], [ 133.32911, 35.179745 ], [ 133.329915, 35.18117 ], [ 133.329981, 35.181455 ], [ 133.329953, 35.181774 ], [ 133.32986, 35.182074 ], [ 133.329674, 35.182379 ], [ 133.329359, 35.182664 ], [ 133.329016, 35.1828012 ], [ 133.3290047, 35.1831583 ], [ 133.3289677, 35.1833333 ], [ 133.3289308, 35.1835078 ], [ 133.32887, 35.183633 ], [ 133.3286309, 35.1838816 ], [ 133.3281609, 35.1843364 ], [ 133.3278754, 35.1846101 ], [ 133.327684, 35.1847804 ], [ 133.3273011, 35.1851684 ] ] } },
{ "type": "Feature", "properties": { "N12_001": "31", "N12_002": 2, "N12_003": 3, "N12_004": "一般国道313号", "N12_005": 6, "N12_006": 1 }, "geometry": { "type": "LineString", "coordinates": [ [ 133.8082197, 35.4468726 ], [ 133.8096869, 35.4464972 ], [ 133.8101239, 35.4463945 ], [ 133.8103334, 35.4463369 ], [ 133.8106584, 35.4462344 ], [ 133.8107637, 35.4461914 ], [ 133.8113139, 35.4459858 ], [ 133.8114298, 35.4459295 ], [ 133.8116725, 35.4457576 ], [ 133.8120022, 35.4455143 ], [ 133.8121011, 35.4454306 ], [ 133.8123338, 35.4452024 ], [ 133.8124228, 35.4451077 ], [ 133.8127565, 35.4447156 ], [ 133.812821, 35.4446215 ], [ 133.812869, 35.4445295 ], [ 133.8129298, 35.4444017 ], [ 133.8130249, 35.4441474 ], [ 133.8130676, 35.443989 ], [ 133.813119, 35.4437148 ], [ 133.8131434, 35.4434461 ], [ 133.8131411, 35.4431178 ], [ 133.813136, 35.4429196 ], [ 133.8131174, 35.4426741 ], [ 133.8130965, 35.4425254 ], [ 133.8130558, 35.4423113 ], [ 133.8129333, 35.4416667 ], [ 133.8129071, 35.4415292 ], [ 133.8127534, 35.4406377 ], [ 133.812738, 35.440548 ], [ 133.8127108, 35.4403908 ], [ 133.8126637, 35.440163 ], [ 133.8126195, 35.4398888 ], [ 133.8125449, 35.4394779 ], [ 133.8124687, 35.439081 ], [ 133.8124631, 35.4389831 ], [ 133.8124533, 35.4386472 ], [ 133.8124758, 35.4383986 ], [ 133.8124958, 35.4382828 ], [ 133.812511, 35.438226 ], [ 133.8125592, 35.4380461 ], [ 133.8125647, 35.4380253 ], [ 133.8126258, 35.4378828 ], [ 133.8126472, 35.437832 ], [ 133.8127671, 35.4376116 ], [ 133.8128344, 35.4374979 ], [ 133.8129133, 35.4373614 ], [ 133.8130833, 35.4371817 ], [ 133.8132397, 35.4370539 ], [ 133.8133305, 35.4369796 ], [ 133.8134314, 35.4368971 ], [ 133.8135272, 35.4368205 ], [ 133.814783, 35.4359331 ], [ 133.8148001, 35.4359089 ], [ 133.8149881, 35.4358225 ], [ 133.8152005, 35.4357683 ], [ 133.8153119, 35.4357399 ] ] } },
{ "type": "Feature", "properties": { "N12_001": "31", "N12_002": 2, "N12_003": 3, "N12_004": "一般国道178号", "N12_005": 7, "N12_006": 1 }, "geometry": { "type": "LineString", "coordinates": [ [ 134.3155012, 35.5729854 ], [ 134.3157012, 35.5729841 ], [ 134.3169242, 35.5729706 ], [ 134.3181044, 35.5731038 ], [ 134.3188468, 35.5732371 ], [ 134.3205452, 35.5736225 ], [ 134.3215498, 35.5739129 ], [ 134.3225778, 35.5743031 ], [ 134.3244718, 35.5752454 ], [ 134.3254838, 35.5759257 ], [ 134.3259471, 35.5762352 ], [ 134.3265182, 35.5767682 ], [ 134.3276984, 35.5779008 ], [ 134.3295985, 35.5798458 ], [ 134.3303709, 35.5804987 ], [ 134.3313544, 35.581135 ], [ 134.3326306, 35.5820188 ] ] } },
{ "type": "Feature", "properties": { "N12_001": "31", "N12_002": 2, "N12_003": 6, "N12_004": "鳥取県道　若葉台東町線", "N12_005": 8, "N12_006": 1 }, "geometry": { "type": "LineString", "coordinates": [ [ 134.2559736, 35.4423609 ], [ 134.2557261, 35.4424004 ], [ 134.2556376, 35.4424607 ], [ 134.25563, 35.4425106 ], [ 134.2556272, 35.4431411 ], [ 134.2555953, 35.4438013 ], [ 134.2555814, 35.4448325 ], [ 134.2555475, 35.44519 ], [ 134.2554981, 35.4454658 ], [ 134.2554336, 35.445693 ], [ 134.2553683, 35.4458922 ], [ 134.2552604, 35.4461821 ], [ 134.2551217, 35.4464864 ], [ 134.2549083, 35.4468961 ], [ 134.2547281, 35.4471603 ], [ 134.2545615, 35.4473849 ], [ 134.2544008, 35.4476417 ], [ 134.2541531, 35.4481095 ], [ 134.2538731, 35.4485938 ], [ 134.2534636, 35.449159 ] ] } },
{ "type": "Feature", "properties": { "N12_001": "31", "N12_002": 2, "N12_003": 4, "N12_004": "岡山県道・鳥取県道　新見日南線", "N12_005": 9, "N12_006": 1 }, "geometry": { "type": "LineString", "coordinates": [ [ 133.2932509, 35.1595594 ], [ 133.2949343, 35.1596939 ], [ 133.2961624, 35.1598541 ], [ 133.2966609, 35.1599668 ], [ 133.29773, 35.1602516 ], [ 133.2988498, 35.160566 ], [ 133.2993916, 35.1606668 ], [ 133.3001285, 35.1608152 ], [ 133.3009809, 35.1610525 ], [ 133.3030904, 35.1616339 ], [ 133.3034083, 35.1617407 ], [ 133.3035888, 35.161883 ], [ 133.3052788, 35.1639517 ] ] } },
{ "type": "Feature", "properties": { "N12_001": "31", "N12_002": 2, "N12_003": 4, "N12_004": "鳥取県道　倉吉江府溝口線", "N12_005": 10, "N12_006": 1 }, "geometry": { "type": "LineString", "coordinates": [ [ 133.4326592, 35.3506936 ], [ 133.4324739, 35.3506584 ], [ 133.4324186, 35.3506542 ], [ 133.4322939, 35.3506542 ], [ 133.4322014, 35.3506707 ], [ 133.4321264, 35.3506932 ], [ 133.4320759, 35.3507218 ], [ 133.4319864, 35.3508076 ], [ 133.4318865, 35.3509568 ], [ 133.4316341, 35.3513756 ], [ 133.4314591, 35.3517332 ], [ 133.4313816, 35.3519171 ], [ 133.4313217, 35.3520783 ], [ 133.4313014, 35.3524428 ], [ 133.4313322, 35.3526697 ], [ 133.4313664, 35.3528458 ], [ 133.4314353, 35.3530486 ], [ 133.4315592, 35.3532345 ], [ 133.4317517, 35.3534205 ], [ 133.4320332, 35.3535949 ], [ 133.4324319, 35.3537586 ], [ 133.4326728, 35.3538317 ], [ 133.4327828, 35.3538542 ], [ 133.4330303, 35.3538769 ], [ 133.4333333, 35.3538734 ], [ 133.4335322, 35.3538711 ], [ 133.4337456, 35.3538375 ], [ 133.4341072, 35.353762 ], [ 133.4343163, 35.3537106 ], [ 133.4347309, 35.3536074 ], [ 133.4351078, 35.3535211 ], [ 133.4353739, 35.3534781 ], [ 133.4356354, 35.3534678 ], [ 133.4361655, 35.3534834 ], [ 133.4362942, 35.3535057 ], [ 133.4365387, 35.353579 ], [ 133.4368189, 35.3537697 ], [ 133.4371964, 35.3540358 ], [ 133.4373691, 35.3542036 ], [ 133.4374898, 35.3543218 ], [ 133.4378847, 35.3547388 ], [ 133.4381675, 35.3550836 ], [ 133.4386825, 35.3557528 ], [ 133.4388747, 35.3559614 ], [ 133.4391222, 35.3561697 ], [ 133.4396791, 35.3565133 ], [ 133.4399061, 35.3566092 ], [ 133.4400231, 35.3566545 ], [ 133.4403464, 35.3567389 ], [ 133.4406833, 35.3568008 ], [ 133.4413913, 35.3568853 ], [ 133.4416657, 35.3569307 ], [ 133.4420036, 35.3569867 ], [ 133.4424572, 35.3570825 ], [ 133.44276, 35.3571669 ], [ 133.4429524, 35.3572402 ], [ 133.4433514, 35.3574319 ], [ 133.4435575, 35.3575278 ], [ 133.4437263, 35.3575891 ], [ 133.4438976, 35.357635 ], [ 133.4442503, 35.3576645 ], [ 133.4447886, 35.3576686 ], [ 133.4450428, 35.3576178 ], [ 133.4455036, 35.3574656 ], [ 133.445875, 35.3572853 ], [ 133.4463608, 35.3570297 ], [ 133.4468033, 35.3569417 ], [ 133.4472089, 35.3568908 ], [ 133.4475525, 35.3568967 ], [ 133.4477039, 35.3569247 ], [ 133.4478894, 35.3569867 ], [ 133.4480889, 35.357077 ], [ 133.4482883, 35.3572008 ], [ 133.4484397, 35.3573192 ], [ 133.4486528, 35.3575278 ], [ 133.4488255, 35.3577272 ], [ 133.4489553, 35.357877 ], [ 133.4491411, 35.3580631 ], [ 133.4492992, 35.358187 ], [ 133.4495696, 35.3583333 ], [ 133.4497324, 35.3583842 ], [ 133.45, 35.3584586 ], [ 133.4500969, 35.3584856 ], [ 133.4508853, 35.3586793 ], [ 133.4516273, 35.3588617 ], [ 133.4517326, 35.3588886 ] ] } },
{ "type": "Feature", "properties": { "N12_001": "31", "N12_002": 2, "N12_003": 4, "N12_004": "鳥取県道　倉吉福本線", "N12_005": 11, "N12_006": 1 }, "geometry": { "type": "LineString", "coordinates": [ [ 133.8213168, 35.4311726 ], [ 133.8215642, 35.4311569 ], [ 133.8217789, 35.4311349 ], [ 133.822279, 35.4311022 ], [ 133.8236133, 35.4309839 ], [ 133.8244185, 35.4309164 ], [ 133.8247563, 35.4308825 ], [ 133.82503, 35.4308607 ], [ 133.8256647, 35.4308092 ], [ 133.8258511, 35.4308033 ], [ 133.8261891, 35.4307641 ], [ 133.8267322, 35.4306908 ], [ 133.8269796, 35.4306625 ], [ 133.8270836, 35.4306458 ], [ 133.8272072, 35.43064 ], [ 133.8279159, 35.4305383 ], [ 133.8281433, 35.4305275 ], [ 133.8282323, 35.4305384 ], [ 133.8286733, 35.4305725 ], [ 133.8292554, 35.4305666 ], [ 133.8298242, 35.4305619 ], [ 133.830057, 35.4305725 ], [ 133.8306755, 35.4305892 ], [ 133.8311992, 35.4306175 ], [ 133.8314856, 35.4309641 ], [ 133.8337983, 35.432779 ], [ 133.8365759, 35.4349368 ] ] } },
{ "type": "Feature", "properties": { "N12_001": "31", "N12_002": 2, "N12_003": 6, "N12_004": "鳥取県道　鳥取港湖山停車場線", "N12_005": 12, "N12_006": 1 }, "geometry": { "type": "LineString", "coordinates": [ [ 134.1922734, 35.5201086 ], [ 134.1921107, 35.5170601 ] ] } },
{ "type": "Feature", "properties": { "N12_001": "31", "N12_002": 2, "N12_003": 4, "N12_004": "鳥取県道　鳥取鹿野倉吉線", "N12_005": 13, "N12_006": 1 }, "geometry": { "type": "LineString", "coordinates": [ [ 134.2021207, 35.4985152 ], [ 134.2018302, 35.4985499 ], [ 134.2013664, 35.4985467 ], [ 134.2007771, 35.498517 ], [ 134.2004917, 35.4984811 ], [ 134.2001474, 35.4984223 ], [ 134.2000482, 35.4983971 ], [ 134.1999018, 35.49836 ], [ 134.1993611, 35.4982227 ], [ 134.1987278, 35.4980578 ], [ 134.1984735, 35.4979979 ], [ 134.1979186, 35.4978728 ], [ 134.1970478, 35.497734 ], [ 134.196654, 35.4976965 ], [ 134.1960745, 35.4977222 ], [ 134.1955516, 35.4977591 ], [ 134.1953948, 35.4977704 ], [ 134.1946708, 35.4978222 ], [ 134.1928233, 35.4979545 ], [ 134.1924444, 35.4979964 ], [ 134.191912, 35.4980917 ], [ 134.1916667, 35.4981385 ], [ 134.1915989, 35.4981514 ], [ 134.1912125, 35.4982408 ], [ 134.1903284, 35.4984037 ], [ 134.1901519, 35.4984386 ], [ 134.190051, 35.4984653 ], [ 134.1899275, 35.4985029 ], [ 134.1897558, 35.4985581 ], [ 134.1894891, 35.4986696 ], [ 134.1884935, 35.499052 ], [ 134.1883331, 35.4991295 ], [ 134.1875746, 35.4995729 ], [ 134.18723, 35.4997698 ], [ 134.1868336, 35.5 ], [ 134.1864525, 35.5002208 ], [ 134.1853836, 35.5008503 ], [ 134.184957, 35.5010642 ], [ 134.1848043, 35.5011271 ], [ 134.1845904, 35.5012015 ], [ 134.18438, 35.5012681 ], [ 134.1840958, 35.5013292 ], [ 134.1837917, 35.5013717 ], [ 134.1833908, 35.5013956 ], [ 134.1833333, 35.5013958 ], [ 134.1828365, 35.5013983 ], [ 134.182272, 35.5013889 ], [ 134.1820896, 35.5013858 ], [ 134.1817802, 35.5013806 ], [ 134.1803783, 35.5013725 ], [ 134.1803041, 35.5013719 ], [ 134.1802103, 35.5013714 ], [ 134.1784903, 35.5013617 ], [ 134.1782185, 35.5013594 ], [ 134.1778999, 35.5013556 ], [ 134.1764578, 35.5013443 ], [ 134.1749609, 35.5013859 ], [ 134.1746569, 35.5013943 ], [ 134.1742887, 35.5013904 ], [ 134.1740581, 35.5013778 ], [ 134.1738239, 35.5013497 ], [ 134.1732175, 35.5012257 ], [ 134.172887, 35.5011558 ], [ 134.1719722, 35.500962 ], [ 134.1717355, 35.5009125 ], [ 134.1710153, 35.5007636 ], [ 134.1677925, 35.5002038 ], [ 134.167684, 35.5001827 ], [ 134.1674767, 35.5001381 ], [ 134.1671911, 35.5000547 ], [ 134.166962, 35.4999629 ], [ 134.1668364, 35.4999014 ], [ 134.1666667, 35.4998031 ], [ 134.1665544, 35.4997381 ], [ 134.1662172, 35.4994798 ], [ 134.1661475, 35.499417 ], [ 134.1659749, 35.4991884 ], [ 134.1658195, 35.4989754 ], [ 134.1653891, 35.4982694 ], [ 134.165245, 35.498099 ], [ 134.1651725, 35.4980455 ], [ 134.1650373, 35.4979891 ], [ 134.1648166, 35.4978876 ], [ 134.1643422, 35.497741 ], [ 134.1640415, 35.4976621 ], [ 134.1636425, 35.4975742 ], [ 134.1632911, 35.4975403 ], [ 134.1621278, 35.4974558 ], [ 134.161873, 35.4974503 ], [ 134.1617353, 35.4974389 ], [ 134.1612606, 35.4974333 ], [ 134.1609025, 35.4974333 ], [ 134.1607369, 35.4974423 ], [ 134.1605994, 35.4974672 ], [ 134.1601587, 35.4975856 ], [ 134.1592364, 35.4978556 ], [ 134.1587681, 35.4979572 ], [ 134.1585136, 35.4979908 ], [ 134.1583459, 35.4979882 ], [ 134.1581694, 35.4979853 ], [ 134.1571231, 35.4978839 ], [ 134.1562969, 35.4977711 ], [ 134.1557942, 35.4976642 ], [ 134.1555536, 35.4975908 ], [ 134.1554019, 35.4975175 ], [ 134.1549409, 35.4972076 ], [ 134.1544799, 35.4968807 ], [ 134.1541631, 35.4966722 ], [ 134.1539773, 35.4965711 ], [ 134.1537222, 35.4964697 ], [ 134.1533367, 35.4963625 ], [ 134.1527792, 35.4962386 ], [ 134.1522572, 35.4961416 ], [ 134.1517466, 35.4960469 ], [ 134.1514989, 35.4960186 ], [ 134.1513746, 35.49603 ], [ 134.1512167, 35.4960919 ], [ 134.1511131, 35.4961764 ], [ 134.1509961, 35.4963228 ], [ 134.1507414, 35.4967231 ], [ 134.1506383, 35.496847 ], [ 134.1505144, 35.4969428 ], [ 134.1504039, 35.4969878 ], [ 134.15, 35.497076 ], [ 134.1498879, 35.4971005 ], [ 134.1491925, 35.4972358 ], [ 134.1490062, 35.4973153 ], [ 134.1488442, 35.4974347 ], [ 134.1487422, 35.4975641 ], [ 134.1484767, 35.4979006 ], [ 134.1483872, 35.498002 ], [ 134.148222, 35.4981258 ], [ 134.1480222, 35.4982331 ], [ 134.1477331, 35.4983344 ], [ 134.1476575, 35.4983514 ], [ 134.1475197, 35.4983681 ], [ 134.147265, 35.4983681 ], [ 134.1468794, 35.4983289 ], [ 134.1465005, 35.4982667 ], [ 134.1461564, 35.4981881 ], [ 134.1455029, 35.4980359 ], [ 134.1452547, 35.4979681 ], [ 134.1449933, 35.4978778 ], [ 134.1443185, 35.497568 ], [ 134.1439811, 35.4973819 ], [ 134.1437686, 35.4972511 ], [ 134.1435061, 35.4970892 ], [ 134.1433619, 35.4970156 ], [ 134.1431417, 35.4969256 ], [ 134.142928, 35.4968747 ], [ 134.1422221, 35.4967319 ], [ 134.1418447, 35.4966675 ], [ 134.1417575, 35.4966383 ], [ 134.1416061, 35.4965031 ], [ 134.1414895, 35.4963453 ], [ 134.1410828, 35.4957367 ], [ 134.1409244, 35.4955395 ], [ 134.1408353, 35.495472 ], [ 134.1407253, 35.4954211 ], [ 134.1405875, 35.4953703 ], [ 134.1403394, 35.4953367 ], [ 134.1396797, 35.4953164 ], [ 134.1392519, 35.4953253 ], [ 134.1390417, 35.4953354 ], [ 134.1387836, 35.4953478 ], [ 134.1381708, 35.4954097 ], [ 134.1374692, 35.495517 ], [ 134.1367736, 35.4956464 ], [ 134.1351599, 35.4960116 ], [ 134.1345801, 35.4961416 ], [ 134.1341435, 35.4962381 ], [ 134.1334571, 35.4963838 ], [ 134.133077, 35.4964239 ], [ 134.1327464, 35.4964353 ], [ 134.1323818, 35.4964183 ], [ 134.1311218, 35.4962886 ], [ 134.1310322, 35.4962803 ], [ 134.1305984, 35.4962407 ], [ 134.130424, 35.4962246 ], [ 134.1298067, 35.4961592 ], [ 134.1295939, 35.4961478 ], [ 134.1282378, 35.4960181 ], [ 134.1258901, 35.4957758 ], [ 134.1257278, 35.4957547 ], [ 134.1253611, 35.4957415 ], [ 134.1250573, 35.4957577 ], [ 134.1249933, 35.4957725 ], [ 134.1249053, 35.4957928 ], [ 134.1242858, 35.4960464 ], [ 134.1240378, 35.4961592 ], [ 134.1237697, 35.4962492 ], [ 134.123625, 35.4962717 ], [ 134.1232944, 35.4962775 ], [ 134.1231567, 35.4962661 ], [ 134.1227644, 35.4961986 ], [ 134.1222964, 35.4960775 ], [ 134.1221717, 35.4960554 ], [ 134.1219899, 35.4960333 ], [ 134.1219325, 35.4960264 ], [ 134.1218216, 35.4960199 ], [ 134.1217277, 35.496022 ], [ 134.1216413, 35.4960281 ], [ 134.121431, 35.49607 ], [ 134.121283, 35.4961096 ], [ 134.1210966, 35.4961683 ], [ 134.1210266, 35.4961909 ], [ 134.1209555, 35.496225 ], [ 134.1209315, 35.4962365 ], [ 134.1207967, 35.4963076 ], [ 134.1206561, 35.496407 ], [ 134.1205642, 35.4964934 ], [ 134.1204581, 35.4965967 ], [ 134.1203924, 35.4966714 ], [ 134.1203172, 35.4967571 ], [ 134.1202482, 35.4968722 ], [ 134.1201733, 35.497007 ], [ 134.1201343, 35.4971011 ], [ 134.1200703, 35.4972292 ], [ 134.1200266, 35.497284 ], [ 134.1199329, 35.4973684 ], [ 134.1198079, 35.4974448 ], [ 134.1196449, 35.497505 ], [ 134.1195701, 35.4975171 ], [ 134.1195203, 35.4975285 ], [ 134.1193777, 35.4975248 ], [ 134.1191863, 35.4974901 ], [ 134.1190801, 35.497464 ], [ 134.1187702, 35.4973771 ], [ 134.118688, 35.4973514 ], [ 134.1183559, 35.4972406 ], [ 134.1176217, 35.4970273 ], [ 134.1166667, 35.4966673 ], [ 134.1153967, 35.4961872 ], [ 134.1129111, 35.4952508 ], [ 134.1126658, 35.4951839 ], [ 134.1124524, 35.495133 ], [ 134.1122667, 35.4950995 ], [ 134.1120328, 35.4950995 ], [ 134.1119017, 35.4951275 ], [ 134.1118261, 35.4951331 ], [ 134.1116883, 35.4951614 ], [ 134.1113303, 35.4952683 ], [ 134.1104769, 35.4955275 ], [ 134.1100503, 35.4956289 ], [ 134.1095889, 35.4956797 ], [ 134.1093616, 35.4956911 ], [ 134.1089142, 35.4956856 ], [ 134.108632, 35.4956517 ], [ 134.1083911, 35.4955953 ], [ 134.1083333, 35.4955774 ], [ 134.1081914, 35.4955333 ], [ 134.1079382, 35.4954267 ], [ 134.1072279, 35.4951386 ], [ 134.1069731, 35.4950542 ], [ 134.1064636, 35.4949133 ], [ 134.1059061, 35.4947836 ], [ 134.1055619, 35.494733 ], [ 134.1052972, 35.4947247 ], [ 134.104942, 35.4947375 ], [ 134.1046573, 35.4947662 ], [ 134.1042544, 35.4947252 ], [ 134.1040939, 35.4946715 ], [ 134.1039732, 35.4946082 ], [ 134.1038535, 35.4945155 ], [ 134.103791, 35.4944515 ], [ 134.1037239, 35.4943611 ], [ 134.1034692, 35.4939045 ], [ 134.1033383, 35.4937075 ], [ 134.1028639, 35.4929861 ], [ 134.1027053, 35.4928225 ], [ 134.1025192, 35.49271 ], [ 134.10243, 35.4926608 ], [ 134.1023711, 35.4926283 ], [ 134.1022369, 35.4925858 ], [ 134.1017828, 35.49249 ], [ 134.1015694, 35.4924336 ], [ 134.1013836, 35.4923605 ], [ 134.1011978, 35.4922703 ], [ 134.1010119, 35.4921522 ], [ 134.1008739, 35.492045 ], [ 134.1006675, 35.4917689 ], [ 134.1005641, 35.4915877 ], [ 134.1001723, 35.4909012 ], [ 134.1000139, 35.4906755 ], [ 134.0999537, 35.490604 ], [ 134.0997108, 35.490315 ], [ 134.0995664, 35.4901514 ], [ 134.0991394, 35.4896386 ], [ 134.0987747, 35.4892217 ], [ 134.0986647, 35.4891276 ], [ 134.0983136, 35.4888275 ], [ 134.0980933, 35.4886922 ], [ 134.0978727, 35.4885625 ], [ 134.0975496, 35.4884104 ], [ 134.0971367, 35.4882021 ], [ 134.0960733, 35.4876869 ], [ 134.0959386, 35.4876383 ], [ 134.0957253, 35.4875764 ], [ 134.0953767, 35.4875245 ], [ 134.0953467, 35.48752 ], [ 134.095064, 35.4875088 ], [ 134.0950456, 35.4875081 ], [ 134.0948778, 35.4875115 ], [ 134.0947466, 35.4875142 ], [ 134.0945856, 35.4875304 ], [ 134.0942511, 35.487564 ], [ 134.0940348, 35.4875874 ], [ 134.0938806, 35.4876047 ], [ 134.0930956, 35.4877117 ], [ 134.0929642, 35.4877237 ], [ 134.0927719, 35.4877172 ], [ 134.0926272, 35.4876892 ], [ 134.0916989, 35.4873738 ], [ 134.0909135, 35.4870916 ], [ 134.0908172, 35.4870408 ], [ 134.0906644, 35.4869121 ], [ 134.0905548, 35.4867971 ], [ 134.0904788, 35.4866981 ], [ 134.090338, 35.4864887 ], [ 134.0902001, 35.486346 ], [ 134.0901101, 35.4862678 ], [ 134.0900088, 35.4862195 ], [ 134.0898511, 35.4861643 ], [ 134.0897048, 35.4861251 ], [ 134.0895668, 35.4861021 ], [ 134.0891897, 35.4860308 ], [ 134.089018, 35.4859825 ], [ 134.0888858, 35.485925 ], [ 134.0887604, 35.485856 ], [ 134.0886476, 35.4857631 ], [ 134.0883156, 35.4854271 ], [ 134.0882303, 35.4853408 ], [ 134.0881031, 35.485197 ], [ 134.0879823, 35.4850851 ], [ 134.0877459, 35.4849263 ], [ 134.0875939, 35.4848711 ], [ 134.0874475, 35.4848526 ], [ 134.0872196, 35.4848319 ], [ 134.0871464, 35.4848411 ], [ 134.0870008, 35.4848779 ], [ 134.0869038, 35.4849094 ], [ 134.0866146, 35.4850222 ], [ 134.0862225, 35.4851745 ], [ 134.0854876, 35.4854469 ], [ 134.0850721, 35.4856005 ], [ 134.0840699, 35.4859474 ], [ 134.0840019, 35.4859643 ], [ 134.0839069, 35.4859768 ], [ 134.0838253, 35.4859778 ], [ 134.0837042, 35.4859663 ], [ 134.0835017, 35.4859502 ], [ 134.0833323, 35.4859271 ], [ 134.0830316, 35.4858582 ], [ 134.0827727, 35.4858122 ], [ 134.0827249, 35.4858076 ], [ 134.0826236, 35.4858047 ], [ 134.0825314, 35.4858151 ], [ 134.0824124, 35.4858352 ], [ 134.0823268, 35.4858527 ], [ 134.0821902, 35.4859065 ], [ 134.0821059, 35.4859501 ], [ 134.082032, 35.4859914 ], [ 134.0819762, 35.4860331 ], [ 134.081675, 35.486323 ], [ 134.0814077, 35.4866221 ], [ 134.0812782, 35.4867441 ], [ 134.0810879, 35.4869207 ], [ 134.080766, 35.487204 ], [ 134.0805983, 35.487302 ], [ 134.0804155, 35.4873508 ], [ 134.0800783, 35.4873956 ], [ 134.0800369, 35.4872156 ], [ 134.0798786, 35.4868378 ], [ 134.0797665, 35.4866306 ], [ 134.0793534, 35.4859107 ], [ 134.0790664, 35.4854289 ], [ 134.0789564, 35.4851922 ], [ 134.0789081, 35.4850853 ], [ 134.0788394, 35.4848203 ], [ 134.0788123, 35.4846544 ], [ 134.0785936, 35.4833333 ], [ 134.0785331, 35.4829676 ], [ 134.078399, 35.4821607 ], [ 134.0782073, 35.4810224 ], [ 134.0778757, 35.4790583 ], [ 134.0778361, 35.4788248 ], [ 134.0774608, 35.4766552 ], [ 134.0771705, 35.475 ], [ 134.0768815, 35.4733518 ], [ 134.0767076, 35.4724493 ], [ 134.0766919, 35.47236 ], [ 134.0766078, 35.4720608 ], [ 134.0765828, 35.4719864 ], [ 134.076167, 35.4711626 ], [ 134.0753213, 35.4694765 ], [ 134.075, 35.4688326 ], [ 134.0749022, 35.4686367 ], [ 134.0743885, 35.4675897 ], [ 134.0739201, 35.4666667 ], [ 134.0736358, 35.4661064 ], [ 134.0731886, 35.4652108 ], [ 134.073089, 35.4650155 ], [ 134.0729773, 35.4648011 ], [ 134.072782, 35.4644048 ], [ 134.0726378, 35.4642584 ], [ 134.0724997, 35.464157 ], [ 134.0723139, 35.4640442 ], [ 134.0719525, 35.4638174 ], [ 134.0715649, 35.4635948 ], [ 134.0712966, 35.4634536 ], [ 134.071013, 35.4633445 ], [ 134.0708608, 35.4633083 ], [ 134.0705589, 35.4632778 ], [ 134.0702775, 35.4632667 ], [ 134.0699941, 35.4632778 ], [ 134.0697854, 35.4632944 ], [ 134.0673971, 35.463513 ], [ 134.0673042, 35.4635214 ], [ 134.0668652, 35.4635615 ], [ 134.0666835, 35.4635781 ], [ 134.0663052, 35.4636125 ], [ 134.0638605, 35.4638525 ], [ 134.0626213, 35.4639933 ], [ 134.0609518, 35.4639703 ], [ 134.060565, 35.4639656 ], [ 134.0601253, 35.4639602 ], [ 134.0593084, 35.4639502 ], [ 134.0590155, 35.4639467 ], [ 134.0588992, 35.4639286 ] ] } },
{ "type": "Feature", "properties": { "N12_001": "31", "N12_002": 2, "N12_003": 4, "N12_004": "鳥取県道　鳥取鹿野倉吉線", "N12_005": 13, "N12_006": 2 }, "geometry": { "type": "LineString", "coordinates": [ [ 133.8609025, 35.4078575 ], [ 133.8591465, 35.4078775 ], [ 133.858955, 35.4078825 ], [ 133.85872, 35.4079075 ], [ 133.8585989, 35.4079575 ], [ 133.8584314, 35.4081083 ], [ 133.858265, 35.4083674 ], [ 133.8581489, 35.408548 ], [ 133.8580739, 35.4087173 ], [ 133.85804, 35.4088632 ], [ 133.8580125, 35.4091056 ], [ 133.858005, 35.4093814 ], [ 133.8580108, 35.4097517 ], [ 133.8580189, 35.4102606 ], [ 133.8579775, 35.4106103 ], [ 133.857985, 35.4109879 ], [ 133.858025, 35.4112245 ], [ 133.8580525, 35.4114495 ], [ 133.8580464, 35.4117261 ], [ 133.8580189, 35.4119963 ], [ 133.8579364, 35.4124695 ], [ 133.8578051, 35.4128749 ], [ 133.8577239, 35.413055 ], [ 133.8574064, 35.4137542 ], [ 133.8573338, 35.4139675 ], [ 133.8572, 35.4143117 ], [ 133.8569389, 35.4152247 ], [ 133.8568151, 35.4155629 ], [ 133.8567788, 35.4156416 ], [ 133.8566085, 35.4160137 ], [ 133.8565197, 35.4161438 ], [ 133.8564608, 35.4162127 ], [ 133.8560557, 35.4166667 ], [ 133.8558886, 35.416854 ], [ 133.8557713, 35.4169806 ], [ 133.855443, 35.4173249 ], [ 133.8553293, 35.4174282 ], [ 133.85392, 35.4185828 ], [ 133.8534667, 35.4189495 ], [ 133.8531978, 35.419225 ], [ 133.8527752, 35.419752 ], [ 133.8527148, 35.4198478 ], [ 133.8526262, 35.4199886 ], [ 133.8525042, 35.4202 ], [ 133.8524079, 35.4204023 ], [ 133.8522703, 35.4207292 ], [ 133.8521178, 35.4213042 ], [ 133.8520842, 35.4215072 ], [ 133.8519878, 35.4220088 ], [ 133.8519328, 35.4223581 ], [ 133.8519192, 35.4225381 ], [ 133.8517878, 35.4235072 ], [ 133.8517168, 35.4237817 ] ] } },
{ "type": "Feature", "properties": { "N12_001": "31", "N12_002": 2, "N12_003": 7, "N12_004": "鳥取市道　わかば中央通り", "N12_005": 14, "N12_006": 1 }, "geometry": { "type": "LineString", "coordinates": [ [ 134.2534636, 35.449159 ], [ 134.2544479, 35.4494593 ], [ 134.2555353, 35.4497482 ], [ 134.2566862, 35.450066 ] ] } },
{ "type": "Feature", "properties": { "N12_001": "31", "N12_002": 2, "N12_003": 6, "N12_004": "鳥取県道　東郷羽合線", "N12_005": 15, "N12_006": 1 }, "geometry": { "type": "LineString", "coordinates": [ [ 133.887401, 35.4918177 ], [ 133.8861622, 35.4924415 ], [ 133.8859625, 35.4925314 ], [ 133.8858525, 35.4925931 ], [ 133.8855214, 35.4927456 ], [ 133.88546, 35.4926381 ], [ 133.8846153, 35.4919064 ], [ 133.8843348, 35.4916667 ], [ 133.8839142, 35.4913072 ], [ 133.8838749, 35.4912855 ], [ 133.8837744, 35.4912798 ] ] } },
{ "type": "Feature", "properties": { "N12_001": "31", "N12_002": 2, "N12_003": 6, "N12_004": "鳥取県道　網代港岩美停車場線", "N12_005": 16, "N12_006": 1 }, "geometry": { "type": "LineString", "coordinates": [ [ 134.3328791, 35.5757436 ], [ 134.3328553, 35.5762864 ], [ 134.3328495, 35.5764367 ], [ 134.3328098, 35.5774769 ], [ 134.3328003, 35.5777231 ], [ 134.3327936, 35.5778754 ], [ 134.3327658, 35.5784728 ], [ 134.3327586, 35.5788134 ], [ 134.3327542, 35.5789744 ], [ 134.3327172, 35.5796956 ], [ 134.3327139, 35.5797624 ], [ 134.3327036, 35.5799772 ], [ 134.3326689, 35.5809183 ], [ 134.3326414, 35.5814875 ], [ 134.3326342, 35.5817118 ], [ 134.3326306, 35.5820188 ] ] } },
{ "type": "Feature", "properties": { "N12_001": "31", "N12_002": 2, "N12_003": 3, "N12_004": "一般国道313号", "N12_005": 6, "N12_006": 2 }, "geometry": { "type": "LineString", "coordinates": [ [ 133.8176212, 35.4353931 ], [ 133.8173573, 35.4363228 ], [ 133.816388, 35.436465 ], [ 133.8159802, 35.4363911 ], [ 133.8156727, 35.4362216 ], [ 133.8141558, 35.4344767 ], [ 133.8140049, 35.4343027 ], [ 133.8137163, 35.434001 ], [ 133.8134672, 35.4337442 ], [ 133.8130822, 35.4334117 ], [ 133.8129894, 35.4333333 ], [ 133.812396, 35.4328329 ], [ 133.8114986, 35.432077 ], [ 133.81081, 35.4314678 ], [ 133.8107, 35.431361 ], [ 133.8104875, 35.431102 ], [ 133.8103486, 35.430882 ], [ 133.8102186, 35.4304986 ], [ 133.81015, 35.4302453 ], [ 133.8101308, 35.4299583 ], [ 133.8092197, 35.4296329 ], [ 133.8083715, 35.4293643 ], [ 133.8080837, 35.4292197 ], [ 133.80812, 35.4288185 ], [ 133.8081273, 35.4281556 ], [ 133.8081403, 35.4278281 ], [ 133.8082503, 35.4271067 ], [ 133.8082858, 35.4268368 ], [ 133.8083189, 35.4266841 ], [ 133.8083333, 35.4265712 ], [ 133.8083528, 35.426419 ], [ 133.8083563, 35.4262514 ], [ 133.8083603, 35.42607 ], [ 133.8083464, 35.425935 ], [ 133.8083333, 35.4258842 ], [ 133.8082914, 35.4257208 ], [ 133.8079895, 35.4249672 ], [ 133.8079131, 35.4247853 ], [ 133.8078634, 35.4246531 ], [ 133.8076442, 35.4240645 ], [ 133.8074396, 35.4235441 ], [ 133.8071767, 35.4228695 ], [ 133.8067981, 35.4218897 ], [ 133.8065081, 35.4211114 ], [ 133.806439, 35.4209369 ], [ 133.8062467, 35.4204414 ], [ 133.8059975, 35.4198156 ], [ 133.8058056, 35.4193439 ], [ 133.8051189, 35.4175335 ], [ 133.8050719, 35.41741 ], [ 133.8049576, 35.417097 ], [ 133.8049133, 35.4169758 ], [ 133.8048583, 35.4168575 ], [ 133.8047903, 35.4166667 ], [ 133.8047384, 35.4165217 ], [ 133.8046319, 35.4162378 ], [ 133.8044192, 35.4156826 ], [ 133.8042058, 35.4151219 ], [ 133.8038664, 35.4142597 ], [ 133.8036421, 35.4136911 ], [ 133.8035736, 35.4135331 ], [ 133.8034347, 35.4132514 ], [ 133.8031811, 35.4128347 ], [ 133.8028486, 35.4123698 ], [ 133.802785, 35.412293 ], [ 133.8027635, 35.4122675 ], [ 133.8022111, 35.4115214 ], [ 133.8021497, 35.4114372 ], [ 133.8020811, 35.4113522 ], [ 133.8019744, 35.4112051 ], [ 133.8009537, 35.4098025 ], [ 133.8006639, 35.4094258 ], [ 133.80008, 35.4087883 ], [ 133.8, 35.4087035 ], [ 133.7998201, 35.4085125 ], [ 133.7996468, 35.4083333 ], [ 133.7995468, 35.4082301 ], [ 133.7989783, 35.4076447 ], [ 133.7984393, 35.4071032 ], [ 133.7983675, 35.4070311 ], [ 133.7977967, 35.4064503 ], [ 133.7976317, 35.4062928 ], [ 133.7970953, 35.4057602 ], [ 133.7965568, 35.4052194 ], [ 133.7959838, 35.4046436 ], [ 133.7958367, 35.4044897 ], [ 133.7943444, 35.4030022 ], [ 133.7939669, 35.4026189 ], [ 133.7936792, 35.4023335 ], [ 133.7930931, 35.4017508 ], [ 133.7927528, 35.4014041 ], [ 133.7926944, 35.401345 ], [ 133.7920359, 35.4006929 ], [ 133.7916667, 35.4003292 ], [ 133.7913455, 35.4 ], [ 133.7908383, 35.3994803 ], [ 133.7895997, 35.398252 ], [ 133.7893733, 35.3980319 ], [ 133.7891226, 35.3977853 ], [ 133.7888925, 35.3975589 ], [ 133.7881275, 35.3968086 ], [ 133.7866986, 35.3967814 ], [ 133.786465, 35.3967306 ], [ 133.7862867, 35.3966635 ], [ 133.7861211, 35.3965506 ], [ 133.7859289, 35.3963472 ], [ 133.7856539, 35.3960097 ], [ 133.7854128, 35.3957614 ], [ 133.7851789, 35.3955533 ], [ 133.7849528, 35.3953842 ], [ 133.7845189, 35.3951192 ], [ 133.7842102, 35.3949545 ], [ 133.7841064, 35.3948992 ], [ 133.7834328, 35.3945842 ], [ 133.7833334, 35.3945381 ], [ 133.7828996, 35.3943372 ], [ 133.7827804, 35.3942813 ], [ 133.7820642, 35.3939192 ], [ 133.7819956, 35.3938742 ], [ 133.7814731, 35.3935947 ], [ 133.7808131, 35.3932378 ], [ 133.7805254, 35.3930727 ], [ 133.7803235, 35.3929321 ], [ 133.7801531, 35.3927695 ], [ 133.7799531, 35.3925445 ], [ 133.7797881, 35.3923245 ], [ 133.7796094, 35.3920086 ], [ 133.7795333, 35.3918395 ], [ 133.7794871, 35.3917082 ], [ 133.7794604, 35.3916208 ], [ 133.7794308, 35.3915078 ], [ 133.7793758, 35.3911581 ], [ 133.7793825, 35.3908851 ], [ 133.7794233, 35.3906739 ], [ 133.7794858, 35.3904539 ], [ 133.7796463, 35.3900829 ], [ 133.7800661, 35.3893729 ], [ 133.7804256, 35.388765 ], [ 133.7805104, 35.3886206 ], [ 133.7805656, 35.3885267 ], [ 133.7805981, 35.3884583 ], [ 133.7806956, 35.3882567 ], [ 133.7807367, 35.3881208 ], [ 133.7807642, 35.38789 ], [ 133.7807506, 35.3874685 ], [ 133.7807257, 35.3872554 ], [ 133.780683, 35.3870645 ], [ 133.7806518, 35.3869761 ], [ 133.7805843, 35.3868376 ], [ 133.7804892, 35.3866736 ], [ 133.7803511, 35.3864468 ], [ 133.7800631, 35.3859803 ], [ 133.7800355, 35.3859519 ], [ 133.7797099, 35.3854063 ], [ 133.7791978, 35.3846084 ], [ 133.778922, 35.3841773 ], [ 133.7787633, 35.3839347 ], [ 133.7785497, 35.3836073 ], [ 133.7784469, 35.3834506 ], [ 133.7783715, 35.3833333 ], [ 133.7780332, 35.3828074 ], [ 133.7775747, 35.3820943 ], [ 133.7773338, 35.3817196 ], [ 133.7768508, 35.3810499 ], [ 133.7763555, 35.3804186 ], [ 133.7758347, 35.3798045 ], [ 133.775566, 35.3794838 ], [ 133.7754437, 35.3792948 ], [ 133.7753872, 35.3792081 ], [ 133.7753184, 35.3790893 ], [ 133.7751461, 35.3787739 ], [ 133.7747822, 35.3780922 ], [ 133.7745291, 35.3776619 ], [ 133.7744172, 35.3774725 ], [ 133.7743561, 35.37736 ], [ 133.7742626, 35.3772075 ], [ 133.7741505, 35.3770525 ], [ 133.7738469, 35.3766577 ], [ 133.7735725, 35.3763283 ], [ 133.7733589, 35.3760975 ], [ 133.7732075, 35.3759283 ], [ 133.7728164, 35.3755286 ], [ 133.7722677, 35.3749961 ], [ 133.7722246, 35.3749543 ], [ 133.7715439, 35.3743169 ], [ 133.7708831, 35.3737251 ], [ 133.7708078, 35.3736462 ], [ 133.7707126, 35.3735637 ], [ 133.7702717, 35.3731789 ], [ 133.7694467, 35.3724972 ], [ 133.7691717, 35.3722831 ], [ 133.7688884, 35.3720659 ], [ 133.7686967, 35.3719222 ], [ 133.7685431, 35.371813 ], [ 133.7684903, 35.3717814 ], [ 133.7683178, 35.3716633 ], [ 133.7682842, 35.3716292 ], [ 133.7682153, 35.3715842 ], [ 133.7681567, 35.3715337 ], [ 133.7680213, 35.3714173 ], [ 133.7679469, 35.3713533 ], [ 133.7678829, 35.3712768 ], [ 133.7678297, 35.3712022 ], [ 133.7677886, 35.3711263 ], [ 133.7677383, 35.3710238 ], [ 133.7670531, 35.3696236 ], [ 133.7669609, 35.3694559 ], [ 133.7669168, 35.3693873 ], [ 133.7668455, 35.3693076 ], [ 133.7667661, 35.36926 ], [ 133.7666653, 35.3692246 ], [ 133.7660032, 35.3690273 ], [ 133.7642087, 35.3684916 ], [ 133.7636497, 35.368322 ], [ 133.7633397, 35.3682261 ], [ 133.7630583, 35.3680853 ], [ 133.7625972, 35.3678264 ], [ 133.7625284, 35.3677922 ], [ 133.7619962, 35.3674866 ], [ 133.7613125, 35.3670939 ], [ 133.7608588, 35.3668307 ], [ 133.7605758, 35.3666667 ], [ 133.7602994, 35.3665064 ], [ 133.75969, 35.3661531 ], [ 133.7592984, 35.3658948 ], [ 133.7589336, 35.3656678 ], [ 133.7588626, 35.3656217 ], [ 133.7588, 35.3655808 ], [ 133.7581994, 35.3651875 ], [ 133.7579256, 35.365009 ], [ 133.7574128, 35.3646933 ], [ 133.7572003, 35.3645583 ], [ 133.7570614, 35.3644792 ], [ 133.7568489, 35.3643442 ], [ 133.7567205, 35.3642692 ], [ 133.7563393, 35.3640467 ], [ 133.7561202, 35.3639102 ], [ 133.7556664, 35.3636511 ], [ 133.7551028, 35.3633578 ], [ 133.7545942, 35.3629978 ], [ 133.7534565, 35.3621702 ], [ 133.7524361, 35.3614242 ], [ 133.7522939, 35.3612983 ], [ 133.7522221, 35.3611869 ], [ 133.7521373, 35.3610144 ], [ 133.7520211, 35.3607261 ], [ 133.7519493, 35.3605396 ], [ 133.7518996, 35.3603738 ], [ 133.7518644, 35.3602278 ], [ 133.7518344, 35.3600372 ], [ 133.7518114, 35.3598042 ], [ 133.7518019, 35.3591383 ], [ 133.7517395, 35.3578089 ], [ 133.7516858, 35.3572053 ], [ 133.7516434, 35.3569688 ], [ 133.7515819, 35.356721 ], [ 133.7514644, 35.356377 ], [ 133.7513069, 35.356022 ], [ 133.7511208, 35.3556672 ], [ 133.7510478, 35.3555514 ], [ 133.7509406, 35.3553813 ], [ 133.7507158, 35.3550247 ], [ 133.750447, 35.3545349 ], [ 133.7502758, 35.3541397 ], [ 133.7501244, 35.3536331 ], [ 133.7501108, 35.3533458 ], [ 133.7501111, 35.35214 ], [ 133.7501586, 35.3511533 ], [ 133.7501997, 35.3507311 ], [ 133.7501997, 35.3500661 ], [ 133.7501904, 35.3500015 ], [ 133.7501247, 35.3495478 ], [ 133.7500347, 35.3491361 ], [ 133.75, 35.3490231 ], [ 133.7498911, 35.3486686 ], [ 133.7497397, 35.3482853 ], [ 133.7489214, 35.3464714 ], [ 133.7487764, 35.3461047 ], [ 133.74866, 35.345739 ], [ 133.7485975, 35.3454681 ], [ 133.7485664, 35.3452033 ], [ 133.7485089, 35.3448025 ], [ 133.74852, 35.344535 ], [ 133.7485789, 35.3439058 ], [ 133.7487075, 35.3431808 ], [ 133.7488389, 35.3428592 ], [ 133.74901, 35.3424983 ], [ 133.7491825, 35.3421836 ], [ 133.7493475, 35.3419353 ], [ 133.7497464, 35.3414394 ], [ 133.75, 35.341163 ], [ 133.750475, 35.3406453 ], [ 133.7509816, 35.3401063 ], [ 133.7515139, 35.3395403 ], [ 133.7518435, 35.3392035 ], [ 133.7520575, 35.3389772 ], [ 133.7525114, 35.3384422 ], [ 133.7530339, 35.3377606 ], [ 133.7533225, 35.3373597 ], [ 133.7538739, 35.3364925 ], [ 133.7540589, 35.3361267 ], [ 133.7542789, 35.3356358 ], [ 133.7544975, 35.3351117 ], [ 133.7546763, 35.3346101 ], [ 133.7547864, 35.3341875 ], [ 133.7548803, 35.3337092 ], [ 133.7549401, 35.3333333 ], [ 133.7549728, 35.3331283 ], [ 133.7550753, 35.3321428 ], [ 133.7550678, 35.3311121 ], [ 133.7550542, 35.3304694 ], [ 133.7550617, 35.3299161 ], [ 133.7551063, 35.3293168 ], [ 133.7551915, 35.3288731 ], [ 133.7552542, 35.3285535 ], [ 133.7552819, 35.3284122 ], [ 133.7554532, 35.3277635 ] ] } },
{ "type": "Feature", "properties": { "N12_001": "31", "N12_002": 2, "N12_003": 6, "N12_004": "鳥取県道　鳥取砂丘線", "N12_005": 17, "N12_006": 1 }, "geometry": { "type": "LineString", "coordinates": [ [ 134.216257, 35.5219298 ], [ 134.2158703, 35.5227966 ] ] } },
{ "type": "Feature", "properties": { "N12_001": "31", "N12_002": 2, "N12_003": 9, "N12_004": "-", "N12_005": 18, "N12_006": 1 }, "geometry": { "type": "LineString", "coordinates": [ [ 134.1921107, 35.5170601 ], [ 134.19546, 35.5169528 ] ] } },
{ "type": "Feature", "properties": { "N12_001": "31", "N12_002": 2, "N12_003": 6, "N12_004": "鳥取県道　若桜停車場線", "N12_005": 19, "N12_006": 1 }, "geometry": { "type": "LineString", "coordinates": [ [ 134.4034396, 35.3389031 ], [ 134.4033101, 35.3389031 ], [ 134.4022562, 35.3391114 ], [ 134.4008452, 35.3405564 ] ] } },
{ "type": "Feature", "properties": { "N12_001": "31", "N12_002": 2, "N12_003": 4, "N12_004": "鳥取県道　郡家鹿野気高線", "N12_005": 20, "N12_006": 1 }, "geometry": { "type": "LineString", "coordinates": [ [ 134.254075, 35.408323 ], [ 134.2527659, 35.4082272 ], [ 134.2521413, 35.4083636 ], [ 134.2516, 35.4088408 ], [ 134.2505591, 35.4098635 ] ] } },
{ "type": "Feature", "properties": { "N12_001": "31", "N12_002": 2, "N12_003": 6, "N12_004": "鳥取県道　羽合東伯線", "N12_005": 21, "N12_006": 1 }, "geometry": { "type": "LineString", "coordinates": [ [ 133.8637766, 35.4957793 ], [ 133.8640997, 35.4922083 ], [ 133.8638469, 35.4911941 ], [ 133.863774, 35.4908021 ], [ 133.8638365, 35.4904015 ], [ 133.8642325, 35.4888333 ] ] } },
{ "type": "Feature", "properties": { "N12_001": "31", "N12_002": 2, "N12_003": 6, "N12_004": "鳥取県道　由良停車場線", "N12_005": 22, "N12_006": 1 }, "geometry": { "type": "LineString", "coordinates": [ [ 133.7625216, 35.4995149 ], [ 133.7624069, 35.4977251 ], [ 133.7621568, 35.4967791 ], [ 133.7615732, 35.4957479 ], [ 133.7589705, 35.4918871 ], [ 133.7586266, 35.4910306 ] ] } },
{ "type": "Feature", "properties": { "N12_001": "31", "N12_002": 2, "N12_003": 6, "N12_004": "鳥取県道　赤碕中山インター線", "N12_005": 23, "N12_006": 1 }, "geometry": { "type": "LineString", "coordinates": [ [ 133.5998638, 35.5215051 ], [ 133.5984553, 35.5184545 ], [ 133.5981959, 35.5175859 ], [ 133.5981341, 35.5166364 ], [ 133.5982206, 35.5158485 ], [ 133.5986036, 35.5149091 ], [ 133.5990629, 35.5142727 ], [ 133.5994747, 35.5138552 ], [ 133.6000777, 35.5133275 ] ] } },
{ "type": "Feature", "properties": { "N12_001": "31", "N12_002": 2, "N12_003": 6, "N12_004": "鳥取県道　旧奈和西坪線", "N12_005": 24, "N12_006": 1 }, "geometry": { "type": "LineString", "coordinates": [ [ 133.5027806, 35.5136778 ], [ 133.5026819, 35.5131742 ], [ 133.5023977, 35.5127702 ], [ 133.5020518, 35.5124773 ], [ 133.5014218, 35.5122045 ], [ 133.5005693, 35.512053 ], [ 133.4991239, 35.5119318 ], [ 133.4986298, 35.5118207 ], [ 133.4983333, 35.5116288 ], [ 133.4981974, 35.511346 ], [ 133.4982468, 35.5110328 ], [ 133.4984815, 35.5108308 ], [ 133.4989015, 35.5106288 ], [ 133.5000011, 35.5102348 ], [ 133.5002358, 35.5100328 ], [ 133.5012951, 35.5060479 ], [ 133.5015545, 35.5054924 ], [ 133.5018387, 35.5051287 ] ] } },
{ "type": "Feature", "properties": { "N12_001": "31", "N12_002": 2, "N12_003": 6, "N12_004": "鳥取県道　大山口停車場線", "N12_005": 25, "N12_006": 1 }, "geometry": { "type": "LineString", "coordinates": [ [ 133.4514647, 35.4927817 ], [ 133.4521282, 35.4920909 ], [ 133.4526377, 35.4916591 ], [ 133.4532213, 35.4912803 ], [ 133.4537493, 35.4909394 ], [ 133.4548424, 35.4905151 ], [ 133.4555371, 35.4901742 ], [ 133.4561231, 35.489803 ], [ 133.4566696, 35.4893787 ], [ 133.4575218, 35.4885984 ], [ 133.4595689, 35.4867726 ], [ 133.4631049, 35.483635 ], [ 133.463284, 35.4832814 ], [ 133.4632778, 35.4829077 ], [ 133.4630926, 35.482534 ], [ 133.4615489, 35.4810895 ] ] } },
{ "type": "Feature", "properties": { "N12_001": "31", "N12_002": 2, "N12_003": 6, "N12_004": "鳥取県道　米子丸山線", "N12_005": 26, "N12_006": 1 }, "geometry": { "type": "LineString", "coordinates": [ [ 133.3744335, 35.4291211 ], [ 133.3752162, 35.4280638 ], [ 133.3753026, 35.4278921 ], [ 133.3767666, 35.4259905 ], [ 133.379775, 35.422514 ] ] } },
{ "type": "Feature", "properties": { "N12_001": "31", "N12_002": 2, "N12_003": 6, "N12_004": "鳥取県道　米子環状線", "N12_005": 27, "N12_006": 1 }, "geometry": { "type": "LineString", "coordinates": [ [ 133.3619102, 35.4319399 ], [ 133.3617484, 35.431146 ], [ 133.3616373, 35.4304982 ], [ 133.3612069, 35.4291004 ], [ 133.3609014, 35.4279299 ], [ 133.3605266, 35.4273276 ], [ 133.3599017, 35.4267708 ] ] } },
{ "type": "Feature", "properties": { "N12_001": "31", "N12_002": 2, "N12_003": 7, "N12_004": "倉吉市道　円谷町大原線", "N12_005": 28, "N12_006": 1 }, "geometry": { "type": "LineString", "coordinates": [ [ 133.8517168, 35.4237817 ], [ 133.8495629, 35.4234548 ] ] } },
{ "type": "Feature", "properties": { "N12_001": "31", "N12_002": 2, "N12_003": 9, "N12_004": "-", "N12_005": 29, "N12_006": 1 }, "geometry": { "type": "LineString", "coordinates": [ [ 134.2288628, 35.2663968 ], [ 134.2286815, 35.2663248 ], [ 134.2281521, 35.2657152 ], [ 134.2280271, 35.2656289 ], [ 134.2278298, 35.2655453 ], [ 134.227616, 35.2654832 ], [ 134.2268201, 35.2654158 ] ] } },
{ "type": "Feature", "properties": { "N12_001": "31", "N12_002": 2, "N12_003": 6, "N12_004": "鳥取県道　大山高原スマートインター線", "N12_005": 30, "N12_006": 1 }, "geometry": { "type": "LineString", "coordinates": [ [ 133.4087461, 35.3853698 ], [ 133.4089458, 35.3856757 ], [ 133.4100147, 35.3859237 ], [ 133.4133458, 35.3861425 ], [ 133.4140584, 35.3855882 ], [ 133.4143078, 35.3851943 ], [ 133.4147175, 35.3837063 ], [ 133.4150203, 35.383327 ], [ 133.4154122, 35.383079 ], [ 133.4161248, 35.383079 ], [ 133.4170511, 35.3834875 ], [ 133.4182624, 35.3839835 ], [ 133.4198122, 35.3839981 ], [ 133.4211838, 35.3839689 ], [ 133.4210532, 35.3872366 ], [ 133.4207286, 35.3876192 ], [ 133.4205465, 35.3875932 ], [ 133.41955, 35.38659 ] ] } },
{ "type": "Feature", "properties": { "N12_001": "31", "N12_002": 2, "N12_003": 9, "N12_004": "-", "N12_005": 31, "N12_006": 1 }, "geometry": { "type": "LineString", "coordinates": [ [ 133.4198122, 35.3839981 ], [ 133.4197785, 35.3844487 ], [ 133.4193589, 35.3855509 ], [ 133.4191293, 35.3855768 ], [ 133.418773, 35.3854472 ], [ 133.4185751, 35.3855444 ], [ 133.4185909, 35.3857778 ], [ 133.41955, 35.38659 ] ] } },
{ "type": "Feature", "properties": { "N12_001": "31", "N12_002": 2, "N12_003": 9, "N12_004": "-", "N12_005": 32, "N12_006": 1 }, "geometry": { "type": "LineString", "coordinates": [ [ 133.4446966, 35.243121 ], [ 133.4444584, 35.2424824 ], [ 133.4439526, 35.2421063 ], [ 133.4424826, 35.2413542 ] ] } },
{ "type": "Feature", "properties": { "N12_001": "31", "N12_002": 2, "N12_003": 9, "N12_004": "-", "N12_005": 33, "N12_006": 1 }, "geometry": { "type": "LineString", "coordinates": [ [ 133.8213168, 35.4311726 ], [ 133.8214992, 35.4325466 ], [ 133.8216315, 35.4347995 ] ] } },
{ "type": "Feature", "properties": { "N12_001": "31", "N12_002": 2, "N12_003": 6, "N12_004": "鳥取県道　米子空港境港停車場線", "N12_005": 34, "N12_006": 1 }, "geometry": { "type": "LineString", "coordinates": [ [ 133.2246502, 35.5383539 ], [ 133.2239222, 35.539901 ] ] } },
{ "type": "Feature", "properties": { "N12_001": "31", "N12_002": 2, "N12_003": 9, "N12_004": "-", "N12_005": 35, "N12_006": 1 }, "geometry": { "type": "LineString", "coordinates": [ [ 133.420757, 35.345089 ], [ 133.4215133, 35.3458268 ], [ 133.4216656, 35.3463508 ], [ 133.4216656, 35.3475237 ] ] } },
{ "type": "Feature", "properties": { "N12_001": "31", "N12_002": 2, "N12_003": 6, "N12_004": "鳥取県道　日吉津伯耆大山停車場線", "N12_005": 36, "N12_006": 1 }, "geometry": { "type": "LineString", "coordinates": [ [ 133.3826886, 35.4452981 ], [ 133.3823125, 35.4439185 ], [ 133.3821724, 35.4436664 ], [ 133.38144, 35.4404311 ], [ 133.3812804, 35.4396763 ] ] } },
{ "type": "Feature", "properties": { "N12_001": "31", "N12_002": 2, "N12_003": 9, "N12_004": "-", "N12_005": 37, "N12_006": 1 }, "geometry": { "type": "LineString", "coordinates": [ [ 133.3237251, 35.4596201 ], [ 133.3227448, 35.457437 ] ] } },
{ "type": "Feature", "properties": { "N12_001": "31", "N12_002": 2, "N12_003": 6, "N12_004": "鳥取県道　網代港岩美停車場線", "N12_005": 16, "N12_006": 2 }, "geometry": { "type": "LineString", "coordinates": [ [ 134.327619, 35.5897794 ], [ 134.3272383, 35.5897251 ], [ 134.326535, 35.5896931 ], [ 134.3244405, 35.5897023 ], [ 134.3228688, 35.5902196 ], [ 134.3222838, 35.5904033 ], [ 134.3214931, 35.5907814 ], [ 134.3212231, 35.5906134 ], [ 134.3208631, 35.5905871 ], [ 134.3205867, 35.5906606 ], [ 134.3204002, 35.5908129 ], [ 134.3201045, 35.5908129 ], [ 134.319616, 35.5907709 ], [ 134.3193331, 35.5907919 ] ] } },
{ "type": "Feature", "properties": { "N12_001": "31", "N12_002": 2, "N12_003": 9, "N12_004": "-", "N12_005": 38, "N12_006": 1 }, "geometry": { "type": "LineString", "coordinates": [ [ 133.8365759, 35.4349368 ], [ 133.838919, 35.4329455 ], [ 133.8399276, 35.4329306 ], [ 133.8399783, 35.4344419 ], [ 133.8406409, 35.4349898 ] ] } },
{ "type": "Feature", "properties": { "N12_001": "31", "N12_002": 2, "N12_003": 7, "N12_004": "倉吉市道　鳥越線", "N12_005": 39, "N12_006": 1 }, "geometry": { "type": "LineString", "coordinates": [ [ 133.7593776, 35.3636786 ], [ 133.7591721, 35.3632857 ], [ 133.7591525, 35.3628528 ], [ 133.7592797, 35.3623357 ], [ 133.7595519, 35.3617956 ], [ 133.7598896, 35.3613025 ], [ 133.759985, 35.3610379 ], [ 133.7600144, 35.3607493 ], [ 133.7599483, 35.3604487 ], [ 133.7598602, 35.3599496 ], [ 133.7598235, 35.359667 ], [ 133.7598529, 35.3593844 ], [ 133.760111, 35.358739 ] ] } },
{ "type": "Feature", "properties": { "N12_001": "31", "N12_002": 2, "N12_003": 9, "N12_004": "-", "N12_005": 40, "N12_006": 1 }, "geometry": { "type": "LineString", "coordinates": [ [ 134.2158703, 35.5227966 ], [ 134.214664, 35.5224806 ], [ 134.2143185, 35.5224184 ], [ 134.2133582, 35.5224088 ] ] } },
{ "type": "Feature", "properties": { "N12_001": "31", "N12_002": 2, "N12_003": 9, "N12_004": "-", "N12_005": 41, "N12_006": 1 }, "geometry": { "type": "LineString", "coordinates": [ [ 133.3599017, 35.4267708 ], [ 133.3562361, 35.4276799 ], [ 133.3560973, 35.4278163 ], [ 133.3561112, 35.4282595 ] ] } },
{ "type": "Feature", "properties": { "N12_001": "31", "N12_002": 2, "N12_003": 6, "N12_004": "鳥取県道　倉吉江北線", "N12_005": 42, "N12_006": 1 }, "geometry": { "type": "LineString", "coordinates": [ [ 133.8216315, 35.4347995 ], [ 133.8176212, 35.4353931 ], [ 133.8153119, 35.4357399 ] ] } },
{ "type": "Feature", "properties": { "N12_001": "31", "N12_002": 2, "N12_003": 9, "N12_004": "-", "N12_005": 43, "N12_006": 1 }, "geometry": { "type": "LineString", "coordinates": [ [ 133.2239222, 35.539901 ], [ 133.2229181, 35.5395461 ] ] } },
{ "type": "Feature", "properties": { "N12_001": "31", "N12_002": 2, "N12_003": 4, "N12_004": "鳥取県道　郡家鹿野気高線", "N12_005": 20, "N12_006": 2 }, "geometry": { "type": "LineString", "coordinates": [ [ 134.04553, 35.5179178 ], [ 134.0455618, 35.5166667 ], [ 134.0455697, 35.5163546 ], [ 134.0456235, 35.5147029 ], [ 134.0456331, 35.5134267 ], [ 134.0456799, 35.5116744 ], [ 134.0457208, 35.5100997 ], [ 134.0457277, 35.5095234 ], [ 134.0457311, 35.5092943 ], [ 134.0457323, 35.509248 ], [ 134.0457336, 35.5091975 ], [ 134.0457508, 35.5089806 ], [ 134.0457652, 35.5088986 ], [ 134.0457819, 35.5088025 ], [ 134.0458256, 35.5086372 ], [ 134.0458786, 35.508487 ], [ 134.0459429, 35.5083333 ], [ 134.0460031, 35.5081895 ], [ 134.0463165, 35.5076898 ], [ 134.0474069, 35.5058857 ], [ 134.0474733, 35.5057564 ], [ 134.0475275, 35.5056033 ], [ 134.0476189, 35.5052754 ], [ 134.0480903, 35.5031442 ], [ 134.0482611, 35.5024397 ], [ 134.0482747, 35.502282 ], [ 134.0482327, 35.501884 ], [ 134.0482525, 35.5017075 ], [ 134.0482874, 35.5014537 ], [ 134.0483651, 35.5012586 ], [ 134.0484931, 35.5011194 ], [ 134.0486856, 35.5009604 ], [ 134.0488664, 35.5008636 ], [ 134.0491154, 35.5007779 ], [ 134.0493359, 35.5007224 ], [ 134.0495834, 35.5006558 ], [ 134.0499213, 35.5006003 ], [ 134.0501513, 35.5005559 ], [ 134.0503893, 35.500559 ], [ 134.0505869, 35.5005844 ], [ 134.05079, 35.500613 ], [ 134.0510517, 35.5006415 ], [ 134.0513166, 35.5006368 ], [ 134.0515165, 35.5006193 ], [ 134.0517084, 35.5005781 ], [ 134.0519511, 35.500467 ], [ 134.0521796, 35.5003211 ], [ 134.0523049, 35.5001513 ], [ 134.0523732, 35.5000252 ], [ 134.0524576, 35.4997882 ], [ 134.0524894, 35.4994646 ], [ 134.0525052, 35.4991156 ], [ 134.0525258, 35.4988618 ], [ 134.0525339, 35.4986426 ], [ 134.0525536, 35.4980975 ], [ 134.0526036, 35.4976263 ], [ 134.0526083, 35.4972314 ], [ 134.0526089, 35.4969144 ], [ 134.0527222, 35.4952912 ], [ 134.0528743, 35.4932314 ], [ 134.0529148, 35.4926797 ], [ 134.052985, 35.4916667 ], [ 134.053025, 35.4910634 ], [ 134.0531143, 35.4899133 ], [ 134.0531717, 35.4891276 ], [ 134.0532651, 35.4878834 ], [ 134.0533897, 35.4860988 ], [ 134.0535898, 35.4833333 ], [ 134.0537441, 35.4812898 ], [ 134.0538328, 35.4799234 ], [ 134.0539407, 35.4783861 ], [ 134.0539825, 35.4777479 ], [ 134.0540028, 35.4775902 ], [ 134.0540374, 35.4770125 ], [ 134.0540992, 35.4760622 ], [ 134.0541727, 35.475 ], [ 134.0542231, 35.4742712 ], [ 134.0542865, 35.4734586 ], [ 134.0543678, 35.4724233 ], [ 134.0543886, 35.4720117 ], [ 134.0544674, 35.4708919 ], [ 134.0546013, 35.4689998 ], [ 134.0546224, 35.4687555 ], [ 134.0546986, 35.4676731 ], [ 134.0547277, 35.4675385 ], [ 134.0552963, 35.4666667 ], [ 134.0558273, 35.4658527 ], [ 134.0560892, 35.4655316 ], [ 134.0565228, 35.4651822 ], [ 134.0568597, 35.4649736 ], [ 134.0571353, 35.4648272 ], [ 134.0580501, 35.4643612 ], [ 134.0583333, 35.4642169 ], [ 134.0588992, 35.4639286 ] ] } },
{ "type": "Feature", "properties": { "N12_001": "31", "N12_002": 2, "N12_003": 4, "N12_004": "鳥取県道・島根県道　溝口伯太線", "N12_005": 44, "N12_006": 1 }, "geometry": { "type": "LineString", "coordinates": [ [ 133.4352359, 35.3423865 ], [ 133.4350856, 35.3423542 ], [ 133.4340225, 35.341932 ], [ 133.4339024, 35.3418792 ], [ 133.4337667, 35.3417922 ], [ 133.4337388, 35.3417552 ], [ 133.4336727, 35.3416561 ], [ 133.4336153, 35.3414994 ], [ 133.4336086, 35.3413811 ], [ 133.4336361, 35.3412514 ], [ 133.4337186, 35.3410542 ], [ 133.4338628, 35.3406542 ], [ 133.4338931, 35.3405153 ], [ 133.4336453, 35.3405133 ], [ 133.43335, 35.3405283 ], [ 133.4322472, 35.3405922 ], [ 133.4320478, 35.3406203 ], [ 133.431782, 35.3406953 ], [ 133.4316872, 35.3407347 ], [ 133.4315647, 35.3408409 ], [ 133.431325, 35.3410486 ], [ 133.4310469, 35.3413017 ], [ 133.4308472, 35.3414964 ], [ 133.4307137, 35.341639 ], [ 133.4306166, 35.3417563 ], [ 133.4305469, 35.34185 ], [ 133.4304586, 35.3419389 ], [ 133.4303536, 35.3420342 ], [ 133.4301847, 35.3421545 ], [ 133.4300428, 35.3422181 ], [ 133.4299745, 35.34223 ], [ 133.4298864, 35.3422258 ], [ 133.4297883, 35.3421942 ], [ 133.4297053, 35.3421306 ], [ 133.4296172, 35.3420353 ], [ 133.4295583, 35.3419003 ], [ 133.4295231, 35.3417115 ], [ 133.4294753, 35.3414556 ], [ 133.4293478, 35.3413445 ], [ 133.429255, 35.341285 ], [ 133.4291717, 35.3412689 ], [ 133.4290689, 35.341265 ], [ 133.4289611, 35.3412889 ], [ 133.4288878, 35.3413128 ], [ 133.42884, 35.3413905 ], [ 133.4287987, 35.3414734 ], [ 133.4287865, 35.3415429 ], [ 133.4287781, 35.3416675 ], [ 133.4287753, 35.3417097 ], [ 133.4287796, 35.3418379 ], [ 133.4287845, 35.3419803 ], [ 133.428785, 35.3420669 ], [ 133.4287788, 35.342333 ], [ 133.4287681, 35.342795 ], [ 133.4287117, 35.3433064 ], [ 133.4286717, 35.3435895 ], [ 133.4286375, 35.3436964 ], [ 133.4284998, 35.3439952 ], [ 133.4284174, 35.3441073 ], [ 133.4282936, 35.3442597 ], [ 133.4281147, 35.344412 ], [ 133.4279333, 35.3445333 ], [ 133.4276953, 35.3446653 ], [ 133.4274822, 35.34475 ], [ 133.4273569, 35.3447801 ], [ 133.4272003, 35.3448175 ], [ 133.4270489, 35.3448345 ], [ 133.4267189, 35.34484 ], [ 133.4264919, 35.3448006 ], [ 133.426272, 35.3447442 ], [ 133.4261136, 35.3446822 ], [ 133.4258869, 35.3445639 ], [ 133.4256944, 35.3444061 ], [ 133.4254814, 35.3441808 ], [ 133.4253335, 35.3440058 ], [ 133.4250485, 35.3436686 ], [ 133.424732, 35.3433133 ], [ 133.4245392, 35.3431275 ], [ 133.4242572, 35.3429133 ], [ 133.4240719, 35.342823 ], [ 133.4238655, 35.34275 ], [ 133.4236869, 35.3427217 ], [ 133.4233569, 35.3427161 ], [ 133.423075, 35.34275 ], [ 133.4230133, 35.3427669 ], [ 133.4228892, 35.3428005 ], [ 133.4227172, 35.3428739 ], [ 133.4224011, 35.3430764 ], [ 133.4222567, 35.3432231 ], [ 133.4220092, 35.3435892 ], [ 133.4216308, 35.3442428 ], [ 133.4214453, 35.3445189 ], [ 133.4212801, 35.3447105 ], [ 133.4211005, 35.3448747 ], [ 133.4209329, 35.3449875 ], [ 133.420757, 35.345089 ] ] } },
{ "type": "Feature", "properties": { "N12_001": "31", "N12_002": 2, "N12_003": 6, "N12_004": "鳥取県道　倉吉東伯線", "N12_005": 45, "N12_006": 1 }, "geometry": { "type": "LineString", "coordinates": [ [ 133.6924298, 35.4947445 ], [ 133.6918339, 35.4947291 ], [ 133.6911016, 35.4947169 ], [ 133.6892539, 35.4946862 ], [ 133.6890322, 35.4949458 ], [ 133.6886417, 35.4954068 ], [ 133.6883718, 35.4957346 ], [ 133.6876561, 35.4965742 ], [ 133.6875186, 35.4967375 ], [ 133.6873947, 35.4969067 ], [ 133.6872572, 35.4970592 ], [ 133.6868959, 35.4975067 ], [ 133.6867547, 35.4976814 ], [ 133.6859422, 35.4986931 ], [ 133.6855422, 35.4992164 ], [ 133.6853772, 35.4994764 ], [ 133.6853222, 35.4996456 ], [ 133.6853022, 35.4998539 ], [ 133.6852879, 35.5 ], [ 133.6852686, 35.500198 ], [ 133.6852072, 35.5003272 ], [ 133.685138, 35.5004118 ], [ 133.6850463, 35.5004605 ], [ 133.6848485, 35.5005486 ], [ 133.6841188, 35.500817 ], [ 133.6836939, 35.5009853 ], [ 133.6836064, 35.5010494 ], [ 133.6835364, 35.5011286 ], [ 133.6834664, 35.5012503 ], [ 133.6833875, 35.5014286 ], [ 133.6833333, 35.5015099 ], [ 133.6832825, 35.5015861 ], [ 133.6830022, 35.5018798 ], [ 133.68232, 35.502567 ], [ 133.6817108, 35.5031386 ], [ 133.6814858, 35.5033761 ], [ 133.6809454, 35.5039977 ], [ 133.6809617, 35.5040947 ] ] } },
{ "type": "Feature", "properties": { "N12_001": "31", "N12_002": 2, "N12_003": 6, "N12_004": "鳥取県道　東郷湖線", "N12_005": 46, "N12_006": 1 }, "geometry": { "type": "LineString", "coordinates": [ [ 133.8705754, 35.4913601 ], [ 133.872319, 35.4912545 ], [ 133.8738064, 35.4912792 ], [ 133.8747421, 35.4912853 ], [ 133.8757236, 35.4912914 ], [ 133.8771808, 35.4912981 ], [ 133.8793953, 35.4913306 ], [ 133.8807171, 35.4913481 ], [ 133.8831821, 35.491293 ], [ 133.8837744, 35.4912798 ] ] } },
{ "type": "Feature", "properties": { "N12_001": "31", "N12_002": 2, "N12_003": 6, "N12_004": "鳥取県道　木地山倉吉線", "N12_005": 47, "N12_006": 1 }, "geometry": { "type": "LineString", "coordinates": [ [ 133.8311992, 35.4306175 ], [ 133.8315704, 35.43064 ], [ 133.8331842, 35.4306702 ], [ 133.8333197, 35.4306611 ], [ 133.8341537, 35.4306049 ], [ 133.8348849, 35.4305636 ], [ 133.8366795, 35.4305051 ], [ 133.8368352, 35.4304939 ], [ 133.8369634, 35.4304602 ], [ 133.837244, 35.4303194 ], [ 133.8386353, 35.4296201 ], [ 133.83895, 35.429457 ], [ 133.8398276, 35.4290011 ], [ 133.8408283, 35.4284881 ], [ 133.8411045, 35.4283415 ], [ 133.8416838, 35.4280528 ], [ 133.8420447, 35.4278571 ], [ 133.8421708, 35.4278006 ], [ 133.8427636, 35.4274908 ], [ 133.8431624, 35.4272863 ], [ 133.8437298, 35.4270367 ] ] } },
{ "type": "Feature", "properties": { "N12_001": "31", "N12_002": 1, "N12_003": 6, "N12_004": "鳥取県道　河原インター線", "N12_005": 1, "N12_006": 2 }, "geometry": { "type": "LineString", "coordinates": [ [ 134.2040642, 35.3944575 ], [ 134.2062963, 35.393766 ], [ 134.2083304, 35.3931837 ], [ 134.2092648, 35.3928452 ], [ 134.2094694, 35.3927596 ] ] } },
{ "type": "Feature", "properties": { "N12_001": "31", "N12_002": 1, "N12_003": 6, "N12_004": "鳥取県道　岩美インター線", "N12_005": 48, "N12_006": 1 }, "geometry": { "type": "LineString", "coordinates": [ [ 134.3155012, 35.5729854 ], [ 134.3151787, 35.573624 ], [ 134.3147485, 35.5739651 ], [ 134.3144574, 35.5740685 ], [ 134.3138626, 35.574358 ], [ 134.3129389, 35.5747715 ], [ 134.3125972, 35.5750093 ], [ 134.3122302, 35.5752988 ], [ 134.31107, 35.5768759 ] ] } },
{ "type": "Feature", "properties": { "N12_001": "31", "N12_002": 1, "N12_003": 3, "N12_004": "一般国道181号", "N12_005": 4, "N12_006": 3 }, "geometry": { "type": "LineString", "coordinates": [ [ 133.3339358, 35.4331753 ], [ 133.3343938, 35.4327973 ], [ 133.334651, 35.432585 ], [ 133.3349432, 35.4323439 ], [ 133.336011, 35.4314812 ], [ 133.3369907, 35.4306844 ], [ 133.3380687, 35.4298077 ], [ 133.3387042, 35.4293056 ], [ 133.3393556, 35.428805 ], [ 133.3395497, 35.4286492 ], [ 133.3401342, 35.428185 ], [ 133.3406558, 35.427777 ], [ 133.3408428, 35.4276251 ], [ 133.3413605, 35.4272091 ], [ 133.3416667, 35.4269723 ], [ 133.342329, 35.4264601 ], [ 133.3429397, 35.4259841 ], [ 133.343767, 35.4253351 ], [ 133.3441173, 35.4250646 ], [ 133.3441996, 35.425 ], [ 133.3448442, 35.4244942 ], [ 133.3451614, 35.4242503 ], [ 133.345337, 35.4241145 ], [ 133.3454626, 35.4240188 ], [ 133.3455224, 35.423983 ], [ 133.3457144, 35.4238683 ], [ 133.3463728, 35.4235007 ], [ 133.3467671, 35.423267 ], [ 133.3471897, 35.4229931 ], [ 133.3475169, 35.4227625 ], [ 133.3476484, 35.4226627 ], [ 133.3478044, 35.4225194 ], [ 133.3482175, 35.4221395 ], [ 133.3484614, 35.4218905 ], [ 133.3486884, 35.421645 ], [ 133.3488296, 35.4214946 ], [ 133.3489964, 35.4213172 ], [ 133.3493125, 35.4210433 ], [ 133.3498899, 35.4205909 ], [ 133.3503042, 35.4202333 ], [ 133.3506089, 35.4199497 ], [ 133.3507531, 35.4198083 ], [ 133.3508917, 35.4196392 ], [ 133.3512904, 35.4190645 ], [ 133.3515931, 35.4185745 ], [ 133.3517891, 35.4182301 ], [ 133.351951, 35.4179455 ], [ 133.3520141, 35.4178347 ], [ 133.3524525, 35.4170645 ], [ 133.3526031, 35.4167518 ], [ 133.352702, 35.416475 ] ] } },
{ "type": "Feature", "properties": { "N12_001": "31", "N12_002": 1, "N12_003": 3, "N12_004": "一般国道431号", "N12_005": 49, "N12_006": 1 }, "geometry": { "type": "LineString", "coordinates": [ [ 133.2435722, 35.5409361 ], [ 133.2433505, 35.5404157 ], [ 133.2432721, 35.5402121 ], [ 133.2430776, 35.539759 ], [ 133.2429847, 35.5395767 ], [ 133.2428739, 35.5392753 ], [ 133.2427739, 35.538925 ], [ 133.2427064, 35.5386008 ], [ 133.2426833, 35.5384489 ], [ 133.2426739, 35.5382683 ], [ 133.2426417, 35.5377467 ], [ 133.2426478, 35.5375633 ], [ 133.2427047, 35.5370872 ], [ 133.2427211, 35.5369503 ], [ 133.2427437, 35.5367762 ], [ 133.242765, 35.5366117 ], [ 133.2428547, 35.5358662 ], [ 133.2430227, 35.53463 ], [ 133.2431679, 35.5333871 ], [ 133.2432275, 35.5330584 ], [ 133.2433016, 35.5325492 ], [ 133.2433789, 35.5320107 ], [ 133.2434646, 35.5313962 ], [ 133.2435922, 35.5306883 ], [ 133.2436244, 35.5305545 ], [ 133.2437069, 35.5300183 ], [ 133.2437756, 35.5296742 ], [ 133.2438188, 35.5294953 ], [ 133.2439865, 35.5288448 ], [ 133.2441153, 35.52835 ], [ 133.244443, 35.5271865 ], [ 133.2446327, 35.5265053 ], [ 133.2449108, 35.5256578 ], [ 133.2450803, 35.5251891 ], [ 133.245147, 35.525 ], [ 133.2453558, 35.524407 ], [ 133.2456329, 35.5237651 ], [ 133.2458412, 35.5232471 ], [ 133.2461125, 35.5226919 ], [ 133.2463315, 35.5222389 ], [ 133.2465231, 35.5218424 ], [ 133.2465845, 35.5217156 ], [ 133.2468058, 35.5212583 ], [ 133.2470411, 35.520788 ], [ 133.2474048, 35.519969 ], [ 133.2475616, 35.5196362 ], [ 133.2478125, 35.5190888 ], [ 133.2480975, 35.5184833 ], [ 133.2482799, 35.518121 ], [ 133.2486444, 35.5173222 ], [ 133.2487337, 35.5171306 ], [ 133.2488726, 35.5168658 ], [ 133.2489695, 35.5166667 ], [ 133.2491687, 35.5162552 ], [ 133.2493328, 35.5159376 ], [ 133.2495099, 35.515582 ], [ 133.25, 35.5146939 ], [ 133.2501511, 35.5144378 ], [ 133.2503895, 35.5140183 ], [ 133.2505489, 35.5137378 ], [ 133.250823, 35.5132917 ], [ 133.25116, 35.5127453 ], [ 133.2514631, 35.5122861 ], [ 133.2518671, 35.5117193 ], [ 133.2523975, 35.5109577 ], [ 133.2529442, 35.5101883 ], [ 133.25357, 35.5093148 ], [ 133.2540725, 35.5085886 ], [ 133.2542581, 35.5083333 ], [ 133.2547186, 35.5077004 ], [ 133.2554244, 35.5067396 ], [ 133.2558296, 35.5062287 ], [ 133.2562494, 35.5056939 ], [ 133.2565764, 35.5053198 ], [ 133.2568825, 35.5049667 ], [ 133.2571368, 35.5046725 ], [ 133.2572493, 35.5045423 ], [ 133.2574225, 35.5043425 ], [ 133.2579197, 35.5038111 ], [ 133.2580761, 35.5036306 ], [ 133.2585789, 35.5031484 ], [ 133.2588742, 35.5028356 ], [ 133.2597875, 35.5018758 ], [ 133.2607522, 35.5007978 ], [ 133.2611785, 35.500343 ], [ 133.2615083, 35.5 ], [ 133.2625316, 35.4989361 ], [ 133.2633183, 35.498095 ], [ 133.2639218, 35.4974185 ], [ 133.264774, 35.4965116 ], [ 133.2655922, 35.4956322 ], [ 133.2658239, 35.4953681 ], [ 133.2666667, 35.4944487 ], [ 133.2672706, 35.49379 ], [ 133.2676903, 35.4933395 ], [ 133.2681442, 35.4929111 ], [ 133.2685659, 35.4924694 ], [ 133.2692531, 35.4917492 ], [ 133.269464, 35.49155 ], [ 133.2698453, 35.4912397 ], [ 133.2702917, 35.4909353 ], [ 133.2706733, 35.4906714 ], [ 133.2711984, 35.4903254 ], [ 133.2716569, 35.4900283 ], [ 133.2719301, 35.4898464 ], [ 133.2727885, 35.4892804 ], [ 133.2734533, 35.4888542 ], [ 133.2737867, 35.4886403 ], [ 133.2745317, 35.4881489 ], [ 133.2750508, 35.4878059 ], [ 133.2763938, 35.4869462 ], [ 133.2783604, 35.4856483 ], [ 133.2787028, 35.485437 ], [ 133.2790447, 35.4852322 ], [ 133.2800872, 35.4845642 ], [ 133.2808084, 35.4840827 ], [ 133.2819368, 35.4833333 ], [ 133.2822819, 35.4831042 ], [ 133.2833333, 35.4824178 ], [ 133.2834764, 35.4823245 ], [ 133.2839033, 35.4820697 ], [ 133.284318, 35.4818229 ], [ 133.2854853, 35.4811753 ], [ 133.2864025, 35.4806906 ], [ 133.2870894, 35.4803333 ], [ 133.2876515, 35.4800359 ], [ 133.2886239, 35.4795289 ], [ 133.2889164, 35.4793703 ], [ 133.289474, 35.4790804 ], [ 133.2899831, 35.4788039 ], [ 133.2906728, 35.47846 ], [ 133.2916667, 35.4779805 ], [ 133.2928424, 35.4773949 ], [ 133.2939383, 35.4768261 ], [ 133.2947017, 35.4764036 ], [ 133.2960592, 35.4756645 ], [ 133.2966486, 35.4753521 ], [ 133.2970728, 35.4751491 ], [ 133.2973734, 35.475 ], [ 133.2978253, 35.4747758 ], [ 133.2981897, 35.4745986 ], [ 133.2984972, 35.4744778 ], [ 133.2988675, 35.474335 ], [ 133.2990953, 35.4742432 ], [ 133.2995206, 35.4740678 ], [ 133.2998206, 35.4739403 ], [ 133.2999753, 35.4738788 ], [ 133.3001348, 35.4738154 ], [ 133.3007951, 35.4735829 ], [ 133.3019931, 35.47312 ], [ 133.3023631, 35.4729678 ], [ 133.30272, 35.4728219 ], [ 133.3029403, 35.4727131 ], [ 133.3031758, 35.4725797 ], [ 133.3033317, 35.4724643 ], [ 133.3036411, 35.4722972 ], [ 133.3039561, 35.4720889 ], [ 133.3043023, 35.47184 ], [ 133.3045089, 35.4716911 ], [ 133.3048277, 35.4714398 ], [ 133.3052071, 35.4711394 ], [ 133.3056994, 35.4707497 ], [ 133.3058969, 35.4705697 ], [ 133.3060831, 35.4703772 ], [ 133.3062328, 35.4702094 ], [ 133.3064189, 35.4700108 ], [ 133.3065634, 35.4698176 ], [ 133.3066331, 35.4697201 ], [ 133.3068328, 35.4693972 ], [ 133.3070834, 35.4690206 ], [ 133.3075297, 35.4683517 ], [ 133.3080427, 35.4675996 ], [ 133.3083333, 35.46717 ], [ 133.3084944, 35.466932 ], [ 133.3086633, 35.4666772 ], [ 133.3087952, 35.4664792 ], [ 133.3090383, 35.4661402 ], [ 133.3092653, 35.4657856 ], [ 133.3095292, 35.4653633 ], [ 133.3096925, 35.4651583 ], [ 133.3098597, 35.464975 ], [ 133.3099944, 35.4648445 ], [ 133.3101653, 35.4647108 ], [ 133.3104958, 35.4645214 ], [ 133.3108186, 35.4643631 ], [ 133.3110728, 35.4642542 ], [ 133.3115381, 35.464081 ], [ 133.312307, 35.4637969 ], [ 133.3126911, 35.4636561 ], [ 133.3133761, 35.4634153 ], [ 133.3137648, 35.4632667 ], [ 133.3140396, 35.4631593 ], [ 133.3145972, 35.4629342 ], [ 133.3152408, 35.46267 ], [ 133.3157803, 35.4624339 ], [ 133.3160563, 35.4623135 ], [ 133.3166667, 35.4620347 ], [ 133.3170239, 35.4618714 ], [ 133.3175025, 35.4616633 ], [ 133.3179106, 35.4614925 ], [ 133.3184347, 35.4613031 ], [ 133.3189964, 35.4611043 ], [ 133.3193575, 35.4609831 ], [ 133.3196596, 35.4608775 ], [ 133.3198739, 35.4608122 ], [ 133.3203144, 35.4606756 ], [ 133.3210995, 35.4604291 ], [ 133.3218911, 35.4601894 ], [ 133.3233944, 35.4597311 ], [ 133.3237251, 35.4596201 ], [ 133.3240289, 35.4595231 ], [ 133.325, 35.4592145 ], [ 133.3256332, 35.4590133 ], [ 133.3268769, 35.45865 ], [ 133.3279003, 35.4583614 ], [ 133.3286675, 35.4581656 ], [ 133.3292543, 35.4580195 ], [ 133.3298353, 35.4578922 ], [ 133.3303608, 35.457779 ], [ 133.3310308, 35.4576573 ], [ 133.3315256, 35.4575689 ], [ 133.33171, 35.4575281 ], [ 133.332722, 35.457311 ], [ 133.3333333, 35.4571773 ], [ 133.3338533, 35.4570625 ], [ 133.3347714, 35.4568728 ], [ 133.3355868, 35.4567023 ], [ 133.3361814, 35.4565781 ], [ 133.3372389, 35.4563542 ], [ 133.3382056, 35.4561367 ], [ 133.3384527, 35.4560827 ], [ 133.3386798, 35.456025 ], [ 133.3396769, 35.4557922 ], [ 133.340219, 35.455652 ], [ 133.3405765, 35.4555659 ], [ 133.3414351, 35.4553402 ], [ 133.3417522, 35.4552573 ], [ 133.3422978, 35.4551106 ], [ 133.3434196, 35.4548228 ], [ 133.3437349, 35.454742 ], [ 133.3447506, 35.4544747 ], [ 133.3449111, 35.4544359 ], [ 133.3457365, 35.4542141 ], [ 133.3467639, 35.4539372 ], [ 133.3473731, 35.453782 ], [ 133.3476256, 35.4537167 ], [ 133.3491067, 35.4533256 ], [ 133.3500761, 35.4530812 ], [ 133.3513053, 35.4528378 ], [ 133.352257, 35.4526575 ], [ 133.3530541, 35.4524681 ], [ 133.3538074, 35.4523097 ], [ 133.3545942, 35.4521299 ], [ 133.3549839, 35.4520424 ], [ 133.3561143, 35.4517885 ], [ 133.3569299, 35.4516058 ], [ 133.3577128, 35.4514218 ], [ 133.3582775, 35.45129 ], [ 133.358917, 35.4511407 ], [ 133.3605709, 35.4507391 ], [ 133.3615139, 35.4505125 ], [ 133.36183, 35.4504456 ], [ 133.3630819, 35.4501475 ], [ 133.3643986, 35.4498174 ], [ 133.3651859, 35.449625 ], [ 133.3653914, 35.4495748 ], [ 133.3659193, 35.449444 ], [ 133.3667432, 35.4492414 ], [ 133.3675128, 35.4490595 ], [ 133.3683571, 35.4488467 ], [ 133.3692702, 35.4486214 ], [ 133.3699965, 35.4484561 ], [ 133.3716267, 35.4480592 ], [ 133.3723636, 35.4478789 ], [ 133.3732579, 35.4476348 ], [ 133.3737576, 35.4475063 ], [ 133.3743064, 35.4473608 ], [ 133.374881, 35.4472186 ], [ 133.3753271, 35.4471147 ], [ 133.3760335, 35.4469502 ], [ 133.3773964, 35.44661 ], [ 133.3784604, 35.4463464 ], [ 133.3794128, 35.4461058 ], [ 133.380774, 35.4457678 ], [ 133.3820036, 35.4454628 ], [ 133.3826886, 35.4452981 ], [ 133.3829711, 35.4452227 ], [ 133.3833333, 35.4451379 ], [ 133.3838492, 35.4450172 ], [ 133.3849108, 35.4447697 ], [ 133.3852632, 35.4446853 ], [ 133.3855641, 35.4445938 ], [ 133.3856892, 35.4445486 ], [ 133.3858242, 35.4445006 ], [ 133.386085, 35.4443825 ], [ 133.3867713, 35.4440646 ], [ 133.3871544, 35.4438325 ], [ 133.3877772, 35.4434549 ], [ 133.3879, 35.4433775 ], [ 133.3884695, 35.4430193 ], [ 133.3888339, 35.4428045 ], [ 133.3891169, 35.4426252 ], [ 133.3892041, 35.44257 ], [ 133.3895742, 35.4423283 ], [ 133.3899672, 35.4420508 ], [ 133.3903141, 35.4417628 ], [ 133.3905627, 35.4415336 ], [ 133.3907862, 35.4413016 ], [ 133.3911517, 35.4408714 ], [ 133.3913195, 35.4406282 ], [ 133.3914842, 35.4403885 ], [ 133.3916667, 35.4401174 ], [ 133.3917767, 35.4399539 ], [ 133.3924608, 35.4388989 ], [ 133.3927485, 35.4384684 ], [ 133.3929682, 35.4381235 ], [ 133.3933875, 35.4375031 ], [ 133.3938672, 35.4367892 ], [ 133.3945433, 35.4358503 ], [ 133.3947436, 35.4355864 ], [ 133.3956336, 35.4344053 ], [ 133.3959807, 35.4339547 ], [ 133.3962213, 35.4336424 ], [ 133.396455, 35.4333333 ], [ 133.3966115, 35.4331137 ], [ 133.3968031, 35.4328311 ], [ 133.3974322, 35.4318958 ], [ 133.3977714, 35.431302 ], [ 133.3979975, 35.4308561 ], [ 133.3981308, 35.4305217 ], [ 133.3983019, 35.4301389 ], [ 133.3986178, 35.4293222 ], [ 133.3990294, 35.4282767 ], [ 133.3991406, 35.4280271 ], [ 133.3992511, 35.4277289 ], [ 133.3994528, 35.4271692 ], [ 133.3996208, 35.4265647 ], [ 133.3996534, 35.4264394 ], [ 133.39979, 35.426017 ] ] } },
{ "type": "Feature", "properties": { "N12_001": "31", "N12_002": 1, "N12_003": 4, "N12_004": "鳥取県道　倉吉赤碕中山線", "N12_005": 50, "N12_006": 1 }, "geometry": { "type": "LineString", "coordinates": [ [ 133.7916326, 35.4230889 ], [ 133.7946347, 35.4239758 ], [ 133.796675, 35.4246082 ], [ 133.7969442, 35.4246899 ] ] } },
{ "type": "Feature", "properties": { "N12_001": "31", "N12_002": 1, "N12_003": 4, "N12_004": "鳥取県道　鳥取港線", "N12_005": 51, "N12_006": 1 }, "geometry": { "type": "LineString", "coordinates": [ [ 134.2024639, 35.5194266 ], [ 134.2025473, 35.5207763 ], [ 134.2026446, 35.5223074 ], [ 134.2026592, 35.5225192 ], [ 134.2027325, 35.5235842 ], [ 134.2028223, 35.525 ], [ 134.2028317, 35.5251483 ], [ 134.2028444, 35.5254332 ], [ 134.2028646, 35.5256905 ], [ 134.2028648, 35.5258602 ], [ 134.2028606, 35.5260211 ], [ 134.2028317, 35.5264267 ], [ 134.202795, 35.5266592 ], [ 134.2027305, 35.5269218 ], [ 134.2026783, 35.527102 ], [ 134.2025806, 35.5273467 ], [ 134.2024523, 35.5275766 ], [ 134.2022958, 35.5278 ], [ 134.2020769, 35.5280561 ], [ 134.2010342, 35.5290375 ], [ 134.2006112, 35.5294359 ], [ 134.1996905, 35.5302956 ], [ 134.1993769, 35.530552 ], [ 134.1991143, 35.5307485 ], [ 134.1983125, 35.5313 ], [ 134.1980847, 35.5314661 ] ] } },
{ "type": "Feature", "properties": { "N12_001": "31", "N12_002": 1, "N12_003": 6, "N12_004": "鳥取県道　渡余子停車場線", "N12_005": 52, "N12_006": 1 }, "geometry": { "type": "LineString", "coordinates": [ [ 133.2134605, 35.5222325 ], [ 133.2118273, 35.5217484 ], [ 133.2108254, 35.5215019 ], [ 133.2103797, 35.5214056 ] ] } },
{ "type": "Feature", "properties": { "N12_001": "31", "N12_002": 1, "N12_003": 4, "N12_004": "鳥取県道　米子境港線", "N12_005": 53, "N12_006": 1 }, "geometry": { "type": "LineString", "coordinates": [ [ 133.2430776, 35.539759 ], [ 133.2425503, 35.5398387 ], [ 133.2421466, 35.5399008 ], [ 133.2419792, 35.5399253 ], [ 133.2416667, 35.5399737 ], [ 133.2408047, 35.5401072 ], [ 133.2405497, 35.54015 ], [ 133.239742, 35.5402731 ], [ 133.2395727, 35.5402967 ], [ 133.2394964, 35.5403106 ], [ 133.2387313, 35.5404286 ], [ 133.2385441, 35.5404536 ], [ 133.2372315, 35.540659 ], [ 133.2356313, 35.540465 ], [ 133.2354464, 35.5404442 ], [ 133.2326435, 35.5400982 ], [ 133.2310007, 35.5399014 ], [ 133.2293943, 35.5397242 ], [ 133.2292958, 35.5396851 ], [ 133.2291633, 35.5396749 ], [ 133.2288936, 35.5396583 ], [ 133.2286217, 35.5396289 ], [ 133.2283289, 35.5395911 ], [ 133.227872, 35.5395198 ], [ 133.2275636, 35.5394695 ], [ 133.2272861, 35.5394022 ], [ 133.2269318, 35.5392931 ], [ 133.2267678, 35.5392304 ], [ 133.2259456, 35.5389031 ], [ 133.225, 35.53853 ], [ 133.2248394, 35.5384666 ], [ 133.2246502, 35.5383539 ], [ 133.2235919, 35.5378966 ], [ 133.2228386, 35.5375689 ], [ 133.2227459, 35.5375268 ], [ 133.2226042, 35.5374505 ], [ 133.2225344, 35.5374064 ], [ 133.2223675, 35.537312 ], [ 133.2221311, 35.5371483 ], [ 133.2219333, 35.5369972 ], [ 133.2217972, 35.5368609 ], [ 133.2216444, 35.5366942 ], [ 133.2215379, 35.5365454 ], [ 133.2214419, 35.5364108 ], [ 133.2211169, 35.5359106 ], [ 133.2205803, 35.5351008 ], [ 133.2203204, 35.5347106 ], [ 133.220159, 35.5344772 ], [ 133.2196078, 35.533679 ], [ 133.219365, 35.5333333 ], [ 133.219223, 35.533131 ], [ 133.2186739, 35.5323507 ], [ 133.2180786, 35.5315075 ], [ 133.2175711, 35.5308058 ], [ 133.2174539, 35.5306692 ], [ 133.2173592, 35.5305758 ], [ 133.2171972, 35.5304528 ], [ 133.2170722, 35.5303641 ], [ 133.2169019, 35.53025 ], [ 133.2167606, 35.53016 ], [ 133.2166475, 35.5300913 ], [ 133.2164517, 35.5299914 ], [ 133.2162144, 35.5298889 ], [ 133.2160137, 35.5298181 ], [ 133.215799, 35.5297567 ], [ 133.2155814, 35.5297067 ], [ 133.2153207, 35.5296597 ], [ 133.2149956, 35.529609 ], [ 133.2132656, 35.5293683 ], [ 133.2129839, 35.5293272 ], [ 133.2118001, 35.5291697 ], [ 133.2110008, 35.5290628 ], [ 133.2108067, 35.5290289 ], [ 133.2111589, 35.5281472 ], [ 133.2113794, 35.527595 ], [ 133.2114861, 35.5273133 ], [ 133.2118407, 35.5264348 ], [ 133.2121514, 35.5256461 ], [ 133.2124186, 35.5249778 ], [ 133.2128542, 35.5238717 ], [ 133.2130894, 35.5232171 ], [ 133.2134605, 35.5222325 ] ] } },
{ "type": "Feature", "properties": { "N12_001": "31", "N12_002": 1, "N12_003": 4, "N12_004": "鳥取県道　米子境港線", "N12_005": 53, "N12_006": 2 }, "geometry": { "type": "LineString", "coordinates": [ [ 133.3189925, 35.4352554 ], [ 133.3192182, 35.4351445 ], [ 133.3193154, 35.4350773 ], [ 133.319665, 35.4348722 ], [ 133.3199226, 35.434735 ], [ 133.3207853, 35.4342307 ], [ 133.3211821, 35.4340007 ], [ 133.3214659, 35.4338258 ], [ 133.3216648, 35.4336876 ], [ 133.3221722, 35.4333345 ], [ 133.3223768, 35.433133 ], [ 133.3225408, 35.4328461 ], [ 133.3226567, 35.4326286 ], [ 133.3232922, 35.4311595 ], [ 133.32343, 35.4308836 ], [ 133.3236228, 35.4306583 ], [ 133.3238958, 35.4304225 ], [ 133.3242906, 35.4301683 ], [ 133.324545, 35.43005 ], [ 133.325, 35.4298626 ], [ 133.3266375, 35.429188 ], [ 133.3270227, 35.4290189 ], [ 133.327305, 35.4288836 ], [ 133.3275253, 35.4287653 ], [ 133.3278692, 35.4285231 ], [ 133.3282683, 35.4282137 ], [ 133.3292953, 35.4273872 ] ] } },
{ "type": "Feature", "properties": { "N12_001": "31", "N12_002": 1, "N12_003": 7, "N12_004": "鳥取市道　岩吉安長線", "N12_005": 54, "N12_006": 1 }, "geometry": { "type": "LineString", "coordinates": [ [ 134.2017721, 35.5098676 ], [ 134.1973673, 35.5100479 ], [ 134.193972, 35.5111372 ] ] } },
{ "type": "Feature", "properties": { "N12_001": "31", "N12_002": 1, "N12_003": 9, "N12_004": "-", "N12_005": 55, "N12_006": 1 }, "geometry": { "type": "LineString", "coordinates": [ [ 133.7969442, 35.4246899 ], [ 133.7970768, 35.4261349 ], [ 133.7977676, 35.4293937 ] ] } },
{ "type": "Feature", "properties": { "N12_001": "31", "N12_002": 1, "N12_003": 9, "N12_004": "-", "N12_005": 56, "N12_006": 1 }, "geometry": { "type": "LineString", "coordinates": [ [ 133.2435722, 35.5409361 ], [ 133.2454179, 35.5454377 ] ] } },
{ "type": "Feature", "properties": { "N12_001": "31", "N12_002": 1, "N12_003": 9, "N12_004": "-", "N12_005": 57, "N12_006": 1 }, "geometry": { "type": "LineString", "coordinates": [ [ 133.2108067, 35.5290289 ], [ 133.2052485, 35.5283672 ], [ 133.2022364, 35.5282008 ] ] } },
{ "type": "Feature", "properties": { "N12_001": "31", "N12_002": 1, "N12_003": 9, "N12_004": "-", "N12_005": 58, "N12_006": 1 }, "geometry": { "type": "LineString", "coordinates": [ [ 133.2007374, 35.5264486 ], [ 133.2025689, 35.5265373 ] ] } },
{ "type": "Feature", "properties": { "N12_001": "31", "N12_002": 1, "N12_003": 9, "N12_004": "-", "N12_005": 59, "N12_006": 1 }, "geometry": { "type": "LineString", "coordinates": [ [ 133.2876515, 35.4800359 ], [ 133.2867696, 35.4793592 ], [ 133.2867406, 35.478767 ], [ 133.2865669, 35.4777011 ], [ 133.2862773, 35.4771563 ], [ 133.2786326, 35.4713767 ], [ 133.2726384, 35.4749298 ], [ 133.2708141, 35.4767537 ], [ 133.2662678, 35.4795013 ], [ 133.2641611, 35.4810291 ], [ 133.2620181, 35.4827583 ] ] } },
{ "type": "Feature", "properties": { "N12_001": "31", "N12_002": 1, "N12_003": 3, "N12_004": "一般国道373号", "N12_005": 60, "N12_006": 1 }, "geometry": { "type": "LineString", "coordinates": [ [ 134.2265999, 35.2779293 ], [ 134.2268883, 35.2775859 ], [ 134.2269707, 35.2773184 ], [ 134.2268952, 35.2770847 ], [ 134.2266342, 35.276868 ], [ 134.2263665, 35.2767948 ], [ 134.2259922, 35.2768088 ], [ 134.2255734, 35.2770397 ], [ 134.2243332, 35.2778758 ], [ 134.2239624, 35.2781545 ], [ 134.223844, 35.278315 ], [ 134.2237461, 35.2786613 ], [ 134.2238234, 35.2790329 ], [ 134.2240963, 35.2793243 ], [ 134.225022, 35.280057 ], [ 134.2262039, 35.2810198 ], [ 134.2265669, 35.2815709 ], [ 134.2266364, 35.2819763 ], [ 134.226652, 35.2824513 ], [ 134.2265361, 35.2828694 ], [ 134.2262426, 35.2834205 ], [ 134.2261344, 35.2839146 ], [ 134.2260949, 35.2841475 ], [ 134.2261979, 35.2846585 ], [ 134.2262958, 35.2850301 ] ] } },
{ "type": "Feature", "properties": { "N12_001": "31", "N12_002": 1, "N12_003": 3, "N12_004": "一般国道178号", "N12_005": 7, "N12_006": 2 }, "geometry": { "type": "LineString", "coordinates": [ [ 134.3808361, 35.6037461 ], [ 134.3798773, 35.603006 ], [ 134.3789558, 35.6023518 ], [ 134.3785025, 35.6020902 ], [ 134.3779385, 35.6017681 ], [ 134.3769615, 35.6012397 ], [ 134.3762478, 35.6008898 ], [ 134.374819, 35.6003676 ], [ 134.3722712, 35.5994605 ], [ 134.372186, 35.5994324 ], [ 134.3713005, 35.5991477 ], [ 134.37026, 35.5988397 ], [ 134.3687535, 35.5984391 ], [ 134.36808, 35.5983069 ], [ 134.3676314, 35.5982808 ], [ 134.3672614, 35.5982958 ], [ 134.3671445, 35.5982508 ], [ 134.3665974, 35.5981728 ], [ 134.366493, 35.5981175 ], [ 134.3655114, 35.5975817 ], [ 134.36458, 35.597063 ], [ 134.3644006, 35.5969617 ], [ 134.3636142, 35.5965108 ], [ 134.3629226, 35.5961176 ], [ 134.3621864, 35.5957167 ], [ 134.3618344, 35.5955586 ], [ 134.3616411, 35.5954856 ], [ 134.3613653, 35.5954008 ], [ 134.3605275, 35.5951597 ], [ 134.3601113, 35.5950631 ], [ 134.3597403, 35.5949631 ], [ 134.3584551, 35.5946822 ], [ 134.3583737, 35.5946673 ], [ 134.3566777, 35.5943565 ], [ 134.3553747, 35.5941264 ], [ 134.3551156, 35.5940989 ], [ 134.3550589, 35.5941009 ], [ 134.3549917, 35.5941033 ], [ 134.3548675, 35.5941308 ], [ 134.3546119, 35.5942456 ], [ 134.3536461, 35.5948314 ], [ 134.3530047, 35.5952372 ], [ 134.3528322, 35.5953556 ], [ 134.3525633, 35.5955642 ], [ 134.3523975, 35.5957106 ], [ 134.3522458, 35.5958797 ], [ 134.3520458, 35.5961953 ], [ 134.3519492, 35.5964147 ], [ 134.3518594, 35.5966908 ], [ 134.3518042, 35.5970064 ], [ 134.3517631, 35.5974008 ], [ 134.3517124, 35.598074 ], [ 134.3516522, 35.5988717 ], [ 134.3516317, 35.5990011 ], [ 134.3515833, 35.5991364 ], [ 134.3513856, 35.5994791 ], [ 134.3511529, 35.5997368 ], [ 134.3508505, 35.5999694 ], [ 134.3507823, 35.6000011 ], [ 134.3505969, 35.6000325 ], [ 134.3503208, 35.6000889 ], [ 134.35, 35.6001633 ], [ 134.3498104, 35.6002072 ], [ 134.3490656, 35.6004042 ], [ 134.3488445, 35.6004551 ], [ 134.3481756, 35.6005733 ], [ 134.3475502, 35.6007042 ], [ 134.3473347, 35.6006026 ], [ 134.346865, 35.6004097 ], [ 134.3465408, 35.600252 ], [ 134.3463475, 35.600145 ], [ 134.3462508, 35.6000547 ], [ 134.3462185, 35.6 ], [ 134.3461408, 35.5998689 ], [ 134.3460647, 35.5996208 ], [ 134.3459128, 35.5992547 ], [ 134.3458106, 35.5990494 ], [ 134.3457197, 35.59899 ], [ 134.3454856, 35.5988943 ], [ 134.3451817, 35.5987758 ], [ 134.3448644, 35.5986236 ], [ 134.3446089, 35.5984547 ], [ 134.3443886, 35.5982797 ], [ 134.3442853, 35.5981842 ], [ 134.344085, 35.5979247 ], [ 134.3440341, 35.5978439 ], [ 134.3438144, 35.5974953 ], [ 134.3433467, 35.5967222 ], [ 134.3432955, 35.59665 ], [ 134.3431746, 35.5964793 ], [ 134.3425467, 35.595592 ], [ 134.3422708, 35.59513 ], [ 134.3417742, 35.594217 ], [ 134.3416667, 35.5939645 ], [ 134.3415508, 35.5936925 ], [ 134.3414661, 35.5935958 ], [ 134.3413327, 35.5935014 ], [ 134.3411947, 35.5934339 ], [ 134.3410361, 35.5933775 ], [ 134.3402633, 35.5931575 ], [ 134.3398451, 35.5930456 ], [ 134.3393911, 35.5929235 ], [ 134.3389642, 35.5928085 ], [ 134.3386492, 35.5927239 ], [ 134.3375245, 35.592425 ], [ 134.337282, 35.5923555 ], [ 134.3366078, 35.5921433 ], [ 134.3362596, 35.592024 ], [ 134.3358892, 35.5918975 ], [ 134.3352775, 35.5916667 ], [ 134.334793, 35.5914839 ], [ 134.3345514, 35.5913938 ], [ 134.3339309, 35.5911739 ], [ 134.3332223, 35.5909102 ], [ 134.3327653, 35.59074 ], [ 134.3321581, 35.5905314 ], [ 134.3312129, 35.5902555 ], [ 134.3310106, 35.5902032 ], [ 134.3307965, 35.5901518 ], [ 134.3306138, 35.5901168 ], [ 134.3304421, 35.5900945 ], [ 134.3302394, 35.5900713 ], [ 134.3297912, 35.5900315 ], [ 134.3295438, 35.5900131 ], [ 134.3286608, 35.5899117 ], [ 134.3279159, 35.5898214 ], [ 134.327619, 35.5897794 ], [ 134.3276328, 35.5884972 ], [ 134.3276192, 35.5874603 ], [ 134.3275708, 35.5871053 ], [ 134.3275228, 35.5869814 ], [ 134.327433, 35.5867841 ], [ 134.3272623, 35.5864748 ], [ 134.3269661, 35.5859153 ], [ 134.3266597, 35.5853361 ], [ 134.3265083, 35.5849981 ], [ 134.3264672, 35.5848628 ], [ 134.3264394, 35.5847445 ], [ 134.326435, 35.5845546 ], [ 134.3264464, 35.5842822 ], [ 134.3265017, 35.5839608 ], [ 134.3265839, 35.5835439 ], [ 134.3266047, 35.5832905 ], [ 134.3266163, 35.5832004 ], [ 134.3266452, 35.5829748 ], [ 134.3266806, 35.5826989 ], [ 134.3266831, 35.5825328 ], [ 134.3266806, 35.5823439 ], [ 134.3266483, 35.5821967 ], [ 134.3266019, 35.5820408 ], [ 134.3265292, 35.5818648 ], [ 134.326474, 35.5817804 ], [ 134.3263823, 35.581665 ], [ 134.3262949, 35.5815549 ], [ 134.3260742, 35.5812505 ], [ 134.3256403, 35.5806647 ], [ 134.3255644, 35.5805352 ], [ 134.3253945, 35.5801719 ], [ 134.3250819, 35.5795039 ], [ 134.3250184, 35.5793758 ], [ 134.3249574, 35.5792528 ], [ 134.3248064, 35.5790756 ], [ 134.3246892, 35.5789853 ], [ 134.3245928, 35.5789289 ], [ 134.3244578, 35.5788778 ], [ 134.3242751, 35.578827 ], [ 134.3240899, 35.5787939 ], [ 134.3237244, 35.5787486 ], [ 134.3235697, 35.5787328 ], [ 134.3233822, 35.5787289 ], [ 134.3229873, 35.5787486 ], [ 134.3226911, 35.5787939 ], [ 134.3224567, 35.5788445 ], [ 134.3220156, 35.5789797 ], [ 134.3217397, 35.5790247 ], [ 134.321632, 35.5790331 ], [ 134.3215469, 35.5790306 ], [ 134.3214986, 35.5790192 ], [ 134.320874, 35.5787495 ], [ 134.3201253, 35.5784263 ], [ 134.3198106, 35.5782808 ], [ 134.3181911, 35.5775875 ], [ 134.3178878, 35.5774581 ], [ 134.3174708, 35.5772728 ], [ 134.3173615, 35.5772382 ], [ 134.3173433, 35.5772325 ], [ 134.3171986, 35.5772325 ], [ 134.3171158, 35.5772383 ], [ 134.3169301, 35.5772722 ], [ 134.3163391, 35.5774811 ], [ 134.3160825, 35.577537 ], [ 134.3158414, 35.5775483 ], [ 134.3155725, 35.5775314 ], [ 134.3150695, 35.57752 ], [ 134.3142356, 35.5774806 ], [ 134.3137462, 35.5774692 ], [ 134.312835, 35.5774185 ], [ 134.3125266, 35.5774017 ], [ 134.3123475, 35.5773847 ], [ 134.312127, 35.5773847 ], [ 134.31107, 35.5768759 ] ] } },
{ "type": "Feature", "properties": { "N12_001": "31", "N12_002": 1, "N12_003": 3, "N12_004": "一般国道29号", "N12_005": 61, "N12_006": 1 }, "geometry": { "type": "LineString", "coordinates": [ [ 134.2024639, 35.5194266 ], [ 134.2024475, 35.5192339 ], [ 134.2024185, 35.5188798 ], [ 134.2023849, 35.5183463 ], [ 134.2022747, 35.5167365 ], [ 134.2021939, 35.5157503 ], [ 134.2020291, 35.5135151 ], [ 134.2020072, 35.5132787 ], [ 134.2018747, 35.5112854 ], [ 134.2017797, 35.5100231 ], [ 134.2017721, 35.5098676 ], [ 134.2016872, 35.5083333 ], [ 134.2016701, 35.5080098 ], [ 134.2015978, 35.5066428 ], [ 134.2015431, 35.5056098 ], [ 134.2015101, 35.5049887 ], [ 134.2014181, 35.5032506 ], [ 134.2014069, 35.5031475 ], [ 134.2013911, 35.5029665 ], [ 134.2013314, 35.5022445 ], [ 134.2013283, 35.5021995 ], [ 134.2013242, 35.5018289 ], [ 134.2013622, 35.50151 ], [ 134.2014181, 35.5011839 ], [ 134.2014712, 35.5009996 ], [ 134.201561, 35.5007532 ], [ 134.2016108, 35.5006056 ], [ 134.2016824, 35.5003143 ], [ 134.2017596, 35.5 ], [ 134.2018081, 35.4998026 ], [ 134.2018679, 35.4995591 ], [ 134.2018836, 35.4994952 ], [ 134.2020109, 35.4989771 ], [ 134.2021207, 35.4985152 ], [ 134.2021516, 35.4983685 ], [ 134.2021811, 35.4981996 ], [ 134.2025072, 35.4967695 ], [ 134.2036453, 35.4917898 ], [ 134.2038342, 35.4909587 ], [ 134.2042354, 35.4891276 ], [ 134.2042892, 35.4888819 ], [ 134.2047234, 35.486874 ], [ 134.2051974, 35.4848261 ], [ 134.2054636, 35.4836733 ], [ 134.2055487, 35.4833333 ], [ 134.20558, 35.4832081 ], [ 134.2056659, 35.4828648 ], [ 134.2058294, 35.4824122 ], [ 134.2059739, 35.4820872 ], [ 134.2060916, 35.4818487 ], [ 134.2062244, 35.4816311 ], [ 134.2063872, 35.4813964 ], [ 134.2065852, 35.481165 ], [ 134.2066441, 35.4810962 ], [ 134.2067324, 35.4809968 ], [ 134.2068972, 35.4808317 ], [ 134.2071478, 35.480614 ], [ 134.2073342, 35.4804638 ], [ 134.2076396, 35.4802309 ], [ 134.2078638, 35.4800888 ], [ 134.2081832, 35.4799063 ], [ 134.2083569, 35.4798192 ], [ 134.2085989, 35.479712 ], [ 134.2087344, 35.4796674 ], [ 134.2088812, 35.4796148 ], [ 134.2094839, 35.4794027 ], [ 134.2098289, 35.4793178 ], [ 134.2106024, 35.4791903 ], [ 134.2106473, 35.4791829 ], [ 134.2107115, 35.479172 ], [ 134.2119144, 35.4789665 ], [ 134.2150783, 35.4783938 ], [ 134.216001, 35.4782331 ], [ 134.217674, 35.4779636 ], [ 134.2177829, 35.4779452 ], [ 134.2178918, 35.4779268 ], [ 134.2202333, 35.4774629 ], [ 134.2203407, 35.4774397 ], [ 134.2209617, 35.4772795 ], [ 134.221248, 35.4771807 ], [ 134.2217103, 35.4770065 ], [ 134.2228186, 35.476457 ], [ 134.2240985, 35.4757153 ], [ 134.2245165, 35.4754996 ], [ 134.225, 35.4752661 ], [ 134.2253022, 35.4751177 ], [ 134.225683, 35.4749114 ], [ 134.2276241, 35.4738246 ], [ 134.2281614, 35.4735368 ], [ 134.2285261, 35.4733622 ], [ 134.2288358, 35.4732442 ], [ 134.229125, 35.4731542 ], [ 134.2294556, 35.4730864 ], [ 134.2298342, 35.47303 ], [ 134.2302267, 35.4729906 ], [ 134.2309906, 35.4729567 ], [ 134.2324537, 35.4729803 ], [ 134.2335184, 35.4730209 ], [ 134.2341529, 35.4730451 ], [ 134.2352002, 35.4730216 ], [ 134.2355478, 35.4730039 ], [ 134.2362161, 35.4729511 ], [ 134.2374342, 35.4728497 ], [ 134.2380299, 35.4727418 ], [ 134.2384095, 35.4726496 ], [ 134.2389625, 35.4725117 ], [ 134.2394786, 35.4723606 ], [ 134.2398885, 35.4722363 ], [ 134.2405525, 35.4719936 ], [ 134.240945, 35.4718131 ], [ 134.2412758, 35.4716158 ], [ 134.2415314, 35.4714328 ], [ 134.2416681, 35.4713228 ], [ 134.2417783, 35.4712211 ], [ 134.241907, 35.4710882 ], [ 134.2420672, 35.4709228 ], [ 134.2421947, 35.470766 ], [ 134.2422828, 35.4706576 ], [ 134.2426055, 35.4701691 ], [ 134.2427078, 35.4699481 ], [ 134.2428108, 35.4696775 ], [ 134.2429072, 35.4693392 ], [ 134.2429692, 35.4690464 ], [ 134.2430244, 35.4686764 ], [ 134.2430455, 35.468386 ], [ 134.243082, 35.4674601 ], [ 134.2430912, 35.4671834 ], [ 134.2430964, 35.4667083 ], [ 134.2430967, 35.4666667 ], [ 134.2430994, 35.4662686 ], [ 134.243099, 35.4649401 ], [ 134.2431076, 35.4647658 ], [ 134.2430975, 35.4644055 ], [ 134.2430988, 35.4634587 ], [ 134.243103, 35.4625436 ], [ 134.2431063, 35.461886 ], [ 134.2431072, 35.461796 ], [ 134.2431195, 35.4609195 ], [ 134.2431354, 35.4596817 ], [ 134.2431435, 35.4580218 ], [ 134.2431445, 35.4578418 ], [ 134.2431382, 35.4564749 ], [ 134.2431734, 35.4561478 ], [ 134.2432125, 35.4558939 ], [ 134.2432567, 35.4556941 ], [ 134.2433576, 35.4552513 ], [ 134.2434653, 35.4549614 ], [ 134.2437324, 35.4544997 ], [ 134.2440285, 35.4540752 ], [ 134.244337, 35.4536632 ], [ 134.2447366, 35.4532532 ], [ 134.2451099, 35.452914 ], [ 134.2452626, 35.4527831 ], [ 134.2468176, 35.4516807 ], [ 134.2470583, 35.4515552 ], [ 134.2474694, 35.4513419 ], [ 134.2478655, 35.4511291 ], [ 134.2480679, 35.4510288 ], [ 134.2484908, 35.4508397 ], [ 134.2487122, 35.4507506 ], [ 134.2493031, 35.4505128 ], [ 134.25, 35.4502525 ], [ 134.2503289, 35.4501297 ], [ 134.2506891, 35.45 ], [ 134.2520657, 35.4495043 ], [ 134.2521939, 35.4494581 ], [ 134.2524139, 35.4493789 ], [ 134.2527678, 35.4492445 ], [ 134.2531911, 35.449065 ], [ 134.2539604, 35.4486539 ], [ 134.2541625, 35.4485395 ], [ 134.2544217, 35.44836 ], [ 134.2546506, 35.4481433 ], [ 134.2548744, 35.4478844 ], [ 134.2549269, 35.4478167 ], [ 134.2552006, 35.4474742 ], [ 134.2557742, 35.4466642 ], [ 134.2559808, 35.4463147 ], [ 134.2560839, 35.446112 ], [ 134.2561666, 35.4458754 ], [ 134.2562147, 35.4456781 ], [ 134.2562353, 35.4453978 ], [ 134.2562217, 35.445092 ], [ 134.2561872, 35.444765 ], [ 134.2560839, 35.4441172 ], [ 134.2560219, 35.4434183 ], [ 134.2559736, 35.4423609 ], [ 134.25592, 35.4416667 ], [ 134.2558778, 35.4411192 ], [ 134.2558703, 35.4408372 ], [ 134.2558778, 35.4406042 ], [ 134.2559147, 35.4403772 ], [ 134.2559592, 35.4401836 ], [ 134.2560294, 35.4400203 ], [ 134.256215, 35.4396542 ], [ 134.2563656, 35.4393186 ], [ 134.2564414, 35.4390845 ], [ 134.2565597, 35.4386308 ], [ 134.2566725, 35.4381692 ], [ 134.2567964, 35.4375308 ], [ 134.2568751, 35.4371092 ], [ 134.2570571, 35.4361188 ], [ 134.257165, 35.43549 ], [ 134.2573783, 35.434515 ], [ 134.2574539, 35.4342786 ], [ 134.2575514, 35.4340722 ], [ 134.2576508, 35.4338969 ], [ 134.2577731, 35.4336814 ], [ 134.2579163, 35.4334311 ], [ 134.2579762, 35.4333333 ], [ 134.2583333, 35.4327503 ], [ 134.2587564, 35.4320597 ], [ 134.2588103, 35.4319514 ], [ 134.2589131, 35.4317169 ], [ 134.260898, 35.4274458 ], [ 134.2617034, 35.4257824 ], [ 134.2619153, 35.4253811 ], [ 134.2620253, 35.4251517 ], [ 134.2621051, 35.4249559 ], [ 134.2621244, 35.4249083 ], [ 134.2622778, 35.4244509 ], [ 134.2623266, 35.4242419 ], [ 134.2623614, 35.4240308 ], [ 134.2623861, 35.4235845 ], [ 134.2623811, 35.4233656 ], [ 134.2622919, 35.422867 ], [ 134.2622275, 35.4226764 ], [ 134.2621433, 35.422502 ], [ 134.2620178, 35.4222764 ], [ 134.2617502, 35.421876 ], [ 134.2614883, 35.4215661 ], [ 134.2612617, 35.4213408 ], [ 134.2605869, 35.4207602 ], [ 134.2601603, 35.4203942 ], [ 134.2598073, 35.4200788 ], [ 134.2595261, 35.419825 ], [ 134.2592186, 35.4195261 ], [ 134.2589639, 35.4193008 ], [ 134.2587841, 35.419134 ], [ 134.2586819, 35.4190583 ], [ 134.2584388, 35.418828 ], [ 134.2583333, 35.4187288 ], [ 134.2582254, 35.4186273 ], [ 134.2577548, 35.4181866 ], [ 134.2576355, 35.418075 ], [ 134.2571692, 35.4176383 ], [ 134.2570526, 35.4175484 ], [ 134.2567978, 35.4173061 ], [ 134.2564403, 35.4168494 ], [ 134.2563334, 35.4166464 ], [ 134.2563097, 35.4166012 ], [ 134.2560708, 35.4160518 ], [ 134.256, 35.4158549 ], [ 134.2559235, 35.4156447 ], [ 134.2555246, 35.4144933 ], [ 134.2554503, 35.4143078 ], [ 134.2552043, 35.4136264 ], [ 134.2550236, 35.4131196 ], [ 134.2549299, 35.4128557 ], [ 134.2546871, 35.4121839 ], [ 134.2546593, 35.4121153 ], [ 134.2544729, 35.4116519 ], [ 134.2543602, 35.411366 ], [ 134.2541022, 35.4107125 ], [ 134.2539708, 35.4103939 ], [ 134.2537928, 35.4099628 ], [ 134.2537656, 35.4097995 ], [ 134.2537656, 35.4097569 ], [ 134.2537656, 35.4094786 ], [ 134.2537794, 35.4091683 ], [ 134.2538345, 35.4088807 ], [ 134.2539033, 35.408667 ], [ 134.254075, 35.408323 ], [ 134.2543147, 35.4078842 ], [ 134.2545772, 35.4074775 ], [ 134.2547968, 35.4072247 ], [ 134.255748, 35.4063938 ], [ 134.2559117, 35.4062436 ], [ 134.2563928, 35.4057592 ], [ 134.2565167, 35.4056464 ], [ 134.2570733, 35.4050939 ], [ 134.257406, 35.4047699 ], [ 134.25754, 35.4046456 ], [ 134.2577267, 35.4044575 ], [ 134.2582428, 35.4039614 ], [ 134.2583333, 35.4038648 ], [ 134.2585864, 35.403595 ], [ 134.2587103, 35.4034711 ], [ 134.2593017, 35.4028453 ], [ 134.2596389, 35.4025017 ], [ 134.2602097, 35.4019328 ], [ 134.2605811, 35.401572 ], [ 134.2606978, 35.4014761 ], [ 134.2608356, 35.4013806 ], [ 134.2610144, 35.4012847 ], [ 134.2611794, 35.4012225 ], [ 134.2623656, 35.4009428 ], [ 134.2625978, 35.4009033 ], [ 134.2630331, 35.4008339 ], [ 134.2633244, 35.400812 ], [ 134.2635789, 35.4008367 ], [ 134.2637765, 35.4008697 ], [ 134.2639504, 35.4009014 ], [ 134.2641896, 35.4009348 ], [ 134.2646244, 35.4010028 ], [ 134.2648033, 35.4010142 ], [ 134.2650644, 35.4009917 ], [ 134.2652986, 35.4009181 ], [ 134.2654978, 35.4008167 ], [ 134.2656631, 35.40071 ], [ 134.2664937, 35.4000949 ], [ 134.2667084, 35.3999462 ], [ 134.2670557, 35.3997088 ], [ 134.2675403, 35.3993686 ], [ 134.2677331, 35.3992108 ], [ 134.2680628, 35.3988956 ], [ 134.2685543, 35.3983324 ], [ 134.2688747, 35.3979936 ], [ 134.2692146, 35.3976233 ], [ 134.2693969, 35.3974245 ], [ 134.2696172, 35.3972497 ], [ 134.2699473, 35.3970639 ], [ 134.2705952, 35.396787 ], [ 134.2708344, 35.3967147 ], [ 134.2709584, 35.3966864 ], [ 134.2712967, 35.3966516 ], [ 134.2716053, 35.3966188 ], [ 134.2718189, 35.3965973 ], [ 134.2719782, 35.3965814 ], [ 134.272097, 35.3965565 ], [ 134.2722179, 35.3965303 ], [ 134.2723009, 35.3965084 ], [ 134.2723951, 35.3964848 ], [ 134.2725398, 35.3964383 ], [ 134.2732959, 35.3961512 ], [ 134.274312, 35.3957879 ], [ 134.2744237, 35.3957481 ], [ 134.2747267, 35.395641 ], [ 134.2748479, 35.3955979 ], [ 134.2750474, 35.3955267 ], [ 134.2753918, 35.3953956 ], [ 134.2756971, 35.3952612 ], [ 134.2758944, 35.3951704 ], [ 134.2760548, 35.395083 ], [ 134.2761576, 35.3950074 ], [ 134.2762357, 35.3949401 ], [ 134.2763328, 35.3948417 ], [ 134.2767003, 35.394455 ], [ 134.2769825, 35.3941561 ], [ 134.2776211, 35.3935876 ], [ 134.2779111, 35.3933503 ], [ 134.2781255, 35.3931713 ], [ 134.2786677, 35.3927132 ], [ 134.2791137, 35.3923249 ], [ 134.2798232, 35.3916667 ], [ 134.2799944, 35.3915078 ], [ 134.2807084, 35.39084 ], [ 134.2814114, 35.3901664 ], [ 134.2816385, 35.3899463 ], [ 134.2817617, 35.3898228 ], [ 134.2819112, 35.3896814 ], [ 134.2821194, 35.3894847 ], [ 134.2824124, 35.3891912 ], [ 134.2833327, 35.3886096 ], [ 134.2838685, 35.3882789 ], [ 134.284539, 35.387853 ], [ 134.2848525, 35.3876736 ], [ 134.2852612, 35.3874397 ], [ 134.2858467, 35.3871011 ], [ 134.2865553, 35.3866897 ], [ 134.2866925, 35.3865825 ], [ 134.2868265, 35.3864365 ], [ 134.2870572, 35.3862164 ], [ 134.2875388, 35.3857318 ], [ 134.2876625, 35.3855967 ], [ 134.2885175, 35.384726 ], [ 134.2885975, 35.3846442 ], [ 134.2887264, 35.3844942 ], [ 134.2897944, 35.3834608 ], [ 134.289925, 35.3833333 ], [ 134.2901178, 35.383115 ], [ 134.2903031, 35.3829031 ], [ 134.2905094, 35.3826042 ], [ 134.290589, 35.3824721 ], [ 134.2908669, 35.3820239 ], [ 134.2910594, 35.3816575 ], [ 134.2911489, 35.3814492 ], [ 134.291637, 35.38012 ], [ 134.2916667, 35.3800667 ], [ 134.2917539, 35.3799103 ], [ 134.2918643, 35.3797628 ], [ 134.2920315, 35.3796103 ], [ 134.2921433, 35.3795186 ], [ 134.2922991, 35.3794307 ], [ 134.2928933, 35.3791381 ], [ 134.2932533, 35.3789245 ], [ 134.2934323, 35.3788344 ], [ 134.2941681, 35.3784681 ], [ 134.2951997, 35.3779778 ], [ 134.2961347, 35.3775325 ], [ 134.2964306, 35.3773861 ], [ 134.2970766, 35.3770821 ], [ 134.2983842, 35.3764561 ], [ 134.2990094, 35.3761633 ], [ 134.2995183, 35.3759211 ], [ 134.2995664, 35.3758928 ], [ 134.2997112, 35.3758203 ], [ 134.3001233, 35.3756167 ], [ 134.3003022, 35.3755661 ], [ 134.3008662, 35.3754928 ], [ 134.3011344, 35.3754706 ], [ 134.3015401, 35.3754198 ], [ 134.3017812, 35.3753914 ], [ 134.3024322, 35.3753336 ], [ 134.3027228, 35.3752056 ], [ 134.3030608, 35.3750226 ], [ 134.3031316, 35.3749877 ], [ 134.3037064, 35.3746928 ], [ 134.3046347, 35.3742081 ], [ 134.305231, 35.3739098 ], [ 134.305302, 35.3738759 ], [ 134.306467, 35.3732847 ], [ 134.3065878, 35.3732219 ], [ 134.3071929, 35.372929 ], [ 134.3075614, 35.372738 ], [ 134.3077197, 35.3726217 ], [ 134.3078141, 35.3725281 ], [ 134.3080147, 35.3723022 ], [ 134.3083333, 35.3719419 ], [ 134.3085228, 35.3717276 ], [ 134.3085617, 35.3716836 ], [ 134.3088646, 35.3713334 ], [ 134.3090158, 35.3711708 ], [ 134.3094486, 35.3707536 ], [ 134.3096069, 35.3706186 ], [ 134.3100333, 35.3702581 ], [ 134.310287, 35.3700379 ], [ 134.3107758, 35.3696269 ], [ 134.3111956, 35.3692492 ], [ 134.3117177, 35.3688097 ], [ 134.3121239, 35.3684492 ], [ 134.3127908, 35.3678856 ], [ 134.3131072, 35.3676431 ], [ 134.3132103, 35.36757 ], [ 134.313424, 35.3674588 ], [ 134.31374, 35.3673389 ], [ 134.3139328, 35.36726 ], [ 134.3143594, 35.367102 ], [ 134.3146643, 35.3669919 ], [ 134.3151978, 35.3668036 ], [ 134.3155917, 35.3666667 ], [ 134.3158786, 35.366567 ], [ 134.3161256, 35.3664867 ], [ 134.3161822, 35.3664803 ], [ 134.3163442, 35.3664508 ], [ 134.3165789, 35.3664561 ], [ 134.3167565, 35.3664769 ], [ 134.3173976, 35.3666017 ], [ 134.3176831, 35.3666433 ], [ 134.3179053, 35.3666639 ], [ 134.3182411, 35.3666433 ], [ 134.3198274, 35.3664145 ], [ 134.3204619, 35.3663781 ], [ 134.3206416, 35.3663745 ], [ 134.3215156, 35.3663572 ], [ 134.3219503, 35.366375 ], [ 134.3232874, 35.366349 ], [ 134.3234236, 35.3663464 ], [ 134.323675, 35.3663414 ], [ 134.3237408, 35.3663451 ], [ 134.324577, 35.3663928 ], [ 134.3248358, 35.3664842 ], [ 134.325, 35.3665769 ], [ 134.3252055, 35.3666928 ], [ 134.3254144, 35.3668047 ], [ 134.3265389, 35.367355 ], [ 134.3269739, 35.3675111 ], [ 134.3273189, 35.3675464 ], [ 134.3277214, 35.3675258 ], [ 134.3278783, 35.3675189 ], [ 134.3283669, 35.367497 ], [ 134.3283922, 35.367495 ], [ 134.3295184, 35.3674143 ], [ 134.3297769, 35.3673958 ], [ 134.3306365, 35.367362 ], [ 134.3310283, 35.3673395 ], [ 134.331161, 35.3673236 ], [ 134.3315511, 35.3672661 ], [ 134.3316857, 35.3672379 ], [ 134.3328442, 35.3669956 ], [ 134.3330691, 35.3669494 ], [ 134.3333333, 35.3668945 ], [ 134.3335247, 35.3668547 ], [ 134.3341224, 35.3667476 ], [ 134.3349965, 35.3665958 ], [ 134.3351753, 35.3665675 ], [ 134.3353234, 35.3665375 ], [ 134.3357597, 35.3665 ], [ 134.3366812, 35.3665 ], [ 134.3375387, 35.3665262 ], [ 134.3384965, 35.366554 ], [ 134.3386648, 35.3664891 ], [ 134.3391442, 35.3663256 ], [ 134.3409656, 35.3656942 ], [ 134.3415712, 35.3654619 ], [ 134.341636, 35.3654336 ], [ 134.3417185, 35.3653896 ], [ 134.3417779, 35.3653524 ], [ 134.3420421, 35.3651581 ], [ 134.3421743, 35.3650526 ], [ 134.3424578, 35.3648264 ], [ 134.3429867, 35.3644085 ], [ 134.3434067, 35.3640767 ], [ 134.3436408, 35.3638964 ], [ 134.3437842, 35.3637956 ], [ 134.3438851, 35.363716 ], [ 134.3440189, 35.363632 ], [ 134.3443144, 35.3634175 ], [ 134.3445071, 35.3632937 ], [ 134.3446103, 35.3632372 ], [ 134.3447133, 35.3631808 ], [ 134.3450572, 35.363102 ], [ 134.3454563, 35.3630455 ], [ 134.3468244, 35.3628372 ], [ 134.3480353, 35.3626567 ], [ 134.3483031, 35.3626176 ], [ 134.3484892, 35.3625836 ], [ 134.3494099, 35.3624543 ], [ 134.35, 35.362373 ], [ 134.35027, 35.3623358 ], [ 134.3504834, 35.3623133 ], [ 134.3513358, 35.3621892 ], [ 134.3521474, 35.3620822 ], [ 134.3523331, 35.3620539 ], [ 134.3529108, 35.3619639 ], [ 134.3529782, 35.3619546 ], [ 134.3531168, 35.3619356 ], [ 134.3535298, 35.3618681 ], [ 134.3538803, 35.3618231 ], [ 134.35428, 35.3617584 ], [ 134.3548153, 35.3616699 ], [ 134.3554627, 35.3615694 ], [ 134.3562099, 35.3614625 ], [ 134.3568172, 35.3613719 ], [ 134.3570301, 35.3613383 ], [ 134.3576356, 35.361265 ], [ 134.35811, 35.36122 ], [ 134.3583333, 35.3612015 ], [ 134.3583783, 35.3611978 ], [ 134.3587839, 35.3611978 ], [ 134.3589647, 35.3612148 ], [ 134.3592033, 35.3612203 ], [ 134.359324, 35.3612316 ], [ 134.3598357, 35.3612591 ], [ 134.3604533, 35.3612919 ], [ 134.36062, 35.3612878 ], [ 134.3610267, 35.3613089 ], [ 134.3612984, 35.3613193 ], [ 134.3619336, 35.3613439 ], [ 134.362279, 35.361362 ], [ 134.3627313, 35.3613833 ], [ 134.3629468, 35.361395 ], [ 134.3637082, 35.3614351 ], [ 134.3640236, 35.3614564 ], [ 134.3642235, 35.3614726 ], [ 134.3643754, 35.3614882 ], [ 134.3644853, 35.3614995 ], [ 134.3645231, 35.3615022 ], [ 134.3655719, 35.3616722 ], [ 134.3657978, 35.3618676 ], [ 134.3660528, 35.3620822 ], [ 134.3664928, 35.3625386 ], [ 134.3666667, 35.3627271 ], [ 134.3671325, 35.363232 ], [ 134.367545, 35.3636995 ], [ 134.3681156, 35.3643306 ], [ 134.368476, 35.3647227 ], [ 134.3685558, 35.3648097 ], [ 134.3688583, 35.3651478 ], [ 134.369113, 35.3654127 ], [ 134.3694981, 35.3657564 ], [ 134.3697731, 35.3659648 ], [ 134.3698762, 35.3660266 ], [ 134.3707017, 35.3665511 ], [ 134.370914, 35.3666915 ], [ 134.3713617, 35.3669736 ], [ 134.3715745, 35.3671143 ], [ 134.3722763, 35.3676166 ], [ 134.3725211, 35.3677661 ], [ 134.3726939, 35.3678436 ], [ 134.3728383, 35.3679083 ], [ 134.3730053, 35.3679682 ], [ 134.373254, 35.3680448 ], [ 134.3734234, 35.368089 ], [ 134.3736325, 35.3681273 ], [ 134.3738199, 35.3681538 ], [ 134.3740217, 35.3681685 ], [ 134.3743016, 35.3681706 ], [ 134.3745551, 35.3681695 ], [ 134.3747451, 35.3681607 ], [ 134.3749336, 35.3681518 ], [ 134.3749892, 35.3681454 ], [ 134.3751643, 35.3681253 ], [ 134.3753049, 35.3681047 ], [ 134.3755389, 35.3680458 ], [ 134.3757411, 35.3679927 ], [ 134.3759249, 35.3679249 ], [ 134.3761386, 35.367825 ], [ 134.3765319, 35.3675983 ], [ 134.3768216, 35.3673552 ], [ 134.3769803, 35.3671959 ], [ 134.377157, 35.3670026 ], [ 134.3774892, 35.3666242 ], [ 134.3776544, 35.3663536 ], [ 134.3778333, 35.3659367 ], [ 134.3779019, 35.3656044 ], [ 134.3779228, 35.3653617 ], [ 134.3780603, 35.3639642 ], [ 134.3782231, 35.3620683 ], [ 134.3783411, 35.3613204 ], [ 134.378397, 35.3609294 ], [ 134.3784774, 35.3606194 ], [ 134.3785697, 35.360405 ], [ 134.3786472, 35.3602873 ], [ 134.3788006, 35.3600916 ], [ 134.37947, 35.3593039 ], [ 134.3795744, 35.359186 ], [ 134.3803285, 35.3583333 ], [ 134.3806459, 35.3579745 ], [ 134.3816287, 35.3568926 ], [ 134.3828378, 35.3555226 ], [ 134.3837825, 35.3544522 ], [ 134.3839196, 35.3543057 ], [ 134.3840025, 35.3542097 ], [ 134.3843531, 35.3538436 ], [ 134.3847872, 35.3534883 ], [ 134.384986, 35.3533257 ], [ 134.3855753, 35.3528433 ], [ 134.3890642, 35.3504172 ], [ 134.3896858, 35.35 ], [ 134.39023, 35.3496347 ], [ 134.3916667, 35.349256 ], [ 134.3917653, 35.34923 ], [ 134.3920212, 35.3491625 ], [ 134.3928073, 35.3489554 ], [ 134.3955361, 35.3482364 ], [ 134.3962504, 35.347972 ], [ 134.3965393, 35.3478666 ], [ 134.3968585, 35.3477502 ], [ 134.3972369, 35.3475772 ], [ 134.3973608, 35.3474936 ], [ 134.399896, 35.3451315 ], [ 134.4, 35.3450154 ], [ 134.4004261, 35.3445397 ], [ 134.4008039, 35.3440703 ], [ 134.4008619, 35.3439628 ], [ 134.40099, 35.3435025 ], [ 134.4011083, 35.3431776 ], [ 134.401265, 35.3427417 ], [ 134.4015814, 35.3419079 ], [ 134.4017119, 35.3416545 ], [ 134.4017878, 35.3415531 ], [ 134.4019117, 35.3414458 ], [ 134.4020874, 35.3413293 ], [ 134.4021326, 35.3413058 ], [ 134.4022301, 35.3412565 ], [ 134.402327, 35.3412075 ], [ 134.4026817, 35.3410289 ], [ 134.4027986, 35.3409497 ], [ 134.4029639, 35.3407864 ], [ 134.4030206, 35.3406767 ], [ 134.4030394, 35.3404708 ], [ 134.4032731, 35.3394447 ], [ 134.4034396, 35.3389031 ], [ 134.4038371, 35.3383463 ], [ 134.4043733, 35.3377516 ], [ 134.4052347, 35.3367337 ], [ 134.405406, 35.3365512 ], [ 134.4056186, 35.3362974 ], [ 134.4060445, 35.335821 ], [ 134.4063172, 35.3355091 ], [ 134.4064295, 35.3353654 ], [ 134.406482, 35.3352744 ], [ 134.4066031, 35.334972 ], [ 134.4066962, 35.3347187 ], [ 134.4067793, 35.3344234 ], [ 134.4068203, 35.3342997 ], [ 134.4069372, 35.3338095 ], [ 134.4070197, 35.3335506 ], [ 134.4070948, 35.3332533 ], [ 134.407157, 35.3330204 ], [ 134.4072256, 35.3328347 ], [ 134.4073892, 35.332046 ], [ 134.4075144, 35.3314142 ], [ 134.4075348, 35.3313069 ], [ 134.4077753, 35.3302931 ], [ 134.4078234, 35.3301849 ], [ 134.4078486, 35.3301281 ], [ 134.4079747, 35.3299547 ], [ 134.4081261, 35.329797 ], [ 134.408325, 35.3296336 ], [ 134.4084967, 35.3295094 ], [ 134.4085815, 35.329464 ], [ 134.4087919, 35.3293575 ], [ 134.4090533, 35.3292558 ], [ 134.4093211, 35.3291656 ], [ 134.4095031, 35.3290938 ], [ 134.4096845, 35.3290223 ], [ 134.409935, 35.3289216 ], [ 134.4102211, 35.3288164 ], [ 134.4108119, 35.3285739 ], [ 134.411595, 35.328202 ], [ 134.4119247, 35.3280611 ], [ 134.4124883, 35.3278695 ], [ 134.4128181, 35.3277622 ], [ 134.4135119, 35.32752 ], [ 134.4137936, 35.3274014 ], [ 134.4139317, 35.3273183 ], [ 134.4140272, 35.3272381 ], [ 134.4141236, 35.3271478 ], [ 134.4145072, 35.3267493 ], [ 134.4147419, 35.3265056 ], [ 134.4151675, 35.3260886 ], [ 134.4154011, 35.3258687 ], [ 134.4155262, 35.3257403 ], [ 134.4158357, 35.325533 ], [ 134.416292, 35.3253041 ], [ 134.41683, 35.3250346 ], [ 134.4169403, 35.3249725 ], [ 134.4171394, 35.3248372 ], [ 134.4172906, 35.3246964 ], [ 134.4173867, 35.3245725 ], [ 134.4174556, 35.3244597 ], [ 134.4175244, 35.3242792 ], [ 134.4176547, 35.3238561 ], [ 134.4177011, 35.3236317 ], [ 134.4177236, 35.3233944 ], [ 134.4177303, 35.3231747 ], [ 134.4177167, 35.3228028 ], [ 134.4177028, 35.3218222 ], [ 134.4177167, 35.3215064 ], [ 134.4177167, 35.3214331 ], [ 134.4177578, 35.3209483 ], [ 134.4177922, 35.3207456 ], [ 134.4178034, 35.3206846 ], [ 134.4178875, 35.320225 ], [ 134.4179345, 35.3200533 ], [ 134.4179642, 35.3199452 ], [ 134.418012, 35.3196124 ], [ 134.4180394, 35.319365 ], [ 134.4180328, 35.3189703 ], [ 134.4180119, 35.3187675 ], [ 134.4179983, 35.3185195 ], [ 134.4179708, 35.3183108 ], [ 134.4179501, 35.3180356 ], [ 134.4179158, 35.3176628 ], [ 134.4179047, 35.3174771 ], [ 134.4178817, 35.3170958 ], [ 134.4178908, 35.3169339 ], [ 134.4178958, 35.316841 ], [ 134.417903, 35.3166667 ], [ 134.41795, 35.3163664 ], [ 134.4179676, 35.3162727 ], [ 134.4180135, 35.316146 ], [ 134.4181014, 35.315972 ], [ 134.4181903, 35.3158482 ], [ 134.4182771, 35.3157533 ], [ 134.4183745, 35.3156668 ], [ 134.4185133, 35.3155722 ], [ 134.4190651, 35.3152707 ], [ 134.419363, 35.315106 ], [ 134.419722, 35.3148783 ], [ 134.4200177, 35.3146858 ], [ 134.4202835, 35.3145099 ], [ 134.4206883, 35.3142618 ], [ 134.4211242, 35.3138361 ], [ 134.4212337, 35.3137145 ], [ 134.4213097, 35.3136386 ], [ 134.4217631, 35.3131428 ], [ 134.4226954, 35.3121342 ], [ 134.4228213, 35.3119984 ], [ 134.4230067, 35.3118069 ], [ 134.4236661, 35.3110967 ], [ 134.4238997, 35.3108772 ], [ 134.4240922, 35.3107306 ], [ 134.4242367, 35.3106405 ], [ 134.42458, 35.31046 ], [ 134.425, 35.3102612 ], [ 134.4251158, 35.3102064 ], [ 134.4255547, 35.3100107 ], [ 134.4257844, 35.3099082 ], [ 134.4261392, 35.30975 ], [ 134.4268953, 35.3094231 ], [ 134.4275958, 35.3091072 ], [ 134.4279808, 35.3089045 ], [ 134.4283519, 35.3086622 ], [ 134.4284342, 35.3086056 ], [ 134.4287228, 35.3083578 ], [ 134.4287608, 35.3083189 ], [ 134.4290253, 35.3080478 ], [ 134.429293, 35.3076983 ], [ 134.4293467, 35.3076104 ], [ 134.4294853, 35.3073828 ], [ 134.4296022, 35.3071347 ], [ 134.4296639, 35.306977 ], [ 134.4297742, 35.3065545 ], [ 134.4298769, 35.3061542 ], [ 134.42998, 35.3058781 ], [ 134.4303305, 35.305134 ], [ 134.4303786, 35.3049817 ], [ 134.4303717, 35.3046889 ], [ 134.4303306, 35.3044125 ], [ 134.4302964, 35.3042547 ], [ 134.4302756, 35.3040461 ], [ 134.4302756, 35.3037533 ], [ 134.4306192, 35.3025247 ], [ 134.4307153, 35.3023386 ], [ 134.4312167, 35.3015383 ], [ 134.4312857, 35.3014474 ], [ 134.4313749, 35.3013302 ], [ 134.4315633, 35.3010553 ], [ 134.4317147, 35.3009122 ], [ 134.4318833, 35.3007928 ], [ 134.4321374, 35.3006752 ], [ 134.432278, 35.3006098 ], [ 134.4324261, 35.3005467 ], [ 134.4329275, 35.3004 ], [ 134.4332355, 35.3003514 ], [ 134.4337656, 35.30031 ], [ 134.4342602, 35.3002761 ], [ 134.4346247, 35.3002647 ], [ 134.4352291, 35.3001633 ], [ 134.4354972, 35.3000956 ], [ 134.4357922, 35.2999969 ], [ 134.4359861, 35.2998923 ], [ 134.436126, 35.2997719 ], [ 134.4362964, 35.2995705 ], [ 134.4374589, 35.2980071 ], [ 134.4380269, 35.2973092 ], [ 134.4383468, 35.2969074 ], [ 134.4384512, 35.2967763 ], [ 134.4393661, 35.2958527 ], [ 134.4400586, 35.2951536 ], [ 134.4403269, 35.2948997 ], [ 134.4408147, 35.294432 ], [ 134.4409728, 35.2943081 ], [ 134.4414056, 35.294077 ], [ 134.4416667, 35.2939563 ], [ 134.4419779, 35.2938126 ], [ 134.4420514, 35.2937785 ], [ 134.4426081, 35.2935078 ], [ 134.4430542, 35.2933161 ], [ 134.4436827, 35.2930584 ], [ 134.4441536, 35.2928653 ], [ 134.4449783, 35.2925217 ], [ 134.4453631, 35.2924147 ], [ 134.4461117, 35.2923075 ], [ 134.4462769, 35.292285 ], [ 134.4465421, 35.2922859 ], [ 134.4466956, 35.2922987 ], [ 134.4472949, 35.2926156 ], [ 134.4477675, 35.2928656 ], [ 134.4487844, 35.2934292 ], [ 134.4489488, 35.2935248 ], [ 134.4495125, 35.2938628 ], [ 134.4499519, 35.2940772 ], [ 134.4504467, 35.2942295 ], [ 134.4507833, 35.2943195 ], [ 134.4510723, 35.2943814 ], [ 134.4514015, 35.2944661 ], [ 134.4520819, 35.2946295 ], [ 134.4522128, 35.2946575 ], [ 134.4529683, 35.294872 ], [ 134.4531742, 35.2949281 ], [ 134.4543492, 35.2952722 ], [ 134.4556544, 35.2956497 ], [ 134.4558531, 35.2957115 ], [ 134.4564442, 35.2958864 ], [ 134.45685, 35.2960217 ], [ 134.4569803, 35.2960781 ], [ 134.4571078, 35.2961594 ], [ 134.4571659, 35.2961964 ], [ 134.4578803, 35.2967489 ], [ 134.4583333, 35.2971176 ], [ 134.4587736, 35.2974758 ], [ 134.4589936, 35.2976731 ], [ 134.4591997, 35.2978253 ], [ 134.4593303, 35.2978478 ], [ 134.4595289, 35.2978478 ], [ 134.4599758, 35.2977917 ], [ 134.4603192, 35.2977972 ], [ 134.4606489, 35.2978308 ], [ 134.46102, 35.2978931 ], [ 134.4612469, 35.297955 ], [ 134.4614047, 35.2980169 ], [ 134.461869, 35.298227 ], [ 134.4623117, 35.2984622 ], [ 134.4629166, 35.2988172 ], [ 134.4630467, 35.2988958 ], [ 134.4632527, 35.2989919 ], [ 134.4634041, 35.2990425 ], [ 134.464723, 35.2992847 ], [ 134.4648467, 35.2993186 ], [ 134.4653483, 35.2994145 ], [ 134.4656781, 35.2994653 ], [ 134.4658222, 35.2994653 ], [ 134.4659594, 35.2994539 ], [ 134.4660134, 35.2994356 ], [ 134.4662411, 35.2993581 ], [ 134.4666667, 35.2991583 ], [ 134.4671411, 35.2989356 ], [ 134.4675122, 35.2987553 ], [ 134.4679725, 35.2985411 ], [ 134.4681544, 35.2984528 ], [ 134.4685292, 35.2982706 ], [ 134.4687561, 35.2981917 ], [ 134.4688549, 35.2981769 ], [ 134.4690581, 35.2981467 ], [ 134.4697519, 35.2980733 ], [ 134.4699583, 35.2980564 ], [ 134.4704047, 35.2980286 ], [ 134.4704872, 35.2979778 ], [ 134.4706656, 35.2978256 ], [ 134.4708583, 35.2975831 ], [ 134.4709269, 35.2974478 ], [ 134.4709808, 35.2973542 ], [ 134.4710845, 35.2971744 ], [ 134.4711419, 35.2970747 ], [ 134.4711828, 35.2969364 ], [ 134.4711878, 35.2965914 ], [ 134.4712086, 35.2964222 ], [ 134.4712497, 35.2962195 ], [ 134.4713322, 35.2961292 ], [ 134.47142, 35.2960825 ], [ 134.4715306, 35.2960778 ], [ 134.4715874, 35.2960897 ], [ 134.4717238, 35.2961181 ], [ 134.4718544, 35.296152 ], [ 134.4720261, 35.2961858 ], [ 134.4723336, 35.2962161 ], [ 134.4724033, 35.296217 ], [ 134.4726034, 35.2962195 ], [ 134.472672, 35.2962028 ], [ 134.4727956, 35.2961461 ], [ 134.4729333, 35.2960392 ], [ 134.4730156, 35.2959378 ], [ 134.4730431, 35.29587 ], [ 134.4730981, 35.2955656 ], [ 134.4730844, 35.2952839 ], [ 134.4730981, 35.2947089 ], [ 134.4730978, 35.2946621 ], [ 134.4730953, 35.294166 ], [ 134.473095, 35.2941183 ], [ 134.4731147, 35.2940635 ], [ 134.4731755, 35.2939823 ], [ 134.4732369, 35.29394 ], [ 134.4733739, 35.2938845 ], [ 134.4734731, 35.2938653 ], [ 134.4737411, 35.2938606 ], [ 134.4739506, 35.2939036 ], [ 134.4741019, 35.2939608 ], [ 134.4741903, 35.2940064 ], [ 134.4745036, 35.2941278 ], [ 134.4746781, 35.2941517 ], [ 134.4748566, 35.2941286 ], [ 134.4750214, 35.2940725 ], [ 134.4752003, 35.2939653 ], [ 134.4755711, 35.2936497 ], [ 134.475706, 35.2936011 ], [ 134.4757489, 35.2936125 ], [ 134.4758253, 35.2936439 ], [ 134.4759489, 35.2937453 ], [ 134.4759906, 35.2938244 ], [ 134.4760976, 35.2941189 ], [ 134.4761736, 35.2943283 ], [ 134.4762728, 35.2945192 ], [ 134.4763984, 35.2946605 ], [ 134.4770494, 35.29497 ], [ 134.4774542, 35.2951253 ], [ 134.4776926, 35.2952303 ], [ 134.4781636, 35.2954747 ], [ 134.4783136, 35.2955778 ], [ 134.4785648, 35.2957918 ], [ 134.4786498, 35.2959304 ], [ 134.4786934, 35.2966092 ], [ 134.478744, 35.2968247 ], [ 134.4788242, 35.296952 ], [ 134.4789925, 35.2970642 ], [ 134.479225, 35.2971269 ], [ 134.4794061, 35.2971339 ], [ 134.4795953, 35.297102 ], [ 134.4797117, 35.2970589 ], [ 134.4799678, 35.2969064 ], [ 134.4801075, 35.2968395 ], [ 134.4802181, 35.2968156 ], [ 134.4803753, 35.2967967 ], [ 134.4804917, 35.2968061 ], [ 134.4806139, 35.2968283 ], [ 134.480765, 35.2968678 ], [ 134.4808542, 35.2968903 ], [ 134.4809919, 35.2969828 ], [ 134.4811017, 35.2970706 ], [ 134.4812389, 35.2972622 ], [ 134.4813219, 35.2974017 ], [ 134.4813699, 35.2974822 ], [ 134.4814691, 35.2976649 ], [ 134.4815424, 35.2977676 ], [ 134.4816712, 35.2978763 ], [ 134.4819396, 35.2978657 ], [ 134.4820072, 35.2978458 ], [ 134.4820596, 35.2978189 ], [ 134.4821598, 35.2977469 ], [ 134.4823867, 35.2975328 ], [ 134.4827369, 35.2972453 ], [ 134.482888, 35.2971608 ], [ 134.4832728, 35.29702 ], [ 134.4834907, 35.2969542 ], [ 134.4836644, 35.2969069 ], [ 134.4838641, 35.296842 ], [ 134.4840081, 35.2967381 ], [ 134.4842417, 35.2964225 ], [ 134.4843583, 35.2962312 ], [ 134.4843583, 35.2959775 ], [ 134.4843239, 35.2956222 ], [ 134.4843255, 35.2955461 ], [ 134.4843308, 35.2953122 ], [ 134.4844272, 35.295025 ], [ 134.4845547, 35.2947325 ], [ 134.4846606, 35.2946078 ], [ 134.4847158, 35.2945797 ], [ 134.4848394, 35.2945458 ], [ 134.4850181, 35.2945458 ], [ 134.4852236, 35.2946303 ], [ 134.4852994, 35.2946981 ], [ 134.48543, 35.2948558 ], [ 134.4856497, 35.2952222 ], [ 134.4859039, 35.2955209 ], [ 134.4861445, 35.2957181 ], [ 134.4863231, 35.2958308 ], [ 134.4865636, 35.2958986 ], [ 134.4867217, 35.2959211 ], [ 134.4868522, 35.2959156 ], [ 134.4870514, 35.2958478 ], [ 134.4872986, 35.295735 ], [ 134.4878758, 35.2954589 ], [ 134.4879997, 35.2954139 ], [ 134.48813, 35.2953856 ], [ 134.4883361, 35.2953914 ], [ 134.4884872, 35.2954195 ], [ 134.4887897, 35.2955492 ], [ 134.4889544, 35.2956506 ], [ 134.4896345, 35.2960787 ], [ 134.4897948, 35.2961854 ], [ 134.4902186, 35.2964678 ], [ 134.4904513, 35.2966253 ], [ 134.4905347, 35.296682 ], [ 134.4908164, 35.2968567 ], [ 134.4908578, 35.2968736 ], [ 134.4911819, 35.2969528 ], [ 134.4916336, 35.2970179 ], [ 134.4916886, 35.2970258 ], [ 134.4924858, 35.297134 ], [ 134.4927261, 35.2971667 ], [ 134.4927947, 35.2971892 ], [ 134.4928677, 35.2972167 ], [ 134.4929044, 35.2972589 ], [ 134.4929336, 35.29742 ], [ 134.4929046, 35.2975014 ], [ 134.492841, 35.2975347 ], [ 134.4927397, 35.2975328 ], [ 134.4926719, 35.2975328 ], [ 134.4925614, 35.2975328 ], [ 134.4920666, 35.2975328 ], [ 134.4918455, 35.2975514 ], [ 134.4916692, 35.297568 ], [ 134.4914483, 35.2976286 ], [ 134.4913247, 35.2977186 ], [ 134.4912628, 35.2978767 ], [ 134.4912816, 35.2979729 ], [ 134.4913171, 35.2979958 ], [ 134.4914434, 35.2980041 ], [ 134.4918053, 35.2978258 ], [ 134.4919358, 35.2978033 ], [ 134.4929117, 35.2978033 ], [ 134.4929736, 35.2978203 ], [ 134.4930836, 35.2978708 ], [ 134.4931659, 35.2979442 ], [ 134.4934958, 35.2982995 ], [ 134.4937019, 35.2984403 ], [ 134.4938184, 35.2984853 ], [ 134.4938939, 35.2985022 ], [ 134.4942853, 35.2985417 ], [ 134.494478, 35.2985417 ], [ 134.4948947, 35.2985225 ], [ 134.4950694, 35.2984795 ], [ 134.4951333, 35.2984457 ], [ 134.4953099, 35.2983383 ], [ 134.4956806, 35.2980345 ], [ 134.4957834, 35.2979611 ], [ 134.4960514, 35.2978597 ], [ 134.4964498, 35.2977697 ], [ 134.4966353, 35.2977358 ], [ 134.4968553, 35.2976175 ], [ 134.4972675, 35.2973572 ], [ 134.4973861, 35.297262 ], [ 134.4974775, 35.2972158 ], [ 134.4975814, 35.2971986 ], [ 134.4978103, 35.2972653 ], [ 134.4980436, 35.2973608 ], [ 134.4985933, 35.2975525 ], [ 134.4989644, 35.2976542 ], [ 134.4993147, 35.2977272 ], [ 134.4997064, 35.2977781 ], [ 134.5, 35.2977781 ], [ 134.5001391, 35.2977781 ], [ 134.5004139, 35.2977611 ], [ 134.50108, 35.2976483 ], [ 134.5016433, 35.2975301 ], [ 134.502015, 35.2974417 ], [ 134.5039633, 35.2970764 ], [ 134.5065561, 35.2966686 ], [ 134.5084361, 35.2966327 ], [ 134.5091603, 35.2966189 ], [ 134.5104843, 35.2965936 ], [ 134.5105126, 35.2965925 ] ] } },
{ "type": "Feature", "properties": { "N12_001": "31", "N12_002": 1, "N12_003": 3, "N12_004": "一般国道29号", "N12_005": 61, "N12_006": 2 }, "geometry": { "type": "LineString", "coordinates": [ [ 134.2056659, 35.4828648 ], [ 134.2053351, 35.4828873 ], [ 134.2049646, 35.4828537 ], [ 134.2044727, 35.4827123 ], [ 134.204139, 35.482534 ] ] } },
{ "type": "Feature", "properties": { "N12_001": "31", "N12_002": 1, "N12_003": 3, "N12_004": "一般国道373号", "N12_005": 60, "N12_006": 2 }, "geometry": { "type": "LineString", "coordinates": [ [ 134.228713, 35.284277 ], [ 134.22932, 35.284031 ], [ 134.229833, 35.283802 ], [ 134.230354, 35.283545 ], [ 134.230825, 35.283258 ], [ 134.231288, 35.282965 ], [ 134.231745, 35.282648 ], [ 134.232208, 35.282297 ], [ 134.232579, 35.282004 ], [ 134.232872, 35.281722 ], [ 134.233271, 35.28133 ], [ 134.233506, 35.281107 ], [ 134.233763, 35.280826 ], [ 134.234084, 35.280404 ], [ 134.234476, 35.279877 ], [ 134.234926, 35.279215 ], [ 134.235411, 35.278465 ], [ 134.236046, 35.277445 ], [ 134.23668, 35.276426 ], [ 134.237094, 35.275793 ], [ 134.237422, 35.275248 ], [ 134.237864, 35.27451 ], [ 134.238299, 35.273824 ], [ 134.238856, 35.272916 ], [ 134.239227, 35.272289 ], [ 134.239569, 35.271738 ], [ 134.240204, 35.270771 ], [ 134.240846, 35.269693 ], [ 134.241195, 35.26916 ], [ 134.241473, 35.268744 ], [ 134.24178, 35.268281 ], [ 134.242194, 35.267754 ], [ 134.242543, 35.267338 ], [ 134.242957, 35.266916 ], [ 134.243399, 35.266529 ], [ 134.243856, 35.266148 ], [ 134.244205, 35.265891 ], [ 134.244647, 35.26558 ], [ 134.245268, 35.265246 ], [ 134.245917, 35.26493 ], [ 134.24653, 35.264678 ], [ 134.24688, 35.264555 ], [ 134.247407, 35.264379 ], [ 134.248185, 35.264174 ], [ 134.248841, 35.264051 ], [ 134.249369, 35.263963 ], [ 134.250089, 35.263898 ], [ 134.250902, 35.263857 ], [ 134.252079, 35.263852 ], [ 134.253513, 35.263863 ], [ 134.254041, 35.263875 ], [ 134.254411, 35.263828 ], [ 134.255053, 35.263734 ], [ 134.255603, 35.263629 ], [ 134.256287, 35.263436 ], [ 134.256901, 35.263207 ], [ 134.257486, 35.26292 ], [ 134.257913, 35.262668 ], [ 134.258349, 35.262387 ], [ 134.258926, 35.261953 ], [ 134.259383, 35.261584 ], [ 134.260217, 35.260887 ], [ 134.260945, 35.26026 ], [ 134.261658, 35.259651 ], [ 134.262193, 35.259258 ], [ 134.262649, 35.258924 ], [ 134.263013, 35.258695 ], [ 134.263505, 35.258432 ], [ 134.263912, 35.258221 ], [ 134.26439, 35.258004 ], [ 134.265053, 35.257735 ], [ 134.265709, 35.257529 ], [ 134.266408, 35.257342 ], [ 134.267093, 35.257172 ], [ 134.267856, 35.257043 ], [ 134.268584, 35.256967 ], [ 134.269454, 35.256914 ], [ 134.270681, 35.256844 ], [ 134.271522, 35.256791 ], [ 134.272121, 35.256703 ], [ 134.272606, 35.256592 ], [ 134.273284, 35.256422 ], [ 134.273954, 35.256223 ], [ 134.274553, 35.256006 ], [ 134.275331, 35.255649 ], [ 134.276144, 35.255203 ], [ 134.276729, 35.254834 ], [ 134.277178, 35.254488 ], [ 134.277642, 35.254067 ], [ 134.278134, 35.253569 ], [ 134.278576, 35.253018 ], [ 134.278876, 35.252602 ], [ 134.279296, 35.251916 ], [ 134.279596, 35.251254 ], [ 134.27991, 35.25044 ], [ 134.280152, 35.249883 ], [ 134.28053, 35.248922 ], [ 134.280887, 35.248114 ], [ 134.281129, 35.247463 ], [ 134.281301, 35.247012 ], [ 134.281622, 35.246151 ], [ 134.281957, 35.245266 ], [ 134.282249, 35.244539 ], [ 134.282535, 35.243866 ], [ 134.282741, 35.243385 ], [ 134.283034, 35.242852 ], [ 134.283298, 35.242295 ], [ 134.28374, 35.241645 ], [ 134.284161, 35.241053 ], [ 134.284525, 35.24059 ], [ 134.284838, 35.240233 ], [ 134.285259, 35.23977 ], [ 134.285644, 35.239377 ], [ 134.286108, 35.238961 ], [ 134.286814, 35.238329 ], [ 134.287798, 35.237456 ], [ 134.288647, 35.236717 ], [ 134.289367, 35.236032 ], [ 134.290302, 35.235176 ], [ 134.291093, 35.234426 ], [ 134.29227, 35.23343 ], [ 134.292877, 35.232932 ], [ 134.293469, 35.232487 ], [ 134.293939, 35.232147 ], [ 134.294767, 35.231579 ], [ 134.296129, 35.230858 ], [ 134.297085, 35.230278 ], [ 134.297926, 35.229756 ], [ 134.29859, 35.229364 ], [ 134.29916, 35.229053 ], [ 134.299916, 35.228719 ], [ 134.300366, 35.228549 ], [ 134.300758, 35.228456 ], [ 134.301115, 35.228374 ], [ 134.301514, 35.228298 ], [ 134.30197, 35.228221 ], [ 134.302484, 35.228157 ], [ 134.303169, 35.228081 ], [ 134.303547, 35.227993 ], [ 134.303989, 35.227846 ], [ 134.304288, 35.227717 ], [ 134.304567, 35.227577 ], [ 134.304816, 35.22743 ], [ 134.305287, 35.227067 ], [ 134.305658, 35.226751 ], [ 134.306207, 35.226264 ], [ 134.306628, 35.225878 ], [ 134.307134, 35.225456 ], [ 134.307755, 35.224923 ], [ 134.308689, 35.224219 ], [ 134.309467, 35.223721 ], [ 134.310158, 35.223329 ], [ 134.310686, 35.223036 ], [ 134.311328, 35.222761 ], [ 134.311999, 35.22252 ], [ 134.312541, 35.222345 ], [ 134.313361, 35.222075 ], [ 134.314302, 35.221846 ], [ 134.314973, 35.221712 ], [ 134.315586, 35.221606 ], [ 134.316356, 35.221483 ], [ 134.317255, 35.22136 ], [ 134.31794, 35.221272 ], [ 134.318767, 35.22112 ], [ 134.319209, 35.221014 ], [ 134.319595, 35.220874 ], [ 134.32003, 35.220716 ], [ 134.320657, 35.220464 ], [ 134.321756, 35.219983 ], [ 134.322583, 35.219649 ], [ 134.323147, 35.219432 ], [ 134.324216, 35.219022 ], [ 134.324951, 35.218718 ], [ 134.325094, 35.21863 ], [ 134.3254, 35.218395 ], [ 134.325843, 35.217997 ], [ 134.326378, 35.217429 ], [ 134.327248, 35.216456 ], [ 134.328275, 35.215243 ], [ 134.329302, 35.213895 ], [ 134.3304, 35.212477 ], [ 134.3311718, 35.2113703 ] ] } },
{ "type": "Feature", "properties": { "N12_001": "31", "N12_002": 1, "N12_003": 3, "N12_004": "一般国道53号", "N12_005": 62, "N12_006": 1 }, "geometry": { "type": "LineString", "coordinates": [ [ 134.2046826, 35.1892869 ], [ 134.2038577, 35.1916667 ], [ 134.2036633, 35.1922275 ], [ 134.2033589, 35.1929664 ], [ 134.203333, 35.1931019 ], [ 134.2033254, 35.1931852 ], [ 134.2033267, 35.1932403 ], [ 134.203345, 35.1934453 ], [ 134.2033547, 35.1935744 ], [ 134.2033997, 35.193722 ], [ 134.2034617, 35.1938961 ], [ 134.2037353, 35.1944208 ], [ 134.2037353, 35.1948739 ], [ 134.203705, 35.1950172 ], [ 134.2036586, 35.1951125 ], [ 134.2035967, 35.1951792 ], [ 134.2034036, 35.195323 ], [ 134.2033611, 35.1953547 ], [ 134.2032763, 35.1954179 ], [ 134.2031736, 35.1954856 ], [ 134.2029058, 35.1956261 ], [ 134.2027272, 35.1956995 ], [ 134.2025697, 35.1957445 ], [ 134.2024942, 35.1957558 ], [ 134.2022609, 35.1957503 ], [ 134.2020222, 35.1957095 ], [ 134.2017961, 35.1956647 ], [ 134.2016761, 35.1956361 ], [ 134.2013661, 35.1955058 ], [ 134.2011275, 35.1953695 ], [ 134.2005658, 35.1950006 ], [ 134.2004353, 35.1949161 ], [ 134.2000372, 35.1947131 ], [ 134.1999778, 35.1946899 ], [ 134.1995281, 35.1945142 ], [ 134.1988729, 35.1942948 ], [ 134.1986064, 35.1941961 ], [ 134.1983903, 35.1941453 ], [ 134.1982628, 35.1941231 ], [ 134.1981233, 35.1941056 ], [ 134.1979048, 35.1941135 ], [ 134.197671, 35.1941393 ], [ 134.1971836, 35.1942296 ], [ 134.1967073, 35.1943391 ], [ 134.196448, 35.1944086 ], [ 134.1960503, 35.1945486 ], [ 134.1957927, 35.1946959 ], [ 134.1954826, 35.1948978 ], [ 134.1951856, 35.1950964 ], [ 134.1944922, 35.1955472 ], [ 134.1943139, 35.1956431 ], [ 134.1941355, 35.1957164 ], [ 134.1931757, 35.1959787 ], [ 134.1929961, 35.1960372 ], [ 134.1925572, 35.1962175 ], [ 134.1923169, 35.1963303 ], [ 134.1921522, 35.19646 ], [ 134.1920356, 35.1966122 ], [ 134.1919808, 35.1967361 ], [ 134.1919053, 35.1969953 ], [ 134.1918778, 35.1971814 ], [ 134.1918778, 35.1976436 ], [ 134.1918983, 35.1981733 ], [ 134.1919461, 35.1984664 ], [ 134.1920011, 35.1986467 ], [ 134.1920628, 35.1987595 ], [ 134.1921725, 35.1988947 ], [ 134.1922619, 35.1989792 ], [ 134.1923922, 35.199075 ], [ 134.1925844, 35.1991822 ], [ 134.192715, 35.1992239 ], [ 134.1927903, 35.1992383 ], [ 134.1929139, 35.1992328 ], [ 134.193264, 35.1991708 ], [ 134.1934414, 35.1991319 ], [ 134.1939503, 35.1989003 ], [ 134.1955858, 35.1981428 ], [ 134.1970108, 35.1975364 ], [ 134.1973744, 35.1974578 ], [ 134.1976214, 35.1974408 ], [ 134.1979303, 35.1974692 ], [ 134.1980126, 35.1974837 ], [ 134.1981542, 35.1975236 ], [ 134.1983261, 35.1976364 ], [ 134.1984589, 35.1977903 ], [ 134.1985617, 35.1979197 ], [ 134.1986797, 35.1981169 ], [ 134.1987145, 35.1982276 ], [ 134.1987368, 35.1983102 ], [ 134.1987339, 35.1984378 ], [ 134.1985058, 35.1987617 ], [ 134.1980539, 35.1992781 ], [ 134.1978094, 35.1995411 ], [ 134.197635, 35.1997289 ], [ 134.1975322, 35.1999317 ], [ 134.1975156, 35.2 ], [ 134.1975047, 35.2000906 ], [ 134.1975047, 35.2001971 ], [ 134.1975047, 35.200332 ], [ 134.1975186, 35.2004389 ], [ 134.1975461, 35.2007828 ], [ 134.197635, 35.2013294 ], [ 134.1976969, 35.2015322 ], [ 134.1978275, 35.20178 ], [ 134.1980881, 35.2021689 ], [ 134.1983489, 35.2024734 ], [ 134.1985889, 35.2026817 ], [ 134.1988222, 35.2028508 ], [ 134.1995336, 35.2033 ], [ 134.1998009, 35.2034865 ], [ 134.2, 35.2036254 ], [ 134.2002553, 35.2038036 ], [ 134.2004625, 35.2039836 ], [ 134.2006272, 35.2041528 ], [ 134.2007028, 35.2042597 ], [ 134.2007714, 35.2044458 ], [ 134.2007989, 35.2046036 ], [ 134.2008133, 35.2047237 ], [ 134.2008261, 35.2048292 ], [ 134.2008809, 35.2050544 ], [ 134.2009494, 35.2052181 ], [ 134.2011763, 35.2055677 ], [ 134.2017677, 35.2063974 ], [ 134.2019653, 35.2066775 ], [ 134.2020338, 35.2067563 ], [ 134.2021438, 35.2068577 ], [ 134.2022536, 35.2069422 ], [ 134.2026474, 35.2071274 ], [ 134.2027625, 35.2072036 ], [ 134.2033939, 35.2075739 ], [ 134.2035178, 35.2076472 ], [ 134.2036819, 35.2077554 ], [ 134.2038028, 35.207835 ], [ 134.2039622, 35.20794 ], [ 134.2040828, 35.2080161 ], [ 134.2041614, 35.2081033 ], [ 134.2042031, 35.2081892 ], [ 134.2042192, 35.208255 ], [ 134.2042238, 35.2083333 ], [ 134.2042573, 35.2088982 ], [ 134.2042847, 35.2090953 ], [ 134.2043603, 35.2093264 ], [ 134.2044633, 35.2095347 ], [ 134.2046075, 35.2097433 ], [ 134.2048072, 35.2099467 ], [ 134.2052503, 35.2102553 ], [ 134.2056983, 35.2105606 ], [ 134.2060758, 35.2108083 ], [ 134.2062267, 35.2108872 ], [ 134.2063914, 35.2109492 ], [ 134.2066316, 35.2109775 ], [ 134.2074278, 35.2110114 ], [ 134.2076064, 35.2110397 ], [ 134.2077092, 35.2110847 ], [ 134.2078397, 35.2111689 ], [ 134.2079839, 35.2112986 ], [ 134.2082599, 35.2115835 ], [ 134.2083243, 35.2116431 ], [ 134.2083626, 35.2116746 ], [ 134.2084972, 35.2117579 ], [ 134.2086158, 35.2118169 ], [ 134.2087728, 35.2118792 ], [ 134.2092118, 35.2120144 ], [ 134.2093219, 35.2120483 ], [ 134.2097058, 35.2121272 ], [ 134.2098778, 35.2121608 ], [ 134.2101042, 35.2121778 ], [ 134.2105297, 35.2121778 ], [ 134.2109616, 35.2121283 ], [ 134.211233, 35.2120972 ], [ 134.211407, 35.2120824 ], [ 134.2117171, 35.2120483 ], [ 134.2119309, 35.212001 ], [ 134.2124097, 35.2118848 ], [ 134.2126023, 35.21184 ], [ 134.2129592, 35.2117553 ], [ 134.2132472, 35.2117161 ], [ 134.2135286, 35.2117386 ], [ 134.2136317, 35.2117553 ], [ 134.2137553, 35.2117892 ], [ 134.2141942, 35.2119528 ], [ 134.2143864, 35.2120369 ], [ 134.2149356, 35.2122567 ], [ 134.2157592, 35.2126175 ], [ 134.2161983, 35.2128203 ], [ 134.2164041, 35.2129386 ], [ 134.2165686, 35.2130739 ], [ 134.2167058, 35.213226 ], [ 134.2168431, 35.2134122 ], [ 134.2169461, 35.2135756 ], [ 134.2170147, 35.2137333 ], [ 134.2170422, 35.2139419 ], [ 134.2170559, 35.214118 ], [ 134.2170697, 35.214342 ], [ 134.2171075, 35.2145402 ], [ 134.2171273, 35.2146113 ], [ 134.2172011, 35.2148125 ], [ 134.217321, 35.2149612 ], [ 134.2174403, 35.2150972 ], [ 134.2181472, 35.2156889 ], [ 134.2192859, 35.2166545 ], [ 134.2195675, 35.2169511 ], [ 134.22008, 35.2175663 ], [ 134.2202226, 35.2177371 ], [ 134.2205501, 35.2181306 ], [ 134.2208714, 35.2185122 ], [ 134.22118, 35.2188783 ], [ 134.2218872, 35.2197464 ], [ 134.2224154, 35.2203814 ], [ 134.2226558, 35.2206706 ], [ 134.2231292, 35.2211947 ], [ 134.2239828, 35.2221566 ], [ 134.2240816, 35.2222676 ], [ 134.2245086, 35.2227389 ], [ 134.225, 35.2232647 ], [ 134.2251194, 35.2233925 ], [ 134.2253301, 35.2236284 ], [ 134.2254692, 35.2237814 ], [ 134.2257641, 35.2241138 ], [ 134.2258261, 35.2241703 ], [ 134.2263133, 35.2247167 ], [ 134.2265122, 35.2249089 ], [ 134.2265717, 35.2249836 ], [ 134.2265958, 35.2250207 ], [ 134.2266483, 35.225251 ], [ 134.2267053, 35.2256775 ], [ 134.2267456, 35.2259342 ], [ 134.2268001, 35.2261003 ], [ 134.2269388, 35.2263097 ], [ 134.2270815, 35.2265252 ], [ 134.2271932, 35.2266997 ], [ 134.2273055, 35.226929 ], [ 134.2274969, 35.2273339 ], [ 134.2275406, 35.2274495 ], [ 134.2275828, 35.2275569 ], [ 134.2276, 35.227655 ], [ 134.2276789, 35.2284977 ], [ 134.2276837, 35.2285796 ], [ 134.2277267, 35.2293101 ], [ 134.227745, 35.2300308 ], [ 134.2277542, 35.2310283 ], [ 134.227775, 35.2317667 ], [ 134.2277956, 35.232122 ], [ 134.2278161, 35.2326292 ], [ 134.2278216, 35.2333333 ], [ 134.2278228, 35.2334858 ], [ 134.2278092, 35.2336322 ], [ 134.2277886, 35.2337672 ], [ 134.2276856, 35.2341167 ], [ 134.2274387, 35.2348662 ], [ 134.2272611, 35.235393 ], [ 134.2270267, 35.2360892 ], [ 134.2269239, 35.2363822 ], [ 134.2268775, 35.2366397 ], [ 134.2268617, 35.2369064 ], [ 134.2268542, 35.2370158 ], [ 134.2268736, 35.2371586 ], [ 134.2269314, 35.2372667 ], [ 134.2270023, 35.2373853 ], [ 134.2271971, 35.2375984 ], [ 134.2272912, 35.2376773 ], [ 134.2275136, 35.2378644 ], [ 134.2280903, 35.2383163 ], [ 134.2284197, 35.2385745 ], [ 134.2287628, 35.2388561 ], [ 134.2288314, 35.2389353 ], [ 134.2289576, 35.2391371 ], [ 134.2290097, 35.2393183 ], [ 134.2290439, 35.2398878 ], [ 134.2290872, 35.2404106 ], [ 134.2291427, 35.2410374 ], [ 134.2292174, 35.241582 ], [ 134.2292315, 35.2416665 ], [ 134.2293047, 35.2420683 ], [ 134.2293528, 35.2424517 ], [ 134.2294214, 35.242925 ], [ 134.2294424, 35.2430649 ], [ 134.2294764, 35.2432913 ], [ 134.2294833, 35.2437536 ], [ 134.2294797, 35.2440447 ], [ 134.2294797, 35.2441014 ], [ 134.2294644, 35.2441808 ], [ 134.2294333, 35.2442633 ], [ 134.2294007, 35.2443228 ], [ 134.2292501, 35.244576 ], [ 134.2290508, 35.2449764 ], [ 134.22879, 35.2454836 ], [ 134.2287437, 35.2455742 ], [ 134.2286748, 35.2457458 ], [ 134.2286117, 35.2459792 ], [ 134.2286117, 35.2462389 ], [ 134.2286458, 35.2463853 ], [ 134.228721, 35.2464963 ], [ 134.2288057, 35.2466212 ], [ 134.2294419, 35.2471914 ], [ 134.2300044, 35.2477095 ], [ 134.230135, 35.2478392 ], [ 134.2302242, 35.2479575 ], [ 134.2302928, 35.2480814 ], [ 134.2303616, 35.2482737 ], [ 134.2304644, 35.2489889 ], [ 134.2304575, 35.2492933 ], [ 134.2304123, 35.2495827 ], [ 134.2303889, 35.2497328 ], [ 134.2303408, 35.2499583 ], [ 134.230302, 35.2500825 ], [ 134.2300869, 35.2507697 ], [ 134.2300389, 35.2508883 ], [ 134.2299841, 35.2510609 ], [ 134.2299153, 35.251553 ], [ 134.2298467, 35.2523758 ], [ 134.2298603, 35.2527649 ], [ 134.2298485, 35.2530414 ], [ 134.2298323, 35.2534699 ], [ 134.2297671, 35.2538137 ], [ 134.2296369, 35.2542353 ], [ 134.2295603, 35.2545392 ], [ 134.2293817, 35.2552047 ], [ 134.22921, 35.2557064 ], [ 134.2291342, 35.2558472 ], [ 134.2290519, 35.256005 ], [ 134.2281931, 35.2577125 ], [ 134.2279654, 35.2583333 ], [ 134.2277053, 35.2590425 ], [ 134.2275948, 35.2594068 ], [ 134.2275197, 35.2598145 ], [ 134.2275061, 35.2600736 ], [ 134.2274992, 35.2603383 ], [ 134.2274922, 35.2611217 ], [ 134.2274907, 35.2612484 ], [ 134.2274922, 35.2613583 ], [ 134.227485, 35.2620836 ], [ 134.2274773, 35.2623463 ], [ 134.2277092, 35.2628976 ], [ 134.2277562, 35.2629904 ], [ 134.2278088, 35.263095 ], [ 134.2279045, 35.2632374 ], [ 134.2282206, 35.2636292 ], [ 134.22864, 35.2640762 ], [ 134.2287083, 35.2642097 ], [ 134.2287703, 35.2642942 ], [ 134.228868, 35.2645488 ], [ 134.2288938, 35.2646509 ], [ 134.2289117, 35.264732 ], [ 134.2289095, 35.2648581 ], [ 134.2289109, 35.2650175 ], [ 134.228881, 35.2654855 ], [ 134.2288654, 35.265921 ], [ 134.2288442, 35.2661581 ], [ 134.2288628, 35.2663968 ], [ 134.2289976, 35.2666667 ], [ 134.2290653, 35.266802 ], [ 134.2292898, 35.2669857 ], [ 134.2295671, 35.2672021 ], [ 134.2297659, 35.2673468 ], [ 134.2302245, 35.2676827 ], [ 134.2299861, 35.2679178 ], [ 134.2289425, 35.2689095 ], [ 134.2287385, 35.2690875 ], [ 134.2282564, 35.2694889 ], [ 134.2279386, 35.2697322 ], [ 134.2271163, 35.2703383 ], [ 134.226825, 35.2705838 ], [ 134.2259963, 35.2712141 ], [ 134.2253974, 35.2716599 ], [ 134.225, 35.2719375 ], [ 134.2248333, 35.2720539 ], [ 134.2242906, 35.2724936 ], [ 134.2241878, 35.2726286 ], [ 134.2241194, 35.2729084 ], [ 134.2240642, 35.2731697 ], [ 134.2239817, 35.2738064 ], [ 134.2239817, 35.2740993 ], [ 134.2239953, 35.2744825 ], [ 134.2240341, 35.2750004 ], [ 134.2240367, 35.275035 ], [ 134.224068, 35.2753255 ], [ 134.2241649, 35.2755687 ], [ 134.2246892, 35.2761845 ], [ 134.225225, 35.2767933 ], [ 134.2255067, 35.2770803 ], [ 134.2258366, 35.2773958 ], [ 134.2260561, 35.2775706 ], [ 134.2264203, 35.2778297 ], [ 134.2265999, 35.2779293 ], [ 134.2272378, 35.2783203 ], [ 134.2279592, 35.2787936 ], [ 134.2284192, 35.2791206 ], [ 134.2287835, 35.2793854 ], [ 134.2291172, 35.2796448 ], [ 134.2294431, 35.2798981 ], [ 134.2296015, 35.2800154 ], [ 134.2300064, 35.280315 ], [ 134.2301644, 35.2804614 ], [ 134.2303017, 35.2806078 ], [ 134.2304047, 35.2807545 ], [ 134.2304597, 35.2808897 ], [ 134.230535, 35.2812786 ], [ 134.2305625, 35.281735 ], [ 134.2305558, 35.2824619 ], [ 134.230535, 35.282665 ], [ 134.2305008, 35.2828114 ], [ 134.2303194, 35.2833333 ], [ 134.2302905, 35.2834163 ], [ 134.2302419, 35.2836928 ], [ 134.2302167, 35.2839098 ], [ 134.2301753, 35.2844702 ], [ 134.2301503, 35.2847328 ], [ 134.2300817, 35.2850033 ], [ 134.2300061, 35.285212 ], [ 134.2299344, 35.2853763 ], [ 134.2298686, 35.2855275 ], [ 134.2297902, 35.2856827 ], [ 134.2292847, 35.2866828 ], [ 134.2286664, 35.2878547 ], [ 134.2284122, 35.2883564 ], [ 134.2283161, 35.2885253 ], [ 134.2280976, 35.2889522 ], [ 134.2279797, 35.2891623 ], [ 134.2279247, 35.2892805 ], [ 134.2275331, 35.29003 ], [ 134.2274025, 35.2902608 ], [ 134.2272536, 35.2904264 ], [ 134.2270906, 35.2905414 ], [ 134.2268461, 35.2907036 ], [ 134.2265444, 35.2908602 ], [ 134.2262069, 35.2910103 ], [ 134.2258015, 35.2911467 ], [ 134.2253536, 35.2913603 ], [ 134.225, 35.2914994 ], [ 134.2245748, 35.2916667 ], [ 134.2190061, 35.2938573 ], [ 134.2183911, 35.2941667 ], [ 134.2176725, 35.2948206 ], [ 134.2175929, 35.2949226 ], [ 134.2173656, 35.2952138 ], [ 134.2171696, 35.2954049 ], [ 134.2170535, 35.2955032 ], [ 134.2168092, 35.2956592 ], [ 134.2167197, 35.2957098 ], [ 134.2164796, 35.2958284 ], [ 134.2162872, 35.2958903 ], [ 134.2160331, 35.2959353 ], [ 134.2153858, 35.2959836 ], [ 134.2152156, 35.2959972 ], [ 134.2145767, 35.2960804 ], [ 134.2145216, 35.2960875 ], [ 134.2143156, 35.2961325 ], [ 134.2139584, 35.2962397 ], [ 134.2138, 35.2963015 ], [ 134.2134908, 35.2964425 ], [ 134.2131408, 35.2966228 ], [ 134.2116294, 35.2972708 ], [ 134.2111347, 35.2975075 ], [ 134.2109767, 35.2976033 ], [ 134.2107911, 35.2977445 ], [ 134.2105233, 35.2980089 ], [ 134.2103583, 35.2982345 ], [ 134.2100214, 35.2987701 ], [ 134.2096919, 35.2992656 ], [ 134.2095927, 35.2994335 ], [ 134.2094535, 35.299743 ], [ 134.209334, 35.3 ], [ 134.2092964, 35.300081 ], [ 134.2091594, 35.3003134 ], [ 134.2090727, 35.3004678 ], [ 134.2089407, 35.3007138 ], [ 134.2088607, 35.300862 ], [ 134.2087711, 35.3009964 ], [ 134.2085036, 35.3014181 ], [ 134.2084154, 35.3015276 ], [ 134.2082764, 35.3017004 ], [ 134.2081049, 35.3018641 ], [ 134.2078522, 35.3020306 ], [ 134.207542, 35.3021972 ], [ 134.2070325, 35.3024752 ], [ 134.2068683, 35.3025449 ], [ 134.2066294, 35.3026306 ], [ 134.2064291, 35.3026899 ], [ 134.2059142, 35.3028398 ], [ 134.2055465, 35.3030018 ], [ 134.2053151, 35.3031192 ], [ 134.2050293, 35.3032703 ], [ 134.2045808, 35.3035108 ], [ 134.2041467, 35.3037462 ], [ 134.203658, 35.3040184 ], [ 134.2032395, 35.3042971 ], [ 134.2028296, 35.3045796 ], [ 134.202703, 35.3046832 ], [ 134.202585, 35.3047726 ], [ 134.2021751, 35.3050938 ], [ 134.2020141, 35.3052605 ], [ 134.201881, 35.3054097 ], [ 134.2016653, 35.3056928 ], [ 134.2015344, 35.3059404 ], [ 134.2014118, 35.3063014 ], [ 134.2013533, 35.3065476 ], [ 134.2013246, 35.3067036 ], [ 134.2012947, 35.3071056 ], [ 134.2013069, 35.307724 ], [ 134.2012919, 35.3079067 ], [ 134.2012133, 35.3081989 ], [ 134.2011395, 35.3083333 ], [ 134.2010507, 35.3084793 ], [ 134.2009299, 35.3086308 ], [ 134.2007251, 35.3088113 ], [ 134.2004512, 35.3089985 ], [ 134.2001283, 35.3091934 ], [ 134.2, 35.3092895 ], [ 134.1998509, 35.309391 ], [ 134.1997091, 35.3095446 ], [ 134.1995471, 35.3097255 ], [ 134.198988, 35.3104562 ], [ 134.1983117, 35.3113438 ], [ 134.198052, 35.3117103 ], [ 134.1973944, 35.3124797 ], [ 134.1970455, 35.3128812 ], [ 134.1967215, 35.3133216 ], [ 134.1959529, 35.3142535 ], [ 134.1956768, 35.3145906 ], [ 134.1955437, 35.3147405 ], [ 134.1949098, 35.3155546 ], [ 134.194825, 35.3156721 ], [ 134.1946829, 35.3159327 ], [ 134.1946016, 35.3161108 ], [ 134.1945323, 35.3163204 ], [ 134.1944405, 35.3166667 ], [ 134.1943297, 35.3170848 ], [ 134.1942414, 35.3177684 ], [ 134.1942067, 35.319337 ], [ 134.1942272, 35.3197652 ], [ 134.1942617, 35.3199628 ], [ 134.1945225, 35.3204298 ], [ 134.1947972, 35.3209095 ], [ 134.1956767, 35.3224139 ], [ 134.1958208, 35.3226731 ], [ 134.1959103, 35.3228197 ], [ 134.1961164, 35.3231803 ], [ 134.1961439, 35.3232142 ], [ 134.1965144, 35.3238567 ], [ 134.1970297, 35.3247297 ], [ 134.1971544, 35.325 ], [ 134.1972222, 35.3251469 ], [ 134.1972893, 35.3253546 ], [ 134.1973797, 35.3256353 ], [ 134.1975504, 35.3261771 ], [ 134.1977461, 35.3267897 ], [ 134.1978747, 35.3271922 ], [ 134.1982526, 35.3283866 ], [ 134.1985838, 35.3294324 ], [ 134.1988119, 35.3301275 ], [ 134.1989919, 35.3306767 ], [ 134.1991983, 35.3313067 ], [ 134.1992122, 35.331367 ], [ 134.1993114, 35.3318239 ], [ 134.199322, 35.3321538 ], [ 134.1993279, 35.332291 ], [ 134.1993362, 35.3324428 ], [ 134.1993488, 35.3325396 ], [ 134.1993625, 35.3326121 ], [ 134.1993856, 35.3326932 ], [ 134.1994379, 35.3328507 ], [ 134.1994725, 35.3329099 ], [ 134.1997171, 35.3331705 ], [ 134.1999224, 35.3333333 ], [ 134.2, 35.3333949 ], [ 134.2002938, 35.3336279 ], [ 134.2004215, 35.3337428 ], [ 134.2006294, 35.3339206 ], [ 134.2007256, 35.334067 ], [ 134.2007597, 35.3341739 ], [ 134.2007717, 35.3342844 ], [ 134.2007806, 35.3343711 ], [ 134.2007805, 35.3345835 ], [ 134.2007803, 35.3349788 ], [ 134.2007803, 35.3351375 ], [ 134.2007664, 35.3353461 ], [ 134.200771, 35.3358292 ], [ 134.2007509, 35.3361015 ], [ 134.2006947, 35.3362934 ], [ 134.2006044, 35.3364772 ], [ 134.2005189, 35.3365924 ], [ 134.2002902, 35.336904 ], [ 134.2001695, 35.3370629 ], [ 134.2000169, 35.3373048 ], [ 134.1999468, 35.33749 ], [ 134.1999142, 35.3376383 ], [ 134.1999028, 35.337762 ], [ 134.1999044, 35.33796 ], [ 134.19992, 35.3381183 ], [ 134.2, 35.3383147 ], [ 134.2000233, 35.338372 ], [ 134.2001128, 35.3385447 ], [ 134.2006869, 35.3392667 ], [ 134.2015981, 35.3404122 ], [ 134.2016675, 35.3405114 ], [ 134.2018513, 35.3407584 ], [ 134.2025594, 35.3416667 ], [ 134.2029419, 35.3421574 ], [ 134.2034756, 35.3426495 ], [ 134.2040677, 35.343191 ], [ 134.2045692, 35.3436636 ], [ 134.20492, 35.3440186 ], [ 134.2052225, 35.3443511 ], [ 134.2054382, 35.3446184 ], [ 134.2055456, 35.3447514 ], [ 134.2057803, 35.345125 ], [ 134.2058464, 35.3453464 ], [ 134.2058797, 35.3456624 ], [ 134.2059034, 35.3458844 ], [ 134.2059239, 35.3462445 ], [ 134.2059364, 35.3465088 ], [ 134.2059581, 35.3469717 ], [ 134.2059306, 35.3473492 ], [ 134.2059169, 35.3475125 ], [ 134.2058758, 35.3477211 ], [ 134.2058344, 35.3478733 ], [ 134.2057314, 35.3481267 ], [ 134.2054494, 35.348662 ], [ 134.2052557, 35.3489317 ], [ 134.204865, 35.3494397 ], [ 134.2046928, 35.3496317 ], [ 134.2046106, 35.3497617 ], [ 134.2045003, 35.3499356 ], [ 134.2044637, 35.35 ], [ 134.2041706, 35.3505161 ], [ 134.2040739, 35.3508148 ], [ 134.2040739, 35.3513783 ], [ 134.2041497, 35.3517558 ], [ 134.2042183, 35.3519531 ], [ 134.2043492, 35.3522742 ], [ 134.2046008, 35.3526847 ], [ 134.2049278, 35.3530987 ], [ 134.2056653, 35.3539347 ], [ 134.2060336, 35.3543797 ], [ 134.2062705, 35.3546654 ], [ 134.2064585, 35.3549038 ], [ 134.2066733, 35.3551539 ], [ 134.207321, 35.3560324 ], [ 134.207595, 35.356405 ], [ 134.2078842, 35.356788 ], [ 134.2083333, 35.357406 ], [ 134.2085028, 35.3576392 ], [ 134.2089086, 35.3581914 ], [ 134.209014, 35.3583333 ], [ 134.2092936, 35.35871 ], [ 134.2096031, 35.3589975 ], [ 134.2098402, 35.3592124 ], [ 134.210256, 35.3594475 ], [ 134.2105923, 35.3595935 ], [ 134.2109881, 35.3597225 ], [ 134.2115292, 35.359924 ], [ 134.211631, 35.3599683 ], [ 134.2118869, 35.3600851 ], [ 134.2121817, 35.3602483 ], [ 134.2124708, 35.3605245 ], [ 134.2128172, 35.3608883 ], [ 134.2128833, 35.3610317 ], [ 134.2129936, 35.361347 ], [ 134.2131586, 35.3620008 ], [ 134.2132272, 35.3622431 ], [ 134.2134356, 35.3629983 ], [ 134.2135164, 35.3632911 ], [ 134.2136194, 35.3637025 ], [ 134.2136886, 35.364087 ], [ 134.213905, 35.3647173 ], [ 134.2142009, 35.3652095 ], [ 134.2145086, 35.3655975 ], [ 134.2146844, 35.3658853 ], [ 134.2149402, 35.3666815 ], [ 134.2149617, 35.3667483 ], [ 134.2155931, 35.3683233 ], [ 134.2156135, 35.36861 ], [ 134.2155997, 35.3689096 ], [ 134.2155311, 35.3694111 ], [ 134.2155172, 35.3697315 ], [ 134.2155103, 35.3700253 ], [ 134.215495, 35.3701983 ], [ 134.2154828, 35.3703072 ], [ 134.2154333, 35.3712459 ], [ 134.2154142, 35.3716086 ], [ 134.2153867, 35.3718511 ], [ 134.2153797, 35.37202 ], [ 134.2153159, 35.3726177 ], [ 134.2152559, 35.3731076 ], [ 134.2152283, 35.3731981 ], [ 134.2151458, 35.3735192 ], [ 134.2150428, 35.3738572 ], [ 134.2148778, 35.3742008 ], [ 134.2146575, 35.3745167 ], [ 134.2144928, 35.374691 ], [ 134.2141691, 35.3750253 ], [ 134.2141177, 35.3750717 ], [ 134.2140673, 35.3751169 ], [ 134.2134058, 35.3758014 ], [ 134.2131851, 35.3760337 ], [ 134.2130211, 35.3761787 ], [ 134.2127668, 35.3764035 ], [ 134.2124289, 35.3767316 ], [ 134.2120233, 35.3770805 ], [ 134.2116314, 35.3773339 ], [ 134.2114362, 35.3774356 ], [ 134.2110712, 35.3776488 ], [ 134.2109167, 35.3777567 ], [ 134.2100008, 35.3783307 ], [ 134.2088598, 35.3790446 ], [ 134.2083333, 35.3792183 ], [ 134.2081859, 35.3792669 ], [ 134.207489, 35.3794838 ], [ 134.206391, 35.3799489 ], [ 134.2060888, 35.3801067 ], [ 134.2057586, 35.3802983 ], [ 134.2053389, 35.3805292 ], [ 134.2051531, 35.3806472 ], [ 134.20505, 35.3807375 ], [ 134.2042542, 35.3814013 ], [ 134.2040806, 35.3815153 ], [ 134.2035717, 35.3817858 ], [ 134.2034327, 35.3818365 ], [ 134.2030975, 35.3821992 ], [ 134.2020391, 35.3833333 ], [ 134.2018278, 35.3835597 ], [ 134.2013567, 35.3842011 ], [ 134.2010514, 35.3847222 ], [ 134.2007656, 35.3853928 ], [ 134.2006258, 35.3858436 ], [ 134.2005608, 35.3861364 ], [ 134.2004836, 35.386677 ], [ 134.2004751, 35.3867796 ], [ 134.2004147, 35.3875111 ], [ 134.2004219, 35.3886173 ], [ 134.2004617, 35.3888553 ], [ 134.2006167, 35.389285 ], [ 134.2007039, 35.3894833 ], [ 134.20113, 35.3903795 ], [ 134.2011919, 35.3905317 ], [ 134.2014533, 35.391095 ], [ 134.2017015, 35.3916667 ], [ 134.2018522, 35.3920139 ], [ 134.2024917, 35.3935239 ], [ 134.2026231, 35.3938533 ], [ 134.2028907, 35.3945162 ], [ 134.2029797, 35.3947635 ], [ 134.2033031, 35.3955867 ], [ 134.2038806, 35.3971136 ], [ 134.2039633, 35.3973561 ], [ 134.2040731, 35.3977958 ], [ 134.2043176, 35.3988419 ], [ 134.204439, 35.3995012 ], [ 134.2044665, 35.3996399 ], [ 134.2044947, 35.3997288 ], [ 134.2045263, 35.3998284 ], [ 134.2045614, 35.4 ], [ 134.2046589, 35.4004769 ], [ 134.2047417, 35.4011028 ], [ 134.2048775, 35.4020222 ], [ 134.2050014, 35.4027322 ], [ 134.2051197, 35.4032316 ], [ 134.2053797, 35.4041692 ], [ 134.2055239, 35.4047437 ], [ 134.2055686, 35.4048812 ], [ 134.2057076, 35.4053117 ], [ 134.2062707, 35.4070566 ], [ 134.2063523, 35.4072842 ], [ 134.206361, 35.4073103 ], [ 134.2064134, 35.4074692 ], [ 134.2065555, 35.4078997 ], [ 134.2066655, 35.4082997 ], [ 134.2067342, 35.4086547 ], [ 134.2067617, 35.4088633 ], [ 134.2068182, 35.4092371 ], [ 134.2068243, 35.4093701 ], [ 134.206806, 35.4096378 ], [ 134.2067598, 35.4098571 ], [ 134.2067221, 35.4100379 ], [ 134.206556, 35.4105992 ], [ 134.2064277, 35.4109696 ], [ 134.206326, 35.4112871 ], [ 134.2062752, 35.4114667 ], [ 134.2062047, 35.4117769 ], [ 134.2061918, 35.4120356 ], [ 134.2062322, 35.4126561 ], [ 134.2063903, 35.413642 ], [ 134.2064383, 35.4141156 ], [ 134.2064383, 35.4148714 ], [ 134.2064383, 35.4150061 ], [ 134.2064269, 35.4150905 ], [ 134.2064108, 35.4152089 ], [ 134.2063943, 35.4152775 ], [ 134.206371, 35.4153738 ], [ 134.20629, 35.4157089 ], [ 134.2061766, 35.4160558 ], [ 134.2059785, 35.4166667 ], [ 134.2057367, 35.4174122 ], [ 134.2053768, 35.4185664 ], [ 134.2053221, 35.4187418 ], [ 134.2052954, 35.4188272 ], [ 134.2052422, 35.4193223 ], [ 134.2052348, 35.4195447 ], [ 134.2052305, 35.4196765 ], [ 134.2052256, 35.4198242 ], [ 134.2052528, 35.4202075 ], [ 134.2053006, 35.4205285 ], [ 134.2053697, 35.4208044 ], [ 134.2054731, 35.4210919 ], [ 134.2056186, 35.4214339 ], [ 134.2057208, 35.4215936 ], [ 134.2059044, 35.4218996 ], [ 134.2062717, 35.422512 ], [ 134.2066382, 35.4231177 ], [ 134.20676, 35.4233517 ], [ 134.2068867, 35.4236436 ], [ 134.2069253, 35.4237967 ], [ 134.2069792, 35.4240156 ], [ 134.2070217, 35.4242306 ], [ 134.207072, 35.424559 ], [ 134.2071044, 35.4248056 ], [ 134.2071567, 35.4253787 ], [ 134.2072737, 35.4258032 ], [ 134.2073317, 35.4261423 ], [ 134.2073026, 35.4264697 ], [ 134.2072335, 35.4268662 ], [ 134.2052878, 35.4333505 ], [ 134.2049165, 35.4348638 ], [ 134.2049329, 35.4353979 ], [ 134.2050597, 35.4359399 ], [ 134.2051273, 35.4361247 ], [ 134.2051628, 35.4362217 ], [ 134.2053072, 35.43656 ], [ 134.2054517, 35.4368192 ], [ 134.2056106, 35.4370517 ], [ 134.2057137, 35.4371576 ], [ 134.2060092, 35.4374503 ], [ 134.2063467, 35.4377378 ], [ 134.206512, 35.4378673 ], [ 134.2066578, 35.4379643 ], [ 134.2067828, 35.4380405 ], [ 134.20782, 35.4386731 ], [ 134.2082811, 35.4389658 ], [ 134.2085428, 35.4391578 ], [ 134.2089144, 35.4394899 ], [ 134.2091556, 35.4397381 ], [ 134.2092118, 35.4398082 ], [ 134.2093139, 35.4399353 ], [ 134.2096171, 35.440432 ], [ 134.2097756, 35.4408333 ], [ 134.2098989, 35.4412258 ], [ 134.2099744, 35.4415694 ], [ 134.209991, 35.4416667 ], [ 134.2100878, 35.4422358 ], [ 134.2101882, 35.4428263 ], [ 134.2102479, 35.4432244 ], [ 134.210415, 35.4438575 ], [ 134.2105389, 35.4442292 ], [ 134.2106422, 35.4444939 ], [ 134.2109178, 35.4450914 ], [ 134.2110344, 35.4453056 ], [ 134.2114669, 35.4460354 ], [ 134.2115823, 35.4462123 ], [ 134.2116678, 35.4463425 ], [ 134.2121023, 35.4469181 ], [ 134.2126665, 35.4476502 ], [ 134.213079, 35.4482073 ], [ 134.2133614, 35.4486247 ], [ 134.2137122, 35.4491936 ], [ 134.2139189, 35.4495656 ], [ 134.2141348, 35.45 ], [ 134.2142975, 35.4503939 ], [ 134.2144099, 35.4507074 ], [ 134.2144583, 35.4508612 ], [ 134.2146142, 35.4513633 ], [ 134.2149444, 35.4525467 ], [ 134.2150084, 35.4527783 ], [ 134.2150425, 35.4529833 ], [ 134.2150683, 35.4532453 ], [ 134.2151647, 35.4542933 ], [ 134.2151853, 35.4544575 ], [ 134.2152016, 35.4546202 ], [ 134.2152925, 35.455696 ], [ 134.2153231, 35.4561867 ], [ 134.2153439, 35.4566206 ], [ 134.2153506, 35.4570942 ], [ 134.2153367, 35.4580406 ], [ 134.2153231, 35.4583329 ], [ 134.2153019, 35.4588464 ], [ 134.2152817, 35.460058 ], [ 134.21524, 35.4608131 ], [ 134.215142, 35.461781 ], [ 134.215068, 35.4622389 ], [ 134.2147001, 35.4642441 ], [ 134.2146936, 35.4645656 ], [ 134.2146531, 35.4648528 ], [ 134.2146188, 35.4654807 ], [ 134.2146368, 35.4656535 ], [ 134.2146614, 35.4658192 ], [ 134.2148064, 35.4662675 ], [ 134.2150004, 35.4666667 ], [ 134.2150475, 35.4667636 ], [ 134.2152953, 35.4673158 ], [ 134.2153844, 35.4674905 ], [ 134.2156736, 35.4678681 ], [ 134.2162864, 35.4687189 ], [ 134.2165754, 35.469147 ], [ 134.2166587, 35.4692592 ], [ 134.2168853, 35.4696375 ], [ 134.2170322, 35.4699283 ], [ 134.2171056, 35.4700994 ], [ 134.2171997, 35.4703278 ], [ 134.2172365, 35.4704764 ], [ 134.2173119, 35.470815 ], [ 134.2173537, 35.4711696 ], [ 134.21736, 35.4715772 ], [ 134.2173464, 35.4717844 ], [ 134.2172708, 35.4723647 ], [ 134.2171328, 35.4731478 ], [ 134.2170696, 35.4734866 ], [ 134.2169924, 35.4739271 ], [ 134.2169194, 35.47463 ], [ 134.2169006, 35.475 ], [ 134.216885, 35.4753061 ], [ 134.2168888, 35.4757885 ], [ 134.2169526, 35.4759878 ], [ 134.2177362, 35.4778322 ], [ 134.2177829, 35.4779452 ], [ 134.2178287, 35.4780559 ], [ 134.2178729, 35.478179 ], [ 134.2180756, 35.4786695 ], [ 134.2184139, 35.4795113 ], [ 134.2185926, 35.4799614 ], [ 134.2188797, 35.4806575 ], [ 134.2190334, 35.4810434 ], [ 134.21937, 35.4818534 ], [ 134.2199825, 35.48324 ], [ 134.2200248, 35.4833333 ], [ 134.2201267, 35.4835584 ], [ 134.2203195, 35.4839866 ], [ 134.2205611, 35.4845814 ], [ 134.2206099, 35.4847575 ], [ 134.2207953, 35.4855392 ], [ 134.2209397, 35.4861197 ], [ 134.2210017, 35.4863903 ], [ 134.2210502, 35.4865757 ], [ 134.2212014, 35.4871573 ], [ 134.2213042, 35.4875789 ], [ 134.2215729, 35.4885652 ], [ 134.2216897, 35.48892 ], [ 134.2217656, 35.4890719 ], [ 134.2219883, 35.4893892 ], [ 134.2225156, 35.4898963 ], [ 134.2227158, 35.4900753 ], [ 134.2229061, 35.4902719 ], [ 134.2229083, 35.4904616 ], [ 134.2229275, 35.4917563 ], [ 134.2229356, 35.4919772 ], [ 134.2229219, 35.4926564 ], [ 134.2229084, 35.4933365 ], [ 134.2229014, 35.4938555 ], [ 134.2229219, 35.4943744 ], [ 134.2229444, 35.4945742 ], [ 134.2229794, 35.4947403 ], [ 134.2230114, 35.4948592 ], [ 134.2230789, 35.4950497 ], [ 134.2231761, 35.4952055 ], [ 134.2232783, 35.4953425 ], [ 134.2233728, 35.495436 ], [ 134.223502, 35.4955639 ], [ 134.223989, 35.4959754 ], [ 134.2247078, 35.4966225 ], [ 134.22487, 35.4965553 ], [ 134.225, 35.4965326 ], [ 134.2254827, 35.4964483 ], [ 134.226616, 35.4963101 ], [ 134.2273753, 35.4962059 ], [ 134.2278578, 35.4961272 ], [ 134.2281539, 35.4960539 ], [ 134.2283742, 35.495975 ], [ 134.2289075, 35.4964973 ], [ 134.229337, 35.496928 ], [ 134.2298273, 35.4974155 ], [ 134.2302391, 35.4978061 ], [ 134.2305067, 35.4980261 ], [ 134.2308189, 35.4982842 ], [ 134.2310728, 35.4984944 ], [ 134.2314212, 35.4987897 ], [ 134.2320889, 35.4993655 ], [ 134.2324286, 35.4996464 ], [ 134.2327703, 35.4999307 ], [ 134.2328495, 35.5 ], [ 134.233452, 35.5005295 ], [ 134.2339901, 35.5010023 ], [ 134.2342124, 35.5011823 ], [ 134.2344842, 35.5013777 ], [ 134.2346587, 35.501503 ], [ 134.2353478, 35.5019652 ], [ 134.2362862, 35.502595 ], [ 134.2372542, 35.5032584 ], [ 134.2369974, 35.5035261 ], [ 134.2366517, 35.5038867 ], [ 134.2362867, 35.504247 ], [ 134.2355077, 35.5050351 ], [ 134.2352383, 35.5053042 ], [ 134.2350704, 35.5054717 ], [ 134.2346481, 35.5058941 ], [ 134.2339719, 35.5065483 ], [ 134.2333333, 35.5071612 ], [ 134.23304, 35.5074425 ], [ 134.2328616, 35.5076226 ], [ 134.2322, 35.508225 ], [ 134.2320698, 35.5083482 ], [ 134.2317774, 35.5086143 ], [ 134.2312571, 35.5090883 ], [ 134.2305555, 35.5097336 ], [ 134.2298778, 35.510355 ], [ 134.2296392, 35.5105941 ], [ 134.2294898, 35.5107341 ], [ 134.2289881, 35.5110826 ], [ 134.2287644, 35.5112418 ], [ 134.2277963, 35.5119893 ], [ 134.2273608, 35.5123595 ], [ 134.2268251, 35.512784 ], [ 134.2264962, 35.5130525 ], [ 134.2258004, 35.513633 ], [ 134.2249096, 35.5143659 ], [ 134.2238596, 35.5152301 ], [ 134.223601, 35.5154376 ], [ 134.2221151, 35.5166667 ], [ 134.2219779, 35.5167802 ], [ 134.2218118, 35.516904 ], [ 134.2216256, 35.5170306 ], [ 134.2211731, 35.5172931 ], [ 134.2204581, 35.5176864 ], [ 134.2201886, 35.5178232 ], [ 134.2195181, 35.5181468 ], [ 134.2189983, 35.518402 ], [ 134.2185756, 35.5186525 ], [ 134.2182969, 35.5188263 ], [ 134.2178572, 35.5191584 ], [ 134.2177506, 35.5192468 ], [ 134.2175869, 35.5194009 ], [ 134.2174682, 35.5195553 ], [ 134.2174135, 35.5196339 ], [ 134.2170867, 35.5201741 ], [ 134.216727, 35.5209842 ], [ 134.2166667, 35.5211287 ], [ 134.2165971, 35.5212952 ], [ 134.216399, 35.5216604 ], [ 134.216257, 35.5219298 ] ] } },
{ "type": "Feature", "properties": { "N12_001": "31", "N12_002": 1, "N12_003": 3, "N12_004": "一般国道9号", "N12_005": 63, "N12_006": 1 }, "geometry": { "type": "LineString", "coordinates": [ [ 133.3205228, 35.4116783 ], [ 133.3211644, 35.4115273 ], [ 133.3214563, 35.4114465 ], [ 133.3218033, 35.411357 ], [ 133.3220757, 35.4112889 ], [ 133.3224855, 35.4111856 ], [ 133.322939, 35.4110712 ], [ 133.3233821, 35.4109595 ], [ 133.3235306, 35.4109167 ], [ 133.3240444, 35.4107936 ], [ 133.3243706, 35.4107231 ], [ 133.3246139, 35.4106645 ], [ 133.32482, 35.41058 ], [ 133.3250202, 35.4104705 ], [ 133.3251192, 35.4104134 ], [ 133.3255231, 35.4100275 ], [ 133.3257344, 35.4098022 ], [ 133.3258719, 35.4096164 ], [ 133.3260621, 35.4093159 ], [ 133.3262432, 35.4090718 ] ] } },
{ "type": "Feature", "properties": { "N12_001": "31", "N12_002": 1, "N12_003": 3, "N12_004": "一般国道9号", "N12_005": 63, "N12_006": 2 }, "geometry": { "type": "LineString", "coordinates": [ [ 133.8731949, 35.4968492 ], [ 133.8731939, 35.4983156 ], [ 133.8732003, 35.4986836 ], [ 133.8731757, 35.4997666 ], [ 133.8731768, 35.5 ], [ 133.8731586, 35.5009546 ], [ 133.8731324, 35.5014328 ], [ 133.8731076, 35.5017325 ], [ 133.8730761, 35.5021211 ], [ 133.8730061, 35.5026256 ], [ 133.8730025, 35.5031406 ], [ 133.8729875, 35.5034564 ], [ 133.8730011, 35.5037322 ], [ 133.873035, 35.5038731 ], [ 133.8731036, 35.5040256 ], [ 133.8733112, 35.5043523 ], [ 133.8733823, 35.5044396 ], [ 133.8735823, 35.5046851 ], [ 133.8738994, 35.5049042 ], [ 133.8742175, 35.5050686 ], [ 133.875, 35.5053495 ], [ 133.8754271, 35.5055207 ], [ 133.8760523, 35.5057679 ], [ 133.8765222, 35.5059411 ], [ 133.8767695, 35.5060253 ], [ 133.8769558, 35.506082 ], [ 133.8772519, 35.506172 ], [ 133.877528, 35.5062336 ], [ 133.8778019, 35.506317 ], [ 133.8786506, 35.5064986 ], [ 133.8791603, 35.5065611 ], [ 133.8795928, 35.5065603 ], [ 133.8797467, 35.5065436 ], [ 133.8800778, 35.5064761 ], [ 133.8806078, 35.5063128 ], [ 133.8808727, 35.5062128 ], [ 133.8810979, 35.5061177 ], [ 133.8812836, 35.5060701 ], [ 133.8815246, 35.5060058 ], [ 133.8817081, 35.5059594 ], [ 133.8819039, 35.5059131 ], [ 133.8820186, 35.5058906 ], [ 133.8824889, 35.5058006 ], [ 133.88264, 35.505783 ], [ 133.88293, 35.5057781 ], [ 133.8831575, 35.5058006 ], [ 133.8833282, 35.5058418 ], [ 133.8839363, 35.5060205 ], [ 133.8840947, 35.5060597 ], [ 133.8843835, 35.5061439 ], [ 133.88466, 35.506234 ], [ 133.8856386, 35.506572 ], [ 133.8861245, 35.506742 ], [ 133.8863133, 35.5068086 ], [ 133.8868158, 35.5069328 ], [ 133.8870784, 35.5069778 ], [ 133.887422, 35.5069778 ], [ 133.8877048, 35.5069481 ], [ 133.8879044, 35.5069105 ], [ 133.8881317, 35.5068598 ], [ 133.889028, 35.5066347 ], [ 133.8893369, 35.5065793 ], [ 133.8894717, 35.5065564 ], [ 133.8901167, 35.5065106 ], [ 133.8906956, 35.5064881 ], [ 133.8915234, 35.5065232 ], [ 133.8916837, 35.5065271 ], [ 133.8920581, 35.5065458 ], [ 133.892179, 35.5065556 ], [ 133.8927003, 35.5066456 ], [ 133.8931686, 35.5067414 ], [ 133.8938374, 35.5068989 ], [ 133.8939836, 35.5069389 ], [ 133.8941612, 35.5069897 ], [ 133.8942575, 35.5070122 ], [ 133.8949199, 35.5071639 ], [ 133.8951, 35.5071964 ], [ 133.8953122, 35.5072222 ], [ 133.8954548, 35.5072339 ], [ 133.8956659, 35.5072481 ], [ 133.8959872, 35.5072431 ], [ 133.8966622, 35.5072997 ], [ 133.8970622, 35.5073272 ], [ 133.8972758, 35.5073556 ], [ 133.8977994, 35.5074631 ], [ 133.8981169, 35.5075472 ], [ 133.8983781, 35.5076431 ], [ 133.898633, 35.5077672 ], [ 133.8986881, 35.5077972 ], [ 133.8988638, 35.5078949 ], [ 133.8992944, 35.5081331 ], [ 133.8995769, 35.5083189 ], [ 133.9, 35.508609 ], [ 133.9004653, 35.5089281 ], [ 133.9009135, 35.5091974 ], [ 133.9013003, 35.5094345 ], [ 133.9015753, 35.5095911 ], [ 133.9016442, 35.5096319 ], [ 133.9018792, 35.509762 ], [ 133.9023128, 35.5099761 ], [ 133.9025539, 35.5100544 ], [ 133.90274, 35.5100886 ], [ 133.9028575, 35.5100945 ], [ 133.90307, 35.5100828 ], [ 133.903215, 35.5100661 ], [ 133.9034633, 35.5099927 ], [ 133.9036914, 35.5099253 ], [ 133.9040214, 35.5098353 ], [ 133.9042214, 35.5098295 ], [ 133.90447, 35.509858 ], [ 133.9048522, 35.5099371 ], [ 133.9050139, 35.5099706 ], [ 133.9052619, 35.5100038 ], [ 133.9054686, 35.5100322 ], [ 133.9057722, 35.5100322 ], [ 133.9058747, 35.5099989 ], [ 133.9060197, 35.5099305 ], [ 133.9061436, 35.509858 ], [ 133.9066261, 35.5095531 ], [ 133.9068122, 35.5094122 ], [ 133.9069086, 35.5092997 ], [ 133.9071572, 35.5089165 ], [ 133.9074462, 35.5082378 ], [ 133.9075972, 35.5079367 ], [ 133.9077147, 35.5077675 ], [ 133.9079223, 35.5075474 ], [ 133.9080515, 35.5074362 ], [ 133.9082386, 35.507305 ], [ 133.9083333, 35.5072545 ], [ 133.9084386, 35.5071984 ], [ 133.9089353, 35.5070231 ], [ 133.9094486, 35.5068467 ], [ 133.9095661, 35.5068092 ], [ 133.9097318, 35.5067442 ], [ 133.9102921, 35.5065391 ], [ 133.9105333, 35.5064436 ], [ 133.9107058, 35.506387 ], [ 133.9114493, 35.506162 ], [ 133.9118569, 35.5060603 ], [ 133.9129319, 35.5058853 ], [ 133.9131992, 35.505857 ], [ 133.9134239, 35.5058515 ], [ 133.9139991, 35.5058294 ], [ 133.9143231, 35.505812 ], [ 133.9153292, 35.5057953 ], [ 133.9158374, 35.5057775 ], [ 133.9159706, 35.5057728 ], [ 133.9165701, 35.5057844 ], [ 133.9171339, 35.5057953 ], [ 133.9177953, 35.5058103 ], [ 133.9187632, 35.5058329 ], [ 133.9197367, 35.5058556 ], [ 133.9202, 35.5058573 ], [ 133.9203193, 35.5058517 ], [ 133.9206007, 35.5058381 ], [ 133.9211731, 35.5057921 ], [ 133.9218779, 35.5057596 ], [ 133.9230402, 35.5056801 ], [ 133.9241442, 35.505612 ], [ 133.9249044, 35.5055642 ], [ 133.9252171, 35.5055422 ], [ 133.9253657, 35.5055278 ], [ 133.9255683, 35.5055081 ], [ 133.9263378, 35.5054375 ], [ 133.9269094, 35.5053875 ], [ 133.9270081, 35.5053842 ], [ 133.9278694, 35.5053208 ], [ 133.9281669, 35.5053058 ], [ 133.9285532, 35.5052775 ], [ 133.9297442, 35.5051983 ], [ 133.9301503, 35.5052042 ], [ 133.9305073, 35.5052363 ], [ 133.9305853, 35.5052433 ], [ 133.9316528, 35.5053675 ], [ 133.9322878, 35.5054525 ], [ 133.9329589, 35.5055175 ], [ 133.9333164, 35.5055733 ], [ 133.9335395, 35.5056204 ], [ 133.93374, 35.5056833 ], [ 133.9340925, 35.5058242 ], [ 133.9343814, 35.505965 ], [ 133.9345814, 35.5060942 ], [ 133.9351086, 35.5065614 ], [ 133.93522, 35.5067442 ], [ 133.9353236, 35.50693 ], [ 133.9354211, 35.5071383 ], [ 133.9354661, 35.5072939 ], [ 133.9355162, 35.507564 ], [ 133.9355527, 35.5077464 ], [ 133.9357872, 35.5086806 ], [ 133.9358972, 35.5090756 ], [ 133.9360147, 35.5094081 ], [ 133.9361211, 35.509623 ], [ 133.9361936, 35.5097793 ], [ 133.9362561, 35.5099311 ], [ 133.9363137, 35.5100621 ], [ 133.9363836, 35.5101869 ], [ 133.9365929, 35.5105322 ], [ 133.9374408, 35.5119603 ], [ 133.9376344, 35.5122194 ], [ 133.9378469, 35.5124842 ], [ 133.9379644, 35.5125967 ], [ 133.9382819, 35.5128392 ], [ 133.9385245, 35.5129759 ], [ 133.9386532, 35.5130358 ], [ 133.938722, 35.513065 ], [ 133.9390058, 35.5131642 ], [ 133.9391469, 35.5132075 ], [ 133.9393058, 35.5132508 ], [ 133.9394758, 35.51329 ], [ 133.9396319, 35.5133217 ], [ 133.9398319, 35.513355 ], [ 133.9400383, 35.5133825 ], [ 133.9402337, 35.5134051 ], [ 133.9403181, 35.5134142 ], [ 133.9407242, 35.5134533 ], [ 133.9408012, 35.5134542 ], [ 133.9415735, 35.513455 ], [ 133.9416667, 35.513455 ], [ 133.9417781, 35.513455 ], [ 133.9419841, 35.513455 ], [ 133.9428554, 35.5134824 ], [ 133.9430767, 35.5134894 ], [ 133.9433606, 35.5134983 ], [ 133.9438703, 35.513482 ], [ 133.9443539, 35.5134971 ], [ 133.9447385, 35.5135103 ], [ 133.9455606, 35.513536 ], [ 133.94574, 35.5135418 ], [ 133.9460811, 35.5135643 ], [ 133.9469296, 35.5136677 ], [ 133.9476936, 35.5137578 ], [ 133.9482309, 35.5138311 ], [ 133.948412, 35.5138577 ], [ 133.948645, 35.5138928 ], [ 133.9493211, 35.5139928 ], [ 133.9496272, 35.5140401 ], [ 133.9497962, 35.5140641 ], [ 133.9499549, 35.5140903 ], [ 133.9511157, 35.5142678 ], [ 133.9517733, 35.5143719 ], [ 133.9528181, 35.514607 ], [ 133.9529282, 35.5146387 ], [ 133.9530331, 35.5146736 ], [ 133.9531656, 35.5147278 ], [ 133.9536381, 35.5149658 ], [ 133.9545212, 35.5154175 ], [ 133.9546856, 35.5154984 ], [ 133.9570143, 35.5166667 ], [ 133.9574025, 35.5168683 ], [ 133.9580925, 35.5172175 ], [ 133.958461, 35.5174099 ], [ 133.9587375, 35.5175543 ], [ 133.9589989, 35.5176908 ], [ 133.9593514, 35.51787 ], [ 133.9599047, 35.5181531 ], [ 133.9601872, 35.5183331 ], [ 133.9603403, 35.5184937 ], [ 133.9604447, 35.5186031 ], [ 133.9608158, 35.5189505 ], [ 133.9611647, 35.5193247 ], [ 133.9612699, 35.5194325 ], [ 133.9621925, 35.5204635 ], [ 133.9624508, 35.5207795 ], [ 133.9626121, 35.5210222 ], [ 133.9627083, 35.521167 ], [ 133.9629494, 35.5215503 ], [ 133.9631633, 35.5219503 ], [ 133.9632394, 35.5220461 ], [ 133.9633983, 35.5221703 ], [ 133.9635594, 35.5222603 ], [ 133.9637494, 35.5223845 ], [ 133.9639508, 35.5225095 ], [ 133.9640867, 35.522587 ], [ 133.9642681, 35.5226736 ], [ 133.9644406, 35.5226961 ], [ 133.9645392, 35.5226895 ], [ 133.9646306, 35.5226828 ], [ 133.9648017, 35.5226695 ], [ 133.965182, 35.5226142 ], [ 133.9655563, 35.5225624 ], [ 133.9663331, 35.5224353 ], [ 133.9666155, 35.5223803 ], [ 133.9666844, 35.5223621 ], [ 133.9668458, 35.5223194 ], [ 133.9671438, 35.5222345 ], [ 133.9674989, 35.5221195 ], [ 133.9680189, 35.5219203 ], [ 133.9695537, 35.5213253 ], [ 133.9697139, 35.5212686 ], [ 133.9701796, 35.5211497 ], [ 133.9712385, 35.5211953 ], [ 133.9718036, 35.5212403 ], [ 133.9720861, 35.5212853 ], [ 133.972335, 35.5213536 ], [ 133.9726508, 35.5214828 ], [ 133.9728372, 35.5215678 ], [ 133.973196, 35.5217812 ], [ 133.9734083, 35.5219169 ], [ 133.9735385, 35.5220333 ], [ 133.9737165, 35.5221767 ], [ 133.9739699, 35.5223264 ], [ 133.9741782, 35.5223838 ], [ 133.9745007, 35.5224023 ], [ 133.9746758, 35.5223741 ], [ 133.9749366, 35.5223188 ], [ 133.9751476, 35.5222656 ], [ 133.975478, 35.5222504 ], [ 133.9755529, 35.5222566 ], [ 133.9756632, 35.5222622 ], [ 133.9758714, 35.5222916 ], [ 133.976089, 35.5223318 ], [ 133.9762905, 35.5223578 ], [ 133.9763939, 35.5223634 ], [ 133.9765276, 35.5223687 ], [ 133.9766324, 35.5223535 ], [ 133.9769572, 35.5222854 ], [ 133.9773536, 35.5221536 ], [ 133.9775313, 35.5220436 ], [ 133.9777435, 35.5219181 ], [ 133.9779791, 35.5217979 ], [ 133.9782389, 35.5216436 ], [ 133.9784414, 35.5215573 ], [ 133.9787123, 35.521475 ], [ 133.9790074, 35.5214491 ], [ 133.9792664, 35.5214614 ], [ 133.9794433, 35.5214789 ], [ 133.979632, 35.5215114 ], [ 133.9801592, 35.5216866 ], [ 133.9803966, 35.521793 ], [ 133.9804928, 35.5218497 ], [ 133.9805903, 35.5219339 ], [ 133.980665, 35.5220388 ], [ 133.9807278, 35.5221312 ], [ 133.9808448, 35.5223833 ], [ 133.9809203, 35.5225253 ], [ 133.9810831, 35.5227909 ], [ 133.9811516, 35.5229027 ], [ 133.9812192, 35.5230006 ], [ 133.9813132, 35.5230979 ], [ 133.9814516, 35.5232019 ], [ 133.9815784, 35.5232778 ], [ 133.9816509, 35.5233123 ], [ 133.9817464, 35.5233425 ], [ 133.9818215, 35.5233568 ], [ 133.9818731, 35.52336 ], [ 133.9820395, 35.5233708 ], [ 133.9822607, 35.5233642 ], [ 133.9824778, 35.5233253 ], [ 133.9826325, 35.52328 ], [ 133.9826727, 35.5232634 ], [ 133.9827878, 35.523207 ], [ 133.9829779, 35.5230815 ], [ 133.9830686, 35.5230012 ], [ 133.9831903, 35.5228245 ], [ 133.9832739, 35.5226553 ], [ 133.9833175, 35.5225561 ], [ 133.9833333, 35.5224792 ], [ 133.983385, 35.5222281 ], [ 133.983415, 35.5221256 ], [ 133.9835717, 35.5218068 ], [ 133.9836723, 35.5216774 ], [ 133.9837525, 35.5216239 ], [ 133.984455, 35.5213647 ], [ 133.9848275, 35.5212239 ], [ 133.9862125, 35.5207114 ], [ 133.9876461, 35.5202158 ], [ 133.9880661, 35.5200575 ], [ 133.9885542, 35.5198866 ], [ 133.9889372, 35.5197525 ], [ 133.9891547, 35.5196692 ], [ 133.9894647, 35.5195675 ], [ 133.9899272, 35.5194492 ], [ 133.9905396, 35.5193309 ], [ 133.9908161, 35.5192858 ], [ 133.9913022, 35.5192331 ], [ 133.9916667, 35.5191839 ], [ 133.9918015, 35.5191657 ], [ 133.9918904, 35.5191499 ], [ 133.99222, 35.5191393 ], [ 133.9924802, 35.5191459 ], [ 133.9926202, 35.5191757 ], [ 133.9927728, 35.5192167 ], [ 133.9929129, 35.5192646 ], [ 133.9931032, 35.5193569 ], [ 133.9933666, 35.5195124 ], [ 133.993444, 35.5195911 ], [ 133.9935883, 35.519733 ], [ 133.9937124, 35.5198939 ], [ 133.9938036, 35.5200971 ], [ 133.9938444, 35.5202475 ], [ 133.9938736, 35.5204937 ], [ 133.9938946, 35.520733 ], [ 133.99392, 35.5210339 ], [ 133.9939301, 35.5211535 ], [ 133.9939573, 35.5214339 ], [ 133.993974, 35.5215946 ], [ 133.9940107, 35.5220131 ], [ 133.9940798, 35.5222835 ], [ 133.9941716, 35.5224446 ], [ 133.994253, 35.5225557 ], [ 133.9943731, 35.5226817 ], [ 133.9944742, 35.5227564 ], [ 133.9947673, 35.5229281 ], [ 133.9953037, 35.5231603 ], [ 133.9960368, 35.5234734 ], [ 133.9965619, 35.5236775 ], [ 133.9967992, 35.5237525 ], [ 133.9972141, 35.5238791 ], [ 133.9974663, 35.5239466 ], [ 133.997993, 35.5240661 ], [ 133.998594, 35.5242099 ], [ 133.9991704, 35.5243484 ], [ 133.9994492, 35.5244119 ], [ 133.9995834, 35.5244278 ], [ 133.999794, 35.524424 ], [ 134.0, 35.5244261 ], [ 134.0003646, 35.5244027 ], [ 134.0006831, 35.5243768 ], [ 134.0009227, 35.5243477 ], [ 134.0011225, 35.5243436 ], [ 134.0012589, 35.5243403 ], [ 134.0014944, 35.5244042 ], [ 134.0016481, 35.5244863 ], [ 134.0018169, 35.5246092 ], [ 134.0019282, 35.524731 ], [ 134.0020778, 35.525021 ], [ 134.0021393, 35.5251515 ], [ 134.0022016, 35.5252869 ], [ 134.0022398, 35.5253698 ], [ 134.0023017, 35.5255115 ], [ 134.0025469, 35.5259755 ], [ 134.0026277, 35.5261136 ], [ 134.0027256, 35.5262468 ], [ 134.0029064, 35.5263845 ], [ 134.0030728, 35.5264675 ], [ 134.0033568, 35.5266153 ], [ 134.0036569, 35.5267323 ], [ 134.0039905, 35.5268549 ], [ 134.0042078, 35.5269875 ], [ 134.0042935, 35.5270626 ], [ 134.0044519, 35.5272113 ], [ 134.0046209, 35.527568 ], [ 134.0049833, 35.5283405 ], [ 134.0050224, 35.5284095 ], [ 134.0051081, 35.5285258 ], [ 134.0052397, 35.528662 ], [ 134.0053714, 35.5287695 ], [ 134.0055208, 35.5288603 ], [ 134.0057136, 35.5289442 ], [ 134.0058666, 35.5289864 ], [ 134.0059928, 35.5290055 ], [ 134.0061289, 35.5289967 ], [ 134.0066042, 35.5288942 ], [ 134.0067642, 35.5288546 ], [ 134.0070737, 35.5287781 ], [ 134.0072028, 35.5287462 ], [ 134.0073986, 35.528695 ], [ 134.0082972, 35.5284733 ], [ 134.0084047, 35.5284467 ], [ 134.0096845, 35.5281287 ], [ 134.0100691, 35.5280413 ], [ 134.01078, 35.5278756 ], [ 134.0109625, 35.5278433 ], [ 134.0116467, 35.5276758 ], [ 134.0118811, 35.5275972 ], [ 134.0120877, 35.5275014 ], [ 134.0125633, 35.5272422 ], [ 134.0131285, 35.5269377 ], [ 134.0132434, 35.5268808 ], [ 134.0136178, 35.5266953 ], [ 134.0143698, 35.5262942 ], [ 134.0151211, 35.5259014 ], [ 134.0152621, 35.5258194 ], [ 134.015354, 35.5257505 ], [ 134.0158738, 35.5252159 ], [ 134.0168105, 35.5243142 ], [ 134.0169324, 35.5241101 ], [ 134.0169692, 35.5239968 ], [ 134.0169692, 35.5238778 ], [ 134.0169437, 35.5237786 ], [ 134.0168813, 35.523651 ], [ 134.0161782, 35.5228036 ], [ 134.016097, 35.5226861 ], [ 134.0160073, 35.522441 ], [ 134.0159642, 35.5222861 ], [ 134.0159284, 35.5221017 ], [ 134.0158408, 35.5216493 ], [ 134.0158276, 35.5215378 ], [ 134.0158239, 35.52143 ], [ 134.01583, 35.5212328 ], [ 134.0158833, 35.521048 ], [ 134.0160228, 35.5206892 ], [ 134.0161153, 35.5205236 ], [ 134.0162225, 35.5203683 ], [ 134.016643, 35.5199232 ], [ 134.0168644, 35.5197222 ], [ 134.0170772, 35.519585 ], [ 134.0178611, 35.5192122 ], [ 134.0183528, 35.5190065 ], [ 134.0186003, 35.5188975 ], [ 134.0186584, 35.5188796 ], [ 134.0187639, 35.5188471 ], [ 134.0189581, 35.5188131 ], [ 134.0191306, 35.5188186 ], [ 134.0194207, 35.5188475 ], [ 134.0195408, 35.518859 ], [ 134.0202669, 35.5189386 ], [ 134.021149, 35.5190345 ], [ 134.0212936, 35.5190502 ], [ 134.0214892, 35.5190572 ], [ 134.0216911, 35.5190572 ], [ 134.021947, 35.5190378 ], [ 134.0245047, 35.5187016 ], [ 134.0246816, 35.5186783 ], [ 134.0248862, 35.5186464 ], [ 134.0250748, 35.5186016 ], [ 134.0251653, 35.5185736 ], [ 134.0252797, 35.5185333 ], [ 134.0253472, 35.518501 ], [ 134.0255914, 35.5183789 ] ] } },
{ "type": "Feature", "properties": { "N12_001": "31", "N12_002": 1, "N12_003": 3, "N12_004": "一般国道9号", "N12_005": 63, "N12_006": 3 }, "geometry": { "type": "LineString", "coordinates": [ [ 134.0029484, 35.5123799 ], [ 134.0035421, 35.5121853 ], [ 134.0042656, 35.5120143 ], [ 134.0050079, 35.5117858 ], [ 134.0056361, 35.5115511 ], [ 134.006277, 35.5112846 ], [ 134.007013, 35.5109102 ], [ 134.0074635, 35.5106373 ], [ 134.0082884, 35.5101868 ], [ 134.0088024, 35.5098759 ], [ 134.0095765, 35.5093619 ], [ 134.0112516, 35.5084165 ], [ 134.0120448, 35.5079977 ], [ 134.0125733, 35.5076963 ], [ 134.0166603, 35.5057025 ], [ 134.0197298, 35.5043533 ], [ 134.024901, 35.5023457 ], [ 134.0251731, 35.5022578 ], [ 134.0272734, 35.5015916 ], [ 134.0282378, 35.5012172 ], [ 134.0294447, 35.5007857 ], [ 134.0338368, 35.4995199 ], [ 134.0341211, 35.4994596 ], [ 134.0358153, 35.4990662 ], [ 134.0369321, 35.4988885 ], [ 134.0379663, 35.4987108 ], [ 134.0392316, 35.4985586 ], [ 134.0407798, 35.4984317 ], [ 134.0429245, 35.4983048 ], [ 134.0441809, 35.498273 ], [ 134.0461288, 35.4982413 ], [ 134.0477723, 35.4983174 ], [ 134.050101, 35.4984317 ], [ 134.0525339, 35.4986426 ], [ 134.0532458, 35.4987045 ], [ 134.0549271, 35.4988758 ], [ 134.0570528, 35.4991106 ], [ 134.0590566, 35.4993581 ], [ 134.0612457, 35.4996373 ], [ 134.0639044, 35.5001322 ], [ 134.0670389, 35.5006525 ], [ 134.0689932, 35.5008809 ], [ 134.0705948, 35.5010967 ], [ 134.0724983, 35.5012172 ], [ 134.0743131, 35.5014076 ], [ 134.0774603, 35.5014901 ], [ 134.0802522, 35.501471 ], [ 134.0820225, 35.5014901 ], [ 134.0841548, 35.5015213 ], [ 134.086433, 35.5016476 ], [ 134.0891872, 35.5018796 ], [ 134.09118, 35.5020283 ], [ 134.0947849, 35.5023317 ], [ 134.0963791, 35.5024685 ], [ 134.0982113, 35.502522 ], [ 134.1012391, 35.5025339 ], [ 134.1031558, 35.5024201 ], [ 134.1032778, 35.5024165 ], [ 134.1070151, 35.5020865 ], [ 134.1078571, 35.5019361 ], [ 134.110435, 35.5014308 ], [ 134.1128271, 35.5008743 ], [ 134.11388, 35.5005828 ], [ 134.1162357, 35.499863 ], [ 134.1178359, 35.49928 ], [ 134.119793, 35.4985067 ], [ 134.1216847, 35.4977334 ], [ 134.124189, 35.4966864 ], [ 134.1256542, 35.4961267 ], [ 134.1258844, 35.4960499 ], [ 134.1266994, 35.4957525 ], [ 134.127534, 35.4955121 ], [ 134.1328683, 35.4938316 ], [ 134.1346045, 35.4934165 ], [ 134.1362471, 35.4930916 ], [ 134.1418536, 35.4925283 ], [ 134.14558, 35.4924375 ], [ 134.1461782, 35.4924647 ], [ 134.1495284, 35.492617 ], [ 134.1541351, 35.4933022 ], [ 134.1567619, 35.4937355 ], [ 134.1598946, 35.4945366 ], [ 134.1654572, 35.4957047 ], [ 134.1662418, 35.4958911 ], [ 134.1679222, 35.4961074 ], [ 134.1700935, 35.4961903 ], [ 134.1715614, 35.4961469 ], [ 134.1727585, 35.4960297 ], [ 134.1738828, 35.4958691 ], [ 134.1753682, 35.495606 ], [ 134.1758362, 35.4955447 ], [ 134.1762691, 35.4954543 ], [ 134.1785596, 35.4951145 ], [ 134.1804306, 35.4950053 ], [ 134.1822219, 35.4952138 ], [ 134.1839421, 35.4952832 ], [ 134.1858348, 35.4951943 ], [ 134.1879097, 35.4947088 ], [ 134.1894135, 35.4940902 ], [ 134.190815, 35.4933659 ], [ 134.1919307, 35.4927961 ], [ 134.1928403, 35.4922817 ], [ 134.1939672, 35.4915686 ], [ 134.1949197, 35.4908116 ], [ 134.1956978, 35.4900655 ], [ 134.1962479, 35.4894182 ], [ 134.1969186, 35.4884308 ], [ 134.197254, 35.4876957 ], [ 134.1975223, 35.4870484 ], [ 134.1977637, 35.4861597 ], [ 134.1978711, 35.4855014 ], [ 134.1979516, 35.4849638 ], [ 134.1979784, 35.4839874 ], [ 134.1978845, 35.482199 ], [ 134.1976028, 35.4808715 ], [ 134.197254, 35.4793245 ] ] } },
{ "type": "Feature", "properties": { "N12_001": "31", "N12_002": 1, "N12_003": 6, "N12_004": "鳥取県道　鳥取空港布勢線", "N12_005": 64, "N12_006": 1 }, "geometry": { "type": "LineString", "coordinates": [ [ 134.1702551, 35.5260983 ], [ 134.1706192, 35.5260679 ], [ 134.1708767, 35.5260472 ], [ 134.1717003, 35.5260324 ], [ 134.1721402, 35.5260129 ], [ 134.1723921, 35.5259846 ], [ 134.1726245, 35.5259283 ], [ 134.1729015, 35.5258023 ], [ 134.1731014, 35.5256593 ], [ 134.1732456, 35.5255116 ], [ 134.1735465, 35.5250949 ], [ 134.1737433, 35.524785 ], [ 134.1740002, 35.524352 ], [ 134.1742525, 35.5239926 ] ] } },
{ "type": "Feature", "properties": { "N12_001": "31", "N12_002": 1, "N12_003": 6, "N12_004": "鳥取県道　米子空港線", "N12_005": 65, "N12_006": 1 }, "geometry": { "type": "LineString", "coordinates": [ [ 133.2444213, 35.5014759 ], [ 133.2442818, 35.501801 ], [ 133.2442619, 35.5020033 ], [ 133.244325, 35.5022621 ], [ 133.2443682, 35.5024313 ], [ 133.247009, 35.5024114 ], [ 133.2474339, 35.5024081 ], [ 133.2499536, 35.5024014 ], [ 133.2506308, 35.5023815 ], [ 133.2510757, 35.5023981 ], [ 133.2517429, 35.5026569 ], [ 133.2525569, 35.5029977 ], [ 133.2528675, 35.5031306 ], [ 133.2535464, 35.5034586 ], [ 133.2543167, 35.5038122 ], [ 133.2546752, 35.5039759 ], [ 133.255197, 35.5042072 ], [ 133.2562317, 35.5046745 ], [ 133.2568825, 35.5049667 ] ] } },
{ "type": "Feature", "properties": { "N12_001": "31", "N12_002": 1, "N12_003": 1, "N12_004": "中国横断自動車道姫路鳥取線", "N12_005": 66, "N12_006": 1 }, "geometry": { "type": "LineString", "coordinates": [ [ 134.204139, 35.482534 ], [ 134.203989, 35.482392 ], [ 134.203864, 35.482184 ], [ 134.203614, 35.481742 ], [ 134.203439, 35.481317 ], [ 134.20324, 35.480884 ], [ 134.203115, 35.480651 ], [ 134.203027, 35.480526 ], [ 134.202865, 35.480326 ], [ 134.202615, 35.480109 ], [ 134.202415, 35.479992 ], [ 134.200565, 35.479359 ], [ 134.20039, 35.479309 ], [ 134.199349, 35.479165 ], [ 134.1990927, 35.479168 ], [ 134.198759, 35.479168 ], [ 134.1979455, 35.4792249 ], [ 134.197254, 35.4793245 ], [ 134.1969792, 35.4784287 ], [ 134.1967845, 35.4777406 ], [ 134.1965273, 35.4767625 ], [ 134.196363, 35.4761211 ], [ 134.196217, 35.475764 ], [ 134.195891, 35.474971 ], [ 134.19568, 35.474381 ], [ 134.195463, 35.473716 ], [ 134.195294, 35.47328 ], [ 134.194968, 35.472388 ], [ 134.194371, 35.470667 ], [ 134.193966, 35.469393 ], [ 134.193411, 35.467658 ], [ 134.193097, 35.466567 ], [ 134.192717, 35.465243 ], [ 134.192512, 35.464073 ], [ 134.192391, 35.463211 ], [ 134.192385, 35.462631 ], [ 134.192391, 35.461753 ], [ 134.192476, 35.460781 ], [ 134.192597, 35.460097 ], [ 134.192778, 35.459314 ], [ 134.19312, 35.458356 ], [ 134.193254, 35.457911 ], [ 134.193514, 35.457301 ], [ 134.193936, 35.456151 ], [ 134.194431, 35.454921 ], [ 134.195023, 35.453536 ], [ 134.195339, 35.45275 ], [ 134.195662, 35.451906 ], [ 134.195951, 35.451105 ], [ 134.196437, 35.449824 ], [ 134.196931, 35.448685 ], [ 134.197468, 35.447189 ], [ 134.19798, 35.445929 ], [ 134.198354, 35.445095 ], [ 134.198646, 35.444508 ], [ 134.19915, 35.443662 ], [ 134.199679, 35.443021 ], [ 134.200013, 35.442641 ], [ 134.200347, 35.442342 ], [ 134.201836, 35.441 ], [ 134.202554, 35.440162 ], [ 134.203034, 35.439401 ], [ 134.203387, 35.438551 ], [ 134.203565, 35.438082 ], [ 134.203685, 35.437636 ], [ 134.204135, 35.436315 ], [ 134.204464, 35.435301 ], [ 134.204773, 35.43441 ], [ 134.2048464, 35.4341457 ], [ 134.204976, 35.433679 ], [ 134.205156, 35.433152 ], [ 134.205595, 35.431674 ], [ 134.205757, 35.431144 ], [ 134.2060522, 35.4300183 ], [ 134.2064909, 35.4284777 ], [ 134.2067493, 35.4276046 ], [ 134.2070988, 35.4264042 ], [ 134.2071643, 35.4261604 ], [ 134.2072371, 35.4259058 ], [ 134.2072737, 35.4258032 ], [ 134.2073317, 35.425633 ], [ 134.2074227, 35.4252001 ], [ 134.207459, 35.424916 ], [ 134.207439, 35.424472 ], [ 134.207413, 35.424292 ], [ 134.207384, 35.424097 ], [ 134.207311, 35.42361 ], [ 134.207249, 35.423388 ], [ 134.206953, 35.422674 ], [ 134.206803, 35.422298 ], [ 134.206772, 35.422221 ], [ 134.206302, 35.421198 ], [ 134.20612, 35.420799 ], [ 134.205971, 35.420274 ], [ 134.20591, 35.419773 ], [ 134.205828, 35.419146 ], [ 134.205889, 35.417937 ], [ 134.206403, 35.416326 ], [ 134.20662, 35.41556 ], [ 134.206957, 35.413925 ], [ 134.206998, 35.413769 ], [ 134.207193, 35.412988 ], [ 134.207304, 35.411935 ], [ 134.207322, 35.41079 ], [ 134.207204, 35.409097 ], [ 134.207113, 35.408536 ], [ 134.206673, 35.407093 ], [ 134.206241, 35.405887 ], [ 134.205784, 35.404452 ], [ 134.205331, 35.402541 ], [ 134.205048, 35.400562 ], [ 134.204965, 35.399277 ], [ 134.204956, 35.398483 ], [ 134.204856, 35.397685 ], [ 134.20463, 35.396633 ], [ 134.204551, 35.396318 ], [ 134.204373, 35.395541 ], [ 134.2040642, 35.3944575 ], [ 134.204002, 35.394207 ], [ 134.203502, 35.392071 ], [ 134.203336, 35.390911 ], [ 134.203496, 35.388943 ], [ 134.203732, 35.388008 ], [ 134.203933, 35.387185 ], [ 134.204442, 35.385478 ], [ 134.204774, 35.383684 ], [ 134.204918, 35.382459 ], [ 134.204973, 35.381267 ], [ 134.20493, 35.380296 ], [ 134.204861, 35.37885 ], [ 134.204765, 35.377581 ], [ 134.204465, 35.37589 ], [ 134.20405, 35.374062 ], [ 134.203493, 35.372072 ], [ 134.203096, 35.370408 ], [ 134.202887, 35.369235 ], [ 134.202643, 35.368032 ], [ 134.202361, 35.366768 ], [ 134.202056, 35.365538 ], [ 134.201544, 35.36395 ], [ 134.200936, 35.362441 ], [ 134.20021, 35.360909 ], [ 134.19969, 35.359851 ], [ 134.198954, 35.358695 ], [ 134.198139, 35.357661 ], [ 134.197773, 35.35721 ], [ 134.19759, 35.356988 ], [ 134.197425, 35.356831 ], [ 134.19712, 35.356452 ], [ 134.196841, 35.356151 ], [ 134.196532, 35.355847 ], [ 134.196162, 35.355457 ], [ 134.195425, 35.354716 ], [ 134.194929, 35.354208 ], [ 134.194045, 35.353309 ], [ 134.193722, 35.352937 ], [ 134.192942, 35.351967 ], [ 134.192102, 35.350504 ], [ 134.191575, 35.349319 ], [ 134.190917, 35.347705 ], [ 134.190137, 35.345848 ], [ 134.18941, 35.343976 ], [ 134.188647, 35.342148 ], [ 134.187868, 35.34019 ], [ 134.186465, 35.336697 ], [ 134.186247, 35.336096 ], [ 134.185746, 35.334625 ], [ 134.185228, 35.33314 ], [ 134.184622, 35.331505 ], [ 134.184209, 35.330227 ], [ 134.183725, 35.328656 ], [ 134.183198, 35.32657 ], [ 134.182863, 35.324598 ], [ 134.182719, 35.323027 ], [ 134.182697, 35.321005 ], [ 134.182867, 35.319019 ], [ 134.183089, 35.317576 ], [ 134.18339, 35.316127 ], [ 134.183847, 35.314671 ], [ 134.184392, 35.3133 ], [ 134.185145, 35.311915 ], [ 134.185642, 35.311192 ], [ 134.187068, 35.309547 ], [ 134.187941, 35.30877 ], [ 134.189105, 35.307817 ], [ 134.190486, 35.306969 ], [ 134.192728, 35.305932 ], [ 134.194802, 35.305075 ], [ 134.19655, 35.304347 ], [ 134.198483, 35.303641 ], [ 134.199572, 35.303126 ], [ 134.20062, 35.302331 ], [ 134.201044, 35.301962 ], [ 134.201537, 35.301455 ], [ 134.202029, 35.300871 ], [ 134.202543, 35.300105 ], [ 134.202961, 35.299225 ], [ 134.203118, 35.29876 ], [ 134.203375, 35.297468 ], [ 134.203563, 35.295904 ], [ 134.203846, 35.29444 ], [ 134.20419, 35.293249 ], [ 134.204665, 35.291942 ], [ 134.204926, 35.29137 ], [ 134.205828, 35.289992 ], [ 134.206686, 35.289014 ], [ 134.206729, 35.288965 ], [ 134.207901, 35.287952 ], [ 134.209308, 35.287047 ], [ 134.210297, 35.286514 ], [ 134.212784, 35.28568 ], [ 134.214588, 35.285372 ], [ 134.216465, 35.285247 ], [ 134.217868, 35.285283 ], [ 134.219458, 35.285343 ], [ 134.220399, 35.285379 ], [ 134.221383, 35.285408 ], [ 134.22218, 35.285411 ], [ 134.223243, 35.285447 ], [ 134.224062, 35.28539 ], [ 134.224724, 35.285311 ], [ 134.225454, 35.285194 ], [ 134.2262958, 35.2850301 ], [ 134.226966, 35.284851 ], [ 134.2281, 35.284506 ], [ 134.228713, 35.284277 ] ] } },
{ "type": "Feature", "properties": { "N12_001": "31", "N12_002": 1, "N12_003": 1, "N12_004": "中国横断自動車道岡山米子線", "N12_005": 67, "N12_006": 1 }, "geometry": { "type": "LineString", "coordinates": [ [ 133.479347, 35.300786 ], [ 133.4777748, 35.299721 ], [ 133.4773845, 35.2980347 ], [ 133.4767839, 35.2976777 ], [ 133.4755377, 35.2982685 ], [ 133.4750122, 35.2981455 ], [ 133.474742, 35.297727 ], [ 133.4753275, 35.2961391 ], [ 133.4751023, 35.2957206 ], [ 133.4738162, 35.2951585 ], [ 133.473606, 35.2947564 ], [ 133.4737761, 35.2944364 ], [ 133.4741265, 35.2943051 ], [ 133.4747669, 35.2944215 ] ] } },
{ "type": "Feature", "properties": { "N12_001": "31", "N12_002": 1, "N12_003": 1, "N12_004": "中国横断自動車道岡山米子線", "N12_005": 67, "N12_006": 2 }, "geometry": { "type": "LineString", "coordinates": [ [ 133.4517326, 35.3588886 ], [ 133.4513281, 35.3602094 ], [ 133.4505682, 35.3616876 ], [ 133.4509244, 35.3623879 ], [ 133.451565, 35.3627183 ] ] } },
{ "type": "Feature", "properties": { "N12_001": "31", "N12_002": 1, "N12_003": 1, "N12_004": "中国横断自動車道岡山米子線", "N12_005": 67, "N12_006": 3 }, "geometry": { "type": "LineString", "coordinates": [ [ 133.5706705, 35.2871512 ], [ 133.57048, 35.287224 ], [ 133.569381, 35.287576 ], [ 133.568342, 35.287884 ], [ 133.567116, 35.288209 ], [ 133.565803, 35.288495 ], [ 133.564322, 35.288793 ], [ 133.563284, 35.288969 ], [ 133.562788, 35.289029 ], [ 133.562051, 35.289123 ], [ 133.560986, 35.289227 ], [ 133.55984, 35.289321 ], [ 133.558755, 35.289393 ], [ 133.557663, 35.289448 ], [ 133.556504, 35.289437 ], [ 133.555458, 35.289376 ], [ 133.554849, 35.289332 ], [ 133.554319, 35.289282 ], [ 133.55377, 35.289211 ], [ 133.553207, 35.289112 ], [ 133.552604, 35.288996 ], [ 133.552088, 35.288875 ], [ 133.551123, 35.288655 ], [ 133.550494, 35.288556 ], [ 133.550038, 35.288479 ], [ 133.549469, 35.28844 ], [ 133.548926, 35.28844 ], [ 133.548303, 35.288451 ], [ 133.547874, 35.288501 ], [ 133.546849, 35.288644 ], [ 133.546293, 35.28871 ], [ 133.54577, 35.288754 ], [ 133.544604, 35.288776 ], [ 133.543988, 35.288749 ], [ 133.543479, 35.28871 ], [ 133.542943, 35.288644 ], [ 133.5423, 35.288545 ], [ 133.54177, 35.288435 ], [ 133.541321, 35.288319 ], [ 133.540209, 35.288028 ], [ 133.539251, 35.287851 ], [ 133.538749, 35.287807 ], [ 133.538166, 35.287785 ], [ 133.537616, 35.287785 ], [ 133.53704, 35.287807 ], [ 133.536511, 35.287862 ], [ 133.536022, 35.287961 ], [ 133.535472, 35.288088 ], [ 133.535097, 35.288204 ], [ 133.534548, 35.288391 ], [ 133.534119, 35.288572 ], [ 133.533335, 35.288996 ], [ 133.532866, 35.289277 ], [ 133.532538, 35.289514 ], [ 133.531687, 35.290158 ], [ 133.531265, 35.290598 ], [ 133.530541, 35.291313 ], [ 133.530106, 35.291693 ], [ 133.529395, 35.292178 ], [ 133.528658, 35.292601 ], [ 133.527915, 35.292893 ], [ 133.527191, 35.293113 ], [ 133.526334, 35.2933 ], [ 133.525757, 35.293377 ], [ 133.525255, 35.293438 ], [ 133.524377, 35.29346 ], [ 133.523835, 35.293421 ], [ 133.523339, 35.29335 ], [ 133.522836, 35.293262 ], [ 133.522173, 35.29313 ], [ 133.521624, 35.292954 ], [ 133.521128, 35.292778 ], [ 133.520659, 35.292557 ], [ 133.520344, 35.292354 ], [ 133.519473, 35.291941 ], [ 133.518555, 35.291517 ], [ 133.517932, 35.291286 ], [ 133.517369, 35.29111 ], [ 133.516672, 35.290978 ], [ 133.516243, 35.290906 ], [ 133.515828, 35.290873 ], [ 133.515192, 35.290835 ], [ 133.514481, 35.290802 ], [ 133.514012, 35.290774 ], [ 133.513429, 35.290708 ], [ 133.512853, 35.290603 ], [ 133.512344, 35.290477 ], [ 133.511801, 35.290312 ], [ 133.511265, 35.290097 ], [ 133.510729, 35.289833 ], [ 133.510301, 35.289591 ], [ 133.509972, 35.289332 ], [ 133.509537, 35.288941 ], [ 133.50894, 35.288424 ], [ 133.508458, 35.288011 ], [ 133.507775, 35.287439 ], [ 133.507125, 35.28691 ], [ 133.506555, 35.286525 ], [ 133.506006, 35.28625 ], [ 133.50555, 35.286024 ], [ 133.505048, 35.285837 ], [ 133.504431, 35.285633 ], [ 133.503875, 35.285507 ], [ 133.50346, 35.285446 ], [ 133.502803, 35.285402 ], [ 133.502174, 35.285397 ], [ 133.501684, 35.285419 ], [ 133.501095, 35.285479 ], [ 133.500606, 35.285562 ], [ 133.499989, 35.285694 ], [ 133.499487, 35.285826 ], [ 133.498984, 35.28598 ], [ 133.498489, 35.286173 ], [ 133.4979535, 35.2864153 ], [ 133.497564, 35.286607 ], [ 133.496646, 35.287059 ], [ 133.495628, 35.287587 ], [ 133.494268, 35.288259 ], [ 133.492459, 35.2892 ], [ 133.491072, 35.289904 ], [ 133.490114, 35.290411 ], [ 133.488298, 35.291462 ], [ 133.487722, 35.291814 ], [ 133.48738, 35.292078 ], [ 133.487072, 35.292348 ], [ 133.486723, 35.2927 ], [ 133.485953, 35.293636 ], [ 133.485558, 35.294181 ], [ 133.485069, 35.29499 ], [ 133.48478, 35.295469 ], [ 133.484084, 35.296388 ], [ 133.483461, 35.297115 ], [ 133.482904, 35.297682 ], [ 133.482295, 35.298243 ], [ 133.481946, 35.298573 ], [ 133.481618, 35.298931 ], [ 133.481323, 35.29925 ], [ 133.480874, 35.299685 ], [ 133.48003, 35.300335 ], [ 133.479347, 35.300786 ], [ 133.478697, 35.301177 ], [ 133.477759, 35.301628 ], [ 133.477243, 35.301876 ], [ 133.476814, 35.302079 ], [ 133.475869, 35.302569 ], [ 133.475032, 35.30302 ], [ 133.474523, 35.303296 ], [ 133.474047, 35.303648 ], [ 133.473411, 35.304077 ], [ 133.472888, 35.304518 ], [ 133.472386, 35.304963 ], [ 133.471997, 35.30536 ], [ 133.471582, 35.305866 ], [ 133.471019, 35.306626 ], [ 133.470376, 35.307589 ], [ 133.469129, 35.309537 ], [ 133.468439, 35.310649 ], [ 133.468415, 35.310689 ], [ 133.467856, 35.311612 ], [ 133.467273, 35.312564 ], [ 133.46667, 35.313517 ], [ 133.466, 35.314513 ], [ 133.465632, 35.314992 ], [ 133.465223, 35.315443 ], [ 133.464413, 35.316285 ], [ 133.463501, 35.317116 ], [ 133.462577, 35.317953 ], [ 133.461773, 35.318569 ], [ 133.46117, 35.319015 ], [ 133.460527, 35.319395 ], [ 133.459877, 35.319769 ], [ 133.459153, 35.320143 ], [ 133.458108, 35.320628 ], [ 133.457063, 35.321057 ], [ 133.455321, 35.321756 ], [ 133.454624, 35.322037 ], [ 133.453934, 35.322334 ], [ 133.452768, 35.322857 ], [ 133.452145, 35.323204 ], [ 133.451776, 35.323451 ], [ 133.451301, 35.32376 ], [ 133.450879, 35.324073 ], [ 133.450363, 35.324464 ], [ 133.449753, 35.324965 ], [ 133.449264, 35.325427 ], [ 133.448956, 35.32578 ], [ 133.448627, 35.32622 ], [ 133.448319, 35.326732 ], [ 133.448031, 35.327222 ], [ 133.447823, 35.327695 ], [ 133.447703, 35.328053 ], [ 133.447542, 35.328647 ], [ 133.447415, 35.329154 ], [ 133.447328, 35.329676 ], [ 133.447174, 35.330739 ], [ 133.447033, 35.331757 ], [ 133.446919, 35.332456 ], [ 133.446517, 35.334498 ], [ 133.446316, 35.335681 ], [ 133.446236, 35.336347 ], [ 133.446215, 35.337068 ], [ 133.446236, 35.337756 ], [ 133.446289, 35.338709 ], [ 133.44639, 35.339771 ], [ 133.446544, 35.340778 ], [ 133.446624, 35.341251 ], [ 133.446758, 35.341923 ], [ 133.446946, 35.342556 ], [ 133.447167, 35.343244 ], [ 133.447354, 35.343712 ], [ 133.447562, 35.344213 ], [ 133.44789, 35.344851 ], [ 133.448346, 35.345721 ], [ 133.448889, 35.346612 ], [ 133.449465, 35.347388 ], [ 133.450135, 35.348297 ], [ 133.450932, 35.349353 ], [ 133.451743, 35.350526 ], [ 133.451998, 35.350889 ], [ 133.452333, 35.35145 ], [ 133.45258, 35.352039 ], [ 133.452755, 35.352557 ], [ 133.452909, 35.353173 ], [ 133.452956, 35.353624 ], [ 133.453003, 35.354318 ], [ 133.452982, 35.355463 ], [ 133.452922, 35.356008 ], [ 133.452822, 35.356564 ], [ 133.452601, 35.357697 ], [ 133.452379, 35.358809 ], [ 133.452145, 35.35996 ], [ 133.452031, 35.360581 ], [ 133.45187, 35.361258 ], [ 133.451709, 35.362051 ], [ 133.451565, 35.362718 ], [ 133.451565, 35.3627183 ], [ 133.451508, 35.363053 ], [ 133.451408, 35.363669 ], [ 133.451287, 35.364115 ], [ 133.451113, 35.364743 ], [ 133.450872, 35.365431 ], [ 133.450624, 35.36608 ], [ 133.45045, 35.366476 ], [ 133.450287, 35.366807 ], [ 133.450013, 35.367348 ], [ 133.449809, 35.36765 ], [ 133.449456, 35.368146 ], [ 133.44915, 35.368507 ], [ 133.448853, 35.368829 ], [ 133.448445, 35.369254 ], [ 133.448022, 35.369659 ], [ 133.447622, 35.369962 ], [ 133.447206, 35.37031 ], [ 133.446838, 35.370574 ], [ 133.446375, 35.370902 ], [ 133.445474, 35.371488 ], [ 133.444588, 35.372004 ], [ 133.444055, 35.372274 ], [ 133.443522, 35.372532 ], [ 133.44255, 35.372976 ], [ 133.441578, 35.373375 ], [ 133.440614, 35.373729 ], [ 133.439634, 35.374026 ], [ 133.439116, 35.3742 ], [ 133.438129, 35.374476 ], [ 133.436631, 35.37485 ], [ 133.435291, 35.375178 ], [ 133.434241, 35.37541 ], [ 133.433645, 35.375533 ], [ 133.432618, 35.375764 ], [ 133.431403, 35.376003 ], [ 133.430752, 35.37617 ], [ 133.429725, 35.37646 ], [ 133.428839, 35.376743 ], [ 133.42815, 35.377001 ], [ 133.427475, 35.377265 ], [ 133.426746, 35.377606 ], [ 133.4259, 35.377999 ], [ 133.425328, 35.378302 ], [ 133.424771, 35.378624 ], [ 133.42394, 35.379165 ], [ 133.42343, 35.379564 ], [ 133.423093, 35.379847 ], [ 133.42267, 35.380285 ], [ 133.422161, 35.380852 ], [ 133.421494, 35.381766 ], [ 133.421, 35.382513 ], [ 133.420507, 35.383338 ], [ 133.420271, 35.38373 ], [ 133.420044, 35.384226 ], [ 133.419903, 35.384683 ], [ 133.419809, 35.385096 ], [ 133.419691, 35.385546 ], [ 133.419613, 35.386042 ], [ 133.41955, 35.38659 ], [ 133.419519, 35.386944 ], [ 133.419542, 35.387704 ], [ 133.419527, 35.388109 ], [ 133.419549, 35.388703 ], [ 133.41955, 35.388734 ], [ 133.419691, 35.389616 ], [ 133.419801, 35.38999 ], [ 133.419942, 35.390454 ], [ 133.420091, 35.390904 ], [ 133.420279, 35.391394 ], [ 133.42064, 35.392295 ], [ 133.420836, 35.393171 ], [ 133.420961, 35.394047 ], [ 133.420985, 35.394936 ], [ 133.420961, 35.395316 ], [ 133.420906, 35.395863 ], [ 133.420828, 35.396288 ], [ 133.420695, 35.396777 ], [ 133.420538, 35.397196 ], [ 133.420358, 35.397673 ], [ 133.420146, 35.398091 ], [ 133.419926, 35.398452 ], [ 133.419754, 35.398677 ], [ 133.419291, 35.399212 ], [ 133.4185, 35.400049 ], [ 133.418225, 35.400364 ], [ 133.417951, 35.400616 ], [ 133.417598, 35.400828 ], [ 133.417191, 35.401008 ], [ 133.416626, 35.401234 ], [ 133.41567, 35.401678 ], [ 133.414831, 35.402161 ], [ 133.413953, 35.402702 ], [ 133.413475, 35.402985 ], [ 133.412989, 35.403378 ], [ 133.412644, 35.403642 ], [ 133.412228, 35.404035 ], [ 133.41157, 35.404788 ], [ 133.41088, 35.405555 ], [ 133.410206, 35.406289 ], [ 133.409508, 35.407075 ], [ 133.408842, 35.407796 ], [ 133.408168, 35.408569 ], [ 133.407486, 35.409322 ], [ 133.40678, 35.410088 ], [ 133.406153, 35.410829 ], [ 133.405448, 35.41157 ], [ 133.404758, 35.412349 ], [ 133.404099, 35.413076 ], [ 133.403441, 35.41383 ], [ 133.402735, 35.41459 ], [ 133.402093, 35.415298 ], [ 133.401442, 35.415994 ], [ 133.401089, 35.416374 ], [ 133.400815, 35.416747 ], [ 133.400627, 35.417114 ], [ 133.40047, 35.417604 ], [ 133.400439, 35.417887 ], [ 133.400415, 35.418602 ], [ 133.400376, 35.419484 ], [ 133.400384, 35.420495 ], [ 133.400376, 35.421435 ], [ 133.400391, 35.422008 ], [ 133.400384, 35.422466 ], [ 133.400266, 35.423367 ], [ 133.400148, 35.424295 ], [ 133.399968, 35.425261 ], [ 133.39979, 35.426017 ] ] } },
{ "type": "Feature", "properties": { "N12_001": "31", "N12_002": 1, "N12_003": 3, "N12_004": "一般国道9号", "N12_005": 63, "N12_006": 4 }, "geometry": { "type": "LineString", "coordinates": [ [ 133.5072732, 35.5014099 ], [ 133.5061398, 35.5027421 ], [ 133.5050218, 35.5035201 ], [ 133.502441, 35.5046968 ], [ 133.5018387, 35.5051287 ] ] } },
{ "type": "Feature", "properties": { "N12_001": "31", "N12_002": 1, "N12_003": 3, "N12_004": "一般国道9号", "N12_005": 63, "N12_006": 5 }, "geometry": { "type": "LineString", "coordinates": [ [ 133.3211767, 35.4065838 ], [ 133.32175, 35.406884 ], [ 133.322747, 35.407397 ], [ 133.323654, 35.407839 ], [ 133.3262432, 35.4090718 ], [ 133.327792, 35.409818 ], [ 133.328588, 35.410249 ], [ 133.329366, 35.410623 ], [ 133.33044, 35.411079 ], [ 133.3313801, 35.4115053 ], [ 133.331975, 35.411775 ], [ 133.33281, 35.412128 ], [ 133.334152, 35.412673 ], [ 133.334833, 35.412853 ], [ 133.335069, 35.412917 ], [ 133.335348, 35.41296 ], [ 133.33559, 35.412995 ], [ 133.335783, 35.413 ], [ 133.336181, 35.413016 ], [ 133.336807, 35.413057 ], [ 133.337546, 35.413088 ], [ 133.338563, 35.41314 ], [ 133.339461, 35.413197 ], [ 133.340099, 35.413244 ], [ 133.340535, 35.41328 ], [ 133.341331, 35.413327 ], [ 133.342146, 35.4134 ], [ 133.342778, 35.413472 ], [ 133.343315, 35.413519 ], [ 133.343964, 35.4136159 ], [ 133.344984, 35.413841 ], [ 133.34547, 35.413991 ], [ 133.346007, 35.414178 ], [ 133.346583, 35.41436 ], [ 133.347057, 35.414531 ], [ 133.347707, 35.414739 ], [ 133.348832, 35.415118 ], [ 133.35021, 35.415621 ], [ 133.351006, 35.415891 ], [ 133.352702, 35.416475 ], [ 133.3533042, 35.4166211 ], [ 133.354494, 35.416877 ], [ 133.355581, 35.41708 ], [ 133.356131, 35.417153 ], [ 133.357085, 35.417241 ], [ 133.3584, 35.417345 ], [ 133.359139, 35.417422 ], [ 133.359948, 35.417464 ], [ 133.3607, 35.417505 ], [ 133.361995, 35.417578 ], [ 133.363057, 35.417651 ], [ 133.364207, 35.417708 ], [ 133.365155, 35.417775 ], [ 133.365951, 35.417843 ], [ 133.367139, 35.41803 ], [ 133.368435, 35.418263 ], [ 133.369231, 35.418424 ], [ 133.370444, 35.41873 ], [ 133.371392, 35.419026 ], [ 133.37234, 35.419343 ], [ 133.372669, 35.419488 ], [ 133.373541, 35.419966 ], [ 133.374416, 35.420394 ], [ 133.377332, 35.421533 ], [ 133.378508, 35.422011 ], [ 133.379775, 35.422514 ], [ 133.380321, 35.422727 ], [ 133.381472, 35.423106 ], [ 133.382533, 35.423423 ], [ 133.383077, 35.423547 ], [ 133.384044, 35.423703 ], [ 133.384764, 35.423797 ], [ 133.385225, 35.423843 ], [ 133.385712, 35.423864 ], [ 133.386198, 35.423874 ], [ 133.386729, 35.423864 ], [ 133.388581, 35.423802 ], [ 133.389453, 35.423755 ], [ 133.39035, 35.423734 ], [ 133.391387, 35.42375 ], [ 133.391854, 35.423791 ], [ 133.392948, 35.423947 ], [ 133.393997, 35.424217 ], [ 133.394982, 35.424513 ], [ 133.396948, 35.425245 ], [ 133.397636, 35.425463 ], [ 133.398325, 35.425691 ], [ 133.398962, 35.42584 ], [ 133.39979, 35.426017 ], [ 133.400682, 35.426163 ], [ 133.401095, 35.426204 ], [ 133.401987, 35.426257 ], [ 133.403121, 35.426321 ], [ 133.4053417, 35.4264568 ], [ 133.405378, 35.426459 ], [ 133.406858, 35.426515 ], [ 133.407771, 35.42655 ], [ 133.409183, 35.426632 ], [ 133.410074, 35.42669 ], [ 133.410602, 35.426755 ], [ 133.41108, 35.426854 ], [ 133.411522, 35.426966 ], [ 133.411922, 35.427095 ], [ 133.412414, 35.427288 ], [ 133.41277, 35.427481 ], [ 133.413163, 35.42771 ], [ 133.413498, 35.427991 ], [ 133.413854, 35.428325 ], [ 133.414083, 35.428601 ], [ 133.414261, 35.428817 ], [ 133.414468, 35.42911 ], [ 133.414618, 35.429427 ], [ 133.414746, 35.429843 ], [ 133.414824, 35.430177 ], [ 133.414889, 35.430657 ], [ 133.414974, 35.431302 ], [ 133.41511, 35.432104 ], [ 133.41521, 35.433165 ], [ 133.415295, 35.433997 ], [ 133.415402, 35.434987 ], [ 133.415559, 35.436077 ], [ 133.415709, 35.43722 ], [ 133.415809, 35.438098 ], [ 133.415958, 35.439112 ], [ 133.416065, 35.439938 ], [ 133.416151, 35.44046 ], [ 133.416237, 35.440934 ], [ 133.416358, 35.441403 ], [ 133.416579, 35.44196 ], [ 133.416843, 35.442598 ], [ 133.417092, 35.443085 ], [ 133.417392, 35.443665 ], [ 133.417663, 35.444116 ], [ 133.417941, 35.444497 ], [ 133.418333, 35.445024 ], [ 133.418697, 35.445452 ], [ 133.419025, 35.44578 ], [ 133.41956, 35.446313 ], [ 133.420138, 35.446829 ], [ 133.42058, 35.447198 ], [ 133.421115, 35.447555 ], [ 133.421671, 35.447919 ], [ 133.422256, 35.448247 ], [ 133.422798, 35.44854 ], [ 133.423761, 35.448962 ], [ 133.425708, 35.449788 ], [ 133.426927, 35.450315 ], [ 133.428161, 35.450801 ], [ 133.429595, 35.45137 ], [ 133.430529, 35.451745 ], [ 133.431271, 35.452061 ], [ 133.432184, 35.452536 ], [ 133.43284, 35.452958 ], [ 133.43351, 35.45345 ], [ 133.434181, 35.454001 ], [ 133.43463, 35.454387 ], [ 133.435151, 35.454809 ], [ 133.435507, 35.455161 ], [ 133.435814, 35.455483 ], [ 133.436128, 35.455905 ], [ 133.436435, 35.456303 ], [ 133.436713, 35.45676 ], [ 133.436984, 35.457235 ], [ 133.437248, 35.457879 ], [ 133.437531, 35.458288 ], [ 133.437837, 35.458776 ], [ 133.438325, 35.459727 ], [ 133.438559, 35.460183 ], [ 133.4389777, 35.4608176 ], [ 133.440045, 35.462233 ], [ 133.440681, 35.462861 ], [ 133.441428, 35.463565 ], [ 133.44278, 35.464796 ], [ 133.443135, 35.465088 ], [ 133.444144, 35.465877 ], [ 133.445655, 35.467088 ], [ 133.447245, 35.468224 ], [ 133.448726, 35.469184 ], [ 133.450433, 35.47029 ], [ 133.452121, 35.47132 ], [ 133.455002, 35.473044 ], [ 133.457523, 35.474446 ], [ 133.459382, 35.475406 ], [ 133.460092, 35.475732 ], [ 133.461732, 35.476521 ], [ 133.462733, 35.476975 ], [ 133.464088, 35.477578 ], [ 133.465456, 35.4781533 ], [ 133.467832, 35.479054 ], [ 133.469661, 35.479769 ], [ 133.471377, 35.480387 ], [ 133.472963, 35.480952 ], [ 133.475468, 35.481872 ], [ 133.478707, 35.483178 ], [ 133.48097, 35.484203 ], [ 133.483601, 35.485498 ], [ 133.484675, 35.486063 ], [ 133.487192, 35.487423 ], [ 133.4892, 35.488559 ], [ 133.49077, 35.489496 ], [ 133.492395, 35.490546 ], [ 133.493591, 35.491334 ], [ 133.494732, 35.492136 ], [ 133.496171, 35.493162 ], [ 133.496805, 35.493629 ], [ 133.497553, 35.494221 ], [ 133.498878, 35.495183 ], [ 133.500072, 35.496097 ], [ 133.50139, 35.497103 ], [ 133.50286, 35.498199 ], [ 133.504152, 35.499172 ], [ 133.505539, 35.500181 ], [ 133.5072732, 35.5014099 ], [ 133.5084661, 35.5023769 ], [ 133.5097835, 35.5033523 ], [ 133.5113602, 35.5045144 ], [ 133.5127191, 35.5054984 ], [ 133.5140676, 35.506406 ], [ 133.5153228, 35.5071524 ], [ 133.5163498, 35.5076698 ], [ 133.517522, 35.5081618 ], [ 133.5186527, 35.5085435 ], [ 133.5197835, 35.5088659 ], [ 133.5203852, 35.5089931 ], [ 133.5213188, 35.5091882 ], [ 133.5227193, 35.5093493 ], [ 133.5238293, 35.5094172 ], [ 133.5248252, 35.5094172 ], [ 133.5262361, 35.5093748 ], [ 133.5275432, 35.5092645 ], [ 133.528674, 35.5091288 ], [ 133.5297425, 35.5090016 ], [ 133.5311534, 35.5088065 ], [ 133.5328443, 35.5085775 ], [ 133.5340166, 35.5084248 ], [ 133.5352096, 35.5082975 ], [ 133.5362574, 35.5082042 ], [ 133.5375022, 35.5081533 ], [ 133.538716, 35.5081364 ], [ 133.5396704, 35.5081364 ], [ 133.5412057, 35.5081364 ], [ 133.5456146, 35.5081279 ], [ 133.5489965, 35.508077 ], [ 133.5505733, 35.5080855 ], [ 133.5513098, 35.508077 ], [ 133.552119, 35.508077 ], [ 133.554422, 35.50806 ], [ 133.5563515, 35.50806 ], [ 133.5591525, 35.5080685 ], [ 133.5612791, 35.50806 ], [ 133.5661756, 35.5080685 ], [ 133.5711031, 35.5080261 ], [ 133.5741116, 35.5080261 ], [ 133.5761448, 35.5080855 ], [ 133.5791014, 35.5082721 ], [ 133.5798298, 35.5083342 ], [ 133.5802944, 35.5083739 ], [ 133.5812073, 35.5084757 ], [ 133.5821045, 35.5085801 ], [ 133.5836798, 35.5088088 ], [ 133.5847484, 35.5089691 ], [ 133.5864367, 35.5091707 ], [ 133.5878025, 35.5093051 ], [ 133.5908818, 35.5094654 ], [ 133.5923235, 35.5094499 ], [ 133.5939296, 35.5093516 ], [ 133.5970089, 35.5090983 ], [ 133.59981, 35.5087416 ], [ 133.6013189, 35.5085628 ], [ 133.6017736, 35.5085128 ], [ 133.6021365, 35.5084711 ], [ 133.6026162, 35.5084044 ], [ 133.6029949, 35.5083472 ], [ 133.6036549, 35.5082919 ], [ 133.6042222, 35.5082252 ], [ 133.604948, 35.508146 ], [ 133.6056529, 35.5080585 ], [ 133.6063704, 35.5079752 ], [ 133.6070962, 35.5078751 ], [ 133.6077636, 35.5078043 ], [ 133.6083977, 35.5077376 ], [ 133.6088941, 35.5076793 ], [ 133.609378, 35.5076334 ], [ 133.6100412, 35.5075584 ], [ 133.6108963, 35.5074834 ], [ 133.6118808, 35.5073959 ], [ 133.6124355, 35.5073709 ], [ 133.6130946, 35.5073417 ], [ 133.6137704, 35.5073208 ], [ 133.614442, 35.5073125 ], [ 133.6150718, 35.5073083 ], [ 133.61566, 35.507325 ], [ 133.6163358, 35.507325 ], [ 133.6168613, 35.5073417 ], [ 133.6174537, 35.5073834 ], [ 133.6180085, 35.5074084 ], [ 133.6186258, 35.5074459 ], [ 133.6191598, 35.5074792 ], [ 133.6195394, 35.5075167 ], [ 133.62009, 35.5075876 ], [ 133.6206489, 35.5076417 ], [ 133.6213497, 35.5077251 ], [ 133.6219045, 35.5077834 ], [ 133.6224343, 35.507846 ], [ 133.622818, 35.507896 ], [ 133.6233269, 35.5079752 ], [ 133.6241612, 35.5081002 ], [ 133.624983, 35.5082127 ], [ 133.6256963, 35.5083127 ], [ 133.626397, 35.5084169 ], [ 133.6272814, 35.5085503 ], [ 133.6281824, 35.5086586 ], [ 133.6289624, 35.5087586 ], [ 133.6296048, 35.5088337 ], [ 133.6301596, 35.5088753 ], [ 133.6308228, 35.5089629 ], [ 133.6314777, 35.509017 ], [ 133.6320951, 35.5090629 ], [ 133.6327, 35.5090962 ], [ 133.6330462, 35.5091129 ], [ 133.6336583, 35.5091405 ], [ 133.6346563, 35.5091587 ], [ 133.6354614, 35.5091629 ], [ 133.6362873, 35.5091296 ], [ 133.6369088, 35.5091171 ], [ 133.6374219, 35.5090795 ], [ 133.63796, 35.5090212 ], [ 133.6384022, 35.5089837 ], [ 133.6388485, 35.5089087 ], [ 133.6397036, 35.5087586 ], [ 133.6405254, 35.5086086 ], [ 133.6411469, 35.5084836 ], [ 133.6415933, 35.5083836 ], [ 133.6420897, 35.508271 ], [ 133.6426653, 35.5081252 ], [ 133.6432743, 35.5079543 ], [ 133.64385, 35.5077793 ], [ 133.6443422, 35.5076334 ], [ 133.6449387, 35.50745 ], [ 133.6455102, 35.5072583 ], [ 133.6460858, 35.5070583 ], [ 133.6466364, 35.5068624 ], [ 133.6471453, 35.5066874 ], [ 133.6475666, 35.5065165 ], [ 133.6480755, 35.506304 ], [ 133.6485135, 35.5061331 ], [ 133.6492018, 35.5058455 ], [ 133.6496106, 35.5056705 ], [ 133.6500069, 35.5054996 ], [ 133.6504198, 35.5052913 ], [ 133.6508995, 35.5050871 ], [ 133.6513709, 35.5048787 ], [ 133.6517755, 35.5046578 ], [ 133.6521593, 35.5044619 ], [ 133.6527099, 35.5041744 ], [ 133.6533398, 35.5038285 ], [ 133.6539404, 35.5034992 ], [ 133.6544452, 35.5032242 ], [ 133.6549666, 35.5029324 ], [ 133.6555047, 35.5025824 ], [ 133.656193, 35.5021281 ], [ 133.6567352, 35.5017614 ], [ 133.657265, 35.5014238 ], [ 133.657703, 35.5010862 ], [ 133.6583162, 35.5006361 ], [ 133.6586874, 35.5003486 ], [ 133.6589961, 35.500111 ], [ 133.6595342, 35.4996568 ], [ 133.6601099, 35.499215 ], [ 133.6603226, 35.4990525 ], [ 133.6607689, 35.4986941 ], [ 133.6612778, 35.4982898 ], [ 133.661599, 35.4980023 ], [ 133.6621851, 35.4975647 ], [ 133.6630444, 35.4968895 ], [ 133.6636951, 35.4963477 ], [ 133.6644794, 35.4956976 ], [ 133.6651384, 35.4951392 ], [ 133.6659477, 35.4944974 ], [ 133.6666985, 35.4939222 ], [ 133.6673492, 35.4934138 ], [ 133.668634, 35.4923886 ], [ 133.6696268, 35.4916718 ], [ 133.6707447, 35.4909133 ], [ 133.6716791, 35.4903465 ], [ 133.6721963, 35.4900214 ], [ 133.6725718, 35.4898047 ], [ 133.6732392, 35.489413 ], [ 133.6738565, 35.4891129 ], [ 133.6744405, 35.4888045 ], [ 133.6751163, 35.4884795 ], [ 133.6758504, 35.4881461 ], [ 133.6765179, 35.4878543 ], [ 133.6770935, 35.4876209 ], [ 133.6775857, 35.4874376 ], [ 133.6783699, 35.4871375 ], [ 133.6791625, 35.4868708 ], [ 133.6797882, 35.4866791 ], [ 133.6803889, 35.4864957 ], [ 133.6811564, 35.486279 ], [ 133.6818906, 35.4860873 ], [ 133.6827665, 35.4858873 ], [ 133.6835591, 35.4857039 ], [ 133.6844184, 35.4855539 ], [ 133.6852193, 35.4854122 ], [ 133.6859785, 35.4852871 ], [ 133.6865791, 35.4852038 ], [ 133.6872215, 35.4851288 ], [ 133.6880308, 35.4850454 ], [ 133.68884, 35.4849871 ], [ 133.6895992, 35.4849287 ], [ 133.6909841, 35.4848537 ], [ 133.6918934, 35.4848537 ], [ 133.6925275, 35.484862 ], [ 133.6931949, 35.484862 ], [ 133.6939624, 35.4849037 ], [ 133.6945276, 35.4849371 ], [ 133.6950157, 35.4849662 ], [ 133.6956289, 35.4850204 ], [ 133.6966112, 35.4851413 ], [ 133.6971139, 35.4851996 ], [ 133.6979648, 35.4853455 ], [ 133.6987199, 35.4854705 ], [ 133.6994415, 35.4856164 ], [ 133.7000338, 35.4857706 ], [ 133.7007304, 35.4859414 ], [ 133.7012811, 35.4860915 ], [ 133.7017941, 35.4862498 ], [ 133.7024365, 35.4864999 ], [ 133.7030706, 35.4867458 ], [ 133.7035586, 35.4869958 ], [ 133.7040884, 35.4872667 ], [ 133.7046098, 35.4875876 ], [ 133.705102, 35.4878793 ], [ 133.7055317, 35.4881544 ], [ 133.7059655, 35.4884878 ], [ 133.7063034, 35.4887462 ], [ 133.7066663, 35.4890712 ], [ 133.7070333, 35.4894088 ], [ 133.7073253, 35.4896839 ], [ 133.707584, 35.4899423 ], [ 133.7078551, 35.4902548 ], [ 133.7081846, 35.4906466 ], [ 133.7084474, 35.4909758 ], [ 133.708681, 35.4913175 ], [ 133.7089355, 35.4916885 ], [ 133.709215, 35.492101 ], [ 133.7095487, 35.4925928 ], [ 133.7098991, 35.4931513 ], [ 133.7103788, 35.4938431 ], [ 133.7107876, 35.4944307 ], [ 133.7115801, 35.4954267 ], [ 133.7119347, 35.495831 ], [ 133.7122684, 35.4961435 ], [ 133.7127731, 35.4966561 ], [ 133.7132069, 35.4970271 ], [ 133.7136074, 35.4973521 ], [ 133.7140704, 35.4977064 ], [ 133.7145376, 35.4980439 ], [ 133.7150215, 35.4983815 ], [ 133.7155596, 35.4986899 ], [ 133.7160643, 35.4989274 ], [ 133.7165065, 35.4991525 ], [ 133.7170613, 35.4994025 ], [ 133.7180457, 35.4998318 ], [ 133.719679, 35.5004675 ], [ 133.7212047, 35.5010075 ], [ 133.7228598, 35.5012811 ], [ 133.7236168, 35.5013362 ] ] } },
{ "type": "Feature", "properties": { "N12_001": "31", "N12_002": 1, "N12_003": 3, "N12_004": "一般国道9号", "N12_005": 63, "N12_006": 6 }, "geometry": { "type": "LineString", "coordinates": [ [ 133.59981, 35.5087416 ], [ 133.6002423, 35.5100676 ], [ 133.6007883, 35.5115592 ], [ 133.6008007, 35.5121679 ], [ 133.600627, 35.5127158 ], [ 133.6002423, 35.5131521 ], [ 133.6000777, 35.5133275 ] ] } },
{ "type": "Feature", "properties": { "N12_001": "31", "N12_002": 1, "N12_003": 3, "N12_004": "一般国道9号", "N12_005": 63, "N12_006": 7 }, "geometry": { "type": "LineString", "coordinates": [ [ 133.9263378, 35.5054375 ], [ 133.926889, 35.507234 ] ] } },
{ "type": "Feature", "properties": { "N12_001": "31", "N12_002": 2, "N12_003": 3, "N12_004": "一般国道9号", "N12_005": 63, "N12_006": 8 }, "geometry": { "type": "LineString", "coordinates": [ [ 134.3155012, 35.5729854 ], [ 134.3156456, 35.5724653 ], [ 134.3159509, 35.5718334 ], [ 134.3163478, 35.571401 ], [ 134.3166633, 35.5711765 ], [ 134.3172027, 35.5708938 ], [ 134.3177522, 35.570686 ], [ 134.3183527, 35.5704615 ], [ 134.3188208, 35.5702287 ], [ 134.3192075, 35.5699377 ], [ 134.3195535, 35.5695801 ], [ 134.3198283, 35.5692476 ], [ 134.3204491, 35.5681999 ], [ 134.3207849, 35.5677759 ], [ 134.3212937, 35.567435 ], [ 134.3218738, 35.5671689 ], [ 134.3224945, 35.5670858 ], [ 134.3239803, 35.5670525 ], [ 134.3258772, 35.5669986 ], [ 134.3266331, 35.5669606 ], [ 134.3277768, 35.5669942 ], [ 134.3281322, 35.5670006 ], [ 134.3288867, 35.5670053 ], [ 134.3290708, 35.5670102 ], [ 134.3295853, 35.5670236 ], [ 134.3303858, 35.5670445 ], [ 134.3306158, 35.5670506 ], [ 134.3313603, 35.5670675 ], [ 134.3318083, 35.5670789 ], [ 134.3320011, 35.5670675 ], [ 134.3327316, 35.5670017 ], [ 134.3330525, 35.5669539 ], [ 134.3333305, 35.5668946 ], [ 134.3335825, 35.5668213 ], [ 134.3338064, 35.5667128 ], [ 134.3340274, 35.5665772 ], [ 134.3342822, 35.5664139 ], [ 134.3347302, 35.5660248 ], [ 134.3352883, 35.5655461 ], [ 134.336005, 35.5649095 ], [ 134.3365326, 35.5644425 ], [ 134.3368389, 35.5641714 ], [ 134.3370744, 35.5640003 ], [ 134.337225, 35.5639125 ], [ 134.3374936, 35.5637825 ], [ 134.337845, 35.5636697 ], [ 134.3379417, 35.5636472 ], [ 134.3382789, 35.5636133 ], [ 134.3386097, 35.5636022 ], [ 134.3389336, 35.5636133 ], [ 134.3392784, 35.5636583 ], [ 134.3393588, 35.5636731 ], [ 134.3399351, 35.5638302 ], [ 134.3400847, 35.563867 ], [ 134.3403672, 35.5639403 ], [ 134.3406356, 35.5640192 ], [ 134.3410356, 35.5641097 ], [ 134.3412492, 35.5641378 ], [ 134.3413728, 35.5641264 ], [ 134.3416248, 35.5640608 ], [ 134.3419182, 35.5639467 ], [ 134.342135, 35.563821 ], [ 134.3423102, 35.5636925 ], [ 134.3424551, 35.5635347 ], [ 134.34258, 35.5633431 ], [ 134.34268, 35.5631576 ], [ 134.3427514, 35.5628811 ], [ 134.3427858, 35.5627008 ], [ 134.3428241, 35.5624671 ], [ 134.3428614, 35.5622722 ], [ 134.3429578, 35.5617317 ], [ 134.3430378, 35.5614591 ], [ 134.3431567, 35.5612486 ], [ 134.3432968, 35.5611236 ], [ 134.3435061, 35.5609655 ], [ 134.3437986, 35.5607961 ], [ 134.3441847, 35.5606328 ], [ 134.3443664, 35.5605876 ], [ 134.3446669, 35.560565 ], [ 134.3449428, 35.560565 ], [ 134.3461968, 35.5605258 ], [ 134.3466792, 35.5605203 ], [ 134.3469203, 35.5604978 ], [ 134.3474717, 35.5603906 ], [ 134.3484433, 35.5602103 ], [ 134.3485293, 35.560194 ], [ 134.3493944, 35.5600186 ], [ 134.3495803, 35.559985 ], [ 134.3499734, 35.5599058 ], [ 134.3500033, 35.5599009 ], [ 134.3508634, 35.5597571 ], [ 134.3518321, 35.5595914 ], [ 134.3523463, 35.5594873 ], [ 134.3524472, 35.5594667 ], [ 134.3526473, 35.5593992 ], [ 134.3527644, 35.5593483 ], [ 134.3528953, 35.5592806 ], [ 134.3532186, 35.5590892 ], [ 134.3535289, 35.558937 ], [ 134.3537494, 35.5588639 ], [ 134.3539906, 35.5588017 ], [ 134.3541767, 35.5587792 ], [ 134.3544559, 35.5587681 ], [ 134.3551164, 35.5588111 ], [ 134.3554663, 35.5588356 ], [ 134.3555414, 35.5588403 ], [ 134.3557342, 35.5588525 ], [ 134.3558941, 35.5588653 ], [ 134.3560167, 35.558875 ], [ 134.3567616, 35.5589144 ], [ 134.3567894, 35.5589158 ], [ 134.3573742, 35.5588978 ], [ 134.3576361, 35.5588753 ], [ 134.3578497, 35.5588472 ], [ 134.3581322, 35.5587964 ], [ 134.3585004, 35.5587168 ], [ 134.3594629, 35.5585088 ], [ 134.3603167, 35.5583342 ], [ 134.3609207, 35.5582052 ], [ 134.3614198, 35.5580975 ], [ 134.3630733, 35.557765 ], [ 134.3634867, 35.5576808 ], [ 134.3642438, 35.5575288 ], [ 134.3647886, 35.5574048 ], [ 134.3652172, 35.5573028 ], [ 134.3656363, 35.5572018 ], [ 134.3660844, 35.5570896 ], [ 134.3665419, 35.5569426 ], [ 134.3666667, 35.5569033 ], [ 134.3669858, 35.5568028 ], [ 134.3671949, 35.5567256 ], [ 134.3675091, 35.5565929 ], [ 134.3680414, 35.5563622 ], [ 134.3684897, 35.5561593 ], [ 134.3691807, 35.5558213 ], [ 134.3692603, 35.5557824 ], [ 134.369591, 35.5555948 ], [ 134.3700332, 35.5553141 ], [ 134.3703631, 35.5550869 ], [ 134.3705488, 35.5549504 ], [ 134.3708828, 35.5547353 ], [ 134.3710144, 35.5546864 ], [ 134.3712696, 35.5546113 ], [ 134.3717213, 35.5544859 ], [ 134.3719213, 35.5544352 ], [ 134.3722728, 35.5543547 ], [ 134.3724864, 35.5542978 ], [ 134.3726378, 35.554261 ], [ 134.3729952, 35.5541742 ], [ 134.3732221, 35.5541184 ], [ 134.37341, 35.5540723 ], [ 134.3743536, 35.553785 ], [ 134.3750545, 35.5535809 ], [ 134.3752878, 35.5535129 ], [ 134.3759486, 35.5533238 ], [ 134.3760731, 35.5532512 ], [ 134.3761594, 35.5531664 ], [ 134.3762808, 35.5529511 ], [ 134.3764159, 35.5527307 ], [ 134.3766311, 35.5523786 ], [ 134.3766584, 35.5523039 ], [ 134.3766828, 35.5521446 ], [ 134.3767241, 35.5517014 ], [ 134.3767794, 35.5514406 ], [ 134.3768278, 35.5512322 ], [ 134.3769005, 35.5510677 ], [ 134.3771095, 35.5506933 ], [ 134.3772416, 35.5504341 ], [ 134.3773931, 35.5502067 ], [ 134.377553, 35.55 ], [ 134.3776065, 35.5499307 ], [ 134.3780683, 35.5493895 ], [ 134.3786855, 35.548767 ], [ 134.3792766, 35.5481709 ], [ 134.3795775, 35.5478795 ], [ 134.3798558, 35.5475876 ], [ 134.37997, 35.5474678 ], [ 134.3800806, 35.5473045 ], [ 134.3801906, 35.5471072 ], [ 134.3803422, 35.5467858 ], [ 134.3804387, 35.5465545 ], [ 134.3805078, 35.5463575 ], [ 134.3805558, 35.5462056 ], [ 134.3806166, 35.5458754 ], [ 134.3807284, 35.5451856 ], [ 134.3807831, 35.5449386 ], [ 134.3808289, 35.5447191 ], [ 134.3808869, 35.5444859 ], [ 134.3809833, 35.5440695 ], [ 134.381135, 35.5432919 ], [ 134.3812207, 35.5428915 ], [ 134.3813003, 35.54252 ], [ 134.3814865, 35.5416667 ], [ 134.3815602, 35.541329 ], [ 134.3816172, 35.5409983 ], [ 134.3816932, 35.5405975 ], [ 134.3818338, 35.539754 ], [ 134.3819544, 35.539105 ], [ 134.3820511, 35.5385075 ], [ 134.3820804, 35.5383569 ], [ 134.3820994, 35.5382539 ], [ 134.3821406, 35.5380508 ], [ 134.3821892, 35.5378597 ], [ 134.3822992, 35.5373131 ], [ 134.3823705, 35.5368823 ], [ 134.3824207, 35.5365961 ], [ 134.3825128, 35.5360956 ], [ 134.3826309, 35.5353576 ], [ 134.3827056, 35.5349067 ], [ 134.3827608, 35.5347036 ], [ 134.3828004, 35.5345719 ], [ 134.3828369, 35.53445 ], [ 134.3828917, 35.5343205 ], [ 134.3829886, 35.5342023 ], [ 134.3830917, 35.5341064 ], [ 134.3832089, 35.534022 ], [ 134.3833333, 35.5339555 ], [ 134.3833675, 35.5339372 ], [ 134.3835947, 35.5338697 ], [ 134.384188, 35.5338268 ], [ 134.3846972, 35.5337964 ], [ 134.3847872, 35.5337832 ], [ 134.3849658, 35.533757 ], [ 134.3852139, 35.533712 ], [ 134.3854278, 35.5336611 ], [ 134.3856906, 35.533597 ], [ 134.3857794, 35.5335669 ], [ 134.3859447, 35.5334695 ], [ 134.3861696, 35.5333333 ], [ 134.3863443, 35.5332276 ], [ 134.3866958, 35.53303 ], [ 134.3869303, 35.5329061 ], [ 134.3877134, 35.5324825 ], [ 134.3879571, 35.5323199 ], [ 134.3883428, 35.5320947 ], [ 134.3883732, 35.5320808 ], [ 134.3885529, 35.5319764 ], [ 134.3887254, 35.5318749 ], [ 134.3888646, 35.5317928 ], [ 134.3894314, 35.5314578 ], [ 134.3902343, 35.5309812 ], [ 134.3905203, 35.5308436 ], [ 134.3911747, 35.5305511 ], [ 134.3918366, 35.5302689 ], [ 134.3922089, 35.5301222 ], [ 134.3926776, 35.52997 ], [ 134.3927898, 35.5299276 ], [ 134.3928567, 35.5299025 ], [ 134.393075, 35.5298264 ], [ 134.3937594, 35.529632 ], [ 134.3939247, 35.5295642 ], [ 134.3941244, 35.5294517 ], [ 134.3943725, 35.5292881 ], [ 134.3954819, 35.528477 ], [ 134.3957164, 35.5282908 ], [ 134.396116, 35.5279528 ], [ 134.3963917, 35.5277556 ], [ 134.3966682, 35.5275009 ], [ 134.396842, 35.5273183 ], [ 134.3970053, 35.5271467 ], [ 134.3973201, 35.5268511 ], [ 134.3974508, 35.5267111 ], [ 134.3975558, 35.5265442 ], [ 134.3976864, 35.5263622 ], [ 134.3979882, 35.5260393 ], [ 134.3981506, 35.525897 ], [ 134.3983375, 35.5257648 ], [ 134.3986582, 35.5255786 ], [ 134.3990219, 35.5254082 ], [ 134.3992331, 35.5253546 ], [ 134.3993991, 35.5253147 ], [ 134.3994931, 35.5252872 ], [ 134.3998375, 35.5252139 ], [ 134.4, 35.525197 ], [ 134.4001064, 35.5251858 ], [ 134.4003353, 35.5251747 ], [ 134.4005678, 35.5251858 ], [ 134.4009834, 35.52522 ], [ 134.4012782, 35.525296 ], [ 134.4014569, 35.5253717 ], [ 134.4019327, 35.5255354 ], [ 134.4029449, 35.525941 ], [ 134.4040068, 35.5263523 ], [ 134.4046065, 35.5265667 ], [ 134.4048544, 35.5266397 ], [ 134.4050542, 35.526685 ], [ 134.4054195, 35.5267356 ], [ 134.4058709, 35.526745 ], [ 134.4061152, 35.52673 ], [ 134.4064808, 35.5266906 ], [ 134.4067908, 35.5266286 ], [ 134.4069, 35.5266006 ], [ 134.4071769, 35.5265272 ], [ 134.4073975, 35.5264425 ], [ 134.4083333, 35.5259928 ], [ 134.4087344, 35.5258 ], [ 134.4104713, 35.525 ], [ 134.4105256, 35.524975 ], [ 134.4107411, 35.5248887 ], [ 134.4108931, 35.5248361 ], [ 134.4110542, 35.5247953 ], [ 134.4114406, 35.5246947 ], [ 134.4119483, 35.5245936 ], [ 134.4123069, 35.524535 ], [ 134.4126556, 35.524495 ], [ 134.4131967, 35.5244497 ], [ 134.4138844, 35.5244256 ], [ 134.4160297, 35.524437 ], [ 134.4167709, 35.5244699 ], [ 134.417406, 35.524498 ] ] } },
{ "type": "Feature", "properties": { "N12_001": "31", "N12_002": 1, "N12_003": 3, "N12_004": "一般国道9号", "N12_005": 63, "N12_006": 9 }, "geometry": { "type": "LineString", "coordinates": [ [ 133.3199269, 35.4113507 ], [ 133.3201789, 35.4114811 ], [ 133.3205228, 35.4116783 ], [ 133.3206742, 35.4117967 ], [ 133.3207567, 35.411932 ], [ 133.3210733, 35.4125486 ], [ 133.3212361, 35.4128953 ], [ 133.3212967, 35.4130186 ], [ 133.3213347, 35.4130995 ], [ 133.3213716, 35.4131771 ], [ 133.3214478, 35.4133394 ], [ 133.3220353, 35.4145292 ], [ 133.3223308, 35.4148842 ], [ 133.3224892, 35.4150192 ], [ 133.3227228, 35.4150811 ], [ 133.3230324, 35.415132 ], [ 133.3238687, 35.4152545 ], [ 133.3240222, 35.4153406 ], [ 133.3241322, 35.4154361 ], [ 133.3243044, 35.415628 ], [ 133.3249436, 35.4163039 ], [ 133.3249781, 35.4163942 ], [ 133.325, 35.4165063 ], [ 133.3250055, 35.4165346 ], [ 133.3250288, 35.4166108 ], [ 133.3250414, 35.4167418 ], [ 133.3250536, 35.4169742 ], [ 133.3250606, 35.4179547 ], [ 133.3250657, 35.4183349 ], [ 133.3250689, 35.4185648 ], [ 133.3250739, 35.4189343 ], [ 133.3250803, 35.4193714 ], [ 133.3250867, 35.4198081 ], [ 133.3252244, 35.4205087 ], [ 133.3252972, 35.421158 ], [ 133.3254084, 35.4221448 ], [ 133.3254452, 35.4223872 ], [ 133.3254828, 35.4226364 ], [ 133.3255289, 35.4228581 ], [ 133.3255706, 35.4230128 ], [ 133.3256672, 35.4233881 ], [ 133.3257581, 35.4235503 ], [ 133.326281, 35.4244484 ], [ 133.3265987, 35.425 ], [ 133.3266669, 35.425115 ], [ 133.3268714, 35.425465 ], [ 133.3269664, 35.4255714 ], [ 133.3271208, 35.4257222 ], [ 133.3273133, 35.425862 ], [ 133.3275531, 35.4260195 ], [ 133.3278675, 35.4261745 ], [ 133.3281303, 35.4263164 ], [ 133.3282252, 35.4263893 ], [ 133.3283849, 35.4265158 ], [ 133.3285614, 35.42666 ], [ 133.3288022, 35.426862 ], [ 133.3289972, 35.4270725 ], [ 133.3292953, 35.4273872 ], [ 133.3296614, 35.4278483 ], [ 133.3299147, 35.4281633 ], [ 133.3305269, 35.4288991 ], [ 133.3309799, 35.4294472 ], [ 133.3314123, 35.429917 ], [ 133.3315891, 35.4301094 ], [ 133.3317722, 35.4303092 ], [ 133.3319078, 35.4304908 ], [ 133.3319917, 35.4306617 ], [ 133.3320744, 35.4309075 ], [ 133.3321203, 35.4311603 ], [ 133.3322049, 35.4315675 ], [ 133.3323207, 35.4317882 ], [ 133.3324158, 35.4318942 ], [ 133.3330248, 35.4323997 ], [ 133.3333333, 35.4326624 ], [ 133.3339358, 35.4331753 ], [ 133.3339306, 35.4332575 ], [ 133.3346761, 35.4338755 ], [ 133.3352091, 35.4342987 ], [ 133.3355808, 35.4345938 ], [ 133.3360617, 35.4349756 ], [ 133.3363014, 35.4351553 ], [ 133.3373803, 35.4360181 ], [ 133.3382039, 35.4366257 ], [ 133.3391753, 35.4373359 ], [ 133.3398419, 35.4378331 ], [ 133.3402052, 35.4380966 ], [ 133.3407892, 35.4385247 ], [ 133.3414708, 35.4390214 ], [ 133.3424111, 35.4384383 ], [ 133.3432255, 35.4379571 ], [ 133.3441981, 35.4373631 ], [ 133.3445831, 35.4371515 ], [ 133.3454583, 35.4366203 ], [ 133.3468919, 35.4357695 ], [ 133.3479364, 35.4351575 ], [ 133.3483977, 35.4349052 ], [ 133.3490254, 35.4345626 ], [ 133.3500524, 35.4339873 ], [ 133.3510145, 35.4334586 ], [ 133.351249, 35.4333333 ], [ 133.3521544, 35.4328497 ], [ 133.3523508, 35.4327678 ], [ 133.3526356, 35.4326747 ], [ 133.3528278, 35.4326214 ], [ 133.3529878, 35.4325858 ], [ 133.3530896, 35.4325616 ], [ 133.3532628, 35.4325417 ], [ 133.3535231, 35.4325283 ], [ 133.353897, 35.4325261 ], [ 133.3542359, 35.432535 ], [ 133.3548889, 35.4325617 ], [ 133.3553765, 35.4325814 ], [ 133.3558508, 35.4326125 ], [ 133.3562126, 35.4326414 ], [ 133.3570284, 35.4326945 ], [ 133.3578561, 35.4327567 ], [ 133.3581353, 35.4327656 ], [ 133.3583281, 35.4327618 ], [ 133.3583655, 35.4327611 ], [ 133.3584537, 35.4327549 ], [ 133.3586359, 35.4327424 ], [ 133.3587826, 35.4327199 ], [ 133.3590387, 35.4326695 ], [ 133.3593113, 35.4326011 ], [ 133.3595958, 35.432515 ], [ 133.3599476, 35.4324051 ], [ 133.3604212, 35.4322789 ], [ 133.3608435, 35.4321842 ], [ 133.3619102, 35.4319399 ], [ 133.3634222, 35.431695 ], [ 133.3643931, 35.4315438 ], [ 133.3645622, 35.4315168 ], [ 133.3646444, 35.4315131 ], [ 133.3659193, 35.4313127 ], [ 133.3668269, 35.4311701 ], [ 133.3687869, 35.4308621 ], [ 133.3697661, 35.4306795 ], [ 133.3701117, 35.4306064 ], [ 133.3706469, 35.4304867 ], [ 133.3709586, 35.4304095 ], [ 133.3712124, 35.430328 ], [ 133.3713372, 35.4302882 ], [ 133.3715366, 35.4302195 ], [ 133.3716511, 35.4301789 ], [ 133.3719355, 35.4300525 ], [ 133.3723636, 35.4298286 ], [ 133.3729786, 35.4295908 ], [ 133.3734073, 35.4294502 ], [ 133.3737854, 35.4293249 ], [ 133.3744335, 35.4291211 ], [ 133.375, 35.4289918 ], [ 133.3751994, 35.4289419 ], [ 133.3755092, 35.4288911 ], [ 133.3757587, 35.4288772 ], [ 133.3762243, 35.4288667 ], [ 133.3771542, 35.4288572 ], [ 133.3774223, 35.4288517 ], [ 133.3775673, 35.4288542 ], [ 133.3779119, 35.4288598 ], [ 133.3781305, 35.4288829 ], [ 133.3783321, 35.4289233 ], [ 133.3787024, 35.4290511 ], [ 133.3789783, 35.4291348 ], [ 133.3794083, 35.4293061 ], [ 133.3797836, 35.4295106 ], [ 133.3802433, 35.4297656 ], [ 133.3810983, 35.4302817 ], [ 133.382052, 35.4308262 ], [ 133.3827151, 35.4312356 ], [ 133.3833333, 35.4316189 ], [ 133.3833803, 35.4316481 ], [ 133.3839655, 35.4320113 ], [ 133.3842433, 35.4321706 ], [ 133.38437, 35.4322457 ], [ 133.3848697, 35.4325422 ], [ 133.3857062, 35.4330565 ], [ 133.3860766, 35.4333333 ], [ 133.3862394, 35.433455 ], [ 133.3866181, 35.43381 ], [ 133.3868329, 35.4340358 ], [ 133.3872764, 35.4346514 ], [ 133.3873893, 35.4348219 ], [ 133.3875486, 35.4351628 ], [ 133.3876702, 35.4354918 ], [ 133.3877192, 35.4357594 ], [ 133.3877504, 35.4359705 ], [ 133.3877742, 35.436165 ], [ 133.3878292, 35.436785 ], [ 133.3879117, 35.437585 ], [ 133.3880116, 35.4385971 ], [ 133.3880633, 35.4391625 ], [ 133.3881205, 35.4396979 ], [ 133.3881458, 35.4400697 ], [ 133.3881803, 35.4404756 ], [ 133.3882492, 35.4408811 ], [ 133.3883311, 35.4412061 ], [ 133.3885278, 35.4417525 ], [ 133.3886436, 35.4419949 ], [ 133.388798, 35.4422234 ], [ 133.3889167, 35.4424062 ], [ 133.389034, 35.4425358 ], [ 133.3891169, 35.4426252 ], [ 133.3892005, 35.4427152 ], [ 133.3893383, 35.4428599 ], [ 133.3894642, 35.4429792 ], [ 133.3896633, 35.443164 ], [ 133.3899214, 35.4433603 ], [ 133.3903896, 35.4436306 ], [ 133.39105, 35.4439689 ], [ 133.3912017, 35.4440361 ], [ 133.391408, 35.4441234 ], [ 133.3916667, 35.444216 ], [ 133.3919036, 35.4443008 ], [ 133.3930739, 35.444681 ], [ 133.3931763, 35.4447165 ], [ 133.393858, 35.4449378 ], [ 133.3948906, 35.44527 ], [ 133.395846, 35.4455965 ], [ 133.3960928, 35.4456786 ], [ 133.3971686, 35.4460364 ], [ 133.3986378, 35.4465416 ], [ 133.3987354, 35.4465868 ], [ 133.3997834, 35.4469523 ], [ 133.4, 35.447027 ], [ 133.4006336, 35.4472453 ], [ 133.4013325, 35.4474958 ], [ 133.4020342, 35.447738 ], [ 133.4027904, 35.4479913 ], [ 133.4031011, 35.4480989 ], [ 133.4034684, 35.4482268 ], [ 133.4037, 35.4483072 ], [ 133.4048425, 35.4486845 ], [ 133.4059943, 35.4490725 ], [ 133.4065911, 35.449282 ], [ 133.4076983, 35.4496649 ], [ 133.4083333, 35.449877 ], [ 133.4087015, 35.45 ], [ 133.4092678, 35.4501892 ], [ 133.4096044, 35.4503073 ], [ 133.4100938, 35.4504764 ], [ 133.4119522, 35.4510906 ], [ 133.4131222, 35.4514739 ], [ 133.4136104, 35.4516316 ], [ 133.4149253, 35.4520767 ], [ 133.4154139, 35.4522458 ], [ 133.4157146, 35.4523558 ], [ 133.4166667, 35.4526857 ], [ 133.4171695, 35.4528599 ], [ 133.4185453, 35.4533442 ], [ 133.4194325, 35.4536483 ], [ 133.4204383, 35.4539979 ], [ 133.4212227, 35.4542629 ], [ 133.4215667, 35.4543811 ], [ 133.4217803, 35.4544711 ], [ 133.4219728, 35.4545783 ], [ 133.4223375, 35.454815 ], [ 133.4226817, 35.4550797 ], [ 133.4229361, 35.4552883 ], [ 133.4233493, 35.4556545 ], [ 133.4235558, 35.4558631 ], [ 133.4237236, 35.4560486 ], [ 133.4237692, 35.4560939 ], [ 133.4238141, 35.4561444 ], [ 133.4240581, 35.45646 ], [ 133.425, 35.4578313 ], [ 133.4252152, 35.4581446 ], [ 133.4253382, 35.4583333 ], [ 133.4254177, 35.4584553 ], [ 133.4258265, 35.4590234 ], [ 133.4261922, 35.4595545 ], [ 133.4265556, 35.4600781 ], [ 133.427144, 35.460926 ], [ 133.4271919, 35.4609976 ], [ 133.4276002, 35.4616012 ], [ 133.4279386, 35.4620962 ], [ 133.4283696, 35.4627202 ], [ 133.4285219, 35.4629403 ], [ 133.4288408, 35.4633394 ], [ 133.429013, 35.4635594 ], [ 133.4291263, 35.4636752 ], [ 133.4295636, 35.4641225 ], [ 133.4299806, 35.4645679 ], [ 133.4308916, 35.4655252 ], [ 133.4310503, 35.4657003 ], [ 133.4318969, 35.4665906 ], [ 133.4319584, 35.466665 ], [ 133.4320208, 35.4667883 ], [ 133.4320653, 35.4669236 ], [ 133.4321428, 35.4671809 ], [ 133.4322519, 35.4676775 ], [ 133.4323303, 35.4679775 ], [ 133.4325913, 35.4689836 ], [ 133.4327362, 35.4693977 ], [ 133.4327795, 35.4694849 ], [ 133.4329292, 35.4697456 ], [ 133.4333333, 35.4704353 ], [ 133.4334168, 35.4705778 ], [ 133.4337961, 35.4712331 ], [ 133.4339318, 35.471467 ], [ 133.4345059, 35.4724302 ], [ 133.4346075, 35.4726278 ], [ 133.434753, 35.4729192 ], [ 133.4347987, 35.4731622 ], [ 133.4354877, 35.475 ], [ 133.435681, 35.4755155 ], [ 133.4357644, 35.4757122 ], [ 133.4363699, 35.4772944 ], [ 133.4366228, 35.4779443 ], [ 133.4367136, 35.4781781 ], [ 133.4368722, 35.4785803 ], [ 133.4372853, 35.479589 ], [ 133.4373886, 35.4798817 ], [ 133.4374305, 35.4799605 ], [ 133.4376225, 35.4802592 ], [ 133.4377417, 35.48039 ], [ 133.4378428, 35.4804903 ], [ 133.4381306, 35.4806956 ], [ 133.4383659, 35.4808396 ], [ 133.43924, 35.4813581 ], [ 133.4398359, 35.4817096 ], [ 133.4402106, 35.4819328 ], [ 133.4405547, 35.482147 ], [ 133.4408989, 35.4823442 ], [ 133.4410661, 35.482435 ], [ 133.4413412, 35.4825961 ], [ 133.4416856, 35.4830062 ], [ 133.4419487, 35.4833333 ], [ 133.4422614, 35.4837222 ], [ 133.4434106, 35.4853358 ], [ 133.4441264, 35.4863728 ], [ 133.4445119, 35.4868967 ], [ 133.4447792, 35.4872781 ], [ 133.444945, 35.487495 ], [ 133.44509, 35.4876628 ], [ 133.4452828, 35.4878939 ], [ 133.4454433, 35.4880572 ], [ 133.4456235, 35.4882403 ], [ 133.4459334, 35.4885533 ], [ 133.4466523, 35.4892295 ], [ 133.4468683, 35.4894045 ], [ 133.4473219, 35.4898189 ], [ 133.448008, 35.4903442 ], [ 133.4486003, 35.4907735 ], [ 133.4492681, 35.4912469 ], [ 133.4497358, 35.4915733 ], [ 133.45, 35.4917573 ], [ 133.450471, 35.4920852 ], [ 133.4509742, 35.4924407 ], [ 133.4514647, 35.4927817 ], [ 133.4519519, 35.4931342 ], [ 133.4525164, 35.4935397 ], [ 133.4526162, 35.4936069 ], [ 133.4528122, 35.4936806 ], [ 133.4532458, 35.4938103 ], [ 133.4541058, 35.4940483 ], [ 133.4548237, 35.4942429 ], [ 133.4555047, 35.4944277 ], [ 133.4560124, 35.4945655 ], [ 133.4565929, 35.4947125 ], [ 133.4570818, 35.4948372 ], [ 133.4575508, 35.4949561 ], [ 133.4578736, 35.4950506 ], [ 133.4583333, 35.495246 ], [ 133.458649, 35.4953751 ], [ 133.4588194, 35.4954451 ], [ 133.4594122, 35.4956914 ], [ 133.4600364, 35.4959614 ], [ 133.4609548, 35.4963585 ], [ 133.4613784, 35.4965314 ], [ 133.4616839, 35.4966561 ], [ 133.4618836, 35.4967236 ], [ 133.4620522, 35.4967592 ], [ 133.4621911, 35.4967647 ], [ 133.4628395, 35.4967646 ], [ 133.4640103, 35.49678 ], [ 133.4649212, 35.4967743 ], [ 133.4662681, 35.4967689 ], [ 133.4664744, 35.4967914 ], [ 133.4666329, 35.4968308 ], [ 133.4670114, 35.4969547 ], [ 133.4672042, 35.4970392 ], [ 133.467555, 35.4971744 ], [ 133.468566, 35.4975078 ], [ 133.4687374, 35.4975545 ], [ 133.4688598, 35.4975802 ], [ 133.4689373, 35.4975965 ], [ 133.4691831, 35.4976292 ], [ 133.4694958, 35.4976595 ], [ 133.4701146, 35.4976868 ], [ 133.470584, 35.4977045 ], [ 133.4709067, 35.4977156 ], [ 133.4715231, 35.4977459 ], [ 133.4733228, 35.4978339 ], [ 133.473667, 35.4978567 ], [ 133.474039, 35.4978731 ], [ 133.4743003, 35.4978733 ], [ 133.4746609, 35.4978846 ], [ 133.4749056, 35.4978961 ], [ 133.4750025, 35.4979057 ], [ 133.4750778, 35.4979131 ], [ 133.4752842, 35.4979583 ], [ 133.4757386, 35.4981047 ], [ 133.4762547, 35.498302 ], [ 133.4765094, 35.4984092 ], [ 133.4772047, 35.4986795 ], [ 133.4776314, 35.4988431 ], [ 133.4779275, 35.4989445 ], [ 133.4785842, 35.4992077 ], [ 133.4788469, 35.4993262 ], [ 133.4790558, 35.4994178 ], [ 133.4792432, 35.4995335 ], [ 133.4799764, 35.5 ], [ 133.4817367, 35.5011201 ], [ 133.4820385, 35.5013093 ], [ 133.4824001, 35.5015501 ], [ 133.4828001, 35.5018188 ], [ 133.4833333, 35.5021595 ], [ 133.4837166, 35.5024044 ], [ 133.4844456, 35.5028151 ], [ 133.4849933, 35.5031525 ], [ 133.4853698, 35.5033899 ], [ 133.4859758, 35.503785 ], [ 133.4862256, 35.5039353 ], [ 133.4864244, 35.504055 ], [ 133.4865208, 35.5041225 ], [ 133.4872583, 35.5046017 ], [ 133.4879125, 35.5050245 ], [ 133.4884982, 35.5054132 ], [ 133.4887585, 35.5055798 ], [ 133.4891874, 35.5058525 ], [ 133.4893377, 35.5059514 ], [ 133.4897042, 35.5061967 ], [ 133.4907992, 35.5069067 ], [ 133.4913937, 35.5072902 ], [ 133.4921253, 35.5077723 ], [ 133.4922112, 35.5078289 ], [ 133.4926608, 35.5081252 ], [ 133.4929596, 35.5083333 ], [ 133.4932239, 35.5085175 ], [ 133.4937753, 35.5088781 ], [ 133.4940303, 35.5090414 ], [ 133.4945064, 35.5093739 ], [ 133.4946089, 35.5094364 ], [ 133.494758, 35.5095386 ], [ 133.4951226, 35.509775 ], [ 133.4952959, 35.5098869 ], [ 133.4956951, 35.5101445 ], [ 133.4958289, 35.5102306 ], [ 133.4961803, 35.5104614 ], [ 133.496538, 35.5106976 ], [ 133.4971311, 35.5110981 ], [ 133.4983986, 35.5122197 ], [ 133.4986276, 35.5124219 ], [ 133.4989086, 35.5126706 ], [ 133.49926, 35.5129631 ], [ 133.4995619, 35.5131974 ], [ 133.4997434, 35.5133211 ], [ 133.5, 35.5134736 ], [ 133.5001561, 35.5135664 ], [ 133.5004172, 35.5136847 ], [ 133.5006933, 35.5137522 ], [ 133.5008236, 35.5137793 ], [ 133.5009272, 35.5137972 ], [ 133.5013483, 35.5138372 ], [ 133.5019197, 35.5138314 ], [ 133.5021333, 35.5138031 ], [ 133.5026646, 35.5137012 ], [ 133.5027806, 35.5136778 ], [ 133.5030708, 35.5136172 ], [ 133.5033947, 35.5135547 ], [ 133.5041768, 35.5133778 ], [ 133.5046347, 35.5132742 ], [ 133.5054195, 35.513105 ], [ 133.5058027, 35.513055 ], [ 133.5059369, 35.5130375 ], [ 133.506557, 35.5130142 ], [ 133.5070469, 35.5130113 ], [ 133.5072526, 35.5130142 ], [ 133.5074245, 35.5130142 ], [ 133.5082617, 35.5130692 ], [ 133.5084893, 35.513095 ], [ 133.5091619, 35.5131725 ], [ 133.5096696, 35.5132422 ], [ 133.5099823, 35.5132848 ], [ 133.5104505, 35.5133443 ], [ 133.5108975, 35.5133978 ], [ 133.5121513, 35.5135552 ], [ 133.5128479, 35.5136461 ], [ 133.5131038, 35.513679 ], [ 133.5136369, 35.5137465 ], [ 133.5145923, 35.5138679 ], [ 133.5149075, 35.5139053 ], [ 133.5151689, 35.5139444 ], [ 133.5160673, 35.5140453 ], [ 133.5165827, 35.5140853 ], [ 133.5167475, 35.514097 ], [ 133.5176991, 35.5140911 ], [ 133.5181465, 35.5140911 ], [ 133.5193153, 35.5140572 ], [ 133.5199786, 35.514052 ], [ 133.5201733, 35.514044 ], [ 133.5202848, 35.5140394 ], [ 133.5209586, 35.5140119 ], [ 133.5218971, 35.5139747 ], [ 133.5233018, 35.5139089 ], [ 133.5237757, 35.5139014 ], [ 133.5244883, 35.5138672 ], [ 133.5249471, 35.5138547 ], [ 133.525, 35.5138529 ], [ 133.5255943, 35.5138322 ], [ 133.5259794, 35.5138156 ], [ 133.5264634, 35.5138072 ], [ 133.5271755, 35.5137838 ], [ 133.5273033, 35.5137814 ], [ 133.5284259, 35.5137364 ], [ 133.529214, 35.5137126 ], [ 133.5294369, 35.5137026 ], [ 133.5300729, 35.5136742 ], [ 133.5304336, 35.5136548 ], [ 133.5309955, 35.5136292 ], [ 133.5315264, 35.5136183 ], [ 133.532781, 35.5135792 ], [ 133.5333421, 35.51356 ], [ 133.5335391, 35.5135558 ], [ 133.5339864, 35.5135392 ], [ 133.5348265, 35.5135333 ], [ 133.5360539, 35.5135508 ], [ 133.53635, 35.5135705 ], [ 133.5364602, 35.5135778 ], [ 133.5365564, 35.5135842 ], [ 133.5370038, 35.5136292 ], [ 133.5382028, 35.5138042 ], [ 133.5383313, 35.5138165 ], [ 133.5385402, 35.5138492 ], [ 133.5392578, 35.51399 ], [ 133.5394434, 35.5140241 ], [ 133.5405444, 35.5142322 ], [ 133.540798, 35.5142792 ], [ 133.541025, 35.514322 ], [ 133.54162, 35.514435 ], [ 133.5416795, 35.5144465 ], [ 133.5423786, 35.5145817 ], [ 133.5427304, 35.5146439 ], [ 133.543895, 35.5148525 ], [ 133.5441836, 35.5148975 ], [ 133.5443575, 35.5149308 ], [ 133.5450441, 35.5150626 ], [ 133.54521, 35.5150942 ], [ 133.5453351, 35.5151175 ], [ 133.5462158, 35.5153033 ], [ 133.5464983, 35.5153592 ], [ 133.546953, 35.5154488 ], [ 133.5471756, 35.5155128 ], [ 133.5474109, 35.5155845 ], [ 133.5478422, 35.5157317 ], [ 133.5490196, 35.5161331 ], [ 133.549205, 35.5161985 ], [ 133.5500343, 35.5164911 ], [ 133.5504512, 35.5166667 ], [ 133.5507292, 35.5167837 ], [ 133.5511105, 35.5169569 ], [ 133.5514489, 35.5171107 ], [ 133.5520961, 35.5174538 ], [ 133.5523002, 35.517562 ], [ 133.5529892, 35.5179171 ], [ 133.553363, 35.5181214 ], [ 133.5536006, 35.5182397 ], [ 133.5538444, 35.5183622 ], [ 133.5547233, 35.5188827 ], [ 133.5551669, 35.5191455 ], [ 133.5556631, 35.5194839 ], [ 133.555765, 35.5195452 ], [ 133.5561595, 35.5197822 ], [ 133.5564344, 35.5199181 ], [ 133.5571902, 35.5202468 ], [ 133.557568, 35.5203839 ], [ 133.5577919, 35.5204472 ], [ 133.5583291, 35.5205656 ], [ 133.5584053, 35.5205772 ], [ 133.5585017, 35.5205997 ], [ 133.5587767, 35.5206331 ], [ 133.5605142, 35.5206106 ], [ 133.5610725, 35.5205914 ], [ 133.5633725, 35.5205206 ], [ 133.5634479, 35.5205144 ], [ 133.56402, 35.520498 ], [ 133.5647769, 35.5204844 ], [ 133.5658023, 35.5204592 ], [ 133.5661072, 35.5204867 ], [ 133.5664873, 35.5205325 ], [ 133.5666667, 35.5205663 ], [ 133.5667836, 35.5205883 ], [ 133.5669897, 35.520645 ], [ 133.5673347, 35.5207633 ], [ 133.5681269, 35.5210508 ], [ 133.5682095, 35.5210784 ], [ 133.5693793, 35.5214976 ], [ 133.5703383, 35.5218392 ], [ 133.5708756, 35.5220425 ], [ 133.5716817, 35.522335 ], [ 133.5722556, 35.5225392 ], [ 133.5727681, 35.5227013 ], [ 133.5732066, 35.5228331 ], [ 133.5733409, 35.5228734 ], [ 133.5736103, 35.522955 ], [ 133.5744254, 35.523171 ], [ 133.5745203, 35.5231975 ], [ 133.575, 35.5233301 ], [ 133.575193, 35.5233834 ], [ 133.5755011, 35.5234742 ], [ 133.5764211, 35.5237308 ], [ 133.5777733, 35.5241142 ], [ 133.5780996, 35.5242093 ], [ 133.5788469, 35.5244424 ], [ 133.5791497, 35.5245333 ], [ 133.5798219, 35.5247525 ], [ 133.5801971, 35.5248484 ], [ 133.5808594, 35.5249725 ], [ 133.5810623, 35.525 ], [ 133.5810931, 35.5250042 ], [ 133.5813823, 35.525027 ], [ 133.5817555, 35.5250461 ], [ 133.5823817, 35.5250294 ], [ 133.5826778, 35.525 ], [ 133.5829766, 35.5249703 ], [ 133.5832352, 35.5249328 ], [ 133.5833374, 35.5249174 ], [ 133.583456, 35.5248995 ], [ 133.5840419, 35.5248094 ], [ 133.5843099, 35.5247703 ], [ 133.5848943, 35.5246777 ], [ 133.5853371, 35.5246126 ], [ 133.5861775, 35.5244939 ], [ 133.5877868, 35.5242506 ], [ 133.5889775, 35.5241002 ], [ 133.589781, 35.5239925 ], [ 133.5906625, 35.5238595 ], [ 133.5909385, 35.5238183 ], [ 133.592153, 35.5236679 ], [ 133.5924367, 35.5236308 ], [ 133.5927137, 35.523575 ], [ 133.5931956, 35.5234767 ], [ 133.5935313, 35.523384 ], [ 133.5939955, 35.5232559 ], [ 133.5942864, 35.5231761 ], [ 133.5945073, 35.5231083 ], [ 133.5950304, 35.5229502 ], [ 133.5952929, 35.5228661 ], [ 133.5964011, 35.5225453 ], [ 133.5968336, 35.5224152 ], [ 133.5971325, 35.5223314 ], [ 133.5982728, 35.5219917 ], [ 133.5990007, 35.5217682 ], [ 133.5992766, 35.5216836 ], [ 133.5998638, 35.5215051 ], [ 133.6002734, 35.5213897 ], [ 133.6011122, 35.5211239 ], [ 133.6016381, 35.5209567 ], [ 133.6021753, 35.5207876 ], [ 133.6026892, 35.5206331 ], [ 133.6030842, 35.5205058 ], [ 133.6051589, 35.5198803 ], [ 133.6056753, 35.5197227 ], [ 133.6059779, 35.5196259 ], [ 133.6060938, 35.5195896 ], [ 133.6068733, 35.5193452 ], [ 133.6069788, 35.519315 ], [ 133.6073394, 35.5192767 ], [ 133.6075785, 35.5192555 ], [ 133.6079063, 35.5192467 ], [ 133.6083237, 35.5192328 ], [ 133.6083333, 35.5192323 ], [ 133.6088924, 35.5192047 ], [ 133.609008, 35.5191979 ], [ 133.60946, 35.5191712 ], [ 133.6098508, 35.5191481 ], [ 133.6101395, 35.5191372 ], [ 133.6103744, 35.5191197 ], [ 133.6107392, 35.5191089 ], [ 133.611135, 35.5190882 ], [ 133.6112015, 35.519084 ], [ 133.6117595, 35.5190514 ], [ 133.6121244, 35.5190297 ], [ 133.6126758, 35.5190072 ], [ 133.6138605, 35.5189397 ], [ 133.6142743, 35.5189231 ], [ 133.6157008, 35.5188436 ], [ 133.6166364, 35.5187936 ], [ 133.6189452, 35.5186682 ], [ 133.6196721, 35.518635 ], [ 133.6203346, 35.5185943 ], [ 133.6205713, 35.5185837 ], [ 133.6230108, 35.5184495 ], [ 133.6235846, 35.5184211 ], [ 133.624238, 35.5183869 ], [ 133.625, 35.5183445 ], [ 133.6254505, 35.5183195 ], [ 133.6261057, 35.518297 ], [ 133.6266017, 35.5182636 ], [ 133.6276342, 35.5182067 ], [ 133.6294213, 35.5181122 ], [ 133.6312389, 35.5180092 ], [ 133.6314433, 35.5179963 ], [ 133.6327828, 35.517925 ], [ 133.6329553, 35.5179083 ], [ 133.633253, 35.5178528 ], [ 133.633745, 35.517665 ], [ 133.6355812, 35.5170549 ], [ 133.6363867, 35.5167925 ], [ 133.6367606, 35.5166667 ], [ 133.6377092, 35.5163475 ], [ 133.6380681, 35.5162342 ], [ 133.6383578, 35.5161383 ], [ 133.6387301, 35.5160008 ], [ 133.6388591, 35.5159514 ], [ 133.6389506, 35.51593 ], [ 133.6396117, 35.5156484 ], [ 133.6398667, 35.5155467 ], [ 133.6401767, 35.51535 ], [ 133.6404332, 35.5151298 ], [ 133.6410596, 35.5145869 ], [ 133.6412106, 35.5144595 ], [ 133.6414014, 35.5142783 ], [ 133.6416667, 35.5139972 ], [ 133.6417731, 35.5138844 ], [ 133.6419756, 35.5136878 ], [ 133.6424001, 35.5132444 ], [ 133.6429403, 35.5126853 ], [ 133.6432706, 35.5123744 ], [ 133.6435606, 35.5121377 ], [ 133.6437177, 35.5120328 ], [ 133.6437946, 35.5119904 ], [ 133.6438842, 35.5119411 ], [ 133.6441695, 35.5118138 ], [ 133.6443392, 35.5117386 ], [ 133.6447321, 35.5116143 ], [ 133.6452204, 35.5114845 ], [ 133.6458679, 35.5112986 ], [ 133.6459869, 35.511259 ], [ 133.6475657, 35.5108015 ], [ 133.6489217, 35.5104086 ], [ 133.6495386, 35.5102344 ], [ 133.6499788, 35.5101074 ], [ 133.651739, 35.5096117 ], [ 133.6529387, 35.5092508 ], [ 133.6532116, 35.5091467 ], [ 133.6539019, 35.5089572 ], [ 133.6541572, 35.508887 ], [ 133.6549819, 35.5086467 ], [ 133.655144, 35.5085995 ], [ 133.6560602, 35.5083333 ], [ 133.6561147, 35.5083175 ], [ 133.656733, 35.5081379 ], [ 133.6572645, 35.507985 ], [ 133.6588857, 35.5075229 ], [ 133.6598492, 35.5072417 ], [ 133.6603864, 35.507095 ], [ 133.6611376, 35.5068751 ], [ 133.6615912, 35.5067509 ], [ 133.66275, 35.5064183 ], [ 133.6637139, 35.5061367 ], [ 133.6648797, 35.5058043 ], [ 133.6655125, 35.5056183 ], [ 133.6662038, 35.5054151 ], [ 133.6666667, 35.505283 ], [ 133.6668348, 35.505235 ], [ 133.6674113, 35.5051023 ], [ 133.6677434, 35.5050206 ], [ 133.66787, 35.5049937 ], [ 133.6683647, 35.5048689 ], [ 133.6688883, 35.5047614 ], [ 133.6694806, 35.5046656 ], [ 133.6698254, 35.5046264 ], [ 133.670167, 35.5045864 ], [ 133.6705472, 35.5045695 ], [ 133.6714044, 35.5045306 ], [ 133.6721527, 35.5045205 ], [ 133.6722631, 35.504516 ], [ 133.6724641, 35.5045022 ], [ 133.6726366, 35.5044747 ], [ 133.6728908, 35.5044225 ], [ 133.6731542, 35.5043614 ], [ 133.6735407, 35.5042514 ], [ 133.6736493, 35.5042218 ], [ 133.6737802, 35.5041873 ], [ 133.6746078, 35.5039222 ], [ 133.67507, 35.5037574 ], [ 133.67529, 35.5037139 ], [ 133.67549, 35.5036964 ], [ 133.6757906, 35.5036872 ], [ 133.6760828, 35.5036964 ], [ 133.6762258, 35.5037092 ], [ 133.6772194, 35.5037978 ], [ 133.6781486, 35.5038828 ], [ 133.6782786, 35.5038955 ], [ 133.6787482, 35.5039333 ], [ 133.6789664, 35.5039564 ], [ 133.6808277, 35.504075 ], [ 133.6809617, 35.5040947 ], [ 133.6816498, 35.5041361 ], [ 133.6822497, 35.5041692 ], [ 133.6825947, 35.5041781 ], [ 133.6829306, 35.5041583 ], [ 133.6838992, 35.5040841 ], [ 133.6843767, 35.5040475 ], [ 133.6852726, 35.5039783 ], [ 133.6862378, 35.50391 ], [ 133.6870653, 35.5038542 ], [ 133.6874167, 35.50382 ], [ 133.6885868, 35.5038008 ], [ 133.6900127, 35.5037972 ], [ 133.6907824, 35.5037864 ], [ 133.6916115, 35.503773 ], [ 133.6921714, 35.5037639 ], [ 133.6935816, 35.5037531 ], [ 133.69839, 35.5037411 ], [ 133.6994044, 35.5037411 ], [ 133.7, 35.5037443 ], [ 133.7012529, 35.5037511 ], [ 133.7029874, 35.5037353 ], [ 133.7037731, 35.5037295 ], [ 133.7039519, 35.5037178 ], [ 133.7044828, 35.5036503 ], [ 133.7047195, 35.5036175 ], [ 133.7050477, 35.503572 ], [ 133.7073606, 35.5032853 ], [ 133.7083432, 35.5031521 ], [ 133.7084472, 35.5031381 ], [ 133.709304, 35.5030354 ], [ 133.70957, 35.5029856 ], [ 133.710045, 35.5028955 ], [ 133.7101961, 35.5028564 ], [ 133.7117894, 35.5022938 ], [ 133.7119208, 35.5022417 ], [ 133.7120902, 35.5021857 ], [ 133.7125022, 35.502045 ], [ 133.7130183, 35.5018808 ], [ 133.7131334, 35.5018402 ], [ 133.7140781, 35.50151 ], [ 133.7144294, 35.5013742 ], [ 133.7147272, 35.5012638 ], [ 133.7149594, 35.5011775 ], [ 133.7157642, 35.5008841 ], [ 133.7159442, 35.5008111 ], [ 133.716016, 35.5007835 ], [ 133.7175637, 35.5001622 ], [ 133.7186131, 35.4997984 ], [ 133.7192176, 35.500018 ], [ 133.7201579, 35.5002721 ], [ 133.720989, 35.5005467 ], [ 133.7225674, 35.5010204 ], [ 133.7236168, 35.5013362 ], [ 133.7244166, 35.5015611 ], [ 133.7244856, 35.5015836 ], [ 133.7249466, 35.5016736 ], [ 133.7254967, 35.5017353 ], [ 133.7257577, 35.501747 ], [ 133.7259928, 35.5017694 ], [ 133.7268464, 35.5017694 ], [ 133.7271278, 35.5017694 ], [ 133.7278854, 35.5017578 ], [ 133.7283678, 35.5017411 ], [ 133.7290139, 35.5017128 ], [ 133.7295514, 35.5016678 ], [ 133.7298674, 35.5016388 ], [ 133.7304464, 35.5015894 ], [ 133.7311688, 35.5015153 ], [ 133.7324427, 35.5013919 ], [ 133.7332611, 35.501307 ], [ 133.733385, 35.501302 ], [ 133.7336675, 35.5012678 ], [ 133.7339225, 35.5012561 ], [ 133.7342386, 35.5012228 ], [ 133.7348161, 35.5011603 ], [ 133.7356716, 35.5010818 ], [ 133.7360072, 35.5010536 ], [ 133.7364483, 35.5010086 ], [ 133.7371848, 35.5009294 ], [ 133.7378247, 35.5008736 ], [ 133.7380659, 35.5008511 ], [ 133.7385278, 35.5008002 ], [ 133.7387747, 35.500772 ], [ 133.7398757, 35.5006645 ], [ 133.7407704, 35.5005861 ], [ 133.7412244, 35.5005414 ], [ 133.7416667, 35.5005077 ], [ 133.7420444, 35.5004789 ], [ 133.7435381, 35.5003664 ], [ 133.7441506, 35.5003097 ], [ 133.7445977, 35.5002872 ], [ 133.7456168, 35.5002255 ], [ 133.7473303, 35.5001556 ], [ 133.7481769, 35.5001131 ], [ 133.75, 35.5000302 ], [ 133.7502267, 35.5000199 ], [ 133.7506163, 35.4999978 ], [ 133.7531797, 35.4999346 ], [ 133.7537744, 35.4999278 ], [ 133.7545266, 35.4999048 ], [ 133.7561334, 35.4998502 ], [ 133.7566113, 35.4998381 ], [ 133.757663, 35.4997856 ], [ 133.7579199, 35.4997674 ], [ 133.7583877, 35.4997407 ], [ 133.7597692, 35.4996619 ], [ 133.7625216, 35.4995149 ], [ 133.7648231, 35.4993131 ], [ 133.7652486, 35.4992752 ], [ 133.7666209, 35.4991602 ], [ 133.7672917, 35.499104 ], [ 133.7695091, 35.4988927 ], [ 133.7710948, 35.498752 ], [ 133.7719075, 35.4986854 ], [ 133.7730315, 35.4985758 ], [ 133.7739255, 35.498511 ], [ 133.774429, 35.4984852 ], [ 133.775, 35.4984562 ], [ 133.7752155, 35.4984453 ], [ 133.7765478, 35.4983893 ], [ 133.7773303, 35.4983506 ], [ 133.7782887, 35.4983142 ], [ 133.7801317, 35.4982983 ], [ 133.7813992, 35.4982869 ], [ 133.7831732, 35.4982527 ], [ 133.7835714, 35.4982482 ], [ 133.7843086, 35.4982618 ], [ 133.7853576, 35.4983103 ], [ 133.7859811, 35.4983314 ], [ 133.7866718, 35.4983462 ], [ 133.7878471, 35.4983929 ], [ 133.7889951, 35.4984456 ], [ 133.7904812, 35.4984569 ], [ 133.7905797, 35.4984576 ], [ 133.7916883, 35.4984395 ], [ 133.7919481, 35.4984353 ], [ 133.7939345, 35.4984241 ], [ 133.7955847, 35.4984599 ], [ 133.7963728, 35.498469 ], [ 133.7983935, 35.4984934 ], [ 133.8, 35.4985184 ], [ 133.800972, 35.4985336 ], [ 133.8020374, 35.4985537 ], [ 133.8052052, 35.4985764 ], [ 133.8074892, 35.4986489 ], [ 133.8082612, 35.4986614 ], [ 133.8096635, 35.4986841 ], [ 133.8118901, 35.4987022 ], [ 133.8129999, 35.4987086 ], [ 133.8149919, 35.4986848 ], [ 133.8152103, 35.4986821 ], [ 133.815455, 35.498678 ], [ 133.8166667, 35.4986313 ], [ 133.8170999, 35.4986146 ], [ 133.8191487, 35.4985188 ], [ 133.8202016, 35.4984537 ], [ 133.8208258, 35.4983786 ], [ 133.8211008, 35.4983445 ], [ 133.8217469, 35.4982711 ], [ 133.8227044, 35.4981586 ], [ 133.8232504, 35.4980931 ], [ 133.8249026, 35.4978884 ], [ 133.8250235, 35.4978732 ], [ 133.8258426, 35.4977706 ], [ 133.8270828, 35.4976239 ], [ 133.8293367, 35.4972977 ], [ 133.8309685, 35.4970732 ], [ 133.832239, 35.4969008 ], [ 133.832817, 35.4968237 ], [ 133.8334745, 35.4967372 ], [ 133.8347912, 35.496564 ], [ 133.8365119, 35.4963333 ], [ 133.8369441, 35.4962802 ], [ 133.8390734, 35.4960174 ], [ 133.8405117, 35.4958547 ], [ 133.8408885, 35.4958133 ], [ 133.8411014, 35.49579 ], [ 133.8417165, 35.4957133 ], [ 133.842071, 35.4956764 ], [ 133.8427389, 35.4956065 ], [ 133.8430172, 35.4955783 ], [ 133.8433961, 35.4955392 ], [ 133.8438297, 35.4954825 ], [ 133.8440873, 35.495465 ], [ 133.8446648, 35.4954117 ], [ 133.8447798, 35.4954042 ], [ 133.845502, 35.4953475 ], [ 133.8461557, 35.4953025 ], [ 133.8471608, 35.4952575 ], [ 133.8479181, 35.4952461 ], [ 133.8497843, 35.4951903 ], [ 133.85, 35.4951868 ], [ 133.8511736, 35.4951678 ], [ 133.8526586, 35.4951586 ], [ 133.8536441, 35.4951479 ], [ 133.8537572, 35.4951467 ], [ 133.8540263, 35.4951405 ], [ 133.854265, 35.4951278 ], [ 133.8544501, 35.4951278 ], [ 133.8556554, 35.4951278 ], [ 133.8561223, 35.4951278 ], [ 133.8571209, 35.4951445 ], [ 133.8572556, 35.4951422 ], [ 133.8573852, 35.4951443 ], [ 133.8576668, 35.4951463 ], [ 133.8579403, 35.4951508 ], [ 133.858195, 35.4951605 ], [ 133.8583333, 35.4951689 ], [ 133.8585422, 35.4951817 ], [ 133.8587013, 35.4951914 ], [ 133.8611201, 35.4954915 ], [ 133.8618815, 35.495576 ], [ 133.8637766, 35.4957793 ], [ 133.866102, 35.495977 ], [ 133.8674586, 35.4961401 ], [ 133.871548, 35.496632 ], [ 133.8731949, 35.4968492 ], [ 133.873565, 35.496898 ], [ 133.876005, 35.497191 ], [ 133.877811, 35.497397 ], [ 133.878909, 35.497497 ], [ 133.879926, 35.497544 ], [ 133.881072, 35.497577 ], [ 133.881683, 35.497537 ], [ 133.882553, 35.497464 ], [ 133.883879, 35.497251 ], [ 133.885082, 35.497011 ], [ 133.88548, 35.496917 ], [ 133.88633, 35.496742 ], [ 133.887455, 35.496483 ], [ 133.888642, 35.496217 ], [ 133.889355, 35.496092 ], [ 133.890179, 35.495958 ], [ 133.890729, 35.495875 ], [ 133.891029, 35.49585 ], [ 133.891642, 35.495825 ], [ 133.892967, 35.495775 ], [ 133.893954, 35.495784 ], [ 133.895502, 35.495874 ], [ 133.897179, 35.496067 ], [ 133.899943, 35.496473 ], [ 133.901781, 35.496812 ], [ 133.903432, 35.497145 ], [ 133.905034, 35.49751 ], [ 133.905994, 35.497803 ], [ 133.906897, 35.498122 ], [ 133.908231, 35.498668 ], [ 133.908938, 35.499007 ], [ 133.909557, 35.499319 ], [ 133.910272, 35.499758 ], [ 133.910874, 35.500211 ], [ 133.91159, 35.50071 ], [ 133.912395, 35.501348 ], [ 133.913534, 35.502279 ], [ 133.914095, 35.502765 ], [ 133.914957, 35.503463 ], [ 133.915478, 35.503829 ], [ 133.915852, 35.504108 ], [ 133.916589, 35.504583 ], [ 133.916876, 35.504741 ], [ 133.918101, 35.505425 ], [ 133.91948, 35.506004 ], [ 133.920057, 35.506183 ], [ 133.920846, 35.506443 ], [ 133.9217, 35.506656 ], [ 133.922229, 35.506782 ], [ 133.923075, 35.506962 ], [ 133.923864, 35.507095 ], [ 133.924197, 35.507141 ], [ 133.925173, 35.507201 ], [ 133.926035, 35.507241 ], [ 133.926889, 35.507234 ], [ 133.927939, 35.507201 ], [ 133.929047, 35.507103 ], [ 133.929832, 35.50701 ], [ 133.930979, 35.506837 ], [ 133.931841, 35.506731 ], [ 133.933215, 35.506571 ], [ 133.93465, 35.506442 ], [ 133.93555, 35.506342 ], [ 133.9364, 35.50625 ], [ 133.937462, 35.506125 ], [ 133.938604, 35.505989 ], [ 133.939031, 35.505946 ], [ 133.93958, 35.505902 ], [ 133.940214, 35.505856 ], [ 133.940796, 35.505839 ], [ 133.941142, 35.505836 ], [ 133.941565, 35.505849 ], [ 133.942842, 35.505936 ], [ 133.943631, 35.506006 ], [ 133.944383, 35.506092 ], [ 133.945335, 35.506185 ], [ 133.946038, 35.506308 ], [ 133.946957, 35.506498 ], [ 133.948303, 35.506697 ], [ 133.948901, 35.50679 ], [ 133.949251, 35.50684 ], [ 133.949723, 35.506947 ], [ 133.950178, 35.507086 ], [ 133.950731, 35.507312 ], [ 133.951048, 35.50745 ], [ 133.952232, 35.508014 ], [ 133.952879, 35.508387 ], [ 133.953659, 35.508895 ], [ 133.954351, 35.509398 ], [ 133.95501, 35.51 ], [ 133.955685, 35.510651 ], [ 133.956567, 35.511469 ], [ 133.957254, 35.512071 ], [ 133.958015, 35.51277 ], [ 133.958662, 35.513412 ], [ 133.959178, 35.513847 ], [ 133.959707, 35.514233 ], [ 133.96037, 35.514695 ], [ 133.961179, 35.515211 ], [ 133.961616, 35.515475 ], [ 133.962153, 35.515715 ], [ 133.962759, 35.515997 ], [ 133.963495, 35.516307 ], [ 133.964396, 35.516607 ], [ 133.965055, 35.516814 ], [ 133.965469, 35.516953 ], [ 133.96597, 35.517086 ], [ 133.966401, 35.517176 ], [ 133.967633, 35.517419 ], [ 133.968154, 35.517515 ], [ 133.968918, 35.517605 ], [ 133.96954, 35.517668 ], [ 133.970272, 35.517695 ], [ 133.970788, 35.517699 ], [ 133.971147, 35.517702 ], [ 133.972414, 35.517627 ], [ 133.972987, 35.51756 ], [ 133.973642, 35.517467 ], [ 133.974563, 35.517322 ], [ 133.975409, 35.517146 ], [ 133.97608, 35.516997 ], [ 133.977926, 35.516524 ], [ 133.978817, 35.516272 ], [ 133.979805, 35.516002 ], [ 133.9812, 35.5156 ], [ 133.984783, 35.514652 ], [ 133.985576, 35.514466 ], [ 133.986641, 35.51419 ], [ 133.987451, 35.514007 ], [ 133.988264, 35.513784 ], [ 133.989, 35.513588 ], [ 133.99035, 35.513275 ], [ 133.990769, 35.513202 ], [ 133.991452, 35.513116 ], [ 133.991985, 35.513056 ], [ 133.992542, 35.513009 ], [ 133.993327, 35.512963 ], [ 133.994002, 35.512939 ], [ 133.994779, 35.512933 ], [ 133.996085, 35.512916 ], [ 133.997, 35.512906 ], [ 133.998057, 35.512906 ], [ 133.999062, 35.512883 ], [ 133.999598, 35.51285 ], [ 134.000046, 35.51282 ], [ 134.000517, 35.512763 ], [ 134.001103, 35.512667 ], [ 134.0018061, 35.5125832 ], [ 134.0029484, 35.5123799 ], [ 134.0034591, 35.5123552 ], [ 134.004752, 35.512384 ], [ 134.005281, 35.51238 ], [ 134.005647, 35.512333 ], [ 134.006798, 35.512118 ], [ 134.008221, 35.51193 ], [ 134.008892, 35.511894 ], [ 134.009786, 35.511893 ], [ 134.010629, 35.511983 ], [ 134.012979, 35.512417 ], [ 134.016585, 35.513094 ], [ 134.017812, 35.513379 ], [ 134.018581, 35.513659 ], [ 134.020156, 35.514335 ], [ 134.02232, 35.515317 ], [ 134.023178, 35.51579 ], [ 134.023752, 35.51621 ], [ 134.024274, 35.516788 ], [ 134.025003, 35.517842 ], [ 134.025273, 35.518202 ], [ 134.0255914, 35.5183789 ], [ 134.0258719, 35.518489 ], [ 134.0259956, 35.5185124 ], [ 134.026158, 35.518524 ], [ 134.0262911, 35.5185253 ], [ 134.0263959, 35.5185193 ], [ 134.0265458, 35.5185054 ], [ 134.0269008, 35.5184589 ], [ 134.02728, 35.5183989 ], [ 134.0288272, 35.518192 ], [ 134.0294826, 35.5181053 ], [ 134.0297905, 35.5180715 ], [ 134.0300536, 35.5180486 ], [ 134.0311179, 35.5178831 ], [ 134.0325923, 35.5176722 ], [ 134.0329953, 35.51763 ], [ 134.0332861, 35.5176156 ], [ 134.0335532, 35.5176119 ], [ 134.0340276, 35.5176325 ], [ 134.0364685, 35.5176934 ], [ 134.0372782, 35.5177116 ], [ 134.0383744, 35.5177364 ], [ 134.0397697, 35.5177994 ], [ 134.0435331, 35.517872 ], [ 134.044657, 35.5179016 ], [ 134.045099, 35.517906 ], [ 134.04553, 35.5179178 ], [ 134.0478812, 35.5179771 ], [ 134.0499347, 35.5180289 ], [ 134.0502769, 35.5180367 ], [ 134.0528476, 35.5180983 ], [ 134.0544769, 35.5181333 ], [ 134.0547883, 35.5181506 ], [ 134.0551314, 35.5181806 ], [ 134.0560186, 35.5183093 ], [ 134.0569081, 35.5184368 ], [ 134.0576865, 35.5185472 ], [ 134.0582898, 35.5186362 ], [ 134.059043, 35.5187477 ], [ 134.0594302, 35.5188038 ], [ 134.0605214, 35.5189617 ], [ 134.060565, 35.5189658 ], [ 134.0608272, 35.5189908 ], [ 134.0611006, 35.5189964 ], [ 134.0613454, 35.5189891 ], [ 134.061465, 35.5189856 ], [ 134.0617714, 35.5189533 ], [ 134.0620706, 35.5189081 ], [ 134.0623694, 35.5188483 ], [ 134.0626175, 35.5187828 ], [ 134.0629717, 35.5186556 ], [ 134.0632784, 35.5185241 ], [ 134.0638581, 35.5182283 ], [ 134.0644742, 35.5179317 ], [ 134.0650321, 35.5176877 ], [ 134.0655589, 35.5174742 ], [ 134.06598, 35.5173271 ], [ 134.0663703, 35.5171969 ], [ 134.0667011, 35.5170983 ], [ 134.0669343, 35.5170288 ], [ 134.0674405, 35.5168916 ], [ 134.0683749, 35.5166667 ], [ 134.0685597, 35.5166223 ], [ 134.0694641, 35.5163893 ], [ 134.070962, 35.516071 ], [ 134.071645, 35.5159604 ], [ 134.0719209, 35.5159658 ], [ 134.0719761, 35.5159776 ], [ 134.0721754, 35.5159998 ], [ 134.0727757, 35.5160982 ], [ 134.0730056, 35.5161322 ], [ 134.0739951, 35.516397 ], [ 134.0749715, 35.5166284 ], [ 134.0751332, 35.5166667 ], [ 134.0760838, 35.5168919 ], [ 134.0772614, 35.5172067 ], [ 134.0775328, 35.5172925 ], [ 134.0778708, 35.5174244 ], [ 134.0782625, 35.5175753 ], [ 134.0785653, 35.5177103 ], [ 134.0790481, 35.5178794 ], [ 134.0791555, 35.5179078 ], [ 134.0800313, 35.5180473 ], [ 134.0810294, 35.5182186 ], [ 134.0811042, 35.5182329 ], [ 134.0817962, 35.5183653 ], [ 134.0823101, 35.5184756 ], [ 134.0824994, 35.5185261 ], [ 134.082615, 35.5185836 ], [ 134.0827333, 35.5186661 ], [ 134.0829766, 35.5188697 ], [ 134.0833333, 35.5192039 ], [ 134.0844998, 35.5202966 ], [ 134.0847134, 35.5204233 ], [ 134.0849886, 35.5205864 ], [ 134.0866611, 35.5216061 ], [ 134.0871644, 35.5218853 ], [ 134.0877022, 35.5221625 ], [ 134.0879878, 35.5222933 ], [ 134.0882969, 35.5224117 ], [ 134.0887967, 35.5225657 ], [ 134.0894775, 35.5227567 ], [ 134.0900077, 35.5228894 ], [ 134.0905822, 35.5229975 ], [ 134.0910905, 35.5230642 ], [ 134.0916567, 35.5231264 ], [ 134.0922644, 35.5231803 ], [ 134.0928286, 35.5232053 ], [ 134.0934657, 35.5232023 ], [ 134.0937248, 35.5232011 ], [ 134.0939375, 35.5231929 ], [ 134.0941599, 35.5231844 ], [ 134.0943753, 35.5231761 ], [ 134.0947158, 35.5231514 ], [ 134.0950278, 35.5231147 ], [ 134.0953294, 35.523057 ], [ 134.0961406, 35.5228478 ], [ 134.0963753, 35.5227808 ], [ 134.0966128, 35.522707 ], [ 134.0973905, 35.5224486 ], [ 134.0976649, 35.5223678 ], [ 134.0980178, 35.5222633 ], [ 134.0990736, 35.5219182 ], [ 134.0994471, 35.5217961 ], [ 134.0997311, 35.5217042 ], [ 134.1, 35.5216244 ], [ 134.1003642, 35.5215164 ], [ 134.1010606, 35.52131 ], [ 134.1018388, 35.5210511 ], [ 134.1021048, 35.5209701 ], [ 134.1027524, 35.5207892 ], [ 134.1030345, 35.5207341 ], [ 134.1033231, 35.5207022 ], [ 134.1036047, 35.5206947 ], [ 134.1038878, 35.5207086 ], [ 134.1041375, 35.520755 ], [ 134.1044131, 35.5208339 ], [ 134.1047083, 35.52094 ], [ 134.1050347, 35.5210772 ], [ 134.1057483, 35.52141 ], [ 134.106448, 35.5217433 ], [ 134.1065964, 35.5218137 ], [ 134.1071078, 35.5220833 ], [ 134.1072744, 35.5221931 ], [ 134.1075144, 35.5223933 ], [ 134.1079969, 35.5228214 ], [ 134.1081456, 35.5229553 ], [ 134.1082956, 35.5231228 ], [ 134.1083333, 35.5231787 ], [ 134.1085494, 35.5234983 ], [ 134.1087683, 35.5237347 ], [ 134.1092133, 35.5241223 ], [ 134.1094441, 35.5242419 ], [ 134.1099397, 35.5244747 ], [ 134.111134, 35.525 ], [ 134.1115049, 35.5251631 ], [ 134.1122119, 35.5254517 ], [ 134.112886, 35.5257486 ], [ 134.1130655, 35.5258167 ], [ 134.1133442, 35.5258925 ], [ 134.1135305, 35.525917 ], [ 134.1137494, 35.5259133 ], [ 134.1140167, 35.5258811 ], [ 134.1144106, 35.5258025 ], [ 134.1148049, 35.5257344 ], [ 134.1150505, 35.5256888 ], [ 134.1153081, 35.5256378 ], [ 134.1155574, 35.5255947 ], [ 134.1158296, 35.5255561 ], [ 134.1161333, 35.5255286 ], [ 134.1163834, 35.5255175 ], [ 134.1166587, 35.5255206 ], [ 134.1169158, 35.5255422 ], [ 134.1171828, 35.5255836 ], [ 134.117473, 35.5256361 ], [ 134.1179749, 35.5257628 ], [ 134.1184561, 35.5258956 ], [ 134.1188075, 35.5259839 ], [ 134.1191162, 35.526064 ], [ 134.1196796, 35.5262102 ], [ 134.1200978, 35.5263125 ], [ 134.1201815, 35.5263283 ], [ 134.1202979, 35.5263355 ], [ 134.12042, 35.526332 ], [ 134.1206395, 35.5263036 ], [ 134.1207844, 35.5262683 ], [ 134.1210844, 35.5261774 ], [ 134.121384, 35.5260908 ], [ 134.1215073, 35.5260676 ], [ 134.1216474, 35.5260528 ], [ 134.1222431, 35.5260163 ], [ 134.1224345, 35.5260164 ], [ 134.1226763, 35.5260509 ], [ 134.1235046, 35.5261682 ], [ 134.1238657, 35.5262194 ], [ 134.1243509, 35.5262912 ], [ 134.1244936, 35.5263111 ], [ 134.125, 35.5264013 ], [ 134.1252057, 35.526438 ], [ 134.1253481, 35.5264633 ], [ 134.1263333, 35.5266436 ], [ 134.1277868, 35.5268635 ], [ 134.1284837, 35.526965 ], [ 134.1288144, 35.52701 ], [ 134.1294757, 35.5271103 ], [ 134.1303167, 35.52723 ], [ 134.1304336, 35.5272411 ], [ 134.1307219, 35.5272525 ], [ 134.1310139, 35.5272347 ], [ 134.1313351, 35.5271989 ], [ 134.1322092, 35.5270625 ], [ 134.1327633, 35.5270061 ], [ 134.1333305, 35.5270212 ], [ 134.1337004, 35.5270381 ], [ 134.1349011, 35.5270722 ], [ 134.1356295, 35.5270889 ], [ 134.1362014, 35.5270664 ], [ 134.1366494, 35.527027 ], [ 134.1369025, 35.5269947 ], [ 134.1370922, 35.5269528 ], [ 134.1373415, 35.5268554 ], [ 134.1375971, 35.5267613 ], [ 134.1376373, 35.5267463 ], [ 134.1379525, 35.5266784 ], [ 134.1384273, 35.5267066 ], [ 134.1388197, 35.5268481 ], [ 134.13936, 35.5270491 ], [ 134.1401045, 35.5273245 ], [ 134.1401548, 35.5273432 ], [ 134.1407011, 35.5275453 ], [ 134.1411214, 35.5276806 ], [ 134.1412513, 35.5277176 ], [ 134.1414847, 35.5277845 ], [ 134.1416667, 35.5278199 ], [ 134.1419433, 35.5278739 ], [ 134.142265, 35.527913 ], [ 134.1427181, 35.5279667 ], [ 134.1431988, 35.5280064 ], [ 134.1437539, 35.5280525 ], [ 134.1441302, 35.5280775 ], [ 134.1442405, 35.5280849 ], [ 134.1446014, 35.5281089 ], [ 134.1450937, 35.5281363 ], [ 134.1464872, 35.5281425 ], [ 134.1467092, 35.5281428 ], [ 134.1472347, 35.5281247 ], [ 134.1481967, 35.5280714 ], [ 134.1488738, 35.5280358 ], [ 134.1496861, 35.5279809 ], [ 134.1500179, 35.5279546 ], [ 134.1502309, 35.5279345 ], [ 134.150941, 35.5278656 ], [ 134.1524662, 35.5276967 ], [ 134.1545751, 35.5274448 ], [ 134.1554342, 35.5273372 ], [ 134.1561439, 35.5272528 ], [ 134.1567088, 35.5271853 ], [ 134.1574581, 35.5270504 ], [ 134.1581561, 35.5269147 ], [ 134.1585349, 35.5268303 ], [ 134.1590361, 35.5266901 ], [ 134.1595275, 35.5265203 ], [ 134.1603197, 35.5262103 ], [ 134.1606223, 35.526087 ], [ 134.1617548, 35.5256116 ], [ 134.1632096, 35.525 ], [ 134.1639254, 35.5246991 ], [ 134.1642125, 35.5245675 ], [ 134.1653019, 35.5240467 ], [ 134.165805, 35.5238158 ], [ 134.1660868, 35.523685 ], [ 134.166315, 35.5235792 ], [ 134.1666667, 35.523428 ], [ 134.1668525, 35.5233481 ], [ 134.167314, 35.5231959 ], [ 134.1678106, 35.5230775 ], [ 134.1682514, 35.5229875 ], [ 134.1686692, 35.5229225 ], [ 134.1689819, 35.5228917 ], [ 134.16923, 35.5228806 ], [ 134.1697467, 35.5228806 ], [ 134.1703878, 35.5229425 ], [ 134.1706444, 35.5229822 ], [ 134.1708923, 35.5230241 ], [ 134.17107, 35.5230608 ], [ 134.1714278, 35.5231397 ], [ 134.1726527, 35.523489 ], [ 134.1729097, 35.5235625 ], [ 134.1742525, 35.5239926 ], [ 134.175, 35.5242301 ], [ 134.1769839, 35.5248603 ], [ 134.1774256, 35.525 ], [ 134.1777757, 35.5251108 ], [ 134.18, 35.5257834 ], [ 134.1803258, 35.5258442 ], [ 134.1806689, 35.5258622 ], [ 134.1810191, 35.5258503 ], [ 134.1814079, 35.5258071 ], [ 134.1817853, 35.525737 ], [ 134.1819913, 35.5256848 ], [ 134.1821497, 35.5256257 ], [ 134.1824783, 35.5255103 ], [ 134.1827119, 35.5254031 ], [ 134.1833333, 35.5250473 ], [ 134.1834408, 35.5249858 ], [ 134.1835737, 35.5249096 ], [ 134.1846368, 35.5243006 ], [ 134.1867842, 35.5230696 ], [ 134.1869654, 35.5229658 ], [ 134.1873942, 35.5227234 ], [ 134.1879749, 35.5223812 ], [ 134.1891169, 35.5217545 ], [ 134.190275, 35.5211131 ], [ 134.190815, 35.5208031 ], [ 134.1915738, 35.5204211 ], [ 134.1916667, 35.5203797 ], [ 134.1920551, 35.5202061 ], [ 134.1922734, 35.5201086 ], [ 134.1926394, 35.5199856 ], [ 134.192975, 35.5199081 ], [ 134.1932525, 35.5198545 ], [ 134.1934207, 35.5198399 ], [ 134.1935734, 35.5198306 ], [ 134.1955029, 35.5197429 ], [ 134.195943, 35.5197229 ], [ 134.1978113, 35.5196381 ], [ 134.1982096, 35.51962 ], [ 134.1990312, 35.5195827 ], [ 134.1991622, 35.5195767 ], [ 134.1998969, 35.5195434 ], [ 134.2012709, 35.5194809 ], [ 134.2024639, 35.5194266 ], [ 134.2042442, 35.5193358 ], [ 134.2051855, 35.5193061 ], [ 134.2056744, 35.5192881 ], [ 134.2057626, 35.5192881 ], [ 134.2059883, 35.5192881 ], [ 134.2064624, 35.5193 ], [ 134.2069367, 35.5193181 ], [ 134.2072945, 35.5193417 ], [ 134.20754, 35.5193808 ], [ 134.2077134, 35.5194253 ], [ 134.2079333, 35.5194816 ], [ 134.2083334, 35.5195991 ], [ 134.2108633, 35.5203423 ], [ 134.2113513, 35.5204857 ], [ 134.2116557, 35.520576 ], [ 134.2118595, 35.5206364 ], [ 134.2127382, 35.5208943 ], [ 134.2135613, 35.5211359 ], [ 134.2136653, 35.5211661 ], [ 134.2140633, 35.5212902 ], [ 134.2153211, 35.5216594 ], [ 134.2160556, 35.521872 ], [ 134.216257, 35.5219298 ], [ 134.2167564, 35.5220735 ], [ 134.2182267, 35.5224979 ], [ 134.2190691, 35.5227296 ], [ 134.2192392, 35.5227853 ], [ 134.219746, 35.5229385 ], [ 134.2223477, 35.5237247 ], [ 134.2227274, 35.5238128 ], [ 134.2228989, 35.5238429 ], [ 134.2231356, 35.5238842 ], [ 134.2235892, 35.5239283 ], [ 134.2241892, 35.5239618 ], [ 134.2245149, 35.5239574 ], [ 134.2246317, 35.5239558 ], [ 134.2249979, 35.5239383 ], [ 134.2254294, 35.5238912 ], [ 134.2257742, 35.523829 ], [ 134.2263681, 35.5236636 ], [ 134.2280978, 35.5230464 ], [ 134.2284564, 35.5229146 ], [ 134.2287354, 35.5228095 ], [ 134.2290681, 35.5226843 ], [ 134.2305948, 35.5221073 ], [ 134.2313304, 35.5218399 ], [ 134.2322268, 35.5215566 ], [ 134.2324993, 35.5215029 ], [ 134.2326321, 35.521481 ], [ 134.2329797, 35.5214236 ], [ 134.2333462, 35.5214046 ], [ 134.2335286, 35.5214026 ], [ 134.2336416, 35.5214042 ], [ 134.2337771, 35.5214063 ], [ 134.2339289, 35.5214086 ], [ 134.2344117, 35.5214763 ], [ 134.2347434, 35.5215401 ], [ 134.2350242, 35.5216172 ], [ 134.2352453, 35.5216703 ], [ 134.2356728, 35.5218056 ], [ 134.2359274, 35.5219014 ], [ 134.2360642, 35.5219622 ], [ 134.2363203, 35.5220761 ], [ 134.2367, 35.5222899 ], [ 134.2367408, 35.5223128 ], [ 134.2374861, 35.5227925 ], [ 134.237758, 35.5229841 ], [ 134.2380945, 35.5233003 ], [ 134.2398669, 35.525 ], [ 134.2410858, 35.5261688 ], [ 134.2416667, 35.5267253 ], [ 134.2435117, 35.5284925 ], [ 134.2437475, 35.5287183 ], [ 134.2441489, 35.529106 ], [ 134.2446455, 35.5295855 ], [ 134.2449228, 35.5298531 ], [ 134.2472843, 35.5321284 ], [ 134.247385, 35.532222 ], [ 134.2485822, 35.5333333 ], [ 134.25, 35.5346495 ], [ 134.2500972, 35.5347397 ], [ 134.2519369, 35.5364361 ], [ 134.2520414, 35.5365405 ], [ 134.2527769, 35.537273 ], [ 134.2536718, 35.5381643 ], [ 134.2539159, 35.538414 ], [ 134.2539521, 35.538451 ], [ 134.2548702, 35.5393899 ], [ 134.2559434, 35.5404434 ], [ 134.2560903, 35.5405703 ], [ 134.2570625, 35.5414782 ], [ 134.2574733, 35.5418531 ], [ 134.2583333, 35.5426376 ], [ 134.2590878, 35.5433258 ], [ 134.2601963, 35.5445439 ], [ 134.2612127, 35.5454878 ], [ 134.2620596, 35.5462554 ], [ 134.2630143, 35.5469728 ], [ 134.2636765, 35.5474259 ], [ 134.2644464, 35.5479041 ], [ 134.2652934, 35.5483571 ], [ 134.2663405, 35.5488228 ], [ 134.2674339, 35.5492381 ], [ 134.268558, 35.5495905 ], [ 134.2696975, 35.5498925 ], [ 134.2708525, 35.5501568 ], [ 134.271761, 35.5503456 ], [ 134.2732086, 35.5506476 ], [ 134.2742711, 35.5508993 ], [ 134.2749949, 35.5511384 ], [ 134.2757187, 35.551365 ], [ 134.2766427, 35.5517299 ], [ 134.2774589, 35.5521327 ], [ 134.2781364, 35.552548 ], [ 134.278814, 35.553001 ], [ 134.2793804, 35.5534303 ], [ 134.2800777, 35.5540544 ], [ 134.2803592, 35.554335 ], [ 134.2806466, 35.5546203 ], [ 134.2809906, 35.5550314 ], [ 134.2813756, 35.5555222 ], [ 134.2824793, 35.5571919 ], [ 134.2835112, 35.5588783 ], [ 134.284502, 35.5604262 ], [ 134.2849202, 35.5611454 ], [ 134.2854364, 35.5618735 ], [ 134.2856263, 35.5621923 ], [ 134.2862116, 35.5629642 ], [ 134.2870125, 35.5638913 ], [ 134.288201, 35.5650324 ], [ 134.2889403, 35.5656176 ], [ 134.2897567, 35.5662091 ], [ 134.2906654, 35.5667691 ], [ 134.2913373, 35.5671853 ], [ 134.2925292, 35.5677507 ], [ 134.2937691, 35.5682479 ], [ 134.2949012, 35.568638 ], [ 134.2963029, 35.5690911 ], [ 134.2985287, 35.5698021 ], [ 134.3000536, 35.5702489 ], [ 134.3038506, 35.5713438 ], [ 134.3055527, 35.5718283 ], [ 134.3066541, 35.5720926 ], [ 134.307586, 35.5722814 ], [ 134.3094113, 35.572596 ], [ 134.3103433, 35.5727219 ], [ 134.311306, 35.5728037 ], [ 134.3135088, 35.5729987 ], [ 134.3155012, 35.5729854 ] ] } },
{ "type": "Feature", "properties": { "N12_001": "31", "N12_002": 1, "N12_003": 3, "N12_004": "一般国道313号", "N12_005": 6, "N12_006": 3 }, "geometry": { "type": "LineString", "coordinates": [ [ 133.7916326, 35.4230889 ], [ 133.7922268, 35.4253161 ], [ 133.7925309, 35.4262124 ], [ 133.7928453, 35.4269262 ], [ 133.7933421, 35.4280383 ], [ 133.7939099, 35.4291255 ], [ 133.7943155, 35.4298641 ], [ 133.7948428, 35.4306941 ], [ 133.7953092, 35.4313995 ], [ 133.7958568, 35.4321133 ], [ 133.7962421, 35.4325448 ], [ 133.7967593, 35.4329764 ], [ 133.7971953, 35.4332752 ], [ 133.7982266, 35.4339446 ], [ 133.7997405, 35.4348022 ], [ 133.8012616, 35.4355492 ], [ 133.8020729, 35.4359061 ], [ 133.803016, 35.4362048 ], [ 133.8039185, 35.4364206 ], [ 133.8047906, 35.4365949 ], [ 133.8056931, 35.4368522 ], [ 133.8062407, 35.4371095 ], [ 133.8066667, 35.4374746 ], [ 133.8070013, 35.4378979 ], [ 133.8072143, 35.438371 ], [ 133.8073157, 35.4388191 ], [ 133.8073055, 35.439898 ], [ 133.8071433, 35.441699 ], [ 133.807052, 35.4425206 ], [ 133.8070622, 35.4430684 ], [ 133.8072346, 35.4442801 ], [ 133.8073968, 35.4449938 ], [ 133.8076301, 35.4456412 ], [ 133.8079749, 35.4464379 ], [ 133.8082197, 35.4468726 ], [ 133.809605, 35.450072 ], [ 133.81039, 35.452267 ], [ 133.810546, 35.452959 ], [ 133.810657, 35.453833 ], [ 133.810676, 35.45444 ], [ 133.81045, 35.456659 ], [ 133.810195, 35.457991 ], [ 133.809905, 35.459651 ], [ 133.80957, 35.461446 ], [ 133.809122, 35.463609 ], [ 133.808711, 35.465239 ], [ 133.808241, 35.466979 ], [ 133.807865, 35.468723 ], [ 133.806118, 35.47617 ], [ 133.80591, 35.477553 ], [ 133.80583, 35.478156 ], [ 133.805797, 35.478826 ], [ 133.80581, 35.479554 ], [ 133.806035, 35.480917 ], [ 133.806493, 35.48242 ], [ 133.806867, 35.483258 ], [ 133.8069842, 35.4834455 ], [ 133.807518, 35.484299 ], [ 133.808264, 35.485241 ], [ 133.8084195, 35.4853979 ], [ 133.808488, 35.485467 ], [ 133.809556, 35.486547 ], [ 133.811312, 35.488097 ], [ 133.812384, 35.489109 ], [ 133.8132, 35.490085 ], [ 133.813968, 35.491204 ], [ 133.814526, 35.492209 ], [ 133.814977, 35.49342 ], [ 133.815186, 35.494304 ], [ 133.815304, 35.495071 ], [ 133.815246, 35.496471 ], [ 133.8149919, 35.4986848 ] ] } },
{ "type": "Feature", "properties": { "N12_001": "31", "N12_002": 1, "N12_003": 6, "N12_004": "鳥取県道　鳥取港湖山停車場線", "N12_005": 12, "N12_006": 2 }, "geometry": { "type": "LineString", "coordinates": [ [ 134.193972, 35.5111372 ], [ 134.1933833, 35.5113261 ] ] } },
{ "type": "Feature", "properties": { "N12_001": "31", "N12_002": 2, "N12_003": 6, "N12_004": "鳥取県道　大山口停車場大山線", "N12_005": 68, "N12_006": 1 }, "geometry": { "type": "LineString", "coordinates": [ [ 133.4615489, 35.4810895 ], [ 133.465456, 35.4781533 ] ] } },
{ "type": "Feature", "properties": { "N12_001": "31", "N12_002": 2, "N12_003": 6, "N12_004": "岡山県道・鳥取県道　常藤関金線", "N12_005": 69, "N12_006": 1 }, "geometry": { "type": "LineString", "coordinates": [ [ 133.7574128, 35.3646933 ], [ 133.758531, 35.3640834 ], [ 133.7593776, 35.3636786 ] ] } }
]
}
