{
"type": "FeatureCollection",
"name": "N12-21_43",
"features": [
{ "type": "Feature", "properties": { "N12_001": "43", "N12_002": 1, "N12_003": 3, "N12_004": "一般国道57号", "N12_005": 1, "N12_006": 1 }, "geometry": { "type": "LineString", "coordinates": [ [ 131.2461984, 32.9605904 ], [ 131.2457882, 32.9606917 ], [ 131.2445918, 32.9609587 ], [ 131.2441173, 32.9610356 ], [ 131.2439539, 32.9610475 ], [ 131.2432877, 32.9610261 ], [ 131.2426262, 32.9609952 ], [ 131.2423645, 32.9610047 ], [ 131.2420908, 32.9610451 ], [ 131.2418935, 32.9610888 ], [ 131.2413836, 32.9613572 ], [ 131.2411693, 32.961453 ], [ 131.2409086, 32.9615094 ], [ 131.2406705, 32.9615347 ], [ 131.2403539, 32.9615378 ], [ 131.2387842, 32.9617461 ], [ 131.2381694, 32.9618703 ], [ 131.237755, 32.9619264 ], [ 131.2372808, 32.9619264 ], [ 131.2368702, 32.9618632 ], [ 131.236025, 32.9616672 ], [ 131.2354543, 32.9615202 ], [ 131.2347488, 32.9613405 ], [ 131.2343536, 32.96125 ], [ 131.2336463, 32.9610811 ], [ 131.2325042, 32.9607489 ], [ 131.2317429, 32.960602 ], [ 131.2308671, 32.9604272 ], [ 131.229458, 32.9601061 ], [ 131.2289902, 32.9600217 ], [ 131.2287297, 32.9599539 ], [ 131.2282753, 32.9597961 ], [ 131.2277876, 32.9595763 ], [ 131.2270261, 32.9592553 ], [ 131.2260746, 32.9588476 ], [ 131.2252291, 32.9584607 ], [ 131.2247887, 32.9582804 ], [ 131.2241269, 32.9580153 ], [ 131.2229045, 32.9576098 ], [ 131.2212674, 32.9571642 ], [ 131.22084, 32.9570742 ], [ 131.220557, 32.9570345 ], [ 131.2203125, 32.9570178 ], [ 131.2195539, 32.9570141 ], [ 131.21905, 32.9570117 ], [ 131.2177402, 32.9568767 ], [ 131.2171592, 32.9568256 ], [ 131.216685, 32.9568256 ], [ 131.2161239, 32.9569002 ], [ 131.213926, 32.9576162 ], [ 131.2126431, 32.958037 ], [ 131.2115076, 32.9584422 ], [ 131.2112936, 32.958555 ], [ 131.2111466, 32.9586679 ], [ 131.2106656, 32.9591017 ], [ 131.2097233, 32.9599864 ], [ 131.209419, 32.9602429 ], [ 131.2091689, 32.9603917 ], [ 131.2090153, 32.9604539 ], [ 131.2084406, 32.9606003 ], [ 131.2079397, 32.9607806 ], [ 131.2077994, 32.9608539 ], [ 131.2076608, 32.9609589 ], [ 131.2070756, 32.9615036 ], [ 131.2065931, 32.9618541 ], [ 131.2063597, 32.961977 ], [ 131.2060928, 32.9620789 ], [ 131.205855, 32.9621328 ], [ 131.2056246, 32.9621611 ], [ 131.2052875, 32.9621667 ], [ 131.2051712, 32.9621525 ], [ 131.20498, 32.9621158 ], [ 131.2047863, 32.9620425 ], [ 131.204172, 32.9617551 ], [ 131.2025621, 32.9610149 ], [ 131.2013489, 32.9604414 ], [ 131.2010117, 32.9602786 ], [ 131.2000897, 32.9598617 ], [ 131.2, 32.9598343 ], [ 131.1995353, 32.9596925 ], [ 131.1991811, 32.9596247 ], [ 131.1989228, 32.9595903 ], [ 131.1985664, 32.9595628 ], [ 131.1978388, 32.9594506 ], [ 131.1975343, 32.9593618 ], [ 131.1970903, 32.959112 ], [ 131.1970033, 32.95905 ], [ 131.1965556, 32.9586725 ], [ 131.1961747, 32.958402 ], [ 131.1956844, 32.9581358 ], [ 131.1953984, 32.9580183 ], [ 131.1949989, 32.9579286 ], [ 131.1944575, 32.9578722 ], [ 131.1942036, 32.9578386 ], [ 131.1937431, 32.9577539 ], [ 131.1931147, 32.957602 ], [ 131.1923397, 32.9573653 ], [ 131.1916807, 32.9571239 ], [ 131.1912239, 32.9569145 ], [ 131.19083, 32.9567058 ], [ 131.1903022, 32.9563958 ], [ 131.1897678, 32.9560411 ], [ 131.1889792, 32.9554942 ], [ 131.1884514, 32.9550828 ], [ 131.1882543, 32.9549096 ], [ 131.1872349, 32.9538799 ], [ 131.18624, 32.9528572 ], [ 131.1856719, 32.9522431 ], [ 131.1852711, 32.9517867 ], [ 131.1851442, 32.9516683 ], [ 131.1848236, 32.9514653 ], [ 131.1844228, 32.9513134 ], [ 131.1841155, 32.9511892 ], [ 131.183855, 32.9511217 ], [ 131.1836278, 32.9510822 ], [ 131.1834809, 32.9510597 ], [ 131.1832802, 32.9510428 ], [ 131.1829797, 32.9510258 ], [ 131.1825386, 32.9510314 ], [ 131.1820708, 32.9510653 ], [ 131.1808883, 32.9511217 ], [ 131.1804406, 32.9511386 ], [ 131.1800267, 32.9510767 ], [ 131.1797125, 32.9509808 ], [ 131.1789642, 32.9506989 ], [ 131.1782025, 32.9503778 ], [ 131.1780089, 32.9503214 ], [ 131.1774942, 32.950265 ], [ 131.1772203, 32.9502708 ], [ 131.17702, 32.9502933 ], [ 131.1767928, 32.9503328 ], [ 131.176539, 32.9504172 ], [ 131.1759978, 32.950575 ], [ 131.1758442, 32.9505975 ], [ 131.1755303, 32.9505975 ], [ 131.1750826, 32.9505695 ], [ 131.1748686, 32.95053 ], [ 131.1745576, 32.9504371 ], [ 131.1743208, 32.9503664 ], [ 131.1738531, 32.9502595 ], [ 131.1735925, 32.9502256 ], [ 131.1722897, 32.9502369 ], [ 131.1720761, 32.9502145 ], [ 131.1709469, 32.9500339 ], [ 131.1703655, 32.9499156 ], [ 131.1691894, 32.9496169 ], [ 131.1690092, 32.9495494 ], [ 131.1688889, 32.9494986 ], [ 131.1679806, 32.9489972 ], [ 131.1666667, 32.9482339 ], [ 131.1654141, 32.9475149 ], [ 131.1646668, 32.9470929 ], [ 131.1640119, 32.9467547 ], [ 131.1635375, 32.9464897 ], [ 131.1631233, 32.9462869 ], [ 131.1624683, 32.9460108 ], [ 131.1620542, 32.9457797 ], [ 131.1612594, 32.9452161 ], [ 131.161074, 32.9450637 ], [ 131.1609597, 32.9449607 ], [ 131.1607983, 32.9447822 ], [ 131.1607047, 32.9446414 ], [ 131.1606111, 32.9444328 ], [ 131.1605711, 32.9442021 ], [ 131.1605178, 32.9434864 ], [ 131.1604775, 32.9432836 ], [ 131.1603439, 32.9429061 ], [ 131.1600833, 32.9422525 ], [ 131.1599631, 32.9420495 ], [ 131.1598761, 32.9419367 ], [ 131.1596697, 32.9417683 ], [ 131.1594419, 32.9416339 ], [ 131.1592161, 32.9415442 ], [ 131.1590072, 32.9414992 ], [ 131.1587736, 32.9414803 ], [ 131.1583931, 32.9415086 ], [ 131.1573757, 32.9416667 ], [ 131.1566744, 32.9417778 ], [ 131.1563761, 32.941749 ], [ 131.1561131, 32.9416715 ], [ 131.1559009, 32.9415986 ], [ 131.1552794, 32.941345 ], [ 131.1549522, 32.9412436 ], [ 131.1547231, 32.9412142 ], [ 131.1546017, 32.9412367 ], [ 131.1544764, 32.9413008 ], [ 131.1543358, 32.9414417 ], [ 131.1542828, 32.9416177 ], [ 131.1543036, 32.9417449 ], [ 131.1544242, 32.9418467 ], [ 131.1545244, 32.9418972 ], [ 131.1551458, 32.9421228 ], [ 131.1553931, 32.9422581 ], [ 131.1555736, 32.9423817 ], [ 131.1556439, 32.942447 ], [ 131.1557425, 32.9425781 ], [ 131.1558183, 32.9426903 ], [ 131.1558564, 32.942847 ], [ 131.1558222, 32.9429975 ], [ 131.1557122, 32.9431161 ], [ 131.1555792, 32.9431897 ], [ 131.1554158, 32.9431864 ], [ 131.1552528, 32.9431545 ], [ 131.1551389, 32.9430936 ], [ 131.1549642, 32.9429686 ], [ 131.1548464, 32.942892 ], [ 131.1547022, 32.9428342 ], [ 131.1544517, 32.9427831 ], [ 131.1539789, 32.9427703 ], [ 131.1538611, 32.9427958 ], [ 131.1537283, 32.942895 ], [ 131.1535158, 32.9433275 ], [ 131.1534019, 32.9434636 ], [ 131.153315, 32.9435256 ], [ 131.1531547, 32.9435256 ], [ 131.1530611, 32.9434975 ], [ 131.1529611, 32.9434186 ], [ 131.1529075, 32.9433622 ], [ 131.1528761, 32.9431928 ], [ 131.1528742, 32.943103 ], [ 131.1528608, 32.9424325 ], [ 131.1528475, 32.9423197 ], [ 131.1527739, 32.9421281 ], [ 131.1522128, 32.9413617 ], [ 131.1517558, 32.9406361 ], [ 131.1515711, 32.9404167 ], [ 131.1514522, 32.940315 ], [ 131.1513375, 32.9402806 ], [ 131.151202, 32.9402856 ], [ 131.1511208, 32.9403086 ], [ 131.1509492, 32.9403872 ], [ 131.1508233, 32.9404414 ], [ 131.1506922, 32.9404689 ], [ 131.1505444, 32.9404689 ], [ 131.1503658, 32.9403958 ], [ 131.1501978, 32.9402711 ], [ 131.1500039, 32.940125 ], [ 131.1498764, 32.9400692 ], [ 131.1497049, 32.940046 ], [ 131.1495911, 32.9401423 ], [ 131.1495758, 32.9402711 ], [ 131.1495858, 32.9404042 ], [ 131.1500244, 32.9408428 ], [ 131.1500703, 32.9409761 ], [ 131.1500753, 32.9410878 ], [ 131.1500389, 32.9411486 ], [ 131.15, 32.9411897 ], [ 131.1499078, 32.9412547 ], [ 131.1497797, 32.9412942 ], [ 131.1496472, 32.9412942 ], [ 131.1495136, 32.9412658 ], [ 131.1494401, 32.9412264 ], [ 131.1492331, 32.9410745 ], [ 131.1491061, 32.9410292 ], [ 131.1488789, 32.9410067 ], [ 131.1487586, 32.9410122 ], [ 131.1486117, 32.9410575 ], [ 131.1485114, 32.9411081 ], [ 131.1483978, 32.9412095 ], [ 131.1481606, 32.9414854 ], [ 131.1480429, 32.9415719 ], [ 131.1479597, 32.9415781 ], [ 131.1478067, 32.9415478 ], [ 131.1475875, 32.9413931 ], [ 131.1471617, 32.9410011 ], [ 131.1469344, 32.9408939 ], [ 131.1467942, 32.9408489 ], [ 131.1466003, 32.9408489 ], [ 131.1464133, 32.9408939 ], [ 131.1462664, 32.9409672 ], [ 131.1461058, 32.9410998 ], [ 131.1459742, 32.9413114 ], [ 131.1458211, 32.9421886 ], [ 131.14576, 32.9423344 ], [ 131.1456681, 32.9424547 ], [ 131.1450703, 32.9428322 ], [ 131.1449434, 32.9429561 ], [ 131.1448564, 32.9430914 ], [ 131.1448031, 32.9433281 ], [ 131.1447964, 32.9436661 ], [ 131.1447764, 32.9437958 ], [ 131.1447175, 32.9438995 ], [ 131.1446103, 32.9439939 ], [ 131.1444489, 32.9440775 ], [ 131.1443686, 32.9440945 ], [ 131.1440614, 32.9441003 ], [ 131.1438542, 32.944072 ], [ 131.1437005, 32.9440156 ], [ 131.1436069, 32.9439536 ], [ 131.1435092, 32.9438564 ], [ 131.1434736, 32.9437575 ], [ 131.1434889, 32.9435683 ], [ 131.1435347, 32.9434695 ], [ 131.1441336, 32.9429406 ], [ 131.1448881, 32.9424161 ], [ 131.1450106, 32.9422614 ], [ 131.1451075, 32.9420981 ], [ 131.1451075, 32.9418919 ], [ 131.1450369, 32.9416603 ], [ 131.1446382, 32.9409936 ], [ 131.1445281, 32.9407714 ], [ 131.1444964, 32.9406086 ], [ 131.1445358, 32.9404659 ], [ 131.1446147, 32.9403561 ], [ 131.1447131, 32.9402764 ], [ 131.1448164, 32.9402233 ], [ 131.14495, 32.9401953 ], [ 131.1452372, 32.9401614 ], [ 131.145685, 32.9400939 ], [ 131.1460792, 32.9399925 ], [ 131.1462731, 32.9399078 ], [ 131.1464067, 32.9398233 ], [ 131.1465136, 32.939722 ], [ 131.1465803, 32.9396092 ], [ 131.1465803, 32.9394289 ], [ 131.1465403, 32.9391642 ], [ 131.1464867, 32.9389952 ], [ 131.1463852, 32.9388322 ], [ 131.1462664, 32.9386683 ], [ 131.1454382, 32.9379643 ], [ 131.145017, 32.9375695 ], [ 131.1447964, 32.9374342 ], [ 131.1446158, 32.9373442 ], [ 131.1443956, 32.9372539 ], [ 131.1441013, 32.9371469 ], [ 131.1437273, 32.9370285 ], [ 131.14304, 32.9368281 ], [ 131.1428472, 32.9367931 ], [ 131.1426956, 32.9367853 ], [ 131.1424477, 32.9368203 ], [ 131.1409947, 32.9370511 ], [ 131.1406487, 32.9370933 ], [ 131.1380081, 32.937558 ], [ 131.1360039, 32.9377664 ], [ 131.1355094, 32.9378058 ], [ 131.1340834, 32.9379576 ], [ 131.1317878, 32.9381778 ], [ 131.1315006, 32.9381836 ], [ 131.1311933, 32.9381047 ], [ 131.1309933, 32.93803 ], [ 131.1299699, 32.9376302 ], [ 131.1295631, 32.9375017 ], [ 131.1292089, 32.9374172 ], [ 131.128995, 32.937372 ], [ 131.1288196, 32.9373477 ], [ 131.1273514, 32.9371858 ], [ 131.1268436, 32.93718 ], [ 131.1259742, 32.9372897 ], [ 131.1254541, 32.9374 ], [ 131.1247137, 32.9375982 ], [ 131.1237703, 32.9378675 ], [ 131.1226278, 32.9380661 ], [ 131.1223472, 32.9381326 ], [ 131.1220264, 32.9381675 ], [ 131.1213048, 32.938162 ], [ 131.119267, 32.9380661 ], [ 131.1182181, 32.9379758 ], [ 131.1174561, 32.9378575 ], [ 131.1167881, 32.9377786 ], [ 131.1163803, 32.9377561 ], [ 131.1142626, 32.9377505 ], [ 131.1137814, 32.9377786 ], [ 131.1127594, 32.9379894 ], [ 131.1114828, 32.938235 ], [ 131.1111153, 32.9382745 ], [ 131.1100328, 32.9382856 ], [ 131.1080159, 32.9382461 ], [ 131.1031042, 32.9381617 ], [ 131.1008925, 32.9381053 ], [ 131.1002775, 32.9380603 ], [ 131.0997897, 32.9379981 ], [ 131.0993288, 32.9378967 ], [ 131.0973188, 32.9374516 ], [ 131.0940572, 32.9367247 ], [ 131.0936381, 32.9366395 ], [ 131.0930149, 32.9365086 ], [ 131.0927464, 32.9364667 ], [ 131.0921562, 32.9364345 ], [ 131.0916667, 32.9364495 ], [ 131.0914714, 32.9364711 ], [ 131.0906561, 32.9366403 ], [ 131.0902283, 32.9367642 ], [ 131.0891863, 32.9371306 ], [ 131.0877331, 32.9376299 ], [ 131.0869947, 32.9378689 ], [ 131.0866806, 32.9379308 ], [ 131.0862061, 32.9379817 ], [ 131.0859256, 32.9379928 ], [ 131.0855714, 32.9379758 ], [ 131.0851572, 32.9379195 ], [ 131.08497, 32.93788 ], [ 131.0846292, 32.9377786 ], [ 131.0844692, 32.9377167 ], [ 131.0841085, 32.937542 ], [ 131.0839222, 32.9374411 ], [ 131.083165, 32.9369422 ], [ 131.0826383, 32.9366289 ], [ 131.0824781, 32.9365558 ], [ 131.0822708, 32.9364939 ], [ 131.0817296, 32.9363867 ], [ 131.0803072, 32.9360027 ], [ 131.0787233, 32.9354792 ], [ 131.0771323, 32.9348871 ], [ 131.0766789, 32.934752 ], [ 131.0756097, 32.9345211 ], [ 131.0744669, 32.9343069 ], [ 131.0732919, 32.9341264 ], [ 131.0720617, 32.9339745 ], [ 131.0710791, 32.9338703 ], [ 131.0702444, 32.9337942 ], [ 131.0700042, 32.9337828 ], [ 131.068975, 32.9337883 ], [ 131.0680331, 32.9338167 ], [ 131.0671044, 32.9338839 ], [ 131.0655166, 32.9340617 ], [ 131.0639306, 32.9342389 ], [ 131.0619666, 32.9344589 ], [ 131.059187, 32.9347631 ], [ 131.0574767, 32.9349547 ], [ 131.0561336, 32.9351067 ], [ 131.0525848, 32.9355012 ], [ 131.0513364, 32.9356364 ], [ 131.0471206, 32.9360872 ], [ 131.0467431, 32.9360963 ], [ 131.0465461, 32.9360759 ], [ 131.0462653, 32.9360139 ], [ 131.0443208, 32.9354956 ], [ 131.0429893, 32.9351342 ], [ 131.0410966, 32.9346227 ], [ 131.0407597, 32.9345261 ], [ 131.0403253, 32.9344472 ], [ 131.0399181, 32.9344189 ], [ 131.0396109, 32.9344303 ], [ 131.0384048, 32.9346549 ], [ 131.0369114, 32.9349372 ], [ 131.035575, 32.9351964 ], [ 131.0351417, 32.9352675 ], [ 131.0349772, 32.9352728 ], [ 131.0347808, 32.9352675 ], [ 131.0323038, 32.9351134 ], [ 131.0313058, 32.9350442 ], [ 131.0308181, 32.9349653 ], [ 131.0306375, 32.9349147 ], [ 131.0304972, 32.9348753 ], [ 131.0300228, 32.9346781 ], [ 131.0296486, 32.9344695 ], [ 131.0293947, 32.9343061 ], [ 131.0290006, 32.9339961 ], [ 131.0270722, 32.9322101 ], [ 131.0266286, 32.9318211 ], [ 131.0263481, 32.9316239 ], [ 131.0259539, 32.9313814 ], [ 131.0256731, 32.9312406 ], [ 131.0252923, 32.9310714 ], [ 131.0250228, 32.9309691 ], [ 131.0248317, 32.9309081 ], [ 131.0244708, 32.9308122 ], [ 131.0225827, 32.9304632 ], [ 131.0200341, 32.9300739 ], [ 131.0185778, 32.9298656 ], [ 131.0183485, 32.9298709 ], [ 131.01805, 32.9298372 ], [ 131.0166587, 32.9296128 ], [ 131.0105867, 32.9286145 ], [ 131.0095847, 32.9283947 ], [ 131.0091569, 32.9282425 ], [ 131.0078029, 32.9276774 ], [ 131.0066244, 32.9272058 ], [ 131.0063509, 32.9270875 ], [ 131.0060903, 32.9269464 ], [ 131.0056758, 32.9265972 ], [ 131.0054756, 32.9263772 ], [ 131.0051694, 32.9260292 ], [ 131.0048675, 32.9255603 ], [ 131.0042192, 32.9243939 ], [ 131.0034046, 32.9229798 ], [ 131.0032506, 32.9227708 ], [ 131.0031436, 32.9226525 ], [ 131.0030242, 32.9225269 ], [ 131.0028564, 32.922382 ], [ 131.0027161, 32.9222806 ], [ 131.0025222, 32.9221567 ], [ 131.0021747, 32.9219708 ], [ 131.0000342, 32.9210036 ], [ 130.9982064, 32.9201564 ], [ 130.9978914, 32.9200325 ], [ 130.9974836, 32.9198128 ], [ 130.9959939, 32.91881 ], [ 130.9949638, 32.9182005 ], [ 130.9945412, 32.9178909 ], [ 130.9936973, 32.9170954 ], [ 130.9936175, 32.9168713 ], [ 130.9934427, 32.9166056 ], [ 130.9933125, 32.9163639 ], [ 130.9932525, 32.9162228 ], [ 130.9932258, 32.9160708 ], [ 130.9932258, 32.9158114 ], [ 130.9933686, 32.9151341 ], [ 130.9936064, 32.9136753 ], [ 130.9936331, 32.9133658 ], [ 130.9936731, 32.9132134 ], [ 130.9937467, 32.9128133 ], [ 130.9937733, 32.9125822 ], [ 130.9938, 32.9122612 ], [ 130.99378, 32.9118833 ], [ 130.9934728, 32.9105197 ], [ 130.9932473, 32.9097948 ], [ 130.9924717, 32.9071442 ], [ 130.9920844, 32.9057353 ], [ 130.9919711, 32.905397 ], [ 130.9918777, 32.9051775 ], [ 130.9917458, 32.9049131 ], [ 130.99123, 32.9040897 ], [ 130.9906508, 32.9032574 ], [ 130.990035, 32.9022521 ], [ 130.9886464, 32.9 ], [ 130.9883664, 32.899525 ], [ 130.9882928, 32.8992997 ], [ 130.9882728, 32.8990631 ], [ 130.9882937, 32.8988072 ], [ 130.9883397, 32.8985108 ], [ 130.9883488, 32.8979673 ], [ 130.988453, 32.8974401 ], [ 130.9884931, 32.8971072 ], [ 130.9884931, 32.8966286 ], [ 130.9883867, 32.8955747 ], [ 130.9883667, 32.8951295 ], [ 130.98834, 32.8948758 ], [ 130.98834, 32.8946333 ], [ 130.9883867, 32.8944925 ], [ 130.9885046, 32.8942723 ], [ 130.9886642, 32.8940846 ], [ 130.9888469, 32.8939011 ], [ 130.9894906, 32.8933653 ], [ 130.9898856, 32.8929556 ], [ 130.9901153, 32.8926895 ], [ 130.9902156, 32.8925428 ], [ 130.9902728, 32.8923331 ], [ 130.990285, 32.8922286 ], [ 130.9902633, 32.8921267 ], [ 130.9902203, 32.8920195 ], [ 130.9901233, 32.8918995 ], [ 130.9899818, 32.8917704 ], [ 130.9898494, 32.8916667 ], [ 130.9895944, 32.89141 ], [ 130.9894044, 32.8911642 ], [ 130.9892058, 32.8908428 ], [ 130.9890044, 32.8904739 ], [ 130.9889178, 32.8902645 ], [ 130.9888614, 32.8900411 ], [ 130.9887339, 32.8896181 ], [ 130.9885336, 32.8890886 ], [ 130.9883935, 32.8887506 ], [ 130.9881464, 32.888277 ], [ 130.9875656, 32.8872567 ], [ 130.9874173, 32.8869651 ], [ 130.9873519, 32.8867781 ], [ 130.9872784, 32.8864962 ], [ 130.9872053, 32.8860283 ], [ 130.9871453, 32.8853972 ], [ 130.9871183, 32.8847597 ], [ 130.9870739, 32.8839405 ], [ 130.9869401, 32.8833333 ], [ 130.9868047, 32.882822 ], [ 130.9866711, 32.8824667 ], [ 130.9865644, 32.8822525 ], [ 130.9864442, 32.8820614 ], [ 130.9863442, 32.8819203 ], [ 130.9861372, 32.881712 ], [ 130.9859266, 32.8815419 ], [ 130.9856164, 32.8813117 ], [ 130.9854077, 32.8811843 ], [ 130.9852825, 32.8811089 ], [ 130.9839544, 32.8804156 ], [ 130.9833333, 32.8801666 ], [ 130.9828129, 32.8799759 ], [ 130.9816514, 32.8795025 ], [ 130.9807633, 32.8792452 ], [ 130.9798622, 32.8790181 ], [ 130.9787793, 32.8787911 ], [ 130.9770252, 32.8784208 ], [ 130.9758369, 32.8781728 ], [ 130.9747967, 32.8779863 ], [ 130.9727998, 32.8776656 ], [ 130.9724396, 32.8776317 ], [ 130.9721725, 32.8776036 ], [ 130.971685, 32.8775978 ], [ 130.9712045, 32.8776372 ], [ 130.9709241, 32.8776711 ], [ 130.9706369, 32.8777219 ], [ 130.97031, 32.877795 ], [ 130.9689961, 32.8781396 ], [ 130.9680211, 32.8783751 ], [ 130.9658176, 32.8789164 ], [ 130.9650564, 32.8790461 ], [ 130.9630606, 32.8791814 ], [ 130.9623106, 32.8791969 ], [ 130.9609028, 32.878758 ], [ 130.9586953, 32.8781161 ], [ 130.9579275, 32.8778511 ], [ 130.9574803, 32.8777047 ], [ 130.9570394, 32.8775864 ], [ 130.9559518, 32.8772989 ], [ 130.9550105, 32.8770567 ], [ 130.9540813, 32.8768728 ], [ 130.9537489, 32.8768142 ], [ 130.9532348, 32.8767467 ], [ 130.9528142, 32.8767014 ], [ 130.9509586, 32.876662 ], [ 130.9504378, 32.8766395 ], [ 130.9500482, 32.8766012 ], [ 130.9493897, 32.8765156 ], [ 130.9491913, 32.876473 ], [ 130.9484017, 32.8763047 ], [ 130.947765, 32.87622 ], [ 130.9473709, 32.8761778 ], [ 130.9469222, 32.8761778 ], [ 130.9465039, 32.8762139 ], [ 130.9460978, 32.8762625 ], [ 130.9458187, 32.8763533 ], [ 130.9454983, 32.8764928 ], [ 130.9449958, 32.876787 ], [ 130.9447439, 32.8769211 ], [ 130.9445236, 32.8769886 ], [ 130.9442097, 32.8769942 ], [ 130.9426739, 32.8767574 ], [ 130.9416667, 32.8766081 ], [ 130.9409031, 32.8765123 ], [ 130.9377598, 32.8759325 ], [ 130.9361322, 32.8759039 ], [ 130.9349615, 32.8759753 ], [ 130.9330484, 32.8754328 ], [ 130.9310211, 32.8751044 ], [ 130.9293222, 32.8755756 ], [ 130.928037, 32.8758929 ], [ 130.9272142, 32.8759008 ], [ 130.9269672, 32.8759178 ], [ 130.9260262, 32.8761094 ], [ 130.9247444, 32.8764475 ], [ 130.9238299, 32.8766445 ], [ 130.9227017, 32.8768475 ], [ 130.9205322, 32.8771914 ], [ 130.9191839, 32.8774281 ], [ 130.9182828, 32.8776592 ], [ 130.9173881, 32.8778506 ], [ 130.9151786, 32.8783014 ], [ 130.91373, 32.8786111 ], [ 130.9123084, 32.8788986 ], [ 130.9095245, 32.8793886 ], [ 130.9079693, 32.8796422 ], [ 130.907462, 32.8796592 ], [ 130.9066453, 32.8797137 ], [ 130.904765, 32.8797156 ], [ 130.9042578, 32.8797325 ], [ 130.9039172, 32.879755 ], [ 130.9037169, 32.8797775 ], [ 130.90341, 32.8798283 ], [ 130.9016545, 32.8801664 ], [ 130.9005931, 32.8802845 ], [ 130.8998855, 32.8803408 ], [ 130.8991178, 32.8803803 ], [ 130.8971086, 32.8804481 ], [ 130.8951929, 32.880482 ], [ 130.8939097, 32.8804657 ], [ 130.8910467, 32.8803208 ], [ 130.8905397, 32.8802489 ], [ 130.8897373, 32.8800822 ], [ 130.8892164, 32.8799194 ], [ 130.8889033, 32.8797811 ], [ 130.8881817, 32.8794155 ], [ 130.8860419, 32.8782106 ], [ 130.88503, 32.8776244 ], [ 130.883605, 32.8769011 ], [ 130.8833333, 32.8767726 ], [ 130.8829897, 32.8766106 ], [ 130.8826072, 32.8764492 ], [ 130.8822545, 32.8763161 ], [ 130.8816642, 32.8761197 ], [ 130.8811894, 32.8760045 ], [ 130.880685, 32.8759058 ], [ 130.8800717, 32.8758233 ], [ 130.8795322, 32.8757698 ], [ 130.8783042, 32.8756618 ], [ 130.8777245, 32.8756292 ], [ 130.8768575, 32.8756122 ], [ 130.8733461, 32.8755958 ], [ 130.8702117, 32.8755733 ], [ 130.8654569, 32.8755358 ], [ 130.8633084, 32.8755298 ], [ 130.8613251, 32.8755136 ], [ 130.8582154, 32.8754991 ], [ 130.8545624, 32.8754743 ], [ 130.8544552, 32.8754744 ], [ 130.8541661, 32.8754738 ], [ 130.8529116, 32.87546 ], [ 130.852518, 32.8754283 ], [ 130.8518655, 32.8753594 ], [ 130.8512825, 32.8752645 ], [ 130.8510381, 32.8752128 ], [ 130.8505595, 32.8750896 ], [ 130.850268, 32.8750058 ], [ 130.8500497, 32.8749339 ], [ 130.8497569, 32.8748131 ], [ 130.8494925, 32.8746781 ], [ 130.8491364, 32.8744683 ], [ 130.8487256, 32.8742325 ], [ 130.8475796, 32.8734371 ], [ 130.8448569, 32.8715753 ], [ 130.8433075, 32.8705195 ], [ 130.8429372, 32.8702908 ], [ 130.8426169, 32.870115 ], [ 130.8407472, 32.8693191 ], [ 130.8394747, 32.8687903 ], [ 130.8389249, 32.8685946 ], [ 130.8355889, 32.8673666 ], [ 130.8309973, 32.865691 ], [ 130.8288456, 32.8648988 ], [ 130.8258635, 32.8638224 ], [ 130.825, 32.8635319 ], [ 130.8237681, 32.863162 ], [ 130.8231125, 32.8630011 ], [ 130.8225729, 32.8629028 ], [ 130.8216126, 32.8627667 ], [ 130.8208369, 32.8626886 ], [ 130.8197788, 32.8626147 ], [ 130.8187495, 32.8625789 ], [ 130.8173268, 32.8625065 ], [ 130.8144439, 32.86238 ], [ 130.8134641, 32.8623155 ], [ 130.8127389, 32.8622545 ], [ 130.8115834, 32.8621153 ], [ 130.8107007, 32.8619722 ], [ 130.8097886, 32.8617889 ], [ 130.8078308, 32.8613325 ], [ 130.8054284, 32.8607947 ], [ 130.8027139, 32.8601586 ], [ 130.8001489, 32.8595817 ], [ 130.7986328, 32.8592206 ], [ 130.7947097, 32.8583333 ], [ 130.792283, 32.8576176 ], [ 130.7911712, 32.8572648 ], [ 130.7900986, 32.85688 ], [ 130.7891222, 32.8565086 ], [ 130.7888708, 32.856405 ], [ 130.7867239, 32.8554495 ], [ 130.7856738, 32.8550416 ], [ 130.7854653, 32.8549573 ], [ 130.7851245, 32.8548046 ], [ 130.784758, 32.8545908 ], [ 130.7845834, 32.8544847 ], [ 130.7843302, 32.8543109 ], [ 130.7841625, 32.8541935 ], [ 130.7840108, 32.8540492 ], [ 130.7838955, 32.8539097 ], [ 130.7837744, 32.8537461 ], [ 130.7836653, 32.8535094 ], [ 130.7836044, 32.8533275 ], [ 130.7835206, 32.8530421 ], [ 130.7831423, 32.8516169 ], [ 130.78267, 32.8497667 ], [ 130.7825833, 32.8493947 ], [ 130.7819963, 32.847203 ], [ 130.7816556, 32.8458895 ], [ 130.7808407, 32.8428398 ], [ 130.7806477, 32.8420533 ], [ 130.7802992, 32.8407522 ], [ 130.7800933, 32.8401747 ], [ 130.77998, 32.8398817 ], [ 130.7796728, 32.8391886 ], [ 130.7792403, 32.8383193 ], [ 130.7783744, 32.8369553 ], [ 130.7774849, 32.8356238 ], [ 130.7770015, 32.8350242 ], [ 130.7763336, 32.8342494 ], [ 130.7756757, 32.8335756 ], [ 130.7754122, 32.8333307 ], [ 130.7752831, 32.8332106 ], [ 130.7748744, 32.8328542 ], [ 130.7745616, 32.8326158 ], [ 130.7739187, 32.8321384 ], [ 130.7727017, 32.8312697 ], [ 130.7711302, 32.8301784 ], [ 130.7708906, 32.8300119 ], [ 130.7695076, 32.8290478 ], [ 130.7680858, 32.828032 ], [ 130.7662444, 32.8266755 ], [ 130.7646417, 32.8254867 ], [ 130.7639958, 32.825 ], [ 130.7625597, 32.823945 ], [ 130.7620478, 32.8235411 ], [ 130.7607674, 32.822622 ], [ 130.7598658, 32.8219546 ], [ 130.7593478, 32.82157 ], [ 130.7586331, 32.8210611 ], [ 130.7577272, 32.820457 ], [ 130.7560289, 32.8193542 ], [ 130.7529078, 32.8173933 ], [ 130.7520839, 32.816894 ], [ 130.7517615, 32.8166575 ], [ 130.7513595, 32.816394 ], [ 130.7511761, 32.8162879 ], [ 130.7511292, 32.8162506 ], [ 130.7510262, 32.816163 ], [ 130.7507444, 32.8158407 ], [ 130.7506064, 32.8154874 ], [ 130.7502886, 32.8144342 ], [ 130.7497864, 32.8128253 ], [ 130.7495687, 32.8121707 ], [ 130.7492925, 32.8112149 ], [ 130.7491698, 32.810755 ], [ 130.7490165, 32.8101802 ], [ 130.7488538, 32.8096636 ], [ 130.7481248, 32.8072666 ], [ 130.7478521, 32.8063699 ], [ 130.7473819, 32.804687 ], [ 130.7467928, 32.8029795 ], [ 130.7457419, 32.8001424 ], [ 130.7448428, 32.7976617 ], [ 130.7447856, 32.7974735 ], [ 130.744743, 32.7973481 ], [ 130.7444589, 32.7965742 ], [ 130.7443542, 32.796267 ], [ 130.7442858, 32.7960008 ], [ 130.7442756, 32.795852 ], [ 130.7442777, 32.7956575 ], [ 130.7445175, 32.7946614 ], [ 130.7447152, 32.7939206 ], [ 130.7450461, 32.7927061 ], [ 130.74509, 32.7924883 ], [ 130.745472, 32.7910363 ], [ 130.7457119, 32.7901233 ], [ 130.745815, 32.7898395 ], [ 130.7459891, 32.7891418 ], [ 130.746265, 32.7881311 ], [ 130.7463348, 32.787849 ], [ 130.7468141, 32.7860122 ], [ 130.746894, 32.7855472 ], [ 130.7468811, 32.7853389 ], [ 130.7468187, 32.7850719 ], [ 130.7464799, 32.7843432 ], [ 130.7460763, 32.7835076 ], [ 130.7459147, 32.7831886 ], [ 130.7455569, 32.7825473 ], [ 130.7446407, 32.7808334 ], [ 130.7445492, 32.7806474 ], [ 130.7444303, 32.7804483 ], [ 130.7442144, 32.7801948 ], [ 130.7429799, 32.7793408 ], [ 130.7416612, 32.7784422 ], [ 130.7412014, 32.7781246 ], [ 130.7402177, 32.7775522 ], [ 130.738893, 32.7766726 ], [ 130.7381408, 32.776157 ], [ 130.7377972, 32.7758878 ], [ 130.7365015, 32.775 ], [ 130.7336234, 32.7730721 ], [ 130.7335328, 32.7730119 ], [ 130.7332866, 32.7728429 ], [ 130.7324961, 32.7723295 ], [ 130.7306717, 32.7710989 ], [ 130.7290558, 32.77005 ], [ 130.727978, 32.7694308 ], [ 130.7276801, 32.769268 ], [ 130.7272008, 32.7690342 ], [ 130.7261761, 32.7685389 ], [ 130.7256381, 32.7683089 ], [ 130.7245914, 32.7679147 ], [ 130.7242737, 32.7678114 ], [ 130.7239543, 32.7677179 ], [ 130.7234297, 32.7675467 ], [ 130.722418, 32.7673092 ], [ 130.7209569, 32.7669561 ], [ 130.7184011, 32.7663433 ], [ 130.7181289, 32.76627 ], [ 130.7166667, 32.7659179 ], [ 130.7151261, 32.7655481 ], [ 130.7146727, 32.7654768 ], [ 130.7143944, 32.7653884 ], [ 130.7133006, 32.7651067 ], [ 130.7104933, 32.7644153 ], [ 130.7100769, 32.7643039 ], [ 130.7092135, 32.7641002 ], [ 130.7081639, 32.7638233 ], [ 130.7073301, 32.763627 ], [ 130.70572, 32.7632478 ], [ 130.7055054, 32.763189 ], [ 130.7046175, 32.7629989 ], [ 130.70365, 32.7628681 ], [ 130.7033489, 32.7628356 ], [ 130.7024019, 32.7627656 ], [ 130.7020898, 32.762762 ], [ 130.7, 32.7626673 ], [ 130.6992592, 32.7626263 ], [ 130.6987878, 32.7626245 ], [ 130.6971343, 32.7625553 ], [ 130.6948989, 32.7624531 ], [ 130.6945369, 32.7624508 ], [ 130.6938049, 32.7624209 ], [ 130.6915648, 32.7623088 ], [ 130.6907691, 32.7622669 ], [ 130.6896109, 32.7622045 ] ] } },
{ "type": "Feature", "properties": { "N12_001": "43", "N12_002": 1, "N12_003": 3, "N12_004": "一般国道57号", "N12_005": 1, "N12_006": 2 }, "geometry": { "type": "LineString", "coordinates": [ [ 130.6706732, 32.6899088 ], [ 130.6691416, 32.6900531 ], [ 130.6681933, 32.6901585 ], [ 130.6671609, 32.6902722 ], [ 130.6651997, 32.690459 ], [ 130.6634104, 32.69056 ], [ 130.6603631, 32.6907769 ], [ 130.6601205, 32.6908097 ], [ 130.6577753, 32.6909733 ], [ 130.6564686, 32.6910408 ], [ 130.6537433, 32.6911422 ], [ 130.6514464, 32.691412 ], [ 130.6498825, 32.6913223 ], [ 130.6485201, 32.6913108 ], [ 130.6453444, 32.691467 ], [ 130.643672, 32.6915797 ], [ 130.6427855, 32.6916756 ], [ 130.6415925, 32.6919181 ], [ 130.6397682, 32.6923452 ], [ 130.636508, 32.6930717 ], [ 130.6351389, 32.6933631 ], [ 130.6327572, 32.6938707 ], [ 130.6309476, 32.6942642 ], [ 130.6281346, 32.6948741 ], [ 130.625, 32.6955545 ], [ 130.6226733, 32.6960808 ], [ 130.6205199, 32.6965286 ], [ 130.6185181, 32.6969686 ], [ 130.6135692, 32.6980468 ], [ 130.6114455, 32.6985001 ], [ 130.6107394, 32.6986269 ], [ 130.6076279, 32.6994733 ], [ 130.6062343, 32.6998752 ], [ 130.6048809, 32.700267 ], [ 130.6044342, 32.7003781 ], [ 130.6015617, 32.7011986 ], [ 130.5997611, 32.7017872 ], [ 130.5994286, 32.7019411 ], [ 130.5990619, 32.702082 ], [ 130.5975492, 32.7025442 ], [ 130.5970027, 32.7026909 ], [ 130.5959104, 32.7029033 ], [ 130.5938951, 32.7034613 ], [ 130.5917932, 32.7040445 ], [ 130.5912203, 32.7042078 ], [ 130.5905783, 32.7043367 ], [ 130.5904317, 32.7043592 ], [ 130.5895786, 32.7043986 ], [ 130.5855003, 32.7039475 ], [ 130.5845072, 32.7037275 ], [ 130.5799997, 32.7026572 ], [ 130.5746828, 32.7013826 ], [ 130.5720053, 32.7007567 ], [ 130.5718594, 32.7007178 ], [ 130.5714206, 32.7005689 ], [ 130.5680403, 32.6992517 ], [ 130.5679694, 32.6992164 ], [ 130.5678805, 32.6991615 ], [ 130.567435, 32.6988625 ], [ 130.5671206, 32.6986092 ], [ 130.5669872, 32.6984795 ], [ 130.5668764, 32.6983522 ], [ 130.5667742, 32.69822 ], [ 130.5665744, 32.6977861 ], [ 130.5662011, 32.6968447 ], [ 130.5657517, 32.6956097 ], [ 130.5655166, 32.6950769 ], [ 130.5653147, 32.6947367 ], [ 130.5649881, 32.6943139 ], [ 130.5645297, 32.69387 ], [ 130.5637868, 32.6933145 ], [ 130.5625417, 32.692487 ], [ 130.5609391, 32.6914365 ], [ 130.559037, 32.690159 ], [ 130.5578322, 32.6893922 ], [ 130.5556453, 32.6883558 ], [ 130.5553433, 32.6881667 ], [ 130.555215, 32.6880628 ], [ 130.5549256, 32.6878259 ], [ 130.554673, 32.6875614 ], [ 130.5544392, 32.6872284 ], [ 130.5543328, 32.6870367 ], [ 130.5542597, 32.6868828 ], [ 130.5540728, 32.6862586 ], [ 130.5539461, 32.6851483 ], [ 130.553759, 32.6832979 ], [ 130.5528103, 32.6748633 ], [ 130.5524764, 32.6725545 ], [ 130.5524069, 32.6721783 ], [ 130.5523403, 32.6719358 ], [ 130.5521497, 32.6713925 ], [ 130.5519742, 32.6710036 ], [ 130.5517806, 32.6706342 ], [ 130.5513361, 32.6700478 ], [ 130.5511419, 32.669757 ], [ 130.5508136, 32.6694033 ], [ 130.5502617, 32.6690092 ], [ 130.5499955, 32.6688876 ], [ 130.5489278, 32.6686031 ], [ 130.5475914, 32.6683131 ], [ 130.5472164, 32.6681983 ], [ 130.5466843, 32.6679598 ], [ 130.5450338, 32.6672291 ], [ 130.5448595, 32.6671329 ], [ 130.5447572, 32.667068 ], [ 130.544635, 32.6669811 ], [ 130.544172, 32.6668208 ], [ 130.5429091, 32.6665308 ], [ 130.5418771, 32.6663361 ], [ 130.5413373, 32.6662103 ], [ 130.5412104, 32.6661683 ], [ 130.5395375, 32.6655232 ], [ 130.5385892, 32.6651436 ], [ 130.5382697, 32.664997 ], [ 130.5378239, 32.6648786 ], [ 130.5374285, 32.6648474 ], [ 130.5366119, 32.6648108 ], [ 130.5356531, 32.6647936 ], [ 130.5355755, 32.6647855 ], [ 130.5353867, 32.6647656 ], [ 130.5351542, 32.6647147 ], [ 130.5336897, 32.664322 ], [ 130.5328122, 32.6640956 ], [ 130.5320744, 32.6639608 ], [ 130.5309892, 32.6638006 ], [ 130.5297819, 32.6636975 ], [ 130.5280917, 32.6634367 ], [ 130.5274072, 32.6633175 ], [ 130.5269461, 32.663208 ], [ 130.5263494, 32.6629785 ], [ 130.5246683, 32.6622517 ], [ 130.5233814, 32.661642 ], [ 130.5226864, 32.6614791 ], [ 130.5207203, 32.6610567 ], [ 130.5205139, 32.6610003 ], [ 130.5198147, 32.6606958 ], [ 130.51902, 32.6602388 ], [ 130.518595, 32.6598892 ], [ 130.5179639, 32.6593264 ], [ 130.5175381, 32.6590161 ], [ 130.5170813, 32.6587434 ], [ 130.5158755, 32.6580879 ], [ 130.5147047, 32.6575181 ], [ 130.5144344, 32.6574072 ], [ 130.5135633, 32.6569875 ], [ 130.5126113, 32.6564344 ], [ 130.5118592, 32.6559439 ], [ 130.5112225, 32.6554903 ], [ 130.5101397, 32.655199 ], [ 130.5099611, 32.6551264 ], [ 130.5087369, 32.6547491 ], [ 130.5074562, 32.6544347 ], [ 130.5068905, 32.6543449 ], [ 130.5056944, 32.6541406 ], [ 130.5050531, 32.6541764 ], [ 130.5047425, 32.6541517 ], [ 130.5039633, 32.6540672 ], [ 130.5033841, 32.653977 ], [ 130.5028783, 32.6539545 ], [ 130.5021058, 32.654095 ], [ 130.5006147, 32.6539597 ], [ 130.500375, 32.6539258 ], [ 130.5001753, 32.6538864 ], [ 130.4999755, 32.6538244 ], [ 130.4998822, 32.6537794 ], [ 130.4997757, 32.6536889 ], [ 130.4996825, 32.6535595 ], [ 130.4994497, 32.6531256 ], [ 130.4993033, 32.6529622 ], [ 130.498977, 32.6527311 ], [ 130.4985042, 32.6524831 ], [ 130.4981714, 32.6523422 ], [ 130.4976855, 32.6521089 ], [ 130.4973176, 32.6519664 ], [ 130.4964089, 32.6516533 ], [ 130.4958614, 32.6513036 ], [ 130.4956482, 32.6511344 ], [ 130.4954819, 32.6509822 ], [ 130.495185, 32.6505927 ], [ 130.4948185, 32.65 ], [ 130.4947628, 32.6499056 ], [ 130.4946297, 32.6497308 ], [ 130.4945033, 32.6496011 ], [ 130.4943436, 32.6494828 ], [ 130.4939506, 32.6492631 ], [ 130.4935511, 32.6490939 ], [ 130.4930516, 32.6489191 ], [ 130.4928386, 32.6488233 ], [ 130.4925927, 32.6486806 ], [ 130.4916667, 32.6481036 ], [ 130.4901892, 32.6471831 ], [ 130.4898894, 32.647025 ], [ 130.4894967, 32.6468392 ], [ 130.4877258, 32.6460555 ], [ 130.4872598, 32.6458864 ], [ 130.4868937, 32.645785 ], [ 130.4863211, 32.6456495 ], [ 130.4857153, 32.6455481 ], [ 130.4854956, 32.6454972 ], [ 130.4848236, 32.6452768 ], [ 130.4843439, 32.645052 ], [ 130.4833333, 32.6447194 ], [ 130.4832253, 32.6446856 ], [ 130.4831155, 32.6446653 ], [ 130.4830028, 32.6446397 ], [ 130.4826591, 32.6445053 ], [ 130.4824664, 32.644398 ], [ 130.4821801, 32.644167 ], [ 130.4815342, 32.6435636 ], [ 130.4813078, 32.6433833 ], [ 130.4811347, 32.6432761 ], [ 130.4809683, 32.6432008 ], [ 130.4806358, 32.6430666 ], [ 130.4803428, 32.6429211 ], [ 130.4798508, 32.6425664 ], [ 130.4793433, 32.64216 ], [ 130.4789911, 32.6418558 ], [ 130.4788711, 32.6417317 ], [ 130.4788287, 32.6416667 ], [ 130.4787717, 32.6415795 ], [ 130.4786783, 32.6413767 ], [ 130.478645, 32.6411906 ], [ 130.4786028, 32.640622 ], [ 130.4785253, 32.6402661 ], [ 130.4783986, 32.6398828 ], [ 130.4782656, 32.6396289 ], [ 130.4781656, 32.6394825 ], [ 130.4776408, 32.6389258 ], [ 130.4774581, 32.63874 ], [ 130.4770956, 32.6384539 ], [ 130.4766833, 32.6381678 ], [ 130.4760728, 32.6378206 ], [ 130.4753857, 32.6374929 ], [ 130.4748503, 32.6372898 ], [ 130.4744251, 32.6371579 ], [ 130.473266, 32.6367992 ], [ 130.4712483, 32.6362411 ], [ 130.4696729, 32.6358866 ], [ 130.4687636, 32.6356833 ], [ 130.4666417, 32.6352051 ], [ 130.4664081, 32.6351589 ], [ 130.4659422, 32.6351192 ], [ 130.4653697, 32.6351192 ], [ 130.4645639, 32.6351361 ], [ 130.4642244, 32.6350967 ], [ 130.4639647, 32.6350403 ], [ 130.4632725, 32.6347811 ], [ 130.4627131, 32.6345442 ], [ 130.4623069, 32.63433 ], [ 130.4619808, 32.6341158 ], [ 130.4616411, 32.6338508 ], [ 130.4613817, 32.6336083 ], [ 130.4610486, 32.6333333 ], [ 130.4604561, 32.632932 ], [ 130.4597172, 32.6322272 ], [ 130.4588917, 32.6314156 ], [ 130.4587186, 32.6312745 ], [ 130.4582792, 32.6309758 ], [ 130.4581858, 32.630897 ], [ 130.4580529, 32.6307504 ], [ 130.4576403, 32.6302544 ], [ 130.4573806, 32.6300403 ], [ 130.4571875, 32.6298711 ], [ 130.4570608, 32.629702 ], [ 130.4570078, 32.6295611 ], [ 130.4569478, 32.6293186 ], [ 130.4568211, 32.6290256 ], [ 130.4566881, 32.6288 ], [ 130.4566014, 32.6286758 ], [ 130.4565017, 32.62858 ], [ 130.456375, 32.62849 ], [ 130.4562486, 32.6284278 ], [ 130.4560691, 32.6283772 ], [ 130.4555431, 32.6282645 ], [ 130.455444, 32.628231 ], [ 130.4546844, 32.6277346 ], [ 130.4542847, 32.627447 ], [ 130.4527069, 32.6262239 ], [ 130.4525072, 32.6259928 ], [ 130.4512622, 32.6242564 ], [ 130.4511622, 32.6241042 ], [ 130.4511158, 32.6239803 ], [ 130.4511025, 32.6238561 ], [ 130.4511331, 32.6236884 ], [ 130.4511925, 32.6235439 ], [ 130.4512942, 32.6234342 ], [ 130.451415, 32.6233761 ], [ 130.4515903, 32.6233469 ], [ 130.4518083, 32.6233322 ], [ 130.4521744, 32.6233433 ], [ 130.4528671, 32.6235071 ], [ 130.4533461, 32.6236197 ], [ 130.4535571, 32.6236515 ], [ 130.4538919, 32.6236083 ], [ 130.4541716, 32.6235464 ], [ 130.4548575, 32.6233264 ], [ 130.4553105, 32.6231508 ], [ 130.4561391, 32.6226206 ], [ 130.4568387, 32.6221088 ], [ 130.456948, 32.6219114 ], [ 130.4569947, 32.6217592 ], [ 130.4570646, 32.6212726 ], [ 130.4571281, 32.6211958 ], [ 130.4581067, 32.6204292 ], [ 130.4583333, 32.6202372 ], [ 130.4589056, 32.6197525 ], [ 130.4591453, 32.6195045 ], [ 130.4594117, 32.6192003 ], [ 130.4597247, 32.618862 ], [ 130.4599378, 32.6187322 ], [ 130.4601375, 32.6186422 ], [ 130.4605369, 32.618417 ], [ 130.4609297, 32.6181575 ], [ 130.4612294, 32.6179489 ], [ 130.4613892, 32.6178081 ], [ 130.4616356, 32.6175486 ], [ 130.4617356, 32.6174133 ], [ 130.4618153, 32.6172725 ], [ 130.4619086, 32.6169567 ], [ 130.4619753, 32.6164945 ], [ 130.4620136, 32.6157397 ], [ 130.4620883, 32.6142114 ], [ 130.4621417, 32.613817 ], [ 130.4622083, 32.61349 ], [ 130.4622681, 32.6132758 ], [ 130.4624081, 32.612915 ], [ 130.4625144, 32.6127233 ], [ 130.4627408, 32.61243 ], [ 130.4629918, 32.6121595 ], [ 130.46344, 32.61172 ], [ 130.4641683, 32.6112056 ], [ 130.4654842, 32.6104967 ], [ 130.4667829, 32.6098176 ] ] } },
{ "type": "Feature", "properties": { "N12_001": "43", "N12_002": 1, "N12_003": 3, "N12_004": "一般国道208号", "N12_005": 2, "N12_006": 1 }, "geometry": { "type": "LineString", "coordinates": [ [ 130.4387473, 33.004423 ], [ 130.4387244, 33.0028954 ], [ 130.4387258, 33.0007626 ], [ 130.4386189, 32.9992411 ], [ 130.4385722, 32.9988239 ], [ 130.438445, 32.9984125 ], [ 130.438238, 32.9978205 ], [ 130.4380966, 32.9975202 ], [ 130.4379239, 32.9970917 ], [ 130.437857, 32.9968964 ], [ 130.4376097, 32.9962481 ], [ 130.4373222, 32.9955492 ], [ 130.4372622, 32.9953575 ], [ 130.4371352, 32.9949062 ], [ 130.437015, 32.9945797 ], [ 130.4369414, 32.994467 ], [ 130.4367608, 32.9942247 ], [ 130.4365004, 32.9939429 ], [ 130.4360394, 32.9935031 ], [ 130.4357581, 32.9932245 ], [ 130.435605, 32.9930522 ], [ 130.4354647, 32.9928547 ], [ 130.4353644, 32.9926631 ], [ 130.4351439, 32.9921728 ], [ 130.4349776, 32.9916581 ], [ 130.4347698, 32.9908852 ], [ 130.4346758, 32.9904425 ], [ 130.4346828, 32.989952 ], [ 130.4347361, 32.9897547 ], [ 130.4348764, 32.9894333 ], [ 130.4350033, 32.9892361 ], [ 130.435721, 32.988702 ], [ 130.4362533, 32.9883908 ], [ 130.4368347, 32.9880639 ], [ 130.437055, 32.9879228 ], [ 130.4374158, 32.987675 ], [ 130.4375697, 32.9875339 ], [ 130.43769, 32.9873761 ], [ 130.4377969, 32.9872194 ], [ 130.4379247, 32.9869922 ], [ 130.4380197, 32.9865033 ], [ 130.4383908, 32.9849674 ], [ 130.4386792, 32.9833403 ], [ 130.4390357, 32.9822584 ], [ 130.4392939, 32.9810972 ], [ 130.4396463, 32.9794578 ], [ 130.4399689, 32.9779803 ], [ 130.4401628, 32.9770783 ], [ 130.4403031, 32.9765822 ], [ 130.4403967, 32.9763289 ], [ 130.4405369, 32.9760244 ], [ 130.4406708, 32.9758214 ], [ 130.440874, 32.9756016 ], [ 130.4413592, 32.9752408 ], [ 130.4417563, 32.9750003 ], [ 130.4426286, 32.9744797 ], [ 130.4432436, 32.9741078 ], [ 130.4436512, 32.9738713 ], [ 130.4439253, 32.9736797 ], [ 130.4441192, 32.9735047 ], [ 130.4442794, 32.973302 ], [ 130.4450347, 32.9719717 ], [ 130.4455092, 32.9710811 ], [ 130.4456902, 32.9707926 ], [ 130.4459836, 32.9702525 ], [ 130.4463044, 32.9696042 ], [ 130.4465961, 32.9688665 ], [ 130.4466576, 32.968623 ], [ 130.4469994, 32.9674342 ], [ 130.4471828, 32.9666876 ], [ 130.4473475, 32.9660177 ], [ 130.4476208, 32.9650615 ], [ 130.4477278, 32.9648244 ], [ 130.4478817, 32.9645822 ], [ 130.4479953, 32.9644411 ], [ 130.4481356, 32.9643058 ], [ 130.4487572, 32.9637705 ], [ 130.4496848, 32.9629399 ], [ 130.4510155, 32.9617642 ], [ 130.4520684, 32.9608191 ], [ 130.4523391, 32.9605692 ], [ 130.4527268, 32.9602816 ], [ 130.4529272, 32.9601519 ], [ 130.4533217, 32.9599433 ], [ 130.4535507, 32.9598411 ], [ 130.4538756, 32.9597349 ], [ 130.4542137, 32.9596578 ], [ 130.4548919, 32.9595883 ], [ 130.4557005, 32.959453 ], [ 130.4560014, 32.9594192 ], [ 130.4562888, 32.9594202 ], [ 130.4566028, 32.9594417 ], [ 130.4573996, 32.959567 ], [ 130.4586696, 32.9597953 ], [ 130.4592692, 32.9599264 ], [ 130.4600073, 32.9600616 ], [ 130.460257, 32.9600691 ], [ 130.4604856, 32.9600389 ], [ 130.4612606, 32.9598758 ], [ 130.4616894, 32.959767 ], [ 130.4630263, 32.9593712 ], [ 130.4634527, 32.959267 ], [ 130.4637403, 32.959267 ], [ 130.464049, 32.9593191 ], [ 130.4642281, 32.9593739 ], [ 130.4646425, 32.9595489 ], [ 130.4649897, 32.95978 ], [ 130.4657183, 32.9603097 ], [ 130.46646, 32.9608567 ], [ 130.4667408, 32.961082 ], [ 130.4670742, 32.961324 ], [ 130.4672622, 32.9614317 ], [ 130.4674625, 32.9615047 ], [ 130.4678169, 32.9615895 ], [ 130.4687722, 32.9617192 ], [ 130.4690128, 32.9617247 ], [ 130.4694758, 32.9616708 ], [ 130.4699923, 32.9615639 ], [ 130.4705905, 32.9613863 ], [ 130.4719772, 32.9609728 ], [ 130.4731424, 32.9606185 ], [ 130.4740926, 32.9603605 ], [ 130.4752951, 32.9599947 ], [ 130.4756891, 32.959882 ], [ 130.4760098, 32.9597861 ], [ 130.4763642, 32.9596958 ], [ 130.4769922, 32.9596 ], [ 130.4776006, 32.9595495 ], [ 130.4782555, 32.9595155 ], [ 130.4791778, 32.9594931 ], [ 130.4799394, 32.9594647 ], [ 130.4801839, 32.9594366 ], [ 130.4816906, 32.9593975 ], [ 130.4822453, 32.9593467 ], [ 130.4825528, 32.9592958 ], [ 130.4828567, 32.9592192 ], [ 130.4838289, 32.9588789 ], [ 130.4846978, 32.9585855 ], [ 130.4851856, 32.9584336 ], [ 130.4855666, 32.9583333 ], [ 130.4868901, 32.9580108 ], [ 130.487625, 32.9578081 ], [ 130.4882597, 32.9576783 ], [ 130.4886406, 32.9576783 ], [ 130.4892355, 32.9577631 ], [ 130.4896567, 32.9577911 ], [ 130.4898706, 32.9577967 ], [ 130.4901228, 32.9577908 ], [ 130.4904686, 32.9577435 ], [ 130.4906525, 32.95769 ], [ 130.4908594, 32.9575997 ], [ 130.4915144, 32.9572614 ], [ 130.4918956, 32.9570361 ], [ 130.4921761, 32.9568331 ], [ 130.4922831, 32.9567372 ], [ 130.4923767, 32.9566189 ], [ 130.4924825, 32.9564686 ], [ 130.4930986, 32.9553058 ], [ 130.4933258, 32.9548154 ], [ 130.4934261, 32.9546575 ], [ 130.4936264, 32.9544433 ], [ 130.4937936, 32.9543081 ], [ 130.4939741, 32.9541842 ], [ 130.494355, 32.9540095 ], [ 130.4950967, 32.953722 ], [ 130.4958853, 32.953412 ], [ 130.4967315, 32.9530521 ], [ 130.4970669, 32.9528951 ], [ 130.4973691, 32.9527469 ], [ 130.498076, 32.9523696 ], [ 130.4986028, 32.9520589 ], [ 130.4991895, 32.9516435 ], [ 130.4997832, 32.9511914 ], [ 130.499928, 32.9509738 ], [ 130.5002625, 32.9503492 ], [ 130.500423, 32.9500203 ], [ 130.5005631, 32.9498027 ], [ 130.5008239, 32.9495264 ], [ 130.5012439, 32.9491499 ], [ 130.5014722, 32.9489683 ], [ 130.5016994, 32.9488106 ], [ 130.5021404, 32.9486133 ], [ 130.5027016, 32.9484386 ], [ 130.5030894, 32.9482978 ], [ 130.5034036, 32.9481511 ], [ 130.5034769, 32.9480947 ], [ 130.5037175, 32.947858 ], [ 130.5041586, 32.9473283 ], [ 130.5042656, 32.94712 ], [ 130.5043431, 32.9467969 ], [ 130.5042835, 32.9462848 ], [ 130.5042322, 32.9459814 ], [ 130.5042322, 32.9455697 ], [ 130.504262, 32.9449723 ], [ 130.5043525, 32.9442961 ], [ 130.5044928, 32.9432928 ], [ 130.5045882, 32.942891 ], [ 130.5048435, 32.9425723 ], [ 130.5053015, 32.9421997 ], [ 130.5057225, 32.9419742 ], [ 130.5059597, 32.9418808 ], [ 130.5066247, 32.94176 ], [ 130.5073656, 32.9416355 ], [ 130.5080214, 32.9415006 ], [ 130.5095281, 32.9412198 ], [ 130.5102534, 32.9410667 ], [ 130.5106611, 32.940982 ], [ 130.5110019, 32.9408467 ], [ 130.5112958, 32.9407114 ], [ 130.5117436, 32.9404803 ], [ 130.5125189, 32.9400128 ], [ 130.5130337, 32.939731 ], [ 130.5134813, 32.9394607 ], [ 130.5141094, 32.9390545 ], [ 130.5143706, 32.938855 ], [ 130.51483, 32.9386716 ], [ 130.5159131, 32.9383795 ], [ 130.5179968, 32.9378765 ], [ 130.52024, 32.9374245 ], [ 130.5213286, 32.9372923 ], [ 130.5245474, 32.9370246 ], [ 130.5270215, 32.9368577 ], [ 130.529409, 32.9367221 ], [ 130.5309924, 32.9366908 ], [ 130.532514, 32.9367743 ], [ 130.5337263, 32.9369516 ], [ 130.5350375, 32.9372854 ], [ 130.5364849, 32.9377861 ], [ 130.5373508, 32.9381825 ], [ 130.5384889, 32.9387666 ], [ 130.5396393, 32.9394551 ], [ 130.5411733, 32.9404461 ], [ 130.5424969, 32.9413536 ], [ 130.5435608, 32.9419691 ], [ 130.5443897, 32.9424385 ], [ 130.5453298, 32.9428662 ], [ 130.5462776, 32.9432479 ], [ 130.5475023, 32.9436026 ], [ 130.5485415, 32.9438112 ], [ 130.5497043, 32.9439573 ], [ 130.5506445, 32.9439886 ], [ 130.5521414, 32.9439886 ], [ 130.553428, 32.9438425 ], [ 130.5554692, 32.9433836 ], [ 130.5577578, 32.9428203 ], [ 130.5597372, 32.9423404 ], [ 130.5626911, 32.9415829 ], [ 130.5642872, 32.9411825 ], [ 130.5659994, 32.9407236 ], [ 130.5674715, 32.9403167 ], [ 130.5684736, 32.9399308 ], [ 130.5694385, 32.9395135 ], [ 130.5702921, 32.9390024 ], [ 130.5713214, 32.9382075 ], [ 130.5730038, 32.9364238 ], [ 130.5737089, 32.9355058 ], [ 130.5740259, 32.9350607 ], [ 130.5748057, 32.9339411 ], [ 130.5757458, 32.9325558 ], [ 130.5768673, 32.9310328 ], [ 130.5773456, 32.9304417 ], [ 130.5793164, 32.927756 ], [ 130.5801658, 32.9265807 ], [ 130.5815247, 32.9247455 ], [ 130.5822174, 32.9238275 ], [ 130.5828482, 32.9229826 ], [ 130.5835161, 32.9222419 ], [ 130.5843572, 32.9217517 ], [ 130.58519, 32.9214352 ], [ 130.5858484, 32.9212728 ], [ 130.5876458, 32.9212389 ], [ 130.5884345, 32.921188 ], [ 130.5888961, 32.921156 ], [ 130.5900044, 32.9210981 ], [ 130.5904923, 32.9210697 ], [ 130.5908997, 32.9210528 ], [ 130.5914144, 32.9210133 ], [ 130.5918489, 32.9209739 ], [ 130.5926436, 32.9209336 ], [ 130.5929111, 32.9209231 ], [ 130.5933008, 32.9208946 ], [ 130.5936092, 32.9208998 ], [ 130.5946017, 32.9209628 ], [ 130.5954973, 32.9210247 ], [ 130.5958647, 32.9210583 ], [ 130.5959881, 32.9210745 ], [ 130.5962792, 32.9211092 ], [ 130.5964328, 32.921143 ], [ 130.5967, 32.9211656 ], [ 130.5969406, 32.9211711 ], [ 130.5970675, 32.92116 ], [ 130.5972614, 32.9211317 ], [ 130.59783, 32.9210077 ], [ 130.5988386, 32.9208331 ], [ 130.6007382, 32.9204536 ], [ 130.6015708, 32.9202695 ], [ 130.6022576, 32.9201516 ], [ 130.6026464, 32.9201 ], [ 130.6030305, 32.9200298 ], [ 130.6034209, 32.9199264 ], [ 130.603707, 32.9198861 ], [ 130.6039475, 32.9198633 ], [ 130.6043146, 32.9198692 ], [ 130.6064258, 32.9198741 ], [ 130.6077131, 32.9198692 ], [ 130.6082359, 32.9196988 ], [ 130.6090615, 32.9194805 ], [ 130.6095089, 32.9193733 ], [ 130.6100297, 32.919283 ], [ 130.6103567, 32.9192492 ], [ 130.611526, 32.9191407 ], [ 130.6118925, 32.9191139 ], [ 130.614213, 32.9189123 ], [ 130.6153508, 32.9188208 ], [ 130.6160383, 32.9187703 ], [ 130.6166692, 32.9187641 ], [ 130.617367, 32.918742 ], [ 130.61933, 32.9187139 ], [ 130.6210914, 32.9186722 ], [ 130.6216936, 32.9186236 ], [ 130.6222211, 32.9185333 ], [ 130.6226683, 32.9184053 ], [ 130.6232827, 32.918218 ], [ 130.6237367, 32.9180883 ], [ 130.6241163, 32.9180131 ], [ 130.624818, 32.9179022 ], [ 130.625729, 32.9179125 ], [ 130.6274086, 32.9180883 ], [ 130.6276593, 32.9181036 ], [ 130.6284166, 32.9181897 ], [ 130.6295692, 32.9183316 ], [ 130.630406, 32.9184239 ], [ 130.6317481, 32.91859 ], [ 130.6323681, 32.9186175 ], [ 130.6327226, 32.9186393 ], [ 130.6340383, 32.91868 ], [ 130.6356406, 32.9187028 ], [ 130.6359344, 32.91868 ], [ 130.6363351, 32.918635 ], [ 130.6371028, 32.9184772 ], [ 130.637263, 32.9184717 ], [ 130.6376958, 32.9185011 ], [ 130.6379858, 32.9185531 ], [ 130.63828, 32.9186411 ], [ 130.6395622, 32.9192328 ], [ 130.6405881, 32.9196958 ], [ 130.6415628, 32.920186 ], [ 130.6422149, 32.9204883 ], [ 130.6427121, 32.9207085 ], [ 130.6446994, 32.9209911 ], [ 130.6460429, 32.9211264 ], [ 130.6467845, 32.921177 ], [ 130.6473592, 32.9212447 ], [ 130.6478402, 32.921318 ], [ 130.6483681, 32.9213745 ], [ 130.6495708, 32.92147 ], [ 130.6508542, 32.9216053 ], [ 130.6517428, 32.9216675 ], [ 130.6526047, 32.9216561 ], [ 130.6533064, 32.9216111 ], [ 130.6536739, 32.9215378 ], [ 130.6539278, 32.9214533 ], [ 130.6541217, 32.9213517 ], [ 130.6543019, 32.9212336 ], [ 130.6546428, 32.9209575 ], [ 130.6547764, 32.9208278 ], [ 130.6548833, 32.9206361 ], [ 130.6550336, 32.9200275 ], [ 130.6551972, 32.9192999 ], [ 130.655829, 32.9166667 ], [ 130.6560175, 32.9158794 ], [ 130.6562911, 32.9150283 ], [ 130.6565783, 32.9143297 ], [ 130.6570925, 32.9131461 ], [ 130.6574331, 32.9123175 ], [ 130.6579203, 32.9112808 ], [ 130.658421, 32.910326 ], [ 130.6590538, 32.9091546 ], [ 130.6592022, 32.908897 ], [ 130.6593758, 32.9087222 ], [ 130.6595828, 32.9085756 ], [ 130.6598697, 32.9084289 ], [ 130.6601307, 32.9083333 ], [ 130.6603639, 32.9082542 ], [ 130.6605508, 32.9082261 ], [ 130.6607978, 32.9082261 ], [ 130.6610183, 32.9082542 ], [ 130.6612453, 32.908322 ], [ 130.6614655, 32.9084064 ], [ 130.6617125, 32.9085475 ], [ 130.6621934, 32.9088067 ], [ 130.6623403, 32.9088855 ], [ 130.6625272, 32.9089533 ], [ 130.6626072, 32.90897 ], [ 130.6627542, 32.9089928 ], [ 130.663255, 32.9089928 ], [ 130.6645795, 32.9088417 ], [ 130.6653061, 32.9087017 ], [ 130.6661858, 32.9085025 ], [ 130.6669392, 32.9083333 ], [ 130.6673678, 32.9082489 ], [ 130.667955, 32.908142 ], [ 130.6683958, 32.9080856 ], [ 130.6687564, 32.9080742 ], [ 130.6689984, 32.9080825 ], [ 130.6695055, 32.9081667 ], [ 130.6701459, 32.9083333 ], [ 130.6707528, 32.9084856 ], [ 130.6713087, 32.9085205 ], [ 130.6715339, 32.9085025 ], [ 130.6719542, 32.9083731 ], [ 130.6722547, 32.9082378 ], [ 130.672475, 32.9080967 ], [ 130.672682, 32.9079163 ], [ 130.6728638, 32.9076804 ], [ 130.6730428, 32.9074094 ], [ 130.6732044, 32.907196 ], [ 130.6734033, 32.9069922 ], [ 130.6736103, 32.9068458 ], [ 130.6738772, 32.9067047 ], [ 130.6744315, 32.9064905 ], [ 130.6747587, 32.9063891 ], [ 130.6752394, 32.9062089 ], [ 130.6756997, 32.9059553 ], [ 130.6759536, 32.9057636 ], [ 130.6761139, 32.9055945 ], [ 130.6762808, 32.9053636 ], [ 130.6763408, 32.9052508 ], [ 130.6764678, 32.9049072 ], [ 130.6764974, 32.9047569 ], [ 130.6765036, 32.9044455 ], [ 130.6764744, 32.9042533 ], [ 130.6763739, 32.9035653 ], [ 130.6763008, 32.9031711 ], [ 130.6762272, 32.9026583 ], [ 130.6762211, 32.9024003 ], [ 130.6762606, 32.9021453 ], [ 130.6763341, 32.901909 ], [ 130.6764342, 32.9017115 ], [ 130.6767147, 32.9013114 ], [ 130.6773892, 32.9005308 ], [ 130.6784943, 32.8992457 ], [ 130.6789234, 32.8987588 ], [ 130.6796522, 32.8979356 ], [ 130.6800128, 32.8976311 ], [ 130.6806673, 32.8972705 ], [ 130.6809811, 32.897152 ], [ 130.6814483, 32.897017 ], [ 130.6821723, 32.8968271 ], [ 130.6825836, 32.8967467 ], [ 130.6830375, 32.8966903 ], [ 130.6843258, 32.896645 ], [ 130.685441, 32.8965886 ], [ 130.685955, 32.8965492 ], [ 130.6866294, 32.8964253 ], [ 130.6867631, 32.8963914 ], [ 130.6878351, 32.8961867 ], [ 130.6887827, 32.8960853 ], [ 130.689778, 32.8959758 ] ] } },
{ "type": "Feature", "properties": { "N12_001": "43", "N12_002": 1, "N12_003": 3, "N12_004": "一般国道218号", "N12_005": 3, "N12_006": 1 }, "geometry": { "type": "LineString", "coordinates": [ [ 131.1759455, 32.6909257 ], [ 131.1757095, 32.6910609 ], [ 131.1755667, 32.6911218 ], [ 131.1753459, 32.6911979 ], [ 131.1751708, 32.6912246 ], [ 131.1749062, 32.6912417 ], [ 131.1747216, 32.6912284 ], [ 131.1744855, 32.6911884 ], [ 131.1742837, 32.6911256 ], [ 131.1741048, 32.6910552 ], [ 131.1739335, 32.6909809 ], [ 131.1737412, 32.690901 ], [ 131.1736536, 32.6908572 ], [ 131.1733726, 32.6907333 ], [ 131.1729786, 32.6905625 ], [ 131.1726002, 32.6904012 ], [ 131.1719977, 32.6901228 ], [ 131.1711808, 32.6897616 ], [ 131.1701249, 32.6891354 ], [ 131.1694903, 32.6885484 ], [ 131.1689256, 32.6879984 ], [ 131.1680986, 32.6876135 ], [ 131.1680091, 32.687568 ], [ 131.1670038, 32.6870454 ], [ 131.166524, 32.6867202 ], [ 131.1662186, 32.6864188 ], [ 131.1661115, 32.6859746 ], [ 131.1661313, 32.6851974 ], [ 131.1659331, 32.6848127 ], [ 131.1657189, 32.6846778 ], [ 131.1652319, 32.6846992 ], [ 131.1651138, 32.6846779 ], [ 131.1649568, 32.6846957 ], [ 131.1646819, 32.6848242 ], [ 131.1644437, 32.6849503 ], [ 131.1637417, 32.6853548 ], [ 131.1634503, 32.6854589 ], [ 131.1631469, 32.6855006 ], [ 131.1628435, 32.6855035 ], [ 131.1623914, 32.6854857 ], [ 131.1621296, 32.6854589 ], [ 131.1617905, 32.685367 ], [ 131.1615921, 32.6852571 ], [ 131.1613951, 32.6850529 ], [ 131.1613023, 32.6848816 ], [ 131.1612722, 32.684777 ], [ 131.1612722, 32.6844974 ], [ 131.1613317, 32.6843011 ], [ 131.1615458, 32.6840334 ], [ 131.1620039, 32.6836884 ], [ 131.162337, 32.6834386 ], [ 131.1625809, 32.6831233 ], [ 131.1626939, 32.6829329 ], [ 131.1627534, 32.6826236 ], [ 131.1626999, 32.6823737 ], [ 131.1625214, 32.6820466 ], [ 131.1622835, 32.6818265 ], [ 131.1619503, 32.6816956 ], [ 131.1616808, 32.6816447 ], [ 131.1614149, 32.681648 ], [ 131.1609736, 32.681786 ], [ 131.1605714, 32.6819692 ], [ 131.1601503, 32.682181 ], [ 131.1600456, 32.682231 ], [ 131.1597957, 32.6823381 ], [ 131.1596101, 32.6823761 ], [ 131.1593412, 32.6824023 ], [ 131.1589629, 32.682438 ], [ 131.1586108, 32.6824428 ], [ 131.158424, 32.6824416 ], [ 131.15807, 32.6824 ], [ 131.157838, 32.6823137 ], [ 131.1575317, 32.6821918 ], [ 131.1572818, 32.6820698 ], [ 131.1569546, 32.6819865 ], [ 131.1567167, 32.6819776 ], [ 131.1565382, 32.6820222 ], [ 131.156223, 32.6821828 ], [ 131.15575, 32.6824714 ], [ 131.1553277, 32.6827095 ], [ 131.1553074, 32.6827235 ], [ 131.155176, 32.6828137 ], [ 131.1547328, 32.6830724 ], [ 131.1544324, 32.6831914 ], [ 131.1541469, 32.683233 ], [ 131.1538257, 32.683242 ], [ 131.1534896, 32.6832271 ], [ 131.1531683, 32.6832241 ], [ 131.1528382, 32.6832687 ], [ 131.1507712, 32.6842976 ], [ 131.1503501, 32.6845166 ], [ 131.1499503, 32.6847069 ], [ 131.1496719, 32.6847712 ], [ 131.1494435, 32.6847735 ], [ 131.149246, 32.6847426 ], [ 131.14897, 32.6846569 ], [ 131.1485797, 32.6844713 ], [ 131.1481911, 32.6843033 ], [ 131.14811, 32.6842566 ], [ 131.1478141, 32.6840861 ], [ 131.1477139, 32.6840036 ], [ 131.1475316, 32.6838412 ], [ 131.1474899, 32.6837579 ], [ 131.1473174, 32.6834188 ], [ 131.1471509, 32.6829251 ], [ 131.1469903, 32.6824551 ], [ 131.1468041, 32.6822241 ], [ 131.1465994, 32.6820956 ], [ 131.1464067, 32.6820314 ], [ 131.1461592, 32.6820171 ], [ 131.1457595, 32.682029 ], [ 131.1454549, 32.682029 ], [ 131.1453071, 32.6820076 ], [ 131.1450739, 32.6819315 ], [ 131.1447408, 32.6817649 ], [ 131.1435163, 32.6811805 ], [ 131.1428982, 32.6808836 ], [ 131.1425312, 32.6806951 ], [ 131.142043, 32.6804752 ], [ 131.1418688, 32.6804353 ], [ 131.1416374, 32.6804307 ], [ 131.1413111, 32.6805356 ], [ 131.1412295, 32.6805838 ], [ 131.1411644, 32.6806814 ], [ 131.1411175, 32.6808317 ], [ 131.1411072, 32.6809292 ], [ 131.1411247, 32.6810304 ], [ 131.1412456, 32.6813817 ], [ 131.1412633, 32.681522 ], [ 131.1412486, 32.6816322 ], [ 131.1412231, 32.6817361 ], [ 131.1411178, 32.681927 ], [ 131.1410039, 32.6820508 ], [ 131.140915, 32.682113 ], [ 131.1407244, 32.6822086 ], [ 131.1405747, 32.6822594 ], [ 131.1404177, 32.6822647 ], [ 131.1401794, 32.6822145 ], [ 131.1397925, 32.6820775 ], [ 131.1386188, 32.6816639 ], [ 131.1383975, 32.6816119 ], [ 131.1380602, 32.6815712 ], [ 131.1380086, 32.6815873 ], [ 131.1379464, 32.6816084 ], [ 131.1379005, 32.6816338 ], [ 131.1378605, 32.6816689 ], [ 131.1378127, 32.6817395 ], [ 131.1377361, 32.6819835 ], [ 131.1377472, 32.6823706 ], [ 131.1377869, 32.6828556 ], [ 131.1379328, 32.6840853 ], [ 131.1379786, 32.6846811 ], [ 131.1379795, 32.6850428 ], [ 131.1377987, 32.6851902 ], [ 131.1371666, 32.685607 ], [ 131.1365206, 32.685995 ], [ 131.1363203, 32.6860847 ], [ 131.1361736, 32.6861245 ], [ 131.1359008, 32.6861192 ], [ 131.1356414, 32.6861075 ], [ 131.1351947, 32.6861361 ], [ 131.1349453, 32.6862053 ], [ 131.1347964, 32.6863045 ], [ 131.1341544, 32.6868461 ], [ 131.1333333, 32.6874839 ], [ 131.1330225, 32.6876964 ], [ 131.1325992, 32.6879192 ], [ 131.1323528, 32.6880078 ], [ 131.1319895, 32.688085 ], [ 131.1316222, 32.6881142 ], [ 131.1310037, 32.6882086 ], [ 131.1306303, 32.6882606 ], [ 131.1299844, 32.6883711 ], [ 131.1296611, 32.6884061 ], [ 131.1295142, 32.6884314 ], [ 131.1294183, 32.6884631 ], [ 131.1292964, 32.6885136 ], [ 131.1291903, 32.6885822 ], [ 131.1290392, 32.6887106 ], [ 131.1281719, 32.6895514 ], [ 131.1280257, 32.689646 ], [ 131.1279183, 32.6896689 ], [ 131.1268331, 32.6897644 ], [ 131.1263281, 32.6898118 ], [ 131.1258377, 32.6900617 ], [ 131.1256692, 32.6901507 ], [ 131.1253985, 32.6903345 ], [ 131.1248166, 32.6908031 ], [ 131.1242634, 32.6912331 ], [ 131.1237948, 32.6917299 ], [ 131.1235339, 32.6921036 ], [ 131.1234947, 32.6921875 ], [ 131.1233215, 32.6929872 ], [ 131.1232614, 32.6931572 ], [ 131.1231672, 32.6932925 ], [ 131.1230489, 32.6934167 ], [ 131.1229075, 32.6935233 ], [ 131.1225217, 32.6937558 ], [ 131.1222219, 32.6940039 ], [ 131.1221086, 32.6940703 ], [ 131.1217451, 32.6941958 ], [ 131.1213158, 32.6943081 ], [ 131.12117, 32.6943333 ], [ 131.1204631, 32.6944036 ], [ 131.11961, 32.6944095 ], [ 131.1194833, 32.6944264 ], [ 131.1189969, 32.6945897 ], [ 131.118732, 32.6946272 ], [ 131.1186039, 32.6946236 ], [ 131.1184306, 32.6946011 ], [ 131.1182442, 32.6945447 ], [ 131.1181139, 32.6945014 ], [ 131.1179775, 32.6944433 ], [ 131.1178353, 32.69436 ], [ 131.1176911, 32.6942628 ], [ 131.1175047, 32.694105 ], [ 131.1168517, 32.6936489 ], [ 131.1165917, 32.6934911 ], [ 131.116195, 32.693292 ], [ 131.116092, 32.6932542 ], [ 131.1159278, 32.6932117 ], [ 131.1155256, 32.6931528 ], [ 131.1148862, 32.6931545 ], [ 131.1146228, 32.693162 ], [ 131.1139534, 32.6932317 ], [ 131.1135336, 32.6932936 ], [ 131.1131669, 32.6933839 ], [ 131.1129597, 32.6934558 ], [ 131.1125781, 32.6936197 ], [ 131.1123542, 32.6937445 ], [ 131.1120892, 32.6939161 ], [ 131.1115064, 32.6942253 ], [ 131.1112896, 32.6942991 ], [ 131.1106174, 32.6944643 ], [ 131.1101141, 32.6944883 ], [ 131.1095092, 32.6944658 ], [ 131.1089494, 32.6943925 ], [ 131.1081253, 32.6942303 ], [ 131.1078122, 32.6941158 ], [ 131.1076633, 32.6940375 ], [ 131.1072703, 32.6937556 ], [ 131.1067511, 32.6933922 ], [ 131.1064772, 32.6933217 ], [ 131.1062975, 32.6933047 ], [ 131.1061178, 32.6933103 ], [ 131.1059814, 32.693345 ], [ 131.1057408, 32.6934481 ], [ 131.1056111, 32.6935245 ], [ 131.1053917, 32.6936765 ], [ 131.1046716, 32.6942517 ], [ 131.1042564, 32.6945356 ], [ 131.1040719, 32.6946292 ], [ 131.1036456, 32.694787 ], [ 131.1029859, 32.6949392 ], [ 131.1020075, 32.6950736 ], [ 131.1018464, 32.69508 ], [ 131.1013736, 32.6950575 ], [ 131.1012336, 32.6950236 ], [ 131.1011506, 32.6949936 ], [ 131.1010361, 32.6949439 ], [ 131.1009331, 32.6948831 ], [ 131.1008339, 32.6948039 ], [ 131.1, 32.694089 ], [ 131.099541, 32.6936822 ], [ 131.0993011, 32.6934908 ], [ 131.0990347, 32.6933328 ], [ 131.098728, 32.6932075 ], [ 131.0983071, 32.6931112 ], [ 131.0977975, 32.6930056 ], [ 131.0970533, 32.692895 ], [ 131.0964425, 32.6928483 ], [ 131.0963253, 32.6928453 ], [ 131.0961964, 32.6928581 ], [ 131.0960459, 32.6928836 ], [ 131.0959792, 32.6928998 ], [ 131.0955851, 32.6929964 ], [ 131.0945068, 32.6932789 ], [ 131.0941539, 32.693367 ], [ 131.0938868, 32.6933603 ], [ 131.0937511, 32.6933555 ], [ 131.0936347, 32.6933411 ], [ 131.0935378, 32.6933217 ], [ 131.093356, 32.6932572 ], [ 131.0931714, 32.6931808 ], [ 131.0930547, 32.6931197 ], [ 131.0929514, 32.6930511 ], [ 131.0928142, 32.692937 ], [ 131.092685, 32.6928256 ], [ 131.0924249, 32.6925213 ], [ 131.09185, 32.6916667 ], [ 131.091149, 32.6906439 ], [ 131.0907357, 32.6904611 ], [ 131.0904644, 32.690353 ], [ 131.0891207, 32.6899742 ], [ 131.0884676, 32.68976 ], [ 131.0879077, 32.6895572 ], [ 131.0863343, 32.6888751 ], [ 131.0839233, 32.6877764 ], [ 131.0836567, 32.6876975 ], [ 131.0835436, 32.6876806 ], [ 131.0834247, 32.6876756 ], [ 131.0833333, 32.6876754 ], [ 131.0830836, 32.687675 ], [ 131.0827575, 32.6876975 ], [ 131.0819778, 32.6877878 ], [ 131.0816381, 32.6878497 ], [ 131.0813533, 32.6878742 ], [ 131.0811916, 32.6878778 ], [ 131.0808572, 32.6878664 ], [ 131.0805633, 32.6877939 ], [ 131.0801259, 32.6876231 ], [ 131.0796922, 32.687427 ], [ 131.0790863, 32.6871115 ], [ 131.0788531, 32.6869817 ], [ 131.078593, 32.6868747 ], [ 131.0784531, 32.6868353 ], [ 131.0781714, 32.6868058 ], [ 131.0780341, 32.6868286 ], [ 131.0778667, 32.6868747 ], [ 131.0774539, 32.6870806 ], [ 131.0761431, 32.687917 ], [ 131.0759962, 32.6879964 ], [ 131.0757389, 32.6881045 ], [ 131.0755653, 32.6881459 ], [ 131.0751614, 32.688205 ], [ 131.074605, 32.6882411 ], [ 131.0743156, 32.6882269 ], [ 131.0740823, 32.6881989 ], [ 131.0734433, 32.6880536 ], [ 131.0723899, 32.6877708 ], [ 131.0721633, 32.6877539 ], [ 131.0712073, 32.6877678 ], [ 131.0704885, 32.6878198 ], [ 131.0700911, 32.6878467 ], [ 131.06977, 32.6878347 ], [ 131.0695339, 32.6877915 ], [ 131.0690319, 32.6876636 ], [ 131.0681389, 32.6873031 ], [ 131.0677725, 32.6872242 ], [ 131.0666745, 32.6872045 ], [ 131.0659537, 32.6871225 ], [ 131.0657203, 32.687072 ], [ 131.0655272, 32.6870156 ], [ 131.065194, 32.6868689 ], [ 131.0649542, 32.6867395 ], [ 131.0643633, 32.686352 ], [ 131.0637478, 32.6861933 ], [ 131.0636292, 32.6861767 ], [ 131.0634392, 32.6861614 ], [ 131.0617985, 32.6862061 ], [ 131.0615019, 32.6862029 ], [ 131.0611294, 32.68618 ], [ 131.0608058, 32.686097 ], [ 131.0606178, 32.6859986 ], [ 131.0604894, 32.6859092 ], [ 131.0596027, 32.6851137 ], [ 131.0589669, 32.6846317 ], [ 131.0586644, 32.6844736 ], [ 131.0584378, 32.6843836 ], [ 131.0582845, 32.6843442 ], [ 131.0581028, 32.6843028 ], [ 131.0579047, 32.6842764 ], [ 131.0577113, 32.6842653 ], [ 131.0575378, 32.6842608 ], [ 131.057365, 32.6842653 ], [ 131.0571944, 32.6842797 ], [ 131.0570384, 32.6843047 ], [ 131.0568386, 32.6843611 ], [ 131.0566456, 32.684423 ], [ 131.0564244, 32.6845336 ], [ 131.0561836, 32.684682 ], [ 131.0557058, 32.6850263 ], [ 131.0548931, 32.6856347 ], [ 131.0547264, 32.6857192 ], [ 131.0546078, 32.6857717 ], [ 131.0543067, 32.6858431 ], [ 131.0541881, 32.6858553 ], [ 131.0540925, 32.6858592 ], [ 131.0539136, 32.6858431 ], [ 131.0537664, 32.6858114 ], [ 131.0536069, 32.6857583 ], [ 131.0534539, 32.6856853 ], [ 131.0532738, 32.68555 ], [ 131.0531939, 32.68546 ], [ 131.0529472, 32.6852064 ], [ 131.0528075, 32.6850936 ], [ 131.0526208, 32.6849922 ], [ 131.0524611, 32.6849303 ], [ 131.0523147, 32.6848908 ], [ 131.052063, 32.6848406 ], [ 131.0519372, 32.6848406 ], [ 131.0518303, 32.6848481 ], [ 131.0517198, 32.6848672 ], [ 131.0515684, 32.684902 ], [ 131.051415, 32.6849528 ], [ 131.0510536, 32.6851078 ], [ 131.0503822, 32.6853664 ], [ 131.0502225, 32.6854039 ], [ 131.0496025, 32.6853978 ], [ 131.047662, 32.6853083 ], [ 131.047028, 32.6852793 ], [ 131.0455163, 32.6852125 ], [ 131.0452972, 32.6852028 ], [ 131.0448317, 32.6851103 ], [ 131.0445789, 32.6850145 ], [ 131.0443922, 32.6849075 ], [ 131.0442258, 32.6847722 ], [ 131.0439284, 32.6843623 ], [ 131.0436858, 32.684019 ], [ 131.0433461, 32.6834536 ], [ 131.0432328, 32.6832225 ], [ 131.0429414, 32.6824661 ], [ 131.0427464, 32.6818192 ], [ 131.0425733, 32.6810414 ], [ 131.0423536, 32.68023 ], [ 131.0421953, 32.6797928 ], [ 131.0420547, 32.67963 ], [ 131.0416978, 32.6793547 ], [ 131.041239, 32.6791628 ], [ 131.0403796, 32.6789852 ], [ 131.0378618, 32.6785788 ], [ 131.0351709, 32.6781336 ], [ 131.0330344, 32.6777814 ], [ 131.0315956, 32.6775275 ], [ 131.030778, 32.6774442 ], [ 131.0296275, 32.67744 ], [ 131.0289078, 32.6774683 ], [ 131.027981, 32.6775923 ], [ 131.0275039, 32.6776672 ], [ 131.0271553, 32.6777895 ], [ 131.0268423, 32.6779472 ], [ 131.0266022, 32.6780939 ], [ 131.0262625, 32.6782742 ], [ 131.0258094, 32.6784356 ], [ 131.024825, 32.678627 ], [ 131.0241039, 32.6788745 ], [ 131.0232831, 32.6792933 ], [ 131.0227977, 32.6795097 ], [ 131.0225712, 32.6795928 ], [ 131.0223647, 32.6796433 ], [ 131.0220184, 32.6796942 ], [ 131.0215719, 32.6797222 ], [ 131.0205457, 32.679773 ], [ 131.0199991, 32.6798239 ], [ 131.0191718, 32.6800508 ], [ 131.018558, 32.6802175 ], [ 131.0182661, 32.6803092 ], [ 131.0178969, 32.6803033 ], [ 131.0177606, 32.6802914 ], [ 131.015972, 32.6799292 ], [ 131.0147156, 32.6796883 ], [ 131.0143692, 32.6796375 ], [ 131.0142761, 32.6796356 ], [ 131.0141655, 32.6796431 ], [ 131.0140082, 32.6796593 ], [ 131.0139403, 32.6796736 ], [ 131.0138688, 32.6797233 ], [ 131.0138357, 32.6797684 ], [ 131.0137942, 32.6798882 ], [ 131.0137619, 32.6800122 ], [ 131.0137453, 32.6802011 ], [ 131.0137304, 32.6805802 ], [ 131.0137228, 32.6807422 ], [ 131.0136894, 32.6809114 ], [ 131.0136464, 32.6809939 ], [ 131.0135828, 32.68108 ], [ 131.0134965, 32.6811647 ], [ 131.013343, 32.6812886 ], [ 131.0129501, 32.6815308 ], [ 131.0125435, 32.6818523 ], [ 131.0123439, 32.6820664 ], [ 131.0121972, 32.6822636 ], [ 131.0120903, 32.6824475 ], [ 131.0120306, 32.6825792 ], [ 131.0119906, 32.6827033 ], [ 131.0119992, 32.6833333 ], [ 131.0120169, 32.6838245 ], [ 131.0120837, 32.6843775 ], [ 131.0121292, 32.6848659 ], [ 131.0121503, 32.6854703 ], [ 131.0121395, 32.6855263 ], [ 131.0121102, 32.6856168 ], [ 131.0120786, 32.6856942 ], [ 131.0120237, 32.6857858 ], [ 131.0119303, 32.6858983 ], [ 131.01188, 32.6859533 ], [ 131.0117972, 32.6860167 ], [ 131.0116639, 32.6860842 ], [ 131.0115709, 32.6861214 ], [ 131.0114176, 32.6861578 ], [ 131.0103259, 32.6864028 ], [ 131.009845, 32.686462 ], [ 131.0095053, 32.6864675 ], [ 131.0093119, 32.6864506 ], [ 131.0091653, 32.6864225 ], [ 131.0087389, 32.686225 ], [ 131.0086522, 32.686197 ], [ 131.0085522, 32.686197 ], [ 131.0070475, 32.686394 ], [ 131.0059606, 32.686535 ], [ 131.0058253, 32.6865411 ], [ 131.0057072, 32.6865295 ], [ 131.0055872, 32.6865125 ], [ 131.0053994, 32.6864433 ], [ 131.0051009, 32.686197 ], [ 131.0050161, 32.6861406 ], [ 131.0049075, 32.68609 ], [ 131.0047544, 32.6860392 ], [ 131.0046147, 32.6860222 ], [ 131.0044592, 32.6860183 ], [ 131.0043081, 32.6860278 ], [ 131.0041483, 32.6860561 ], [ 131.0038617, 32.6861403 ], [ 131.0036096, 32.6862671 ], [ 131.0031317, 32.6865217 ], [ 131.0030589, 32.6865753 ], [ 131.0030058, 32.6866592 ], [ 131.0029819, 32.6867514 ], [ 131.0029206, 32.6872447 ], [ 131.0028722, 32.687405 ], [ 131.0027622, 32.6875381 ], [ 131.0026022, 32.6876678 ], [ 131.0024891, 32.6877183 ], [ 131.0019363, 32.6877861 ], [ 131.0014658, 32.6878667 ], [ 131.0005798, 32.6881764 ], [ 130.9997173, 32.688648 ], [ 130.9992095, 32.6888606 ], [ 130.9990778, 32.6889017 ], [ 130.9989807, 32.6889217 ], [ 130.9988711, 32.6889411 ], [ 130.9986447, 32.6889675 ], [ 130.9984348, 32.6889828 ], [ 130.9981981, 32.688992 ], [ 130.9975778, 32.6889806 ], [ 130.9973641, 32.688967 ], [ 130.9967525, 32.688975 ], [ 130.99653, 32.6890003 ], [ 130.9962219, 32.6890622 ], [ 130.9959703, 32.6891378 ], [ 130.9956669, 32.6892375 ], [ 130.9950678, 32.6894933 ], [ 130.99452, 32.6897581 ], [ 130.9941961, 32.6898636 ], [ 130.9939003, 32.6898861 ], [ 130.993596, 32.6898833 ], [ 130.9934278, 32.689875 ], [ 130.9931944, 32.6898539 ], [ 130.9916667, 32.6895718 ], [ 130.9897581, 32.6892125 ], [ 130.9886127, 32.6890107 ], [ 130.9882538, 32.6890279 ], [ 130.98724, 32.6889586 ], [ 130.9861119, 32.6889728 ], [ 130.9838013, 32.6891016 ] ] } },
{ "type": "Feature", "properties": { "N12_001": "43", "N12_002": 1, "N12_003": 3, "N12_004": "一般国道218号", "N12_005": 3, "N12_006": 2 }, "geometry": { "type": "LineString", "coordinates": [ [ 130.7158873, 32.6492467 ], [ 130.7157838, 32.6492603 ], [ 130.71246, 32.6496928 ], [ 130.7118392, 32.6497691 ], [ 130.7110956, 32.6499125 ], [ 130.710543, 32.6500591 ] ] } },
{ "type": "Feature", "properties": { "N12_001": "43", "N12_002": 1, "N12_003": 4, "N12_004": "熊本県道熊本益城大津線", "N12_005": 4, "N12_006": 1 }, "geometry": { "type": "LineString", "coordinates": [ [ 130.8565828, 32.832323 ], [ 130.8565713, 32.8321283 ], [ 130.8565775, 32.8320492 ], [ 130.8566136, 32.8318606 ], [ 130.8567092, 32.8314864 ], [ 130.8568906, 32.8309264 ], [ 130.8571231, 32.8303283 ], [ 130.8574781, 32.8296208 ], [ 130.8577692, 32.8291227 ], [ 130.8579689, 32.8287689 ], [ 130.859104, 32.8266538 ], [ 130.859232, 32.8263798 ], [ 130.8592767, 32.8262095 ], [ 130.8592928, 32.8260647 ], [ 130.8592806, 32.8259728 ], [ 130.8592575, 32.8258382 ], [ 130.8592119, 32.8257 ], [ 130.8591114, 32.82551 ], [ 130.8590613, 32.8254318 ], [ 130.8588714, 32.8252358 ], [ 130.8586172, 32.8250422 ], [ 130.8584999, 32.8249955 ], [ 130.8560892, 32.8239553 ], [ 130.8520672, 32.8222408 ], [ 130.8509481, 32.8217539 ], [ 130.8483041, 32.8206284 ], [ 130.8456069, 32.8194592 ], [ 130.8442561, 32.8187939 ], [ 130.8433078, 32.8182995 ], [ 130.8416667, 32.8174238 ], [ 130.8395672, 32.8162783 ], [ 130.8393625, 32.8161706 ], [ 130.8385745, 32.8158212 ], [ 130.836573, 32.8150033 ], [ 130.8341839, 32.814037 ], [ 130.8329403, 32.8135095 ], [ 130.832465, 32.8133308 ], [ 130.8320989, 32.8132061 ], [ 130.8319611, 32.8131689 ], [ 130.8315552, 32.8130746 ], [ 130.8312254, 32.8130087 ], [ 130.8306617, 32.8129233 ], [ 130.8299486, 32.8128422 ], [ 130.8273367, 32.8126222 ], [ 130.8266975, 32.8125428 ], [ 130.8259278, 32.8125195 ], [ 130.8254251, 32.8124614 ], [ 130.8251561, 32.8124133 ], [ 130.825, 32.8123686 ], [ 130.8246092, 32.8122567 ], [ 130.8241147, 32.8120819 ], [ 130.8228128, 32.8115303 ], [ 130.819393, 32.8100671 ], [ 130.8173701, 32.8092131 ], [ 130.8153533, 32.8083468 ], [ 130.8134867, 32.8075494 ], [ 130.8118517, 32.8068461 ], [ 130.8110085, 32.8064825 ], [ 130.8094825, 32.80583 ], [ 130.8069021, 32.8047106 ], [ 130.8048336, 32.8038428 ], [ 130.8020097, 32.8026228 ], [ 130.8001124, 32.8018222 ], [ 130.7988524, 32.8012628 ], [ 130.7981278, 32.8009683 ], [ 130.7971665, 32.8005478 ], [ 130.7969294, 32.8004267 ], [ 130.7965425, 32.8002025 ], [ 130.7960914, 32.7998814 ], [ 130.7958283, 32.7996222 ], [ 130.7955539, 32.7992631 ], [ 130.79439, 32.7973806 ], [ 130.7937503, 32.7964118 ], [ 130.7936101, 32.7962101 ], [ 130.7934311, 32.7959961 ], [ 130.7932899, 32.795874 ], [ 130.7929864, 32.7956492 ], [ 130.7927728, 32.7955272 ], [ 130.7916667, 32.7950767 ], [ 130.7895816, 32.7943004 ], [ 130.7893729, 32.794228 ], [ 130.7880859, 32.7937593 ], [ 130.7863262, 32.7930945 ], [ 130.785932, 32.7929443 ] ] } },
{ "type": "Feature", "properties": { "N12_001": "43", "N12_002": 1, "N12_003": 4, "N12_004": "熊本県道熊本港線", "N12_005": 5, "N12_006": 1 }, "geometry": { "type": "LineString", "coordinates": [ [ 130.6896109, 32.7622045 ], [ 130.6884358, 32.7621452 ], [ 130.6874307, 32.7621169 ], [ 130.6871191, 32.7621216 ], [ 130.6862661, 32.7621617 ], [ 130.6857661, 32.7622736 ], [ 130.6847636, 32.7626183 ], [ 130.6836966, 32.7629636 ], [ 130.6825207, 32.7633085 ], [ 130.680429, 32.7639141 ], [ 130.6793983, 32.7641842 ], [ 130.6774781, 32.7644472 ], [ 130.6766794, 32.7645223 ], [ 130.6755675, 32.7646044 ], [ 130.6748495, 32.7646539 ], [ 130.6732381, 32.7647511 ], [ 130.6720368, 32.7647864 ], [ 130.671618, 32.7648086 ], [ 130.67151, 32.7648167 ], [ 130.670529, 32.7648244 ], [ 130.667986, 32.7647782 ], [ 130.6666667, 32.7647717 ], [ 130.6649147, 32.764775 ], [ 130.6641746, 32.7647858 ], [ 130.6633769, 32.7648016 ], [ 130.6630372, 32.7648211 ], [ 130.6620846, 32.7649052 ], [ 130.6613078, 32.7648973 ], [ 130.6611389, 32.7649958 ], [ 130.65909, 32.7651786 ], [ 130.6581361, 32.76524 ], [ 130.6569292, 32.7653372 ], [ 130.6549642, 32.7654922 ], [ 130.652351, 32.7655931 ], [ 130.6500769, 32.7656761 ], [ 130.6497926, 32.7656963 ], [ 130.6479431, 32.7657633 ], [ 130.6461678, 32.7658181 ], [ 130.6455633, 32.7658476 ], [ 130.64518, 32.7658719 ], [ 130.6445583, 32.7659572 ], [ 130.6440733, 32.7660461 ], [ 130.6427156, 32.7663702 ], [ 130.6415936, 32.7666667 ], [ 130.6365542, 32.7679914 ], [ 130.6361901, 32.7680709 ], [ 130.6359188, 32.768143 ], [ 130.6349148, 32.7684222 ], [ 130.6340437, 32.7686771 ], [ 130.6322425, 32.7691845 ], [ 130.6305636, 32.7695133 ], [ 130.6298325, 32.7696121 ], [ 130.628726, 32.7697123 ], [ 130.6284946, 32.7697188 ], [ 130.626617, 32.7696867 ], [ 130.6264758, 32.7696836 ], [ 130.6250735, 32.7696607 ], [ 130.6247316, 32.7696759 ], [ 130.6234064, 32.7696339 ], [ 130.6226303, 32.7696342 ], [ 130.6214983, 32.7695862 ], [ 130.6212795, 32.7695744 ], [ 130.6209405, 32.7695435 ], [ 130.6207126, 32.7695133 ], [ 130.6202893, 32.7694368 ], [ 130.6184161, 32.7689697 ], [ 130.6164024, 32.7684691 ], [ 130.6138084, 32.7677806 ], [ 130.6114501, 32.7671722 ], [ 130.6086349, 32.7664303 ], [ 130.6066352, 32.7659321 ], [ 130.6046029, 32.7654515 ], [ 130.6040461, 32.7653022 ], [ 130.6033793, 32.7651768 ], [ 130.602927, 32.7651494 ], [ 130.6022683, 32.7651358 ], [ 130.6004235, 32.7649918 ] ] } },
{ "type": "Feature", "properties": { "N12_001": "43", "N12_002": 1, "N12_003": 6, "N12_004": "熊本県道熊本空港線", "N12_005": 6, "N12_006": 1 }, "geometry": { "type": "LineString", "coordinates": [ [ 130.7805558, 32.8283736 ], [ 130.785731, 32.8271635 ], [ 130.7879669, 32.8266646 ], [ 130.7897668, 32.8262725 ] ] } },
{ "type": "Feature", "properties": { "N12_001": "43", "N12_002": 1, "N12_003": 6, "N12_004": "熊本県道辛川鹿本線", "N12_005": 7, "N12_006": 1 }, "geometry": { "type": "LineString", "coordinates": [ [ 130.792283, 32.8576176 ], [ 130.7923799, 32.8573282 ], [ 130.7925148, 32.8569944 ], [ 130.7927074, 32.856635 ], [ 130.7928808, 32.8563718 ], [ 130.7930992, 32.8561729 ], [ 130.7936257, 32.8558519 ], [ 130.7940432, 32.8556209 ], [ 130.7945248, 32.8553449 ], [ 130.7948459, 32.8550753 ], [ 130.7953467, 32.8545939 ], [ 130.7956614, 32.8542409 ], [ 130.7959247, 32.8538622 ], [ 130.7961559, 32.8535091 ], [ 130.7965347, 32.8528352 ], [ 130.7969971, 32.852142 ], [ 130.7973824, 32.8515386 ], [ 130.7977549, 32.8509738 ], [ 130.7979989, 32.8505502 ], [ 130.7981915, 32.8501714 ], [ 130.7982493, 32.849889 ], [ 130.7982814, 32.8496002 ], [ 130.7982878, 32.8493178 ], [ 130.7983086, 32.8490119 ], [ 130.7982505, 32.8486717 ], [ 130.7981758, 32.8480327 ], [ 130.7980969, 32.8474435 ], [ 130.7980844, 32.8468916 ], [ 130.7980927, 32.8464643 ], [ 130.7981425, 32.8461614 ], [ 130.7982256, 32.8457091 ], [ 130.7982463, 32.8455473 ], [ 130.798321, 32.8452527 ], [ 130.7983625, 32.8451116 ] ] } },
{ "type": "Feature", "properties": { "N12_001": "43", "N12_002": 1, "N12_003": 6, "N12_004": "熊本県道小池竜田線", "N12_005": 8, "N12_006": 1 }, "geometry": { "type": "LineString", "coordinates": [ [ 130.7805558, 32.8283736 ], [ 130.7799675, 32.8285049 ], [ 130.7793426, 32.8286063 ], [ 130.7788753, 32.8286465 ], [ 130.7785393, 32.828664 ], [ 130.778114, 32.828664 ], [ 130.7778059, 32.828629 ], [ 130.7768031, 32.8284909 ], [ 130.7758947, 32.8283807 ], [ 130.7756724, 32.8283579 ], [ 130.7750178, 32.8283632 ], [ 130.7744718, 32.8284279 ], [ 130.7733551, 32.828622 ], [ 130.7727671, 32.8287899 ], [ 130.7726078, 32.8288826 ], [ 130.7724363, 32.8289771 ], [ 130.7721265, 32.8292167 ], [ 130.7718167, 32.8295228 ], [ 130.7711302, 32.8301784 ] ] } },
{ "type": "Feature", "properties": { "N12_001": "43", "N12_002": 1, "N12_003": 6, "N12_004": "熊本県道中小野浦川内線", "N12_005": 9, "N12_006": 1 }, "geometry": { "type": "LineString", "coordinates": [ [ 130.7158873, 32.6492467 ], [ 130.7157275, 32.6487133 ], [ 130.715353, 32.648366 ], [ 130.7151009, 32.648171 ], [ 130.7149136, 32.6479029 ], [ 130.714712, 32.6477871 ], [ 130.7143374, 32.6476348 ], [ 130.714215, 32.647519 ], [ 130.7141718, 32.6473667 ], [ 130.7141646, 32.6472082 ], [ 130.7142798, 32.6468 ], [ 130.7142582, 32.6466111 ], [ 130.7140349, 32.6462272 ], [ 130.7136316, 32.6457214 ], [ 130.7129257, 32.6445941 ], [ 130.7128717, 32.6444875 ], [ 130.7127493, 32.6440792 ], [ 130.7126412, 32.6433754 ], [ 130.7116941, 32.6435978 ], [ 130.7111216, 32.6436923 ], [ 130.7108767, 32.6434576 ], [ 130.7105238, 32.643351 ], [ 130.7104121, 32.6433784 ], [ 130.7102213, 32.6435186 ], [ 130.7099656, 32.6434912 ], [ 130.7098504, 32.6434119 ] ] } },
{ "type": "Feature", "properties": { "N12_001": "43", "N12_002": 1, "N12_003": 6, "N12_004": "熊本県道八代港線", "N12_005": 10, "N12_006": 1 }, "geometry": { "type": "LineString", "coordinates": [ [ 130.6161681, 32.5153457 ], [ 130.616499, 32.5152751 ], [ 130.6183439, 32.5148941 ], [ 130.6197928, 32.514582 ], [ 130.6226803, 32.5139753 ], [ 130.6239039, 32.5137323 ], [ 130.6255083, 32.5133648 ], [ 130.6271032, 32.5129615 ], [ 130.6291971, 32.5124093 ], [ 130.6307592, 32.5119439 ], [ 130.6312036, 32.5118211 ], [ 130.6354808, 32.5106674 ], [ 130.6372234, 32.5101799 ], [ 130.6382547, 32.5099162 ], [ 130.6398063, 32.509519 ], [ 130.6416667, 32.5090307 ], [ 130.6431359, 32.5086614 ], [ 130.6443784, 32.5083333 ], [ 130.6451989, 32.5080989 ], [ 130.6456762, 32.5079258 ], [ 130.6467892, 32.507447 ], [ 130.6480359, 32.5067072 ] ] } },
{ "type": "Feature", "properties": { "N12_001": "43", "N12_002": 1, "N12_003": 7, "N12_004": "熊本市道二本木2丁目新大江1丁目第1号線", "N12_005": 11, "N12_006": 1 }, "geometry": { "type": "LineString", "coordinates": [ [ 130.6882849, 32.7844873 ], [ 130.6914709, 32.7843011 ], [ 130.6933759, 32.7842074 ], [ 130.6952691, 32.784145 ], [ 130.69799, 32.7840397 ], [ 130.6981771, 32.7840625 ] ] } },
{ "type": "Feature", "properties": { "N12_001": "43", "N12_002": 1, "N12_003": 3, "N12_004": "一般国道266号", "N12_005": 12, "N12_006": 1 }, "geometry": { "type": "LineString", "coordinates": [ [ 130.428789, 32.5160476 ], [ 130.4285069, 32.5169117 ], [ 130.4284336, 32.5170767 ], [ 130.4283739, 32.5171739 ], [ 130.4282808, 32.5172978 ], [ 130.4281014, 32.5174331 ], [ 130.427935, 32.5175233 ], [ 130.4277686, 32.5175797 ], [ 130.426995, 32.5177677 ], [ 130.4260259, 32.5179934 ], [ 130.425, 32.5181758 ], [ 130.4238839, 32.5183742 ], [ 130.4233383, 32.5185378 ], [ 130.4228261, 32.5187519 ], [ 130.4224069, 32.5189606 ], [ 130.4216556, 32.5194003 ], [ 130.4212497, 32.5196933 ], [ 130.4210831, 32.5198458 ], [ 130.4208972, 32.5200486 ], [ 130.4207308, 32.5203022 ], [ 130.4205181, 32.5207475 ], [ 130.4204314, 32.5210914 ], [ 130.4204216, 32.521239 ], [ 130.4204403, 32.5213681 ], [ 130.4204647, 32.521525 ], [ 130.4205181, 32.5216772 ], [ 130.4206311, 32.5218803 ], [ 130.4208042, 32.5221058 ], [ 130.4210567, 32.5223425 ], [ 130.4213369, 32.5225775 ], [ 130.4228949, 32.5236034 ], [ 130.4238039, 32.5242817 ], [ 130.4242628, 32.5246875 ], [ 130.4244788, 32.524933 ], [ 130.4245953, 32.5250653 ], [ 130.4247283, 32.5252792 ], [ 130.4248017, 32.5254145 ], [ 130.4248614, 32.5255836 ], [ 130.4249081, 32.5258936 ], [ 130.4249081, 32.5261639 ], [ 130.4249014, 32.5262655 ], [ 130.4247973, 32.5270033 ], [ 130.4235242, 32.5331142 ], [ 130.4234442, 32.5333283 ], [ 130.4233844, 32.5334467 ], [ 130.4228122, 32.5343881 ], [ 130.4227392, 32.5346081 ], [ 130.4226992, 32.5348167 ], [ 130.4227058, 32.53529 ], [ 130.4233228, 32.5392767 ], [ 130.4234839, 32.5402108 ], [ 130.4234906, 32.5404983 ], [ 130.4234639, 32.5407236 ], [ 130.4234245, 32.5408271 ], [ 130.4233842, 32.5409153 ], [ 130.4223331, 32.5420203 ], [ 130.4222664, 32.5421272 ], [ 130.4222261, 32.5422867 ], [ 130.4222261, 32.5424642 ], [ 130.4222731, 32.5426175 ], [ 130.4224861, 32.5431192 ], [ 130.4225583, 32.5433339 ], [ 130.4225672, 32.5434122 ], [ 130.4225642, 32.5434922 ], [ 130.4218539, 32.5480739 ], [ 130.4216744, 32.5488967 ], [ 130.4215811, 32.5491956 ], [ 130.4215078, 32.5493139 ], [ 130.4211822, 32.5496239 ], [ 130.4192928, 32.5511458 ], [ 130.4177348, 32.5524016 ], [ 130.4174367, 32.5527183 ], [ 130.4172306, 32.5530622 ], [ 130.4170709, 32.5534174 ], [ 130.4167651, 32.5542964 ], [ 130.4162308, 32.5556033 ], [ 130.4153481, 32.5579211 ], [ 130.4151149, 32.5584907 ], [ 130.4136317, 32.5613031 ], [ 130.4135717, 32.5613933 ], [ 130.4134494, 32.5615322 ], [ 130.4127833, 32.5621553 ], [ 130.4098698, 32.5646712 ], [ 130.4097664, 32.5648092 ], [ 130.4092211, 32.5659422 ], [ 130.4086311, 32.5670795 ], [ 130.4086089, 32.5671539 ], [ 130.4086209, 32.567409 ], [ 130.4086898, 32.5675172 ], [ 130.4087908, 32.5676283 ], [ 130.4089947, 32.5678078 ], [ 130.4092031, 32.5678883 ], [ 130.4117475, 32.5683817 ], [ 130.412018, 32.5683764 ], [ 130.4122361, 32.5683114 ], [ 130.4131125, 32.5679825 ], [ 130.4133053, 32.5679375 ], [ 130.4134888, 32.5679514 ], [ 130.4143147, 32.5681939 ], [ 130.4146356, 32.5683658 ], [ 130.414762, 32.5684731 ], [ 130.4148883, 32.5686195 ], [ 130.4150081, 32.5688111 ], [ 130.4151011, 32.5689972 ], [ 130.4151411, 32.5691551 ], [ 130.4151667, 32.5693915 ], [ 130.4152078, 32.5695498 ], [ 130.4152742, 32.5696958 ], [ 130.4154069, 32.5699176 ], [ 130.41715, 32.5714378 ], [ 130.4174161, 32.5716239 ], [ 130.4175158, 32.5716689 ], [ 130.4177819, 32.5717536 ], [ 130.4181344, 32.571838 ], [ 130.4183736, 32.5719114 ], [ 130.4187794, 32.5720972 ], [ 130.4189525, 32.57221 ], [ 130.4190575, 32.5723044 ], [ 130.4192219, 32.5724811 ], [ 130.4194047, 32.5727061 ], [ 130.4195778, 32.5730158 ], [ 130.4196546, 32.5732278 ], [ 130.4197308, 32.573495 ], [ 130.4197772, 32.5737486 ], [ 130.4197772, 32.5741714 ], [ 130.4196972, 32.574662 ], [ 130.4196972, 32.574962 ], [ 130.4197506, 32.5751581 ], [ 130.4198169, 32.5752933 ], [ 130.4199391, 32.575479 ], [ 130.4209504, 32.5768567 ], [ 130.4214525, 32.5775033 ], [ 130.4218993, 32.5781854 ], [ 130.4224372, 32.5788839 ], [ 130.4226769, 32.579132 ], [ 130.4242483, 32.5804794 ], [ 130.4264283, 32.5820792 ], [ 130.4269355, 32.5824429 ], [ 130.427925, 32.5832203 ], [ 130.4282925, 32.5836483 ], [ 130.4291619, 32.584537 ], [ 130.4293075, 32.5847261 ], [ 130.4294417, 32.5850183 ], [ 130.4294814, 32.5851945 ], [ 130.4295594, 32.5857024 ], [ 130.4296622, 32.5867189 ], [ 130.4297725, 32.5887031 ], [ 130.4298725, 32.5896049 ], [ 130.4301853, 32.5913696 ], [ 130.4303183, 32.5918431 ], [ 130.4304581, 32.5921305 ], [ 130.4306444, 32.592401 ], [ 130.4312722, 32.5930556 ], [ 130.4346125, 32.5962289 ], [ 130.4348919, 32.5965275 ], [ 130.4350791, 32.5967611 ], [ 130.4352383, 32.5969842 ], [ 130.4354378, 32.5974014 ], [ 130.4355775, 32.5979031 ], [ 130.4357303, 32.5987521 ], [ 130.4359772, 32.6000792 ], [ 130.4360303, 32.6002539 ], [ 130.4361303, 32.6004681 ], [ 130.4362564, 32.6006542 ], [ 130.4380271, 32.6026382 ], [ 130.4386071, 32.6032644 ], [ 130.4385313, 32.6036872 ], [ 130.4379601, 32.6040325 ], [ 130.4376776, 32.6044629 ], [ 130.4376965, 32.6048136 ], [ 130.4378236, 32.6054313 ], [ 130.4382049, 32.6058258 ], [ 130.4396456, 32.6058617 ], [ 130.4424847, 32.6071169 ], [ 130.4435441, 32.608157 ], [ 130.4451967, 32.6103807 ], [ 130.4467412, 32.6118432 ], [ 130.4503195, 32.6138038 ], [ 130.4513742, 32.6142501 ], [ 130.4526737, 32.6144255 ], [ 130.4538225, 32.6143776 ], [ 130.4547265, 32.6142182 ], [ 130.4558565, 32.6138357 ], [ 130.4610953, 32.6108283 ], [ 130.4621249, 32.6102385 ], [ 130.4627652, 32.6099569 ], [ 130.4632674, 32.6098347 ], [ 130.4638764, 32.6097497 ], [ 130.4643974, 32.6097444 ], [ 130.4649687, 32.6097869 ], [ 130.4654082, 32.6098985 ], [ 130.465766, 32.6101695 ], [ 130.465992, 32.6104936 ], [ 130.466036, 32.6107858 ], [ 130.4660046, 32.6110781 ], [ 130.4658476, 32.611365 ], [ 130.4656279, 32.6115881 ], [ 130.4652638, 32.6117369 ], [ 130.4648997, 32.6117263 ], [ 130.4645638, 32.611636 ], [ 130.4641683, 32.6112056 ] ] } },
{ "type": "Feature", "properties": { "N12_001": "43", "N12_002": 1, "N12_003": 3, "N12_004": "一般国道266号", "N12_005": 12, "N12_006": 2 }, "geometry": { "type": "LineString", "coordinates": [ [ 130.2000456, 32.4464072 ], [ 130.2003835, 32.4469022 ], [ 130.2010022, 32.4474399 ], [ 130.20144, 32.4477731 ], [ 130.2019873, 32.4480015 ], [ 130.2024775, 32.4481157 ], [ 130.2034656, 32.4480406 ], [ 130.2048219, 32.447968 ], [ 130.2052275, 32.4479172 ], [ 130.2055962, 32.4478104 ], [ 130.2057073, 32.447761 ], [ 130.20581, 32.4476608 ], [ 130.2058677, 32.4475305 ], [ 130.2058763, 32.4473448 ], [ 130.2058543, 32.4472685 ], [ 130.2057748, 32.4471184 ], [ 130.2056734, 32.4470382 ], [ 130.2055617, 32.4469923 ], [ 130.2053755, 32.4470064 ], [ 130.2053265, 32.447023 ], [ 130.2051434, 32.4470925 ], [ 130.2050292, 32.4472543 ], [ 130.2049911, 32.4474304 ], [ 130.2050577, 32.447616 ], [ 130.205172, 32.4477302 ], [ 130.2055144, 32.4478461 ], [ 130.2061264, 32.4480328 ] ] } },
{ "type": "Feature", "properties": { "N12_001": "43", "N12_002": 1, "N12_003": 3, "N12_004": "一般国道266号", "N12_005": 12, "N12_006": 3 }, "geometry": { "type": "LineString", "coordinates": [ [ 130.4667829, 32.6098176 ], [ 130.4671925, 32.6095969 ], [ 130.4675025, 32.6093936 ], [ 130.4677019, 32.6092287 ], [ 130.4679217, 32.6089003 ], [ 130.4680933, 32.6085139 ], [ 130.4681242, 32.608305 ], [ 130.4681394, 32.6079347 ], [ 130.4680975, 32.6073131 ], [ 130.4680133, 32.607065 ], [ 130.467895, 32.606897 ], [ 130.4676133, 32.6066636 ], [ 130.4675889, 32.6065756 ], [ 130.4676528, 32.6064356 ], [ 130.4679525, 32.6061147 ], [ 130.4690973, 32.60663 ], [ 130.4692842, 32.6067636 ], [ 130.4698331, 32.6072562 ], [ 130.4704186, 32.6077805 ], [ 130.4706158, 32.6079474 ] ] } },
{ "type": "Feature", "properties": { "N12_001": "43", "N12_002": 2, "N12_003": 6, "N12_004": "熊本県道寺田岱明線", "N12_005": 13, "N12_006": 1 }, "geometry": { "type": "LineString", "coordinates": [ [ 130.5484548, 32.9282387 ], [ 130.5505969, 32.9283347 ], [ 130.5509311, 32.9283742 ], [ 130.5514992, 32.9283853 ], [ 130.5518398, 32.9284081 ], [ 130.5521138, 32.9284081 ], [ 130.5523745, 32.9284306 ], [ 130.5536781, 32.9284811 ], [ 130.5555022, 32.9285995 ], [ 130.5561369, 32.9286108 ], [ 130.5582689, 32.9287181 ], [ 130.5587566, 32.9287347 ], [ 130.5599107, 32.9287884 ], [ 130.5603594, 32.9288242 ], [ 130.5609483, 32.9288426 ], [ 130.5615438, 32.9285882 ], [ 130.5618444, 32.9284361 ], [ 130.5623322, 32.9281603 ], [ 130.5630223, 32.9277713 ], [ 130.5634445, 32.927523 ] ] } },
{ "type": "Feature", "properties": { "N12_001": "43", "N12_002": 2, "N12_003": 3, "N12_004": "一般国道212号", "N12_005": 14, "N12_006": 1 }, "geometry": { "type": "LineString", "coordinates": [ [ 131.0839222, 32.9374411 ], [ 131.0832765, 32.9382261 ], [ 131.0829157, 32.9387129 ], [ 131.0817829, 32.9404063 ], [ 131.0810153, 32.9415861 ], [ 131.0801059, 32.9429132 ], [ 131.0799776, 32.9431006 ], [ 131.0798449, 32.9432945 ], [ 131.0797719, 32.9433838 ], [ 131.0796418, 32.9435215 ], [ 131.0793997, 32.943763 ], [ 131.0791777, 32.943932 ], [ 131.0789926, 32.9440546 ], [ 131.0788026, 32.9441649 ], [ 131.0786365, 32.9442515 ], [ 131.0784121, 32.9443578 ], [ 131.0771463, 32.9448596 ], [ 131.0768122, 32.9450045 ], [ 131.0764469, 32.9451948 ], [ 131.0761751, 32.9453656 ], [ 131.0759011, 32.94556 ], [ 131.075661, 32.9457828 ], [ 131.0755176, 32.9459414 ], [ 131.0751732, 32.9463946 ], [ 131.0729175, 32.949844 ], [ 131.0695856, 32.9549503 ], [ 131.0685192, 32.9565853 ], [ 131.0683656, 32.9567486 ], [ 131.0678491, 32.9570672 ], [ 131.0666667, 32.9577543 ], [ 131.0620789, 32.9603881 ], [ 131.0618517, 32.9605514 ], [ 131.0614442, 32.9608953 ], [ 131.06105, 32.9613514 ], [ 131.0605758, 32.9620784 ], [ 131.0601614, 32.9628558 ], [ 131.0599275, 32.9632672 ], [ 131.0597069, 32.9635883 ], [ 131.0594933, 32.9638531 ], [ 131.0592128, 32.9641517 ], [ 131.0588922, 32.9644392 ], [ 131.058645, 32.9646136 ], [ 131.0583333, 32.9648096 ], [ 131.0575961, 32.9652278 ], [ 131.0538207, 32.9672167 ], [ 131.0513881, 32.9685015 ], [ 131.0477217, 32.9704275 ], [ 131.0483431, 32.9711317 ], [ 131.0511275, 32.9743714 ], [ 131.0527925, 32.9762881 ], [ 131.0534742, 32.9770656 ], [ 131.0537414, 32.977043 ], [ 131.0539608, 32.9769747 ], [ 131.0541911, 32.9768495 ], [ 131.0543597, 32.9767817 ], [ 131.0544778, 32.9767986 ], [ 131.0545847, 32.9768661 ], [ 131.0549, 32.9773314 ], [ 131.0550175, 32.9774825 ], [ 131.0551711, 32.9776347 ], [ 131.0552714, 32.9776628 ], [ 131.055445, 32.9776517 ], [ 131.0559461, 32.9773644 ], [ 131.05612, 32.97737 ], [ 131.0563735, 32.9774489 ], [ 131.0565811, 32.9775111 ], [ 131.0568217, 32.9775167 ], [ 131.0569883, 32.9774547 ], [ 131.057015, 32.9773195 ], [ 131.057035, 32.9770264 ], [ 131.057082, 32.976942 ], [ 131.0572222, 32.9768745 ], [ 131.0573758, 32.9768689 ], [ 131.0574561, 32.9768914 ], [ 131.0575697, 32.9769647 ], [ 131.0578836, 32.9775167 ], [ 131.0579506, 32.9776011 ], [ 131.0580837, 32.9777135 ], [ 131.0581929, 32.9777328 ], [ 131.0582818, 32.9777171 ], [ 131.058445, 32.9775675 ], [ 131.0585564, 32.9774402 ], [ 131.0586656, 32.9773703 ], [ 131.0588197, 32.9773558 ], [ 131.0589458, 32.977455 ], [ 131.0590861, 32.9776353 ], [ 131.059173, 32.9777311 ], [ 131.0592639, 32.9777891 ], [ 131.0593664, 32.9778323 ], [ 131.0595315, 32.9777482 ], [ 131.0595806, 32.9776858 ], [ 131.0597075, 32.9774492 ], [ 131.0597869, 32.9773731 ], [ 131.0599378, 32.9773461 ], [ 131.0601139, 32.9774108 ], [ 131.0601153, 32.977545 ], [ 131.0599883, 32.9783111 ], [ 131.0599075, 32.9794745 ], [ 131.0599658, 32.979538 ], [ 131.0601619, 32.9795678 ], [ 131.0603625, 32.9794947 ], [ 131.0604494, 32.9794439 ], [ 131.0605897, 32.9793708 ], [ 131.0606834, 32.9793539 ], [ 131.0608052, 32.979385 ], [ 131.0608843, 32.9794396 ], [ 131.0609439, 32.9795397 ], [ 131.0611575, 32.9804694 ], [ 131.0612405, 32.9805568 ], [ 131.0612931, 32.9805764 ], [ 131.0613981, 32.9805764 ], [ 131.061485, 32.980537 ], [ 131.0617189, 32.9803792 ], [ 131.0619192, 32.9802778 ], [ 131.0620994, 32.9802722 ], [ 131.0621731, 32.9802947 ], [ 131.06234, 32.9803622 ], [ 131.0624336, 32.98043 ], [ 131.0625272, 32.980537 ], [ 131.0625739, 32.9806611 ], [ 131.0625739, 32.9808583 ], [ 131.0625406, 32.9809653 ], [ 131.0624957, 32.9810472 ], [ 131.0624249, 32.9811492 ], [ 131.0623888, 32.9811789 ], [ 131.0622995, 32.9812322 ], [ 131.0622464, 32.9812639 ], [ 131.0620797, 32.9813147 ], [ 131.0616922, 32.9813653 ], [ 131.0615852, 32.9813933 ], [ 131.0613847, 32.9815342 ], [ 131.0612711, 32.9816525 ], [ 131.0611844, 32.9817933 ], [ 131.0611042, 32.9819739 ], [ 131.0610775, 32.9820697 ], [ 131.0610708, 32.9821653 ], [ 131.061465, 32.9828808 ], [ 131.0615653, 32.9830781 ], [ 131.0615919, 32.9831683 ], [ 131.0615919, 32.9832328 ], [ 131.0615633, 32.9833333 ], [ 131.0615184, 32.983433 ], [ 131.0612645, 32.9838047 ], [ 131.0612244, 32.9839006 ], [ 131.0612178, 32.9840642 ], [ 131.0612311, 32.9847686 ], [ 131.0612647, 32.9849714 ], [ 131.0613647, 32.9850445 ], [ 131.0627278, 32.98536 ], [ 131.062915, 32.98536 ], [ 131.0629886, 32.9853261 ], [ 131.0630353, 32.9852925 ], [ 131.0632425, 32.9850617 ], [ 131.0633561, 32.9849658 ], [ 131.0634325, 32.9849178 ], [ 131.0635564, 32.9848981 ], [ 131.06365, 32.9849206 ], [ 131.0637233, 32.9849828 ], [ 131.0637767, 32.9850617 ], [ 131.0637833, 32.9851011 ], [ 131.0637833, 32.9851631 ], [ 131.0637522, 32.9852234 ], [ 131.0636941, 32.9852929 ], [ 131.0636167, 32.9853489 ], [ 131.0629953, 32.9856247 ], [ 131.0622067, 32.9859742 ], [ 131.0621667, 32.9860136 ], [ 131.0621175, 32.9860789 ], [ 131.0620819, 32.9861731 ], [ 131.0620806, 32.986275 ], [ 131.0621089, 32.986362 ], [ 131.0623003, 32.9867067 ], [ 131.0623136, 32.9867572 ], [ 131.0623189, 32.9870814 ], [ 131.06233, 32.9871686 ], [ 131.0623531, 32.9872169 ], [ 131.0623973, 32.9872723 ], [ 131.0624403, 32.9872912 ], [ 131.0626225, 32.9873192 ], [ 131.0628098, 32.9873247 ], [ 131.0628597, 32.9873327 ], [ 131.0628877, 32.9873579 ], [ 131.0630219, 32.987535 ], [ 131.0633894, 32.9878395 ], [ 131.0634294, 32.9878844 ], [ 131.0634494, 32.9879689 ], [ 131.0634575, 32.9880177 ], [ 131.0634495, 32.9880699 ], [ 131.0633494, 32.988442 ], [ 131.0633472, 32.9885042 ], [ 131.0633628, 32.9885603 ], [ 131.0634295, 32.9887239 ], [ 131.0634375, 32.988782 ], [ 131.0634294, 32.9888368 ], [ 131.0633225, 32.9892142 ], [ 131.0633292, 32.9893381 ], [ 131.0633961, 32.9897096 ], [ 131.0634228, 32.9898056 ], [ 131.0635362, 32.9899499 ], [ 131.0636468, 32.9899675 ], [ 131.0637788, 32.9898987 ], [ 131.0638639, 32.9898225 ], [ 131.0640575, 32.9896083 ], [ 131.0641178, 32.9895744 ], [ 131.0641578, 32.9895575 ], [ 131.064258, 32.9895575 ], [ 131.0643517, 32.9895859 ], [ 131.0645789, 32.9898733 ], [ 131.0648061, 32.9901381 ], [ 131.0649331, 32.9902453 ], [ 131.0650331, 32.9903014 ], [ 131.0651736, 32.9903467 ], [ 131.0653472, 32.9903692 ], [ 131.0661364, 32.9903967 ], [ 131.066203, 32.9903897 ], [ 131.066266, 32.9903689 ], [ 131.0663032, 32.9903483 ], [ 131.0663389, 32.9903193 ], [ 131.0663717, 32.9902868 ], [ 131.0664133, 32.9902381 ], [ 131.0664361, 32.9902 ], [ 131.0664555, 32.9901559 ], [ 131.0664625, 32.9901202 ], [ 131.0664753, 32.989835 ], [ 131.0664822, 32.9897858 ], [ 131.066499, 32.9897194 ], [ 131.0665106, 32.9896841 ], [ 131.0665297, 32.989649 ], [ 131.0665592, 32.98961 ], [ 131.0665986, 32.9895757 ], [ 131.0666495, 32.989549 ], [ 131.0667107, 32.9895291 ], [ 131.0667764, 32.9895255 ], [ 131.0668511, 32.9895345 ], [ 131.0669039, 32.9895578 ], [ 131.06695, 32.9895867 ], [ 131.0669731, 32.9896258 ], [ 131.0669917, 32.9896678 ], [ 131.0669964, 32.9897256 ], [ 131.0669842, 32.9898056 ], [ 131.0669239, 32.9899295 ], [ 131.0667902, 32.9901212 ], [ 131.0666667, 32.9903438 ], [ 131.0665364, 32.9906114 ], [ 131.0664494, 32.9907242 ], [ 131.0663625, 32.990775 ], [ 131.0662156, 32.9908145 ], [ 131.0657547, 32.9908256 ], [ 131.0655678, 32.9908425 ], [ 131.0653739, 32.99091 ], [ 131.0650064, 32.9911578 ], [ 131.0645453, 32.9914397 ], [ 131.0643347, 32.9916175 ], [ 131.0642784, 32.9916813 ], [ 131.0641511, 32.9918511 ], [ 131.0641178, 32.9919356 ], [ 131.0641178, 32.9920822 ], [ 131.0641844, 32.9921836 ], [ 131.0644117, 32.9923636 ], [ 131.0644719, 32.992437 ], [ 131.0644853, 32.9924933 ], [ 131.0644853, 32.9925889 ], [ 131.0643983, 32.9929047 ], [ 131.0643917, 32.9932033 ], [ 131.064405, 32.9933556 ], [ 131.064385, 32.9934964 ], [ 131.0642983, 32.9938681 ], [ 131.064225, 32.9940428 ], [ 131.0640781, 32.9941781 ], [ 131.0638667, 32.9943173 ], [ 131.0638512, 32.9943985 ], [ 131.0639175, 32.9946625 ], [ 131.0638842, 32.9947417 ], [ 131.0638172, 32.9948261 ], [ 131.0637105, 32.9949556 ], [ 131.0636505, 32.9951684 ], [ 131.0636169, 32.9953442 ], [ 131.0635233, 32.9957051 ], [ 131.06349, 32.9959642 ], [ 131.0634431, 32.9960825 ], [ 131.0633019, 32.9963386 ], [ 131.0632894, 32.9964208 ], [ 131.0633028, 32.9965222 ], [ 131.0634767, 32.9969167 ], [ 131.0635167, 32.9972378 ], [ 131.06357, 32.9973675 ], [ 131.0636636, 32.9974575 ], [ 131.0637906, 32.9975534 ], [ 131.0638575, 32.9976662 ], [ 131.0639375, 32.9978631 ], [ 131.0639978, 32.997942 ], [ 131.0641778, 32.9981281 ], [ 131.0642114, 32.9982295 ], [ 131.0642114, 32.9986014 ], [ 131.0641311, 32.9988267 ], [ 131.0640642, 32.9989283 ], [ 131.0640442, 32.9989903 ], [ 131.0640308, 32.9992439 ], [ 131.0640108, 32.9993229 ], [ 131.0639708, 32.9994128 ], [ 131.0637808, 32.9996297 ], [ 131.0637836, 32.9997507 ], [ 131.063824, 32.9997962 ], [ 131.0642314, 32.9998805 ], [ 131.0643317, 32.9999314 ], [ 131.0643695, 32.9999597 ], [ 131.0644123, 33.0 ], [ 131.0644652, 33.0000497 ], [ 131.0645253, 33.0001231 ], [ 131.0645386, 33.0002639 ], [ 131.0644786, 33.0004103 ], [ 131.0644919, 33.0005456 ], [ 131.0645722, 33.0006635 ], [ 131.0645922, 33.0007089 ], [ 131.0645856, 33.0008442 ], [ 131.0645253, 33.0010639 ], [ 131.0645253, 33.0011822 ], [ 131.0646122, 33.0013511 ], [ 131.0646567, 33.0014683 ], [ 131.0646736, 33.0016245 ], [ 131.0647069, 33.0017808 ], [ 131.0647572, 33.0019092 ], [ 131.0649244, 33.0022661 ], [ 131.0649197, 33.0023714 ], [ 131.0648261, 33.0027599 ], [ 131.0648191, 33.0028971 ], [ 131.0648616, 33.002969 ], [ 131.0648877, 33.0030068 ], [ 131.065013, 33.0031264 ], [ 131.0653719, 33.0033575 ], [ 131.0656731, 33.0035492 ], [ 131.06578, 33.0036506 ], [ 131.0658203, 33.0037633 ], [ 131.0658469, 33.0039878 ], [ 131.0658981, 33.0041358 ], [ 131.0659908, 33.0042678 ], [ 131.0661314, 33.0044078 ], [ 131.066275, 33.004507 ], [ 131.0665425, 33.0046422 ], [ 131.066695, 33.0047473 ], [ 131.0669639, 33.0050592 ], [ 131.0670108, 33.0051661 ], [ 131.0670108, 33.0053072 ], [ 131.0669906, 33.0053692 ], [ 131.06678, 33.0055317 ], [ 131.066675, 33.0056903 ], [ 131.0666428, 33.0057749 ], [ 131.0666228, 33.0058706 ], [ 131.0666161, 33.0060566 ], [ 131.0666667, 33.0061729 ], [ 131.0668233, 33.0063611 ], [ 131.0670575, 33.0065695 ], [ 131.0671478, 33.0067125 ], [ 131.0671564, 33.0068144 ], [ 131.0671197, 33.0069067 ], [ 131.0670045, 33.0069992 ], [ 131.0668808, 33.0070275 ], [ 131.0667458, 33.0070253 ], [ 131.0666629, 33.0070014 ], [ 131.0666136, 33.0069872 ], [ 131.0665492, 33.0069256 ], [ 131.0665208, 33.00685 ], [ 131.0664956, 33.0067503 ], [ 131.0664689, 33.006502 ], [ 131.0664222, 33.0063836 ], [ 131.0663465, 33.0062915 ], [ 131.0662347, 33.0062539 ], [ 131.0661245, 33.0062458 ], [ 131.0660408, 33.0062878 ], [ 131.0659739, 33.0063384 ], [ 131.0658603, 33.0064567 ], [ 131.0657197, 33.0066597 ], [ 131.0655125, 33.0070033 ], [ 131.0653719, 33.0072683 ], [ 131.0653253, 33.0074089 ], [ 131.0652783, 33.007595 ], [ 131.0652775, 33.0080873 ], [ 131.0653876, 33.0083333 ], [ 131.0656142, 33.0087456 ], [ 131.065855, 33.0090547 ], [ 131.0660274, 33.0092118 ], [ 131.0661472, 33.0093209 ], [ 131.0665428, 33.0097936 ], [ 131.0669703, 33.0103564 ], [ 131.0679092, 33.0114144 ], [ 131.0681718, 33.0116574 ], [ 131.0684217, 33.0119243 ], [ 131.0685453, 33.0120805 ], [ 131.0686071, 33.012202 ], [ 131.0687153, 33.0125232 ], [ 131.0687758, 33.0130561 ], [ 131.0688094, 33.0136136 ], [ 131.0690035, 33.0148167 ], [ 131.06901, 33.0153381 ], [ 131.0689564, 33.0156253 ], [ 131.0688561, 33.0158903 ], [ 131.0687425, 33.0161326 ], [ 131.0686086, 33.0163411 ], [ 131.0683746, 33.0166608 ], [ 131.0682193, 33.0169 ], [ 131.0680469, 33.0172484 ], [ 131.0679331, 33.0175583 ], [ 131.0678931, 33.0178064 ], [ 131.0678797, 33.0181953 ], [ 131.0679197, 33.0193137 ], [ 131.068, 33.02232 ], [ 131.0680067, 33.0234753 ], [ 131.0679131, 33.0238583 ], [ 131.0678461, 33.0240331 ], [ 131.0676925, 33.0243206 ], [ 131.0675186, 33.0245683 ], [ 131.0673581, 33.0247489 ], [ 131.067037, 33.0250699 ], [ 131.0657864, 33.0261011 ], [ 131.0637203, 33.0277803 ], [ 131.0634794, 33.0280169 ], [ 131.0633392, 33.0281972 ], [ 131.0631786, 33.0284678 ], [ 131.063145, 33.0285972 ], [ 131.0631517, 33.0288003 ], [ 131.0632453, 33.029127 ], [ 131.0640681, 33.0311611 ], [ 131.0650178, 33.033252 ], [ 131.06564, 33.0344633 ], [ 131.0659342, 33.0349706 ], [ 131.0668684, 33.0364653 ], [ 131.0675394, 33.0377039 ], [ 131.0678872, 33.038397 ], [ 131.0689372, 33.0407636 ], [ 131.0690778, 33.0412653 ], [ 131.0690978, 33.0413837 ], [ 131.0690978, 33.0416542 ], [ 131.0690375, 33.0420315 ], [ 131.0689175, 33.0424089 ], [ 131.0678142, 33.0456942 ], [ 131.0676203, 33.0464267 ], [ 131.06752, 33.0469339 ], [ 131.06742, 33.047608 ], [ 131.0673461, 33.0482127 ], [ 131.0673194, 33.0486639 ], [ 131.0673394, 33.0492158 ], [ 131.0674199, 33.0497809 ], [ 131.0674866, 33.0505118 ], [ 131.0675067, 33.0510364 ], [ 131.0674131, 33.0516055 ], [ 131.0672928, 33.051994 ], [ 131.0670253, 33.0526758 ], [ 131.0669853, 33.0529124 ], [ 131.0669919, 33.0530931 ], [ 131.0670256, 33.0532 ], [ 131.0671992, 33.0535214 ], [ 131.06746, 33.0538649 ], [ 131.0676272, 33.0541469 ], [ 131.0676539, 33.0542483 ], [ 131.0676472, 33.0544625 ], [ 131.0676272, 33.0546033 ], [ 131.0675603, 33.0548397 ], [ 131.0674067, 33.0551497 ], [ 131.0670722, 33.0557528 ], [ 131.0670189, 33.0559331 ], [ 131.0670189, 33.05635 ], [ 131.0670856, 33.0566092 ], [ 131.0671458, 33.0567672 ], [ 131.0674536, 33.0573645 ], [ 131.0675003, 33.0574942 ], [ 131.0675606, 33.0577984 ], [ 131.0675606, 33.0579111 ], [ 131.0674869, 33.0581139 ], [ 131.0674067, 33.0582489 ], [ 131.0673435, 33.0583333 ], [ 131.0671834, 33.0584954 ], [ 131.0670053, 33.0586267 ], [ 131.066591, 33.0588238 ], [ 131.066002, 33.0590832 ], [ 131.065875, 33.0591789 ], [ 131.0657614, 33.0593197 ], [ 131.0657144, 33.0594211 ], [ 131.0657144, 33.0596636 ], [ 131.0657347, 33.0597875 ], [ 131.0657905, 33.0598924 ], [ 131.0659219, 33.0600861 ], [ 131.0662361, 33.0603847 ], [ 131.0670322, 33.061095 ], [ 131.0672825, 33.061396 ], [ 131.0673881, 33.0615529 ], [ 131.0674403, 33.0616583 ], [ 131.0674536, 33.0617597 ], [ 131.0674403, 33.0618892 ], [ 131.0672797, 33.0621881 ], [ 131.0671794, 33.0623345 ], [ 131.0670656, 33.0625486 ], [ 131.0669183, 33.0629656 ], [ 131.0668783, 33.0631572 ], [ 131.0668517, 33.0633321 ], [ 131.066845, 33.063597 ], [ 131.0668717, 33.0637772 ], [ 131.0669719, 33.0640308 ], [ 131.067128, 33.0644824 ], [ 131.0672061, 33.064707 ], [ 131.0672797, 33.0651353 ], [ 131.0672864, 33.0656256 ], [ 131.0672664, 33.0657272 ], [ 131.0671392, 33.0660764 ], [ 131.066905, 33.0665214 ], [ 131.066481, 33.0671438 ], [ 131.0661828, 33.0675078 ], [ 131.0659689, 33.0676825 ], [ 131.0656011, 33.0679078 ], [ 131.0651128, 33.0681389 ], [ 131.0649726, 33.0681953 ], [ 131.0648186, 33.0682458 ], [ 131.0646914, 33.0683081 ], [ 131.0644372, 33.0684545 ], [ 131.0643103, 33.0685728 ], [ 131.0642433, 33.0686572 ], [ 131.0641764, 33.0687814 ], [ 131.0641431, 33.0688997 ], [ 131.0641564, 33.0692208 ], [ 131.0642033, 33.0696095 ], [ 131.0642167, 33.06988 ], [ 131.0641831, 33.0701111 ], [ 131.0641431, 33.0702898 ], [ 131.0640364, 33.0704795 ], [ 131.0639222, 33.0706183 ], [ 131.0637283, 33.0708381 ], [ 131.0635478, 33.0711255 ], [ 131.0634808, 33.0713058 ], [ 131.0634675, 33.0715706 ], [ 131.0635344, 33.0719764 ], [ 131.0636817, 33.0726358 ], [ 131.063735, 33.0729175 ], [ 131.0637549, 33.0730805 ], [ 131.063735, 33.0733683 ], [ 131.0636214, 33.0737911 ], [ 131.0633539, 33.0742195 ], [ 131.0630931, 33.0745236 ], [ 131.0624969, 33.0750592 ], [ 131.0621031, 33.0754986 ], [ 131.0617286, 33.0760397 ], [ 131.0615547, 33.0764286 ], [ 131.0613539, 33.0770089 ], [ 131.0611933, 33.0775386 ], [ 131.0610397, 33.0783614 ], [ 131.0610397, 33.07919 ], [ 131.0610664, 33.0794436 ], [ 131.0611128, 33.0795958 ], [ 131.0612664, 33.0799131 ], [ 131.0614544, 33.080245 ], [ 131.0616953, 33.0805914 ], [ 131.0620303, 33.0809578 ], [ 131.0624006, 33.0813392 ], [ 131.0630322, 33.0818839 ], [ 131.0637011, 33.0824642 ], [ 131.0644101, 33.0830845 ], [ 131.0648111, 33.0834225 ], [ 131.0651053, 33.08371 ], [ 131.0653061, 33.0839297 ], [ 131.0656003, 33.0843131 ], [ 131.0660817, 33.0850286 ], [ 131.0666667, 33.0859754 ], [ 131.0671422, 33.0866856 ], [ 131.0673753, 33.087097 ], [ 131.0675294, 33.0875647 ], [ 131.0676768, 33.0881457 ], [ 131.0677703, 33.0885792 ], [ 131.0677769, 33.0889567 ], [ 131.0677569, 33.0891428 ], [ 131.0675759, 33.0897027 ], [ 131.0668536, 33.0916667 ], [ 131.0665853, 33.0924508 ], [ 131.0665249, 33.0928504 ], [ 131.0664446, 33.0938632 ], [ 131.0664447, 33.0946486 ], [ 131.0664781, 33.0949531 ], [ 131.0665117, 33.095077 ], [ 131.0665517, 33.0952517 ], [ 131.0666186, 33.0954095 ], [ 131.0667122, 33.0955392 ], [ 131.0670802, 33.096001 ], [ 131.0676911, 33.0967387 ], [ 131.0680008, 33.0971469 ], [ 131.0682381, 33.0976411 ], [ 131.0682917, 33.0978103 ], [ 131.068305, 33.0979456 ], [ 131.0683119, 33.0983905 ], [ 131.0682586, 33.0988739 ], [ 131.0682381, 33.0990442 ], [ 131.0679503, 33.1006842 ], [ 131.0677361, 33.1018506 ], [ 131.0671586, 33.1051559 ], [ 131.0670309, 33.1058694 ], [ 131.0669458, 33.1061558 ], [ 131.0668456, 33.1063531 ], [ 131.0667583, 33.1064772 ], [ 131.0666667, 33.1065785 ], [ 131.0665442, 33.1067139 ], [ 131.0663903, 33.1068661 ], [ 131.0662831, 33.106945 ], [ 131.0656936, 33.1072545 ], [ 131.06498, 33.1076388 ], [ 131.0644269, 33.1079606 ], [ 131.0642131, 33.1081175 ], [ 131.0640595, 33.1082861 ], [ 131.0639334, 33.1084494 ], [ 131.0638508, 33.1085745 ], [ 131.0638194, 33.1087706 ], [ 131.0637861, 33.1095483 ], [ 131.0637861, 33.1097736 ], [ 131.06368, 33.1102008 ], [ 131.0635383, 33.1104161 ], [ 131.0632839, 33.1107431 ], [ 131.0631836, 33.1108386 ], [ 131.0623836, 33.1114347 ], [ 131.0617844, 33.1118303 ], [ 131.0607606, 33.1126347 ], [ 131.0605334, 33.1130035 ], [ 131.0604311, 33.1132413 ], [ 131.0597897, 33.114417 ], [ 131.0586317, 33.116265 ], [ 131.0585444, 33.1164622 ], [ 131.0584572, 33.1167666 ], [ 131.0584372, 33.1171386 ], [ 131.0584706, 33.1174711 ], [ 131.0585042, 33.1176628 ], [ 131.0585978, 33.1179784 ], [ 131.0587517, 33.1182992 ], [ 131.0601975, 33.1201647 ], [ 131.0604519, 33.1205253 ], [ 131.0607062, 33.1209589 ], [ 131.0612393, 33.121946 ], [ 131.0614426, 33.1222724 ], [ 131.0626657, 33.1238742 ] ] } },
{ "type": "Feature", "properties": { "N12_001": "43", "N12_002": 2, "N12_003": 3, "N12_004": "一般国道219号", "N12_005": 15, "N12_006": 1 }, "geometry": { "type": "LineString", "coordinates": [ [ 130.9828921, 32.2813849 ], [ 130.9816114, 32.2819817 ], [ 130.9811536, 32.2822411 ], [ 130.9804783, 32.2825314 ], [ 130.9792571, 32.2828423 ], [ 130.9784569, 32.2830832 ], [ 130.9780631, 32.2832103 ], [ 130.9777714, 32.2832778 ], [ 130.9772472, 32.2833511 ], [ 130.9769686, 32.2833453 ], [ 130.9767233, 32.2833058 ], [ 130.9763716, 32.2831986 ], [ 130.9761861, 32.2831142 ], [ 130.9756822, 32.2827761 ], [ 130.9750591, 32.2823254 ], [ 130.9736336, 32.281267 ], [ 130.9729828, 32.2808147 ], [ 130.9721872, 32.280392 ], [ 130.9693419, 32.2787745 ], [ 130.9674182, 32.2776696 ], [ 130.9656384, 32.2766398 ], [ 130.9620656, 32.274612 ], [ 130.9593599, 32.2730643 ], [ 130.9567408, 32.2715694 ], [ 130.956011, 32.2711656 ], [ 130.9553017, 32.2708047 ], [ 130.9551161, 32.2707314 ], [ 130.9538125, 32.270347 ], [ 130.952478, 32.2699784 ], [ 130.9506393, 32.2694686 ], [ 130.9480196, 32.2687413 ], [ 130.9452078, 32.2679411 ], [ 130.9450219, 32.2678622 ], [ 130.9447103, 32.267682 ], [ 130.9441464, 32.2673267 ], [ 130.9426933, 32.2663964 ], [ 130.9392184, 32.2641703 ], [ 130.9379535, 32.2634337 ], [ 130.9371682, 32.2629264 ], [ 130.9354589, 32.2617925 ], [ 130.9344965, 32.2611833 ], [ 130.9335023, 32.2605465 ], [ 130.9318849, 32.2594763 ], [ 130.9292638, 32.2577206 ], [ 130.9288136, 32.2574583 ], [ 130.9262603, 32.2557617 ], [ 130.9257828, 32.2554631 ], [ 130.9250333, 32.2550458 ], [ 130.9231233, 32.2540597 ], [ 130.9224722, 32.2536695 ], [ 130.9221533, 32.2534286 ], [ 130.9216425, 32.2531242 ], [ 130.9200392, 32.2521113 ], [ 130.9183825, 32.2510106 ], [ 130.9176562, 32.2504716 ], [ 130.917107, 32.2499988 ], [ 130.9143981, 32.2476008 ], [ 130.9133254, 32.2466044 ], [ 130.9128616, 32.2462111 ], [ 130.9121603, 32.2456447 ], [ 130.9083256, 32.2422991 ], [ 130.9075683, 32.2416261 ], [ 130.9070314, 32.2413445 ], [ 130.9013922, 32.2392586 ], [ 130.9004563, 32.2389434 ], [ 130.8993713, 32.238357 ], [ 130.8986292, 32.23794 ], [ 130.8974031, 32.2371622 ], [ 130.8958769, 32.2361725 ], [ 130.8947517, 32.235433 ], [ 130.8928704, 32.2342144 ], [ 130.8918633, 32.2336845 ], [ 130.891483, 32.2335021 ], [ 130.8913347, 32.2334556 ], [ 130.8905844, 32.2329631 ], [ 130.8902994, 32.2327489 ], [ 130.8898619, 32.2323825 ], [ 130.8894578, 32.2319258 ], [ 130.8891928, 32.2317061 ], [ 130.8880167, 32.2310795 ], [ 130.8857178, 32.229887 ], [ 130.8839844, 32.2290344 ], [ 130.8834996, 32.2287463 ], [ 130.8822797, 32.2278498 ], [ 130.8810511, 32.2269253 ], [ 130.8798494, 32.2260981 ], [ 130.8796242, 32.2259683 ], [ 130.879392, 32.225867 ], [ 130.8789218, 32.2257317 ], [ 130.8742567, 32.2244297 ], [ 130.8726716, 32.2239442 ], [ 130.8713274, 32.2236236 ], [ 130.8707711, 32.2234544 ], [ 130.8703935, 32.2233137 ], [ 130.8694258, 32.2228853 ], [ 130.8689353, 32.2226033 ], [ 130.8680392, 32.2220312 ], [ 130.8677743, 32.2218437 ], [ 130.8671454, 32.2213568 ], [ 130.8667686, 32.221042 ], [ 130.8648495, 32.219109 ], [ 130.8620981, 32.216281 ], [ 130.8605672, 32.2147275 ], [ 130.859348, 32.2134709 ], [ 130.85775, 32.2118661 ], [ 130.8553722, 32.2098267 ], [ 130.8547472, 32.2092903 ], [ 130.8544433, 32.2089636 ], [ 130.8515743, 32.2080562 ], [ 130.8497676, 32.2074537 ], [ 130.8472867, 32.20663 ], [ 130.8468558, 32.2064722 ], [ 130.846446, 32.2062777 ], [ 130.8462528, 32.2061736 ], [ 130.8447489, 32.2051194 ], [ 130.8430718, 32.203913 ], [ 130.8405475, 32.2021489 ], [ 130.8381153, 32.2003964 ], [ 130.8377308, 32.200137 ], [ 130.8373403, 32.1999003 ], [ 130.8370022, 32.1997311 ], [ 130.8366378, 32.1995847 ], [ 130.8360811, 32.1993872 ], [ 130.8350208, 32.1990322 ], [ 130.8329464, 32.1983613 ], [ 130.8293082, 32.1971662 ], [ 130.8272675, 32.1965069 ], [ 130.8269164, 32.1963998 ], [ 130.8263066, 32.1962533 ], [ 130.8253918, 32.1960954 ], [ 130.8247284, 32.1959978 ], [ 130.8238684, 32.1959095 ], [ 130.8196412, 32.1956483 ], [ 130.8184608, 32.1955939 ], [ 130.8149485, 32.1954075 ], [ 130.8145311, 32.1954414 ], [ 130.8140275, 32.1955483 ], [ 130.8121588, 32.1961573 ], [ 130.8104293, 32.1965856 ], [ 130.8091039, 32.1967261 ], [ 130.8087928, 32.1967489 ], [ 130.808382, 32.1967431 ], [ 130.8081057, 32.1967147 ], [ 130.8069439, 32.1964331 ], [ 130.8061022, 32.1961795 ], [ 130.8057905, 32.1960667 ], [ 130.8048303, 32.1955634 ], [ 130.804117, 32.1951992 ], [ 130.8035908, 32.1949958 ], [ 130.8032461, 32.1948886 ], [ 130.8030606, 32.1948547 ], [ 130.8027425, 32.1948492 ], [ 130.8024971, 32.1949111 ], [ 130.8023117, 32.1949789 ], [ 130.8014702, 32.195537 ], [ 130.8012583, 32.1956664 ], [ 130.8010661, 32.1957511 ], [ 130.8002908, 32.1959311 ], [ 130.7977992, 32.1963822 ], [ 130.7975408, 32.1963878 ], [ 130.7971498, 32.1963594 ], [ 130.7969178, 32.1963089 ], [ 130.7967456, 32.196247 ], [ 130.796255, 32.1959425 ], [ 130.7944646, 32.1945394 ], [ 130.7933444, 32.1937036 ], [ 130.7931539, 32.1935919 ], [ 130.7929685, 32.1935288 ], [ 130.7929191, 32.193512 ], [ 130.7927725, 32.1934781 ], [ 130.7925431, 32.1934536 ], [ 130.792292, 32.1934647 ], [ 130.7919437, 32.1935019 ], [ 130.7912897, 32.19383 ], [ 130.7891862, 32.19506 ], [ 130.7890976, 32.1950983 ], [ 130.7888469, 32.1951756 ], [ 130.7885686, 32.195215 ], [ 130.7882836, 32.1952264 ], [ 130.7881378, 32.1952489 ], [ 130.7879722, 32.1952995 ], [ 130.78666, 32.1958969 ], [ 130.7852553, 32.1963872 ], [ 130.7851361, 32.1964211 ], [ 130.7848887, 32.1964682 ], [ 130.7824392, 32.1970411 ], [ 130.7822203, 32.1970467 ], [ 130.7820614, 32.1970186 ], [ 130.7816979, 32.196955 ], [ 130.7813529, 32.1968725 ], [ 130.7810472, 32.196798 ], [ 130.7808163, 32.1967597 ], [ 130.780143, 32.1966933 ], [ 130.779891, 32.1967272 ], [ 130.7795797, 32.1967836 ], [ 130.7792747, 32.1968569 ], [ 130.7790752, 32.1969248 ], [ 130.7787246, 32.1970825 ], [ 130.7784994, 32.1972061 ], [ 130.7783722, 32.1973024 ], [ 130.7778587, 32.1977783 ], [ 130.7774209, 32.1983113 ], [ 130.7770211, 32.1990061 ], [ 130.7769086, 32.1991359 ], [ 130.77665, 32.1993556 ], [ 130.77629, 32.199572 ], [ 130.7759632, 32.1997382 ], [ 130.775613, 32.1998414 ], [ 130.7748606, 32.1999484 ], [ 130.7734832, 32.2001644 ], [ 130.7721266, 32.2003018 ], [ 130.7718339, 32.2003196 ], [ 130.7715766, 32.2003074 ], [ 130.7712789, 32.2002679 ], [ 130.7710336, 32.2002115 ], [ 130.7706625, 32.2000932 ], [ 130.7692061, 32.1996447 ], [ 130.7683711, 32.1993403 ], [ 130.7681525, 32.1992953 ], [ 130.7680067, 32.1992783 ], [ 130.7674689, 32.1992783 ], [ 130.7669597, 32.1993233 ], [ 130.7648989, 32.1994811 ], [ 130.7625731, 32.199695 ], [ 130.7622947, 32.1997064 ], [ 130.7582328, 32.2000333 ], [ 130.7576694, 32.2000614 ], [ 130.7563177, 32.2000389 ], [ 130.7561853, 32.2000278 ], [ 130.7555492, 32.2000164 ], [ 130.7553173, 32.2000444 ], [ 130.7550522, 32.2000897 ], [ 130.7545664, 32.2002126 ], [ 130.7534089, 32.200715 ], [ 130.7522216, 32.2013413 ], [ 130.7503239, 32.2023346 ], [ 130.7484758, 32.2029933 ], [ 130.7472801, 32.2033145 ], [ 130.7451445, 32.2039153 ], [ 130.7443771, 32.2042068 ], [ 130.7436693, 32.2048433 ], [ 130.7433242, 32.2055036 ], [ 130.7432528, 32.2062829 ], [ 130.7431934, 32.2064792 ], [ 130.7431636, 32.2078414 ], [ 130.743116, 32.2095606 ], [ 130.7430863, 32.2104648 ], [ 130.7427948, 32.21125 ], [ 130.7417597, 32.2123505 ], [ 130.7410518, 32.2130644 ], [ 130.7399628, 32.2141358 ], [ 130.7383834, 32.2159273 ], [ 130.7379936, 32.2164022 ], [ 130.7350711, 32.2196836 ], [ 130.7333096, 32.2216455 ], [ 130.7316981, 32.2234544 ], [ 130.7315719, 32.2235783 ], [ 130.7292361, 32.2262322 ], [ 130.7281235, 32.2270103 ], [ 130.7274897, 32.2273547 ], [ 130.7272337, 32.2274818 ], [ 130.7269461, 32.2275858 ], [ 130.7261838, 32.227755 ], [ 130.7256536, 32.2278392 ], [ 130.7243945, 32.2279745 ], [ 130.7218895, 32.2282 ], [ 130.7173981, 32.2286213 ], [ 130.7142391, 32.2288719 ], [ 130.7127146, 32.2289297 ], [ 130.7119881, 32.2292145 ], [ 130.711299, 32.2294286 ], [ 130.7107887, 32.2295581 ], [ 130.7102253, 32.2296595 ], [ 130.7093769, 32.2297442 ], [ 130.7085341, 32.2297589 ], [ 130.7083965, 32.2298054 ], [ 130.7081672, 32.2299611 ], [ 130.7080558, 32.2300725 ], [ 130.7079639, 32.2302131 ], [ 130.7078547, 32.2305122 ], [ 130.7077667, 32.23077 ], [ 130.7076475, 32.2310461 ], [ 130.7075811, 32.2311647 ], [ 130.7074683, 32.2313 ], [ 130.7073822, 32.2313842 ], [ 130.7072564, 32.2314856 ], [ 130.7071306, 32.2315645 ], [ 130.7069714, 32.2316378 ], [ 130.7067925, 32.2316942 ], [ 130.7057679, 32.2319014 ], [ 130.7036643, 32.2323428 ], [ 130.7023122, 32.2326131 ], [ 130.7018153, 32.2327653 ], [ 130.7010664, 32.2331483 ], [ 130.6987531, 32.2344562 ], [ 130.6978456, 32.2349858 ], [ 130.6969271, 32.2355218 ], [ 130.696275, 32.2359514 ], [ 130.6959667, 32.2361761 ], [ 130.6957334, 32.2363717 ], [ 130.6949126, 32.237126 ], [ 130.6932362, 32.2383002 ], [ 130.6924486, 32.2388112 ], [ 130.692027, 32.2389597 ], [ 130.6916625, 32.2390549 ], [ 130.6914303, 32.2391006 ], [ 130.690482, 32.2392076 ], [ 130.690085, 32.2392639 ], [ 130.6899392, 32.2393033 ], [ 130.68978, 32.2393764 ], [ 130.689548, 32.23954 ], [ 130.6892631, 32.2398331 ], [ 130.6890842, 32.240132 ], [ 130.6889914, 32.2403406 ], [ 130.6888919, 32.2406506 ], [ 130.6887594, 32.2409492 ], [ 130.6885869, 32.2412142 ], [ 130.6884344, 32.2413889 ], [ 130.6879244, 32.2418508 ], [ 130.6875533, 32.2421722 ], [ 130.6873611, 32.2423808 ], [ 130.6872019, 32.2426064 ], [ 130.6870231, 32.2429445 ], [ 130.6868264, 32.243363 ], [ 130.6863869, 32.2442522 ], [ 130.6861614, 32.2444831 ], [ 130.6857639, 32.2447706 ], [ 130.6856181, 32.2448553 ], [ 130.6855186, 32.2448833 ], [ 130.6852336, 32.2448833 ], [ 130.6849817, 32.2448214 ], [ 130.6846967, 32.2447142 ], [ 130.6844317, 32.2446353 ], [ 130.6842658, 32.2446072 ], [ 130.6839808, 32.2446072 ], [ 130.6837622, 32.2446353 ], [ 130.683398, 32.2447086 ], [ 130.6829869, 32.2448553 ], [ 130.6827817, 32.2449792 ], [ 130.682523, 32.2450864 ], [ 130.6821056, 32.2451878 ], [ 130.6810717, 32.2451878 ], [ 130.6800711, 32.2451089 ], [ 130.6790506, 32.245075 ], [ 130.6783678, 32.2450186 ], [ 130.6777978, 32.2449342 ], [ 130.6773803, 32.2449397 ], [ 130.677168, 32.2449906 ], [ 130.6767575, 32.2450694 ], [ 130.6765586, 32.2450694 ], [ 130.6763664, 32.2450411 ], [ 130.6750078, 32.2449114 ], [ 130.6745636, 32.2448492 ], [ 130.6734108, 32.2448267 ], [ 130.6725161, 32.2447197 ], [ 130.6720189, 32.2447197 ], [ 130.6718333, 32.2447478 ], [ 130.6713494, 32.244855 ], [ 130.6707533, 32.2449225 ], [ 130.670455, 32.2449395 ], [ 130.6696531, 32.244945 ], [ 130.6690754, 32.2448683 ], [ 130.6686447, 32.2447989 ], [ 130.6682811, 32.2447197 ], [ 130.6679766, 32.244618 ], [ 130.6673072, 32.2444772 ], [ 130.6666667, 32.2444147 ], [ 130.6659816, 32.2443758 ], [ 130.6656303, 32.2443703 ], [ 130.6649478, 32.2443139 ], [ 130.6644839, 32.244297 ], [ 130.6636641, 32.2441836 ], [ 130.6633003, 32.2441041 ], [ 130.6613094, 32.2432089 ], [ 130.6612233, 32.243158 ], [ 130.6607728, 32.2428031 ], [ 130.6604744, 32.2426339 ], [ 130.6602956, 32.2425664 ], [ 130.6600711, 32.2425176 ], [ 130.6589569, 32.2423014 ], [ 130.6587831, 32.2422864 ], [ 130.6586245, 32.2423403 ], [ 130.6585119, 32.2424403 ], [ 130.65842, 32.2426225 ], [ 130.6583803, 32.24282 ], [ 130.6583803, 32.2430851 ], [ 130.6584003, 32.2432539 ], [ 130.6586189, 32.2437444 ], [ 130.6588508, 32.2441558 ], [ 130.6589369, 32.24437 ], [ 130.6591092, 32.2450239 ], [ 130.6592747, 32.2453789 ], [ 130.6593808, 32.2456778 ], [ 130.6594736, 32.2461342 ], [ 130.6595267, 32.2464781 ], [ 130.6595531, 32.24676 ], [ 130.6595597, 32.2470814 ], [ 130.6595531, 32.2473064 ], [ 130.6595267, 32.2476392 ], [ 130.6595133, 32.248417 ], [ 130.6594206, 32.2489074 ], [ 130.6591556, 32.2493867 ], [ 130.65895, 32.2498036 ], [ 130.6588235, 32.25 ], [ 130.6583333, 32.2505554 ], [ 130.6576444, 32.2512072 ], [ 130.65724, 32.2514664 ], [ 130.656288, 32.2519695 ], [ 130.6557356, 32.252137 ], [ 130.6553647, 32.2521933 ], [ 130.6543506, 32.2522778 ], [ 130.6534955, 32.2524189 ], [ 130.6525769, 32.252435 ], [ 130.6524272, 32.2523972 ], [ 130.6522817, 32.252335 ], [ 130.6516467, 32.2519172 ], [ 130.6514214, 32.2518045 ], [ 130.6511497, 32.2517256 ], [ 130.6509311, 32.2517256 ], [ 130.6506061, 32.2518156 ], [ 130.6504539, 32.2519003 ], [ 130.6498572, 32.2523286 ], [ 130.6494366, 32.2525863 ] ] } },
{ "type": "Feature", "properties": { "N12_001": "43", "N12_002": 2, "N12_003": 3, "N12_004": "一般国道265号", "N12_005": 16, "N12_006": 1 }, "geometry": { "type": "LineString", "coordinates": [ [ 131.1380081, 32.937558 ], [ 131.1378811, 32.9369491 ], [ 131.1378411, 32.9365778 ], [ 131.1378433, 32.9359516 ], [ 131.1378281, 32.935727 ], [ 131.1377584, 32.9352532 ], [ 131.1376875, 32.934983 ], [ 131.1375208, 32.9344927 ], [ 131.1367185, 32.9326042 ], [ 131.1359706, 32.9310047 ], [ 131.134911, 32.9288567 ], [ 131.134517, 32.9280163 ], [ 131.1339394, 32.9266997 ], [ 131.1336388, 32.9260741 ], [ 131.1333717, 32.9256403 ], [ 131.1324628, 32.9244289 ], [ 131.1316117, 32.9232942 ], [ 131.1306146, 32.9220361 ], [ 131.1302181, 32.9214989 ], [ 131.1289506, 32.9200336 ], [ 131.1286108, 32.9195928 ], [ 131.1284983, 32.9193964 ], [ 131.1283689, 32.9191505 ], [ 131.1283078, 32.918912 ], [ 131.1282658, 32.9186297 ], [ 131.1282792, 32.9180324 ], [ 131.1284619, 32.9172503 ], [ 131.1285739, 32.9168889 ], [ 131.1289161, 32.9160514 ], [ 131.1291833, 32.9156725 ], [ 131.1298646, 32.9150752 ], [ 131.1300914, 32.91485 ], [ 131.1302247, 32.9145628 ], [ 131.1310258, 32.911813 ], [ 131.1311661, 32.9114353 ], [ 131.1312353, 32.9113597 ], [ 131.1313464, 32.9112664 ], [ 131.1330572, 32.9105218 ], [ 131.1346789, 32.9098347 ], [ 131.1381236, 32.9089461 ], [ 131.1382933, 32.9088272 ], [ 131.1383997, 32.9087639 ], [ 131.1385889, 32.908657 ], [ 131.1387522, 32.9086017 ], [ 131.1389758, 32.9086014 ], [ 131.1394936, 32.9087261 ], [ 131.1397847, 32.9087755 ], [ 131.1401636, 32.9087764 ], [ 131.1404847, 32.9087033 ], [ 131.1407347, 32.9086231 ], [ 131.1409072, 32.9085903 ], [ 131.1411675, 32.9085897 ], [ 131.1413569, 32.9086222 ], [ 131.1414528, 32.9086633 ], [ 131.1416331, 32.9087717 ], [ 131.1416667, 32.9088 ], [ 131.1418067, 32.9089181 ], [ 131.1420136, 32.90916 ], [ 131.1421361, 32.9092658 ], [ 131.1424906, 32.9094414 ], [ 131.1426133, 32.9095536 ], [ 131.1426694, 32.9096217 ], [ 131.14277, 32.9097964 ], [ 131.1428542, 32.910207 ], [ 131.1428939, 32.91059 ], [ 131.1429523, 32.910674 ], [ 131.1430202, 32.910697 ], [ 131.1431126, 32.9106658 ], [ 131.1431975, 32.9105809 ], [ 131.1432358, 32.9104397 ], [ 131.1431781, 32.9092189 ], [ 131.1431589, 32.9085433 ], [ 131.1432138, 32.9083336 ], [ 131.1432817, 32.9082092 ], [ 131.1434253, 32.9080864 ], [ 131.1435453, 32.908037 ], [ 131.1436708, 32.9080028 ], [ 131.1440164, 32.9079703 ], [ 131.1444253, 32.9079044 ], [ 131.1446289, 32.9078478 ], [ 131.1447194, 32.9077711 ], [ 131.1447631, 32.9076856 ], [ 131.1447572, 32.9075867 ], [ 131.1446506, 32.9073725 ], [ 131.1443697, 32.9068605 ], [ 131.1442775, 32.9066278 ], [ 131.144255, 32.9065308 ], [ 131.1442631, 32.9063861 ], [ 131.1443031, 32.9062616 ], [ 131.1443539, 32.9061795 ], [ 131.1444184, 32.9060449 ], [ 131.1444503, 32.9059339 ], [ 131.1444592, 32.90585 ], [ 131.1444592, 32.9057364 ], [ 131.1444225, 32.9055131 ], [ 131.1442886, 32.9045075 ], [ 131.1442769, 32.9042725 ], [ 131.1443045, 32.9041922 ], [ 131.1443767, 32.9040767 ], [ 131.1444578, 32.9040303 ], [ 131.144625, 32.9039906 ], [ 131.1448833, 32.9039867 ], [ 131.1450867, 32.9040286 ], [ 131.1451725, 32.9040625 ], [ 131.1452464, 32.9041281 ], [ 131.1452856, 32.9041914 ], [ 131.1453825, 32.904523 ], [ 131.1454589, 32.9046503 ], [ 131.1455528, 32.9047345 ], [ 131.1456936, 32.9048245 ], [ 131.1459256, 32.9049175 ], [ 131.1462525, 32.9050056 ], [ 131.146365, 32.9050572 ], [ 131.1465323, 32.9051837 ], [ 131.1467081, 32.9052832 ], [ 131.146953, 32.9054125 ], [ 131.147192, 32.9054675 ], [ 131.1474542, 32.9054695 ], [ 131.1476231, 32.9054331 ], [ 131.14818, 32.9052755 ], [ 131.14836, 32.9051914 ], [ 131.1484911, 32.9050839 ], [ 131.1485361, 32.9050289 ], [ 131.1485492, 32.9049208 ], [ 131.1484856, 32.9048383 ], [ 131.1484011, 32.9047744 ], [ 131.1483034, 32.9047531 ], [ 131.1479922, 32.9047531 ], [ 131.1475628, 32.9047833 ], [ 131.1474081, 32.9047639 ], [ 131.1473053, 32.9047295 ], [ 131.1472114, 32.904665 ], [ 131.1471272, 32.9045281 ], [ 131.1471331, 32.9043597 ], [ 131.1471703, 32.9042422 ], [ 131.1472358, 32.9041728 ], [ 131.1474433, 32.9040553 ], [ 131.1476117, 32.9040005 ], [ 131.1477408, 32.9039539 ], [ 131.1481028, 32.9038736 ], [ 131.1482642, 32.9038569 ], [ 131.1487808, 32.9038589 ], [ 131.1489473, 32.9038744 ], [ 131.1492831, 32.903944 ], [ 131.1495019, 32.9040056 ], [ 131.1496778, 32.9040725 ], [ 131.1498928, 32.9041545 ], [ 131.1499994, 32.9041803 ], [ 131.1501481, 32.9041911 ], [ 131.150298, 32.9041803 ], [ 131.1504311, 32.9041353 ], [ 131.1505144, 32.90407 ], [ 131.1506078, 32.9039789 ], [ 131.1507497, 32.9035733 ], [ 131.1509175, 32.9031645 ], [ 131.1510055, 32.903045 ], [ 131.1511247, 32.9029414 ], [ 131.1513183, 32.9027925 ], [ 131.1520472, 32.9023256 ], [ 131.1522703, 32.902282 ], [ 131.1523875, 32.9023097 ], [ 131.1524456, 32.9023656 ], [ 131.1524886, 32.9024742 ], [ 131.1524683, 32.9025644 ], [ 131.1523456, 32.9029819 ], [ 131.1523544, 32.9030748 ], [ 131.1524901, 32.9032072 ], [ 131.152545, 32.9033031 ], [ 131.1525606, 32.9034675 ], [ 131.152527, 32.9035822 ], [ 131.1524546, 32.9036882 ], [ 131.1522953, 32.9038972 ], [ 131.15227, 32.9040244 ], [ 131.1522803, 32.9041444 ], [ 131.1523461, 32.9042978 ], [ 131.1524481, 32.9043978 ], [ 131.1527047, 32.9045397 ], [ 131.1527869, 32.9046378 ], [ 131.1528119, 32.9047414 ], [ 131.1527825, 32.9049914 ], [ 131.1528136, 32.9051289 ], [ 131.1529192, 32.9052269 ], [ 131.1530611, 32.9052561 ], [ 131.1531755, 32.9052425 ], [ 131.1533289, 32.9051861 ], [ 131.153865, 32.904952 ], [ 131.1539886, 32.9049448 ], [ 131.1540565, 32.9049769 ], [ 131.1541106, 32.90506 ], [ 131.1541692, 32.9051795 ], [ 131.1541644, 32.9054656 ], [ 131.1541297, 32.9056714 ], [ 131.1541275, 32.9059461 ], [ 131.1541633, 32.9060545 ], [ 131.1542289, 32.9061739 ], [ 131.1544078, 32.90638 ], [ 131.1545933, 32.9065233 ], [ 131.1547097, 32.9065872 ], [ 131.1548131, 32.9066231 ], [ 131.1551798, 32.9067269 ], [ 131.1572314, 32.9072417 ], [ 131.1580367, 32.9074453 ], [ 131.1583113, 32.9075219 ], [ 131.1584094, 32.9075375 ], [ 131.1585289, 32.9075164 ], [ 131.1586369, 32.907467 ], [ 131.1590425, 32.9072078 ], [ 131.1612631, 32.9056164 ], [ 131.1614654, 32.9055357 ], [ 131.1616102, 32.9054903 ], [ 131.1621809, 32.9053447 ], [ 131.162295, 32.9052876 ], [ 131.1623642, 32.905232 ], [ 131.1624939, 32.9050836 ], [ 131.1625961, 32.9049081 ], [ 131.162667, 32.904694 ], [ 131.1628928, 32.9036156 ], [ 131.16299, 32.90331 ], [ 131.1630731, 32.9031367 ], [ 131.1632314, 32.9029259 ], [ 131.16334, 32.9028101 ], [ 131.1636003, 32.9026042 ], [ 131.163761, 32.9025192 ], [ 131.1639813, 32.9024483 ], [ 131.1646242, 32.9023136 ], [ 131.1647372, 32.9022745 ], [ 131.1651492, 32.9019478 ], [ 131.1653361, 32.9018295 ], [ 131.1655377, 32.9017609 ], [ 131.1656444, 32.9017347 ], [ 131.165812, 32.9017042 ], [ 131.1660167, 32.9017064 ], [ 131.1661342, 32.9017239 ], [ 131.1662984, 32.901725 ], [ 131.1664525, 32.9016984 ], [ 131.1665708, 32.901655 ], [ 131.1666651, 32.9015649 ], [ 131.1667231, 32.9014651 ], [ 131.1667381, 32.9013728 ], [ 131.1667178, 32.9012831 ], [ 131.166667, 32.9011566 ], [ 131.1662439, 32.9004761 ], [ 131.1660165, 32.9 ], [ 131.1660208, 32.8997656 ], [ 131.1661167, 32.8995783 ], [ 131.1662711, 32.8994478 ], [ 131.1664136, 32.8993575 ], [ 131.1666667, 32.8992439 ], [ 131.1673778, 32.8989247 ], [ 131.1676564, 32.8987486 ], [ 131.1678717, 32.898533 ], [ 131.1683189, 32.897744 ], [ 131.1689739, 32.8965172 ], [ 131.1690097, 32.89639 ], [ 131.1690119, 32.8961592 ], [ 131.1689425, 32.8959047 ], [ 131.1686867, 32.8956294 ], [ 131.1680633, 32.8950517 ], [ 131.1679436, 32.8949122 ], [ 131.1677608, 32.8946381 ], [ 131.1676747, 32.8944628 ], [ 131.1675986, 32.8942714 ], [ 131.1675322, 32.8938511 ], [ 131.1675322, 32.8934566 ], [ 131.1676065, 32.8932054 ], [ 131.1676471, 32.8931219 ], [ 131.1677269, 32.8930203 ], [ 131.16786, 32.8929059 ], [ 131.1679928, 32.8927917 ], [ 131.168103, 32.8926574 ], [ 131.1681611, 32.8925864 ], [ 131.1682133, 32.8924492 ], [ 131.1682178, 32.8922772 ], [ 131.1682036, 32.8921564 ], [ 131.1681536, 32.8920064 ], [ 131.1680883, 32.8918408 ], [ 131.1678586, 32.8914939 ], [ 131.1673589, 32.8908772 ], [ 131.1672378, 32.8907039 ], [ 131.1671994, 32.8906095 ], [ 131.1671722, 32.8905097 ], [ 131.1671778, 32.8904231 ], [ 131.1672078, 32.8903208 ], [ 131.1672725, 32.8902114 ], [ 131.1673989, 32.8901153 ], [ 131.1675858, 32.8900475 ], [ 131.167785, 32.8899889 ], [ 131.1678828, 32.889973 ], [ 131.1679939, 32.8900145 ], [ 131.1682681, 32.8901536 ], [ 131.1683514, 32.8901675 ], [ 131.1684306, 32.8901683 ], [ 131.1685766, 32.8901111 ], [ 131.1686878, 32.8900231 ], [ 131.1687467, 32.8898839 ], [ 131.1687966, 32.8896598 ], [ 131.1688139, 32.889455 ], [ 131.16884, 32.8893267 ], [ 131.16962, 32.8875281 ], [ 131.1697205, 32.8873878 ], [ 131.1698016, 32.8873053 ], [ 131.169935, 32.8871864 ], [ 131.1700472, 32.8871097 ], [ 131.1702058, 32.8869511 ], [ 131.1702961, 32.8868283 ], [ 131.1703781, 32.8866833 ], [ 131.1703961, 32.8866167 ], [ 131.1703892, 32.8864358 ], [ 131.1700892, 32.8856978 ], [ 131.1700892, 32.8854158 ], [ 131.1701358, 32.8852639 ], [ 131.1703903, 32.8848917 ], [ 131.1706961, 32.8843797 ], [ 131.1708072, 32.8841497 ], [ 131.1709219, 32.8838908 ], [ 131.1709841, 32.8836768 ], [ 131.1710167, 32.883498 ], [ 131.1710175, 32.8832642 ], [ 131.170985, 32.8830711 ], [ 131.1709036, 32.8827967 ], [ 131.1707414, 32.8822606 ], [ 131.1705928, 32.8817239 ], [ 131.1704433, 32.881127 ], [ 131.1704325, 32.8809845 ], [ 131.1704433, 32.8808814 ], [ 131.1704839, 32.8807759 ], [ 131.1705364, 32.8807108 ], [ 131.1708903, 32.8805303 ], [ 131.171056, 32.8804873 ], [ 131.1715858, 32.8803472 ], [ 131.1718431, 32.8802758 ], [ 131.1719672, 32.8802153 ], [ 131.1721486, 32.8800392 ], [ 131.1722803, 32.8798947 ], [ 131.1725475, 32.8796817 ], [ 131.1726711, 32.8795925 ], [ 131.1728194, 32.8795333 ], [ 131.1730143, 32.879475 ], [ 131.1739609, 32.8792519 ], [ 131.1747124, 32.8790334 ], [ 131.1748608, 32.8789808 ], [ 131.175, 32.8789137 ], [ 131.1751978, 32.8788183 ], [ 131.1754044, 32.8786795 ], [ 131.1754782, 32.8785926 ], [ 131.175497, 32.8785484 ], [ 131.1755223, 32.8784885 ], [ 131.175524, 32.8784502 ], [ 131.1755133, 32.8783828 ], [ 131.1754214, 32.8782325 ], [ 131.1751875, 32.8779331 ], [ 131.175, 32.8777745 ], [ 131.1746431, 32.8775125 ], [ 131.1743483, 32.8773492 ], [ 131.1738742, 32.8771436 ], [ 131.1737653, 32.8771436 ], [ 131.1736799, 32.8771802 ], [ 131.1736048, 32.8772664 ], [ 131.1735665, 32.8773675 ], [ 131.1735681, 32.8774364 ], [ 131.173675, 32.8775267 ], [ 131.1737933, 32.8775717 ], [ 131.1739531, 32.8775981 ], [ 131.1740679, 32.8776683 ], [ 131.1740931, 32.8777173 ], [ 131.1740817, 32.8778281 ], [ 131.1740178, 32.8779236 ], [ 131.1738111, 32.8780175 ], [ 131.1735633, 32.8780853 ], [ 131.17337, 32.878087 ], [ 131.1731428, 32.8780589 ], [ 131.1729636, 32.8780167 ], [ 131.1728114, 32.8779417 ], [ 131.1726914, 32.8778328 ], [ 131.1726172, 32.877565 ], [ 131.1725233, 32.8772703 ], [ 131.1724444, 32.8771914 ], [ 131.1723242, 32.8771125 ], [ 131.1722228, 32.877075 ], [ 131.1720745, 32.8770489 ], [ 131.1717383, 32.8770375 ], [ 131.171373, 32.8770611 ], [ 131.1711919, 32.8770805 ], [ 131.1711178, 32.8771567 ], [ 131.171085, 32.8772103 ], [ 131.1710831, 32.8773022 ], [ 131.1711319, 32.8774561 ], [ 131.1711339, 32.8775839 ], [ 131.1710858, 32.8777011 ], [ 131.1709414, 32.8778778 ], [ 131.1708042, 32.8779772 ], [ 131.1707233, 32.8780122 ], [ 131.1705691, 32.878055 ], [ 131.1704233, 32.8780733 ], [ 131.1703081, 32.8780753 ], [ 131.170159, 32.8780898 ], [ 131.1699234, 32.8781301 ], [ 131.169787, 32.8781726 ], [ 131.1696692, 32.8782111 ], [ 131.16959, 32.8782203 ], [ 131.1695003, 32.8782147 ], [ 131.1693444, 32.8781433 ], [ 131.168865, 32.8778608 ], [ 131.1687356, 32.877797 ], [ 131.1686256, 32.8777661 ], [ 131.1684228, 32.8777753 ], [ 131.1681536, 32.8778656 ], [ 131.1676928, 32.8780514 ], [ 131.1675067, 32.8781458 ], [ 131.1674136, 32.8782078 ], [ 131.1671414, 32.8784933 ], [ 131.1669959, 32.878618 ], [ 131.1668672, 32.8786661 ], [ 131.1667503, 32.8786744 ], [ 131.1666335, 32.8786501 ], [ 131.1664419, 32.8785731 ], [ 131.1659453, 32.8782925 ], [ 131.1658639, 32.8782203 ], [ 131.1658308, 32.8781369 ], [ 131.1658181, 32.8780394 ], [ 131.1658367, 32.8779428 ], [ 131.1659285, 32.8777571 ], [ 131.1660737, 32.8775099 ], [ 131.1663797, 32.8770795 ], [ 131.1666608, 32.8768095 ], [ 131.1668117, 32.8766936 ], [ 131.1669719, 32.8766372 ], [ 131.1671564, 32.8766086 ], [ 131.1683411, 32.8765783 ], [ 131.1685139, 32.8765597 ], [ 131.1686262, 32.8765321 ], [ 131.1686886, 32.8765128 ], [ 131.1698461, 32.8760517 ], [ 131.1700106, 32.8759486 ], [ 131.1701367, 32.8758355 ], [ 131.1702294, 32.8756906 ], [ 131.1704164, 32.8753244 ], [ 131.17049, 32.8752503 ], [ 131.1706033, 32.8751947 ], [ 131.1710039, 32.8750653 ], [ 131.1710904, 32.8750196 ], [ 131.1711276, 32.8749886 ], [ 131.1711656, 32.874946 ], [ 131.1712103, 32.8747628 ], [ 131.1711644, 32.874483 ], [ 131.1709781, 32.8738086 ], [ 131.1708508, 32.8734608 ], [ 131.1707497, 32.8732983 ], [ 131.1699872, 32.8724453 ], [ 131.1696672, 32.8720845 ], [ 131.1695094, 32.87186 ], [ 131.1694352, 32.8717169 ], [ 131.1691681, 32.8709631 ], [ 131.1688247, 32.8701825 ], [ 131.1685689, 32.8696825 ], [ 131.1684539, 32.8694686 ], [ 131.1683342, 32.8693058 ], [ 131.1681919, 32.8691581 ], [ 131.1680175, 32.869027 ], [ 131.1678201, 32.8689439 ], [ 131.1676244, 32.8688925 ], [ 131.1674658, 32.8688817 ], [ 131.1672569, 32.868872 ], [ 131.1669767, 32.8688533 ], [ 131.1668047, 32.868832 ], [ 131.1667347, 32.8688028 ], [ 131.1666664, 32.8687463 ], [ 131.1666089, 32.868671 ], [ 131.1665711, 32.8686072 ], [ 131.1665803, 32.8683511 ], [ 131.166665, 32.867988 ], [ 131.1668119, 32.8677297 ], [ 131.1668989, 32.8676217 ], [ 131.1671692, 32.8673786 ], [ 131.1674288, 32.867119 ], [ 131.1676328, 32.8668342 ], [ 131.1676619, 32.8667558 ], [ 131.1677058, 32.8665406 ], [ 131.1677945, 32.8660813 ], [ 131.1678425, 32.8657697 ], [ 131.167855, 32.8653675 ], [ 131.1678453, 32.8653108 ], [ 131.1677739, 32.8650764 ], [ 131.1676865, 32.8648817 ], [ 131.1674469, 32.864432 ], [ 131.1669453, 32.8636219 ], [ 131.1664869, 32.8629957 ], [ 131.1661956, 32.8626653 ], [ 131.1642079, 32.8610708 ], [ 131.1622664, 32.8595797 ], [ 131.1621489, 32.8594583 ], [ 131.1620511, 32.8593094 ], [ 131.161665, 32.8580933 ], [ 131.1615458, 32.8578672 ], [ 131.1613914, 32.857727 ], [ 131.1612689, 32.8576455 ], [ 131.1611345, 32.8575964 ], [ 131.1609836, 32.857545 ], [ 131.1605667, 32.8574453 ], [ 131.1602767, 32.8573439 ], [ 131.1594506, 32.8569295 ], [ 131.158398, 32.8563803 ], [ 131.1580144, 32.8562286 ], [ 131.1576733, 32.8561211 ], [ 131.1569925, 32.8559803 ], [ 131.1567556, 32.8559089 ], [ 131.1566053, 32.855845 ], [ 131.1560913, 32.8555681 ], [ 131.1554639, 32.8551856 ], [ 131.1543422, 32.8544306 ], [ 131.1540086, 32.8541881 ], [ 131.1537282, 32.853929 ], [ 131.1534806, 32.8536737 ], [ 131.1521467, 32.8521756 ], [ 131.1496231, 32.8493533 ], [ 131.1495008, 32.8491633 ], [ 131.1484447, 32.8471122 ], [ 131.1481881, 32.8467914 ], [ 131.1474233, 32.8460506 ], [ 131.1473189, 32.8459061 ], [ 131.1471089, 32.84554 ], [ 131.1467861, 32.8450708 ], [ 131.1465386, 32.8447861 ], [ 131.1463633, 32.8446297 ], [ 131.1460783, 32.8444675 ], [ 131.1453533, 32.8441508 ], [ 131.1431886, 32.8432903 ], [ 131.1416667, 32.8424056 ], [ 131.1404194, 32.8416667 ], [ 131.1399005, 32.8413562 ], [ 131.1395442, 32.8411972 ], [ 131.1393189, 32.8411322 ], [ 131.1391836, 32.8411164 ], [ 131.1386622, 32.8411017 ], [ 131.1384825, 32.8410811 ], [ 131.1383709, 32.8410533 ], [ 131.1382689, 32.8410081 ], [ 131.1376694, 32.840595 ], [ 131.137183, 32.8402168 ], [ 131.1369614, 32.8400322 ], [ 131.1362669, 32.8393917 ], [ 131.1361664, 32.8392914 ], [ 131.1360747, 32.8392197 ], [ 131.1359336, 32.8391583 ], [ 131.1355953, 32.8390584 ], [ 131.1354856, 32.8390189 ], [ 131.1353411, 32.8389245 ], [ 131.1352819, 32.838872 ], [ 131.1352411, 32.8388003 ], [ 131.1352297, 32.8387106 ], [ 131.1352453, 32.8385735 ], [ 131.1353858, 32.8380689 ], [ 131.1356058, 32.8371256 ], [ 131.1356511, 32.8367086 ], [ 131.1355823, 32.8362974 ], [ 131.1349392, 32.8353056 ], [ 131.1347153, 32.8349297 ], [ 131.1345592, 32.8346181 ], [ 131.1338525, 32.8329728 ], [ 131.1337392, 32.8325729 ], [ 131.1336592, 32.8321275 ], [ 131.1334497, 32.830683 ], [ 131.1331458, 32.8293103 ], [ 131.1328925, 32.8283633 ], [ 131.1326305, 32.8278397 ], [ 131.1322502, 32.8271408 ] ] } },
{ "type": "Feature", "properties": { "N12_001": "43", "N12_002": 2, "N12_003": 3, "N12_004": "一般国道266号", "N12_005": 12, "N12_006": 4 }, "geometry": { "type": "LineString", "coordinates": [ [ 130.2061264, 32.4480328 ], [ 130.205981, 32.4472686 ], [ 130.2058287, 32.4464644 ], [ 130.2055003, 32.4439992 ], [ 130.2055003, 32.4435995 ], [ 130.2057061, 32.4428944 ], [ 130.2058323, 32.4426013 ], [ 130.2059653, 32.4423703 ], [ 130.2061381, 32.4421333 ], [ 130.2063642, 32.4418908 ], [ 130.2065833, 32.4417106 ], [ 130.2067265, 32.4416122 ], [ 130.2070886, 32.4414006 ], [ 130.2075604, 32.4411806 ], [ 130.2080724, 32.4409155 ], [ 130.2086706, 32.44051 ], [ 130.2088633, 32.4403239 ], [ 130.2091756, 32.4399406 ], [ 130.2101531, 32.438711 ], [ 130.2106978, 32.4380236 ], [ 130.2109503, 32.4377136 ], [ 130.2112228, 32.4372798 ], [ 130.2114556, 32.4367497 ], [ 130.211586, 32.4362826 ], [ 130.211706, 32.4352024 ], [ 130.2116726, 32.4349454 ], [ 130.211487, 32.4346361 ], [ 130.2111872, 32.4342696 ], [ 130.2110635, 32.4338175 ], [ 130.2111349, 32.4334987 ], [ 130.2112824, 32.4332464 ], [ 130.2115489, 32.4330228 ], [ 130.2124817, 32.4326706 ], [ 130.213895, 32.4322228 ], [ 130.2141342, 32.4321608 ], [ 130.2144266, 32.43211 ], [ 130.2146122, 32.4320897 ], [ 130.21551, 32.4320255 ], [ 130.2160617, 32.4319861 ], [ 130.2163475, 32.4319239 ], [ 130.216555, 32.4318207 ], [ 130.2167469, 32.4316245 ], [ 130.2169058, 32.4312592 ], [ 130.2171119, 32.430622 ], [ 130.2173461, 32.4301358 ], [ 130.218043, 32.4293588 ], [ 130.2186437, 32.4287764 ], [ 130.2190396, 32.428429 ], [ 130.2193109, 32.4281908 ], [ 130.2195047, 32.4280458 ], [ 130.2198438, 32.4278542 ], [ 130.2202362, 32.427685 ], [ 130.2209603, 32.4274594 ], [ 130.2219772, 32.427172 ], [ 130.2232003, 32.4268617 ], [ 130.2238981, 32.4267208 ], [ 130.2244168, 32.4266419 ], [ 130.2254597, 32.4265122 ], [ 130.2262443, 32.4263622 ], [ 130.2283047, 32.4257514 ], [ 130.22875, 32.4256442 ], [ 130.2296832, 32.4254675 ], [ 130.2299322, 32.4253921 ], [ 130.2301125, 32.4253228 ], [ 130.2302789, 32.4252328 ], [ 130.2304584, 32.4251086 ], [ 130.2306044, 32.4249733 ], [ 130.2309233, 32.4245786 ], [ 130.2310831, 32.4243081 ], [ 130.2312358, 32.4239981 ], [ 130.2315217, 32.4232935 ], [ 130.2320437, 32.4221228 ], [ 130.2321864, 32.4218389 ], [ 130.232312, 32.4216539 ], [ 130.2325319, 32.4214106 ], [ 130.2336242, 32.4203361 ], [ 130.2338586, 32.4200633 ], [ 130.2340133, 32.4198661 ], [ 130.2344447, 32.4192572 ], [ 130.2347369, 32.4188061 ], [ 130.2348964, 32.4186031 ], [ 130.2350822, 32.4184006 ], [ 130.2355603, 32.4179944 ], [ 130.2357861, 32.4178367 ], [ 130.2368288, 32.4172223 ], [ 130.2376986, 32.4167597 ], [ 130.2384225, 32.4164103 ], [ 130.2387678, 32.4162809 ], [ 130.2392925, 32.4161286 ], [ 130.2403475, 32.4157784 ], [ 130.2407504, 32.4156169 ], [ 130.2412844, 32.4153844 ], [ 130.2416497, 32.4152042 ], [ 130.2419087, 32.4150575 ], [ 130.2422142, 32.414877 ], [ 130.2424871, 32.4147018 ], [ 130.2425501, 32.4146536 ], [ 130.243111, 32.4138991 ], [ 130.2435822, 32.4133232 ], [ 130.2439486, 32.4129996 ], [ 130.244585, 32.4127631 ], [ 130.244764, 32.4127409 ], [ 130.2450431, 32.412735 ], [ 130.2452422, 32.4127631 ], [ 130.2457203, 32.4128814 ], [ 130.2458997, 32.4129267 ], [ 130.2462981, 32.4130336 ], [ 130.2466964, 32.4131183 ], [ 130.2477191, 32.4132103 ], [ 130.2480867, 32.4132828 ], [ 130.2483363, 32.4133692 ], [ 130.2488896, 32.4136124 ], [ 130.2493404, 32.4138357 ], [ 130.25, 32.4141894 ], [ 130.2504537, 32.4144374 ], [ 130.2510731, 32.4147278 ], [ 130.2513644, 32.4148375 ], [ 130.2516053, 32.4149019 ], [ 130.2519517, 32.4149817 ], [ 130.2523094, 32.4150353 ], [ 130.2528131, 32.4150911 ], [ 130.2544401, 32.415317 ], [ 130.2556779, 32.4154622 ], [ 130.2576317, 32.415728 ], [ 130.2601439, 32.4160494 ], [ 130.2615764, 32.4161742 ], [ 130.262685, 32.4162081 ], [ 130.2630436, 32.4162364 ], [ 130.2633092, 32.4162758 ], [ 130.2635417, 32.4163378 ], [ 130.2636658, 32.4163829 ], [ 130.2640797, 32.4165633 ], [ 130.2645052, 32.4167519 ], [ 130.2648627, 32.4168958 ], [ 130.2655336, 32.4171158 ], [ 130.2661342, 32.4172499 ], [ 130.2663445, 32.4172801 ], [ 130.2667289, 32.4173131 ], [ 130.2670078, 32.4173131 ], [ 130.2673755, 32.4173003 ], [ 130.2678508, 32.4172567 ], [ 130.2683925, 32.4171631 ], [ 130.2690128, 32.4169522 ], [ 130.2692747, 32.4168257 ], [ 130.2709014, 32.4158906 ], [ 130.2716953, 32.4154247 ], [ 130.2720872, 32.4151597 ], [ 130.2723328, 32.414957 ], [ 130.2725086, 32.4147843 ], [ 130.2728414, 32.4143875 ], [ 130.2737669, 32.413187 ], [ 130.2740753, 32.4128566 ], [ 130.274225, 32.4127195 ], [ 130.2746278, 32.4124225 ], [ 130.2748625, 32.4122175 ], [ 130.275056, 32.4119471 ], [ 130.2751547, 32.4116483 ], [ 130.2752278, 32.4113045 ], [ 130.2752411, 32.4110957 ], [ 130.2752345, 32.4108534 ], [ 130.2751947, 32.4106278 ], [ 130.2751083, 32.4103125 ], [ 130.2750419, 32.4099628 ], [ 130.2750419, 32.4097053 ], [ 130.2750817, 32.409512 ], [ 130.2752078, 32.4092414 ], [ 130.2755864, 32.4086042 ], [ 130.276297, 32.4074713 ], [ 130.2764761, 32.4072347 ], [ 130.2766025, 32.4071275 ], [ 130.2767331, 32.4070498 ], [ 130.2768864, 32.4069871 ], [ 130.2770275, 32.4069472 ], [ 130.2772, 32.4069189 ], [ 130.2776383, 32.4069189 ], [ 130.2777328, 32.4069325 ], [ 130.2778708, 32.4069528 ], [ 130.2782159, 32.4070317 ], [ 130.2784814, 32.4070711 ], [ 130.2787934, 32.4070711 ], [ 130.2816486, 32.4070039 ], [ 130.2818744, 32.406987 ], [ 130.2820936, 32.4069531 ], [ 130.2822809, 32.4069102 ], [ 130.2825987, 32.406795 ], [ 130.2828769, 32.40666 ], [ 130.2833333, 32.4063799 ], [ 130.2840322, 32.4059439 ], [ 130.2843908, 32.4056903 ], [ 130.2847094, 32.4054311 ], [ 130.2853803, 32.4048561 ], [ 130.2860783, 32.4043508 ], [ 130.2861772, 32.4042867 ], [ 130.2866483, 32.404033 ], [ 130.2878636, 32.403385 ], [ 130.2888728, 32.4028045 ], [ 130.2890717, 32.4026692 ], [ 130.2893042, 32.4024716 ], [ 130.2895964, 32.4021786 ], [ 130.2897756, 32.4020208 ], [ 130.2899751, 32.4018744 ], [ 130.2902406, 32.4017053 ], [ 130.2904, 32.4016378 ], [ 130.2908576, 32.4014893 ], [ 130.2917125, 32.4012889 ], [ 130.2923984, 32.4010739 ], [ 130.2928166, 32.4008936 ], [ 130.294108, 32.4002033 ], [ 130.2945362, 32.4000031 ], [ 130.2948153, 32.3998847 ], [ 130.2950344, 32.3998114 ], [ 130.2953598, 32.399738 ], [ 130.295725, 32.3996817 ], [ 130.2960769, 32.3996536 ], [ 130.2969827, 32.3996653 ], [ 130.2973517, 32.3996592 ], [ 130.2975709, 32.3996197 ], [ 130.2980622, 32.3995014 ], [ 130.2983478, 32.3994564 ], [ 130.2987528, 32.3994225 ], [ 130.2991508, 32.3994281 ], [ 130.2994895, 32.3994675 ], [ 130.3000042, 32.3994784 ], [ 130.3003394, 32.3994622 ], [ 130.3007406, 32.3993722 ], [ 130.3014086, 32.3993925 ], [ 130.3018106, 32.3994758 ], [ 130.3022906, 32.3996422 ], [ 130.3026975, 32.399828 ], [ 130.3032331, 32.4001214 ], [ 130.3036922, 32.400405 ], [ 130.3039267, 32.4005422 ], [ 130.3041303, 32.4006156 ], [ 130.3043858, 32.4006594 ], [ 130.3046364, 32.4006842 ], [ 130.3047806, 32.4006731 ], [ 130.3052597, 32.4005527 ], [ 130.3055976, 32.4003718 ], [ 130.3062162, 32.4000815 ], [ 130.3066541, 32.3998912 ], [ 130.3071918, 32.3997674 ], [ 130.3076201, 32.3997198 ], [ 130.3084577, 32.3996723 ], [ 130.3102238, 32.3996346 ], [ 130.3104983, 32.3996294 ], [ 130.3112645, 32.3996199 ], [ 130.3117594, 32.3995723 ], [ 130.3120926, 32.3994486 ], [ 130.3123686, 32.3993391 ], [ 130.3127398, 32.3990679 ], [ 130.3130205, 32.3988347 ], [ 130.3138581, 32.3981922 ], [ 130.3143702, 32.3977619 ], [ 130.31443, 32.3977254 ], [ 130.3152144, 32.3973261 ], [ 130.3156332, 32.3972262 ], [ 130.315952, 32.3971929 ], [ 130.3161614, 32.3971929 ], [ 130.3167852, 32.3972915 ], [ 130.3174106, 32.3973775 ], [ 130.3177755, 32.3974733 ], [ 130.3188047, 32.397682 ], [ 130.3213011, 32.3981158 ], [ 130.3221444, 32.3982517 ], [ 130.3225231, 32.3983925 ], [ 130.3227686, 32.3985053 ], [ 130.3231736, 32.3987306 ], [ 130.3234125, 32.3988828 ], [ 130.3235719, 32.3990236 ], [ 130.3236383, 32.3991025 ], [ 130.3238428, 32.3994398 ], [ 130.3240879, 32.4 ], [ 130.3244117, 32.4007782 ], [ 130.3247669, 32.4015094 ], [ 130.3249464, 32.4017236 ], [ 130.3250128, 32.40178 ], [ 130.3251122, 32.4018195 ], [ 130.3277901, 32.4018083 ], [ 130.3284689, 32.4020296 ], [ 130.3287166, 32.4021844 ], [ 130.3309753, 32.4037361 ], [ 130.3310483, 32.4037847 ], [ 130.3311503, 32.4038397 ], [ 130.3312469, 32.403872 ], [ 130.3313839, 32.4039125 ], [ 130.3315425, 32.4039514 ], [ 130.3316989, 32.4039839 ], [ 130.3320242, 32.4040742 ], [ 130.33221, 32.4041475 ], [ 130.3323431, 32.4042264 ], [ 130.3325089, 32.4043731 ], [ 130.3326683, 32.4045703 ], [ 130.3328011, 32.4047958 ], [ 130.3328542, 32.404982 ], [ 130.3328608, 32.4053145 ], [ 130.3328475, 32.4054345 ], [ 130.3327006, 32.4061094 ], [ 130.3325289, 32.4068928 ], [ 130.3324756, 32.4073436 ], [ 130.3324822, 32.4077328 ], [ 130.3325353, 32.4079244 ], [ 130.3326083, 32.40811 ], [ 130.3327078, 32.4082792 ], [ 130.3327908, 32.4083617 ], [ 130.3329006, 32.4084708 ], [ 130.3333333, 32.4087717 ], [ 130.3340619, 32.4092285 ], [ 130.3351178, 32.4098857 ], [ 130.3363464, 32.4106978 ], [ 130.3364791, 32.4108161 ], [ 130.336592, 32.4109512 ], [ 130.3366717, 32.4110808 ], [ 130.3367448, 32.4112727 ], [ 130.3369108, 32.4117911 ], [ 130.3371167, 32.412778 ], [ 130.3371964, 32.4131103 ], [ 130.3372625, 32.4132961 ], [ 130.3374585, 32.4136933 ], [ 130.3376742, 32.4139556 ], [ 130.3379064, 32.4141925 ], [ 130.3383117, 32.414497 ], [ 130.3385242, 32.4146153 ], [ 130.3386789, 32.4146831 ], [ 130.3396745, 32.4150368 ], [ 130.3409011, 32.4154664 ], [ 130.3415714, 32.4156525 ], [ 130.3425144, 32.4158611 ], [ 130.3427003, 32.4159286 ], [ 130.3430674, 32.4161567 ], [ 130.3446377, 32.4178662 ], [ 130.3461669, 32.4195145 ], [ 130.3465579, 32.4199736 ], [ 130.346865, 32.420365 ], [ 130.3472706, 32.421002 ], [ 130.3473636, 32.4211147 ], [ 130.3475031, 32.4212383 ], [ 130.3476483, 32.4213391 ], [ 130.3478112, 32.421414 ], [ 130.3479703, 32.4214753 ], [ 130.34854, 32.4216781 ], [ 130.3489517, 32.4217853 ], [ 130.3491181, 32.4218078 ], [ 130.3495146, 32.4218067 ], [ 130.349863, 32.4216583 ], [ 130.3499322, 32.4215753 ], [ 130.3519174, 32.4204099 ], [ 130.3520644, 32.4202997 ], [ 130.35214, 32.4202256 ], [ 130.3522192, 32.420125 ], [ 130.3522386, 32.4200903 ], [ 130.3522675, 32.4200127 ], [ 130.3522944, 32.4198688 ], [ 130.3523053, 32.4196578 ], [ 130.3522739, 32.4193967 ], [ 130.3522336, 32.4192708 ], [ 130.3520544, 32.4187249 ], [ 130.3519361, 32.4184428 ], [ 130.3518897, 32.4182961 ], [ 130.3517569, 32.4179861 ], [ 130.3516506, 32.4179128 ], [ 130.3515444, 32.4178733 ], [ 130.3512786, 32.4177945 ], [ 130.3511791, 32.41771 ], [ 130.3511328, 32.4176536 ], [ 130.3510661, 32.4175239 ], [ 130.3510861, 32.4174167 ], [ 130.3511592, 32.4172588 ], [ 130.351365, 32.4169039 ], [ 130.351385, 32.4168247 ], [ 130.351385, 32.41665 ], [ 130.3514181, 32.4165994 ], [ 130.3515103, 32.4165495 ], [ 130.3517967, 32.4164697 ], [ 130.3522681, 32.4164133 ], [ 130.352341, 32.416385 ], [ 130.3523878, 32.4163569 ], [ 130.3524542, 32.416295 ], [ 130.3526744, 32.4159677 ], [ 130.3527795, 32.4158836 ], [ 130.3528792, 32.4158442 ], [ 130.3529853, 32.4158328 ], [ 130.3535764, 32.4159175 ], [ 130.3538272, 32.415952 ], [ 130.3539217, 32.4159175 ], [ 130.3539547, 32.4158725 ], [ 130.3539547, 32.4157369 ], [ 130.3537622, 32.415427 ], [ 130.3537622, 32.4153425 ], [ 130.3538022, 32.4152692 ], [ 130.3538816, 32.4151958 ], [ 130.3539814, 32.4151733 ], [ 130.3546916, 32.4150364 ], [ 130.3552582, 32.4149463 ], [ 130.3556745, 32.4148239 ], [ 130.3562835, 32.4145935 ], [ 130.3565111, 32.4145081 ], [ 130.3566772, 32.4144575 ], [ 130.3567563, 32.4144534 ], [ 130.3568759, 32.4145463 ], [ 130.3569901, 32.4145843 ], [ 130.3571234, 32.4145605 ], [ 130.3572614, 32.4143845 ], [ 130.3575291, 32.4141406 ], [ 130.35764, 32.4140739 ], [ 130.3578062, 32.4140289 ], [ 130.3579588, 32.4140064 ], [ 130.3582178, 32.413995 ], [ 130.35845, 32.4139161 ], [ 130.3587356, 32.4137978 ], [ 130.3589347, 32.4137358 ], [ 130.3590608, 32.4137414 ], [ 130.3593794, 32.4137978 ], [ 130.3594925, 32.4138258 ], [ 130.3595419, 32.4138261 ], [ 130.359592, 32.4138092 ], [ 130.3596386, 32.4137583 ], [ 130.3596951, 32.413642 ], [ 130.3597183, 32.4135947 ], [ 130.3597847, 32.4134314 ], [ 130.3598147, 32.4133128 ], [ 130.3597981, 32.4132384 ], [ 130.359665, 32.4131044 ], [ 130.3595953, 32.413015 ], [ 130.3595806, 32.4129561 ], [ 130.3595703, 32.4128661 ], [ 130.3595789, 32.4126758 ], [ 130.3595522, 32.4126139 ], [ 130.3594728, 32.4125575 ], [ 130.3590014, 32.4123831 ], [ 130.3589217, 32.4123661 ], [ 130.3586811, 32.4123483 ], [ 130.358563, 32.4123153 ], [ 130.3584845, 32.4122789 ], [ 130.3584386, 32.4122362 ], [ 130.3583903, 32.4121429 ], [ 130.3583903, 32.4120617 ], [ 130.35847, 32.411853 ], [ 130.35847, 32.4117742 ], [ 130.3584236, 32.4116389 ], [ 130.3580186, 32.4109961 ], [ 130.3579989, 32.4109342 ], [ 130.3579989, 32.4108215 ], [ 130.3580189, 32.4107145 ], [ 130.3581183, 32.4105508 ], [ 130.3582912, 32.410393 ], [ 130.3585036, 32.4102294 ], [ 130.35855, 32.4101506 ], [ 130.3585434, 32.4096886 ], [ 130.3584903, 32.4095814 ], [ 130.3583775, 32.40948 ], [ 130.3582181, 32.4093728 ], [ 130.3580719, 32.4092997 ], [ 130.3579722, 32.4092714 ], [ 130.3575606, 32.4092658 ], [ 130.3574411, 32.4092433 ], [ 130.3572683, 32.4091811 ], [ 130.3570361, 32.4090347 ], [ 130.3568239, 32.4088542 ], [ 130.3567772, 32.4087922 ], [ 130.3567042, 32.408657 ], [ 130.3567124, 32.4083253 ], [ 130.3566911, 32.4082511 ], [ 130.3566447, 32.4082133 ], [ 130.3564519, 32.4081494 ], [ 130.3562461, 32.4081439 ], [ 130.3561067, 32.4081833 ], [ 130.3559008, 32.4082736 ], [ 130.3557945, 32.4082736 ], [ 130.3557033, 32.4082091 ], [ 130.355675, 32.4081495 ], [ 130.3556692, 32.4080833 ], [ 130.3556797, 32.4080411 ], [ 130.3557481, 32.4079861 ], [ 130.3558278, 32.4079636 ], [ 130.3563589, 32.4078847 ], [ 130.356638, 32.4077934 ], [ 130.3567998, 32.4077553 ], [ 130.3568902, 32.4077886 ], [ 130.3571091, 32.4079694 ], [ 130.3573708, 32.4083121 ], [ 130.3574803, 32.408412 ], [ 130.3576183, 32.4083977 ], [ 130.3577516, 32.4083501 ], [ 130.3578134, 32.4082312 ], [ 130.3574613, 32.4079171 ], [ 130.3572233, 32.407446 ], [ 130.3567046, 32.4073079 ], [ 130.3565713, 32.4066465 ], [ 130.3564333, 32.4051474 ], [ 130.3563001, 32.4040766 ], [ 130.3560606, 32.4036064 ], [ 130.3558351, 32.4032402 ], [ 130.3556488, 32.4028621 ], [ 130.3555309, 32.402686 ], [ 130.3549185, 32.4023719 ], [ 130.3541864, 32.4020268 ], [ 130.3538193, 32.4017523 ], [ 130.3535044, 32.40147 ], [ 130.3534381, 32.4013911 ], [ 130.3532281, 32.4012498 ], [ 130.3530437, 32.4010693 ], [ 130.35292, 32.400851 ], [ 130.3528507, 32.4006284 ], [ 130.3528884, 32.399521 ], [ 130.3528338, 32.3994407 ], [ 130.3526747, 32.3991758 ], [ 130.3526878, 32.39908 ], [ 130.3528406, 32.3987589 ], [ 130.3528406, 32.3986292 ], [ 130.3527478, 32.398415 ], [ 130.3527344, 32.3983474 ], [ 130.3527541, 32.3983249 ], [ 130.3528606, 32.3982683 ], [ 130.35302, 32.3982517 ], [ 130.3535114, 32.3982403 ], [ 130.3535778, 32.3982178 ], [ 130.3536442, 32.3981331 ], [ 130.3536311, 32.3980545 ], [ 130.3535978, 32.3980092 ], [ 130.3535311, 32.3979583 ], [ 130.3532722, 32.3978344 ], [ 130.3531261, 32.3977442 ], [ 130.3529933, 32.3975805 ], [ 130.3529336, 32.3974622 ], [ 130.3529403, 32.3973664 ], [ 130.35298, 32.3972031 ], [ 130.3529733, 32.3970508 ], [ 130.3529203, 32.3969436 ], [ 130.3528142, 32.3968817 ], [ 130.3525553, 32.3968083 ], [ 130.3524358, 32.3967297 ], [ 130.3523694, 32.396662 ], [ 130.3520839, 32.3962111 ], [ 130.3520442, 32.3961153 ], [ 130.3520375, 32.3960136 ], [ 130.3521303, 32.395777 ], [ 130.3522166, 32.3956756 ], [ 130.3523561, 32.3955739 ], [ 130.3524558, 32.3955403 ], [ 130.3528078, 32.3954725 ], [ 130.3532072, 32.3954434 ], [ 130.3532392, 32.3954131 ], [ 130.3532561, 32.3953589 ], [ 130.3532614, 32.39526 ], [ 130.3532365, 32.3951748 ], [ 130.3531864, 32.3951244 ], [ 130.3530733, 32.3950778 ], [ 130.3527014, 32.394937 ], [ 130.3525886, 32.394875 ], [ 130.3524625, 32.3947508 ], [ 130.3524225, 32.3946778 ], [ 130.3523561, 32.3944864 ], [ 130.3522764, 32.3943003 ], [ 130.35223, 32.394227 ], [ 130.3519911, 32.3939505 ], [ 130.3517719, 32.3937589 ], [ 130.3514931, 32.3935673 ], [ 130.351294, 32.3933984 ], [ 130.3511878, 32.3932686 ], [ 130.3511745, 32.3932009 ], [ 130.3511678, 32.3929981 ], [ 130.3511878, 32.3927445 ], [ 130.3512409, 32.3926655 ], [ 130.3513072, 32.3925981 ], [ 130.35142, 32.3925358 ], [ 130.3517719, 32.3924233 ], [ 130.3518319, 32.3923781 ], [ 130.351865, 32.3923161 ], [ 130.3518925, 32.3922242 ], [ 130.3519014, 32.3921636 ], [ 130.3518778, 32.3921142 ], [ 130.3515501, 32.3920315 ], [ 130.3511083, 32.3919708 ], [ 130.3509528, 32.3919405 ], [ 130.3509031, 32.3919047 ], [ 130.350862, 32.3918633 ], [ 130.3508414, 32.3918139 ], [ 130.3508414, 32.3917563 ], [ 130.3508751, 32.3917057 ], [ 130.35193, 32.3907203 ], [ 130.3530717, 32.389712 ], [ 130.3544194, 32.3885364 ], [ 130.3556169, 32.3875419 ], [ 130.3565553, 32.3868875 ], [ 130.3579994, 32.3859161 ], [ 130.3585087, 32.3855981 ], [ 130.3587152, 32.3854635 ], [ 130.3589553, 32.3853378 ], [ 130.3592503, 32.3852561 ], [ 130.3596256, 32.3851814 ], [ 130.359857, 32.3851533 ], [ 130.3601297, 32.3851639 ], [ 130.3604597, 32.385185 ], [ 130.3608159, 32.385242 ], [ 130.36107, 32.3853236 ], [ 130.361445, 32.3855086 ], [ 130.36179, 32.3857681 ], [ 130.3623836, 32.3863411 ], [ 130.3625894, 32.386572 ], [ 130.362749, 32.3867921 ], [ 130.3630406, 32.3872767 ], [ 130.3633152, 32.3876698 ], [ 130.3634525, 32.3878292 ], [ 130.363645, 32.3879867 ], [ 130.3638822, 32.3881566 ], [ 130.3642094, 32.38837 ], [ 130.3646872, 32.3886239 ], [ 130.3650392, 32.3888097 ], [ 130.3653115, 32.3889848 ], [ 130.3654708, 32.3891086 ], [ 130.3655147, 32.38915 ], [ 130.3658824, 32.3894972 ], [ 130.3662011, 32.3897172 ], [ 130.3664867, 32.3898808 ], [ 130.366666, 32.3899653 ], [ 130.3669247, 32.3900725 ], [ 130.3671836, 32.3901514 ], [ 130.3673831, 32.3901908 ], [ 130.3679805, 32.3902642 ], [ 130.3689704, 32.3902713 ], [ 130.3695411, 32.3901847 ], [ 130.3700059, 32.3900889 ], [ 130.3707694, 32.3899145 ], [ 130.3708254, 32.38991 ], [ 130.370909, 32.3899031 ], [ 130.3710093, 32.3899058 ], [ 130.3711147, 32.3899086 ], [ 130.3711947, 32.38992 ], [ 130.3715064, 32.3899875 ], [ 130.3722462, 32.3901824 ], [ 130.3727083, 32.3902869 ], [ 130.3731495, 32.390354 ], [ 130.3735413, 32.3903639 ], [ 130.3735914, 32.3903653 ], [ 130.3737509, 32.3903539 ], [ 130.3741026, 32.3902975 ], [ 130.37474, 32.3901567 ], [ 130.3755835, 32.3899425 ], [ 130.3764, 32.3896944 ], [ 130.3766922, 32.3895817 ], [ 130.3768317, 32.3895139 ], [ 130.3769244, 32.389435 ], [ 130.3770308, 32.3892942 ], [ 130.377283, 32.3888828 ], [ 130.3775553, 32.3884714 ], [ 130.3776483, 32.3882967 ], [ 130.3777283, 32.3880597 ], [ 130.3777681, 32.3877947 ], [ 130.3777881, 32.3872197 ], [ 130.3778081, 32.3870961 ], [ 130.3778811, 32.3869156 ], [ 130.3780006, 32.3867127 ], [ 130.3781931, 32.3864533 ], [ 130.3785118, 32.3860754 ], [ 130.3785792, 32.3859826 ], [ 130.3787044, 32.3858108 ], [ 130.3788306, 32.3856133 ], [ 130.3790231, 32.3852694 ], [ 130.3791294, 32.3850158 ], [ 130.3792819, 32.3845314 ], [ 130.3796808, 32.383477 ], [ 130.3797603, 32.3832686 ], [ 130.3798533, 32.383105 ], [ 130.3799661, 32.3829811 ], [ 130.3801256, 32.3828683 ], [ 130.3802717, 32.3828119 ], [ 130.3804178, 32.3828006 ], [ 130.3805772, 32.382823 ], [ 130.3807961, 32.3828795 ], [ 130.3809753, 32.3829528 ], [ 130.3811744, 32.38306 ], [ 130.3814665, 32.3832571 ], [ 130.3815692, 32.3833333 ], [ 130.3816792, 32.383415 ], [ 130.381812, 32.3835448 ], [ 130.3818983, 32.3836575 ], [ 130.3819381, 32.3837703 ], [ 130.3819381, 32.3840014 ], [ 130.3818517, 32.3843058 ], [ 130.3818119, 32.3845253 ], [ 130.3817656, 32.3851397 ], [ 130.3817717, 32.3854611 ], [ 130.3819047, 32.3859233 ], [ 130.3819047, 32.3861878 ], [ 130.3818514, 32.3865831 ], [ 130.3818581, 32.3868872 ], [ 130.3818781, 32.3869886 ], [ 130.381939, 32.3871098 ], [ 130.3820772, 32.3872706 ], [ 130.3822233, 32.3873778 ], [ 130.3828011, 32.3876764 ], [ 130.3830397, 32.3877497 ], [ 130.3831992, 32.3877836 ], [ 130.3833333, 32.3878036 ], [ 130.3841486, 32.3879189 ], [ 130.3843744, 32.3879583 ], [ 130.3844675, 32.3880317 ], [ 130.3846867, 32.3884092 ], [ 130.3848194, 32.3885217 ], [ 130.3851447, 32.3887247 ], [ 130.3852708, 32.3888206 ], [ 130.3853439, 32.3888995 ], [ 130.3853639, 32.3889447 ], [ 130.3854167, 32.3891814 ], [ 130.3854897, 32.3893111 ], [ 130.3857353, 32.3896042 ], [ 130.3858017, 32.3897114 ], [ 130.3857996, 32.3897967 ], [ 130.3857732, 32.3898679 ], [ 130.3857306, 32.3899414 ], [ 130.3856025, 32.3901622 ], [ 130.3855294, 32.3903484 ], [ 130.3854796, 32.3905201 ], [ 130.3854544, 32.3907056 ], [ 130.3854614, 32.390907 ], [ 130.3854887, 32.3911469 ], [ 130.3855434, 32.3913326 ], [ 130.3856071, 32.3914487 ], [ 130.3856702, 32.3915345 ], [ 130.3857437, 32.3916344 ], [ 130.3858802, 32.3917737 ], [ 130.3860532, 32.3919284 ], [ 130.3863172, 32.3920987 ], [ 130.3864955, 32.392203 ], [ 130.3866457, 32.3922987 ], [ 130.3880786, 32.3932122 ], [ 130.3886911, 32.3935491 ], [ 130.3894997, 32.39386 ], [ 130.3901036, 32.394072 ], [ 130.3903766, 32.3941482 ], [ 130.3910101, 32.3943211 ], [ 130.3914116, 32.3944553 ], [ 130.3916062, 32.3945636 ], [ 130.3918306, 32.3947395 ], [ 130.3919367, 32.3948295 ], [ 130.3923226, 32.3950213 ], [ 130.39254, 32.3951093 ], [ 130.3928128, 32.3951847 ], [ 130.3939153, 32.3954325 ], [ 130.3942472, 32.3955339 ], [ 130.3948535, 32.3957354 ], [ 130.3951577, 32.3958696 ], [ 130.395553, 32.3960248 ], [ 130.3957964, 32.3961793 ], [ 130.3965726, 32.3967501 ], [ 130.3977285, 32.3979733 ], [ 130.3981239, 32.3983913 ], [ 130.3985315, 32.3988249 ], [ 130.3987201, 32.3991087 ], [ 130.3989087, 32.3994442 ], [ 130.3991751, 32.4002999 ], [ 130.3998139, 32.4021527 ], [ 130.3999355, 32.4024624 ], [ 130.4000633, 32.402674 ], [ 130.4003492, 32.4029321 ], [ 130.4006193, 32.4031096 ], [ 130.4012642, 32.4034296 ], [ 130.4018131, 32.4037553 ], [ 130.4019753, 32.4039663 ], [ 130.402051, 32.4041108 ], [ 130.4021646, 32.4043012 ], [ 130.4022782, 32.4044801 ], [ 130.402435, 32.404916 ], [ 130.4025594, 32.4051453 ], [ 130.4026567, 32.4053518 ], [ 130.4028317, 32.4055397 ], [ 130.4029911, 32.405737 ], [ 130.4033097, 32.4060245 ], [ 130.4034295, 32.4061542 ], [ 130.4036372, 32.4064514 ], [ 130.4036617, 32.4066222 ], [ 130.4040343, 32.4083333 ], [ 130.40408, 32.4085331 ], [ 130.4041589, 32.4087097 ], [ 130.4042338, 32.4088219 ], [ 130.4043589, 32.408933 ], [ 130.4047106, 32.4091475 ], [ 130.4050365, 32.409317 ], [ 130.40572, 32.4095814 ], [ 130.4059058, 32.4096322 ], [ 130.4063839, 32.4097225 ], [ 130.4067825, 32.4098172 ], [ 130.4071144, 32.4098972 ], [ 130.4073667, 32.4100044 ], [ 130.4075525, 32.4101058 ], [ 130.4078314, 32.4103539 ], [ 130.4080439, 32.410585 ], [ 130.4084819, 32.4111656 ], [ 130.4103942, 32.4138658 ], [ 130.4108522, 32.4146097 ], [ 130.4109119, 32.4147564 ], [ 130.4109383, 32.4148917 ], [ 130.410945, 32.4150608 ], [ 130.4109053, 32.4153256 ], [ 130.4107792, 32.4157878 ], [ 130.4106064, 32.4163851 ], [ 130.4105466, 32.4165376 ], [ 130.4104603, 32.4167011 ], [ 130.4103675, 32.416825 ], [ 130.4102611, 32.4169267 ], [ 130.4099822, 32.4170675 ], [ 130.4093914, 32.4172028 ], [ 130.4083822, 32.4174339 ], [ 130.4081697, 32.4174339 ], [ 130.4080172, 32.4174114 ], [ 130.4072825, 32.4173216 ], [ 130.4069614, 32.4172647 ], [ 130.4067289, 32.4172083 ], [ 130.4050889, 32.4166897 ], [ 130.4048697, 32.4166333 ], [ 130.4047265, 32.4166257 ], [ 130.4045964, 32.4166544 ], [ 130.4045485, 32.4166716 ], [ 130.4044978, 32.4166897 ], [ 130.4044251, 32.4167432 ], [ 130.404365, 32.4168025 ], [ 130.4043119, 32.4168928 ], [ 130.4039997, 32.4174961 ], [ 130.4039533, 32.4176539 ], [ 130.4039533, 32.4178342 ], [ 130.4039733, 32.4179244 ], [ 130.4040264, 32.4180372 ], [ 130.4041989, 32.4182514 ], [ 130.4043583, 32.4183811 ], [ 130.4049228, 32.41877 ], [ 130.4054342, 32.4191083 ], [ 130.4055803, 32.4192381 ], [ 130.4056972, 32.4194492 ], [ 130.4056728, 32.4196636 ], [ 130.4056308, 32.4198428 ], [ 130.4055514, 32.4200664 ], [ 130.4052328, 32.420551 ], [ 130.4050998, 32.4207033 ], [ 130.4048539, 32.4209008 ], [ 130.4046878, 32.4210136 ], [ 130.4043686, 32.4212558 ], [ 130.4040364, 32.42147 ], [ 130.4038106, 32.4216392 ], [ 130.4033731, 32.4229533 ], [ 130.4029131, 32.4244633 ], [ 130.4026672, 32.4251795 ], [ 130.4025144, 32.4254837 ], [ 130.4023282, 32.4257771 ], [ 130.4019828, 32.4263181 ], [ 130.4019228, 32.4265883 ], [ 130.4019494, 32.4267914 ], [ 130.4020292, 32.4269942 ], [ 130.4024146, 32.4277768 ], [ 130.4024366, 32.4278857 ], [ 130.4024358, 32.4279771 ], [ 130.4024214, 32.4280596 ], [ 130.4023747, 32.4282178 ], [ 130.4023244, 32.4283309 ], [ 130.402275, 32.4284095 ], [ 130.4021289, 32.4285783 ], [ 130.400896, 32.4298252 ], [ 130.3997761, 32.4309853 ], [ 130.3997294, 32.4310925 ], [ 130.3997228, 32.4312164 ], [ 130.3997483, 32.431313 ], [ 130.3997894, 32.4313745 ], [ 130.3998425, 32.4314364 ], [ 130.399944, 32.4315162 ], [ 130.4001217, 32.4316056 ], [ 130.4007928, 32.431752 ], [ 130.4012257, 32.4318261 ], [ 130.4035461, 32.4322589 ], [ 130.4044975, 32.4324528 ], [ 130.4047764, 32.4325417 ], [ 130.4051124, 32.4327891 ], [ 130.4057105, 32.4334766 ], [ 130.4058769, 32.4336911 ], [ 130.40599, 32.4338996 ], [ 130.4061094, 32.4341817 ], [ 130.4061846, 32.4344548 ], [ 130.4061828, 32.4346156 ], [ 130.4060713, 32.4354447 ], [ 130.4059786, 32.4360686 ], [ 130.4058803, 32.4366642 ], [ 130.4055199, 32.4381984 ], [ 130.4053839, 32.4388714 ], [ 130.4053303, 32.4393538 ], [ 130.4053272, 32.4395856 ], [ 130.4053511, 32.4398592 ], [ 130.4054164, 32.4401861 ], [ 130.4054939, 32.4404092 ], [ 130.4059197, 32.4410591 ], [ 130.4063566, 32.4416722 ], [ 130.4066144, 32.4419547 ], [ 130.4069, 32.4422028 ], [ 130.4072056, 32.4424058 ], [ 130.4074558, 32.442522 ], [ 130.4081086, 32.4428305 ], [ 130.4086781, 32.4430373 ], [ 130.4091497, 32.4431753 ], [ 130.4095125, 32.4432405 ], [ 130.4097823, 32.4432654 ], [ 130.4100514, 32.4432878 ], [ 130.4105919, 32.4432842 ], [ 130.4108225, 32.443248 ], [ 130.4111253, 32.4432006 ], [ 130.4116161, 32.4430408 ], [ 130.4120661, 32.4428703 ], [ 130.4123909, 32.442741 ], [ 130.4127235, 32.4426416 ], [ 130.4133071, 32.4425072 ], [ 130.4135525, 32.4424792 ], [ 130.4138575, 32.4424678 ], [ 130.4142636, 32.4424678 ], [ 130.4143367, 32.4424733 ], [ 130.4144033, 32.4424847 ], [ 130.4145428, 32.4425128 ], [ 130.4147422, 32.4425858 ], [ 130.414875, 32.4426592 ], [ 130.4150081, 32.442755 ], [ 130.4151278, 32.4428847 ], [ 130.4152075, 32.4430144 ], [ 130.4152593, 32.44314 ], [ 130.4153709, 32.4433657 ], [ 130.4154243, 32.4436684 ], [ 130.4156347, 32.4454819 ], [ 130.4156992, 32.4456136 ], [ 130.4157239, 32.4457081 ], [ 130.4157406, 32.4458331 ], [ 130.4157411, 32.4459025 ], [ 130.4157255, 32.445957 ], [ 130.4155911, 32.4462783 ], [ 130.4155872, 32.4463511 ], [ 130.4155994, 32.4464586 ], [ 130.4156192, 32.4467631 ], [ 130.4156659, 32.4470112 ], [ 130.4157255, 32.4472027 ], [ 130.4158119, 32.4473997 ], [ 130.415925, 32.4475858 ], [ 130.4160181, 32.4476986 ], [ 130.4161244, 32.4478114 ], [ 130.4161842, 32.447862 ], [ 130.4164683, 32.4481195 ], [ 130.4166667, 32.4483967 ], [ 130.4168489, 32.4486513 ], [ 130.4169169, 32.4488089 ], [ 130.4169817, 32.4488995 ], [ 130.4170547, 32.4490686 ], [ 130.4171144, 32.4491586 ], [ 130.4172807, 32.4493449 ], [ 130.4176132, 32.4496607 ], [ 130.4178456, 32.44988 ], [ 130.4180183, 32.4500886 ], [ 130.4184172, 32.4504495 ], [ 130.4187829, 32.4507315 ], [ 130.4190419, 32.4509116 ], [ 130.4194141, 32.4511315 ], [ 130.4194669, 32.4511653 ], [ 130.41954, 32.4512386 ], [ 130.4196597, 32.4514867 ], [ 130.4197195, 32.4515545 ], [ 130.42005, 32.4517136 ], [ 130.4201344, 32.4517983 ], [ 130.4202644, 32.4518983 ], [ 130.4203306, 32.4519218 ], [ 130.4204241, 32.4519547 ], [ 130.4205625, 32.4519794 ], [ 130.4211435, 32.4520295 ], [ 130.4212417, 32.4520561 ], [ 130.4225422, 32.4526008 ], [ 130.4233283, 32.4528845 ], [ 130.4240261, 32.4529917 ], [ 130.4241592, 32.4530422 ], [ 130.4242723, 32.45311 ], [ 130.4246972, 32.4534764 ], [ 130.4249565, 32.4536342 ], [ 130.4253153, 32.4537978 ], [ 130.4260731, 32.4540684 ], [ 130.4275881, 32.4548239 ], [ 130.4284255, 32.4551678 ], [ 130.4285519, 32.4552411 ], [ 130.4285978, 32.4553089 ], [ 130.4286094, 32.4553745 ], [ 130.428605, 32.4554329 ], [ 130.4284919, 32.4557031 ], [ 130.4285097, 32.4559795 ], [ 130.4285519, 32.4561427 ], [ 130.4285586, 32.4563625 ], [ 130.4285101, 32.456672 ], [ 130.4284122, 32.4570333 ], [ 130.4283792, 32.4572533 ], [ 130.4283792, 32.4576197 ], [ 130.4284256, 32.4579128 ], [ 130.4284789, 32.4580708 ], [ 130.4285917, 32.4582789 ], [ 130.4286868, 32.4584281 ], [ 130.4287247, 32.4584875 ], [ 130.4288906, 32.458685 ], [ 130.4294153, 32.459192 ], [ 130.4296417, 32.4594008 ], [ 130.4299342, 32.4597222 ], [ 130.4301269, 32.4599589 ], [ 130.4302631, 32.4602086 ], [ 130.4303528, 32.460472 ], [ 130.4303728, 32.4606016 ], [ 130.4303528, 32.4613511 ], [ 130.4303728, 32.4615822 ], [ 130.4304191, 32.4618245 ], [ 130.4304988, 32.4621346 ], [ 130.4306317, 32.4625295 ], [ 130.4308708, 32.4631553 ], [ 130.4311303, 32.4639389 ], [ 130.4311767, 32.4642147 ], [ 130.4312631, 32.4644811 ], [ 130.4312603, 32.4672329 ], [ 130.4312994, 32.4677975 ], [ 130.4313695, 32.4681324 ], [ 130.431444, 32.4683554 ], [ 130.4315559, 32.4686178 ], [ 130.431594, 32.4687574 ], [ 130.431876, 32.4693437 ], [ 130.4321783, 32.4698263 ], [ 130.433277, 32.4715647 ], [ 130.4335593, 32.4721303 ], [ 130.4338049, 32.4730747 ], [ 130.433946, 32.4734847 ], [ 130.434345, 32.4740918 ], [ 130.435143, 32.4754151 ], [ 130.4354497, 32.4759821 ], [ 130.4356961, 32.4763436 ], [ 130.4357919, 32.4764986 ], [ 130.4358617, 32.4766728 ], [ 130.4359081, 32.4768419 ], [ 130.4359614, 32.4771011 ], [ 130.4359747, 32.4773547 ], [ 130.4358947, 32.4777605 ], [ 130.4358283, 32.4779972 ], [ 130.4357886, 32.4782511 ], [ 130.435795, 32.4784428 ], [ 130.4359942, 32.4796547 ], [ 130.4361006, 32.4799931 ], [ 130.43632, 32.4806692 ], [ 130.4364794, 32.4815486 ], [ 130.4365658, 32.4822139 ], [ 130.4365658, 32.4828453 ], [ 130.4366589, 32.4833189 ], [ 130.4371172, 32.4847167 ], [ 130.4372567, 32.4858217 ], [ 130.4373367, 32.4860922 ], [ 130.4373764, 32.4861936 ], [ 130.437433, 32.4862962 ], [ 130.4374761, 32.4863742 ], [ 130.4379815, 32.4871126 ], [ 130.4383403, 32.4877495 ], [ 130.4386125, 32.4882286 ], [ 130.4388559, 32.4885989 ], [ 130.4390044, 32.4888092 ], [ 130.4396825, 32.489525 ], [ 130.4404469, 32.4902581 ], [ 130.4413639, 32.4913514 ], [ 130.4419486, 32.4919714 ], [ 130.4427197, 32.4926425 ], [ 130.4428261, 32.4927833 ], [ 130.4429386, 32.4929581 ], [ 130.4432975, 32.4941026 ], [ 130.4434172, 32.4943167 ], [ 130.4437463, 32.4947535 ], [ 130.4439889, 32.4950553 ], [ 130.4444342, 32.4955961 ], [ 130.4448792, 32.4964586 ], [ 130.4453111, 32.4970845 ], [ 130.4457167, 32.4977836 ], [ 130.4462217, 32.4987081 ], [ 130.4464012, 32.4989956 ], [ 130.4466006, 32.4992489 ], [ 130.4471453, 32.4998297 ], [ 130.4487139, 32.5014814 ], [ 130.4490064, 32.5018817 ], [ 130.449365, 32.5026483 ], [ 130.4497267, 32.5033922 ], [ 130.4499931, 32.5037022 ], [ 130.4503525, 32.504097 ], [ 130.4508247, 32.5045872 ], [ 130.4510442, 32.5049086 ], [ 130.4512436, 32.505523 ], [ 130.4513833, 32.5058219 ], [ 130.4520683, 32.5066841 ], [ 130.4521283, 32.5067745 ], [ 130.4521817, 32.5068872 ], [ 130.4522081, 32.5069831 ], [ 130.4522481, 32.5071633 ], [ 130.4522481, 32.5074111 ], [ 130.4522147, 32.5076028 ], [ 130.452115, 32.5078339 ], [ 130.4512569, 32.5091814 ], [ 130.4510839, 32.5095083 ], [ 130.4510042, 32.5097675 ], [ 130.4510042, 32.5101 ], [ 130.4510439, 32.510337 ], [ 130.4511039, 32.5105342 ], [ 130.4511836, 32.5106864 ], [ 130.45131, 32.5108439 ], [ 130.4515208, 32.5110478 ], [ 130.4517842, 32.5112425 ], [ 130.4520553, 32.511402 ], [ 130.4532522, 32.5120559 ], [ 130.4534853, 32.5121856 ], [ 130.4536247, 32.5122814 ], [ 130.4539575, 32.5125803 ], [ 130.4544631, 32.5131383 ], [ 130.4550217, 32.5137922 ], [ 130.4556936, 32.5146153 ], [ 130.4559397, 32.5149364 ], [ 130.4561242, 32.5152464 ], [ 130.4562192, 32.5155336 ], [ 130.4562522, 32.5157311 ], [ 130.4562722, 32.5159283 ], [ 130.4562431, 32.5161161 ], [ 130.4561392, 32.5163792 ], [ 130.4560612, 32.5165035 ], [ 130.4560027, 32.5165818 ], [ 130.4559128, 32.5166854 ], [ 130.4557137, 32.5168665 ], [ 130.4555869, 32.5169712 ], [ 130.4553895, 32.5171106 ], [ 130.4551547, 32.5172417 ], [ 130.4547156, 32.5174278 ], [ 130.4542764, 32.5175855 ], [ 130.4536047, 32.5177886 ], [ 130.4528799, 32.5179633 ], [ 130.45, 32.5185356 ], [ 130.4478175, 32.5189778 ], [ 130.4475966, 32.5190611 ], [ 130.4475309, 32.5190983 ], [ 130.4470257, 32.5194401 ], [ 130.4457795, 32.5203626 ], [ 130.4453555, 32.5207165 ], [ 130.4451656, 32.5209292 ], [ 130.4450461, 32.521105 ], [ 130.4449748, 32.5212541 ], [ 130.4448806, 32.5215423 ], [ 130.4447511, 32.5223033 ], [ 130.4446975, 32.5225853 ], [ 130.4446311, 32.5227939 ], [ 130.4445444, 32.5229967 ], [ 130.4444781, 32.5231041 ], [ 130.4443044, 32.5233283 ], [ 130.4441247, 32.5235575 ], [ 130.4416667, 32.5259038 ], [ 130.4412983, 32.5262095 ], [ 130.4411587, 32.5263052 ], [ 130.4409294, 32.5264442 ], [ 130.4407888, 32.5265071 ], [ 130.4403933, 32.5266503 ], [ 130.4401209, 32.5267167 ], [ 130.4398083, 32.5267672 ], [ 130.4395489, 32.5267842 ], [ 130.4392431, 32.5267506 ], [ 130.4390567, 32.5267053 ], [ 130.4388039, 32.5266209 ], [ 130.4385978, 32.5265136 ], [ 130.4384912, 32.526429 ], [ 130.438345, 32.5262995 ], [ 130.4381986, 32.5261364 ], [ 130.4379988, 32.5258599 ], [ 130.4378594, 32.5256178 ], [ 130.4377264, 32.5253303 ], [ 130.4374587, 32.5246771 ], [ 130.4373406, 32.5243889 ], [ 130.4372206, 32.5241578 ], [ 130.4364961, 32.5234083 ], [ 130.4362431, 32.52316 ], [ 130.43613, 32.5230189 ], [ 130.4360303, 32.5228386 ], [ 130.4359369, 32.5226189 ], [ 130.4355902, 32.5212101 ], [ 130.4355378, 32.5210406 ], [ 130.4354314, 32.5208095 ], [ 130.4353183, 32.5206067 ], [ 130.4349195, 32.5200709 ], [ 130.4345069, 32.5195467 ], [ 130.4342013, 32.5190848 ], [ 130.4340148, 32.5187973 ], [ 130.43344, 32.5176867 ], [ 130.4333189, 32.5174752 ], [ 130.4331843, 32.517369 ], [ 130.4314806, 32.516537 ], [ 130.428789, 32.5160476 ] ] } },
{ "type": "Feature", "properties": { "N12_001": "43", "N12_002": 2, "N12_003": 3, "N12_004": "一般国道266号", "N12_005": 12, "N12_006": 5 }, "geometry": { "type": "LineString", "coordinates": [ [ 130.7397894, 32.7489853 ], [ 130.739431, 32.75 ], [ 130.738825, 32.7516778 ], [ 130.7387164, 32.75185 ], [ 130.7373736, 32.753377 ], [ 130.7354247, 32.7554878 ], [ 130.734382, 32.7566345 ], [ 130.7320303, 32.7592485 ], [ 130.7309533, 32.7604162 ], [ 130.7282283, 32.7634005 ], [ 130.7257888, 32.7661124 ], [ 130.7242737, 32.7678114 ] ] } },
{ "type": "Feature", "properties": { "N12_001": "43", "N12_002": 2, "N12_003": 3, "N12_004": "一般国道324号", "N12_005": 17, "N12_006": 1 }, "geometry": { "type": "LineString", "coordinates": [ [ 130.1385051, 32.5464222 ], [ 130.1383863, 32.5463368 ], [ 130.1380969, 32.5461806 ], [ 130.1375973, 32.5460452 ], [ 130.1373517, 32.5459947 ], [ 130.1368943, 32.5459409 ], [ 130.1351231, 32.5457047 ], [ 130.13165, 32.545378 ], [ 130.1302867, 32.5452167 ], [ 130.1300008, 32.5452167 ], [ 130.1298278, 32.5452506 ], [ 130.1290494, 32.5454703 ], [ 130.1285503, 32.545645 ], [ 130.1282842, 32.5456958 ], [ 130.128118, 32.5457128 ], [ 130.1278586, 32.5457128 ], [ 130.1274121, 32.5456394 ], [ 130.1271997, 32.5455944 ], [ 130.1263153, 32.545352 ], [ 130.12555, 32.5452561 ], [ 130.1252972, 32.5452561 ], [ 130.1242395, 32.5453744 ], [ 130.1227228, 32.5455131 ], [ 130.1222178, 32.5455253 ], [ 130.1219625, 32.5454922 ], [ 130.1211458, 32.5452422 ], [ 130.1203, 32.5449103 ], [ 130.1199653, 32.5447355 ], [ 130.119525, 32.5444714 ], [ 130.1193965, 32.5443709 ], [ 130.1182598, 32.5433419 ], [ 130.1174219, 32.5425833 ], [ 130.1170997, 32.5422356 ], [ 130.1169911, 32.5420636 ], [ 130.1166025, 32.5413812 ], [ 130.1164747, 32.5411569 ], [ 130.1163239, 32.5410081 ], [ 130.1161808, 32.5409228 ], [ 130.1160255, 32.5408442 ], [ 130.1153531, 32.5406456 ], [ 130.1141456, 32.5403017 ], [ 130.1126109, 32.5398105 ], [ 130.1124311, 32.5397708 ], [ 130.1122383, 32.5397597 ], [ 130.111685, 32.5397606 ], [ 130.1113734, 32.5397936 ], [ 130.1111337, 32.5398158 ], [ 130.1109075, 32.539827 ], [ 130.110648, 32.5398103 ], [ 130.1104153, 32.5397483 ], [ 130.1096322, 32.5394317 ], [ 130.1093808, 32.5393558 ], [ 130.1091136, 32.5393228 ], [ 130.1083315, 32.5391942 ], [ 130.1079996, 32.5390824 ], [ 130.1065768, 32.5385136 ], [ 130.1050747, 32.5381011 ], [ 130.1047873, 32.5379781 ], [ 130.1045411, 32.5378597 ], [ 130.1044147, 32.5377753 ], [ 130.1041883, 32.5375778 ], [ 130.103989, 32.5373354 ], [ 130.1036831, 32.5368958 ], [ 130.10353, 32.53671 ], [ 130.1033238, 32.5365294 ], [ 130.1022194, 32.5357289 ], [ 130.1020331, 32.5356161 ], [ 130.1018202, 32.5355089 ], [ 130.1005911, 32.5350278 ], [ 130.0997414, 32.5347353 ], [ 130.0988328, 32.5344999 ], [ 130.0983608, 32.5343705 ], [ 130.0981273, 32.5342912 ], [ 130.0979016, 32.5342125 ], [ 130.0975225, 32.5340547 ], [ 130.0971369, 32.5338405 ], [ 130.0969906, 32.5337333 ], [ 130.0968175, 32.5335756 ], [ 130.0966711, 32.5333894 ], [ 130.0965714, 32.5332258 ], [ 130.0965181, 32.5331075 ], [ 130.0964755, 32.5329989 ], [ 130.0964217, 32.5328643 ], [ 130.0963119, 32.5325211 ], [ 130.0962119, 32.5323072 ], [ 130.0960922, 32.5321439 ], [ 130.094875, 32.531095 ], [ 130.0937076, 32.5302453 ], [ 130.093334, 32.529919 ], [ 130.092799, 32.5294097 ], [ 130.0924267, 32.5291108 ], [ 130.0921606, 32.5289361 ], [ 130.0916192, 32.5286294 ], [ 130.09099, 32.5283442 ], [ 130.08926, 32.527972 ], [ 130.0889762, 32.52789 ], [ 130.0888112, 32.5278059 ], [ 130.0886972, 32.5277056 ], [ 130.088615, 32.5276 ], [ 130.0885599, 32.5275131 ], [ 130.0884819, 32.5273858 ], [ 130.0882092, 32.5268167 ], [ 130.0880961, 32.5266531 ], [ 130.0879364, 32.526467 ], [ 130.0877967, 32.526343 ], [ 130.0875703, 32.5261964 ], [ 130.0849866, 32.5247305 ], [ 130.0839187, 32.5241842 ], [ 130.0833863, 32.523919 ], [ 130.0831244, 32.5238133 ], [ 130.0827511, 32.5237039 ], [ 130.0824781, 32.52364 ], [ 130.0822358, 32.523613 ], [ 130.0818417, 32.5235839 ], [ 130.0802525, 32.5235694 ], [ 130.0798736, 32.5235131 ], [ 130.0795475, 32.5234283 ], [ 130.0790553, 32.5232367 ], [ 130.0787892, 32.5230958 ], [ 130.0781236, 32.5226505 ], [ 130.0777378, 32.5224192 ], [ 130.0773386, 32.5221994 ], [ 130.0770596, 32.5220701 ], [ 130.0767934, 32.5219572 ], [ 130.0764275, 32.5218389 ], [ 130.0742825, 32.5213108 ], [ 130.0718176, 32.5207088 ], [ 130.0717106, 32.5206606 ], [ 130.0716308, 32.5206042 ], [ 130.0715044, 32.5204914 ], [ 130.0710617, 32.5199467 ], [ 130.0707032, 32.5193929 ], [ 130.0699764, 32.518205 ], [ 130.0692144, 32.5168186 ], [ 130.0688301, 32.5163029 ], [ 130.0686106, 32.5160886 ], [ 130.0683644, 32.5158914 ], [ 130.0681914, 32.5157786 ], [ 130.0677342, 32.5155201 ], [ 130.0673597, 32.5153333 ], [ 130.0670339, 32.5152036 ], [ 130.0668808, 32.5151586 ], [ 130.066515, 32.5150853 ], [ 130.0661692, 32.5150458 ], [ 130.0654971, 32.515012 ], [ 130.0642994, 32.5149947 ], [ 130.0638473, 32.5149778 ], [ 130.0635678, 32.5149497 ], [ 130.063255, 32.5148933 ], [ 130.0618646, 32.5145325 ], [ 130.0593329, 32.5137874 ], [ 130.0569433, 32.5130953 ], [ 130.0564778, 32.5129197 ], [ 130.0556192, 32.5124197 ], [ 130.0553349, 32.512228 ], [ 130.0549125, 32.5118714 ], [ 130.0546928, 32.5116458 ], [ 130.0537003, 32.5105281 ] ] } },
{ "type": "Feature", "properties": { "N12_001": "43", "N12_002": 2, "N12_003": 3, "N12_004": "一般国道325号", "N12_005": 18, "N12_006": 1 }, "geometry": { "type": "LineString", "coordinates": [ [ 130.6850317, 33.0141715 ], [ 130.6864128, 33.0144845 ], [ 130.6872086, 33.0146536 ], [ 130.6884128, 33.0147214 ], [ 130.6889211, 33.0147439 ], [ 130.689356, 33.0148058 ], [ 130.6911435, 33.0149131 ], [ 130.6924261, 33.0149806 ], [ 130.6932353, 33.0148903 ], [ 130.6943118, 33.014744 ], [ 130.6964529, 33.0144281 ], [ 130.6977771, 33.0141633 ], [ 130.6989486, 33.013885 ] ] } },
{ "type": "Feature", "properties": { "N12_001": "43", "N12_002": 2, "N12_003": 3, "N12_004": "一般国道325号", "N12_005": 18, "N12_006": 2 }, "geometry": { "type": "LineString", "coordinates": [ [ 131.1226013, 32.8258323 ], [ 131.1228775, 32.8258868 ], [ 131.1230064, 32.8259211 ], [ 131.1231687, 32.8259881 ], [ 131.1234531, 32.8261789 ], [ 131.1237544, 32.8262892 ], [ 131.1240964, 32.82638 ], [ 131.1243331, 32.8264308 ], [ 131.1247889, 32.8265192 ], [ 131.1255908, 32.8266222 ], [ 131.1270733, 32.8267903 ], [ 131.1281654, 32.8269555 ], [ 131.1285869, 32.8270247 ], [ 131.1293481, 32.8271695 ], [ 131.1298205, 32.8272767 ], [ 131.1303886, 32.8273647 ], [ 131.1306364, 32.8273811 ], [ 131.13103, 32.8273764 ], [ 131.1317292, 32.8272733 ], [ 131.1321189, 32.8271783 ], [ 131.1322502, 32.8271408 ] ] } },
{ "type": "Feature", "properties": { "N12_001": "43", "N12_002": 2, "N12_003": 3, "N12_004": "一般国道325号", "N12_005": 18, "N12_006": 3 }, "geometry": { "type": "LineString", "coordinates": [ [ 130.8025955, 32.9768892 ], [ 130.8027415, 32.9769361 ], [ 130.8030594, 32.9770583 ], [ 130.8038814, 32.9774192 ], [ 130.8050598, 32.9779301 ], [ 130.8065142, 32.9785464 ], [ 130.8068014, 32.9779658 ], [ 130.8072425, 32.9770417 ], [ 130.8077037, 32.9761285 ], [ 130.8083995, 32.9747797 ], [ 130.8095748, 32.9724821 ], [ 130.810471, 32.9710477 ], [ 130.8112347, 32.9698561 ], [ 130.8113992, 32.9695683 ], [ 130.8122944, 32.968182 ], [ 130.8133756, 32.9664562 ], [ 130.8155878, 32.9629388 ], [ 130.8166883, 32.961236 ], [ 130.8170253, 32.960782 ], [ 130.8180264, 32.9600872 ], [ 130.818789, 32.9596086 ], [ 130.8201931, 32.9587025 ], [ 130.8217503, 32.9577111 ], [ 130.8219061, 32.9575355 ], [ 130.8220086, 32.957343 ], [ 130.8220372, 32.9571467 ], [ 130.8220572, 32.9569608 ], [ 130.8220706, 32.9544528 ], [ 130.8221106, 32.9541372 ], [ 130.8221975, 32.9538497 ], [ 130.8223178, 32.9535906 ], [ 130.8223781, 32.9535003 ], [ 130.8226119, 32.9532356 ], [ 130.822819, 32.9530497 ], [ 130.8230664, 32.9528581 ], [ 130.8234073, 32.9526269 ], [ 130.8237679, 32.952396 ], [ 130.8241822, 32.9520634 ], [ 130.8243361, 32.9518886 ], [ 130.8244497, 32.9517308 ], [ 130.8245231, 32.9514828 ], [ 130.8245297, 32.951325 ], [ 130.8245097, 32.9511389 ], [ 130.8244497, 32.9509361 ], [ 130.8240486, 32.9499722 ], [ 130.8240086, 32.94982 ], [ 130.8240086, 32.949677 ], [ 130.8240286, 32.9494933 ], [ 130.8240286, 32.9492231 ], [ 130.8239966, 32.9490019 ], [ 130.8239217, 32.9486425 ], [ 130.8238484, 32.9484283 ], [ 130.8226969, 32.9466079 ], [ 130.8225127, 32.9463252 ], [ 130.8225253, 32.9450691 ], [ 130.8225853, 32.9447252 ], [ 130.8226456, 32.9445789 ], [ 130.8229128, 32.9442011 ], [ 130.8244364, 32.9422795 ], [ 130.8261339, 32.9401997 ], [ 130.8266797, 32.9395489 ], [ 130.8283462, 32.9374656 ], [ 130.8284333, 32.9373511 ], [ 130.8288, 32.936762 ], [ 130.8288937, 32.9365705 ], [ 130.8297108, 32.9344507 ], [ 130.8307278, 32.9318432 ], [ 130.8315002, 32.9299704 ], [ 130.8319076, 32.9289796 ], [ 130.8322133, 32.9281728 ], [ 130.8333452, 32.9252218 ], [ 130.8336211, 32.9245904 ], [ 130.8339024, 32.9240234 ], [ 130.8343604, 32.9232584 ], [ 130.8348338, 32.9225852 ], [ 130.8362557, 32.9206931 ], [ 130.8374692, 32.9190244 ], [ 130.8380081, 32.9183417 ], [ 130.8394104, 32.9166667 ], [ 130.8430229, 32.9122962 ], [ 130.8438888, 32.9113683 ], [ 130.84513, 32.910145 ], [ 130.8459447, 32.9094405 ], [ 130.8478398, 32.907852 ], [ 130.84858, 32.9072667 ], [ 130.8510034, 32.9053509 ], [ 130.8513504, 32.9050461 ], [ 130.8517047, 32.9046447 ], [ 130.8518672, 32.9044328 ], [ 130.8521283, 32.9038811 ], [ 130.8522711, 32.9034672 ], [ 130.8525617, 32.9022753 ], [ 130.8528739, 32.9007045 ], [ 130.8531283, 32.8995311 ], [ 130.8533593, 32.8984147 ], [ 130.8539461, 32.8950174 ], [ 130.8541878, 32.89355 ], [ 130.8542814, 32.8927964 ], [ 130.8543574, 32.8921363 ], [ 130.8544442, 32.8904264 ], [ 130.854429, 32.8868069 ], [ 130.8544266, 32.8864033 ], [ 130.8544389, 32.8846535 ], [ 130.8544436, 32.8833333 ], [ 130.8544614, 32.8808588 ], [ 130.8544573, 32.8790954 ], [ 130.8544522, 32.8764178 ], [ 130.8544473, 32.8758596 ], [ 130.8544552, 32.8754744 ] ] } },
{ "type": "Feature", "properties": { "N12_001": "43", "N12_002": 2, "N12_003": 3, "N12_004": "一般国道387号", "N12_005": 19, "N12_006": 1 }, "geometry": { "type": "LineString", "coordinates": [ [ 130.8065142, 32.9785464 ], [ 130.8083181, 32.9792846 ], [ 130.8089864, 32.9795553 ], [ 130.8096481, 32.9798539 ], [ 130.8102697, 32.9801585 ], [ 130.8119147, 32.9808613 ], [ 130.8133364, 32.9814658 ], [ 130.8154678, 32.9823792 ], [ 130.8156819, 32.9824535 ], [ 130.8155054, 32.9827336 ], [ 130.815, 32.9834556 ], [ 130.8144653, 32.9842164 ], [ 130.8142769, 32.9845079 ], [ 130.8152072, 32.9849211 ], [ 130.8158819, 32.9851858 ], [ 130.8166667, 32.9855976 ], [ 130.8170311, 32.9858228 ], [ 130.8170981, 32.9858961 ], [ 130.8171114, 32.9859525 ], [ 130.8171062, 32.9860495 ], [ 130.8170714, 32.9861594 ], [ 130.8169978, 32.9861947 ], [ 130.8168309, 32.9861836 ], [ 130.8164833, 32.9861272 ], [ 130.8163497, 32.9861217 ], [ 130.8162294, 32.9861892 ], [ 130.8161624, 32.9862342 ], [ 130.8160622, 32.9863189 ], [ 130.8160089, 32.9863922 ], [ 130.8159686, 32.9864597 ], [ 130.8159753, 32.986567 ], [ 130.8160622, 32.9866628 ], [ 130.8161625, 32.9867247 ], [ 130.8167968, 32.9869111 ], [ 130.8172293, 32.9870768 ], [ 130.8175856, 32.9871981 ], [ 130.8178597, 32.9872433 ], [ 130.8184744, 32.9872828 ], [ 130.8189871, 32.9873295 ], [ 130.8191246, 32.9873419 ], [ 130.8193178, 32.9876108 ], [ 130.8194564, 32.9879533 ], [ 130.8195903, 32.9883986 ], [ 130.8196969, 32.9886975 ], [ 130.819747, 32.9887977 ], [ 130.8198774, 32.9890354 ], [ 130.8201883, 32.9894753 ], [ 130.8205053, 32.9897964 ], [ 130.8207258, 32.9899541 ], [ 130.8209664, 32.9900783 ], [ 130.8210267, 32.9900953 ], [ 130.8214744, 32.9901178 ], [ 130.8216816, 32.9901122 ], [ 130.8217683, 32.9901347 ], [ 130.8219289, 32.9902192 ], [ 130.8223028, 32.9905067 ], [ 130.8224297, 32.9905969 ], [ 130.8227706, 32.9907658 ], [ 130.8231784, 32.9909011 ], [ 130.8232717, 32.9909181 ], [ 130.8234389, 32.9908956 ], [ 130.8235192, 32.9908733 ], [ 130.8236794, 32.9908056 ], [ 130.8238733, 32.990772 ], [ 130.8241739, 32.990772 ], [ 130.8243275, 32.9907945 ], [ 130.8246214, 32.9909128 ], [ 130.8247084, 32.9909634 ], [ 130.8249554, 32.9910705 ], [ 130.8251358, 32.9911214 ], [ 130.82545, 32.991172 ], [ 130.8256439, 32.9912283 ], [ 130.8259514, 32.9913581 ], [ 130.826192, 32.9914256 ], [ 130.8265056, 32.9914764 ], [ 130.8266544, 32.9914865 ], [ 130.8267864, 32.9915103 ], [ 130.8271806, 32.99173 ], [ 130.8274211, 32.9918992 ], [ 130.8274814, 32.9919836 ], [ 130.8275281, 32.9921472 ], [ 130.8275555, 32.9923932 ], [ 130.827575, 32.9925192 ], [ 130.8276484, 32.9927164 ], [ 130.8278689, 32.9930489 ], [ 130.8282161, 32.9936575 ], [ 130.8283297, 32.9938886 ], [ 130.8285236, 32.994475 ], [ 130.8286172, 32.9946553 ], [ 130.8286906, 32.9947511 ], [ 130.8290028, 32.9950144 ], [ 130.8291056, 32.9952017 ], [ 130.8292983, 32.9956755 ], [ 130.8293719, 32.9958164 ], [ 130.8295592, 32.996087 ], [ 130.8297594, 32.996487 ], [ 130.8304075, 32.9978116 ], [ 130.8304811, 32.997913 ], [ 130.8306814, 32.9981047 ], [ 130.8313164, 32.9986178 ], [ 130.8314897, 32.9987925 ], [ 130.8315833, 32.9990125 ], [ 130.8316236, 32.999142 ], [ 130.8316703, 32.9992492 ], [ 130.8317639, 32.9993505 ], [ 130.8318575, 32.9994014 ], [ 130.8322117, 32.9995311 ], [ 130.8325858, 32.9997339 ], [ 130.8326794, 32.9998072 ], [ 130.8327461, 32.9999536 ], [ 130.8327658, 33.0000664 ], [ 130.8327725, 33.0003819 ], [ 130.8328261, 33.0005736 ], [ 130.8328931, 33.0007089 ], [ 130.8329197, 33.0008046 ], [ 130.8329597, 33.0010472 ], [ 130.8330466, 33.0012388 ], [ 130.8332698, 33.0015827 ], [ 130.8333472, 33.0018079 ], [ 130.8337833, 33.0033581 ], [ 130.8339981, 33.0038709 ], [ 130.8340919, 33.0039836 ], [ 130.8342189, 33.004068 ], [ 130.8342925, 33.0040908 ], [ 130.8346003, 33.0041244 ], [ 130.8348139, 33.0041472 ], [ 130.835075, 33.0042372 ], [ 130.8352219, 33.0043781 ], [ 130.83563, 33.0050431 ], [ 130.8356969, 33.0052008 ], [ 130.8356969, 33.0052967 ], [ 130.8356636, 33.0053981 ], [ 130.83565, 33.0055275 ], [ 130.8360015, 33.0060141 ], [ 130.8361316, 33.0060797 ], [ 130.8367939, 33.0062375 ], [ 130.8368875, 33.0062825 ], [ 130.837008, 33.0063614 ], [ 130.8372489, 33.0065586 ], [ 130.83769, 33.0068628 ], [ 130.8377903, 33.0068683 ], [ 130.8390411, 33.0067839 ], [ 130.8394301, 33.0067839 ], [ 130.8395831, 33.0068403 ], [ 130.8397036, 33.0069361 ], [ 130.8397569, 33.0070545 ], [ 130.8397836, 33.007246 ], [ 130.8398239, 33.0074036 ], [ 130.8398708, 33.007477 ], [ 130.8405734, 33.0082212 ], [ 130.8411881, 33.008897 ], [ 130.8413019, 33.0089758 ], [ 130.8414156, 33.0090378 ], [ 130.8415294, 33.0090717 ], [ 130.8416671, 33.0090717 ], [ 130.84173, 33.0090717 ], [ 130.8423119, 33.0090153 ], [ 130.8426397, 33.00897 ], [ 130.8428336, 33.00897 ], [ 130.8430478, 33.0090208 ], [ 130.8435361, 33.0091783 ], [ 130.8436631, 33.0092064 ], [ 130.8444788, 33.0092628 ], [ 130.84581, 33.0093136 ], [ 130.8463186, 33.0093414 ], [ 130.8467197, 33.0093358 ], [ 130.8474826, 33.0092908 ], [ 130.8476816, 33.0092935 ], [ 130.84781, 33.0093189 ], [ 130.8479705, 33.0094036 ], [ 130.8481042, 33.009522 ], [ 130.8482981, 33.0097756 ], [ 130.8484319, 33.0099897 ], [ 130.8485389, 33.0101475 ], [ 130.8486795, 33.0102656 ], [ 130.8489336, 33.0103895 ], [ 130.8493819, 33.0105642 ], [ 130.8508268, 33.0110995 ], [ 130.8515692, 33.0113642 ], [ 130.851997, 33.0114206 ], [ 130.8531009, 33.0114714 ], [ 130.853442, 33.0115334 ], [ 130.8536158, 33.0116006 ], [ 130.8537764, 33.0117022 ], [ 130.8538967, 33.0118317 ], [ 130.8541508, 33.0122142 ], [ 130.854385, 33.0125983 ], [ 130.8544853, 33.0127278 ], [ 130.8546059, 33.0128292 ], [ 130.8548333, 33.0129531 ], [ 130.8549136, 33.0129756 ], [ 130.8551075, 33.0129645 ], [ 130.8552747, 33.0129022 ], [ 130.8555022, 33.0127728 ], [ 130.8556761, 33.012615 ], [ 130.8557698, 33.0125528 ], [ 130.8561441, 33.0123781 ], [ 130.8563383, 33.0123105 ], [ 130.8564653, 33.012305 ], [ 130.8566392, 33.0123445 ], [ 130.8572344, 33.0125361 ], [ 130.8576892, 33.0127333 ], [ 130.8578631, 33.0128686 ], [ 130.8580906, 33.0131389 ], [ 130.8582378, 33.0133022 ], [ 130.8583333, 33.0133972 ], [ 130.8585722, 33.0136347 ], [ 130.8587861, 33.0138264 ], [ 130.8591808, 33.0141025 ], [ 130.859455, 33.0142883 ], [ 130.8598421, 33.0146249 ], [ 130.8602444, 33.0149983 ], [ 130.8604517, 33.0151505 ], [ 130.8606658, 33.0152575 ], [ 130.8607997, 33.0153081 ], [ 130.8609, 33.015325 ], [ 130.8611005, 33.0153305 ], [ 130.8615557, 33.0152461 ], [ 130.8619703, 33.0151783 ], [ 130.8625256, 33.0151728 ], [ 130.8627997, 33.0152008 ], [ 130.8631608, 33.0152517 ], [ 130.8633883, 33.0152911 ], [ 130.8635155, 33.0153305 ], [ 130.8636894, 33.0153925 ], [ 130.8640706, 33.0155672 ], [ 130.8649271, 33.0158629 ], [ 130.8659633, 33.0162883 ], [ 130.8664717, 33.0164855 ], [ 130.8667124, 33.0165589 ], [ 130.8668464, 33.0165758 ], [ 130.867047, 33.0165869 ], [ 130.8672878, 33.01657 ], [ 130.8677362, 33.0164686 ], [ 130.8682175, 33.0163389 ], [ 130.8690003, 33.0160908 ], [ 130.8693414, 33.0159555 ], [ 130.8694617, 33.0158147 ], [ 130.8696223, 33.0155783 ], [ 130.8697964, 33.0153867 ], [ 130.8699567, 33.0152739 ], [ 130.8701106, 33.0152064 ], [ 130.8702985, 33.015167 ], [ 130.8704853, 33.015167 ], [ 130.8708463, 33.0152286 ], [ 130.8726458, 33.0154672 ], [ 130.8734886, 33.0156111 ], [ 130.8736825, 33.0156111 ], [ 130.873823, 33.0155772 ], [ 130.8740103, 33.0155547 ], [ 130.8742711, 33.0155658 ], [ 130.8746055, 33.0156167 ], [ 130.8748194, 33.0156731 ], [ 130.8750359, 33.0157845 ], [ 130.8752142, 33.0158756 ], [ 130.8756959, 33.016197 ], [ 130.8758228, 33.0162364 ], [ 130.8762778, 33.0162925 ], [ 130.8772675, 33.0163489 ], [ 130.8778628, 33.0164111 ], [ 130.8781906, 33.0163997 ], [ 130.8785117, 33.0163208 ], [ 130.8786856, 33.0162589 ], [ 130.8794945, 33.0158757 ], [ 130.8795816, 33.015825 ], [ 130.8798894, 33.015605 ], [ 130.8799831, 33.0154981 ], [ 130.8802035, 33.0151374 ], [ 130.8802836, 33.0150247 ], [ 130.8804042, 33.0149178 ], [ 130.8804778, 33.0148728 ], [ 130.8805581, 33.0148445 ], [ 130.8808056, 33.0148108 ], [ 130.8815678, 33.0147489 ], [ 130.8816827, 33.0147272 ], [ 130.8818118, 33.0146846 ], [ 130.8819692, 33.0146303 ], [ 130.8823506, 33.0144389 ], [ 130.8825578, 33.0142922 ], [ 130.882725, 33.0141458 ], [ 130.8828656, 33.014095 ], [ 130.8831331, 33.014067 ], [ 130.8834339, 33.0140556 ], [ 130.8836281, 33.0140106 ], [ 130.8839356, 33.0138753 ], [ 130.8841981, 33.0137133 ], [ 130.8844706, 33.0135822 ], [ 130.8846514, 33.0135203 ], [ 130.8850125, 33.0134525 ], [ 130.8855008, 33.0134525 ], [ 130.8861558, 33.0135033 ], [ 130.8862897, 33.0135372 ], [ 130.8865169, 33.0136217 ], [ 130.8866175, 33.0136722 ], [ 130.8867311, 33.0137625 ], [ 130.886905, 33.0139317 ], [ 130.8872061, 33.0142697 ], [ 130.8874467, 33.0145064 ], [ 130.8875739, 33.0146078 ], [ 130.8876942, 33.0146697 ], [ 130.8881155, 33.0148389 ], [ 130.8894118, 33.0152459 ], [ 130.8899883, 33.0154814 ], [ 130.8909647, 33.0157295 ], [ 130.8927169, 33.0161914 ], [ 130.8933658, 33.0163211 ], [ 130.8939811, 33.0164114 ], [ 130.894342, 33.0164114 ], [ 130.8946295, 33.0164 ], [ 130.8947959, 33.0165922 ], [ 130.8952869, 33.0170563 ], [ 130.8954735, 33.0179967 ], [ 130.8955674, 33.0186927 ], [ 130.8957197, 33.0189528 ], [ 130.8960497, 33.0192574 ], [ 130.8960966, 33.0193387 ] ] } },
{ "type": "Feature", "properties": { "N12_001": "43", "N12_002": 2, "N12_003": 3, "N12_004": "一般国道387号", "N12_005": 19, "N12_006": 2 }, "geometry": { "type": "LineString", "coordinates": [ [ 130.727439, 32.856567 ], [ 130.7279584, 32.8571508 ], [ 130.728766, 32.8580586 ], [ 130.7290464, 32.8585755 ], [ 130.7298961, 32.8598206 ], [ 130.7302214, 32.8603056 ], [ 130.7307164, 32.860921 ], [ 130.7311961, 32.8614836 ], [ 130.732161, 32.8624152 ], [ 130.7328989, 32.8630839 ], [ 130.7336598, 32.8637209 ], [ 130.7349814, 32.8646901 ], [ 130.7355036, 32.8650742 ], [ 130.7364975, 32.8656751 ], [ 130.7368264, 32.8658595 ], [ 130.7370493, 32.8659797 ], [ 130.7378392, 32.8663189 ], [ 130.7380664, 32.8664486 ], [ 130.7382733, 32.8666178 ], [ 130.7383667, 32.8667531 ], [ 130.7385137, 32.8670294 ], [ 130.7386224, 32.8672588 ], [ 130.7389217, 32.8678157 ], [ 130.7391146, 32.8681171 ], [ 130.7395097, 32.8686671 ], [ 130.7402576, 32.8696513 ], [ 130.7409361, 32.870567 ], [ 130.74201, 32.8719571 ], [ 130.7423256, 32.8723497 ], [ 130.7429467, 32.8732061 ], [ 130.7433411, 32.8737706 ], [ 130.7437542, 32.8744292 ], [ 130.7449764, 32.8765205 ], [ 130.7458769, 32.8780637 ], [ 130.7467346, 32.8795119 ], [ 130.7476599, 32.8810652 ], [ 130.7479135, 32.8814486 ], [ 130.7485949, 32.8826044 ], [ 130.7491178, 32.883452 ], [ 130.7497225, 32.884728 ], [ 130.7500097, 32.8852819 ], [ 130.7504436, 32.8859678 ], [ 130.7508239, 32.8865428 ], [ 130.7509708, 32.8868133 ], [ 130.7519155, 32.8883518 ], [ 130.7523061, 32.8889772 ], [ 130.7524996, 32.8892307 ], [ 130.7527133, 32.8894675 ], [ 130.7531872, 32.8899072 ], [ 130.7535142, 32.8902397 ], [ 130.7537947, 32.890555 ], [ 130.7541286, 32.8910003 ], [ 130.7545542, 32.8916667 ], [ 130.7548897, 32.8922008 ], [ 130.7551031, 32.8926008 ], [ 130.7554703, 32.89317 ], [ 130.7559844, 32.8940322 ], [ 130.7563117, 32.8945564 ], [ 130.7565519, 32.8948436 ], [ 130.7572619, 32.8958825 ], [ 130.7583887, 32.8976289 ], [ 130.758975, 32.8985515 ], [ 130.7597961, 32.8998253 ], [ 130.7602253, 32.9004633 ], [ 130.7613351, 32.9021764 ], [ 130.7625667, 32.9041308 ], [ 130.7636883, 32.9058722 ], [ 130.7652133, 32.9083333 ], [ 130.7659047, 32.9094283 ], [ 130.7668339, 32.910917 ], [ 130.7672076, 32.9115517 ], [ 130.7678002, 32.9125435 ], [ 130.7680011, 32.9129222 ], [ 130.7680814, 32.9132039 ], [ 130.768209, 32.9140045 ], [ 130.768355, 32.91441 ], [ 130.7688439, 32.9154729 ], [ 130.7691361, 32.9161347 ], [ 130.7692431, 32.9165517 ], [ 130.7692431, 32.916749 ], [ 130.7691965, 32.9173114 ], [ 130.7691294, 32.9178594 ], [ 130.7690873, 32.9186945 ], [ 130.7690869, 32.9188749 ], [ 130.7691164, 32.9194261 ], [ 130.7692133, 32.9200289 ], [ 130.7693297, 32.9207672 ], [ 130.7695532, 32.9217422 ], [ 130.7696694, 32.9222889 ], [ 130.7698099, 32.9228988 ], [ 130.7700111, 32.9239008 ], [ 130.7700981, 32.9242614 ], [ 130.7701717, 32.9244814 ], [ 130.7703786, 32.925 ], [ 130.7706794, 32.9258003 ], [ 130.7708197, 32.9260989 ], [ 130.7712933, 32.9269539 ], [ 130.7715053, 32.9273236 ], [ 130.7721631, 32.9285786 ], [ 130.7724419, 32.9290587 ], [ 130.7729444, 32.9299367 ], [ 130.7730783, 32.9301228 ], [ 130.7732853, 32.9302975 ], [ 130.77386, 32.9306244 ], [ 130.7740139, 32.9306864 ], [ 130.7741275, 32.9307033 ], [ 130.7746239, 32.9306967 ], [ 130.775, 32.9311717 ], [ 130.7755172, 32.931825 ], [ 130.7759114, 32.9322417 ], [ 130.7761119, 32.9323995 ], [ 130.7763992, 32.9325631 ], [ 130.7767, 32.9326814 ], [ 130.7769672, 32.9327489 ], [ 130.7774083, 32.9328222 ], [ 130.7778292, 32.9328278 ], [ 130.7784439, 32.9327883 ], [ 130.7789317, 32.9328053 ], [ 130.7793828, 32.9328509 ], [ 130.7799142, 32.932935 ], [ 130.7802617, 32.9330309 ], [ 130.7805111, 32.9331195 ], [ 130.7808629, 32.9332676 ], [ 130.7811167, 32.9334311 ], [ 130.7812862, 32.933585 ], [ 130.7816044, 32.9339156 ], [ 130.7821125, 32.9345522 ], [ 130.7832617, 32.9359503 ], [ 130.7840516, 32.936858 ], [ 130.7842572, 32.9371278 ], [ 130.7844578, 32.9374886 ], [ 130.7845981, 32.9378436 ], [ 130.7847892, 32.9384078 ], [ 130.7850927, 32.9392754 ], [ 130.7854347, 32.9402299 ], [ 130.7856542, 32.9408156 ], [ 130.7860414, 32.9418572 ], [ 130.7865892, 32.9432878 ], [ 130.786971, 32.9443267 ], [ 130.7870651, 32.9446428 ], [ 130.7871706, 32.9450856 ], [ 130.7872375, 32.945435 ], [ 130.7872442, 32.9456775 ], [ 130.7872242, 32.9458295 ], [ 130.7871305, 32.9462187 ], [ 130.7869304, 32.9470407 ], [ 130.78691, 32.9472271 ], [ 130.7869167, 32.9474694 ], [ 130.7869543, 32.9476619 ], [ 130.7870134, 32.9478375 ], [ 130.7871503, 32.9481178 ], [ 130.7872506, 32.9482756 ], [ 130.7874377, 32.9485177 ], [ 130.7875381, 32.9486136 ], [ 130.7877117, 32.9487489 ], [ 130.7881058, 32.9490025 ], [ 130.7884533, 32.94916 ], [ 130.7889614, 32.9492897 ], [ 130.7896361, 32.9494025 ], [ 130.7905583, 32.9495883 ], [ 130.7916667, 32.9498523 ], [ 130.792155, 32.9499661 ], [ 130.7924158, 32.950045 ], [ 130.7926431, 32.9501294 ], [ 130.7928167, 32.9502311 ], [ 130.7929569, 32.9503381 ], [ 130.7931775, 32.9505467 ], [ 130.7932511, 32.9506425 ], [ 130.7932978, 32.9507664 ], [ 130.7933314, 32.9511836 ], [ 130.7933314, 32.9515309 ], [ 130.7932978, 32.9525306 ], [ 130.7932911, 32.9533081 ], [ 130.7932777, 32.9540751 ], [ 130.793245, 32.9549286 ], [ 130.7933311, 32.9552189 ], [ 130.7938094, 32.9561275 ], [ 130.7945894, 32.9575326 ], [ 130.7955358, 32.9592366 ], [ 130.7960036, 32.9600598 ], [ 130.7966517, 32.9612608 ], [ 130.7977793, 32.9632758 ], [ 130.7990445, 32.9655899 ], [ 130.8, 32.9673253 ], [ 130.8006268, 32.9684736 ], [ 130.8011619, 32.9694497 ], [ 130.8015764, 32.970205 ], [ 130.8017367, 32.970442 ], [ 130.8017903, 32.9705828 ], [ 130.8018633, 32.971135 ], [ 130.8019771, 32.9723084 ], [ 130.8021442, 32.9736317 ], [ 130.8023038, 32.975 ], [ 130.8024181, 32.9761796 ], [ 130.802465, 32.9764553 ], [ 130.8025955, 32.9768892 ] ] } },
{ "type": "Feature", "properties": { "N12_001": "43", "N12_002": 2, "N12_003": 3, "N12_004": "一般国道387号", "N12_005": 19, "N12_006": 3 }, "geometry": { "type": "LineString", "coordinates": [ [ 131.0639125, 33.1227292 ], [ 131.0626657, 33.1238742 ] ] } },
{ "type": "Feature", "properties": { "N12_001": "43", "N12_002": 2, "N12_003": 3, "N12_004": "一般国道388号", "N12_005": 20, "N12_006": 1 }, "geometry": { "type": "LineString", "coordinates": [ [ 131.0093198, 32.3147425 ], [ 131.0092509, 32.314676 ], [ 131.0086378, 32.3142003 ], [ 131.0077081, 32.3134372 ], [ 131.0065137, 32.3123658 ], [ 131.0055394, 32.311521 ], [ 131.0047903, 32.3108111 ], [ 131.0046776, 32.3106817 ], [ 131.0044715, 32.3103769 ], [ 131.0039147, 32.3094697 ], [ 131.0031983, 32.3083763 ], [ 131.0027672, 32.3078353 ], [ 131.0024889, 32.3075933 ], [ 131.0017333, 32.3071059 ], [ 131.0007247, 32.306455 ], [ 131.0002933, 32.3061506 ], [ 130.9997562, 32.3056715 ], [ 130.9989208, 32.3048542 ], [ 130.9982375, 32.304167 ], [ 130.9978383, 32.3036717 ], [ 130.9976606, 32.3034031 ], [ 130.9970335, 32.3020688 ], [ 130.9967729, 32.301654 ], [ 130.9965502, 32.3014093 ], [ 130.9963075, 32.301199 ], [ 130.9946592, 32.29993 ], [ 130.9950349, 32.2994853 ], [ 130.9951103, 32.2991482 ], [ 130.9950706, 32.2987279 ], [ 130.9949594, 32.2983155 ], [ 130.9949091, 32.2982317 ], [ 130.9941872, 32.2973057 ], [ 130.9931212, 32.2965443 ], [ 130.9903325, 32.2948311 ], [ 130.9876119, 32.2929961 ], [ 130.9873654, 32.2928338 ], [ 130.9866563, 32.2923341 ], [ 130.9863613, 32.2922294 ], [ 130.9860652, 32.2922647 ], [ 130.9860153, 32.2915789 ], [ 130.985956, 32.2910019 ], [ 130.9857353, 32.2899627 ], [ 130.9856677, 32.2887788 ], [ 130.9856119, 32.288736 ], [ 130.9853207, 32.2883952 ], [ 130.9843766, 32.2872273 ], [ 130.9839606, 32.2867202 ], [ 130.9837984, 32.2864417 ], [ 130.9837111, 32.2862007 ], [ 130.9836695, 32.2859388 ], [ 130.9837069, 32.2854027 ], [ 130.9837631, 32.2845215 ], [ 130.9838208, 32.2838264 ], [ 130.9837797, 32.283524 ], [ 130.9836799, 32.2831333 ], [ 130.9833333, 32.282304 ], [ 130.9828921, 32.2813849 ] ] } },
{ "type": "Feature", "properties": { "N12_001": "43", "N12_002": 2, "N12_003": 3, "N12_004": "一般国道443号", "N12_005": 21, "N12_006": 1 }, "geometry": { "type": "LineString", "coordinates": [ [ 130.8031562, 32.708718 ], [ 130.8039047, 32.7096358 ], [ 130.8041294, 32.709915 ], [ 130.8045482, 32.7104006 ], [ 130.8049441, 32.7107379 ], [ 130.8052264, 32.7109922 ], [ 130.8055076, 32.7112664 ], [ 130.805774, 32.7115135 ] ] } },
{ "type": "Feature", "properties": { "N12_001": "43", "N12_002": 2, "N12_003": 3, "N12_004": "一般国道443号", "N12_005": 21, "N12_006": 2 }, "geometry": { "type": "LineString", "coordinates": [ [ 130.8107489, 32.652147 ], [ 130.8109053, 32.6507094 ], [ 130.8112678, 32.6484972 ], [ 130.8116495, 32.6460682 ], [ 130.8118511, 32.6448492 ], [ 130.8118925, 32.6447595 ], [ 130.8120108, 32.6445903 ], [ 130.8121191, 32.6444798 ], [ 130.8123185, 32.6443526 ], [ 130.8126628, 32.6441456 ], [ 130.8129156, 32.6439756 ], [ 130.8131958, 32.6437336 ], [ 130.8132145, 32.6435561 ], [ 130.813203, 32.6428778 ], [ 130.8131158, 32.6413703 ], [ 130.8130619, 32.6408167 ], [ 130.8130769, 32.6399808 ], [ 130.8132828, 32.6371849 ], [ 130.8133131, 32.636778 ], [ 130.8133694, 32.6364464 ], [ 130.8134417, 32.6362233 ], [ 130.8135958, 32.6359305 ], [ 130.8144944, 32.6346767 ], [ 130.8149939, 32.6339497 ], [ 130.8156825, 32.63272 ], [ 130.8158194, 32.6323436 ], [ 130.8158661, 32.6322028 ], [ 130.8158992, 32.6319942 ], [ 130.8158956, 32.6319055 ], [ 130.8158861, 32.6317686 ], [ 130.8158539, 32.6316653 ], [ 130.8158061, 32.6315264 ], [ 130.8157461, 32.6313967 ], [ 130.8155181, 32.6310975 ], [ 130.8153372, 32.6309461 ], [ 130.8142425, 32.6302853 ], [ 130.8139364, 32.6300228 ], [ 130.8138531, 32.6299278 ], [ 130.8137619, 32.629777 ], [ 130.8137661, 32.6295572 ], [ 130.8139694, 32.6286867 ], [ 130.813975, 32.6283414 ], [ 130.8139361, 32.6281439 ], [ 130.8138725, 32.6279514 ], [ 130.8137286, 32.6277411 ], [ 130.8124696, 32.6260406 ] ] } },
{ "type": "Feature", "properties": { "N12_001": "43", "N12_002": 2, "N12_003": 3, "N12_004": "一般国道443号", "N12_005": 21, "N12_006": 3 }, "geometry": { "type": "LineString", "coordinates": [ [ 130.8211102, 32.7902653 ], [ 130.8217094, 32.791683 ], [ 130.8218701, 32.7919857 ], [ 130.8222902, 32.7922153 ], [ 130.8231181, 32.7925493 ], [ 130.823433, 32.7929704 ], [ 130.8235419, 32.7934564 ], [ 130.8236633, 32.794125 ], [ 130.8236433, 32.7942711 ], [ 130.8234272, 32.7950459 ], [ 130.8231021, 32.7966509 ], [ 130.8229364, 32.7979234 ], [ 130.8228806, 32.7989144 ], [ 130.8229561, 32.7995748 ], [ 130.8230656, 32.8 ], [ 130.8232035, 32.8005353 ], [ 130.8235867, 32.8017873 ], [ 130.8240232, 32.8032123 ], [ 130.8245118, 32.8047416 ], [ 130.825, 32.8062676 ], [ 130.825555, 32.8080471 ], [ 130.8261572, 32.8098772 ], [ 130.8263239, 32.8104464 ], [ 130.82648, 32.8110629 ], [ 130.8266975, 32.8125428 ] ] } },
{ "type": "Feature", "properties": { "N12_001": "43", "N12_002": 2, "N12_003": 3, "N12_004": "一般国道445号", "N12_005": 22, "N12_006": 1 }, "geometry": { "type": "LineString", "coordinates": [ [ 130.805774, 32.7115135 ], [ 130.805149, 32.7120802 ], [ 130.8044392, 32.7129735 ], [ 130.8038101, 32.7140032 ], [ 130.8036822, 32.714219 ], [ 130.8033503, 32.7147532 ], [ 130.802617, 32.7157326 ], [ 130.8019232, 32.7163668 ], [ 130.8010198, 32.7169532 ], [ 130.8000438, 32.7174373 ], [ 130.7992583, 32.7177452 ], [ 130.7906147, 32.7202686 ], [ 130.7892488, 32.7207634 ], [ 130.7875513, 32.7215386 ], [ 130.7852435, 32.7229891 ] ] } },
{ "type": "Feature", "properties": { "N12_001": "43", "N12_002": 2, "N12_003": 3, "N12_004": "一般国道445号", "N12_005": 22, "N12_006": 2 }, "geometry": { "type": "LineString", "coordinates": [ [ 130.7383834, 32.2159273 ], [ 130.7389536, 32.2156883 ], [ 130.7393523, 32.2155126 ], [ 130.7404992, 32.2149772 ], [ 130.7411184, 32.2146919 ], [ 130.7422577, 32.2141674 ], [ 130.7437244, 32.2134874 ], [ 130.744303, 32.2132133 ], [ 130.7448666, 32.2129652 ], [ 130.7473259, 32.211821 ], [ 130.7480399, 32.2115011 ], [ 130.7494936, 32.2108872 ], [ 130.75, 32.2110863 ], [ 130.7512661, 32.2116262 ], [ 130.7520103, 32.2119536 ], [ 130.7533142, 32.2125123 ], [ 130.7539718, 32.2127811 ], [ 130.7543044, 32.21297 ], [ 130.7547714, 32.2133555 ], [ 130.7562113, 32.2134981 ], [ 130.7572608, 32.2135886 ], [ 130.7592555, 32.2138292 ], [ 130.7600012, 32.2139208 ], [ 130.7620675, 32.2141967 ], [ 130.7634397, 32.2143829 ], [ 130.7652185, 32.2145983 ], [ 130.765238, 32.2147134 ], [ 130.7669932, 32.2150835 ], [ 130.7686695, 32.2154429 ], [ 130.7704321, 32.2158204 ], [ 130.7714243, 32.2160415 ], [ 130.7715751, 32.216067 ], [ 130.7718364, 32.2161078 ], [ 130.7719717, 32.2161131 ], [ 130.7719292, 32.2166667 ], [ 130.7717367, 32.2181311 ], [ 130.77171, 32.2183625 ], [ 130.7716844, 32.2187809 ], [ 130.7716059, 32.2195888 ], [ 130.7715708, 32.2202728 ], [ 130.7715708, 32.2209042 ], [ 130.7715311, 32.2217158 ], [ 130.7715092, 32.2224342 ], [ 130.7742481, 32.2225219 ], [ 130.7745738, 32.2225446 ], [ 130.7747591, 32.2226371 ], [ 130.7751824, 32.2227416 ], [ 130.7763153, 32.2230517 ], [ 130.7765869, 32.2231475 ], [ 130.7770643, 32.2233562 ], [ 130.7783494, 32.2239311 ], [ 130.7786568, 32.2239997 ], [ 130.7789356, 32.2241072 ], [ 130.7791718, 32.2242222 ], [ 130.7794561, 32.2243606 ], [ 130.7799136, 32.2244553 ], [ 130.7799797, 32.2244892 ], [ 130.7800858, 32.2245792 ], [ 130.7801389, 32.2246414 ], [ 130.7801589, 32.2246919 ], [ 130.7801719, 32.2247372 ], [ 130.7801589, 32.2252558 ], [ 130.7801986, 32.225402 ], [ 130.7802858, 32.2255641 ], [ 130.7807714, 32.2259287 ], [ 130.7812053, 32.2263628 ], [ 130.7817562, 32.2270153 ], [ 130.7820406, 32.2274875 ], [ 130.7822328, 32.2278653 ], [ 130.7824176, 32.2282167 ], [ 130.7825115, 32.2283347 ], [ 130.7827431, 32.2285642 ], [ 130.7830478, 32.2287503 ], [ 130.7833333, 32.2289855 ], [ 130.7838892, 32.2295672 ], [ 130.7847241, 32.2303902 ], [ 130.7848967, 32.23061 ], [ 130.7851286, 32.2311061 ], [ 130.7852678, 32.2313147 ], [ 130.7854931, 32.2315231 ], [ 130.7856122, 32.2315853 ], [ 130.785889, 32.2316876 ], [ 130.7861095, 32.231777 ], [ 130.7862747, 32.2318669 ], [ 130.7866458, 32.2321319 ], [ 130.7868711, 32.2322617 ], [ 130.7872092, 32.2324475 ], [ 130.7874211, 32.2326166 ], [ 130.7876797, 32.2329156 ], [ 130.7882364, 32.2336314 ], [ 130.7884483, 32.2338622 ], [ 130.7885214, 32.2339692 ], [ 130.7886936, 32.2343525 ], [ 130.7889056, 32.2347528 ], [ 130.7890647, 32.234995 ], [ 130.7891442, 32.2350853 ], [ 130.7892703, 32.2352095 ], [ 130.7894292, 32.235322 ], [ 130.7896942, 32.2354178 ], [ 130.7899194, 32.23548 ], [ 130.790171, 32.2355113 ], [ 130.790993, 32.2355589 ], [ 130.7921725, 32.235587 ], [ 130.792305, 32.2356208 ], [ 130.7924178, 32.2356772 ], [ 130.792928, 32.2359983 ], [ 130.79316, 32.2361111 ], [ 130.7933192, 32.2361619 ], [ 130.7935575, 32.2361958 ], [ 130.7940875, 32.2361847 ], [ 130.7942797, 32.2361453 ], [ 130.794472, 32.2360719 ], [ 130.7946906, 32.2359425 ], [ 130.7948231, 32.2358297 ], [ 130.7954131, 32.2351644 ], [ 130.7960094, 32.2345333 ], [ 130.7962481, 32.2343133 ], [ 130.7963142, 32.2342686 ], [ 130.7964733, 32.2342461 ], [ 130.7969636, 32.2344603 ], [ 130.7971425, 32.2345278 ], [ 130.79815, 32.2347758 ], [ 130.7983419, 32.2348097 ], [ 130.7994219, 32.2351422 ], [ 130.7996872, 32.2352664 ], [ 130.7998397, 32.2353621 ], [ 130.8001384, 32.2357581 ], [ 130.8003547, 32.235935 ], [ 130.800546, 32.2360513 ], [ 130.8008933, 32.2362414 ], [ 130.8012775, 32.236495 ], [ 130.8016553, 32.2367936 ], [ 130.8025041, 32.2376901 ], [ 130.802828, 32.2379378 ], [ 130.8031925, 32.2381464 ], [ 130.8035239, 32.2383156 ], [ 130.8041277, 32.2385755 ], [ 130.8042928, 32.2387156 ], [ 130.8044253, 32.2388961 ], [ 130.8046042, 32.2391047 ], [ 130.8047731, 32.2392657 ], [ 130.8051542, 32.2395386 ], [ 130.8057639, 32.2399164 ], [ 130.8060092, 32.2401081 ], [ 130.8061477, 32.2402818 ], [ 130.8062344, 32.2404517 ], [ 130.8064923, 32.2411776 ], [ 130.8070783, 32.242809 ], [ 130.8072665, 32.2433409 ], [ 130.8074336, 32.2435347 ], [ 130.8075992, 32.24367 ], [ 130.8078578, 32.2437997 ], [ 130.8087323, 32.244166 ], [ 130.8091633, 32.2443633 ], [ 130.8093489, 32.2444706 ], [ 130.8094681, 32.244572 ], [ 130.8095211, 32.2446394 ], [ 130.8095542, 32.2447017 ], [ 130.8095808, 32.2448875 ], [ 130.8095608, 32.2453917 ], [ 130.8095014, 32.2457614 ], [ 130.809415, 32.24606 ], [ 130.8091767, 32.2466233 ], [ 130.8091367, 32.2467811 ], [ 130.8091303, 32.2469447 ], [ 130.809191, 32.2472524 ], [ 130.8094089, 32.2478247 ], [ 130.8101306, 32.2493911 ], [ 130.8102033, 32.2496616 ], [ 130.8103161, 32.2504392 ], [ 130.8103558, 32.2505519 ], [ 130.8106208, 32.2508339 ], [ 130.8107734, 32.2509465 ], [ 130.8111439, 32.2512833 ], [ 130.8113353, 32.2516322 ], [ 130.8121027, 32.2534265 ], [ 130.8124919, 32.2547906 ], [ 130.8127522, 32.2555258 ], [ 130.8128392, 32.2556789 ], [ 130.8129761, 32.2558198 ], [ 130.8130886, 32.2558672 ], [ 130.8132056, 32.2559042 ], [ 130.8133341, 32.2559347 ], [ 130.8134867, 32.2559628 ], [ 130.8137041, 32.2559741 ], [ 130.8148841, 32.2560003 ], [ 130.8159475, 32.2560306 ], [ 130.8161531, 32.256087 ], [ 130.8166667, 32.256467 ], [ 130.8183619, 32.2578511 ], [ 130.8194761, 32.2589167 ], [ 130.8208387, 32.2602955 ], [ 130.8214316, 32.2610756 ], [ 130.8220164, 32.2618361 ], [ 130.8221822, 32.2620333 ], [ 130.8223547, 32.2622025 ], [ 130.822839, 32.2625181 ], [ 130.8232103, 32.2627097 ], [ 130.8236147, 32.2628789 ], [ 130.824265, 32.2630931 ], [ 130.8245103, 32.2631945 ], [ 130.8247626, 32.2633239 ], [ 130.825, 32.2634772 ], [ 130.8258103, 32.2640003 ], [ 130.8266858, 32.2645697 ], [ 130.8285231, 32.2657478 ], [ 130.8288281, 32.265917 ], [ 130.8292461, 32.2660917 ], [ 130.8295044, 32.2661875 ], [ 130.8298294, 32.2663564 ], [ 130.8307583, 32.2669258 ], [ 130.8314214, 32.2672867 ], [ 130.8319386, 32.2675345 ], [ 130.8321708, 32.2676247 ], [ 130.8325025, 32.2677261 ], [ 130.8327582, 32.2677709 ], [ 130.8329536, 32.2677995 ], [ 130.8333189, 32.2678332 ], [ 130.8335042, 32.2678503 ], [ 130.8337558, 32.2678897 ], [ 130.833935, 32.2679403 ], [ 130.8341539, 32.2680361 ], [ 130.8345122, 32.2682222 ], [ 130.8351889, 32.2686392 ], [ 130.8363228, 32.2695128 ], [ 130.8367472, 32.2698567 ], [ 130.8371321, 32.2702118 ], [ 130.8374836, 32.270595 ], [ 130.8381864, 32.2713728 ], [ 130.8384186, 32.2716153 ], [ 130.838523, 32.2717836 ], [ 130.8393408, 32.2726803 ], [ 130.8400169, 32.2735708 ], [ 130.84007, 32.2736667 ], [ 130.8402094, 32.2740839 ], [ 130.8402564, 32.2741308 ], [ 130.8403975, 32.2742117 ], [ 130.8405942, 32.2743883 ], [ 130.8409656, 32.274822 ], [ 130.8411236, 32.2749881 ], [ 130.8413436, 32.2751658 ], [ 130.8416667, 32.2753609 ], [ 130.8418942, 32.2754983 ], [ 130.8420733, 32.2755831 ], [ 130.8421994, 32.2756167 ], [ 130.842445, 32.2756619 ], [ 130.8427828, 32.2758197 ], [ 130.8429022, 32.2759156 ], [ 130.8433667, 32.276265 ], [ 130.8436717, 32.2765411 ], [ 130.8437314, 32.276637 ], [ 130.8437183, 32.2769528 ], [ 130.8435922, 32.277798 ], [ 130.8434528, 32.278835 ], [ 130.8433867, 32.2790042 ], [ 130.843035, 32.2795341 ], [ 130.8429953, 32.2796356 ], [ 130.8429886, 32.2797539 ], [ 130.8431411, 32.2808696 ], [ 130.8432339, 32.2812247 ], [ 130.8433361, 32.2815396 ], [ 130.8436032, 32.282216 ], [ 130.8438178, 32.2827353 ], [ 130.8440501, 32.2832426 ], [ 130.8442489, 32.283592 ], [ 130.8445493, 32.2839577 ], [ 130.8452236, 32.2846911 ], [ 130.8454995, 32.2850099 ], [ 130.8457517, 32.2853243 ], [ 130.8466566, 32.2865399 ], [ 130.8467228, 32.2866189 ], [ 130.8468289, 32.2868161 ], [ 130.8468622, 32.2869289 ], [ 130.8468689, 32.2869961 ], [ 130.8468064, 32.2872292 ], [ 130.8465296, 32.287923 ], [ 130.8463445, 32.2882144 ], [ 130.8462653, 32.2884053 ], [ 130.8462694, 32.2884786 ], [ 130.8463001, 32.2885705 ], [ 130.8464, 32.2887978 ], [ 130.8462869, 32.2890183 ], [ 130.8459203, 32.2891608 ], [ 130.8457334, 32.2892733 ], [ 130.8448322, 32.2904344 ], [ 130.8447328, 32.2905133 ], [ 130.84462, 32.2905697 ], [ 130.8442817, 32.2906542 ], [ 130.844169, 32.2906991 ], [ 130.8438918, 32.2908656 ], [ 130.8437711, 32.2908908 ], [ 130.8433731, 32.2908797 ], [ 130.8431805, 32.2909192 ], [ 130.8425906, 32.2911445 ], [ 130.8424114, 32.2911725 ], [ 130.8422456, 32.2912514 ], [ 130.8420003, 32.2914656 ], [ 130.8419536, 32.291877 ], [ 130.8419669, 32.2919786 ], [ 130.8420094, 32.2920589 ], [ 130.8420531, 32.2920995 ], [ 130.8421725, 32.2921703 ], [ 130.8424911, 32.2922942 ], [ 130.8426039, 32.2923392 ], [ 130.8427364, 32.2924181 ], [ 130.8429484, 32.2925592 ], [ 130.8430877, 32.292638 ], [ 130.8434195, 32.2927678 ], [ 130.8434858, 32.2927789 ], [ 130.8438639, 32.2928972 ], [ 130.8441689, 32.2930045 ], [ 130.8445669, 32.2932411 ], [ 130.8452038, 32.2937652 ], [ 130.8454955, 32.2940472 ], [ 130.8458714, 32.2946301 ], [ 130.8461122, 32.2950619 ], [ 130.8461589, 32.2951914 ], [ 130.8462383, 32.2956308 ], [ 130.8464042, 32.2962733 ], [ 130.8464242, 32.2963861 ], [ 130.8464108, 32.2965158 ], [ 130.8463711, 32.2966511 ], [ 130.8461719, 32.2971528 ], [ 130.8461122, 32.2973389 ], [ 130.8460658, 32.2975247 ], [ 130.8459994, 32.2978742 ], [ 130.8459994, 32.2984658 ], [ 130.8460328, 32.2987478 ], [ 130.8463841, 32.2994635 ], [ 130.8465236, 32.2996833 ], [ 130.8465567, 32.2997681 ], [ 130.8465792, 32.2998889 ], [ 130.8465744, 32.3000258 ], [ 130.8463389, 32.3009042 ], [ 130.8462472, 32.3012192 ], [ 130.8462053, 32.3013011 ], [ 130.8461122, 32.3014364 ], [ 130.8459994, 32.30156 ], [ 130.8458005, 32.3017236 ], [ 130.845555, 32.3018533 ], [ 130.8453428, 32.3019492 ], [ 130.8450378, 32.302045 ], [ 130.8446661, 32.3021859 ], [ 130.8445831, 32.3022417 ], [ 130.8445039, 32.3023315 ], [ 130.8444686, 32.3024503 ], [ 130.8445019, 32.3025622 ], [ 130.8446308, 32.3026537 ], [ 130.8447167, 32.3026864 ], [ 130.8448386, 32.3027156 ], [ 130.8451506, 32.3027439 ], [ 130.8453032, 32.302772 ], [ 130.8461055, 32.3028961 ], [ 130.8465169, 32.3029919 ], [ 130.8467358, 32.3031103 ], [ 130.8468619, 32.3032511 ], [ 130.8469413, 32.3033807 ], [ 130.8470144, 32.3035217 ], [ 130.8471206, 32.3037418 ], [ 130.8472069, 32.3040008 ], [ 130.8474912, 32.3054086 ], [ 130.8477108, 32.3065929 ], [ 130.8477969, 32.3071178 ], [ 130.8478367, 32.3075742 ], [ 130.8478367, 32.3082506 ], [ 130.8478036, 32.30869 ], [ 130.8476896, 32.3095663 ], [ 130.8477308, 32.3105951 ], [ 130.8477572, 32.3108545 ], [ 130.847744, 32.3110669 ], [ 130.8477194, 32.3114166 ], [ 130.8477561, 32.3117506 ], [ 130.8478098, 32.3121948 ], [ 130.8477639, 32.312393 ], [ 130.8477306, 32.3125283 ], [ 130.8476708, 32.3126861 ], [ 130.847472, 32.3130524 ], [ 130.8474122, 32.3132161 ], [ 130.8473725, 32.3134247 ], [ 130.8473392, 32.3137628 ], [ 130.8472861, 32.3139094 ], [ 130.8471933, 32.314067 ], [ 130.8470739, 32.3141967 ], [ 130.8468138, 32.3143999 ], [ 130.8457869, 32.3151772 ], [ 130.8442881, 32.3165017 ], [ 130.8439897, 32.3168006 ], [ 130.84389, 32.3169189 ], [ 130.8437905, 32.3171048 ], [ 130.8436514, 32.31746 ], [ 130.8435253, 32.3178206 ], [ 130.8433728, 32.3183389 ], [ 130.8432931, 32.318525 ], [ 130.8432136, 32.3186378 ], [ 130.8431139, 32.3187222 ], [ 130.8428353, 32.3188745 ], [ 130.8424706, 32.3191111 ], [ 130.8421986, 32.3193311 ], [ 130.8419797, 32.3195339 ], [ 130.8418139, 32.319737 ], [ 130.8416667, 32.3199952 ], [ 130.8415086, 32.3202725 ], [ 130.8413761, 32.3204694 ], [ 130.8412433, 32.3206103 ], [ 130.8409183, 32.3208528 ], [ 130.8406531, 32.3211008 ], [ 130.8402456, 32.3216233 ], [ 130.83993, 32.3218447 ], [ 130.8397736, 32.3219892 ], [ 130.8397038, 32.3220876 ], [ 130.8396748, 32.3223076 ], [ 130.8397508, 32.3225264 ], [ 130.8398636, 32.3227125 ], [ 130.8400097, 32.3228872 ], [ 130.8402352, 32.323096 ], [ 130.8406397, 32.3234397 ], [ 130.8408453, 32.3236709 ], [ 130.8410311, 32.3239693 ], [ 130.8411572, 32.3242175 ], [ 130.8415073, 32.3250494 ], [ 130.8418272, 32.3257222 ], [ 130.8418803, 32.3259139 ], [ 130.8419, 32.3260604 ], [ 130.841925, 32.3266483 ], [ 130.8419333, 32.3273175 ], [ 130.8418869, 32.3275656 ], [ 130.8418339, 32.3277233 ], [ 130.8416214, 32.3281175 ], [ 130.8407792, 32.3294253 ], [ 130.8402483, 32.3303495 ], [ 130.8401622, 32.3305806 ], [ 130.8401158, 32.3307836 ], [ 130.8401158, 32.3311106 ], [ 130.8401689, 32.33124 ], [ 130.8402683, 32.331381 ], [ 130.8404525, 32.3315459 ], [ 130.8411175, 32.3319672 ], [ 130.8414819, 32.3322039 ], [ 130.8418069, 32.3324575 ], [ 130.8420258, 32.3327056 ], [ 130.8421653, 32.3329423 ], [ 130.8427131, 32.3343047 ], [ 130.8430342, 32.335005 ], [ 130.8432664, 32.3352814 ], [ 130.8434519, 32.335552 ], [ 130.8435714, 32.3358056 ], [ 130.8436136, 32.3359989 ], [ 130.8436847, 32.3366125 ], [ 130.8436589, 32.3376608 ], [ 130.8436011, 32.3380872 ], [ 130.8436058, 32.3383978 ], [ 130.8436453, 32.3385631 ], [ 130.8438269, 32.3388908 ], [ 130.8438769, 32.3390292 ], [ 130.8438836, 32.3392153 ], [ 130.8438172, 32.3395478 ], [ 130.8437972, 32.3397733 ], [ 130.8438106, 32.3398464 ], [ 130.8439034, 32.3400381 ], [ 130.8440562, 32.3402523 ], [ 130.8441622, 32.340348 ], [ 130.8443681, 32.3404778 ], [ 130.8447731, 32.3406864 ], [ 130.8453175, 32.3409175 ], [ 130.8456761, 32.3410358 ], [ 130.8458619, 32.3410808 ], [ 130.8461475, 32.3410808 ], [ 130.84632, 32.3410414 ], [ 130.8466717, 32.3409289 ], [ 130.8468908, 32.3408667 ], [ 130.8470967, 32.3408331 ], [ 130.8472758, 32.3408442 ], [ 130.8474219, 32.3408892 ], [ 130.8475747, 32.340985 ], [ 130.8478045, 32.3411897 ], [ 130.8478743, 32.341406 ], [ 130.8480131, 32.3417178 ], [ 130.8486369, 32.3431041 ], [ 130.8487367, 32.3432678 ], [ 130.8490417, 32.3436681 ], [ 130.8492144, 32.3438538 ], [ 130.8493009, 32.3439272 ], [ 130.8499647, 32.3442372 ], [ 130.8500842, 32.3443217 ], [ 130.8501706, 32.3444908 ], [ 130.8502236, 32.3446545 ], [ 130.8502236, 32.3448911 ], [ 130.8501969, 32.3449983 ], [ 130.8501706, 32.3450544 ], [ 130.8500908, 32.3451503 ], [ 130.8498253, 32.3453758 ], [ 130.8492941, 32.3457592 ], [ 130.8491414, 32.3458997 ], [ 130.8490617, 32.3460014 ], [ 130.8489681, 32.3462464 ], [ 130.8489753, 32.3467678 ], [ 130.8489022, 32.346965 ], [ 130.8488425, 32.3470836 ], [ 130.8486433, 32.3473372 ], [ 130.8484575, 32.3475006 ], [ 130.8483247, 32.347602 ], [ 130.8481722, 32.3476753 ], [ 130.8480131, 32.3477206 ], [ 130.8478072, 32.34776 ], [ 130.8473956, 32.3477994 ], [ 130.8471367, 32.3478669 ], [ 130.8469639, 32.347957 ], [ 130.8468511, 32.3480528 ], [ 130.8467314, 32.3482161 ], [ 130.8463215, 32.3489063 ], [ 130.8462733, 32.3490506 ], [ 130.8462469, 32.3491575 ], [ 130.8462469, 32.3494225 ], [ 130.8464328, 32.3505719 ], [ 130.8465722, 32.3512653 ], [ 130.8465986, 32.3514628 ], [ 130.8465986, 32.3518856 ], [ 130.8464925, 32.3526292 ], [ 130.8464528, 32.3528094 ], [ 130.8464683, 32.3530747 ], [ 130.8471761, 32.3545906 ], [ 130.8474934, 32.3551051 ], [ 130.8480036, 32.3554528 ], [ 130.8489085, 32.3559393 ], [ 130.849371, 32.3564257 ], [ 130.849562, 32.3571425 ], [ 130.8494112, 32.357902 ], [ 130.8490191, 32.3583543 ], [ 130.8485164, 32.3586785 ], [ 130.8476718, 32.358926 ], [ 130.8471088, 32.3591479 ], [ 130.8467067, 32.3593954 ], [ 130.8462136, 32.3600464 ], [ 130.8459747, 32.3603225 ], [ 130.8450386, 32.3612978 ], [ 130.84464, 32.3616753 ], [ 130.8444278, 32.3618442 ], [ 130.8441156, 32.3620414 ], [ 130.84391, 32.3621486 ], [ 130.8436908, 32.3622331 ], [ 130.8433326, 32.3623403 ], [ 130.8429739, 32.3624192 ], [ 130.842715, 32.3624586 ], [ 130.8424892, 32.3624756 ], [ 130.841168, 32.3624811 ], [ 130.8408041, 32.3625463 ], [ 130.8397272, 32.3628645 ], [ 130.8385136, 32.3632742 ], [ 130.8382006, 32.3634897 ], [ 130.8375167, 32.3641325 ], [ 130.8369856, 32.3645833 ], [ 130.8362353, 32.3651692 ], [ 130.8360692, 32.365327 ], [ 130.8359364, 32.3655186 ], [ 130.83587, 32.3657047 ], [ 130.83587, 32.3658514 ], [ 130.8359364, 32.3660317 ], [ 130.8361622, 32.366432 ], [ 130.8362353, 32.3666292 ], [ 130.8362419, 32.3668264 ], [ 130.8361223, 32.367238 ], [ 130.8361025, 32.3673958 ], [ 130.8361092, 32.3675086 ], [ 130.836182, 32.3676834 ], [ 130.8364478, 32.3680831 ], [ 130.8365272, 32.3682637 ], [ 130.8366469, 32.3689175 ], [ 130.8366536, 32.3691092 ], [ 130.8366336, 32.3693009 ], [ 130.8366069, 32.3693739 ], [ 130.836295, 32.369887 ], [ 130.8362286, 32.3700446 ], [ 130.8362019, 32.3701575 ], [ 130.8362019, 32.3703153 ], [ 130.8363017, 32.3705405 ], [ 130.8366825, 32.3710725 ], [ 130.8369356, 32.3714084 ], [ 130.8370881, 32.371565 ], [ 130.8373206, 32.3717419 ], [ 130.8377125, 32.3719736 ], [ 130.8381519, 32.37212 ], [ 130.8385644, 32.3722997 ], [ 130.8388258, 32.3724358 ], [ 130.8389022, 32.3725417 ], [ 130.8389892, 32.3727664 ], [ 130.83908, 32.3730797 ], [ 130.8391306, 32.3734797 ], [ 130.8391983, 32.3744969 ], [ 130.8392214, 32.3747863 ], [ 130.8392178, 32.3748714 ], [ 130.8391814, 32.3750078 ], [ 130.8391089, 32.3751405 ], [ 130.8389636, 32.3753414 ], [ 130.8382147, 32.3762167 ], [ 130.8380131, 32.3765106 ], [ 130.8379878, 32.3766164 ], [ 130.8379478, 32.3769545 ], [ 130.8379611, 32.3776367 ], [ 130.8380208, 32.3782903 ], [ 130.8380242, 32.3785845 ], [ 130.8379889, 32.3787564 ], [ 130.8379592, 32.3788222 ], [ 130.8373597, 32.379749 ], [ 130.8369692, 32.3803478 ], [ 130.8366722, 32.3807375 ], [ 130.8358302, 32.3817187 ], [ 130.8350192, 32.3827497 ], [ 130.8349276, 32.3828805 ], [ 130.834772, 32.3831988 ], [ 130.8347078, 32.3833458 ], [ 130.8346414, 32.3835487 ], [ 130.8345883, 32.3838811 ], [ 130.8345883, 32.3841855 ], [ 130.8346083, 32.3843097 ], [ 130.8347211, 32.3847775 ], [ 130.8348739, 32.3852736 ], [ 130.8351128, 32.3860961 ], [ 130.8351394, 32.3864289 ], [ 130.8351353, 32.3866989 ], [ 130.8351064, 32.3869786 ], [ 130.8350459, 32.3874248 ], [ 130.8349594, 32.3878658 ], [ 130.8348883, 32.3880581 ], [ 130.8347903, 32.3882042 ], [ 130.8345897, 32.3884256 ], [ 130.8342956, 32.3887056 ], [ 130.8336672, 32.3891778 ], [ 130.8333295, 32.3893619 ], [ 130.8324526, 32.3896486 ], [ 130.8307506, 32.3900786 ], [ 130.8305433, 32.3901637 ], [ 130.8301644, 32.3903475 ], [ 130.8298747, 32.3905397 ], [ 130.8295719, 32.3907778 ], [ 130.8291039, 32.391225 ], [ 130.8281197, 32.3923686 ], [ 130.8276028, 32.3930581 ], [ 130.8273644, 32.3933228 ], [ 130.8270464, 32.3938289 ], [ 130.82694, 32.3940432 ], [ 130.8268936, 32.3941842 ], [ 130.8268536, 32.3944094 ], [ 130.826622, 32.3961139 ], [ 130.8265857, 32.3971656 ], [ 130.8264986, 32.3991787 ], [ 130.8264575, 32.4000351 ], [ 130.8264291, 32.4002724 ], [ 130.8263707, 32.4006621 ], [ 130.8261894, 32.4014836 ] ] } },
{ "type": "Feature", "properties": { "N12_001": "43", "N12_002": 2, "N12_003": 3, "N12_004": "一般国道445号", "N12_005": 22, "N12_006": 3 }, "geometry": { "type": "LineString", "coordinates": [ [ 130.7397894, 32.7489853 ], [ 130.7405648, 32.7467625 ], [ 130.741055, 32.7453547 ], [ 130.7412839, 32.7448286 ], [ 130.7415639, 32.7443411 ], [ 130.7418514, 32.7439536 ], [ 130.7421522, 32.7436397 ], [ 130.7438717, 32.7421101 ], [ 130.7443623, 32.7416667 ], [ 130.7452621, 32.7407793 ], [ 130.7462753, 32.7397233 ], [ 130.7473835, 32.7385719 ], [ 130.7481384, 32.7381005 ], [ 130.7493811, 32.7373411 ], [ 130.749652, 32.7371231 ], [ 130.7499917, 32.736412 ], [ 130.7503553, 32.7354209 ], [ 130.7526978, 32.734995 ], [ 130.7531697, 32.7348573 ], [ 130.7548609, 32.7342322 ], [ 130.7561273, 32.7338204 ], [ 130.7572181, 32.733502 ], [ 130.7576661, 32.7333914 ], [ 130.7585581, 32.7332428 ], [ 130.759247, 32.7331733 ], [ 130.7597, 32.7331436 ], [ 130.7601427, 32.7331356 ], [ 130.7612233, 32.733145 ], [ 130.7617597, 32.7331678 ], [ 130.7623575, 32.73322 ], [ 130.7635675, 32.7333806 ], [ 130.7668228, 32.733867 ], [ 130.7677961, 32.7339325 ], [ 130.7682286, 32.7339472 ], [ 130.7690178, 32.7339514 ], [ 130.7694556, 32.7339392 ], [ 130.7701023, 32.7338872 ], [ 130.7704292, 32.7338469 ], [ 130.7711186, 32.7337581 ], [ 130.7716189, 32.7336533 ], [ 130.772115, 32.7335378 ], [ 130.7729653, 32.7331614 ], [ 130.7734189, 32.73289 ], [ 130.773974, 32.7325052 ], [ 130.7743633, 32.7322045 ], [ 130.7762428, 32.730578 ], [ 130.7813991, 32.7262983 ], [ 130.7840011, 32.7241186 ], [ 130.7845939, 32.7235847 ], [ 130.784876, 32.7233166 ], [ 130.7852435, 32.7229891 ], [ 130.7853305, 32.7226367 ], [ 130.7854822, 32.7222036 ], [ 130.7855533, 32.7209028 ], [ 130.7857819, 32.7195498 ], [ 130.7858544, 32.7193131 ], [ 130.7859725, 32.7190995 ], [ 130.7861711, 32.718817 ], [ 130.7863375, 32.7186258 ], [ 130.7866278, 32.7184078 ], [ 130.786865, 32.7182586 ], [ 130.7870485, 32.718192 ], [ 130.7871781, 32.7181611 ] ] } },
{ "type": "Feature", "properties": { "N12_001": "43", "N12_002": 1, "N12_003": 3, "N12_004": "一般国道324号", "N12_005": 17, "N12_006": 2 }, "geometry": { "type": "LineString", "coordinates": [ [ 130.4204403, 32.5213681 ], [ 130.4198883, 32.5211313 ], [ 130.4190384, 32.5207639 ], [ 130.4184255, 32.5204994 ], [ 130.4178964, 32.5201858 ], [ 130.4170118, 32.5195906 ], [ 130.4163145, 32.5190263 ], [ 130.4156987, 32.5184458 ], [ 130.4153605, 32.5180931 ], [ 130.4148661, 32.5174832 ], [ 130.4143111, 32.516741 ], [ 130.4138098, 32.5158446 ], [ 130.4131854, 32.5145954 ], [ 130.4128385, 32.5138679 ], [ 130.4124274, 32.5131243 ], [ 130.4119764, 32.5125511 ], [ 130.4117336, 32.5122719 ], [ 130.4111092, 32.5117355 ], [ 130.4103721, 32.5111991 ], [ 130.4083966, 32.5098882 ], [ 130.4054637, 32.5079233 ], [ 130.404822, 32.5075265 ], [ 130.404241, 32.507115 ], [ 130.4037987, 32.5067917 ], [ 130.403209, 32.50627 ], [ 130.4025205, 32.5055146 ], [ 130.4018875, 32.5046842 ], [ 130.4011764, 32.5036555 ], [ 130.4000145, 32.5019493 ], [ 130.3991994, 32.5009088 ], [ 130.3985491, 32.5002842 ], [ 130.39776, 32.4995053 ], [ 130.3975042, 32.4992886 ], [ 130.3969466, 32.4988572 ], [ 130.3962443, 32.4983869 ], [ 130.3952992, 32.4978211 ], [ 130.3943367, 32.4973728 ], [ 130.3932962, 32.4970422 ], [ 130.3922297, 32.4968658 ], [ 130.3911805, 32.496785 ], [ 130.3901746, 32.4967629 ], [ 130.3894463, 32.4968144 ], [ 130.3881023, 32.4969981 ], [ 130.3872976, 32.497123 ], [ 130.3857629, 32.4975345 ], [ 130.3840981, 32.4980929 ], [ 130.38252, 32.4987616 ], [ 130.3814881, 32.4992833 ], [ 130.3804146, 32.4999373 ], [ 130.3795475, 32.5005399 ], [ 130.3784289, 32.5013702 ], [ 130.3762785, 32.5030235 ], [ 130.3735972, 32.5050619 ], [ 130.3715594, 32.5065977 ], [ 130.3710564, 32.5069651 ], [ 130.369218, 32.5083833 ], [ 130.3678479, 32.5093238 ], [ 130.3667986, 32.509897 ], [ 130.3661222, 32.510235 ], [ 130.3654371, 32.5105216 ], [ 130.3646132, 32.5108082 ], [ 130.3637634, 32.5110727 ], [ 130.3630089, 32.5112417 ], [ 130.3622978, 32.511374 ], [ 130.3614826, 32.5114842 ], [ 130.3605287, 32.511565 ], [ 130.3595661, 32.5115797 ], [ 130.3585688, 32.5115503 ], [ 130.3578074, 32.5114871 ], [ 130.3571483, 32.511399 ], [ 130.3564632, 32.5112667 ], [ 130.3555786, 32.5110683 ], [ 130.3548068, 32.5108699 ], [ 130.3530984, 32.5103555 ], [ 130.3511299, 32.5097456 ], [ 130.3495464, 32.5092665 ], [ 130.3482716, 32.5088697 ], [ 130.3474131, 32.5086346 ], [ 130.3467541, 32.5084656 ], [ 130.3460083, 32.5083407 ], [ 130.3447249, 32.5082231 ], [ 130.3428257, 32.5081202 ], [ 130.3397299, 32.5079512 ], [ 130.3375099, 32.5079218 ], [ 130.3365213, 32.5079439 ], [ 130.3350124, 32.5079953 ], [ 130.3333647, 32.5081423 ], [ 130.3318818, 32.5082892 ], [ 130.330451, 32.5084876 ], [ 130.3283298, 32.508833 ], [ 130.3262139, 32.509193 ], [ 130.3242974, 32.5095458 ], [ 130.3230053, 32.5097221 ], [ 130.3218606, 32.5098397 ], [ 130.320872, 32.5098176 ], [ 130.319814, 32.5097074 ], [ 130.3188687, 32.5095164 ], [ 130.3179373, 32.5092371 ], [ 130.3170875, 32.5089065 ], [ 130.3162724, 32.5084582 ], [ 130.3153445, 32.507863 ], [ 130.3140351, 32.5069225 ], [ 130.3135425, 32.506583 ], [ 130.3125106, 32.5058702 ], [ 130.311574, 32.5051942 ], [ 130.3105768, 32.5044961 ], [ 130.3094737, 32.503701 ], [ 130.308199, 32.502665 ], [ 130.3073059, 32.5019081 ], [ 130.3068636, 32.5015774 ], [ 130.3065081, 32.5014231 ], [ 130.3060572, 32.5013349 ], [ 130.3055369, 32.501379 ], [ 130.3051866, 32.5015995 ], [ 130.3048311, 32.5019448 ], [ 130.3041634, 32.502709 ], [ 130.3037905, 32.5032822 ], [ 130.303383, 32.5039141 ], [ 130.3029953, 32.5044256 ], [ 130.3026094, 32.5041945 ], [ 130.3018377, 32.5037886 ], [ 130.3010097, 32.503352 ], [ 130.3009167, 32.5033006 ], [ 130.3005858, 32.503067 ], [ 130.3003733, 32.5028472 ], [ 130.3002803, 32.5027061 ], [ 130.3001672, 32.5024694 ], [ 130.3000808, 32.5022497 ], [ 130.2999344, 32.5020017 ], [ 130.2997617, 32.5018045 ], [ 130.2991866, 32.5013193 ], [ 130.2985322, 32.5008122 ], [ 130.2984589, 32.5007164 ], [ 130.2983792, 32.5005642 ], [ 130.2983461, 32.5004345 ], [ 130.2983328, 32.5002317 ], [ 130.2983431, 32.5001061 ], [ 130.2984125, 32.4998089 ], [ 130.2986119, 32.4990139 ], [ 130.2988577, 32.4982252 ], [ 130.2989708, 32.4977458 ], [ 130.2990439, 32.4972046 ], [ 130.2990572, 32.4969847 ], [ 130.2990506, 32.4968211 ], [ 130.2990172, 32.4964717 ], [ 130.2989503, 32.496023 ], [ 130.2989044, 32.4958233 ], [ 130.2988244, 32.4955358 ], [ 130.2987183, 32.4952708 ], [ 130.2986119, 32.4950906 ], [ 130.2984589, 32.4948816 ], [ 130.2983792, 32.4948034 ], [ 130.2982397, 32.4946961 ], [ 130.2979869, 32.4945516 ], [ 130.2968115, 32.4939054 ], [ 130.2957141, 32.4932925 ], [ 130.2955613, 32.4931852 ], [ 130.2949433, 32.4926347 ], [ 130.2933875, 32.4913358 ], [ 130.2925903, 32.490677 ], [ 130.2922501, 32.4903993 ], [ 130.2919819, 32.4903119 ], [ 130.2916667, 32.4902383 ], [ 130.2913478, 32.4901639 ], [ 130.2908892, 32.4900681 ], [ 130.2908136, 32.4900424 ], [ 130.29065, 32.4899872 ], [ 130.2905258, 32.4899275 ], [ 130.2903983, 32.4898278 ], [ 130.2903167, 32.4897511 ], [ 130.2902683, 32.489647 ], [ 130.2902178, 32.48951 ], [ 130.2901047, 32.489025 ], [ 130.2900105, 32.4887427 ], [ 130.2898322, 32.4885125 ], [ 130.2882706, 32.4873567 ], [ 130.2871544, 32.4865714 ], [ 130.2868881, 32.4864661 ], [ 130.2866472, 32.4864517 ], [ 130.2864563, 32.4864839 ], [ 130.28625, 32.4866803 ], [ 130.2860306, 32.4869622 ], [ 130.2859175, 32.4870581 ], [ 130.2857581, 32.4871481 ], [ 130.2856717, 32.4871764 ], [ 130.2855186, 32.4871875 ], [ 130.2854192, 32.4871705 ], [ 130.2849739, 32.4870353 ], [ 130.284595, 32.48681 ], [ 130.2844689, 32.4866689 ], [ 130.2843425, 32.4864942 ], [ 130.2842361, 32.4863025 ], [ 130.2841364, 32.486043 ], [ 130.2841114, 32.4859334 ], [ 130.28409, 32.4858403 ], [ 130.2840367, 32.4857278 ], [ 130.2838773, 32.4855473 ], [ 130.2833333, 32.4851322 ], [ 130.2819567, 32.4840817 ], [ 130.2817042, 32.483918 ], [ 130.2815778, 32.4838786 ], [ 130.2810214, 32.4838223 ], [ 130.2802483, 32.4838281 ], [ 130.2795906, 32.483873 ], [ 130.2793181, 32.4838675 ], [ 130.2792325, 32.4838481 ], [ 130.2791815, 32.483824 ], [ 130.2791046, 32.4837897 ], [ 130.2785803, 32.4835517 ], [ 130.2784153, 32.4835221 ], [ 130.2783278, 32.4835067 ], [ 130.2773175, 32.4835122 ], [ 130.276965, 32.4834503 ], [ 130.2763606, 32.4832811 ], [ 130.2757689, 32.4830333 ], [ 130.2738481, 32.4821539 ], [ 130.2733364, 32.4818833 ], [ 130.2732231, 32.4818041 ], [ 130.2731439, 32.4817197 ], [ 130.2730308, 32.4815394 ], [ 130.2727847, 32.4811731 ], [ 130.2725656, 32.480925 ], [ 130.2724192, 32.4807953 ], [ 130.2709279, 32.4798491 ], [ 130.2703722, 32.479527 ], [ 130.2701242, 32.4793647 ], [ 130.2699731, 32.4792908 ], [ 130.2698522, 32.4792528 ], [ 130.2694943, 32.4791887 ], [ 130.2688903, 32.4790647 ], [ 130.2684717, 32.4789689 ], [ 130.2677336, 32.4787716 ], [ 130.2663847, 32.4783714 ], [ 130.2656072, 32.4781178 ], [ 130.2651089, 32.4779883 ], [ 130.2641917, 32.4778022 ], [ 130.2635136, 32.4777064 ], [ 130.2630023, 32.4775825 ], [ 130.2619718, 32.477278 ], [ 130.2616395, 32.4771708 ], [ 130.2612473, 32.4770075 ], [ 130.2610813, 32.4768832 ], [ 130.2608689, 32.4766578 ], [ 130.2607492, 32.4764775 ], [ 130.2606161, 32.4761675 ], [ 130.2602972, 32.4752036 ], [ 130.2601642, 32.474905 ], [ 130.2600188, 32.4746464 ], [ 130.2597058, 32.4742567 ], [ 130.2593861, 32.4739331 ], [ 130.2590111, 32.4736652 ], [ 130.2587156, 32.4735067 ], [ 130.2582769, 32.4733211 ], [ 130.2565606, 32.4727511 ], [ 130.2542825, 32.4720189 ], [ 130.2538508, 32.4718667 ], [ 130.2532194, 32.4716128 ], [ 130.2517198, 32.4706914 ], [ 130.2510131, 32.4702094 ], [ 130.25, 32.4695012 ], [ 130.248444, 32.4684134 ], [ 130.2477167, 32.467902 ], [ 130.2474977, 32.4677291 ], [ 130.2473484, 32.467612 ], [ 130.2471933, 32.4675161 ], [ 130.2470019, 32.4674214 ], [ 130.2468, 32.4673486 ], [ 130.2465258, 32.4672661 ], [ 130.2462282, 32.4672078 ], [ 130.2459536, 32.4671592 ], [ 130.2458491, 32.4671517 ], [ 130.2455834, 32.4671292 ], [ 130.2453175, 32.4670953 ], [ 130.2450573, 32.4670483 ], [ 130.2447757, 32.4669821 ], [ 130.2443606, 32.4668586 ], [ 130.2439179, 32.4666236 ], [ 130.2427122, 32.4659158 ], [ 130.2422402, 32.4656409 ], [ 130.2407453, 32.4646939 ], [ 130.2400009, 32.4642034 ], [ 130.2394995, 32.4637795 ], [ 130.2393748, 32.4636589 ], [ 130.2392208, 32.4635804 ], [ 130.2376589, 32.4625681 ], [ 130.2366581, 32.4619881 ], [ 130.2362857, 32.4616496 ], [ 130.23598, 32.4613339 ], [ 130.2357142, 32.4611367 ], [ 130.2352492, 32.4608942 ], [ 130.2348105, 32.46068 ], [ 130.2340261, 32.460415 ], [ 130.2339264, 32.4604039 ], [ 130.2333414, 32.4604176 ], [ 130.2328697, 32.4605222 ], [ 130.2324112, 32.4606011 ], [ 130.2312544, 32.4608097 ], [ 130.2310417, 32.4608097 ], [ 130.2308225, 32.4607758 ], [ 130.230603, 32.4607025 ], [ 130.2298656, 32.4602067 ], [ 130.2294933, 32.4601164 ], [ 130.228915, 32.460077 ], [ 130.2284764, 32.4600714 ], [ 130.2276189, 32.4601558 ], [ 130.2271469, 32.4601617 ], [ 130.2269408, 32.4601503 ], [ 130.2267416, 32.4601222 ], [ 130.2266616, 32.4601053 ], [ 130.2262431, 32.460015 ], [ 130.2256514, 32.4597953 ], [ 130.2252528, 32.4596317 ], [ 130.2245229, 32.4592994 ], [ 130.2237772, 32.458955 ], [ 130.22363, 32.4588365 ], [ 130.223535, 32.4587147 ], [ 130.2234383, 32.4586 ], [ 130.2229736, 32.4576211 ], [ 130.2228886, 32.4574046 ], [ 130.2227272, 32.4572472 ], [ 130.2224944, 32.4570611 ], [ 130.2220869, 32.4568294 ], [ 130.2218631, 32.4567678 ], [ 130.2215906, 32.4567172 ], [ 130.2212386, 32.4566778 ], [ 130.2208276, 32.4566609 ], [ 130.2206705, 32.456685 ], [ 130.2203677, 32.4567848 ], [ 130.2196567, 32.457095 ], [ 130.2194039, 32.457157 ], [ 130.2184536, 32.4572245 ], [ 130.2177025, 32.4572639 ], [ 130.21739, 32.4572639 ], [ 130.2171242, 32.4572189 ], [ 130.216865, 32.4571456 ], [ 130.2166667, 32.457105 ], [ 130.2164794, 32.4570386 ], [ 130.21632, 32.4569539 ], [ 130.2159478, 32.4567114 ], [ 130.2158119, 32.4566128 ], [ 130.2156089, 32.4564353 ], [ 130.2154361, 32.4562381 ], [ 130.2151144, 32.4557753 ], [ 130.2149642, 32.4555839 ], [ 130.2147914, 32.4554317 ], [ 130.2143925, 32.4550033 ], [ 130.2142197, 32.4548569 ], [ 130.2137147, 32.4542536 ], [ 130.2135839, 32.4541442 ], [ 130.2134311, 32.4540594 ], [ 130.2125847, 32.4535828 ], [ 130.2122058, 32.4533403 ], [ 130.2116344, 32.4529908 ], [ 130.2111292, 32.4527539 ], [ 130.2108967, 32.452675 ], [ 130.2102719, 32.4525397 ], [ 130.2090885, 32.452258 ], [ 130.20865, 32.4521453 ], [ 130.2083333, 32.4519832 ], [ 130.2081968, 32.4518887 ], [ 130.208105, 32.4517903 ], [ 130.2078394, 32.4514575 ], [ 130.2073631, 32.4508548 ], [ 130.2068025, 32.4501159 ], [ 130.2066231, 32.4498339 ], [ 130.2063836, 32.4493603 ], [ 130.2063039, 32.449107 ], [ 130.2062242, 32.4487347 ], [ 130.2061264, 32.4480328 ] ] } },
{ "type": "Feature", "properties": { "N12_001": "43", "N12_002": 1, "N12_003": 3, "N12_004": "一般国道324号", "N12_005": 17, "N12_006": 3 }, "geometry": { "type": "LineString", "coordinates": [ [ 130.2000456, 32.4464072 ], [ 130.2004089, 32.4461417 ], [ 130.200595, 32.4460683 ], [ 130.2006881, 32.446057 ], [ 130.2014656, 32.4464234 ], [ 130.2008602, 32.4471454 ], [ 130.2003328, 32.4477686 ], [ 130.2001981, 32.4479777 ], [ 130.1996244, 32.4487292 ], [ 130.1992125, 32.4494167 ], [ 130.1990183, 32.4496992 ], [ 130.1983146, 32.4503248 ], [ 130.1967931, 32.4517 ], [ 130.1962146, 32.4522413 ], [ 130.1954769, 32.4529853 ], [ 130.1948056, 32.4537406 ], [ 130.19447, 32.4542054 ], [ 130.1942272, 32.4546878 ], [ 130.1937817, 32.4557706 ], [ 130.1932206, 32.4571396 ], [ 130.1924592, 32.458938 ], [ 130.1921224, 32.4597702 ] ] } },
{ "type": "Feature", "properties": { "N12_001": "43", "N12_002": 1, "N12_003": 3, "N12_004": "一般国道445号", "N12_005": 22, "N12_006": 4 }, "geometry": { "type": "LineString", "coordinates": [ [ 130.8969058, 32.7371394 ], [ 130.8977585, 32.7373892 ], [ 130.8984326, 32.7375796 ], [ 130.8987816, 32.7376351 ], [ 130.8991528, 32.7375705 ], [ 130.8992372, 32.7375528 ], [ 130.8995409, 32.7374166 ], [ 130.8998812, 32.7371261 ], [ 130.9004671, 32.7368221 ], [ 130.9007724, 32.7367785 ], [ 130.9014236, 32.7368975 ], [ 130.9021293, 32.7370868 ], [ 130.9022355, 32.7371298 ], [ 130.9025706, 32.7372539 ], [ 130.903147, 32.7375432 ], [ 130.9033932, 32.7376688 ], [ 130.9035964, 32.7377211 ], [ 130.903861, 32.7377577 ], [ 130.9041133, 32.7377525 ], [ 130.9043534, 32.7377002 ], [ 130.9046693, 32.7375734 ], [ 130.9050857, 32.7373763 ], [ 130.9052504, 32.7373065 ], [ 130.9056934, 32.73716 ], [ 130.9060378, 32.737063 ], [ 130.9060885, 32.7370487 ], [ 130.9070281, 32.7367638 ], [ 130.9074523, 32.7365989 ], [ 130.9079514, 32.7363748 ], [ 130.9083106, 32.7361707 ], [ 130.909921, 32.7354794 ], [ 130.9101872, 32.7353525 ], [ 130.9108211, 32.7350962 ], [ 130.9110919, 32.7350282 ], [ 130.9113135, 32.7349968 ], [ 130.9115095, 32.7349889 ], [ 130.9117567, 32.7349706 ], [ 130.912749, 32.7349969 ], [ 130.9128278, 32.7349895 ], [ 130.9129222, 32.7349733 ], [ 130.9134706, 32.7348295 ], [ 130.9135742, 32.7348261 ], [ 130.9136683, 32.7348448 ], [ 130.9138168, 32.7348941 ], [ 130.9140733, 32.7349695 ], [ 130.9142139, 32.7349906 ], [ 130.9145269, 32.7350153 ], [ 130.91539, 32.7350267 ], [ 130.9155967, 32.7349731 ], [ 130.9157231, 32.7349264 ], [ 130.915865, 32.7348464 ], [ 130.9160586, 32.7345681 ], [ 130.9161292, 32.7344853 ], [ 130.9162255, 32.7344178 ], [ 130.9163481, 32.734378 ], [ 130.9165647, 32.7343742 ], [ 130.9169386, 32.7342564 ], [ 130.9171447, 32.7342525 ], [ 130.9180303, 32.7343772 ], [ 130.9183261, 32.7343728 ], [ 130.9184394, 32.7343436 ], [ 130.9187808, 32.7341995 ], [ 130.9190008, 32.7341942 ], [ 130.9192275, 32.7342233 ], [ 130.9193883, 32.7342247 ], [ 130.9194773, 32.7342019 ], [ 130.9197825, 32.7339895 ], [ 130.9204303, 32.7339347 ], [ 130.9206607, 32.7339417 ], [ 130.9207375, 32.7340181 ], [ 130.9210844, 32.7345625 ], [ 130.9212697, 32.7348061 ], [ 130.9214387, 32.7349814 ], [ 130.9219205, 32.7351997 ], [ 130.9222867, 32.7352886 ], [ 130.9224702, 32.7352856 ], [ 130.9226294, 32.7352808 ], [ 130.9228953, 32.7352097 ], [ 130.9234214, 32.7350053 ], [ 130.9239331, 32.7348275 ], [ 130.9240831, 32.7348047 ], [ 130.924175, 32.7348122 ], [ 130.9245681, 32.7349386 ], [ 130.924695, 32.7349464 ], [ 130.9261031, 32.7347494 ], [ 130.9262725, 32.7347517 ], [ 130.926415, 32.7347839 ], [ 130.9265122, 32.7348261 ], [ 130.9267542, 32.7348536 ], [ 130.9271433, 32.7348214 ], [ 130.9273892, 32.7347917 ], [ 130.9275575, 32.7347547 ], [ 130.9285325, 32.7342808 ], [ 130.9287025, 32.7342517 ], [ 130.929613, 32.7342175 ], [ 130.9307448, 32.7342233 ], [ 130.9310872, 32.7342364 ], [ 130.9312725, 32.7343036 ], [ 130.9313719, 32.7343681 ], [ 130.9318798, 32.7349692 ], [ 130.9320131, 32.7350761 ], [ 130.9331939, 32.7352692 ], [ 130.9333333, 32.7352782 ], [ 130.9334933, 32.7352886 ], [ 130.9336629, 32.7352639 ], [ 130.9338405, 32.7352038 ], [ 130.9340569, 32.7350975 ], [ 130.9349603, 32.7345961 ], [ 130.9364397, 32.7343622 ], [ 130.9365964, 32.7343597 ], [ 130.9376447, 32.7346036 ], [ 130.9378506, 32.7346283 ], [ 130.938005, 32.7346014 ], [ 130.938798, 32.7343967 ], [ 130.9411945, 32.73441 ], [ 130.9432511, 32.7347706 ], [ 130.943435, 32.7347778 ], [ 130.9436825, 32.7347386 ], [ 130.9438811, 32.734665 ], [ 130.9440283, 32.7345744 ], [ 130.9442045, 32.734395 ], [ 130.9445119, 32.7339474 ], [ 130.9450686, 32.7329506 ], [ 130.9453261, 32.732555 ], [ 130.9454524, 32.7324337 ], [ 130.9455617, 32.732365 ], [ 130.9460796, 32.7322032 ], [ 130.9467077, 32.7320721 ], [ 130.9470034, 32.7319433 ], [ 130.9502954, 32.7303304 ], [ 130.951944, 32.7295234 ], [ 130.9524136, 32.7292753 ], [ 130.9525778, 32.7291475 ], [ 130.9527, 32.7290195 ], [ 130.9543713, 32.7270354 ], [ 130.9545192, 32.7268838 ], [ 130.9545872, 32.7268686 ], [ 130.9557642, 32.7271461 ], [ 130.9558717, 32.7271503 ], [ 130.9560044, 32.7271231 ], [ 130.9580117, 32.7260011 ], [ 130.9581719, 32.7259517 ], [ 130.9583333, 32.7259295 ], [ 130.958897, 32.7258522 ], [ 130.9590992, 32.7258067 ], [ 130.9592747, 32.7257492 ], [ 130.9613525, 32.7240303 ], [ 130.9614328, 32.7239578 ], [ 130.9624344, 32.7237308 ], [ 130.9625336, 32.7236925 ], [ 130.9627473, 32.7234599 ], [ 130.9633675, 32.7228095 ], [ 130.963505, 32.7226911 ], [ 130.963585, 32.7226414 ], [ 130.9637378, 32.7225728 ], [ 130.9648767, 32.7220633 ], [ 130.9650063, 32.7219863 ], [ 130.9650759, 32.7219089 ], [ 130.9651533, 32.7217933 ], [ 130.9651972, 32.7216817 ], [ 130.9652206, 32.7215258 ], [ 130.9653636, 32.718795 ], [ 130.9653997, 32.7186367 ], [ 130.9655449, 32.7183616 ], [ 130.9659233, 32.7177583 ], [ 130.9660475, 32.7175942 ], [ 130.9661694, 32.7175192 ], [ 130.9670233, 32.7172038 ], [ 130.9675463, 32.7170173 ], [ 130.968072, 32.7167208 ], [ 130.9682769, 32.7165845 ], [ 130.9683847, 32.7164225 ], [ 130.9685878, 32.7154811 ], [ 130.9687003, 32.715282 ], [ 130.9687836, 32.7152125 ], [ 130.9689003, 32.7151572 ], [ 130.9690372, 32.715123 ], [ 130.9694634, 32.7150742 ], [ 130.9696211, 32.7150392 ], [ 130.9707788, 32.7142681 ], [ 130.9725275, 32.7130939 ], [ 130.9726378, 32.7129647 ], [ 130.9726764, 32.71283 ], [ 130.9731831, 32.7116247 ], [ 130.9732581, 32.7114886 ], [ 130.9734481, 32.7113339 ], [ 130.9735925, 32.711248 ], [ 130.9736875, 32.7111814 ], [ 130.9737531, 32.7110852 ], [ 130.9739811, 32.7104785 ], [ 130.9744356, 32.709223 ], [ 130.9748888, 32.7080733 ], [ 130.9749759, 32.7079487 ], [ 130.9750267, 32.7078936 ], [ 130.9751508, 32.7078156 ], [ 130.9752922, 32.7077506 ], [ 130.9755289, 32.7076933 ], [ 130.9762747, 32.7076183 ], [ 130.9765589, 32.7075697 ], [ 130.97696, 32.7073897 ], [ 130.9772324, 32.7072337 ], [ 130.9776783, 32.7069386 ], [ 130.9778157, 32.7068142 ], [ 130.9778936, 32.706687 ], [ 130.9779372, 32.7065725 ], [ 130.9779447, 32.705635 ], [ 130.9779092, 32.7051308 ], [ 130.9778711, 32.7049167 ], [ 130.9776831, 32.7043508 ], [ 130.9773697, 32.7034106 ], [ 130.9773381, 32.7032182 ], [ 130.9772587, 32.70173 ], [ 130.9772972, 32.7015597 ], [ 130.977348, 32.7014453 ], [ 130.9774244, 32.7013433 ], [ 130.9775225, 32.7012545 ], [ 130.9778994, 32.7010136 ], [ 130.978063, 32.7009192 ], [ 130.9782608, 32.7007703 ], [ 130.9783861, 32.7006558 ], [ 130.9784789, 32.7005397 ], [ 130.9785942, 32.7003463 ], [ 130.9786942, 32.7000975 ], [ 130.9787339, 32.6999594 ], [ 130.9787414, 32.6998067 ], [ 130.9786356, 32.6991478 ], [ 130.9785381, 32.6982136 ], [ 130.9785436, 32.6979594 ], [ 130.9786549, 32.6977577 ], [ 130.9788168, 32.6975652 ], [ 130.9792159, 32.6971636 ], [ 130.9792667, 32.6970619 ], [ 130.9794591, 32.695969 ], [ 130.9795545, 32.6958458 ], [ 130.9801133, 32.6952544 ], [ 130.9802258, 32.69512 ], [ 130.9803314, 32.69492 ], [ 130.9803794, 32.6947139 ], [ 130.9803831, 32.6945178 ], [ 130.9803222, 32.6936231 ], [ 130.9803275, 32.693525 ], [ 130.9803703, 32.6934133 ], [ 130.9804447, 32.6932917 ], [ 130.9806192, 32.6931353 ], [ 130.9809181, 32.6929147 ], [ 130.9812048, 32.6927458 ], [ 130.9813455, 32.6926404 ], [ 130.9813806, 32.6925503 ], [ 130.9813822, 32.692142 ], [ 130.9813578, 32.6919339 ], [ 130.9811642, 32.6911136 ], [ 130.9811478, 32.690972 ], [ 130.9811489, 32.6907911 ], [ 130.9811497, 32.6906247 ], [ 130.9811969, 32.6904394 ], [ 130.9812569, 32.6903233 ], [ 130.981355, 32.6902106 ], [ 130.9814994, 32.6900919 ], [ 130.9815975, 32.6900411 ], [ 130.9817103, 32.6899955 ], [ 130.9819208, 32.6899422 ], [ 130.9821008, 32.6898631 ], [ 130.9822949, 32.689723 ], [ 130.9824267, 32.6895552 ], [ 130.9824408, 32.6895156 ], [ 130.9833333, 32.6895156 ], [ 130.9836197, 32.6895156 ], [ 130.9837079, 32.6894998 ], [ 130.9837515, 32.6894658 ], [ 130.9838, 32.6893372 ], [ 130.9838067, 32.6892197 ], [ 130.983805, 32.6891918 ], [ 130.9838013, 32.6891016 ] ] } },
{ "type": "Feature", "properties": { "N12_001": "43", "N12_002": 1, "N12_003": 1, "N12_004": "九州横断自動車道延岡線", "N12_005": 23, "N12_006": 1 }, "geometry": { "type": "LineString", "coordinates": [ [ 130.7888585, 32.7540035 ], [ 130.7894208, 32.7539805 ], [ 130.7898381, 32.7539499 ], [ 130.790591, 32.7538732 ], [ 130.7912985, 32.7537889 ], [ 130.7918337, 32.7537199 ], [ 130.7923417, 32.7536049 ], [ 130.7929041, 32.75349 ], [ 130.7933848, 32.753329 ], [ 130.7939472, 32.753168 ], [ 130.794564, 32.7529304 ], [ 130.7950085, 32.7527235 ], [ 130.7955346, 32.7524705 ], [ 130.7963238, 32.7520106 ], [ 130.7969859, 32.7516427 ], [ 130.7977207, 32.7510218 ], [ 130.7980654, 32.7506922 ], [ 130.7984826, 32.7503013 ], [ 130.7988454, 32.7498951 ], [ 130.7993534, 32.7492512 ], [ 130.7997047, 32.748715 ], [ 130.7999702, 32.7482701 ], [ 130.8002514, 32.7477719 ], [ 130.8004509, 32.747358 ], [ 130.800714, 32.7467294 ], [ 130.8012038, 32.745779 ], [ 130.8017117, 32.7449512 ], [ 130.8022089, 32.7443167 ], [ 130.8025806, 32.7438929 ], [ 130.8030072, 32.7434755 ], [ 130.8057153, 32.7418386 ], [ 130.8087796, 32.7404769 ], [ 130.8103786, 32.7395489 ], [ 130.8111638, 32.7389778 ], [ 130.8134624, 32.7366364 ], [ 130.8151185, 32.7350374 ], [ 130.8163463, 32.7340381 ], [ 130.8172029, 32.7336098 ], [ 130.818345, 32.7330815 ], [ 130.8199298, 32.7328674 ], [ 130.8214007, 32.7327324 ], [ 130.8241985, 32.7333551 ], [ 130.8313369, 32.7362819 ], [ 130.8365479, 32.7398511 ], [ 130.8401885, 32.7434917 ], [ 130.8444715, 32.7471322 ], [ 130.8501822, 32.7497734 ], [ 130.8529662, 32.7513439 ], [ 130.854608, 32.7523432 ], [ 130.8565354, 32.7527716 ], [ 130.8585341, 32.7527002 ], [ 130.8608184, 32.7518436 ], [ 130.8639742, 32.7504672 ], [ 130.86685, 32.749622 ], [ 130.869786, 32.7487271 ], [ 130.8761106, 32.747842 ], [ 130.8780094, 32.747328 ], [ 130.8792943, 32.7466856 ], [ 130.8808773, 32.7456332 ], [ 130.882578, 32.7442014 ], [ 130.8844625, 32.7430022 ], [ 130.8864327, 32.7424311 ], [ 130.8905855, 32.7419212 ], [ 130.8927984, 32.7410646 ], [ 130.8928921, 32.740995 ], [ 130.8946172, 32.7398053 ], [ 130.8947758, 32.7394754 ], [ 130.8956959, 32.7385299 ], [ 130.8962796, 32.7377495 ], [ 130.8967365, 32.7375084 ], [ 130.8969058, 32.7371394 ] ] } },
{ "type": "Feature", "properties": { "N12_001": "43", "N12_002": 1, "N12_003": 3, "N12_004": "一般国道3号", "N12_005": 24, "N12_006": 1 }, "geometry": { "type": "LineString", "coordinates": [ [ 130.3675954, 32.1619489 ], [ 130.367846, 32.1621324 ], [ 130.3681405, 32.1622805 ], [ 130.3685268, 32.1624119 ], [ 130.3686879, 32.1624416 ], [ 130.3689104, 32.1624718 ], [ 130.3691698, 32.1624904 ], [ 130.3693637, 32.1624809 ], [ 130.3697778, 32.1624369 ], [ 130.3702001, 32.1623905 ], [ 130.371236, 32.1622793 ], [ 130.3720391, 32.1621931 ], [ 130.3727202, 32.1621128 ], [ 130.3732258, 32.1620622 ], [ 130.3734965, 32.162089 ], [ 130.3739136, 32.1621931 ], [ 130.3743443, 32.1624287 ], [ 130.3746441, 32.1626904 ], [ 130.3752009, 32.1631996 ], [ 130.3753461, 32.1634138 ], [ 130.3754198, 32.1636945 ], [ 130.3754056, 32.1639563 ], [ 130.3753599, 32.1642585 ], [ 130.3753599, 32.1643549 ], [ 130.3753535, 32.1648232 ], [ 130.3753891, 32.1650535 ], [ 130.3755189, 32.1653079 ], [ 130.3758896, 32.1659557 ], [ 130.3761279, 32.1662715 ], [ 130.3763529, 32.166514 ], [ 130.3765129, 32.166669 ], [ 130.3768299, 32.1669763 ], [ 130.3772665, 32.1673371 ], [ 130.3774521, 32.1674783 ], [ 130.3776507, 32.167664 ], [ 130.3779654, 32.1680084 ], [ 130.3785048, 32.1685831 ], [ 130.3794982, 32.1696374 ], [ 130.3796621, 32.1697949 ], [ 130.3799735, 32.170094 ], [ 130.3801096, 32.1702207 ], [ 130.3802846, 32.1704024 ], [ 130.3805952, 32.1707037 ], [ 130.3806907, 32.1708154 ], [ 130.3807969, 32.1709703 ], [ 130.3810552, 32.171644 ], [ 130.3812078, 32.1720562 ], [ 130.3813602, 32.172439 ], [ 130.3814729, 32.1726702 ], [ 130.3822941, 32.173753 ], [ 130.3824004, 32.1738935 ], [ 130.382778, 32.1745691 ], [ 130.3828843, 32.1747726 ], [ 130.3830899, 32.1751221 ], [ 130.3832604, 32.1754688 ], [ 130.3835443, 32.1760469 ], [ 130.3839185, 32.1767852 ], [ 130.3840074, 32.1770261 ], [ 130.3838654, 32.1773432 ], [ 130.3835804, 32.1780027 ], [ 130.3834126, 32.1784044 ], [ 130.3830266, 32.1793065 ], [ 130.3827652, 32.1799418 ], [ 130.382606, 32.1803024 ], [ 130.3825596, 32.1804096 ], [ 130.382458, 32.1805824 ], [ 130.3822768, 32.1807525 ], [ 130.382129, 32.1808268 ], [ 130.3820229, 32.1808663 ], [ 130.3817579, 32.1809113 ], [ 130.3811074, 32.1809113 ], [ 130.3807902, 32.1808999 ], [ 130.3805649, 32.1809057 ], [ 130.3802996, 32.1808663 ], [ 130.3799418, 32.1808268 ], [ 130.3796766, 32.1808268 ], [ 130.3794252, 32.1808604 ], [ 130.3793654, 32.1808774 ], [ 130.3792593, 32.1809057 ], [ 130.379034, 32.1810015 ], [ 130.3789543, 32.1810521 ], [ 130.3788824, 32.1811002 ], [ 130.3787491, 32.1811874 ], [ 130.3787329, 32.1812635 ], [ 130.3787224, 32.1813058 ], [ 130.3786859, 32.1814149 ], [ 130.3786429, 32.1815427 ], [ 130.3786363, 32.1816835 ], [ 130.378676, 32.1818696 ], [ 130.3788021, 32.1820893 ], [ 130.3797366, 32.1833357 ], [ 130.3802198, 32.1839772 ], [ 130.3807968, 32.1847727 ], [ 130.3813004, 32.1854432 ], [ 130.3815724, 32.185804 ], [ 130.3814396, 32.1860465 ], [ 130.3813271, 32.1862607 ], [ 130.3810885, 32.1865426 ], [ 130.3807638, 32.1868413 ], [ 130.3804952, 32.1871808 ], [ 130.38022, 32.1875292 ], [ 130.3801206, 32.1876645 ], [ 130.3799682, 32.187929 ], [ 130.3797563, 32.1883632 ], [ 130.3797099, 32.1885265 ], [ 130.3796435, 32.1887804 ], [ 130.3795771, 32.1891413 ], [ 130.3795707, 32.1893949 ], [ 130.3796038, 32.1894738 ], [ 130.3798186, 32.1898568 ], [ 130.3800138, 32.1902029 ], [ 130.3808403, 32.191669 ], [ 130.3812806, 32.19245 ], [ 130.3813668, 32.1926248 ], [ 130.3813868, 32.1927093 ], [ 130.3813868, 32.1928785 ], [ 130.3813143, 32.1933372 ], [ 130.3812277, 32.1938704 ], [ 130.3811813, 32.1942199 ], [ 130.3811082, 32.1946879 ], [ 130.3810885, 32.1949077 ], [ 130.3810885, 32.1953868 ], [ 130.3812474, 32.1959674 ], [ 130.3814329, 32.1966043 ], [ 130.3815124, 32.1969088 ], [ 130.381519, 32.1969596 ], [ 130.3815588, 32.1970554 ], [ 130.3816315, 32.1972132 ], [ 130.3818902, 32.1976416 ], [ 130.3820228, 32.1978109 ], [ 130.3821221, 32.1979235 ], [ 130.3822482, 32.1980532 ], [ 130.3824868, 32.1982729 ], [ 130.3828976, 32.1985265 ], [ 130.3830368, 32.1985715 ], [ 130.3833067, 32.1986355 ], [ 130.3834412, 32.1986674 ], [ 130.3838454, 32.1987352 ], [ 130.3840348, 32.1987748 ], [ 130.3846003, 32.1988873 ], [ 130.385701, 32.1991071 ], [ 130.3859066, 32.1991521 ], [ 130.3861782, 32.1991974 ], [ 130.3863073, 32.1992688 ], [ 130.3868044, 32.1996308 ], [ 130.3873058, 32.2000024 ], [ 130.3878548, 32.2004092 ], [ 130.3884376, 32.2008205 ], [ 130.3891009, 32.2012852 ], [ 130.3897113, 32.2017118 ], [ 130.3905985, 32.2023303 ], [ 130.3915463, 32.2030022 ], [ 130.3922817, 32.2035093 ], [ 130.3929955, 32.2040103 ], [ 130.3935149, 32.2043779 ], [ 130.393906, 32.204654 ], [ 130.3946413, 32.2051615 ], [ 130.3950398, 32.2054426 ], [ 130.3955296, 32.2057871 ], [ 130.3956288, 32.2058601 ], [ 130.3961327, 32.2061985 ], [ 130.3965377, 32.2065224 ], [ 130.3969513, 32.2068089 ], [ 130.3973465, 32.2070805 ], [ 130.3975145, 32.207196 ], [ 130.3980611, 32.2075231 ], [ 130.3989822, 32.2081659 ], [ 130.3992348, 32.2083357 ], [ 130.3996783, 32.2086339 ], [ 130.3999761, 32.2088478 ], [ 130.4008045, 32.2094112 ], [ 130.4015535, 32.209936 ], [ 130.4016265, 32.2099696 ], [ 130.4018586, 32.210026 ], [ 130.4026247, 32.210196 ], [ 130.4027979, 32.2102342 ], [ 130.403329, 32.2103472 ], [ 130.4037607, 32.2104376 ], [ 130.4040989, 32.2105199 ], [ 130.4046729, 32.2106452 ], [ 130.4051056, 32.2107365 ], [ 130.4060805, 32.2109507 ], [ 130.4062237, 32.2109838 ], [ 130.4069399, 32.2110273 ], [ 130.4080868, 32.2112271 ], [ 130.4093479, 32.2114556 ], [ 130.409762, 32.2114365 ], [ 130.4103664, 32.21127 ], [ 130.411906, 32.2104885 ], [ 130.4128782, 32.210166 ], [ 130.4129993, 32.2101335 ], [ 130.4132577, 32.210111 ], [ 130.4133946, 32.2101251 ], [ 130.4135876, 32.2101549 ], [ 130.4137218, 32.2101785 ], [ 130.4143579, 32.2102688 ], [ 130.4146099, 32.2103026 ], [ 130.4149877, 32.2102913 ], [ 130.4152329, 32.2102463 ], [ 130.4155707, 32.2101449 ], [ 130.4157244, 32.2100954 ], [ 130.4160413, 32.2099926 ], [ 130.4163528, 32.2098968 ], [ 130.416669, 32.2098177 ], [ 130.4169797, 32.20974 ], [ 130.417261, 32.2097051 ], [ 130.4174729, 32.2097051 ], [ 130.418361, 32.2098574 ], [ 130.4185332, 32.2098629 ], [ 130.4190461, 32.2098083 ], [ 130.4195543, 32.2097576 ], [ 130.4201559, 32.2096812 ], [ 130.4201838, 32.2096785 ], [ 130.4204952, 32.2096488 ], [ 130.4207876, 32.2096201 ], [ 130.4212754, 32.2095678 ], [ 130.4216483, 32.2095363 ], [ 130.4228877, 32.2094799 ], [ 130.4230585, 32.2094799 ], [ 130.4231329, 32.2094799 ], [ 130.4235304, 32.2095024 ], [ 130.4238069, 32.2095421 ], [ 130.4241115, 32.209598 ], [ 130.4244649, 32.209666 ], [ 130.4250024, 32.2098152 ], [ 130.425459, 32.2099535 ], [ 130.4257971, 32.2100718 ], [ 130.4261275, 32.2102115 ], [ 130.4262763, 32.2102744 ], [ 130.4264811, 32.210366 ], [ 130.4268178, 32.2104999 ], [ 130.4270961, 32.210613 ], [ 130.4272688, 32.2106865 ], [ 130.4275995, 32.2108268 ], [ 130.4279445, 32.2109736 ], [ 130.4287396, 32.211306 ], [ 130.4294473, 32.2116425 ], [ 130.429651, 32.2117488 ], [ 130.4299388, 32.211907 ], [ 130.4301558, 32.2120433 ], [ 130.4303473, 32.2121747 ], [ 130.4306615, 32.2123958 ], [ 130.430712, 32.2124424 ], [ 130.4309196, 32.2126245 ], [ 130.4311558, 32.2128476 ], [ 130.4318304, 32.2133718 ], [ 130.4319804, 32.2134821 ], [ 130.4321263, 32.2135668 ], [ 130.4323174, 32.2136513 ], [ 130.4324443, 32.2137132 ], [ 130.4326629, 32.2137921 ], [ 130.4335033, 32.2140287 ], [ 130.4337098, 32.214091 ], [ 130.4344128, 32.2143052 ], [ 130.4350821, 32.2145251 ], [ 130.4354665, 32.2146996 ], [ 130.4358107, 32.2148688 ], [ 130.4361157, 32.2150379 ], [ 130.4364404, 32.2152296 ], [ 130.4367719, 32.2154833 ], [ 130.436911, 32.2156071 ], [ 130.4371099, 32.2158271 ], [ 130.4371696, 32.215906 ], [ 130.437264, 32.2161946 ], [ 130.4373654, 32.2165316 ], [ 130.4374256, 32.2167103 ], [ 130.43748, 32.2168716 ], [ 130.4376079, 32.2172852 ], [ 130.4377267, 32.2176121 ], [ 130.4378593, 32.2180326 ], [ 130.4379784, 32.2183849 ], [ 130.4380533, 32.2187708 ], [ 130.4382298, 32.2195518 ], [ 130.4382863, 32.2198272 ], [ 130.43834, 32.2201522 ], [ 130.4379748, 32.2218838 ], [ 130.4378035, 32.2230521 ], [ 130.437832, 32.2240027 ], [ 130.4379058, 32.2254161 ], [ 130.4379629, 32.2256136 ], [ 130.4380747, 32.2258467 ], [ 130.4382841, 32.2260014 ], [ 130.4383484, 32.2260276 ], [ 130.4387886, 32.2261418 ], [ 130.4398588, 32.2262021 ], [ 130.4402377, 32.2262665 ], [ 130.4405624, 32.2263682 ], [ 130.4407015, 32.2264413 ], [ 130.4409535, 32.2266724 ], [ 130.4410329, 32.2267626 ], [ 130.4411733, 32.2270298 ], [ 130.441296, 32.2272815 ], [ 130.4414744, 32.2276223 ], [ 130.441519, 32.2277463 ], [ 130.4415862, 32.2279728 ], [ 130.4416627, 32.2285102 ], [ 130.4416627, 32.2288201 ], [ 130.4416627, 32.2294513 ], [ 130.4416493, 32.2296429 ], [ 130.4415963, 32.2298685 ], [ 130.4413113, 32.2303307 ], [ 130.4409932, 32.2308379 ], [ 130.4405624, 32.2316607 ], [ 130.4404732, 32.2318302 ], [ 130.4404365, 32.231954 ], [ 130.4404365, 32.2322865 ], [ 130.4404563, 32.2323768 ], [ 130.4406218, 32.2325854 ], [ 130.4409996, 32.2329293 ], [ 130.4412515, 32.2329799 ], [ 130.4414902, 32.2330252 ], [ 130.4420269, 32.2330927 ], [ 130.442206, 32.2331154 ], [ 130.4427163, 32.2332113 ], [ 130.4428554, 32.2332618 ], [ 130.4430474, 32.2333576 ], [ 130.443511, 32.2336508 ], [ 130.4439091, 32.2339272 ], [ 130.444108, 32.2340849 ], [ 130.4442007, 32.2341413 ], [ 130.4444724, 32.2343271 ], [ 130.4449827, 32.234254 ], [ 130.4455789, 32.2341471 ], [ 130.4457976, 32.2341018 ], [ 130.4462352, 32.233961 ], [ 130.4467457, 32.2337299 ], [ 130.446796, 32.2337015 ], [ 130.4471124, 32.2335292 ], [ 130.4473227, 32.2334423 ], [ 130.4474349, 32.2334199 ], [ 130.4477197, 32.2333971 ], [ 130.4483424, 32.2333539 ], [ 130.4486086, 32.2333296 ], [ 130.4495357, 32.2332507 ], [ 130.4503719, 32.2331816 ], [ 130.4507154, 32.2331379 ], [ 130.4513054, 32.2329801 ], [ 130.4518095, 32.2328281 ], [ 130.4522402, 32.2326926 ], [ 130.4531479, 32.2324052 ], [ 130.4537509, 32.2322135 ], [ 130.4548049, 32.2318865 ], [ 130.4550761, 32.2317967 ], [ 130.4553665, 32.2316974 ], [ 130.4556175, 32.2316291 ], [ 130.4558496, 32.2315704 ], [ 130.4561761, 32.2315036 ], [ 130.4564949, 32.2314415 ], [ 130.4571435, 32.2313726 ], [ 130.4576941, 32.2313288 ], [ 130.4580257, 32.2313063 ], [ 130.4583044, 32.2312779 ], [ 130.4591724, 32.2312049 ], [ 130.4595863, 32.2311676 ], [ 130.4598016, 32.231154 ], [ 130.4599939, 32.2311596 ], [ 130.4603524, 32.2312138 ], [ 130.4605277, 32.2312507 ], [ 130.460825, 32.2313171 ], [ 130.461165, 32.2314204 ], [ 130.4614783, 32.23152 ], [ 130.4617757, 32.2316565 ], [ 130.4620488, 32.2317799 ], [ 130.4622543, 32.2319093 ], [ 130.4625854, 32.2321632 ], [ 130.4630893, 32.2325635 ], [ 130.4633416, 32.2327668 ], [ 130.4640621, 32.2333357 ], [ 130.4644547, 32.2336457 ], [ 130.4649648, 32.2340628 ], [ 130.4651238, 32.234181 ], [ 130.4653648, 32.234407 ], [ 130.4655743, 32.2346491 ], [ 130.465634, 32.2347617 ], [ 130.4656938, 32.2349196 ], [ 130.4657071, 32.2350435 ], [ 130.4656804, 32.235331 ], [ 130.4656274, 32.2356638 ], [ 130.4655479, 32.2363118 ], [ 130.4655147, 32.2365327 ], [ 130.4654791, 32.2367904 ], [ 130.4654152, 32.2372646 ], [ 130.4653953, 32.2373992 ], [ 130.4652957, 32.238121 ], [ 130.4652296, 32.2386285 ], [ 130.4651909, 32.2388405 ], [ 130.4657729, 32.2395699 ], [ 130.466669, 32.2406423 ], [ 130.4670856, 32.2411408 ], [ 130.4673891, 32.2414994 ], [ 130.4677892, 32.2419848 ], [ 130.46784, 32.24205 ], [ 130.4683574, 32.2426477 ], [ 130.4684768, 32.2427774 ], [ 130.4688479, 32.2432224 ], [ 130.4697434, 32.2442822 ], [ 130.4699943, 32.2445813 ], [ 130.4702263, 32.2448124 ], [ 130.4703721, 32.2449363 ], [ 130.4704385, 32.2449871 ], [ 130.470678, 32.2450982 ], [ 130.4712149, 32.2451963 ], [ 130.4715063, 32.2452463 ], [ 130.4717011, 32.2452787 ], [ 130.4718574, 32.2453077 ], [ 130.4723547, 32.2453822 ], [ 130.4727382, 32.2454324 ], [ 130.4729105, 32.2454493 ], [ 130.4735666, 32.2455227 ], [ 130.4739246, 32.2455451 ], [ 130.4741031, 32.2455621 ], [ 130.474594, 32.2456071 ], [ 130.4749939, 32.2456368 ], [ 130.4751246, 32.2456466 ], [ 130.4758929, 32.2457029 ], [ 130.4761977, 32.2457199 ], [ 130.4766087, 32.2457088 ], [ 130.4767282, 32.2456918 ], [ 130.4769913, 32.2456488 ], [ 130.4773365, 32.2455225 ], [ 130.4775896, 32.2453874 ], [ 130.4777818, 32.2452688 ], [ 130.4779144, 32.2451448 ], [ 130.4794376, 32.2435095 ], [ 130.4798165, 32.2431268 ], [ 130.4801349, 32.2427946 ], [ 130.4810093, 32.2418982 ], [ 130.4812256, 32.241669 ], [ 130.4814668, 32.2414135 ], [ 130.4816657, 32.2412274 ], [ 130.4819373, 32.241036 ], [ 130.4821229, 32.2409571 ], [ 130.4823815, 32.2408613 ], [ 130.4826002, 32.2408274 ], [ 130.4829582, 32.2408274 ], [ 130.483104, 32.2408499 ], [ 130.4833357, 32.24093 ], [ 130.4835813, 32.2410585 ], [ 130.4837402, 32.2411827 ], [ 130.4838663, 32.2413349 ], [ 130.4840385, 32.241594 ], [ 130.4840726, 32.241669 ], [ 130.4841974, 32.2419432 ], [ 130.4843563, 32.2425126 ], [ 130.4846349, 32.2432851 ], [ 130.4847099, 32.2435091 ], [ 130.4848932, 32.243984 ], [ 130.4849793, 32.2441754 ], [ 130.4850988, 32.2444235 ], [ 130.4852513, 32.244694 ], [ 130.4853968, 32.2448971 ], [ 130.4855226, 32.2450098 ], [ 130.4857413, 32.2451677 ], [ 130.4859402, 32.2452974 ], [ 130.4861668, 32.2454276 ], [ 130.486444, 32.2455454 ], [ 130.4869727, 32.2456929 ], [ 130.4886629, 32.2459658 ], [ 130.4896777, 32.2461296 ], [ 130.4913746, 32.246374 ], [ 130.4925746, 32.2465843 ], [ 130.4936529, 32.2467374 ], [ 130.4944612, 32.2468493 ], [ 130.4949386, 32.2468913 ], [ 130.4953332, 32.2469207 ], [ 130.4958136, 32.2469307 ], [ 130.497704, 32.2469285 ], [ 130.4981099, 32.2469249 ], [ 130.4987196, 32.2469568 ], [ 130.4989363, 32.2469865 ], [ 130.4991488, 32.2470674 ], [ 130.4994418, 32.2472285 ], [ 130.4996454, 32.247356 ], [ 130.5000024, 32.2476566 ], [ 130.5006243, 32.2481804 ], [ 130.5019538, 32.2492288 ], [ 130.5022302, 32.2494832 ], [ 130.502366, 32.2496657 ], [ 130.5024807, 32.2498652 ], [ 130.5025528, 32.2500357 ], [ 130.5026022, 32.2501891 ], [ 130.5026549, 32.2506652 ], [ 130.5027143, 32.251454 ], [ 130.502726, 32.2515776 ], [ 130.5027877, 32.2517538 ], [ 130.5029002, 32.251966 ], [ 130.5030763, 32.2522057 ], [ 130.5032075, 32.2523499 ], [ 130.5032815, 32.2524315 ], [ 130.5037257, 32.2528263 ], [ 130.504451, 32.2534207 ], [ 130.5054379, 32.2543679 ], [ 130.5059288, 32.2548977 ], [ 130.5062407, 32.2552302 ], [ 130.5065988, 32.2555571 ], [ 130.5069835, 32.2558671 ], [ 130.5073349, 32.2561151 ], [ 130.5075471, 32.2562449 ], [ 130.5079718, 32.2564365 ], [ 130.5083587, 32.2565664 ], [ 130.508463, 32.2566014 ], [ 130.5086615, 32.2566563 ], [ 130.5091459, 32.256786 ], [ 130.509471, 32.2569326 ], [ 130.5096763, 32.2570624 ], [ 130.509809, 32.2571749 ], [ 130.5099882, 32.257344 ], [ 130.5100943, 32.2575132 ], [ 130.510154, 32.2576485 ], [ 130.5101871, 32.2578796 ], [ 130.5101842, 32.2583357 ], [ 130.5101804, 32.2589338 ], [ 130.5101607, 32.2591199 ], [ 130.510061, 32.2594296 ], [ 130.5099549, 32.2596382 ], [ 130.5098421, 32.2598074 ], [ 130.5097227, 32.2599485 ], [ 130.5094509, 32.2602075 ], [ 130.5091721, 32.2604557 ], [ 130.5089865, 32.2606529 ], [ 130.5088538, 32.260839 ], [ 130.5087609, 32.2609858 ], [ 130.5086415, 32.2611435 ], [ 130.5084357, 32.2615157 ], [ 130.5083357, 32.2617362 ], [ 130.5081904, 32.2620565 ], [ 130.5080777, 32.262299 ], [ 130.5077657, 32.2629699 ], [ 130.5076265, 32.2632854 ], [ 130.5073721, 32.2638825 ], [ 130.5072615, 32.2641818 ], [ 130.5069963, 32.2648468 ], [ 130.5069299, 32.2652076 ], [ 130.5068438, 32.2655965 ], [ 130.5067443, 32.2659179 ], [ 130.5065652, 32.2663238 ], [ 130.5064457, 32.2665493 ], [ 130.5063591, 32.2666925 ], [ 130.5063129, 32.266769 ], [ 130.5060543, 32.2671015 ], [ 130.5059544, 32.2672059 ], [ 130.5056925, 32.2674943 ], [ 130.5055169, 32.2676879 ], [ 130.5052515, 32.2679247 ], [ 130.5051808, 32.2680005 ], [ 130.505082, 32.2681079 ], [ 130.5048602, 32.2683529 ], [ 130.5043029, 32.2689618 ], [ 130.5038652, 32.2694465 ], [ 130.5033407, 32.2700161 ], [ 130.5026977, 32.2707374 ], [ 130.5025782, 32.2708615 ], [ 130.502399, 32.2710699 ], [ 130.5016296, 32.2719379 ], [ 130.5013841, 32.2722668 ], [ 130.5012315, 32.2724621 ], [ 130.5009663, 32.2729582 ], [ 130.5008799, 32.2731557 ], [ 130.5007738, 32.2733304 ], [ 130.5005482, 32.2737927 ], [ 130.5005085, 32.2738885 ], [ 130.5003093, 32.2743168 ], [ 130.5002164, 32.2746103 ], [ 130.5001038, 32.2749479 ], [ 130.5000767, 32.2750024 ], [ 130.5000024, 32.275152 ], [ 130.4999777, 32.2752018 ], [ 130.4998873, 32.2753298 ], [ 130.4998336, 32.2754244 ], [ 130.4996395, 32.2757147 ], [ 130.499485, 32.2759144 ], [ 130.4994204, 32.2759965 ], [ 130.4989496, 32.276566 ], [ 130.498684, 32.2769268 ], [ 130.4986246, 32.2770338 ], [ 130.4984985, 32.2772818 ], [ 130.4984652, 32.2773888 ], [ 130.4984427, 32.2775082 ], [ 130.4984454, 32.2776482 ], [ 130.4984585, 32.277834 ], [ 130.4985118, 32.2781385 ], [ 130.4985565, 32.2782701 ], [ 130.4985851, 32.2783323 ], [ 130.4986077, 32.2783814 ], [ 130.4986463, 32.2785014 ], [ 130.4987365, 32.2787471 ], [ 130.4988509, 32.2790585 ], [ 130.4988913, 32.2791519 ], [ 130.4992746, 32.2803257 ], [ 130.4993807, 32.2808722 ], [ 130.4993807, 32.2812052 ], [ 130.4993607, 32.2813685 ], [ 130.499321, 32.2815207 ], [ 130.4992349, 32.2817292 ], [ 130.4990958, 32.2819909 ], [ 130.4990306, 32.2821076 ], [ 130.4988426, 32.2825008 ], [ 130.4983899, 32.2827943 ], [ 130.4978985, 32.2830699 ], [ 130.4977024, 32.2831665 ], [ 130.4974158, 32.283313 ], [ 130.4971643, 32.2834432 ], [ 130.4966874, 32.2836965 ], [ 130.4961766, 32.2839615 ], [ 130.4960171, 32.2840629 ], [ 130.4958646, 32.2841815 ], [ 130.4955529, 32.2845086 ], [ 130.4954001, 32.2847169 ], [ 130.4953436, 32.2848075 ], [ 130.4952743, 32.2849538 ], [ 130.4951415, 32.2852354 ], [ 130.4949027, 32.285754 ], [ 130.4946904, 32.2865152 ], [ 130.494604, 32.2868532 ], [ 130.4944846, 32.2874507 ], [ 130.4943852, 32.2879749 ], [ 130.4943585, 32.2883302 ], [ 130.4943455, 32.2888873 ], [ 130.4943254, 32.2894013 ], [ 130.4943188, 32.2897724 ], [ 130.4942721, 32.2913063 ], [ 130.4942639, 32.291669 ], [ 130.4942392, 32.2927634 ], [ 130.494219, 32.2932002 ], [ 130.4942058, 32.2938767 ], [ 130.4941527, 32.2956579 ], [ 130.494146, 32.2959624 ], [ 130.494133, 32.296457 ], [ 130.4940747, 32.2984029 ], [ 130.4940723, 32.2985031 ], [ 130.4940663, 32.2985779 ], [ 130.4940663, 32.2990457 ], [ 130.4941257, 32.299446 ], [ 130.4941724, 32.2996377 ], [ 130.4942718, 32.300021 ], [ 130.4943979, 32.3003988 ], [ 130.4945504, 32.3007313 ], [ 130.4947363, 32.3010638 ], [ 130.4949752, 32.3013907 ], [ 130.4955257, 32.302064 ], [ 130.4960985, 32.3027689 ], [ 130.4963742, 32.3031097 ], [ 130.4966068, 32.3033863 ], [ 130.4967396, 32.3035554 ], [ 130.4972504, 32.3041813 ], [ 130.4974611, 32.3044463 ], [ 130.4974905, 32.3044823 ], [ 130.4978227, 32.3048882 ], [ 130.4982121, 32.3053368 ], [ 130.4984907, 32.3057032 ], [ 130.4985536, 32.3057981 ], [ 130.4988023, 32.3062314 ], [ 130.4988821, 32.3065093 ], [ 130.4988982, 32.3066982 ], [ 130.4988821, 32.3068588 ], [ 130.4988424, 32.3070449 ], [ 130.4987827, 32.3072365 ], [ 130.4987516, 32.307316 ], [ 130.4985753, 32.3077686 ], [ 130.4981386, 32.3083192 ], [ 130.4978752, 32.3086299 ], [ 130.4976974, 32.3088304 ], [ 130.4973099, 32.3091754 ], [ 130.497144, 32.309339 ], [ 130.4969188, 32.3095518 ], [ 130.4960718, 32.310331 ], [ 130.4948857, 32.311489 ], [ 130.4945032, 32.3118627 ], [ 130.4937347, 32.3126134 ], [ 130.4935535, 32.3127904 ], [ 130.4927355, 32.3136309 ], [ 130.4921993, 32.3143052 ], [ 130.4918229, 32.3147821 ], [ 130.491669, 32.3150546 ], [ 130.4915119, 32.3153329 ], [ 130.4912627, 32.3160051 ], [ 130.4912049, 32.3161584 ], [ 130.4909553, 32.3168197 ], [ 130.4908598, 32.3170728 ], [ 130.4905818, 32.3178098 ], [ 130.4904035, 32.3182824 ], [ 130.489594, 32.320457 ], [ 130.4893313, 32.3211635 ], [ 130.4882781, 32.3239662 ], [ 130.4879302, 32.3248896 ], [ 130.4874888, 32.326061 ], [ 130.4870088, 32.3272504 ], [ 130.4867402, 32.3279304 ], [ 130.4861773, 32.3293559 ], [ 130.4860704, 32.3296138 ], [ 130.4858978, 32.3300185 ], [ 130.4857529, 32.3304149 ], [ 130.4856905, 32.330595 ], [ 130.4856201, 32.3307985 ], [ 130.485481, 32.3313335 ], [ 130.4854537, 32.3314585 ], [ 130.4854146, 32.3316435 ], [ 130.4853679, 32.3319365 ], [ 130.4853215, 32.3324385 ], [ 130.4853018, 32.3328893 ], [ 130.4852942, 32.3333357 ], [ 130.4852938, 32.3333613 ], [ 130.4852882, 32.3336896 ], [ 130.4852882, 32.333718 ], [ 130.4853146, 32.3340674 ], [ 130.485381, 32.3345804 ], [ 130.4854807, 32.3348115 ], [ 130.4855735, 32.3349693 ], [ 130.4857063, 32.3351385 ], [ 130.4858852, 32.3352851 ], [ 130.4865338, 32.3357593 ], [ 130.4869799, 32.3359985 ], [ 130.4881899, 32.3365977 ], [ 130.4884976, 32.3367451 ], [ 130.4887338, 32.3368888 ], [ 130.4888786, 32.3369509 ], [ 130.4891751, 32.3370776 ], [ 130.4894074, 32.3371454 ], [ 130.4899718, 32.3372582 ], [ 130.4902949, 32.3373182 ], [ 130.4908315, 32.3374504 ], [ 130.491426, 32.3375682 ], [ 130.4915391, 32.3376077 ], [ 130.491669, 32.337674 ], [ 130.4922689, 32.338064 ], [ 130.4929596, 32.3385265 ], [ 130.4935374, 32.3389324 ], [ 130.4941415, 32.3393665 ], [ 130.4946602, 32.3397333 ], [ 130.4950537, 32.3400166 ], [ 130.4952638, 32.3401557 ], [ 130.4957415, 32.340449 ], [ 130.4960604, 32.3406632 ], [ 130.4965052, 32.3409168 ], [ 130.4967908, 32.3410635 ], [ 130.497136, 32.3412043 ], [ 130.4972554, 32.3412552 ], [ 130.4977004, 32.3414879 ], [ 130.4980459, 32.3417058 ], [ 130.4987957, 32.3422301 ], [ 130.4995593, 32.342754 ], [ 130.5000024, 32.34306 ], [ 130.5005551, 32.3434418 ], [ 130.5007079, 32.3435432 ], [ 130.5010761, 32.3437979 ], [ 130.5015313, 32.3441126 ], [ 130.501761, 32.3442813 ], [ 130.5018829, 32.3443493 ], [ 130.5021752, 32.3445749 ], [ 130.5023343, 32.3447327 ], [ 130.5024207, 32.3448454 ], [ 130.5025076, 32.3450327 ], [ 130.5027619, 32.3456606 ], [ 130.5030712, 32.3464273 ], [ 130.5033899, 32.3472296 ], [ 130.5034829, 32.3474721 ], [ 130.5037552, 32.347906 ], [ 130.5039791, 32.3482091 ], [ 130.5045829, 32.3490068 ], [ 130.5050754, 32.3496527 ], [ 130.5053388, 32.3500024 ], [ 130.5057922, 32.3505933 ], [ 130.5066886, 32.3517763 ], [ 130.5068602, 32.3520059 ], [ 130.5071279, 32.3523593 ], [ 130.5072735, 32.3525621 ], [ 130.5076719, 32.3530808 ], [ 130.5077915, 32.3533568 ], [ 130.5078646, 32.3536443 ], [ 130.5078777, 32.3538018 ], [ 130.5079358, 32.3540797 ], [ 130.5079504, 32.3543204 ], [ 130.5079638, 32.3553013 ], [ 130.5079838, 32.3555493 ], [ 130.5080368, 32.3567443 ], [ 130.5080368, 32.3570824 ], [ 130.5080843, 32.3583012 ], [ 130.5080765, 32.3585091 ], [ 130.5080399, 32.3590546 ], [ 130.5079928, 32.3594787 ], [ 130.5079146, 32.3599368 ], [ 130.507692, 32.3609465 ], [ 130.5075959, 32.3614377 ], [ 130.5075584, 32.3616198 ], [ 130.5074254, 32.3620797 ], [ 130.5074054, 32.362426 ], [ 130.5074454, 32.3625499 ], [ 130.5074985, 32.3626796 ], [ 130.5075981, 32.3628549 ], [ 130.5077467, 32.3630606 ], [ 130.5078953, 32.3631869 ], [ 130.5080579, 32.3632847 ], [ 130.5083357, 32.3634764 ], [ 130.5084811, 32.3635766 ], [ 130.5087329, 32.363719 ], [ 130.5089524, 32.3638238 ], [ 130.5093904, 32.3640382 ], [ 130.5099305, 32.3642758 ], [ 130.5101807, 32.3643877 ], [ 130.5103268, 32.3644382 ], [ 130.5107849, 32.3646018 ], [ 130.5115271, 32.3648698 ], [ 130.5117121, 32.3649384 ], [ 130.5122914, 32.3651311 ], [ 130.5126253, 32.3652195 ], [ 130.5128629, 32.3652613 ], [ 130.5130849, 32.3652776 ], [ 130.5131815, 32.3652807 ], [ 130.5132989, 32.3652844 ], [ 130.5141005, 32.36528 ], [ 130.514463, 32.3652613 ], [ 130.514991, 32.3652613 ], [ 130.5151933, 32.3652782 ], [ 130.5153436, 32.3653217 ], [ 130.5156257, 32.3654268 ], [ 130.5157177, 32.3654813 ], [ 130.5158549, 32.3655906 ], [ 130.5159901, 32.3657193 ], [ 130.516106, 32.3658579 ], [ 130.5162517, 32.3660116 ], [ 130.5164974, 32.3663038 ], [ 130.5166604, 32.366456 ], [ 130.5168688, 32.3666342 ], [ 130.5170487, 32.3667895 ], [ 130.5171235, 32.366853 ], [ 130.5172674, 32.3669565 ], [ 130.5173839, 32.3670316 ], [ 130.5175105, 32.3670982 ], [ 130.5175905, 32.3671308 ], [ 130.5177596, 32.367189 ], [ 130.5181209, 32.3673129 ], [ 130.5185326, 32.3674371 ], [ 130.518993, 32.3675867 ], [ 130.5196482, 32.3677696 ], [ 130.5198809, 32.3678121 ], [ 130.5199342, 32.3678191 ], [ 130.5200131, 32.3678164 ], [ 130.5200636, 32.367811 ], [ 130.5201413, 32.3677946 ], [ 130.520281, 32.3677799 ], [ 130.520671, 32.3677285 ], [ 130.5209071, 32.3676887 ], [ 130.521049, 32.3676624 ], [ 130.5212816, 32.3676288 ], [ 130.5215799, 32.3675952 ], [ 130.5216529, 32.3675782 ], [ 130.5221314, 32.3675136 ], [ 130.5226298, 32.3674657 ], [ 130.5227221, 32.367454 ], [ 130.5230607, 32.367454 ], [ 130.523426, 32.3674935 ], [ 130.5236358, 32.3675517 ], [ 130.5237513, 32.3675838 ], [ 130.5240832, 32.3677304 ], [ 130.5243376, 32.3678937 ], [ 130.5249864, 32.3684294 ], [ 130.5250988, 32.3685138 ], [ 130.5255879, 32.3688729 ], [ 130.5256899, 32.3689476 ], [ 130.5260173, 32.3691698 ], [ 130.5263138, 32.3693704 ], [ 130.5268649, 32.3697143 ], [ 130.5272035, 32.3699115 ], [ 130.527591, 32.3701401 ], [ 130.5277679, 32.3702443 ], [ 130.5282893, 32.3705432 ], [ 130.5287543, 32.3708032 ], [ 130.5292279, 32.3710535 ], [ 130.5298838, 32.371394 ], [ 130.5305129, 32.3717275 ], [ 130.5307488, 32.3718464 ], [ 130.5308985, 32.3719218 ], [ 130.5311104, 32.3720288 ], [ 130.5312962, 32.3721274 ], [ 130.5319751, 32.3724882 ], [ 130.5325581, 32.3727813 ], [ 130.5331674, 32.3730921 ], [ 130.5333357, 32.3731749 ], [ 130.5336623, 32.3733355 ], [ 130.5343289, 32.3736889 ], [ 130.5345181, 32.3737893 ], [ 130.5346663, 32.3738574 ], [ 130.5349789, 32.3740632 ], [ 130.5350049, 32.3740829 ], [ 130.5353829, 32.3743196 ], [ 130.5357425, 32.3745914 ], [ 130.535904, 32.3747149 ], [ 130.5362159, 32.3750024 ], [ 130.5363988, 32.375171 ], [ 130.5364882, 32.3753049 ], [ 130.5365963, 32.3756477 ], [ 130.5366527, 32.3759513 ], [ 130.5367577, 32.3764263 ], [ 130.5367991, 32.3766524 ], [ 130.5367915, 32.3767972 ], [ 130.5367388, 32.3769524 ], [ 130.5366182, 32.3771185 ], [ 130.535901, 32.3778985 ], [ 130.5358877, 32.3780396 ], [ 130.5359074, 32.3781579 ], [ 130.5359738, 32.3783271 ], [ 130.5361002, 32.3785413 ], [ 130.5366125, 32.3793072 ], [ 130.5369074, 32.3797603 ], [ 130.5372024, 32.3801418 ], [ 130.5373018, 32.380294 ], [ 130.537481, 32.3804688 ], [ 130.5376735, 32.3806379 ], [ 130.5379458, 32.3808636 ], [ 130.5381049, 32.3809818 ], [ 130.5389213, 32.3816187 ], [ 130.5392935, 32.3819174 ], [ 130.5394329, 32.3820243 ], [ 130.5395326, 32.3820865 ], [ 130.5410526, 32.3832196 ], [ 130.541199, 32.3833704 ], [ 130.5414057, 32.3836188 ], [ 130.5415218, 32.3838104 ], [ 130.541584, 32.383924 ], [ 130.5416613, 32.3840787 ], [ 130.5417638, 32.3842841 ], [ 130.541876, 32.3845101 ], [ 130.5421352, 32.3849274 ], [ 130.5423463, 32.3851473 ], [ 130.5426729, 32.3854346 ], [ 130.5428588, 32.3855585 ], [ 130.5429849, 32.3856318 ], [ 130.5437879, 32.386049 ], [ 130.5440005, 32.3862013 ], [ 130.5443324, 32.3865057 ], [ 130.5444388, 32.3866352 ], [ 130.5444718, 32.3867029 ], [ 130.5444918, 32.3867763 ], [ 130.5444918, 32.3869849 ], [ 130.5444388, 32.3871596 ], [ 130.544326, 32.3874129 ], [ 130.5441974, 32.3876996 ], [ 130.5440868, 32.3879993 ], [ 130.5438943, 32.3886363 ], [ 130.5438877, 32.3886982 ], [ 130.543861, 32.3887827 ], [ 130.5438382, 32.3889731 ], [ 130.5438463, 32.3890721 ], [ 130.5439807, 32.389386 ], [ 130.5441265, 32.389611 ], [ 130.5442196, 32.3897127 ], [ 130.5445118, 32.3899493 ], [ 130.5447633, 32.3901935 ], [ 130.5447907, 32.3902199 ], [ 130.5448438, 32.3902988 ], [ 130.5448968, 32.3905018 ], [ 130.5449035, 32.390654 ], [ 130.5448637, 32.3907554 ], [ 130.544744, 32.3908907 ], [ 130.5445318, 32.3911049 ], [ 130.5444654, 32.3912346 ], [ 130.5444321, 32.3913304 ], [ 130.5443988, 32.3915335 ], [ 130.5443988, 32.391669 ], [ 130.5443988, 32.3919896 ], [ 130.5444349, 32.3921124 ], [ 130.5444852, 32.392249 ], [ 130.5445382, 32.3923618 ], [ 130.5446646, 32.3926154 ], [ 130.5447377, 32.3927338 ], [ 130.5448504, 32.3929538 ], [ 130.5450056, 32.3932336 ], [ 130.5450412, 32.3933182 ], [ 130.5451888, 32.3935229 ], [ 130.5453682, 32.3938488 ], [ 130.5456601, 32.3943799 ], [ 130.5457132, 32.3944474 ], [ 130.5458271, 32.3945835 ], [ 130.5459324, 32.3946729 ], [ 130.5462113, 32.3948643 ], [ 130.5466693, 32.3951293 ], [ 130.5471501, 32.3953769 ], [ 130.5471807, 32.3953885 ], [ 130.5475203, 32.3955765 ], [ 130.5475524, 32.3955915 ], [ 130.5479491, 32.3958602 ], [ 130.548229, 32.3960544 ], [ 130.5500024, 32.3973005 ], [ 130.550394, 32.3975757 ], [ 130.5507776, 32.3978382 ], [ 130.551205, 32.398146 ], [ 130.5520271, 32.3987315 ], [ 130.5522795, 32.3989003 ], [ 130.552626, 32.3991492 ], [ 130.5529659, 32.3993877 ], [ 130.5529759, 32.3993902 ], [ 130.5532289, 32.3995825 ], [ 130.5533682, 32.3996782 ], [ 130.5535474, 32.3998246 ], [ 130.5536602, 32.3999488 ], [ 130.5537929, 32.4001235 ], [ 130.5539193, 32.4003207 ], [ 130.5540587, 32.4006421 ], [ 130.5541579, 32.4009529 ], [ 130.5542259, 32.4011779 ], [ 130.5543374, 32.4015665 ], [ 130.5545301, 32.402209 ], [ 130.5545876, 32.4024133 ], [ 130.5546293, 32.4025599 ], [ 130.5547824, 32.4030996 ], [ 130.5548554, 32.4033532 ], [ 130.5549152, 32.4035338 ], [ 130.5550346, 32.4039677 ], [ 130.5550879, 32.4041649 ], [ 130.5551391, 32.4043157 ], [ 130.5551738, 32.4044296 ], [ 130.5555124, 32.4056135 ], [ 130.555559, 32.4057713 ], [ 130.5557718, 32.4066238 ], [ 130.5557482, 32.4068774 ], [ 130.5556254, 32.4070393 ], [ 130.5553987, 32.4073023 ], [ 130.5553582, 32.4073461 ], [ 130.5548818, 32.407744 ], [ 130.5548351, 32.4077721 ], [ 130.5546226, 32.4079413 ], [ 130.5545099, 32.4080824 ], [ 130.5544035, 32.4082682 ], [ 130.5543694, 32.4083357 ], [ 130.554284, 32.4085049 ], [ 130.5541249, 32.4088824 ], [ 130.5539588, 32.4093446 ], [ 130.553846, 32.4098238 ], [ 130.5538326, 32.409976 ], [ 130.5539057, 32.4101847 ], [ 130.5540354, 32.4104295 ], [ 130.5541094, 32.4105649 ], [ 130.5541446, 32.4106296 ], [ 130.5542577, 32.4107538 ], [ 130.5543308, 32.4108777 ], [ 130.5543904, 32.4110188 ], [ 130.5544568, 32.4112329 ], [ 130.5544635, 32.4114809 ], [ 130.5544435, 32.4116103 ], [ 130.5543771, 32.4118135 ], [ 130.554304, 32.4119038 ], [ 130.5541846, 32.4119938 ], [ 130.5538193, 32.4121968 ], [ 130.5529827, 32.4126812 ], [ 130.5528565, 32.412766 ], [ 130.5523988, 32.4130646 ], [ 130.5521333, 32.4132901 ], [ 130.5520535, 32.413369 ], [ 130.551914, 32.4134763 ], [ 130.5515688, 32.4137015 ], [ 130.5513429, 32.4138876 ], [ 130.5512102, 32.4140454 ], [ 130.5509777, 32.4144118 ], [ 130.5508185, 32.4146821 ], [ 130.550679, 32.4148796 ], [ 130.5503868, 32.4153643 ], [ 130.5503471, 32.4154713 ], [ 130.5503487, 32.4156344 ], [ 130.5503802, 32.415911 ], [ 130.5504424, 32.416481 ], [ 130.5504653, 32.4166922 ], [ 130.5505141, 32.4171412 ], [ 130.5506388, 32.4182896 ], [ 130.5507251, 32.4190563 ], [ 130.5507632, 32.4193577 ], [ 130.5508117, 32.4196885 ], [ 130.5508446, 32.4198284 ], [ 130.5509374, 32.420071 ], [ 130.5510438, 32.4202504 ], [ 130.5511815, 32.4204981 ], [ 130.5512518, 32.4206252 ], [ 130.5513774, 32.4208171 ], [ 130.5514968, 32.4209593 ], [ 130.5516729, 32.4210854 ], [ 130.5519918, 32.4212207 ], [ 130.552223, 32.4212872 ], [ 130.552384, 32.4213335 ], [ 130.552723, 32.4214179 ], [ 130.5533213, 32.4215927 ], [ 130.554311, 32.4218577 ], [ 130.5544707, 32.4219085 ], [ 130.5547624, 32.4220021 ], [ 130.5550528, 32.4221268 ], [ 130.5554474, 32.422321 ], [ 130.5556614, 32.422462 ], [ 130.5560127, 32.4227318 ], [ 130.5562979, 32.4229513 ], [ 130.5565704, 32.4232501 ], [ 130.5567365, 32.4234813 ], [ 130.556996, 32.4238813 ], [ 130.5575607, 32.4246029 ], [ 130.5576402, 32.4246932 ], [ 130.5578596, 32.4249074 ], [ 130.557975, 32.4250024 ], [ 130.5580921, 32.4250988 ], [ 130.5583262, 32.425247 ], [ 130.5583486, 32.4252583 ], [ 130.5586238, 32.4253974 ], [ 130.5590293, 32.4255326 ], [ 130.5597471, 32.4257357 ], [ 130.5602785, 32.4258935 ], [ 130.5605243, 32.4259499 ], [ 130.5606774, 32.4259782 ], [ 130.5609426, 32.4260006 ], [ 130.5617548, 32.4260744 ], [ 130.5625182, 32.4261532 ], [ 130.5626466, 32.4261715 ], [ 130.5627978, 32.4261962 ], [ 130.5632117, 32.4262638 ], [ 130.5635096, 32.4263124 ], [ 130.5649969, 32.4267618 ], [ 130.5652563, 32.4268465 ], [ 130.5660668, 32.4271452 ], [ 130.5662644, 32.4272531 ], [ 130.5664454, 32.4274046 ], [ 130.5665121, 32.4274835 ], [ 130.566672, 32.4277919 ], [ 130.5667488, 32.4279402 ], [ 130.56678, 32.4280301 ], [ 130.5668974, 32.4283402 ], [ 130.5670038, 32.4287235 ], [ 130.5670389, 32.4288464 ], [ 130.5671004, 32.4291406 ], [ 130.5671702, 32.4293036 ], [ 130.5672732, 32.4294477 ], [ 130.5675914, 32.4297805 ], [ 130.5677923, 32.4299494 ], [ 130.5679041, 32.4300338 ], [ 130.5682055, 32.4301755 ], [ 130.5683393, 32.430251 ], [ 130.5684787, 32.4303393 ], [ 130.5685275, 32.4303786 ], [ 130.5685671, 32.4304198 ], [ 130.5685826, 32.4304398 ], [ 130.5686405, 32.4305153 ], [ 130.5686779, 32.430594 ], [ 130.5687339, 32.4307323 ], [ 130.5691023, 32.4306749 ], [ 130.5692923, 32.4306375 ], [ 130.5694267, 32.4306137 ], [ 130.5695217, 32.4306055 ], [ 130.5696063, 32.4306003 ], [ 130.5701335, 32.4305893 ], [ 130.5704254, 32.4306062 ], [ 130.5705149, 32.4306118 ], [ 130.5706162, 32.4306282 ], [ 130.5708321, 32.430674 ], [ 130.5710017, 32.4308011 ], [ 130.5711438, 32.4309668 ], [ 130.571456, 32.4313502 ], [ 130.5717953, 32.4319904 ], [ 130.5720446, 32.4322988 ], [ 130.5721466, 32.4323827 ], [ 130.5722335, 32.4324718 ], [ 130.5723929, 32.4325902 ], [ 130.5726785, 32.4327308 ], [ 130.5727986, 32.4327932 ], [ 130.5730243, 32.4328946 ], [ 130.5731339, 32.4329666 ], [ 130.5732234, 32.4330299 ], [ 130.5733432, 32.4330918 ], [ 130.5737418, 32.4332835 ], [ 130.5738918, 32.4333755 ], [ 130.5739745, 32.4334324 ], [ 130.574001, 32.4334526 ], [ 130.574227, 32.4335654 ], [ 130.5747254, 32.4338135 ], [ 130.5748971, 32.4338919 ], [ 130.5750113, 32.4339295 ], [ 130.5755482, 32.4341062 ], [ 130.5758419, 32.4341968 ], [ 130.5774635, 32.4347774 ], [ 130.5780275, 32.4349803 ], [ 130.5789121, 32.4352904 ], [ 130.5792598, 32.4354265 ], [ 130.5798824, 32.4356568 ], [ 130.5801017, 32.4357358 ], [ 130.5805137, 32.435871 ], [ 130.580755, 32.435957 ], [ 130.5816896, 32.4366124 ], [ 130.5821668, 32.4369561 ], [ 130.5826002, 32.4372748 ], [ 130.5829921, 32.4375621 ], [ 130.5832993, 32.4377942 ], [ 130.5835928, 32.43801 ], [ 130.5838597, 32.4381961 ], [ 130.5840954, 32.4383738 ], [ 130.5842085, 32.4384527 ], [ 130.5845672, 32.4387347 ], [ 130.5848593, 32.4390107 ], [ 130.5850721, 32.4392418 ], [ 130.5851452, 32.4393265 ], [ 130.5852582, 32.4394899 ], [ 130.5853777, 32.4397043 ], [ 130.5855508, 32.4400879 ], [ 130.5856371, 32.4403074 ], [ 130.5857014, 32.4405254 ], [ 130.5858029, 32.4409835 ], [ 130.5859568, 32.441669 ], [ 130.5860088, 32.4419248 ], [ 130.5860688, 32.4422124 ], [ 130.5861542, 32.4426417 ], [ 130.5862946, 32.4433793 ], [ 130.586454, 32.4441513 ], [ 130.5865385, 32.4445399 ], [ 130.5868393, 32.445989 ], [ 130.586866, 32.4461524 ], [ 130.586939, 32.4464229 ], [ 130.5872439, 32.4468951 ], [ 130.5873679, 32.4470838 ], [ 130.5881418, 32.447646 ], [ 130.5883357, 32.447799 ], [ 130.589039, 32.4483113 ], [ 130.5894175, 32.4485988 ], [ 130.5897963, 32.4489032 ], [ 130.5903213, 32.4492865 ], [ 130.5907665, 32.4496135 ], [ 130.591099, 32.4498782 ], [ 130.5913846, 32.4501262 ], [ 130.5916171, 32.4503913 ], [ 130.5916553, 32.4504526 ], [ 130.5916768, 32.4504871 ], [ 130.591936, 32.4509663 ], [ 130.5920957, 32.4512985 ], [ 130.5922823, 32.4516602 ], [ 130.5924743, 32.4520427 ], [ 130.5925582, 32.4521315 ], [ 130.5926871, 32.4522682 ], [ 130.5927601, 32.4523246 ], [ 130.5931655, 32.4526402 ], [ 130.5932716, 32.4527416 ], [ 130.5936771, 32.4531082 ], [ 130.5941419, 32.4534967 ], [ 130.5951921, 32.4543877 ], [ 130.5953449, 32.4545004 ], [ 130.5955643, 32.4546415 ], [ 130.5960759, 32.4548387 ], [ 130.5965606, 32.4550294 ], [ 130.5971263, 32.455256 ], [ 130.5982027, 32.455746 ], [ 130.5985215, 32.4558982 ], [ 130.5986672, 32.4559823 ], [ 130.5991132, 32.4563265 ], [ 130.5992393, 32.4564507 ], [ 130.5993657, 32.4566085 ], [ 130.5997673, 32.4572208 ], [ 130.6000024, 32.4576517 ], [ 130.6003444, 32.4583357 ], [ 130.6008938, 32.4594324 ], [ 130.6012405, 32.460144 ], [ 130.6013654, 32.4604021 ], [ 130.6015925, 32.4608386 ], [ 130.6016834, 32.4610228 ], [ 130.6020899, 32.4618335 ], [ 130.6022093, 32.4620702 ], [ 130.6025949, 32.4628482 ], [ 130.6029604, 32.4635754 ], [ 130.6039876, 32.4657646 ], [ 130.6048011, 32.4667209 ], [ 130.6051796, 32.4672449 ], [ 130.6055585, 32.4677465 ], [ 130.606316, 32.4687665 ], [ 130.6066285, 32.4691838 ], [ 130.6071332, 32.4698377 ], [ 130.607459, 32.4702774 ], [ 130.6077913, 32.4707341 ], [ 130.6088627, 32.4721589 ], [ 130.6092996, 32.4727349 ], [ 130.6100838, 32.4737721 ], [ 130.6104212, 32.4741993 ], [ 130.6105014, 32.4747122 ], [ 130.6105688, 32.4752204 ], [ 130.610509, 32.4758802 ], [ 130.6104624, 32.4760829 ], [ 130.6101436, 32.4771821 ], [ 130.6099307, 32.4777908 ], [ 130.6098157, 32.4781343 ], [ 130.6096715, 32.4785179 ], [ 130.6094655, 32.4790703 ], [ 130.609359, 32.4793524 ], [ 130.6092063, 32.4797807 ], [ 130.6090002, 32.480344 ], [ 130.6089471, 32.4805132 ], [ 130.6088271, 32.480874 ], [ 130.6086743, 32.4812968 ], [ 130.6084518, 32.4820305 ], [ 130.6082023, 32.4828243 ], [ 130.6080688, 32.4833479 ], [ 130.6078902, 32.4841826 ], [ 130.6076707, 32.4850621 ], [ 130.6075179, 32.4856368 ], [ 130.6072985, 32.4868771 ], [ 130.607139, 32.4876888 ], [ 130.6070527, 32.4884831 ], [ 130.6070593, 32.4889115 ], [ 130.6071294, 32.4892254 ], [ 130.6071324, 32.4892388 ], [ 130.6072385, 32.4895543 ], [ 130.6074382, 32.4899738 ], [ 130.6075627, 32.4901932 ], [ 130.6076656, 32.490339 ], [ 130.6079361, 32.4906083 ], [ 130.6085625, 32.4911437 ], [ 130.6087871, 32.4913357 ], [ 130.609142, 32.491669 ], [ 130.6095143, 32.4920518 ], [ 130.609591, 32.4921696 ], [ 130.6096572, 32.4923101 ], [ 130.6096932, 32.4924382 ], [ 130.6097304, 32.4928065 ], [ 130.6098111, 32.4938228 ], [ 130.6098126, 32.4940042 ], [ 130.6098302, 32.494571 ], [ 130.6098568, 32.4956193 ], [ 130.609876, 32.4962365 ], [ 130.6098568, 32.4965078 ], [ 130.6098568, 32.496724 ], [ 130.6099564, 32.4972193 ], [ 130.6101888, 32.4981504 ], [ 130.6102907, 32.4985265 ], [ 130.6103481, 32.4988038 ], [ 130.610614, 32.4998468 ], [ 130.6106807, 32.5001399 ], [ 130.6107738, 32.5004896 ], [ 130.6108135, 32.5006924 ], [ 130.6108602, 32.501104 ], [ 130.6109998, 32.5017531 ], [ 130.6111857, 32.5025693 ], [ 130.6113618, 32.5033171 ], [ 130.6119838, 32.5031914 ], [ 130.6123282, 32.5031219 ], [ 130.6134716, 32.5029021 ], [ 130.6140832, 32.5028007 ], [ 130.6144221, 32.5027499 ], [ 130.6149952, 32.5026775 ], [ 130.6151154, 32.5026792 ], [ 130.6166283, 32.5023665 ], [ 130.6173197, 32.5022482 ], [ 130.618576, 32.5020229 ], [ 130.6197954, 32.5018315 ], [ 130.6210079, 32.5017188 ], [ 130.6216789, 32.5016679 ], [ 130.6226828, 32.5016099 ], [ 130.6233073, 32.5016024 ], [ 130.6236279, 32.5015993 ], [ 130.6238293, 32.5015976 ], [ 130.6240646, 32.5015724 ], [ 130.6242891, 32.5015162 ], [ 130.624809, 32.5013307 ], [ 130.625109, 32.501242 ], [ 130.6263387, 32.5008781 ], [ 130.6265716, 32.50081 ], [ 130.6269029, 32.5008151 ], [ 130.6274296, 32.5009285 ], [ 130.6278868, 32.5010962 ], [ 130.6284633, 32.5013237 ], [ 130.6289741, 32.501508 ], [ 130.6295088, 32.5017027 ], [ 130.629831, 32.501794 ], [ 130.631143, 32.5017114 ], [ 130.6323813, 32.5016417 ], [ 130.6332041, 32.5015957 ], [ 130.6348435, 32.5014932 ], [ 130.635261, 32.5015101 ], [ 130.6379703, 32.5023157 ], [ 130.6385555, 32.5024947 ], [ 130.6400665, 32.5029574 ], [ 130.641416, 32.5033239 ], [ 130.6423124, 32.5036146 ], [ 130.6431322, 32.5038856 ], [ 130.6450988, 32.5045373 ], [ 130.6454321, 32.5046243 ], [ 130.6457746, 32.5048455 ], [ 130.6463407, 32.5052667 ], [ 130.6466883, 32.5055188 ], [ 130.6471363, 32.5059149 ], [ 130.647824, 32.5065143 ], [ 130.6480359, 32.5067072 ], [ 130.6480394, 32.5067107 ], [ 130.6485146, 32.507119 ], [ 130.6489111, 32.5074806 ], [ 130.6493806, 32.507959 ], [ 130.6494611, 32.5080479 ], [ 130.6497938, 32.5084191 ], [ 130.6500003, 32.5086496 ], [ 130.6501335, 32.508819 ], [ 130.6505748, 32.5093798 ], [ 130.6509436, 32.5098704 ], [ 130.6512384, 32.5102369 ], [ 130.6514477, 32.5105393 ], [ 130.6515451, 32.5106915 ], [ 130.651616, 32.5108021 ], [ 130.6520295, 32.5114688 ], [ 130.6527898, 32.5125632 ], [ 130.6527971, 32.5126297 ], [ 130.6536671, 32.513899 ], [ 130.653981, 32.5144901 ], [ 130.6542285, 32.5149764 ], [ 130.655126, 32.516727 ], [ 130.655471, 32.5173996 ], [ 130.6564327, 32.5192565 ], [ 130.6569319, 32.5202325 ], [ 130.6579249, 32.5221583 ], [ 130.6583357, 32.5229526 ], [ 130.6587918, 32.5238348 ], [ 130.6593676, 32.5249587 ], [ 130.6596986, 32.5256047 ], [ 130.6606764, 32.5274989 ], [ 130.6616935, 32.5295379 ], [ 130.6630289, 32.5307847 ], [ 130.6638393, 32.5315425 ], [ 130.665353, 32.5329621 ], [ 130.666669, 32.5341988 ], [ 130.6676392, 32.5351239 ], [ 130.6687001, 32.5361276 ], [ 130.6694557, 32.5368382 ], [ 130.6699988, 32.5373538 ], [ 130.6705766, 32.5380652 ], [ 130.6712404, 32.5388815 ], [ 130.6717919, 32.539566 ], [ 130.6725139, 32.5404506 ], [ 130.6732934, 32.5414115 ], [ 130.6738809, 32.5421355 ], [ 130.6747664, 32.5432152 ], [ 130.6756268, 32.5442952 ], [ 130.6761323, 32.5449182 ], [ 130.676894, 32.54587 ], [ 130.6770246, 32.5460349 ], [ 130.677171, 32.5462132 ], [ 130.6773279, 32.5465249 ], [ 130.6775143, 32.5469054 ], [ 130.6790395, 32.5510915 ], [ 130.6799115, 32.5534597 ], [ 130.6806618, 32.5555193 ], [ 130.6807603, 32.5557979 ], [ 130.6810413, 32.5565363 ], [ 130.6812256, 32.5568982 ], [ 130.681434, 32.5572168 ], [ 130.6814891, 32.5572961 ], [ 130.6816932, 32.5575764 ], [ 130.6821401, 32.5581648 ], [ 130.6823599, 32.5584424 ], [ 130.6825823, 32.5587231 ], [ 130.6833984, 32.5597036 ], [ 130.6845277, 32.5610752 ], [ 130.6856012, 32.5623901 ], [ 130.6866221, 32.563639 ], [ 130.6879541, 32.5653033 ], [ 130.6889463, 32.5665549 ], [ 130.6893651, 32.5672812 ], [ 130.6899111, 32.5681863 ], [ 130.6901234, 32.5685495 ], [ 130.6914025, 32.5707032 ], [ 130.691669, 32.5711578 ], [ 130.6923687, 32.5723509 ], [ 130.6930677, 32.5735035 ], [ 130.6942104, 32.5752585 ], [ 130.6947144, 32.5760432 ], [ 130.6958537, 32.5778253 ], [ 130.6964929, 32.578835 ], [ 130.6976227, 32.5805977 ], [ 130.6982663, 32.5816172 ], [ 130.699371, 32.583301 ], [ 130.7004076, 32.5849074 ], [ 130.7010596, 32.5859271 ], [ 130.7015786, 32.5867272 ], [ 130.7017176, 32.5868781 ], [ 130.7024262, 32.5879842 ], [ 130.7025589, 32.5881754 ], [ 130.702659, 32.5883677 ], [ 130.702699, 32.588486 ], [ 130.7027457, 32.5886776 ], [ 130.7027563, 32.5888111 ], [ 130.7027443, 32.5892067 ], [ 130.7027321, 32.5896143 ], [ 130.7026632, 32.5911858 ], [ 130.7026444, 32.591669 ], [ 130.7026192, 32.5923215 ], [ 130.7025586, 32.5935527 ], [ 130.7025249, 32.5945868 ], [ 130.7024788, 32.5957454 ], [ 130.7023921, 32.597729 ], [ 130.7023558, 32.5985943 ], [ 130.7023021, 32.6000024 ], [ 130.7022854, 32.6004403 ], [ 130.7022075, 32.6022154 ], [ 130.7021321, 32.6039346 ], [ 130.7026157, 32.604661 ], [ 130.7028705, 32.6050569 ], [ 130.7033365, 32.6057701 ], [ 130.7040254, 32.6067947 ], [ 130.704568, 32.6075878 ], [ 130.7050669, 32.6083357 ], [ 130.7052807, 32.6086562 ], [ 130.7054202, 32.6089018 ], [ 130.7055193, 32.6091804 ], [ 130.7055871, 32.6094129 ], [ 130.7055673, 32.6103819 ], [ 130.7053865, 32.6107575 ], [ 130.7046813, 32.6121804 ], [ 130.7046213, 32.6126143 ], [ 130.7045883, 32.6134851 ], [ 130.7045482, 32.6145079 ], [ 130.7045082, 32.6152854 ], [ 130.7044476, 32.6169522 ], [ 130.7044041, 32.6180472 ], [ 130.7043682, 32.6190058 ], [ 130.7043745, 32.620259 ], [ 130.7044143, 32.6210065 ], [ 130.7044268, 32.6212157 ], [ 130.704501, 32.6215871 ], [ 130.7045942, 32.6218913 ], [ 130.704872, 32.622733 ], [ 130.7051583, 32.6236933 ], [ 130.7052322, 32.6239295 ], [ 130.7054294, 32.6245625 ], [ 130.7054797, 32.6250024 ], [ 130.7054863, 32.6253238 ], [ 130.7054663, 32.6255379 ], [ 130.7053665, 32.6258141 ], [ 130.7052202, 32.6260904 ], [ 130.7048243, 32.6266407 ], [ 130.7045988, 32.6269279 ], [ 130.7041679, 32.6274771 ], [ 130.7039631, 32.6277752 ], [ 130.7037462, 32.6280258 ], [ 130.7036232, 32.628256 ], [ 130.7035082, 32.6285443 ], [ 130.7033894, 32.6289418 ], [ 130.7032088, 32.6296457 ], [ 130.7030871, 32.6300301 ], [ 130.7029867, 32.6303198 ], [ 130.7026299, 32.6313824 ], [ 130.7020753, 32.632887 ], [ 130.7018441, 32.6333704 ], [ 130.7016704, 32.6336921 ], [ 130.7014085, 32.6341718 ], [ 130.701021, 32.6349327 ], [ 130.7007407, 32.6356018 ], [ 130.7006256, 32.6359594 ], [ 130.7004248, 32.6365519 ], [ 130.7002056, 32.6372137 ], [ 130.6999192, 32.6380806 ], [ 130.6988952, 32.6411715 ], [ 130.6987377, 32.6415265 ], [ 130.6984548, 32.6420838 ], [ 130.6982748, 32.6425199 ], [ 130.6979957, 32.6433426 ], [ 130.6979288, 32.6437991 ], [ 130.6979157, 32.6439516 ], [ 130.6979157, 32.6447577 ], [ 130.6979557, 32.6451968 ], [ 130.6980088, 32.6455296 ], [ 130.6981152, 32.6459465 ], [ 130.6981936, 32.6461522 ], [ 130.6983815, 32.6466454 ], [ 130.6986258, 32.6472139 ], [ 130.6990717, 32.6482384 ], [ 130.6991552, 32.6484302 ], [ 130.6993745, 32.649093 ], [ 130.6994856, 32.6495508 ], [ 130.6995532, 32.6498468 ], [ 130.6995816, 32.6500024 ], [ 130.6996263, 32.6502471 ], [ 130.6996729, 32.6506643 ], [ 130.699691, 32.650964 ], [ 130.6996988, 32.6512807 ], [ 130.6996957, 32.6515529 ], [ 130.6996896, 32.6516676 ], [ 130.6996516, 32.6522092 ], [ 130.6996187, 32.6524217 ], [ 130.6995641, 32.6527495 ], [ 130.6995401, 32.6528935 ], [ 130.6994518, 32.6532524 ], [ 130.6993393, 32.6536374 ], [ 130.6990537, 32.6544735 ], [ 130.6988831, 32.6548733 ], [ 130.6987602, 32.6550951 ], [ 130.698655, 32.6553145 ], [ 130.6982749, 32.655889 ], [ 130.6980159, 32.6562654 ], [ 130.6978421, 32.6565146 ], [ 130.697496, 32.6569713 ], [ 130.6972042, 32.6573279 ], [ 130.6968807, 32.6577204 ], [ 130.6966989, 32.6579277 ], [ 130.6964644, 32.6581396 ], [ 130.6961457, 32.6584274 ], [ 130.6957824, 32.6587004 ], [ 130.6953246, 32.6589902 ], [ 130.6949863, 32.659191 ], [ 130.6940964, 32.659612 ], [ 130.6939185, 32.6596931 ], [ 130.6937777, 32.6597574 ], [ 130.6930618, 32.6600878 ], [ 130.6921618, 32.6605349 ], [ 130.6917818, 32.6607488 ], [ 130.6916604, 32.6608277 ], [ 130.6914087, 32.6609913 ], [ 130.6911671, 32.6611497 ], [ 130.6908593, 32.6613968 ], [ 130.6903885, 32.661781 ], [ 130.6900719, 32.662072 ], [ 130.6896993, 32.662444 ], [ 130.6892999, 32.6628949 ], [ 130.6889271, 32.6634246 ], [ 130.6888204, 32.6636051 ], [ 130.6886141, 32.6639766 ], [ 130.6882788, 32.6646826 ], [ 130.6881149, 32.6652054 ], [ 130.6879699, 32.6659076 ], [ 130.6877797, 32.6665605 ], [ 130.6872545, 32.6683666 ], [ 130.6870945, 32.6688648 ], [ 130.6867768, 32.6700527 ], [ 130.686664, 32.6704248 ], [ 130.6860004, 32.6726135 ], [ 130.6856684, 32.6737351 ], [ 130.6852797, 32.6751124 ], [ 130.6848641, 32.6762312 ], [ 130.6838416, 32.678794 ], [ 130.6836654, 32.6792346 ], [ 130.6833357, 32.6800846 ], [ 130.6828568, 32.6813193 ], [ 130.6824369, 32.6823639 ], [ 130.6822199, 32.6828915 ], [ 130.6820086, 32.6833185 ], [ 130.681691, 32.6839685 ], [ 130.6814121, 32.6844458 ], [ 130.6813091, 32.6846063 ], [ 130.6808207, 32.6853013 ], [ 130.6797033, 32.6866416 ], [ 130.6786868, 32.687861 ], [ 130.6781782, 32.6883827 ], [ 130.6778474, 32.688656 ], [ 130.6775293, 32.6888724 ], [ 130.677254, 32.6889971 ], [ 130.6770749, 32.6890657 ], [ 130.6767063, 32.6891771 ], [ 130.676324, 32.6892638 ], [ 130.6756993, 32.6893735 ], [ 130.6750024, 32.6894666 ], [ 130.6745473, 32.6895263 ], [ 130.6740908, 32.6895759 ], [ 130.6719033, 32.6897812 ], [ 130.6706732, 32.6899088 ], [ 130.6707236, 32.6905072 ], [ 130.6708113, 32.6913896 ], [ 130.6708683, 32.6918491 ], [ 130.6710965, 32.6929918 ], [ 130.6711507, 32.6932238 ], [ 130.6715032, 32.6947335 ], [ 130.6716499, 32.6953704 ], [ 130.6717627, 32.6958493 ], [ 130.6720122, 32.6969272 ], [ 130.672216, 32.6978052 ], [ 130.6722835, 32.6980843 ], [ 130.6723688, 32.6985474 ], [ 130.6725229, 32.699384 ], [ 130.6726291, 32.699925 ], [ 130.672849, 32.7009557 ], [ 130.673273, 32.7029903 ], [ 130.6733754, 32.7034865 ], [ 130.6735343, 32.7042536 ], [ 130.6736277, 32.7047058 ], [ 130.6739419, 32.7062545 ], [ 130.6743084, 32.7079918 ], [ 130.674383, 32.7083357 ], [ 130.6746088, 32.7093768 ], [ 130.6750024, 32.7111284 ], [ 130.6755109, 32.7132435 ], [ 130.6759503, 32.7149803 ], [ 130.6763327, 32.7164236 ], [ 130.6766665, 32.7176593 ], [ 130.6767832, 32.7180834 ], [ 130.6768495, 32.7183529 ], [ 130.6772791, 32.7199634 ], [ 130.6774371, 32.7205275 ], [ 130.6776949, 32.7215454 ], [ 130.6781384, 32.7232013 ], [ 130.6782012, 32.7234152 ], [ 130.6783665, 32.7243232 ], [ 130.6784238, 32.7247612 ], [ 130.6784655, 32.7250024 ], [ 130.6787897, 32.7271916 ], [ 130.6788364, 32.7273467 ], [ 130.6789938, 32.7278263 ], [ 130.6791171, 32.7281204 ], [ 130.679339, 32.7284957 ], [ 130.6795421, 32.7287587 ], [ 130.6797368, 32.7289654 ], [ 130.6800189, 32.729203 ], [ 130.6803001, 32.729396 ], [ 130.6810028, 32.7297782 ], [ 130.6814228, 32.7299844 ], [ 130.6827197, 32.7306159 ], [ 130.6833357, 32.7309042 ], [ 130.683869, 32.7311538 ], [ 130.6841626, 32.7312969 ], [ 130.6855504, 32.7319476 ], [ 130.6864044, 32.7323402 ], [ 130.6868756, 32.7326055 ], [ 130.6873897, 32.7329435 ], [ 130.6875758, 32.733093 ], [ 130.6877988, 32.7333132 ], [ 130.6880552, 32.7336304 ], [ 130.6883149, 32.7340771 ], [ 130.688524, 32.7345068 ], [ 130.6886495, 32.7348156 ], [ 130.6887804, 32.7351838 ], [ 130.6888468, 32.7354415 ], [ 130.6888821, 32.7356726 ], [ 130.6889074, 32.7359249 ], [ 130.6888468, 32.7370047 ], [ 130.6888148, 32.7373945 ], [ 130.6887451, 32.7382427 ], [ 130.6886843, 32.7387215 ], [ 130.688635, 32.7391237 ], [ 130.6886129, 32.7395197 ], [ 130.6885818, 32.7398365 ], [ 130.6885141, 32.7404763 ], [ 130.6884689, 32.7408446 ], [ 130.6884174, 32.7413802 ], [ 130.6884037, 32.741669 ], [ 130.6883813, 32.7421432 ], [ 130.6884174, 32.7423432 ], [ 130.688561, 32.7435829 ], [ 130.688586, 32.7439524 ], [ 130.688579, 32.7446529 ], [ 130.6885378, 32.7448996 ], [ 130.6884779, 32.7455883 ], [ 130.6884198, 32.7463673 ], [ 130.6883693, 32.7465674 ], [ 130.6879953, 32.7480594 ], [ 130.6878295, 32.7487222 ], [ 130.6877277, 32.7491421 ], [ 130.6874598, 32.7503107 ], [ 130.687336, 32.7508513 ], [ 130.6871489, 32.7516543 ], [ 130.687005, 32.7522913 ], [ 130.6869341, 32.7526422 ], [ 130.6870416, 32.7529097 ], [ 130.6870768, 32.7530368 ], [ 130.6871318, 32.7533782 ], [ 130.6873735, 32.7541279 ], [ 130.6876335, 32.7550184 ], [ 130.6880074, 32.7564521 ], [ 130.6884728, 32.7580638 ], [ 130.6885484, 32.7583357 ], [ 130.6887606, 32.7590983 ], [ 130.6890208, 32.7600687 ], [ 130.6891876, 32.7606664 ], [ 130.6893044, 32.7611096 ], [ 130.6895657, 32.7620539 ], [ 130.6896109, 32.7622045 ], [ 130.6896274, 32.7622591 ], [ 130.6897879, 32.7628468 ], [ 130.6900101, 32.7635365 ], [ 130.690094, 32.7637774 ], [ 130.6909349, 32.7654902 ], [ 130.6915512, 32.7667219 ], [ 130.691669, 32.7669566 ], [ 130.6919288, 32.7674738 ], [ 130.6922679, 32.7681748 ], [ 130.692609, 32.7688489 ], [ 130.6927757, 32.7691929 ], [ 130.6932147, 32.7700754 ], [ 130.6936163, 32.7708724 ], [ 130.6938187, 32.7713016 ], [ 130.6939083, 32.7715056 ], [ 130.6942357, 32.7721787 ], [ 130.6943677, 32.772448 ], [ 130.6945896, 32.7729006 ], [ 130.6951857, 32.774098 ], [ 130.6953739, 32.7744626 ], [ 130.6958021, 32.7753282 ], [ 130.695814, 32.7753522 ], [ 130.6958907, 32.7755163 ], [ 130.6962168, 32.7761697 ], [ 130.6964636, 32.7766931 ], [ 130.6965774, 32.7769988 ], [ 130.696704, 32.7774946 ], [ 130.696831, 32.7781769 ], [ 130.6968811, 32.778497 ], [ 130.6969676, 32.7789981 ], [ 130.6973845, 32.7814115 ], [ 130.6975524, 32.7825496 ], [ 130.6976588, 32.7830475 ], [ 130.6977771, 32.7833357 ], [ 130.697794, 32.7833768 ], [ 130.6981095, 32.7839493 ], [ 130.6981771, 32.7840625 ], [ 130.6982552, 32.7841932 ], [ 130.6989451, 32.785289 ], [ 130.6992693, 32.7858069 ], [ 130.6997854, 32.7866135 ], [ 130.7000024, 32.7869452 ], [ 130.7004262, 32.7875933 ], [ 130.7007619, 32.7881088 ], [ 130.7009793, 32.7884563 ], [ 130.7011728, 32.7887492 ], [ 130.7014863, 32.7892515 ], [ 130.7017328, 32.7896286 ], [ 130.7018331, 32.7897753 ], [ 130.701954, 32.7899785 ], [ 130.7022083, 32.7903608 ], [ 130.7023506, 32.7905862 ], [ 130.7025202, 32.7908451 ], [ 130.7030006, 32.7915799 ], [ 130.7030604, 32.7917531 ], [ 130.7031087, 32.7918927 ], [ 130.7026734, 32.792858 ], [ 130.7025059, 32.7933689 ], [ 130.702403, 32.7936128 ], [ 130.7020394, 32.794644 ], [ 130.7027915, 32.7950971 ], [ 130.7031068, 32.7952871 ], [ 130.7035271, 32.7954674 ], [ 130.7035948, 32.7954946 ], [ 130.7038072, 32.7955802 ], [ 130.7040874, 32.7957096 ], [ 130.7042849, 32.7958321 ], [ 130.7044253, 32.7959269 ], [ 130.7048286, 32.7961552 ], [ 130.7049099, 32.7961999 ], [ 130.7055655, 32.7964003 ], [ 130.7058921, 32.796499 ], [ 130.7059641, 32.7965201 ], [ 130.7068246, 32.7967768 ], [ 130.7069753, 32.7968152 ], [ 130.7073443, 32.7969093 ], [ 130.7080475, 32.7971335 ], [ 130.7082132, 32.7971815 ], [ 130.7086511, 32.797327 ], [ 130.7088925, 32.797513 ], [ 130.7093096, 32.7976757 ], [ 130.7093444, 32.7976925 ], [ 130.70987, 32.7979549 ], [ 130.7101514, 32.7981363 ], [ 130.7101824, 32.7981563 ], [ 130.710518, 32.7982782 ], [ 130.7110718, 32.7987498 ], [ 130.7112176, 32.7988743 ], [ 130.711274, 32.799047 ], [ 130.7114937, 32.7992746 ], [ 130.711516, 32.7992963 ], [ 130.7116301, 32.799406 ], [ 130.7117214, 32.7995344 ], [ 130.7118356, 32.7997153 ], [ 130.7119989, 32.8000024 ], [ 130.7120113, 32.8000243 ], [ 130.7120546, 32.8001004 ], [ 130.7123579, 32.8004879 ], [ 130.7125556, 32.8009414 ], [ 130.7128086, 32.8014987 ], [ 130.7129463, 32.8018496 ], [ 130.7129777, 32.80194 ], [ 130.7130846, 32.8022139 ], [ 130.7131981, 32.8025048 ], [ 130.7132343, 32.8025979 ], [ 130.7132785, 32.8027149 ], [ 130.7134669, 32.803233 ], [ 130.7137411, 32.8039242 ], [ 130.713887, 32.8043171 ], [ 130.7140124, 32.8046739 ], [ 130.7142344, 32.805321 ], [ 130.7143348, 32.8055854 ], [ 130.7145565, 32.8062052 ], [ 130.7146257, 32.806581 ], [ 130.7147535, 32.8072814 ], [ 130.7147926, 32.807759 ], [ 130.714845, 32.8083704 ], [ 130.7148658, 32.8086135 ], [ 130.7148682, 32.8086376 ], [ 130.7148993, 32.808954 ], [ 130.7149943, 32.8098702 ], [ 130.7151353, 32.8103241 ], [ 130.7151862, 32.8103926 ], [ 130.7153779, 32.8105811 ], [ 130.71545, 32.8106458 ], [ 130.7156212, 32.8108686 ], [ 130.715735, 32.8111402 ], [ 130.7158339, 32.8117536 ], [ 130.7159242, 32.8122677 ], [ 130.7159812, 32.8126372 ], [ 130.7161266, 32.8134461 ], [ 130.7163008, 32.8145389 ], [ 130.7165185, 32.8157883 ], [ 130.7166681, 32.8163401 ], [ 130.7167282, 32.816489 ], [ 130.7167932, 32.8165996 ], [ 130.7169112, 32.8167613 ], [ 130.7169145, 32.8167657 ], [ 130.7170934, 32.8170017 ], [ 130.7172956, 32.8172164 ], [ 130.7175629, 32.8175093 ], [ 130.718345, 32.8183551 ], [ 130.7185597, 32.8185739 ], [ 130.7190665, 32.819144 ], [ 130.7203113, 32.8204675 ], [ 130.7206036, 32.8207735 ], [ 130.7214746, 32.8217284 ], [ 130.7220163, 32.8223221 ], [ 130.7222888, 32.8227009 ], [ 130.7223647, 32.8228096 ], [ 130.7225389, 32.8231306 ], [ 130.7226279, 32.8234353 ], [ 130.7226699, 32.823731 ], [ 130.7226843, 32.8251766 ], [ 130.7226879, 32.8276389 ], [ 130.7226534, 32.8288493 ], [ 130.7226362, 32.8292534 ], [ 130.7225832, 32.8296599 ], [ 130.7225499, 32.8297726 ], [ 130.7220209, 32.8309479 ], [ 130.7218278, 32.8314085 ], [ 130.7214628, 32.8322578 ], [ 130.7211878, 32.8329567 ], [ 130.7209723, 32.8334699 ], [ 130.7207531, 32.833989 ], [ 130.7206613, 32.834217 ], [ 130.720364, 32.8349265 ], [ 130.719788, 32.8363176 ], [ 130.7196567, 32.8366452 ], [ 130.7194213, 32.8372346 ], [ 130.7190207, 32.8383113 ], [ 130.7187985, 32.8388761 ], [ 130.7185132, 32.8396016 ], [ 130.7177721, 32.8414899 ], [ 130.717705, 32.8416365 ], [ 130.7174249, 32.8423124 ], [ 130.7173046, 32.8426168 ], [ 130.7171329, 32.8429937 ], [ 130.7168595, 32.8436315 ], [ 130.7166975, 32.8440026 ], [ 130.7165504, 32.844336 ], [ 130.7162397, 32.8450036 ], [ 130.7161094, 32.8452802 ], [ 130.7160617, 32.8453761 ], [ 130.7158383, 32.8458264 ], [ 130.7152823, 32.846745 ], [ 130.714655, 32.8478624 ], [ 130.7143738, 32.848371 ], [ 130.714293, 32.8485152 ], [ 130.7142474, 32.8485967 ], [ 130.7141459, 32.8487781 ], [ 130.7138929, 32.8492391 ], [ 130.7136883, 32.8496047 ], [ 130.7135524, 32.8498477 ], [ 130.7134589, 32.8500024 ], [ 130.7133789, 32.8501349 ], [ 130.7132396, 32.8503868 ], [ 130.7128748, 32.8510293 ], [ 130.7120839, 32.8524225 ], [ 130.7112754, 32.8538321 ], [ 130.7111085, 32.8541421 ], [ 130.7110839, 32.8541837 ], [ 130.7110525, 32.8542367 ], [ 130.7107608, 32.8547547 ], [ 130.7103645, 32.855461 ], [ 130.7101348, 32.8558697 ], [ 130.7096585, 32.8567189 ], [ 130.70961, 32.8570702 ], [ 130.7095996, 32.857146 ], [ 130.7095742, 32.8575058 ], [ 130.7095155, 32.8583357 ], [ 130.7094936, 32.8586456 ], [ 130.7094121, 32.8597844 ], [ 130.709366, 32.8603696 ], [ 130.7093593, 32.8606124 ], [ 130.709299, 32.8613785 ], [ 130.7092671, 32.8616956 ], [ 130.7092324, 32.8618577 ], [ 130.7090854, 32.8622635 ], [ 130.7090454, 32.8623988 ], [ 130.7089153, 32.8627202 ], [ 130.7088302, 32.862875 ], [ 130.7086915, 32.8631649 ], [ 130.7086236, 32.8633252 ], [ 130.7085379, 32.8635257 ], [ 130.7083357, 32.863971 ], [ 130.7081258, 32.8644331 ], [ 130.7079216, 32.8648933 ], [ 130.7077435, 32.8652938 ], [ 130.7074163, 32.8660279 ], [ 130.707316, 32.8662421 ], [ 130.7071893, 32.866541 ], [ 130.7070972, 32.866669 ], [ 130.7070557, 32.8667268 ], [ 130.7068354, 32.8669241 ], [ 130.7064346, 32.867189 ], [ 130.7061343, 32.8673582 ], [ 130.7060874, 32.8673921 ], [ 130.7059407, 32.8674652 ], [ 130.7058604, 32.867516 ], [ 130.7056856, 32.8675989 ], [ 130.7053999, 32.8677585 ], [ 130.7053063, 32.8678315 ], [ 130.705026, 32.868074 ], [ 130.704839, 32.8682879 ], [ 130.7047121, 32.8684458 ], [ 130.7045985, 32.868626 ], [ 130.7044582, 32.8689304 ], [ 130.7041711, 32.8696127 ], [ 130.7040377, 32.8698774 ], [ 130.7039375, 32.8700409 ], [ 130.7037707, 32.8702777 ], [ 130.7035772, 32.8704973 ], [ 130.7032631, 32.870769 ], [ 130.7027958, 32.8711734 ], [ 130.7024869, 32.8715185 ], [ 130.7023906, 32.8716588 ], [ 130.7021743, 32.8719772 ], [ 130.7018096, 32.8726465 ], [ 130.7016863, 32.8729479 ], [ 130.7015738, 32.8732843 ], [ 130.7015471, 32.8734054 ], [ 130.7015138, 32.8735632 ], [ 130.7015004, 32.8737715 ], [ 130.7015004, 32.8741154 ], [ 130.7015138, 32.8743182 ], [ 130.7015071, 32.8746233 ], [ 130.7015004, 32.874789 ], [ 130.7014899, 32.874909 ], [ 130.7014812, 32.8750024 ], [ 130.7014748, 32.8750716 ], [ 130.7014671, 32.8751693 ], [ 130.7013602, 32.8755413 ], [ 130.7012735, 32.8757893 ], [ 130.7011865, 32.8761107 ], [ 130.7011199, 32.8764655 ], [ 130.7009807, 32.877657 ], [ 130.7009298, 32.8777805 ], [ 130.700866, 32.8778971 ], [ 130.7007727, 32.8780265 ], [ 130.7006257, 32.8781788 ], [ 130.7005324, 32.8782465 ], [ 130.7003385, 32.878331 ], [ 130.7002052, 32.878376 ], [ 130.7000024, 32.8784336 ], [ 130.6995907, 32.8785507 ], [ 130.6992636, 32.878658 ], [ 130.6990568, 32.8787199 ], [ 130.6989433, 32.8787652 ], [ 130.6988431, 32.8788213 ], [ 130.6986162, 32.8789341 ], [ 130.6983557, 32.879154 ], [ 130.6979695, 32.8795197 ], [ 130.6972047, 32.88017 ], [ 130.6968688, 32.8804477 ], [ 130.696496, 32.8807296 ], [ 130.695912, 32.8811208 ], [ 130.6956649, 32.8812729 ], [ 130.6954313, 32.8814307 ], [ 130.6947502, 32.881859 ], [ 130.6942046, 32.8822057 ], [ 130.6942027, 32.8822082 ], [ 130.6938827, 32.8823999 ], [ 130.6937024, 32.8825238 ], [ 130.6933698, 32.8828045 ], [ 130.6932282, 32.882924 ], [ 130.6931279, 32.8830424 ], [ 130.6930012, 32.8832173 ], [ 130.6929402, 32.8833357 ], [ 130.6928677, 32.8834765 ], [ 130.6927407, 32.8837413 ], [ 130.6917777, 32.8859077 ], [ 130.6916974, 32.8860881 ], [ 130.691669, 32.8861519 ], [ 130.6916358, 32.8862266 ], [ 130.6913546, 32.8868201 ], [ 130.6911425, 32.8874781 ], [ 130.6910715, 32.8876977 ], [ 130.6910049, 32.8878668 ], [ 130.6909046, 32.8882777 ], [ 130.6908313, 32.8886726 ], [ 130.6908313, 32.8888924 ], [ 130.6907843, 32.8895407 ], [ 130.6906977, 32.8904874 ], [ 130.6906877, 32.8906971 ], [ 130.6906759, 32.8908773 ], [ 130.6906303, 32.8914221 ], [ 130.690589, 32.8916606 ], [ 130.6905377, 32.8920315 ], [ 130.690491, 32.8922401 ], [ 130.6904174, 32.892674 ], [ 130.6903344, 32.8930306 ], [ 130.6902117, 32.8934716 ], [ 130.6901171, 32.8938296 ], [ 130.6900502, 32.8940718 ], [ 130.6900168, 32.8942524 ], [ 130.6899635, 32.8944552 ], [ 130.6899194, 32.8946834 ], [ 130.6898831, 32.8948166 ], [ 130.6898232, 32.8952157 ], [ 130.6897899, 32.8955765 ], [ 130.6897745, 32.8958843 ], [ 130.689778, 32.8959758 ], [ 130.6897814, 32.8960656 ], [ 130.6898565, 32.8966418 ], [ 130.6899702, 32.8972449 ], [ 130.6900503, 32.8976235 ], [ 130.6901437, 32.8979437 ], [ 130.690227, 32.8981388 ], [ 130.6902571, 32.8982257 ], [ 130.6904107, 32.8985468 ], [ 130.6904843, 32.8986821 ], [ 130.690784, 32.8993363 ], [ 130.6908379, 32.899471 ], [ 130.6910823, 32.9000024 ], [ 130.6912785, 32.900429 ], [ 130.691638, 32.9012262 ], [ 130.6918262, 32.901593 ], [ 130.6919248, 32.9018268 ], [ 130.6920419, 32.902093 ], [ 130.6921593, 32.9023539 ], [ 130.6921818, 32.9023989 ], [ 130.6923564, 32.9026865 ], [ 130.6924163, 32.9029302 ], [ 130.6924538, 32.9046899 ], [ 130.6924414, 32.9070392 ], [ 130.6924404, 32.9072235 ], [ 130.6924404, 32.9075304 ], [ 130.6924268, 32.9077221 ], [ 130.692369, 32.9083357 ], [ 130.6923213, 32.9088407 ], [ 130.6923135, 32.9089227 ], [ 130.6921732, 32.910016 ], [ 130.6921006, 32.9104404 ], [ 130.6919849, 32.9115741 ], [ 130.6918327, 32.912524 ], [ 130.6917993, 32.9127663 ], [ 130.691632, 32.9137607 ], [ 130.6915724, 32.914136 ], [ 130.6914321, 32.9151615 ], [ 130.6914054, 32.9153304 ], [ 130.6913856, 32.9154986 ], [ 130.6913185, 32.9160633 ], [ 130.6912985, 32.9163283 ], [ 130.6913118, 32.9166435 ], [ 130.6913385, 32.9168804 ], [ 130.6913788, 32.9171115 ], [ 130.6914188, 32.9172582 ], [ 130.6914321, 32.9173257 ], [ 130.6915457, 32.9176696 ], [ 130.6916657, 32.9179457 ], [ 130.6922345, 32.9189897 ], [ 130.6927988, 32.920031 ], [ 130.6937229, 32.9216428 ], [ 130.6942975, 32.9226464 ], [ 130.6943954, 32.9228246 ], [ 130.6946715, 32.923204 ], [ 130.6947852, 32.9233563 ], [ 130.695059, 32.9237732 ], [ 130.6953799, 32.924179 ], [ 130.6956004, 32.9244101 ], [ 130.6962552, 32.9250024 ], [ 130.6967032, 32.9254076 ], [ 130.6975515, 32.9262251 ], [ 130.6980193, 32.9266535 ], [ 130.6981463, 32.9267755 ], [ 130.6983069, 32.9269352 ], [ 130.6983802, 32.9270254 ], [ 130.6984759, 32.9271801 ], [ 130.6987996, 32.9277663 ], [ 130.6989415, 32.9280118 ], [ 130.6990421, 32.9282111 ], [ 130.6991688, 32.9284571 ], [ 130.6993963, 32.9289368 ], [ 130.6995096, 32.9291671 ], [ 130.6997168, 32.9295501 ], [ 130.7002377, 32.9304857 ], [ 130.7006254, 32.9312015 ], [ 130.7011993, 32.9323467 ], [ 130.7013629, 32.9326615 ], [ 130.7014861, 32.9329018 ], [ 130.7016928, 32.9333342 ], [ 130.7017622, 32.933475 ], [ 130.7020288, 32.9339804 ], [ 130.7027097, 32.9352075 ], [ 130.7030977, 32.935919 ], [ 130.7031512, 32.9360044 ], [ 130.7032512, 32.936164 ], [ 130.7035003, 32.9365613 ], [ 130.7039636, 32.9372589 ], [ 130.7041668, 32.9375649 ], [ 130.7045546, 32.938089 ], [ 130.7047124, 32.9382927 ], [ 130.7050957, 32.938754 ], [ 130.7054234, 32.9390982 ], [ 130.7060531, 32.9398136 ], [ 130.7063585, 32.9401013 ], [ 130.7065724, 32.9403154 ], [ 130.7071071, 32.9408279 ], [ 130.7075468, 32.9412552 ], [ 130.707635, 32.9413402 ], [ 130.7077752, 32.9414818 ], [ 130.7079711, 32.941669 ], [ 130.7083357, 32.9420175 ], [ 130.7088308, 32.9424905 ], [ 130.7093382, 32.9430128 ], [ 130.7095293, 32.9432212 ], [ 130.7104132, 32.9441196 ], [ 130.7109024, 32.9445818 ], [ 130.7117579, 32.9454046 ], [ 130.7119915, 32.9456582 ], [ 130.7121799, 32.9459142 ], [ 130.7123324, 32.946171 ], [ 130.712466, 32.9464979 ], [ 130.712506, 32.9467121 ], [ 130.7125118, 32.9470438 ], [ 130.712466, 32.9472643 ], [ 130.7123657, 32.9477885 ], [ 130.7123457, 32.9479013 ], [ 130.7123324, 32.9480253 ], [ 130.7122721, 32.9485157 ], [ 130.7122521, 32.9487804 ], [ 130.7122654, 32.949079 ], [ 130.7123323, 32.9495963 ], [ 130.7123641, 32.9500447 ], [ 130.7123724, 32.9501613 ], [ 130.712426, 32.9505838 ], [ 130.712446, 32.9508824 ], [ 130.7124057, 32.9512713 ], [ 130.7123324, 32.9516038 ], [ 130.7122854, 32.9517899 ], [ 130.7122321, 32.9519646 ], [ 130.7122254, 32.952021 ], [ 130.7121819, 32.9521747 ], [ 130.7120249, 32.9526973 ], [ 130.7118531, 32.9533367 ], [ 130.711828, 32.9534404 ], [ 130.7117497, 32.9538301 ], [ 130.7116774, 32.9541849 ], [ 130.7116507, 32.9543035 ], [ 130.7115838, 32.9547318 ], [ 130.7115771, 32.9549965 ], [ 130.7115971, 32.9551879 ], [ 130.7116638, 32.9554868 ], [ 130.711824, 32.9559825 ], [ 130.7118323, 32.9560183 ], [ 130.7119377, 32.9564732 ], [ 130.7119913, 32.9567999 ], [ 130.7119979, 32.9571607 ], [ 130.7119646, 32.9574365 ], [ 130.7119568, 32.9574829 ], [ 130.7119177, 32.9577129 ], [ 130.7118173, 32.9581416 ], [ 130.7117974, 32.9582649 ], [ 130.7117917, 32.9583241 ], [ 130.7117641, 32.9586088 ], [ 130.7117574, 32.9588796 ], [ 130.7117707, 32.9597194 ], [ 130.711784, 32.9601982 ], [ 130.7118643, 32.9605871 ], [ 130.7119779, 32.960931 ], [ 130.7121315, 32.9612635 ], [ 130.7121849, 32.9614043 ], [ 130.7124223, 32.9618993 ], [ 130.7130936, 32.9632078 ], [ 130.7134478, 32.9638053 ], [ 130.7139096, 32.9646801 ], [ 130.7141279, 32.9651079 ], [ 130.7142116, 32.9653021 ], [ 130.7145702, 32.965986 ], [ 130.7149246, 32.966669 ], [ 130.7151315, 32.9670679 ], [ 130.7151791, 32.9671529 ], [ 130.715221, 32.9672279 ], [ 130.715466, 32.9676659 ], [ 130.7156997, 32.9681053 ], [ 130.7157932, 32.9683249 ], [ 130.7158532, 32.9685221 ], [ 130.7159268, 32.9688657 ], [ 130.7159468, 32.969046 ], [ 130.7159735, 32.9694632 ], [ 130.7159832, 32.9698357 ], [ 130.7159705, 32.9701469 ], [ 130.7159606, 32.9704395 ], [ 130.715867, 32.9709044 ], [ 130.7157695, 32.9711601 ], [ 130.7156417, 32.9713476 ], [ 130.7154521, 32.9715935 ], [ 130.7151715, 32.9719429 ], [ 130.7149043, 32.9722415 ], [ 130.7145768, 32.9725685 ], [ 130.7143096, 32.972811 ], [ 130.7138418, 32.9732393 ], [ 130.7136413, 32.973414 ], [ 130.7133048, 32.9737261 ], [ 130.7128327, 32.9741632 ], [ 130.7124385, 32.9745296 ], [ 130.7122379, 32.9747157 ], [ 130.7122246, 32.9747382 ], [ 130.711937, 32.9750024 ], [ 130.7115496, 32.9753582 ], [ 130.711396, 32.975499 ], [ 130.7108744, 32.9759898 ], [ 130.7107279, 32.9761474 ], [ 130.7102402, 32.9766038 ], [ 130.7095452, 32.9772857 ], [ 130.7092773, 32.9775305 ], [ 130.7089368, 32.9778435 ], [ 130.7087432, 32.9780182 ], [ 130.7083357, 32.9784115 ], [ 130.7079546, 32.9787793 ], [ 130.7078417, 32.9788775 ], [ 130.7075174, 32.9791843 ], [ 130.7067718, 32.9798893 ], [ 130.7065446, 32.980109 ], [ 130.706366, 32.9802729 ], [ 130.7056693, 32.9809263 ], [ 130.7054088, 32.9811913 ], [ 130.7053018, 32.9812871 ], [ 130.7046208, 32.9819513 ], [ 130.704489, 32.9820572 ], [ 130.7042252, 32.9823327 ], [ 130.703246, 32.9832395 ], [ 130.7031428, 32.9833357 ], [ 130.7027957, 32.9836599 ], [ 130.7020277, 32.9844149 ], [ 130.7017821, 32.9846737 ], [ 130.7013075, 32.9851984 ], [ 130.7010051, 32.9855307 ], [ 130.700651, 32.9859479 ], [ 130.7003703, 32.9862578 ], [ 130.7000024, 32.9866893 ], [ 130.699909, 32.9867988 ], [ 130.6993879, 32.9873904 ], [ 130.6990972, 32.987724 ], [ 130.6990341, 32.9877965 ], [ 130.6989053, 32.9879447 ], [ 130.6983801, 32.9885351 ], [ 130.6982237, 32.9887204 ], [ 130.6976232, 32.9893969 ], [ 130.6966054, 32.9905514 ], [ 130.6964398, 32.9907371 ], [ 130.6959199, 32.9913185 ], [ 130.6956155, 32.991669 ], [ 130.6950243, 32.9923499 ], [ 130.6949928, 32.9923862 ], [ 130.6935839, 32.9940106 ], [ 130.6922492, 32.995548 ], [ 130.6918304, 32.9960299 ], [ 130.691669, 32.9961818 ], [ 130.6912021, 32.9966215 ], [ 130.6907932, 32.9970287 ], [ 130.6901339, 32.9976773 ], [ 130.6883218, 32.9995015 ], [ 130.6882745, 32.9995463 ], [ 130.6877919, 33.0000024 ], [ 130.687654, 33.0001327 ], [ 130.687506, 33.0003063 ], [ 130.6873465, 33.0004932 ], [ 130.6870951, 33.0008221 ], [ 130.6867115, 33.0015979 ], [ 130.686451, 33.0022685 ], [ 130.6863914, 33.0024538 ], [ 130.6863467, 33.0025928 ], [ 130.6861426, 33.0032192 ], [ 130.686081, 33.0034577 ], [ 130.6860548, 33.0035409 ], [ 130.6858898, 33.0040799 ], [ 130.6857868, 33.0044496 ], [ 130.6857132, 33.004889 ], [ 130.6856329, 33.0055935 ], [ 130.6856263, 33.006101 ], [ 130.6856396, 33.0063038 ], [ 130.6856774, 33.0072784 ], [ 130.6857004, 33.0077184 ], [ 130.6857307, 33.0082751 ], [ 130.6857332, 33.0083357 ], [ 130.6857528, 33.0088092 ], [ 130.6857623, 33.0090568 ], [ 130.6857932, 33.0097304 ], [ 130.6858265, 33.0103279 ], [ 130.6858332, 33.0106152 ], [ 130.6858379, 33.0108165 ], [ 130.6858199, 33.011359 ], [ 130.6858065, 33.0115338 ], [ 130.6857865, 33.0116412 ], [ 130.6857463, 33.0119113 ], [ 130.6857196, 33.0120465 ], [ 130.6856527, 33.012289 ], [ 130.6854854, 33.0127965 ], [ 130.6851911, 33.0136582 ], [ 130.6851243, 33.0138952 ], [ 130.6850597, 33.0140851 ], [ 130.6850317, 33.0141715 ], [ 130.684893, 33.0145993 ], [ 130.6847233, 33.0151291 ], [ 130.6844587, 33.0159295 ], [ 130.6842613, 33.016544 ], [ 130.6842222, 33.016669 ], [ 130.6840266, 33.0172955 ], [ 130.6839656, 33.0174907 ], [ 130.6836995, 33.0182739 ], [ 130.6835588, 33.0187307 ], [ 130.6835188, 33.0189393 ], [ 130.6834492, 33.0192481 ], [ 130.6833449, 33.0197114 ], [ 130.6833008, 33.0200451 ], [ 130.6832025, 33.0207219 ], [ 130.6830704, 33.0217179 ], [ 130.6829235, 33.022763 ], [ 130.6828296, 33.023431 ], [ 130.6827165, 33.0242223 ], [ 130.6826074, 33.0250024 ], [ 130.6825354, 33.0255165 ], [ 130.6825152, 33.0256235 ], [ 130.6824215, 33.0263335 ], [ 130.6824015, 33.0264629 ], [ 130.6823615, 33.0267563 ], [ 130.6823493, 33.0268724 ], [ 130.6823346, 33.0270604 ], [ 130.6823296, 33.027204 ], [ 130.6823233, 33.0273011 ], [ 130.682221, 33.0283907 ], [ 130.6822143, 33.0285654 ], [ 130.6821675, 33.0289868 ], [ 130.6821686, 33.0290783 ], [ 130.6821948, 33.0311506 ], [ 130.6822143, 33.0322627 ], [ 130.6822277, 33.0326346 ], [ 130.682234, 33.0332683 ], [ 130.6822407, 33.0336264 ], [ 130.6822407, 33.0340045 ], [ 130.6822607, 33.0350524 ], [ 130.682254, 33.0353792 ], [ 130.6822607, 33.0355542 ], [ 130.6822474, 33.0361232 ], [ 130.6822474, 33.0372332 ], [ 130.682234, 33.0376446 ], [ 130.682234, 33.037962 ], [ 130.6822206, 33.0394623 ], [ 130.6822267, 33.041669 ], [ 130.6822274, 33.0418774 ], [ 130.6822474, 33.042751 ], [ 130.682281, 33.0429596 ], [ 130.682361, 33.0432524 ], [ 130.6825013, 33.0436243 ], [ 130.6833107, 33.0452418 ], [ 130.6833357, 33.0452863 ], [ 130.683371, 33.045349 ], [ 130.6834313, 33.0454899 ], [ 130.6836721, 33.0459521 ], [ 130.683866, 33.0462621 ], [ 130.6840399, 33.0464929 ], [ 130.6842004, 33.046679 ], [ 130.6842756, 33.0467508 ], [ 130.684421, 33.0468988 ], [ 130.6847354, 33.0471807 ], [ 130.6848557, 33.0472596 ], [ 130.6852035, 33.0474285 ], [ 130.6852737, 33.0474555 ], [ 130.6854913, 33.0475468 ], [ 130.6859193, 33.0477049 ], [ 130.6864077, 33.0478627 ], [ 130.6865082, 33.0479076 ], [ 130.6868519, 33.0480781 ], [ 130.6871102, 33.0482063 ], [ 130.687384, 33.0483699 ], [ 130.6875046, 33.0484713 ], [ 130.6876785, 33.0486854 ], [ 130.6877178, 33.0487617 ], [ 130.6877454, 33.0488152 ], [ 130.6878657, 33.0491138 ], [ 130.6879193, 33.0493457 ], [ 130.6879193, 33.0497563 ], [ 130.687893, 33.0499184 ], [ 130.6878674, 33.0500024 ], [ 130.6876456, 33.0507305 ], [ 130.6873874, 33.0514984 ], [ 130.6873379, 33.051661 ], [ 130.6873021, 33.0517621 ], [ 130.6872704, 33.051881 ], [ 130.6872704, 33.0522474 ], [ 130.6872971, 33.052439 ], [ 130.687344, 33.0525854 ], [ 130.6874377, 33.0528054 ], [ 130.6875782, 33.0530476 ], [ 130.6876784, 33.0531659 ], [ 130.6879328, 33.0534139 ], [ 130.6881096, 33.0535617 ], [ 130.6882868, 33.0537013 ], [ 130.6885479, 33.0538421 ], [ 130.6887285, 33.0539604 ], [ 130.688842, 33.0540562 ], [ 130.689189, 33.0544037 ], [ 130.6893222, 33.0545562 ], [ 130.6896449, 33.0549188 ], [ 130.6898457, 33.0551838 ], [ 130.689963, 33.0554072 ], [ 130.6900796, 33.0556288 ], [ 130.6903204, 33.056091 ], [ 130.6903474, 33.0561643 ], [ 130.6906879, 33.0568343 ], [ 130.6907439, 33.0569443 ], [ 130.6908488, 33.0571504 ], [ 130.690929, 33.0573026 ], [ 130.6912859, 33.0580378 ], [ 130.6913371, 33.0581313 ], [ 130.6914398, 33.0583357 ], [ 130.691669, 33.0587923 ], [ 130.6917215, 33.0588968 ], [ 130.692581, 33.0606277 ], [ 130.6926077, 33.060656 ], [ 130.6927841, 33.0610189 ], [ 130.6928352, 33.0611293 ], [ 130.6931696, 33.0618001 ], [ 130.6932451, 33.061932 ], [ 130.6937048, 33.0628653 ], [ 130.6940724, 33.0635699 ], [ 130.6943668, 33.0641674 ], [ 130.694554, 33.0645338 ], [ 130.6949757, 33.0653732 ], [ 130.6951082, 33.065639 ], [ 130.695591, 33.0666077 ], [ 130.6956715, 33.0667998 ], [ 130.6957379, 33.0670529 ], [ 130.6957513, 33.0671488 ], [ 130.6957579, 33.0671882 ], [ 130.6957713, 33.0672954 ], [ 130.6957713, 33.0675096 ], [ 130.6957313, 33.067656 ], [ 130.695671, 33.0677968 ], [ 130.695604, 33.0679096 ], [ 130.6953387, 33.0682674 ], [ 130.6950212, 33.0685455 ], [ 130.69462, 33.0688633 ], [ 130.6943623, 33.0690711 ], [ 130.6942193, 33.0692196 ], [ 130.6941028, 33.0694083 ], [ 130.6938585, 33.0698032 ], [ 130.6935107, 33.0703668 ], [ 130.6934731, 33.0704239 ], [ 130.6933702, 33.070581 ], [ 130.6929085, 33.071319 ], [ 130.6928015, 33.0715557 ], [ 130.6927213, 33.0719843 ], [ 130.692614, 33.0724915 ], [ 130.6923665, 33.0736977 ], [ 130.6923529, 33.0737879 ], [ 130.6923329, 33.073861 ], [ 130.6922996, 33.0740243 ], [ 130.692266, 33.074199 ], [ 130.692266, 33.0743681 ], [ 130.692266, 33.0744094 ], [ 130.692266, 33.074434 ], [ 130.692266, 33.0744752 ], [ 130.6922899, 33.074654 ], [ 130.6922996, 33.0747571 ], [ 130.6923514, 33.0750024 ], [ 130.6923865, 33.0751685 ], [ 130.6925604, 33.0757659 ], [ 130.6926407, 33.0760251 ], [ 130.6927277, 33.0763238 ], [ 130.6929552, 33.0770679 ], [ 130.6931799, 33.0778201 ], [ 130.6936273, 33.0793115 ], [ 130.6938243, 33.0799815 ], [ 130.6940844, 33.0808516 ], [ 130.6942593, 33.0813679 ], [ 130.6946041, 33.0824495 ], [ 130.6948868, 33.0833096 ], [ 130.6948971, 33.0833437 ], [ 130.695023, 33.0837616 ], [ 130.6953261, 33.0847205 ], [ 130.6953896, 33.0849299 ], [ 130.6958608, 33.086396 ], [ 130.6959354, 33.0866827 ], [ 130.6961988, 33.0874888 ], [ 130.6962254, 33.0876124 ], [ 130.6963527, 33.0879674 ], [ 130.6964327, 33.0882091 ], [ 130.6965065, 33.0884579 ], [ 130.6965268, 33.088486 ], [ 130.6965735, 33.0886496 ], [ 130.6966474, 33.0888693 ], [ 130.6968815, 33.0896021 ], [ 130.6971027, 33.0901827 ], [ 130.6972499, 33.0905824 ], [ 130.6972565, 33.0906218 ], [ 130.6973035, 33.0907402 ], [ 130.6973138, 33.0907888 ], [ 130.6973525, 33.0909395 ], [ 130.6973501, 33.0910429 ], [ 130.6973449, 33.0912271 ], [ 130.6973168, 33.0913546 ], [ 130.6972565, 33.0915182 ], [ 130.6971564, 33.0917059 ], [ 130.697049, 33.0919071 ], [ 130.6968682, 33.0921832 ], [ 130.6962007, 33.093216 ], [ 130.6961443, 33.0933363 ], [ 130.6961149, 33.0935063 ], [ 130.6961252, 33.0936315 ], [ 130.6961718, 33.0937779 ], [ 130.6963527, 33.0941049 ], [ 130.6965602, 33.094319 ], [ 130.6970355, 33.0947699 ], [ 130.6973077, 33.094981 ], [ 130.6977073, 33.0952981 ], [ 130.6977939, 33.0953762 ], [ 130.6978201, 33.0953925 ], [ 130.6982674, 33.0957282 ], [ 130.6984415, 33.0959254 ], [ 130.6985687, 33.0961617 ], [ 130.6986557, 33.096359 ], [ 130.6987227, 33.0966127 ], [ 130.6987427, 33.0967874 ], [ 130.6987696, 33.0972665 ], [ 130.6987763, 33.097526 ], [ 130.6987896, 33.0975991 ], [ 130.6987963, 33.0977682 ], [ 130.6988299, 33.0979879 ], [ 130.6988832, 33.0985682 ], [ 130.6989168, 33.0987882 ], [ 130.6989335, 33.0989543 ], [ 130.6990307, 33.0993857 ], [ 130.6991886, 33.0998077 ], [ 130.6992628, 33.1000024 ], [ 130.6996463, 33.1011497 ], [ 130.6998674, 33.1017243 ], [ 130.7000024, 33.1020437 ], [ 130.7001082, 33.102294 ], [ 130.7001411, 33.1024009 ], [ 130.7001704, 33.1025185 ], [ 130.7001988, 33.1026526 ], [ 130.7002079, 33.1027793 ], [ 130.7002185, 33.1031102 ], [ 130.7002024, 33.1033954 ], [ 130.700093, 33.1035507 ], [ 130.6999677, 33.1036574 ], [ 130.6998204, 33.1037363 ], [ 130.6996397, 33.1038151 ], [ 130.6992043, 33.1039618 ], [ 130.6987836, 33.1040698 ], [ 130.6986554, 33.1041027 ], [ 130.6981799, 33.1041815 ], [ 130.6979656, 33.1042096 ], [ 130.6976782, 33.1042549 ], [ 130.6971424, 33.1043507 ], [ 130.6967877, 33.1044521 ], [ 130.6964393, 33.1045704 ], [ 130.6961179, 33.1047396 ], [ 130.6960243, 33.1048185 ], [ 130.6958568, 33.1049876 ], [ 130.695281, 33.1055115 ], [ 130.6949329, 33.1058551 ], [ 130.6948057, 33.1060018 ], [ 130.6941832, 33.1066835 ], [ 130.6940882, 33.1067927 ], [ 130.6940357, 33.1068529 ], [ 130.6938013, 33.1070949 ], [ 130.6936548, 33.1072993 ], [ 130.6933729, 33.1077377 ], [ 130.6931921, 33.1080193 ], [ 130.693015, 33.1082877 ], [ 130.6929155, 33.1084385 ], [ 130.6928376, 33.1085201 ], [ 130.6926802, 33.1086475 ], [ 130.6926363, 33.1086843 ], [ 130.6925224, 33.1087407 ], [ 130.692491, 33.1087513 ], [ 130.6921681, 33.1089175 ], [ 130.691669, 33.1091474 ], [ 130.6914567, 33.1092452 ], [ 130.6910282, 33.1095143 ], [ 130.6908979, 33.1095961 ], [ 130.6906276, 33.1097327 ], [ 130.6904071, 33.1098904 ], [ 130.6902196, 33.1101215 ], [ 130.6899985, 33.110516 ], [ 130.6899058, 33.1106935 ], [ 130.6898043, 33.1108879 ], [ 130.6896034, 33.1112991 ], [ 130.6894696, 33.1116149 ], [ 130.689429, 33.1118357 ], [ 130.689369, 33.1120771 ], [ 130.6893224, 33.1123588 ], [ 130.6890613, 33.1135818 ], [ 130.6889237, 33.1141127 ], [ 130.6887621, 33.1146874 ], [ 130.688646, 33.1151767 ], [ 130.6885857, 33.1153457 ], [ 130.6884988, 33.1155374 ], [ 130.6883849, 33.115701 ], [ 130.6882243, 33.1158588 ], [ 130.6880971, 33.1159432 ], [ 130.6879838, 33.1159822 ], [ 130.687836, 33.1160049 ], [ 130.6875612, 33.1160107 ], [ 130.6873738, 33.115971 ], [ 130.686896, 33.1157908 ], [ 130.6865231, 33.1156398 ], [ 130.685526, 33.1153682 ], [ 130.6854185, 33.1153401 ], [ 130.6851435, 33.1152721 ], [ 130.6847628, 33.1151599 ], [ 130.6842671, 33.1150301 ], [ 130.6841466, 33.1150132 ], [ 130.6840127, 33.1149793 ], [ 130.6838521, 33.1149682 ], [ 130.6835578, 33.1149005 ], [ 130.6832931, 33.1148479 ], [ 130.6828479, 33.1147596 ], [ 130.6825935, 33.1146977 ], [ 130.682406, 33.1146638 ], [ 130.6823057, 33.1146638 ], [ 130.6819241, 33.1146413 ], [ 130.6815154, 33.1146468 ], [ 130.6813212, 33.1146752 ], [ 130.6811807, 33.1147146 ], [ 130.6805579, 33.1149738 ], [ 130.6801689, 33.1151551 ], [ 130.6797277, 33.1153679 ], [ 130.6795722, 33.1154348 ], [ 130.6787102, 33.1158076 ], [ 130.6784891, 33.115909 ], [ 130.6783689, 33.1159543 ], [ 130.6778236, 33.116195 ], [ 130.6772449, 33.1164536 ], [ 130.6771904, 33.1164841 ], [ 130.6768411, 33.1166448 ], [ 130.6767618, 33.1166813 ], [ 130.6764741, 33.1167996 ], [ 130.6763468, 33.116839 ], [ 130.6760054, 33.1169293 ], [ 130.6758446, 33.1169463 ], [ 130.6749158, 33.1169749 ], [ 130.6745657, 33.1169857 ], [ 130.674174, 33.1169969 ], [ 130.6739296, 33.1170027 ], [ 130.673367, 33.1170363 ], [ 130.6732668, 33.1170421 ], [ 130.672919, 33.1169968 ], [ 130.6726779, 33.1169518 ], [ 130.6723029, 33.116839 ], [ 130.6718623, 33.1165453 ], [ 130.6717865, 33.1164947 ], [ 130.6716186, 33.1163882 ], [ 130.6708299, 33.1156893 ], [ 130.6704013, 33.115351 ], [ 130.6701135, 33.1151426 ], [ 130.6695559, 33.1148144 ], [ 130.6690693, 33.1145282 ], [ 130.6688215, 33.1143815 ], [ 130.6684436, 33.1141489 ], [ 130.668152, 33.1139703 ], [ 130.6679576, 33.1138407 ], [ 130.667722, 33.1137046 ], [ 130.6675227, 33.1135927 ], [ 130.66734, 33.1135001 ], [ 130.6668663, 33.1132604 ], [ 130.6667154, 33.1131756 ], [ 130.6666001, 33.1131108 ], [ 130.666264, 33.1129221 ], [ 130.6660096, 33.1128038 ], [ 130.6655343, 33.1125896 ], [ 130.6651291, 33.112479 ], [ 130.6643025, 33.1123585 ], [ 130.6642019, 33.1123415 ], [ 130.663981, 33.112319 ], [ 130.6636527, 33.1122796 ], [ 130.6635257, 33.112274 ], [ 130.6626218, 33.1121782 ], [ 130.6621532, 33.1121557 ], [ 130.6615038, 33.1121557 ], [ 130.6613096, 33.1121782 ], [ 130.6612627, 33.1121952 ], [ 130.6610355, 33.1122345 ], [ 130.6608344, 33.1122682 ], [ 130.6604925, 33.1123469 ], [ 130.660111, 33.1124426 ], [ 130.6593582, 33.1126931 ], [ 130.6590311, 33.1128082 ], [ 130.6586985, 33.1128993 ], [ 130.6575761, 33.1131832 ], [ 130.6571078, 33.1132613 ], [ 130.6568204, 33.1132746 ], [ 130.6564606, 33.1132384 ], [ 130.6561009, 33.1131832 ], [ 130.6557544, 33.1131128 ], [ 130.6554551, 33.1130514 ], [ 130.6549269, 33.112994 ], [ 130.6544747, 33.1129884 ] ] } },
{ "type": "Feature", "properties": { "N12_001": "43", "N12_002": 1, "N12_003": 3, "N12_004": "一般国道3号", "N12_005": 24, "N12_006": 2 }, "geometry": { "type": "LineString", "coordinates": [ [ 130.7093593, 32.8606124 ], [ 130.7100856, 32.8603491 ], [ 130.7109232, 32.8600738 ], [ 130.7117023, 32.8597779 ], [ 130.7130439, 32.8593504 ], [ 130.7135369, 32.8591655 ], [ 130.7145668, 32.8588511 ], [ 130.7154872, 32.8586384 ], [ 130.716791, 32.8583795 ], [ 130.7177552, 32.8582315 ], [ 130.7187741, 32.8580928 ], [ 130.7198588, 32.8580373 ], [ 130.7211846, 32.8579818 ], [ 130.7226418, 32.8579541 ], [ 130.7240333, 32.8578801 ], [ 130.7256841, 32.8577352 ], [ 130.7263269, 32.8576489 ], [ 130.7271888, 32.8574208 ], [ 130.7279584, 32.8571508 ], [ 130.7284013, 32.8569955 ], [ 130.7291244, 32.8566317 ], [ 130.7313412, 32.8550603 ], [ 130.7335762, 32.8533819 ], [ 130.7352853, 32.8521752 ], [ 130.7368301, 32.8510239 ], [ 130.7383254, 32.8499835 ], [ 130.7407411, 32.8482774 ], [ 130.7423515, 32.8472371 ], [ 130.7443399, 32.8459748 ], [ 130.745671, 32.8450177 ], [ 130.7471499, 32.8440412 ], [ 130.7481193, 32.8433338 ], [ 130.7489573, 32.8427096 ], [ 130.7497131, 32.8422241 ], [ 130.7502225, 32.8416138 ], [ 130.7506826, 32.8410867 ], [ 130.7511262, 32.8404347 ], [ 130.7513399, 32.8396996 ], [ 130.7515206, 32.8389505 ], [ 130.7513891, 32.8382709 ], [ 130.7512413, 32.837508 ], [ 130.7509126, 32.8368976 ], [ 130.7503868, 32.8362041 ], [ 130.7498446, 32.8356631 ], [ 130.7490066, 32.8348752 ], [ 130.7481687, 32.8341262 ], [ 130.7475115, 32.8335297 ], [ 130.7471336, 32.8330443 ], [ 130.7468214, 32.832531 ], [ 130.7466571, 32.8319068 ], [ 130.7466571, 32.8311439 ], [ 130.7467392, 32.830492 ], [ 130.7471336, 32.8295488 ], [ 130.7477251, 32.8284391 ], [ 130.7480044, 32.8278426 ], [ 130.7488915, 32.8263445 ], [ 130.7494337, 32.8253042 ], [ 130.749828, 32.8245136 ], [ 130.7501237, 32.8238616 ], [ 130.750403, 32.8231958 ], [ 130.7506823, 32.8224468 ], [ 130.750978, 32.8210125 ], [ 130.7511258, 32.8199444 ], [ 130.751208, 32.8189596 ], [ 130.7511094, 32.8179054 ], [ 130.750717, 32.8161746 ], [ 130.7506064, 32.8154874 ] ] } },
{ "type": "Feature", "properties": { "N12_001": "43", "N12_002": 2, "N12_003": 4, "N12_004": "熊本県道・福岡県道南関大牟田北線", "N12_005": 25, "N12_006": 1 }, "geometry": { "type": "LineString", "coordinates": [ [ 130.548288, 33.0660347 ], [ 130.5481369, 33.0663877 ], [ 130.5480171, 33.0666667 ], [ 130.5477072, 33.0673667 ], [ 130.5476136, 33.0674681 ], [ 130.5474597, 33.0675864 ], [ 130.547085, 33.0677894 ], [ 130.5466164, 33.0679643 ], [ 130.5458703, 33.0682097 ], [ 130.5453512, 33.068348 ], [ 130.5450049, 33.0684095 ], [ 130.5447039, 33.0684208 ], [ 130.5444564, 33.0683981 ], [ 130.5442694, 33.0683587 ], [ 130.5439078, 33.0682797 ], [ 130.5436869, 33.0682572 ], [ 130.5436136, 33.0682572 ], [ 130.5434664, 33.0682742 ], [ 130.5433233, 33.0682838 ], [ 130.5431085, 33.0683315 ], [ 130.5427125, 33.0684936 ], [ 130.5423021, 33.0686939 ], [ 130.5418917, 33.0689609 ], [ 130.5414375, 33.0693108 ], [ 130.5412666, 33.0694426 ], [ 130.5404553, 33.07001 ], [ 130.5401785, 33.0701102 ], [ 130.5397968, 33.0702151 ], [ 130.5389073, 33.0701862 ], [ 130.5380156, 33.070117 ], [ 130.5356732, 33.0700517 ], [ 130.5348578, 33.0700214 ], [ 130.5344897, 33.0700325 ], [ 130.5341153, 33.070083 ], [ 130.5338811, 33.0701789 ], [ 130.5336802, 33.0702859 ], [ 130.5335021, 33.0704277 ], [ 130.533325, 33.0706131 ] ] } },
{ "type": "Feature", "properties": { "N12_001": "43", "N12_002": 2, "N12_003": 6, "N12_004": "熊本県道玉名八女線", "N12_005": 26, "N12_006": 1 }, "geometry": { "type": "LineString", "coordinates": [ [ 130.5599107, 32.9287884 ], [ 130.559488, 32.9299563 ], [ 130.5594494, 32.9303182 ], [ 130.5593999, 32.9309816 ], [ 130.5594164, 32.9317702 ], [ 130.5595636, 32.9332628 ], [ 130.5600669, 32.9332628 ], [ 130.5601247, 32.9343066 ], [ 130.5601907, 32.9347867 ], [ 130.56069, 32.9360149 ], [ 130.5614161, 32.9369613 ], [ 130.5615316, 32.9373231 ], [ 130.5617462, 32.9389514 ], [ 130.562328, 32.9409242 ], [ 130.5626911, 32.9415829 ] ] } },
{ "type": "Feature", "properties": { "N12_001": "43", "N12_002": 2, "N12_003": 4, "N12_004": "大分県道・熊本県道別府一の宮線", "N12_005": 27, "N12_006": 1 }, "geometry": { "type": "LineString", "coordinates": [ [ 131.1174561, 32.9378575 ], [ 131.1175031, 32.9390858 ], [ 131.1175164, 32.9396884 ], [ 131.1175164, 32.9416051 ], [ 131.1175764, 32.9423714 ], [ 131.1177097, 32.9437745 ], [ 131.1179036, 32.9460231 ], [ 131.1176964, 32.9477922 ], [ 131.1177167, 32.9479266 ], [ 131.1181175, 32.9487447 ], [ 131.1183781, 32.9490998 ], [ 131.1187757, 32.9495363 ], [ 131.1194672, 32.9502495 ], [ 131.1196275, 32.9503622 ], [ 131.1199682, 32.9505649 ], [ 131.1212711, 32.9512636 ], [ 131.1214472, 32.9513532 ] ] } },
{ "type": "Feature", "properties": { "N12_001": "43", "N12_002": 2, "N12_003": 4, "N12_004": "熊本県道八代鏡宇土線", "N12_005": 28, "N12_006": 1 }, "geometry": { "type": "LineString", "coordinates": [ [ 130.6113618, 32.5033171 ], [ 130.6116851, 32.5048109 ], [ 130.6118514, 32.5056054 ], [ 130.6119309, 32.5058648 ], [ 130.6120483, 32.5061544 ], [ 130.6127784, 32.5077159 ] ] } },
{ "type": "Feature", "properties": { "N12_001": "43", "N12_002": 2, "N12_003": 4, "N12_004": "熊本県道玉名山鹿線", "N12_005": 29, "N12_006": 1 }, "geometry": { "type": "LineString", "coordinates": [ [ 130.5634445, 32.927523 ], [ 130.5642005, 32.9282412 ], [ 130.5653386, 32.9292634 ], [ 130.5666557, 32.9302985 ], [ 130.5678329, 32.9312436 ], [ 130.5682803, 32.9316319 ], [ 130.5694694, 32.9326522 ], [ 130.5703671, 32.9334332 ], [ 130.5705656, 32.9336103 ], [ 130.5706256, 32.9337681 ], [ 130.5707861, 32.9340105 ], [ 130.5709664, 32.9341797 ], [ 130.5711603, 32.9343206 ], [ 130.5713875, 32.9344445 ], [ 130.5720089, 32.9346475 ], [ 130.5726038, 32.9348956 ], [ 130.5728306, 32.9349818 ], [ 130.5732383, 32.9350417 ], [ 130.5740259, 32.9350607 ] ] } },
{ "type": "Feature", "properties": { "N12_001": "43", "N12_002": 2, "N12_003": 4, "N12_004": "熊本県道玉名山鹿線", "N12_005": 29, "N12_006": 2 }, "geometry": { "type": "LineString", "coordinates": [ [ 130.6046372, 32.9757638 ], [ 130.6049444, 32.9764628 ], [ 130.6051253, 32.9770208 ], [ 130.6053789, 32.9779786 ], [ 130.6058667, 32.9804249 ], [ 130.6059608, 32.9813155 ], [ 130.6060003, 32.9814619 ], [ 130.6063475, 32.9821667 ], [ 130.6066214, 32.9827133 ], [ 130.6068841, 32.9831675 ], [ 130.6069584, 32.9832861 ], [ 130.6080241, 32.9846391 ], [ 130.6086863, 32.9853791 ], [ 130.6088867, 32.9856722 ], [ 130.6090062, 32.98593 ], [ 130.6090568, 32.9861206 ], [ 130.6090872, 32.9864333 ], [ 130.6090806, 32.98676 ], [ 130.6090539, 32.9869458 ], [ 130.6089536, 32.9872786 ], [ 130.6087797, 32.9877294 ], [ 130.608644, 32.9879822 ], [ 130.6084256, 32.9882875 ], [ 130.608024, 32.9887871 ], [ 130.6078805, 32.9889217 ] ] } },
{ "type": "Feature", "properties": { "N12_001": "43", "N12_002": 2, "N12_003": 4, "N12_004": "熊本県道熊本高森線", "N12_005": 30, "N12_006": 1 }, "geometry": { "type": "LineString", "coordinates": [ [ 130.8179036, 32.7898565 ], [ 130.8184482, 32.7899932 ], [ 130.818998, 32.7901062 ], [ 130.8201935, 32.7902998 ], [ 130.8206916, 32.7903087 ], [ 130.8211102, 32.7902653 ] ] } },
{ "type": "Feature", "properties": { "N12_001": "43", "N12_002": 2, "N12_003": 4, "N12_004": "熊本県道熊本高森線", "N12_005": 30, "N12_006": 2 }, "geometry": { "type": "LineString", "coordinates": [ [ 130.7026592, 32.8012389 ], [ 130.7034832, 32.8016387 ], [ 130.7046218, 32.8015677 ], [ 130.7056952, 32.8013446 ], [ 130.7069858, 32.8027917 ], [ 130.7081919, 32.80407 ], [ 130.7083527, 32.804218 ], [ 130.7089714, 32.8038461 ], [ 130.7094699, 32.8034613 ], [ 130.7100586, 32.8030647 ], [ 130.7118485, 32.8025442 ], [ 130.7130846, 32.8022139 ] ] } },
{ "type": "Feature", "properties": { "N12_001": "43", "N12_002": 2, "N12_003": 4, "N12_004": "熊本県道熊本高森線", "N12_005": 30, "N12_006": 3 }, "geometry": { "type": "LineString", "coordinates": [ [ 130.9034875, 32.8351255 ], [ 130.90349, 32.8353272 ], [ 130.9034364, 32.835607 ], [ 130.9031031, 32.8367053 ], [ 130.9028115, 32.8374814 ], [ 130.9026905, 32.8378475 ], [ 130.9029678, 32.837862 ], [ 130.9037717, 32.8379847 ], [ 130.9049595, 32.8383037 ], [ 130.9072494, 32.8390319 ], [ 130.9083333, 32.8393503 ], [ 130.9088095, 32.8394636 ], [ 130.9092589, 32.8394445 ], [ 130.9095864, 32.8393944 ], [ 130.9099528, 32.8393203 ], [ 130.9102733, 32.8392303 ], [ 130.9107272, 32.8390836 ], [ 130.9110527, 32.8389942 ], [ 130.9116565, 32.8388971 ], [ 130.9119689, 32.8389033 ], [ 130.9122961, 32.8389483 ], [ 130.9138981, 32.8393486 ], [ 130.9143524, 32.8394557 ], [ 130.9162416, 32.8398842 ], [ 130.9166021, 32.8399351 ], [ 130.9171622, 32.8400025 ], [ 130.9174561, 32.8400647 ], [ 130.9176564, 32.8401267 ], [ 130.9178633, 32.8402281 ], [ 130.9180703, 32.8403464 ], [ 130.9187111, 32.8407914 ], [ 130.9189888, 32.8409495 ], [ 130.9198926, 32.8413326 ], [ 130.9205998, 32.8416649 ], [ 130.9208272, 32.8417945 ], [ 130.9212878, 32.8421158 ], [ 130.9217101, 32.8424782 ], [ 130.9221286, 32.8428992 ], [ 130.9223889, 32.8431247 ], [ 130.9225692, 32.8432261 ], [ 130.9227294, 32.8432825 ], [ 130.9229364, 32.8433219 ], [ 130.9233637, 32.8433725 ], [ 130.9241447, 32.8434458 ], [ 130.9245053, 32.8434458 ], [ 130.9246789, 32.8433953 ], [ 130.925, 32.843208 ], [ 130.9252394, 32.8430683 ], [ 130.9256264, 32.8428656 ], [ 130.9260269, 32.8427136 ], [ 130.9263875, 32.842612 ], [ 130.9271687, 32.8424372 ], [ 130.9275892, 32.8423867 ], [ 130.927762, 32.8423294 ], [ 130.927999, 32.8422086 ], [ 130.9282569, 32.8420428 ], [ 130.9285503, 32.8419189 ], [ 130.9288375, 32.8418736 ], [ 130.9292447, 32.8418681 ], [ 130.9298186, 32.8418906 ], [ 130.9300122, 32.8418736 ], [ 130.9308603, 32.8416933 ], [ 130.9318897, 32.8413972 ], [ 130.9324286, 32.8413161 ], [ 130.9327186, 32.8413153 ], [ 130.9328561, 32.8413442 ], [ 130.9331231, 32.8414456 ], [ 130.9336639, 32.8416767 ], [ 130.9337906, 32.8417161 ], [ 130.9341378, 32.84175 ], [ 130.9356262, 32.84175 ], [ 130.9361127, 32.8417641 ], [ 130.9361936, 32.8417725 ], [ 130.9364608, 32.8418403 ], [ 130.9366678, 32.8419361 ], [ 130.9381075, 32.842827 ], [ 130.9392508, 32.843587 ], [ 130.9395581, 32.8438406 ], [ 130.9397717, 32.8440606 ], [ 130.9399917, 32.8443481 ], [ 130.9400786, 32.8445 ], [ 130.9401786, 32.844765 ], [ 130.9402386, 32.8451256 ], [ 130.9403389, 32.8456497 ], [ 130.9404056, 32.8458753 ], [ 130.9405348, 32.8461471 ], [ 130.9406729, 32.8462807 ], [ 130.9410867, 32.8466192 ], [ 130.9419742, 32.8472111 ], [ 130.9428889, 32.847825 ], [ 130.9432894, 32.8481125 ], [ 130.9434964, 32.8482703 ], [ 130.9436564, 32.8484225 ], [ 130.94377, 32.8485747 ], [ 130.9440103, 32.8490086 ], [ 130.9446508, 32.8502542 ], [ 130.9451717, 32.8512236 ], [ 130.9453453, 32.8514772 ], [ 130.9455256, 32.8516856 ], [ 130.9456589, 32.8518267 ], [ 130.9462197, 32.8522884 ], [ 130.9468139, 32.8527283 ], [ 130.9477083, 32.8533367 ], [ 130.9486368, 32.8539226 ], [ 130.9490967, 32.8542047 ], [ 130.9496439, 32.8544922 ], [ 130.9500644, 32.8546781 ], [ 130.950425, 32.8547964 ], [ 130.9515131, 32.8548753 ], [ 130.9518467, 32.8549036 ], [ 130.9519736, 32.8549317 ], [ 130.9521339, 32.8549881 ], [ 130.9522781, 32.855066 ], [ 130.9530556, 32.8558171 ], [ 130.9532511, 32.8561972 ], [ 130.953304, 32.8562753 ], [ 130.9538426, 32.8572168 ], [ 130.9538896, 32.8573661 ], [ 130.9539157, 32.8575199 ], [ 130.9539144, 32.8577611 ], [ 130.9539194, 32.8579932 ], [ 130.9538649, 32.8582476 ], [ 130.9538263, 32.8583333 ], [ 130.9537357, 32.8584861 ], [ 130.9536261, 32.8586486 ], [ 130.9521472, 32.8607392 ], [ 130.9518106, 32.861284 ], [ 130.9515585, 32.861757 ], [ 130.951532, 32.8620095 ], [ 130.9515496, 32.862461 ], [ 130.9515943, 32.8627118 ], [ 130.9516672, 32.8630054 ], [ 130.9517294, 32.8631564 ], [ 130.9518294, 32.8633324 ], [ 130.95193, 32.8634654 ], [ 130.9521652, 32.863705 ], [ 130.9524591, 32.8639577 ], [ 130.9526049, 32.8640585 ], [ 130.9528178, 32.864177 ], [ 130.953021, 32.8642791 ], [ 130.9531785, 32.8643345 ], [ 130.9533966, 32.8643713 ], [ 130.9536489, 32.8644163 ], [ 130.9540272, 32.8644689 ], [ 130.9541661, 32.8644718 ], [ 130.9544321, 32.8644592 ], [ 130.954586, 32.8644426 ], [ 130.954886, 32.8643889 ], [ 130.9552267, 32.8643138 ], [ 130.9558715, 32.8641525 ], [ 130.956751, 32.8638619 ], [ 130.9570566, 32.8637442 ], [ 130.9572056, 32.8636841 ], [ 130.9574087, 32.8636242 ], [ 130.9576978, 32.8635588 ], [ 130.9580196, 32.8634973 ], [ 130.9583275, 32.8634575 ], [ 130.9585124, 32.8634432 ], [ 130.9588086, 32.863434 ], [ 130.9591742, 32.8634271 ], [ 130.9605793, 32.8634715 ], [ 130.9614747, 32.8635017 ], [ 130.9616013, 32.8634858 ], [ 130.9619658, 32.8634273 ], [ 130.9621581, 32.8633612 ], [ 130.9623397, 32.863271 ], [ 130.9624711, 32.8631899 ], [ 130.9626347, 32.8630665 ], [ 130.962779, 32.8629395 ], [ 130.9629644, 32.8627177 ], [ 130.9630574, 32.86256 ], [ 130.9631776, 32.8623614 ], [ 130.9634568, 32.8617788 ], [ 130.9638216, 32.8610829 ], [ 130.9640414, 32.8607962 ], [ 130.9642814, 32.8605635 ], [ 130.964628, 32.860343 ], [ 130.9647846, 32.8602798 ], [ 130.9650669, 32.8601628 ], [ 130.9653014, 32.860075 ], [ 130.9655445, 32.8599964 ], [ 130.9658572, 32.8599251 ], [ 130.966235, 32.8598721 ], [ 130.9664379, 32.8598666 ], [ 130.9667029, 32.8598739 ], [ 130.9669035, 32.8598959 ], [ 130.9686548, 32.8600896 ], [ 130.976153, 32.860989 ], [ 130.9773906, 32.8611407 ], [ 130.9781914, 32.8611901 ], [ 130.9801134, 32.861264 ], [ 130.9811569, 32.8612739 ], [ 130.9819733, 32.8612271 ], [ 130.9827853, 32.8611162 ], [ 130.9830183, 32.8610662 ], [ 130.9834308, 32.8609777 ], [ 130.9839091, 32.86084 ], [ 130.984443, 32.8606423 ], [ 130.9849983, 32.8603905 ], [ 130.9856389, 32.8599591 ], [ 130.9860537, 32.8596552 ], [ 130.9865663, 32.8592057 ], [ 130.9869294, 32.8588101 ], [ 130.9872284, 32.8584685 ], [ 130.9875915, 32.857965 ], [ 130.9877463, 32.8576923 ], [ 130.9879546, 32.8571379 ], [ 130.9882876, 32.8563908 ], [ 130.9884236, 32.8560002 ], [ 130.9885327, 32.8555408 ], [ 130.9887241, 32.8545003 ], [ 130.9890455, 32.8527529 ], [ 130.9891734, 32.8519987 ], [ 130.9893443, 32.8515491 ], [ 130.989686, 32.8510457 ], [ 130.9901804, 32.8504889 ], [ 130.9905884, 32.85 ], [ 130.9911465, 32.8493312 ], [ 130.9916667, 32.848699 ], [ 130.9921418, 32.8481926 ], [ 130.9926804, 32.8473921 ], [ 130.9933638, 32.8461155 ], [ 130.9935826, 32.8456311 ], [ 130.9937427, 32.8454154 ], [ 130.9940418, 32.8451186 ], [ 130.9945292, 32.8447001 ], [ 130.9952433, 32.8441196 ], [ 130.9963583, 32.8432556 ], [ 130.9979806, 32.8424211 ], [ 130.9983208, 32.8422297 ], [ 130.9985344, 32.8420778 ], [ 130.9988417, 32.8417733 ], [ 131.0, 32.840462 ], [ 131.0017184, 32.8384491 ], [ 131.0029002, 32.8371187 ], [ 131.0033164, 32.8367072 ], [ 131.003805, 32.8363567 ], [ 131.0053164, 32.8352533 ], [ 131.0083333, 32.8327497 ], [ 131.0096644, 32.8317311 ], [ 131.010058, 32.8314664 ], [ 131.0102781, 32.8313592 ], [ 131.0115183, 32.8310211 ], [ 131.0119519, 32.8308861 ], [ 131.0123388, 32.8307284 ], [ 131.0129322, 32.8304408 ], [ 131.0132792, 32.8302886 ], [ 131.0135526, 32.8301928 ], [ 131.0139061, 32.8300914 ], [ 131.014426, 32.8299845 ], [ 131.0149801, 32.8298741 ], [ 131.0154264, 32.8297703 ], [ 131.01588, 32.8296236 ], [ 131.0166667, 32.8292913 ], [ 131.0185475, 32.8284967 ], [ 131.0196414, 32.8280514 ], [ 131.0198816, 32.8279388 ], [ 131.0200881, 32.8278092 ], [ 131.0222998, 32.826172 ], [ 131.0241026, 32.8248393 ], [ 131.0246831, 32.8244339 ], [ 131.0248297, 32.8243547 ], [ 131.024923, 32.8243211 ], [ 131.0254443, 32.8242009 ], [ 131.0265767, 32.8239717 ], [ 131.0269558, 32.8239379 ], [ 131.0273105, 32.8239264 ], [ 131.0275439, 32.8239433 ], [ 131.0279575, 32.8240111 ], [ 131.0283508, 32.8240111 ], [ 131.028685, 32.8239433 ], [ 131.0289178, 32.8238645 ], [ 131.0293117, 32.8236935 ], [ 131.0294215, 32.8236589 ] ] } },
{ "type": "Feature", "properties": { "N12_001": "43", "N12_002": 2, "N12_003": 4, "N12_004": "熊本県道大津植木線", "N12_005": 31, "N12_006": 1 }, "geometry": { "type": "LineString", "coordinates": [ [ 130.7636883, 32.9058722 ], [ 130.7640156, 32.9057764 ], [ 130.7642225, 32.905737 ], [ 130.7644091, 32.9057173 ], [ 130.7653824, 32.9056181 ], [ 130.7659742, 32.9055583 ], [ 130.7664789, 32.9055058 ], [ 130.7669531, 32.9054156 ], [ 130.7677928, 32.9052131 ], [ 130.7680856, 32.9051361 ], [ 130.7684421, 32.9050117 ], [ 130.7687555, 32.9048636 ], [ 130.7690761, 32.9046719 ], [ 130.7696369, 32.9042775 ], [ 130.7700571, 32.9039341 ], [ 130.7707583, 32.9034433 ], [ 130.7714165, 32.9030977 ], [ 130.7721968, 32.9027336 ], [ 130.7722875, 32.9026572 ], [ 130.7724607, 32.9024343 ], [ 130.7724987, 32.9023063 ], [ 130.7724917, 32.9021866 ], [ 130.7724558, 32.9020726 ], [ 130.7721467, 32.9016858 ], [ 130.7715971, 32.9010929 ], [ 130.7714369, 32.9009227 ], [ 130.7713186, 32.9007707 ], [ 130.7712244, 32.9005581 ], [ 130.7711863, 32.9004327 ], [ 130.7711521, 32.900231 ], [ 130.7711428, 32.9000476 ], [ 130.7711599, 32.8998458 ], [ 130.7711972, 32.8996703 ], [ 130.7712969, 32.8994198 ], [ 130.7714704, 32.8991428 ], [ 130.7717807, 32.8987961 ], [ 130.7729063, 32.8977107 ], [ 130.7730619, 32.897585 ], [ 130.7742103, 32.8968103 ], [ 130.7749314, 32.8963483 ], [ 130.7771747, 32.8949225 ], [ 130.7786031, 32.8940153 ], [ 130.7805306, 32.8927954 ], [ 130.7822954, 32.8916867 ], [ 130.7833333, 32.8910287 ], [ 130.7856733, 32.8895464 ], [ 130.7864747, 32.889045 ], [ 130.7869286, 32.888842 ], [ 130.7873895, 32.8887011 ], [ 130.7881169, 32.8885717 ], [ 130.7884706, 32.8885547 ], [ 130.7905233, 32.88846 ], [ 130.7909639, 32.888437 ], [ 130.7911909, 32.8884188 ] ] } },
{ "type": "Feature", "properties": { "N12_001": "43", "N12_002": 2, "N12_003": 4, "N12_004": "熊本県道熊本益城大津線", "N12_005": 4, "N12_006": 2 }, "geometry": { "type": "LineString", "coordinates": [ [ 130.785932, 32.7929443 ], [ 130.7848375, 32.7925273 ], [ 130.7829647, 32.7918495 ], [ 130.7809024, 32.7910836 ], [ 130.7801961, 32.7908222 ], [ 130.778551, 32.7902925 ], [ 130.7778393, 32.7900906 ], [ 130.7773206, 32.7899592 ], [ 130.7752575, 32.7895567 ], [ 130.7736671, 32.7892949 ], [ 130.7714675, 32.7889883 ], [ 130.7695915, 32.7887324 ], [ 130.764689, 32.7880747 ], [ 130.762252, 32.7877571 ], [ 130.7600476, 32.7874701 ], [ 130.7598733, 32.7883931 ], [ 130.7583198, 32.7883134 ], [ 130.7564908, 32.7882294 ], [ 130.7543109, 32.7881278 ], [ 130.7532845, 32.7880773 ], [ 130.7507025, 32.7879925 ], [ 130.7476611, 32.7878947 ], [ 130.7474653, 32.7878697 ], [ 130.7463348, 32.787849 ] ] } },
{ "type": "Feature", "properties": { "N12_001": "43", "N12_002": 2, "N12_003": 6, "N12_004": "熊本県道熊本菊鹿線", "N12_005": 32, "N12_006": 1 }, "geometry": { "type": "LineString", "coordinates": [ [ 130.727439, 32.856567 ], [ 130.7277424, 32.8563011 ], [ 130.7255217, 32.853097 ], [ 130.7254317, 32.8524004 ], [ 130.7246215, 32.8466761 ], [ 130.7243214, 32.8460936 ], [ 130.7235863, 32.8452957 ], [ 130.7234062, 32.8448905 ], [ 130.7227798, 32.8417338 ] ] } },
{ "type": "Feature", "properties": { "N12_001": "43", "N12_002": 2, "N12_003": 6, "N12_004": "熊本県道南小国波野線", "N12_005": 33, "N12_006": 1 }, "geometry": { "type": "LineString", "coordinates": [ [ 131.0665249, 33.0928504 ], [ 131.0668624, 33.0930066 ], [ 131.0668961, 33.0931735 ], [ 131.0669257, 33.0936778 ], [ 131.0671408, 33.0940382 ], [ 131.0677167, 33.0946348 ], [ 131.0681787, 33.0946508 ], [ 131.0685141, 33.0949438 ], [ 131.0686153, 33.0954552 ], [ 131.0688242, 33.0957375 ], [ 131.0703731, 33.0967589 ], [ 131.0710091, 33.0973821 ], [ 131.0715217, 33.0980613 ], [ 131.0719679, 33.0976139 ], [ 131.0753568, 33.095033 ], [ 131.0760877, 33.0945137 ], [ 131.0773075, 33.0929636 ], [ 131.0784181, 33.0913935 ], [ 131.0794291, 33.0899073 ], [ 131.0795003, 33.089368 ], [ 131.0796237, 33.0890004 ], [ 131.0800129, 33.0886488 ], [ 131.0813132, 33.0879857 ], [ 131.0832116, 33.0872745 ], [ 131.0840849, 33.0871387 ], [ 131.085072, 33.0868031 ], [ 131.0855276, 33.0865155 ], [ 131.0871326, 33.085781 ], [ 131.0879583, 33.0854295 ], [ 131.0889075, 33.0845186 ], [ 131.0907583, 33.0830803 ], [ 131.0912329, 33.0822174 ], [ 131.0914892, 33.0819777 ], [ 131.0923103, 33.0814823 ], [ 131.0925808, 33.0811946 ], [ 131.0927374, 33.0803197 ], [ 131.092894, 33.0801639 ], [ 131.093378, 33.0799841 ], [ 131.0940614, 33.0786417 ], [ 131.0941041, 33.0783781 ], [ 131.0940329, 33.0773593 ], [ 131.0939902, 33.0770237 ], [ 131.0940756, 33.0766881 ], [ 131.0944173, 33.0764844 ], [ 131.0952145, 33.0762567 ], [ 131.0954531, 33.0758581 ], [ 131.0956809, 33.0750551 ], [ 131.0957805, 33.0744918 ], [ 131.0966346, 33.0731974 ], [ 131.097204, 33.0731494 ], [ 131.0975742, 33.0728738 ], [ 131.0978162, 33.0721307 ], [ 131.0980439, 33.0715314 ], [ 131.0985849, 33.0707164 ], [ 131.0991116, 33.0695299 ], [ 131.0992539, 33.0688826 ], [ 131.0995671, 33.0680317 ], [ 131.0995244, 33.0670848 ], [ 131.0995356, 33.0666084 ], [ 131.1003469, 33.0656016 ], [ 131.1009234, 33.0651702 ], [ 131.1011796, 33.0647567 ], [ 131.1019909, 33.0643432 ], [ 131.1022471, 33.0638757 ], [ 131.102183, 33.0627431 ], [ 131.1022471, 33.0624555 ], [ 131.1032079, 33.0621678 ], [ 131.1032719, 33.0618442 ], [ 131.102909, 33.0613768 ], [ 131.1024392, 33.0610172 ], [ 131.1025246, 33.0604779 ], [ 131.1036989, 33.0601902 ], [ 131.1043394, 33.0596329 ], [ 131.1040405, 33.0592194 ], [ 131.1044248, 33.0586441 ], [ 131.1047237, 33.0581587 ], [ 131.1051507, 33.0580149 ], [ 131.1061756, 33.057943 ], [ 131.1064747, 33.0576433 ], [ 131.106617, 33.057056 ], [ 131.1068732, 33.0565527 ], [ 131.1070013, 33.0561931 ], [ 131.1072859, 33.0558815 ], [ 131.1077983, 33.0556897 ], [ 131.1082822, 33.0557257 ], [ 131.1087519, 33.0560493 ], [ 131.1089511, 33.0565167 ], [ 131.1094066, 33.0565886 ], [ 131.1101894, 33.0570441 ], [ 131.1104028, 33.0570201 ], [ 131.1104455, 33.0569002 ], [ 131.1098905, 33.0563849 ], [ 131.1099189, 33.0562171 ], [ 131.1104598, 33.0559174 ], [ 131.1105452, 33.0556538 ], [ 131.1104882, 33.0548747 ], [ 131.1105452, 33.0545631 ], [ 131.1107587, 33.0543833 ], [ 131.1114134, 33.0542634 ], [ 131.1117692, 33.0540956 ], [ 131.1127085, 33.0533166 ], [ 131.1130928, 33.0531967 ], [ 131.1135625, 33.0532207 ], [ 131.1140749, 33.0533645 ], [ 131.1145872, 33.0535683 ], [ 131.1151565, 33.0535923 ], [ 131.1157828, 33.0542155 ], [ 131.1160247, 33.0542155 ], [ 131.1161101, 33.0540837 ], [ 131.1160105, 33.053824 ], [ 131.1162762, 33.0533845 ], [ 131.1166652, 33.0525535 ], [ 131.1167221, 33.0518903 ], [ 131.1177089, 33.0517545 ], [ 131.1181169, 33.0516746 ], [ 131.118411, 33.0510274 ], [ 131.1188285, 33.050548 ], [ 131.1189708, 33.0502443 ], [ 131.1189329, 33.0497329 ], [ 131.1190657, 33.0495652 ], [ 131.1193503, 33.0495731 ], [ 131.1196919, 33.049677 ], [ 131.1201758, 33.049685 ], [ 131.1206979, 33.0487861 ], [ 131.1213099, 33.0485344 ], [ 131.1225195, 33.0482108 ], [ 131.1230603, 33.0478632 ], [ 131.1235727, 33.047252 ], [ 131.1239142, 33.0467725 ], [ 131.124455, 33.0465928 ], [ 131.1249389, 33.0466287 ], [ 131.1256932, 33.0470842 ], [ 131.1260063, 33.0471321 ], [ 131.1264617, 33.0469164 ], [ 131.1273867, 33.046377 ], [ 131.1274863, 33.0460654 ], [ 131.1277425, 33.0450466 ], [ 131.1278991, 33.044771 ], [ 131.1280983, 33.0446032 ], [ 131.1316422, 33.0440519 ], [ 131.1332431, 33.0426316 ], [ 131.1334566, 33.0415349 ], [ 131.1346733, 33.0405281 ], [ 131.1348654, 33.0399708 ], [ 131.1357833, 33.0391977 ], [ 131.1362956, 33.0391438 ], [ 131.1368506, 33.0394674 ], [ 131.1374909, 33.0393775 ], [ 131.1385582, 33.038155 ], [ 131.1382594, 33.0372022 ], [ 131.1390065, 33.0370224 ], [ 131.1390492, 33.0367887 ], [ 131.1390278, 33.0361235 ], [ 131.1395757, 33.035722 ], [ 131.1403157, 33.0356021 ], [ 131.1411837, 33.0353025 ], [ 131.1415536, 33.0353864 ], [ 131.1419663, 33.0355662 ], [ 131.1422793, 33.0359617 ], [ 131.1426208, 33.0359856 ], [ 131.143062, 33.0358059 ], [ 131.1431616, 33.0353864 ], [ 131.143375, 33.0351586 ], [ 131.1438873, 33.0351227 ], [ 131.1443568, 33.0352306 ], [ 131.1449118, 33.0355781 ], [ 131.1455806, 33.035698 ], [ 131.1458652, 33.0355182 ], [ 131.1460928, 33.0351467 ], [ 131.1462778, 33.0351467 ], [ 131.1467047, 33.0353384 ], [ 131.1474019, 33.0350987 ], [ 131.1474162, 33.0347511 ], [ 131.1473308, 33.0344155 ], [ 131.1475158, 33.0337563 ], [ 131.147345, 33.0328934 ], [ 131.1473593, 33.0326417 ], [ 131.1475869, 33.0324619 ], [ 131.1482699, 33.0323421 ], [ 131.1489814, 33.0316469 ], [ 131.1498921, 33.0314072 ], [ 131.1502975, 33.0306102 ], [ 131.1507671, 33.0304843 ], [ 131.1514074, 33.0303585 ], [ 131.1520263, 33.0299809 ], [ 131.1526239, 33.0294775 ], [ 131.1530721, 33.0292798 ], [ 131.1539472, 33.0292978 ], [ 131.1554626, 33.0304663 ], [ 131.1558468, 33.0305023 ], [ 131.157725, 33.0303225 ], [ 131.1581945, 33.0304663 ], [ 131.1585573, 33.0308798 ], [ 131.1589629, 33.0319046 ], [ 131.1596245, 33.032372 ], [ 131.1603288, 33.033181 ], [ 131.1609905, 33.0335406 ], [ 131.161396, 33.0341519 ], [ 131.1628687, 33.0350688 ], [ 131.1634449, 33.035734 ], [ 131.1639572, 33.0359137 ], [ 131.164807, 33.0357791 ], [ 131.1653043, 33.0356399 ], [ 131.1656208, 33.0357154 ], [ 131.1661419, 33.0359439 ], [ 131.1665488, 33.03612 ], [ 131.1668677, 33.036089 ], [ 131.1671128, 33.0359891 ], [ 131.1673973, 33.0356785 ], [ 131.1675925, 33.0355217 ], [ 131.1686761, 33.0344903 ], [ 131.16891, 33.0343381 ], [ 131.1690638, 33.034265 ], [ 131.1692309, 33.0341972 ], [ 131.1694314, 33.0341522 ], [ 131.1696922, 33.0341297 ], [ 131.1705257, 33.0341297 ], [ 131.1709697, 33.0341917 ], [ 131.171177, 33.0342481 ], [ 131.1720594, 33.0346311 ], [ 131.1722333, 33.0346875 ], [ 131.1723669, 33.0347158 ], [ 131.1726278, 33.0347214 ], [ 131.1728044, 33.0346723 ], [ 131.1729356, 33.0345861 ], [ 131.1730292, 33.0344733 ], [ 131.1731494, 33.0342875 ], [ 131.17327, 33.034045 ], [ 131.173371, 33.0337287 ], [ 131.1734169, 33.0335383 ], [ 131.1734639, 33.0332847 ], [ 131.1734633, 33.0330065 ], [ 131.1734372, 33.0326311 ], [ 131.1733017, 33.0315783 ], [ 131.1732728, 33.0314022 ], [ 131.1732923, 33.0312696 ], [ 131.1732539, 33.0311764 ], [ 131.1731428, 33.030704 ], [ 131.1729556, 33.0302365 ], [ 131.1728017, 33.0300333 ], [ 131.1727217, 33.029898 ], [ 131.1726481, 33.0297122 ], [ 131.1725878, 33.0290922 ], [ 131.1725611, 33.0285177 ], [ 131.1725745, 33.0284558 ], [ 131.1726681, 33.0283095 ], [ 131.1730961, 33.0277739 ], [ 131.1735775, 33.0270753 ], [ 131.1736483, 33.0269579 ], [ 131.1736511, 33.0268328 ], [ 131.1736044, 33.0267483 ], [ 131.1734035, 33.0265458 ], [ 131.1731028, 33.0262922 ], [ 131.1726817, 33.0260162 ], [ 131.1724408, 33.02583 ], [ 131.1723875, 33.0257511 ], [ 131.1723606, 33.0256747 ], [ 131.1723606, 33.0255933 ], [ 131.1723306, 33.0254274 ], [ 131.1727637, 33.0238856 ], [ 131.1728446, 33.0237095 ], [ 131.1733062, 33.0234477 ], [ 131.1736964, 33.023305 ], [ 131.1739582, 33.0232907 ], [ 131.1741628, 33.0233526 ], [ 131.1744912, 33.0234525 ], [ 131.1746672, 33.0235048 ], [ 131.1749419, 33.0234411 ], [ 131.175, 33.0234188 ], [ 131.1750889, 33.0233847 ], [ 131.1755302, 33.0230862 ], [ 131.1756172, 33.0230072 ], [ 131.1757511, 33.0228381 ], [ 131.1758115, 33.0227368 ], [ 131.1761186, 33.022275 ], [ 131.1763861, 33.0218523 ], [ 131.1765333, 33.0216664 ], [ 131.1770103, 33.0212511 ], [ 131.1773958, 33.0209564 ], [ 131.1780781, 33.0205395 ], [ 131.1783907, 33.0203582 ], [ 131.1785394, 33.0202578 ], [ 131.1799639, 33.0190803 ], [ 131.180211, 33.0188887 ], [ 131.1805722, 33.018562 ], [ 131.1808705, 33.0180674 ], [ 131.1809149, 33.0178643 ], [ 131.1808388, 33.0175725 ], [ 131.1806738, 33.0173694 ], [ 131.1804517, 33.0172362 ], [ 131.1802931, 33.0171283 ], [ 131.1801535, 33.016976 ], [ 131.1801027, 33.0167666 ], [ 131.1801471, 33.0166143 ], [ 131.180366, 33.0164604 ], [ 131.1804303, 33.0164019 ], [ 131.1814577, 33.0157825 ], [ 131.1819167, 33.0156378 ], [ 131.1822108, 33.015497 ], [ 131.1827192, 33.015198 ], [ 131.1830074, 33.0149988 ], [ 131.1831672, 33.014905 ], [ 131.183595, 33.0147361 ], [ 131.1840222, 33.0146313 ], [ 131.1847853, 33.0145108 ], [ 131.1849059, 33.0144658 ], [ 131.1850328, 33.0143925 ], [ 131.1850594, 33.0143475 ], [ 131.1851197, 33.0141558 ], [ 131.1851933, 33.0139645 ], [ 131.1853136, 33.0138461 ], [ 131.1854542, 33.0137389 ], [ 131.1856147, 33.0136489 ], [ 131.1857084, 33.0136489 ], [ 131.1858686, 33.0137445 ], [ 131.1863297, 33.0141606 ], [ 131.1866042, 33.014325 ], [ 131.186845, 33.0144378 ], [ 131.1872931, 33.0146011 ], [ 131.1874803, 33.0146011 ], [ 131.1877411, 33.0144997 ], [ 131.1884966, 33.0142292 ], [ 131.1888178, 33.0141503 ], [ 131.1889914, 33.0141503 ], [ 131.1890983, 33.0141953 ], [ 131.1895197, 33.0144489 ], [ 131.1898006, 33.0145898 ], [ 131.1899528, 33.0146513 ], [ 131.1902022, 33.0145523 ], [ 131.1904111, 33.0144848 ], [ 131.190861, 33.0142579 ], [ 131.1909708, 33.0141956 ], [ 131.1910244, 33.0141281 ], [ 131.1911497, 33.0138887 ], [ 131.191386, 33.0134497 ], [ 131.1915562, 33.01319 ], [ 131.1916667, 33.0130955 ], [ 131.1917721, 33.0130418 ], [ 131.1918904, 33.0129953 ], [ 131.1920114, 33.0129723 ], [ 131.1927983, 33.0130105 ], [ 131.192997, 33.0130631 ], [ 131.1932178, 33.0130914 ], [ 131.1938797, 33.0130969 ], [ 131.1943547, 33.013035 ], [ 131.194515, 33.0130014 ], [ 131.1949192, 33.0128592 ], [ 131.1950205, 33.0127806 ], [ 131.1952587, 33.0123816 ], [ 131.1953235, 33.0122235 ], [ 131.1953347, 33.0121464 ], [ 131.1953242, 33.0120489 ], [ 131.1952908, 33.0119081 ], [ 131.1952642, 33.0117278 ], [ 131.1952642, 33.0114406 ], [ 131.1953175, 33.0112489 ], [ 131.1954114, 33.0110011 ], [ 131.1955363, 33.0107089 ], [ 131.1957296, 33.0104318 ], [ 131.1958206, 33.0103509 ], [ 131.1960197, 33.0102178 ], [ 131.196345, 33.0100695 ], [ 131.1971159, 33.0098113 ], [ 131.1973922, 33.0097043 ], [ 131.1975138, 33.0096368 ], [ 131.1976326, 33.0095345 ], [ 131.1977874, 33.0093973 ], [ 131.1979858, 33.0090967 ], [ 131.1980392, 33.0089728 ], [ 131.1980661, 33.0088711 ], [ 131.1980661, 33.0086628 ], [ 131.198019, 33.0083982 ], [ 131.1979933, 33.0083192 ], [ 131.1979441, 33.008197 ], [ 131.1979107, 33.0081162 ], [ 131.1978994, 33.0080275 ], [ 131.1978994, 33.0079457 ], [ 131.1978995, 33.007899 ], [ 131.1979487, 33.0077412 ], [ 131.1981151, 33.0073644 ], [ 131.1982462, 33.0069325 ], [ 131.1983306, 33.0067311 ], [ 131.1986011, 33.0063367 ], [ 131.1988174, 33.0061033 ], [ 131.19933, 33.0056333 ], [ 131.2002938, 33.0048781 ], [ 131.2006079, 33.0046561 ], [ 131.2009889, 33.0044414 ], [ 131.2010399, 33.0043492 ], [ 131.2010739, 33.0042505 ], [ 131.201108, 33.0041328 ], [ 131.2011621, 33.0039869 ], [ 131.2012535, 33.0038798 ], [ 131.2013423, 33.0038353 ], [ 131.2014594, 33.0038305 ], [ 131.2016975, 33.0038792 ], [ 131.2021456, 33.0040597 ], [ 131.2023994, 33.0042283 ], [ 131.2025669, 33.0043144 ], [ 131.2026669, 33.0043467 ], [ 131.2028675, 33.0043411 ], [ 131.203212, 33.0041935 ], [ 131.2033459, 33.0041114 ], [ 131.2035564, 33.0038511 ], [ 131.2042778, 33.0028481 ], [ 131.2046386, 33.0022 ], [ 131.2047611, 33.0021218 ], [ 131.204993, 33.0020425 ], [ 131.2052933, 33.0018622 ], [ 131.2054203, 33.0018339 ], [ 131.2057342, 33.0018339 ], [ 131.2060683, 33.0018847 ], [ 131.2064692, 33.0018847 ], [ 131.2070943, 33.00189 ], [ 131.2075181, 33.0019017 ], [ 131.2076783, 33.0018622 ], [ 131.2079462, 33.0016873 ], [ 131.2084057, 33.0012295 ], [ 131.2087292, 33.0007827 ], [ 131.2090544, 33.0004364 ], [ 131.2092154, 33.0001981 ], [ 131.2093417, 32.9997042 ], [ 131.2095453, 32.9993383 ], [ 131.2097494, 32.999197 ], [ 131.2105779, 32.9987845 ], [ 131.2111414, 32.998483 ], [ 131.2115007, 32.9982057 ], [ 131.2115957, 32.9980907 ], [ 131.2117506, 32.9976065 ], [ 131.2118272, 32.9974054 ], [ 131.2119008, 32.9972756 ], [ 131.2120078, 32.9971517 ], [ 131.2121011, 32.9970842 ], [ 131.2126888, 32.9967686 ], [ 131.2128225, 32.9966783 ], [ 131.2129463, 32.9965583 ], [ 131.2129828, 32.9964583 ], [ 131.2129851, 32.9963802 ], [ 131.2129622, 32.9963556 ], [ 131.2126549, 32.9961657 ], [ 131.2121593, 32.9958787 ], [ 131.2118406, 32.995585 ], [ 131.2117906, 32.9954772 ], [ 131.2118006, 32.9953033 ], [ 131.2118339, 32.9951795 ], [ 131.2120011, 32.9948923 ], [ 131.2121375, 32.9947561 ], [ 131.212235, 32.994695 ], [ 131.2123953, 32.9946331 ], [ 131.2126358, 32.9945881 ], [ 131.2131166, 32.9945317 ], [ 131.2134106, 32.9944864 ], [ 131.2139919, 32.9943739 ], [ 131.2142869, 32.9943678 ], [ 131.2143956, 32.9943506 ], [ 131.2146267, 32.9941372 ], [ 131.2147627, 32.9939419 ], [ 131.2149945, 32.9938587 ], [ 131.2151214, 32.9937382 ], [ 131.2152102, 32.9935922 ], [ 131.2151658, 32.9934336 ], [ 131.2148473, 32.9931893 ], [ 131.2146728, 32.9930751 ], [ 131.2145142, 32.9928625 ], [ 131.2140827, 32.992688 ], [ 131.2139272, 32.9925643 ], [ 131.2137591, 32.992282 ], [ 131.213629, 32.9920757 ], [ 131.2133772, 32.9919397 ], [ 131.2130767, 32.9917764 ], [ 131.2127025, 32.9915339 ], [ 131.2122817, 32.9911622 ], [ 131.2118609, 32.9907623 ], [ 131.2115867, 32.9905536 ], [ 131.2110458, 32.9902495 ], [ 131.2108053, 32.9901086 ], [ 131.2105997, 32.990055 ], [ 131.2102686, 32.9899445 ], [ 131.2100514, 32.9898311 ], [ 131.2097564, 32.9896295 ], [ 131.2095628, 32.9894267 ], [ 131.2093156, 32.9892181 ], [ 131.209075, 32.9890492 ], [ 131.2089481, 32.9889814 ], [ 131.2088011, 32.9889364 ], [ 131.2071911, 32.9889478 ], [ 131.206757, 32.9889736 ], [ 131.2061278, 32.988977 ], [ 131.2050733, 32.988897 ], [ 131.2047938, 32.9888812 ], [ 131.2040514, 32.9888744 ], [ 131.2036103, 32.9888856 ], [ 131.2035503, 32.9885025 ], [ 131.2033964, 32.9879783 ], [ 131.2033367, 32.9876064 ], [ 131.2033433, 32.9870995 ], [ 131.2033628, 32.9866832 ], [ 131.20335, 32.9864786 ], [ 131.2032881, 32.9862829 ], [ 131.2031161, 32.9860683 ], [ 131.2030025, 32.9859781 ], [ 131.2027686, 32.9858372 ], [ 131.2021539, 32.9855669 ], [ 131.2014125, 32.9853075 ], [ 131.2003969, 32.9851386 ], [ 131.1994886, 32.9850144 ], [ 131.1993081, 32.9849583 ], [ 131.1991944, 32.9849019 ], [ 131.1990208, 32.9847611 ], [ 131.1989272, 32.9846483 ], [ 131.1988739, 32.9845356 ], [ 131.1988003, 32.9843214 ], [ 131.1987536, 32.9841131 ], [ 131.1987469, 32.9839044 ], [ 131.1987936, 32.9837522 ], [ 131.1988672, 32.9836058 ], [ 131.1990342, 32.9833972 ], [ 131.1993683, 32.9830875 ], [ 131.1995553, 32.9829186 ], [ 131.1997191, 32.9827447 ], [ 131.1998942, 32.9824241 ], [ 131.199907, 32.9816814 ], [ 131.1998678, 32.9814744 ], [ 131.1997688, 32.9812392 ], [ 131.1996553, 32.980907 ], [ 131.1996019, 32.9806367 ], [ 131.1996086, 32.9803042 ], [ 131.1996553, 32.9801294 ], [ 131.1998022, 32.979859 ], [ 131.2002166, 32.9792168 ], [ 131.2003237, 32.9790027 ], [ 131.2003703, 32.9788731 ], [ 131.20041, 32.9784167 ], [ 131.2004033, 32.9779489 ], [ 131.2003236, 32.9777292 ], [ 131.1999022, 32.9770614 ], [ 131.199515, 32.97636 ], [ 131.1993413, 32.9760838 ], [ 131.1992131, 32.975812 ], [ 131.1991542, 32.9755486 ], [ 131.1991542, 32.9751653 ], [ 131.1991875, 32.9749061 ], [ 131.1992411, 32.9747035 ], [ 131.1993481, 32.9744047 ], [ 131.1995483, 32.9733682 ], [ 131.1998456, 32.9723689 ], [ 131.2, 32.9717929 ], [ 131.2002297, 32.9708211 ], [ 131.2003367, 32.9703986 ], [ 131.2004903, 32.9698578 ], [ 131.2005839, 32.9695083 ], [ 131.2006239, 32.9693111 ], [ 131.2006303, 32.9688968 ], [ 131.2006172, 32.9685617 ], [ 131.2005303, 32.9675021 ], [ 131.2004703, 32.9670181 ], [ 131.2004703, 32.9667644 ], [ 131.2005503, 32.9664939 ], [ 131.2006772, 32.9662797 ], [ 131.2010716, 32.9658009 ], [ 131.2013922, 32.9654739 ], [ 131.2016194, 32.9651978 ], [ 131.2019067, 32.9647417 ], [ 131.2019269, 32.9644597 ], [ 131.2018969, 32.9642 ], [ 131.2017019, 32.9636591 ], [ 131.2010317, 32.9625158 ], [ 131.2009783, 32.9623805 ], [ 131.200965, 32.9622678 ], [ 131.2009717, 32.9621775 ], [ 131.2010286, 32.9617729 ], [ 131.2012583, 32.9606031 ], [ 131.2013489, 32.9604414 ] ] } },
{ "type": "Feature", "properties": { "N12_001": "43", "N12_002": 2, "N12_003": 4, "N12_004": "熊本県道錦湯前線", "N12_005": 34, "N12_006": 1 }, "geometry": { "type": "LineString", "coordinates": [ [ 130.9828921, 32.2813849 ], [ 130.9826326, 32.280472 ], [ 130.9824936, 32.2801331 ], [ 130.9824072, 32.2799586 ], [ 130.9822815, 32.279784 ], [ 130.9815583, 32.2789497 ], [ 130.9814058, 32.2787525 ], [ 130.9813595, 32.2786678 ], [ 130.9813261, 32.278482 ], [ 130.9813526, 32.2778595 ], [ 130.9814919, 32.2751476 ] ] } },
{ "type": "Feature", "properties": { "N12_001": "43", "N12_002": 2, "N12_003": 4, "N12_004": "熊本県道本渡苓北線", "N12_005": 35, "N12_006": 1 }, "geometry": { "type": "LineString", "coordinates": [ [ 130.1899077, 32.454468 ], [ 130.1893819, 32.4555164 ], [ 130.1890961, 32.456052 ], [ 130.1887872, 32.4564314 ], [ 130.188702, 32.456493 ], [ 130.1883053, 32.4569594 ], [ 130.187747, 32.4575288 ], [ 130.1876534, 32.4576782 ], [ 130.187149, 32.4582615 ], [ 130.1864896, 32.4591046 ], [ 130.1860193, 32.4598786 ], [ 130.1851393, 32.4613104 ], [ 130.184553, 32.4622774 ], [ 130.1841972, 32.4629414 ], [ 130.1839117, 32.4634425 ], [ 130.1837122, 32.4637075 ], [ 130.1833333, 32.4640967 ], [ 130.1827816, 32.4645587 ], [ 130.181665, 32.4655629 ], [ 130.1796701, 32.4673404 ], [ 130.1792017, 32.4677236 ], [ 130.1790414, 32.4679279 ], [ 130.1788308, 32.468304 ], [ 130.1786576, 32.4687554 ], [ 130.1782898, 32.469587 ], [ 130.1780294, 32.4700187 ], [ 130.1761333, 32.472464 ], [ 130.1755236, 32.4726203 ], [ 130.175, 32.4727264 ], [ 130.1747328, 32.4727667 ], [ 130.1740347, 32.4728964 ], [ 130.1738286, 32.4729189 ], [ 130.1732639, 32.4729133 ], [ 130.1730778, 32.4728853 ], [ 130.172845, 32.4728625 ], [ 130.1725725, 32.4728458 ], [ 130.1718547, 32.4728514 ], [ 130.1714764, 32.4728821 ], [ 130.1683189, 32.4728908 ], [ 130.1665909, 32.4728853 ], [ 130.1662786, 32.4729133 ], [ 130.1660858, 32.4729472 ], [ 130.1657733, 32.4729867 ], [ 130.1650115, 32.4730377 ] ] } },
{ "type": "Feature", "properties": { "N12_001": "43", "N12_002": 2, "N12_003": 4, "N12_004": "熊本県道荒尾長洲線", "N12_005": 36, "N12_006": 1 }, "geometry": { "type": "LineString", "coordinates": [ [ 130.4752951, 32.9599947 ], [ 130.4749275, 32.9597917 ], [ 130.4743258, 32.9594253 ], [ 130.4731956, 32.9587371 ], [ 130.4725547, 32.9583542 ], [ 130.4718774, 32.9578937 ], [ 130.4711914, 32.9573507 ], [ 130.4708575, 32.957007 ], [ 130.4707439, 32.9568322 ], [ 130.4705833, 32.9565339 ], [ 130.4704247, 32.956155 ], [ 130.4702158, 32.955643 ], [ 130.4699566, 32.9551088 ], [ 130.4697433, 32.954675 ], [ 130.4695277, 32.9543808 ], [ 130.4693269, 32.9541324 ], [ 130.469093, 32.9538958 ], [ 130.4687456, 32.9536028 ], [ 130.4682955, 32.9532599 ], [ 130.4678903, 32.9528925 ], [ 130.46779, 32.952712 ], [ 130.4675857, 32.952077 ], [ 130.4673556, 32.9513145 ], [ 130.467114, 32.9506078 ], [ 130.4665387, 32.9501206 ], [ 130.4662261, 32.9498375 ], [ 130.4659989, 32.9496067 ], [ 130.4658453, 32.9494036 ], [ 130.4656714, 32.9490767 ], [ 130.4655981, 32.94884 ], [ 130.4655514, 32.9484792 ], [ 130.4655714, 32.9481972 ], [ 130.4655714, 32.9477745 ], [ 130.4654914, 32.9474478 ], [ 130.4654311, 32.9472619 ], [ 130.4653442, 32.946935 ], [ 130.4652372, 32.9466586 ], [ 130.4650401, 32.9459696 ], [ 130.4649633, 32.9455372 ], [ 130.4647894, 32.9447421 ], [ 130.4646825, 32.9443817 ], [ 130.4642614, 32.9433108 ], [ 130.4637669, 32.9421158 ], [ 130.4633592, 32.9411464 ], [ 130.4631989, 32.940735 ], [ 130.4629454, 32.9402973 ], [ 130.4622333, 32.939125 ], [ 130.4619709, 32.9387705 ], [ 130.4618781, 32.9387104 ], [ 130.4615898, 32.9385885 ], [ 130.4613011, 32.9385481 ], [ 130.4607331, 32.9385028 ], [ 130.459604, 32.9384522 ], [ 130.4593097, 32.9384297 ], [ 130.4590289, 32.9383959 ], [ 130.4588283, 32.9383675 ], [ 130.4584208, 32.9382831 ], [ 130.4570306, 32.9379506 ], [ 130.4565964, 32.9378208 ], [ 130.4562556, 32.9377136 ], [ 130.4555406, 32.9375389 ], [ 130.4551815, 32.9374764 ], [ 130.4547853, 32.9374544 ], [ 130.4543533, 32.9374602 ], [ 130.4535184, 32.9374714 ], [ 130.4525799, 32.9374883 ], [ 130.451837, 32.937409 ], [ 130.4509228, 32.9372739 ], [ 130.4503404, 32.9371442 ], [ 130.4500001, 32.9370591 ], [ 130.449733, 32.9369717 ], [ 130.4492119, 32.9370039 ], [ 130.4492036, 32.9368728 ], [ 130.4492322, 32.9364289 ], [ 130.4493825, 32.9354261 ], [ 130.4494592, 32.9351547 ], [ 130.4495928, 32.9347433 ], [ 130.4496531, 32.9344783 ], [ 130.4496662, 32.9339756 ], [ 130.4496194, 32.933712 ], [ 130.4494955, 32.9333333 ], [ 130.4492319, 32.932545 ], [ 130.4488801, 32.931723 ] ] } },
{ "type": "Feature", "properties": { "N12_001": "43", "N12_002": 2, "N12_003": 4, "N12_004": "熊本県道本渡五和線", "N12_005": 37, "N12_006": 1 }, "geometry": { "type": "LineString", "coordinates": [ [ 130.1385051, 32.5464222 ], [ 130.1384828, 32.5461075 ], [ 130.1384031, 32.5458033 ], [ 130.1383497, 32.5457017 ], [ 130.1382767, 32.5456114 ], [ 130.13823, 32.5455833 ], [ 130.1373919, 32.5452508 ], [ 130.1372522, 32.5451661 ], [ 130.1371259, 32.5450365 ], [ 130.1362554, 32.5439723 ], [ 130.135815, 32.5433959 ], [ 130.135762, 32.543272 ], [ 130.1347756, 32.5416667 ], [ 130.1345647, 32.5413383 ], [ 130.1343536, 32.5412281 ], [ 130.1334737, 32.5414006 ], [ 130.133387, 32.5410286 ], [ 130.1333072, 32.5407575 ], [ 130.1332072, 32.5405603 ], [ 130.1330344, 32.5401939 ], [ 130.1330125, 32.5400964 ], [ 130.1330144, 32.5399458 ], [ 130.1330278, 32.5398386 ], [ 130.1335, 32.5386156 ], [ 130.1335667, 32.5384745 ], [ 130.1336133, 32.5384181 ], [ 130.1336997, 32.5383617 ], [ 130.1339192, 32.5382489 ], [ 130.1342519, 32.5381081 ], [ 130.1344581, 32.5380461 ], [ 130.1349533, 32.5380236 ], [ 130.1361747, 32.5379672 ], [ 130.1367044, 32.5382284 ], [ 130.1367608, 32.5382413 ], [ 130.1369756, 32.5381203 ], [ 130.1369999, 32.5380646 ], [ 130.1370128, 32.5380067 ], [ 130.1370061, 32.5377925 ], [ 130.1369594, 32.5376631 ], [ 130.136813, 32.5374713 ], [ 130.1366936, 32.5373417 ], [ 130.1362147, 32.536902 ], [ 130.1360881, 32.5367497 ], [ 130.1359883, 32.5365691 ], [ 130.1359153, 32.536338 ], [ 130.1359219, 32.5361914 ], [ 130.1359617, 32.5360731 ], [ 130.1360217, 32.5359717 ], [ 130.1361147, 32.5358814 ], [ 130.1362081, 32.535825 ], [ 130.1363011, 32.5357911 ], [ 130.1365206, 32.5357575 ], [ 130.1369531, 32.5357292 ], [ 130.1380039, 32.5357122 ], [ 130.1386028, 32.5356842 ], [ 130.1387425, 32.5356558 ], [ 130.1389126, 32.53559 ], [ 130.1390017, 32.5355141 ], [ 130.1390607, 32.5354468 ], [ 130.1391016, 32.535365 ], [ 130.1391483, 32.535222 ], [ 130.1391683, 32.5350756 ], [ 130.1391683, 32.5339367 ], [ 130.139097, 32.5333333 ], [ 130.1390153, 32.532922 ], [ 130.1389753, 32.5326572 ], [ 130.1389622, 32.5323583 ], [ 130.1389822, 32.5320933 ], [ 130.1390289, 32.5318228 ], [ 130.1392336, 32.5311108 ], [ 130.1395478, 32.5299231 ], [ 130.1401467, 32.5284628 ], [ 130.1404315, 32.5279478 ], [ 130.1405913, 32.5277816 ], [ 130.141204, 32.5272793 ], [ 130.14157, 32.5269464 ], [ 130.1418065, 32.5267006 ], [ 130.1418551, 32.5266269 ], [ 130.1418722, 32.5265608 ], [ 130.1418694, 32.5265067 ], [ 130.1418477, 32.5264205 ], [ 130.1417529, 32.52624 ], [ 130.1414175, 32.5256219 ], [ 130.1412346, 32.525312 ], [ 130.14124, 32.5252573 ], [ 130.1412975, 32.5251595 ], [ 130.1424885, 32.5236435 ], [ 130.1431669, 32.522792 ], [ 130.143453, 32.5224031 ], [ 130.1435261, 32.5222339 ], [ 130.1435661, 32.5220478 ], [ 130.1435694, 32.5219629 ], [ 130.1435728, 32.5218789 ], [ 130.1435594, 32.5217211 ], [ 130.1435394, 32.5216025 ], [ 130.1433493, 32.5210091 ], [ 130.1432736, 32.5207739 ], [ 130.1432136, 32.5204806 ], [ 130.1432006, 32.5201989 ], [ 130.1432336, 32.5200128 ], [ 130.1432758, 32.5198969 ], [ 130.1433733, 32.5197195 ], [ 130.1435331, 32.5195281 ], [ 130.1438124, 32.5192351 ], [ 130.1440585, 32.5190151 ], [ 130.1441897, 32.5189101 ], [ 130.1443982, 32.5187946 ], [ 130.1449634, 32.5185642 ], [ 130.1452627, 32.5184683 ], [ 130.1456019, 32.5184006 ], [ 130.1459811, 32.5183611 ], [ 130.1470522, 32.5183556 ], [ 130.1472119, 32.5183272 ], [ 130.1474529, 32.5182381 ], [ 130.1476285, 32.5181197 ], [ 130.1477215, 32.5180228 ], [ 130.1478082, 32.517908 ], [ 130.1478907, 32.5177663 ], [ 130.147996, 32.5174174 ], [ 130.1480302, 32.5170936 ], [ 130.1480496, 32.5167706 ], [ 130.1481365, 32.5162026 ], [ 130.1483454, 32.5153206 ], [ 130.1484994, 32.5147605 ], [ 130.148548, 32.5144727 ], [ 130.1485492, 32.5143829 ], [ 130.148539, 32.5142839 ], [ 130.1484088, 32.5140055 ], [ 130.1483306, 32.5139213 ], [ 130.1477098, 32.5134107 ], [ 130.1475515, 32.5131639 ], [ 130.1474473, 32.5129185 ], [ 130.147325, 32.5124654 ], [ 130.147248, 32.5120501 ], [ 130.1472253, 32.5117387 ], [ 130.1472435, 32.5114587 ], [ 130.1473306, 32.5106311 ], [ 130.1473848, 32.5104655 ], [ 130.1474315, 32.5103747 ], [ 130.1475155, 32.5102678 ], [ 130.1476368, 32.5101575 ], [ 130.1478322, 32.5100272 ], [ 130.1480151, 32.5099242 ], [ 130.15, 32.5089761 ], [ 130.1505637, 32.5086543 ], [ 130.1508247, 32.5084826 ], [ 130.1511779, 32.5081915 ], [ 130.1513545, 32.5079975 ], [ 130.1515719, 32.5075937 ], [ 130.1515832, 32.5073766 ], [ 130.1515108, 32.5071523 ], [ 130.1509514, 32.5056811 ], [ 130.1507204, 32.5049906 ], [ 130.1500607, 32.5036985 ], [ 130.1496823, 32.5027261 ], [ 130.1492651, 32.5014523 ], [ 130.1487814, 32.499974 ], [ 130.148643, 32.499635 ], [ 130.148432, 32.4968411 ], [ 130.148492, 32.4963446 ], [ 130.148162, 32.4954058 ], [ 130.1481379, 32.4951888 ], [ 130.1480931, 32.4950917 ], [ 130.1477875, 32.4940647 ], [ 130.1476947, 32.493721 ], [ 130.1476814, 32.4936419 ], [ 130.1477078, 32.4927221 ], [ 130.1477909, 32.4916667 ], [ 130.1479472, 32.4900283 ], [ 130.1480339, 32.4892956 ], [ 130.1481003, 32.4891153 ], [ 130.1487153, 32.4879119 ], [ 130.1488181, 32.4877394 ], [ 130.1488981, 32.4874519 ], [ 130.1488981, 32.4873167 ], [ 130.1488247, 32.4871306 ], [ 130.148745, 32.4870178 ], [ 130.1478942, 32.4862009 ], [ 130.1477614, 32.4860317 ], [ 130.1477095, 32.4858964 ], [ 130.1478211, 32.485372 ], [ 130.1480803, 32.4849828 ], [ 130.1484128, 32.4847686 ], [ 130.1493632, 32.4841598 ], [ 130.1498218, 32.4839117 ], [ 130.1500081, 32.4838328 ], [ 130.1503403, 32.4837425 ], [ 130.1509581, 32.4836131 ], [ 130.1511775, 32.4835511 ], [ 130.1513198, 32.4834907 ], [ 130.1515808, 32.4833389 ], [ 130.1515893, 32.4833356 ], [ 130.1516642, 32.4832676 ], [ 130.1517492, 32.4831397 ], [ 130.1519286, 32.4825475 ], [ 130.1519619, 32.4824011 ], [ 130.1519553, 32.4821642 ], [ 130.1519019, 32.482012 ], [ 130.15157, 32.481375 ], [ 130.1515767, 32.4812283 ], [ 130.1517228, 32.4806703 ], [ 130.1518358, 32.4803097 ], [ 130.1521017, 32.4797064 ], [ 130.1523608, 32.4792047 ], [ 130.1525603, 32.4788833 ], [ 130.1527598, 32.4786238 ], [ 130.1529858, 32.4784042 ], [ 130.1533311, 32.4781167 ], [ 130.1535836, 32.4779361 ], [ 130.154215, 32.4775642 ], [ 130.1548864, 32.4772147 ], [ 130.1567011, 32.4762339 ], [ 130.1577778, 32.4756814 ], [ 130.1584556, 32.4753147 ], [ 130.1592463, 32.4748581 ], [ 130.1596586, 32.4746608 ], [ 130.1599908, 32.474537 ], [ 130.1631078, 32.4735562 ], [ 130.1643378, 32.4731897 ], [ 130.1646833, 32.4730881 ], [ 130.1650115, 32.4730377 ] ] } },
{ "type": "Feature", "properties": { "N12_001": "43", "N12_002": 2, "N12_003": 6, "N12_004": "熊本県道人吉インター線", "N12_005": 38, "N12_006": 1 }, "geometry": { "type": "LineString", "coordinates": [ [ 130.7634397, 32.2143829 ], [ 130.7630961, 32.2160006 ], [ 130.7628308, 32.21759 ], [ 130.7627977, 32.218047 ], [ 130.7627844, 32.2189818 ], [ 130.7627561, 32.2200571 ], [ 130.7628314, 32.2204796 ], [ 130.7629518, 32.22135 ], [ 130.7633434, 32.2226045 ], [ 130.7644301, 32.2254825 ], [ 130.766045, 32.2252787 ] ] } },
{ "type": "Feature", "properties": { "N12_001": "43", "N12_002": 2, "N12_003": 6, "N12_004": "熊本県道嘉島甲佐線", "N12_005": 39, "N12_006": 1 }, "geometry": { "type": "LineString", "coordinates": [ [ 130.7806147, 32.7014692 ], [ 130.779739, 32.7019017 ], [ 130.7792319, 32.7021986 ], [ 130.7789154, 32.7026604 ], [ 130.778172, 32.7042603 ], [ 130.7756099, 32.7096618 ], [ 130.772625, 32.7161272 ] ] } },
{ "type": "Feature", "properties": { "N12_001": "43", "N12_002": 2, "N12_003": 6, "N12_004": "熊本県道・大分県道南小国上津江線", "N12_005": 40, "N12_006": 1 }, "geometry": { "type": "LineString", "coordinates": [ [ 131.0124444, 33.0752537 ], [ 131.0125224, 33.0751696 ], [ 131.012843, 33.0747932 ], [ 131.0130117, 33.074573 ], [ 131.0161499, 33.074573 ], [ 131.0165042, 33.0746227 ], [ 131.0169428, 33.07485 ], [ 131.0185182, 33.075768 ], [ 131.0186701, 33.075974 ], [ 131.0187038, 33.0761728 ], [ 131.0185857, 33.0766132 ], [ 131.0186448, 33.0767339 ], [ 131.0188219, 33.0767552 ], [ 131.0192353, 33.0765919 ], [ 131.0196233, 33.0765848 ], [ 131.020197, 33.0766416 ], [ 131.0205597, 33.0766913 ], [ 131.0209056, 33.0765706 ], [ 131.0212093, 33.0765706 ], [ 131.0215974, 33.0766416 ], [ 131.0221035, 33.0766629 ], [ 131.0225422, 33.0767481 ], [ 131.0227193, 33.0766771 ], [ 131.0228881, 33.0765208 ], [ 131.0235123, 33.0763291 ], [ 131.0237907, 33.0762297 ], [ 131.0240101, 33.0759314 ], [ 131.0242125, 33.075626 ], [ 131.0248537, 33.075072 ], [ 131.0255117, 33.0744399 ], [ 131.0269289, 33.0738148 ], [ 131.0279159, 33.0735308 ], [ 131.0284598, 33.0729803 ], [ 131.0293034, 33.0728099 ], [ 131.0299783, 33.0726962 ], [ 131.0308387, 33.0729803 ], [ 131.0321041, 33.0729377 ], [ 131.0339601, 33.0732928 ], [ 131.0346012, 33.0737474 ], [ 131.036339, 33.075736 ], [ 131.0373007, 33.0754804 ], [ 131.0384986, 33.075736 ], [ 131.0389542, 33.0758071 ], [ 131.0397134, 33.0757787 ], [ 131.0403545, 33.0759349 ], [ 131.0411306, 33.0762616 ], [ 131.0430878, 33.0776821 ], [ 131.0436446, 33.077952 ], [ 131.044252, 33.0781508 ], [ 131.0453318, 33.0791736 ], [ 131.0465972, 33.0800117 ], [ 131.0473227, 33.0802674 ], [ 131.0482225, 33.0803763 ], [ 131.0489986, 33.0804236 ], [ 131.0524407, 33.0827911 ], [ 131.0527107, 33.0833782 ], [ 131.0533041, 33.0852793 ], [ 131.053709, 33.0856486 ], [ 131.0572693, 33.0877935 ], [ 131.0582817, 33.088177 ], [ 131.0591929, 33.0882622 ], [ 131.0595472, 33.0883475 ], [ 131.0624074, 33.0900947 ], [ 131.0628968, 33.0904995 ], [ 131.0634051, 33.0913891 ], [ 131.0643417, 33.0921242 ], [ 131.0647066, 33.0922928 ], [ 131.0665249, 33.0928504 ] ] } },
{ "type": "Feature", "properties": { "N12_001": "43", "N12_002": 2, "N12_003": 6, "N12_004": "熊本県道河陰阿蘇線", "N12_005": 41, "N12_006": 1 }, "geometry": { "type": "LineString", "coordinates": [ [ 131.0294215, 32.8236589 ], [ 131.0299103, 32.8246115 ], [ 131.0300166, 32.8249987 ], [ 131.0299494, 32.8263305 ], [ 131.0299047, 32.8267272 ], [ 131.030162, 32.8274922 ], [ 131.0301844, 32.8282006 ], [ 131.0298194, 32.829079 ], [ 131.0297858, 32.8296882 ], [ 131.0295341, 32.8300849 ], [ 131.0291146, 32.8304533 ], [ 131.028779, 32.8310625 ], [ 131.0285944, 32.8312325 ], [ 131.0266143, 32.8317284 ], [ 131.026329, 32.83187 ], [ 131.0262283, 32.8321817 ], [ 131.0262116, 32.8330743 ], [ 131.0256578, 32.8346752 ], [ 131.0253222, 32.8353411 ], [ 131.0251795, 32.8362266 ], [ 131.0249278, 32.8365737 ], [ 131.0234342, 32.8380755 ], [ 131.0233251, 32.8384368 ], [ 131.0233503, 32.8390956 ], [ 131.0228028, 32.8398748 ], [ 131.0222993, 32.8402892 ], [ 131.0215944, 32.8406611 ], [ 131.0204616, 32.8416174 ], [ 131.0187372, 32.8427225 ], [ 131.0176295, 32.8442845 ], [ 131.0171197, 32.8447626 ], [ 131.0168365, 32.8450097 ], [ 131.0162417, 32.8453045 ], [ 131.0160435, 32.8457269 ], [ 131.0160152, 32.8460457 ], [ 131.0161001, 32.8465318 ] ] } },
{ "type": "Feature", "properties": { "N12_001": "43", "N12_002": 2, "N12_003": 6, "N12_004": "熊本県道相良人吉線", "N12_005": 42, "N12_006": 1 }, "geometry": { "type": "LineString", "coordinates": [ [ 130.7644301, 32.2254825 ], [ 130.7646309, 32.226131 ], [ 130.764661, 32.2266687 ], [ 130.7645599, 32.2287898 ], [ 130.7645203, 32.2294314 ], [ 130.7645203, 32.2298822 ], [ 130.7645533, 32.2301472 ], [ 130.7646197, 32.2303897 ], [ 130.7647058, 32.2305925 ], [ 130.7648583, 32.2308295 ], [ 130.7652889, 32.2313195 ], [ 130.7653619, 32.2314547 ], [ 130.765415, 32.23159 ], [ 130.7654744, 32.2318606 ], [ 130.7654878, 32.2320183 ], [ 130.7654915, 32.2333333 ], [ 130.7654949, 32.2344967 ], [ 130.7657953, 32.2349414 ], [ 130.765925, 32.2352311 ], [ 130.7662894, 32.2362175 ], [ 130.7665811, 32.2371192 ], [ 130.7667, 32.2376771 ], [ 130.7666933, 32.2382521 ], [ 130.7667, 32.2390242 ], [ 130.7666736, 32.239492 ], [ 130.7667133, 32.2403542 ], [ 130.7668922, 32.2422197 ], [ 130.7669386, 32.2425975 ], [ 130.7669783, 32.2427608 ], [ 130.7672964, 32.2433867 ], [ 130.7676606, 32.2440067 ], [ 130.7677467, 32.2442264 ], [ 130.7681001, 32.2458566 ], [ 130.7681838, 32.24631 ] ] } },
{ "type": "Feature", "properties": { "N12_001": "43", "N12_002": 2, "N12_003": 6, "N12_004": "熊本県道玉名停車場立願寺線", "N12_005": 43, "N12_006": 1 }, "geometry": { "type": "LineString", "coordinates": [ [ 130.5484548, 32.9282387 ], [ 130.548551, 32.9291549 ], [ 130.5487491, 32.9295307 ], [ 130.5490296, 32.9297951 ], [ 130.5504158, 32.9302961 ], [ 130.5509274, 32.9333022 ] ] } },
{ "type": "Feature", "properties": { "N12_001": "43", "N12_002": 2, "N12_003": 6, "N12_004": "熊本県道松橋停車場線", "N12_005": 44, "N12_006": 1 }, "geometry": { "type": "LineString", "coordinates": [ [ 130.6996896, 32.6516676 ], [ 130.6975396, 32.6516211 ], [ 130.6884163, 32.6510362 ] ] } },
{ "type": "Feature", "properties": { "N12_001": "43", "N12_002": 2, "N12_003": 6, "N12_004": "熊本県道原立門線", "N12_005": 45, "N12_006": 1 }, "geometry": { "type": "LineString", "coordinates": [ [ 130.8960966, 33.0193387 ], [ 130.8962575, 33.0193772 ], [ 130.8969247, 33.0193918 ], [ 130.8971016, 33.0193552 ], [ 130.8979109, 33.0190399 ], [ 130.8983257, 33.0187443 ], [ 130.8986824, 33.018605 ], [ 130.8989957, 33.0185903 ], [ 130.8992916, 33.0186526 ], [ 130.8998746, 33.0189972 ], [ 130.900227, 33.0191768 ], [ 130.9007578, 33.0194077 ], [ 130.9009351, 33.0196029 ], [ 130.9012157, 33.0200977 ], [ 130.9016987, 33.0199768 ], [ 130.901764, 33.0198558 ], [ 130.9017183, 33.0197019 ], [ 130.9008242, 33.0186682 ], [ 130.8998974, 33.0177885 ], [ 130.8992905, 33.0171012 ], [ 130.8986183, 33.0165679 ], [ 130.8985269, 33.0163755 ], [ 130.8985595, 33.0159246 ], [ 130.8986052, 33.0153363 ], [ 130.8987227, 33.0151493 ], [ 130.8989381, 33.0149514 ], [ 130.8992252, 33.0148359 ], [ 130.900054, 33.014671 ], [ 130.900798, 33.0143851 ], [ 130.9012418, 33.0143631 ], [ 130.9016529, 33.0141322 ], [ 130.9018879, 33.0140882 ], [ 130.902299, 33.0140772 ], [ 130.9026971, 33.0141102 ], [ 130.9031605, 33.0143246 ], [ 130.9035325, 33.014616 ], [ 130.9039632, 33.0147315 ], [ 130.9043417, 33.0149349 ], [ 130.9047528, 33.0150064 ], [ 130.9053206, 33.0153308 ], [ 130.9058753, 33.0153583 ], [ 130.906293, 33.0154518 ], [ 130.9067564, 33.0154847 ], [ 130.907285, 33.0156277 ], [ 130.9076961, 33.0158201 ], [ 130.9081725, 33.0159796 ], [ 130.9086033, 33.016249 ], [ 130.909667, 33.0166779 ], [ 130.9106655, 33.0169033 ], [ 130.9108548, 33.0169033 ], [ 130.9112007, 33.0168538 ], [ 130.9118207, 33.0168868 ], [ 130.9121143, 33.0169198 ], [ 130.9126508, 33.0168162 ], [ 130.9131032, 33.0165963 ], [ 130.9133208, 33.0164204 ], [ 130.9137733, 33.0162078 ], [ 130.914191, 33.0160758 ], [ 130.9148175, 33.0159512 ], [ 130.9153657, 33.0159732 ], [ 130.9158704, 33.0160245 ], [ 130.9162706, 33.0158705 ], [ 130.916349, 33.0156286 ], [ 130.9161227, 33.0148442 ], [ 130.9167579, 33.0144996 ], [ 130.9172713, 33.014309 ], [ 130.9180545, 33.0141404 ], [ 130.9191002, 33.0138362 ], [ 130.9201792, 33.0137873 ], [ 130.9209333, 33.013367 ], [ 130.924495, 33.013064 ], [ 130.926038, 33.0127023 ], [ 130.9269894, 33.0128294 ], [ 130.9273142, 33.0130542 ], [ 130.9275579, 33.0130835 ], [ 130.92808, 33.0129662 ], [ 130.9287297, 33.0132986 ], [ 130.9289965, 33.0132302 ], [ 130.9295302, 33.0130249 ], [ 130.9302813, 33.0130518 ], [ 130.9309949, 33.0129931 ], [ 130.9324393, 33.0131251 ], [ 130.9327873, 33.0133597 ], [ 130.9329961, 33.0139608 ], [ 130.9333616, 33.0139755 ], [ 130.9341447, 33.0135063 ], [ 130.9361286, 33.0137555 ], [ 130.9371728, 33.0137262 ], [ 130.9376078, 33.0137555 ], [ 130.9385824, 33.0142541 ], [ 130.9391741, 33.0144447 ], [ 130.939731, 33.0145766 ], [ 130.9406881, 33.0150458 ], [ 130.9416452, 33.0152511 ], [ 130.9420803, 33.0155736 ], [ 130.9421673, 33.0159109 ], [ 130.9421325, 33.0163067 ], [ 130.942498, 33.0170545 ], [ 130.9429328, 33.0174944 ], [ 130.9443774, 33.0188726 ], [ 130.9449169, 33.0191218 ], [ 130.9454912, 33.0198403 ], [ 130.9470576, 33.0216437 ], [ 130.9482585, 33.0225234 ], [ 130.9486762, 33.0231686 ], [ 130.9492854, 33.0238284 ], [ 130.9503992, 33.0259983 ], [ 130.9516001, 33.0265995 ], [ 130.9518436, 33.0279337 ], [ 130.9522265, 33.0285788 ], [ 130.9521743, 33.0288574 ], [ 130.9519132, 33.0291507 ], [ 130.9520003, 33.0294146 ], [ 130.952888, 33.0302796 ], [ 130.954089, 33.0306315 ], [ 130.9547678, 33.0307048 ], [ 130.9561254, 33.0312913 ], [ 130.9570828, 33.0313939 ], [ 130.9575527, 33.0315406 ], [ 130.958336, 33.0320098 ], [ 130.9591366, 33.0320684 ], [ 130.9597632, 33.0322737 ], [ 130.9603899, 33.0324056 ], [ 130.9612775, 33.0328015 ], [ 130.9622175, 33.0329921 ] ] } },
{ "type": "Feature", "properties": { "N12_001": "43", "N12_002": 2, "N12_003": 6, "N12_004": "熊本県道堂園小森線", "N12_005": 46, "N12_006": 1 }, "geometry": { "type": "LineString", "coordinates": [ [ 130.8577692, 32.8291227 ], [ 130.8597718, 32.8299229 ], [ 130.8667885, 32.8327333 ], [ 130.8717014, 32.8347247 ], [ 130.8736973, 32.8355613 ], [ 130.8749489, 32.8361583 ], [ 130.875228, 32.836284 ], [ 130.8760376, 32.8363704 ], [ 130.8776381, 32.8365511 ], [ 130.8812997, 32.8370774 ], [ 130.8815509, 32.837101 ], [ 130.8820907, 32.8369831 ], [ 130.882984, 32.8369753 ], [ 130.883989, 32.8370696 ], [ 130.8851242, 32.837643 ], [ 130.8862408, 32.8377687 ], [ 130.890205, 32.8381772 ], [ 130.8910611, 32.8381536 ], [ 130.8953509, 32.8380201 ], [ 130.8997208, 32.8378787 ], [ 130.9019355, 32.8378001 ], [ 130.9026905, 32.8378475 ] ] } },
{ "type": "Feature", "properties": { "N12_001": "43", "N12_002": 2, "N12_003": 6, "N12_004": "熊本県道御船甲佐線", "N12_005": 47, "N12_006": 1 }, "geometry": { "type": "LineString", "coordinates": [ [ 130.7871781, 32.7181611 ], [ 130.7861134, 32.7166929 ], [ 130.7859573, 32.716594 ], [ 130.7857449, 32.7165867 ], [ 130.7854674, 32.716649 ], [ 130.785255, 32.7166453 ], [ 130.7840183, 32.7160067 ], [ 130.784673, 32.7154386 ], [ 130.7851499, 32.7149255 ], [ 130.7850321, 32.7148382 ], [ 130.7835566, 32.7139928 ], [ 130.7834772, 32.7139464 ], [ 130.7834352, 32.7138743 ], [ 130.7834222, 32.7138132 ], [ 130.7834208, 32.7135029 ], [ 130.7833254, 32.7132537 ], [ 130.7833081, 32.7131376 ], [ 130.7833167, 32.7130631 ], [ 130.7836022, 32.7125616 ], [ 130.7838659, 32.7121945 ], [ 130.784139, 32.711878 ], [ 130.7847496, 32.7112324 ], [ 130.7847814, 32.7111298 ], [ 130.7847293, 32.7105922 ], [ 130.7847151, 32.7104279 ], [ 130.7847402, 32.7101624 ], [ 130.7846708, 32.7099783 ], [ 130.784101, 32.7089223 ], [ 130.7838885, 32.7087379 ], [ 130.7836111, 32.7085033 ], [ 130.7835215, 32.7082321 ], [ 130.7832599, 32.7073146 ], [ 130.7832946, 32.70697 ], [ 130.7830518, 32.7062956 ], [ 130.7829253, 32.7053287 ], [ 130.7830553, 32.7048815 ], [ 130.7829253, 32.7044344 ], [ 130.7827952, 32.7043464 ], [ 130.7819455, 32.7043098 ], [ 130.7816247, 32.7042291 ], [ 130.7815034, 32.7039212 ], [ 130.7811826, 32.7026458 ], [ 130.7808878, 32.702162 ], [ 130.7807924, 32.7020117 ], [ 130.7807447, 32.7018358 ], [ 130.7807274, 32.7016892 ], [ 130.7806147, 32.7014692 ] ] } },
{ "type": "Feature", "properties": { "N12_001": "43", "N12_002": 2, "N12_003": 6, "N12_004": "熊本県道八代港大手町線", "N12_005": 48, "N12_006": 1 }, "geometry": { "type": "LineString", "coordinates": [ [ 130.6011314, 32.5086394 ], [ 130.6036372, 32.5085311 ], [ 130.6110872, 32.5081252 ], [ 130.6118351, 32.5079545 ], [ 130.6127784, 32.5077159 ] ] } },
{ "type": "Feature", "properties": { "N12_001": "43", "N12_002": 2, "N12_003": 6, "N12_004": "熊本県道梶屋多良木線", "N12_005": 49, "N12_006": 1 }, "geometry": { "type": "LineString", "coordinates": [ [ 130.9379535, 32.2634337 ], [ 130.9375363, 32.2639506 ], [ 130.937066, 32.2644438 ], [ 130.936508, 32.2649965 ] ] } },
{ "type": "Feature", "properties": { "N12_001": "43", "N12_002": 2, "N12_003": 6, "N12_004": "熊本県道益城菊陽線", "N12_005": 50, "N12_006": 1 }, "geometry": { "type": "LineString", "coordinates": [ [ 130.8179036, 32.7898565 ], [ 130.8175081, 32.7910568 ], [ 130.8170633, 32.7921005 ], [ 130.8168779, 32.7927163 ] ] } },
{ "type": "Feature", "properties": { "N12_001": "43", "N12_002": 2, "N12_003": 6, "N12_004": "熊本県道鯛生菊池線", "N12_005": 51, "N12_006": 1 }, "geometry": { "type": "LineString", "coordinates": [ [ 130.8142769, 32.9845079 ], [ 130.8130477, 32.9860606 ] ] } },
{ "type": "Feature", "properties": { "N12_001": "43", "N12_002": 2, "N12_003": 6, "N12_004": "熊本県道熊本大津線", "N12_005": 52, "N12_006": 1 }, "geometry": { "type": "LineString", "coordinates": [ [ 130.7911909, 32.8884188 ], [ 130.7908394, 32.8881659 ], [ 130.790574, 32.8877338 ], [ 130.7900573, 32.8870457 ], [ 130.789071, 32.886354 ], [ 130.7883516, 32.8856577 ] ] } },
{ "type": "Feature", "properties": { "N12_001": "43", "N12_002": 2, "N12_003": 6, "N12_004": "熊本県道大牟田荒尾線", "N12_005": 53, "N12_006": 1 }, "geometry": { "type": "LineString", "coordinates": [ [ 130.43255, 32.9841172 ], [ 130.432503, 32.9854169 ], [ 130.4324846, 32.986157 ] ] } },
{ "type": "Feature", "properties": { "N12_001": "43", "N12_002": 2, "N12_003": 6, "N12_004": "熊本県道小国停車場線", "N12_005": 54, "N12_006": 1 }, "geometry": { "type": "LineString", "coordinates": [ [ 131.0639125, 33.1227292 ], [ 131.064955, 33.1218617 ], [ 131.0667527, 33.1235023 ] ] } },
{ "type": "Feature", "properties": { "N12_001": "43", "N12_002": 2, "N12_003": 6, "N12_004": "熊本県道水俣田浦線", "N12_005": 55, "N12_006": 1 }, "geometry": { "type": "LineString", "coordinates": [ [ 130.4444724, 32.2343271 ], [ 130.4434956, 32.2344906 ] ] } },
{ "type": "Feature", "properties": { "N12_001": "43", "N12_002": 2, "N12_003": 7, "N12_004": "熊本市道水前寺公園水前寺6丁目第1号線", "N12_005": 56, "N12_006": 1 }, "geometry": { "type": "LineString", "coordinates": [ [ 130.7463348, 32.787849 ], [ 130.7456395, 32.7878356 ], [ 130.7445019, 32.7878252 ], [ 130.7427517, 32.7878217 ], [ 130.7422406, 32.7878147 ], [ 130.741285, 32.7877517 ], [ 130.7410693, 32.7877347 ] ] } },
{ "type": "Feature", "properties": { "N12_001": "43", "N12_002": 2, "N12_003": 7, "N12_004": "熊本市道秋津新町新外3丁目第1号線", "N12_005": 57, "N12_006": 1 }, "geometry": { "type": "LineString", "coordinates": [ [ 130.764689, 32.7880747 ], [ 130.7650171, 32.7863987 ], [ 130.7657968, 32.7824688 ], [ 130.7664999, 32.7789649 ] ] } },
{ "type": "Feature", "properties": { "N12_001": "43", "N12_002": 1, "N12_003": 9, "N12_004": "-", "N12_005": 58, "N12_006": 1 }, "geometry": { "type": "LineString", "coordinates": [ [ 130.6882849, 32.7844873 ], [ 130.6886848, 32.7832528 ], [ 130.6887381, 32.7827349 ], [ 130.6888803, 32.779748 ] ] } },
{ "type": "Feature", "properties": { "N12_001": "43", "N12_002": 1, "N12_003": 9, "N12_004": "-", "N12_005": 59, "N12_006": 1 }, "geometry": { "type": "LineString", "coordinates": [ [ 130.7880859, 32.7937593 ], [ 130.7869582, 32.7959364 ] ] } },
{ "type": "Feature", "properties": { "N12_001": "43", "N12_002": 1, "N12_003": 3, "N12_004": "一般国道57号", "N12_005": 1, "N12_006": 3 }, "geometry": { "type": "LineString", "coordinates": [ [ 131.0000342, 32.9210036 ], [ 130.9972787, 32.9244688 ], [ 130.9966682, 32.9248445 ], [ 130.9960742, 32.9249419 ], [ 130.9955627, 32.9249558 ], [ 130.9937806, 32.9242878 ], [ 130.9925835, 32.9240358 ], [ 130.9917988, 32.9239616 ], [ 130.9906694, 32.9239801 ], [ 130.9890707, 32.9241781 ], [ 130.9884106, 32.924209 ], [ 130.9877213, 32.9241595 ], [ 130.9871273, 32.9240296 ], [ 130.9864168, 32.9237505 ], [ 130.9857953, 32.923398 ], [ 130.9853553, 32.9230454 ], [ 130.9849428, 32.9226047 ], [ 130.9846842, 32.922229 ], [ 130.9844972, 32.9219228 ], [ 130.9843762, 32.9215981 ], [ 130.9842511, 32.9211215 ], [ 130.9841356, 32.9199247 ], [ 130.9839871, 32.9190132 ], [ 130.9837643, 32.9183452 ], [ 130.9834343, 32.9176494 ], [ 130.9830301, 32.9170857 ], [ 130.9825186, 32.9165013 ], [ 130.9818504, 32.915875 ], [ 130.9809367, 32.9152668 ], [ 130.9798423, 32.9147611 ], [ 130.9759375, 32.9131422 ], [ 130.962817, 32.9076881 ], [ 130.9568592, 32.9055258 ], [ 130.951745, 32.9040228 ], [ 130.9381143, 32.9008951 ], [ 130.9344025, 32.9002062 ], [ 130.9324724, 32.899914 ], [ 130.9182071, 32.8999453 ], [ 130.9078886, 32.8996322 ], [ 130.9046966, 32.8991312 ], [ 130.8997971, 32.8976908 ], [ 130.8967041, 32.8965288 ], [ 130.8961927, 32.8960974 ], [ 130.8959123, 32.8955407 ], [ 130.8959288, 32.8946918 ], [ 130.8960607, 32.8925765 ], [ 130.8963577, 32.8909066 ], [ 130.8963267, 32.8890678 ], [ 130.896743, 32.8876867 ] ] } },
{ "type": "Feature", "properties": { "N12_001": "43", "N12_002": 2, "N12_003": 9, "N12_004": "-", "N12_005": 60, "N12_006": 1 }, "geometry": { "type": "LineString", "coordinates": [ [ 131.0803072, 32.9360027 ], [ 131.080128, 32.9350015 ] ] } },
{ "type": "Feature", "properties": { "N12_001": "43", "N12_002": 2, "N12_003": 9, "N12_004": "-", "N12_005": 61, "N12_006": 1 }, "geometry": { "type": "LineString", "coordinates": [ [ 131.1226013, 32.8258323 ], [ 131.1226222, 32.8267944 ], [ 131.1225477, 32.8271156 ] ] } },
{ "type": "Feature", "properties": { "N12_001": "43", "N12_002": 2, "N12_003": 7, "N12_004": "熊本市道本荘町流通団地2丁目第1号線", "N12_005": 62, "N12_006": 1 }, "geometry": { "type": "LineString", "coordinates": [ [ 130.7055054, 32.763189 ], [ 130.7049307, 32.7666862 ] ] } },
{ "type": "Feature", "properties": { "N12_001": "43", "N12_002": 2, "N12_003": 7, "N12_004": "熊本市道桜町新町1丁目第1号線", "N12_005": 63, "N12_006": 1 }, "geometry": { "type": "LineString", "coordinates": [ [ 130.7026592, 32.8012389 ], [ 130.7015346, 32.8027979 ], [ 130.7012799, 32.8029413 ], [ 130.70042, 32.8031654 ], [ 130.6992522, 32.8030668 ] ] } },
{ "type": "Feature", "properties": { "N12_001": "43", "N12_002": 2, "N12_003": 9, "N12_004": "-", "N12_005": 64, "N12_006": 1 }, "geometry": { "type": "LineString", "coordinates": [ [ 130.6514464, 32.691412 ], [ 130.651452, 32.6903966 ], [ 130.651519, 32.6902029 ], [ 130.6517201, 32.690014 ], [ 130.6588719, 32.6866513 ] ] } },
{ "type": "Feature", "properties": { "N12_001": "43", "N12_002": 2, "N12_003": 9, "N12_004": "-", "N12_005": 65, "N12_006": 1 }, "geometry": { "type": "LineString", "coordinates": [ [ 130.1921224, 32.4597702 ], [ 130.1954995, 32.4621699 ] ] } },
{ "type": "Feature", "properties": { "N12_001": "43", "N12_002": 2, "N12_003": 7, "N12_004": "町道関町・中央線", "N12_005": 66, "N12_006": 1 }, "geometry": { "type": "LineString", "coordinates": [ [ 130.5476802, 33.0661235 ], [ 130.5458532, 33.0638346 ], [ 130.5436711, 33.0619473 ], [ 130.5415322, 33.0608967 ] ] } },
{ "type": "Feature", "properties": { "N12_001": "43", "N12_002": 2, "N12_003": 9, "N12_004": "-", "N12_005": 67, "N12_006": 1 }, "geometry": { "type": "LineString", "coordinates": [ [ 130.6911435, 33.0149131 ], [ 130.6910247, 33.016324 ], [ 130.6902528, 33.0174647 ], [ 130.6901578, 33.0177548 ], [ 130.6919392, 33.0182351 ] ] } },
{ "type": "Feature", "properties": { "N12_001": "43", "N12_002": 2, "N12_003": 9, "N12_004": "-", "N12_005": 68, "N12_006": 1 }, "geometry": { "type": "LineString", "coordinates": [ [ 130.8083995, 32.9747797 ], [ 130.812912, 32.9769439 ] ] } },
{ "type": "Feature", "properties": { "N12_001": "43", "N12_002": 2, "N12_003": 9, "N12_004": "-", "N12_005": 69, "N12_006": 1 }, "geometry": { "type": "LineString", "coordinates": [ [ 130.8119147, 32.9808613 ], [ 130.8131078, 32.9788501 ] ] } },
{ "type": "Feature", "properties": { "N12_001": "43", "N12_002": 2, "N12_003": 9, "N12_004": "-", "N12_005": 70, "N12_006": 1 }, "geometry": { "type": "LineString", "coordinates": [ [ 130.4434956, 32.2344906 ], [ 130.4424269, 32.2335634 ], [ 130.4418234, 32.2334209 ], [ 130.4397781, 32.2332642 ], [ 130.4388561, 32.2330362 ] ] } },
{ "type": "Feature", "properties": { "N12_001": "43", "N12_002": 2, "N12_003": 9, "N12_004": "-", "N12_005": 71, "N12_006": 1 }, "geometry": { "type": "LineString", "coordinates": [ [ 130.6914025, 32.5707032 ], [ 130.6833669, 32.5745453 ], [ 130.6840961, 32.5757911 ], [ 130.6837592, 32.575968 ], [ 130.6834863, 32.5766108 ], [ 130.6831878, 32.5768058 ], [ 130.682966, 32.5772535 ], [ 130.6824798, 32.5775496 ], [ 130.6708714, 32.5831465 ] ] } },
{ "type": "Feature", "properties": { "N12_001": "43", "N12_002": 2, "N12_003": 9, "N12_004": "-", "N12_005": 72, "N12_006": 1 }, "geometry": { "type": "LineString", "coordinates": [ [ 130.6884547, 32.6485501 ], [ 130.6910092, 32.6469089 ] ] } },
{ "type": "Feature", "properties": { "N12_001": "43", "N12_002": 2, "N12_003": 9, "N12_004": "-", "N12_005": 73, "N12_006": 1 }, "geometry": { "type": "LineString", "coordinates": [ [ 130.9886127, 32.6890107 ], [ 130.988591, 32.6884989 ], [ 130.9884037, 32.6879383 ], [ 130.9885334, 32.6875727 ], [ 130.9887496, 32.6873046 ], [ 130.9892972, 32.6868658 ], [ 130.9895134, 32.6864149 ], [ 130.9900466, 32.684916 ], [ 130.990306, 32.6849769 ], [ 130.9903636, 32.6847941 ], [ 130.9903204, 32.6843676 ], [ 130.988274, 32.6846113 ], [ 130.9868761, 32.6848794 ], [ 130.9855071, 32.6849038 ], [ 130.9853485, 32.6850257 ], [ 130.9852044, 32.6852572 ] ] } },
{ "type": "Feature", "properties": { "N12_001": "43", "N12_002": 2, "N12_003": 9, "N12_004": "-", "N12_005": 74, "N12_006": 1 }, "geometry": { "type": "LineString", "coordinates": [ [ 130.791122, 32.6416844 ], [ 130.790397, 32.6406485 ], [ 130.7901377, 32.6404819 ], [ 130.7898928, 32.640356 ], [ 130.7895616, 32.6402829 ] ] } },
{ "type": "Feature", "properties": { "N12_001": "43", "N12_002": 2, "N12_003": 9, "N12_004": "-", "N12_005": 75, "N12_006": 1 }, "geometry": { "type": "LineString", "coordinates": [ [ 130.6011314, 32.5086394 ], [ 130.6010483, 32.5067761 ] ] } },
{ "type": "Feature", "properties": { "N12_001": "43", "N12_002": 2, "N12_003": 9, "N12_004": "-", "N12_005": 76, "N12_006": 1 }, "geometry": { "type": "LineString", "coordinates": [ [ 130.6239039, 32.5137323 ], [ 130.6241898, 32.5139426 ], [ 130.6246752, 32.5139974 ], [ 130.6265416, 32.5159718 ], [ 130.6266063, 32.516246 ], [ 130.6275476, 32.5174229 ] ] } },
{ "type": "Feature", "properties": { "N12_001": "43", "N12_002": 2, "N12_003": 9, "N12_004": "-", "N12_005": 77, "N12_006": 1 }, "geometry": { "type": "LineString", "coordinates": [ [ 130.9004563, 32.2389434 ], [ 130.8999831, 32.2394187 ], [ 130.8994453, 32.2398209 ], [ 130.8991442, 32.2399855 ], [ 130.8988645, 32.2400769 ], [ 130.8984988, 32.2400951 ] ] } },
{ "type": "Feature", "properties": { "N12_001": "43", "N12_002": 2, "N12_003": 9, "N12_004": "-", "N12_005": 78, "N12_006": 1 }, "geometry": { "type": "LineString", "coordinates": [ [ 130.7625731, 32.199695 ], [ 130.7619295, 32.2008894 ], [ 130.7606232, 32.2026685 ], [ 130.7590751, 32.2054658 ], [ 130.7573545, 32.2075354 ], [ 130.7547714, 32.2133555 ] ] } },
{ "type": "Feature", "properties": { "N12_001": "43", "N12_002": 2, "N12_003": 9, "N12_004": "-", "N12_005": 79, "N12_006": 1 }, "geometry": { "type": "LineString", "coordinates": [ [ 130.6494366, 32.2525863 ], [ 130.6501596, 32.2526111 ], [ 130.6508403, 32.2523334 ], [ 130.6511398, 32.2522756 ], [ 130.6515074, 32.2523797 ], [ 130.651875, 32.2528194 ], [ 130.6521745, 32.2530045 ], [ 130.652651, 32.2531317 ], [ 130.6533181, 32.2530739 ] ] } },
{ "type": "Feature", "properties": { "N12_001": "43", "N12_002": 2, "N12_003": 9, "N12_004": "-", "N12_005": 80, "N12_006": 1 }, "geometry": { "type": "LineString", "coordinates": [ [ 130.4386792, 32.9833403 ], [ 130.4354585, 32.983844 ], [ 130.43255, 32.9841172 ] ] } },
{ "type": "Feature", "properties": { "N12_001": "43", "N12_002": 2, "N12_003": 9, "N12_004": "-", "N12_005": 81, "N12_006": 1 }, "geometry": { "type": "LineString", "coordinates": [ [ 130.7481384, 32.7381005 ], [ 130.7485665, 32.7384499 ], [ 130.7489544, 32.7386355 ], [ 130.7493715, 32.7387716 ], [ 130.7498326, 32.7388334 ], [ 130.7501838, 32.7388087 ], [ 130.7511791, 32.7385798 ], [ 130.7514499, 32.7385798 ], [ 130.7517646, 32.7386169 ], [ 130.7521524, 32.7387406 ], [ 130.7541741, 32.739707 ], [ 130.7554804, 32.7402359 ], [ 130.7565123, 32.7405699 ], [ 130.7574893, 32.7410059 ] ] } },
{ "type": "Feature", "properties": { "N12_001": "43", "N12_002": 2, "N12_003": 9, "N12_004": "-", "N12_005": 82, "N12_006": 1 }, "geometry": { "type": "LineString", "coordinates": [ [ 130.7893729, 32.794228 ], [ 130.7893598, 32.7943416 ], [ 130.7894336, 32.7955951 ], [ 130.7898871, 32.7975835 ], [ 130.789119, 32.7983092 ], [ 130.7879994, 32.7999586 ] ] } },
{ "type": "Feature", "properties": { "N12_001": "43", "N12_002": 2, "N12_003": 9, "N12_004": "-", "N12_005": 83, "N12_006": 1 }, "geometry": { "type": "LineString", "coordinates": [ [ 130.8288456, 32.8648988 ], [ 130.8298148, 32.8629118 ], [ 130.8293677, 32.8627386 ], [ 130.8293457, 32.8619407 ], [ 130.8279459, 32.8619716 ] ] } },
{ "type": "Feature", "properties": { "N12_001": "43", "N12_002": 2, "N12_003": 7, "N12_004": "玉名市道立願寺横町線", "N12_005": 84, "N12_006": 1 }, "geometry": { "type": "LineString", "coordinates": [ [ 130.5615316, 32.9373231 ], [ 130.5620859, 32.9371526 ], [ 130.562328, 32.936981 ], [ 130.562416, 32.9367166 ], [ 130.5620639, 32.9352553 ] ] } },
{ "type": "Feature", "properties": { "N12_001": "43", "N12_002": 2, "N12_003": 9, "N12_004": "-", "N12_005": 85, "N12_006": 1 }, "geometry": { "type": "LineString", "coordinates": [ [ 130.4488801, 32.931723 ], [ 130.4536324, 32.9305277 ], [ 130.4533537, 32.9293772 ] ] } },
{ "type": "Feature", "properties": { "N12_001": "43", "N12_002": 2, "N12_003": 9, "N12_004": "-", "N12_005": 86, "N12_006": 1 }, "geometry": { "type": "LineString", "coordinates": [ [ 131.1212711, 32.9512636 ], [ 131.1212667, 32.9516067 ] ] } },
{ "type": "Feature", "properties": { "N12_001": "43", "N12_002": 2, "N12_003": 9, "N12_004": "-", "N12_005": 87, "N12_006": 1 }, "geometry": { "type": "LineString", "coordinates": [ [ 130.8036822, 32.714219 ], [ 130.8025373, 32.7140136 ], [ 130.8021308, 32.7138872 ], [ 130.8015233, 32.7134566 ] ] } },
{ "type": "Feature", "properties": { "N12_001": "43", "N12_002": 2, "N12_003": 9, "N12_004": "-", "N12_005": 88, "N12_006": 1 }, "geometry": { "type": "LineString", "coordinates": [ [ 130.7883516, 32.8856577 ], [ 130.789722, 32.8853375 ] ] } },
{ "type": "Feature", "properties": { "N12_001": "43", "N12_002": 2, "N12_003": 7, "N12_004": "熊本市道八景水谷2丁目第13号線", "N12_005": 89, "N12_006": 1 }, "geometry": { "type": "LineString", "coordinates": [ [ 130.7227798, 32.8417338 ], [ 130.7277007, 32.8421454 ] ] } },
{ "type": "Feature", "properties": { "N12_001": "43", "N12_002": 2, "N12_003": 9, "N12_004": "-", "N12_005": 90, "N12_006": 1 }, "geometry": { "type": "LineString", "coordinates": [ [ 130.6884163, 32.6510362 ], [ 130.6884931, 32.6494763 ], [ 130.6884547, 32.6485501 ], [ 130.6839602, 32.6493788 ], [ 130.6835377, 32.6480788 ], [ 130.6832112, 32.6475751 ] ] } },
{ "type": "Feature", "properties": { "N12_001": "43", "N12_002": 2, "N12_003": 9, "N12_004": "-", "N12_005": 91, "N12_006": 1 }, "geometry": { "type": "LineString", "coordinates": [ [ 130.937066, 32.2644438 ], [ 130.9363559, 32.2639273 ], [ 130.9371682, 32.2629264 ] ] } },
{ "type": "Feature", "properties": { "N12_001": "43", "N12_002": 2, "N12_003": 7, "N12_004": "小国町道殿町下広瀬線", "N12_005": 92, "N12_006": 1 }, "geometry": { "type": "LineString", "coordinates": [ [ 131.0667527, 33.1235023 ], [ 131.0667527, 33.1228205 ], [ 131.0668878, 33.1225151 ], [ 131.0671326, 33.1222239 ], [ 131.0678331, 33.1214995 ], [ 131.0681454, 33.1212793 ] ] } },
{ "type": "Feature", "properties": { "N12_001": "43", "N12_002": 2, "N12_003": 7, "N12_004": "熊本市道本荘5丁目帯山9丁目第1号線", "N12_005": 93, "N12_006": 1 }, "geometry": { "type": "LineString", "coordinates": [ [ 130.7631145, 32.806505 ], [ 130.7618732, 32.8059394 ], [ 130.7595934, 32.8048783 ], [ 130.7594334, 32.8048042 ], [ 130.7591289, 32.8047184 ], [ 130.7589064, 32.8047106 ], [ 130.7581608, 32.8047418 ], [ 130.7574425, 32.8047964 ], [ 130.7567555, 32.8048783 ], [ 130.7559865, 32.805046 ], [ 130.7550652, 32.8053113 ], [ 130.7542689, 32.8056156 ], [ 130.7527074, 32.8062748 ], [ 130.7513489, 32.8068483 ], [ 130.7509273, 32.8070199 ], [ 130.7505409, 32.807133 ], [ 130.7500139, 32.8072032 ], [ 130.7483939, 32.8072774 ], [ 130.7481248, 32.8072666 ] ] } },
{ "type": "Feature", "properties": { "N12_001": "43", "N12_002": 2, "N12_003": 6, "N12_004": "熊本県道荒尾南関線", "N12_005": 94, "N12_006": 1 }, "geometry": { "type": "LineString", "coordinates": [ [ 130.548288, 33.0660347 ], [ 130.5480367, 33.0660034 ], [ 130.5476802, 33.0661235 ] ] } },
{ "type": "Feature", "properties": { "N12_001": "43", "N12_002": 1, "N12_003": 3, "N12_004": "一般国道3号", "N12_005": 24, "N12_006": 3 }, "geometry": { "type": "LineString", "coordinates": [ [ 130.5163149, 32.3673332 ], [ 130.5161503, 32.3675723 ], [ 130.5159877, 32.3678314 ], [ 130.5158987, 32.3679011 ], [ 130.5157284, 32.3679823 ], [ 130.5154651, 32.368021 ], [ 130.5153993, 32.3679862 ], [ 130.5152522, 32.3679591 ], [ 130.5150935, 32.367843 ], [ 130.514869, 32.3675761 ], [ 130.5146367, 32.3671622 ], [ 130.5143193, 32.366698 ], [ 130.5140986, 32.3664698 ], [ 130.5137696, 32.3661603 ], [ 130.5134057, 32.3657773 ], [ 130.5132315, 32.3655916 ], [ 130.5132083, 32.3655065 ], [ 130.5131815, 32.3652807 ] ] } },
{ "type": "Feature", "properties": { "N12_001": "43", "N12_002": 1, "N12_003": 3, "N12_004": "一般国道3号", "N12_005": 24, "N12_006": 4 }, "geometry": { "type": "LineString", "coordinates": [ [ 130.566463, 32.4298782 ], [ 130.5668539, 32.43 ], [ 130.5674269, 32.4302747 ], [ 130.5678062, 32.4305648 ], [ 130.568054, 32.4307196 ], [ 130.5682824, 32.4307815 ], [ 130.5687339, 32.4307323 ] ] } },
{ "type": "Feature", "properties": { "N12_001": "43", "N12_002": 1, "N12_003": 3, "N12_004": "一般国道3号", "N12_005": 24, "N12_006": 5 }, "geometry": { "type": "LineString", "coordinates": [ [ 130.6016834, 32.4610228 ], [ 130.6014945, 32.4611985 ], [ 130.6014093, 32.4614228 ], [ 130.6013783, 32.4616085 ], [ 130.601417, 32.4618484 ], [ 130.6016493, 32.462359 ], [ 130.6017809, 32.4626684 ], [ 130.6019358, 32.4631249 ], [ 130.6020751, 32.4635195 ], [ 130.6020751, 32.4639141 ], [ 130.601868, 32.4643609 ] ] } },
{ "type": "Feature", "properties": { "N12_001": "43", "N12_002": 1, "N12_003": 3, "N12_004": "一般国道3号", "N12_005": 24, "N12_006": 6 }, "geometry": { "type": "LineString", "coordinates": [ [ 130.646189, 32.503965 ], [ 130.645774, 32.5034778 ], [ 130.6453018, 32.5026655 ], [ 130.6449688, 32.5015746 ], [ 130.6447366, 32.5005998 ], [ 130.6446437, 32.4999963 ], [ 130.6446979, 32.4994006 ], [ 130.6447288, 32.4987507 ], [ 130.6447908, 32.4981085 ], [ 130.6447521, 32.4975051 ], [ 130.6446592, 32.496832 ], [ 130.6444966, 32.4958571 ], [ 130.6442333, 32.4949055 ], [ 130.6439624, 32.494186 ], [ 130.6436062, 32.4933737 ], [ 130.6432114, 32.4927934 ], [ 130.642561, 32.4919501 ], [ 130.6420268, 32.4914008 ], [ 130.6414229, 32.4909056 ], [ 130.6409042, 32.4904724 ], [ 130.6403932, 32.4901474 ], [ 130.6395493, 32.4897296 ], [ 130.6386899, 32.4893505 ], [ 130.6376679, 32.4888786 ], [ 130.6370021, 32.488631 ], [ 130.635895, 32.4882055 ], [ 130.6347259, 32.487749 ], [ 130.6335878, 32.487308 ], [ 130.6320936, 32.4867897 ], [ 130.6310329, 32.4863951 ], [ 130.629949, 32.4860083 ], [ 130.6291206, 32.4857143 ], [ 130.6279825, 32.4853352 ], [ 130.6271928, 32.4850334 ], [ 130.6263024, 32.4846698 ], [ 130.6253501, 32.4841901 ], [ 130.6242972, 32.483664 ], [ 130.6234146, 32.4830374 ], [ 130.6219126, 32.4818304 ], [ 130.6203177, 32.4803527 ], [ 130.6195202, 32.4796487 ], [ 130.618297, 32.4787822 ], [ 130.6170969, 32.4780162 ], [ 130.6155949, 32.4770259 ], [ 130.6146272, 32.476407 ], [ 130.6137368, 32.4757726 ], [ 130.6131949, 32.4752774 ], [ 130.6125832, 32.474496 ], [ 130.611809, 32.4735134 ], [ 130.6111354, 32.4726082 ], [ 130.6103922, 32.4716179 ], [ 130.6098038, 32.470821 ], [ 130.6090373, 32.4697766 ], [ 130.6084179, 32.4689488 ], [ 130.6077598, 32.4680436 ], [ 130.607396, 32.467649 ], [ 130.6067688, 32.4670997 ], [ 130.6056462, 32.466442 ], [ 130.6028048, 32.4649643 ], [ 130.601868, 32.4643609 ], [ 130.6006138, 32.4636646 ], [ 130.5996615, 32.4631152 ], [ 130.5990803, 32.4627915 ], [ 130.598446, 32.4624344 ], [ 130.5968588, 32.461506 ], [ 130.5951478, 32.4604848 ], [ 130.593491, 32.4595718 ], [ 130.5919812, 32.458744 ], [ 130.5908044, 32.4580709 ], [ 130.5899218, 32.4575989 ], [ 130.5890934, 32.4570187 ], [ 130.5883114, 32.4563301 ], [ 130.5875063, 32.4555332 ], [ 130.5868017, 32.4546435 ], [ 130.586283, 32.453893 ], [ 130.5857875, 32.4531503 ], [ 130.5849513, 32.4518041 ], [ 130.5844868, 32.4511001 ], [ 130.5838055, 32.4499937 ], [ 130.5832248, 32.4491349 ], [ 130.5827216, 32.4484309 ], [ 130.5820712, 32.4475567 ], [ 130.5813977, 32.4466901 ], [ 130.5806854, 32.4459165 ], [ 130.5799112, 32.4450964 ], [ 130.5791989, 32.4443304 ], [ 130.5783782, 32.4434407 ], [ 130.5772478, 32.4422106 ], [ 130.5761794, 32.4410346 ], [ 130.5756452, 32.4402609 ], [ 130.5751187, 32.4393789 ], [ 130.5743523, 32.4380637 ], [ 130.5736322, 32.4368413 ], [ 130.5732064, 32.4362533 ], [ 130.5724399, 32.4353558 ], [ 130.5714567, 32.4344351 ], [ 130.5700553, 32.433174 ], [ 130.5689095, 32.4322379 ], [ 130.5687005, 32.4320445 ], [ 130.5679262, 32.4313018 ], [ 130.5672372, 32.4306054 ], [ 130.566463, 32.4298782 ], [ 130.5658513, 32.4292515 ], [ 130.5654565, 32.4288028 ], [ 130.5651623, 32.4283231 ], [ 130.5649532, 32.4278357 ], [ 130.5646745, 32.4273096 ], [ 130.5638693, 32.4254605 ], [ 130.5631725, 32.4237971 ], [ 130.5625764, 32.4221492 ], [ 130.562166, 32.4209964 ], [ 130.5614305, 32.4188379 ], [ 130.5606486, 32.4167412 ], [ 130.5600215, 32.4149695 ], [ 130.5596498, 32.4140256 ], [ 130.558953, 32.4120682 ], [ 130.5583569, 32.4104744 ], [ 130.5578072, 32.409283 ], [ 130.5573736, 32.4083855 ], [ 130.557002, 32.4077356 ], [ 130.5565839, 32.4071786 ], [ 130.5562123, 32.4067144 ], [ 130.5544935, 32.4053218 ], [ 130.5531774, 32.4043624 ], [ 130.5523489, 32.4038286 ], [ 130.5517451, 32.4034263 ], [ 130.5510095, 32.4029775 ], [ 130.5501347, 32.4023199 ], [ 130.549105, 32.4016159 ], [ 130.5486017, 32.4012445 ], [ 130.5475256, 32.4003625 ], [ 130.5465191, 32.3994264 ], [ 130.54511, 32.3980724 ], [ 130.5445061, 32.3974922 ], [ 130.544088, 32.3969893 ], [ 130.5433448, 32.3960918 ], [ 130.5429577, 32.3956044 ], [ 130.5425241, 32.3949468 ], [ 130.5421215, 32.3942969 ], [ 130.5417266, 32.3934536 ], [ 130.5413705, 32.3924478 ], [ 130.5412079, 32.3914111 ], [ 130.541146, 32.3903589 ], [ 130.5411692, 32.3890282 ], [ 130.5412931, 32.3876588 ], [ 130.5413473, 32.3865602 ], [ 130.5412776, 32.3857865 ], [ 130.541177, 32.3848117 ], [ 130.5408982, 32.3838214 ], [ 130.540701, 32.3832398 ], [ 130.540124, 32.3820883 ], [ 130.5395588, 32.3812837 ], [ 130.5389085, 32.3804636 ], [ 130.5381807, 32.3795197 ], [ 130.5378246, 32.37904 ], [ 130.5373059, 32.378483 ], [ 130.5356471, 32.3769975 ], [ 130.5349271, 32.3763979 ], [ 130.5341296, 32.375721 ], [ 130.5333399, 32.3751833 ], [ 130.5326121, 32.3747113 ], [ 130.5318341, 32.3741427 ], [ 130.5308353, 32.3735508 ], [ 130.5295733, 32.3727849 ], [ 130.5286017, 32.3723903 ], [ 130.5275371, 32.3719493 ], [ 130.5268132, 32.3717017 ], [ 130.5258842, 32.3713729 ], [ 130.5253229, 32.3711795 ], [ 130.5245061, 32.3709049 ], [ 130.5232363, 32.3704987 ], [ 130.5219744, 32.3700345 ], [ 130.5211498, 32.3697173 ], [ 130.5194969, 32.3690171 ], [ 130.5187226, 32.3686844 ], [ 130.5177665, 32.3682434 ], [ 130.5164464, 32.3674195 ], [ 130.5163149, 32.3673332 ], [ 130.5154787, 32.366785 ], [ 130.5145573, 32.366081 ], [ 130.5132373, 32.3648431 ], [ 130.5129779, 32.3645839 ], [ 130.5124708, 32.3640114 ], [ 130.5118979, 32.3633422 ], [ 130.5114837, 32.3627426 ], [ 130.5110037, 32.3619534 ], [ 130.5104927, 32.3610753 ], [ 130.5098733, 32.3598104 ], [ 130.5095675, 32.3591179 ], [ 130.5093043, 32.3583752 ], [ 130.5090217, 32.357617 ], [ 130.5088359, 32.3568549 ], [ 130.5087391, 32.3562979 ], [ 130.5087042, 32.3556712 ], [ 130.5087352, 32.3549788 ], [ 130.5088088, 32.3543753 ], [ 130.5089868, 32.3535823 ], [ 130.5092268, 32.3528589 ], [ 130.5095752, 32.3519769 ], [ 130.5100862, 32.3508473 ], [ 130.510423, 32.3501201 ], [ 130.5106979, 32.3494818 ], [ 130.5109805, 32.3488203 ], [ 130.5112437, 32.3482826 ], [ 130.5114489, 32.3477952 ], [ 130.5116618, 32.3473387 ], [ 130.5120527, 32.3464954 ], [ 130.5122386, 32.3460776 ], [ 130.5124476, 32.3456134 ], [ 130.5126953, 32.3449868 ], [ 130.5129199, 32.3444529 ], [ 130.5130825, 32.3439578 ], [ 130.5132721, 32.3433466 ], [ 130.5133728, 32.3430797 ], [ 130.5135586, 32.3424259 ], [ 130.5137289, 32.3417141 ], [ 130.5138954, 32.3409211 ], [ 130.5139806, 32.3404143 ], [ 130.5140889, 32.3397296 ], [ 130.5141664, 32.3389908 ], [ 130.5141896, 32.3384492 ], [ 130.5141935, 32.3372191 ], [ 130.5141702, 32.3362791 ], [ 130.5141315, 32.3352926 ], [ 130.5140696, 32.3341669 ], [ 130.5140309, 32.3335519 ], [ 130.5139767, 32.3323875 ], [ 130.513907, 32.331668 ], [ 130.513876, 32.3308982 ], [ 130.5138335, 32.3300819 ], [ 130.5137986, 32.329227 ], [ 130.513756, 32.3286584 ], [ 130.5137096, 32.3278383 ], [ 130.513636, 32.326759 ], [ 130.5136205, 32.3263567 ], [ 130.5135702, 32.3255637 ], [ 130.5135083, 32.3245772 ], [ 130.5134657, 32.3241053 ], [ 130.5134231, 32.323173 ], [ 130.513396, 32.3224728 ], [ 130.5133457, 32.32197 ], [ 130.5132876, 32.3207978 ], [ 130.5132296, 32.3199507 ], [ 130.513187, 32.319177 ], [ 130.5131289, 32.3182679 ], [ 130.5130825, 32.3173163 ], [ 130.5130399, 32.3165658 ], [ 130.5129896, 32.3151384 ], [ 130.512916, 32.314446 ], [ 130.5128773, 32.3135446 ], [ 130.5128154, 32.3126588 ], [ 130.5127534, 32.3117072 ], [ 130.512707, 32.3107942 ], [ 130.5126102, 32.3098039 ], [ 130.5125095, 32.3090264 ], [ 130.5123315, 32.3078504 ], [ 130.5121766, 32.3069568 ], [ 130.5119792, 32.3061096 ], [ 130.5116579, 32.3048331 ], [ 130.5113327, 32.3037577 ], [ 130.5108914, 32.3024269 ], [ 130.5104966, 32.3014289 ], [ 130.5104205, 32.3012503 ], [ 130.5095803, 32.2994961 ], [ 130.5060862, 32.2908227 ], [ 130.5045158, 32.2874676 ], [ 130.5016961, 32.283256 ], [ 130.4981694, 32.279259 ], [ 130.4968777, 32.2777951 ], [ 130.495343, 32.2759391 ], [ 130.4933799, 32.2734407 ], [ 130.4922378, 32.2704069 ], [ 130.4911313, 32.2650174 ], [ 130.4900606, 32.2616624 ], [ 130.488847, 32.2582359 ], [ 130.4870642, 32.253646 ], [ 130.485351, 32.2495771 ], [ 130.4824395, 32.2467657 ], [ 130.4795252, 32.2451867 ], [ 130.4766011, 32.2442903 ], [ 130.4717881, 32.2431525 ], [ 130.4677892, 32.2419848 ], [ 130.4645765, 32.2410469 ], [ 130.4597956, 32.2383698 ], [ 130.4502445, 32.2305723 ], [ 130.4488644, 32.2300013 ], [ 130.4472796, 32.2292446 ], [ 130.443225, 32.2284308 ], [ 130.4412977, 32.228131 ], [ 130.4395559, 32.2277455 ], [ 130.4378141, 32.2273172 ], [ 130.4366965, 32.2268414 ], [ 130.4363722, 32.2267033 ], [ 130.4354442, 32.2262465 ], [ 130.4341307, 32.2254184 ], [ 130.4328744, 32.2246617 ], [ 130.4322605, 32.2239907 ], [ 130.4313315, 32.2231281 ], [ 130.430532, 32.2219669 ], [ 130.4299419, 32.2209771 ], [ 130.4292376, 32.2195494 ], [ 130.4285143, 32.2179123 ], [ 130.4277719, 32.2164466 ], [ 130.4263632, 32.2139529 ], [ 130.4256208, 32.2129059 ], [ 130.4248213, 32.2116686 ], [ 130.4240028, 32.2112498 ], [ 130.4229368, 32.2110595 ], [ 130.4215994, 32.2110275 ], [ 130.4209952, 32.2109643 ], [ 130.420348, 32.2104123 ], [ 130.4201766, 32.2100506 ], [ 130.4201838, 32.2096785 ] ] } },
{ "type": "Feature", "properties": { "N12_001": "43", "N12_002": 2, "N12_003": 3, "N12_004": "一般国道218号", "N12_005": 3, "N12_006": 3 }, "geometry": { "type": "LineString", "coordinates": [ [ 130.8124696, 32.6260406 ], [ 130.8122356, 32.6262495 ], [ 130.8116161, 32.6270525 ], [ 130.8115317, 32.6271472 ], [ 130.8113581, 32.6272814 ], [ 130.8109648, 32.6275094 ], [ 130.8105922, 32.6276964 ], [ 130.8094717, 32.6281947 ], [ 130.8093717, 32.6283061 ], [ 130.8093083, 32.628425 ], [ 130.80913, 32.6288575 ], [ 130.8086014, 32.6301953 ], [ 130.8085008, 32.6303881 ], [ 130.8080303, 32.6311767 ], [ 130.8073304, 32.6320716 ], [ 130.806666, 32.6325559 ], [ 130.8064144, 32.6326911 ], [ 130.8058633, 32.632887 ], [ 130.8039589, 32.6337258 ], [ 130.8033928, 32.63394 ], [ 130.8017639, 32.6343461 ], [ 130.8014314, 32.6344431 ], [ 130.8006567, 32.6347108 ], [ 130.7999147, 32.6350483 ], [ 130.7994371, 32.6352818 ], [ 130.7990287, 32.635505 ], [ 130.798409, 32.6357484 ], [ 130.798075, 32.6358375 ], [ 130.7977439, 32.6359792 ], [ 130.796688, 32.6364386 ], [ 130.796502, 32.6365295 ], [ 130.7959003, 32.6368575 ], [ 130.7954808, 32.6371278 ], [ 130.7951814, 32.63737 ], [ 130.7945756, 32.6379281 ], [ 130.7933772, 32.6391286 ], [ 130.7924183, 32.6401243 ], [ 130.7916667, 32.6409733 ], [ 130.791122, 32.6416844 ], [ 130.790595, 32.6425454 ], [ 130.7902035, 32.642802 ], [ 130.7898783, 32.6429456 ], [ 130.7893281, 32.6431365 ], [ 130.7881305, 32.6435703 ], [ 130.7858833, 32.6443775 ], [ 130.7854889, 32.6444753 ], [ 130.7851342, 32.6445412 ], [ 130.7848809, 32.6445664 ], [ 130.7843122, 32.6445847 ], [ 130.7840997, 32.6445561 ], [ 130.7838167, 32.644487 ], [ 130.7837022, 32.64445 ], [ 130.7827797, 32.6440418 ], [ 130.781585, 32.6435224 ], [ 130.7793757, 32.642546 ], [ 130.7777853, 32.641852 ], [ 130.7768047, 32.641625 ], [ 130.7757697, 32.6416392 ], [ 130.7744247, 32.6417175 ], [ 130.7737745, 32.6417206 ], [ 130.7724155, 32.6414833 ], [ 130.7719889, 32.6414492 ], [ 130.7715182, 32.6414507 ], [ 130.7707557, 32.6415289 ], [ 130.7689951, 32.641671 ], [ 130.7659732, 32.6419162 ], [ 130.7655701, 32.641917 ], [ 130.7647156, 32.6417681 ], [ 130.7593572, 32.6410118 ], [ 130.7590828, 32.6409717 ], [ 130.7578256, 32.6409758 ], [ 130.757548, 32.6410174 ], [ 130.7561603, 32.6415058 ], [ 130.7550334, 32.6419272 ], [ 130.7538686, 32.6422733 ], [ 130.7521714, 32.6427058 ], [ 130.7507267, 32.6430947 ], [ 130.7502072, 32.6432903 ], [ 130.75, 32.6433309 ], [ 130.7496619, 32.6433761 ], [ 130.7493086, 32.6433858 ], [ 130.7483739, 32.6433086 ], [ 130.74758, 32.6432344 ], [ 130.7473869, 32.6432344 ], [ 130.7470915, 32.6432748 ], [ 130.7450699, 32.6436508 ], [ 130.742115, 32.6441971 ], [ 130.7416645, 32.6442658 ], [ 130.7410624, 32.6442667 ], [ 130.7407848, 32.6442381 ], [ 130.7403097, 32.6440964 ], [ 130.7396642, 32.6438033 ], [ 130.7391514, 32.6435553 ], [ 130.7385187, 32.6432452 ], [ 130.7381394, 32.643082 ], [ 130.7379397, 32.6430256 ], [ 130.7377533, 32.6430086 ], [ 130.7374711, 32.6430095 ], [ 130.7371142, 32.6430986 ], [ 130.7367936, 32.6432424 ], [ 130.7367436, 32.643277 ], [ 130.7366836, 32.6433297 ], [ 130.7362356, 32.6438064 ], [ 130.7359631, 32.6440056 ], [ 130.7357561, 32.6441253 ], [ 130.7355858, 32.6441822 ], [ 130.73544, 32.6442039 ], [ 130.7346328, 32.6442072 ], [ 130.7344372, 32.644232 ], [ 130.7340074, 32.6443068 ], [ 130.733818, 32.644361 ], [ 130.7330744, 32.6446125 ], [ 130.7325094, 32.6447817 ], [ 130.7316897, 32.6450663 ], [ 130.7301511, 32.6455895 ], [ 130.7299778, 32.6456342 ], [ 130.7293164, 32.6457414 ], [ 130.7291003, 32.645805 ], [ 130.7288616, 32.645915 ], [ 130.7283097, 32.6462275 ], [ 130.7279482, 32.6463881 ], [ 130.7276539, 32.6464128 ], [ 130.7273181, 32.6464436 ], [ 130.7266965, 32.6465213 ], [ 130.7262361, 32.6466145 ], [ 130.7257491, 32.6467453 ], [ 130.7250547, 32.6470033 ], [ 130.7244967, 32.6472197 ], [ 130.7241869, 32.6473011 ], [ 130.7230793, 32.6475839 ], [ 130.7221281, 32.6478733 ], [ 130.7213497, 32.6480404 ], [ 130.7207447, 32.6481314 ], [ 130.7205219, 32.6481803 ], [ 130.720345, 32.6482353 ], [ 130.7200645, 32.6483447 ], [ 130.7196929, 32.648536 ], [ 130.7193772, 32.6486836 ], [ 130.7191558, 32.6487761 ], [ 130.7188978, 32.6488483 ], [ 130.7181176, 32.6489546 ], [ 130.7158873, 32.6492467 ] ] } },
{ "type": "Feature", "properties": { "N12_001": "43", "N12_002": 2, "N12_003": 3, "N12_004": "一般国道218号", "N12_005": 3, "N12_006": 4 }, "geometry": { "type": "LineString", "coordinates": [ [ 130.710543, 32.6500591 ], [ 130.7091244, 32.6505617 ], [ 130.7077005, 32.6510811 ], [ 130.70679, 32.6514147 ], [ 130.7065264, 32.6514853 ], [ 130.7062485, 32.6515275 ], [ 130.7061376, 32.6515234 ], [ 130.70597, 32.6515028 ], [ 130.7056072, 32.6514225 ], [ 130.7053042, 32.6513153 ], [ 130.7048039, 32.6510903 ], [ 130.7044841, 32.650983 ], [ 130.7043178, 32.6509495 ], [ 130.7040514, 32.6509211 ], [ 130.7038708, 32.6509211 ], [ 130.7036653, 32.6509381 ], [ 130.7034389, 32.6509719 ], [ 130.7031059, 32.6510508 ], [ 130.7017808, 32.6514445 ], [ 130.70117, 32.6515803 ], [ 130.7007558, 32.651637 ], [ 130.6997943, 32.6516633 ], [ 130.6996896, 32.6516676 ] ] } },
{ "type": "Feature", "properties": { "N12_001": "43", "N12_002": 1, "N12_003": 1, "N12_004": "九州縦貫自動車道鹿児島線", "N12_005": 95, "N12_006": 1 }, "geometry": { "type": "LineString", "coordinates": [ [ 130.7735195, 32.2027945 ], [ 130.7721951, 32.2022546 ], [ 130.7720863, 32.201869 ], [ 130.7722495, 32.2015296 ], [ 130.773447, 32.2009126 ], [ 130.7735921, 32.200604 ], [ 130.7734832, 32.2001644 ] ] } },
{ "type": "Feature", "properties": { "N12_001": "43", "N12_002": 1, "N12_003": 1, "N12_004": "九州縦貫自動車道鹿児島線", "N12_005": 95, "N12_006": 2 }, "geometry": { "type": "LineString", "coordinates": [ [ 130.766045, 32.2252787 ], [ 130.7662759, 32.2253129 ], [ 130.7666373, 32.2252873 ], [ 130.7667678, 32.2254238 ], [ 130.7670289, 32.2261065 ], [ 130.7679776, 32.2292512 ], [ 130.7688109, 32.2304516 ], [ 130.770582, 32.232193 ] ] } },
{ "type": "Feature", "properties": { "N12_001": "43", "N12_002": 1, "N12_003": 1, "N12_004": "九州縦貫自動車道鹿児島線", "N12_005": 95, "N12_006": 3 }, "geometry": { "type": "LineString", "coordinates": [ [ 130.647852, 32.512711 ], [ 130.6514477, 32.5105393 ] ] } },
{ "type": "Feature", "properties": { "N12_001": "43", "N12_002": 1, "N12_003": 1, "N12_004": "九州縦貫自動車道鹿児島線", "N12_005": 95, "N12_006": 4 }, "geometry": { "type": "LineString", "coordinates": [ [ 130.708224, 32.648163 ], [ 130.7088971, 32.6480671 ], [ 130.7094507, 32.6480671 ], [ 130.7096702, 32.6480862 ], [ 130.7097943, 32.648172 ], [ 130.709947, 32.64842 ], [ 130.7102619, 32.649202 ], [ 130.710543, 32.6500591 ] ] } },
{ "type": "Feature", "properties": { "N12_001": "43", "N12_002": 1, "N12_003": 1, "N12_004": "九州縦貫自動車道鹿児島線", "N12_005": 95, "N12_006": 5 }, "geometry": { "type": "LineString", "coordinates": [ [ 130.77732, 32.734107 ], [ 130.7776639, 32.7338786 ], [ 130.777893, 32.7336974 ], [ 130.7780457, 32.7334924 ], [ 130.7781602, 32.7332444 ], [ 130.778122, 32.7330012 ], [ 130.7780171, 32.7327628 ], [ 130.777726, 32.7323956 ], [ 130.7773872, 32.7319474 ], [ 130.7770531, 32.7314753 ], [ 130.7767429, 32.7311128 ], [ 130.7762428, 32.730578 ] ] } },
{ "type": "Feature", "properties": { "N12_001": "43", "N12_002": 1, "N12_003": 1, "N12_004": "九州縦貫自動車道鹿児島線", "N12_005": 95, "N12_006": 6 }, "geometry": { "type": "LineString", "coordinates": [ [ 130.790034, 32.790601 ], [ 130.789582, 32.7906111 ], [ 130.7892623, 32.7906778 ], [ 130.7887421, 32.790859 ], [ 130.7882983, 32.7910832 ], [ 130.7876446, 32.791436 ], [ 130.7870003, 32.7919081 ], [ 130.7866138, 32.7921752 ], [ 130.7862464, 32.7924899 ], [ 130.7860746, 32.792695 ], [ 130.785932, 32.7929443 ] ] } },
{ "type": "Feature", "properties": { "N12_001": "43", "N12_002": 1, "N12_003": 1, "N12_004": "九州縦貫自動車道鹿児島線", "N12_005": 95, "N12_006": 7 }, "geometry": { "type": "LineString", "coordinates": [ [ 130.779596, 32.834355 ], [ 130.7791981, 32.8341201 ], [ 130.7787734, 32.8338673 ], [ 130.7783249, 32.8336051 ], [ 130.7779574, 32.8333857 ], [ 130.7775661, 32.8331902 ], [ 130.7770555, 32.8329899 ], [ 130.7766403, 32.8329088 ], [ 130.7763063, 32.8328755 ], [ 130.7759818, 32.832947 ], [ 130.7756048, 32.8331902 ], [ 130.7754122, 32.8333307 ] ] } },
{ "type": "Feature", "properties": { "N12_001": "43", "N12_002": 1, "N12_003": 1, "N12_004": "九州縦貫自動車道鹿児島線", "N12_005": 95, "N12_006": 8 }, "geometry": { "type": "LineString", "coordinates": [ [ 130.69575, 32.932761 ], [ 130.6956119, 32.9325494 ], [ 130.6955069, 32.9323396 ], [ 130.6954449, 32.9321489 ], [ 130.695421, 32.9319104 ], [ 130.6954353, 32.9317149 ], [ 130.6955212, 32.9315099 ], [ 130.6957264, 32.9312142 ], [ 130.6959555, 32.9309948 ], [ 130.696342, 32.9306753 ], [ 130.6967333, 32.9302748 ], [ 130.6973584, 32.9297216 ], [ 130.6978309, 32.9292829 ], [ 130.6982604, 32.9288728 ], [ 130.6990421, 32.9282111 ] ] } },
{ "type": "Feature", "properties": { "N12_001": "43", "N12_002": 1, "N12_003": 1, "N12_004": "九州縦貫自動車道鹿児島線", "N12_005": 95, "N12_006": 9 }, "geometry": { "type": "LineString", "coordinates": [ [ 130.6054374, 32.9875751 ], [ 130.6057934, 32.9877463 ], [ 130.6064138, 32.9880992 ], [ 130.606953, 32.9884044 ], [ 130.6075352, 32.9887191 ], [ 130.6078805, 32.9889217 ] ] } },
{ "type": "Feature", "properties": { "N12_001": "43", "N12_002": 1, "N12_003": 1, "N12_004": "九州縦貫自動車道鹿児島線", "N12_005": 95, "N12_006": 10 }, "geometry": { "type": "LineString", "coordinates": [ [ 130.545749, 33.071773 ], [ 130.5452273, 33.0714978 ], [ 130.5447931, 33.0712451 ], [ 130.5444399, 33.0710591 ], [ 130.5437289, 33.0706395 ], [ 130.5430322, 33.0702532 ], [ 130.5423784, 33.0698813 ], [ 130.5418487, 33.0695761 ], [ 130.5414375, 33.0693108 ] ] } },
{ "type": "Feature", "properties": { "N12_001": "43", "N12_002": 1, "N12_003": 1, "N12_004": "九州縦貫自動車道鹿児島線", "N12_005": 95, "N12_006": 11 }, "geometry": { "type": "LineString", "coordinates": [ [ 130.7973599, 32.0990287 ], [ 130.797882, 32.101389 ], [ 130.798748, 32.105303 ], [ 130.799383, 32.108262 ], [ 130.800356, 32.112968 ], [ 130.801198, 32.117126 ], [ 130.802125, 32.121517 ], [ 130.802786, 32.124289 ], [ 130.803295, 32.126608 ], [ 130.803555, 32.127949 ], [ 130.803714, 32.12903 ], [ 130.803891, 32.13045 ], [ 130.80401, 32.132168 ], [ 130.804031, 32.132635 ], [ 130.804004, 32.133586 ], [ 130.803879, 32.134187 ], [ 130.803612, 32.135157 ], [ 130.803285, 32.13601 ], [ 130.803011, 32.136618 ], [ 130.802728, 32.13706 ], [ 130.802475, 32.137374 ], [ 130.802192, 32.137803 ], [ 130.801611, 32.138573 ], [ 130.801088, 32.139253 ], [ 130.800406, 32.139968 ], [ 130.800094, 32.140344 ], [ 130.799796, 32.140755 ], [ 130.799455, 32.141346 ], [ 130.799302, 32.141674 ], [ 130.799077, 32.142324 ], [ 130.798968, 32.142706 ], [ 130.798874, 32.143099 ], [ 130.798831, 32.143582 ], [ 130.798707, 32.144566 ], [ 130.798533, 32.145688 ], [ 130.798322, 32.146463 ], [ 130.798184, 32.146874 ], [ 130.797952, 32.14734 ], [ 130.797734, 32.147739 ], [ 130.797451, 32.148145 ], [ 130.797125, 32.148508 ], [ 130.796471, 32.149266 ], [ 130.795832, 32.149922 ], [ 130.795041, 32.150727 ], [ 130.794402, 32.151467 ], [ 130.794075, 32.151962 ], [ 130.793865, 32.152391 ], [ 130.793574, 32.152969 ], [ 130.793437, 32.153369 ], [ 130.793349, 32.153739 ], [ 130.793291, 32.154275 ], [ 130.793284, 32.155397 ], [ 130.79332, 32.155886 ], [ 130.793422, 32.156303 ], [ 130.793654, 32.157186 ], [ 130.793887, 32.157997 ], [ 130.794119, 32.158993 ], [ 130.79433, 32.159995 ], [ 130.794409, 32.16105 ], [ 130.794373, 32.161444 ], [ 130.794308, 32.161915 ], [ 130.794242, 32.162225 ], [ 130.794003, 32.163036 ], [ 130.793647, 32.163925 ], [ 130.793342, 32.164748 ], [ 130.793212, 32.165171 ], [ 130.793095, 32.165714 ], [ 130.792943, 32.166531 ], [ 130.792834, 32.167301 ], [ 130.792689, 32.168213 ], [ 130.792515, 32.168786 ], [ 130.792398, 32.16912 ], [ 130.791977, 32.169931 ], [ 130.791651, 32.170461 ], [ 130.791339, 32.170891 ], [ 130.791084, 32.171362 ], [ 130.790627, 32.172185 ], [ 130.790293, 32.172996 ], [ 130.789974, 32.173932 ], [ 130.789683, 32.174738 ], [ 130.789328, 32.175507 ], [ 130.788914, 32.176187 ], [ 130.788689, 32.176521 ], [ 130.788369, 32.176902 ], [ 130.787854, 32.177487 ], [ 130.787324, 32.178041 ], [ 130.786903, 32.178393 ], [ 130.78622, 32.178954 ], [ 130.785625, 32.179437 ], [ 130.785015, 32.17986 ], [ 130.784282, 32.18032 ], [ 130.783527, 32.180797 ], [ 130.782954, 32.181125 ], [ 130.781988, 32.181763 ], [ 130.78132, 32.182168 ], [ 130.780594, 32.182693 ], [ 130.779977, 32.183158 ], [ 130.779404, 32.183612 ], [ 130.77907, 32.18391 ], [ 130.778721, 32.18428 ], [ 130.778097, 32.184918 ], [ 130.777821, 32.185252 ], [ 130.777596, 32.18561 ], [ 130.777371, 32.185979 ], [ 130.777146, 32.186415 ], [ 130.776986, 32.186784 ], [ 130.77687, 32.187214 ], [ 130.776761, 32.187661 ], [ 130.776703, 32.188174 ], [ 130.776652, 32.188788 ], [ 130.776652, 32.189385 ], [ 130.776696, 32.189993 ], [ 130.776761, 32.190339 ], [ 130.776884, 32.190673 ], [ 130.777168, 32.19146 ], [ 130.777393, 32.192098 ], [ 130.777654, 32.192939 ], [ 130.777835, 32.193774 ], [ 130.777886, 32.194484 ], [ 130.777886, 32.195235 ], [ 130.777864, 32.195671 ], [ 130.777777, 32.196094 ], [ 130.777545, 32.196822 ], [ 130.77724, 32.197543 ], [ 130.776855, 32.198217 ], [ 130.776354, 32.198909 ], [ 130.775724, 32.1996889 ], [ 130.775157, 32.200376 ], [ 130.774547, 32.201151 ], [ 130.774024, 32.201963 ], [ 130.7735195, 32.2027945 ], [ 130.773291, 32.203477 ], [ 130.772942, 32.204324 ], [ 130.772688, 32.205171 ], [ 130.772594, 32.205606 ], [ 130.772536, 32.206084 ], [ 130.772478, 32.206489 ], [ 130.77247, 32.207014 ], [ 130.7725, 32.207455 ], [ 130.772572, 32.207885 ], [ 130.772688, 32.208326 ], [ 130.772812, 32.208731 ], [ 130.772942, 32.209095 ], [ 130.773167, 32.209549 ], [ 130.7734, 32.209894 ], [ 130.773697, 32.210294 ], [ 130.774024, 32.2107 ], [ 130.774336, 32.211051 ], [ 130.775011, 32.211731 ], [ 130.775614, 32.212363 ], [ 130.776354, 32.213115 ], [ 130.77695, 32.213735 ], [ 130.777741, 32.214546 ], [ 130.778605, 32.215423 ], [ 130.77899, 32.215936 ], [ 130.779229, 32.216312 ], [ 130.779541, 32.216824 ], [ 130.779752, 32.217296 ], [ 130.7798317, 32.2175085 ], [ 130.779904, 32.217701 ], [ 130.7801, 32.218566 ], [ 130.780195, 32.219508 ], [ 130.780224, 32.220439 ], [ 130.780122, 32.221333 ], [ 130.779926, 32.222252 ], [ 130.779621, 32.223164 ], [ 130.77928, 32.223993 ], [ 130.7791718, 32.2242222 ], [ 130.778852, 32.2249 ], [ 130.778663, 32.225269 ], [ 130.778402, 32.225734 ], [ 130.777879, 32.226492 ], [ 130.777298, 32.227291 ], [ 130.77671, 32.227929 ], [ 130.775948, 32.228699 ], [ 130.775265, 32.229307 ], [ 130.774452, 32.229963 ], [ 130.773726, 32.230488 ], [ 130.772804, 32.23106 ], [ 130.772186, 32.231404 ], [ 130.772129, 32.231436 ], [ 130.771352, 32.23183 ], [ 130.770582, 32.232193 ], [ 130.769264, 32.23281 ], [ 130.768144, 32.233302 ], [ 130.76745, 32.233665 ], [ 130.766519, 32.23417 ], [ 130.765967, 32.234514 ], [ 130.765154, 32.235013 ], [ 130.764468, 32.235505 ], [ 130.763821, 32.236011 ], [ 130.763254, 32.236548 ], [ 130.762583, 32.237248 ], [ 130.761976, 32.237955 ], [ 130.761487, 32.238641 ], [ 130.76114, 32.239075 ], [ 130.760761, 32.239678 ], [ 130.760201, 32.240682 ], [ 130.759807, 32.241512 ], [ 130.759491, 32.242367 ], [ 130.759326, 32.24297 ], [ 130.759152, 32.243747 ], [ 130.759073, 32.244285 ], [ 130.759026, 32.244894 ], [ 130.75905, 32.245451 ], [ 130.759144, 32.246021 ], [ 130.759278, 32.246631 ], [ 130.759389, 32.247006 ], [ 130.759641, 32.247557 ], [ 130.760004, 32.248082 ], [ 130.760398, 32.248607 ], [ 130.760737, 32.248976 ], [ 130.761092, 32.249345 ], [ 130.761652, 32.249793 ], [ 130.762441, 32.250408 ], [ 130.76319, 32.25092 ], [ 130.763829, 32.251419 ], [ 130.764721, 32.252222 ], [ 130.765407, 32.252909 ], [ 130.766054, 32.253622 ], [ 130.766582, 32.254393 ], [ 130.767087, 32.255235 ], [ 130.767473, 32.256084 ], [ 130.767694, 32.256583 ], [ 130.767907, 32.257212 ], [ 130.768144, 32.258158 ], [ 130.768309, 32.259149 ], [ 130.768309, 32.259842 ], [ 130.768246, 32.260484 ], [ 130.768104, 32.261073 ], [ 130.767994, 32.261669 ], [ 130.767686, 32.262557 ], [ 130.767339, 32.263354 ], [ 130.767087, 32.263821 ], [ 130.766779, 32.264268 ], [ 130.766338, 32.264922 ], [ 130.766046, 32.265278 ], [ 130.765628, 32.265693 ], [ 130.765202, 32.265998 ], [ 130.764626, 32.266348 ], [ 130.764066, 32.266639 ], [ 130.763553, 32.266872 ], [ 130.762962, 32.267209 ], [ 130.762638, 32.267443 ], [ 130.762315, 32.267715 ], [ 130.761905, 32.268065 ], [ 130.761534, 32.268473 ], [ 130.76114, 32.268939 ], [ 130.760564, 32.269795 ], [ 130.759894, 32.27087 ], [ 130.759057, 32.272224 ], [ 130.758214, 32.273423 ], [ 130.757417, 32.274648 ], [ 130.756478, 32.276028 ], [ 130.755571, 32.277376 ], [ 130.754609, 32.278834 ], [ 130.753702, 32.280194 ], [ 130.752874, 32.281471 ], [ 130.752164, 32.282514 ], [ 130.75147, 32.283674 ], [ 130.750744, 32.284743 ], [ 130.749877, 32.286104 ], [ 130.749364, 32.287004 ], [ 130.748954, 32.287872 ], [ 130.748757, 32.288585 ], [ 130.74863, 32.289175 ], [ 130.748638, 32.289667 ], [ 130.748812, 32.290723 ], [ 130.748977, 32.291643 ], [ 130.749143, 32.29257 ], [ 130.749309, 32.293425 ], [ 130.749411, 32.294015 ], [ 130.749474, 32.294501 ], [ 130.749474, 32.29487 ], [ 130.749427, 32.295259 ], [ 130.749226, 32.295776 ], [ 130.7489, 32.296302 ], [ 130.748586, 32.296685 ], [ 130.747945, 32.297523 ], [ 130.747403, 32.298165 ], [ 130.747044, 32.298691 ], [ 130.746697, 32.299271 ], [ 130.746361, 32.299993 ], [ 130.746165, 32.300528 ], [ 130.746024, 32.301001 ], [ 130.745947, 32.301499 ], [ 130.74588, 32.302112 ], [ 130.745829, 32.303023 ], [ 130.745846, 32.303851 ], [ 130.745998, 32.304776 ], [ 130.746168, 32.305541 ], [ 130.746388, 32.306341 ], [ 130.746642, 32.307204 ], [ 130.74693, 32.308073 ], [ 130.747082, 32.308602 ], [ 130.747192, 32.3092 ], [ 130.747268, 32.309896 ], [ 130.747379, 32.310584 ], [ 130.747522, 32.311322 ], [ 130.747633, 32.31183 ], [ 130.748005, 32.31265 ], [ 130.748251, 32.313144 ], [ 130.748547, 32.313617 ], [ 130.749047, 32.314243 ], [ 130.749521, 32.314814 ], [ 130.749919, 32.315259 ], [ 130.750359, 32.315586 ], [ 130.750783, 32.315864 ], [ 130.751342, 32.316136 ], [ 130.751926, 32.316358 ], [ 130.752713, 32.316671 ], [ 130.753061, 32.316783 ], [ 130.753823, 32.317005 ], [ 130.754348, 32.317228 ], [ 130.755034, 32.317624 ], [ 130.755618, 32.318076 ], [ 130.756084, 32.318494 ], [ 130.756515, 32.318995 ], [ 130.757015, 32.319725 ], [ 130.757464, 32.320664 ], [ 130.757786, 32.321506 ], [ 130.757972, 32.322181 ], [ 130.758192, 32.323002 ], [ 130.758285, 32.323635 ], [ 130.758294, 32.324052 ], [ 130.758217, 32.324595 ], [ 130.758141, 32.324838 ], [ 130.757896, 32.325346 ], [ 130.757701, 32.32561 ], [ 130.757235, 32.326083 ], [ 130.756846, 32.32632 ], [ 130.756261, 32.326591 ], [ 130.755305, 32.326897 ], [ 130.75439, 32.327113 ], [ 130.753789, 32.327245 ], [ 130.753204, 32.327342 ], [ 130.752265, 32.327495 ], [ 130.751274, 32.327676 ], [ 130.750571, 32.327892 ], [ 130.750004, 32.328149 ], [ 130.749648, 32.328337 ], [ 130.749165, 32.328615 ], [ 130.748801, 32.32888 ], [ 130.748395, 32.329186 ], [ 130.747878, 32.329638 ], [ 130.747641, 32.329833 ], [ 130.747184, 32.330257 ], [ 130.746642, 32.330647 ], [ 130.746286, 32.330848 ], [ 130.745533, 32.33121 ], [ 130.744855, 32.331447 ], [ 130.744093, 32.331683 ], [ 130.743526, 32.331822 ], [ 130.742374, 32.332059 ], [ 130.741028, 32.33233 ], [ 130.740291, 32.332469 ], [ 130.739757, 32.332622 ], [ 130.739241, 32.332824 ], [ 130.738784, 32.333095 ], [ 130.738343, 32.333415 ], [ 130.737979, 32.333721 ], [ 130.73753, 32.334229 ], [ 130.736929, 32.33496 ], [ 130.736379, 32.335572 ], [ 130.735888, 32.336003 ], [ 130.735413, 32.336372 ], [ 130.734931, 32.336699 ], [ 130.734253, 32.337095 ], [ 130.733144, 32.337652 ], [ 130.732687, 32.337916 ], [ 130.731857, 32.338542 ], [ 130.731154, 32.339196 ], [ 130.730547, 32.339965 ], [ 130.729271, 32.341761 ], [ 130.728042, 32.343546 ], [ 130.7274, 32.344543 ], [ 130.726668, 32.345962 ], [ 130.72626, 32.346962 ], [ 130.725473, 32.349035 ], [ 130.723849, 32.353327 ], [ 130.722186, 32.357655 ], [ 130.720371, 32.362448 ], [ 130.71874, 32.366784 ], [ 130.71695, 32.371603 ], [ 130.71507, 32.376501 ], [ 130.714896, 32.376959 ], [ 130.713533, 32.380558 ], [ 130.712154, 32.384131 ], [ 130.711422, 32.386129 ], [ 130.710157, 32.389053 ], [ 130.709074, 32.390879 ], [ 130.708728, 32.391388 ], [ 130.708226, 32.39203 ], [ 130.707085, 32.3932 ], [ 130.705692, 32.394762 ], [ 130.703221, 32.397659 ], [ 130.702947, 32.397985 ], [ 130.702693, 32.398597 ], [ 130.702515, 32.398959 ], [ 130.702295, 32.399265 ], [ 130.701974, 32.399612 ], [ 130.701584, 32.399912 ], [ 130.701178, 32.400176 ], [ 130.700576, 32.400454 ], [ 130.700229, 32.4006 ], [ 130.699899, 32.400774 ], [ 130.699484, 32.401011 ], [ 130.699179, 32.401219 ], [ 130.698756, 32.401574 ], [ 130.698434, 32.401859 ], [ 130.69818, 32.402158 ], [ 130.697985, 32.402451 ], [ 130.697824, 32.402764 ], [ 130.697723, 32.403014 ], [ 130.697646, 32.403404 ], [ 130.697638, 32.4038 ], [ 130.697706, 32.404176 ], [ 130.697833, 32.404711 ], [ 130.697875, 32.405282 ], [ 130.697841, 32.405616 ], [ 130.697723, 32.406033 ], [ 130.697579, 32.406416 ], [ 130.697409, 32.40675 ], [ 130.697181, 32.407334 ], [ 130.697062, 32.407772 ], [ 130.696986, 32.408127 ], [ 130.696893, 32.408517 ], [ 130.696732, 32.409087 ], [ 130.696546, 32.409574 ], [ 130.696376, 32.40997 ], [ 130.696131, 32.410437 ], [ 130.69591, 32.410944 ], [ 130.695673, 32.411619 ], [ 130.695555, 32.412023 ], [ 130.695513, 32.412384 ], [ 130.695462, 32.412802 ], [ 130.695496, 32.413254 ], [ 130.695546, 32.413602 ], [ 130.695699, 32.414117 ], [ 130.695987, 32.415042 ], [ 130.696241, 32.415786 ], [ 130.696529, 32.416405 ], [ 130.69674, 32.416795 ], [ 130.696977, 32.417205 ], [ 130.697443, 32.417838 ], [ 130.697884, 32.418402 ], [ 130.698434, 32.419097 ], [ 130.699205, 32.420113 ], [ 130.699848, 32.420996 ], [ 130.7005, 32.422047 ], [ 130.701042, 32.422958 ], [ 130.701592, 32.424113 ], [ 130.701974, 32.425045 ], [ 130.702211, 32.425866 ], [ 130.702363, 32.426457 ], [ 130.702439, 32.427021 ], [ 130.702473, 32.427869 ], [ 130.702422, 32.42853 ], [ 130.702304, 32.429142 ], [ 130.702151, 32.429678 ], [ 130.70177, 32.430408 ], [ 130.701677, 32.430548 ], [ 130.701355, 32.431097 ], [ 130.700974, 32.431681 ], [ 130.700542, 32.43221 ], [ 130.700128, 32.432739 ], [ 130.699696, 32.433219 ], [ 130.699247, 32.43365 ], [ 130.698849, 32.433998 ], [ 130.6984, 32.434304 ], [ 130.69757, 32.43468 ], [ 130.6968, 32.434986 ], [ 130.69591, 32.435229 ], [ 130.695487, 32.435334 ], [ 130.694022, 32.435549 ], [ 130.692921, 32.435674 ], [ 130.691236, 32.435848 ], [ 130.689602, 32.435987 ], [ 130.688323, 32.436092 ], [ 130.68757, 32.436127 ], [ 130.686553, 32.436085 ], [ 130.686164, 32.436015 ], [ 130.685139, 32.435723 ], [ 130.683793, 32.435417 ], [ 130.682844, 32.435264 ], [ 130.682082, 32.435187 ], [ 130.68143, 32.435125 ], [ 130.68044, 32.435118 ], [ 130.67961, 32.435174 ], [ 130.678949, 32.435264 ], [ 130.67839, 32.435389 ], [ 130.67784, 32.43557 ], [ 130.677442, 32.435751 ], [ 130.677086, 32.435967 ], [ 130.676798, 32.436196 ], [ 130.67635, 32.436579 ], [ 130.675935, 32.436913 ], [ 130.67546, 32.437247 ], [ 130.674817, 32.437643 ], [ 130.67375, 32.4382 ], [ 130.672962, 32.438638 ], [ 130.672607, 32.438923 ], [ 130.672302, 32.439194 ], [ 130.672031, 32.439528 ], [ 130.671464, 32.440203 ], [ 130.671015, 32.440725 ], [ 130.670464, 32.441288 ], [ 130.669948, 32.441726 ], [ 130.669211, 32.442206 ], [ 130.668432, 32.442561 ], [ 130.667704, 32.442853 ], [ 130.666933, 32.443076 ], [ 130.666078, 32.443299 ], [ 130.665231, 32.443605 ], [ 130.664816, 32.443813 ], [ 130.664266, 32.444147 ], [ 130.663538, 32.444627 ], [ 130.662606, 32.445365 ], [ 130.661387, 32.446345 ], [ 130.660692, 32.446874 ], [ 130.659829, 32.447619 ], [ 130.659016, 32.448446 ], [ 130.658338, 32.449225 ], [ 130.657763, 32.450067 ], [ 130.657322, 32.450798 ], [ 130.656839, 32.451799 ], [ 130.656365, 32.45278 ], [ 130.655146, 32.455319 ], [ 130.6550567, 32.4555316 ], [ 130.654257, 32.457434 ], [ 130.653545, 32.459104 ], [ 130.6531353, 32.4601141 ], [ 130.652978, 32.460502 ], [ 130.652343, 32.462067 ], [ 130.651954, 32.463041 ], [ 130.651539, 32.464015 ], [ 130.651234, 32.46471 ], [ 130.650887, 32.465434 ], [ 130.650522, 32.466032 ], [ 130.649794, 32.467138 ], [ 130.649312, 32.467883 ], [ 130.648973, 32.468529 ], [ 130.648659, 32.469211 ], [ 130.648355, 32.470143 ], [ 130.648126, 32.471229 ], [ 130.647931, 32.472383 ], [ 130.647838, 32.473051 ], [ 130.647643, 32.474888 ], [ 130.647508, 32.476801 ], [ 130.647381, 32.478686 ], [ 130.647245, 32.481079 ], [ 130.64711, 32.483034 ], [ 130.647017, 32.484592 ], [ 130.646924, 32.486101 ], [ 130.646805, 32.487771 ], [ 130.646686, 32.489844 ], [ 130.646627, 32.491013 ], [ 130.646534, 32.493781 ], [ 130.646483, 32.49584 ], [ 130.646399, 32.497712 ], [ 130.646297, 32.499555 ], [ 130.646212, 32.501621 ], [ 130.64617, 32.502463 ], [ 130.646189, 32.503965 ], [ 130.646246, 32.505781 ], [ 130.646297, 32.506358 ], [ 130.646365, 32.507103 ], [ 130.646458, 32.50777 ], [ 130.646517, 32.508132 ], [ 130.646737, 32.509016 ], [ 130.646966, 32.509983 ], [ 130.647135, 32.510609 ], [ 130.647288, 32.511179 ], [ 130.647482, 32.511729 ], [ 130.647626, 32.512139 ], [ 130.647852, 32.512711 ], [ 130.648211, 32.513468 ], [ 130.648592, 32.514198 ], [ 130.648829, 32.514623 ], [ 130.649168, 32.515158 ], [ 130.649574, 32.515715 ], [ 130.649904, 32.516174 ], [ 130.65026, 32.516633 ], [ 130.650573, 32.517016 ], [ 130.651352, 32.517836 ], [ 130.651708, 32.518177 ], [ 130.652258, 32.518643 ], [ 130.65269, 32.518991 ], [ 130.653639, 32.519569 ], [ 130.654147, 32.519882 ], [ 130.654519, 32.52009 ], [ 130.65551, 32.520577 ], [ 130.655891, 32.520737 ], [ 130.656873, 32.521203 ], [ 130.657847, 32.521655 ], [ 130.658702, 32.522156 ], [ 130.659329, 32.522546 ], [ 130.659913, 32.522963 ], [ 130.660675, 32.523548 ], [ 130.66148, 32.52425 ], [ 130.662293, 32.524981 ], [ 130.663775, 32.526351 ], [ 130.664723, 32.527214 ], [ 130.665604, 32.528 ], [ 130.666256, 32.528619 ], [ 130.666815, 32.529141 ], [ 130.667103, 32.529419 ], [ 130.667916, 32.530149 ], [ 130.66872, 32.530859 ], [ 130.669347, 32.53145 ], [ 130.66977, 32.53184 ], [ 130.670388, 32.532542 ], [ 130.670693, 32.532897 ], [ 130.67104, 32.533384 ], [ 130.671574, 32.534274 ], [ 130.671946, 32.534873 ], [ 130.672361, 32.535582 ], [ 130.67259, 32.536 ], [ 130.67281, 32.536361 ], [ 130.673089, 32.536786 ], [ 130.673437, 32.537259 ], [ 130.673741, 32.537627 ], [ 130.674021, 32.537926 ], [ 130.674546, 32.538413 ], [ 130.67524, 32.538942 ], [ 130.675825, 32.539332 ], [ 130.676169, 32.539533 ], [ 130.676383, 32.539659 ], [ 130.676959, 32.539958 ], [ 130.678009, 32.540563 ], [ 130.678788, 32.541029 ], [ 130.679398, 32.541453 ], [ 130.679965, 32.541933 ], [ 130.680711, 32.542629 ], [ 130.681659, 32.543471 ], [ 130.682252, 32.543965 ], [ 130.682692, 32.544333 ], [ 130.683522, 32.544973 ], [ 130.684309, 32.545502 ], [ 130.685021, 32.545933 ], [ 130.685588, 32.54626 ], [ 130.686706, 32.546796 ], [ 130.687858, 32.547311 ], [ 130.688984, 32.547825 ], [ 130.689898, 32.548319 ], [ 130.690796, 32.548897 ], [ 130.691482, 32.549446 ], [ 130.691697, 32.5496352 ], [ 130.692075, 32.549968 ], [ 130.692667, 32.550678 ], [ 130.693243, 32.551297 ], [ 130.693497, 32.551728 ], [ 130.693997, 32.552542 ], [ 130.694386, 32.553342 ], [ 130.694742, 32.554121 ], [ 130.694971, 32.554684 ], [ 130.695284, 32.555804 ], [ 130.695555, 32.556883 ], [ 130.69575, 32.557502 ], [ 130.695927, 32.558211 ], [ 130.696063, 32.558573 ], [ 130.696486, 32.559387 ], [ 130.6968, 32.559804 ], [ 130.697265, 32.560326 ], [ 130.697748, 32.560897 ], [ 130.698188, 32.561293 ], [ 130.698857, 32.561877 ], [ 130.699475, 32.562378 ], [ 130.700559, 32.56322 ], [ 130.701626, 32.56402 ], [ 130.702355, 32.56466 ], [ 130.702897, 32.565223 ], [ 130.70332, 32.565717 ], [ 130.70376, 32.566357 ], [ 130.704243, 32.567171 ], [ 130.704565, 32.567665 ], [ 130.704937, 32.568458 ], [ 130.705157, 32.569063 ], [ 130.705242, 32.56946 ], [ 130.705513, 32.570267 ], [ 130.705666, 32.570663 ], [ 130.705869, 32.571143 ], [ 130.70608, 32.571637 ], [ 130.706275, 32.572013 ], [ 130.706733, 32.57282 ], [ 130.706927, 32.573168 ], [ 130.707317, 32.573717 ], [ 130.707901, 32.574489 ], [ 130.708324, 32.574969 ], [ 130.708773, 32.575519 ], [ 130.709281, 32.576006 ], [ 130.710552, 32.577112 ], [ 130.7115, 32.577891 ], [ 130.71222, 32.578552 ], [ 130.712779, 32.579101 ], [ 130.713354, 32.579707 ], [ 130.713636, 32.580031 ], [ 130.713905, 32.58034 ], [ 130.714565, 32.581216 ], [ 130.71504, 32.581954 ], [ 130.715438, 32.582684 ], [ 130.715692, 32.583143 ], [ 130.715963, 32.583686 ], [ 130.71625, 32.584437 ], [ 130.716513, 32.585293 ], [ 130.716725, 32.586127 ], [ 130.71675, 32.586809 ], [ 130.716699, 32.587512 ], [ 130.716564, 32.588305 ], [ 130.716403, 32.588959 ], [ 130.716344, 32.589418 ], [ 130.716242, 32.590218 ], [ 130.716225, 32.591143 ], [ 130.716234, 32.591602 ], [ 130.716293, 32.592089 ], [ 130.716361, 32.592597 ], [ 130.716488, 32.593056 ], [ 130.716581, 32.593411 ], [ 130.716759, 32.593932 ], [ 130.717123, 32.594725 ], [ 130.717394, 32.595331 ], [ 130.717605, 32.595699 ], [ 130.717969, 32.59636 ], [ 130.71835, 32.596917 ], [ 130.718986, 32.597891 ], [ 130.719443, 32.598642 ], [ 130.719866, 32.599616 ], [ 130.720273, 32.600694 ], [ 130.720484, 32.601299 ], [ 130.720722, 32.602384 ], [ 130.72095, 32.603219 ], [ 130.721136, 32.603873 ], [ 130.721272, 32.604235 ], [ 130.721594, 32.604889 ], [ 130.722102, 32.60573 ], [ 130.722601, 32.606433 ], [ 130.723262, 32.607372 ], [ 130.723753, 32.608096 ], [ 130.72421, 32.608868 ], [ 130.724498, 32.609661 ], [ 130.724574, 32.610148 ], [ 130.724651, 32.610711 ], [ 130.724668, 32.61181 ], [ 130.724617, 32.612297 ], [ 130.724464, 32.612812 ], [ 130.724244, 32.613348 ], [ 130.723956, 32.6138 ], [ 130.723643, 32.61428 ], [ 130.723126, 32.614934 ], [ 130.722703, 32.615302 ], [ 130.722186, 32.615741 ], [ 130.721543, 32.616151 ], [ 130.720857, 32.616534 ], [ 130.719765, 32.616951 ], [ 130.718579, 32.617362 ], [ 130.717648, 32.617765 ], [ 130.716877, 32.618113 ], [ 130.716242, 32.618502 ], [ 130.715632, 32.618934 ], [ 130.715048, 32.619449 ], [ 130.714574, 32.619922 ], [ 130.7141, 32.620513 ], [ 130.713885, 32.620827 ], [ 130.713644, 32.621228 ], [ 130.713408, 32.621721 ], [ 130.713191, 32.622199 ], [ 130.713014, 32.622817 ], [ 130.712889, 32.623518 ], [ 130.712838, 32.624228 ], [ 130.712804, 32.625125 ], [ 130.712609, 32.626113 ], [ 130.712398, 32.626746 ], [ 130.712186, 32.627149 ], [ 130.711847, 32.627699 ], [ 130.711373, 32.628575 ], [ 130.710695, 32.629807 ], [ 130.710408, 32.630787 ], [ 130.71023, 32.63204 ], [ 130.710204, 32.633 ], [ 130.710196, 32.634015 ], [ 130.710111, 32.635149 ], [ 130.710018, 32.635733 ], [ 130.7099, 32.636234 ], [ 130.709679, 32.636742 ], [ 130.709307, 32.637417 ], [ 130.708773, 32.638293 ], [ 130.708248, 32.638968 ], [ 130.707825, 32.639539 ], [ 130.707528, 32.640074 ], [ 130.70702, 32.641097 ], [ 130.706843, 32.641765 ], [ 130.706673, 32.642606 ], [ 130.706639, 32.643246 ], [ 130.706665, 32.643712 ], [ 130.706758, 32.644192 ], [ 130.706944, 32.644951 ], [ 130.707088, 32.645479 ], [ 130.707308, 32.646092 ], [ 130.707596, 32.64678 ], [ 130.707977, 32.647643 ], [ 130.708224, 32.648163 ], [ 130.708744, 32.649018 ], [ 130.709465, 32.650278 ], [ 130.71, 32.651204 ], [ 130.710321, 32.651872 ], [ 130.710677, 32.652668 ], [ 130.711048, 32.653489 ], [ 130.711205, 32.653998 ], [ 130.711348, 32.654537 ], [ 130.711533, 32.655364 ], [ 130.711711, 32.656243 ], [ 130.711861, 32.657151 ], [ 130.711968, 32.657848 ], [ 130.712061, 32.658651 ], [ 130.712132, 32.659541 ], [ 130.712168, 32.660303 ], [ 130.712154, 32.661592 ], [ 130.71204, 32.662629 ], [ 130.712011, 32.663403 ], [ 130.712054, 32.664071 ], [ 130.712118, 32.664563 ], [ 130.712268, 32.665084 ], [ 130.712517, 32.66591 ], [ 130.712774, 32.666572 ], [ 130.713152, 32.667451 ], [ 130.713423, 32.667961 ], [ 130.713787, 32.668694 ], [ 130.714215, 32.669443 ], [ 130.7146, 32.669994 ], [ 130.715028, 32.670615 ], [ 130.715641, 32.671424 ], [ 130.716162, 32.671998 ], [ 130.716875, 32.672736 ], [ 130.717396, 32.673211 ], [ 130.718045, 32.673768 ], [ 130.718744, 32.674248 ], [ 130.719165, 32.674564 ], [ 130.71985, 32.674963 ], [ 130.720613, 32.675397 ], [ 130.721554, 32.675883 ], [ 130.722752, 32.676457 ], [ 130.722876, 32.676518 ], [ 130.724058, 32.677102 ], [ 130.725463, 32.677811 ], [ 130.726575, 32.678396 ], [ 130.727503, 32.6789 ], [ 130.72858, 32.679527 ], [ 130.729371, 32.680025 ], [ 130.730113, 32.680535 ], [ 130.730855, 32.681103 ], [ 130.731654, 32.68173 ], [ 130.73241, 32.682363 ], [ 130.733201, 32.683125 ], [ 130.733879, 32.683892 ], [ 130.734257, 32.684332 ], [ 130.734728, 32.685012 ], [ 130.735006, 32.685498 ], [ 130.735462, 32.686324 ], [ 130.735962, 32.687262 ], [ 130.73644, 32.688129 ], [ 130.737053, 32.689277 ], [ 130.737417, 32.689904 ], [ 130.737823, 32.690578 ], [ 130.738137, 32.691076 ], [ 130.738622, 32.691703 ], [ 130.739271, 32.692342 ], [ 130.739835, 32.692775 ], [ 130.740384, 32.693185 ], [ 130.740862, 32.693496 ], [ 130.741618, 32.693959 ], [ 130.742445, 32.694474 ], [ 130.743144, 32.694902 ], [ 130.744057, 32.695418 ], [ 130.744948, 32.69591 ], [ 130.745833, 32.696408 ], [ 130.746774, 32.696976 ], [ 130.747609, 32.697474 ], [ 130.748301, 32.698002 ], [ 130.749064, 32.698658 ], [ 130.749713, 32.699232 ], [ 130.750319, 32.699882 ], [ 130.750861, 32.700527 ], [ 130.751467, 32.70133 ], [ 130.75196, 32.702086 ], [ 130.752495, 32.702923 ], [ 130.752923, 32.703668 ], [ 130.753091, 32.703945 ], [ 130.753415, 32.704482 ], [ 130.753835, 32.705138 ], [ 130.754271, 32.70583 ], [ 130.754734, 32.706462 ], [ 130.755098, 32.706955 ], [ 130.755647, 32.707611 ], [ 130.756118, 32.708109 ], [ 130.75666, 32.708601 ], [ 130.757159, 32.708994 ], [ 130.757735, 32.709456 ], [ 130.757801, 32.709509 ], [ 130.758529, 32.710007 ], [ 130.759128, 32.710429 ], [ 130.759912, 32.710939 ], [ 130.761417, 32.7119 ], [ 130.761662, 32.712058 ], [ 130.763514, 32.713247 ], [ 130.764684, 32.713974 ], [ 130.765454, 32.714484 ], [ 130.76631, 32.715058 ], [ 130.766995, 32.715579 ], [ 130.767715, 32.716224 ], [ 130.768097, 32.716653 ], [ 130.768293, 32.716874 ], [ 130.768699, 32.717466 ], [ 130.769134, 32.718158 ], [ 130.769398, 32.718632 ], [ 130.769677, 32.719177 ], [ 130.769976, 32.719939 ], [ 130.770326, 32.720835 ], [ 130.770789, 32.722019 ], [ 130.771139, 32.72295 ], [ 130.771467, 32.723741 ], [ 130.771823, 32.724579 ], [ 130.772223, 32.725441 ], [ 130.772665, 32.726308 ], [ 130.773228, 32.727427 ], [ 130.773956, 32.728716 ], [ 130.774591, 32.729952 ], [ 130.775268, 32.731024 ], [ 130.775932, 32.732079 ], [ 130.776566, 32.733034 ], [ 130.77713, 32.733831 ], [ 130.77732, 32.734107 ], [ 130.777896, 32.734955 ], [ 130.778472, 32.735689 ], [ 130.779037, 32.73644 ], [ 130.779639, 32.7372 ], [ 130.780249, 32.737965 ], [ 130.780861, 32.738719 ], [ 130.781521, 32.739494 ], [ 130.78218, 32.740261 ], [ 130.782871, 32.740996 ], [ 130.783523, 32.741758 ], [ 130.784136, 32.742493 ], [ 130.784166, 32.742533 ], [ 130.784599, 32.743106 ], [ 130.785196, 32.743906 ], [ 130.785769, 32.744789 ], [ 130.786452, 32.745918 ], [ 130.786876, 32.746789 ], [ 130.787284, 32.747647 ], [ 130.787598, 32.748472 ], [ 130.787834, 32.749117 ], [ 130.788022, 32.749679 ], [ 130.788305, 32.750575 ], [ 130.788548, 32.751536 ], [ 130.788745, 32.752749 ], [ 130.788862, 32.753536 ], [ 130.7888585, 32.7540035 ], [ 130.788878, 32.754716 ], [ 130.788902, 32.75571 ], [ 130.788894, 32.755876 ], [ 130.788847, 32.756832 ], [ 130.788784, 32.757916 ], [ 130.788698, 32.759419 ], [ 130.788619, 32.760599 ], [ 130.788611, 32.76176 ], [ 130.788643, 32.762837 ], [ 130.788721, 32.763844 ], [ 130.788776, 32.764508 ], [ 130.788917, 32.76543 ], [ 130.789059, 32.766191 ], [ 130.789263, 32.766914 ], [ 130.789428, 32.76763 ], [ 130.789487, 32.767869 ], [ 130.789577, 32.768236 ], [ 130.789742, 32.768765 ], [ 130.789977, 32.769462 ], [ 130.790229, 32.770081 ], [ 130.790503, 32.770674 ], [ 130.790825, 32.771449 ], [ 130.791171, 32.772152 ], [ 130.791501, 32.772868 ], [ 130.791964, 32.77379 ], [ 130.792419, 32.774667 ], [ 130.7928, 32.775386 ], [ 130.792867, 32.775512 ], [ 130.793236, 32.776351 ], [ 130.793542, 32.777125 ], [ 130.793833, 32.778034 ], [ 130.794029, 32.778912 ], [ 130.794092, 32.779724 ], [ 130.7941, 32.780466 ], [ 130.7940787, 32.7808835 ], [ 130.794068, 32.781092 ], [ 130.793911, 32.781788 ], [ 130.793738, 32.782408 ], [ 130.793558, 32.782775 ], [ 130.79333, 32.783311 ], [ 130.792898, 32.784085 ], [ 130.792396, 32.784904 ], [ 130.791995, 32.785659 ], [ 130.791548, 32.786458 ], [ 130.791226, 32.787129 ], [ 130.79088, 32.787942 ], [ 130.790621, 32.788652 ], [ 130.790386, 32.78938 ], [ 130.790154, 32.790102 ], [ 130.790034, 32.790601 ], [ 130.789927, 32.791193 ], [ 130.789813, 32.79192 ], [ 130.78977, 32.792752 ], [ 130.789758, 32.793615 ], [ 130.789795, 32.794516 ], [ 130.789886, 32.795711 ], [ 130.789996, 32.796448 ], [ 130.790206, 32.79753 ], [ 130.790453, 32.798319 ], [ 130.790664, 32.798966 ], [ 130.790966, 32.799815 ], [ 130.791332, 32.800634 ], [ 130.791571, 32.801092 ], [ 130.791771, 32.801476 ], [ 130.792164, 32.802265 ], [ 130.792512, 32.803054 ], [ 130.792869, 32.803934 ], [ 130.793198, 32.804933 ], [ 130.793399, 32.805685 ], [ 130.793564, 32.806504 ], [ 130.793683, 32.807346 ], [ 130.793701, 32.80803 ], [ 130.793719, 32.808924 ], [ 130.793683, 32.809488 ], [ 130.793573, 32.810284 ], [ 130.793482, 32.810976 ], [ 130.793317, 32.811757 ], [ 130.793116, 32.812479 ], [ 130.792805, 32.813306 ], [ 130.79253, 32.813989 ], [ 130.792265, 32.814576 ], [ 130.7920306, 32.8150298 ], [ 130.791935, 32.815215 ], [ 130.791643, 32.815673 ], [ 130.791149, 32.816379 ], [ 130.790746, 32.816951 ], [ 130.790097, 32.817785 ], [ 130.789429, 32.818657 ], [ 130.78926, 32.8188895 ], [ 130.78856, 32.819852 ], [ 130.78769, 32.821009 ], [ 130.787224, 32.821746 ], [ 130.786638, 32.822625 ], [ 130.78576, 32.824015 ], [ 130.784909, 32.825526 ], [ 130.784186, 32.826774 ], [ 130.782401, 32.829701 ], [ 130.781643, 32.830945 ], [ 130.78066, 32.832554 ], [ 130.780079, 32.8335 ], [ 130.779596, 32.834355 ], [ 130.779296, 32.834768 ], [ 130.778736, 32.835612 ], [ 130.778137, 32.836434 ], [ 130.777567, 32.837394 ], [ 130.776932, 32.838277 ], [ 130.776016, 32.839505 ], [ 130.775352, 32.840334 ], [ 130.774632, 32.841179 ], [ 130.773959, 32.841962 ], [ 130.773034, 32.84306 ], [ 130.772071, 32.844112 ], [ 130.770959, 32.845272 ], [ 130.769604, 32.846661 ], [ 130.768903, 32.847345 ], [ 130.767959, 32.848266 ], [ 130.767286, 32.848811 ], [ 130.766314, 32.849594 ], [ 130.765632, 32.850109 ], [ 130.764903, 32.850669 ], [ 130.764005, 32.851307 ], [ 130.763099, 32.851952 ], [ 130.762061, 32.852589 ], [ 130.761528, 32.852909 ], [ 130.761061, 32.853184 ], [ 130.760928, 32.853262 ], [ 130.760347, 32.853589 ], [ 130.759273, 32.85416 ], [ 130.75878, 32.854409 ], [ 130.758239, 32.854685 ], [ 130.75818, 32.854715 ], [ 130.757315, 32.855156 ], [ 130.7565, 32.855535 ], [ 130.755799, 32.855857 ], [ 130.755199, 32.856127 ], [ 130.754898, 32.856249 ], [ 130.754574, 32.856381 ], [ 130.753797, 32.856682 ], [ 130.752893, 32.857035 ], [ 130.751737, 32.857502 ], [ 130.750657, 32.857943 ], [ 130.749931, 32.858233 ], [ 130.749154, 32.858545 ], [ 130.748917, 32.858653 ], [ 130.748314, 32.858929 ], [ 130.74748, 32.859349 ], [ 130.74647, 32.859842 ], [ 130.745232, 32.860418 ], [ 130.744372, 32.860828 ], [ 130.74364, 32.861207 ], [ 130.742875, 32.861606 ], [ 130.741795, 32.862224 ], [ 130.740873, 32.86281 ], [ 130.740002, 32.863386 ], [ 130.739073, 32.864055 ], [ 130.73829, 32.864636 ], [ 130.737405, 32.865321 ], [ 130.736111, 32.866577 ], [ 130.735422, 32.867278 ], [ 130.734797, 32.867978 ], [ 130.734247, 32.868564 ], [ 130.733742, 32.869177 ], [ 130.733148, 32.869851 ], [ 130.732662, 32.870469 ], [ 130.732302, 32.870988 ], [ 130.731815, 32.871667 ], [ 130.731399, 32.872342 ], [ 130.731183, 32.872682 ], [ 130.731089, 32.87283 ], [ 130.730754, 32.873452 ], [ 130.730426, 32.87407 ], [ 130.730161, 32.87461 ], [ 130.729876, 32.875196 ], [ 130.729497, 32.876052 ], [ 130.729257, 32.87669 ], [ 130.728929, 32.877448 ], [ 130.72855, 32.878356 ], [ 130.72819, 32.879274 ], [ 130.727823, 32.880136 ], [ 130.72752, 32.880945 ], [ 130.727198, 32.881713 ], [ 130.726882, 32.882424 ], [ 130.726548, 32.883171 ], [ 130.726225, 32.883882 ], [ 130.726067, 32.884225 ], [ 130.725891, 32.884526 ], [ 130.725594, 32.885055 ], [ 130.725202, 32.885672 ], [ 130.724823, 32.886243 ], [ 130.724356, 32.886939 ], [ 130.723983, 32.88752 ], [ 130.723471, 32.888194 ], [ 130.72289, 32.888947 ], [ 130.722366, 32.88959 ], [ 130.721861, 32.890234 ], [ 130.721374, 32.890799 ], [ 130.720932, 32.891365 ], [ 130.720541, 32.891904 ], [ 130.720086, 32.892605 ], [ 130.719663, 32.893259 ], [ 130.719195, 32.894089 ], [ 130.718924, 32.894639 ], [ 130.718696, 32.895106 ], [ 130.718444, 32.895672 ], [ 130.718254, 32.896154 ], [ 130.71802, 32.896849 ], [ 130.71785, 32.897519 ], [ 130.717673, 32.898162 ], [ 130.717509, 32.898847 ], [ 130.717357, 32.899465 ], [ 130.717269, 32.899927 ], [ 130.717155, 32.900508 ], [ 130.71701, 32.90127 ], [ 130.716915, 32.901758 ], [ 130.716789, 32.902412 ], [ 130.716618, 32.90318 ], [ 130.716479, 32.903709 ], [ 130.716315, 32.904259 ], [ 130.716106, 32.904872 ], [ 130.715835, 32.905619 ], [ 130.715513, 32.906465 ], [ 130.715178, 32.907186 ], [ 130.714786, 32.907943 ], [ 130.714439, 32.908587 ], [ 130.714079, 32.909075 ], [ 130.713592, 32.90976 ], [ 130.713144, 32.910346 ], [ 130.712866, 32.910642 ], [ 130.712342, 32.91128 ], [ 130.711691, 32.911986 ], [ 130.710996, 32.912707 ], [ 130.710636, 32.913091 ], [ 130.710144, 32.913646 ], [ 130.709758, 32.914139 ], [ 130.709329, 32.914663 ], [ 130.708893, 32.915218 ], [ 130.708483, 32.915789 ], [ 130.708224, 32.916168 ], [ 130.707889, 32.91678 ], [ 130.707579, 32.917367 ], [ 130.707137, 32.918135 ], [ 130.706783, 32.918903 ], [ 130.706417, 32.919603 ], [ 130.706177, 32.920112 ], [ 130.70595, 32.920672 ], [ 130.705577, 32.921611 ], [ 130.705236, 32.922332 ], [ 130.704794, 32.923365 ], [ 130.704472, 32.924045 ], [ 130.704023, 32.92487 ], [ 130.703518, 32.925669 ], [ 130.703126, 32.926209 ], [ 130.702545, 32.92707 ], [ 130.702071, 32.927661 ], [ 130.701705, 32.928103 ], [ 130.701294, 32.92857 ], [ 130.700896, 32.928969 ], [ 130.700113, 32.929701 ], [ 130.699482, 32.93023 ], [ 130.698288, 32.931133 ], [ 130.69717, 32.931859 ], [ 130.69575, 32.932761 ], [ 130.694896, 32.933276 ], [ 130.693854, 32.93394 ], [ 130.692483, 32.93476 ], [ 130.691472, 32.935403 ], [ 130.690639, 32.935917 ], [ 130.689723, 32.936524 ], [ 130.688996, 32.937002 ], [ 130.688314, 32.937463 ], [ 130.68796, 32.937687 ], [ 130.687442, 32.93807 ], [ 130.68695, 32.93848 ], [ 130.686343, 32.939015 ], [ 130.685788, 32.939606 ], [ 130.685377, 32.940022 ], [ 130.684688, 32.940774 ], [ 130.684025, 32.941511 ], [ 130.683469, 32.942097 ], [ 130.682945, 32.942715 ], [ 130.682282, 32.943405 ], [ 130.681751, 32.943976 ], [ 130.680937, 32.944842 ], [ 130.68009, 32.945667 ], [ 130.679522, 32.946238 ], [ 130.678903, 32.946876 ], [ 130.678416, 32.947343 ], [ 130.677886, 32.9478 ], [ 130.677368, 32.948205 ], [ 130.676774, 32.948656 ], [ 130.675725, 32.949393 ], [ 130.674986, 32.949886 ], [ 130.674033, 32.950482 ], [ 130.673148, 32.950981 ], [ 130.67297, 32.951077 ], [ 130.672056, 32.951572 ], [ 130.671146, 32.952018 ], [ 130.670319, 32.952402 ], [ 130.669346, 32.952807 ], [ 130.668247, 32.953227 ], [ 130.667217, 32.953611 ], [ 130.666194, 32.954006 ], [ 130.665297, 32.954348 ], [ 130.664312, 32.954732 ], [ 130.663345, 32.955106 ], [ 130.662613, 32.955386 ], [ 130.661848, 32.955739 ], [ 130.660951, 32.956149 ], [ 130.660149, 32.956559 ], [ 130.659353, 32.956963 ], [ 130.658627, 32.957337 ], [ 130.658002, 32.957737 ], [ 130.6575523, 32.9580552 ], [ 130.657496, 32.958095 ], [ 130.656597, 32.958668 ], [ 130.654594, 32.959974 ], [ 130.652563, 32.961301 ], [ 130.651654, 32.961784 ], [ 130.651186, 32.962007 ], [ 130.650624, 32.96223 ], [ 130.649038, 32.962748 ], [ 130.648596, 32.962853 ], [ 130.647642, 32.963032 ], [ 130.646556, 32.963185 ], [ 130.645362, 32.963284 ], [ 130.644181, 32.963398 ], [ 130.643537, 32.963486 ], [ 130.64276, 32.963621 ], [ 130.641945, 32.963834 ], [ 130.641307, 32.964044 ], [ 130.640305, 32.964401 ], [ 130.638957, 32.965033 ], [ 130.63743, 32.965773 ], [ 130.636598, 32.966177 ], [ 130.63573, 32.966589 ], [ 130.63472, 32.967012 ], [ 130.633784, 32.967409 ], [ 130.632774, 32.967749 ], [ 130.631773, 32.968098 ], [ 130.630282, 32.968604 ], [ 130.628855, 32.969071 ], [ 130.626862, 32.969735 ], [ 130.625044, 32.970396 ], [ 130.624082, 32.970771 ], [ 130.623444, 32.971067 ], [ 130.622655, 32.971439 ], [ 130.621613, 32.971923 ], [ 130.620671, 32.972369 ], [ 130.618707, 32.973433 ], [ 130.617823, 32.973952 ], [ 130.616983, 32.974538 ], [ 130.616105, 32.975182 ], [ 130.615315, 32.975856 ], [ 130.614576, 32.976578 ], [ 130.613951, 32.977309 ], [ 130.613073, 32.978383 ], [ 130.612151, 32.979722 ], [ 130.611652, 32.980568 ], [ 130.610843, 32.981824 ], [ 130.610527, 32.982296 ], [ 130.60982, 32.983183 ], [ 130.609289, 32.983811 ], [ 130.60855, 32.984584 ], [ 130.607805, 32.985321 ], [ 130.607154, 32.985913 ], [ 130.606693, 32.986369 ], [ 130.606207, 32.986831 ], [ 130.605752, 32.987231 ], [ 130.605465, 32.987545 ], [ 130.6054374, 32.9875751 ], [ 130.604787, 32.988284 ], [ 130.6043, 32.988857 ], [ 130.602956, 32.990548 ], [ 130.602107, 32.991728 ], [ 130.60157, 32.992452 ], [ 130.601108, 32.993066 ], [ 130.600419, 32.993805 ], [ 130.599738, 32.99444 ], [ 130.59926, 32.994874 ], [ 130.598781, 32.99522 ], [ 130.597924, 32.995716 ], [ 130.596597, 32.996331 ], [ 130.595547, 32.996841 ], [ 130.594287, 32.997449 ], [ 130.593539, 32.99778 ], [ 130.592985, 32.998125 ], [ 130.592212, 32.998622 ], [ 130.591489, 32.999194 ], [ 130.590607, 32.999891 ], [ 130.58991, 33.000485 ], [ 130.589499, 33.00074 ], [ 130.589003, 33.001051 ], [ 130.588289, 33.001403 ], [ 130.587449, 33.00181 ], [ 130.586483, 33.002217 ], [ 130.585685, 33.002686 ], [ 130.585072, 33.00308 ], [ 130.584635, 33.003535 ], [ 130.584233, 33.004018 ], [ 130.584055, 33.004232 ], [ 130.583652, 33.004812 ], [ 130.583308, 33.005322 ], [ 130.583022, 33.006075 ], [ 130.582921, 33.006475 ], [ 130.582854, 33.00722 ], [ 130.582921, 33.007993 ], [ 130.583047, 33.008559 ], [ 130.583215, 33.009138 ], [ 130.583501, 33.009925 ], [ 130.58377, 33.010684 ], [ 130.583929, 33.011154 ], [ 130.584097, 33.01165 ], [ 130.584324, 33.012465 ], [ 130.584416, 33.013265 ], [ 130.584433, 33.014086 ], [ 130.584383, 33.014735 ], [ 130.584274, 33.015418 ], [ 130.584131, 33.016095 ], [ 130.58398, 33.016509 ], [ 130.583761, 33.017088 ], [ 130.583383, 33.01782 ], [ 130.582854, 33.018641 ], [ 130.5824, 33.019179 ], [ 130.581921, 33.019724 ], [ 130.581123, 33.02049 ], [ 130.580569, 33.021022 ], [ 130.580023, 33.021588 ], [ 130.579511, 33.022078 ], [ 130.579091, 33.022471 ], [ 130.578486, 33.023044 ], [ 130.578116, 33.023485 ], [ 130.577881, 33.023913 ], [ 130.577696, 33.024313 ], [ 130.577495, 33.024907 ], [ 130.577394, 33.025335 ], [ 130.577301, 33.026011 ], [ 130.577192, 33.026363 ], [ 130.576974, 33.027177 ], [ 130.576671, 33.027916 ], [ 130.576285, 33.028516 ], [ 130.575974, 33.028999 ], [ 130.575562, 33.02962 ], [ 130.574924, 33.030372 ], [ 130.574269, 33.030938 ], [ 130.573866, 33.031366 ], [ 130.573572, 33.031808 ], [ 130.573194, 33.032587 ], [ 130.572933, 33.033298 ], [ 130.572555, 33.034216 ], [ 130.572312, 33.034899 ], [ 130.571984, 33.035734 ], [ 130.57169, 33.036445 ], [ 130.571463, 33.036976 ], [ 130.571085, 33.037791 ], [ 130.57069, 33.038508 ], [ 130.570354, 33.039143 ], [ 130.569951, 33.039751 ], [ 130.56943, 33.040496 ], [ 130.568968, 33.041131 ], [ 130.568397, 33.041752 ], [ 130.567834, 33.042235 ], [ 130.567297, 33.042614 ], [ 130.566675, 33.042925 ], [ 130.565919, 33.043284 ], [ 130.564936, 33.043608 ], [ 130.563928, 33.043932 ], [ 130.562861, 33.044326 ], [ 130.562072, 33.044712 ], [ 130.561366, 33.045133 ], [ 130.560795, 33.045568 ], [ 130.560215, 33.046037 ], [ 130.559854, 33.046382 ], [ 130.559232, 33.046983 ], [ 130.558241, 33.047921 ], [ 130.557569, 33.048528 ], [ 130.556788, 33.049156 ], [ 130.5562, 33.049529 ], [ 130.554839, 33.050495 ], [ 130.553512, 33.051413 ], [ 130.552311, 33.052227 ], [ 130.551874, 33.052614 ], [ 130.551319, 33.05309 ], [ 130.550681, 33.053766 ], [ 130.550076, 33.054546 ], [ 130.54979, 33.055105 ], [ 130.549606, 33.055636 ], [ 130.5495694, 33.0558411 ], [ 130.549505, 33.056202 ], [ 130.549471, 33.05701 ], [ 130.54948, 33.05741 ], [ 130.549513, 33.057914 ], [ 130.549597, 33.058604 ], [ 130.54969, 33.059301 ], [ 130.549774, 33.060474 ], [ 130.549807, 33.061605 ], [ 130.549748, 33.062461 ], [ 130.549639, 33.063165 ], [ 130.549522, 33.063834 ], [ 130.549387, 33.064255 ], [ 130.549118, 33.065077 ], [ 130.548715, 33.066029 ], [ 130.548295, 33.067016 ], [ 130.547917, 33.067878 ], [ 130.547539, 33.068644 ], [ 130.54727, 33.069169 ], [ 130.54696, 33.069762 ], [ 130.546531, 33.070508 ], [ 130.546187, 33.071101 ], [ 130.545749, 33.071773 ], [ 130.5453, 33.072435 ], [ 130.544865, 33.073009 ], [ 130.544358, 33.073619 ], [ 130.543866, 33.074287 ], [ 130.543331, 33.075083 ], [ 130.542825, 33.075869 ], [ 130.542547, 33.07639 ], [ 130.542254, 33.077158 ], [ 130.54209, 33.077755 ], [ 130.541905, 33.078646 ], [ 130.541819, 33.079378 ], [ 130.541762, 33.080281 ], [ 130.541712, 33.081218 ], [ 130.541693, 33.082031 ] ] } },
{ "type": "Feature", "properties": { "N12_001": "43", "N12_002": 2, "N12_003": 7, "N12_004": "熊本市道月出1丁目月出8丁目第1号線", "N12_005": 96, "N12_006": 1 }, "geometry": { "type": "LineString", "coordinates": [ [ 130.767054, 32.8083184 ], [ 130.7666415, 32.8081278 ], [ 130.764229, 32.8070199 ], [ 130.7631145, 32.806505 ] ] } },
{ "type": "Feature", "properties": { "N12_001": "43", "N12_002": 2, "N12_003": 7, "N12_004": "熊本市道流通団地第16号線", "N12_005": 97, "N12_006": 1 }, "geometry": { "type": "LineString", "coordinates": [ [ 130.7049307, 32.7666862 ], [ 130.7022, 32.7665269 ] ] } },
{ "type": "Feature", "properties": { "N12_001": "43", "N12_002": 1, "N12_003": 6, "N12_004": "熊本県道北外輪山大津線", "N12_005": 98, "N12_006": 1 }, "geometry": { "type": "LineString", "coordinates": [ [ 130.896743, 32.8876867 ], [ 130.8967288, 32.8873404 ], [ 130.8965804, 32.8871421 ], [ 130.8946382, 32.8858897 ], [ 130.8943165, 32.8855557 ], [ 130.8941681, 32.8852623 ], [ 130.8940306, 32.8849329 ], [ 130.8940032, 32.8846963 ], [ 130.8939097, 32.8804657 ] ] } },
{ "type": "Feature", "properties": { "N12_001": "43", "N12_002": 2, "N12_003": 4, "N12_004": "熊本県道本渡下田線", "N12_005": 99, "N12_006": 1 }, "geometry": { "type": "LineString", "coordinates": [ [ 130.1937817, 32.4557706 ], [ 130.1928777, 32.4554842 ], [ 130.1911812, 32.454895 ], [ 130.1899077, 32.454468 ] ] } },
{ "type": "Feature", "properties": { "N12_001": "43", "N12_002": 2, "N12_003": 6, "N12_004": "熊本県道笹倉九住線", "N12_005": 100, "N12_006": 1 }, "geometry": { "type": "LineString", "coordinates": [ [ 131.2129851, 32.9963802 ], [ 131.2142709, 32.9960436 ], [ 131.2144518, 32.9960436 ], [ 131.2150229, 32.9961673 ], [ 131.2152608, 32.9961863 ], [ 131.215632, 32.9960912 ], [ 131.2160413, 32.9960626 ], [ 131.2164029, 32.9960531 ], [ 131.2170121, 32.9959389 ] ] } },
{ "type": "Feature", "properties": { "N12_001": "43", "N12_002": 1, "N12_003": 6, "N12_004": "熊本県道瀬田熊本線", "N12_005": 101, "N12_006": 1 }, "geometry": { "type": "LineString", "coordinates": [ [ 130.7983625, 32.8451116 ], [ 130.8000441, 32.84565 ], [ 130.8005448, 32.8459406 ], [ 130.802214, 32.8473408 ] ] } },
{ "type": "Feature", "properties": { "N12_001": "43", "N12_002": 1, "N12_003": 6, "N12_004": "熊本県道八代港線", "N12_005": 10, "N12_006": 2 }, "geometry": { "type": "LineString", "coordinates": [ [ 130.5618261, 32.5369222 ], [ 130.5633857, 32.5361832 ], [ 130.5666667, 32.5346147 ], [ 130.5691595, 32.5334204 ], [ 130.5716704, 32.5322219 ], [ 130.5766108, 32.5298911 ], [ 130.5773888, 32.5295362 ], [ 130.5781381, 32.5291931 ], [ 130.5802502, 32.5283899 ], [ 130.5811759, 32.528023 ], [ 130.5835745, 32.5271103 ], [ 130.5877055, 32.5254916 ], [ 130.5893294, 32.5248228 ], [ 130.5916159, 32.5238426 ], [ 130.5934475, 32.5230986 ], [ 130.5945477, 32.5226912 ], [ 130.6000564, 32.5206168 ] ] } },
{ "type": "Feature", "properties": { "N12_001": "43", "N12_002": 1, "N12_003": 6, "N12_004": "熊本県道郡築横手線", "N12_005": 102, "N12_006": 1 }, "geometry": { "type": "LineString", "coordinates": [ [ 130.6000564, 32.5206168 ], [ 130.6021378, 32.5198331 ], [ 130.6047126, 32.5188656 ], [ 130.6055086, 32.5186033 ], [ 130.6083224, 32.5177492 ], [ 130.6115879, 32.5167491 ], [ 130.6142745, 32.5159037 ], [ 130.615416, 32.5155485 ], [ 130.6161681, 32.5153457 ] ] } }
]
}
