{
"type": "FeatureCollection",
"name": "N12-21_46",
"features": [
{ "type": "Feature", "properties": { "N12_001": "46", "N12_002": 1, "N12_003": 3, "N12_004": "一般国道58号", "N12_005": 1, "N12_006": 1 }, "geometry": { "type": "LineString", "coordinates": [ [ 130.5537218, 31.5950151 ], [ 130.5545018, 31.5946174 ], [ 130.5549031, 31.5944441 ], [ 130.5556251, 31.5943965 ], [ 130.5561291, 31.5943625 ], [ 130.556456, 31.5943557 ], [ 130.5566944, 31.5943489 ], [ 130.5570418, 31.594342 ], [ 130.5574467, 31.5943381 ], [ 130.5581628, 31.5943122 ], [ 130.5583811, 31.5943014 ], [ 130.5590568, 31.5942679 ], [ 130.559502, 31.5942489 ], [ 130.5605491, 31.594184 ], [ 130.5609231, 31.5941949 ] ] } },
{ "type": "Feature", "properties": { "N12_001": "46", "N12_002": 1, "N12_003": 3, "N12_004": "一般国道220号", "N12_005": 2, "N12_006": 1 }, "geometry": { "type": "LineString", "coordinates": [ [ 131.1604482, 31.4620732 ], [ 131.1602925, 31.4622067 ], [ 131.1602421, 31.4622386 ], [ 131.1596022, 31.462787 ], [ 131.1593065, 31.4630238 ], [ 131.159188, 31.4631083 ], [ 131.158978, 31.4631986 ], [ 131.1583659, 31.4633587 ], [ 131.1582025, 31.4634014 ], [ 131.157578, 31.4635536 ], [ 131.1575122, 31.463565 ], [ 131.1566708, 31.4637733 ], [ 131.1564803, 31.4638411 ], [ 131.1563686, 31.4639086 ], [ 131.1561583, 31.4640778 ], [ 131.1557925, 31.464522 ], [ 131.1557313, 31.4645878 ], [ 131.1556892, 31.4646489 ], [ 131.1556132, 31.4647504 ], [ 131.1554992, 31.4648686 ], [ 131.1553286, 31.464978 ], [ 131.1551653, 31.4650781 ], [ 131.1545875, 31.4654753 ], [ 131.1544625, 31.465622 ], [ 131.1543444, 31.4658472 ], [ 131.1543089, 31.4659545 ], [ 131.1542861, 31.466067 ], [ 131.1542522, 31.4663656 ], [ 131.1541733, 31.4666361 ], [ 131.1541597, 31.466679 ], [ 131.1541142, 31.4668222 ], [ 131.1539367, 31.4671603 ], [ 131.1538317, 31.4673295 ], [ 131.1537235, 31.4674802 ], [ 131.1535928, 31.4676511 ], [ 131.1535425, 31.4677014 ], [ 131.15347, 31.4677578 ], [ 131.153378, 31.4678086 ], [ 131.1532269, 31.4678592 ], [ 131.1530494, 31.4678986 ], [ 131.1529378, 31.4678986 ], [ 131.1528325, 31.4678986 ], [ 131.1526747, 31.4678706 ], [ 131.1525303, 31.4678253 ], [ 131.1523, 31.4677239 ], [ 131.1521555, 31.4676395 ], [ 131.1520633, 31.4675605 ], [ 131.1519188, 31.4674591 ], [ 131.1517347, 31.4673633 ], [ 131.1516164, 31.4673239 ], [ 131.1514586, 31.46729 ], [ 131.1511959, 31.4672845 ], [ 131.150887, 31.4673011 ], [ 131.1504203, 31.4673744 ], [ 131.1500787, 31.4674478 ], [ 131.1500181, 31.4674584 ], [ 131.1498222, 31.4674928 ], [ 131.149625, 31.4675436 ], [ 131.1494379, 31.4676167 ], [ 131.1493753, 31.467645 ], [ 131.1492044, 31.4677408 ], [ 131.1488758, 31.4679889 ], [ 131.1487311, 31.4680792 ], [ 131.1486261, 31.4681186 ], [ 131.1484814, 31.4681522 ], [ 131.1481725, 31.4681975 ], [ 131.1481067, 31.4682139 ], [ 131.1480016, 31.4682253 ], [ 131.1475744, 31.4683042 ], [ 131.1467264, 31.4684395 ], [ 131.1459839, 31.4685747 ], [ 131.1454908, 31.4686989 ], [ 131.1452478, 31.4687325 ], [ 131.1450045, 31.4687383 ], [ 131.1445838, 31.4686367 ], [ 131.1444328, 31.4685861 ], [ 131.1442486, 31.4685353 ], [ 131.1438017, 31.4684225 ], [ 131.1435189, 31.4683492 ], [ 131.1434072, 31.4683042 ], [ 131.1433053, 31.4682624 ], [ 131.1432564, 31.4682422 ], [ 131.1430461, 31.4681744 ], [ 131.1427947, 31.4680724 ], [ 131.1427216, 31.4680388 ], [ 131.1421456, 31.4677745 ], [ 131.1417511, 31.4676222 ], [ 131.1417182, 31.4676112 ], [ 131.1416605, 31.467592 ], [ 131.1415721, 31.4675664 ], [ 131.1414798, 31.4675397 ], [ 131.1413839, 31.4675124 ], [ 131.1411439, 31.4674525 ], [ 131.1409164, 31.4673911 ], [ 131.1405614, 31.4673461 ], [ 131.1402922, 31.4673572 ], [ 131.140049, 31.4673911 ], [ 131.1395239, 31.4674911 ], [ 131.1392515, 31.467527 ], [ 131.1389943, 31.467639 ], [ 131.138695, 31.4677236 ], [ 131.1382981, 31.4678894 ], [ 131.1379658, 31.468135 ], [ 131.1371633, 31.4688003 ], [ 131.1369598, 31.4689524 ], [ 131.136408, 31.4694029 ], [ 131.1359863, 31.4697757 ], [ 131.1358635, 31.4698833 ], [ 131.1357636, 31.4700117 ], [ 131.135623, 31.4702754 ], [ 131.135435, 31.4707105 ], [ 131.1353825, 31.4708853 ], [ 131.13531, 31.4712742 ], [ 131.1352311, 31.4717644 ], [ 131.1350012, 31.4733986 ], [ 131.1349486, 31.4736638 ], [ 131.1348594, 31.4738928 ], [ 131.1347449, 31.4740581 ], [ 131.134633, 31.4741937 ], [ 131.1344161, 31.4743853 ], [ 131.1341533, 31.4745486 ], [ 131.1340064, 31.4746164 ], [ 131.1337064, 31.4747067 ], [ 131.1334434, 31.4747739 ], [ 131.1331542, 31.4748133 ], [ 131.1325956, 31.4748189 ], [ 131.1322339, 31.4747739 ], [ 131.1319844, 31.474712 ], [ 131.1315044, 31.474605 ], [ 131.1311496, 31.4745486 ], [ 131.1306894, 31.4744586 ], [ 131.1304725, 31.4744247 ], [ 131.1299862, 31.4743739 ], [ 131.1296642, 31.4743008 ], [ 131.1294997, 31.4742781 ], [ 131.1293881, 31.47425 ], [ 131.1288361, 31.4742386 ], [ 131.1286456, 31.4742725 ], [ 131.1283892, 31.4743797 ], [ 131.1281659, 31.4745206 ], [ 131.1279883, 31.4746273 ], [ 131.1278141, 31.4747623 ], [ 131.1275084, 31.4750444 ], [ 131.1270038, 31.4756054 ], [ 131.1267433, 31.4758967 ], [ 131.1266673, 31.4759797 ], [ 131.1266131, 31.4760371 ], [ 131.1263064, 31.4763622 ], [ 131.125755, 31.4769892 ], [ 131.1256679, 31.4770852 ], [ 131.1250832, 31.4777271 ], [ 131.1249848, 31.4778454 ], [ 131.1245772, 31.4783303 ], [ 131.1245047, 31.4783978 ], [ 131.1241631, 31.4786908 ], [ 131.1238344, 31.4789164 ], [ 131.1236307, 31.4790008 ], [ 131.1232889, 31.479125 ], [ 131.1230486, 31.4791695 ], [ 131.1228069, 31.4791695 ], [ 131.1226774, 31.4791458 ], [ 131.1223869, 31.4790992 ], [ 131.1221893, 31.4790666 ], [ 131.12206, 31.4790444 ], [ 131.121005, 31.4788898 ], [ 131.1200484, 31.4787456 ], [ 131.1192336, 31.4786328 ], [ 131.1190758, 31.4786047 ], [ 131.1186155, 31.4785539 ], [ 131.1182344, 31.4785428 ], [ 131.1181606, 31.4785507 ], [ 131.1179302, 31.4785812 ], [ 131.1177192, 31.4786558 ], [ 131.1169856, 31.4790386 ], [ 131.1165581, 31.4792503 ], [ 131.1162114, 31.4794221 ], [ 131.1156973, 31.4796812 ], [ 131.1153883, 31.4798331 ], [ 131.114843, 31.4801205 ], [ 131.1140092, 31.4805314 ], [ 131.113713, 31.4806436 ], [ 131.1132469, 31.4807717 ], [ 131.1127517, 31.4808558 ], [ 131.1123714, 31.4808703 ], [ 131.1121808, 31.4808533 ], [ 131.1119181, 31.4807914 ], [ 131.111701, 31.4807294 ], [ 131.1114512, 31.4806392 ], [ 131.1112672, 31.4805828 ], [ 131.1106231, 31.480363 ], [ 131.1105244, 31.4803347 ], [ 131.1096242, 31.4799742 ], [ 131.1093678, 31.4798558 ], [ 131.1091836, 31.4797372 ], [ 131.1090606, 31.4796212 ], [ 131.1088253, 31.4793659 ], [ 131.1085656, 31.4789818 ], [ 131.1084211, 31.4787739 ], [ 131.1083333, 31.4786436 ], [ 131.1080072, 31.4781595 ], [ 131.1077615, 31.4776857 ], [ 131.1064595, 31.4774192 ], [ 131.1046912, 31.4767697 ], [ 131.1030929, 31.476191 ], [ 131.1009174, 31.4754339 ], [ 131.0993685, 31.4748573 ], [ 131.0968886, 31.4740017 ], [ 131.0933246, 31.4728595 ], [ 131.0928243, 31.4725336 ], [ 131.0925892, 31.47237 ], [ 131.0924821, 31.4722975 ], [ 131.0919042, 31.471875 ], [ 131.0908672, 31.4712825 ], [ 131.0891697, 31.4703813 ], [ 131.0888083, 31.4702067 ], [ 131.0878794, 31.4697303 ], [ 131.0877031, 31.4696369 ], [ 131.0874347, 31.4694967 ], [ 131.0871719, 31.4693386 ], [ 131.0867381, 31.4690345 ], [ 131.086475, 31.4688428 ], [ 131.0861934, 31.4686511 ], [ 131.0860608, 31.4685778 ], [ 131.0856428, 31.4683697 ], [ 131.0851278, 31.46811 ], [ 131.0849633, 31.4680253 ], [ 131.0842598, 31.4676702 ], [ 131.0840146, 31.4675535 ], [ 131.0834778, 31.4672872 ], [ 131.0832086, 31.4671689 ], [ 131.0826958, 31.4669603 ], [ 131.0819981, 31.4666667 ], [ 131.0817189, 31.4665492 ], [ 131.0814561, 31.4664475 ], [ 131.0812356, 31.4663758 ], [ 131.0809398, 31.4662917 ], [ 131.0807022, 31.4662367 ], [ 131.0804964, 31.4661972 ], [ 131.0800106, 31.4661006 ], [ 131.079495, 31.4660133 ], [ 131.0790128, 31.4659279 ], [ 131.0787522, 31.4658781 ], [ 131.0781081, 31.4657483 ], [ 131.0779044, 31.4657145 ], [ 131.0775072, 31.4656363 ], [ 131.0767147, 31.4654778 ], [ 131.0763645, 31.4653882 ], [ 131.073632, 31.4643561 ], [ 131.0733889, 31.4642264 ], [ 131.0731983, 31.4640742 ], [ 131.072758, 31.46377 ], [ 131.0726725, 31.4637022 ], [ 131.0722583, 31.4634091 ], [ 131.0718647, 31.4630694 ], [ 131.0713972, 31.462637 ], [ 131.0711347, 31.4624058 ], [ 131.0707208, 31.4620341 ], [ 131.0705497, 31.4618703 ], [ 131.0697806, 31.4611603 ], [ 131.0692814, 31.4607152 ], [ 131.0689411, 31.4604408 ], [ 131.0686043, 31.4601993 ], [ 131.0681439, 31.4598639 ], [ 131.0676879, 31.4595351 ], [ 131.0670531, 31.4590747 ], [ 131.0666697, 31.4588073 ], [ 131.0660278, 31.4583364 ], [ 131.0656734, 31.4580888 ], [ 131.0642066, 31.4571027 ], [ 131.0629529, 31.4561948 ], [ 131.0625575, 31.4557833 ], [ 131.0621761, 31.455445 ], [ 131.0616503, 31.4550278 ], [ 131.0612036, 31.4547292 ], [ 131.06075, 31.4544531 ], [ 131.060165, 31.4541092 ], [ 131.0596064, 31.4537428 ], [ 131.059282, 31.4535436 ], [ 131.0586994, 31.4531906 ], [ 131.0585483, 31.4530892 ], [ 131.0583575, 31.45292 ], [ 131.058164, 31.4526798 ], [ 131.0572403, 31.4515447 ], [ 131.0571747, 31.4514714 ], [ 131.0568131, 31.4510147 ], [ 131.0567425, 31.4509208 ], [ 131.056668, 31.4508277 ], [ 131.0562217, 31.4502881 ], [ 131.0559944, 31.45 ], [ 131.0558714, 31.4498531 ], [ 131.0556039, 31.4496283 ], [ 131.0552492, 31.4494086 ], [ 131.0539619, 31.4486837 ], [ 131.0536688, 31.4485417 ], [ 131.0526117, 31.4479892 ], [ 131.0516059, 31.4475414 ], [ 131.0512339, 31.4473347 ], [ 131.0508389, 31.4470583 ], [ 131.0499938, 31.446343 ], [ 131.0488018, 31.4453676 ], [ 131.0483867, 31.4450922 ], [ 131.0481786, 31.4450003 ], [ 131.0480194, 31.4449617 ], [ 131.0477369, 31.4449222 ], [ 131.0476722, 31.4449222 ], [ 131.0476159, 31.4449222 ], [ 131.0452224, 31.4451019 ], [ 131.0447525, 31.445076 ], [ 131.0445231, 31.4450461 ], [ 131.0439647, 31.4449031 ], [ 131.0438328, 31.4448658 ], [ 131.0435369, 31.4447755 ], [ 131.0432242, 31.4446941 ], [ 131.0427289, 31.4445445 ], [ 131.0425249, 31.4444711 ], [ 131.0419862, 31.4442401 ], [ 131.0417033, 31.4441047 ], [ 131.0411761, 31.4438364 ], [ 131.0406847, 31.4436428 ], [ 131.0404022, 31.4435358 ], [ 131.0402181, 31.4434625 ], [ 131.0400625, 31.4434069 ], [ 131.0398174, 31.4433329 ], [ 131.0393899, 31.4432089 ], [ 131.0390736, 31.4431162 ], [ 131.0387146, 31.4430025 ], [ 131.0383966, 31.4428816 ], [ 131.0379308, 31.4427072 ], [ 131.0374611, 31.4425056 ], [ 131.0373663, 31.4424654 ], [ 131.0371182, 31.4423593 ], [ 131.0364655, 31.4420534 ], [ 131.0358014, 31.4417658 ], [ 131.0355785, 31.4416667 ], [ 131.0354467, 31.4416081 ], [ 131.0349012, 31.4413261 ], [ 131.0344052, 31.4409862 ], [ 131.0341647, 31.4407964 ], [ 131.0339675, 31.4406611 ], [ 131.0337247, 31.4405539 ], [ 131.0333333, 31.4403972 ], [ 131.0328928, 31.4402207 ], [ 131.0312088, 31.439397 ], [ 131.0305307, 31.4390663 ], [ 131.0302739, 31.4389478 ], [ 131.0297289, 31.4386765 ], [ 131.0286937, 31.4381692 ], [ 131.0284574, 31.4380567 ], [ 131.0275728, 31.4376344 ], [ 131.026822, 31.437271 ], [ 131.0262647, 31.4370031 ], [ 131.0260806, 31.4369072 ], [ 131.0252516, 31.4365041 ], [ 131.025, 31.4363798 ], [ 131.0246282, 31.4361973 ], [ 131.0241944, 31.4360001 ], [ 131.0233948, 31.4356567 ], [ 131.022042, 31.4350606 ], [ 131.0218019, 31.4349517 ], [ 131.0214669, 31.4347994 ], [ 131.0210725, 31.4346247 ], [ 131.0207767, 31.4344836 ], [ 131.0205333, 31.4343314 ], [ 131.0190547, 31.4331817 ], [ 131.0184828, 31.4327367 ], [ 131.0170339, 31.4315331 ], [ 131.0166371, 31.4312025 ], [ 131.0161857, 31.4308203 ], [ 131.0158101, 31.4305009 ], [ 131.0154657, 31.4302057 ], [ 131.0152908, 31.4300386 ], [ 131.0151703, 31.42989 ], [ 131.0150716, 31.4297156 ], [ 131.0148325, 31.4292909 ], [ 131.0146793, 31.4289891 ], [ 131.0145064, 31.4286842 ], [ 131.0139542, 31.4283064 ], [ 131.0127065, 31.4274715 ], [ 131.0124756, 31.42732 ], [ 131.0113744, 31.4265733 ], [ 131.0112595, 31.4265028 ], [ 131.0111575, 31.4264514 ], [ 131.0110167, 31.4264011 ], [ 131.0108458, 31.4263497 ], [ 131.0105892, 31.4262942 ], [ 131.010208, 31.4262362 ], [ 131.0098859, 31.4261919 ], [ 131.0096428, 31.426153 ], [ 131.0090382, 31.4260637 ], [ 131.0088589, 31.4260345 ], [ 131.0084528, 31.4259842 ], [ 131.0083318, 31.4259601 ], [ 131.0078286, 31.42586 ], [ 131.0068953, 31.4256347 ], [ 131.0063841, 31.4255264 ], [ 131.0060902, 31.4254548 ], [ 131.0057383, 31.4253528 ], [ 131.0053244, 31.4252231 ], [ 131.0049761, 31.4250992 ], [ 131.0047411, 31.425 ], [ 131.0045883, 31.4249356 ], [ 131.0036507, 31.4244231 ], [ 131.0035564, 31.4241747 ], [ 131.0033361, 31.4236389 ], [ 131.0031335, 31.4232184 ], [ 131.0029943, 31.422916 ], [ 131.0021958, 31.421182 ], [ 131.0017408, 31.4201845 ], [ 131.0016731, 31.4200428 ], [ 131.0011675, 31.4191531 ], [ 131.0009397, 31.4187661 ], [ 131.0007539, 31.4185386 ], [ 131.0004657, 31.4183112 ], [ 131.0001022, 31.4181233 ], [ 130.9998459, 31.4180021 ], [ 130.998948, 31.4175747 ], [ 130.9983439, 31.4172139 ], [ 130.997943, 31.4169489 ], [ 130.9976867, 31.4167592 ], [ 130.9975853, 31.4166667 ], [ 130.9973261, 31.41643 ], [ 130.9970764, 31.41621 ], [ 130.99684, 31.4160578 ], [ 130.9965708, 31.4158945 ], [ 130.9961506, 31.415652 ], [ 130.9953754, 31.4151952 ], [ 130.9952732, 31.4151351 ], [ 130.9948426, 31.4148771 ], [ 130.9939424, 31.414341 ], [ 130.9921776, 31.4132957 ], [ 130.9916911, 31.4130011 ], [ 130.991365, 31.4128063 ], [ 130.9910213, 31.4126022 ], [ 130.9906536, 31.4123825 ], [ 130.9904328, 31.4122484 ], [ 130.9898644, 31.4119081 ], [ 130.9892988, 31.4115789 ], [ 130.988789, 31.4112833 ], [ 130.9886576, 31.41121 ], [ 130.9883178, 31.4110104 ], [ 130.9875888, 31.4105853 ], [ 130.9874547, 31.4105069 ], [ 130.9868531, 31.4101566 ], [ 130.9861821, 31.409762 ], [ 130.9850869, 31.4091178 ], [ 130.9843036, 31.4086449 ], [ 130.9838894, 31.4083967 ], [ 130.9837864, 31.4083333 ], [ 130.9832909, 31.4080289 ], [ 130.9827339, 31.4076864 ], [ 130.9825236, 31.4075625 ], [ 130.9822344, 31.4073873 ], [ 130.9816572, 31.4070367 ], [ 130.981335, 31.4068408 ], [ 130.9811708, 31.406745 ], [ 130.9808485, 31.4065496 ], [ 130.9804683, 31.4063222 ], [ 130.9795072, 31.4057999 ], [ 130.9792336, 31.4056514 ], [ 130.9791153, 31.4055892 ], [ 130.9782493, 31.4051261 ], [ 130.977766, 31.4048676 ], [ 130.9774933, 31.4047097 ], [ 130.9773292, 31.4046083 ], [ 130.9766067, 31.4041742 ], [ 130.9765203, 31.4041193 ], [ 130.9761996, 31.4039151 ], [ 130.9752733, 31.4031988 ], [ 130.975, 31.4029926 ], [ 130.9744594, 31.4025846 ], [ 130.9740389, 31.4022519 ], [ 130.9735131, 31.4018684 ], [ 130.9725934, 31.4011659 ], [ 130.9719308, 31.4006733 ], [ 130.9717803, 31.4005555 ], [ 130.9716741, 31.4004757 ], [ 130.9715358, 31.4003741 ], [ 130.9710345, 31.4 ], [ 130.9708865, 31.3998896 ], [ 130.9704858, 31.3995853 ], [ 130.9703151, 31.3994668 ], [ 130.9700264, 31.3992475 ], [ 130.9691004, 31.3985537 ], [ 130.9690218, 31.3985031 ], [ 130.9683189, 31.3979786 ], [ 130.9682531, 31.3979447 ], [ 130.9673206, 31.397742 ], [ 130.9670906, 31.3977081 ], [ 130.9654458, 31.3974074 ], [ 130.9639313, 31.3971274 ], [ 130.9634218, 31.3970358 ], [ 130.9612934, 31.3966391 ], [ 130.961042, 31.3965975 ], [ 130.9607861, 31.3965581 ], [ 130.9602164, 31.3964593 ], [ 130.9599985, 31.3964218 ], [ 130.9578123, 31.3960282 ], [ 130.9569639, 31.3959042 ], [ 130.9567142, 31.3958872 ], [ 130.9563397, 31.3959042 ], [ 130.9559984, 31.3959492 ], [ 130.9542317, 31.3962983 ], [ 130.9538575, 31.3963267 ], [ 130.9532597, 31.3963153 ], [ 130.9529378, 31.3962814 ], [ 130.9521958, 31.3961461 ], [ 130.9512436, 31.3959603 ], [ 130.9502978, 31.3957458 ], [ 130.9492405, 31.3954642 ], [ 130.9486953, 31.3952497 ], [ 130.9483211, 31.395075 ], [ 130.9474318, 31.3945807 ], [ 130.9471881, 31.3944495 ], [ 130.9467844, 31.3942803 ], [ 130.9465283, 31.3941955 ], [ 130.9463439, 31.3941577 ], [ 130.946062, 31.3940997 ], [ 130.9453373, 31.3940025 ], [ 130.9447617, 31.394145 ], [ 130.9437831, 31.3943703 ], [ 130.9435928, 31.3944325 ], [ 130.9433364, 31.3945789 ], [ 130.9430147, 31.3948494 ], [ 130.9428242, 31.3949622 ], [ 130.9426469, 31.3950186 ], [ 130.9422791, 31.3950861 ], [ 130.9420561, 31.395148 ], [ 130.9416686, 31.3952833 ], [ 130.9413794, 31.3952833 ], [ 130.9412614, 31.3952608 ], [ 130.9411628, 31.3952214 ], [ 130.9404272, 31.3946972 ], [ 130.9402106, 31.3945222 ], [ 130.9399281, 31.3943475 ], [ 130.9397311, 31.3942575 ], [ 130.9395339, 31.3942011 ], [ 130.9386542, 31.3941164 ], [ 130.9368359, 31.3940866 ], [ 130.9340879, 31.3940594 ], [ 130.9333831, 31.3940449 ], [ 130.9330265, 31.3940375 ], [ 130.9317125, 31.3940375 ], [ 130.9309261, 31.3940037 ], [ 130.930123, 31.3939697 ], [ 130.9288688, 31.3939528 ], [ 130.9285667, 31.3939414 ], [ 130.9277459, 31.39393 ], [ 130.9269775, 31.3939133 ], [ 130.9268326, 31.3939019 ], [ 130.9265901, 31.3938964 ], [ 130.925619, 31.3938628 ], [ 130.9252902, 31.3938511 ], [ 130.925, 31.3938388 ], [ 130.9244956, 31.3938175 ], [ 130.9242719, 31.3938175 ], [ 130.9230919, 31.3937408 ], [ 130.9225709, 31.3937103 ], [ 130.9222223, 31.3936868 ], [ 130.9219864, 31.3936708 ], [ 130.9217831, 31.3936539 ], [ 130.9214481, 31.393637 ], [ 130.920735, 31.3936201 ], [ 130.919913, 31.393601 ], [ 130.9194021, 31.3935889 ], [ 130.9192866, 31.3935861 ], [ 130.9175678, 31.3935411 ], [ 130.9172842, 31.3935408 ], [ 130.9166667, 31.3935264 ], [ 130.9163191, 31.3935183 ], [ 130.9158592, 31.3935183 ], [ 130.9155467, 31.3935274 ], [ 130.9143814, 31.3935747 ], [ 130.9129761, 31.3936367 ], [ 130.9124508, 31.3936311 ], [ 130.9120358, 31.3936308 ], [ 130.911793, 31.3935842 ], [ 130.9115936, 31.3935178 ], [ 130.9114019, 31.3934289 ], [ 130.9113014, 31.3933661 ], [ 130.9112292, 31.3933042 ], [ 130.9105003, 31.3924697 ], [ 130.9098995, 31.391774 ], [ 130.9098042, 31.3916636 ], [ 130.909305, 31.3910664 ], [ 130.9091475, 31.3909028 ], [ 130.9089645, 31.3907707 ], [ 130.9088983, 31.3907229 ], [ 130.90856, 31.3905405 ], [ 130.9083305, 31.3904838 ], [ 130.908165, 31.3904569 ], [ 130.9079131, 31.390418 ], [ 130.907674, 31.3904112 ], [ 130.9073501, 31.3904021 ], [ 130.9052925, 31.3903445 ], [ 130.9042287, 31.3903161 ], [ 130.9038478, 31.3902825 ], [ 130.9035917, 31.3902092 ], [ 130.9034142, 31.3901303 ], [ 130.9020747, 31.3894311 ], [ 130.9019303, 31.389392 ], [ 130.9018801, 31.3893839 ], [ 130.9017856, 31.3893692 ], [ 130.9015294, 31.3893747 ], [ 130.901155, 31.3894536 ], [ 130.9008204, 31.3895889 ], [ 130.9003473, 31.389747 ], [ 130.9000978, 31.3897975 ], [ 130.8999856, 31.3898085 ], [ 130.8998081, 31.3898259 ], [ 130.8994411, 31.38982 ], [ 130.8992178, 31.3897805 ], [ 130.8987196, 31.3896625 ], [ 130.8978517, 31.3894595 ], [ 130.8968743, 31.3891319 ], [ 130.8967713, 31.3890974 ], [ 130.8963808, 31.3889745 ], [ 130.8961455, 31.3888959 ], [ 130.8960504, 31.3890156 ], [ 130.8950654, 31.3904981 ], [ 130.8942678, 31.3916984 ], [ 130.8937603, 31.3924581 ], [ 130.893329, 31.3931101 ], [ 130.8925978, 31.3942111 ], [ 130.8923745, 31.3945438 ], [ 130.8905158, 31.3973283 ], [ 130.8903514, 31.3975425 ], [ 130.8901022, 31.3977903 ], [ 130.8898103, 31.3980701 ], [ 130.8896031, 31.3982308 ], [ 130.8893404, 31.398388 ], [ 130.8891106, 31.398512 ], [ 130.8886627, 31.3987426 ], [ 130.8881844, 31.3989406 ], [ 130.8877575, 31.3990758 ], [ 130.8874023, 31.3991544 ], [ 130.8871664, 31.3991828 ], [ 130.8848808, 31.3992419 ], [ 130.8833333, 31.3992877 ], [ 130.8826686, 31.3993041 ], [ 130.8801846, 31.3993814 ], [ 130.8784646, 31.3994419 ], [ 130.8778951, 31.399453 ], [ 130.8772631, 31.39947 ], [ 130.8767508, 31.3994869 ], [ 130.8766968, 31.3994928 ], [ 130.8765917, 31.3995072 ], [ 130.876475, 31.3995264 ], [ 130.8761467, 31.3995997 ], [ 130.8757723, 31.399718 ], [ 130.8755405, 31.3998132 ], [ 130.8753874, 31.3998793 ], [ 130.8751581, 31.4 ], [ 130.875, 31.4000833 ], [ 130.8748264, 31.4001747 ], [ 130.8739485, 31.4007065 ], [ 130.8737628, 31.4008228 ], [ 130.873229, 31.4011346 ], [ 130.8730211, 31.4012462 ], [ 130.8725608, 31.4014881 ], [ 130.8723375, 31.4016009 ], [ 130.8720757, 31.4016963 ], [ 130.87196, 31.4017398 ], [ 130.8716214, 31.4018714 ], [ 130.8713917, 31.4019392 ], [ 130.8709844, 31.402018 ], [ 130.8708642, 31.4020259 ], [ 130.8660653, 31.4020859 ], [ 130.8656652, 31.4020908 ], [ 130.8649035, 31.4021022 ], [ 130.8642853, 31.4021136 ], [ 130.8639245, 31.402153 ], [ 130.863838, 31.4021703 ], [ 130.8634186, 31.4022658 ], [ 130.8627225, 31.4024292 ], [ 130.8626309, 31.4024493 ], [ 130.8625257, 31.4024725 ], [ 130.8621162, 31.4025625 ], [ 130.8618366, 31.40264 ], [ 130.8613453, 31.4028062 ], [ 130.8603691, 31.4031667 ], [ 130.8601611, 31.4032467 ], [ 130.8588869, 31.403737 ], [ 130.8583598, 31.4039344 ], [ 130.8583155, 31.403951 ], [ 130.8578931, 31.40412 ], [ 130.856341, 31.4047068 ], [ 130.8562297, 31.4047489 ], [ 130.8561256, 31.4047883 ], [ 130.8553505, 31.4050812 ], [ 130.8511363, 31.4066745 ], [ 130.8508806, 31.4067753 ], [ 130.8501848, 31.4069952 ], [ 130.8494619, 31.4071245 ], [ 130.8488578, 31.4071245 ], [ 130.8483914, 31.4070961 ], [ 130.8480433, 31.4070567 ], [ 130.8474865, 31.4068931 ], [ 130.8469792, 31.4067186 ], [ 130.8460928, 31.4063239 ], [ 130.8448845, 31.4057041 ], [ 130.8439383, 31.4052245 ], [ 130.8429136, 31.4047003 ], [ 130.8420046, 31.4042442 ], [ 130.8416667, 31.4040723 ], [ 130.8414164, 31.403945 ], [ 130.8402803, 31.4033697 ], [ 130.8395084, 31.4029642 ], [ 130.8391111, 31.4027497 ], [ 130.8379684, 31.4020845 ], [ 130.8371762, 31.4016004 ], [ 130.8366645, 31.4012818 ], [ 130.8355386, 31.4005854 ], [ 130.8347283, 31.4000692 ], [ 130.8346197, 31.4 ], [ 130.8337534, 31.3994478 ], [ 130.8333333, 31.3991799 ], [ 130.8329374, 31.3989274 ], [ 130.8326944, 31.3987808 ], [ 130.8321953, 31.3984653 ], [ 130.8320836, 31.3984033 ], [ 130.8314203, 31.3979917 ], [ 130.8309133, 31.3976519 ], [ 130.8308273, 31.3975917 ], [ 130.8307447, 31.3975339 ], [ 130.8301694, 31.3971311 ], [ 130.8297291, 31.3968239 ], [ 130.8290754, 31.3963457 ], [ 130.8287153, 31.3960701 ], [ 130.8284911, 31.3958947 ], [ 130.8281956, 31.3956525 ], [ 130.8275714, 31.3951394 ], [ 130.8270253, 31.3947153 ], [ 130.8260144, 31.3939364 ], [ 130.8255575, 31.3936008 ], [ 130.8250974, 31.3932847 ], [ 130.825, 31.3932179 ], [ 130.8247933, 31.3930761 ], [ 130.8242526, 31.3927083 ], [ 130.8237228, 31.392332 ], [ 130.8233671, 31.3920888 ], [ 130.823184, 31.3919596 ], [ 130.8227653, 31.3916667 ], [ 130.8227046, 31.3916216 ], [ 130.8224221, 31.3914355 ], [ 130.8220153, 31.3911594 ], [ 130.8212272, 31.3906242 ], [ 130.8205572, 31.3901675 ], [ 130.8193182, 31.3893919 ], [ 130.8184897, 31.3888561 ], [ 130.8176906, 31.388487 ], [ 130.8167659, 31.3881509 ], [ 130.8166682, 31.3881209 ], [ 130.8164147, 31.3880431 ], [ 130.8159611, 31.387935 ], [ 130.8156964, 31.3878972 ], [ 130.8151222, 31.3878214 ], [ 130.8145314, 31.3877889 ], [ 130.8141119, 31.3877889 ], [ 130.8134728, 31.3878214 ], [ 130.8124788, 31.3879397 ], [ 130.8118178, 31.3880478 ], [ 130.8116383, 31.388087 ], [ 130.8106764, 31.3882883 ], [ 130.8098978, 31.3884647 ], [ 130.8091686, 31.3886844 ], [ 130.8087156, 31.388842 ], [ 130.80821, 31.3890336 ], [ 130.8079192, 31.3891692 ], [ 130.8075794, 31.3893325 ], [ 130.806962, 31.3896539 ], [ 130.806628, 31.389814 ], [ 130.8062944, 31.3899754 ], [ 130.8059398, 31.3901275 ], [ 130.8057927, 31.3901837 ], [ 130.8054447, 31.390302 ], [ 130.8050641, 31.3903908 ], [ 130.8046831, 31.3904711 ], [ 130.8045122, 31.3904936 ], [ 130.8041143, 31.3905006 ], [ 130.8038753, 31.3905047 ], [ 130.803678, 31.3904992 ], [ 130.8034353, 31.3904822 ], [ 130.8031461, 31.3904483 ], [ 130.8028636, 31.3903917 ], [ 130.8023319, 31.39024 ], [ 130.8017278, 31.39002 ], [ 130.8014992, 31.3899175 ], [ 130.8013466, 31.3898281 ], [ 130.8011889, 31.3899226 ], [ 130.8004025, 31.3903416 ], [ 130.7999349, 31.3905735 ], [ 130.7994814, 31.3908258 ], [ 130.7990086, 31.3911358 ], [ 130.7987394, 31.3912881 ], [ 130.7984044, 31.3914347 ], [ 130.7979119, 31.3916939 ], [ 130.7976358, 31.3918572 ], [ 130.797209, 31.3921447 ], [ 130.7968104, 31.3924606 ], [ 130.7960594, 31.3932892 ], [ 130.7956586, 31.3937739 ], [ 130.7954209, 31.3940781 ], [ 130.7951925, 31.394405 ], [ 130.7949297, 31.3947039 ], [ 130.7944242, 31.3951436 ], [ 130.7940894, 31.3953803 ], [ 130.793807, 31.3955491 ], [ 130.7936689, 31.3956508 ], [ 130.7935304, 31.3958093 ], [ 130.7933275, 31.3960228 ], [ 130.7931697, 31.3961355 ], [ 130.7929794, 31.3962483 ], [ 130.7927625, 31.3963556 ], [ 130.7925473, 31.3964508 ], [ 130.7920597, 31.3966542 ], [ 130.7918694, 31.3967328 ], [ 130.7917325, 31.3967745 ], [ 130.7916667, 31.3968007 ], [ 130.7915739, 31.3968286 ], [ 130.7912977, 31.396885 ], [ 130.7908842, 31.3969303 ], [ 130.7906283, 31.396947 ], [ 130.7905953, 31.3969583 ], [ 130.7904836, 31.3969639 ], [ 130.790339, 31.3969787 ], [ 130.7900962, 31.3970033 ], [ 130.7897611, 31.3970092 ], [ 130.7893475, 31.3970372 ], [ 130.789032, 31.3970597 ], [ 130.7887563, 31.3970656 ], [ 130.7886183, 31.3970767 ], [ 130.7885976, 31.3970767 ], [ 130.7880864, 31.3971106 ], [ 130.787766, 31.3971219 ], [ 130.7874428, 31.3971331 ], [ 130.7869828, 31.3971614 ], [ 130.7866547, 31.3971781 ], [ 130.7864707, 31.3971892 ], [ 130.7859843, 31.3972117 ], [ 130.7850389, 31.3972681 ], [ 130.7849075, 31.3972681 ], [ 130.7841525, 31.3973189 ], [ 130.7839686, 31.3973189 ], [ 130.7837893, 31.3973304 ], [ 130.7833333, 31.3973576 ], [ 130.7831219, 31.3978142 ], [ 130.7827675, 31.3982777 ], [ 130.782107, 31.398945 ], [ 130.7812115, 31.39999 ], [ 130.7792738, 31.4019416 ], [ 130.7784371, 31.402823 ], [ 130.7780995, 31.4032763 ], [ 130.7780407, 31.4038051 ], [ 130.7780848, 31.4046613 ], [ 130.7782022, 31.4058197 ], [ 130.7782903, 31.4072928 ], [ 130.778496, 31.4090556 ], [ 130.7785254, 31.4099873 ], [ 130.7783932, 31.4106169 ], [ 130.7778941, 31.4119389 ], [ 130.7771747, 31.4139031 ], [ 130.7762498, 31.4166731 ], [ 130.7756185, 31.4187632 ], [ 130.7752955, 31.4197957 ], [ 130.7749871, 31.4206645 ], [ 130.7746935, 31.4213066 ], [ 130.7742677, 31.4220243 ], [ 130.7737097, 31.4226916 ], [ 130.7732252, 31.4231197 ], [ 130.7726232, 31.4233212 ], [ 130.7721828, 31.4234471 ], [ 130.771657, 31.4234723 ], [ 130.7709376, 31.4233086 ], [ 130.7702916, 31.4230442 ], [ 130.7697924, 31.4226664 ], [ 130.7691464, 31.4219236 ], [ 130.7683976, 31.4209918 ], [ 130.7680011, 31.4206141 ], [ 130.767223, 31.4200097 ], [ 130.7660778, 31.4191536 ], [ 130.7653436, 31.4186373 ], [ 130.7646829, 31.4182722 ], [ 130.7638607, 31.4180707 ], [ 130.7631266, 31.4181589 ], [ 130.7625246, 31.4183226 ], [ 130.7620079, 31.4185854 ], [ 130.7616282, 31.4189586 ], [ 130.7612497, 31.4194959 ], [ 130.7610735, 31.4199827 ], [ 130.7610083, 31.4206542 ], [ 130.7609822, 31.421309 ], [ 130.7608647, 31.4217287 ], [ 130.7606102, 31.4221875 ], [ 130.7600555, 31.4227303 ], [ 130.7594625, 31.423191 ], [ 130.7586383, 31.423615 ], [ 130.7585661, 31.4237223 ], [ 130.7584214, 31.4238686 ], [ 130.7583265, 31.4239433 ], [ 130.7582636, 31.4239928 ], [ 130.7580927, 31.4241109 ], [ 130.7579744, 31.4241784 ], [ 130.7578033, 31.4243025 ], [ 130.7572381, 31.4246744 ], [ 130.7570409, 31.4248436 ], [ 130.7569354, 31.4249735 ], [ 130.7568411, 31.4251226 ], [ 130.7567714, 31.4252328 ], [ 130.7566003, 31.4255878 ], [ 130.7564097, 31.4261064 ], [ 130.7563178, 31.4263883 ], [ 130.7561797, 31.4268958 ], [ 130.7560678, 31.4272283 ], [ 130.7559825, 31.42742 ], [ 130.7559234, 31.4275158 ], [ 130.7558378, 31.4276228 ], [ 130.7556117, 31.4278283 ], [ 130.7553578, 31.4280061 ], [ 130.7550817, 31.4281753 ], [ 130.7545492, 31.4284458 ], [ 130.7535221, 31.428983 ], [ 130.7533331, 31.4290828 ], [ 130.7527808, 31.4294097 ], [ 130.7517413, 31.4300591 ], [ 130.7515119, 31.4302611 ], [ 130.7512728, 31.4304981 ], [ 130.750664, 31.431118 ], [ 130.7490533, 31.432995 ], [ 130.748759, 31.4333032 ], [ 130.7481495, 31.4339415 ], [ 130.7479556, 31.434145 ], [ 130.7477122, 31.434382 ], [ 130.7465973, 31.4356667 ], [ 130.7461158, 31.4361402 ], [ 130.74597, 31.436305 ], [ 130.7456477, 31.4367788 ], [ 130.745444, 31.4370495 ], [ 130.7452664, 31.4372578 ], [ 130.7449969, 31.4374945 ], [ 130.7442739, 31.4380245 ], [ 130.7436294, 31.4384586 ], [ 130.7433117, 31.4386492 ], [ 130.7425911, 31.4390111 ], [ 130.7423675, 31.4391578 ], [ 130.7413222, 31.4399467 ], [ 130.7405792, 31.4406008 ], [ 130.7400203, 31.4412492 ], [ 130.7393433, 31.4421342 ], [ 130.7390342, 31.44245 ], [ 130.7384629, 31.4429591 ], [ 130.7378572, 31.4434543 ], [ 130.7377128, 31.4436058 ], [ 130.7376011, 31.4437861 ], [ 130.7372919, 31.4443895 ], [ 130.7359119, 31.4472211 ], [ 130.73578, 31.4474278 ], [ 130.7355233, 31.4477211 ], [ 130.7353791, 31.4478617 ], [ 130.7350042, 31.4482058 ], [ 130.7348397, 31.4483975 ], [ 130.7347084, 31.4485836 ], [ 130.7345372, 31.4487694 ], [ 130.7341175, 31.4491717 ], [ 130.7334458, 31.4497672 ], [ 130.7333333, 31.4498734 ], [ 130.7331992, 31.45 ], [ 130.7329858, 31.4502014 ], [ 130.7327492, 31.4503875 ], [ 130.732504, 31.4505557 ], [ 130.7321273, 31.4507902 ], [ 130.7318614, 31.45094 ], [ 130.731087, 31.4513587 ], [ 130.7305108, 31.45166 ], [ 130.7301392, 31.4518533 ], [ 130.7296792, 31.4521014 ], [ 130.7289953, 31.4524228 ], [ 130.7287061, 31.4525806 ], [ 130.7282173, 31.4527845 ], [ 130.7276608, 31.4530203 ], [ 130.7273583, 31.4531444 ], [ 130.7266681, 31.4534203 ], [ 130.7262672, 31.4535895 ], [ 130.7260042, 31.4537475 ], [ 130.7257939, 31.4539391 ], [ 130.7257412, 31.454001 ], [ 130.7255704, 31.4542264 ], [ 130.7254783, 31.4543225 ], [ 130.7253664, 31.4544183 ], [ 130.7251562, 31.454548 ], [ 130.7249917, 31.4546214 ], [ 130.7244264, 31.4548242 ], [ 130.7241042, 31.4549258 ], [ 130.7232431, 31.4552189 ], [ 130.7226119, 31.4554556 ], [ 130.7220531, 31.4556472 ], [ 130.7217442, 31.4557319 ], [ 130.7215471, 31.4557854 ], [ 130.7214944, 31.4557994 ], [ 130.7211008, 31.4559286 ], [ 130.7209158, 31.45598 ], [ 130.7195615, 31.4563123 ], [ 130.7184329, 31.4566107 ], [ 130.7180431, 31.4567183 ], [ 130.7169372, 31.4569856 ], [ 130.7166667, 31.4570392 ], [ 130.7164653, 31.4570792 ], [ 130.7162088, 31.4571295 ], [ 130.7158546, 31.4571915 ], [ 130.7153742, 31.4572761 ], [ 130.7149863, 31.4573495 ], [ 130.7146256, 31.4574089 ], [ 130.714335, 31.4574509 ], [ 130.7138817, 31.4575131 ], [ 130.7137238, 31.4575411 ], [ 130.7132506, 31.457637 ], [ 130.7126853, 31.4577328 ], [ 130.7122641, 31.457789 ], [ 130.7121137, 31.4578114 ], [ 130.7117429, 31.4578555 ], [ 130.7112458, 31.4579356 ], [ 130.7103882, 31.4580626 ], [ 130.7092539, 31.4582456 ], [ 130.7087411, 31.4582906 ], [ 130.7083687, 31.4583335 ], [ 130.7081554, 31.4583581 ], [ 130.7078272, 31.458392 ], [ 130.7075972, 31.45842 ], [ 130.7072225, 31.4584933 ], [ 130.7070691, 31.4585371 ], [ 130.7069464, 31.4585722 ], [ 130.7068608, 31.4585947 ], [ 130.7066967, 31.45864 ], [ 130.7064339, 31.4587414 ], [ 130.7062956, 31.4588033 ], [ 130.7059736, 31.4589953 ], [ 130.7057108, 31.4591809 ], [ 130.7050664, 31.4596714 ], [ 130.704915, 31.4597786 ], [ 130.7045336, 31.4600831 ], [ 130.7037976, 31.4607089 ], [ 130.7035869, 31.4609003 ], [ 130.7034292, 31.461075 ], [ 130.70314, 31.4613794 ], [ 130.7028903, 31.4616614 ], [ 130.7027522, 31.4618417 ], [ 130.7023317, 31.4624672 ], [ 130.7020225, 31.4629858 ], [ 130.7017992, 31.4634539 ], [ 130.7016347, 31.4637694 ], [ 130.7012813, 31.4643473 ], [ 130.7010095, 31.464819 ], [ 130.7005811, 31.4655528 ], [ 130.7004472, 31.4658036 ], [ 130.7001161, 31.4664528 ], [ 130.7000435, 31.4665769 ], [ 130.6999987, 31.4666678 ], [ 130.6999714, 31.4667233 ], [ 130.6997014, 31.4672199 ], [ 130.6996031, 31.4674111 ], [ 130.6992417, 31.468138 ], [ 130.6990642, 31.4685383 ], [ 130.6989392, 31.4688089 ], [ 130.6988011, 31.4691361 ], [ 130.698571, 31.4695588 ], [ 130.6983739, 31.4698631 ], [ 130.697585, 31.4709339 ], [ 130.6974666, 31.4711087 ], [ 130.6973747, 31.4713063 ], [ 130.6973222, 31.471447 ], [ 130.6972497, 31.4717344 ], [ 130.6971842, 31.4719825 ], [ 130.6970461, 31.4727603 ], [ 130.6969733, 31.4732847 ], [ 130.6968944, 31.4737525 ], [ 130.6968353, 31.4741303 ], [ 130.6967303, 31.4746486 ], [ 130.6966908, 31.4749531 ], [ 130.6966854, 31.4750101 ], [ 130.6966724, 31.4751455 ], [ 130.6966317, 31.4757031 ], [ 130.6966198, 31.4762174 ], [ 130.6966448, 31.4764364 ], [ 130.6966842, 31.4768358 ], [ 130.6966972, 31.4770558 ], [ 130.6966974, 31.4774733 ], [ 130.6967039, 31.4780028 ], [ 130.6966711, 31.4784369 ], [ 130.6966578, 31.4786058 ], [ 130.6966183, 31.4792375 ], [ 130.6965722, 31.4795192 ], [ 130.6964869, 31.4801053 ], [ 130.6964451, 31.4803201 ], [ 130.6964357, 31.4803644 ], [ 130.6964081, 31.480483 ], [ 130.6963422, 31.4806467 ], [ 130.6961936, 31.4810755 ], [ 130.6961164, 31.4812967 ], [ 130.6957636, 31.4822305 ], [ 130.6956914, 31.4825067 ], [ 130.6956519, 31.4827661 ], [ 130.695644, 31.4830242 ], [ 130.6957152, 31.4833374 ], [ 130.6958031, 31.4835439 ], [ 130.6960267, 31.4839272 ], [ 130.6961298, 31.4840877 ], [ 130.6964606, 31.4845756 ], [ 130.6969985, 31.4853147 ], [ 130.6976958, 31.4863666 ], [ 130.6979725, 31.4867233 ], [ 130.6982396, 31.4870794 ], [ 130.6986678, 31.4876234 ], [ 130.698875, 31.487899 ], [ 130.6990572, 31.4881439 ], [ 130.69919, 31.488272 ], [ 130.6994829, 31.4885203 ], [ 130.6998064, 31.4888261 ], [ 130.6999906, 31.4890088 ], [ 130.7001353, 31.4891811 ], [ 130.7004934, 31.4897884 ], [ 130.7006875, 31.4901505 ], [ 130.7007861, 31.4903253 ], [ 130.7009897, 31.4907878 ], [ 130.7011413, 31.4911092 ], [ 130.7013843, 31.4916728 ], [ 130.7014413, 31.4918158 ], [ 130.7015158, 31.4919828 ], [ 130.7016014, 31.49218 ], [ 130.7017786, 31.4926706 ], [ 130.7018706, 31.4930366 ], [ 130.7019625, 31.4934425 ], [ 130.7019889, 31.4935893 ], [ 130.7020808, 31.4940193 ], [ 130.7020808, 31.4943222 ], [ 130.7020086, 31.4945925 ], [ 130.7019624, 31.494686 ], [ 130.7017259, 31.4951055 ], [ 130.7014828, 31.4955058 ], [ 130.7009636, 31.4963736 ], [ 130.7007728, 31.4966781 ], [ 130.7007333, 31.4967628 ], [ 130.7006875, 31.4969035 ], [ 130.7006481, 31.4970617 ], [ 130.7006283, 31.4971911 ], [ 130.7005575, 31.4976925 ], [ 130.7005258, 31.4978981 ], [ 130.7005064, 31.4979605 ], [ 130.7004769, 31.4981155 ], [ 130.7004505, 31.4988344 ], [ 130.7004442, 31.4990008 ], [ 130.7004836, 31.4993447 ], [ 130.7005297, 31.4996375 ], [ 130.7005986, 31.5 ], [ 130.7006347, 31.50019 ], [ 130.7007072, 31.500748 ], [ 130.7007649, 31.5012917 ], [ 130.7008256, 31.5018645 ], [ 130.7008374, 31.5020729 ], [ 130.7008122, 31.5022081 ], [ 130.7007791, 31.5023165 ], [ 130.7006742, 31.502535 ], [ 130.7002733, 31.5031325 ], [ 130.7000564, 31.50342 ], [ 130.7000089, 31.5034989 ], [ 130.6996731, 31.5043146 ], [ 130.6996136, 31.5044517 ], [ 130.6993513, 31.5048692 ], [ 130.6992264, 31.5050603 ], [ 130.6989042, 31.5055506 ], [ 130.6987856, 31.5057256 ], [ 130.6985024, 31.5060456 ], [ 130.6983767, 31.5061424 ], [ 130.6979143, 31.5065127 ], [ 130.6977069, 31.5066778 ], [ 130.6971278, 31.5072133 ], [ 130.6965289, 31.50789 ], [ 130.6963317, 31.5081547 ], [ 130.6962253, 31.5083333 ], [ 130.6961539, 31.5084533 ], [ 130.6960356, 31.5087183 ], [ 130.6959236, 31.509006 ], [ 130.6958381, 31.5093158 ], [ 130.6957856, 31.5096033 ], [ 130.6957789, 31.5098572 ], [ 130.6958317, 31.5101725 ], [ 130.6959236, 31.510477 ], [ 130.6960289, 31.5107533 ], [ 130.6961083, 31.5108658 ], [ 130.6961597, 31.5109217 ], [ 130.6962592, 31.5110014 ], [ 130.6966034, 31.5112193 ], [ 130.6967595, 31.5113114 ], [ 130.6970159, 31.5114975 ], [ 130.6972397, 31.5117003 ], [ 130.6973514, 31.51183 ], [ 130.6975025, 31.5120834 ], [ 130.6975618, 31.5122359 ], [ 130.6978183, 31.5129628 ], [ 130.6979433, 31.513425 ], [ 130.697978, 31.5137498 ], [ 130.6980092, 31.514028 ], [ 130.6980486, 31.5142141 ], [ 130.6981014, 31.5143606 ], [ 130.6981736, 31.5145186 ], [ 130.6982749, 31.5147327 ], [ 130.6982979, 31.5147732 ], [ 130.6983515, 31.5148513 ], [ 130.6985356, 31.51515 ], [ 130.6987001, 31.5154151 ], [ 130.6987856, 31.5155839 ], [ 130.698828, 31.5156973 ], [ 130.6988413, 31.5157412 ], [ 130.6989306, 31.5162321 ], [ 130.6989436, 31.5163786 ], [ 130.698983, 31.5165812 ], [ 130.69904, 31.5167649 ], [ 130.6990431, 31.5168103 ], [ 130.6990222, 31.5171283 ], [ 130.699007, 31.517329 ], [ 130.6989961, 31.5174553 ], [ 130.6989106, 31.5180017 ], [ 130.6988778, 31.5182781 ], [ 130.6988778, 31.5187065 ], [ 130.6988711, 31.5188081 ], [ 130.6988908, 31.5192532 ], [ 130.6989503, 31.5196086 ], [ 130.6989897, 31.5197381 ], [ 130.6990489, 31.5198903 ], [ 130.6992397, 31.5202283 ], [ 130.6993517, 31.5205103 ], [ 130.6993911, 31.5206681 ], [ 130.6994108, 31.5207808 ], [ 130.6994042, 31.52126 ], [ 130.6993714, 31.5216997 ], [ 130.6993581, 31.5222744 ], [ 130.699345, 31.5225283 ], [ 130.6993207, 31.5227144 ], [ 130.6992766, 31.5230623 ], [ 130.6992408, 31.5233898 ], [ 130.6992164, 31.5235289 ], [ 130.6991672, 31.5238811 ], [ 130.6991672, 31.5241064 ], [ 130.69922, 31.5244842 ], [ 130.699351, 31.525 ], [ 130.6993536, 31.5250105 ], [ 130.6993903, 31.5251569 ], [ 130.6995489, 31.5256567 ], [ 130.6996278, 31.5259722 ], [ 130.6998714, 31.526677 ], [ 130.6999308, 31.5269558 ], [ 130.7, 31.5272008 ], [ 130.7000686, 31.5274436 ], [ 130.7001211, 31.5276014 ], [ 130.7002856, 31.5279567 ], [ 130.7004007, 31.5281486 ], [ 130.7004245, 31.5281889 ], [ 130.7004961, 31.5283114 ], [ 130.7005686, 31.5283961 ], [ 130.7007003, 31.5285258 ], [ 130.7009276, 31.5286465 ], [ 130.7011475, 31.5286722 ], [ 130.7019108, 31.5286667 ], [ 130.7022661, 31.5286442 ], [ 130.7027792, 31.5286445 ], [ 130.7030028, 31.5286614 ], [ 130.703345, 31.5287064 ], [ 130.7039306, 31.5288306 ], [ 130.7041347, 31.5288981 ], [ 130.7048908, 31.5292137 ], [ 130.7055889, 31.5295185 ], [ 130.7062925, 31.5298453 ], [ 130.7070326, 31.5302041 ], [ 130.7074767, 31.5304203 ], [ 130.7076706, 31.5305108 ], [ 130.7079103, 31.5306231 ], [ 130.7081414, 31.5307417 ], [ 130.7083183, 31.5308369 ], [ 130.7083717, 31.5308656 ], [ 130.7085953, 31.5310517 ], [ 130.7088161, 31.5312868 ], [ 130.7088649, 31.5313451 ], [ 130.7090756, 31.5316039 ], [ 130.7093469, 31.5320424 ], [ 130.7093708, 31.5320839 ], [ 130.7094242, 31.5321958 ], [ 130.70949, 31.5323875 ], [ 130.7095097, 31.5325678 ], [ 130.7095031, 31.532797 ], [ 130.7095019, 31.5330789 ], [ 130.7095008, 31.5333333 ], [ 130.7094964, 31.534338 ], [ 130.7094341, 31.534766 ], [ 130.7094108, 31.5349242 ], [ 130.709365, 31.535302 ], [ 130.7092464, 31.5362206 ], [ 130.7091466, 31.5368612 ], [ 130.7088781, 31.53763 ], [ 130.7087413, 31.5379909 ], [ 130.7080392, 31.5399611 ], [ 130.7074897, 31.5412997 ], [ 130.7068842, 31.5429739 ], [ 130.7067249, 31.5433073 ], [ 130.7066342, 31.5434925 ], [ 130.7065764, 31.5435936 ], [ 130.7064828, 31.5437575 ], [ 130.7061589, 31.5445133 ], [ 130.7057987, 31.5452682 ], [ 130.7056933, 31.5455892 ], [ 130.7056603, 31.5458768 ], [ 130.7056669, 31.5460911 ], [ 130.7056867, 31.5462319 ], [ 130.7056736, 31.5464575 ], [ 130.7056208, 31.5466492 ], [ 130.7054694, 31.5469422 ], [ 130.7053202, 31.5472159 ], [ 130.7048629, 31.547722 ], [ 130.7045539, 31.5480411 ], [ 130.7039494, 31.5485261 ], [ 130.7028772, 31.5493381 ], [ 130.7025944, 31.5495464 ], [ 130.7023706, 31.5497495 ], [ 130.7021331, 31.55 ], [ 130.7019431, 31.5502006 ], [ 130.7017061, 31.5504711 ], [ 130.701535, 31.5507192 ], [ 130.70141, 31.5509614 ], [ 130.7012783, 31.5512995 ], [ 130.7010019, 31.5522014 ], [ 130.7008442, 31.5525847 ], [ 130.7005875, 31.5530245 ], [ 130.7003836, 31.5533233 ], [ 130.7001794, 31.5535939 ], [ 130.7, 31.553802 ], [ 130.6997519, 31.5540897 ], [ 130.6990872, 31.5548395 ], [ 130.6989229, 31.5550763 ], [ 130.698773, 31.5553765 ], [ 130.698706, 31.5558167 ], [ 130.6986352, 31.5560984 ], [ 130.6994689, 31.5562939 ], [ 130.7004489, 31.5565253 ], [ 130.7005478, 31.5565422 ], [ 130.7010806, 31.5566661 ], [ 130.7012517, 31.5566831 ], [ 130.7023759, 31.556696 ], [ 130.7030612, 31.5568609 ], [ 130.7031727, 31.5569166 ], [ 130.7036815, 31.5571046 ], [ 130.7041206, 31.5573275 ], [ 130.704476, 31.5575851 ], [ 130.7047478, 31.557808 ], [ 130.705166, 31.558205 ], [ 130.7054378, 31.5584417 ], [ 130.7057236, 31.5586298 ], [ 130.7065599, 31.5589084 ], [ 130.7069641, 31.5590268 ], [ 130.7078702, 31.5593262 ], [ 130.7088738, 31.5596327 ], [ 130.7096683, 31.5597928 ], [ 130.7105326, 31.5598903 ], [ 130.7122122, 31.5599739 ], [ 130.7137595, 31.5600575 ], [ 130.7142682, 31.5600853 ], [ 130.7148328, 31.5600784 ], [ 130.7153973, 31.5599669 ], [ 130.7159549, 31.5596466 ], [ 130.71661, 31.5591242 ], [ 130.7170003, 31.558776 ], [ 130.7173558, 31.5584905 ], [ 130.7175579, 31.5583094 ], [ 130.717753, 31.5581423 ], [ 130.71799, 31.5579751 ], [ 130.7181851, 31.5578637 ], [ 130.7183872, 31.5577801 ], [ 130.7186033, 31.5577244 ], [ 130.7188612, 31.5576687 ], [ 130.7191609, 31.5576339 ], [ 130.7195721, 31.5576896 ], [ 130.7200111, 31.5577593 ], [ 130.7203875, 31.5578428 ], [ 130.7207499, 31.5578985 ], [ 130.7211054, 31.5579055 ], [ 130.7214469, 31.5579055 ], [ 130.7220323, 31.557801 ], [ 130.7226317, 31.5576966 ], [ 130.7234053, 31.5575294 ], [ 130.7237798, 31.5573372 ], [ 130.7239639, 31.5572978 ], [ 130.724372, 31.557185 ], [ 130.7249113, 31.5570892 ], [ 130.725, 31.5570785 ], [ 130.7253783, 31.5570328 ], [ 130.7255495, 31.5570217 ], [ 130.7257403, 31.5570217 ], [ 130.7258259, 31.5570384 ], [ 130.7262008, 31.557123 ], [ 130.7262864, 31.5571511 ], [ 130.72651, 31.5572133 ], [ 130.7268106, 31.5572693 ], [ 130.7270825, 31.5573203 ], [ 130.7275299, 31.5573147 ], [ 130.7279181, 31.5572808 ], [ 130.7283456, 31.5572133 ], [ 130.72878, 31.5571286 ], [ 130.7288068, 31.5571231 ], [ 130.7290036, 31.5570836 ], [ 130.7292603, 31.5570497 ], [ 130.7295497, 31.5570553 ], [ 130.729892, 31.5570947 ], [ 130.7300236, 31.5571117 ], [ 130.7301881, 31.5571117 ], [ 130.7302472, 31.5570947 ], [ 130.7304314, 31.5570667 ], [ 130.7310694, 31.5569314 ], [ 130.7314314, 31.5569314 ], [ 130.7317275, 31.5569708 ], [ 130.7320039, 31.5570667 ], [ 130.7323667, 31.5572304 ], [ 130.7328558, 31.5574475 ], [ 130.7332803, 31.5576362 ], [ 130.7333723, 31.5576751 ], [ 130.7338, 31.5578558 ], [ 130.7343067, 31.5580811 ], [ 130.7345567, 31.5581545 ], [ 130.7352475, 31.5583067 ], [ 130.73532, 31.5583178 ], [ 130.7353539, 31.5583262 ], [ 130.7354957, 31.5583616 ], [ 130.7362539, 31.5585039 ], [ 130.7365236, 31.5585322 ], [ 130.7369514, 31.5585264 ], [ 130.7374185, 31.5584644 ], [ 130.7375964, 31.5584364 ], [ 130.7380175, 31.5583911 ], [ 130.7383992, 31.5583461 ], [ 130.738488, 31.5583333 ], [ 130.7385962, 31.5583178 ], [ 130.7390827, 31.5582894 ], [ 130.7392081, 31.5583122 ], [ 130.7392478, 31.5583301 ], [ 130.7393331, 31.5583686 ], [ 130.7397675, 31.5585039 ], [ 130.7401622, 31.5585094 ], [ 130.7406294, 31.5584814 ], [ 130.7407347, 31.55847 ], [ 130.7414187, 31.558442 ], [ 130.7416667, 31.558442 ], [ 130.7420372, 31.558442 ], [ 130.7426492, 31.5585039 ], [ 130.7432611, 31.5585264 ], [ 130.7434189, 31.5585264 ], [ 130.7438861, 31.5585433 ], [ 130.7443333, 31.5585322 ], [ 130.7447808, 31.5585039 ], [ 130.7469366, 31.5584523 ], [ 130.7471361, 31.5584475 ], [ 130.7477085, 31.5584325 ], [ 130.7478314, 31.5584308 ], [ 130.7479322, 31.5583911 ], [ 130.748011, 31.5583333 ], [ 130.7481167, 31.5582558 ], [ 130.748406, 31.5580756 ], [ 130.7485442, 31.5580247 ], [ 130.7488864, 31.5579289 ], [ 130.7492942, 31.5579011 ], [ 130.75, 31.5578894 ], [ 130.7501305, 31.5578872 ], [ 130.750998, 31.5578728 ], [ 130.7513931, 31.5578728 ], [ 130.7528406, 31.5578447 ], [ 130.7531561, 31.5578783 ], [ 130.7531833, 31.5578817 ], [ 130.7539647, 31.5581508 ], [ 130.7540308, 31.5581755 ], [ 130.7542547, 31.5582617 ], [ 130.7544854, 31.5583333 ], [ 130.7547089, 31.5584028 ], [ 130.7550137, 31.5585048 ], [ 130.755819, 31.5587741 ], [ 130.7564325, 31.5589778 ], [ 130.7569128, 31.5591356 ], [ 130.7572878, 31.5592539 ], [ 130.7574258, 31.5593047 ], [ 130.7580114, 31.5594908 ], [ 130.7582156, 31.5595642 ], [ 130.7583473, 31.5595829 ], [ 130.7584478, 31.5595972 ], [ 130.7590102, 31.5596272 ], [ 130.7595841, 31.5596711 ], [ 130.7600773, 31.5597164 ], [ 130.7601892, 31.5597331 ], [ 130.7603403, 31.5598122 ], [ 130.760768, 31.560088 ], [ 130.7609737, 31.5601982 ], [ 130.7611367, 31.5602572 ], [ 130.7619973, 31.5605134 ], [ 130.7621707, 31.5605739 ], [ 130.7624144, 31.5606583 ], [ 130.7628403, 31.5608208 ], [ 130.7631233, 31.5609561 ], [ 130.7632878, 31.5610689 ], [ 130.7634325, 31.5611986 ], [ 130.7636233, 31.5614186 ], [ 130.7637286, 31.561537 ], [ 130.7639064, 31.5617342 ], [ 130.764099, 31.5619044 ], [ 130.7643225, 31.562035 ], [ 130.7644261, 31.5620836 ], [ 130.7647291, 31.5622419 ], [ 130.7655206, 31.5626586 ], [ 130.7658497, 31.5628347 ], [ 130.76663, 31.563245 ], [ 130.766673, 31.5632688 ], [ 130.766742, 31.563307 ], [ 130.7669458, 31.5634367 ], [ 130.767005, 31.5634819 ], [ 130.76713, 31.5636114 ], [ 130.7673276, 31.5639104 ], [ 130.7676692, 31.5645192 ], [ 130.7679522, 31.5650322 ], [ 130.7681536, 31.5654458 ], [ 130.7682681, 31.5657028 ], [ 130.7683406, 31.5659394 ], [ 130.7683931, 31.566165 ], [ 130.7684217, 31.5663839 ], [ 130.7684346, 31.5665037 ], [ 130.7684496, 31.566673 ], [ 130.7684781, 31.5669942 ], [ 130.7685103, 31.5672095 ], [ 130.7685572, 31.5673205 ], [ 130.76863, 31.5674164 ], [ 130.7687292, 31.567493 ], [ 130.7689128, 31.56758 ], [ 130.7690117, 31.5676308 ], [ 130.7695375, 31.5678336 ], [ 130.7700049, 31.5680253 ], [ 130.7706297, 31.5682622 ], [ 130.7709983, 31.5684425 ], [ 130.7712353, 31.5685778 ], [ 130.7714261, 31.5687131 ], [ 130.7716036, 31.5688711 ], [ 130.7717082, 31.5689718 ], [ 130.7719694, 31.5692622 ], [ 130.7720947, 31.5694083 ], [ 130.7723161, 31.5696653 ], [ 130.7724783, 31.5698339 ], [ 130.7725694, 31.5699247 ], [ 130.7726733, 31.570022 ], [ 130.7727965, 31.5701127 ], [ 130.7728742, 31.5701595 ], [ 130.7729783, 31.5702295 ], [ 130.7731906, 31.5703267 ], [ 130.7734048, 31.5704147 ], [ 130.7735673, 31.5704652 ], [ 130.7737483, 31.5705283 ], [ 130.7747148, 31.5710393 ], [ 130.7749029, 31.5711441 ], [ 130.7751987, 31.5713032 ], [ 130.7758931, 31.571667 ], [ 130.7762078, 31.5717904 ], [ 130.7766167, 31.5719714 ], [ 130.7769522, 31.5721405 ], [ 130.777255, 31.5723153 ], [ 130.7774919, 31.5725294 ], [ 130.7777286, 31.5728 ], [ 130.7780115, 31.5731945 ], [ 130.778145, 31.5733812 ], [ 130.7784522, 31.5738147 ], [ 130.7786786, 31.5740957 ], [ 130.7788339, 31.5742883 ], [ 130.7788997, 31.5744011 ], [ 130.7789786, 31.5746153 ], [ 130.7789806, 31.5748033 ], [ 130.778935, 31.575 ], [ 130.7789292, 31.575175 ], [ 130.7789439, 31.5753722 ], [ 130.7789989, 31.5754747 ], [ 130.7790808, 31.5755595 ], [ 130.7800839, 31.5770339 ], [ 130.7802089, 31.5771633 ], [ 130.7804328, 31.57731 ], [ 130.78138, 31.5778397 ], [ 130.7819655, 31.5781666 ], [ 130.7821761, 31.5783019 ], [ 130.7823142, 31.5784428 ], [ 130.7824392, 31.5786233 ], [ 130.7824919, 31.5787361 ], [ 130.7825868, 31.5789609 ], [ 130.7826036, 31.5790011 ], [ 130.7826564, 31.57917 ], [ 130.782755, 31.5796097 ], [ 130.7832289, 31.5810811 ], [ 130.7833472, 31.5813518 ], [ 130.7833867, 31.5814364 ], [ 130.7834427, 31.5815102 ], [ 130.7837067, 31.5819216 ], [ 130.7838275, 31.5821128 ], [ 130.7840117, 31.5824003 ], [ 130.7842617, 31.5827275 ], [ 130.7843044, 31.5827699 ], [ 130.7844195, 31.582885 ], [ 130.7846697, 31.5831503 ], [ 130.7848912, 31.5833333 ], [ 130.7850137, 31.5834347 ], [ 130.785275, 31.5836236 ], [ 130.7855971, 31.5838882 ], [ 130.785933, 31.584193 ], [ 130.7861896, 31.584441 ], [ 130.7863249, 31.5845873 ], [ 130.7868278, 31.5851309 ], [ 130.7869195, 31.58523 ], [ 130.7869921, 31.5853035 ], [ 130.78715, 31.5854839 ], [ 130.7872817, 31.5856136 ], [ 130.7874625, 31.5857797 ], [ 130.7875775, 31.5859347 ], [ 130.7875972, 31.586025 ], [ 130.7875972, 31.58629 ], [ 130.7874722, 31.5866789 ], [ 130.7874544, 31.5868255 ], [ 130.7875086, 31.5872689 ], [ 130.7876314, 31.588155 ], [ 130.7877322, 31.588602 ], [ 130.7878492, 31.5889697 ], [ 130.7879106, 31.5892206 ], [ 130.7879317, 31.5894522 ], [ 130.7879447, 31.5902417 ], [ 130.7879317, 31.5904672 ], [ 130.7879183, 31.5910364 ], [ 130.7878986, 31.5912394 ], [ 130.7879105, 31.5916667 ], [ 130.7879117, 31.5917072 ], [ 130.7879381, 31.5918653 ], [ 130.7879761, 31.5919783 ], [ 130.7881179, 31.5923426 ], [ 130.7881768, 31.5925062 ], [ 130.7883003, 31.5928459 ], [ 130.7883992, 31.593122 ], [ 130.7885491, 31.5936596 ], [ 130.7885769, 31.5937592 ], [ 130.7886033, 31.5939337 ], [ 130.7886361, 31.5944017 ], [ 130.7886361, 31.594712 ], [ 130.78861, 31.5949206 ], [ 130.7885639, 31.59505 ], [ 130.7885309, 31.5951178 ], [ 130.7883911, 31.5952994 ], [ 130.7880436, 31.5956364 ], [ 130.7879711, 31.5957547 ], [ 130.7879183, 31.5959858 ], [ 130.7879027, 31.596162 ], [ 130.7879053, 31.5966 ], [ 130.7879183, 31.5971356 ], [ 130.7879057, 31.5978397 ], [ 130.7879381, 31.5981786 ], [ 130.78805, 31.5984323 ], [ 130.7882281, 31.5987367 ], [ 130.7882734, 31.5988536 ], [ 130.7882739, 31.5990467 ], [ 130.7882214, 31.5992047 ], [ 130.7880897, 31.5994697 ], [ 130.7879137, 31.599787 ], [ 130.7877866, 31.6000109 ], [ 130.7876747, 31.6002139 ], [ 130.7875431, 31.6005236 ], [ 130.7874568, 31.6007399 ], [ 130.7874236, 31.6007939 ], [ 130.7873785, 31.6008176 ], [ 130.7872669, 31.6008716 ], [ 130.7871808, 31.6009125 ], [ 130.7867856, 31.6010703 ], [ 130.7865489, 31.6011944 ], [ 130.7863578, 31.6013127 ], [ 130.7862064, 31.601437 ], [ 130.7861475, 31.6015109 ], [ 130.7860947, 31.6016258 ], [ 130.7860614, 31.6017301 ], [ 130.7860417, 31.6019162 ], [ 130.7860483, 31.6021303 ], [ 130.7861208, 31.6023839 ], [ 130.7861997, 31.6025475 ], [ 130.7862986, 31.6026997 ], [ 130.7866542, 31.603145 ], [ 130.7868711, 31.6033875 ], [ 130.7872861, 31.6037878 ], [ 130.7874244, 31.6038947 ], [ 130.7874837, 31.6039284 ], [ 130.7876681, 31.6040467 ], [ 130.7878789, 31.6041481 ], [ 130.7879908, 31.6041819 ], [ 130.7881291, 31.6042044 ], [ 130.7885177, 31.6042892 ], [ 130.7889326, 31.6044131 ], [ 130.7891367, 31.6044808 ], [ 130.7892289, 31.6045033 ], [ 130.7894264, 31.6045822 ], [ 130.789525, 31.6046386 ], [ 130.7896831, 31.60474 ], [ 130.7898675, 31.6049036 ], [ 130.7900389, 31.6050839 ], [ 130.7906645, 31.60567 ], [ 130.7906845, 31.605697 ], [ 130.7915403, 31.6064875 ], [ 130.7916667, 31.6066043 ], [ 130.7925281, 31.6074006 ], [ 130.7927322, 31.6076203 ], [ 130.7930085, 31.6079551 ], [ 130.7933206, 31.6083333 ], [ 130.7936344, 31.6087136 ], [ 130.7939436, 31.6090858 ], [ 130.7940629, 31.6092277 ], [ 130.7942333, 31.6094239 ], [ 130.7944244, 31.6096608 ], [ 130.794548, 31.6098095 ], [ 130.7950433, 31.6104047 ], [ 130.7952475, 31.6106528 ], [ 130.7960899, 31.6116738 ], [ 130.7961497, 31.6117464 ], [ 130.7961759, 31.6118253 ], [ 130.7962089, 31.6119325 ], [ 130.7962156, 31.612637 ], [ 130.7962432, 31.613408 ], [ 130.796255, 31.6137361 ], [ 130.796255, 31.614215 ], [ 130.7962156, 31.6146097 ], [ 130.7961561, 31.6151733 ], [ 130.7961561, 31.6152359 ], [ 130.79613, 31.6154328 ], [ 130.7961167, 31.6156075 ], [ 130.7960969, 31.615765 ], [ 130.7961036, 31.6160753 ], [ 130.7961533, 31.6166667 ], [ 130.7961628, 31.6167797 ], [ 130.7961892, 31.6172139 ], [ 130.7962022, 31.6173267 ], [ 130.7962019, 31.618432 ], [ 130.7962019, 31.6185553 ], [ 130.7962549, 31.6189064 ], [ 130.7963008, 31.619232 ], [ 130.7963667, 31.619615 ], [ 130.7964194, 31.6198686 ], [ 130.7964681, 31.6201375 ], [ 130.7967322, 31.6210911 ], [ 130.7969103, 31.6216861 ], [ 130.7970072, 31.6219883 ], [ 130.7970371, 31.6220888 ], [ 130.7971584, 31.6224554 ], [ 130.7974275, 31.6232683 ], [ 130.7974519, 31.6233486 ], [ 130.79755, 31.6235792 ], [ 130.7976861, 31.6238061 ], [ 130.7977861, 31.6239925 ], [ 130.7981431, 31.6246117 ], [ 130.7983718, 31.625 ], [ 130.79845, 31.6251328 ], [ 130.7986347, 31.625445 ], [ 130.7988639, 31.6258053 ], [ 130.7991847, 31.6262019 ], [ 130.7993856, 31.6264855 ], [ 130.7995031, 31.6266886 ], [ 130.79977, 31.6272567 ], [ 130.7998336, 31.6274075 ], [ 130.7999447, 31.6276867 ], [ 130.8, 31.6277951 ], [ 130.8002692, 31.6283233 ], [ 130.8004533, 31.6286819 ], [ 130.8005867, 31.6290311 ], [ 130.8006742, 31.6293056 ], [ 130.8007258, 31.6296822 ], [ 130.8007586, 31.6302458 ], [ 130.8008047, 31.630432 ], [ 130.8008442, 31.6305276 ], [ 130.8009958, 31.6308939 ], [ 130.8011011, 31.631125 ], [ 130.8012, 31.6313675 ], [ 130.8013578, 31.6316889 ], [ 130.801407, 31.6317674 ], [ 130.8016081, 31.6320889 ], [ 130.8018647, 31.6324611 ], [ 130.8020097, 31.6325964 ], [ 130.8022403, 31.63276 ], [ 130.8028789, 31.6331147 ], [ 130.8032765, 31.633319 ], [ 130.8036561, 31.633515 ], [ 130.8038797, 31.6336558 ], [ 130.8041497, 31.6338758 ], [ 130.8043614, 31.6341825 ], [ 130.8046908, 31.6346511 ], [ 130.8053314, 31.6355842 ], [ 130.8058975, 31.6363986 ], [ 130.8060147, 31.6365578 ], [ 130.8060819, 31.6367003 ], [ 130.8064086, 31.6373256 ], [ 130.8065863, 31.6376527 ], [ 130.8069484, 31.6382047 ], [ 130.8071328, 31.6385092 ], [ 130.8073631, 31.6388983 ], [ 130.80757, 31.6391772 ], [ 130.8077403, 31.6393558 ], [ 130.8079778, 31.6395897 ], [ 130.8081647, 31.639768 ], [ 130.8083333, 31.6399436 ], [ 130.8084642, 31.6400797 ], [ 130.8087356, 31.6403892 ], [ 130.8091342, 31.6407089 ], [ 130.8092961, 31.6408128 ], [ 130.8096494, 31.6409664 ], [ 130.8099322, 31.6410867 ], [ 130.8101745, 31.6411742 ], [ 130.8105484, 31.6412447 ], [ 130.8107231, 31.6412697 ], [ 130.8112108, 31.6414083 ], [ 130.8116386, 31.641547 ], [ 130.8122777, 31.6417526 ], [ 130.8125877, 31.6418501 ], [ 130.8128313, 31.6419267 ], [ 130.8130908, 31.6420145 ], [ 130.8136858, 31.6422439 ], [ 130.8141192, 31.6425117 ], [ 130.8147919, 31.6430956 ], [ 130.8151556, 31.6433839 ], [ 130.8156015, 31.6436137 ], [ 130.8158912, 31.6437422 ], [ 130.8170528, 31.6441178 ], [ 130.8176136, 31.6443758 ], [ 130.8183014, 31.6447861 ], [ 130.8186904, 31.6451076 ], [ 130.8188872, 31.6455053 ], [ 130.8190253, 31.6458436 ], [ 130.8193442, 31.6465897 ], [ 130.8194937, 31.6469443 ], [ 130.8199132, 31.6479245 ], [ 130.820125, 31.6481997 ], [ 130.8205415, 31.6485959 ], [ 130.8205992, 31.6486453 ], [ 130.8208889, 31.6488764 ], [ 130.8210864, 31.6490456 ], [ 130.8213169, 31.6493106 ], [ 130.8214129, 31.6494583 ], [ 130.8214422, 31.6495022 ], [ 130.8215672, 31.6497503 ], [ 130.8216662, 31.6500126 ], [ 130.8217516, 31.6502009 ], [ 130.8218106, 31.6503531 ], [ 130.8219489, 31.6507139 ], [ 130.8222717, 31.6517905 ], [ 130.8226272, 31.6532055 ], [ 130.822824, 31.6541221 ], [ 130.8230947, 31.6553645 ], [ 130.8231539, 31.6557197 ], [ 130.8232328, 31.6562439 ], [ 130.823305, 31.6569715 ], [ 130.8233644, 31.6578672 ], [ 130.8233705, 31.6583333 ], [ 130.8233775, 31.6588708 ], [ 130.8233381, 31.6594403 ], [ 130.823305, 31.6596655 ], [ 130.8232786, 31.6599364 ], [ 130.8232325, 31.6601561 ], [ 130.8231731, 31.660325 ], [ 130.8230413, 31.6605843 ], [ 130.8226943, 31.6611732 ], [ 130.8226746, 31.6612066 ], [ 130.8225945, 31.6613204 ], [ 130.8225278, 31.6614131 ], [ 130.8221852, 31.6618134 ], [ 130.8214344, 31.6625517 ], [ 130.8211708, 31.662845 ], [ 130.8209142, 31.6631717 ], [ 130.8206706, 31.6635494 ], [ 130.8205189, 31.6638539 ], [ 130.82044, 31.6640397 ], [ 130.8200644, 31.6648856 ], [ 130.8199722, 31.6651897 ], [ 130.8198349, 31.665905 ], [ 130.8196886, 31.6666667 ], [ 130.8196301, 31.6669716 ], [ 130.8193531, 31.6684142 ], [ 130.8191248, 31.6695116 ], [ 130.8190633, 31.6698064 ], [ 130.8190231, 31.6701503 ], [ 130.8188676, 31.6707896 ], [ 130.8187495, 31.6712924 ], [ 130.8184838, 31.6724283 ], [ 130.8183914, 31.6727828 ], [ 130.8183256, 31.6729911 ], [ 130.8181475, 31.6734983 ], [ 130.8178114, 31.6742989 ], [ 130.8177316, 31.6744468 ], [ 130.8175147, 31.6748569 ], [ 130.8174223, 31.675 ], [ 130.8173764, 31.6750711 ], [ 130.8172314, 31.6752686 ], [ 130.8167831, 31.6758717 ], [ 130.8166892, 31.6760056 ], [ 130.8165592, 31.6761589 ], [ 130.8164469, 31.6762828 ], [ 130.8159394, 31.6767283 ], [ 130.8158577, 31.6767863 ], [ 130.8156297, 31.67692 ], [ 130.8152736, 31.6771567 ], [ 130.8148519, 31.6774158 ], [ 130.8144762, 31.6776358 ], [ 130.8142611, 31.6777875 ], [ 130.8141664, 31.6778839 ], [ 130.81411, 31.6779542 ], [ 130.8140256, 31.6780928 ], [ 130.8139591, 31.6782023 ], [ 130.8139089, 31.6782958 ], [ 130.8138608, 31.6784067 ], [ 130.8137314, 31.6787519 ], [ 130.8136947, 31.6788711 ], [ 130.8136656, 31.6789828 ], [ 130.8136238, 31.6791335 ], [ 130.8135269, 31.6794845 ], [ 130.8134611, 31.679755 ], [ 130.8134358, 31.6798339 ], [ 130.8132964, 31.6803356 ], [ 130.8132601, 31.6805315 ], [ 130.8131183, 31.6810233 ], [ 130.8130058, 31.681351 ], [ 130.8127556, 31.6820433 ], [ 130.8125381, 31.6825789 ], [ 130.8124128, 31.6828045 ], [ 130.8122019, 31.6830806 ], [ 130.8119542, 31.6833333 ], [ 130.8117931, 31.6834978 ], [ 130.8114703, 31.6837742 ], [ 130.8112856, 31.6838755 ], [ 130.8112059, 31.6839095 ], [ 130.8111275, 31.6839375 ], [ 130.8108111, 31.6840278 ], [ 130.810554, 31.6841177 ], [ 130.8102906, 31.684242 ], [ 130.8101325, 31.6843378 ], [ 130.8099151, 31.6845408 ], [ 130.8094997, 31.6850817 ], [ 130.8091503, 31.6856507 ], [ 130.8090117, 31.6859328 ], [ 130.8089686, 31.6860778 ], [ 130.80895, 31.6861472 ], [ 130.8089389, 31.6862296 ], [ 130.8089417, 31.6865446 ], [ 130.8089575, 31.6875081 ], [ 130.8089658, 31.6876358 ], [ 130.808992, 31.687742 ], [ 130.8091039, 31.687973 ], [ 130.80915, 31.6880408 ], [ 130.8093675, 31.6882775 ], [ 130.8096311, 31.688548 ], [ 130.8097313, 31.6886795 ], [ 130.8098512, 31.6888113 ], [ 130.8101709, 31.6889041 ], [ 130.810462, 31.6889236 ], [ 130.8108046, 31.6890164 ], [ 130.8109987, 31.6890993 ], [ 130.8111871, 31.6893532 ], [ 130.8111928, 31.6897193 ], [ 130.8109587, 31.6899732 ], [ 130.8107304, 31.6900366 ], [ 130.8105191, 31.6900464 ], [ 130.8103022, 31.6900269 ], [ 130.8101937, 31.6899829 ], [ 130.8100922, 31.6899347 ], [ 130.8099596, 31.689856 ], [ 130.8095631, 31.6895954 ], [ 130.8092422, 31.6895628 ], [ 130.809118, 31.6895647 ], [ 130.809038, 31.6895742 ], [ 130.8087545, 31.6896755 ], [ 130.8083333, 31.6898766 ], [ 130.8081878, 31.6899461 ], [ 130.8080361, 31.6900303 ], [ 130.8078977, 31.6901261 ], [ 130.8077989, 31.6902164 ], [ 130.8076603, 31.69038 ], [ 130.807361, 31.6907872 ], [ 130.8072253, 31.6909717 ], [ 130.8071232, 31.6911784 ], [ 130.8071133, 31.691265 ], [ 130.8071331, 31.6914172 ], [ 130.8071661, 31.6915356 ], [ 130.8072125, 31.6916667 ], [ 130.8072319, 31.6917217 ], [ 130.8072583, 31.69184 ], [ 130.8072714, 31.6921047 ], [ 130.8072572, 31.6921892 ], [ 130.8072319, 31.692257 ], [ 130.8071792, 31.6923697 ], [ 130.8070803, 31.6925219 ], [ 130.8069223, 31.6928204 ], [ 130.8067836, 31.6931756 ], [ 130.8067508, 31.6933447 ], [ 130.8066455, 31.6939036 ], [ 130.8066253, 31.6940156 ], [ 130.8065397, 31.6947875 ], [ 130.8065264, 31.6950642 ], [ 130.8064933, 31.6952781 ], [ 130.8064606, 31.6953739 ], [ 130.8064272, 31.6954414 ], [ 130.8063747, 31.6955092 ], [ 130.8061589, 31.6956603 ], [ 130.8058917, 31.6957867 ], [ 130.8056761, 31.6958472 ], [ 130.8055092, 31.6958556 ], [ 130.80536, 31.6958472 ], [ 130.8052017, 31.6958136 ], [ 130.8050764, 31.6957683 ], [ 130.8044964, 31.6955203 ], [ 130.8041736, 31.6954414 ], [ 130.8040022, 31.6954414 ], [ 130.8036858, 31.6955203 ], [ 130.8035803, 31.6955597 ], [ 130.8032111, 31.6957967 ], [ 130.8028551, 31.6960224 ], [ 130.8023939, 31.6963322 ], [ 130.8021433, 31.6964842 ], [ 130.8020114, 31.69658 ], [ 130.8018928, 31.6966814 ], [ 130.8017878, 31.6968447 ], [ 130.8013966, 31.697574 ], [ 130.8010297, 31.6982317 ], [ 130.8007135, 31.6986481 ], [ 130.8003281, 31.6990526 ], [ 130.7999352, 31.699343 ], [ 130.7994542, 31.6996519 ], [ 130.7974683, 31.7009188 ], [ 130.7964486, 31.7015908 ], [ 130.7955125, 31.7022161 ], [ 130.7944041, 31.7029074 ], [ 130.7904401, 31.7045796 ], [ 130.7862654, 31.7063503 ] ] } },
{ "type": "Feature", "properties": { "N12_001": "46", "N12_002": 1, "N12_003": 3, "N12_004": "一般国道224号", "N12_005": 3, "N12_006": 1 }, "geometry": { "type": "LineString", "coordinates": [ [ 130.6986352, 31.5560984 ], [ 130.6983287, 31.5560204 ], [ 130.6979953, 31.5559331 ], [ 130.6976133, 31.5558372 ], [ 130.6973175, 31.5557586 ], [ 130.6968752, 31.5556872 ], [ 130.6965078, 31.5556483 ], [ 130.6962381, 31.5556397 ], [ 130.6959617, 31.5556511 ], [ 130.6955061, 31.5556945 ], [ 130.6952383, 31.5557414 ], [ 130.6950342, 31.5557695 ], [ 130.6942881, 31.5557811 ], [ 130.6928628, 31.5558031 ], [ 130.6927247, 31.5557806 ], [ 130.69258, 31.5557353 ], [ 130.6921985, 31.5555551 ], [ 130.6916667, 31.5553198 ], [ 130.6903628, 31.5547431 ], [ 130.6901983, 31.5547036 ], [ 130.6899086, 31.5546472 ], [ 130.6895076, 31.5545963 ], [ 130.6893757, 31.5545797 ], [ 130.6890533, 31.5545458 ], [ 130.6884875, 31.5545064 ], [ 130.6883294, 31.5544783 ], [ 130.6880072, 31.5543936 ], [ 130.6877836, 31.554307 ], [ 130.687603, 31.5542145 ], [ 130.6873625, 31.5540892 ], [ 130.6868691, 31.5538525 ], [ 130.6867111, 31.5537906 ], [ 130.6865597, 31.5537511 ], [ 130.6863953, 31.5537397 ], [ 130.6860333, 31.5537567 ], [ 130.6854478, 31.55383 ], [ 130.6849141, 31.5538862 ], [ 130.6833333, 31.5540491 ], [ 130.6831225, 31.5540708 ], [ 130.6828668, 31.5540956 ], [ 130.6827211, 31.5541089 ], [ 130.6825528, 31.5541003 ], [ 130.6821392, 31.5539708 ], [ 130.6820011, 31.5539283 ], [ 130.6816447, 31.5538183 ], [ 130.6812894, 31.5536886 ], [ 130.6811183, 31.5535589 ], [ 130.6806842, 31.55317 ], [ 130.6805525, 31.5530742 ], [ 130.6802897, 31.5529108 ], [ 130.6801975, 31.5528711 ], [ 130.6800067, 31.552815 ], [ 130.6798883, 31.5527981 ], [ 130.6796842, 31.552815 ], [ 130.6792567, 31.5529108 ], [ 130.6790658, 31.5529672 ], [ 130.6787103, 31.553063 ], [ 130.6783156, 31.5531756 ], [ 130.6781972, 31.5532378 ], [ 130.6780919, 31.5533222 ], [ 130.6776972, 31.5537789 ], [ 130.6773614, 31.5541395 ], [ 130.6770653, 31.5544495 ], [ 130.6768022, 31.5546581 ], [ 130.6766508, 31.5547425 ], [ 130.6765522, 31.5547764 ], [ 130.6763614, 31.5548328 ], [ 130.676098, 31.5548442 ], [ 130.6759731, 31.5548328 ], [ 130.6756967, 31.5547708 ], [ 130.6753416, 31.5546581 ], [ 130.675, 31.5545593 ], [ 130.6748547, 31.5545172 ], [ 130.6741114, 31.5542917 ], [ 130.6740259, 31.5542692 ], [ 130.6735389, 31.5541111 ], [ 130.6734994, 31.554083 ], [ 130.6730189, 31.5537731 ], [ 130.6724531, 31.5534233 ], [ 130.6723017, 31.5533614 ], [ 130.6721636, 31.553322 ], [ 130.6719533, 31.5532994 ], [ 130.6717361, 31.5533275 ], [ 130.6715256, 31.5533728 ], [ 130.6708083, 31.5535925 ], [ 130.6701108, 31.5538125 ], [ 130.6695978, 31.5539647 ], [ 130.6692922, 31.5540608 ], [ 130.6688344, 31.5542067 ], [ 130.6687042, 31.5542454 ], [ 130.6677292, 31.5545339 ], [ 130.6674509, 31.5546026 ], [ 130.6670966, 31.5546465 ], [ 130.6667883, 31.5546475 ], [ 130.6666743, 31.5546362 ], [ 130.6665514, 31.5546239 ], [ 130.6663211, 31.5545789 ], [ 130.6659856, 31.5544717 ], [ 130.6657222, 31.5543703 ], [ 130.6652222, 31.5541222 ], [ 130.6647292, 31.5538517 ], [ 130.664637, 31.5538039 ], [ 130.66429, 31.553574 ], [ 130.6639525, 31.5533558 ], [ 130.6636961, 31.5532205 ], [ 130.6634591, 31.5531078 ], [ 130.6632156, 31.5530175 ], [ 130.6629656, 31.5529555 ], [ 130.6626325, 31.5529041 ], [ 130.6619362, 31.5528689 ], [ 130.6615249, 31.5529047 ], [ 130.6609655, 31.5529217 ], [ 130.6599315, 31.5527384 ], [ 130.6593603, 31.5526172 ], [ 130.6590578, 31.5525497 ], [ 130.6588011, 31.5525158 ], [ 130.6583997, 31.5525103 ], [ 130.6583333, 31.5525148 ], [ 130.6581497, 31.5525272 ], [ 130.6579786, 31.5525439 ], [ 130.6577878, 31.5525667 ], [ 130.6576167, 31.5525722 ], [ 130.6573272, 31.5525383 ], [ 130.6571625, 31.5524933 ], [ 130.6570572, 31.5524311 ], [ 130.6568928, 31.5523017 ], [ 130.6564719, 31.5519858 ], [ 130.6562219, 31.5518394 ], [ 130.6560508, 31.5517661 ], [ 130.6559389, 31.5517267 ], [ 130.6557614, 31.5517097 ], [ 130.6555969, 31.5517153 ], [ 130.6553403, 31.5517547 ], [ 130.6552217, 31.5517547 ], [ 130.6550967, 31.5517097 ], [ 130.6548798, 31.55158 ], [ 130.6544787, 31.5513939 ], [ 130.6542286, 31.5513036 ], [ 130.6540706, 31.5512586 ], [ 130.6538336, 31.5512192 ], [ 130.6534322, 31.5511853 ], [ 130.6528627, 31.551191 ], [ 130.6524717, 31.5512475 ], [ 130.6524058, 31.5512586 ], [ 130.6517017, 31.5514897 ], [ 130.6514653, 31.55158 ], [ 130.6511822, 31.5516703 ], [ 130.6509322, 31.5516703 ], [ 130.6507564, 31.5516292 ], [ 130.650605, 31.5515411 ], [ 130.6503409, 31.5513673 ], [ 130.6500833, 31.551298 ], [ 130.65, 31.5512783 ], [ 130.6499647, 31.5512699 ], [ 130.6496425, 31.5511967 ], [ 130.6492607, 31.551135 ], [ 130.6490636, 31.5511067 ], [ 130.6485636, 31.5511067 ], [ 130.6483794, 31.551135 ], [ 130.6483136, 31.5511572 ], [ 130.6480506, 31.5512925 ], [ 130.6478333, 31.5514053 ], [ 130.6475569, 31.5515011 ], [ 130.6474122, 31.5514955 ], [ 130.6472936, 31.5514617 ], [ 130.6472147, 31.5514278 ], [ 130.6468792, 31.5512247 ], [ 130.6466619, 31.5510614 ], [ 130.6465306, 31.5509431 ], [ 130.646445, 31.5508244 ], [ 130.646215, 31.5504303 ], [ 130.645945, 31.5501089 ], [ 130.6458128, 31.5499905 ], [ 130.6457939, 31.5499736 ], [ 130.6453464, 31.5496522 ], [ 130.6452016, 31.5495619 ], [ 130.6451622, 31.5495225 ], [ 130.6445106, 31.5491222 ], [ 130.6441422, 31.548925 ], [ 130.6438593, 31.5488066 ], [ 130.6435633, 31.5486939 ], [ 130.6428725, 31.5483331 ], [ 130.6421686, 31.5479217 ], [ 130.6419908, 31.5478483 ], [ 130.6418725, 31.5478144 ], [ 130.6416686, 31.5477806 ], [ 130.6414183, 31.5477356 ], [ 130.6411693, 31.5476792 ], [ 130.6408595, 31.5476397 ], [ 130.6405369, 31.5476283 ], [ 130.6402803, 31.5476453 ], [ 130.6397472, 31.5477131 ], [ 130.6390367, 31.5478314 ], [ 130.6388364, 31.5478561 ], [ 130.6386815, 31.5478764 ], [ 130.6380233, 31.5479836 ], [ 130.6378592, 31.5480061 ], [ 130.6374644, 31.5480906 ], [ 130.6373459, 31.5481244 ], [ 130.637155, 31.5482033 ], [ 130.6369839, 31.5482936 ], [ 130.6368064, 31.5484231 ], [ 130.6367275, 31.5485131 ], [ 130.6366617, 31.5486317 ], [ 130.636655, 31.5487894 ], [ 130.6367275, 31.5489981 ], [ 130.6370421, 31.5495091 ], [ 130.6376944, 31.550565 ], [ 130.6378458, 31.550892 ], [ 130.6378786, 31.5510158 ], [ 130.6378382, 31.551342 ], [ 130.6375956, 31.5520364 ], [ 130.6369047, 31.5535864 ], [ 130.6367667, 31.5544372 ], [ 130.6367075, 31.5545953 ], [ 130.6365739, 31.5547293 ], [ 130.6362731, 31.5548658 ], [ 130.6361481, 31.5548997 ], [ 130.635365, 31.5549503 ], [ 130.6345361, 31.5551589 ], [ 130.6338853, 31.5554326 ], [ 130.6335428, 31.5555311 ], [ 130.6333583, 31.5555592 ], [ 130.6328914, 31.5555422 ], [ 130.6323978, 31.5555422 ], [ 130.6320886, 31.5556381 ], [ 130.6319042, 31.5557958 ], [ 130.6315753, 31.5562297 ], [ 130.6294306, 31.5584903 ], [ 130.6283711, 31.5595725 ], [ 130.6280603, 31.5596756 ], [ 130.6245361, 31.5600642 ], [ 130.623845, 31.5601161 ], [ 130.6224797, 31.5601906 ], [ 130.6219867, 31.5602889 ], [ 130.6217016, 31.5603867 ], [ 130.6215097, 31.5605125 ], [ 130.6213047, 31.5607192 ], [ 130.6211864, 31.5609333 ], [ 130.6209369, 31.5616834 ], [ 130.6209689, 31.5630514 ], [ 130.6209294, 31.5634701 ], [ 130.6208338, 31.5636308 ], [ 130.6207238, 31.5637449 ], [ 130.6200918, 31.5641777 ], [ 130.6196706, 31.5643665 ], [ 130.6194875, 31.5644861 ], [ 130.6157645, 31.5681442 ], [ 130.6156656, 31.5682795 ], [ 130.6146475, 31.5699836 ], [ 130.6136272, 31.571765 ], [ 130.6121185, 31.5744814 ], [ 130.6118005, 31.5750226 ], [ 130.6116956, 31.5751318 ], [ 130.6112569, 31.5752986 ], [ 130.6103405, 31.5756311 ], [ 130.6093722, 31.5759617 ], [ 130.6090386, 31.5760778 ], [ 130.608764, 31.5761751 ], [ 130.6086733, 31.5762072 ], [ 130.6084413, 31.5762902 ], [ 130.608295, 31.57634 ], [ 130.6079002, 31.5764417 ], [ 130.6050783, 31.580175 ], [ 130.6027051, 31.5833333 ], [ 130.6009264, 31.585717 ], [ 130.5992177, 31.5880257 ], [ 130.5983778, 31.5891331 ], [ 130.5972682, 31.5906395 ], [ 130.5978606, 31.5908388 ], [ 130.5980344, 31.5909029 ], [ 130.5981837, 31.5909922 ], [ 130.5983501, 31.5911303 ], [ 130.5985534, 31.5913052 ], [ 130.5986125, 31.5913563 ], [ 130.5986625, 31.5913983 ], [ 130.5988413, 31.5915137 ], [ 130.5990548, 31.5916241 ], [ 130.5991641, 31.5916667 ], [ 130.5993534, 31.5917403 ], [ 130.5995744, 31.5918255 ], [ 130.5998069, 31.5919278 ], [ 130.5999542, 31.5920339 ], [ 130.6000664, 31.5921147 ], [ 130.600132, 31.5921803 ] ] } },
{ "type": "Feature", "properties": { "N12_001": "46", "N12_002": 1, "N12_003": 3, "N12_004": "一般国道225号", "N12_005": 4, "N12_006": 1 }, "geometry": { "type": "LineString", "coordinates": [ [ 130.5526748, 31.5935619 ], [ 130.5537703, 31.5930458 ], [ 130.5539209, 31.5929749 ], [ 130.5552426, 31.5923847 ], [ 130.5560781, 31.5919941 ], [ 130.5563952, 31.5913917 ], [ 130.5564695, 31.5912419 ], [ 130.5565493, 31.591081 ], [ 130.5573532, 31.5895263 ], [ 130.558798, 31.5873171 ], [ 130.5593315, 31.5863231 ], [ 130.5616261, 31.5826911 ], [ 130.562389, 31.5815316 ], [ 130.5624621, 31.5800537 ], [ 130.5624975, 31.579147 ], [ 130.5624566, 31.5788835 ], [ 130.5621978, 31.5782575 ], [ 130.5619394, 31.5778747 ], [ 130.5615058, 31.5773879 ], [ 130.5602227, 31.5755277 ], [ 130.5601478, 31.5751223 ], [ 130.5599398, 31.5726397 ], [ 130.5593986, 31.5712782 ], [ 130.5589922, 31.5701752 ], [ 130.557941, 31.5669373 ], [ 130.5577632, 31.5667682 ], [ 130.5576686, 31.5666667 ], [ 130.5568015, 31.5657359 ], [ 130.5566314, 31.56555 ], [ 130.5564933, 31.5653981 ], [ 130.5561359, 31.56509 ], [ 130.5559631, 31.5649703 ], [ 130.5558351, 31.5648878 ], [ 130.5551644, 31.564462 ], [ 130.5545261, 31.5640617 ], [ 130.5539406, 31.5636839 ], [ 130.5537568, 31.5635772 ], [ 130.5529406, 31.5630616 ], [ 130.5526289, 31.5628647 ], [ 130.551968, 31.5620717 ], [ 130.5516269, 31.5618318 ], [ 130.5509731, 31.5613722 ], [ 130.5505847, 31.5610797 ], [ 130.5503657, 31.5609218 ], [ 130.5501179, 31.5607145 ], [ 130.5500191, 31.5606116 ], [ 130.5499797, 31.5605547 ], [ 130.549819, 31.5601608 ], [ 130.5496179, 31.5596758 ], [ 130.549565, 31.5595345 ], [ 130.5494203, 31.5592245 ], [ 130.5492044, 31.5587888 ], [ 130.5491506, 31.5586775 ], [ 130.5489931, 31.5584181 ], [ 130.5489108, 31.5583335 ], [ 130.548755, 31.5582285 ], [ 130.5486337, 31.5581495 ], [ 130.5479992, 31.5578825 ], [ 130.5478303, 31.5578086 ], [ 130.5476196, 31.55768 ], [ 130.5475164, 31.5576264 ], [ 130.5473083, 31.5574992 ], [ 130.5472811, 31.5574822 ], [ 130.5468934, 31.5572214 ], [ 130.5463742, 31.5568789 ], [ 130.546116, 31.5566469 ], [ 130.5459212, 31.556497 ], [ 130.5459014, 31.5564818 ], [ 130.5456665, 31.5561466 ], [ 130.5455978, 31.5559881 ], [ 130.5455122, 31.5557511 ], [ 130.545376, 31.5553152 ], [ 130.5453411, 31.5550076 ], [ 130.5452886, 31.5544151 ], [ 130.5452797, 31.5538908 ], [ 130.5452425, 31.5538006 ], [ 130.5450579, 31.5534394 ], [ 130.5449791, 31.5532762 ], [ 130.5448683, 31.5530764 ], [ 130.5447162, 31.5527632 ], [ 130.5444067, 31.5521654 ], [ 130.5442156, 31.5517621 ], [ 130.5441637, 31.55167 ], [ 130.5438148, 31.5509877 ], [ 130.5436897, 31.5507394 ], [ 130.5434725, 31.5502997 ], [ 130.5434494, 31.5502401 ], [ 130.5433415, 31.5499609 ], [ 130.5431702, 31.5494933 ], [ 130.5430242, 31.5490828 ], [ 130.5429858, 31.548975 ], [ 130.5429519, 31.5488725 ], [ 130.5428676, 31.548648 ], [ 130.5427886, 31.5483996 ], [ 130.5426953, 31.5481336 ], [ 130.5426175, 31.547915 ], [ 130.5424858, 31.5475483 ], [ 130.5424169, 31.5473761 ], [ 130.5423412, 31.5471431 ], [ 130.5421897, 31.5467197 ], [ 130.5420874, 31.5464457 ], [ 130.5419575, 31.546078 ], [ 130.541906, 31.5459273 ], [ 130.5417624, 31.5453619 ], [ 130.5416667, 31.5450043 ], [ 130.5415056, 31.5444028 ], [ 130.5413275, 31.543793 ], [ 130.5411986, 31.543537 ], [ 130.5407867, 31.5431274 ], [ 130.5401253, 31.5425675 ], [ 130.5395449, 31.5420934 ], [ 130.5390038, 31.5416558 ], [ 130.5386792, 31.5414013 ], [ 130.5383146, 31.5410879 ], [ 130.537847, 31.5407159 ], [ 130.5373658, 31.5404289 ], [ 130.5371697, 31.5403042 ], [ 130.5369747, 31.5401935 ], [ 130.5368472, 31.5401181 ], [ 130.5366303, 31.5399883 ], [ 130.5362747, 31.5397797 ], [ 130.5358904, 31.5395627 ], [ 130.5347814, 31.5389847 ], [ 130.5343733, 31.5387706 ], [ 130.5341119, 31.5386328 ], [ 130.5336462, 31.5383981 ], [ 130.5333333, 31.5382262 ], [ 130.5323145, 31.5376981 ], [ 130.5322153, 31.537615 ], [ 130.5319705, 31.5373893 ], [ 130.5318667, 31.5372936 ], [ 130.53161, 31.5370681 ], [ 130.5311162, 31.5366281 ], [ 130.5303378, 31.535923 ], [ 130.5298194, 31.5354531 ], [ 130.5294115, 31.5350771 ], [ 130.5288131, 31.5345362 ], [ 130.5286689, 31.534407 ], [ 130.5277808, 31.5336233 ], [ 130.5272103, 31.5331067 ], [ 130.5269203, 31.5328381 ], [ 130.5267412, 31.5326959 ], [ 130.5257387, 31.5317416 ], [ 130.5253977, 31.531408 ], [ 130.524458, 31.5306096 ], [ 130.523075, 31.5292733 ], [ 130.5224575, 31.5286919 ], [ 130.5218681, 31.5280147 ], [ 130.5211893, 31.5275073 ], [ 130.5208702, 31.5272679 ], [ 130.5206222, 31.5270892 ], [ 130.5202536, 31.5268072 ], [ 130.5200081, 31.5266217 ], [ 130.5198071, 31.5264409 ], [ 130.5197325, 31.5263261 ], [ 130.5197064, 31.5262508 ], [ 130.5196154, 31.5257637 ], [ 130.5195038, 31.5252171 ], [ 130.5194621, 31.525 ], [ 130.5193786, 31.5245405 ], [ 130.5192867, 31.5240731 ], [ 130.5192202, 31.5236518 ], [ 130.5190498, 31.5227824 ], [ 130.518931, 31.5221528 ], [ 130.5188067, 31.5215081 ], [ 130.5187606, 31.5212372 ], [ 130.518675, 31.5208033 ], [ 130.5186284, 31.5205067 ], [ 130.5186025, 31.5203353 ], [ 130.518425, 31.5196192 ], [ 130.5183656, 31.5194105 ], [ 130.5178203, 31.5173034 ], [ 130.5176139, 31.5164507 ], [ 130.5174136, 31.516222 ], [ 130.5166667, 31.5158984 ], [ 130.5153052, 31.5153345 ], [ 130.5148786, 31.5151428 ], [ 130.5147339, 31.5150586 ], [ 130.5145133, 31.5148864 ], [ 130.5143787, 31.5147259 ], [ 130.5142667, 31.5145342 ], [ 130.5139246, 31.5137083 ], [ 130.5136279, 31.5128573 ], [ 130.5134442, 31.5123121 ], [ 130.5132206, 31.5115985 ], [ 130.5131502, 31.5114245 ], [ 130.5128328, 31.5104588 ], [ 130.5120933, 31.5085662 ], [ 130.5116031, 31.5071012 ], [ 130.5114534, 31.5066867 ], [ 130.5111481, 31.5062277 ], [ 130.5101516, 31.5055023 ], [ 130.5097153, 31.5052149 ], [ 130.5092401, 31.5048225 ], [ 130.5091537, 31.5043636 ], [ 130.5089896, 31.5034605 ], [ 130.5089062, 31.5026257 ], [ 130.5088098, 31.5023831 ], [ 130.5086651, 31.5019013 ], [ 130.5086232, 31.5017643 ], [ 130.5085806, 31.5016499 ], [ 130.508535, 31.5015444 ], [ 130.5084005, 31.5012555 ], [ 130.5082318, 31.5009867 ], [ 130.5081519, 31.5008491 ], [ 130.5080979, 31.5007472 ], [ 130.5080068, 31.5005849 ], [ 130.5079397, 31.5004348 ], [ 130.5078925, 31.5003192 ], [ 130.5078492, 31.5001972 ], [ 130.5077935, 31.5 ], [ 130.5077296, 31.4997735 ], [ 130.5076456, 31.4994756 ], [ 130.5074787, 31.4990127 ], [ 130.5073103, 31.4985453 ], [ 130.5071875, 31.4981617 ], [ 130.5070905, 31.4978007 ], [ 130.5068961, 31.4970061 ], [ 130.5068018, 31.4966084 ], [ 130.5066987, 31.4961879 ], [ 130.5061091, 31.4937335 ], [ 130.5057794, 31.4923599 ], [ 130.505615, 31.4916667 ], [ 130.5055096, 31.4912224 ], [ 130.5049442, 31.4888844 ], [ 130.5046646, 31.487704 ], [ 130.5045819, 31.4873597 ], [ 130.5044169, 31.486625 ], [ 130.5038366, 31.4841669 ], [ 130.5036429, 31.4833333 ], [ 130.5035696, 31.4830167 ], [ 130.5029425, 31.4827745 ], [ 130.5026516, 31.4826648 ], [ 130.5026183, 31.4826522 ], [ 130.5022708, 31.4825212 ], [ 130.5021759, 31.4824861 ], [ 130.5017419, 31.482325 ], [ 130.5013368, 31.4821619 ], [ 130.5007794, 31.4819158 ], [ 130.5005578, 31.4818 ], [ 130.5003819, 31.4817 ], [ 130.5002839, 31.4816286 ], [ 130.5002225, 31.4815669 ], [ 130.5001962, 31.4815182 ], [ 130.5001428, 31.4814 ], [ 130.5001011, 31.4812572 ], [ 130.5000644, 31.4810904 ], [ 130.5000005, 31.4808133 ], [ 130.4998333, 31.4799839 ], [ 130.4997969, 31.4798245 ], [ 130.4997664, 31.4797028 ], [ 130.4997117, 31.479555 ], [ 130.4996579, 31.4794697 ], [ 130.4996442, 31.4794468 ], [ 130.4995875, 31.4793672 ], [ 130.4995411, 31.4793208 ], [ 130.4994528, 31.4792681 ], [ 130.4991519, 31.4791342 ], [ 130.4986131, 31.4789311 ], [ 130.4984485, 31.4788686 ], [ 130.4979253, 31.47867 ], [ 130.4975217, 31.4785139 ], [ 130.4972784, 31.4784067 ], [ 130.4968442, 31.4781755 ], [ 130.4967258, 31.4780911 ], [ 130.4966075, 31.4779556 ], [ 130.4965617, 31.4778542 ], [ 130.4963705, 31.4772047 ], [ 130.4961147, 31.4763658 ], [ 130.4960686, 31.4762869 ], [ 130.4960094, 31.4762136 ], [ 130.4958453, 31.4760783 ], [ 130.4957136, 31.4760108 ], [ 130.4953716, 31.4758866 ], [ 130.4950741, 31.4757959 ], [ 130.4945631, 31.4756386 ], [ 130.4941091, 31.4754863 ], [ 130.4932742, 31.4752269 ], [ 130.4931428, 31.4751764 ], [ 130.4925842, 31.4750014 ], [ 130.4924394, 31.4749508 ], [ 130.4920385, 31.4748323 ], [ 130.4917927, 31.4747521 ], [ 130.4914336, 31.474635 ], [ 130.4910047, 31.4743575 ], [ 130.4908058, 31.4741422 ], [ 130.4907117, 31.473909 ], [ 130.4907326, 31.4736758 ], [ 130.490743, 31.4734426 ], [ 130.4908372, 31.4732542 ], [ 130.491057, 31.473048 ], [ 130.4914756, 31.4728237 ], [ 130.4919151, 31.4725816 ], [ 130.492094, 31.4724332 ], [ 130.4922486, 31.4721652 ], [ 130.4922474, 31.4712337 ], [ 130.492106, 31.4705374 ], [ 130.4918942, 31.4699446 ], [ 130.4916219, 31.4696624 ], [ 130.4914637, 31.4695885 ], [ 130.4912768, 31.4695051 ], [ 130.4909837, 31.4694872 ], [ 130.4904814, 31.469532 ], [ 130.489538, 31.4696509 ], [ 130.4890877, 31.469569 ], [ 130.4881089, 31.469485 ], [ 130.4879888, 31.4694764 ], [ 130.487871, 31.4694683 ], [ 130.487752, 31.4694719 ], [ 130.4874989, 31.4694795 ], [ 130.4867365, 31.4695408 ], [ 130.4865387, 31.4695278 ], [ 130.486424, 31.4695018 ], [ 130.4862769, 31.469459 ], [ 130.4861536, 31.469395 ], [ 130.4860433, 31.4693214 ], [ 130.4859395, 31.4692378 ], [ 130.4858249, 31.4691058 ], [ 130.4857643, 31.4690092 ], [ 130.4857167, 31.4688996 ], [ 130.4856843, 31.4687805 ], [ 130.4856756, 31.4686374 ], [ 130.4856866, 31.4685461 ], [ 130.4856951, 31.4684757 ], [ 130.4857232, 31.468379 ], [ 130.4857967, 31.468221 ], [ 130.485878, 31.4681195 ], [ 130.4860217, 31.46797 ], [ 130.4861169, 31.4678807 ], [ 130.4865697, 31.4674534 ], [ 130.4868541, 31.4671886 ], [ 130.4870055, 31.4670361 ], [ 130.4870791, 31.4669711 ], [ 130.487198, 31.4668744 ], [ 130.4873703, 31.4667478 ], [ 130.4875001, 31.4666667 ], [ 130.4877583, 31.4665053 ], [ 130.4878233, 31.4664733 ], [ 130.4883831, 31.4662289 ], [ 130.4888502, 31.4660483 ], [ 130.4890667, 31.46597 ], [ 130.4893364, 31.4658458 ], [ 130.4895533, 31.4657275 ], [ 130.489665, 31.4656372 ], [ 130.4897834, 31.4654736 ], [ 130.4898491, 31.4653275 ], [ 130.4898725, 31.4652578 ], [ 130.4898847, 31.4649213 ], [ 130.4898456, 31.4646314 ], [ 130.4897703, 31.4642672 ], [ 130.4897667, 31.4640986 ], [ 130.4897703, 31.4639458 ], [ 130.4898097, 31.4637093 ], [ 130.4898689, 31.4635061 ], [ 130.4899017, 31.4634272 ], [ 130.4899289, 31.463368 ], [ 130.4901038, 31.4629854 ], [ 130.4901581, 31.4628239 ], [ 130.4902303, 31.4625533 ], [ 130.4902373, 31.4624505 ], [ 130.4902373, 31.4624279 ], [ 130.4902364, 31.46236 ], [ 130.4902303, 31.4622714 ], [ 130.4902076, 31.4621778 ], [ 130.4901948, 31.4621299 ], [ 130.4899998, 31.4618551 ], [ 130.4897375, 31.4616753 ], [ 130.4894827, 31.461566 ], [ 130.4891305, 31.4614697 ], [ 130.4886358, 31.4613669 ], [ 130.4883511, 31.4612384 ], [ 130.4879988, 31.4610971 ], [ 130.4876915, 31.4607438 ], [ 130.4874817, 31.4604996 ], [ 130.4873618, 31.4603583 ], [ 130.487092, 31.4602363 ], [ 130.4868222, 31.4601399 ], [ 130.486425, 31.46005 ], [ 130.4861252, 31.4599151 ], [ 130.4857655, 31.4596195 ], [ 130.4856081, 31.4594076 ], [ 130.4855756, 31.4591933 ], [ 130.4854336, 31.4583333 ], [ 130.4853914, 31.4580772 ], [ 130.4851878, 31.4576092 ], [ 130.4847472, 31.4568367 ], [ 130.4847339, 31.4567972 ], [ 130.4846897, 31.4567205 ], [ 130.4844186, 31.4562503 ], [ 130.4843595, 31.4560873 ], [ 130.4843531, 31.4560139 ], [ 130.4843291, 31.4550372 ], [ 130.484309, 31.4549103 ], [ 130.4842754, 31.4547431 ], [ 130.4842155, 31.4545988 ], [ 130.4840055, 31.4541221 ], [ 130.4838897, 31.4538966 ], [ 130.4833333, 31.4534335 ], [ 130.4830506, 31.4531982 ], [ 130.4827415, 31.4529658 ], [ 130.4825887, 31.4528509 ], [ 130.4822462, 31.4525933 ], [ 130.4808569, 31.4515487 ], [ 130.4807169, 31.451432 ], [ 130.4806406, 31.4513685 ], [ 130.4803249, 31.4510732 ], [ 130.4800131, 31.450731 ], [ 130.4796419, 31.4502176 ], [ 130.4795127, 31.4499719 ], [ 130.479412, 31.4496888 ], [ 130.479368, 31.4495241 ], [ 130.4793094, 31.4493011 ], [ 130.4792817, 31.4491575 ], [ 130.4792598, 31.4488986 ], [ 130.4792782, 31.4486597 ], [ 130.4793437, 31.4480871 ], [ 130.4794142, 31.4475799 ], [ 130.479455, 31.447298 ], [ 130.4794943, 31.4470536 ], [ 130.4795339, 31.4466889 ], [ 130.4795339, 31.4462778 ], [ 130.4795011, 31.4461536 ], [ 130.4794419, 31.4460522 ], [ 130.4793828, 31.4459789 ], [ 130.4791856, 31.4458097 ], [ 130.4783242, 31.4451555 ], [ 130.4780481, 31.4448906 ], [ 130.4778769, 31.4446989 ], [ 130.4776994, 31.4443889 ], [ 130.4776664, 31.4443207 ], [ 130.4775417, 31.4440622 ], [ 130.4774036, 31.4437689 ], [ 130.4772653, 31.443495 ], [ 130.4771788, 31.4433301 ], [ 130.4771244, 31.443208 ], [ 130.4770761, 31.4430626 ], [ 130.4770519, 31.4429302 ], [ 130.4770429, 31.4428107 ], [ 130.4770459, 31.4426367 ], [ 130.4770519, 31.4425253 ], [ 130.4770882, 31.4421768 ], [ 130.4771154, 31.4419096 ], [ 130.4771473, 31.4416667 ], [ 130.4771546, 31.4416109 ], [ 130.4771736, 31.4414464 ], [ 130.4771869, 31.4413336 ], [ 130.4772394, 31.4409169 ], [ 130.4772574, 31.4407304 ], [ 130.4772525, 31.4405781 ], [ 130.4772264, 31.4403867 ], [ 130.4771869, 31.4401667 ], [ 130.4771278, 31.4399526 ], [ 130.4768601, 31.4393736 ], [ 130.4764506, 31.438695 ], [ 130.4760428, 31.4380864 ], [ 130.4758759, 31.4378746 ], [ 130.475768, 31.4377947 ], [ 130.4756894, 31.437752 ], [ 130.4754994, 31.4376734 ], [ 130.4753527, 31.4376015 ], [ 130.4750494, 31.4374433 ], [ 130.4746817, 31.4372406 ], [ 130.4744123, 31.4370884 ], [ 130.4740706, 31.4368462 ], [ 130.4738142, 31.4366092 ], [ 130.4736564, 31.4364061 ], [ 130.4735511, 31.4362261 ], [ 130.473275, 31.4356847 ], [ 130.473233, 31.4356216 ], [ 130.4731631, 31.435555 ], [ 130.4727817, 31.4353014 ], [ 130.472545, 31.4351267 ], [ 130.472315, 31.4349292 ], [ 130.4721375, 31.4348108 ], [ 130.4718678, 31.4346811 ], [ 130.471721, 31.4346257 ], [ 130.4716935, 31.4346152 ], [ 130.4715853, 31.4345742 ], [ 130.4712633, 31.434467 ], [ 130.4709474, 31.4343597 ], [ 130.4705266, 31.4341964 ], [ 130.4704347, 31.43414 ], [ 130.4702442, 31.4340442 ], [ 130.4700439, 31.4339319 ], [ 130.4699875, 31.4339031 ], [ 130.4698561, 31.4338242 ], [ 130.4696917, 31.4337058 ], [ 130.4695142, 31.43361 ], [ 130.4693115, 31.4335729 ], [ 130.4691722, 31.4335592 ], [ 130.4686334, 31.4335761 ], [ 130.4684625, 31.4336042 ], [ 130.4683581, 31.4336422 ], [ 130.4682456, 31.4336944 ], [ 130.4681312, 31.4337562 ], [ 130.4677261, 31.4340158 ], [ 130.4675353, 31.4341511 ], [ 130.467463, 31.434202 ], [ 130.4671539, 31.4343936 ], [ 130.4669485, 31.4345063 ], [ 130.4667267, 31.4346247 ], [ 130.4666667, 31.4346515 ], [ 130.4665622, 31.434698 ], [ 130.4664175, 31.434732 ], [ 130.4662203, 31.4347375 ], [ 130.4659453, 31.4346881 ], [ 130.4656915, 31.4346258 ], [ 130.4654383, 31.4345459 ], [ 130.4651028, 31.4344331 ], [ 130.4645967, 31.4342245 ], [ 130.4644532, 31.434163 ], [ 130.4643336, 31.4341175 ], [ 130.4642481, 31.4340836 ], [ 130.4641244, 31.4340305 ], [ 130.46363, 31.4338186 ], [ 130.46315, 31.4336042 ], [ 130.4626665, 31.4333333 ], [ 130.4625058, 31.4332433 ], [ 130.4618156, 31.4328939 ], [ 130.4608161, 31.432347 ], [ 130.460525, 31.4321806 ], [ 130.4604599, 31.4321434 ], [ 130.4600403, 31.4319017 ], [ 130.4595534, 31.4315954 ], [ 130.4593946, 31.4314832 ], [ 130.458864, 31.4311334 ], [ 130.4578487, 31.4304649 ], [ 130.4561353, 31.4293364 ], [ 130.4559839, 31.4292236 ], [ 130.4558197, 31.4290827 ], [ 130.455675, 31.4289136 ], [ 130.4555172, 31.4286825 ], [ 130.4552214, 31.428147 ], [ 130.4550341, 31.4277317 ], [ 130.4544847, 31.4265119 ], [ 130.4544125, 31.4263542 ], [ 130.4541694, 31.4258581 ], [ 130.4538669, 31.4253789 ], [ 130.4536612, 31.425108 ], [ 130.4535195, 31.4249668 ], [ 130.4534461, 31.4248939 ], [ 130.4531899, 31.4246854 ], [ 130.4528808, 31.42446 ], [ 130.452799, 31.4244049 ], [ 130.4516975, 31.423665 ], [ 130.4516253, 31.4236142 ], [ 130.4509217, 31.4231406 ], [ 130.4507047, 31.4230141 ], [ 130.4505994, 31.42296 ], [ 130.4501392, 31.4227853 ], [ 130.4499712, 31.4227388 ], [ 130.4499156, 31.4227233 ], [ 130.4495691, 31.4226656 ], [ 130.4488583, 31.4226041 ], [ 130.4486963, 31.4225804 ], [ 130.4484891, 31.4225383 ], [ 130.4482628, 31.4224431 ], [ 130.4481487, 31.4223862 ], [ 130.4480112, 31.4223082 ], [ 130.4478944, 31.4222293 ], [ 130.4477054, 31.4220998 ], [ 130.4475429, 31.4219815 ], [ 130.4471629, 31.4216809 ], [ 130.4470141, 31.421572 ], [ 130.446849, 31.4214348 ], [ 130.4466894, 31.4212747 ], [ 130.4456925, 31.4201695 ], [ 130.4456286, 31.4201045 ], [ 130.4454881, 31.4199947 ], [ 130.4453194, 31.4198875 ], [ 130.4451594, 31.4197972 ], [ 130.4449559, 31.4196903 ], [ 130.4447589, 31.4196055 ], [ 130.4445159, 31.4195381 ], [ 130.4442464, 31.4194872 ], [ 130.4437998, 31.4194422 ], [ 130.4423912, 31.4193221 ], [ 130.4418966, 31.4192781 ], [ 130.4416667, 31.419261 ], [ 130.4414483, 31.4192447 ], [ 130.4409819, 31.4191883 ], [ 130.440542, 31.4191658 ], [ 130.4400887, 31.4191319 ], [ 130.4399672, 31.4191214 ], [ 130.4398589, 31.4190981 ], [ 130.4391273, 31.4188058 ], [ 130.4385583, 31.4185514 ], [ 130.4384575, 31.418491 ], [ 130.4380254, 31.4179868 ], [ 130.4377138, 31.4176001 ], [ 130.4374156, 31.4173558 ], [ 130.4372789, 31.4172517 ], [ 130.4366078, 31.4167787 ], [ 130.4350136, 31.4155883 ], [ 130.4347107, 31.4154094 ], [ 130.4345125, 31.4152925 ], [ 130.4343536, 31.4151911 ], [ 130.4341997, 31.4150686 ], [ 130.4340775, 31.4149578 ], [ 130.4339919, 31.4148692 ], [ 130.433935, 31.4147925 ], [ 130.4339064, 31.4147214 ], [ 130.4338609, 31.414528 ], [ 130.4338428, 31.4144527 ], [ 130.4338192, 31.4143007 ], [ 130.4338111, 31.4141972 ], [ 130.4338228, 31.4139625 ], [ 130.4338136, 31.4138044 ], [ 130.4337706, 31.4134042 ], [ 130.4337442, 31.4132295 ], [ 130.4336589, 31.41288 ], [ 130.433556, 31.412661 ], [ 130.4333697, 31.4123838 ], [ 130.4332186, 31.4122092 ], [ 130.4327589, 31.4117692 ], [ 130.4324531, 31.4114272 ], [ 130.432345, 31.4113295 ], [ 130.4322206, 31.4111661 ], [ 130.4316686, 31.4103714 ], [ 130.4314453, 31.4099653 ], [ 130.4312996, 31.4095893 ], [ 130.4311694, 31.4091989 ], [ 130.4309531, 31.4086067 ], [ 130.4308874, 31.4084612 ], [ 130.4308209, 31.4083333 ], [ 130.4306375, 31.4079808 ], [ 130.4305845, 31.4078238 ], [ 130.4305053, 31.407623 ], [ 130.4304642, 31.4075231 ], [ 130.4303114, 31.4071375 ], [ 130.4298716, 31.405964 ], [ 130.4298139, 31.4058583 ], [ 130.4297578, 31.4057767 ], [ 130.4296869, 31.4056872 ], [ 130.4295869, 31.4055739 ], [ 130.428745, 31.4048571 ], [ 130.4278284, 31.4040812 ], [ 130.4276333, 31.4039187 ], [ 130.4269381, 31.4033364 ], [ 130.4264144, 31.4029186 ], [ 130.4263489, 31.4028626 ], [ 130.4242671, 31.4010744 ], [ 130.4242029, 31.4010196 ], [ 130.4240567, 31.4008947 ], [ 130.4238728, 31.4007989 ], [ 130.4235969, 31.4006917 ], [ 130.4231503, 31.4006297 ], [ 130.4230845, 31.4006297 ], [ 130.4229596, 31.4006072 ], [ 130.4221253, 31.4004888 ], [ 130.4219089, 31.400455 ], [ 130.4218564, 31.400455 ], [ 130.4212981, 31.4003761 ], [ 130.4210433, 31.4003436 ], [ 130.4208644, 31.4003083 ], [ 130.4205533, 31.400266 ], [ 130.4202416, 31.400224 ], [ 130.4193472, 31.4001053 ], [ 130.4186758, 31.4000152 ], [ 130.4182771, 31.3999435 ], [ 130.417837, 31.3998293 ], [ 130.4173639, 31.3996939 ], [ 130.4168444, 31.3995077 ], [ 130.4165776, 31.3993996 ], [ 130.4158267, 31.3990962 ], [ 130.4149613, 31.3986871 ], [ 130.4141278, 31.3983043 ], [ 130.4139415, 31.3982107 ], [ 130.4130384, 31.3977864 ], [ 130.4114449, 31.3970355 ], [ 130.4096986, 31.3962097 ], [ 130.4095668, 31.3961289 ], [ 130.4094228, 31.3960406 ], [ 130.4087531, 31.3953978 ], [ 130.4085297, 31.3952061 ], [ 130.4084509, 31.3951442 ], [ 130.4083333, 31.3951016 ], [ 130.4082014, 31.3950539 ], [ 130.407432, 31.3948119 ], [ 130.4068409, 31.3946196 ], [ 130.4058622, 31.3943287 ], [ 130.4042563, 31.393856 ], [ 130.4041419, 31.3938133 ], [ 130.4035117, 31.3936331 ], [ 130.4031467, 31.3935139 ], [ 130.4027894, 31.3933967 ], [ 130.4025103, 31.3933211 ], [ 130.4015982, 31.3930546 ], [ 130.4015675, 31.3927536 ], [ 130.4015281, 31.392562 ], [ 130.4015064, 31.3925114 ], [ 130.4014639, 31.3924525 ], [ 130.4013244, 31.3923308 ], [ 130.400615, 31.3917783 ], [ 130.4005428, 31.3917275 ], [ 130.40047, 31.3916667 ], [ 130.400037, 31.3913048 ], [ 130.3998332, 31.391096 ], [ 130.3996167, 31.3908986 ], [ 130.3995476, 31.3908447 ], [ 130.3994067, 31.3907353 ], [ 130.3992619, 31.390645 ], [ 130.3991305, 31.3905602 ], [ 130.3989402, 31.3904589 ], [ 130.3985722, 31.3903122 ], [ 130.3982703, 31.3902278 ], [ 130.3978367, 31.3901039 ], [ 130.3973833, 31.3899686 ], [ 130.3967549, 31.3898335 ], [ 130.3965262, 31.3898071 ], [ 130.3962285, 31.389793 ], [ 130.3958485, 31.3898092 ], [ 130.3949717, 31.3898373 ], [ 130.3946705, 31.3898614 ], [ 130.3940836, 31.3898865 ], [ 130.3940479, 31.389891 ], [ 130.3936537, 31.3899177 ], [ 130.3934492, 31.3899345 ], [ 130.3927792, 31.3900247 ], [ 130.3926083, 31.3900417 ], [ 130.3922997, 31.3900925 ], [ 130.3919514, 31.3901431 ], [ 130.39182, 31.3901714 ], [ 130.3916667, 31.3901913 ], [ 130.3916046, 31.3901994 ], [ 130.3914589, 31.3902053 ], [ 130.3914, 31.3902164 ], [ 130.391065, 31.3902164 ], [ 130.3907495, 31.390177 ], [ 130.3904144, 31.3901714 ], [ 130.3896986, 31.3903011 ], [ 130.3893241, 31.3903745 ], [ 130.3888775, 31.3904872 ], [ 130.3887397, 31.3905264 ], [ 130.3883522, 31.3906164 ], [ 130.3876228, 31.390797 ], [ 130.3869069, 31.390983 ], [ 130.3864529, 31.3910902 ], [ 130.3863356, 31.3911183 ], [ 130.3860267, 31.3911861 ], [ 130.3856862, 31.391231 ], [ 130.3851864, 31.3912875 ], [ 130.384181, 31.3914059 ], [ 130.3837017, 31.3914678 ], [ 130.3835762, 31.3914968 ], [ 130.3833331, 31.3915433 ], [ 130.3829885, 31.3916144 ], [ 130.3827898, 31.3916581 ], [ 130.3813239, 31.3919808 ], [ 130.3807109, 31.3921147 ], [ 130.3802794, 31.392212 ], [ 130.3801088, 31.3922456 ], [ 130.3794566, 31.3923914 ], [ 130.3788347, 31.3925275 ], [ 130.3786933, 31.3925581 ], [ 130.3783386, 31.3926392 ], [ 130.3780825, 31.3926903 ], [ 130.3779674, 31.3927192 ], [ 130.3775208, 31.392815 ], [ 130.3772269, 31.3928804 ], [ 130.3766894, 31.3930053 ], [ 130.3764323, 31.393021 ], [ 130.3763456, 31.3929992 ], [ 130.3762098, 31.3929231 ], [ 130.3761106, 31.3928577 ], [ 130.3748908, 31.3921252 ], [ 130.3746206, 31.3919659 ], [ 130.3741713, 31.3916667 ], [ 130.3738231, 31.3914394 ], [ 130.373324, 31.3910562 ], [ 130.3730875, 31.3908586 ], [ 130.372746, 31.3906081 ], [ 130.372377, 31.3903822 ], [ 130.37205, 31.3901801 ], [ 130.3710437, 31.389593 ], [ 130.3705586, 31.3893172 ], [ 130.37025, 31.3891428 ], [ 130.369915, 31.3889342 ], [ 130.3697706, 31.3887989 ], [ 130.3696917, 31.3886692 ], [ 130.3696458, 31.3885114 ], [ 130.3696325, 31.3883364 ], [ 130.3696653, 31.3881335 ], [ 130.3697317, 31.3879142 ], [ 130.3698525, 31.3876008 ], [ 130.3700715, 31.3869316 ], [ 130.3703158, 31.3861772 ], [ 130.3704011, 31.3859178 ], [ 130.3706836, 31.3849089 ], [ 130.3707889, 31.3845357 ], [ 130.3708872, 31.38417 ], [ 130.3709594, 31.3837078 ], [ 130.3709728, 31.3833642 ], [ 130.3709686, 31.3833196 ], [ 130.3709531, 31.3831556 ], [ 130.3708547, 31.3827943 ], [ 130.3707431, 31.3824958 ], [ 130.3706117, 31.3822475 ], [ 130.3704672, 31.3820447 ], [ 130.3703094, 31.3818361 ], [ 130.369981, 31.3814637 ], [ 130.3698169, 31.3812933 ], [ 130.3697416, 31.3812077 ], [ 130.3695673, 31.3810356 ], [ 130.3693964, 31.3809228 ], [ 130.3691909, 31.380826 ], [ 130.3688581, 31.3806692 ], [ 130.3686411, 31.3805789 ], [ 130.3684308, 31.3805 ], [ 130.3681757, 31.3804189 ], [ 130.3678003, 31.3802969 ], [ 130.3672617, 31.3801392 ], [ 130.3668872, 31.3800206 ], [ 130.3667495, 31.379987 ], [ 130.3665392, 31.3799192 ], [ 130.365743, 31.379674 ], [ 130.3656435, 31.3796433 ], [ 130.3653835, 31.379563 ], [ 130.3650007, 31.3794364 ], [ 130.3648064, 31.3793047 ], [ 130.3646736, 31.3792031 ], [ 130.364345, 31.3788986 ], [ 130.3637936, 31.3781431 ], [ 130.3636753, 31.377985 ], [ 130.3635833, 31.3778553 ], [ 130.3632657, 31.3774279 ], [ 130.3632019, 31.377338 ], [ 130.3630817, 31.3771781 ], [ 130.3628083, 31.37679 ], [ 130.3624339, 31.3762825 ], [ 130.3616392, 31.3752 ], [ 130.3614838, 31.375 ], [ 130.3613764, 31.3748617 ], [ 130.3611006, 31.3746361 ], [ 130.360483, 31.3742244 ], [ 130.360212, 31.3740744 ], [ 130.3598328, 31.3738747 ], [ 130.3583621, 31.3730915 ], [ 130.3577833, 31.3727922 ], [ 130.3577116, 31.3727531 ], [ 130.35735, 31.37255 ], [ 130.3571922, 31.3724486 ], [ 130.3570214, 31.372302 ], [ 130.3569231, 31.3721947 ], [ 130.3568311, 31.372065 ], [ 130.3567128, 31.3719072 ], [ 130.3560295, 31.3708978 ], [ 130.3558781, 31.3706777 ], [ 130.3557536, 31.3704636 ], [ 130.3556356, 31.3701706 ], [ 130.3555503, 31.3698208 ], [ 130.3555239, 31.3697139 ], [ 130.3554453, 31.3694092 ], [ 130.3549983, 31.3676842 ], [ 130.3548933, 31.3673233 ], [ 130.3548409, 31.3671993 ], [ 130.3547297, 31.3670053 ], [ 130.3545395, 31.3667145 ], [ 130.3543213, 31.3663466 ], [ 130.3542497, 31.3662236 ], [ 130.3541972, 31.3661561 ], [ 130.3539796, 31.3658487 ], [ 130.3538228, 31.3656264 ], [ 130.3533892, 31.3650286 ], [ 130.353061, 31.3645607 ], [ 130.352762, 31.3641352 ], [ 130.3526211, 31.3639211 ], [ 130.3525473, 31.3637644 ], [ 130.3525438, 31.3637557 ], [ 130.3524764, 31.363588 ], [ 130.3521664, 31.3627097 ], [ 130.3519161, 31.3619657 ], [ 130.3516169, 31.3611456 ], [ 130.3513206, 31.3602875 ], [ 130.3511728, 31.3598781 ], [ 130.351115, 31.3597028 ], [ 130.3510617, 31.3595081 ], [ 130.3510361, 31.3593686 ], [ 130.3510306, 31.359288 ], [ 130.3510306, 31.3591189 ], [ 130.351045, 31.3589422 ], [ 130.3510767, 31.35871 ], [ 130.3511506, 31.3583333 ], [ 130.3512142, 31.3580092 ], [ 130.3512978, 31.3575809 ], [ 130.3513183, 31.3574082 ], [ 130.3513061, 31.3572403 ], [ 130.3512744, 31.3570826 ], [ 130.3512336, 31.3569428 ], [ 130.3511511, 31.3567782 ], [ 130.3508756, 31.3563403 ], [ 130.3507121, 31.3560722 ], [ 130.3506021, 31.3558911 ], [ 130.3505225, 31.3557606 ], [ 130.3501867, 31.3552461 ], [ 130.3500633, 31.3550428 ], [ 130.3500146, 31.3549384 ], [ 130.3499811, 31.3548667 ], [ 130.3499475, 31.3547481 ], [ 130.3499183, 31.3545792 ], [ 130.3499086, 31.3545028 ], [ 130.3498919, 31.3543733 ], [ 130.3498698, 31.3541249 ], [ 130.3497696, 31.352974 ], [ 130.3496975, 31.3521241 ], [ 130.3496786, 31.3520547 ], [ 130.3496281, 31.3519292 ], [ 130.3495506, 31.3517767 ], [ 130.349495, 31.3516825 ], [ 130.3494031, 31.3515475 ], [ 130.3492772, 31.3514142 ], [ 130.3491542, 31.351325 ], [ 130.3490114, 31.3512497 ], [ 130.3488834, 31.351187 ], [ 130.348729, 31.3511339 ], [ 130.3484917, 31.3510686 ], [ 130.3479134, 31.3509314 ], [ 130.3464854, 31.3506068 ], [ 130.3456553, 31.3503972 ], [ 130.3454725, 31.350335 ], [ 130.3452231, 31.3502242 ], [ 130.3451553, 31.3501936 ], [ 130.3450478, 31.350138 ], [ 130.344838, 31.3499976 ], [ 130.3441478, 31.3494108 ], [ 130.3440177, 31.3492969 ], [ 130.3437994, 31.3491061 ], [ 130.3434317, 31.3487847 ], [ 130.3431561, 31.3485255 ], [ 130.3427137, 31.3480834 ], [ 130.3422561, 31.3476292 ], [ 130.3421508, 31.3474911 ], [ 130.3420297, 31.3473136 ], [ 130.3419591, 31.3472098 ], [ 130.3418567, 31.3470366 ], [ 130.3415333, 31.34671 ], [ 130.3411331, 31.3463153 ], [ 130.3410214, 31.3461689 ], [ 130.3409556, 31.3460617 ], [ 130.3409375, 31.3460072 ], [ 130.3409358, 31.3457119 ], [ 130.3409752, 31.345543 ], [ 130.3410305, 31.3453653 ], [ 130.3410542, 31.3452892 ], [ 130.341166, 31.3448661 ], [ 130.3412183, 31.3446805 ], [ 130.3412644, 31.3444156 ], [ 130.3412775, 31.3442745 ], [ 130.3412708, 31.344015 ], [ 130.3412381, 31.3438403 ], [ 130.3412053, 31.3437783 ], [ 130.3411461, 31.3436489 ], [ 130.3410728, 31.3435308 ], [ 130.3409878, 31.3434155 ], [ 130.3408625, 31.3432836 ], [ 130.3407525, 31.3431553 ], [ 130.3406861, 31.3430567 ], [ 130.3404694, 31.3427014 ], [ 130.3402856, 31.3423631 ], [ 130.3399834, 31.3416667 ], [ 130.3399506, 31.3415908 ], [ 130.3398391, 31.3412523 ], [ 130.3397142, 31.3407336 ], [ 130.3396025, 31.3401586 ], [ 130.3394647, 31.3394029 ], [ 130.3393792, 31.3390989 ], [ 130.3391953, 31.3386364 ], [ 130.3391231, 31.3384672 ], [ 130.3390517, 31.3383164 ], [ 130.3390103, 31.3382508 ], [ 130.3389006, 31.3381308 ], [ 130.3388331, 31.3380708 ], [ 130.3387717, 31.3380253 ], [ 130.3385514, 31.3379219 ], [ 130.3381453, 31.3377786 ], [ 130.3379975, 31.3377214 ], [ 130.3378614, 31.3376508 ], [ 130.3377892, 31.3376089 ], [ 130.3377114, 31.3375486 ], [ 130.3376172, 31.3374539 ], [ 130.3374985, 31.3373118 ], [ 130.337173, 31.3368433 ], [ 130.3367775, 31.3361611 ], [ 130.3367642, 31.3361103 ], [ 130.33676, 31.3348817 ], [ 130.3367708, 31.3341539 ], [ 130.336771, 31.3333333 ], [ 130.3367711, 31.3329888 ], [ 130.33676, 31.3321803 ], [ 130.3367565, 31.3318583 ], [ 130.3367422, 31.330525 ], [ 130.3367253, 31.3299159 ], [ 130.3366954, 31.3297893 ], [ 130.3366728, 31.3297 ], [ 130.3365414, 31.3293617 ], [ 130.3363575, 31.3290008 ], [ 130.3361672, 31.3287075 ], [ 130.3357144, 31.3282622 ], [ 130.3353602, 31.3279002 ], [ 130.3352507, 31.3277863 ], [ 130.3349008, 31.3274222 ], [ 130.334749, 31.3271971 ], [ 130.3346908, 31.3270839 ], [ 130.3345725, 31.3268908 ], [ 130.3344012, 31.3265953 ], [ 130.333647, 31.3251927 ], [ 130.3335555, 31.3250031 ], [ 130.3333327, 31.3245755 ], [ 130.3330567, 31.3240056 ], [ 130.3330239, 31.3238647 ], [ 130.3330175, 31.3236617 ], [ 130.3330436, 31.3235095 ], [ 130.3333333, 31.322477 ], [ 130.3333522, 31.3224097 ], [ 130.3334178, 31.3221114 ], [ 130.3334178, 31.3218409 ], [ 130.3334244, 31.3214064 ], [ 130.3334506, 31.3201153 ], [ 130.3334636, 31.319873 ], [ 130.33347, 31.3194233 ], [ 130.3334586, 31.319332 ], [ 130.3334375, 31.3192697 ], [ 130.3333872, 31.3191761 ], [ 130.3333131, 31.3190656 ], [ 130.3332346, 31.3189971 ], [ 130.3331608, 31.31896 ], [ 130.3330045, 31.3188895 ], [ 130.3328347, 31.3188264 ], [ 130.3321972, 31.3186495 ], [ 130.3313111, 31.3184125 ], [ 130.3311339, 31.3183619 ], [ 130.3304775, 31.3181758 ], [ 130.330274, 31.318125 ], [ 130.3292242, 31.3178375 ], [ 130.3285944, 31.317674 ], [ 130.32843, 31.3176289 ], [ 130.3282333, 31.3175895 ], [ 130.3278853, 31.3175895 ], [ 130.3276492, 31.3176175 ], [ 130.3272814, 31.3176175 ], [ 130.3269192, 31.3175852 ], [ 130.3267764, 31.3175725 ], [ 130.3266256, 31.31755 ], [ 130.3264286, 31.3174597 ], [ 130.3261922, 31.3172961 ], [ 130.3257264, 31.3169297 ], [ 130.3254309, 31.316642 ], [ 130.3251605, 31.3163359 ], [ 130.3250764, 31.3162417 ], [ 130.3250234, 31.3161763 ], [ 130.3249911, 31.3161458 ], [ 130.3248797, 31.3160895 ], [ 130.3247219, 31.31605 ], [ 130.3242364, 31.3159767 ], [ 130.3238496, 31.3159375 ], [ 130.3236525, 31.3159092 ], [ 130.3235756, 31.3159003 ], [ 130.3234228, 31.3158695 ], [ 130.3232523, 31.3158583 ], [ 130.3228993, 31.3158194 ], [ 130.3226353, 31.3157964 ], [ 130.3224186, 31.3157342 ], [ 130.3222545, 31.3156608 ], [ 130.3221364, 31.3155989 ], [ 130.3219461, 31.3154242 ], [ 130.3218411, 31.3152888 ], [ 130.3216311, 31.3149447 ], [ 130.3214472, 31.3146178 ], [ 130.3212047, 31.3141613 ], [ 130.3210536, 31.313868 ], [ 130.3208436, 31.3134397 ], [ 130.3206009, 31.3129942 ], [ 130.3204367, 31.312577 ], [ 130.3202333, 31.3119847 ], [ 130.3201086, 31.3115903 ], [ 130.3200494, 31.3113142 ], [ 130.3200494, 31.3110267 ], [ 130.3201019, 31.3108124 ], [ 130.3202138, 31.3104565 ], [ 130.3202792, 31.3102258 ], [ 130.3202728, 31.3099778 ], [ 130.3202267, 31.3098594 ], [ 130.3201217, 31.3097183 ], [ 130.3199708, 31.3095945 ], [ 130.3195703, 31.3093353 ], [ 130.3194259, 31.3092056 ], [ 130.31938, 31.3091547 ], [ 130.3192883, 31.3089122 ], [ 130.3192362, 31.3083333 ], [ 130.3192294, 31.3082583 ], [ 130.3191769, 31.3078917 ], [ 130.3190981, 31.3075987 ], [ 130.3190128, 31.3074181 ], [ 130.3189031, 31.307282 ], [ 130.3187633, 31.3071586 ], [ 130.3186781, 31.3071081 ], [ 130.3184811, 31.3070233 ], [ 130.3183169, 31.3069895 ], [ 130.3170119, 31.3069788 ], [ 130.3169519, 31.3069783 ], [ 130.3166667, 31.306977 ], [ 130.3156322, 31.3069722 ], [ 130.3153047, 31.3069728 ], [ 130.3141103, 31.3069614 ], [ 130.3139856, 31.3069445 ], [ 130.3135261, 31.3069275 ], [ 130.313408, 31.3068995 ], [ 130.3132833, 31.3068486 ], [ 130.3131061, 31.3067472 ], [ 130.3130275, 31.3066231 ], [ 130.3129686, 31.3064825 ], [ 130.3129356, 31.3064089 ], [ 130.3128897, 31.3062228 ], [ 130.3127583, 31.3058 ], [ 130.3126917, 31.3055075 ], [ 130.3123815, 31.3051916 ], [ 130.3121651, 31.3049562 ], [ 130.3118982, 31.3046589 ], [ 130.3117828, 31.3043926 ], [ 130.3117684, 31.3041139 ], [ 130.311891, 31.3038166 ], [ 130.3120136, 31.3035565 ], [ 130.3121651, 31.3032777 ], [ 130.3122012, 31.3029495 ], [ 130.3121579, 31.3026894 ], [ 130.3120136, 31.3023921 ], [ 130.3117594, 31.3021691 ], [ 130.3116033, 31.3019153 ], [ 130.3113081, 31.3015489 ], [ 130.311197, 31.3014196 ], [ 130.3109873, 31.3011846 ], [ 130.3107364, 31.3009778 ], [ 130.3102686, 31.3007078 ], [ 130.30982, 31.300504 ], [ 130.3095885, 31.300393 ], [ 130.3092669, 31.3001958 ], [ 130.3092196, 31.3001508 ], [ 130.3089583, 31.2999025 ], [ 130.3086701, 31.2995812 ], [ 130.3084356, 31.2992843 ], [ 130.3080531, 31.298775 ], [ 130.3072559, 31.2977539 ], [ 130.3070434, 31.297482 ], [ 130.3065961, 31.2969089 ], [ 130.3058611, 31.2959503 ], [ 130.3057417, 31.2957922 ], [ 130.3056013, 31.2956108 ], [ 130.3054931, 31.2955133 ], [ 130.3051518, 31.2953041 ], [ 130.3047649, 31.2950988 ], [ 130.3043878, 31.2949028 ], [ 130.3042072, 31.2948058 ], [ 130.3029207, 31.2941574 ], [ 130.3028291, 31.2941067 ], [ 130.3027571, 31.2940673 ], [ 130.3026192, 31.2939994 ], [ 130.3022511, 31.293803 ], [ 130.3017663, 31.29356 ], [ 130.3015012, 31.2934234 ], [ 130.3012869, 31.2933117 ], [ 130.3010439, 31.2931818 ], [ 130.3008147, 31.2930675 ], [ 130.3005583, 31.2929394 ], [ 130.299995, 31.2926694 ], [ 130.2997969, 31.2925786 ], [ 130.2996619, 31.2925339 ], [ 130.2995246, 31.2925046 ], [ 130.2986439, 31.2923242 ], [ 130.2978678, 31.2921783 ], [ 130.2973622, 31.2920767 ], [ 130.2969981, 31.2920045 ], [ 130.2968386, 31.2919733 ], [ 130.2967474, 31.2919534 ], [ 130.2964761, 31.2918964 ], [ 130.2955578, 31.2917158 ], [ 130.2953168, 31.2916667 ], [ 130.2948947, 31.2915806 ], [ 130.2939823, 31.2913944 ], [ 130.293011, 31.2912141 ], [ 130.29287, 31.2911936 ], [ 130.2927747, 31.2911747 ], [ 130.2925805, 31.2911175 ], [ 130.2924839, 31.2910681 ], [ 130.2923156, 31.2909322 ], [ 130.2921711, 31.2907967 ], [ 130.2920661, 31.2906333 ], [ 130.2919151, 31.2904255 ], [ 130.2916571, 31.2900318 ], [ 130.2914188, 31.2897268 ], [ 130.2916667, 31.289312 ], [ 130.2920639, 31.288647 ], [ 130.2924709, 31.287946 ], [ 130.2926103, 31.2876533 ], [ 130.2926479, 31.2874033 ], [ 130.2926045, 31.2871607 ], [ 130.2924533, 31.2866755 ], [ 130.292355, 31.2862694 ], [ 130.2923092, 31.285965 ], [ 130.2922828, 31.2855989 ], [ 130.2922761, 31.2847475 ], [ 130.2922635, 31.2845356 ], [ 130.29225, 31.2843583 ], [ 130.2921844, 31.2841272 ], [ 130.2920925, 31.2839072 ], [ 130.2918069, 31.2833333 ], [ 130.2916858, 31.28309 ], [ 130.2916667, 31.2830468 ], [ 130.2915481, 31.2827797 ], [ 130.2914245, 31.2824711 ], [ 130.2912868, 31.2820569 ], [ 130.2911972, 31.2815214 ], [ 130.2911874, 31.2810526 ], [ 130.2912852, 31.280712 ], [ 130.2913874, 31.2805083 ], [ 130.2916749, 31.2800593 ], [ 130.2920272, 31.2792503 ], [ 130.2924084, 31.278514 ], [ 130.292795, 31.2777339 ], [ 130.2928933, 31.2775648 ], [ 130.2930903, 31.2771531 ], [ 130.2931822, 31.2769333 ], [ 130.2931953, 31.2768431 ], [ 130.2931953, 31.27664 ], [ 130.2931428, 31.2764711 ], [ 130.293005, 31.2758958 ], [ 130.2929616, 31.2757335 ], [ 130.2929986, 31.2754956 ], [ 130.2931674, 31.275 ], [ 130.2932806, 31.2746675 ], [ 130.2933521, 31.274494 ], [ 130.2934973, 31.2741479 ], [ 130.2936286, 31.2738605 ], [ 130.2936942, 31.2737197 ], [ 130.2937728, 31.2735376 ], [ 130.2938517, 31.2733813 ], [ 130.2942051, 31.2725707 ], [ 130.2943264, 31.2723161 ], [ 130.2945197, 31.2718651 ], [ 130.294559, 31.271777 ], [ 130.2948503, 31.2711378 ], [ 130.2948874, 31.271052 ], [ 130.2950133, 31.2707486 ], [ 130.2950347, 31.2706845 ], [ 130.2950792, 31.2705739 ], [ 130.2951119, 31.2704553 ], [ 130.2951322, 31.2702896 ], [ 130.295142, 31.2701982 ], [ 130.2951553, 31.2700544 ], [ 130.295158, 31.2697506 ] ] } },
{ "type": "Feature", "properties": { "N12_001": "46", "N12_002": 1, "N12_003": 3, "N12_004": "一般国道226号", "N12_005": 5, "N12_006": 1 }, "geometry": { "type": "LineString", "coordinates": [ [ 130.5035696, 31.4830167 ], [ 130.5034775, 31.4826578 ], [ 130.5033264, 31.4819489 ], [ 130.5031486, 31.4811245 ], [ 130.5030894, 31.480865 ], [ 130.5029589, 31.4803312 ], [ 130.5029364, 31.4802242 ], [ 130.5028558, 31.4798628 ], [ 130.5027361, 31.4793045 ], [ 130.5026042, 31.478721 ], [ 130.5025579, 31.4784478 ], [ 130.5025672, 31.4782723 ], [ 130.50258, 31.478175 ], [ 130.5026067, 31.4780708 ], [ 130.5026778, 31.4779083 ], [ 130.5028258, 31.4776633 ], [ 130.5030104, 31.4773882 ], [ 130.50321, 31.4770809 ], [ 130.503558, 31.4765462 ], [ 130.504046, 31.4758097 ], [ 130.5043189, 31.475413 ], [ 130.5044899, 31.4751709 ], [ 130.504594, 31.475 ], [ 130.5048771, 31.474535 ], [ 130.5057519, 31.4731356 ], [ 130.5058506, 31.4729833 ], [ 130.5062185, 31.4723464 ], [ 130.5068236, 31.4713147 ], [ 130.5070872, 31.4708711 ], [ 130.5071525, 31.4707466 ], [ 130.5073872, 31.4702643 ], [ 130.507555, 31.4699422 ], [ 130.5076961, 31.4696799 ], [ 130.5078078, 31.4693768 ], [ 130.5078778, 31.4691347 ], [ 130.5079411, 31.468947 ], [ 130.5080137, 31.4687718 ], [ 130.5081383, 31.4685183 ], [ 130.5082478, 31.4683461 ], [ 130.5083333, 31.4682467 ], [ 130.5083869, 31.4681845 ], [ 130.5085714, 31.46804 ], [ 130.5087561, 31.467932 ], [ 130.5089222, 31.4678714 ], [ 130.509089, 31.4678278 ], [ 130.5093222, 31.4678278 ], [ 130.5097597, 31.4678617 ], [ 130.5102978, 31.4679245 ], [ 130.5109062, 31.4679997 ], [ 130.5111758, 31.4680242 ], [ 130.5114217, 31.4680347 ], [ 130.5115114, 31.4680214 ], [ 130.5115951, 31.46799 ], [ 130.511697, 31.4679331 ], [ 130.5120444, 31.4677645 ], [ 130.5125297, 31.4675372 ], [ 130.5127322, 31.4674181 ], [ 130.5128567, 31.4673256 ], [ 130.5129334, 31.4672452 ], [ 130.512985, 31.4671403 ], [ 130.5130189, 31.4670267 ], [ 130.5130749, 31.4667099 ], [ 130.5130802, 31.4666203 ], [ 130.5130716, 31.4664677 ], [ 130.5130266, 31.466153 ], [ 130.512874, 31.4654741 ], [ 130.5128126, 31.4652014 ], [ 130.5127072, 31.4649383 ], [ 130.5125957, 31.4646141 ], [ 130.5123192, 31.4638108 ], [ 130.5122536, 31.4635517 ], [ 130.5122411, 31.4634294 ], [ 130.5122403, 31.4633036 ], [ 130.5122598, 31.4631643 ], [ 130.5125889, 31.461595 ], [ 130.5129759, 31.4596376 ], [ 130.5130228, 31.4594081 ], [ 130.5130706, 31.4592058 ], [ 130.5131278, 31.4590247 ], [ 130.5131897, 31.4588578 ], [ 130.51323, 31.4587189 ], [ 130.5132397, 31.4585956 ], [ 130.5132152, 31.4583333 ], [ 130.5132094, 31.4582714 ], [ 130.5132003, 31.4580717 ], [ 130.5132331, 31.4578125 ], [ 130.5133056, 31.4575083 ], [ 130.5133325, 31.4574242 ], [ 130.5133919, 31.4572405 ], [ 130.51345, 31.4570572 ], [ 130.5136472, 31.4565553 ], [ 130.5138497, 31.4561308 ], [ 130.5139314, 31.4559722 ], [ 130.5139892, 31.4558731 ], [ 130.5142258, 31.455445 ], [ 130.5143067, 31.4553119 ], [ 130.5143523, 31.4552366 ], [ 130.5144756, 31.4550333 ], [ 130.5145875, 31.4548362 ], [ 130.5146597, 31.45466 ], [ 130.5146717, 31.4545808 ], [ 130.5146661, 31.4544611 ], [ 130.5146625, 31.4542836 ], [ 130.5146661, 31.4538872 ], [ 130.5147189, 31.4532745 ], [ 130.5147319, 31.4532125 ], [ 130.5147583, 31.4527957 ], [ 130.5147978, 31.4515126 ], [ 130.5148283, 31.4510886 ], [ 130.5148636, 31.4503425 ], [ 130.5148767, 31.450112 ], [ 130.5148888, 31.45 ], [ 130.5148917, 31.4499733 ], [ 130.5149228, 31.4497397 ], [ 130.5149556, 31.449582 ], [ 130.5150214, 31.4494018 ], [ 130.5151023, 31.449228 ], [ 130.5151528, 31.4491197 ], [ 130.5153107, 31.4488206 ], [ 130.5154683, 31.4484997 ], [ 130.5157314, 31.4479811 ], [ 130.5159353, 31.4475639 ], [ 130.5161908, 31.4470178 ], [ 130.5162572, 31.4468819 ], [ 130.5164395, 31.4465869 ], [ 130.5166567, 31.4463165 ], [ 130.5170607, 31.4458702 ], [ 130.5170809, 31.4458478 ], [ 130.517125, 31.4457992 ], [ 130.5173681, 31.4455061 ], [ 130.5175456, 31.4452808 ], [ 130.5177231, 31.444982 ], [ 130.5178344, 31.4447386 ], [ 130.5178822, 31.4445811 ], [ 130.5179072, 31.444452 ], [ 130.5179122, 31.4443425 ], [ 130.5179114, 31.4442472 ], [ 130.5178947, 31.4441461 ], [ 130.5176764, 31.4435042 ], [ 130.5174755, 31.442963 ], [ 130.51737, 31.4426205 ], [ 130.5173078, 31.4423775 ], [ 130.5172781, 31.4422172 ], [ 130.5172689, 31.4421195 ], [ 130.5172728, 31.4420095 ], [ 130.5172831, 31.4419206 ], [ 130.5173089, 31.4418317 ], [ 130.5173716, 31.4416667 ], [ 130.5174263, 31.4415228 ], [ 130.5175214, 31.4412325 ], [ 130.517595, 31.4409514 ], [ 130.5176506, 31.440692 ], [ 130.5176803, 31.4406083 ], [ 130.5177181, 31.4405286 ], [ 130.5179775, 31.4401006 ], [ 130.5180586, 31.4399272 ], [ 130.5181967, 31.439542 ], [ 130.5182228, 31.4394236 ], [ 130.5182425, 31.4392486 ], [ 130.5182536, 31.4390717 ], [ 130.5182494, 31.4389075 ], [ 130.5182123, 31.4386704 ], [ 130.5181611, 31.4384058 ], [ 130.5181122, 31.4381289 ], [ 130.5180986, 31.4379986 ], [ 130.5180919, 31.4378864 ], [ 130.5180908, 31.4378201 ], [ 130.518102, 31.4377472 ], [ 130.5181442, 31.4376364 ], [ 130.5183547, 31.4372475 ], [ 130.51844, 31.4371403 ], [ 130.5186075, 31.4369689 ], [ 130.5187908, 31.4367976 ], [ 130.5189085, 31.4366613 ], [ 130.5191236, 31.4363792 ], [ 130.5195378, 31.4357311 ], [ 130.5196889, 31.4354603 ], [ 130.51986, 31.4351672 ], [ 130.5201219, 31.4348444 ], [ 130.5202742, 31.4346428 ], [ 130.5204924, 31.4343377 ], [ 130.5205779, 31.4342177 ], [ 130.5206947, 31.4340117 ], [ 130.5207475, 31.4338705 ], [ 130.5207606, 31.4336564 ], [ 130.5207081, 31.4333858 ], [ 130.5206951, 31.4333333 ], [ 130.5205958, 31.4329308 ], [ 130.5205683, 31.4328053 ], [ 130.5205464, 31.432647 ], [ 130.5205294, 31.4323333 ], [ 130.5205183, 31.4321269 ], [ 130.5205272, 31.4319622 ], [ 130.5205503, 31.4318411 ], [ 130.5206817, 31.4314408 ], [ 130.5207675, 31.4311803 ], [ 130.5208997, 31.430792 ], [ 130.5210149, 31.4304649 ], [ 130.5212666, 31.4297502 ], [ 130.5213736, 31.4293622 ], [ 130.5215493, 31.4287781 ], [ 130.5216376, 31.4285071 ], [ 130.5217411, 31.4282514 ], [ 130.5218972, 31.4278425 ], [ 130.5221011, 31.4273686 ], [ 130.52222, 31.4270889 ], [ 130.5223557, 31.4267637 ], [ 130.5225094, 31.4263956 ], [ 130.5226144, 31.4260911 ], [ 130.5228314, 31.4255839 ], [ 130.5230881, 31.4250764 ], [ 130.5231385, 31.4249799 ], [ 130.5231881, 31.4248836 ], [ 130.5232944, 31.4246647 ], [ 130.5234059, 31.4244182 ], [ 130.5235036, 31.4241775 ], [ 130.5236009, 31.4239547 ], [ 130.5238075, 31.42344 ], [ 130.5238272, 31.4233675 ], [ 130.5238378, 31.4232767 ], [ 130.5238439, 31.4231589 ], [ 130.52381, 31.422817 ], [ 130.5237714, 31.4225136 ], [ 130.5237256, 31.4222069 ], [ 130.5237058, 31.4220097 ], [ 130.5237122, 31.4218358 ], [ 130.5237328, 31.421615 ], [ 130.523725, 31.4209181 ], [ 130.5237247, 31.4206222 ], [ 130.5237164, 31.4203222 ], [ 130.5237228, 31.4201719 ], [ 130.5237089, 31.4200187 ], [ 130.5236932, 31.4198977 ], [ 130.5236767, 31.4197886 ], [ 130.5236575, 31.4196603 ], [ 130.5236369, 31.4195483 ], [ 130.5236261, 31.4194723 ], [ 130.5236082, 31.4193524 ], [ 130.5235939, 31.4192716 ], [ 130.5235775, 31.419102 ], [ 130.5235725, 31.41893 ], [ 130.523577, 31.4187556 ], [ 130.52358, 31.4187107 ], [ 130.5235909, 31.4186049 ], [ 130.5236236, 31.4184469 ], [ 130.5238536, 31.4172406 ], [ 130.5239747, 31.4166667 ], [ 130.5240308, 31.4164008 ], [ 130.5241689, 31.4157356 ], [ 130.5242344, 31.4154253 ], [ 130.5242433, 31.4153894 ], [ 130.5242875, 31.4152033 ], [ 130.5243017, 31.4151644 ], [ 130.5243233, 31.4151102 ], [ 130.5243472, 31.4150709 ], [ 130.5243592, 31.4150536 ], [ 130.5245564, 31.4148111 ], [ 130.5248389, 31.4144333 ], [ 130.5248703, 31.4143764 ], [ 130.5249278, 31.4142483 ], [ 130.5249833, 31.4140895 ], [ 130.525, 31.4140307 ], [ 130.5250425, 31.4138808 ], [ 130.5251283, 31.4135503 ], [ 130.5251344, 31.4134639 ], [ 130.5251606, 31.413137 ], [ 130.5252133, 31.4128381 ], [ 130.5253117, 31.4121278 ], [ 130.5253444, 31.4119531 ], [ 130.5254561, 31.4116264 ], [ 130.5256533, 31.4111078 ], [ 130.5258175, 31.4107017 ], [ 130.5259161, 31.4104086 ], [ 130.5259524, 31.4102413 ], [ 130.5259946, 31.41006 ], [ 130.5260014, 31.4100425 ], [ 130.5260475, 31.4097661 ], [ 130.5260933, 31.4095295 ], [ 130.5262511, 31.4090895 ], [ 130.5263561, 31.4088414 ], [ 130.5264744, 31.4085934 ], [ 130.5265398, 31.4084851 ], [ 130.5266356, 31.4083588 ], [ 130.5266784, 31.4082949 ], [ 130.5267197, 31.408225 ], [ 130.5267503, 31.4081708 ], [ 130.5269342, 31.4078664 ], [ 130.5269981, 31.40777 ], [ 130.5270982, 31.4076523 ], [ 130.5276369, 31.4070884 ], [ 130.5277486, 31.406987 ], [ 130.5278603, 31.4068967 ], [ 130.5280508, 31.4067897 ], [ 130.5282414, 31.4067503 ], [ 130.5283464, 31.4067392 ], [ 130.528945, 31.4067578 ], [ 130.5290689, 31.4067617 ], [ 130.5291608, 31.4067447 ], [ 130.5292725, 31.4066939 ], [ 130.5293383, 31.4066433 ], [ 130.5294434, 31.406553 ], [ 130.5296865, 31.406226 ], [ 130.529785, 31.4060625 ], [ 130.5298506, 31.4059781 ], [ 130.530159, 31.4056625 ], [ 130.5303036, 31.4055045 ], [ 130.5304079, 31.4053674 ], [ 130.5304481, 31.4052228 ], [ 130.5304428, 31.4050574 ], [ 130.5304544, 31.4049103 ], [ 130.5304981, 31.4045889 ], [ 130.5307008, 31.4035095 ], [ 130.530725, 31.4033927 ], [ 130.5308098, 31.4029621 ], [ 130.5308819, 31.4025903 ], [ 130.531, 31.4020208 ], [ 130.5310339, 31.4018884 ], [ 130.5310592, 31.4017897 ], [ 130.5311103, 31.4016106 ], [ 130.5311367, 31.401525 ], [ 130.5312036, 31.4013897 ], [ 130.5315778, 31.400792 ], [ 130.5317947, 31.4004536 ], [ 130.5318997, 31.4002619 ], [ 130.5319417, 31.4001506 ], [ 130.5319739, 31.4000075 ], [ 130.5319847, 31.3999339 ], [ 130.5319919, 31.399852 ], [ 130.531985, 31.3997097 ], [ 130.5319656, 31.3996028 ], [ 130.5319719, 31.39949 ], [ 130.5319917, 31.3993942 ], [ 130.5321033, 31.3991236 ], [ 130.5322455, 31.3988562 ], [ 130.5324581, 31.3984525 ], [ 130.5331411, 31.3971336 ], [ 130.5331936, 31.3970433 ], [ 130.5333186, 31.3967953 ], [ 130.5334106, 31.3966261 ], [ 130.5335025, 31.3964347 ], [ 130.5337783, 31.39595 ], [ 130.5340411, 31.3955383 ], [ 130.5342191, 31.3952799 ], [ 130.5345469, 31.39489 ], [ 130.5348424, 31.3945233 ], [ 130.5349278, 31.3944336 ], [ 130.5351447, 31.3941742 ], [ 130.5359198, 31.3932925 ], [ 130.536073, 31.3931133 ], [ 130.5361298, 31.3930469 ], [ 130.536244, 31.3929032 ], [ 130.5366158, 31.3924381 ], [ 130.5367736, 31.3922294 ], [ 130.5368853, 31.3920828 ], [ 130.5370819, 31.3917889 ], [ 130.5371254, 31.3917275 ], [ 130.5372457, 31.3915576 ], [ 130.5373781, 31.3913669 ], [ 130.53747, 31.391215 ], [ 130.5375224, 31.391125 ], [ 130.5377359, 31.3907155 ], [ 130.537897, 31.3903354 ], [ 130.5379658, 31.3901327 ], [ 130.5379953, 31.3900422 ], [ 130.5380227, 31.3898628 ], [ 130.5380494, 31.3897119 ], [ 130.5380692, 31.3895631 ], [ 130.5380808, 31.38944 ], [ 130.5380872, 31.3892703 ], [ 130.5380872, 31.3885756 ], [ 130.53808, 31.3884772 ], [ 130.5380586, 31.388264 ], [ 130.5380481, 31.3881595 ], [ 130.5379629, 31.3877127 ], [ 130.5378378, 31.3872295 ], [ 130.5377853, 31.3868575 ], [ 130.5377978, 31.3864209 ], [ 130.5379226, 31.3860953 ], [ 130.5379892, 31.3860092 ], [ 130.5381942, 31.3857828 ], [ 130.5383106, 31.3856508 ], [ 130.5384683, 31.3854762 ], [ 130.5386197, 31.3853014 ], [ 130.5386848, 31.3852282 ], [ 130.5393156, 31.3845181 ], [ 130.5396703, 31.3841064 ], [ 130.5401434, 31.3835766 ], [ 130.5402617, 31.3834133 ], [ 130.5403116, 31.3833333 ], [ 130.5404684, 31.3830891 ], [ 130.5405798, 31.3829165 ], [ 130.5407232, 31.3826822 ], [ 130.5408003, 31.382545 ], [ 130.5411811, 31.3819361 ], [ 130.5413876, 31.381599 ], [ 130.5415304, 31.3813836 ], [ 130.5416672, 31.3811809 ], [ 130.5418839, 31.3809217 ], [ 130.5419892, 31.3808031 ], [ 130.5422514, 31.3804768 ], [ 130.5423892, 31.3803095 ], [ 130.5427472, 31.3798987 ], [ 130.5428771, 31.3797541 ], [ 130.5433094, 31.3792869 ], [ 130.5439858, 31.3786272 ], [ 130.5442677, 31.3783793 ], [ 130.5443699, 31.3782972 ], [ 130.5445091, 31.3781736 ], [ 130.5447289, 31.3779722 ], [ 130.5448858, 31.3778383 ], [ 130.54512, 31.3776259 ], [ 130.5451862, 31.3775548 ], [ 130.5453285, 31.3773859 ], [ 130.545477, 31.3771277 ], [ 130.5455492, 31.3769306 ], [ 130.5455886, 31.37675 ], [ 130.5456083, 31.3766317 ], [ 130.5456675, 31.376237 ], [ 130.5456808, 31.3761386 ], [ 130.5457003, 31.3759358 ], [ 130.5457092, 31.3758622 ], [ 130.5457133, 31.3757806 ], [ 130.5457383, 31.3755993 ], [ 130.5457858, 31.3752508 ], [ 130.5457989, 31.3751945 ], [ 130.5458264, 31.3750057 ], [ 130.5458383, 31.3749236 ], [ 130.5459039, 31.374625 ], [ 130.5459433, 31.3744333 ], [ 130.5460024, 31.374236 ], [ 130.546055, 31.3739933 ], [ 130.5460878, 31.3738808 ], [ 130.5461272, 31.373695 ], [ 130.5461536, 31.3736272 ], [ 130.5462448, 31.373286 ], [ 130.5463035, 31.373068 ], [ 130.5463153, 31.3730331 ], [ 130.5463969, 31.3727808 ], [ 130.5464589, 31.3726264 ], [ 130.5465281, 31.3724264 ], [ 130.5466117, 31.3721594 ], [ 130.5466255, 31.372115 ], [ 130.5466986, 31.3718739 ], [ 130.5468039, 31.3715922 ], [ 130.5468958, 31.3713161 ], [ 130.546955, 31.3710172 ], [ 130.546955, 31.3706225 ], [ 130.5469944, 31.3704647 ], [ 130.5475331, 31.368875 ], [ 130.5477564, 31.3682097 ], [ 130.5478547, 31.3679561 ], [ 130.5479008, 31.3678153 ], [ 130.54817, 31.3670545 ], [ 130.548223, 31.3669187 ], [ 130.5483132, 31.3666667 ], [ 130.5487942, 31.3653235 ], [ 130.5488664, 31.3651206 ], [ 130.5489911, 31.3647825 ], [ 130.5490569, 31.3645908 ], [ 130.5493789, 31.363672 ], [ 130.5494644, 31.3634578 ], [ 130.54953, 31.3632547 ], [ 130.5496681, 31.3628717 ], [ 130.5497994, 31.3624883 ], [ 130.5499294, 31.3621589 ], [ 130.55, 31.3619799 ], [ 130.5500819, 31.3617722 ], [ 130.5503444, 31.3611578 ], [ 130.5510736, 31.3594778 ], [ 130.5512969, 31.3589536 ], [ 130.5515139, 31.3584523 ], [ 130.5515652, 31.3583333 ], [ 130.5517108, 31.3579956 ], [ 130.5519932, 31.3573247 ], [ 130.5523085, 31.3565861 ], [ 130.5527881, 31.3554586 ], [ 130.5532217, 31.3544494 ], [ 130.5535702, 31.3536367 ], [ 130.5539967, 31.3526286 ], [ 130.5542594, 31.3519636 ], [ 130.55466, 31.3508306 ], [ 130.5547389, 31.3505656 ], [ 130.554785, 31.3503175 ], [ 130.5547853, 31.3502683 ], [ 130.5547717, 31.3501221 ], [ 130.5547717, 31.35 ], [ 130.554772, 31.3496074 ], [ 130.5548247, 31.3492747 ], [ 130.5548706, 31.3488744 ], [ 130.5548942, 31.3485553 ], [ 130.5549611, 31.3482414 ], [ 130.5550544, 31.3479611 ], [ 130.5550995, 31.347853 ], [ 130.5552011, 31.3476867 ], [ 130.555315, 31.3474961 ], [ 130.5553935, 31.3473532 ], [ 130.5554543, 31.3472007 ], [ 130.5554822, 31.347147 ], [ 130.5555549, 31.3469779 ], [ 130.5556214, 31.3467712 ], [ 130.5556318, 31.3467304 ], [ 130.5556732, 31.3465375 ], [ 130.5557254, 31.3463113 ], [ 130.5558472, 31.3458568 ], [ 130.5559395, 31.3456065 ], [ 130.5559736, 31.3455468 ], [ 130.5560327, 31.3454528 ], [ 130.5561314, 31.3453155 ], [ 130.5566572, 31.3445848 ], [ 130.5572418, 31.3437675 ], [ 130.5575178, 31.343395 ], [ 130.5576819, 31.343147 ], [ 130.5577806, 31.3429725 ], [ 130.5578856, 31.3427244 ], [ 130.5579213, 31.3426363 ], [ 130.557938, 31.3425948 ], [ 130.5580103, 31.3424142 ], [ 130.5581352, 31.3420479 ], [ 130.5583296, 31.34149 ], [ 130.5583476, 31.3414382 ], [ 130.5584044, 31.3412756 ], [ 130.5590153, 31.3395506 ], [ 130.5590361, 31.3394797 ], [ 130.5591008, 31.3392575 ], [ 130.5593178, 31.3386317 ], [ 130.5594886, 31.3381525 ], [ 130.5595411, 31.3379553 ], [ 130.5595675, 31.3378933 ], [ 130.5597053, 31.3374817 ], [ 130.5599142, 31.3368503 ], [ 130.5600208, 31.3364445 ], [ 130.5606706, 31.3344375 ], [ 130.5607756, 31.3341386 ], [ 130.5607886, 31.3340292 ], [ 130.5607933, 31.3339539 ], [ 130.5607886, 31.3337328 ], [ 130.5607494, 31.3334453 ], [ 130.5607494, 31.3333664 ], [ 130.5607455, 31.3333333 ], [ 130.5606699, 31.3326958 ], [ 130.5606575, 31.3325939 ], [ 130.5606969, 31.3323742 ], [ 130.5609704, 31.3314178 ], [ 130.5610717, 31.3310628 ], [ 130.5612125, 31.3306044 ], [ 130.5613725, 31.3300636 ], [ 130.5614842, 31.3296906 ], [ 130.5615497, 31.3294256 ], [ 130.5616942, 31.3289408 ], [ 130.5617925, 31.3287381 ], [ 130.562016, 31.3285304 ], [ 130.5620829, 31.3284821 ], [ 130.5626131, 31.328005 ], [ 130.5627412, 31.32785 ], [ 130.5627903, 31.3277908 ], [ 130.5629344, 31.3275708 ], [ 130.5632167, 31.3269845 ], [ 130.5634136, 31.3265392 ], [ 130.5634267, 31.3264828 ], [ 130.5635253, 31.3262178 ], [ 130.5635778, 31.3260655 ], [ 130.5636631, 31.3258514 ], [ 130.5636892, 31.325767 ], [ 130.5638008, 31.3255075 ], [ 130.5638467, 31.3253608 ], [ 130.5640098, 31.3249212 ], [ 130.5641814, 31.3244589 ], [ 130.5643586, 31.3237372 ], [ 130.5643917, 31.3235286 ], [ 130.5644375, 31.3232578 ], [ 130.5644647, 31.3231375 ], [ 130.5644936, 31.3230144 ], [ 130.5645753, 31.3226831 ], [ 130.5646933, 31.3222375 ], [ 130.5648378, 31.3218825 ], [ 130.5650083, 31.3215103 ], [ 130.5651528, 31.3212003 ], [ 130.5654614, 31.3205292 ], [ 130.565565, 31.3203278 ], [ 130.5656911, 31.3201289 ], [ 130.5657239, 31.3200669 ], [ 130.5659811, 31.3196907 ], [ 130.5662306, 31.3193718 ], [ 130.5662944, 31.3192896 ], [ 130.5666663, 31.3188303 ], [ 130.5667147, 31.3187703 ], [ 130.5670036, 31.3183645 ], [ 130.5675161, 31.3177228 ], [ 130.5676469, 31.3175806 ], [ 130.5677256, 31.3175017 ], [ 130.5678631, 31.3173497 ], [ 130.5680406, 31.3171633 ], [ 130.5681783, 31.3170169 ], [ 130.5683687, 31.3167253 ], [ 130.5684214, 31.3166447 ], [ 130.5686098, 31.3162875 ], [ 130.5689003, 31.315737 ], [ 130.5690317, 31.31554 ], [ 130.56955, 31.3149536 ], [ 130.5699074, 31.3145528 ], [ 130.5701081, 31.3143277 ], [ 130.5708364, 31.3135103 ], [ 130.5711617, 31.3131317 ], [ 130.5712433, 31.3130367 ], [ 130.5719392, 31.3122417 ], [ 130.5721229, 31.312061 ], [ 130.5725416, 31.3116729 ], [ 130.5730483, 31.3112156 ], [ 130.5732189, 31.3110464 ], [ 130.5739342, 31.3103925 ], [ 130.574143, 31.310232 ], [ 130.5743106, 31.3101034 ], [ 130.5744394, 31.3100092 ], [ 130.5747742, 31.3097497 ], [ 130.5749514, 31.30962 ], [ 130.575, 31.3095831 ], [ 130.5751218, 31.3094906 ], [ 130.575548, 31.3091752 ], [ 130.5757719, 31.3090056 ], [ 130.5759492, 31.3088814 ], [ 130.5760542, 31.3088139 ], [ 130.5762117, 31.3087067 ], [ 130.5763692, 31.3086053 ], [ 130.5765267, 31.3085092 ], [ 130.5768062, 31.3083333 ], [ 130.5769925, 31.3082161 ], [ 130.5773339, 31.3079961 ], [ 130.5776647, 31.3078028 ], [ 130.5780361, 31.3075847 ], [ 130.5782067, 31.3074775 ], [ 130.5783933, 31.3073658 ], [ 130.5784558, 31.3073253 ], [ 130.5785675, 31.3072575 ], [ 130.578718, 31.3071564 ], [ 130.57904, 31.3069478 ], [ 130.5790893, 31.3069126 ], [ 130.5791975, 31.306835 ], [ 130.5794008, 31.3067053 ], [ 130.5797128, 31.3065155 ], [ 130.579915, 31.3063925 ], [ 130.5803219, 31.3061345 ], [ 130.5811269, 31.3056847 ], [ 130.5814028, 31.3055439 ], [ 130.5816981, 31.3054142 ], [ 130.5819736, 31.3052845 ], [ 130.5823016, 31.3051379 ], [ 130.5823939, 31.3050982 ], [ 130.5825644, 31.305025 ], [ 130.5827219, 31.3049461 ], [ 130.5833333, 31.3046644 ], [ 130.5836276, 31.3045288 ], [ 130.5838508, 31.304433 ], [ 130.583987, 31.3043671 ], [ 130.5841144, 31.3043008 ], [ 130.5850319, 31.3038411 ], [ 130.5852422, 31.3037508 ], [ 130.5856828, 31.3035853 ], [ 130.5864625, 31.303362 ], [ 130.5870064, 31.303193 ], [ 130.5876242, 31.3029953 ], [ 130.5877835, 31.3029474 ], [ 130.5879509, 31.3029 ], [ 130.5880535, 31.3028721 ], [ 130.5881273, 31.3028472 ], [ 130.5881973, 31.3028208 ], [ 130.5882613, 31.3027907 ], [ 130.5883337, 31.3027475 ], [ 130.5884301, 31.3026923 ], [ 130.5887264, 31.3024692 ], [ 130.5889422, 31.3022908 ], [ 130.5891294, 31.3021281 ], [ 130.5894676, 31.3017987 ], [ 130.5896697, 31.3015761 ], [ 130.5897728, 31.301457 ], [ 130.5898667, 31.3013462 ], [ 130.5900074, 31.3011732 ], [ 130.5903289, 31.300823 ], [ 130.5905338, 31.3006125 ], [ 130.5911153, 31.3 ], [ 130.5912469, 31.2998608 ], [ 130.5913707, 31.2997056 ], [ 130.5914569, 31.2995675 ], [ 130.5915031, 31.2994831 ], [ 130.5916667, 31.2992249 ], [ 130.5917458, 31.2991 ], [ 130.5917983, 31.2989872 ], [ 130.5919953, 31.2986095 ], [ 130.5920142, 31.2985444 ], [ 130.5920478, 31.2984289 ], [ 130.5921331, 31.2979722 ], [ 130.5921658, 31.2977355 ], [ 130.5921922, 31.2975833 ], [ 130.5922578, 31.297335 ], [ 130.5922839, 31.2972561 ], [ 130.5924462, 31.2968684 ], [ 130.592586, 31.2966857 ], [ 130.5927089, 31.2965681 ], [ 130.5928483, 31.2964725 ], [ 130.5934925, 31.2960094 ], [ 130.5937017, 31.2958414 ], [ 130.5938853, 31.2956439 ], [ 130.5940561, 31.2954128 ], [ 130.5941544, 31.2951758 ], [ 130.5942069, 31.2949222 ], [ 130.5942136, 31.294467 ], [ 130.5942333, 31.293761 ], [ 130.5942725, 31.2935972 ], [ 130.5944694, 31.2932533 ], [ 130.5947781, 31.2928811 ], [ 130.5952161, 31.2925546 ], [ 130.5954211, 31.2924531 ], [ 130.595815, 31.2923458 ], [ 130.5970158, 31.2921822 ], [ 130.5974223, 31.2920865 ], [ 130.5978691, 31.2918976 ], [ 130.5983298, 31.2916667 ], [ 130.5991092, 31.2912181 ], [ 130.5996605, 31.2909531 ], [ 130.5999167, 31.2908631 ], [ 130.5999189, 31.2908627 ], [ 130.6003103, 31.2907897 ], [ 130.6009715, 31.290711 ], [ 130.6012031, 31.290705 ], [ 130.6014194, 31.2906995 ], [ 130.6023906, 31.290542 ], [ 130.6045892, 31.2900061 ], [ 130.6048781, 31.2899556 ], [ 130.6068504, 31.2898084 ], [ 130.6072291, 31.289669 ], [ 130.6074141, 31.2895638 ], [ 130.6077228, 31.2893414 ], [ 130.6078492, 31.2891911 ], [ 130.6080378, 31.2888592 ], [ 130.6082178, 31.2884214 ], [ 130.6083333, 31.2880617 ], [ 130.6083972, 31.2877222 ], [ 130.6085334, 31.2873452 ], [ 130.6086581, 31.2871197 ], [ 130.6088286, 31.2867645 ], [ 130.6089206, 31.2865389 ], [ 130.6089992, 31.2862569 ], [ 130.6090453, 31.2860089 ], [ 130.6090583, 31.2856653 ], [ 130.6090721, 31.2847552 ], [ 130.6091181, 31.2844897 ], [ 130.609275, 31.2842106 ], [ 130.60938, 31.2840528 ], [ 130.6094914, 31.2839344 ], [ 130.6095901, 31.2838497 ], [ 130.6097278, 31.2837483 ], [ 130.6098786, 31.2836187 ], [ 130.6098866, 31.28361 ], [ 130.610141, 31.2833312 ], [ 130.6102724, 31.2832081 ], [ 130.6105614, 31.2829367 ], [ 130.6107844, 31.2827731 ], [ 130.61106, 31.2825983 ], [ 130.6112963, 31.282497 ], [ 130.6117756, 31.2823278 ], [ 130.6120838, 31.2821874 ], [ 130.6125432, 31.2818821 ], [ 130.6129433, 31.2816456 ], [ 130.6134028, 31.2813692 ], [ 130.6139157, 31.2810789 ], [ 130.6146039, 31.2805575 ], [ 130.6147944, 31.2804449 ], [ 130.6152126, 31.2801835 ], [ 130.6155569, 31.2799561 ], [ 130.6157653, 31.2797908 ], [ 130.615995, 31.2795539 ], [ 130.6164583, 31.2790067 ], [ 130.6170714, 31.2782914 ], [ 130.617553, 31.2778118 ], [ 130.618143, 31.2772909 ], [ 130.6199348, 31.276064 ], [ 130.6201822, 31.2759461 ], [ 130.6209227, 31.2755294 ], [ 130.6224592, 31.2746661 ], [ 130.6227283, 31.2745303 ], [ 130.6231735, 31.2742244 ], [ 130.6236603, 31.2737856 ], [ 130.6237783, 31.2735431 ], [ 130.6238506, 31.2732106 ], [ 130.6241261, 31.2711417 ], [ 130.6241782, 31.2708638 ], [ 130.6243031, 31.2699136 ], [ 130.6243298, 31.2695684 ], [ 130.6243625, 31.2693267 ], [ 130.6244411, 31.2690447 ], [ 130.6245789, 31.2687853 ], [ 130.6252026, 31.2678323 ], [ 130.6255597, 31.266902 ], [ 130.6257306, 31.2664217 ], [ 130.6259086, 31.2658239 ], [ 130.6260294, 31.2654706 ], [ 130.6261761, 31.265067 ], [ 130.6262722, 31.2648167 ], [ 130.6265939, 31.2639656 ], [ 130.6268497, 31.2634131 ], [ 130.6269614, 31.2630861 ], [ 130.6270141, 31.262861 ], [ 130.6271192, 31.2624658 ], [ 130.6271847, 31.2618122 ], [ 130.6274208, 31.2607917 ], [ 130.6275653, 31.2600192 ], [ 130.6276506, 31.259788 ], [ 130.6279853, 31.2585931 ], [ 130.6284186, 31.2576517 ], [ 130.6285746, 31.2574127 ], [ 130.6287271, 31.2563094 ], [ 130.6290353, 31.2551431 ], [ 130.6290617, 31.2549737 ], [ 130.6291569, 31.2533775 ], [ 130.6291726, 31.2526988 ], [ 130.629263, 31.2525655 ], [ 130.6295057, 31.2524302 ], [ 130.6301613, 31.2520159 ], [ 130.6302841, 31.2518882 ], [ 130.630478, 31.2516273 ], [ 130.630814, 31.2511998 ] ] } },
{ "type": "Feature", "properties": { "N12_001": "46", "N12_002": 1, "N12_003": 3, "N12_004": "一般国道268号", "N12_005": 6, "N12_006": 1 }, "geometry": { "type": "LineString", "coordinates": [ [ 130.7187221, 31.953286 ], [ 130.718225, 31.9531512 ], [ 130.7180696, 31.9531087 ], [ 130.7178742, 31.9530553 ], [ 130.7174842, 31.9530553 ], [ 130.7172989, 31.9530553 ], [ 130.7171362, 31.9530878 ], [ 130.7166667, 31.9531641 ], [ 130.7158255, 31.9532928 ], [ 130.7153734, 31.9533739 ], [ 130.7141664, 31.9535906 ], [ 130.7134363, 31.9537195 ], [ 130.7129539, 31.9538023 ], [ 130.712838, 31.9538217 ], [ 130.7126728, 31.9538669 ], [ 130.7123489, 31.953985 ], [ 130.7123279, 31.9539958 ], [ 130.7119592, 31.9541428 ], [ 130.7117278, 31.9542386 ], [ 130.7111095, 31.954505 ], [ 130.7101992, 31.9548913 ], [ 130.7089457, 31.9554533 ], [ 130.708575, 31.9556139 ], [ 130.7083333, 31.9557228 ], [ 130.7077622, 31.9559803 ], [ 130.7076367, 31.9560536 ], [ 130.7074517, 31.9562453 ], [ 130.7069163, 31.9568653 ], [ 130.7059381, 31.9580828 ], [ 130.7057384, 31.9583333 ], [ 130.7042277, 31.9602288 ], [ 130.7038561, 31.9606928 ], [ 130.7036181, 31.9609803 ], [ 130.7033736, 31.9612453 ], [ 130.7031819, 31.9614145 ], [ 130.7029439, 31.9615553 ], [ 130.7028365, 31.9616103 ], [ 130.702415, 31.9617978 ], [ 130.7014456, 31.9622583 ], [ 130.7007892, 31.96257 ], [ 130.7, 31.9629256 ], [ 130.6997517, 31.9630375 ], [ 130.6989122, 31.9633758 ], [ 130.697962, 31.963776 ], [ 130.6968965, 31.9642354 ], [ 130.6966938, 31.964322 ], [ 130.6955346, 31.9648189 ], [ 130.6947814, 31.9651797 ], [ 130.6943847, 31.9653939 ], [ 130.694115, 31.9655642 ], [ 130.6938368, 31.9657462 ], [ 130.6936514, 31.9658675 ], [ 130.6930553, 31.9662868 ], [ 130.6925537, 31.9666667 ], [ 130.6923047, 31.9668555 ], [ 130.6919527, 31.9671187 ], [ 130.6917281, 31.9673158 ], [ 130.6916667, 31.9673962 ], [ 130.691518, 31.9675909 ], [ 130.6914439, 31.9677556 ], [ 130.6913844, 31.96797 ], [ 130.6912058, 31.9687761 ], [ 130.6911067, 31.9691764 ], [ 130.6910927, 31.9692229 ], [ 130.6909614, 31.9696611 ], [ 130.6909288, 31.9697458 ], [ 130.6908749, 31.9698868 ], [ 130.6907758, 31.9700783 ], [ 130.6906306, 31.9702981 ], [ 130.6904191, 31.9705348 ], [ 130.6904028, 31.9705486 ], [ 130.6902472, 31.9706812 ], [ 130.68997, 31.9708728 ], [ 130.6897583, 31.9710025 ], [ 130.6886533, 31.9715725 ], [ 130.6883042, 31.9717522 ], [ 130.6871211, 31.9723839 ], [ 130.6871014, 31.9724064 ], [ 130.6869459, 31.9724723 ], [ 130.6869031, 31.9724906 ], [ 130.686837, 31.9725414 ], [ 130.6861892, 31.9729247 ], [ 130.6858917, 31.9731558 ], [ 130.6858322, 31.9732122 ], [ 130.6855547, 31.9734883 ], [ 130.6854772, 31.9735741 ], [ 130.6852442, 31.9738322 ], [ 130.6851407, 31.9739568 ], [ 130.6850391, 31.9740579 ], [ 130.6846164, 31.9745311 ], [ 130.6841719, 31.975 ], [ 130.6838361, 31.9753542 ], [ 130.6837239, 31.9754614 ], [ 130.6834145, 31.9756897 ], [ 130.6833638, 31.9757175 ], [ 130.6831386, 31.9758407 ], [ 130.6830694, 31.9758783 ], [ 130.6811725, 31.976837 ], [ 130.6804389, 31.9772031 ], [ 130.6801543, 31.9773497 ], [ 130.6795737, 31.97764 ], [ 130.6794672, 31.9776933 ], [ 130.6793431, 31.9777613 ], [ 130.6790972, 31.977885 ], [ 130.677445, 31.9787308 ], [ 130.6772136, 31.9788661 ], [ 130.6765264, 31.9794014 ], [ 130.6761291, 31.9796828 ], [ 130.6760042, 31.9797678 ], [ 130.6754489, 31.9802245 ], [ 130.675, 31.9806102 ], [ 130.6745369, 31.9810081 ], [ 130.6744575, 31.9811208 ], [ 130.6742989, 31.9814531 ], [ 130.6742461, 31.9816167 ], [ 130.67416, 31.982045 ], [ 130.6740278, 31.9825524 ], [ 130.67375, 31.9832175 ], [ 130.6737211, 31.983276 ], [ 130.6736244, 31.9834714 ], [ 130.6734328, 31.9839111 ], [ 130.673371, 31.9840517 ], [ 130.673344, 31.9841015 ], [ 130.6733074, 31.9841778 ], [ 130.6731994, 31.9844023 ], [ 130.6731022, 31.9846032 ], [ 130.6730481, 31.9846956 ], [ 130.6729561, 31.9848204 ], [ 130.6728433, 31.9849352 ], [ 130.6726536, 31.9850827 ], [ 130.6721657, 31.9855239 ], [ 130.6715077, 31.9861544 ], [ 130.6714961, 31.9867236 ], [ 130.6715292, 31.9870675 ], [ 130.6715492, 31.9872647 ], [ 130.6715492, 31.9876989 ], [ 130.6715161, 31.9879186 ], [ 130.6714564, 31.9881161 ], [ 130.6713839, 31.9882739 ], [ 130.6712714, 31.9884317 ], [ 130.6711261, 31.9885953 ], [ 130.6709144, 31.988787 ], [ 130.6706767, 31.9889731 ], [ 130.6700619, 31.9894292 ], [ 130.6698439, 31.9896208 ], [ 130.6694933, 31.9899986 ], [ 130.6692886, 31.990292 ], [ 130.6691894, 31.9905003 ], [ 130.6691167, 31.9907033 ], [ 130.6690769, 31.9908725 ], [ 130.6690506, 31.9910867 ], [ 130.6690506, 31.9915261 ], [ 130.6690588, 31.9916667 ], [ 130.6690681, 31.9918252 ], [ 130.6690744, 31.9919364 ], [ 130.66911, 31.9925467 ], [ 130.6691431, 31.9929581 ], [ 130.6691431, 31.9935783 ], [ 130.6688722, 31.9952072 ], [ 130.668734, 31.996267 ], [ 130.6687003, 31.9965433 ], [ 130.6685219, 31.9974845 ], [ 130.6683764, 31.9984711 ], [ 130.6682836, 31.9990008 ], [ 130.6681355, 32.0 ], [ 130.6680886, 32.0002943 ], [ 130.6680409, 32.0005392 ], [ 130.6679655, 32.0007859 ], [ 130.6678486, 32.0010936 ], [ 130.667679, 32.0014365 ], [ 130.6676028, 32.00156 ], [ 130.6673715, 32.0018926 ], [ 130.6671797, 32.0021347 ], [ 130.6669817, 32.0023489 ], [ 130.6666864, 32.0025905 ], [ 130.6665917, 32.0026478 ], [ 130.6662044, 32.0029147 ], [ 130.6656203, 32.0032736 ], [ 130.6653189, 32.0034483 ], [ 130.6648342, 32.0037189 ], [ 130.664305, 32.0040006 ], [ 130.6637316, 32.0043081 ], [ 130.6626047, 32.0049136 ], [ 130.6621356, 32.0051727 ], [ 130.6610697, 32.0057478 ], [ 130.6607192, 32.0059733 ], [ 130.6605139, 32.0061311 ], [ 130.6603022, 32.0063397 ], [ 130.6601106, 32.0065819 ], [ 130.6600047, 32.0067511 ], [ 130.6599253, 32.0069258 ], [ 130.6597664, 32.0074556 ], [ 130.6596621, 32.0077965 ], [ 130.6595095, 32.0083333 ], [ 130.6591642, 32.0095477 ], [ 130.6590717, 32.0098736 ], [ 130.6588269, 32.0107022 ], [ 130.6585956, 32.0115195 ], [ 130.658489, 32.0118706 ], [ 130.6583333, 32.0124096 ], [ 130.6581786, 32.0129456 ], [ 130.6579933, 32.0133795 ], [ 130.6578281, 32.0136839 ], [ 130.6576207, 32.0139971 ], [ 130.6575633, 32.0140839 ], [ 130.6572656, 32.0144503 ], [ 130.6567952, 32.0149921 ], [ 130.6558894, 32.0160342 ], [ 130.6553181, 32.0166667 ], [ 130.6551156, 32.0168908 ], [ 130.6548508, 32.0172008 ], [ 130.6545664, 32.0175167 ], [ 130.654317, 32.0178135 ], [ 130.6539312, 32.0182097 ], [ 130.6532826, 32.018796 ], [ 130.6527272, 32.0192525 ], [ 130.6519268, 32.0198665 ], [ 130.6516819, 32.0200697 ], [ 130.6514767, 32.0202783 ], [ 130.6514306, 32.0203458 ], [ 130.6512981, 32.0205658 ], [ 130.6511922, 32.0207911 ], [ 130.6510467, 32.0212083 ], [ 130.6509939, 32.0214842 ], [ 130.6509608, 32.0218395 ], [ 130.6509475, 32.0222736 ], [ 130.6509278, 32.0226736 ], [ 130.650868, 32.023108 ], [ 130.6507709, 32.0235714 ], [ 130.6507426, 32.0236789 ], [ 130.6506828, 32.023863 ], [ 130.6505962, 32.024044 ], [ 130.6504065, 32.0243723 ], [ 130.6502462, 32.024584 ], [ 130.6501382, 32.0247134 ], [ 130.6499594, 32.0248922 ], [ 130.6498942, 32.0249516 ], [ 130.6497533, 32.0250791 ], [ 130.6495528, 32.0252256 ], [ 130.6493394, 32.0253755 ], [ 130.6490619, 32.0255488 ], [ 130.6488993, 32.0256542 ], [ 130.6486419, 32.0257785 ], [ 130.6484503, 32.0258526 ], [ 130.6481945, 32.0259508 ], [ 130.6479198, 32.0260349 ], [ 130.6474605, 32.026125 ], [ 130.6471452, 32.0261525 ], [ 130.6464729, 32.0261591 ], [ 130.6460934, 32.0261268 ], [ 130.645722, 32.0260766 ], [ 130.6454026, 32.0259978 ], [ 130.6452216, 32.0259473 ], [ 130.6451456, 32.0259258 ], [ 130.6447486, 32.0257847 ], [ 130.6444311, 32.0257003 ], [ 130.6442671, 32.0256622 ], [ 130.6440145, 32.0256088 ], [ 130.6437567, 32.0255595 ], [ 130.6431742, 32.0254578 ], [ 130.6428355, 32.025447 ], [ 130.6426103, 32.0254682 ], [ 130.6423906, 32.0255097 ], [ 130.6421381, 32.0255615 ], [ 130.6419755, 32.025591 ], [ 130.6416533, 32.0256963 ], [ 130.641297, 32.0258394 ], [ 130.6411281, 32.0259091 ], [ 130.6405935, 32.0261899 ], [ 130.6395006, 32.0268152 ], [ 130.6391379, 32.0270308 ], [ 130.6386207, 32.0273301 ], [ 130.6375373, 32.0279604 ], [ 130.6370186, 32.0282674 ], [ 130.6364196, 32.0286075 ], [ 130.6360614, 32.0288146 ], [ 130.6357494, 32.0290003 ], [ 130.6352236, 32.0293305 ], [ 130.63496, 32.0295385 ], [ 130.6347314, 32.0298169 ], [ 130.634311, 32.0303181 ], [ 130.6343356, 32.0306714 ], [ 130.6343489, 32.0307767 ], [ 130.6343571, 32.0309912 ], [ 130.6343886, 32.0312405 ], [ 130.634415, 32.0314433 ], [ 130.6345745, 32.0322161 ], [ 130.6346145, 32.0324129 ], [ 130.6346383, 32.0325947 ], [ 130.6346478, 32.032732 ], [ 130.6346408, 32.0328289 ], [ 130.6346169, 32.0329906 ], [ 130.6345793, 32.033142 ], [ 130.6345579, 32.0332199 ], [ 130.6345218, 32.0333333 ], [ 130.6344811, 32.0334614 ], [ 130.6342694, 32.0338278 ], [ 130.634058, 32.03416 ], [ 130.6338859, 32.0344113 ], [ 130.6338592, 32.0344502 ], [ 130.6336475, 32.0347578 ], [ 130.6335013, 32.034983 ], [ 130.6334486, 32.0350611 ], [ 130.6333333, 32.0352253 ], [ 130.6330125, 32.0356822 ], [ 130.6328522, 32.0358334 ], [ 130.6327741, 32.0359024 ], [ 130.6326996, 32.0359689 ], [ 130.6323879, 32.036185 ], [ 130.6320487, 32.0364069 ], [ 130.6318489, 32.036527 ], [ 130.6316907, 32.0366249 ], [ 130.6316561, 32.0366458 ], [ 130.6315769, 32.0366911 ], [ 130.6311734, 32.0369108 ], [ 130.6307373, 32.0371906 ], [ 130.6303771, 32.0374485 ], [ 130.6298537, 32.0378212 ], [ 130.6293053, 32.0382086 ], [ 130.6287245, 32.0386217 ], [ 130.6284054, 32.0388792 ], [ 130.6281767, 32.0391089 ], [ 130.6278781, 32.0394661 ], [ 130.6278415, 32.0395171 ], [ 130.6277414, 32.0396667 ], [ 130.6277273, 32.0396878 ], [ 130.6274619, 32.0400842 ], [ 130.6271842, 32.0405408 ], [ 130.627151, 32.0405961 ], [ 130.6267211, 32.0413128 ], [ 130.62653, 32.0416664 ], [ 130.6264714, 32.0417883 ], [ 130.6263951, 32.0419668 ], [ 130.6263714, 32.0420647 ], [ 130.62637, 32.0422155 ], [ 130.6263962, 32.0423802 ], [ 130.6264564, 32.04266 ], [ 130.6265292, 32.0428856 ], [ 130.6266086, 32.0432014 ], [ 130.6266283, 32.0433817 ], [ 130.6266283, 32.0435733 ], [ 130.6265425, 32.0438384 ], [ 130.62647, 32.0440022 ], [ 130.6261561, 32.044537 ], [ 130.6261514, 32.044545 ], [ 130.6260159, 32.04478 ], [ 130.6258804, 32.0449717 ], [ 130.6256878, 32.0452524 ], [ 130.6255018, 32.0455969 ], [ 130.6253264, 32.0459769 ], [ 130.6252327, 32.0462186 ], [ 130.6251483, 32.0464675 ], [ 130.6250552, 32.0467274 ], [ 130.625, 32.046888 ], [ 130.6246436, 32.0479247 ], [ 130.6245708, 32.048122 ], [ 130.6243274, 32.048834 ], [ 130.6241275, 32.0494125 ], [ 130.6240814, 32.0495478 ], [ 130.6238631, 32.0499031 ], [ 130.623714, 32.0500878 ], [ 130.6234057, 32.0504404 ], [ 130.6230804, 32.0507963 ], [ 130.6229339, 32.0509615 ], [ 130.6227704, 32.051175 ], [ 130.6226986, 32.0512789 ], [ 130.622515, 32.0515522 ], [ 130.6220249, 32.052086 ], [ 130.6215475, 32.0526231 ], [ 130.6201978, 32.054117 ], [ 130.6194832, 32.0549161 ], [ 130.6193542, 32.0550453 ], [ 130.6190883, 32.0553061 ], [ 130.6190044, 32.055407 ], [ 130.6187023, 32.0556097 ], [ 130.6179974, 32.0557656 ], [ 130.6166667, 32.0560918 ], [ 130.6163081, 32.0561914 ], [ 130.6161294, 32.0562533 ], [ 130.6158053, 32.0563381 ], [ 130.6157542, 32.0563536 ], [ 130.6156097, 32.0564011 ], [ 130.6155272, 32.0564167 ], [ 130.6151701, 32.0564336 ], [ 130.6145945, 32.0563939 ], [ 130.6144689, 32.0563772 ], [ 130.6141247, 32.0563489 ], [ 130.6137824, 32.0563138 ], [ 130.6133442, 32.05627 ], [ 130.6130134, 32.0562136 ], [ 130.6128018, 32.0561572 ] ] } },
{ "type": "Feature", "properties": { "N12_001": "46", "N12_002": 1, "N12_003": 4, "N12_004": "鹿児島県道栗野加治木線", "N12_005": 7, "N12_006": 1 }, "geometry": { "type": "LineString", "coordinates": [ [ 130.7187221, 31.953286 ], [ 130.7192261, 31.9519415 ], [ 130.7194531, 31.950951 ], [ 130.7193942, 31.9508006 ], [ 130.7186869, 31.9500283 ], [ 130.7185944, 31.9499495 ], [ 130.7183925, 31.9498132 ], [ 130.718033, 31.9496675 ], [ 130.7177753, 31.9495942 ], [ 130.7168303, 31.9493824 ], [ 130.7167054, 31.9493573 ] ] } },
{ "type": "Feature", "properties": { "N12_001": "46", "N12_002": 1, "N12_003": 4, "N12_004": "鹿児島県道志布志福山線", "N12_005": 8, "N12_006": 1 }, "geometry": { "type": "LineString", "coordinates": [ [ 131.0855117, 31.4915863 ], [ 131.0873859, 31.4909117 ], [ 131.0884807, 31.4905565 ], [ 131.0893682, 31.4902456 ], [ 131.0901715, 31.4899902 ], [ 131.0906509, 31.4895461 ], [ 131.0911939, 31.4890033 ], [ 131.0914226, 31.4887906 ], [ 131.0916596, 31.4885694 ], [ 131.0919699, 31.4882516 ], [ 131.0920283, 31.4881917 ], [ 131.0924822, 31.4876907 ], [ 131.0928133, 31.4873142 ], [ 131.0928994, 31.4872053 ], [ 131.0930089, 31.4870456 ], [ 131.0937506, 31.4860047 ], [ 131.0940007, 31.4856157 ], [ 131.0942145, 31.4852259 ], [ 131.094423, 31.48485 ], [ 131.094469, 31.4847674 ], [ 131.0946103, 31.4845396 ], [ 131.0947582, 31.4842978 ], [ 131.0948521, 31.4841419 ], [ 131.0949075, 31.4840154 ], [ 131.0949536, 31.4838858 ], [ 131.0950969, 31.4835745 ], [ 131.0954099, 31.4828739 ], [ 131.0954767, 31.482792 ], [ 131.0955492, 31.4827478 ], [ 131.0959458, 31.4826483 ], [ 131.0968398, 31.482364 ], [ 131.0976222, 31.482127 ], [ 131.0977756, 31.4820775 ], [ 131.0979647, 31.4820033 ], [ 131.0982742, 31.4818706 ], [ 131.0984736, 31.4817686 ], [ 131.0986536, 31.4816528 ], [ 131.0987658, 31.4815692 ], [ 131.0989686, 31.4813811 ], [ 131.0991342, 31.4811603 ], [ 131.0994033, 31.4806956 ], [ 131.0995544, 31.4805097 ], [ 131.0998372, 31.4802278 ], [ 131.0999361, 31.4801353 ], [ 131.1, 31.4800847 ], [ 131.1002256, 31.4799061 ], [ 131.1003433, 31.4798345 ], [ 131.1006786, 31.4796358 ], [ 131.1008483, 31.4795189 ], [ 131.1009731, 31.4793997 ], [ 131.1010372, 31.4793081 ], [ 131.1010858, 31.4792211 ], [ 131.1013161, 31.4787681 ], [ 131.1013761, 31.4786706 ], [ 131.1014608, 31.4785989 ], [ 131.1015364, 31.4785475 ], [ 131.1019025, 31.4783945 ], [ 131.1019867, 31.4783283 ], [ 131.1020478, 31.4782453 ], [ 131.1021444, 31.4780072 ], [ 131.1028295, 31.4767663 ], [ 131.1030929, 31.476191 ] ] } },
{ "type": "Feature", "properties": { "N12_001": "46", "N12_002": 1, "N12_003": 4, "N12_004": "鹿児島県道鹿屋吾平佐多線", "N12_005": 9, "N12_006": 1 }, "geometry": { "type": "LineString", "coordinates": [ [ 130.8499674, 31.3882031 ], [ 130.8498323, 31.3877375 ], [ 130.8498234, 31.387523 ], [ 130.8499334, 31.386954 ], [ 130.8500273, 31.386607 ], [ 130.8503719, 31.3858811 ], [ 130.8512492, 31.3848531 ], [ 130.8515708, 31.3843455 ], [ 130.8521161, 31.3831956 ], [ 130.8524906, 31.3822147 ], [ 130.8526172, 31.3812185 ], [ 130.8526973, 31.3802966 ], [ 130.8528088, 31.3795804 ], [ 130.8531969, 31.3786438 ] ] } },
{ "type": "Feature", "properties": { "N12_001": "46", "N12_002": 1, "N12_003": 6, "N12_004": "鹿児島県道鹿児島停車場線", "N12_005": 10, "N12_006": 1 }, "geometry": { "type": "LineString", "coordinates": [ [ 130.5605491, 31.594184 ], [ 130.5603519, 31.594961 ], [ 130.5602962, 31.5953116 ], [ 130.560367, 31.5957833 ], [ 130.5630722, 31.5992672 ] ] } },
{ "type": "Feature", "properties": { "N12_001": "46", "N12_002": 1, "N12_003": 6, "N12_004": "鹿児島県道郡元鹿児島港線", "N12_005": 11, "N12_006": 1 }, "geometry": { "type": "LineString", "coordinates": [ [ 130.515447, 31.505936 ], [ 130.5155247, 31.5063024 ], [ 130.5158358, 31.5082843 ], [ 130.5161857, 31.5091504 ], [ 130.517391, 31.5111989 ] ] } },
{ "type": "Feature", "properties": { "N12_001": "46", "N12_002": 1, "N12_003": 6, "N12_004": "鹿児島県道玉取迫鹿児島港線", "N12_005": 12, "N12_006": 1 }, "geometry": { "type": "LineString", "coordinates": [ [ 130.5116031, 31.5071012 ], [ 130.5121906, 31.5067902 ], [ 130.5127246, 31.5065045 ], [ 130.513061, 31.5063491 ], [ 130.5134898, 31.5062188 ], [ 130.5144148, 31.5060382 ], [ 130.5148394, 31.5060088 ], [ 130.515447, 31.505936 ], [ 130.5159293, 31.5045458 ], [ 130.5159693, 31.5044242 ], [ 130.5161044, 31.5040774 ], [ 130.5162653, 31.5036095 ], [ 130.5162945, 31.5034952 ], [ 130.5163946, 31.5031561 ], [ 130.5166011, 31.5025697 ], [ 130.5166622, 31.5023169 ], [ 130.5166997, 31.5021728 ], [ 130.5167208, 31.5020297 ], [ 130.5167386, 31.5016911 ], [ 130.5167133, 31.5014258 ], [ 130.5166883, 31.5012742 ], [ 130.5166349, 31.5010952 ], [ 130.5166336, 31.5010908 ], [ 130.5165628, 31.5009114 ], [ 130.5163375, 31.5004829 ] ] } },
{ "type": "Feature", "properties": { "N12_001": "46", "N12_002": 1, "N12_003": 6, "N12_004": "鹿児島県道京泊草道線", "N12_005": 13, "N12_006": 1 }, "geometry": { "type": "LineString", "coordinates": [ [ 130.2316594, 31.8582778 ], [ 130.2305396, 31.8578435 ], [ 130.230227, 31.8577287 ], [ 130.2299789, 31.8576906 ], [ 130.2292392, 31.85773 ], [ 130.228265, 31.8577369 ], [ 130.2281036, 31.8577286 ], [ 130.2277144, 31.8576574 ], [ 130.2264722, 31.8574086 ], [ 130.2257868, 31.8570246 ], [ 130.2239625, 31.8559878 ], [ 130.2226562, 31.855253 ], [ 130.2222456, 31.8550125 ], [ 130.2213161, 31.8543131 ], [ 130.2206408, 31.8537831 ], [ 130.220183, 31.8533925 ], [ 130.219855, 31.8530336 ], [ 130.2196371, 31.8527515 ], [ 130.2186363, 31.8512868 ], [ 130.2185972, 31.8512301 ] ] } },
{ "type": "Feature", "properties": { "N12_001": "46", "N12_002": 1, "N12_003": 6, "N12_004": "鹿児島県道日当山敷根線", "N12_005": 14, "N12_006": 1 }, "geometry": { "type": "LineString", "coordinates": [ [ 130.7882372, 31.7133554 ], [ 130.7888157, 31.7126494 ], [ 130.7894507, 31.7116526 ], [ 130.7898547, 31.7111789 ], [ 130.7938462, 31.7074954 ], [ 130.796803, 31.7051232 ], [ 130.7998462, 31.7018554 ], [ 130.8008418, 31.7007377 ], [ 130.8009976, 31.7003602 ], [ 130.800989, 31.7000272 ], [ 130.8009024, 31.6997163 ], [ 130.8007465, 31.6994794 ], [ 130.8003281, 31.6990526 ] ] } },
{ "type": "Feature", "properties": { "N12_001": "46", "N12_002": 1, "N12_003": 3, "N12_004": "一般国道269号", "N12_005": 15, "N12_006": 1 }, "geometry": { "type": "LineString", "coordinates": [ [ 130.8739485, 31.4007065 ], [ 130.8733131, 31.4 ], [ 130.8731895, 31.3998626 ], [ 130.8718036, 31.3982286 ], [ 130.8712534, 31.3975844 ], [ 130.8707907, 31.3970437 ], [ 130.8694506, 31.3955087 ], [ 130.8686731, 31.3946447 ], [ 130.8685832, 31.3945511 ], [ 130.8682767, 31.3942068 ], [ 130.867817, 31.3937021 ], [ 130.8666898, 31.3924634 ], [ 130.8661642, 31.3918769 ], [ 130.8660276, 31.3917175 ], [ 130.8644177, 31.389944 ], [ 130.8642136, 31.3897125 ], [ 130.8635215, 31.3889386 ], [ 130.8624621, 31.387734 ], [ 130.861574, 31.3867529 ], [ 130.8614751, 31.3866283 ], [ 130.8613703, 31.3865048 ], [ 130.8611536, 31.3862908 ], [ 130.8608224, 31.3862257 ], [ 130.8606616, 31.3862048 ], [ 130.8600697, 31.3861214 ], [ 130.8598531, 31.38611 ], [ 130.8595572, 31.386082 ], [ 130.8593592, 31.3860722 ], [ 130.8589259, 31.3860731 ], [ 130.8583681, 31.3860761 ], [ 130.8583334, 31.3860789 ], [ 130.8580206, 31.3861045 ], [ 130.8578761, 31.3861383 ], [ 130.8574739, 31.3862211 ], [ 130.8569894, 31.3863525 ], [ 130.8563326, 31.3865781 ], [ 130.8560284, 31.3866658 ], [ 130.8554789, 31.3867642 ], [ 130.8551831, 31.3867753 ], [ 130.8549664, 31.3867358 ], [ 130.8547891, 31.386685 ], [ 130.8546642, 31.3866286 ], [ 130.8541192, 31.3862961 ], [ 130.8537775, 31.3861383 ], [ 130.8534755, 31.3860595 ], [ 130.8533506, 31.3860481 ], [ 130.8531209, 31.3860595 ], [ 130.8528241, 31.3860683 ], [ 130.8526414, 31.3861606 ], [ 130.8522144, 31.3864311 ], [ 130.8521881, 31.3864595 ], [ 130.8519708, 31.3866192 ], [ 130.8516956, 31.3868428 ], [ 130.8513014, 31.3871639 ], [ 130.85111, 31.3873487 ], [ 130.8507846, 31.3876641 ], [ 130.8502004, 31.3880948 ], [ 130.8499674, 31.3882031 ] ] } },
{ "type": "Feature", "properties": { "N12_001": "46", "N12_002": 1, "N12_003": 6, "N12_004": "鹿児島県道鹿屋串良インター線", "N12_005": 16, "N12_006": 1 }, "geometry": { "type": "LineString", "coordinates": [ [ 130.899992, 31.4483833 ], [ 130.8992833, 31.4478775 ], [ 130.8985523, 31.4476984 ], [ 130.8972121, 31.4476835 ], [ 130.8954019, 31.4476984 ], [ 130.8947753, 31.4476387 ], [ 130.8939399, 31.4474597 ], [ 130.8930522, 31.4470717 ], [ 130.8922516, 31.4465494 ], [ 130.8917468, 31.4459377 ], [ 130.8913465, 31.4452065 ], [ 130.8911028, 31.444162 ], [ 130.8910856, 31.442819 ], [ 130.8909637, 31.4415954 ], [ 130.890633, 31.4401331 ], [ 130.8904938, 31.4392975 ], [ 130.8904068, 31.4377904 ], [ 130.8904068, 31.4365072 ], [ 130.8903546, 31.4346569 ], [ 130.8903198, 31.432732 ], [ 130.8903024, 31.4309264 ], [ 130.8902328, 31.4281808 ], [ 130.890198, 31.4253905 ], [ 130.8900935, 31.4203171 ], [ 130.8900238, 31.418805 ] ] } },
{ "type": "Feature", "properties": { "N12_001": "46", "N12_002": 1, "N12_003": 6, "N12_004": "鹿児島県道志布志停車場線", "N12_005": 17, "N12_006": 1 }, "geometry": { "type": "LineString", "coordinates": [ [ 131.0968886, 31.4740017 ], [ 131.0977654, 31.4727351 ] ] } },
{ "type": "Feature", "properties": { "N12_001": "46", "N12_002": 2, "N12_003": 3, "N12_004": "一般国道226号", "N12_005": 5, "N12_006": 2 }, "geometry": { "type": "LineString", "coordinates": [ [ 130.2975564, 31.4263736 ], [ 130.2979725, 31.4263845 ], [ 130.2993008, 31.4263845 ], [ 130.2998003, 31.4264183 ], [ 130.2999187, 31.4264353 ], [ 130.3, 31.4264449 ], [ 130.3001092, 31.4264578 ], [ 130.3004322, 31.4265075 ], [ 130.3008983, 31.4265592 ], [ 130.3014437, 31.4265703 ], [ 130.3020881, 31.4265645 ], [ 130.3023713, 31.4265533 ], [ 130.3024564, 31.4265478 ], [ 130.3029084, 31.4264901 ], [ 130.3032781, 31.4264236 ], [ 130.3040014, 31.4262994 ], [ 130.3045206, 31.426215 ], [ 130.3047439, 31.42617 ], [ 130.305503, 31.4260512 ], [ 130.3057439, 31.4260118 ], [ 130.3060184, 31.4259671 ], [ 130.3070318, 31.4257978 ], [ 130.3072355, 31.4257583 ], [ 130.3078734, 31.4256567 ], [ 130.3081911, 31.4255986 ], [ 130.3083333, 31.4255669 ], [ 130.3083856, 31.4255553 ], [ 130.3085006, 31.4255272 ], [ 130.3085772, 31.4255044 ], [ 130.3086425, 31.425482 ], [ 130.3087425, 31.4254342 ], [ 130.3088264, 31.4253861 ], [ 130.3089425, 31.4252992 ], [ 130.3090441, 31.4251995 ], [ 130.3092083, 31.4250158 ], [ 130.30953, 31.4246533 ], [ 130.3096021, 31.4245746 ], [ 130.3098666, 31.4242331 ], [ 130.3098983, 31.4241742 ], [ 130.30993, 31.42409 ], [ 130.3099442, 31.4240219 ], [ 130.3099706, 31.4238358 ], [ 130.3099842, 31.4235806 ], [ 130.3099972, 31.4231875 ], [ 130.3100169, 31.4229847 ], [ 130.3100169, 31.4227422 ], [ 130.3100431, 31.4222232 ], [ 130.3100622, 31.4220845 ], [ 130.3100847, 31.4219717 ], [ 130.3101103, 31.4218903 ], [ 130.310155, 31.4218008 ], [ 130.3102308, 31.4216875 ], [ 130.3103128, 31.4215864 ], [ 130.3106285, 31.4213157 ], [ 130.3110492, 31.4209945 ], [ 130.3115489, 31.4206447 ], [ 130.3122232, 31.4201622 ], [ 130.3125494, 31.4199458 ], [ 130.3129239, 31.4197033 ], [ 130.3139736, 31.4190175 ], [ 130.3146447, 31.4186156 ], [ 130.3150905, 31.4183353 ], [ 130.31651, 31.4174898 ], [ 130.316665, 31.4173945 ], [ 130.3169348, 31.4172286 ], [ 130.3170083, 31.4171861 ], [ 130.3171739, 31.4171103 ], [ 130.3174169, 31.417037 ], [ 130.3176406, 31.4169975 ], [ 130.318363, 31.4168961 ], [ 130.3185919, 31.4168612 ], [ 130.3189695, 31.4168 ], [ 130.3192983, 31.4167278 ], [ 130.3202491, 31.4164379 ], [ 130.3205569, 31.4163381 ], [ 130.3206359, 31.4163097 ], [ 130.3209311, 31.4162253 ] ] } },
{ "type": "Feature", "properties": { "N12_001": "46", "N12_002": 2, "N12_003": 3, "N12_004": "一般国道267号", "N12_005": 18, "N12_006": 1 }, "geometry": { "type": "LineString", "coordinates": [ [ 130.2999528, 31.8254587 ], [ 130.3000524, 31.825514 ], [ 130.3009294, 31.8258831 ], [ 130.3020382, 31.8263502 ], [ 130.3026164, 31.8266079 ], [ 130.3029623, 31.8268137 ], [ 130.3031392, 31.8269517 ], [ 130.3051184, 31.8288884 ], [ 130.3059341, 31.8296747 ], [ 130.3075003, 31.8311939 ], [ 130.3094388, 31.8330929 ], [ 130.3108787, 31.8344759 ], [ 130.3122566, 31.8358333 ], [ 130.3132436, 31.8367922 ], [ 130.3143325, 31.8377678 ], [ 130.3154823, 31.8388676 ], [ 130.3169994, 31.8403502 ], [ 130.3171458, 31.8404964 ], [ 130.3176975, 31.8411666 ], [ 130.3182305, 31.8418618 ], [ 130.3186134, 31.8423949 ], [ 130.3188986, 31.8429618 ], [ 130.3192055, 31.8440429 ], [ 130.3195427, 31.846252 ], [ 130.3196798, 31.8474589 ], [ 130.320084, 31.8500114 ], [ 130.3201073, 31.8502772 ], [ 130.3200775, 31.8511908 ], [ 130.3199125, 31.8526062 ], [ 130.3197539, 31.8530006 ], [ 130.3194897, 31.8533728 ], [ 130.3167289, 31.8564678 ], [ 130.3162533, 31.8571556 ], [ 130.3161147, 31.8574656 ], [ 130.3160747, 31.8578706 ], [ 130.3161504, 31.8583333 ], [ 130.3162997, 31.8588806 ], [ 130.3166081, 31.8595823 ], [ 130.3171261, 31.8602003 ], [ 130.317555, 31.8606355 ], [ 130.3192736, 31.8622206 ], [ 130.3196842, 31.8625842 ], [ 130.3199919, 31.8627759 ], [ 130.3205322, 31.863041 ], [ 130.3224151, 31.8638085 ], [ 130.3248447, 31.8648004 ], [ 130.3253279, 31.864994 ], [ 130.3256553, 31.8651081 ], [ 130.3260639, 31.8651896 ], [ 130.3264414, 31.8652303 ], [ 130.3288208, 31.8653753 ], [ 130.3290487, 31.8654003 ], [ 130.3296658, 31.8655164 ], [ 130.3299961, 31.8656403 ], [ 130.3303131, 31.8658433 ], [ 130.330766, 31.866259 ], [ 130.3312358, 31.86673 ], [ 130.3313841, 31.8668514 ], [ 130.3315236, 31.8669319 ], [ 130.3318658, 31.867045 ], [ 130.3322417, 31.8671003 ], [ 130.3326197, 31.8670736 ], [ 130.3328331, 31.8670308 ], [ 130.3346946, 31.866259 ], [ 130.3357291, 31.8658262 ], [ 130.3377165, 31.8649556 ], [ 130.3387127, 31.864515 ], [ 130.3395083, 31.8642034 ], [ 130.3401139, 31.864028 ], [ 130.3404772, 31.8639492 ], [ 130.3412826, 31.8638423 ], [ 130.343357, 31.8635941 ], [ 130.3448652, 31.8634429 ], [ 130.3461172, 31.8633575 ], [ 130.3472289, 31.8633299 ], [ 130.3489439, 31.8632842 ], [ 130.3492833, 31.8632493 ], [ 130.3495493, 31.8631817 ], [ 130.3502355, 31.8629587 ], [ 130.3520773, 31.8623535 ], [ 130.3578401, 31.8604684 ], [ 130.360525, 31.8595902 ], [ 130.3631957, 31.858735 ], [ 130.3636778, 31.8585997 ], [ 130.3643911, 31.8584756 ], [ 130.3651903, 31.8584192 ], [ 130.366726, 31.8584285 ], [ 130.3686572, 31.858487 ], [ 130.3701564, 31.8587575 ], [ 130.3704431, 31.8587902 ], [ 130.3707969, 31.8587856 ], [ 130.3709753, 31.8587461 ], [ 130.3711803, 31.8586492 ], [ 130.37149, 31.8583429 ], [ 130.3719661, 31.8577147 ], [ 130.3722764, 31.8574328 ], [ 130.373445, 31.8566139 ], [ 130.3737355, 31.8564617 ], [ 130.3739536, 31.8563939 ], [ 130.3742575, 31.856332 ], [ 130.3746008, 31.856332 ], [ 130.3756047, 31.8564672 ], [ 130.3762122, 31.8565689 ], [ 130.3774766, 31.85683 ], [ 130.3788769, 31.8569586 ], [ 130.3790978, 31.8569917 ], [ 130.3792504, 31.8570539 ], [ 130.3793911, 31.8571861 ], [ 130.3796856, 31.8577244 ], [ 130.3797954, 31.8578352 ], [ 130.3799958, 31.8579614 ], [ 130.3802917, 31.8580732 ], [ 130.3807089, 31.8581136 ], [ 130.3817061, 31.8581136 ], [ 130.3820164, 31.8580514 ], [ 130.3821683, 31.8579895 ], [ 130.3830655, 31.8573645 ], [ 130.3835089, 31.8570761 ], [ 130.3836872, 31.8569919 ], [ 130.3840439, 31.8569242 ], [ 130.3845411, 31.8569064 ], [ 130.3854636, 31.8568961 ], [ 130.3864608, 31.8569072 ], [ 130.3869357, 31.8568387 ], [ 130.3879823, 31.8566406 ], [ 130.3894541, 31.8566351 ], [ 130.3903152, 31.8568437 ], [ 130.3907969, 31.857051 ], [ 130.391193, 31.8574393 ], [ 130.3921661, 31.8589817 ], [ 130.3927867, 31.859912 ], [ 130.3929869, 31.8601627 ], [ 130.3932069, 31.8605784 ], [ 130.3936133, 31.8612378 ], [ 130.3938164, 31.8614339 ], [ 130.3941721, 31.8617074 ], [ 130.3954176, 31.8622904 ], [ 130.3959156, 31.8624529 ], [ 130.3964896, 31.862548 ], [ 130.3968903, 31.8625757 ], [ 130.3978205, 31.8625524 ], [ 130.3984759, 31.8625814 ], [ 130.3994208, 31.8625758 ], [ 130.3999186, 31.8625503 ], [ 130.4001891, 31.8625164 ], [ 130.4005745, 31.8624206 ], [ 130.4009567, 31.8622992 ], [ 130.4012593, 31.8621725 ], [ 130.4014506, 31.8620672 ], [ 130.4018336, 31.8617947 ], [ 130.4023046, 31.8614041 ], [ 130.4026061, 31.8611353 ], [ 130.4035833, 31.8601544 ], [ 130.4039203, 31.8598725 ], [ 130.404138, 31.8597542 ], [ 130.4050164, 31.8595117 ], [ 130.4054326, 31.8594158 ], [ 130.4058221, 31.8593484 ], [ 130.4066829, 31.8592253 ], [ 130.4072025, 31.8591622 ], [ 130.4076714, 31.8591622 ], [ 130.4081667, 31.8592355 ], [ 130.4098901, 31.8596684 ], [ 130.4108597, 31.8597706 ], [ 130.4118265, 31.8598007 ], [ 130.4128735, 31.8598101 ], [ 130.4131125, 31.8598331 ], [ 130.4133172, 31.8598839 ], [ 130.4135086, 31.8599628 ], [ 130.414027, 31.860275 ], [ 130.4147172, 31.8607014 ], [ 130.4158861, 31.8614058 ], [ 130.4167131, 31.8619037 ], [ 130.4174839, 31.8623756 ], [ 130.41825, 31.8628828 ], [ 130.4184878, 31.8630689 ], [ 130.4187586, 31.8633508 ], [ 130.4193197, 31.8641961 ], [ 130.4196231, 31.86451 ], [ 130.4204753, 31.8651378 ], [ 130.4219191, 31.866259 ], [ 130.4226017, 31.8667953 ], [ 130.4229253, 31.866987 ], [ 130.4240672, 31.8675586 ], [ 130.4244551, 31.8677692 ], [ 130.4254875, 31.8683117 ], [ 130.42593, 31.8685314 ], [ 130.4262072, 31.8686272 ], [ 130.4264253, 31.8686611 ], [ 130.4269333, 31.8686556 ], [ 130.4272306, 31.8686331 ], [ 130.4281486, 31.8685145 ], [ 130.4291513, 31.8683295 ], [ 130.4312347, 31.8679728 ], [ 130.431695, 31.8679511 ], [ 130.4322789, 31.8680231 ], [ 130.433332, 31.8688317 ], [ 130.4348603, 31.8702967 ], [ 130.4367811, 31.8722003 ], [ 130.4378277, 31.8732014 ], [ 130.4381123, 31.8734358 ], [ 130.4385389, 31.8737203 ], [ 130.4392194, 31.8740139 ], [ 130.4403547, 31.8743375 ], [ 130.4416667, 31.874706 ], [ 130.442275, 31.8749236 ], [ 130.4432476, 31.8753965 ], [ 130.4437618, 31.8756747 ], [ 130.4441224, 31.8759422 ], [ 130.4442708, 31.876085 ], [ 130.4449679, 31.8770101 ], [ 130.4453242, 31.8774445 ], [ 130.4462089, 31.8787467 ], [ 130.4471598, 31.880032 ], [ 130.4475758, 31.8804661 ], [ 130.4483022, 31.881092 ], [ 130.4490019, 31.8817797 ], [ 130.4490681, 31.8818697 ], [ 130.4491472, 31.8822025 ], [ 130.4492594, 31.8837414 ], [ 130.4499725, 31.8868758 ], [ 130.4500914, 31.8872253 ], [ 130.45023, 31.8875072 ], [ 130.4506856, 31.8882456 ], [ 130.451359, 31.8892943 ], [ 130.4519997, 31.890382 ], [ 130.4524289, 31.8911995 ], [ 130.4526534, 31.8918085 ], [ 130.4528222, 31.8922578 ], [ 130.4531219, 31.8933697 ], [ 130.4533995, 31.8953146 ], [ 130.4536372, 31.8967016 ], [ 130.4536433, 31.8971137 ], [ 130.4535508, 31.898043 ], [ 130.4533789, 31.8995367 ], [ 130.4536827, 31.9001152 ], [ 130.4544984, 31.9017685 ], [ 130.4546938, 31.9021596 ], [ 130.4553071, 31.9033701 ], [ 130.4554573, 31.9036787 ], [ 130.4561951, 31.905166 ] ] } },
{ "type": "Feature", "properties": { "N12_001": "46", "N12_002": 2, "N12_003": 7, "N12_004": "市道西原中央線", "N12_005": 19, "N12_006": 1 }, "geometry": { "type": "LineString", "coordinates": [ [ 130.8246032, 31.3808534 ], [ 130.827815, 31.381762 ], [ 130.8312254, 31.382601 ] ] } },
{ "type": "Feature", "properties": { "N12_001": "46", "N12_002": 2, "N12_003": 3, "N12_004": "一般国道269号", "N12_005": 15, "N12_006": 2 }, "geometry": { "type": "LineString", "coordinates": [ [ 130.7687367, 31.2156165 ], [ 130.7685633, 31.2157158 ], [ 130.7683081, 31.2159189 ], [ 130.7680217, 31.2162232 ], [ 130.7679095, 31.2163247 ], [ 130.7678429, 31.2163694 ], [ 130.7676522, 31.2164936 ], [ 130.7674097, 31.2166064 ], [ 130.76726, 31.2166667 ], [ 130.7671189, 31.2167235 ], [ 130.7666667, 31.216891 ], [ 130.7661392, 31.2170864 ], [ 130.7659608, 31.2171552 ], [ 130.7654719, 31.2173324 ], [ 130.765169, 31.2174422 ], [ 130.7656525, 31.2183706 ], [ 130.7658931, 31.2187877 ], [ 130.7659423, 31.218872 ], [ 130.766256, 31.2194022 ], [ 130.766304, 31.2194833 ], [ 130.7665501, 31.2199002 ], [ 130.7665947, 31.2199816 ], [ 130.7666713, 31.2201323 ], [ 130.7667283, 31.2202197 ], [ 130.7669897, 31.2206483 ], [ 130.7672128, 31.2210542 ], [ 130.7673908, 31.221328 ], [ 130.7675589, 31.2216803 ], [ 130.7676064, 31.2218561 ], [ 130.7676322, 31.2219672 ], [ 130.7676651, 31.2222104 ], [ 130.7676981, 31.222452 ], [ 130.7677503, 31.2228972 ], [ 130.7679078, 31.2241545 ], [ 130.7679536, 31.2245153 ], [ 130.76798, 31.2245942 ], [ 130.7680389, 31.2247239 ], [ 130.768062, 31.224748 ], [ 130.7682743, 31.2249696 ], [ 130.768348, 31.2250465 ], [ 130.7684062, 31.2251073 ], [ 130.768675, 31.2253436 ], [ 130.7689929, 31.2256707 ], [ 130.7690553, 31.2257409 ], [ 130.7691124, 31.2258062 ], [ 130.7692459, 31.225978 ], [ 130.7693697, 31.2262569 ], [ 130.7694483, 31.2265839 ], [ 130.7694878, 31.226939 ], [ 130.7694942, 31.2274633 ], [ 130.7694681, 31.2276833 ], [ 130.7694503, 31.2277894 ], [ 130.7694225, 31.2279039 ], [ 130.7693433, 31.2282131 ], [ 130.7693236, 31.2284047 ], [ 130.7693369, 31.2286019 ], [ 130.7693828, 31.2287147 ], [ 130.7694614, 31.2288894 ], [ 130.7696189, 31.2292503 ], [ 130.7696714, 31.2294589 ], [ 130.7697172, 31.2298422 ], [ 130.7697303, 31.2303833 ], [ 130.76975, 31.2304792 ], [ 130.7698025, 31.2306258 ], [ 130.7698681, 31.2307328 ], [ 130.7699794, 31.2308286 ], [ 130.7704906, 31.231105 ], [ 130.7711814, 31.2314785 ], [ 130.7716447, 31.2317983 ], [ 130.7722813, 31.2322231 ], [ 130.7727331, 31.2325369 ], [ 130.77304, 31.2327533 ], [ 130.7730808, 31.2327817 ], [ 130.7738908, 31.2333333 ], [ 130.7740703, 31.2334555 ], [ 130.7745733, 31.2337875 ], [ 130.7746155, 31.2338153 ], [ 130.7750404, 31.2340959 ], [ 130.775088, 31.2341272 ], [ 130.7754275, 31.2343519 ], [ 130.7755903, 31.2344689 ], [ 130.7758736, 31.2346675 ], [ 130.7762268, 31.2348982 ], [ 130.77631, 31.2349536 ], [ 130.777165, 31.2355245 ], [ 130.7774206, 31.2357047 ], [ 130.7775386, 31.2357836 ], [ 130.7780306, 31.2361108 ], [ 130.7781094, 31.2361628 ], [ 130.7783058, 31.2363025 ], [ 130.7783714, 31.2363475 ], [ 130.779759, 31.237278 ], [ 130.7798417, 31.2373336 ], [ 130.7804758, 31.2377625 ], [ 130.7811906, 31.2382531 ], [ 130.7814821, 31.2384494 ], [ 130.7815647, 31.2385052 ], [ 130.7819578, 31.2387717 ], [ 130.7826032, 31.2392398 ], [ 130.7826422, 31.2392702 ], [ 130.7826918, 31.2393129 ], [ 130.7827648, 31.2393814 ], [ 130.7831724, 31.2397581 ], [ 130.7840597, 31.2406309 ], [ 130.7844442, 31.241011 ], [ 130.7849081, 31.2414831 ], [ 130.7849817, 31.2415603 ], [ 130.785077, 31.2416602 ], [ 130.7851769, 31.2417647 ], [ 130.7858386, 31.2424444 ], [ 130.7859089, 31.2425149 ], [ 130.7868289, 31.2434275 ], [ 130.7873658, 31.2440303 ], [ 130.7877731, 31.244527 ], [ 130.7878525, 31.2446166 ], [ 130.7879128, 31.2446903 ], [ 130.7882317, 31.2451133 ], [ 130.7886122, 31.2456171 ], [ 130.7886687, 31.2456918 ], [ 130.7887264, 31.2457682 ], [ 130.7889598, 31.2460771 ], [ 130.7890775, 31.2462236 ], [ 130.7894775, 31.2468606 ], [ 130.7897333, 31.2472495 ], [ 130.7898011, 31.2473648 ], [ 130.7902369, 31.2480205 ], [ 130.7905971, 31.2486203 ], [ 130.7907079, 31.2488353 ], [ 130.7907218, 31.2488715 ], [ 130.7907724, 31.2489923 ], [ 130.7908467, 31.2491922 ], [ 130.7909197, 31.2494371 ], [ 130.7909589, 31.2497314 ], [ 130.7909713, 31.2498171 ], [ 130.7909763, 31.2500001 ], [ 130.7909458, 31.2501836 ], [ 130.7909158, 31.2503641 ], [ 130.7908235, 31.2507482 ], [ 130.7907911, 31.2509006 ], [ 130.7907727, 31.2510768 ], [ 130.7907515, 31.2513237 ], [ 130.7907759, 31.2514679 ], [ 130.7908295, 31.2516783 ], [ 130.7908738, 31.2518626 ], [ 130.7910743, 31.2524035 ], [ 130.7911494, 31.2526328 ], [ 130.7911597, 31.252727 ], [ 130.7911494, 31.2529486 ], [ 130.7911422, 31.2530045 ], [ 130.7911194, 31.2530742 ], [ 130.7910969, 31.2531233 ], [ 130.7909461, 31.2534217 ], [ 130.7908728, 31.2535289 ], [ 130.7908036, 31.2536497 ], [ 130.7906906, 31.2538261 ], [ 130.79051, 31.2540758 ], [ 130.7902539, 31.2543858 ], [ 130.7898011, 31.2548595 ], [ 130.7894664, 31.2551578 ], [ 130.7892669, 31.2553176 ], [ 130.7891023, 31.2554661 ], [ 130.7889766, 31.2555853 ], [ 130.7887972, 31.2557497 ], [ 130.7886331, 31.2559303 ], [ 130.7884625, 31.25615 ], [ 130.7884083, 31.2562431 ], [ 130.7881736, 31.256742 ], [ 130.7880619, 31.2570622 ], [ 130.7879825, 31.2573647 ], [ 130.7878981, 31.257672 ], [ 130.7877536, 31.2582808 ], [ 130.7877414, 31.2583544 ], [ 130.7877208, 31.2584781 ], [ 130.7877089, 31.2587155 ], [ 130.7877142, 31.2589739 ], [ 130.7877733, 31.2594022 ], [ 130.7878086, 31.2595097 ], [ 130.7878653, 31.2596503 ], [ 130.7879572, 31.2597914 ], [ 130.7881475, 31.2600111 ], [ 130.78819, 31.2600555 ], [ 130.7884296, 31.2603166 ], [ 130.7885478, 31.2604564 ], [ 130.7886353, 31.2605694 ], [ 130.7887117, 31.2606933 ], [ 130.7887692, 31.2608261 ], [ 130.7887931, 31.2608964 ], [ 130.7888103, 31.2609525 ], [ 130.7888255, 31.2610699 ], [ 130.78883, 31.2611047 ], [ 130.7887958, 31.2616635 ], [ 130.7887633, 31.2620983 ], [ 130.7887503, 31.262365 ], [ 130.7887181, 31.2628522 ], [ 130.788705, 31.2629311 ], [ 130.7886853, 31.2633705 ], [ 130.7886853, 31.2639061 ], [ 130.7887247, 31.264205 ], [ 130.7888164, 31.264645 ], [ 130.7888756, 31.2649603 ], [ 130.7889411, 31.2652535 ], [ 130.789033, 31.2655011 ], [ 130.7892233, 31.2658678 ], [ 130.7892889, 31.2659861 ], [ 130.7894842, 31.2662981 ], [ 130.7897486, 31.2666667 ], [ 130.7897942, 31.2667303 ], [ 130.7902275, 31.2673561 ], [ 130.7903436, 31.267509 ], [ 130.790384, 31.2675615 ], [ 130.7906603, 31.2679475 ], [ 130.7907522, 31.2680717 ], [ 130.7911649, 31.2686434 ], [ 130.7914214, 31.268985 ], [ 130.791658, 31.2693233 ], [ 130.7918217, 31.2695375 ], [ 130.7920383, 31.26987 ], [ 130.7920763, 31.2699519 ], [ 130.7921447, 31.2700997 ], [ 130.7921883, 31.2702884 ], [ 130.7922642, 31.270617 ], [ 130.7922747, 31.2708394 ], [ 130.7922792, 31.2711892 ], [ 130.7923139, 31.2716906 ], [ 130.7923272, 31.2720967 ], [ 130.7923358, 31.2722275 ], [ 130.7924222, 31.273205 ], [ 130.7924453, 31.2734156 ], [ 130.7925186, 31.2740082 ], [ 130.7925706, 31.2742453 ], [ 130.7926353, 31.2744975 ], [ 130.7927769, 31.275 ], [ 130.7928911, 31.2754053 ], [ 130.792973, 31.2756838 ], [ 130.7931078, 31.2761436 ], [ 130.7932061, 31.2765211 ], [ 130.7934686, 31.2774683 ], [ 130.7935081, 31.277722 ], [ 130.7935175, 31.2778542 ], [ 130.7935147, 31.2779869 ], [ 130.7934992, 31.2780803 ], [ 130.7934728, 31.2781792 ], [ 130.7934358, 31.2782742 ], [ 130.7933375, 31.278477 ], [ 130.7928673, 31.2790592 ], [ 130.79255, 31.2794975 ], [ 130.7923661, 31.2798244 ], [ 130.7923464, 31.2799483 ], [ 130.7923531, 31.2801342 ], [ 130.7924056, 31.2802978 ], [ 130.7926419, 31.2807544 ], [ 130.7927272, 31.2809517 ], [ 130.7928239, 31.281358 ], [ 130.7929336, 31.2819899 ], [ 130.7929668, 31.2821633 ], [ 130.7930028, 31.2823778 ], [ 130.7930617, 31.2826989 ], [ 130.7931275, 31.2828905 ], [ 130.7932322, 31.2830711 ], [ 130.7934158, 31.2833247 ], [ 130.7936586, 31.2836236 ], [ 130.7938793, 31.283826 ], [ 130.7946103, 31.2844972 ], [ 130.7947153, 31.2846042 ], [ 130.7949056, 31.2848467 ], [ 130.7950367, 31.2850778 ], [ 130.7950828, 31.2852356 ], [ 130.7951353, 31.2854667 ], [ 130.7952139, 31.2857881 ], [ 130.7952689, 31.285995 ], [ 130.7952991, 31.2861402 ], [ 130.7953131, 31.2862983 ], [ 130.7953256, 31.2866019 ], [ 130.7953256, 31.2868814 ], [ 130.7952905, 31.2871105 ], [ 130.7952402, 31.2872651 ], [ 130.7951089, 31.2877269 ], [ 130.7950828, 31.2877947 ], [ 130.7950564, 31.287975 ], [ 130.7950564, 31.288212 ], [ 130.7950958, 31.2884036 ], [ 130.7951939, 31.2886064 ], [ 130.7953711, 31.2888881 ], [ 130.7954958, 31.2890628 ], [ 130.7955614, 31.2891814 ], [ 130.7956928, 31.2895195 ], [ 130.7958569, 31.2901453 ], [ 130.7959486, 31.290382 ], [ 130.7962506, 31.2908778 ], [ 130.7963686, 31.2911936 ], [ 130.7963753, 31.2914303 ], [ 130.7963152, 31.2916682 ], [ 130.7962375, 31.291887 ], [ 130.7961783, 31.2920731 ], [ 130.7961128, 31.2922533 ], [ 130.7960864, 31.2924 ], [ 130.7961061, 31.2926706 ], [ 130.7962206, 31.2933696 ], [ 130.7963358, 31.2939725 ], [ 130.7963425, 31.2941867 ], [ 130.7963161, 31.2942883 ], [ 130.7962439, 31.2944181 ], [ 130.7960144, 31.2947392 ], [ 130.7958764, 31.2950717 ], [ 130.7958503, 31.2952914 ], [ 130.7958436, 31.2955283 ], [ 130.79587, 31.2957256 ], [ 130.7959356, 31.2960017 ], [ 130.7959814, 31.2961539 ], [ 130.7960275, 31.2963853 ], [ 130.7960331, 31.2964481 ], [ 130.7960208, 31.2965486 ], [ 130.7959881, 31.2966783 ], [ 130.7958831, 31.2968978 ], [ 130.7956987, 31.297108 ], [ 130.7954172, 31.2974053 ], [ 130.7952854, 31.297559 ], [ 130.7951611, 31.2977042 ], [ 130.7950825, 31.2978506 ], [ 130.7950561, 31.2979633 ], [ 130.7950561, 31.2984988 ], [ 130.7950956, 31.2987415 ], [ 130.7952526, 31.2993492 ], [ 130.7952922, 31.2995134 ], [ 130.7952856, 31.2996711 ], [ 130.7952397, 31.2998067 ], [ 130.7951936, 31.2998742 ], [ 130.7950822, 31.29997 ], [ 130.795048, 31.2999879 ], [ 130.7949491, 31.3000395 ], [ 130.7947869, 31.3000883 ], [ 130.7945441, 31.3000828 ], [ 130.7942819, 31.3000547 ], [ 130.794085, 31.3000603 ], [ 130.79377, 31.3001222 ], [ 130.7936583, 31.3001672 ], [ 130.7934944, 31.3002745 ], [ 130.7931136, 31.3005675 ], [ 130.7930015, 31.3006534 ], [ 130.7929467, 31.3006955 ], [ 130.7928053, 31.3008042 ], [ 130.7926939, 31.3009505 ], [ 130.7926414, 31.3010464 ], [ 130.7925692, 31.3012945 ], [ 130.7925617, 31.3013808 ], [ 130.7925756, 31.3014635 ], [ 130.7926083, 31.3015595 ], [ 130.7926161, 31.3016249 ], [ 130.7926083, 31.3016947 ], [ 130.7925678, 31.301807 ], [ 130.7925039, 31.3019247 ], [ 130.7923344, 31.3021031 ], [ 130.7923067, 31.3021572 ], [ 130.7922542, 31.3023205 ], [ 130.7921556, 31.3027208 ], [ 130.79209, 31.3029008 ], [ 130.7919455, 31.3031095 ], [ 130.79188, 31.3031886 ], [ 130.7918208, 31.3032786 ], [ 130.7916667, 31.3035547 ], [ 130.7915847, 31.3037014 ], [ 130.7915256, 31.3038367 ], [ 130.7914469, 31.304175 ], [ 130.7914206, 31.3044061 ], [ 130.7914075, 31.3046542 ], [ 130.7914272, 31.3048853 ], [ 130.7914864, 31.3050825 ], [ 130.791545, 31.3052119 ], [ 130.7916602, 31.3053751 ], [ 130.7921028, 31.3058039 ], [ 130.7922669, 31.3059392 ], [ 130.7923522, 31.3060578 ], [ 130.7923786, 31.3062945 ], [ 130.7923917, 31.3066046 ], [ 130.7924178, 31.3068245 ], [ 130.7924442, 31.3073375 ], [ 130.7924836, 31.3075175 ], [ 130.7925819, 31.3076528 ], [ 130.7926542, 31.3077147 ], [ 130.792805, 31.3078164 ], [ 130.7932708, 31.3081039 ], [ 130.7934089, 31.3081883 ], [ 130.7936393, 31.3083333 ], [ 130.7938481, 31.3084647 ], [ 130.7939445, 31.3085221 ], [ 130.7941896, 31.3086676 ], [ 130.7943544, 31.3087725 ], [ 130.7947014, 31.3089889 ], [ 130.794762, 31.3090459 ], [ 130.7948128, 31.3091186 ], [ 130.7948419, 31.3091728 ], [ 130.7948589, 31.3092256 ], [ 130.7948683, 31.3092936 ], [ 130.7948653, 31.3095808 ], [ 130.7948522, 31.3097386 ], [ 130.7948522, 31.3099417 ], [ 130.794885, 31.3100883 ], [ 130.7949375, 31.3102175 ], [ 130.7950556, 31.3104092 ], [ 130.7952067, 31.3106008 ], [ 130.7956331, 31.311052 ], [ 130.7957055, 31.3111079 ], [ 130.7959283, 31.3112097 ], [ 130.7960164, 31.3112592 ], [ 130.7960792, 31.3113 ], [ 130.7961577, 31.3113619 ], [ 130.7962305, 31.3114403 ], [ 130.7963547, 31.3116325 ], [ 130.7965056, 31.311858 ], [ 130.7965975, 31.3120611 ], [ 130.7966433, 31.3122302 ], [ 130.7966433, 31.3124444 ], [ 130.7966286, 31.3125994 ], [ 130.7965908, 31.3129347 ], [ 130.7964992, 31.3133461 ], [ 130.7964664, 31.313425 ], [ 130.7964072, 31.3135153 ], [ 130.7962039, 31.3137408 ], [ 130.7960069, 31.3139831 ], [ 130.7958822, 31.314237 ], [ 130.7957706, 31.3145186 ], [ 130.795705, 31.3146314 ], [ 130.7956, 31.314778 ], [ 130.7955081, 31.3149417 ], [ 130.7954556, 31.3151386 ], [ 130.7954361, 31.3153019 ], [ 130.7954292, 31.3154097 ], [ 130.7954455, 31.3155271 ], [ 130.795475, 31.3156142 ], [ 130.7955403, 31.3157436 ], [ 130.79581, 31.316142 ], [ 130.7963222, 31.3172861 ], [ 130.7965644, 31.3180078 ], [ 130.7966431, 31.3183008 ], [ 130.7966825, 31.3183742 ], [ 130.79684, 31.3185772 ], [ 130.7971486, 31.3188872 ], [ 130.7976078, 31.319248 ], [ 130.7978836, 31.3194792 ], [ 130.7984803, 31.3201106 ], [ 130.7986181, 31.3202628 ], [ 130.7987167, 31.3203586 ], [ 130.7994813, 31.3211819 ], [ 130.7995697, 31.3212772 ], [ 130.7998256, 31.3215592 ], [ 130.8, 31.3216981 ], [ 130.8001014, 31.3217789 ], [ 130.8002256, 31.3218578 ], [ 130.8004422, 31.3219706 ], [ 130.8007769, 31.3222131 ], [ 130.8008361, 31.3222695 ], [ 130.8008689, 31.3223258 ], [ 130.8009147, 31.3224892 ], [ 130.8010149, 31.3229431 ], [ 130.8010207, 31.3229846 ], [ 130.8010283, 31.3230664 ], [ 130.8010311, 31.3232064 ], [ 130.8010125, 31.3233344 ], [ 130.8009475, 31.3235547 ], [ 130.8008753, 31.3237633 ], [ 130.8006653, 31.3242761 ], [ 130.8006261, 31.3244283 ], [ 130.8005986, 31.325 ], [ 130.8005931, 31.3251161 ], [ 130.8005539, 31.3254769 ], [ 130.8005211, 31.3255897 ], [ 130.80037, 31.3259786 ], [ 130.8003372, 31.32608 ], [ 130.8003283, 31.3261547 ], [ 130.8003439, 31.3262433 ], [ 130.8003636, 31.3263108 ], [ 130.8003794, 31.3263572 ], [ 130.8004211, 31.3264408 ], [ 130.800462, 31.326497 ], [ 130.8005667, 31.3265872 ], [ 130.8007044, 31.3266661 ], [ 130.8010128, 31.3267789 ], [ 130.8012558, 31.3268297 ], [ 130.8014525, 31.3268464 ], [ 130.8015183, 31.3268578 ], [ 130.8018595, 31.3268747 ], [ 130.8021417, 31.3269028 ], [ 130.8025945, 31.3269764 ], [ 130.8028175, 31.3270103 ], [ 130.8029094, 31.3270272 ], [ 130.8029455, 31.3270411 ], [ 130.802997, 31.3270916 ], [ 130.8030491, 31.3271571 ], [ 130.8031428, 31.3273458 ], [ 130.8033033, 31.3276911 ], [ 130.8034211, 31.3279233 ], [ 130.8035917, 31.3282053 ], [ 130.8036895, 31.3283797 ], [ 130.8038278, 31.3287011 ], [ 130.8039328, 31.3290057 ], [ 130.8039525, 31.3291242 ], [ 130.8039722, 31.3297499 ], [ 130.803992, 31.3300432 ], [ 130.8042475, 31.3320778 ], [ 130.8042803, 31.3330983 ], [ 130.8043853, 31.33347 ], [ 130.8045625, 31.3338817 ], [ 130.8046086, 31.3341239 ], [ 130.8046153, 31.3343567 ], [ 130.8045667, 31.3346031 ], [ 130.8041033, 31.3357196 ], [ 130.8038736, 31.3361136 ], [ 130.8035978, 31.336452 ], [ 130.8032136, 31.3368522 ], [ 130.8030567, 31.3369761 ], [ 130.8029319, 31.3371567 ], [ 130.8026428, 31.3377092 ], [ 130.8023329, 31.3384026 ], [ 130.7998053, 31.3421111 ], [ 130.7995277, 31.3426041 ], [ 130.7994442, 31.3426794 ], [ 130.7991483, 31.3438528 ], [ 130.7991483, 31.3439825 ], [ 130.7992403, 31.3444842 ], [ 130.7994111, 31.3447716 ], [ 130.799595, 31.3449297 ], [ 130.8002189, 31.3453017 ], [ 130.8021036, 31.34626 ], [ 130.8024125, 31.3464911 ], [ 130.8027785, 31.3469515 ], [ 130.8041789, 31.3495245 ], [ 130.8042578, 31.3498064 ], [ 130.8042578, 31.3502178 ], [ 130.8042317, 31.3503814 ], [ 130.8041383, 31.3505831 ], [ 130.8038803, 31.3508928 ], [ 130.8027144, 31.3517736 ], [ 130.80255, 31.351937 ], [ 130.8024714, 31.3520722 ], [ 130.8023858, 31.352405 ], [ 130.8024517, 31.3541861 ], [ 130.8024444, 31.3544637 ], [ 130.8027205, 31.354575 ], [ 130.8041656, 31.3556239 ], [ 130.8048817, 31.3562667 ], [ 130.8055578, 31.3571458 ], [ 130.8059058, 31.3575461 ], [ 130.8063131, 31.3579406 ], [ 130.8075872, 31.3585217 ], [ 130.8082767, 31.358657 ], [ 130.8086381, 31.3586514 ], [ 130.8106344, 31.3584539 ], [ 130.8108709, 31.3584653 ], [ 130.8128742, 31.3587753 ], [ 130.8129992, 31.3588203 ], [ 130.8136996, 31.3592315 ], [ 130.8146342, 31.359807 ], [ 130.8150875, 31.3600381 ], [ 130.8152714, 31.3600775 ], [ 130.8155436, 31.3600775 ], [ 130.8159347, 31.3600381 ], [ 130.8164147, 31.3600153 ], [ 130.8167953, 31.3600495 ], [ 130.81757, 31.3602353 ], [ 130.8179839, 31.3603875 ], [ 130.8185355, 31.3607822 ], [ 130.82172, 31.361978 ], [ 130.8227981, 31.3624622 ], [ 130.8233905, 31.3628263 ], [ 130.8239603, 31.3631669 ], [ 130.8241836, 31.3633078 ], [ 130.8242494, 31.3633586 ], [ 130.8243806, 31.3634825 ], [ 130.8244464, 31.3635672 ], [ 130.8244989, 31.3636911 ], [ 130.824545, 31.3639333 ], [ 130.8245778, 31.3644181 ], [ 130.8245908, 31.3645986 ], [ 130.8246828, 31.3660981 ], [ 130.8247025, 31.3664139 ], [ 130.8247199, 31.3666667 ], [ 130.8247289, 31.366797 ], [ 130.8247875, 31.3678117 ], [ 130.8247931, 31.3680549 ], [ 130.8234854, 31.3702179 ], [ 130.8235003, 31.3702692 ], [ 130.8229036, 31.3713711 ], [ 130.8227742, 31.3721483 ], [ 130.823033, 31.3730366 ], [ 130.8237836, 31.3741914 ], [ 130.8246032, 31.3753535 ], [ 130.8246722, 31.3759901 ], [ 130.8243444, 31.3776334 ], [ 130.8244134, 31.3782256 ], [ 130.8247585, 31.3792323 ], [ 130.8246032, 31.3808534 ] ] } },
{ "type": "Feature", "properties": { "N12_001": "46", "N12_002": 2, "N12_003": 3, "N12_004": "一般国道270号", "N12_005": 20, "N12_006": 1 }, "geometry": { "type": "LineString", "coordinates": [ [ 130.3209311, 31.4162253 ], [ 130.321115, 31.4167042 ], [ 130.3213056, 31.4170933 ], [ 130.3214369, 31.4173019 ], [ 130.3216866, 31.4175558 ], [ 130.3219558, 31.4177417 ], [ 130.3222381, 31.4179672 ], [ 130.322515, 31.418287 ], [ 130.3228754, 31.419462 ] ] } },
{ "type": "Feature", "properties": { "N12_001": "46", "N12_002": 2, "N12_003": 3, "N12_004": "一般国道389号", "N12_005": 21, "N12_006": 1 }, "geometry": { "type": "LineString", "coordinates": [ [ 130.2265417, 32.0618695 ], [ 130.2262372, 32.0622864 ], [ 130.2260111, 32.0625547 ], [ 130.2258139, 32.0627336 ], [ 130.2257043, 32.062833 ], [ 130.2255028, 32.0629914 ], [ 130.2253175, 32.0631097 ], [ 130.2250725, 32.0632395 ], [ 130.2247157, 32.0633858 ], [ 130.2245897, 32.0634311 ], [ 130.223822, 32.0636228 ], [ 130.2231211, 32.0638336 ], [ 130.2226312, 32.0640397 ], [ 130.2222275, 32.0642878 ], [ 130.2218666, 32.064566 ], [ 130.2215992, 32.0648178 ], [ 130.2207901, 32.0657321 ], [ 130.219495, 32.0671967 ], [ 130.2192216, 32.0675716 ], [ 130.2190158, 32.0679125 ], [ 130.2184214, 32.0692242 ], [ 130.2180803, 32.0698317 ], [ 130.2178214, 32.0702128 ], [ 130.2176353, 32.0704395 ], [ 130.2172456, 32.0708214 ], [ 130.2166667, 32.0712994 ], [ 130.2161275, 32.0717236 ], [ 130.2144628, 32.0729456 ], [ 130.2128058, 32.0740797 ], [ 130.2119851, 32.0746076 ], [ 130.2115268, 32.074885 ], [ 130.21055, 32.07541 ], [ 130.208823, 32.0762452 ], [ 130.20777, 32.07675 ], [ 130.2061103, 32.0775411 ], [ 130.2055826, 32.0778197 ], [ 130.2055044, 32.0778686 ], [ 130.2054253, 32.0779175 ], [ 130.2053603, 32.0779686 ], [ 130.2052764, 32.0780428 ], [ 130.2051428, 32.0782045 ], [ 130.2049497, 32.0785497 ], [ 130.2049225, 32.0786267 ], [ 130.2047109, 32.079592 ], [ 130.204685, 32.0796793 ], [ 130.2046783, 32.0797017 ], [ 130.2044825, 32.0801061 ], [ 130.2043897, 32.0802414 ], [ 130.2042442, 32.0803992 ], [ 130.2040206, 32.0805997 ], [ 130.2037717, 32.0807731 ], [ 130.2036152, 32.0808616 ], [ 130.2019129, 32.0817199 ], [ 130.2006864, 32.0823571 ], [ 130.1993234, 32.0830905 ], [ 130.1983573, 32.0836032 ], [ 130.1963508, 32.0846608 ], [ 130.1959075, 32.0849258 ], [ 130.1955833, 32.0851289 ], [ 130.1954047, 32.0852642 ], [ 130.1953081, 32.0853655 ], [ 130.1948521, 32.0859915 ], [ 130.1945036, 32.086497 ], [ 130.194035, 32.0872368 ], [ 130.1932563, 32.0885368 ], [ 130.1925938, 32.0896646 ], [ 130.19178, 32.0910497 ], [ 130.1916667, 32.0912057 ], [ 130.1915975, 32.0913031 ], [ 130.1915458, 32.0913639 ], [ 130.1915061, 32.0913978 ], [ 130.1912942, 32.0915331 ], [ 130.1910428, 32.0916229 ], [ 130.1908805, 32.0916647 ], [ 130.1906117, 32.0917025 ], [ 130.1903745, 32.0917191 ], [ 130.190134, 32.0917153 ], [ 130.1898587, 32.0916661 ], [ 130.189725, 32.0916172 ], [ 130.1895528, 32.0915158 ], [ 130.1893144, 32.0913131 ], [ 130.1882283, 32.0900783 ], [ 130.1881158, 32.0899881 ], [ 130.1878311, 32.0898472 ], [ 130.1874072, 32.0897006 ], [ 130.1872284, 32.0896497 ], [ 130.1869441, 32.0896469 ], [ 130.1867057, 32.0896836 ], [ 130.1864539, 32.0897289 ], [ 130.1858046, 32.0898247 ], [ 130.1840367, 32.0900895 ], [ 130.1830184, 32.0902477 ], [ 130.1824394, 32.0903172 ], [ 130.1822942, 32.0903747 ], [ 130.1820964, 32.0905403 ], [ 130.1819441, 32.0907265 ], [ 130.1817919, 32.0909633 ], [ 130.1817189, 32.0911436 ], [ 130.1811231, 32.0929025 ], [ 130.1810431, 32.0930306 ], [ 130.1809639, 32.093117 ], [ 130.180792, 32.0932408 ], [ 130.1805667, 32.0933311 ], [ 130.1802819, 32.0933931 ], [ 130.17992, 32.0933988 ], [ 130.1796461, 32.0933706 ], [ 130.1794342, 32.0933256 ], [ 130.1791428, 32.0932295 ], [ 130.1787786, 32.0930772 ], [ 130.1786264, 32.0930436 ], [ 130.1783481, 32.0930547 ], [ 130.1780472, 32.0931711 ], [ 130.1778127, 32.0933652 ], [ 130.17756, 32.0937328 ], [ 130.1770657, 32.0946792 ], [ 130.1769682, 32.0949381 ], [ 130.1769043, 32.0952047 ], [ 130.176861, 32.0954776 ], [ 130.1768514, 32.095885 ], [ 130.1769375, 32.0969336 ], [ 130.1769308, 32.0974239 ], [ 130.1769178, 32.0975986 ], [ 130.1768381, 32.0979145 ], [ 130.1763812, 32.0993182 ], [ 130.1763481, 32.099482 ], [ 130.176335, 32.0996736 ], [ 130.1764208, 32.0999044 ], [ 130.1765203, 32.1000681 ], [ 130.176825, 32.1005528 ], [ 130.1768911, 32.100705 ], [ 130.1768911, 32.1008856 ], [ 130.1767122, 32.1014775 ], [ 130.1765069, 32.1024189 ], [ 130.1764672, 32.1027403 ], [ 130.1764542, 32.1029658 ], [ 130.1764739, 32.1031911 ], [ 130.1766128, 32.1037381 ], [ 130.1767186, 32.1041387 ], [ 130.1767319, 32.104302 ], [ 130.1766194, 32.1044936 ], [ 130.1764606, 32.1046458 ], [ 130.1761512, 32.1048226 ], [ 130.1751093, 32.1053714 ], [ 130.1731231, 32.1064386 ], [ 130.1714144, 32.1073406 ], [ 130.1711564, 32.1075042 ], [ 130.1702358, 32.1083722 ], [ 130.1700503, 32.1085133 ], [ 130.1697655, 32.1086656 ], [ 130.1695737, 32.1087383 ], [ 130.1691503, 32.1088601 ], [ 130.1689697, 32.1088857 ], [ 130.1688955, 32.1088879 ], [ 130.168657, 32.108868 ], [ 130.168625, 32.1088641 ], [ 130.1684349, 32.1088385 ], [ 130.1682382, 32.1088089 ], [ 130.1677496, 32.1086279 ], [ 130.1672146, 32.1083353 ], [ 130.1670984, 32.1082741 ], [ 130.1661269, 32.1077618 ] ] } },
{ "type": "Feature", "properties": { "N12_001": "46", "N12_002": 2, "N12_003": 3, "N12_004": "一般国道504号", "N12_005": 22, "N12_006": 1 }, "geometry": { "type": "LineString", "coordinates": [ [ 130.7488144, 31.7739522 ], [ 130.7484442, 31.7737604 ], [ 130.7483149, 31.7737217 ], [ 130.7481271, 31.7736942 ], [ 130.7478864, 31.7736996 ], [ 130.7477032, 31.7737253 ], [ 130.7473872, 31.773774 ], [ 130.74678, 31.7739066 ], [ 130.7461269, 31.773988 ], [ 130.745828, 31.7740221 ], [ 130.7457098, 31.7740332 ], [ 130.7453226, 31.7740606 ], [ 130.7450692, 31.7740785 ], [ 130.744799, 31.7740896 ], [ 130.7428805, 31.7742147 ], [ 130.7427099, 31.7742299 ], [ 130.7424316, 31.7742383 ], [ 130.7422577, 31.7742173 ], [ 130.7420889, 31.7741911 ], [ 130.7418535, 31.7741459 ], [ 130.7416929, 31.774115 ], [ 130.7416476, 31.7741038 ], [ 130.7414959, 31.7740662 ], [ 130.7411571, 31.7739789 ], [ 130.7410888, 31.7739629 ], [ 130.7404824, 31.7737956 ], [ 130.7403718, 31.7737584 ], [ 130.7401324, 31.7736353 ], [ 130.7399888, 31.773518 ], [ 130.7394966, 31.7730466 ], [ 130.7392472, 31.7728303 ], [ 130.7387964, 31.7726292 ], [ 130.7386122, 31.7725167 ], [ 130.7382033, 31.7722402 ], [ 130.7380582, 31.7721466 ], [ 130.7379368, 31.7720732 ], [ 130.7368972, 31.7713947 ], [ 130.7366654, 31.7712703 ], [ 130.7366046, 31.771247 ], [ 130.736353, 31.7711623 ], [ 130.7362153, 31.7711117 ], [ 130.7357922, 31.7709762 ], [ 130.7355141, 31.7708976 ], [ 130.7353051, 31.770858 ], [ 130.7350772, 31.7708362 ], [ 130.7347052, 31.7708331 ], [ 130.7343318, 31.7708736 ], [ 130.7343214, 31.7708758 ], [ 130.7341911, 31.7709023 ], [ 130.7341223, 31.770919 ], [ 130.7338929, 31.7709706 ], [ 130.7337668, 31.7710103 ], [ 130.7334824, 31.7711178 ], [ 130.7333249, 31.7711892 ], [ 130.7331581, 31.7712646 ], [ 130.7328545, 31.7714338 ], [ 130.7326248, 31.7715347 ], [ 130.7323289, 31.771636 ], [ 130.7319799, 31.7717317 ], [ 130.7318814, 31.7717597 ], [ 130.7314741, 31.7718496 ], [ 130.7313113, 31.7718718 ], [ 130.730944, 31.7718828 ], [ 130.7305834, 31.7718715 ], [ 130.7304674, 31.7718495 ], [ 130.7301184, 31.7717652 ], [ 130.7295793, 31.7715908 ], [ 130.7289153, 31.7713051 ], [ 130.7288347, 31.7712645 ], [ 130.7280554, 31.7709315 ], [ 130.7277832, 31.7708463 ], [ 130.7275754, 31.7708062 ], [ 130.7273519, 31.7708062 ], [ 130.727096, 31.770881 ], [ 130.7269822, 31.7709553 ], [ 130.7268835, 31.7710393 ], [ 130.72681, 31.7711343 ], [ 130.7267035, 31.7713106 ], [ 130.726544, 31.7716906 ], [ 130.7264967, 31.7718466 ], [ 130.7264898, 31.7721152 ], [ 130.7265496, 31.7722171 ], [ 130.7266453, 31.7723806 ], [ 130.7269362, 31.7726632 ], [ 130.7271472, 31.7728267 ], [ 130.7275228, 31.7730744 ], [ 130.7279249, 31.7732998 ], [ 130.7285047, 31.773587 ], [ 130.7296803, 31.7742076 ], [ 130.7300017, 31.7743703 ], [ 130.7301605, 31.7744346 ], [ 130.7302124, 31.7744556 ], [ 130.7306409, 31.77457 ], [ 130.730954, 31.7746222 ], [ 130.7312608, 31.7747022 ], [ 130.731457, 31.7747888 ], [ 130.7315662, 31.774872 ], [ 130.7316098, 31.7749681 ], [ 130.7316146, 31.7750031 ], [ 130.7316352, 31.7751547 ], [ 130.7316286, 31.7756086 ], [ 130.7315894, 31.7760736 ], [ 130.7315251, 31.7762709 ], [ 130.7314478, 31.7763702 ], [ 130.7313492, 31.7764544 ], [ 130.7312599, 31.7765152 ], [ 130.73102, 31.7766204 ], [ 130.7308643, 31.77667 ], [ 130.7303941, 31.776796 ], [ 130.7300812, 31.7768691 ], [ 130.7296416, 31.7769215 ], [ 130.7295879, 31.7769238 ], [ 130.729094, 31.7769202 ], [ 130.728983, 31.7769327 ], [ 130.7288137, 31.7769801 ], [ 130.7286951, 31.7770528 ], [ 130.7286249, 31.7771066 ], [ 130.7283102, 31.7774818 ], [ 130.728075, 31.7778614 ], [ 130.7280366, 31.7779704 ], [ 130.7278789, 31.7785038 ], [ 130.727827, 31.7787979 ], [ 130.727827, 31.7790062 ], [ 130.7278524, 31.7791528 ], [ 130.7280696, 31.7797213 ], [ 130.728097, 31.7798498 ], [ 130.7281101, 31.7800426 ], [ 130.7281236, 31.7801335 ], [ 130.7281303, 31.7803486 ], [ 130.7281961, 31.7812681 ], [ 130.7282092, 31.7818788 ], [ 130.7281916, 31.782306 ], [ 130.7281625, 31.7825594 ], [ 130.728134, 31.7827295 ], [ 130.7280543, 31.7831712 ], [ 130.7279699, 31.7834619 ], [ 130.7279096, 31.7836276 ], [ 130.7278087, 31.7838059 ], [ 130.7277384, 31.7838958 ], [ 130.7277141, 31.7839269 ], [ 130.7275872, 31.7840299 ], [ 130.7273692, 31.7841539 ], [ 130.7270262, 31.7843005 ], [ 130.7266865, 31.7844208 ], [ 130.7266128, 31.7844471 ], [ 130.7265643, 31.7844638 ], [ 130.7261493, 31.7846156 ], [ 130.7257594, 31.7847795 ], [ 130.7250667, 31.7851064 ], [ 130.7249955, 31.7851461 ], [ 130.7247238, 31.785298 ], [ 130.7245526, 31.7854218 ], [ 130.7243758, 31.7855785 ], [ 130.7240936, 31.7859203 ], [ 130.7240033, 31.7860694 ], [ 130.7239251, 31.7862585 ], [ 130.7238662, 31.7864095 ], [ 130.7237752, 31.786738 ], [ 130.7237017, 31.7869934 ], [ 130.7235372, 31.7876401 ], [ 130.7234911, 31.7879329 ], [ 130.7234305, 31.7881926 ], [ 130.723375, 31.7884469 ], [ 130.7233617, 31.7885426 ], [ 130.7232432, 31.7890541 ], [ 130.7230386, 31.7899836 ], [ 130.7228412, 31.7905913 ], [ 130.7228061, 31.790679 ], [ 130.7227228, 31.7908885 ], [ 130.7225252, 31.7913 ], [ 130.7223498, 31.7916572 ], [ 130.7223364, 31.7916845 ], [ 130.7222629, 31.7918345 ], [ 130.7222355, 31.7918905 ], [ 130.722219, 31.7919214 ], [ 130.7220001, 31.7922183 ], [ 130.7219747, 31.7922523 ], [ 130.7218016, 31.7924517 ], [ 130.7215903, 31.7926435 ], [ 130.7215186, 31.79271 ], [ 130.7214918, 31.7927311 ] ] } },
{ "type": "Feature", "properties": { "N12_001": "46", "N12_002": 1, "N12_003": 3, "N12_004": "一般国道447号", "N12_005": 23, "N12_006": 1 }, "geometry": { "type": "LineString", "coordinates": [ [ 130.351994, 32.090739 ], [ 130.3513816, 32.0917276 ], [ 130.3512625, 32.0919417 ], [ 130.3510969, 32.0922236 ], [ 130.3508306, 32.0926654 ], [ 130.3504481, 32.0934072 ], [ 130.3503031, 32.0937104 ], [ 130.35, 32.0943332 ], [ 130.3495672, 32.0952225 ], [ 130.3491867, 32.0960163 ], [ 130.3490548, 32.0962915 ], [ 130.348415, 32.0975903 ], [ 130.3478314, 32.0987651 ], [ 130.3472535, 32.099935 ], [ 130.3469383, 32.1005708 ], [ 130.3466472, 32.1011581 ], [ 130.3463025, 32.1018744 ], [ 130.3458456, 32.1028103 ], [ 130.3453154, 32.1038822 ], [ 130.3451242, 32.1042804 ], [ 130.3447528, 32.105037 ], [ 130.3444981, 32.1055616 ], [ 130.3442561, 32.1060572 ], [ 130.3439514, 32.1066606 ], [ 130.3434551, 32.1076567 ], [ 130.3431205, 32.1083333 ], [ 130.3426943, 32.1091958 ], [ 130.3421898, 32.1101963 ], [ 130.3418258, 32.1109278 ], [ 130.3414686, 32.1116439 ], [ 130.3410831, 32.1124127 ], [ 130.3404419, 32.1137125 ], [ 130.3403756, 32.1138706 ], [ 130.3403027, 32.1141468 ], [ 130.3402631, 32.1145189 ], [ 130.3402531, 32.1147672 ], [ 130.3402258, 32.1152263 ], [ 130.3401837, 32.1159092 ], [ 130.3401572, 32.1164356 ], [ 130.3401414, 32.1166667 ], [ 130.3401201, 32.1169793 ], [ 130.3400869, 32.1174386 ] ] } },
{ "type": "Feature", "properties": { "N12_001": "46", "N12_002": 1, "N12_003": 3, "N12_004": "一般国道504号", "N12_005": 22, "N12_006": 2 }, "geometry": { "type": "LineString", "coordinates": [ [ 130.7214918, 31.7927311 ], [ 130.7213931, 31.7928086 ], [ 130.7184436, 31.7950904 ], [ 130.7172498, 31.7969055 ], [ 130.7165395, 31.7979457 ], [ 130.7164363, 31.7981035 ], [ 130.715808, 31.7990346 ], [ 130.7156957, 31.7992105 ], [ 130.715198, 31.7999414 ], [ 130.7151403, 31.8000354 ], [ 130.7143633, 31.8012273 ], [ 130.714166, 31.8015549 ], [ 130.7140598, 31.8017065 ], [ 130.7134194, 31.8025679 ], [ 130.7133071, 31.8027195 ], [ 130.7130066, 31.8031411 ], [ 130.7128488, 31.8032927 ] ] } },
{ "type": "Feature", "properties": { "N12_001": "46", "N12_002": 1, "N12_003": 3, "N12_004": "一般国道3号", "N12_005": 24, "N12_006": 1 }, "geometry": { "type": "LineString", "coordinates": [ [ 130.3675954, 32.1619489 ], [ 130.3674459, 32.1618216 ], [ 130.3667334, 32.1610518 ], [ 130.3656356, 32.1599513 ], [ 130.3647042, 32.1589924 ], [ 130.3642807, 32.1585521 ], [ 130.3639404, 32.1578098 ], [ 130.3635526, 32.1567342 ], [ 130.3633955, 32.1562679 ], [ 130.3634051, 32.1558729 ], [ 130.3635169, 32.155623 ], [ 130.3641049, 32.1549452 ], [ 130.3643592, 32.1546111 ], [ 130.3644914, 32.1543855 ], [ 130.3645842, 32.1541094 ], [ 130.3646042, 32.1539967 ], [ 130.364611, 32.1538701 ], [ 130.3646506, 32.1534616 ], [ 130.3646506, 32.1530553 ], [ 130.3646469, 32.1529374 ], [ 130.3646239, 32.1527903 ], [ 130.3645733, 32.1525654 ], [ 130.3644981, 32.1523225 ], [ 130.3643922, 32.1520181 ], [ 130.3643325, 32.1518433 ], [ 130.3641736, 32.1513079 ], [ 130.364081, 32.1509923 ], [ 130.3639286, 32.1505297 ], [ 130.3638494, 32.1503153 ], [ 130.36375, 32.1501406 ], [ 130.3636376, 32.1500054 ], [ 130.3635581, 32.1499322 ], [ 130.3633858, 32.1498139 ], [ 130.3630217, 32.1496278 ], [ 130.3622797, 32.1493122 ], [ 130.3621294, 32.1492655 ], [ 130.3619219, 32.1492009 ], [ 130.3618182, 32.1491687 ], [ 130.3616096, 32.1491038 ], [ 130.3613194, 32.14901 ], [ 130.3608433, 32.148812 ], [ 130.3605123, 32.1486504 ], [ 130.3601751, 32.1484055 ], [ 130.3597459, 32.1480477 ], [ 130.3594261, 32.1477167 ], [ 130.3592008, 32.1474797 ], [ 130.3591129, 32.1473823 ], [ 130.3588897, 32.1471409 ], [ 130.3588059, 32.1470384 ], [ 130.3587184, 32.14696 ], [ 130.3585592, 32.1468195 ], [ 130.3583961, 32.1466844 ], [ 130.3583333, 32.1466318 ], [ 130.3582001, 32.1465201 ], [ 130.3574261, 32.1458225 ], [ 130.357155, 32.1455575 ], [ 130.3569231, 32.145287 ], [ 130.3567244, 32.145022 ], [ 130.3565456, 32.1447236 ], [ 130.3562211, 32.1440695 ], [ 130.3561614, 32.1439511 ], [ 130.3557839, 32.1431111 ], [ 130.3557442, 32.1430322 ], [ 130.3554871, 32.1424643 ], [ 130.3554066, 32.1422768 ], [ 130.3552875, 32.14204 ], [ 130.3551237, 32.1416667 ], [ 130.3550822, 32.1415722 ], [ 130.3549167, 32.1412283 ], [ 130.3548506, 32.1411042 ], [ 130.3544664, 32.1402867 ], [ 130.354313, 32.1399672 ], [ 130.3542744, 32.1398867 ], [ 130.3540414, 32.1393465 ], [ 130.3539033, 32.1390223 ], [ 130.3536255, 32.1384426 ], [ 130.3531886, 32.1375697 ], [ 130.3530164, 32.1372033 ], [ 130.3528111, 32.1366792 ], [ 130.3527317, 32.1364083 ], [ 130.3526853, 32.1362395 ], [ 130.35265, 32.1360656 ], [ 130.3526189, 32.1359122 ], [ 130.3525349, 32.135702 ], [ 130.352208, 32.135162 ], [ 130.3521158, 32.1350386 ], [ 130.3517119, 32.1345933 ], [ 130.3511888, 32.1340238 ], [ 130.35101, 32.1338042 ], [ 130.35054, 32.1331544 ], [ 130.3503614, 32.1329075 ], [ 130.3502977, 32.1328196 ], [ 130.3495919, 32.1321763 ], [ 130.3487226, 32.1316496 ], [ 130.3467725, 32.1305533 ], [ 130.3463156, 32.1303089 ], [ 130.3460972, 32.1301867 ], [ 130.3460439, 32.130157 ], [ 130.3454544, 32.1297622 ], [ 130.3453022, 32.1296494 ], [ 130.3452294, 32.1296045 ], [ 130.3450903, 32.1294917 ], [ 130.3447168, 32.1290508 ], [ 130.3445208, 32.1288208 ], [ 130.3443222, 32.1285952 ], [ 130.3442228, 32.1284317 ], [ 130.3439978, 32.1280145 ], [ 130.3436469, 32.1272422 ], [ 130.3432891, 32.1264249 ], [ 130.3430575, 32.1259119 ], [ 130.3426702, 32.125 ], [ 130.3425476, 32.1247114 ], [ 130.342415, 32.1243728 ], [ 130.3422693, 32.1240267 ], [ 130.3419183, 32.1233525 ], [ 130.3416601, 32.1228904 ], [ 130.3414149, 32.1225179 ], [ 130.3410378, 32.1219995 ], [ 130.3409453, 32.1218811 ], [ 130.3405611, 32.1214019 ], [ 130.3404228, 32.1212506 ], [ 130.3401439, 32.1208267 ], [ 130.3400908, 32.1206917 ], [ 130.3400314, 32.1205 ], [ 130.3400056, 32.1203738 ], [ 130.3399717, 32.1201731 ], [ 130.3399611, 32.1200367 ], [ 130.3399717, 32.1199136 ], [ 130.3400247, 32.1187636 ], [ 130.3400639, 32.1180031 ], [ 130.3400678, 32.11785 ], [ 130.3400645, 32.1177548 ], [ 130.3400869, 32.1174386 ], [ 130.3399594, 32.1170169 ], [ 130.3398789, 32.1169033 ], [ 130.3396731, 32.1166667 ], [ 130.3395787, 32.116558 ], [ 130.3395013, 32.1164691 ], [ 130.3394086, 32.1163903 ], [ 130.3392429, 32.1162988 ], [ 130.3388064, 32.1160827 ], [ 130.338461, 32.1159335 ], [ 130.3370287, 32.1154381 ], [ 130.3369235, 32.1154056 ], [ 130.336495, 32.1152628 ], [ 130.3363494, 32.1152119 ], [ 130.3357069, 32.1149075 ], [ 130.3355547, 32.1148231 ], [ 130.3354168, 32.1147594 ], [ 130.3348464, 32.1144508 ], [ 130.3341578, 32.1140845 ], [ 130.334065, 32.1140281 ], [ 130.3333908, 32.1136712 ], [ 130.3333333, 32.1136397 ], [ 130.3327425, 32.1133163 ], [ 130.3325881, 32.1132333 ], [ 130.3315551, 32.1126867 ], [ 130.3311247, 32.1124497 ], [ 130.3306731, 32.1122104 ], [ 130.3305289, 32.1121339 ], [ 130.3301391, 32.1119184 ], [ 130.3297163, 32.1116903 ], [ 130.3294425, 32.1115197 ], [ 130.3293145, 32.111452 ], [ 130.3289328, 32.111232 ], [ 130.3287377, 32.11113 ], [ 130.3284361, 32.1109725 ], [ 130.3280911, 32.1107805 ], [ 130.3276277, 32.1105408 ], [ 130.3269304, 32.1101672 ], [ 130.3262642, 32.109817 ], [ 130.3256483, 32.1094897 ], [ 130.3254109, 32.1093665 ], [ 130.3248164, 32.1090493 ], [ 130.3243373, 32.1087952 ], [ 130.3238324, 32.1085252 ], [ 130.3234409, 32.1083193 ], [ 130.3230261, 32.1081033 ], [ 130.3228606, 32.1080131 ], [ 130.3227137, 32.1079336 ], [ 130.3220589, 32.1075843 ], [ 130.3215303, 32.10731 ], [ 130.3209731, 32.1070208 ], [ 130.3201914, 32.1066035 ], [ 130.319955, 32.1064847 ], [ 130.3195228, 32.1062539 ], [ 130.31896, 32.1059608 ], [ 130.3185372, 32.1057359 ], [ 130.3135536, 32.1031532 ], [ 130.3109837, 32.1017953 ], [ 130.3075586, 32.0999869 ], [ 130.303688, 32.097893 ], [ 130.3011563, 32.0965288 ], [ 130.297396, 32.0944934 ], [ 130.296915, 32.094252 ], [ 130.2965974, 32.094094 ], [ 130.2960608, 32.0938064 ], [ 130.2957031, 32.0936261 ], [ 130.295291, 32.0934044 ], [ 130.2940449, 32.0927356 ], [ 130.2938973, 32.0926576 ], [ 130.2933075, 32.0923436 ], [ 130.2929022, 32.0921267 ], [ 130.2920555, 32.0916667 ], [ 130.2918228, 32.0915403 ], [ 130.2916667, 32.0914595 ], [ 130.2914849, 32.0913655 ], [ 130.2901622, 32.0906502 ], [ 130.2894463, 32.0902668 ], [ 130.2889289, 32.0899844 ], [ 130.2880614, 32.0895278 ], [ 130.2865086, 32.0886975 ], [ 130.2860083, 32.0884283 ], [ 130.2856311, 32.0882367 ], [ 130.2851381, 32.0879803 ], [ 130.2850191, 32.0879184 ], [ 130.2846117, 32.0877071 ], [ 130.284519, 32.0876567 ], [ 130.2842379, 32.0875035 ], [ 130.2841606, 32.0874625 ], [ 130.2833333, 32.0870473 ], [ 130.2830195, 32.0868897 ], [ 130.28167, 32.0861556 ], [ 130.2812967, 32.0859536 ], [ 130.2808322, 32.0857075 ], [ 130.2806747, 32.0856211 ], [ 130.2804628, 32.0855139 ], [ 130.2798999, 32.0852146 ], [ 130.2795961, 32.0850461 ], [ 130.2791792, 32.0848319 ], [ 130.2788893, 32.0846748 ], [ 130.2779619, 32.0841836 ], [ 130.2771831, 32.083757 ], [ 130.2765064, 32.0834103 ], [ 130.2763618, 32.0833333 ], [ 130.2755867, 32.0829206 ], [ 130.2750444, 32.08262 ], [ 130.2728388, 32.0819855 ], [ 130.2693489, 32.0809639 ], [ 130.2658295, 32.079973 ], [ 130.2652596, 32.0798029 ], [ 130.2642072, 32.0795042 ], [ 130.2640286, 32.0794422 ], [ 130.2639694, 32.0794279 ], [ 130.2633992, 32.0792604 ], [ 130.26338, 32.0792506 ], [ 130.2624672, 32.0789856 ], [ 130.26168, 32.0787545 ], [ 130.2615226, 32.0787089 ], [ 130.2609108, 32.0785314 ], [ 130.2597808, 32.078202 ], [ 130.2596951, 32.0781742 ], [ 130.2583333, 32.0777824 ], [ 130.2581207, 32.0777213 ], [ 130.256878, 32.0773154 ], [ 130.2541708, 32.0765607 ], [ 130.2537603, 32.0764314 ], [ 130.2536678, 32.0763978 ], [ 130.2533569, 32.0762172 ], [ 130.2530061, 32.0759974 ], [ 130.2527667, 32.075863 ], [ 130.2524044, 32.0756596 ], [ 130.2520669, 32.0754508 ], [ 130.251289, 32.075 ], [ 130.2511465, 32.0749174 ], [ 130.2509089, 32.0747797 ], [ 130.2503336, 32.0744697 ], [ 130.2498827, 32.0742278 ], [ 130.2496522, 32.0741089 ], [ 130.2491756, 32.0738494 ], [ 130.2486397, 32.0735675 ], [ 130.2485736, 32.0735394 ], [ 130.2479055, 32.0731732 ], [ 130.2477735, 32.073095 ], [ 130.2471081, 32.072641 ], [ 130.2466483, 32.0723556 ], [ 130.2465425, 32.0722936 ], [ 130.2459136, 32.0719101 ], [ 130.2457817, 32.0718311 ], [ 130.245636, 32.0717522 ], [ 130.2454375, 32.0716283 ], [ 130.2450625, 32.071422 ], [ 130.2447586, 32.0712506 ], [ 130.2445492, 32.0711396 ], [ 130.243876, 32.0707825 ], [ 130.243615, 32.0706589 ], [ 130.2434495, 32.0705786 ], [ 130.2430097, 32.0703826 ], [ 130.2426311, 32.070225 ], [ 130.2422011, 32.0700328 ], [ 130.2416966, 32.0697719 ], [ 130.2409788, 32.0693847 ], [ 130.2404556, 32.0691083 ], [ 130.2400256, 32.0688714 ], [ 130.2390495, 32.0683378 ], [ 130.2388811, 32.0682455 ], [ 130.2386958, 32.0681442 ], [ 130.2384508, 32.0680089 ], [ 130.2380869, 32.0678058 ], [ 130.2379547, 32.0677272 ], [ 130.2371466, 32.0672757 ], [ 130.2360421, 32.0666716 ], [ 130.2353742, 32.0663064 ], [ 130.2349575, 32.0660808 ], [ 130.2347986, 32.066002 ], [ 130.2347723, 32.0659792 ], [ 130.2338659, 32.0654945 ], [ 130.2333333, 32.0652084 ], [ 130.2326487, 32.0648408 ], [ 130.2324768, 32.064745 ], [ 130.232205, 32.0645981 ], [ 130.2318742, 32.0644178 ], [ 130.2314969, 32.0642147 ], [ 130.2309681, 32.0639386 ], [ 130.2305908, 32.0637864 ], [ 130.2304253, 32.0637411 ], [ 130.230313, 32.0637186 ], [ 130.2300081, 32.0636567 ], [ 130.2297653, 32.0636011 ], [ 130.229605, 32.0635495 ], [ 130.2293743, 32.0634663 ], [ 130.2289922, 32.0632812 ], [ 130.2286421, 32.0631051 ], [ 130.228129, 32.0628106 ], [ 130.2279775, 32.0627264 ], [ 130.227488, 32.0624388 ], [ 130.2265417, 32.0618695 ], [ 130.2256444, 32.0613409 ], [ 130.2252471, 32.0611019 ], [ 130.2250164, 32.0609661 ], [ 130.2241217, 32.0605091 ], [ 130.2240412, 32.0604659 ], [ 130.2236108, 32.0602401 ], [ 130.2233773, 32.0601226 ], [ 130.2230283, 32.059947 ], [ 130.2228431, 32.0598397 ], [ 130.2227525, 32.0597736 ], [ 130.2226775, 32.059702 ], [ 130.2226042, 32.0595723 ], [ 130.2225319, 32.0593383 ], [ 130.2224592, 32.0589717 ], [ 130.2224341, 32.0588283 ], [ 130.2220592, 32.0578038 ], [ 130.2214564, 32.0560716 ], [ 130.2213104, 32.0554942 ], [ 130.2211391, 32.0542251 ], [ 130.2212296, 32.0530825 ], [ 130.2212286, 32.0529903 ], [ 130.2212186, 32.0527955 ], [ 130.2212131, 32.0527372 ], [ 130.2212022, 32.0526858 ], [ 130.2210433, 32.0521617 ], [ 130.2210075, 32.0520233 ], [ 130.2209772, 32.0518628 ], [ 130.2209375, 32.0515583 ], [ 130.2209111, 32.0510394 ], [ 130.220897, 32.0507688 ], [ 130.2208847, 32.0505436 ], [ 130.2208449, 32.0501721 ], [ 130.2208246, 32.05 ], [ 130.2208008, 32.0497973 ], [ 130.2207428, 32.0493646 ], [ 130.2207029, 32.0490931 ], [ 130.2206698, 32.0489523 ], [ 130.2206336, 32.0488522 ], [ 130.2205597, 32.0487064 ], [ 130.2204814, 32.0485875 ], [ 130.2203659, 32.0484378 ], [ 130.22021, 32.0482717 ], [ 130.2200872, 32.0481494 ], [ 130.2199122, 32.0479897 ], [ 130.2192245, 32.0474205 ], [ 130.2185625, 32.0468961 ], [ 130.2181983, 32.0466481 ], [ 130.2179933, 32.0465464 ], [ 130.2173781, 32.0462872 ], [ 130.2169614, 32.0461181 ], [ 130.2168291, 32.0460558 ], [ 130.2166873, 32.0459641 ], [ 130.216413, 32.0456843 ], [ 130.2163583, 32.0455997 ], [ 130.2163158, 32.0455164 ], [ 130.2162803, 32.0454325 ], [ 130.2162467, 32.0453403 ], [ 130.2162214, 32.0452522 ], [ 130.2162092, 32.0451383 ], [ 130.2161806, 32.0447539 ], [ 130.2161717, 32.0443217 ], [ 130.2161806, 32.0432822 ], [ 130.2161872, 32.0426752 ], [ 130.2162069, 32.0416741 ], [ 130.2162203, 32.040882 ], [ 130.2162178, 32.0406775 ], [ 130.2162142, 32.0406253 ], [ 130.2162086, 32.0405858 ], [ 130.2162028, 32.0405536 ], [ 130.2161928, 32.0405081 ], [ 130.2161572, 32.0403933 ], [ 130.2160842, 32.0401939 ], [ 130.216035, 32.0400972 ], [ 130.2159286, 32.0399389 ], [ 130.2158167, 32.0397928 ], [ 130.2157242, 32.0396858 ], [ 130.215618, 32.0395842 ], [ 130.2155167, 32.0395031 ], [ 130.2153733, 32.039398 ], [ 130.2152644, 32.0393359 ], [ 130.2149894, 32.0391894 ], [ 130.2141228, 32.0388058 ], [ 130.2136346, 32.0385776 ], [ 130.2135803, 32.0385522 ], [ 130.2125086, 32.0379883 ], [ 130.2119131, 32.0376164 ], [ 130.2115094, 32.037295 ], [ 130.2113081, 32.0371478 ], [ 130.2112453, 32.0371036 ], [ 130.2111878, 32.0370695 ], [ 130.2111175, 32.0370331 ], [ 130.2109205, 32.0369336 ], [ 130.2108269, 32.0368956 ], [ 130.2107219, 32.036855 ], [ 130.2103053, 32.0367205 ], [ 130.2092461, 32.0364322 ], [ 130.2087086, 32.0362788 ], [ 130.2085453, 32.036235 ], [ 130.2083333, 32.0361785 ], [ 130.2082503, 32.0361564 ], [ 130.2079629, 32.0360658 ], [ 130.2077533, 32.035995 ], [ 130.2075209, 32.035897 ], [ 130.2073697, 32.0358183 ], [ 130.2071889, 32.035705 ], [ 130.2069736, 32.0355547 ], [ 130.2067653, 32.0354008 ], [ 130.2065414, 32.0352214 ], [ 130.2061967, 32.0349164 ], [ 130.2059844, 32.0347242 ], [ 130.2058086, 32.0345595 ], [ 130.2056469, 32.0344083 ], [ 130.2048661, 32.033732 ], [ 130.2044288, 32.0333333 ], [ 130.2041917, 32.0331172 ], [ 130.2037019, 32.0326945 ], [ 130.2034507, 32.0324971 ], [ 130.2028483, 32.0320628 ], [ 130.2027041, 32.0319491 ], [ 130.2026497, 32.0319106 ], [ 130.2012603, 32.0311328 ], [ 130.2006647, 32.0308003 ], [ 130.200294, 32.0305971 ], [ 130.2, 32.030432 ], [ 130.1997121, 32.0302702 ], [ 130.1991697, 32.0299658 ], [ 130.198908, 32.0298208 ], [ 130.1982764, 32.0294695 ], [ 130.1981292, 32.0293822 ], [ 130.1974421, 32.029007 ], [ 130.1969595, 32.0287325 ], [ 130.1964891, 32.0284562 ], [ 130.1963374, 32.0283615 ], [ 130.1962542, 32.0283015 ], [ 130.1961108, 32.0281689 ], [ 130.1960174, 32.0280724 ], [ 130.1959179, 32.027946 ], [ 130.1958599, 32.0278539 ], [ 130.1957975, 32.0277383 ], [ 130.1957295, 32.0275776 ], [ 130.1956973, 32.027479 ], [ 130.1956722, 32.0273764 ], [ 130.195647, 32.0272265 ], [ 130.195639, 32.0270616 ], [ 130.1956361, 32.0262002 ], [ 130.1956609, 32.0251495 ], [ 130.1956692, 32.0248005 ], [ 130.1956758, 32.023285 ], [ 130.1956862, 32.0228828 ], [ 130.1956892, 32.0226003 ], [ 130.195702, 32.022321 ], [ 130.1957297, 32.0213084 ], [ 130.1957552, 32.0206354 ], [ 130.1957553, 32.0200823 ], [ 130.1957753, 32.019433 ], [ 130.1957819, 32.0192089 ], [ 130.1957953, 32.0191297 ], [ 130.1960928, 32.018865 ], [ 130.1964826, 32.0186003 ], [ 130.1966089, 32.0185208 ], [ 130.1970156, 32.018247 ], [ 130.1971161, 32.018105 ], [ 130.1971911, 32.0179856 ], [ 130.1973128, 32.0177372 ], [ 130.1973572, 32.017642 ], [ 130.1974069, 32.017527 ], [ 130.1974527, 32.0173785 ], [ 130.1974807, 32.0172981 ], [ 130.197555, 32.0170833 ], [ 130.1975916, 32.016968 ], [ 130.1976583, 32.0166667 ], [ 130.1976351, 32.0161981 ], [ 130.1973305, 32.0135585 ], [ 130.1969054, 32.0103542 ], [ 130.1965374, 32.0072196 ], [ 130.1961947, 32.0037171 ], [ 130.195795, 32.0001574 ], [ 130.1958547, 31.9993742 ], [ 130.1958872, 31.9991206 ], [ 130.1959645, 31.998786 ], [ 130.1961212, 31.9981919 ], [ 130.1964797, 31.9972103 ], [ 130.1967226, 31.9966452 ], [ 130.1968433, 31.9963644 ], [ 130.1972412, 31.9955571 ], [ 130.1973875, 31.9952278 ], [ 130.1974621, 31.9950201 ], [ 130.1975212, 31.9948234 ], [ 130.1975469, 31.9947097 ], [ 130.1975727, 31.9945677 ], [ 130.1975969, 31.9943178 ], [ 130.1976003, 31.9940434 ], [ 130.1975999, 31.99389 ], [ 130.1975769, 31.9936811 ], [ 130.1974969, 31.9931737 ], [ 130.1974058, 31.9926115 ], [ 130.1973801, 31.9923711 ], [ 130.197375, 31.9922771 ], [ 130.1973878, 31.9921569 ], [ 130.1974109, 31.9920067 ], [ 130.1974767, 31.9918043 ], [ 130.1975109, 31.9917075 ], [ 130.1979937, 31.9908459 ], [ 130.1981278, 31.9906012 ], [ 130.1982417, 31.9903866 ], [ 130.1983444, 31.9902364 ], [ 130.1984531, 31.9901072 ], [ 130.1986172, 31.9899542 ], [ 130.1988733, 31.9897056 ], [ 130.1989836, 31.9896125 ], [ 130.1991019, 31.9895345 ], [ 130.1992672, 31.9894517 ], [ 130.19953, 31.9893422 ], [ 130.199816, 31.9892434 ], [ 130.2001998, 31.989125 ], [ 130.2006232, 31.9890081 ], [ 130.2009005, 31.988925 ], [ 130.2010661, 31.9888606 ], [ 130.2012861, 31.9887597 ], [ 130.2015622, 31.9885944 ], [ 130.2018058, 31.9884208 ], [ 130.2021781, 31.9881558 ], [ 130.2023828, 31.9879922 ], [ 130.2026539, 31.987733 ], [ 130.2031167, 31.9872481 ], [ 130.2033945, 31.9869628 ], [ 130.2036586, 31.9866281 ], [ 130.2038239, 31.9863406 ], [ 130.2038836, 31.9861828 ], [ 130.2039231, 31.9859797 ], [ 130.2039167, 31.9855905 ], [ 130.2038569, 31.9845983 ], [ 130.2038372, 31.9841078 ], [ 130.2038175, 31.9838035 ], [ 130.2037925, 31.9833333 ], [ 130.2037625, 31.9827699 ], [ 130.2033331, 31.9807093 ], [ 130.2034039, 31.9804486 ], [ 130.2034192, 31.9802754 ], [ 130.2034681, 31.9800042 ], [ 130.2035269, 31.9797283 ], [ 130.2036303, 31.9793308 ], [ 130.2037275, 31.9790011 ], [ 130.2038639, 31.9785097 ], [ 130.2040358, 31.9778725 ], [ 130.2040918, 31.9776481 ], [ 130.2041878, 31.9773029 ], [ 130.2042936, 31.9768239 ], [ 130.2043731, 31.9766039 ], [ 130.2044589, 31.9763953 ], [ 130.2046439, 31.9760908 ], [ 130.2048947, 31.9757469 ], [ 130.2052786, 31.9753408 ], [ 130.2055969, 31.975 ], [ 130.2057678, 31.974817 ], [ 130.2059858, 31.97458 ], [ 130.2064025, 31.9741683 ], [ 130.2065203, 31.9740883 ], [ 130.2069386, 31.9738578 ], [ 130.2073026, 31.9736394 ], [ 130.2077358, 31.9733814 ], [ 130.2081433, 31.973105 ], [ 130.2083333, 31.9729802 ], [ 130.2086103, 31.9727983 ], [ 130.2088653, 31.9726203 ], [ 130.2090633, 31.9724761 ], [ 130.2091856, 31.972353 ], [ 130.2095539, 31.9720256 ], [ 130.2097175, 31.9718442 ], [ 130.2098236, 31.9716911 ], [ 130.2098891, 31.9715579 ], [ 130.2099283, 31.9714333 ], [ 130.2099753, 31.9712389 ], [ 130.2100317, 31.971017 ], [ 130.2101893, 31.9704454 ], [ 130.2104217, 31.9695906 ], [ 130.2105472, 31.9691845 ], [ 130.2106597, 31.9688858 ], [ 130.2107853, 31.9686153 ], [ 130.2110167, 31.9682431 ], [ 130.2111622, 31.967995 ], [ 130.2113084, 31.9677817 ], [ 130.2114453, 31.9676128 ], [ 130.2116581, 31.9673692 ], [ 130.2118103, 31.9671605 ], [ 130.2119901, 31.9668732 ], [ 130.212034, 31.9667375 ], [ 130.212031, 31.9666517 ], [ 130.2120403, 31.9665383 ], [ 130.2120625, 31.9663845 ], [ 130.2121072, 31.9661822 ], [ 130.2121739, 31.9659314 ], [ 130.2122239, 31.9656404 ], [ 130.2122583, 31.9655014 ], [ 130.2122989, 31.9653631 ], [ 130.2124308, 31.9650195 ], [ 130.2126022, 31.9645497 ], [ 130.2127229, 31.9640688 ], [ 130.2127687, 31.9638849 ], [ 130.2128017, 31.963795 ], [ 130.213, 31.9634114 ], [ 130.2131586, 31.9630056 ], [ 130.2131983, 31.9628195 ], [ 130.2132083, 31.9627095 ], [ 130.2132364, 31.9618286 ], [ 130.2132514, 31.9611225 ], [ 130.2132969, 31.9609428 ], [ 130.2133836, 31.9607955 ], [ 130.2138, 31.9602825 ], [ 130.2139786, 31.9600289 ], [ 130.2141705, 31.9597131 ], [ 130.2142431, 31.9595494 ], [ 130.2142761, 31.9594256 ], [ 130.2143046, 31.9592757 ], [ 130.2143158, 31.959217 ], [ 130.2143361, 31.9588617 ], [ 130.2143459, 31.9577078 ], [ 130.2145172, 31.9573081 ], [ 130.2149106, 31.9567941 ], [ 130.2153358, 31.9561088 ], [ 130.2160471, 31.9546547 ], [ 130.2161736, 31.9543403 ], [ 130.2163719, 31.9537653 ], [ 130.2164647, 31.9534214 ], [ 130.2165042, 31.9532353 ], [ 130.2165308, 31.9530211 ], [ 130.2165372, 31.9528295 ], [ 130.2165042, 31.9526714 ], [ 130.216425, 31.9524233 ], [ 130.2162667, 31.9521475 ], [ 130.2158699, 31.9515213 ], [ 130.2156806, 31.9511603 ], [ 130.2156586, 31.9510822 ], [ 130.2156517, 31.9510367 ], [ 130.2156528, 31.9509506 ], [ 130.2156647, 31.9508706 ], [ 130.2157047, 31.9507492 ], [ 130.2159175, 31.9502278 ], [ 130.2159686, 31.9501253 ], [ 130.2160219, 31.95 ], [ 130.2168332, 31.9483676 ], [ 130.2168903, 31.9478854 ], [ 130.216865, 31.9473968 ], [ 130.2164658, 31.9451632 ], [ 130.2164617, 31.9451258 ], [ 130.2164307, 31.9448558 ], [ 130.2164066, 31.9446431 ], [ 130.2163229, 31.9439819 ], [ 130.2163142, 31.9438828 ], [ 130.2163206, 31.943775 ], [ 130.21635, 31.9436186 ], [ 130.2165672, 31.9426945 ], [ 130.2166667, 31.9422647 ], [ 130.2168051, 31.9416667 ], [ 130.2168752, 31.9413635 ], [ 130.2170198, 31.9407368 ], [ 130.2170523, 31.9405836 ], [ 130.2170947, 31.9404045 ], [ 130.2172122, 31.9398572 ], [ 130.2172785, 31.9393621 ], [ 130.2173031, 31.9389861 ], [ 130.2173211, 31.9387272 ], [ 130.2173389, 31.9382746 ], [ 130.217365, 31.9380847 ], [ 130.2174678, 31.9377513 ], [ 130.2175814, 31.9374736 ], [ 130.2177722, 31.9370686 ], [ 130.2180014, 31.9366278 ], [ 130.2181902, 31.9362066 ], [ 130.2183381, 31.9359172 ], [ 130.2186825, 31.9353603 ], [ 130.2188483, 31.9350842 ], [ 130.2189669, 31.934869 ], [ 130.2191967, 31.9344622 ], [ 130.2196527, 31.933591 ], [ 130.2197803, 31.9333626 ], [ 130.2199883, 31.9330123 ], [ 130.2200658, 31.9327958 ], [ 130.2201022, 31.9326506 ], [ 130.2201169, 31.9325358 ], [ 130.2201242, 31.9322492 ], [ 130.2201269, 31.9319169 ], [ 130.2201228, 31.9317 ], [ 130.22011, 31.9314858 ], [ 130.2201012, 31.9313755 ], [ 130.2204017, 31.9310964 ], [ 130.2206281, 31.9309064 ], [ 130.2208031, 31.930797 ], [ 130.2210939, 31.9306897 ], [ 130.2213583, 31.9306278 ], [ 130.2218555, 31.9305603 ], [ 130.2224906, 31.9304542 ], [ 130.2228653, 31.9303625 ], [ 130.2230111, 31.9303178 ], [ 130.2231611, 31.9302631 ], [ 130.2233794, 31.9301648 ], [ 130.2235202, 31.9300806 ], [ 130.2236667, 31.929965 ], [ 130.2238108, 31.9298158 ], [ 130.22393, 31.9296636 ], [ 130.2240622, 31.9294551 ], [ 130.2241878, 31.9291788 ], [ 130.2242472, 31.9289758 ], [ 130.2242827, 31.9287739 ], [ 130.2243067, 31.9286375 ], [ 130.2243328, 31.9283061 ], [ 130.2243236, 31.92811 ], [ 130.2243, 31.9279383 ], [ 130.2242606, 31.9277753 ], [ 130.2241483, 31.927527 ], [ 130.2239918, 31.9272599 ], [ 130.2234936, 31.9264523 ], [ 130.2233153, 31.9261346 ], [ 130.2232492, 31.9259878 ], [ 130.2231567, 31.9256833 ], [ 130.2230454, 31.9250278 ], [ 130.2230381, 31.9249845 ], [ 130.2229342, 31.9245464 ], [ 130.2228442, 31.9242405 ], [ 130.2226281, 31.9236933 ], [ 130.2224381, 31.9232195 ], [ 130.2223661, 31.9229989 ], [ 130.2222403, 31.9224433 ], [ 130.2222175, 31.9223039 ], [ 130.2221825, 31.9219614 ], [ 130.2221633, 31.9218445 ], [ 130.2221214, 31.9216017 ], [ 130.2220844, 31.9212702 ], [ 130.2220467, 31.9210492 ], [ 130.2220204, 31.9207297 ], [ 130.2220578, 31.9204658 ], [ 130.2221431, 31.9202742 ], [ 130.2222322, 31.9201133 ], [ 130.22231, 31.9199442 ], [ 130.22234, 31.9198656 ], [ 130.2225522, 31.9190142 ], [ 130.2227967, 31.9180611 ], [ 130.2229222, 31.9175875 ], [ 130.2231606, 31.9166667 ], [ 130.2231994, 31.9165164 ], [ 130.2233447, 31.9159639 ], [ 130.2233975, 31.9157608 ], [ 130.2234829, 31.9154589 ], [ 130.223708, 31.9146681 ], [ 130.2238339, 31.9142331 ], [ 130.2237178, 31.9146338 ], [ 130.224084, 31.9133667 ], [ 130.2243028, 31.9125358 ], [ 130.2243622, 31.9122933 ], [ 130.2244347, 31.9120339 ], [ 130.2247413, 31.9110384 ], [ 130.2248117, 31.9107261 ], [ 130.2248447, 31.9104442 ], [ 130.2248381, 31.9099367 ], [ 130.2248181, 31.9096549 ], [ 130.2247456, 31.9091306 ], [ 130.2246764, 31.9087994 ], [ 130.2246597, 31.9087192 ], [ 130.2245869, 31.9085106 ], [ 130.2245073, 31.9083333 ], [ 130.2244881, 31.9082906 ], [ 130.2243772, 31.908057 ], [ 130.2242967, 31.9078903 ], [ 130.2242569, 31.9077547 ], [ 130.2242489, 31.9076803 ], [ 130.2242506, 31.9075856 ], [ 130.2242603, 31.907512 ], [ 130.2242836, 31.9074278 ], [ 130.2244683, 31.9069995 ], [ 130.2244831, 31.9068992 ], [ 130.2244778, 31.9067989 ], [ 130.2244683, 31.9067289 ], [ 130.2244444, 31.9066306 ], [ 130.2243825, 31.9064075 ], [ 130.2238942, 31.904502 ], [ 130.2238688, 31.9044186 ], [ 130.2236455, 31.9031008 ], [ 130.2235059, 31.9025995 ], [ 130.2229374, 31.9008489 ], [ 130.2229169, 31.9007639 ], [ 130.2228609, 31.9004428 ], [ 130.2227318, 31.8998457 ], [ 130.2227318, 31.8993571 ], [ 130.2228753, 31.8984258 ], [ 130.2228803, 31.8983261 ], [ 130.2228692, 31.898137 ], [ 130.2228581, 31.8980147 ], [ 130.2227911, 31.8978811 ], [ 130.2226464, 31.8977364 ], [ 130.2222456, 31.8973695 ], [ 130.2221558, 31.897178 ], [ 130.2221336, 31.8969889 ], [ 130.2221447, 31.8967886 ], [ 130.222235, 31.8964189 ], [ 130.2222106, 31.8962478 ], [ 130.2221447, 31.8959661 ], [ 130.2220389, 31.8953064 ], [ 130.2220389, 31.8949117 ], [ 130.2220786, 31.8947031 ], [ 130.2221314, 31.8945283 ], [ 130.2221644, 31.8943197 ], [ 130.2221644, 31.8942175 ], [ 130.2219564, 31.8936527 ], [ 130.2216391, 31.8933228 ], [ 130.2211569, 31.8929865 ], [ 130.220865, 31.8924598 ], [ 130.2206429, 31.8918634 ], [ 130.2205985, 31.8913811 ], [ 130.2207381, 31.8910512 ], [ 130.22196, 31.8903561 ], [ 130.2220328, 31.8903225 ], [ 130.2222836, 31.8901645 ], [ 130.2224158, 31.8900575 ], [ 130.2225389, 31.889929 ], [ 130.2226469, 31.8897928 ], [ 130.2229353, 31.8893244 ], [ 130.2230533, 31.88906 ], [ 130.2231225, 31.8889186 ], [ 130.2232481, 31.8886256 ], [ 130.2234954, 31.8880599 ], [ 130.2235847, 31.8878533 ], [ 130.2242639, 31.8863709 ], [ 130.2243247, 31.886235 ], [ 130.2245758, 31.8856828 ], [ 130.225, 31.8847527 ], [ 130.2254426, 31.8837822 ], [ 130.225527, 31.8835966 ], [ 130.2257009, 31.8831168 ], [ 130.2259561, 31.8824125 ], [ 130.22626, 31.8816122 ], [ 130.2263261, 31.8814431 ], [ 130.2264182, 31.881201 ], [ 130.2265108, 31.8808508 ], [ 130.2265967, 31.8803208 ], [ 130.2266694, 31.8796897 ], [ 130.2267406, 31.8793292 ], [ 130.2268433, 31.8788969 ], [ 130.2269072, 31.87859 ], [ 130.2269161, 31.8784989 ], [ 130.2269183, 31.87841 ], [ 130.2269075, 31.87828 ], [ 130.2268928, 31.8781947 ], [ 130.2268742, 31.8781075 ], [ 130.2268022, 31.8778913 ], [ 130.2263525, 31.8767414 ], [ 130.2259433, 31.8755967 ], [ 130.2256861, 31.8748029 ], [ 130.2254678, 31.8741925 ], [ 130.2254038, 31.8739632 ], [ 130.2253889, 31.8739022 ], [ 130.2253566, 31.8737114 ], [ 130.2253467, 31.8736483 ], [ 130.2253161, 31.8734372 ], [ 130.2252236, 31.87249 ], [ 130.2251244, 31.8709508 ], [ 130.2251047, 31.8707083 ], [ 130.2250914, 31.8703361 ], [ 130.2250724, 31.8700553 ], [ 130.2250453, 31.8696539 ], [ 130.225, 31.8689626 ], [ 130.2249264, 31.8678386 ], [ 130.2248871, 31.8672201 ], [ 130.224848, 31.8666667 ], [ 130.2248475, 31.8666603 ], [ 130.2248195, 31.866259 ], [ 130.2248011, 31.865995 ], [ 130.2248011, 31.865702 ], [ 130.2248342, 31.8654706 ], [ 130.2248825, 31.8653411 ], [ 130.2249664, 31.8652056 ], [ 130.2249852, 31.8651757 ], [ 130.2253428, 31.8646083 ], [ 130.2256928, 31.8640725 ], [ 130.2257853, 31.8639486 ], [ 130.2260231, 31.8635875 ], [ 130.2265646, 31.8628382 ], [ 130.2266636, 31.8627028 ], [ 130.2267429, 31.8626068 ], [ 130.2271917, 31.8620033 ], [ 130.2274825, 31.8615806 ], [ 130.2277697, 31.8611319 ], [ 130.228102, 31.8606044 ], [ 130.2283025, 31.8604628 ], [ 130.2289337, 31.860189 ], [ 130.2293186, 31.8600722 ], [ 130.2296008, 31.8599898 ], [ 130.2301706, 31.8598158 ], [ 130.2303289, 31.8597709 ], [ 130.2305139, 31.8596975 ], [ 130.2306789, 31.8596019 ], [ 130.2307781, 31.8595342 ], [ 130.2309697, 31.8593539 ], [ 130.2312136, 31.8590325 ], [ 130.2316594, 31.8582778 ], [ 130.2320394, 31.8576345 ], [ 130.232845, 31.8562528 ], [ 130.2329179, 31.8561457 ], [ 130.2331421, 31.8558754 ], [ 130.2333333, 31.8556708 ], [ 130.2340546, 31.854899 ], [ 130.2343839, 31.8545389 ], [ 130.2351332, 31.85373 ], [ 130.2365102, 31.8522504 ], [ 130.2366886, 31.8520811 ], [ 130.2368267, 31.8519589 ], [ 130.2369533, 31.8518748 ], [ 130.2371922, 31.8517483 ], [ 130.2374033, 31.8516708 ], [ 130.2376564, 31.8516006 ], [ 130.2379353, 31.8515375 ], [ 130.2383995, 31.8514722 ], [ 130.238928, 31.8514114 ], [ 130.2394625, 31.8513311 ], [ 130.2396869, 31.8512806 ], [ 130.2398917, 31.8512242 ], [ 130.2405125, 31.8509928 ], [ 130.2407258, 31.8509018 ], [ 130.2407728, 31.8508811 ], [ 130.2416156, 31.850497 ], [ 130.2416667, 31.8504796 ], [ 130.2421957, 31.8502384 ], [ 130.2429393, 31.8498969 ], [ 130.2430684, 31.8498372 ], [ 130.2437089, 31.849482 ], [ 130.2444156, 31.8490817 ], [ 130.2451092, 31.8487042 ], [ 130.2451753, 31.8486758 ], [ 130.2453336, 31.8486308 ], [ 130.2455053, 31.8486028 ], [ 130.2458883, 31.8485689 ], [ 130.2475789, 31.8485631 ], [ 130.2477375, 31.8485406 ], [ 130.2487488, 31.8482712 ], [ 130.2490273, 31.8482019 ], [ 130.2495326, 31.8480884 ], [ 130.2499281, 31.847977 ], [ 130.2524728, 31.8473617 ], [ 130.2534898, 31.847108 ], [ 130.2537736, 31.8470461 ], [ 130.2546256, 31.8470461 ], [ 130.255022, 31.8470686 ], [ 130.2553467, 31.8470988 ], [ 130.255553, 31.8471132 ], [ 130.2569547, 31.847217 ], [ 130.2570932, 31.8472435 ], [ 130.2572606, 31.8473053 ], [ 130.2576503, 31.8475028 ], [ 130.2577765, 31.8475706 ], [ 130.258864, 31.8481277 ], [ 130.259399, 31.8484017 ], [ 130.2602061, 31.8488161 ], [ 130.2609973, 31.8492289 ], [ 130.2614211, 31.8494589 ], [ 130.2618833, 31.8497183 ], [ 130.2624094, 31.85 ], [ 130.2626869, 31.8501486 ], [ 130.2628511, 31.850225 ], [ 130.2630541, 31.8503203 ], [ 130.2643425, 31.8509493 ], [ 130.2648501, 31.8510699 ], [ 130.2655925, 31.8510255 ], [ 130.266274, 31.8508732 ], [ 130.2668197, 31.8506067 ], [ 130.2672575, 31.8503021 ], [ 130.2675748, 31.8499531 ], [ 130.2680633, 31.8490965 ], [ 130.2689326, 31.8477831 ], [ 130.2695925, 31.8472691 ], [ 130.2698908, 31.8471295 ], [ 130.2712106, 31.8468186 ], [ 130.2719022, 31.8465775 ], [ 130.2724416, 31.8462919 ], [ 130.2742095, 31.8451939 ], [ 130.2742942, 31.8451445 ], [ 130.2745433, 31.8450056 ], [ 130.275, 31.8447499 ], [ 130.2751378, 31.8446728 ], [ 130.2755058, 31.844465 ], [ 130.276222, 31.8440711 ], [ 130.2768481, 31.8438608 ], [ 130.2773309, 31.8438266 ], [ 130.2784302, 31.8437158 ], [ 130.2791925, 31.8436244 ], [ 130.2794831, 31.8434778 ], [ 130.2801159, 31.8430725 ], [ 130.2804987, 31.8426815 ], [ 130.2816536, 31.8415076 ], [ 130.282231, 31.8410064 ], [ 130.2827894, 31.8399657 ], [ 130.2834983, 31.8387799 ], [ 130.2839806, 31.8384378 ], [ 130.2844983, 31.8381161 ], [ 130.2847341, 31.8379716 ], [ 130.2848876, 31.8378781 ], [ 130.2851361, 31.8377275 ], [ 130.2855456, 31.837457 ], [ 130.2859286, 31.8372203 ], [ 130.2860217, 31.8371603 ], [ 130.2865468, 31.836843 ], [ 130.2869202, 31.8366043 ], [ 130.2871394, 31.8364758 ], [ 130.2875682, 31.836194 ], [ 130.2884458, 31.8356475 ], [ 130.288848, 31.8353938 ], [ 130.28933, 31.8350947 ], [ 130.2898428, 31.83477 ], [ 130.2903792, 31.8344239 ], [ 130.2914451, 31.833751 ], [ 130.2917267, 31.8335774 ], [ 130.292115, 31.8333333 ], [ 130.2922559, 31.8332448 ], [ 130.2932228, 31.832637 ], [ 130.2934099, 31.832517 ], [ 130.2943772, 31.8319267 ], [ 130.2952942, 31.8313572 ], [ 130.2957297, 31.8308103 ], [ 130.295915, 31.8305729 ], [ 130.2960136, 31.8304495 ], [ 130.2962247, 31.8301789 ], [ 130.2968842, 31.829345 ], [ 130.2971049, 31.8290566 ], [ 130.2975538, 31.8284892 ], [ 130.2978675, 31.8280931 ], [ 130.2981578, 31.8277095 ], [ 130.2982486, 31.8275983 ], [ 130.2983094, 31.8275181 ], [ 130.2986122, 31.8271429 ], [ 130.2989564, 31.8266946 ], [ 130.2993322, 31.8262214 ], [ 130.2994928, 31.8260185 ], [ 130.2999528, 31.8254587 ], [ 130.3018721, 31.8231322 ], [ 130.3029316, 31.8217033 ], [ 130.3032047, 31.8212823 ], [ 130.3034558, 31.8208431 ], [ 130.3035086, 31.8206795 ], [ 130.3035814, 31.8199356 ], [ 130.3036539, 31.8193547 ], [ 130.3037661, 31.8189939 ], [ 130.3043203, 31.8180128 ], [ 130.3050812, 31.8167375 ], [ 130.3055461, 31.8159082 ], [ 130.3056333, 31.8157636 ], [ 130.3058181, 31.8154364 ], [ 130.3061504, 31.8148799 ], [ 130.3063128, 31.8146027 ], [ 130.3066218, 31.8140855 ], [ 130.3071417, 31.8131976 ], [ 130.3076189, 31.8123637 ], [ 130.3076514, 31.8122483 ], [ 130.3076808, 31.8121436 ], [ 130.307685, 31.8117982 ], [ 130.3076915, 31.8116793 ], [ 130.3076946, 31.8113398 ], [ 130.3077007, 31.8107216 ], [ 130.3076977, 31.8104443 ], [ 130.3076627, 31.8098856 ], [ 130.3075633, 31.8094109 ], [ 130.3075076, 31.8091435 ], [ 130.307431, 31.8086616 ], [ 130.3073885, 31.8083333 ], [ 130.3073025, 31.8076684 ], [ 130.3072211, 31.8071541 ], [ 130.3071586, 31.8067285 ], [ 130.3071158, 31.8063769 ], [ 130.3071064, 31.8062617 ], [ 130.3073251, 31.8037662 ], [ 130.3078073, 31.8006444 ], [ 130.30782, 31.7996672 ], [ 130.3075345, 31.7985568 ], [ 130.3069698, 31.7975987 ], [ 130.3061544, 31.7969054 ], [ 130.3051379, 31.7962576 ], [ 130.3040054, 31.7954755 ], [ 130.3039551, 31.7954406 ], [ 130.3033181, 31.795 ], [ 130.3028097, 31.7946222 ], [ 130.3023228, 31.7942239 ], [ 130.3020778, 31.7939625 ], [ 130.3019458, 31.7937933 ], [ 130.3018533, 31.7936244 ], [ 130.3017675, 31.7934384 ], [ 130.3016883, 31.793162 ], [ 130.3016472, 31.7929631 ], [ 130.3016422, 31.7920967 ], [ 130.3016556, 31.7918356 ], [ 130.3016582, 31.7916764 ], [ 130.3016731, 31.7905677 ], [ 130.301688, 31.7892927 ], [ 130.3013136, 31.7881189 ], [ 130.3005028, 31.7851343 ], [ 130.3004836, 31.7850191 ], [ 130.3003165, 31.7840196 ], [ 130.3002062, 31.7833333 ], [ 130.3001975, 31.7832792 ], [ 130.3001536, 31.7830065 ], [ 130.3001313, 31.7828672 ], [ 130.2997463, 31.7795021 ], [ 130.2995623, 31.7783092 ], [ 130.2997481, 31.7769352 ], [ 130.2997689, 31.7768689 ], [ 130.2999403, 31.7764295 ], [ 130.3, 31.7763038 ], [ 130.3000394, 31.7762208 ], [ 130.3000454, 31.7762083 ], [ 130.3001647, 31.7759558 ], [ 130.3003231, 31.77564 ], [ 130.3006218, 31.775 ], [ 130.3015309, 31.773052 ], [ 130.3019, 31.7722967 ], [ 130.3020561, 31.7720477 ], [ 130.3022225, 31.7718592 ], [ 130.3022814, 31.7717978 ], [ 130.3023886, 31.7716878 ], [ 130.3024744, 31.7716136 ], [ 130.3030181, 31.7712036 ], [ 130.3030822, 31.7711579 ], [ 130.3031234, 31.7711285 ], [ 130.3035714, 31.7708092 ], [ 130.3048167, 31.7699458 ], [ 130.3051333, 31.7697203 ], [ 130.3052078, 31.7696629 ], [ 130.3052474, 31.7696323 ], [ 130.3053378, 31.7695625 ], [ 130.3058131, 31.7691058 ], [ 130.3060387, 31.7688403 ], [ 130.306167, 31.7686911 ], [ 130.306255, 31.7685703 ], [ 130.3064133, 31.7683389 ], [ 130.3064992, 31.7682081 ], [ 130.3065783, 31.7680686 ], [ 130.3066794, 31.7678836 ], [ 130.3068358, 31.7675556 ], [ 130.3069125, 31.7673739 ], [ 130.3070069, 31.7671357 ], [ 130.3072395, 31.7665266 ], [ 130.3074787, 31.7658648 ], [ 130.3075078, 31.7656906 ], [ 130.3075257, 31.7654764 ], [ 130.3075281, 31.7653857 ], [ 130.3075153, 31.7651256 ], [ 130.3074758, 31.7644039 ], [ 130.3074167, 31.7636597 ], [ 130.3073516, 31.7631797 ], [ 130.3072875, 31.7627056 ], [ 130.3072122, 31.7622278 ], [ 130.3071344, 31.7618543 ], [ 130.3070219, 31.7614303 ], [ 130.3067042, 31.7603953 ], [ 130.3065068, 31.7598608 ], [ 130.3064267, 31.7596892 ], [ 130.3063469, 31.7595675 ], [ 130.3062622, 31.7594761 ], [ 130.3061667, 31.7593911 ], [ 130.3060489, 31.7593022 ], [ 130.3059125, 31.759217 ], [ 130.3057593, 31.7591424 ], [ 130.3055971, 31.759082 ], [ 130.3054572, 31.7590364 ], [ 130.3051935, 31.7589575 ], [ 130.304725, 31.7588447 ], [ 130.3035703, 31.758512 ], [ 130.3034911, 31.7584783 ], [ 130.303293, 31.7583879 ], [ 130.3031181, 31.7582947 ], [ 130.30297, 31.7581964 ], [ 130.3028709, 31.7581231 ], [ 130.3027042, 31.7579856 ], [ 130.3024819, 31.7577792 ], [ 130.3023422, 31.7576336 ], [ 130.3022311, 31.7575031 ], [ 130.3021206, 31.7573392 ], [ 130.3019869, 31.7571142 ], [ 130.3018156, 31.75677 ], [ 130.3016572, 31.7563697 ], [ 130.3015978, 31.7562064 ], [ 130.301393, 31.7555859 ], [ 130.3011956, 31.7550786 ], [ 130.3009872, 31.7545553 ], [ 130.3009497, 31.754445 ], [ 130.3009053, 31.7543739 ], [ 130.3004291, 31.7537658 ], [ 130.2997239, 31.753145 ], [ 130.2996053, 31.7530603 ], [ 130.2995186, 31.7530275 ], [ 130.2987944, 31.7528236 ], [ 130.2982338, 31.7526939 ], [ 130.2974101, 31.7525236 ], [ 130.297188, 31.7523772 ], [ 130.2969808, 31.7521978 ], [ 130.2967611, 31.752002 ], [ 130.2957422, 31.7512278 ], [ 130.29507, 31.7507092 ], [ 130.2944555, 31.7502231 ], [ 130.2941685, 31.75 ], [ 130.2936661, 31.7496097 ], [ 130.2931058, 31.7491472 ], [ 130.2929081, 31.7490345 ], [ 130.2926508, 31.7489217 ], [ 130.2921961, 31.7487242 ], [ 130.2918006, 31.7485719 ], [ 130.2916667, 31.7485211 ], [ 130.2915039, 31.7484592 ], [ 130.2914642, 31.7484311 ], [ 130.2910293, 31.7482394 ], [ 130.2908384, 31.7481098 ], [ 130.2906009, 31.7479181 ], [ 130.290404, 31.7477242 ], [ 130.2901592, 31.7474839 ], [ 130.2901003, 31.7474164 ], [ 130.2895658, 31.7468353 ], [ 130.2893289, 31.7465817 ], [ 130.2888677, 31.7460619 ], [ 130.2887351, 31.7459249 ], [ 130.2879444, 31.7452342 ], [ 130.287673, 31.7451029 ], [ 130.2868175, 31.7448114 ], [ 130.2864708, 31.7446916 ], [ 130.2862769, 31.7446197 ], [ 130.2858153, 31.7444167 ], [ 130.2855122, 31.7442531 ], [ 130.2853541, 31.7441669 ], [ 130.2850574, 31.7440051 ], [ 130.2847147, 31.7437908 ], [ 130.2842203, 31.7434242 ], [ 130.2838378, 31.7430858 ], [ 130.2837506, 31.743015 ], [ 130.2836942, 31.7429603 ], [ 130.2836364, 31.7428981 ], [ 130.2835675, 31.7427928 ], [ 130.2834161, 31.7425053 ], [ 130.2833333, 31.7423327 ], [ 130.2831883, 31.7420303 ], [ 130.2831061, 31.7418569 ], [ 130.2830213, 31.7416667 ], [ 130.2827767, 31.7411183 ], [ 130.2825689, 31.7406828 ], [ 130.2824011, 31.7402839 ], [ 130.2821469, 31.7397432 ], [ 130.2820847, 31.7396072 ], [ 130.2820186, 31.7394042 ], [ 130.2820003, 31.739135 ], [ 130.2820186, 31.7389475 ], [ 130.2820714, 31.7384458 ], [ 130.2821108, 31.7381358 ], [ 130.2821178, 31.7379778 ], [ 130.2821575, 31.7377017 ], [ 130.2821772, 31.7374986 ], [ 130.28221, 31.7372336 ], [ 130.2822167, 31.73707 ], [ 130.2822167, 31.7363314 ], [ 130.2821969, 31.7361003 ], [ 130.2821639, 31.735875 ], [ 130.2821111, 31.7355761 ], [ 130.2820679, 31.7354399 ], [ 130.2820519, 31.7353899 ], [ 130.2817356, 31.7346175 ], [ 130.2815181, 31.7341553 ], [ 130.2813928, 31.7339239 ], [ 130.2810036, 31.7333544 ], [ 130.2804635, 31.7326332 ], [ 130.2799294, 31.7319903 ], [ 130.2797053, 31.7316745 ], [ 130.2796592, 31.7316011 ], [ 130.2795008, 31.731325 ], [ 130.2794283, 31.7311275 ], [ 130.2793625, 31.7309133 ], [ 130.2793164, 31.7306764 ], [ 130.2792636, 31.7302647 ], [ 130.2791844, 31.7299322 ], [ 130.2791319, 31.7296675 ], [ 130.2790594, 31.7291206 ], [ 130.2790067, 31.7289345 ], [ 130.2787653, 31.7284212 ], [ 130.278689, 31.7282341 ], [ 130.2785583, 31.7279139 ], [ 130.2784801, 31.727727 ], [ 130.278444, 31.7276405 ], [ 130.2784003, 31.7275361 ], [ 130.2782683, 31.7272992 ], [ 130.2782092, 31.7272106 ], [ 130.2780575, 31.7269833 ], [ 130.2778727, 31.7267919 ], [ 130.2777669, 31.7267116 ], [ 130.2775761, 31.7265664 ], [ 130.2774244, 31.726493 ], [ 130.2771617, 31.7263997 ], [ 130.2766514, 31.7262814 ], [ 130.2763436, 31.7262056 ], [ 130.2759745, 31.7260983 ], [ 130.2757642, 31.7260139 ], [ 130.2755753, 31.7259283 ], [ 130.2753598, 31.7257965 ], [ 130.2752714, 31.7257383 ], [ 130.2751217, 31.7256375 ], [ 130.2750236, 31.7255528 ], [ 130.275, 31.7255327 ], [ 130.2748394, 31.7253961 ], [ 130.2747733, 31.7253233 ], [ 130.2745964, 31.7251107 ], [ 130.2745234, 31.725 ], [ 130.2740908, 31.7242305 ], [ 130.2739727, 31.7239788 ], [ 130.2736291, 31.72322 ], [ 130.2736279, 31.7232175 ], [ 130.2732526, 31.7222874 ], [ 130.2732356, 31.7222447 ], [ 130.2730216, 31.7217006 ], [ 130.2729884, 31.7216161 ], [ 130.2729356, 31.7214636 ], [ 130.272748, 31.7207248 ], [ 130.2727274, 31.720635 ], [ 130.2726252, 31.7201491 ], [ 130.2726175, 31.7201044 ], [ 130.2725865, 31.7198298 ], [ 130.2725403, 31.7194396 ], [ 130.2725274, 31.718973 ], [ 130.2725667, 31.7187631 ], [ 130.2726328, 31.7185544 ], [ 130.2727053, 31.7183908 ], [ 130.2728306, 31.7182106 ], [ 130.2729622, 31.718019 ], [ 130.2732517, 31.7176276 ], [ 130.2736016, 31.7171227 ], [ 130.2737667, 31.7169139 ], [ 130.2750828, 31.7150864 ], [ 130.2751769, 31.7149633 ], [ 130.2752695, 31.7148222 ], [ 130.275651, 31.7142931 ], [ 130.2761263, 31.7136381 ], [ 130.2762383, 31.7134803 ], [ 130.2764429, 31.7131868 ], [ 130.2766208, 31.7129558 ], [ 130.2767241, 31.7128144 ], [ 130.2796015, 31.7089304 ], [ 130.281816, 31.7059355 ], [ 130.2845698, 31.7021347 ], [ 130.2858959, 31.7003305 ], [ 130.2864264, 31.7002057 ], [ 130.2870165, 31.6999773 ], [ 130.2875305, 31.6997743 ], [ 130.287797, 31.6995966 ], [ 130.2879683, 31.6994253 ], [ 130.2880919, 31.6987578 ], [ 130.2881092, 31.6984432 ], [ 130.2881257, 31.69814 ], [ 130.2881335, 31.6980766 ], [ 130.2881636, 31.6978914 ], [ 130.2882369, 31.697727 ], [ 130.2886409, 31.6972116 ], [ 130.2890093, 31.6967384 ], [ 130.289495, 31.6961039 ], [ 130.2901419, 31.6952687 ], [ 130.2905236, 31.6947678 ], [ 130.2908224, 31.6943919 ], [ 130.2911507, 31.6939454 ], [ 130.2913739, 31.6936742 ], [ 130.2916725, 31.69328 ], [ 130.2924601, 31.6922667 ], [ 130.2927323, 31.6919189 ], [ 130.2934242, 31.6910245 ], [ 130.2938193, 31.6905115 ], [ 130.2938722, 31.6904436 ], [ 130.2940633, 31.6902181 ], [ 130.2941756, 31.6901167 ], [ 130.2947473, 31.6897687 ], [ 130.294913, 31.6896716 ], [ 130.295131, 31.6895493 ], [ 130.2954347, 31.6893947 ], [ 130.2960147, 31.6890397 ], [ 130.2962242, 31.6888903 ], [ 130.296435, 31.6887233 ], [ 130.2965154, 31.688602 ], [ 130.2965619, 31.6885267 ], [ 130.2966631, 31.6883646 ], [ 130.2970169, 31.687777 ], [ 130.2979085, 31.686218 ], [ 130.2979257, 31.6861886 ], [ 130.2986844, 31.6848564 ], [ 130.2987372, 31.6847833 ], [ 130.2988556, 31.6845808 ], [ 130.2995326, 31.6833802 ], [ 130.2997064, 31.6832383 ], [ 130.2999239, 31.6831086 ], [ 130.3, 31.6830666 ], [ 130.3009456, 31.682545 ], [ 130.3013741, 31.6823026 ], [ 130.3017433, 31.6820939 ], [ 130.3020268, 31.6819473 ], [ 130.3023573, 31.6817588 ], [ 130.3033377, 31.6812033 ], [ 130.3040325, 31.6808128 ], [ 130.3048283, 31.6803689 ], [ 130.3048878, 31.6803292 ], [ 130.3051647, 31.6801828 ], [ 130.3057115, 31.679867 ], [ 130.3059161, 31.6797597 ], [ 130.3061997, 31.6795906 ], [ 130.3063317, 31.6795229 ], [ 130.3069709, 31.6791678 ], [ 130.3074717, 31.6788858 ], [ 130.3075748, 31.6788299 ], [ 130.3079397, 31.6786886 ], [ 130.308052, 31.678655 ], [ 130.3082297, 31.6786267 ], [ 130.3083333, 31.6786155 ], [ 130.3088561, 31.6785592 ], [ 130.3091725, 31.6785139 ], [ 130.3093467, 31.6785078 ], [ 130.3105567, 31.6783617 ], [ 130.3106625, 31.6783503 ], [ 130.3108139, 31.6783278 ], [ 130.3109719, 31.6783167 ], [ 130.3114072, 31.6782545 ], [ 130.31162, 31.6781743 ], [ 130.3123811, 31.677664 ], [ 130.3135195, 31.676909 ], [ 130.3138069, 31.6767174 ], [ 130.3140308, 31.6767042 ], [ 130.3149464, 31.6766244 ], [ 130.3152085, 31.6766111 ], [ 130.3154769, 31.6765992 ], [ 130.3157711, 31.6765969 ], [ 130.3160611, 31.6766308 ], [ 130.3162459, 31.6766703 ], [ 130.3164438, 31.6767042 ], [ 130.3166838, 31.6767487 ], [ 130.3168392, 31.6767775 ], [ 130.3169181, 31.6767924 ], [ 130.3171379, 31.6768319 ], [ 130.3175252, 31.6768933 ], [ 130.3179867, 31.6769564 ], [ 130.3180916, 31.6769692 ], [ 130.3186633, 31.6770547 ], [ 130.3188709, 31.6770756 ], [ 130.3192311, 31.6771316 ], [ 130.3193831, 31.6771552 ], [ 130.3196406, 31.6771892 ], [ 130.3200625, 31.6772455 ], [ 130.3203722, 31.6772964 ], [ 130.3206623, 31.67733 ], [ 130.3209128, 31.6773639 ], [ 130.3209584, 31.6773722 ], [ 130.3210381, 31.6773864 ], [ 130.3212755, 31.6774317 ], [ 130.3215589, 31.6774597 ], [ 130.3221391, 31.6774653 ], [ 130.3227389, 31.6774542 ], [ 130.3230753, 31.6774317 ], [ 130.3230922, 31.6774311 ], [ 130.3239453, 31.6774092 ], [ 130.3242683, 31.6773808 ], [ 130.3244528, 31.6773131 ], [ 130.32467, 31.6771949 ], [ 130.325, 31.6770077 ], [ 130.3254753, 31.676738 ], [ 130.3258242, 31.6765353 ], [ 130.3260928, 31.676387 ], [ 130.327351, 31.6756943 ], [ 130.3280006, 31.6753408 ], [ 130.3284788, 31.6750817 ], [ 130.3286263, 31.6750006 ], [ 130.329184, 31.6746996 ], [ 130.329575, 31.674489 ], [ 130.3298519, 31.6743308 ], [ 130.3301289, 31.6741842 ], [ 130.3304981, 31.6739756 ], [ 130.3309262, 31.6737502 ], [ 130.3319554, 31.6731858 ], [ 130.332671, 31.6727987 ], [ 130.332885, 31.6726859 ], [ 130.3341685, 31.6719918 ], [ 130.3347558, 31.6716779 ], [ 130.3350161, 31.6715307 ], [ 130.3352896, 31.6713904 ], [ 130.3363415, 31.6708345 ], [ 130.3370572, 31.6704578 ], [ 130.3374791, 31.6702264 ], [ 130.3376753, 31.6701419 ], [ 130.3378839, 31.670023 ], [ 130.3380575, 31.6699334 ], [ 130.33814, 31.6698807 ], [ 130.3382384, 31.6698138 ], [ 130.3383144, 31.6697586 ], [ 130.3387682, 31.6694948 ], [ 130.3391172, 31.6692093 ], [ 130.3396629, 31.6684288 ], [ 130.3407733, 31.666741 ], [ 130.3415665, 31.665529 ], [ 130.3423315, 31.6648855 ], [ 130.3426136, 31.664612 ], [ 130.3432531, 31.6639928 ], [ 130.3436363, 31.6636195 ], [ 130.3439592, 31.6632247 ], [ 130.3440645, 31.663033 ], [ 130.3440986, 31.6629597 ], [ 130.3441534, 31.6627922 ], [ 130.3441436, 31.6625878 ], [ 130.3441222, 31.6624345 ], [ 130.3440842, 31.6622664 ], [ 130.3439789, 31.6617139 ], [ 130.3438867, 31.6612403 ], [ 130.3438011, 31.6607781 ], [ 130.3436692, 31.6603211 ], [ 130.3435244, 31.6597689 ], [ 130.3435153, 31.6596708 ], [ 130.3435181, 31.6595322 ], [ 130.3436631, 31.658738 ], [ 130.3438408, 31.6585611 ], [ 130.3439883, 31.6584424 ], [ 130.3441964, 31.6582578 ], [ 130.344585, 31.6579422 ], [ 130.3448814, 31.6577281 ], [ 130.3452306, 31.6574858 ], [ 130.3457312, 31.6571191 ], [ 130.3460625, 31.6568872 ], [ 130.3462794, 31.6567151 ], [ 130.3464522, 31.6565577 ], [ 130.3470022, 31.6561214 ], [ 130.3474567, 31.6557889 ], [ 130.348105, 31.6553179 ], [ 130.3484842, 31.6550447 ], [ 130.3485467, 31.6550031 ], [ 130.3488243, 31.6547942 ], [ 130.3492745, 31.6544696 ], [ 130.349689, 31.6541711 ], [ 130.3500448, 31.6538946 ], [ 130.3511732, 31.6528132 ], [ 130.3525247, 31.6523944 ], [ 130.3547392, 31.6517726 ], [ 130.3564016, 31.651284 ], [ 130.3591846, 31.6500594 ], [ 130.3618116, 31.6489045 ], [ 130.3625095, 31.6487903 ], [ 130.3631189, 31.6489111 ], [ 130.3652697, 31.6494947 ], [ 130.3665832, 31.6493395 ], [ 130.3666667, 31.6493395 ], [ 130.3672678, 31.6493395 ], [ 130.3674919, 31.6493508 ], [ 130.3676589, 31.6493831 ], [ 130.3677553, 31.6494072 ], [ 130.3682558, 31.6495989 ], [ 130.3684538, 31.6496777 ], [ 130.3690918, 31.6499315 ], [ 130.3692581, 31.65 ], [ 130.3693537, 31.6500394 ], [ 130.3695727, 31.6501287 ], [ 130.3704883, 31.6504897 ], [ 130.3706525, 31.6505494 ], [ 130.3707322, 31.6505686 ], [ 130.3708097, 31.6505786 ], [ 130.3708903, 31.6505744 ], [ 130.371035, 31.6505631 ], [ 130.3711906, 31.65054 ], [ 130.3713381, 31.6504955 ], [ 130.3714633, 31.6504392 ], [ 130.3715556, 31.6503828 ], [ 130.3717956, 31.650187 ], [ 130.3719987, 31.65 ], [ 130.3722453, 31.6497731 ], [ 130.3727344, 31.6493064 ], [ 130.3732166, 31.6489307 ], [ 130.3736047, 31.6486275 ], [ 130.3736863, 31.6485638 ], [ 130.3738498, 31.6484359 ], [ 130.3740132, 31.6483081 ], [ 130.3743743, 31.648026 ], [ 130.3749713, 31.6476154 ], [ 130.375046, 31.647564 ], [ 130.3753097, 31.6474001 ], [ 130.3758741, 31.647073 ], [ 130.3760736, 31.6469945 ], [ 130.3763503, 31.6469153 ], [ 130.3765479, 31.6468758 ], [ 130.3766069, 31.6468592 ], [ 130.3768639, 31.6468139 ], [ 130.3772458, 31.6467689 ], [ 130.3774567, 31.6467631 ], [ 130.3778586, 31.64678 ], [ 130.3781414, 31.6468253 ], [ 130.3783992, 31.6468819 ], [ 130.378754, 31.6469717 ], [ 130.3790636, 31.6470733 ], [ 130.3792217, 31.6471522 ], [ 130.379439, 31.647282 ], [ 130.3795985, 31.6473922 ], [ 130.3803384, 31.6478639 ], [ 130.3806576, 31.6484029 ], [ 130.3808022, 31.64859 ], [ 130.3809469, 31.6487422 ], [ 130.3813473, 31.6492028 ], [ 130.382901, 31.6495554 ], [ 130.3835364, 31.6496977 ], [ 130.3841675, 31.6500053 ], [ 130.3843322, 31.6501067 ], [ 130.3850897, 31.6505856 ], [ 130.3852281, 31.6506758 ], [ 130.3857214, 31.6509783 ], [ 130.3860511, 31.6511889 ], [ 130.3864397, 31.6514258 ], [ 130.3868875, 31.6517078 ], [ 130.3876844, 31.6521981 ], [ 130.3878889, 31.6523278 ], [ 130.3878943, 31.65233 ], [ 130.3882642, 31.6524631 ], [ 130.3884877, 31.6525025 ], [ 130.3887767, 31.652574 ], [ 130.3890442, 31.6526403 ], [ 130.3892886, 31.6527086 ], [ 130.3894599, 31.6527344 ], [ 130.3902633, 31.6529289 ], [ 130.3903584, 31.6529481 ], [ 130.3906548, 31.6530214 ], [ 130.3911222, 31.6530947 ], [ 130.3922599, 31.6531266 ], [ 130.3928478, 31.6531511 ], [ 130.3942308, 31.6532017 ], [ 130.3947019, 31.6531939 ], [ 130.3949422, 31.6531792 ], [ 130.3962053, 31.6531368 ], [ 130.3970365, 31.6529465 ], [ 130.3976012, 31.6526102 ], [ 130.3983817, 31.6522929 ], [ 130.3995919, 31.6520125 ], [ 130.3996909, 31.6520292 ], [ 130.3998883, 31.6520745 ], [ 130.4, 31.6521282 ], [ 130.400145, 31.6521981 ], [ 130.4005667, 31.6524914 ], [ 130.4008564, 31.6527 ], [ 130.4013635, 31.6531116 ], [ 130.4013972, 31.6531433 ], [ 130.4016545, 31.6533302 ], [ 130.4018181, 31.6534217 ], [ 130.4024236, 31.6536358 ], [ 130.4032505, 31.6539251 ], [ 130.40382, 31.6541264 ], [ 130.4041033, 31.6542281 ], [ 130.4042943, 31.654307 ], [ 130.4046894, 31.6545042 ], [ 130.4054533, 31.6549947 ], [ 130.4059253, 31.6553228 ], [ 130.4060856, 31.6554342 ], [ 130.4065203, 31.65575 ], [ 130.4066211, 31.6558081 ], [ 130.4067639, 31.6558742 ], [ 130.4069814, 31.6559361 ], [ 130.4073256, 31.6560064 ], [ 130.4075542, 31.6560489 ], [ 130.4076989, 31.65606 ], [ 130.40789, 31.6560489 ], [ 130.4080744, 31.6560206 ], [ 130.4082392, 31.6559756 ], [ 130.4083716, 31.6559386 ], [ 130.4087222, 31.6558175 ], [ 130.4089439, 31.655705 ], [ 130.4092336, 31.6555694 ], [ 130.4093834, 31.6554692 ], [ 130.4097408, 31.6552767 ], [ 130.4100636, 31.6551189 ], [ 130.4103403, 31.6549947 ], [ 130.4106364, 31.654882 ], [ 130.4113292, 31.6546955 ], [ 130.4121447, 31.6544761 ], [ 130.4123028, 31.6544422 ], [ 130.4124214, 31.6544028 ], [ 130.4125648, 31.6543637 ], [ 130.4130466, 31.6542337 ], [ 130.4136324, 31.6540828 ], [ 130.4138572, 31.654025 ], [ 130.4139885, 31.6540026 ], [ 130.4144502, 31.6539008 ], [ 130.4148778, 31.6537995 ], [ 130.4151213, 31.6537545 ], [ 130.4154375, 31.6536867 ], [ 130.4159581, 31.6535964 ], [ 130.4160764, 31.6535795 ], [ 130.4162872, 31.653557 ], [ 130.4166363, 31.6535345 ], [ 130.4169722, 31.6535231 ], [ 130.4171963, 31.6535514 ], [ 130.4179869, 31.6536417 ], [ 130.4185792, 31.6537092 ], [ 130.4193103, 31.653822 ], [ 130.4200481, 31.6539631 ], [ 130.4203576, 31.6540136 ], [ 130.420575, 31.6540531 ], [ 130.4207, 31.6540645 ], [ 130.4208283, 31.6540823 ], [ 130.4211214, 31.6541095 ], [ 130.42255, 31.654273 ], [ 130.4241117, 31.6544478 ], [ 130.4248691, 31.6545267 ], [ 130.425, 31.6545432 ], [ 130.4252709, 31.6545775 ], [ 130.4255803, 31.6545831 ], [ 130.4256925, 31.654572 ], [ 130.4258303, 31.6545436 ], [ 130.4258901, 31.6545188 ], [ 130.4260608, 31.6544478 ], [ 130.4262389, 31.654335 ], [ 130.4267197, 31.6539292 ], [ 130.4271742, 31.6535742 ], [ 130.4280862, 31.6528132 ], [ 130.429113, 31.6526829 ], [ 130.4300852, 31.6526103 ], [ 130.4315166, 31.6525178 ], [ 130.4315936, 31.6525144 ], [ 130.432074, 31.6524695 ], [ 130.4323906, 31.6524525 ], [ 130.4329966, 31.6524242 ], [ 130.4331875, 31.6524242 ], [ 130.4333892, 31.6524706 ], [ 130.4336289, 31.6525258 ], [ 130.4338726, 31.6526048 ], [ 130.4340965, 31.6526891 ], [ 130.4347014, 31.6528938 ], [ 130.4348937, 31.6529486 ], [ 130.4349919, 31.6529825 ], [ 130.4350974, 31.653005 ], [ 130.4354664, 31.6530842 ], [ 130.4357021, 31.6531173 ], [ 130.4359075, 31.6531461 ], [ 130.4364147, 31.6531745 ], [ 130.4366256, 31.6531969 ], [ 130.4369345, 31.6532139 ], [ 130.4374489, 31.6532589 ], [ 130.4376136, 31.6532817 ], [ 130.43791, 31.6533831 ], [ 130.4382063, 31.6535014 ], [ 130.4385753, 31.6536817 ], [ 130.4390019, 31.6538775 ], [ 130.4394292, 31.6540275 ], [ 130.4396883, 31.6540819 ], [ 130.4402153, 31.6541833 ], [ 130.440663, 31.6542453 ], [ 130.441282, 31.6542961 ], [ 130.4416975, 31.6543415 ], [ 130.4421779, 31.654375 ], [ 130.4423878, 31.6543814 ], [ 130.4430079, 31.6543583 ], [ 130.4432644, 31.6543189 ], [ 130.4435017, 31.6542964 ], [ 130.4440286, 31.6541725 ], [ 130.4442986, 31.6540878 ], [ 130.4450628, 31.6538117 ], [ 130.4453656, 31.6536875 ], [ 130.4454842, 31.6536256 ], [ 130.4456226, 31.6535522 ], [ 130.4462744, 31.6532589 ], [ 130.4465379, 31.6531631 ], [ 130.4468081, 31.6530786 ], [ 130.4470189, 31.6530447 ], [ 130.4473153, 31.6530333 ], [ 130.4473811, 31.6530333 ], [ 130.44748, 31.6530503 ], [ 130.4476314, 31.653073 ], [ 130.4478619, 31.6531294 ], [ 130.4479991, 31.6531672 ], [ 130.4480993, 31.6532084 ], [ 130.4483166, 31.6532873 ], [ 130.4487578, 31.653462 ], [ 130.4494494, 31.6537665 ], [ 130.4497589, 31.6538736 ], [ 130.45, 31.6539335 ], [ 130.4501669, 31.653975 ], [ 130.4504106, 31.6540033 ], [ 130.4509772, 31.6540033 ], [ 130.4515633, 31.6539356 ], [ 130.4516556, 31.653913 ], [ 130.4517608, 31.6539017 ], [ 130.4521231, 31.6538228 ], [ 130.4527619, 31.6536595 ], [ 130.4529728, 31.6536311 ], [ 130.4532428, 31.6536311 ], [ 130.4536183, 31.6536761 ], [ 130.4537764, 31.6537158 ], [ 130.4543033, 31.6538397 ], [ 130.4544879, 31.6538736 ], [ 130.4547908, 31.6539356 ], [ 130.4552386, 31.6539806 ], [ 130.4558183, 31.6539806 ], [ 130.4560883, 31.6539469 ], [ 130.4562661, 31.6539131 ], [ 130.4566614, 31.6538058 ], [ 130.4569842, 31.6536931 ], [ 130.4572672, 31.6535633 ], [ 130.4577019, 31.6533381 ], [ 130.4583333, 31.6530388 ], [ 130.4584991, 31.6529602 ], [ 130.4589534, 31.6527628 ], [ 130.4589967, 31.6527445 ], [ 130.4591839, 31.652667 ], [ 130.4592375, 31.6526472 ], [ 130.4593683, 31.652605 ], [ 130.4598276, 31.6524595 ], [ 130.4603824, 31.6522839 ], [ 130.4605547, 31.6522395 ], [ 130.46058, 31.6522331 ], [ 130.4617592, 31.6522331 ], [ 130.4621942, 31.65225 ], [ 130.462276, 31.6522528 ], [ 130.462403, 31.6522617 ], [ 130.462496, 31.6522683 ], [ 130.4625758, 31.6522725 ], [ 130.4627103, 31.6522858 ], [ 130.4628914, 31.6523278 ], [ 130.4630728, 31.6524008 ], [ 130.4632278, 31.6524925 ], [ 130.4635769, 31.6527236 ], [ 130.4638603, 31.6529378 ], [ 130.46437, 31.6533798 ], [ 130.4648217, 31.6537553 ], [ 130.4650389, 31.6539131 ], [ 130.4652103, 31.6540089 ], [ 130.4653156, 31.6540483 ], [ 130.4654669, 31.6540933 ], [ 130.465658, 31.6541103 ], [ 130.4660994, 31.6540992 ], [ 130.4665934, 31.6540486 ], [ 130.4666667, 31.6540379 ], [ 130.4669502, 31.6539967 ], [ 130.4671333, 31.6539697 ], [ 130.4675551, 31.6539247 ], [ 130.4679964, 31.653885 ], [ 130.4687868, 31.653885 ], [ 130.4690764, 31.6539528 ], [ 130.4693133, 31.6540316 ], [ 130.469445, 31.6540936 ], [ 130.4697086, 31.6542403 ], [ 130.4698666, 31.6543419 ], [ 130.4703144, 31.6547647 ], [ 130.4705603, 31.6549722 ], [ 130.4707622, 31.6551425 ], [ 130.4710258, 31.6553511 ], [ 130.4711906, 31.6554695 ], [ 130.4713814, 31.6555708 ], [ 130.4715197, 31.6556217 ], [ 130.4716975, 31.6556611 ], [ 130.4727829, 31.6556671 ], [ 130.4751096, 31.6556818 ], [ 130.4753926, 31.6556836 ], [ 130.4757875, 31.6556895 ], [ 130.4759853, 31.6556442 ], [ 130.4762092, 31.6555653 ], [ 130.4777506, 31.6550014 ], [ 130.477915, 31.6549395 ], [ 130.4780731, 31.6548945 ], [ 130.4782478, 31.6548945 ], [ 130.4789838, 31.6550848 ], [ 130.4794381, 31.6554893 ], [ 130.479555, 31.6556895 ], [ 130.480274, 31.6569207 ], [ 130.4805297, 31.6573583 ], [ 130.4807206, 31.6576908 ], [ 130.4809719, 31.658121 ], [ 130.4811576, 31.658439 ], [ 130.4814658, 31.6589666 ], [ 130.4815833, 31.6591342 ], [ 130.48186, 31.6594328 ], [ 130.4820969, 31.6596642 ], [ 130.4826965, 31.6601379 ], [ 130.4833333, 31.6605931 ], [ 130.4834931, 31.6607072 ], [ 130.4843428, 31.6612428 ], [ 130.4850542, 31.6616545 ], [ 130.4857456, 31.6620095 ], [ 130.4862925, 31.6622633 ], [ 130.4864435, 31.6622974 ], [ 130.4864939, 31.6623088 ], [ 130.4866546, 31.6623457 ], [ 130.4869417, 31.6624048 ], [ 130.4873308, 31.6624835 ], [ 130.4875435, 31.6625266 ], [ 130.4876358, 31.6625453 ], [ 130.4879914, 31.6625847 ], [ 130.4884068, 31.6625961 ], [ 130.48852, 31.6625956 ], [ 130.4886569, 31.6626136 ], [ 130.4887289, 31.6626172 ], [ 130.488795, 31.6626072 ], [ 130.4888939, 31.6625845 ], [ 130.4889728, 31.6625508 ], [ 130.4896644, 31.6621675 ], [ 130.49031, 31.6618178 ], [ 130.4909092, 31.6614739 ], [ 130.4922624, 31.6607305 ], [ 130.4949514, 31.6595934 ], [ 130.4952561, 31.6593881 ], [ 130.495355, 31.6593039 ], [ 130.4954536, 31.6592078 ], [ 130.4956447, 31.6589881 ], [ 130.4957305, 31.6588636 ], [ 130.4958422, 31.6586722 ], [ 130.4959009, 31.6585318 ], [ 130.4959253, 31.658424 ], [ 130.4959333, 31.6583462 ], [ 130.4959391, 31.6582886 ], [ 130.4959307, 31.6570582 ], [ 130.4960386, 31.6563412 ], [ 130.4963827, 31.655766 ], [ 130.496473, 31.6556183 ], [ 130.4965732, 31.6554769 ], [ 130.4966787, 31.6553424 ], [ 130.496806, 31.6551879 ], [ 130.4969347, 31.6549987 ], [ 130.4974497, 31.6543699 ], [ 130.4977771, 31.6540569 ], [ 130.4982848, 31.6536 ], [ 130.4987353, 31.6531559 ], [ 130.4994571, 31.6525627 ], [ 130.500269, 31.6521538 ], [ 130.5003723, 31.6520962 ], [ 130.5015959, 31.6516485 ], [ 130.5019078, 31.6515072 ], [ 130.5020861, 31.6514214 ], [ 130.5024742, 31.6512018 ], [ 130.5027711, 31.6510234 ], [ 130.5029425, 31.6509556 ], [ 130.5030542, 31.6509386 ], [ 130.5032517, 31.6509386 ], [ 130.5034294, 31.6509614 ], [ 130.5039497, 31.6510683 ], [ 130.5041803, 31.6511247 ], [ 130.50427, 31.6511491 ], [ 130.5050691, 31.6515188 ], [ 130.5054117, 31.652304 ], [ 130.5055453, 31.6526585 ], [ 130.5056747, 31.652917 ], [ 130.5057747, 31.6530503 ], [ 130.5058333, 31.6531036 ], [ 130.5059517, 31.6531883 ], [ 130.5060592, 31.6532428 ], [ 130.506185, 31.6532767 ], [ 130.5062972, 31.6532925 ], [ 130.5065381, 31.6532953 ], [ 130.5066608, 31.6532736 ], [ 130.5071871, 31.6529274 ], [ 130.5074753, 31.6524538 ], [ 130.5076376, 31.6522612 ], [ 130.5081253, 31.6518806 ], [ 130.5082, 31.6518259 ], [ 130.5083021, 31.6517625 ], [ 130.5083444, 31.6517431 ], [ 130.5084632, 31.6517041 ], [ 130.5086522, 31.651672 ], [ 130.5089381, 31.6516819 ], [ 130.5090236, 31.6516887 ], [ 130.5091758, 31.6517008 ], [ 130.5095578, 31.6517681 ], [ 130.5097694, 31.6518086 ], [ 130.5099689, 31.6518656 ], [ 130.5103233, 31.6519956 ], [ 130.5105083, 31.652072 ], [ 130.5113674, 31.6521787 ], [ 130.5116846, 31.6520899 ], [ 130.5121542, 31.651798 ], [ 130.5126681, 31.6506876 ], [ 130.5126935, 31.6499134 ], [ 130.5137912, 31.6484858 ], [ 130.5141783, 31.6457129 ], [ 130.5146225, 31.6445263 ], [ 130.5146415, 31.6441076 ], [ 130.5145336, 31.6437015 ], [ 130.5140768, 31.6430733 ], [ 130.5139689, 31.6425847 ], [ 130.5143623, 31.6419185 ], [ 130.5153458, 31.6412585 ], [ 130.5156694, 31.6407192 ], [ 130.5168687, 31.6397738 ], [ 130.51829, 31.6391329 ], [ 130.5189118, 31.6387458 ], [ 130.5192023, 31.6384465 ], [ 130.5193278, 31.6381764 ], [ 130.5193975, 31.6379858 ], [ 130.5194267, 31.6378831 ], [ 130.5194333, 31.6376971 ], [ 130.5194247, 31.6376328 ], [ 130.5194066, 31.6375644 ], [ 130.5193278, 31.6364908 ], [ 130.5194794, 31.6360961 ], [ 130.5196734, 31.6357983 ], [ 130.5197494, 31.6357128 ], [ 130.5200478, 31.6354571 ], [ 130.5204728, 31.6350846 ], [ 130.521494, 31.6347048 ], [ 130.5223182, 31.6344783 ], [ 130.5229971, 31.6341864 ], [ 130.523435, 31.6338818 ], [ 130.5237354, 31.6335284 ], [ 130.5239405, 31.6329692 ], [ 130.5239661, 31.6327087 ], [ 130.523935, 31.6318513 ], [ 130.5242211, 31.6310225 ], [ 130.5242927, 31.6308301 ], [ 130.5244647, 31.6304475 ], [ 130.5250179, 31.6289369 ], [ 130.5250776, 31.6282708 ], [ 130.5251119, 31.6279293 ], [ 130.5251958, 31.6275331 ], [ 130.5252947, 31.6272061 ], [ 130.5254133, 31.6268567 ], [ 130.5255517, 31.6265072 ], [ 130.525868, 31.6256433 ], [ 130.5259008, 31.6255538 ], [ 130.5259363, 31.6254625 ], [ 130.5260532, 31.6250274 ], [ 130.5260634, 31.6247994 ], [ 130.5261587, 31.6244795 ], [ 130.526329, 31.6240099 ], [ 130.5264367, 31.6236538 ], [ 130.5264721, 31.6235368 ], [ 130.5265095, 31.6233259 ], [ 130.5265163, 31.6230468 ], [ 130.5264891, 31.6224819 ], [ 130.5264721, 31.6222131 ], [ 130.5263869, 31.6215154 ], [ 130.5263767, 31.6212942 ], [ 130.5263665, 31.620828 ], [ 130.5264005, 31.6205115 ], [ 130.5264857, 31.6201066 ], [ 130.5265878, 31.6196744 ], [ 130.5266423, 31.6194668 ], [ 130.5267377, 31.6191333 ], [ 130.5267922, 31.6189563 ], [ 130.5268705, 31.6186943 ], [ 130.5270578, 31.6183676 ], [ 130.5273711, 31.6179729 ], [ 130.5278819, 31.6174045 ], [ 130.5280897, 31.6171493 ], [ 130.528386, 31.6167886 ], [ 130.5285579, 31.6165912 ], [ 130.5286669, 31.6164755 ], [ 130.5289394, 31.6161488 ], [ 130.5292391, 31.6157541 ], [ 130.5301722, 31.6146651 ], [ 130.5304991, 31.6142703 ], [ 130.5312211, 31.61344 ], [ 130.5320112, 31.6124871 ], [ 130.532631, 31.6117521 ], [ 130.5333921, 31.6108162 ], [ 130.5336475, 31.6105168 ], [ 130.5338365, 31.6103024 ], [ 130.5339795, 31.6101322 ], [ 130.5344836, 31.6095673 ], [ 130.5346266, 31.6093767 ], [ 130.5347833, 31.6091726 ], [ 130.535117, 31.6087846 ], [ 130.5355325, 31.6083218 ], [ 130.5356959, 31.608104 ], [ 130.5360433, 31.607614 ], [ 130.5362408, 31.6072464 ], [ 130.5369083, 31.6058988 ], [ 130.5371876, 31.6052999 ], [ 130.5394556, 31.6005152 ], [ 130.5404977, 31.5984802 ], [ 130.5407702, 31.598031 ], [ 130.5413219, 31.5971462 ], [ 130.5417918, 31.5964383 ], [ 130.5423658, 31.5955831 ], [ 130.5428313, 31.594875 ], [ 130.5430636, 31.5945354 ], [ 130.5440395, 31.5929876 ], [ 130.544346, 31.5925384 ], [ 130.5445844, 31.5921845 ], [ 130.5450203, 31.5916128 ], [ 130.5455544, 31.5908707 ], [ 130.5458439, 31.590445 ], [ 130.5459505, 31.5902889 ], [ 130.5469703, 31.5907661 ], [ 130.5472566, 31.5909057 ], [ 130.5477119, 31.591116 ], [ 130.5479317, 31.5912172 ], [ 130.5489265, 31.5916893 ], [ 130.5501852, 31.5922642 ], [ 130.5506053, 31.5924689 ], [ 130.5518874, 31.593067 ], [ 130.5525521, 31.5933916 ], [ 130.5526748, 31.5935619 ] ] } },
{ "type": "Feature", "properties": { "N12_001": "46", "N12_002": 1, "N12_003": 3, "N12_004": "一般国道3号", "N12_005": 24, "N12_006": 2 }, "geometry": { "type": "LineString", "coordinates": [ [ 130.508764, 31.588693 ], [ 130.5091697, 31.5880694 ], [ 130.509745, 31.5873739 ], [ 130.5103274, 31.5868132 ], [ 130.5109097, 31.5864158 ], [ 130.5114282, 31.5861532 ], [ 130.511904, 31.58599 ], [ 130.5123053, 31.5859119 ], [ 130.5128877, 31.5858764 ], [ 130.5134629, 31.5859119 ], [ 130.514237, 31.585919 ], [ 130.515255, 31.585963 ] ] } },
{ "type": "Feature", "properties": { "N12_001": "46", "N12_002": 1, "N12_003": 3, "N12_004": "一般国道10号", "N12_005": 25, "N12_006": 1 }, "geometry": { "type": "LineString", "coordinates": [ [ 130.5526748, 31.5935619 ], [ 130.5530382, 31.5940663 ], [ 130.5537218, 31.5950151 ], [ 130.555341, 31.5972625 ], [ 130.5575597, 31.600418 ], [ 130.5582172, 31.6013683 ], [ 130.55843, 31.6016531 ], [ 130.5587689, 31.6020181 ], [ 130.5589517, 31.602158 ], [ 130.5599902, 31.6025933 ], [ 130.5607365, 31.6028738 ], [ 130.5622601, 31.6034731 ], [ 130.5635761, 31.6039698 ], [ 130.5642384, 31.6042226 ], [ 130.5647572, 31.6044658 ], [ 130.5651664, 31.6046974 ], [ 130.5658255, 31.60513 ], [ 130.5663099, 31.6055412 ], [ 130.5671741, 31.6062514 ], [ 130.5675033, 31.6065406 ], [ 130.5678919, 31.607007 ], [ 130.5685312, 31.6080116 ], [ 130.5690918, 31.6089262 ], [ 130.5697625, 31.6102019 ], [ 130.5699117, 31.6107863 ], [ 130.5700434, 31.6113023 ], [ 130.5701392, 31.6118861 ], [ 130.5702994, 31.6127156 ], [ 130.5711272, 31.6139283 ], [ 130.5716362, 31.6142789 ], [ 130.5726753, 31.6149946 ], [ 130.5730961, 31.6152845 ], [ 130.5733336, 31.61551 ], [ 130.5739841, 31.6159529 ], [ 130.574425, 31.6161406 ], [ 130.5755902, 31.6164733 ], [ 130.5762718, 31.6167703 ], [ 130.576925, 31.6171229 ], [ 130.5773358, 31.6174431 ], [ 130.5776386, 31.6176178 ], [ 130.5779022, 31.6177192 ], [ 130.5781064, 31.61777 ], [ 130.5784553, 31.617815 ], [ 130.5786531, 31.6178489 ], [ 130.5787913, 31.6178603 ], [ 130.5789889, 31.6178939 ], [ 130.5794222, 31.617956 ], [ 130.5802596, 31.6180744 ], [ 130.5805581, 31.6181235 ], [ 130.5810106, 31.6181981 ], [ 130.5812675, 31.6182489 ], [ 130.58161, 31.6183897 ], [ 130.5820117, 31.6186211 ], [ 130.5823147, 31.6188014 ], [ 130.5830192, 31.6192186 ], [ 130.5833333, 31.6194048 ], [ 130.5837897, 31.6196753 ], [ 130.5840728, 31.61985 ], [ 130.5842572, 31.6200022 ], [ 130.5843692, 31.620132 ], [ 130.5845733, 31.6204139 ], [ 130.5848303, 31.6207914 ], [ 130.5855019, 31.6218625 ], [ 130.5858314, 31.6223756 ], [ 130.5859961, 31.6225617 ], [ 130.5861408, 31.6227136 ], [ 130.5862728, 31.622815 ], [ 130.5865819, 31.6229672 ], [ 130.587794, 31.6235648 ], [ 130.58811, 31.6237058 ], [ 130.5882944, 31.6237567 ], [ 130.5884261, 31.6237508 ], [ 130.5885803, 31.6237092 ], [ 130.5889431, 31.6235503 ], [ 130.5891274, 31.6234888 ], [ 130.5898086, 31.62379 ], [ 130.5907324, 31.6242081 ], [ 130.5913072, 31.6244709 ], [ 130.5916667, 31.6246354 ], [ 130.5917914, 31.6246925 ], [ 130.5919033, 31.6247428 ], [ 130.5921733, 31.6248386 ], [ 130.5926738, 31.625 ], [ 130.5927858, 31.6250361 ], [ 130.5937013, 31.625335 ], [ 130.5942547, 31.6255547 ], [ 130.5945181, 31.6256956 ], [ 130.5949854, 31.626017 ], [ 130.5952047, 31.6261969 ], [ 130.5954531, 31.6264006 ], [ 130.5959462, 31.6268563 ], [ 130.5967111, 31.6275503 ], [ 130.5975144, 31.6282605 ], [ 130.5977383, 31.6284467 ], [ 130.5978242, 31.6284975 ], [ 130.5980939, 31.6286157 ], [ 130.5984298, 31.6287562 ], [ 130.5992136, 31.6290836 ], [ 130.59949, 31.6292189 ], [ 130.5995708, 31.6292733 ], [ 130.5996811, 31.6293597 ], [ 130.5998128, 31.6294725 ], [ 130.6, 31.6296411 ], [ 130.6005703, 31.6301547 ], [ 130.6007875, 31.6303803 ], [ 130.6010439, 31.6306952 ], [ 130.6015447, 31.6313331 ], [ 130.6017225, 31.6315528 ], [ 130.601808, 31.6316766 ], [ 130.6018872, 31.6318289 ], [ 130.6019333, 31.6319586 ], [ 130.6019597, 31.6321219 ], [ 130.6019612, 31.6322241 ], [ 130.6019352, 31.6326635 ], [ 130.6017747, 31.6341775 ], [ 130.6024531, 31.6365461 ], [ 130.6026944, 31.6376606 ], [ 130.6027336, 31.6382228 ], [ 130.6027019, 31.6385728 ], [ 130.6026164, 31.6389404 ], [ 130.6023047, 31.6399453 ], [ 130.6023203, 31.6404525 ], [ 130.6023514, 31.6406236 ], [ 130.6027956, 31.6418392 ], [ 130.6028658, 31.6420492 ], [ 130.6029747, 31.6430869 ], [ 130.6030917, 31.6435225 ], [ 130.603115, 31.6436628 ], [ 130.6031228, 31.6446692 ], [ 130.6031539, 31.6448558 ], [ 130.6033871, 31.645275 ], [ 130.6039022, 31.6459714 ], [ 130.6047881, 31.6474889 ], [ 130.6059578, 31.6496833 ], [ 130.606288, 31.6502527 ], [ 130.606864, 31.6508815 ], [ 130.6079353, 31.6524047 ], [ 130.6084478, 31.6530539 ], [ 130.6103567, 31.6548761 ], [ 130.6109895, 31.6554325 ], [ 130.6114, 31.6556603 ], [ 130.6120467, 31.6559131 ], [ 130.6126517, 31.6561197 ], [ 130.6137842, 31.6564531 ], [ 130.6143914, 31.6565853 ], [ 130.6153028, 31.6565625 ], [ 130.6163233, 31.6562733 ], [ 130.6168595, 31.65613 ], [ 130.6172959, 31.6561411 ], [ 130.6177711, 31.6562481 ], [ 130.6180569, 31.6563589 ], [ 130.6184908, 31.6565842 ], [ 130.6186716, 31.6567324 ], [ 130.6188461, 31.6569328 ], [ 130.6191275, 31.6575439 ], [ 130.6192692, 31.657992 ], [ 130.6193053, 31.6585061 ], [ 130.6192747, 31.6586756 ], [ 130.6191856, 31.6588847 ], [ 130.6190828, 31.6590097 ], [ 130.6189133, 31.6591483 ], [ 130.6186125, 31.6592933 ], [ 130.6180367, 31.6595964 ], [ 130.6176307, 31.6597881 ], [ 130.617342, 31.6599358 ], [ 130.6170411, 31.66005 ], [ 130.6166741, 31.6601569 ], [ 130.6165331, 31.6602261 ], [ 130.6163992, 31.6602975 ], [ 130.6161764, 31.660442 ], [ 130.6160486, 31.6605281 ], [ 130.6158789, 31.6606978 ], [ 130.61574, 31.6608922 ], [ 130.6156703, 31.6610206 ], [ 130.6151583, 31.662575 ], [ 130.6149163, 31.6631594 ], [ 130.6146492, 31.6636181 ], [ 130.614457, 31.6638689 ], [ 130.6141625, 31.6642272 ], [ 130.6141084, 31.664285 ], [ 130.6138508, 31.6645608 ], [ 130.6136497, 31.6647683 ], [ 130.6135003, 31.6649225 ], [ 130.6132697, 31.6652061 ], [ 130.6131361, 31.6654236 ], [ 130.6130053, 31.6658297 ], [ 130.6127856, 31.6669589 ], [ 130.612627, 31.6675264 ], [ 130.6122628, 31.668867 ], [ 130.6121269, 31.6701472 ], [ 130.6117986, 31.6714775 ], [ 130.61176, 31.6719025 ], [ 130.6116044, 31.672285 ], [ 130.6113492, 31.6727325 ], [ 130.6111736, 31.6731247 ], [ 130.6110542, 31.6734845 ], [ 130.6110152, 31.6737351 ], [ 130.6110183, 31.6741061 ], [ 130.6110514, 31.6745708 ], [ 130.6110985, 31.6747575 ], [ 130.6110908, 31.674952 ], [ 130.6108327, 31.6756247 ], [ 130.6103153, 31.6766645 ], [ 130.6099873, 31.6773076 ], [ 130.6097991, 31.6777469 ], [ 130.6095347, 31.6783875 ], [ 130.6093314, 31.6789997 ], [ 130.6092767, 31.6792139 ], [ 130.6092433, 31.6794019 ], [ 130.6092289, 31.6795906 ], [ 130.6092236, 31.6798259 ], [ 130.6092344, 31.680045 ], [ 130.60926, 31.6803514 ], [ 130.6093208, 31.6808245 ], [ 130.609635, 31.6828928 ], [ 130.6097246, 31.6833333 ], [ 130.6097525, 31.6834708 ], [ 130.6098974, 31.6841242 ], [ 130.6099842, 31.6844714 ], [ 130.6101064, 31.6849494 ], [ 130.6102767, 31.6854433 ], [ 130.6103955, 31.6857253 ], [ 130.6105972, 31.6862031 ], [ 130.61072, 31.6864817 ], [ 130.6108875, 31.6868361 ], [ 130.6110617, 31.6871697 ], [ 130.6112119, 31.6874144 ], [ 130.6115289, 31.6878728 ], [ 130.6117261, 31.6881231 ], [ 130.6119053, 31.6883489 ], [ 130.6122753, 31.688795 ], [ 130.6125194, 31.6890736 ], [ 130.6130189, 31.6896364 ], [ 130.6137133, 31.6903778 ], [ 130.6143717, 31.691062 ], [ 130.6145211, 31.6912286 ], [ 130.6146806, 31.6914278 ], [ 130.6147825, 31.6915622 ], [ 130.6148695, 31.6916985 ], [ 130.6149214, 31.6918125 ], [ 130.6149414, 31.6918838 ], [ 130.6149481, 31.6919497 ], [ 130.6149519, 31.6920592 ], [ 130.6149409, 31.6921705 ], [ 130.6148983, 31.6924468 ], [ 130.6148024, 31.6926762 ], [ 130.614352, 31.6941794 ], [ 130.6140776, 31.6950643 ], [ 130.6142058, 31.6952665 ], [ 130.6135024, 31.6978412 ], [ 130.6133077, 31.698205 ], [ 130.6131908, 31.6984039 ], [ 130.6130406, 31.6986125 ], [ 130.6126903, 31.699072 ], [ 130.6120986, 31.6999914 ], [ 130.6117922, 31.7006 ], [ 130.6115542, 31.701305 ], [ 130.6114514, 31.7019931 ], [ 130.6114756, 31.7024778 ], [ 130.6115994, 31.7030789 ], [ 130.61162, 31.7031789 ], [ 130.6117986, 31.70363 ], [ 130.6122273, 31.70444 ], [ 130.6132158, 31.7057411 ], [ 130.6136675, 31.7064299 ], [ 130.6147157, 31.7083333 ], [ 130.6154633, 31.7097325 ], [ 130.6161737, 31.7110794 ], [ 130.6166667, 31.7120363 ], [ 130.6221907, 31.7223343 ], [ 130.6232186, 31.7244103 ], [ 130.6240995, 31.7260741 ], [ 130.6245618, 31.726949 ], [ 130.624885, 31.7275138 ], [ 130.62506, 31.7277719 ], [ 130.6252514, 31.7280145 ], [ 130.6255017, 31.7282736 ], [ 130.6259867, 31.7287265 ], [ 130.6269118, 31.7295471 ], [ 130.6271158, 31.7297247 ], [ 130.6285361, 31.7309471 ], [ 130.6293937, 31.7316254 ], [ 130.6297915, 31.7318243 ], [ 130.6304322, 31.7320453 ], [ 130.6313089, 31.7322256 ], [ 130.6334911, 31.732407 ], [ 130.6352706, 31.7325583 ], [ 130.6370333, 31.7327524 ], [ 130.6381906, 31.7328794 ], [ 130.6416396, 31.7332655 ], [ 130.6426395, 31.7334755 ], [ 130.6469192, 31.7350161 ], [ 130.6479133, 31.7353767 ], [ 130.6484211, 31.7355628 ], [ 130.6486914, 31.7357092 ], [ 130.6489944, 31.7359966 ], [ 130.6496849, 31.7368215 ], [ 130.6500188, 31.7369771 ], [ 130.6503919, 31.7371014 ], [ 130.6505967, 31.7371156 ], [ 130.6508053, 31.7371081 ], [ 130.6511497, 31.7370578 ], [ 130.6514202, 31.7369639 ], [ 130.6516982, 31.7368032 ], [ 130.6521947, 31.7364914 ], [ 130.6523889, 31.7363489 ], [ 130.6527386, 31.736087 ], [ 130.6529703, 31.7359142 ], [ 130.6532931, 31.7356689 ], [ 130.6536043, 31.7354268 ], [ 130.6536811, 31.7353597 ], [ 130.6538131, 31.7352245 ], [ 130.6538856, 31.7351286 ], [ 130.6539388, 31.7350541 ], [ 130.6540638, 31.7348294 ], [ 130.6541625, 31.7346381 ], [ 130.6542827, 31.7343293 ], [ 130.6545975, 31.7344858 ], [ 130.6548411, 31.7346097 ], [ 130.6551972, 31.7347958 ], [ 130.6554212, 31.7349141 ], [ 130.6555611, 31.7349786 ], [ 130.6558164, 31.7350653 ], [ 130.6562717, 31.7351906 ], [ 130.6565154, 31.7352414 ], [ 130.6572145, 31.7353597 ], [ 130.6572592, 31.7353719 ], [ 130.6574609, 31.7354275 ], [ 130.658005, 31.7355795 ], [ 130.6585233, 31.7357547 ], [ 130.6586241, 31.7357882 ], [ 130.6587433, 31.7358275 ], [ 130.6589344, 31.7358783 ], [ 130.6591128, 31.7359234 ], [ 130.6595524, 31.7360291 ], [ 130.6596037, 31.7360405 ], [ 130.6599761, 31.736115 ], [ 130.6603189, 31.7361769 ], [ 130.6607532, 31.7362374 ], [ 130.6609507, 31.7362677 ], [ 130.6611167, 31.7362953 ], [ 130.6614288, 31.7363264 ], [ 130.6618628, 31.7363664 ], [ 130.6619688, 31.7363696 ], [ 130.6620903, 31.7363706 ], [ 130.6621711, 31.7363572 ], [ 130.6623117, 31.7363242 ], [ 130.6625961, 31.7362183 ], [ 130.6632844, 31.7359091 ], [ 130.663386, 31.7358612 ], [ 130.6637196, 31.7357461 ], [ 130.6640278, 31.7356302 ], [ 130.664144, 31.7356168 ], [ 130.6643107, 31.7356076 ], [ 130.6644371, 31.7356006 ], [ 130.664745, 31.7355763 ], [ 130.6647979, 31.7355727 ], [ 130.6650909, 31.735557 ], [ 130.6652392, 31.7355495 ], [ 130.665303, 31.7355438 ], [ 130.6655143, 31.7355236 ], [ 130.6657575, 31.7354989 ], [ 130.6658101, 31.7354936 ], [ 130.6663607, 31.735438 ], [ 130.6664656, 31.7354264 ], [ 130.6666667, 31.7354025 ], [ 130.666884, 31.7353767 ], [ 130.6669263, 31.7353728 ], [ 130.6670837, 31.7353544 ], [ 130.6675104, 31.7352919 ], [ 130.6675565, 31.735284 ], [ 130.6676602, 31.7352664 ], [ 130.6677081, 31.7352583 ], [ 130.668629, 31.7350495 ], [ 130.671084, 31.7344822 ], [ 130.6724976, 31.734133 ], [ 130.673228, 31.7340242 ], [ 130.6737328, 31.7339675 ], [ 130.6739242, 31.733967 ], [ 130.6740492, 31.7339731 ], [ 130.6741531, 31.7339886 ], [ 130.6743656, 31.7340408 ], [ 130.6744719, 31.7340803 ], [ 130.6748272, 31.7342436 ], [ 130.675, 31.7343407 ], [ 130.6752489, 31.7344806 ], [ 130.6755719, 31.7346892 ], [ 130.6758753, 31.7349483 ], [ 130.6763631, 31.7355231 ], [ 130.6765413, 31.7357771 ], [ 130.6766334, 31.7359178 ], [ 130.6773783, 31.7368706 ], [ 130.6776089, 31.7371414 ], [ 130.6777575, 31.7372722 ], [ 130.6779056, 31.7373725 ], [ 130.6780639, 31.737457 ], [ 130.6782617, 31.7375247 ], [ 130.6784528, 31.7375642 ], [ 130.6787428, 31.7375867 ], [ 130.6790637, 31.7375927 ], [ 130.6800397, 31.737601 ], [ 130.6808392, 31.7376092 ], [ 130.6813833, 31.7376526 ], [ 130.681866, 31.7377429 ], [ 130.6819533, 31.7377728 ], [ 130.6821028, 31.7378192 ], [ 130.6822828, 31.7379025 ], [ 130.6824475, 31.737987 ], [ 130.6826717, 31.7380658 ], [ 130.6829289, 31.7381392 ], [ 130.6831133, 31.7381786 ], [ 130.683192, 31.73818 ], [ 130.6833309, 31.738173 ], [ 130.6834522, 31.7381533 ], [ 130.6841089, 31.738015 ], [ 130.6842669, 31.7380039 ], [ 130.684445, 31.7380211 ], [ 130.6845897, 31.7380492 ], [ 130.6848403, 31.7381225 ], [ 130.6849919, 31.7381789 ], [ 130.6858556, 31.7384664 ], [ 130.6860597, 31.7385172 ], [ 130.6861522, 31.7385228 ], [ 130.6862839, 31.7385003 ], [ 130.6863697, 31.7384664 ], [ 130.6866436, 31.7383053 ], [ 130.6876625, 31.7376542 ], [ 130.688251, 31.7372865 ], [ 130.6885517, 31.7370964 ], [ 130.689425, 31.7365358 ], [ 130.689493, 31.7364932 ], [ 130.6900811, 31.736127 ], [ 130.6901531, 31.7360772 ], [ 130.6903097, 31.7359811 ], [ 130.6909682, 31.7355687 ], [ 130.6916667, 31.7351252 ], [ 130.6920341, 31.7348919 ], [ 130.6920567, 31.7348772 ], [ 130.6922047, 31.7347934 ], [ 130.6922914, 31.7347414 ], [ 130.6925769, 31.7345617 ], [ 130.6928956, 31.7343516 ], [ 130.6930241, 31.7342617 ], [ 130.6931153, 31.7341733 ], [ 130.6932047, 31.7340947 ], [ 130.6933707, 31.7339227 ], [ 130.693452, 31.7338264 ], [ 130.6936078, 31.7336242 ], [ 130.6937922, 31.733377 ], [ 130.6938201, 31.7333333 ], [ 130.6939044, 31.7332011 ], [ 130.6940581, 31.7329397 ], [ 130.6941189, 31.7328328 ], [ 130.6941672, 31.7327292 ], [ 130.6943197, 31.7323275 ], [ 130.6944383, 31.731995 ], [ 130.6946628, 31.7313975 ], [ 130.6949003, 31.7308394 ], [ 130.6950135, 31.7305208 ], [ 130.6951173, 31.7303046 ], [ 130.6952619, 31.7301668 ], [ 130.6953944, 31.7301008 ], [ 130.6955067, 31.7300389 ], [ 130.6956714, 31.7299656 ], [ 130.6961, 31.7298472 ], [ 130.6963833, 31.7298078 ], [ 130.6969366, 31.7297628 ], [ 130.6974842, 31.7297175 ], [ 130.6979853, 31.7296386 ], [ 130.6983742, 31.7295597 ], [ 130.6987556, 31.7294617 ], [ 130.6989111, 31.7294131 ], [ 130.6990133, 31.7293797 ], [ 130.6991083, 31.7293467 ], [ 130.6997166, 31.7290276 ], [ 130.69999, 31.7288932 ], [ 130.7005008, 31.7286261 ], [ 130.7009899, 31.728346 ], [ 130.7016591, 31.7279787 ], [ 130.7019927, 31.7277956 ], [ 130.7022761, 31.7276717 ], [ 130.7026056, 31.7275419 ], [ 130.7029681, 31.7274178 ], [ 130.7035922, 31.7272006 ], [ 130.703825, 31.7271303 ], [ 130.7041547, 31.7270006 ], [ 130.7044559, 31.7268747 ], [ 130.7046553, 31.726792 ], [ 130.7048267, 31.7266961 ], [ 130.7049917, 31.7265608 ], [ 130.7054661, 31.7260369 ], [ 130.7056147, 31.7259003 ], [ 130.7056867, 31.7258542 ], [ 130.7057958, 31.7257989 ], [ 130.7058811, 31.7257642 ], [ 130.7059903, 31.7257403 ], [ 130.7061533, 31.7257197 ], [ 130.7062875, 31.7257197 ], [ 130.7063981, 31.725732 ], [ 130.7065772, 31.7257942 ], [ 130.7066975, 31.7258478 ], [ 130.7068108, 31.7259072 ], [ 130.7068942, 31.7259572 ], [ 130.7069625, 31.7260144 ], [ 130.7070716, 31.7261438 ], [ 130.7074042, 31.7265386 ], [ 130.7075953, 31.7267078 ], [ 130.7077733, 31.7268036 ], [ 130.7079874, 31.7268816 ], [ 130.7081619, 31.7269389 ], [ 130.7083927, 31.7270067 ], [ 130.7086695, 31.7270742 ], [ 130.7088342, 31.7270967 ], [ 130.7090222, 31.7271045 ], [ 130.7094011, 31.7270911 ], [ 130.7096451, 31.7270742 ], [ 130.7098689, 31.7270686 ], [ 130.7100928, 31.727052 ], [ 130.7104331, 31.7270408 ], [ 130.7105611, 31.7270406 ], [ 130.7108262, 31.7270547 ], [ 130.7110028, 31.7270686 ], [ 130.7111544, 31.7270911 ], [ 130.7114706, 31.7271644 ], [ 130.7122418, 31.7274239 ], [ 130.7126715, 31.7275697 ], [ 130.7134669, 31.7278408 ], [ 130.7137314, 31.7279256 ], [ 130.7139623, 31.7280045 ], [ 130.7148229, 31.728297 ], [ 130.7158403, 31.7286417 ], [ 130.7161835, 31.7287634 ], [ 130.7164083, 31.728838 ], [ 130.7165984, 31.7289008 ], [ 130.7166667, 31.7289224 ], [ 130.7167734, 31.7289561 ], [ 130.7168699, 31.7289906 ], [ 130.7179039, 31.7293242 ], [ 130.7182181, 31.7294217 ], [ 130.7185766, 31.7294616 ], [ 130.7190462, 31.7293345 ], [ 130.7196762, 31.7291095 ], [ 130.7227346, 31.728025 ], [ 130.7248169, 31.7272863 ], [ 130.7252389, 31.7271481 ], [ 130.7276333, 31.7265768 ], [ 130.7307097, 31.7258399 ], [ 130.7333186, 31.7252309 ], [ 130.7342315, 31.725073 ], [ 130.7350669, 31.7249284 ], [ 130.7359161, 31.7247168 ], [ 130.7372939, 31.7243707 ], [ 130.7378279, 31.7242167 ], [ 130.7386386, 31.7239575 ], [ 130.7400017, 31.7234064 ], [ 130.7409696, 31.7229079 ], [ 130.7413901, 31.7227616 ], [ 130.7429915, 31.7223518 ], [ 130.7437142, 31.7220972 ], [ 130.7443993, 31.7217746 ], [ 130.7465319, 31.7206319 ], [ 130.7491847, 31.7191872 ], [ 130.7510897, 31.7181106 ], [ 130.7528354, 31.7171274 ], [ 130.7537894, 31.7166037 ], [ 130.7568039, 31.7149372 ], [ 130.7578482, 31.7143458 ], [ 130.7587044, 31.7138609 ], [ 130.7603848, 31.7130705 ], [ 130.7610153, 31.7127278 ], [ 130.7628124, 31.7120219 ], [ 130.7637508, 31.7116397 ], [ 130.7642843, 31.7115025 ], [ 130.7658244, 31.7112086 ], [ 130.7664351, 31.7111562 ], [ 130.7679375, 31.7110167 ], [ 130.7714947, 31.7108755 ], [ 130.773545, 31.7105797 ], [ 130.7739535, 31.7105108 ], [ 130.7744143, 31.7105249 ], [ 130.774803, 31.7106158 ], [ 130.7754031, 31.7106891 ], [ 130.7757467, 31.7106865 ], [ 130.7758714, 31.7106592 ], [ 130.7761417, 31.7105353 ], [ 130.7789394, 31.7087287 ], [ 130.78007, 31.7080047 ], [ 130.7822096, 31.7074362 ], [ 130.783761, 31.7070252 ], [ 130.7847023, 31.7067798 ], [ 130.7860305, 31.7064277 ], [ 130.7862654, 31.7063503 ], [ 130.7867359, 31.7063253 ], [ 130.7869706, 31.7063589 ], [ 130.7871486, 31.7064039 ], [ 130.7873069, 31.7064772 ], [ 130.7874453, 31.7065786 ], [ 130.7875244, 31.7066578 ], [ 130.7875769, 31.7067308 ], [ 130.7876431, 31.7068606 ], [ 130.7876758, 31.7069789 ], [ 130.7876872, 31.7071221 ], [ 130.7876758, 31.7072381 ], [ 130.7876561, 31.7073339 ], [ 130.7875981, 31.7075318 ], [ 130.7871485, 31.7092261 ], [ 130.7869969, 31.7098478 ], [ 130.786985, 31.7100486 ], [ 130.7869969, 31.7102311 ], [ 130.7871683, 31.7107383 ], [ 130.7873794, 31.7113078 ], [ 130.7874318, 31.7114658 ], [ 130.7876298, 31.7119852 ], [ 130.7878997, 31.7126942 ], [ 130.7881341, 31.7131779 ], [ 130.7881838, 31.7132636 ], [ 130.7882372, 31.7133554 ], [ 130.7884742, 31.7136956 ], [ 130.7886644, 31.71394 ], [ 130.7890819, 31.7145036 ], [ 130.7891953, 31.7146995 ], [ 130.7892628, 31.7148689 ], [ 130.7892975, 31.7149783 ], [ 130.7893208, 31.7151478 ], [ 130.789325, 31.7153283 ], [ 130.7893044, 31.7156628 ], [ 130.7892639, 31.7163861 ], [ 130.7892592, 31.7166667 ], [ 130.7892508, 31.7171697 ], [ 130.7892639, 31.7174514 ], [ 130.7892683, 31.7175536 ], [ 130.7893053, 31.7177589 ], [ 130.7893669, 31.7179681 ], [ 130.789455, 31.7181617 ], [ 130.7895342, 31.718297 ], [ 130.7897172, 31.718568 ], [ 130.7897857, 31.7186419 ], [ 130.7906547, 31.7195653 ], [ 130.7909578, 31.7198639 ], [ 130.7912147, 31.7200895 ], [ 130.7914156, 31.7202195 ], [ 130.7915575, 31.7203033 ], [ 130.7916461, 31.7203386 ], [ 130.7917686, 31.72037 ], [ 130.7918869, 31.7203881 ], [ 130.7923942, 31.7204275 ], [ 130.7925264, 31.7204386 ], [ 130.793148, 31.7204893 ], [ 130.7933834, 31.7205083 ], [ 130.7935021, 31.7205178 ], [ 130.7942136, 31.72058 ], [ 130.7953803, 31.7206589 ], [ 130.7955319, 31.7206758 ], [ 130.7957495, 31.720687 ], [ 130.7958547, 31.7207039 ], [ 130.7974286, 31.7208087 ], [ 130.7981747, 31.7208617 ], [ 130.7983529, 31.7208675 ], [ 130.7992093, 31.720935 ], [ 130.7995258, 31.720952 ], [ 130.7999611, 31.7210139 ], [ 130.7999866, 31.7210198 ], [ 130.8001325, 31.7210533 ], [ 130.8002906, 31.7210986 ], [ 130.8004255, 31.7211572 ], [ 130.8006725, 31.7212844 ], [ 130.8009195, 31.7214384 ], [ 130.8015283, 31.7217922 ], [ 130.8016284, 31.7218594 ], [ 130.8021161, 31.722147 ], [ 130.8022481, 31.7222372 ], [ 130.8024522, 31.7223497 ], [ 130.8027028, 31.7224456 ], [ 130.8030653, 31.7225583 ], [ 130.8033289, 31.7226258 ], [ 130.804258, 31.7228064 ], [ 130.8048447, 31.7229192 ], [ 130.8049172, 31.7229247 ], [ 130.8050492, 31.7229472 ], [ 130.8061169, 31.7231275 ], [ 130.8063408, 31.7231558 ], [ 130.8064334, 31.7231728 ], [ 130.8066375, 31.7231953 ], [ 130.8072372, 31.723235 ], [ 130.8083934, 31.7232411 ], [ 130.8088136, 31.7232433 ], [ 130.8092989, 31.7232339 ], [ 130.8095603, 31.7232064 ], [ 130.8097794, 31.72314 ], [ 130.8099828, 31.7230233 ], [ 130.8102994, 31.7227808 ], [ 130.8105408, 31.7226006 ], [ 130.8105953, 31.7225531 ], [ 130.8107589, 31.722387 ], [ 130.8108886, 31.7222258 ], [ 130.8111983, 31.7217975 ], [ 130.8112903, 31.7216701 ], [ 130.8114339, 31.721452 ], [ 130.8115775, 31.7212733 ], [ 130.8116764, 31.7211639 ], [ 130.8117977, 31.72107 ], [ 130.8120461, 31.7209308 ], [ 130.8122306, 31.7208236 ], [ 130.8124218, 31.7207374 ], [ 130.8124706, 31.7207156 ], [ 130.8132283, 31.7203492 ], [ 130.8134064, 31.7202475 ], [ 130.8135911, 31.7201122 ], [ 130.813815, 31.7198983 ], [ 130.8140261, 31.7196617 ], [ 130.8146653, 31.7188161 ], [ 130.8149619, 31.7184383 ], [ 130.8150478, 31.7183031 ], [ 130.8151164, 31.7181164 ], [ 130.8151608, 31.7179122 ], [ 130.8151622, 31.7177491 ], [ 130.8151358, 31.717612 ], [ 130.8150858, 31.7174828 ], [ 130.8150444, 31.7173939 ], [ 130.8150078, 31.7173175 ], [ 130.8146935, 31.7166667 ], [ 130.8146128, 31.7164995 ], [ 130.8145678, 31.7163803 ], [ 130.81452, 31.7160136 ], [ 130.8144936, 31.7156853 ], [ 130.8144675, 31.7153611 ], [ 130.8144706, 31.7151628 ], [ 130.8144742, 31.7149439 ], [ 130.8145006, 31.7147578 ], [ 130.8145664, 31.714638 ], [ 130.8146389, 31.7145495 ], [ 130.8148303, 31.7143858 ], [ 130.8149686, 31.7143125 ], [ 130.8151794, 31.7142337 ], [ 130.81601, 31.7138672 ], [ 130.8162144, 31.7137489 ], [ 130.8163197, 31.7136475 ], [ 130.8164386, 31.7134562 ], [ 130.8165572, 31.7131686 ], [ 130.8166667, 31.7125359 ], [ 130.8166889, 31.7124075 ], [ 130.8167211, 31.7122224 ], [ 130.8167251, 31.7121996 ], [ 130.8168275, 31.7116128 ], [ 130.8169065, 31.7111391 ], [ 130.8169461, 31.7109533 ], [ 130.8170119, 31.7107617 ], [ 130.8171306, 31.710542 ], [ 130.817363, 31.7103 ], [ 130.8184649, 31.7094059 ], [ 130.8189372, 31.7089614 ], [ 130.8192067, 31.7086764 ], [ 130.8193056, 31.7085692 ], [ 130.8194761, 31.7083333 ], [ 130.8195297, 31.7082592 ], [ 130.8197733, 31.7078475 ], [ 130.8198658, 31.7076561 ], [ 130.8199582, 31.7074297 ], [ 130.8200753, 31.7070354 ], [ 130.8201227, 31.706839 ], [ 130.8202086, 31.7062582 ], [ 130.8202283, 31.7057622 ], [ 130.8202417, 31.7041333 ], [ 130.820255, 31.7034911 ], [ 130.8202595, 31.7030765 ], [ 130.8202681, 31.7028652 ], [ 130.8202747, 31.7027581 ], [ 130.8203011, 31.7019803 ], [ 130.8203275, 31.7014336 ], [ 130.8204, 31.7009433 ], [ 130.8205053, 31.7005995 ], [ 130.8206703, 31.7001878 ], [ 130.820753, 31.7 ], [ 130.8207907, 31.6999143 ], [ 130.8215722, 31.6985663 ], [ 130.821963, 31.6978812 ], [ 130.8221167, 31.6975603 ], [ 130.8223192, 31.6972106 ], [ 130.8224814, 31.6968636 ], [ 130.8225953, 31.6965433 ], [ 130.8226553, 31.6962253 ], [ 130.8226561, 31.6959522 ], [ 130.8226253, 31.6953797 ], [ 130.8225933, 31.6951497 ], [ 130.822575, 31.694935 ], [ 130.822575, 31.6945572 ], [ 130.8226014, 31.6942192 ], [ 130.8226475, 31.6940442 ], [ 130.8227925, 31.6936836 ], [ 130.8228981, 31.693492 ], [ 130.8229851, 31.6933667 ], [ 130.8230731, 31.6932462 ], [ 130.8231025, 31.6932045 ], [ 130.8233067, 31.6929675 ], [ 130.8236124, 31.6926625 ], [ 130.8243747, 31.6919022 ], [ 130.8245153, 31.6917489 ], [ 130.8247572, 31.6914853 ], [ 130.825, 31.6911925 ], [ 130.8252714, 31.6908653 ], [ 130.8256075, 31.6904764 ], [ 130.8258332, 31.6902096 ], [ 130.8260418, 31.6899607 ], [ 130.8274333, 31.6883003 ], [ 130.8275717, 31.6881425 ], [ 130.8278328, 31.6878236 ], [ 130.8282044, 31.6874211 ], [ 130.8286592, 31.6870039 ], [ 130.8289296, 31.6867897 ], [ 130.8293447, 31.6865133 ], [ 130.8299448, 31.686215 ], [ 130.8303861, 31.6860233 ], [ 130.8306047, 31.6859473 ], [ 130.8313553, 31.6857075 ], [ 130.8317111, 31.6856061 ], [ 130.8320539, 31.6854989 ], [ 130.8321258, 31.6854756 ], [ 130.8322053, 31.6854539 ], [ 130.832885, 31.6852451 ], [ 130.833115, 31.685172 ], [ 130.8333333, 31.6851024 ], [ 130.8335039, 31.6850481 ], [ 130.8335567, 31.6850367 ], [ 130.8337081, 31.6849803 ], [ 130.8338727, 31.6849408 ], [ 130.8357711, 31.6843433 ], [ 130.836015, 31.6842758 ], [ 130.8364567, 31.6841405 ], [ 130.8365256, 31.6841136 ], [ 130.8366281, 31.6840842 ], [ 130.8378739, 31.683695 ], [ 130.8382364, 31.6835542 ], [ 130.8384736, 31.6834133 ], [ 130.8385739, 31.6833333 ], [ 130.8386713, 31.6832556 ], [ 130.8387702, 31.6831598 ], [ 130.8396969, 31.6820354 ], [ 130.8399039, 31.681677 ], [ 130.8399964, 31.6814292 ], [ 130.8400358, 31.6812658 ], [ 130.8400622, 31.6810686 ], [ 130.8400666, 31.6805197 ], [ 130.8400822, 31.67864 ], [ 130.8400797, 31.6785645 ], [ 130.8400625, 31.6780468 ], [ 130.8400625, 31.6777711 ], [ 130.8400572, 31.6775404 ], [ 130.8401124, 31.6767675 ], [ 130.8401744, 31.6762997 ], [ 130.8402667, 31.6758547 ], [ 130.8404253, 31.6753081 ], [ 130.8405205, 31.675 ], [ 130.8406361, 31.6746258 ], [ 130.8408011, 31.674265 ], [ 130.8409986, 31.6740114 ], [ 130.8411108, 31.6739325 ], [ 130.8412161, 31.6738706 ], [ 130.8413744, 31.6737972 ], [ 130.8415789, 31.6737239 ], [ 130.8416667, 31.6736909 ], [ 130.8421786, 31.6734984 ], [ 130.8424883, 31.673397 ], [ 130.8427517, 31.6732959 ], [ 130.8432394, 31.6731211 ], [ 130.84454, 31.6726393 ], [ 130.8458564, 31.67258 ], [ 130.8471086, 31.6725236 ], [ 130.8481765, 31.6724672 ], [ 130.8485189, 31.6724445 ], [ 130.8487892, 31.6724389 ], [ 130.85, 31.6723693 ], [ 130.8507799, 31.672315 ], [ 130.8512742, 31.6722925 ], [ 130.8534102, 31.6721797 ], [ 130.8546356, 31.6720953 ], [ 130.8560361, 31.6720197 ], [ 130.8565097, 31.6720063 ], [ 130.8565469, 31.6720053 ], [ 130.8568169, 31.6720503 ], [ 130.8572653, 31.6721517 ], [ 130.8573575, 31.6721631 ], [ 130.8578519, 31.6722589 ], [ 130.8583777, 31.6723641 ], [ 130.8585837, 31.6724053 ], [ 130.8586364, 31.6724222 ], [ 130.8587814, 31.6724447 ], [ 130.8590911, 31.6724731 ], [ 130.8595525, 31.6724786 ], [ 130.8597695, 31.6724675 ], [ 130.8609627, 31.6724222 ], [ 130.861153, 31.6724111 ], [ 130.8613186, 31.6723886 ], [ 130.8613845, 31.6723767 ], [ 130.8614816, 31.6723477 ], [ 130.8633587, 31.6715615 ], [ 130.8640169, 31.6712903 ], [ 130.8646186, 31.6710334 ], [ 130.8650031, 31.6708725 ], [ 130.8651678, 31.6708103 ], [ 130.8653569, 31.6707332 ], [ 130.8654644, 31.6706864 ], [ 130.8657742, 31.6705569 ], [ 130.8660244, 31.6704612 ], [ 130.8663017, 31.6703483 ], [ 130.8664648, 31.6702731 ], [ 130.8666578, 31.6701442 ], [ 130.8672237, 31.6698076 ], [ 130.8676593, 31.6695516 ], [ 130.8682564, 31.6691931 ], [ 130.8686517, 31.6689395 ], [ 130.8688156, 31.6688439 ], [ 130.8690411, 31.6687089 ], [ 130.8692969, 31.6685561 ], [ 130.8697775, 31.6682683 ], [ 130.8701067, 31.6681275 ], [ 130.8705481, 31.6679753 ], [ 130.8706783, 31.6679322 ], [ 130.8707776, 31.667905 ], [ 130.8709101, 31.6678798 ], [ 130.8718653, 31.6677164 ], [ 130.8720101, 31.6676825 ], [ 130.8723201, 31.6676205 ], [ 130.872695, 31.6675322 ], [ 130.8729924, 31.6674827 ], [ 130.8736724, 31.6673403 ], [ 130.8749835, 31.6670773 ], [ 130.8762008, 31.6668256 ], [ 130.8769111, 31.6666779 ], [ 130.8769703, 31.6666667 ], [ 130.8774377, 31.666578 ], [ 130.8777467, 31.6665114 ], [ 130.8782652, 31.6663976 ], [ 130.8786792, 31.6663189 ], [ 130.8790761, 31.6662442 ], [ 130.8794776, 31.6661511 ], [ 130.8797944, 31.6660572 ], [ 130.8799831, 31.6659808 ], [ 130.8801219, 31.6659097 ], [ 130.8802528, 31.665822 ], [ 130.8803697, 31.6657272 ], [ 130.8804842, 31.6656117 ], [ 130.8805847, 31.6654714 ], [ 130.8807681, 31.66509 ], [ 130.8808508, 31.6649047 ], [ 130.8809966, 31.6646482 ], [ 130.8812225, 31.6642561 ], [ 130.8814661, 31.6639631 ], [ 130.8817097, 31.6637656 ], [ 130.8818875, 31.6636756 ], [ 130.8821456, 31.6636111 ], [ 130.8823622, 31.6635858 ], [ 130.8833333, 31.663588 ], [ 130.8834597, 31.6635722 ], [ 130.8835147, 31.6635556 ], [ 130.8835989, 31.6635208 ], [ 130.8836853, 31.6634613 ], [ 130.8837808, 31.6633708 ], [ 130.8839362, 31.6631928 ], [ 130.8842186, 31.6628472 ], [ 130.8842903, 31.6627733 ], [ 130.8844136, 31.6626936 ], [ 130.8845675, 31.6626442 ], [ 130.8846994, 31.6626272 ], [ 130.8851917, 31.6626114 ], [ 130.8853202, 31.6626 ], [ 130.8854003, 31.6625742 ], [ 130.8854833, 31.6625153 ], [ 130.8855525, 31.6624389 ], [ 130.8856678, 31.6622861 ], [ 130.8857333, 31.6622092 ], [ 130.8858576, 31.6620911 ], [ 130.8859966, 31.6619958 ], [ 130.8860964, 31.6619553 ], [ 130.8862336, 31.6619339 ], [ 130.8864642, 31.6619342 ], [ 130.8866289, 31.6619606 ], [ 130.8867725, 31.6620106 ], [ 130.8869436, 31.6620806 ], [ 130.8871436, 31.6621794 ], [ 130.887332, 31.6622386 ], [ 130.8874572, 31.6622414 ], [ 130.8875906, 31.6622147 ], [ 130.8877222, 31.6621651 ], [ 130.8884917, 31.6618666 ], [ 130.888881, 31.6617199 ], [ 130.8892247, 31.6615909 ], [ 130.8895215, 31.6615008 ], [ 130.8897136, 31.6614606 ], [ 130.8898284, 31.6614472 ], [ 130.890393, 31.6614486 ], [ 130.89081, 31.6614495 ], [ 130.891482, 31.6614945 ], [ 130.8916894, 31.6615205 ], [ 130.8922917, 31.6615961 ], [ 130.8928317, 31.6616931 ], [ 130.8930166, 31.6617189 ], [ 130.8931944, 31.6617186 ], [ 130.8933605, 31.6616956 ], [ 130.8935111, 31.661643 ], [ 130.8936353, 31.6615845 ], [ 130.8937383, 31.6615303 ], [ 130.8938617, 31.661437 ], [ 130.8940752, 31.6612753 ], [ 130.8941882, 31.6611903 ], [ 130.8943456, 31.6610892 ], [ 130.8945272, 31.6609895 ], [ 130.8946825, 31.6609392 ], [ 130.8949386, 31.6608958 ], [ 130.8951817, 31.6608958 ], [ 130.8955144, 31.6609222 ], [ 130.8958547, 31.6609692 ], [ 130.8962469, 31.661035 ], [ 130.8964017, 31.6610803 ], [ 130.8965138, 31.6611244 ], [ 130.8965878, 31.6611686 ], [ 130.8966906, 31.6612689 ], [ 130.8967755, 31.6613966 ], [ 130.8968047, 31.6614675 ], [ 130.8968503, 31.6615886 ], [ 130.8968914, 31.6617255 ], [ 130.8969208, 31.6618442 ], [ 130.8969606, 31.662205 ], [ 130.8969883, 31.6624033 ], [ 130.8970086, 31.6624986 ], [ 130.8970339, 31.6625664 ], [ 130.8970881, 31.6626667 ], [ 130.8971469, 31.6627408 ], [ 130.8972519, 31.6628375 ], [ 130.8974147, 31.6629547 ], [ 130.8977213, 31.6631149 ], [ 130.8977892, 31.6631425 ], [ 130.8979089, 31.6631711 ], [ 130.8980808, 31.663198 ], [ 130.8983019, 31.66322 ], [ 130.8984628, 31.6632217 ], [ 130.8987231, 31.6631934 ], [ 130.8993483, 31.6631153 ], [ 130.8997333, 31.663061 ], [ 130.8999895, 31.663024 ], [ 130.9000553, 31.6630145 ], [ 130.9004103, 31.6629603 ], [ 130.9008402, 31.6628911 ], [ 130.9012342, 31.6628364 ], [ 130.9016806, 31.662782 ], [ 130.902168, 31.6627233 ], [ 130.9025031, 31.6626808 ], [ 130.9027683, 31.6626822 ], [ 130.9029725, 31.6627322 ], [ 130.9031911, 31.6628221 ], [ 130.9033403, 31.6629217 ], [ 130.9034694, 31.6630867 ], [ 130.9037819, 31.6635406 ], [ 130.9038885, 31.6636999 ], [ 130.9041665, 31.6641685 ], [ 130.904275, 31.6643272 ], [ 130.9044317, 31.6645195 ], [ 130.9045139, 31.6645939 ], [ 130.9046006, 31.6646461 ], [ 130.9046714, 31.6646797 ], [ 130.9049753, 31.664765 ], [ 130.9055781, 31.6649031 ], [ 130.9062825, 31.6650375 ], [ 130.9065325, 31.6651053 ], [ 130.9068178, 31.6652264 ], [ 130.9070192, 31.6653361 ], [ 130.9071994, 31.6654561 ], [ 130.9073847, 31.6655986 ], [ 130.9074928, 31.6656628 ], [ 130.9076295, 31.6657206 ], [ 130.9077931, 31.6657578 ], [ 130.908105, 31.6658031 ], [ 130.9083211, 31.6658271 ], [ 130.9083721, 31.6658328 ], [ 130.9085417, 31.665855 ], [ 130.9086747, 31.6658803 ], [ 130.9089778, 31.6659706 ], [ 130.9092462, 31.6660881 ], [ 130.9093917, 31.6661795 ], [ 130.9096231, 31.6663564 ], [ 130.9098217, 31.6665422 ], [ 130.9099666, 31.6666667 ], [ 130.9102008, 31.6668677 ], [ 130.910495, 31.667123 ], [ 130.9110026, 31.6675233 ], [ 130.9111647, 31.6676498 ], [ 130.9112889, 31.6677464 ], [ 130.9115162, 31.6679309 ], [ 130.9116572, 31.6680265 ], [ 130.9118609, 31.6681716 ], [ 130.9120433, 31.668296 ], [ 130.9122431, 31.6684308 ], [ 130.9126292, 31.6687112 ], [ 130.9128947, 31.6688714 ], [ 130.9134136, 31.6691872 ], [ 130.9136531, 31.6693342 ], [ 130.9138306, 31.6694303 ], [ 130.9140381, 31.6695383 ], [ 130.9143542, 31.6696859 ], [ 130.9153331, 31.6701531 ], [ 130.9154068, 31.670185 ], [ 130.9156052, 31.6702715 ], [ 130.91631, 31.6705588 ], [ 130.9166529, 31.6707055 ], [ 130.9168839, 31.6707731 ], [ 130.9171408, 31.670807 ], [ 130.9174769, 31.6708125 ], [ 130.9176467, 31.6707914 ], [ 130.9177623, 31.6707781 ], [ 130.9178717, 31.6707714 ], [ 130.9180078, 31.6707692 ], [ 130.9183139, 31.6707731 ], [ 130.9187292, 31.6708239 ], [ 130.9194145, 31.6709253 ], [ 130.9197903, 31.6709647 ], [ 130.9204956, 31.6709872 ], [ 130.9207192, 31.6710156 ], [ 130.9208906, 31.671055 ], [ 130.9210356, 31.671117 ], [ 130.9214047, 31.6713425 ], [ 130.9215086, 31.671425 ], [ 130.9218728, 31.6717145 ], [ 130.9221015, 31.6719103 ], [ 130.9221402, 31.6719427 ], [ 130.9222089, 31.6719964 ], [ 130.9223078, 31.6720528 ], [ 130.9223589, 31.6720786 ], [ 130.9225119, 31.6721486 ], [ 130.9226786, 31.6722142 ], [ 130.9234047, 31.672386 ], [ 130.9237244, 31.6724642 ], [ 130.9238497, 31.6725095 ], [ 130.9239947, 31.672577 ], [ 130.9241397, 31.6726672 ], [ 130.9242386, 31.6727575 ], [ 130.9243969, 31.6729264 ], [ 130.9246011, 31.6732028 ], [ 130.9247331, 31.673355 ], [ 130.924957, 31.6735747 ], [ 130.9250759, 31.673665 ], [ 130.9253328, 31.6738225 ], [ 130.9258005, 31.6740592 ], [ 130.9260303, 31.6741683 ], [ 130.9262351, 31.6742229 ], [ 130.9267225, 31.6746446 ], [ 130.927116, 31.675 ], [ 130.9271978, 31.6750739 ], [ 130.9282917, 31.6760097 ], [ 130.9291212, 31.6767366 ], [ 130.9293795, 31.6769628 ], [ 130.9295174, 31.6770805 ], [ 130.9299922, 31.67743 ], [ 130.9304664, 31.677695 ], [ 130.9309355, 31.677912 ], [ 130.9314485, 31.6780725 ], [ 130.9316922, 31.6781403 ], [ 130.9323383, 31.6782361 ], [ 130.9326019, 31.6782586 ], [ 130.9333333, 31.6782863 ], [ 130.9334978, 31.6782925 ], [ 130.9337617, 31.6783039 ], [ 130.9341372, 31.6783769 ], [ 130.9343483, 31.6784392 ], [ 130.934625, 31.6785631 ], [ 130.9349414, 31.6787378 ], [ 130.9350667, 31.6788111 ], [ 130.9352775, 31.6789578 ], [ 130.9355742, 31.6792225 ], [ 130.9358572, 31.6795269 ], [ 130.9365297, 31.6803614 ], [ 130.9366483, 31.6805078 ], [ 130.9370569, 31.68097 ], [ 130.937195, 31.6811045 ], [ 130.9373539, 31.6812458 ], [ 130.9374357, 31.6812991 ], [ 130.9379464, 31.6816313 ], [ 130.9379811, 31.6816539 ], [ 130.9380914, 31.6817172 ], [ 130.9381801, 31.6817724 ], [ 130.9382958, 31.6818547 ], [ 130.9385528, 31.6820408 ], [ 130.9390997, 31.682487 ], [ 130.9396931, 31.6829483 ], [ 130.9401744, 31.6832853 ], [ 130.9402568, 31.6833333 ], [ 130.9404572, 31.6834503 ], [ 130.940741, 31.6836023 ], [ 130.9408925, 31.6836925 ], [ 130.941136, 31.6838108 ], [ 130.9416667, 31.6840415 ], [ 130.9419272, 31.6841547 ], [ 130.9421117, 31.6842395 ], [ 130.9424347, 31.6843633 ], [ 130.9426969, 31.6844746 ], [ 130.9429525, 31.6845839 ], [ 130.9432585, 31.6847184 ], [ 130.9437061, 31.6849379 ], [ 130.9437725, 31.684972 ], [ 130.9438356, 31.6850092 ], [ 130.9441744, 31.6852086 ], [ 130.9449592, 31.6856919 ], [ 130.9451631, 31.6858175 ], [ 130.9454001, 31.6859527 ], [ 130.9456438, 31.6860711 ], [ 130.9456967, 31.6860995 ], [ 130.9458391, 31.6861653 ], [ 130.9459628, 31.6862006 ], [ 130.9461579, 31.6862514 ], [ 130.9462899, 31.6862834 ], [ 130.9473051, 31.6865334 ], [ 130.9476345, 31.6866237 ], [ 130.947885, 31.6867025 ], [ 130.9481486, 31.68677 ], [ 130.9483992, 31.6868492 ], [ 130.9491632, 31.6870858 ], [ 130.95, 31.6873888 ], [ 130.9500655, 31.6874125 ], [ 130.9503828, 31.6875256 ], [ 130.9504881, 31.6875706 ], [ 130.9515556, 31.6879989 ], [ 130.9522147, 31.6882753 ], [ 130.9526431, 31.6883992 ], [ 130.9529858, 31.6884725 ], [ 130.953487, 31.6885233 ], [ 130.9538294, 31.6885345 ], [ 130.9539153, 31.6885458 ], [ 130.95464, 31.6885458 ], [ 130.9554378, 31.6885233 ], [ 130.9560373, 31.6884839 ], [ 130.9566305, 31.6884331 ], [ 130.9567359, 31.6884217 ], [ 130.9567689, 31.6884106 ], [ 130.9569141, 31.6883991 ], [ 130.957105, 31.6883822 ], [ 130.9571511, 31.6883711 ], [ 130.9575727, 31.6883261 ], [ 130.9577308, 31.6883033 ], [ 130.9584051, 31.6882023 ], [ 130.9588577, 31.6881345 ], [ 130.9590531, 31.6881042 ], [ 130.9591937, 31.6880867 ], [ 130.9597348, 31.6880217 ], [ 130.9599481, 31.6880025 ], [ 130.9601036, 31.6879992 ], [ 130.9604598, 31.688022 ], [ 130.9607561, 31.6880331 ], [ 130.9611514, 31.6880725 ], [ 130.9613622, 31.6881008 ], [ 130.961575, 31.6881128 ], [ 130.9617842, 31.6881008 ], [ 130.9633792, 31.6876836 ], [ 130.9635386, 31.6876439 ], [ 130.9638667, 31.6875653 ], [ 130.9641039, 31.6874975 ], [ 130.964697, 31.6873512 ], [ 130.9650861, 31.6872495 ], [ 130.9653694, 31.6871822 ], [ 130.9657055, 31.6871372 ], [ 130.9666667, 31.6871372 ], [ 130.9668983, 31.6871372 ], [ 130.9678606, 31.6871483 ], [ 130.9681111, 31.6871822 ], [ 130.9684275, 31.6872442 ], [ 130.9685654, 31.687278 ], [ 130.9686978, 31.68734 ], [ 130.9689283, 31.6875147 ], [ 130.9691392, 31.6877458 ], [ 130.9700289, 31.6888561 ], [ 130.9702133, 31.6890817 ], [ 130.9707142, 31.6897186 ], [ 130.9709517, 31.6900456 ], [ 130.9714128, 31.6908631 ], [ 130.9717092, 31.6913306 ], [ 130.9719765, 31.6916667 ], [ 130.9721575, 31.6918942 ], [ 130.9723617, 31.6921481 ], [ 130.9727044, 31.6926158 ], [ 130.9729071, 31.6929035 ], [ 130.9731458, 31.6933035 ], [ 130.9733764, 31.6936192 ], [ 130.9734819, 31.6937205 ], [ 130.9735553, 31.6937856 ], [ 130.97367, 31.6938428 ], [ 130.9737644, 31.6938561 ], [ 130.9743653, 31.6939572 ], [ 130.9747211, 31.694053 ], [ 130.9749253, 31.694132 ], [ 130.974984, 31.6941666 ], [ 130.9751164, 31.6942447 ], [ 130.9753667, 31.6944475 ], [ 130.9755711, 31.694645 ], [ 130.9758281, 31.694938 ], [ 130.9760541, 31.6951479 ], [ 130.9761403, 31.695205 ], [ 130.9762208, 31.6952486 ], [ 130.9763886, 31.6952922 ], [ 130.97654, 31.695327 ], [ 130.9766783, 31.6953553 ], [ 130.9767378, 31.6953608 ], [ 130.9769486, 31.6953439 ], [ 130.97772, 31.6951746 ], [ 130.9785432, 31.6949889 ], [ 130.9787016, 31.6949492 ], [ 130.9789322, 31.6949045 ], [ 130.9796919, 31.6947278 ], [ 130.9798139, 31.6946944 ], [ 130.9799444, 31.6946636 ], [ 130.9801972, 31.6945989 ], [ 130.9805884, 31.6945075 ], [ 130.9807708, 31.6944647 ], [ 130.9816285, 31.6942634 ], [ 130.9824909, 31.6941323 ], [ 130.9833333, 31.6940109 ], [ 130.9837239, 31.6939546 ], [ 130.9837828, 31.6939461 ], [ 130.9838947, 31.6939292 ], [ 130.9839803, 31.69393 ], [ 130.9840483, 31.6939481 ], [ 130.9842621, 31.6940134 ], [ 130.9854039, 31.6943577 ], [ 130.9859706, 31.6945211 ], [ 130.9875064, 31.6949328 ], [ 130.9878886, 31.6950286 ], [ 130.9884103, 31.6951527 ], [ 130.9886988, 31.6952202 ], [ 130.9889364, 31.6952653 ], [ 130.98949, 31.6953836 ], [ 130.990505, 31.6955697 ], [ 130.9908875, 31.6956372 ], [ 130.9911902, 31.6956711 ], [ 130.9913286, 31.6956825 ], [ 130.9916667, 31.6956725 ], [ 130.9918889, 31.6956658 ], [ 130.9920669, 31.6956489 ], [ 130.9922514, 31.6956264 ], [ 130.9925481, 31.6955642 ], [ 130.9933192, 31.69535 ], [ 130.9939122, 31.6952206 ], [ 130.9943011, 31.6951978 ], [ 130.9943799, 31.6951978 ], [ 130.9945379, 31.6952036 ], [ 130.9947294, 31.6952147 ], [ 130.9958832, 31.6952431 ], [ 130.9964695, 31.6952656 ], [ 130.996623, 31.6952811 ], [ 130.9967453, 31.6952935 ], [ 130.997332, 31.6953689 ], [ 130.9974694, 31.6953986 ], [ 130.9976819, 31.6954275 ], [ 130.9981234, 31.6956077 ], [ 130.9982685, 31.6956697 ], [ 130.9990826, 31.6959414 ], [ 130.9994217, 31.6960531 ], [ 131.0, 31.6962431 ], [ 131.0001011, 31.6962763 ], [ 131.0002924, 31.6963391 ], [ 131.0005024, 31.696408 ], [ 131.0015042, 31.6967689 ], [ 131.0017213, 31.6968478 ], [ 131.0027509, 31.6971791 ], [ 131.0028419, 31.6972086 ], [ 131.003165, 31.6972706 ], [ 131.003356, 31.6973211 ], [ 131.0037834, 31.6974619 ], [ 131.0052166, 31.6979404 ], [ 131.0055703, 31.6980597 ], [ 131.0069923, 31.698527 ], [ 131.0116283, 31.7000514 ], [ 131.0122628, 31.7001786 ], [ 131.0134531, 31.7003567 ], [ 131.0143492, 31.7005146 ], [ 131.0153375, 31.7007989 ], [ 131.0210444, 31.7027042 ] ] } },
{ "type": "Feature", "properties": { "N12_001": "46", "N12_002": 1, "N12_003": 3, "N12_004": "一般国道10号", "N12_005": 25, "N12_006": 2 }, "geometry": { "type": "LineString", "coordinates": [ [ 130.6496849, 31.7368215 ], [ 130.6507772, 31.7382834 ], [ 130.6515171, 31.7393225 ], [ 130.6521256, 31.7404501 ], [ 130.6522018, 31.7407761 ], [ 130.6523203, 31.7410433 ], [ 130.6525645, 31.7414031 ], [ 130.6529363, 31.7418705 ], [ 130.6533149, 31.7421734 ], [ 130.6540557, 31.7426457 ], [ 130.6550447, 31.7430869 ], [ 130.65542, 31.743327 ], [ 130.6557493, 31.7435886 ], [ 130.6563467, 31.7443106 ], [ 130.6568719, 31.7452464 ], [ 130.6571645, 31.7458352 ], [ 130.6575894, 31.7467796 ], [ 130.6579844, 31.7478469 ], [ 130.6580877, 31.7481281 ], [ 130.6583086, 31.7485365 ], [ 130.658504, 31.7488203 ], [ 130.6587178, 31.749028 ], [ 130.6589589, 31.7492244 ], [ 130.6594226, 31.7494865 ], [ 130.660101, 31.749651 ], [ 130.6603814, 31.7496846 ], [ 130.6608179, 31.7496968 ], [ 130.6613207, 31.7496373 ], [ 130.6619037, 31.7494485 ], [ 130.6641529, 31.7482311 ], [ 130.6652749, 31.7476588 ], [ 130.6658478, 31.747326 ], [ 130.6660004, 31.7472138 ], [ 130.6662307, 31.7470013 ], [ 130.6664442, 31.7467417 ], [ 130.6666276, 31.7463583 ], [ 130.6667732, 31.7461517 ], [ 130.66698, 31.745991 ], [ 130.6671945, 31.7458685 ], [ 130.6674473, 31.7457537 ], [ 130.6677537, 31.7456619 ], [ 130.6680295, 31.7456159 ], [ 130.6682746, 31.745593 ], [ 130.6687113, 31.7455777 ], [ 130.66901, 31.7456006 ], [ 130.6693471, 31.7456159 ], [ 130.6695692, 31.7456159 ], [ 130.670066, 31.7456053 ] ] } },
{ "type": "Feature", "properties": { "N12_001": "46", "N12_002": 2, "N12_003": 4, "N12_004": "宮崎県道・鹿児島県道都城隼人線", "N12_005": 26, "N12_006": 1 }, "geometry": { "type": "LineString", "coordinates": [ [ 130.7589466, 31.7730847 ], [ 130.7583333, 31.7734393 ], [ 130.7580665, 31.7735937 ], [ 130.7563586, 31.7745741 ], [ 130.7555442, 31.775 ], [ 130.7546756, 31.7754542 ], [ 130.7543825, 31.7755701 ], [ 130.7539995, 31.7756489 ], [ 130.7538739, 31.7756603 ], [ 130.753155, 31.7756714 ], [ 130.7527919, 31.7756375 ], [ 130.7525348, 31.7755981 ], [ 130.7522708, 31.7755475 ], [ 130.7518819, 31.7754403 ], [ 130.7513608, 31.7752431 ], [ 130.7510375, 31.7750964 ], [ 130.7507934, 31.7749834 ], [ 130.750721, 31.7749501 ], [ 130.75, 31.7745754 ], [ 130.7490717, 31.7740931 ], [ 130.7488144, 31.7739522 ] ] } },
{ "type": "Feature", "properties": { "N12_001": "46", "N12_002": 2, "N12_003": 4, "N12_004": "鹿児島県道鹿児島加世田線", "N12_005": 27, "N12_006": 1 }, "geometry": { "type": "LineString", "coordinates": [ [ 130.5490284, 31.5624738 ], [ 130.5505847, 31.5610797 ] ] } },
{ "type": "Feature", "properties": { "N12_001": "46", "N12_002": 2, "N12_003": 4, "N12_004": "鹿児島県道鹿児島加世田線", "N12_005": 27, "N12_006": 2 }, "geometry": { "type": "LineString", "coordinates": [ [ 130.2975564, 31.4263736 ], [ 130.2972904, 31.427025 ], [ 130.2969487, 31.4278583 ], [ 130.2967069, 31.4281458 ], [ 130.2963441, 31.4284144 ], [ 130.2960748, 31.4286595 ], [ 130.295624, 31.4297671 ], [ 130.2955836, 31.430051 ], [ 130.2957369, 31.4307192 ] ] } },
{ "type": "Feature", "properties": { "N12_001": "46", "N12_002": 2, "N12_003": 4, "N12_004": "鹿児島県道谷山知覧線", "N12_005": 28, "N12_006": 1 }, "geometry": { "type": "LineString", "coordinates": [ [ 130.4415589, 31.3776822 ], [ 130.4414383, 31.3776364 ], [ 130.4411211, 31.3775056 ], [ 130.4404024, 31.3772164 ], [ 130.4397776, 31.3769625 ], [ 130.4387447, 31.3765416 ], [ 130.4377906, 31.3761624 ], [ 130.4363341, 31.3755722 ], [ 130.4361608, 31.3755108 ] ] } },
{ "type": "Feature", "properties": { "N12_001": "46", "N12_002": 2, "N12_003": 6, "N12_004": "鹿児島県道鹿児島東市来線", "N12_005": 29, "N12_006": 1 }, "geometry": { "type": "LineString", "coordinates": [ [ 130.401476, 31.6280584 ], [ 130.4021505, 31.6264685 ], [ 130.4022264, 31.626144 ], [ 130.4024389, 31.6243656 ] ] } },
{ "type": "Feature", "properties": { "N12_001": "46", "N12_002": 2, "N12_003": 6, "N12_004": "鹿児島県道頴娃川辺線", "N12_005": 30, "N12_006": 1 }, "geometry": { "type": "LineString", "coordinates": [ [ 130.4149613, 31.3986871 ], [ 130.4169569, 31.3933382 ], [ 130.4177974, 31.3882668 ], [ 130.418566, 31.3827888 ], [ 130.4188892, 31.3812544 ], [ 130.4194207, 31.3794304 ], [ 130.4196936, 31.3775325 ], [ 130.4197511, 31.3753881 ], [ 130.4195907, 31.3737511 ], [ 130.4189395, 31.371278 ], [ 130.4234211, 31.3701935 ], [ 130.4247905, 31.369947 ], [ 130.4255661, 31.3701031 ], [ 130.428683, 31.3711507 ], [ 130.4303205, 31.3720626 ], [ 130.4315317, 31.3727323 ], [ 130.4319627, 31.3730445 ], [ 130.4323074, 31.3743919 ], [ 130.4332267, 31.3752546 ], [ 130.434462, 31.3756901 ], [ 130.4361608, 31.3755108 ] ] } },
{ "type": "Feature", "properties": { "N12_001": "46", "N12_002": 2, "N12_003": 6, "N12_004": "鹿児島県道加世田川辺線", "N12_005": 31, "N12_006": 1 }, "geometry": { "type": "LineString", "coordinates": [ [ 130.3228754, 31.419462 ], [ 130.3277617, 31.4184491 ], [ 130.328707, 31.4181423 ], [ 130.3307381, 31.4171674 ], [ 130.3310702, 31.4169044 ], [ 130.3319133, 31.4158309 ], [ 130.3321943, 31.4156337 ], [ 130.3326031, 31.4155022 ], [ 130.3342382, 31.4153817 ], [ 130.3367675, 31.4145492 ], [ 130.337172, 31.4145163 ], [ 130.3376914, 31.4145893 ], [ 130.3394201, 31.4151006 ], [ 130.3397011, 31.4154511 ], [ 130.340144, 31.4163713 ], [ 130.3403654, 31.4166123 ], [ 130.3408934, 31.4167511 ], [ 130.3418982, 31.416846 ], [ 130.342488, 31.4168332 ], [ 130.3441912, 31.416658 ], [ 130.3455707, 31.416417 ], [ 130.3457921, 31.4162271 ], [ 130.3458518, 31.4160299 ], [ 130.3459199, 31.4156282 ], [ 130.3460902, 31.4153288 ], [ 130.3463457, 31.415022 ], [ 130.3478956, 31.4135541 ], [ 130.3482107, 31.4133496 ], [ 130.3486109, 31.4131743 ], [ 130.34896, 31.4131378 ], [ 130.349471, 31.413167 ], [ 130.3498457, 31.4131013 ], [ 130.3506803, 31.412685 ], [ 130.3511997, 31.4125317 ], [ 130.3521769, 31.4124422 ], [ 130.3526793, 31.4123911 ], [ 130.3531988, 31.4122815 ], [ 130.3547231, 31.4117119 ], [ 130.3549956, 31.4115877 ], [ 130.3552766, 31.4115512 ], [ 130.3556087, 31.4116242 ], [ 130.3559323, 31.4117338 ], [ 130.3566135, 31.411836 ], [ 130.3575332, 31.4118945 ], [ 130.3579334, 31.4118652 ], [ 130.3590234, 31.4116608 ], [ 130.3601389, 31.4116535 ], [ 130.3605371, 31.4116042 ], [ 130.3617718, 31.4113339 ], [ 130.362402, 31.4111295 ], [ 130.3645819, 31.4089677 ], [ 130.3647692, 31.4086683 ], [ 130.3648288, 31.408252 ], [ 130.364633, 31.4078138 ], [ 130.3640584, 31.4067877 ], [ 130.3633942, 31.4053417 ], [ 130.3634453, 31.4048743 ], [ 130.3639903, 31.4032238 ], [ 130.3649609, 31.4007845 ], [ 130.3654548, 31.4000103 ], [ 130.3679411, 31.3967239 ], [ 130.3684907, 31.395968 ], [ 130.3693591, 31.3953692 ], [ 130.3746206, 31.3919659 ] ] } },
{ "type": "Feature", "properties": { "N12_001": "46", "N12_002": 2, "N12_003": 4, "N12_004": "鹿児島県道伊集院日吉線", "N12_005": 32, "N12_006": 1 }, "geometry": { "type": "LineString", "coordinates": [ [ 130.400805, 31.6331523 ], [ 130.400791, 31.6330766 ], [ 130.4007391, 31.6326852 ], [ 130.4007122, 31.6324442 ], [ 130.4006633, 31.6321931 ], [ 130.4006194, 31.6318785 ], [ 130.4005529, 31.6314586 ], [ 130.4005214, 31.6312378 ], [ 130.400495, 31.6311081 ], [ 130.4004567, 31.6308639 ], [ 130.4004515, 31.6307086 ], [ 130.4004603, 31.6305574 ], [ 130.40048, 31.6304424 ], [ 130.4005082, 31.6303089 ], [ 130.4005371, 31.6301955 ], [ 130.400601, 31.6299907 ], [ 130.4010493, 31.6291831 ], [ 130.401476, 31.6280584 ] ] } },
{ "type": "Feature", "properties": { "N12_001": "46", "N12_002": 2, "N12_003": 4, "N12_004": "鹿児島県道串木野樋脇線", "N12_005": 33, "N12_006": 1 }, "geometry": { "type": "LineString", "coordinates": [ [ 130.2736016, 31.7171227 ], [ 130.2740579, 31.7173389 ], [ 130.274433, 31.7175116 ], [ 130.274539, 31.7175748 ], [ 130.2746334, 31.717638 ], [ 130.275033, 31.7178208 ], [ 130.2751274, 31.7178897 ], [ 130.2753033, 31.7179946 ], [ 130.2754882, 31.7180714 ], [ 130.2757184, 31.7181966 ], [ 130.2761801, 31.7184201 ], [ 130.2762964, 31.718472 ], [ 130.2766159, 31.7186244 ], [ 130.2768499, 31.7187925 ], [ 130.2770891, 31.7190104 ], [ 130.2772922, 31.7192383 ], [ 130.277353, 31.7193162 ], [ 130.2777564, 31.7200001 ], [ 130.2780409, 31.7205012 ], [ 130.2780991, 31.7206276 ], [ 130.2784431, 31.7214323 ], [ 130.2784845, 31.7215057 ], [ 130.2785129, 31.7215497 ], [ 130.2787276, 31.7218736 ], [ 130.2789759, 31.7222449 ], [ 130.2790315, 31.7223115 ], [ 130.2790793, 31.7223724 ], [ 130.2791531, 31.7224514 ], [ 130.2793768, 31.722676 ], [ 130.2801385, 31.7233961 ], [ 130.2807191, 31.7239559 ], [ 130.2809428, 31.7241579 ], [ 130.2810592, 31.7242764 ], [ 130.2814523, 31.7246184 ], [ 130.2816463, 31.7247459 ], [ 130.2817375, 31.7248125 ], [ 130.2820355, 31.7246886 ], [ 130.2823663, 31.7245296 ], [ 130.2828933, 31.724214 ], [ 130.283353, 31.7239106 ], [ 130.2834231, 31.7238323 ], [ 130.2837903, 31.7235804 ], [ 130.2838793, 31.7235449 ], [ 130.283955, 31.7235009 ], [ 130.2841751, 31.723403 ], [ 130.2843937, 31.7233223 ], [ 130.2845913, 31.7232685 ], [ 130.2847679, 31.7232305 ], [ 130.2852361, 31.7231143 ], [ 130.2853552, 31.7230972 ], [ 130.2859943, 31.7229027 ], [ 130.2862761, 31.7228171 ], [ 130.2863882, 31.7227816 ], [ 130.2873539, 31.7224746 ], [ 130.2878543, 31.7223205 ], [ 130.288143, 31.7222373 ], [ 130.2886013, 31.722088 ], [ 130.2894059, 31.7218515 ] ] } },
{ "type": "Feature", "properties": { "N12_001": "46", "N12_002": 2, "N12_003": 4, "N12_004": "鹿児島県道葛輪瀬戸線", "N12_005": 34, "N12_006": 1 }, "geometry": { "type": "LineString", "coordinates": [ [ 130.1762618, 32.1990052 ], [ 130.1767374, 32.1985067 ], [ 130.1773847, 32.197927 ], [ 130.1776697, 32.1977128 ], [ 130.1777958, 32.1975834 ], [ 130.1778422, 32.1974705 ], [ 130.1779083, 32.1970928 ], [ 130.1779083, 32.1968108 ], [ 130.1778356, 32.1961455 ], [ 130.1778156, 32.1958581 ], [ 130.1778222, 32.1950913 ], [ 130.1778356, 32.1949675 ], [ 130.1778953, 32.194725 ], [ 130.1781603, 32.1940542 ], [ 130.1782133, 32.1938792 ], [ 130.1782333, 32.1936819 ], [ 130.1782067, 32.193355 ], [ 130.1781603, 32.1931633 ], [ 130.1780078, 32.1926786 ], [ 130.1779614, 32.1924645 ], [ 130.1779614, 32.1920978 ], [ 130.1779947, 32.191895 ], [ 130.1781536, 32.1915508 ], [ 130.1783072, 32.1912972 ], [ 130.1793911, 32.1895909 ], [ 130.1796983, 32.1890817 ], [ 130.1801025, 32.1885069 ], [ 130.1808756, 32.1877834 ], [ 130.1845703, 32.1844253 ], [ 130.1848683, 32.184087 ], [ 130.1849281, 32.1839572 ], [ 130.1849678, 32.1838333 ], [ 130.1849745, 32.1836303 ], [ 130.1848883, 32.183275 ], [ 130.1846036, 32.1825986 ], [ 130.1845572, 32.1823672 ], [ 130.1845639, 32.1821136 ], [ 130.1847825, 32.1812795 ], [ 130.1847758, 32.1809525 ], [ 130.1847361, 32.1808114 ], [ 130.1846433, 32.1806536 ], [ 130.1845372, 32.1805408 ], [ 130.1843317, 32.1803886 ], [ 130.18288, 32.1797008 ], [ 130.1827011, 32.1795597 ], [ 130.1826217, 32.1794019 ], [ 130.1825486, 32.1791595 ], [ 130.1824425, 32.1786012 ], [ 130.1822544, 32.177417 ], [ 130.1821911, 32.1769862 ], [ 130.1822303, 32.1767278 ], [ 130.1823478, 32.1764772 ], [ 130.1825161, 32.1762856 ], [ 130.1833333, 32.1755492 ], [ 130.1835679, 32.1753379 ], [ 130.1839444, 32.1749986 ], [ 130.1842389, 32.1746889 ], [ 130.1844181, 32.1744353 ], [ 130.1845903, 32.1741475 ], [ 130.1846897, 32.173922 ], [ 130.1847561, 32.1736797 ], [ 130.1848158, 32.1732626 ], [ 130.1849071, 32.1725653 ], [ 130.1851206, 32.1711992 ], [ 130.1851247, 32.1709542 ], [ 130.1850953, 32.1704677 ], [ 130.1850562, 32.1698897 ], [ 130.1849828, 32.1690582 ], [ 130.1849534, 32.168871 ], [ 130.1847284, 32.1679895 ], [ 130.184549, 32.1675905 ], [ 130.1843061, 32.1669989 ], [ 130.1840681, 32.1665422 ], [ 130.1837236, 32.1660067 ], [ 130.1836508, 32.1659336 ], [ 130.1835268, 32.1658422 ], [ 130.1817767, 32.1644845 ], [ 130.1812006, 32.1640897 ], [ 130.1809886, 32.163915 ], [ 130.1807967, 32.163712 ], [ 130.1807106, 32.1635147 ], [ 130.1806444, 32.1632608 ], [ 130.1806311, 32.1630975 ], [ 130.1805981, 32.1630128 ], [ 130.1802536, 32.162607 ], [ 130.1801875, 32.1625111 ], [ 130.1799622, 32.1618797 ], [ 130.1797769, 32.1611075 ], [ 130.1797106, 32.1609947 ], [ 130.1795186, 32.1607636 ], [ 130.1794525, 32.1606339 ], [ 130.1794192, 32.1604872 ], [ 130.1794061, 32.1599686 ], [ 130.1794458, 32.1596978 ], [ 130.1794392, 32.1595514 ], [ 130.1792929, 32.1590097 ], [ 130.1792215, 32.1587135 ], [ 130.1792008, 32.1583248 ], [ 130.1792585, 32.158128 ], [ 130.1793078, 32.1580424 ], [ 130.179703, 32.157699 ], [ 130.1798895, 32.157488 ], [ 130.1799225, 32.1574147 ], [ 130.1799292, 32.157251 ], [ 130.1798894, 32.1570425 ], [ 130.1798497, 32.1569522 ], [ 130.1797106, 32.1567945 ], [ 130.1794989, 32.1566308 ], [ 130.1791478, 32.1564392 ], [ 130.1785184, 32.1562074 ], [ 130.1781168, 32.1560671 ], [ 130.1779512, 32.1560304 ], [ 130.1775194, 32.1559845 ], [ 130.1768894, 32.1558835 ], [ 130.1767635, 32.1558284 ], [ 130.1761103, 32.1554594 ], [ 130.1746747, 32.154513 ], [ 130.1745762, 32.154462 ], [ 130.1741371, 32.1542998 ], [ 130.1733111, 32.154127 ], [ 130.1728143, 32.1539419 ], [ 130.1719972, 32.1535029 ], [ 130.1715228, 32.1532228 ], [ 130.1712924, 32.1530576 ], [ 130.1711789, 32.1529427 ], [ 130.1711142, 32.1528602 ], [ 130.1710242, 32.1527179 ], [ 130.1707434, 32.1523645 ], [ 130.1703259, 32.1520248 ], [ 130.1701261, 32.151832 ], [ 130.1700163, 32.1516759 ], [ 130.1698345, 32.1512827 ], [ 130.169588, 32.150625 ], [ 130.16946, 32.1500628 ], [ 130.1694324, 32.1498584 ], [ 130.169358, 32.1494485 ], [ 130.1690031, 32.1481289 ], [ 130.1687606, 32.1475265 ], [ 130.1685248, 32.146819 ], [ 130.1682647, 32.1460873 ], [ 130.1681965, 32.1459596 ], [ 130.1681196, 32.1458443 ], [ 130.1678706, 32.1455242 ], [ 130.1675088, 32.1451436 ], [ 130.1671822, 32.1447979 ], [ 130.1666646, 32.144241 ], [ 130.1665364, 32.1441025 ], [ 130.1663073, 32.1439142 ], [ 130.1660898, 32.1437822 ], [ 130.1657309, 32.1436054 ], [ 130.1653118, 32.1433849 ], [ 130.1651731, 32.1432933 ], [ 130.1646351, 32.1428604 ], [ 130.1643544, 32.1426295 ], [ 130.1641342, 32.1424603 ], [ 130.1639126, 32.1423168 ], [ 130.1637769, 32.142245 ], [ 130.1631035, 32.1419297 ], [ 130.1622876, 32.1415615 ], [ 130.1618487, 32.1413845 ], [ 130.1614658, 32.141259 ], [ 130.1612267, 32.1411743 ], [ 130.1609153, 32.1410225 ], [ 130.160717, 32.1408847 ], [ 130.1603981, 32.1405976 ], [ 130.160187, 32.1403938 ], [ 130.1600468, 32.1402475 ], [ 130.1598938, 32.1400424 ], [ 130.159755, 32.1397862 ], [ 130.1596901, 32.1395657 ], [ 130.1595651, 32.1390862 ], [ 130.1594738, 32.1388644 ], [ 130.1592582, 32.1385543 ], [ 130.1590531, 32.1383377 ], [ 130.1584417, 32.1377532 ], [ 130.1582728, 32.1375148 ], [ 130.1581433, 32.1372708 ], [ 130.1577812, 32.1365199 ], [ 130.1577043, 32.1362751 ], [ 130.1576756, 32.1360072 ], [ 130.1576787, 32.1357996 ], [ 130.1577164, 32.1355586 ], [ 130.1577947, 32.1352807 ], [ 130.158027, 32.1345627 ], [ 130.1582238, 32.1340257 ], [ 130.1584057, 32.1335709 ], [ 130.1584939, 32.1333333 ], [ 130.15871, 32.1327171 ], [ 130.1588547, 32.1321328 ], [ 130.1589293, 32.1319161 ], [ 130.1590917, 32.1315608 ], [ 130.1594994, 32.1311112 ], [ 130.1595898, 32.1310382 ], [ 130.1596758, 32.1309779 ], [ 130.1598883, 32.1308536 ], [ 130.1599855, 32.1308101 ], [ 130.160073, 32.1307792 ], [ 130.1601982, 32.1307433 ], [ 130.1603248, 32.1307112 ], [ 130.1609883, 32.130615 ], [ 130.1616435, 32.1305409 ], [ 130.1618253, 32.1305225 ], [ 130.1620967, 32.1305111 ], [ 130.1633314, 32.1304179 ], [ 130.1635132, 32.1303781 ], [ 130.1636845, 32.1303018 ], [ 130.1637993, 32.1302145 ], [ 130.1639784, 32.1300079 ], [ 130.1642464, 32.1296011 ], [ 130.1643149, 32.1295322 ], [ 130.1644319, 32.1294389 ], [ 130.1645939, 32.1293456 ], [ 130.1661011, 32.1286795 ], [ 130.1665466, 32.1282503 ], [ 130.1666717, 32.128082 ], [ 130.1667941, 32.1277714 ], [ 130.1669909, 32.1271203 ], [ 130.1670802, 32.126898 ], [ 130.1672753, 32.1266439 ], [ 130.1679132, 32.1261124 ], [ 130.1680749, 32.1259577 ], [ 130.1681719, 32.1258305 ], [ 130.1682328, 32.1257142 ], [ 130.1682599, 32.1256243 ], [ 130.168273, 32.1255418 ], [ 130.1682932, 32.1253734 ], [ 130.1682947, 32.1251614 ], [ 130.1682397, 32.1244644 ], [ 130.1681845, 32.1242408 ], [ 130.1680557, 32.123875 ], [ 130.1680072, 32.1236725 ], [ 130.1679945, 32.1235828 ], [ 130.168, 32.1234946 ], [ 130.168026, 32.1234216 ], [ 130.168057, 32.1233579 ], [ 130.1681836, 32.1231825 ], [ 130.1704228, 32.1218154 ], [ 130.1707197, 32.1216215 ], [ 130.1708541, 32.1215143 ], [ 130.1709155, 32.121441 ], [ 130.1710136, 32.1212271 ], [ 130.1712629, 32.1206027 ], [ 130.1713522, 32.1202763 ], [ 130.1713946, 32.1199832 ], [ 130.1713824, 32.119788 ], [ 130.1713481, 32.1196737 ], [ 130.171298, 32.1195901 ], [ 130.1707531, 32.1191364 ], [ 130.1705782, 32.1189158 ], [ 130.1702909, 32.1181919 ], [ 130.1699976, 32.1178717 ], [ 130.1694107, 32.1173902 ], [ 130.1693554, 32.1173256 ], [ 130.1693275, 32.1172715 ], [ 130.1693329, 32.1170312 ], [ 130.1694746, 32.1166587 ], [ 130.1694872, 32.1164453 ], [ 130.1692489, 32.115797 ], [ 130.1682822, 32.1138179 ], [ 130.1679439, 32.1131097 ], [ 130.1677563, 32.1127968 ], [ 130.167592, 32.1126375 ], [ 130.1671828, 32.1123581 ], [ 130.1669433, 32.1121548 ], [ 130.1667867, 32.1119785 ], [ 130.1666571, 32.1117501 ], [ 130.1665239, 32.1114846 ], [ 130.1664105, 32.1110988 ], [ 130.1663883, 32.1108975 ], [ 130.1664229, 32.1103354 ], [ 130.166413, 32.1100994 ], [ 130.1663372, 32.1097567 ], [ 130.1662006, 32.1094045 ], [ 130.166152, 32.1092175 ], [ 130.1660959, 32.1088253 ], [ 130.1660023, 32.1080986 ], [ 130.1660035, 32.1079942 ], [ 130.1660173, 32.1079274 ], [ 130.1660474, 32.1078703 ], [ 130.1661269, 32.1077618 ] ] } },
{ "type": "Feature", "properties": { "N12_001": "46", "N12_002": 2, "N12_003": 6, "N12_004": "鹿児島県道出水菱刈線", "N12_005": 35, "N12_006": 1 }, "geometry": { "type": "LineString", "coordinates": [ [ 130.6407551, 32.0141775 ], [ 130.638991, 32.0125882 ], [ 130.6380078, 32.0133274 ], [ 130.6368654, 32.0140297 ], [ 130.6355207, 32.0146703 ], [ 130.6345375, 32.0149906 ], [ 130.6307345, 32.0157052 ], [ 130.6298525, 32.0159516 ], [ 130.6290283, 32.016235 ], [ 130.6273798, 32.0172452 ], [ 130.6264544, 32.0175409 ], [ 130.6251241, 32.0178119 ], [ 130.6229406, 32.0180706 ], [ 130.6207716, 32.0182678 ], [ 130.6193401, 32.0184895 ], [ 130.6174314, 32.0190563 ], [ 130.615519, 32.0199772 ], [ 130.6138705, 32.0208889 ], [ 130.612757, 32.0217143 ], [ 130.6119761, 32.0223426 ], [ 130.6115423, 32.0225767 ], [ 130.6110795, 32.0226383 ], [ 130.6104433, 32.0228108 ], [ 130.6100962, 32.0231188 ], [ 130.6088815, 32.0235623 ], [ 130.6084332, 32.0235254 ], [ 130.6077391, 32.0231065 ], [ 130.6073776, 32.0231065 ], [ 130.6066979, 32.0234391 ], [ 130.60557, 32.0242153 ], [ 130.6048759, 32.0242769 ], [ 130.6043119, 32.0247327 ], [ 130.6042578, 32.0252902 ], [ 130.6040842, 32.0257091 ], [ 130.6033178, 32.0262389 ], [ 130.5993842, 32.028013 ], [ 130.5981838, 32.028321 ], [ 130.5966509, 32.028592 ], [ 130.594337, 32.0287029 ], [ 130.5939176, 32.0288384 ], [ 130.5935127, 32.0291587 ], [ 130.5932379, 32.0296762 ], [ 130.5927896, 32.0299595 ], [ 130.5918929, 32.0303538 ], [ 130.5907215, 32.0304893 ], [ 130.5898683, 32.0303784 ], [ 130.5895357, 32.0304277 ], [ 130.5885498, 32.03098 ], [ 130.588087, 32.0309636 ], [ 130.5850789, 32.0307501 ] ] } },
{ "type": "Feature", "properties": { "N12_001": "46", "N12_002": 2, "N12_003": 6, "N12_004": "鹿児島県道菱刈横川線", "N12_005": 36, "N12_006": 1 }, "geometry": { "type": "LineString", "coordinates": [ [ 130.6424902, 32.0122802 ], [ 130.6419408, 32.0132042 ], [ 130.6407551, 32.0141775 ] ] } },
{ "type": "Feature", "properties": { "N12_001": "46", "N12_002": 2, "N12_003": 6, "N12_004": "鹿児島県道麓重富停車場線", "N12_005": 37, "N12_006": 1 }, "geometry": { "type": "LineString", "coordinates": [ [ 130.5881599, 31.7263598 ], [ 130.5883583, 31.7262883 ], [ 130.5887209, 31.7261361 ], [ 130.5888725, 31.7260289 ], [ 130.5890358, 31.725885 ], [ 130.5891294, 31.7257361 ], [ 130.5893486, 31.7252815 ], [ 130.5895104, 31.7250063 ], [ 130.5896369, 31.7248058 ], [ 130.5899222, 31.7244691 ], [ 130.5900733, 31.7243095 ], [ 130.59027, 31.7241236 ], [ 130.5907644, 31.7237067 ], [ 130.5910611, 31.7234756 ], [ 130.5915683, 31.7230133 ], [ 130.5917397, 31.7228781 ], [ 130.5919769, 31.722675 ], [ 130.5922078, 31.7224664 ], [ 130.5924383, 31.7222408 ], [ 130.5930581, 31.7216945 ], [ 130.5931108, 31.7216381 ], [ 130.5936035, 31.7211919 ], [ 130.5939605, 31.720504 ], [ 130.5943114, 31.7198285 ], [ 130.5946585, 31.7191565 ], [ 130.5948967, 31.7186452 ], [ 130.5950125, 31.7183964 ], [ 130.5951174, 31.7182255 ], [ 130.5951808, 31.7181089 ], [ 130.5954776, 31.7178427 ], [ 130.5957195, 31.717633 ], [ 130.596636, 31.7168289 ], [ 130.5968197, 31.7166667 ], [ 130.5972319, 31.7163026 ], [ 130.5976203, 31.7159981 ], [ 130.5979533, 31.7157139 ], [ 130.5983312, 31.7153687 ], [ 130.5985072, 31.7152064 ], [ 130.5987017, 31.7150303 ], [ 130.5989939, 31.7147767 ], [ 130.5991525, 31.7146278 ], [ 130.5993092, 31.7144658 ], [ 130.5995172, 31.7141994 ], [ 130.5996702, 31.7139871 ], [ 130.5998306, 31.7137642 ], [ 130.6000678, 31.7134321 ], [ 130.6006783, 31.7125847 ], [ 130.6009853, 31.7121541 ], [ 130.601812, 31.7111219 ], [ 130.601834, 31.7110681 ], [ 130.6056361, 31.7086331 ], [ 130.6122273, 31.70444 ] ] } },
{ "type": "Feature", "properties": { "N12_001": "46", "N12_002": 2, "N12_003": 4, "N12_004": "鹿児島県道国分霧島線", "N12_005": 38, "N12_006": 1 }, "geometry": { "type": "LineString", "coordinates": [ [ 130.7578482, 31.7143458 ], [ 130.7579636, 31.7145144 ], [ 130.7583064, 31.7149711 ], [ 130.7583333, 31.7150248 ], [ 130.7583856, 31.7151289 ], [ 130.758425, 31.7152586 ], [ 130.7584222, 31.7153511 ], [ 130.7584128, 31.7154003 ], [ 130.7583602, 31.7156157 ], [ 130.7580561, 31.7164475 ], [ 130.7580164, 31.7165997 ], [ 130.758009, 31.716662 ], [ 130.7580058, 31.7166883 ], [ 130.7580097, 31.7167578 ], [ 130.7580494, 31.7168647 ], [ 130.7581286, 31.7171467 ], [ 130.7581483, 31.7172819 ], [ 130.7581747, 31.7174792 ], [ 130.7582275, 31.7180364 ], [ 130.7582483, 31.7182862 ], [ 130.7582669, 31.7184375 ], [ 130.7582829, 31.7186008 ], [ 130.7582917, 31.7186919 ], [ 130.7583131, 31.7190125 ], [ 130.7583333, 31.7192506 ], [ 130.7583657, 31.7196301 ], [ 130.7583983, 31.7200495 ], [ 130.7584247, 31.7203672 ], [ 130.7584322, 31.7204917 ], [ 130.7584511, 31.7209006 ], [ 130.7584972, 31.7215366 ], [ 130.7585283, 31.7220148 ], [ 130.7585633, 31.7225636 ], [ 130.7585781, 31.7228345 ], [ 130.7585961, 31.7230142 ], [ 130.7586224, 31.7231601 ], [ 130.7586819, 31.7234314 ], [ 130.7587549, 31.7238249 ], [ 130.7587939, 31.7240347 ], [ 130.7588739, 31.724455 ], [ 130.7589258, 31.7247281 ], [ 130.7589738, 31.7250116 ], [ 130.7589915, 31.7251158 ], [ 130.7590986, 31.7257973 ], [ 130.7592324, 31.7262213 ], [ 130.759289, 31.7264113 ], [ 130.7594996, 31.726919 ], [ 130.7595178, 31.7269685 ], [ 130.7596016, 31.7271781 ], [ 130.7596989, 31.7273456 ], [ 130.7603171, 31.7282582 ], [ 130.76058, 31.7286681 ], [ 130.7610364, 31.7294691 ], [ 130.7612832, 31.7298845 ], [ 130.7614694, 31.7302575 ], [ 130.7616396, 31.7307803 ], [ 130.7617094, 31.7309816 ], [ 130.7620892, 31.7321404 ], [ 130.7622105, 31.732523 ], [ 130.7625374, 31.7333333 ], [ 130.7626494, 31.7336111 ], [ 130.7628075, 31.7339438 ], [ 130.7630311, 31.7343481 ], [ 130.7635586, 31.7352967 ], [ 130.7638025, 31.7357195 ], [ 130.7642508, 31.7364239 ], [ 130.7647509, 31.7372126 ], [ 130.7658133, 31.7385723 ], [ 130.7659603, 31.7387666 ] ] } },
{ "type": "Feature", "properties": { "N12_001": "46", "N12_002": 2, "N12_003": 4, "N12_004": "鹿児島県道志布志福山線", "N12_005": 8, "N12_006": 2 }, "geometry": { "type": "LineString", "coordinates": [ [ 130.9965055, 31.5949945 ], [ 130.996542, 31.5949125 ], [ 130.9965775, 31.5948033 ], [ 130.9966158, 31.5946739 ], [ 130.9968189, 31.5945981 ], [ 130.9972383, 31.5944139 ], [ 130.9973454, 31.5943559 ], [ 130.9974511, 31.5943108 ], [ 130.997688, 31.5941728 ], [ 130.9978039, 31.5941198 ], [ 130.9980894, 31.5939889 ], [ 130.9982353, 31.5939142 ], [ 130.9983394, 31.5938658 ], [ 130.9986403, 31.5937372 ], [ 130.9988322, 31.5936542 ], [ 130.998984, 31.5935835 ], [ 130.9997356, 31.5932506 ], [ 130.9998213, 31.5932053 ], [ 131.0, 31.5931127 ], [ 131.0001808, 31.5930189 ], [ 131.0002749, 31.5929706 ], [ 131.0003784, 31.5929197 ], [ 131.000585, 31.5928278 ], [ 131.0007475, 31.5927475 ], [ 131.0012433, 31.5924278 ], [ 131.0014072, 31.5923075 ], [ 131.0015031, 31.5922097 ], [ 131.0015725, 31.5921067 ], [ 131.001684, 31.5919392 ], [ 131.0017614, 31.5918019 ], [ 131.0018276, 31.5916975 ], [ 131.0018661, 31.5916367 ], [ 131.0020002, 31.5913535 ], [ 131.0020911, 31.5911736 ], [ 131.0022294, 31.590935 ], [ 131.0023564, 31.5907572 ], [ 131.0025125, 31.590532 ], [ 131.0025603, 31.5904044 ], [ 131.0025933, 31.590275 ], [ 131.0026083, 31.5900886 ], [ 131.0026722, 31.5896042 ], [ 131.002738, 31.5893842 ], [ 131.0027842, 31.5893053 ], [ 131.0028159, 31.5892648 ], [ 131.0029003, 31.5892041 ], [ 131.0029836, 31.5891933 ], [ 131.0030456, 31.5891945 ], [ 131.003091, 31.5892128 ], [ 131.0031403, 31.5892589 ], [ 131.0031997, 31.58932 ], [ 131.0032581, 31.589435 ], [ 131.0032883, 31.5895422 ], [ 131.0032794, 31.5900033 ], [ 131.0032956, 31.5900925 ], [ 131.0033278, 31.5901717 ], [ 131.0033967, 31.590275 ], [ 131.0034822, 31.5903708 ], [ 131.0035744, 31.5904044 ], [ 131.0037192, 31.5904158 ], [ 131.0038181, 31.590382 ], [ 131.0039103, 31.5903311 ], [ 131.0039958, 31.5902467 ], [ 131.0040617, 31.5901283 ], [ 131.0041275, 31.5899536 ], [ 131.0042658, 31.5894236 ], [ 131.0043514, 31.5893111 ], [ 131.0045161, 31.5892208 ], [ 131.0048056, 31.5890858 ], [ 131.0049833, 31.5890069 ], [ 131.005385, 31.5888097 ], [ 131.0059578, 31.5885164 ], [ 131.00615, 31.5884006 ], [ 131.0063594, 31.5882742 ], [ 131.0064517, 31.5882008 ], [ 131.0065372, 31.5881164 ], [ 131.0066425, 31.5879753 ], [ 131.0066953, 31.5878625 ], [ 131.0067217, 31.5877272 ], [ 131.0067283, 31.5874289 ], [ 131.0066953, 31.5872767 ], [ 131.0066519, 31.5871469 ], [ 131.0066344, 31.5871039 ], [ 131.0065917, 31.5870245 ], [ 131.00654, 31.5869461 ], [ 131.0064564, 31.5868314 ], [ 131.0063708, 31.5867533 ], [ 131.00626, 31.5866453 ], [ 131.0059576, 31.586279 ], [ 131.0056747, 31.5858955 ], [ 131.0055103, 31.5855745 ], [ 131.0054775, 31.5854389 ], [ 131.0054839, 31.5853095 ], [ 131.0055828, 31.5846389 ], [ 131.0056089, 31.5844019 ], [ 131.0057208, 31.5836413 ], [ 131.0057997, 31.5833312 ], [ 131.0058656, 31.5831564 ], [ 131.0059381, 31.5830211 ], [ 131.0062277, 31.5825814 ], [ 131.0063261, 31.582418 ], [ 131.0064445, 31.5822399 ] ] } },
{ "type": "Feature", "properties": { "N12_001": "46", "N12_002": 2, "N12_003": 6, "N12_004": "鹿児島県道大崎輝北線", "N12_005": 39, "N12_006": 1 }, "geometry": { "type": "LineString", "coordinates": [ [ 131.0060902, 31.4254548 ], [ 131.0061243, 31.4260657 ], [ 131.0054542, 31.4278894 ] ] } },
{ "type": "Feature", "properties": { "N12_001": "46", "N12_002": 2, "N12_003": 6, "N12_004": "鹿児島県道垂水南之郷線", "N12_005": 40, "N12_006": 1 }, "geometry": { "type": "LineString", "coordinates": [ [ 130.9965055, 31.5949945 ], [ 130.9960973, 31.5950087 ], [ 130.9955698, 31.5952456 ], [ 130.994437, 31.595438 ], [ 130.9934598, 31.5953566 ], [ 130.9922578, 31.5956231 ], [ 130.9918601, 31.5956231 ], [ 130.991419, 31.5954972 ], [ 130.9905651, 31.5950291 ], [ 130.989255, 31.5943111 ], [ 130.9882173, 31.5937116 ], [ 130.987141, 31.5929151 ], [ 130.9861182, 31.5924885 ], [ 130.9848548, 31.5920618 ], [ 130.9836664, 31.5913263 ], [ 130.9828619, 31.5907785 ], [ 130.9822031, 31.5902715 ], [ 130.9819151, 31.5898489 ], [ 130.9817369, 31.589309 ], [ 130.981586, 31.5888982 ], [ 130.9813255, 31.5885461 ], [ 130.9809827, 31.5882996 ], [ 130.9806399, 31.5881822 ], [ 130.9786242, 31.5882878 ], [ 130.9781991, 31.5883817 ], [ 130.977966, 31.5885695 ], [ 130.9777603, 31.5889334 ], [ 130.9776643, 31.5893677 ], [ 130.9774449, 31.5905884 ], [ 130.9772941, 31.5908701 ], [ 130.9769924, 31.5910696 ], [ 130.9761834, 31.5913043 ], [ 130.9758406, 31.5913396 ], [ 130.975484, 31.5911518 ], [ 130.9750315, 31.5909287 ], [ 130.9739757, 31.5905179 ], [ 130.9733312, 31.5902949 ], [ 130.9729747, 31.5902362 ], [ 130.9725633, 31.5903419 ], [ 130.9716857, 31.5907175 ], [ 130.9701637, 31.5915039 ], [ 130.9695466, 31.5919968 ] ] } },
{ "type": "Feature", "properties": { "N12_001": "46", "N12_002": 2, "N12_003": 4, "N12_004": "鹿児島県道鹿屋高山串良線", "N12_005": 41, "N12_006": 1 }, "geometry": { "type": "LineString", "coordinates": [ [ 130.9578123, 31.3960282 ], [ 130.9581482, 31.3951304 ], [ 130.9584743, 31.3942907 ], [ 130.9586123, 31.393827 ], [ 130.9586656, 31.3934259 ], [ 130.9586656, 31.3927554 ], [ 130.9586593, 31.3915021 ], [ 130.9586847, 31.3905656 ], [ 130.9586907, 31.3901829 ], [ 130.958693, 31.390093 ], [ 130.9587044, 31.3897822 ], [ 130.9587163, 31.3897143 ], [ 130.9587333, 31.3896246 ], [ 130.9587703, 31.3894442 ], [ 130.958776, 31.3892519 ], [ 130.9587775, 31.389207 ], [ 130.9587882, 31.3889232 ], [ 130.958791, 31.3888302 ], [ 130.9587961, 31.38861 ], [ 130.9588158, 31.3879483 ], [ 130.9588294, 31.3875386 ], [ 130.9588097, 31.387347 ], [ 130.9587506, 31.3870933 ], [ 130.9586144, 31.3867381 ], [ 130.9585339, 31.3865578 ], [ 130.9583828, 31.3859772 ], [ 130.9583433, 31.3856108 ], [ 130.9583497, 31.3854306 ], [ 130.9583694, 31.3849795 ], [ 130.9583828, 31.3848611 ], [ 130.9584133, 31.3841718 ], [ 130.9583958, 31.3840042 ], [ 130.9583564, 31.3837675 ], [ 130.9583333, 31.3836912 ], [ 130.9582278, 31.3833471 ], [ 130.9579954, 31.3828538 ], [ 130.9578117, 31.3825667 ], [ 130.957575, 31.3822397 ], [ 130.9570239, 31.3815585 ], [ 130.9563469, 31.3807178 ], [ 130.9562617, 31.3806164 ], [ 130.9561169, 31.3804358 ], [ 130.9558501, 31.380109 ], [ 130.9556349, 31.3798924 ], [ 130.9551323, 31.3795395 ], [ 130.9549614, 31.3794436 ], [ 130.9545344, 31.3792295 ], [ 130.9541142, 31.3790661 ], [ 130.9538457, 31.3789986 ], [ 130.9536544, 31.3789475 ], [ 130.9524186, 31.3786698 ], [ 130.9517059, 31.3785096 ], [ 130.9515269, 31.3784708 ], [ 130.9514506, 31.3784533 ], [ 130.9513108, 31.3784245 ], [ 130.9511826, 31.378396 ], [ 130.9507976, 31.378305 ], [ 130.9506597, 31.3782767 ], [ 130.9501867, 31.3781753 ], [ 130.9499897, 31.3781244 ], [ 130.9497994, 31.3780515 ], [ 130.949668, 31.3779722 ], [ 130.9495694, 31.3778822 ], [ 130.9494906, 31.3777581 ], [ 130.9493327, 31.3773907 ], [ 130.9490244, 31.3766531 ], [ 130.9489638, 31.3765032 ], [ 130.948775, 31.3760386 ], [ 130.9486961, 31.3758075 ], [ 130.9486633, 31.3756836 ], [ 130.9486306, 31.3754411 ], [ 130.9486306, 31.3750308 ], [ 130.9486307, 31.375 ], [ 130.9486369, 31.3737894 ], [ 130.9486082, 31.3729389 ], [ 130.9485569, 31.3723022 ], [ 130.9485046, 31.3716071 ], [ 130.9484925, 31.371433 ], [ 130.9484333, 31.3707792 ], [ 130.9483747, 31.3703906 ], [ 130.9482649, 31.3698406 ], [ 130.9480658, 31.3691278 ], [ 130.9479608, 31.3687106 ], [ 130.9478953, 31.3684625 ], [ 130.9478703, 31.3683664 ], [ 130.9478278, 31.3681683 ], [ 130.9477114, 31.3679156 ], [ 130.9475603, 31.3677183 ], [ 130.9471006, 31.3671997 ], [ 130.9469364, 31.367025 ], [ 130.9465969, 31.3666289 ], [ 130.9463977, 31.3662857 ], [ 130.946365, 31.3661964 ], [ 130.9463219, 31.3660744 ], [ 130.9462266, 31.3655827 ], [ 130.9462194, 31.3655406 ], [ 130.9461607, 31.3652849 ], [ 130.9461286, 31.3650125 ], [ 130.9461286, 31.3646405 ], [ 130.9461811, 31.3640936 ], [ 130.9463125, 31.3634847 ], [ 130.9464833, 31.3629492 ], [ 130.9466521, 31.3625633 ], [ 130.9466886, 31.3624744 ], [ 130.9471389, 31.3614853 ], [ 130.9471926, 31.3613355 ], [ 130.9472353, 31.3611989 ], [ 130.9472453, 31.3610611 ], [ 130.9472453, 31.3608185 ], [ 130.9471731, 31.3592122 ], [ 130.9471467, 31.3584567 ], [ 130.9471414, 31.3583333 ], [ 130.9471138, 31.3576866 ], [ 130.9470748, 31.3567838 ], [ 130.9470618, 31.3563062 ], [ 130.9470254, 31.3547812 ], [ 130.9470222, 31.3539586 ], [ 130.9470483, 31.3537555 ], [ 130.9471075, 31.35353 ], [ 130.9471994, 31.3532933 ], [ 130.9474556, 31.3528425 ], [ 130.9474622, 31.3528089 ], [ 130.9476394, 31.3525044 ], [ 130.9477314, 31.3522958 ], [ 130.9477775, 31.3521042 ], [ 130.9477842, 31.35189 ], [ 130.9477644, 31.3517828 ], [ 130.947725, 31.351687 ], [ 130.9475936, 31.3514728 ], [ 130.9474152, 31.3512365 ], [ 130.9477131, 31.3511055 ], [ 130.9477714, 31.3510797 ], [ 130.9484447, 31.3507519 ], [ 130.9485687, 31.3506854 ], [ 130.9482423, 31.3499914 ], [ 130.9477581, 31.3479103 ], [ 130.9477121, 31.3477239 ], [ 130.947515, 31.3468222 ], [ 130.947264, 31.3468622 ], [ 130.9467115, 31.34693 ], [ 130.9462231, 31.3469216 ], [ 130.9460097, 31.3468661 ], [ 130.9454145, 31.3466468 ] ] } },
{ "type": "Feature", "properties": { "N12_001": "46", "N12_002": 2, "N12_003": 6, "N12_004": "鹿児島県道塗木大隅線", "N12_005": 42, "N12_006": 1 }, "geometry": { "type": "LineString", "coordinates": [ [ 131.051585, 31.5788828 ], [ 131.0512095, 31.5786148 ], [ 131.0509591, 31.5784897 ], [ 131.0504853, 31.5784718 ], [ 131.049913, 31.5784986 ], [ 131.0495017, 31.5785076 ], [ 131.0491709, 31.5784718 ], [ 131.0483806, 31.5782226 ], [ 131.0478727, 31.5781537 ], [ 131.0474149, 31.5781599 ], [ 131.0469822, 31.5781537 ], [ 131.0463677, 31.5780534 ], [ 131.0455462, 31.5777714 ], [ 131.0451323, 31.5775646 ], [ 131.0449254, 31.5773766 ], [ 131.0447122, 31.5771698 ], [ 131.0443986, 31.5769818 ], [ 131.0439941, 31.5768001 ], [ 131.0435175, 31.5766434 ], [ 131.0432165, 31.5765933 ], [ 131.0429532, 31.5765996 ], [ 131.0427274, 31.5766685 ], [ 131.0424703, 31.576844 ], [ 131.0422696, 31.5769505 ], [ 131.042, 31.5769818 ], [ 131.0415736, 31.5769129 ], [ 131.0406392, 31.5766121 ], [ 131.0398804, 31.5762863 ], [ 131.0393599, 31.5761547 ], [ 131.0387234, 31.5760419 ], [ 131.0382845, 31.5759541 ], [ 131.0376699, 31.5757912 ], [ 131.0373689, 31.575785 ], [ 131.0370303, 31.5758414 ], [ 131.0367732, 31.5759228 ], [ 131.0364784, 31.575998 ], [ 131.0361398, 31.5758476 ], [ 131.0357698, 31.5757348 ], [ 131.0349107, 31.5755218 ], [ 131.0342961, 31.5754215 ], [ 131.0335374, 31.5753902 ], [ 131.0331705, 31.5753964 ], [ 131.0329009, 31.5754152 ], [ 131.0327378, 31.5754528 ], [ 131.032581, 31.5755406 ], [ 131.0324305, 31.575716 ], [ 131.03228, 31.5760043 ], [ 131.0320511, 31.5765181 ], [ 131.0318505, 31.5770696 ], [ 131.0317062, 31.5775709 ], [ 131.0316185, 31.5779531 ], [ 131.0315871, 31.5784043 ], [ 131.0315463, 31.5787176 ], [ 131.0314272, 31.5789934 ], [ 131.0312516, 31.5791876 ], [ 131.0309506, 31.5794069 ], [ 131.0305493, 31.5796075 ], [ 131.0301667, 31.5797391 ], [ 131.0297529, 31.5798205 ], [ 131.0293327, 31.5799459 ], [ 131.0286993, 31.5801714 ], [ 131.028251, 31.5803594 ], [ 131.027743, 31.5805976 ], [ 131.0273041, 31.5807542 ], [ 131.0270093, 31.580842 ], [ 131.0267459, 31.5808796 ], [ 131.0265076, 31.5808733 ], [ 131.0260624, 31.580842 ], [ 131.0256423, 31.5808106 ], [ 131.0253663, 31.5808106 ], [ 131.0250214, 31.5808733 ], [ 131.0243693, 31.5810237 ], [ 131.0237484, 31.581243 ], [ 131.0232029, 31.5814623 ], [ 131.0228925, 31.5815877 ], [ 131.022604, 31.5816817 ], [ 131.0220522, 31.5817757 ], [ 131.0215254, 31.5819135 ], [ 131.021193, 31.5820263 ], [ 131.0204907, 31.5823522 ], [ 131.0200047, 31.5826028 ], [ 131.0195971, 31.5828033 ], [ 131.0193023, 31.5829036 ], [ 131.0189763, 31.5829475 ], [ 131.0186376, 31.5829287 ], [ 131.0182927, 31.5828723 ], [ 131.0178099, 31.5828033 ], [ 131.0174399, 31.5827845 ], [ 131.0171452, 31.5828284 ], [ 131.0168253, 31.5830039 ], [ 131.0160477, 31.5833109 ], [ 131.0156307, 31.5834488 ], [ 131.0150538, 31.5835929 ], [ 131.014527, 31.5836744 ], [ 131.0140693, 31.5837308 ], [ 131.0136554, 31.5837496 ], [ 131.0131725, 31.583712 ], [ 131.0121504, 31.583549 ], [ 131.0113132, 31.5834613 ], [ 131.0109181, 31.5833861 ], [ 131.0106359, 31.5832733 ], [ 131.0104039, 31.5830791 ], [ 131.0100966, 31.5828535 ], [ 131.0098834, 31.5827595 ], [ 131.0094946, 31.5826968 ], [ 131.0084286, 31.5825402 ], [ 131.0064445, 31.5822399 ] ] } },
{ "type": "Feature", "properties": { "N12_001": "46", "N12_002": 2, "N12_003": 6, "N12_004": "鹿児島県道徳重横井鹿児島線", "N12_005": 43, "N12_006": 1 }, "geometry": { "type": "LineString", "coordinates": [ [ 130.4098644, 31.6243719 ], [ 130.4091, 31.6239904 ], [ 130.4079409, 31.6233457 ], [ 130.4071101, 31.6230894 ], [ 130.4066728, 31.623014 ], [ 130.4061512, 31.6230884 ], [ 130.4052818, 31.6233488 ], [ 130.4046298, 31.6235719 ], [ 130.4040212, 31.6238199 ], [ 130.403659, 31.6240307 ], [ 130.4033837, 31.6241918 ], [ 130.4031344, 31.6242912 ], [ 130.4024389, 31.6243656 ] ] } },
{ "type": "Feature", "properties": { "N12_001": "46", "N12_002": 2, "N12_003": 6, "N12_004": "鹿児島県道吹上浜公園線", "N12_005": 44, "N12_006": 1 }, "geometry": { "type": "LineString", "coordinates": [ [ 130.2957369, 31.4307192 ], [ 130.2937183, 31.4320995 ], [ 130.2930795, 31.4326692 ], [ 130.2893233, 31.4367443 ] ] } },
{ "type": "Feature", "properties": { "N12_001": "46", "N12_002": 2, "N12_003": 6, "N12_004": "鹿児島県道川西菱刈線", "N12_005": 45, "N12_006": 1 }, "geometry": { "type": "LineString", "coordinates": [ [ 130.654317, 32.0178135 ], [ 130.6538181, 32.0175825 ], [ 130.6532867, 32.0169911 ], [ 130.6529722, 32.0168617 ], [ 130.652495, 32.016871 ], [ 130.6520612, 32.0169634 ], [ 130.6515948, 32.016871 ], [ 130.6511068, 32.0167416 ], [ 130.6498813, 32.0167231 ], [ 130.6492414, 32.01664 ], [ 130.6485582, 32.0163443 ], [ 130.6481027, 32.015947 ], [ 130.6476146, 32.0152724 ], [ 130.647311, 32.0149952 ], [ 130.6464867, 32.0147735 ], [ 130.6460184, 32.0145594 ], [ 130.6457003, 32.0142391 ], [ 130.6455846, 32.0137463 ], [ 130.6455412, 32.0133151 ], [ 130.6455268, 32.0128346 ], [ 130.6452954, 32.0124527 ], [ 130.6448905, 32.0122186 ], [ 130.6424902, 32.0122802 ] ] } },
{ "type": "Feature", "properties": { "N12_001": "46", "N12_002": 2, "N12_003": 6, "N12_004": "鹿児島県道豊後迫隼人線", "N12_005": 46, "N12_006": 1 }, "geometry": { "type": "LineString", "coordinates": [ [ 130.7589466, 31.7730847 ], [ 130.7594227, 31.7737015 ], [ 130.7598906, 31.7740262 ], [ 130.7640428, 31.7762244 ], [ 130.7644376, 31.7764992 ], [ 130.7646861, 31.776799 ] ] } },
{ "type": "Feature", "properties": { "N12_001": "46", "N12_002": 2, "N12_003": 6, "N12_004": "鹿児島県道末吉財部線", "N12_005": 47, "N12_006": 1 }, "geometry": { "type": "LineString", "coordinates": [ [ 131.0069923, 31.698527 ], [ 131.0059278, 31.6961038 ], [ 131.0054508, 31.6954459 ], [ 131.0048967, 31.6946038 ], [ 131.0047428, 31.6941564 ], [ 131.0056354, 31.6926564 ], [ 131.0060971, 31.6922222 ], [ 131.0064357, 31.691992 ], [ 131.0075745, 31.691538 ], [ 131.0173095, 31.6853719 ], [ 131.0177624, 31.6847478 ], [ 131.0180048, 31.6839928 ], [ 131.0181952, 31.6833563 ], [ 131.0183164, 31.680529 ], [ 131.0194243, 31.6795816 ], [ 131.020238, 31.678205 ], [ 131.0210515, 31.6773316 ], [ 131.0211726, 31.67708 ], [ 131.0211726, 31.6756738 ], [ 131.0199956, 31.6742527 ], [ 131.0191475, 31.6733349 ], [ 131.0189225, 31.6726688 ], [ 131.0187321, 31.6718843 ], [ 131.0188359, 31.6712626 ], [ 131.018784, 31.6708777 ], [ 131.018559, 31.6703892 ], [ 131.017105, 31.6692938 ], [ 131.0168952, 31.6688442 ], [ 131.0165707, 31.6680559 ], [ 131.0167264, 31.6672122 ], [ 131.016363, 31.6658022 ], [ 131.0165187, 31.6646809 ], [ 131.0165317, 31.664037 ], [ 131.0169341, 31.6634042 ], [ 131.0169471, 31.6626937 ], [ 131.016986, 31.6623717 ], [ 131.0173495, 31.6616834 ], [ 131.0174533, 31.6611172 ], [ 131.0173885, 31.6604622 ], [ 131.0164669, 31.6589856 ], [ 131.0156492, 31.6579309 ], [ 131.0174923, 31.6570761 ], [ 131.0178687, 31.6566542 ], [ 131.0190758, 31.657398 ] ] } },
{ "type": "Feature", "properties": { "N12_001": "46", "N12_002": 2, "N12_003": 6, "N12_004": "鹿児島県道柏原池之原線", "N12_005": 48, "N12_006": 1 }, "geometry": { "type": "LineString", "coordinates": [ [ 130.9786047, 31.3795677 ], [ 130.977372, 31.381515 ], [ 130.9767947, 31.3823292 ], [ 130.9747596, 31.3854182 ], [ 130.9728028, 31.3884315 ], [ 130.9708556, 31.3914281 ], [ 130.9705327, 31.3922423 ], [ 130.9702783, 31.3925781 ], [ 130.9698673, 31.3928551 ], [ 130.9692411, 31.3931992 ], [ 130.9669513, 31.3941645 ], [ 130.9663055, 31.3944415 ], [ 130.9659239, 31.3956082 ], [ 130.9659141, 31.3959272 ], [ 130.966012, 31.3961958 ], [ 130.9664132, 31.3965567 ], [ 130.9677429, 31.3975162 ], [ 130.9682531, 31.3979447 ] ] } },
{ "type": "Feature", "properties": { "N12_001": "46", "N12_002": 2, "N12_003": 7, "N12_004": "鹿児島市道唐湊線", "N12_005": 49, "N12_006": 1 }, "geometry": { "type": "LineString", "coordinates": [ [ 130.5405863, 31.5730739 ], [ 130.5405702, 31.5730328 ], [ 130.5404936, 31.5727911 ], [ 130.5404464, 31.5725931 ], [ 130.5404347, 31.5724208 ], [ 130.5404464, 31.5723077 ], [ 130.5406704, 31.5716134 ], [ 130.5408147, 31.5712071 ], [ 130.5415484, 31.5692065 ], [ 130.5416427, 31.5689983 ], [ 130.5416928, 31.5687925 ], [ 130.5419255, 31.5681703 ], [ 130.5421966, 31.5674863 ], [ 130.542338, 31.5672471 ], [ 130.5428006, 31.5666711 ], [ 130.5434135, 31.5659537 ], [ 130.543773, 31.5657094 ], [ 130.5439939, 31.5655834 ], [ 130.5443888, 31.5653803 ], [ 130.5454465, 31.5648891 ], [ 130.545971, 31.5646191 ], [ 130.5462774, 31.5644468 ], [ 130.5466015, 31.5643028 ], [ 130.546905, 31.5641434 ], [ 130.5474, 31.5638297 ], [ 130.5475355, 31.5637037 ], [ 130.5478272, 31.5634645 ], [ 130.5482839, 31.5630737 ], [ 130.5488732, 31.5625903 ], [ 130.5490284, 31.5624738 ] ] } },
{ "type": "Feature", "properties": { "N12_001": "46", "N12_002": 1, "N12_003": 9, "N12_004": "-", "N12_005": 50, "N12_006": 1 }, "geometry": { "type": "LineString", "coordinates": [ [ 131.1030929, 31.476191 ], [ 131.1035817, 31.4749778 ], [ 131.1048123, 31.4729571 ] ] } },
{ "type": "Feature", "properties": { "N12_001": "46", "N12_002": 1, "N12_003": 9, "N12_004": "-", "N12_005": 51, "N12_006": 1 }, "geometry": { "type": "LineString", "coordinates": [ [ 131.0908672, 31.4712825 ], [ 131.0917675, 31.469719 ], [ 131.092441, 31.468964 ] ] } },
{ "type": "Feature", "properties": { "N12_001": "46", "N12_002": 1, "N12_003": 9, "N12_004": "-", "N12_005": 52, "N12_006": 1 }, "geometry": { "type": "LineString", "coordinates": [ [ 130.630814, 31.2511998 ], [ 130.6325459, 31.2518716 ], [ 130.6340452, 31.2524323 ] ] } },
{ "type": "Feature", "properties": { "N12_001": "46", "N12_002": 1, "N12_003": 7, "N12_004": "市道谷山港1号線", "N12_005": 53, "N12_006": 1 }, "geometry": { "type": "LineString", "coordinates": [ [ 130.5163375, 31.5004829 ], [ 130.5264683, 31.4977834 ], [ 130.5297048, 31.496909 ] ] } },
{ "type": "Feature", "properties": { "N12_001": "46", "N12_002": 1, "N12_003": 9, "N12_004": "-", "N12_005": 54, "N12_006": 1 }, "geometry": { "type": "LineString", "coordinates": [ [ 130.5264683, 31.4977834 ], [ 130.5256519, 31.4946106 ] ] } },
{ "type": "Feature", "properties": { "N12_001": "46", "N12_002": 1, "N12_003": 9, "N12_004": "-", "N12_005": 55, "N12_006": 1 }, "geometry": { "type": "LineString", "coordinates": [ [ 130.515447, 31.505936 ], [ 130.5166393, 31.5058471 ], [ 130.5173003, 31.5057361 ], [ 130.5189073, 31.5053253 ] ] } },
{ "type": "Feature", "properties": { "N12_001": "46", "N12_002": 1, "N12_003": 9, "N12_004": "-", "N12_005": 56, "N12_006": 1 }, "geometry": { "type": "LineString", "coordinates": [ [ 130.5411986, 31.543537 ], [ 130.5443082, 31.5421799 ], [ 130.5474313, 31.54066 ] ] } },
{ "type": "Feature", "properties": { "N12_001": "46", "N12_002": 1, "N12_003": 6, "N12_004": "鹿児島県道郡元鹿児島港線", "N12_005": 11, "N12_006": 2 }, "geometry": { "type": "LineString", "coordinates": [ [ 130.5348601, 31.536536 ], [ 130.5332237, 31.5350752 ], [ 130.5324696, 31.5340784 ] ] } },
{ "type": "Feature", "properties": { "N12_001": "46", "N12_002": 1, "N12_003": 9, "N12_004": "-", "N12_005": 57, "N12_006": 1 }, "geometry": { "type": "LineString", "coordinates": [ [ 130.524458, 31.5306096 ], [ 130.5257782, 31.5296581 ], [ 130.5268992, 31.5289105 ], [ 130.528497, 31.528115 ], [ 130.5326999, 31.5256907 ] ] } },
{ "type": "Feature", "properties": { "N12_001": "46", "N12_002": 1, "N12_003": 9, "N12_004": "-", "N12_005": 58, "N12_006": 1 }, "geometry": { "type": "LineString", "coordinates": [ [ 130.5174136, 31.516222 ], [ 130.5179841, 31.516066 ], [ 130.519999, 31.5157125 ], [ 130.5237162, 31.51519 ] ] } },
{ "type": "Feature", "properties": { "N12_001": "46", "N12_002": 1, "N12_003": 9, "N12_004": "-", "N12_005": 59, "N12_006": 1 }, "geometry": { "type": "LineString", "coordinates": [ [ 130.4922486, 31.4721652 ], [ 130.4923888, 31.4722699 ], [ 130.4924931, 31.4725226 ], [ 130.4925937, 31.4726304 ], [ 130.4927447, 31.4727013 ], [ 130.4933163, 31.472729 ], [ 130.493478, 31.4727968 ], [ 130.493593, 31.4728984 ], [ 130.4936757, 31.4731049 ], [ 130.4935607, 31.4735701 ], [ 130.4934241, 31.4737057 ], [ 130.49323, 31.4737519 ], [ 130.4929963, 31.473718 ], [ 130.4918316, 31.473376 ], [ 130.4915584, 31.4733575 ], [ 130.4913068, 31.473413 ], [ 130.491012, 31.4735886 ] ] } },
{ "type": "Feature", "properties": { "N12_001": "46", "N12_002": 1, "N12_003": 3, "N12_004": "一般国道3号", "N12_005": 24, "N12_006": 3 }, "geometry": { "type": "LineString", "coordinates": [ [ 130.32276, 31.672705 ], [ 130.3231913, 31.6727813 ], [ 130.3234336, 31.6730041 ], [ 130.3235693, 31.6732268 ], [ 130.3235305, 31.6735077 ], [ 130.3233851, 31.6737789 ], [ 130.3231913, 31.6739436 ], [ 130.322823, 31.6741179 ], [ 130.3222996, 31.6743601 ], [ 130.321718, 31.6746506 ], [ 130.3211171, 31.6749025 ], [ 130.3206518, 31.6752802 ], [ 130.3201309, 31.6760018 ], [ 130.3198595, 31.6763941 ], [ 130.3195881, 31.6768396 ], [ 130.3193831, 31.6771552 ] ] } },
{ "type": "Feature", "properties": { "N12_001": "46", "N12_002": 1, "N12_003": 3, "N12_004": "一般国道3号", "N12_005": 24, "N12_006": 4 }, "geometry": { "type": "LineString", "coordinates": [ [ 130.508764, 31.588693 ], [ 130.508557, 31.589027 ], [ 130.508315, 31.589467 ], [ 130.508072, 31.589953 ], [ 130.507901, 31.590363 ], [ 130.507609, 31.59119 ], [ 130.5074, 31.591711 ], [ 130.507259, 31.592063 ], [ 130.507124, 31.592297 ], [ 130.506953, 31.592525 ], [ 130.506646, 31.592813 ], [ 130.506268, 31.593129 ], [ 130.50574, 31.593469 ], [ 130.50482, 31.594061 ], [ 130.504, 31.594535 ], [ 130.503023, 31.595086 ], [ 130.502167, 31.595555 ], [ 130.501575, 31.595807 ], [ 130.500904, 31.596023 ], [ 130.500334, 31.596152 ], [ 130.49987, 31.596228 ], [ 130.499528, 31.59627 ], [ 130.498843, 31.596305 ], [ 130.498201, 31.596305 ], [ 130.497623, 31.596246 ], [ 130.497081, 31.596176 ], [ 130.495783, 31.596 ], [ 130.494599, 31.59583 ], [ 130.49343, 31.59566 ], [ 130.49226, 31.595502 ], [ 130.491811, 31.595455 ], [ 130.491304, 31.595426 ], [ 130.490926, 31.595426 ], [ 130.490498, 31.595432 ], [ 130.49002, 31.595473 ], [ 130.489514, 31.59552 ], [ 130.488929, 31.595625 ], [ 130.488187, 31.595777 ], [ 130.487759, 31.595871 ], [ 130.486775, 31.596105 ], [ 130.485691, 31.596387 ], [ 130.484528, 31.596686 ], [ 130.483936, 31.596867 ], [ 130.483516, 31.597025 ], [ 130.483073, 31.59723 ], [ 130.482574, 31.597506 ], [ 130.482203, 31.597723 ], [ 130.481847, 31.59798 ], [ 130.481625, 31.598191 ], [ 130.480941, 31.598824 ], [ 130.480491, 31.599252 ], [ 130.480099, 31.59965 ], [ 130.479707, 31.599984 ], [ 130.479293, 31.600318 ], [ 130.478673, 31.600775 ], [ 130.478095, 31.601103 ], [ 130.477417, 31.601443 ], [ 130.476683, 31.601742 ], [ 130.476212, 31.601906 ], [ 130.475748, 31.602047 ], [ 130.475299, 31.602146 ], [ 130.474436, 31.602305 ], [ 130.473901, 31.602392 ], [ 130.473423, 31.602469 ], [ 130.47236, 31.602545 ], [ 130.471283, 31.602615 ], [ 130.470042, 31.602697 ], [ 130.468751, 31.602832 ], [ 130.468003, 31.602967 ], [ 130.467389, 31.603078 ], [ 130.466462, 31.603289 ], [ 130.465356, 31.603652 ], [ 130.464829, 31.603828 ], [ 130.464301, 31.604056 ], [ 130.463267, 31.60456 ], [ 130.462646, 31.604871 ], [ 130.462154, 31.605193 ], [ 130.461412, 31.605703 ], [ 130.460528, 31.606347 ], [ 130.459087, 31.607484 ], [ 130.457896, 31.608369 ], [ 130.457475, 31.60865 ], [ 130.456448, 31.609301 ], [ 130.455514, 31.609834 ], [ 130.454479, 31.610396 ], [ 130.453288, 31.6109 ], [ 130.45219, 31.611322 ], [ 130.451491, 31.611568 ], [ 130.450835, 31.611756 ], [ 130.450229, 31.611926 ], [ 130.44958, 31.612084 ], [ 130.448324, 31.612342 ], [ 130.447169, 31.612576 ], [ 130.446028, 31.612793 ], [ 130.444894, 31.613009 ], [ 130.443852, 31.613209 ], [ 130.442697, 31.61342 ], [ 130.441641, 31.613636 ], [ 130.440393, 31.613894 ], [ 130.439345, 31.614111 ], [ 130.438232, 31.614351 ], [ 130.437326, 31.614574 ], [ 130.436235, 31.614838 ], [ 130.435079, 31.615207 ], [ 130.434223, 31.615517 ], [ 130.433717, 31.615716 ], [ 130.43294, 31.616062 ], [ 130.431991, 31.616496 ], [ 130.431085, 31.616953 ], [ 130.430201, 31.617422 ], [ 130.429259, 31.617914 ], [ 130.428311, 31.618353 ], [ 130.427847, 31.618552 ], [ 130.427262, 31.618757 ], [ 130.426656, 31.618951 ], [ 130.426178, 31.619091 ], [ 130.425394, 31.619273 ], [ 130.424837, 31.619367 ], [ 130.424245, 31.619431 ], [ 130.423247, 31.619496 ], [ 130.42212, 31.619525 ], [ 130.422057, 31.619525 ], [ 130.421, 31.619525 ], [ 130.41988, 31.619531 ], [ 130.418924, 31.619531 ], [ 130.417598, 31.619531 ], [ 130.416378, 31.619519 ], [ 130.415337, 31.619525 ], [ 130.414117, 31.619478 ], [ 130.413076, 31.619502 ], [ 130.411111, 31.619442 ], [ 130.410166, 31.619414 ], [ 130.409039, 31.619373 ], [ 130.408047, 31.619291 ], [ 130.407035, 31.619214 ], [ 130.406029, 31.619121 ], [ 130.404759, 31.618974 ], [ 130.403419, 31.618845 ], [ 130.402363, 31.618728 ], [ 130.401158, 31.618611 ], [ 130.400038, 31.618476 ], [ 130.398961, 31.618371 ], [ 130.397927, 31.618259 ], [ 130.396828, 31.618148 ], [ 130.395823, 31.618054 ], [ 130.394767, 31.617978 ], [ 130.393683, 31.617902 ], [ 130.392477, 31.617843 ], [ 130.39145, 31.617791 ], [ 130.390445, 31.617779 ], [ 130.389161, 31.617785 ], [ 130.387948, 31.617855 ], [ 130.3876383, 31.617886 ], [ 130.3875322, 31.6178966 ], [ 130.387299, 31.61792 ], [ 130.3866, 31.618037 ], [ 130.386108, 31.618148 ], [ 130.385445, 31.618371 ], [ 130.38491, 31.618558 ], [ 130.384232, 31.618839 ], [ 130.383048, 31.619373 ], [ 130.381936, 31.619964 ], [ 130.3809146, 31.6205047 ], [ 130.379525, 31.621312 ], [ 130.378198, 31.62208 ], [ 130.377264, 31.622607 ], [ 130.376372, 31.623134 ], [ 130.375438, 31.623638 ], [ 130.374497, 31.624212 ], [ 130.373584, 31.624716 ], [ 130.372763, 31.625173 ], [ 130.3717946, 31.6257454 ], [ 130.370888, 31.626287 ], [ 130.370367, 31.626644 ], [ 130.369946, 31.626972 ], [ 130.369219, 31.627581 ], [ 130.368819, 31.627915 ], [ 130.36847, 31.628244 ], [ 130.367999, 31.628706 ], [ 130.367721, 31.628994 ], [ 130.367386, 31.629392 ], [ 130.367079, 31.629749 ], [ 130.366487, 31.630499 ], [ 130.365938, 31.631255 ], [ 130.365353, 31.632064 ], [ 130.364818, 31.632738 ], [ 130.364404, 31.633288 ], [ 130.364033, 31.633681 ], [ 130.363577, 31.63415 ], [ 130.363185, 31.634548 ], [ 130.362849, 31.634841 ], [ 130.362029, 31.635433 ], [ 130.361173, 31.636048 ], [ 130.36036, 31.63664 ], [ 130.359633, 31.637202 ], [ 130.358927, 31.637741 ], [ 130.358156, 31.638316 ], [ 130.357457, 31.638861 ], [ 130.356888, 31.639295 ], [ 130.356616, 31.639517 ], [ 130.355938, 31.640073 ], [ 130.355318, 31.640642 ], [ 130.354611, 31.641345 ], [ 130.353984, 31.64196 ], [ 130.353734, 31.642206 ], [ 130.353349, 31.642669 ], [ 130.352771, 31.643378 ], [ 130.352201, 31.644116 ], [ 130.351623, 31.64486 ], [ 130.351352, 31.6452 ], [ 130.350988, 31.645646 ], [ 130.35071, 31.645933 ], [ 130.350311, 31.646349 ], [ 130.349876, 31.646765 ], [ 130.349519, 31.647093 ], [ 130.348813, 31.647691 ], [ 130.348478, 31.647913 ], [ 130.347857, 31.648306 ], [ 130.347272, 31.648687 ], [ 130.346523, 31.649144 ], [ 130.345632, 31.6497 ], [ 130.344712, 31.650263 ], [ 130.343834, 31.650802 ], [ 130.342978, 31.651353 ], [ 130.341944, 31.652015 ], [ 130.341274, 31.652466 ], [ 130.340475, 31.653022 ], [ 130.339705, 31.65355 ], [ 130.33892, 31.654147 ], [ 130.338107, 31.65481 ], [ 130.337287, 31.655472 ], [ 130.336367, 31.656233 ], [ 130.336032, 31.656509 ], [ 130.335732, 31.656808 ], [ 130.335226, 31.657429 ], [ 130.334698, 31.65819 ], [ 130.334491, 31.65853 ], [ 130.33427, 31.658975 ], [ 130.334106, 31.659356 ], [ 130.333956, 31.659796 ], [ 130.333685, 31.66064 ], [ 130.333457, 31.661319 ], [ 130.333072, 31.662356 ], [ 130.332786, 31.66313 ], [ 130.332537, 31.663639 ], [ 130.332323, 31.664032 ], [ 130.332109, 31.66443 ], [ 130.331773, 31.664923 ], [ 130.331196, 31.665743 ], [ 130.330851, 31.66622 ], [ 130.330675, 31.666464 ], [ 130.330326, 31.666909 ], [ 130.330033, 31.667231 ], [ 130.329634, 31.667606 ], [ 130.329277, 31.667928 ], [ 130.328585, 31.668503 ], [ 130.328419, 31.668632 ], [ 130.327765, 31.669141 ], [ 130.326816, 31.669798 ], [ 130.326003, 31.670413 ], [ 130.325019, 31.671104 ], [ 130.3230561, 31.6724952 ], [ 130.32276, 31.672705 ], [ 130.322222, 31.673087 ], [ 130.321712, 31.673572 ], [ 130.321419, 31.673909 ], [ 130.320506, 31.674898 ], [ 130.31977, 31.676026 ], [ 130.3188626, 31.6778985 ], [ 130.31844, 31.679067 ], [ 130.318135, 31.679991 ], [ 130.317434, 31.681794 ], [ 130.31713, 31.68248 ], [ 130.316826, 31.683067 ], [ 130.316146, 31.684079 ], [ 130.315339, 31.685155 ], [ 130.31483, 31.68576 ], [ 130.314497, 31.686184 ], [ 130.314065, 31.686603 ], [ 130.313223, 31.687347 ], [ 130.312621, 31.687783 ], [ 130.312062, 31.688167 ], [ 130.31105, 31.688766 ], [ 130.308841, 31.6899 ], [ 130.3071, 31.690784 ], [ 130.306513, 31.691115 ], [ 130.305946, 31.691435 ], [ 130.305246, 31.691882 ], [ 130.304672, 31.692324 ], [ 130.30395, 31.692929 ], [ 130.30354, 31.693232 ], [ 130.303087, 31.693656 ], [ 130.302591, 31.694156 ], [ 130.301806, 31.695092 ], [ 130.301416, 31.695563 ], [ 130.300978, 31.696092 ], [ 130.30044, 31.696773 ], [ 130.299937, 31.697534 ], [ 130.299633, 31.698023 ], [ 130.299215, 31.698825 ], [ 130.29872, 31.699791 ], [ 130.298394, 31.700372 ], [ 130.298132, 31.700849 ], [ 130.297778, 31.701372 ], [ 130.297445, 31.701814 ], [ 130.296915, 31.702419 ], [ 130.296476, 31.702843 ], [ 130.296122, 31.703157 ], [ 130.294607, 31.704198 ], [ 130.293142, 31.705134 ], [ 130.292682, 31.705419 ], [ 130.292342, 31.705716 ], [ 130.292031, 31.705972 ], [ 130.291379, 31.706669 ], [ 130.290997, 31.707193 ], [ 130.290657, 31.707774 ], [ 130.29041, 31.708332 ], [ 130.290261, 31.708844 ], [ 130.290127, 31.709466 ], [ 130.290105, 31.710472 ], [ 130.290169, 31.711071 ], [ 130.290459, 31.712071 ], [ 130.290735, 31.712845 ], [ 130.291316, 31.714112 ], [ 130.291889, 31.715432 ], [ 130.292116, 31.716031 ], [ 130.292271, 31.716566 ], [ 130.292413, 31.717153 ], [ 130.292491, 31.7177 ], [ 130.29254, 31.718299 ], [ 130.292597, 31.719119 ], [ 130.292569, 31.720084 ], [ 130.292526, 31.720863 ], [ 130.2924853, 31.7211023 ], [ 130.2924063, 31.7216445 ], [ 130.2922384, 31.7223158 ], [ 130.2918633, 31.7234177 ], [ 130.2916282, 31.7240219 ], [ 130.2913231, 31.724805 ], [ 130.2911048, 31.7254091 ], [ 130.2897781, 31.7285728 ], [ 130.288545, 31.731251 ], [ 130.2878614, 31.7328306 ], [ 130.2871882, 31.734448 ], [ 130.2867564, 31.7360871 ], [ 130.2865024, 31.7377479 ], [ 130.2864516, 31.7392568 ], [ 130.2865913, 31.740592 ], [ 130.2869342, 31.7419597 ], [ 130.2872264, 31.7427522 ], [ 130.2875567, 31.7434686 ], [ 130.2884331, 31.7448581 ], [ 130.2888904, 31.74539 ], [ 130.2901734, 31.7466817 ], [ 130.2908467, 31.7472136 ], [ 130.2918248, 31.7479084 ], [ 130.2924473, 31.7482774 ], [ 130.2932729, 31.7487659 ], [ 130.2943148, 31.749287 ], [ 130.29542, 31.749808 ], [ 130.2967792, 31.7503399 ], [ 130.2981893, 31.7508935 ], [ 130.2992564, 31.7513494 ], [ 130.3007453, 31.752207 ], [ 130.3017997, 31.7530211 ], [ 130.3027906, 31.7540632 ], [ 130.3034894, 31.755127 ], [ 130.3039086, 31.7560389 ], [ 130.3042135, 31.7569615 ], [ 130.3043151, 31.7577865 ], [ 130.3042926, 31.7593873 ], [ 130.3041825, 31.7600025 ], [ 130.3037003, 31.7615074 ], [ 130.3030015, 31.7632008 ], [ 130.3023917, 31.7645034 ], [ 130.3009254, 31.7671412 ], [ 130.2999089, 31.7688238 ], [ 130.2991465, 31.7699201 ], [ 130.2984477, 31.7708103 ], [ 130.2975074, 31.7717981 ], [ 130.2964147, 31.7726882 ], [ 130.2943053, 31.7744142 ], [ 130.2927551, 31.7757494 ], [ 130.2917766, 31.7764875 ], [ 130.2909023, 31.7771714 ], [ 130.2896824, 31.7781809 ], [ 130.2886022, 31.7792881 ], [ 130.2874204, 31.7807536 ], [ 130.2867722, 31.7817957 ], [ 130.2862003, 31.7829789 ], [ 130.2857428, 31.7841621 ], [ 130.2854452, 31.7854755 ], [ 130.2851911, 31.7868324 ], [ 130.2850513, 31.7883304 ], [ 130.2848733, 31.7904255 ], [ 130.2848606, 31.7921731 ], [ 130.2850767, 31.7961461 ], [ 130.28528, 31.7980349 ], [ 130.2852928, 31.7992832 ], [ 130.2852419, 31.8001842 ], [ 130.2850894, 31.8011395 ], [ 130.2848479, 31.8021707 ], [ 130.2842378, 31.8033973 ], [ 130.2836276, 31.8044068 ], [ 130.2829412, 31.8053512 ], [ 130.2821404, 31.8061979 ], [ 130.2811363, 31.8071966 ], [ 130.2799668, 31.8082495 ], [ 130.278716, 31.8093133 ], [ 130.2772796, 31.8104097 ], [ 130.2756652, 31.8115061 ], [ 130.2739643, 31.8126676 ], [ 130.2718923, 31.8140461 ], [ 130.2706719, 31.8147843 ], [ 130.2693168, 31.8155007 ], [ 130.2685159, 31.8158264 ], [ 130.2674735, 31.8162714 ], [ 130.2665073, 31.8165862 ], [ 130.2655412, 31.8168902 ], [ 130.2645878, 31.8172158 ], [ 130.263825, 31.8175958 ], [ 130.2630953, 31.8180082 ], [ 130.2623961, 31.8185944 ], [ 130.261468, 31.8196039 ], [ 130.2602253, 31.8214096 ], [ 130.2600558, 31.8217787 ], [ 130.2597168, 31.8227195 ], [ 130.2594201, 31.8236675 ], [ 130.2592353, 31.8246083 ], [ 130.2591845, 31.8255924 ], [ 130.2592438, 31.8267141 ], [ 130.2593031, 31.8276766 ], [ 130.2596507, 31.8303252 ], [ 130.2600999, 31.8327278 ], [ 130.2604475, 31.8341752 ], [ 130.2609815, 31.8363172 ], [ 130.2615411, 31.8381988 ], [ 130.2616937, 31.838879 ], [ 130.2617191, 31.8401382 ], [ 130.2615191, 31.8411079 ], [ 130.2612478, 31.8418243 ], [ 130.2609172, 31.8424973 ], [ 130.2605188, 31.8431559 ], [ 130.2598745, 31.8440243 ], [ 130.2591878, 31.8448131 ], [ 130.2583485, 31.8456164 ], [ 130.257321, 31.8464558 ], [ 130.2566767, 31.8469262 ], [ 130.2550484, 31.8478496 ], [ 130.2542429, 31.8481825 ], [ 130.2535817, 31.8484358 ], [ 130.2526491, 31.8488193 ], [ 130.2523015, 31.8488989 ], [ 130.2519488, 31.8488844 ], [ 130.2515503, 31.8486963 ], [ 130.2511773, 31.848595 ], [ 130.2506177, 31.848718 ], [ 130.2502193, 31.8488121 ], [ 130.2499056, 31.8487035 ], [ 130.2497275, 31.8485371 ], [ 130.2495749, 31.8483489 ], [ 130.2495326, 31.8480884 ] ] } },
{ "type": "Feature", "properties": { "N12_001": "46", "N12_002": 1, "N12_003": 3, "N12_004": "一般国道3号", "N12_005": 24, "N12_006": 5 }, "geometry": { "type": "LineString", "coordinates": [ [ 130.411111, 31.619442 ], [ 130.4110696, 31.6203445 ], [ 130.4109935, 31.6213323 ], [ 130.4108793, 31.6221248 ], [ 130.4105495, 31.6230583 ], [ 130.4101308, 31.6239485 ], [ 130.4098644, 31.6243719 ] ] } },
{ "type": "Feature", "properties": { "N12_001": "46", "N12_002": 2, "N12_003": 9, "N12_004": "-", "N12_005": 60, "N12_006": 1 }, "geometry": { "type": "LineString", "coordinates": [ [ 130.7192261, 31.9519415 ], [ 130.7204399, 31.9522666 ] ] } },
{ "type": "Feature", "properties": { "N12_001": "46", "N12_002": 2, "N12_003": 9, "N12_004": "-", "N12_005": 61, "N12_006": 1 }, "geometry": { "type": "LineString", "coordinates": [ [ 130.6056361, 31.7086331 ], [ 130.6058329, 31.7091688 ], [ 130.6056492, 31.7108876 ], [ 130.6057357, 31.711211 ], [ 130.6062329, 31.7118209 ], [ 130.6063518, 31.7120427 ] ] } },
{ "type": "Feature", "properties": { "N12_001": "46", "N12_002": 2, "N12_003": 9, "N12_004": "-", "N12_005": 62, "N12_006": 1 }, "geometry": { "type": "LineString", "coordinates": [ [ 131.1009174, 31.4754339 ], [ 131.1001295, 31.4772038 ], [ 131.1002288, 31.4772667 ] ] } },
{ "type": "Feature", "properties": { "N12_001": "46", "N12_002": 2, "N12_003": 9, "N12_004": "-", "N12_005": 63, "N12_006": 1 }, "geometry": { "type": "LineString", "coordinates": [ [ 130.7659603, 31.7387666 ], [ 130.7651358, 31.7393238 ], [ 130.7639341, 31.7398789 ], [ 130.7620828, 31.7407782 ] ] } },
{ "type": "Feature", "properties": { "N12_001": "46", "N12_002": 2, "N12_003": 9, "N12_004": "-", "N12_005": 64, "N12_006": 1 }, "geometry": { "type": "LineString", "coordinates": [ [ 130.7528354, 31.7171274 ], [ 130.7545413, 31.7231945 ] ] } },
{ "type": "Feature", "properties": { "N12_001": "46", "N12_002": 2, "N12_003": 9, "N12_004": "-", "N12_005": 65, "N12_006": 1 }, "geometry": { "type": "LineString", "coordinates": [ [ 130.5505847, 31.5610797 ], [ 130.5516812, 31.5602432 ], [ 130.5549965, 31.5604098 ], [ 130.5568898, 31.56058 ] ] } },
{ "type": "Feature", "properties": { "N12_001": "46", "N12_002": 2, "N12_003": 9, "N12_004": "-", "N12_005": 66, "N12_006": 1 }, "geometry": { "type": "LineString", "coordinates": [ [ 130.5617935, 31.5712338 ], [ 130.5598741, 31.5711893 ], [ 130.5593986, 31.5712782 ] ] } },
{ "type": "Feature", "properties": { "N12_001": "46", "N12_002": 2, "N12_003": 9, "N12_004": "-", "N12_005": 67, "N12_006": 1 }, "geometry": { "type": "LineString", "coordinates": [ [ 130.5386792, 31.5414013 ], [ 130.5365676, 31.5426602 ], [ 130.5362219, 31.5430155 ], [ 130.53433, 31.5455241 ], [ 130.5341149, 31.5453333 ], [ 130.5340303, 31.5451096 ], [ 130.5340841, 31.5449451 ], [ 130.5341763, 31.5447279 ], [ 130.534184, 31.5445305 ], [ 130.5340688, 31.5443595 ], [ 130.5337691, 31.5442147 ], [ 130.5321556, 31.5435699 ], [ 130.5318637, 31.5435304 ], [ 130.531564, 31.5435699 ], [ 130.5313566, 31.5436949 ], [ 130.530957, 31.5442937 ], [ 130.5307419, 31.5444253 ], [ 130.5296816, 31.544774 ], [ 130.5285522, 31.5458136 ], [ 130.5283524, 31.545932 ] ] } },
{ "type": "Feature", "properties": { "N12_001": "46", "N12_002": 2, "N12_003": 9, "N12_004": "-", "N12_005": 68, "N12_006": 1 }, "geometry": { "type": "LineString", "coordinates": [ [ 130.3061544, 31.7969054 ], [ 130.3053707, 31.7976786 ], [ 130.3048977, 31.7979672 ], [ 130.3044383, 31.798071 ], [ 130.3038977, 31.7980941 ], [ 130.3034113, 31.7979672 ], [ 130.3030059, 31.7977248 ], [ 130.3018438, 31.796663 ], [ 130.3015059, 31.7964322 ], [ 130.3011141, 31.7964207 ], [ 130.3002762, 31.7966977 ], [ 130.2987763, 31.7981403 ], [ 130.2983574, 31.7984172 ], [ 130.2979925, 31.7985327 ], [ 130.2975331, 31.7984865 ], [ 130.2966007, 31.7980826 ], [ 130.2961142, 31.7980479 ], [ 130.2958305, 31.7981056 ], [ 130.2955062, 31.7982326 ], [ 130.293013, 31.7995252 ], [ 130.2927427, 31.799554 ], [ 130.2924994, 31.7995136 ], [ 130.2923981, 31.8000272 ], [ 130.2924657, 31.8002753 ], [ 130.2927292, 31.8007947 ], [ 130.2929892, 31.8018478 ], [ 130.2931649, 31.8020786 ], [ 130.2936514, 31.8022517 ], [ 130.2941514, 31.8022171 ], [ 130.2946784, 31.8021594 ], [ 130.2951109, 31.802344 ], [ 130.2955433, 31.8028749 ], [ 130.2965434, 31.8031981 ], [ 130.2967866, 31.8034289 ], [ 130.2970434, 31.8041906 ], [ 130.2970704, 31.8045483 ], [ 130.2968272, 31.8050331 ], [ 130.2959352, 31.8062333 ], [ 130.295719, 31.8069604 ], [ 130.2957325, 31.807272 ], [ 130.2960163, 31.8074682 ], [ 130.2965095, 31.8076817 ], [ 130.2976583, 31.8087204 ], [ 130.2979083, 31.8090435 ], [ 130.298084, 31.8091647 ], [ 130.2983408, 31.8092166 ], [ 130.2987395, 31.8091474 ], [ 130.2997868, 31.8089397 ], [ 130.3003342, 31.808905 ], [ 130.3007126, 31.8087435 ], [ 130.3009153, 31.8086511 ], [ 130.3013546, 31.8085473 ], [ 130.3019019, 31.8081953 ] ] } },
{ "type": "Feature", "properties": { "N12_001": "46", "N12_002": 2, "N12_003": 7, "N12_004": "市道大田尾線", "N12_005": 69, "N12_006": 1 }, "geometry": { "type": "LineString", "coordinates": [ [ 131.0327378, 31.5754528 ], [ 131.0330669, 31.5748071 ], [ 131.0331244, 31.574638 ], [ 131.0329346, 31.5742876 ], [ 131.0329227, 31.5737879 ], [ 131.0329888, 31.5736208 ], [ 131.0332921, 31.5731603 ], [ 131.0334064, 31.5729569 ], [ 131.0333957, 31.5727428 ], [ 131.0332565, 31.5725893 ], [ 131.0329227, 31.5724078 ], [ 131.0327675, 31.5722002 ], [ 131.0326033, 31.5717933 ], [ 131.0323891, 31.5713686 ], [ 131.0323142, 31.571051 ], [ 131.0323106, 31.5707726 ], [ 131.0323755, 31.5704805 ] ] } },
{ "type": "Feature", "properties": { "N12_001": "46", "N12_002": 1, "N12_003": 3, "N12_004": "一般国道3号", "N12_005": 24, "N12_006": 6 }, "geometry": { "type": "LineString", "coordinates": [ [ 130.2943053, 31.7744142 ], [ 130.2974991, 31.7754714 ], [ 130.3, 31.7763038 ] ] } },
{ "type": "Feature", "properties": { "N12_001": "46", "N12_002": 1, "N12_003": 6, "N12_004": "鹿児島県道・宮崎県道飯野松山都城線", "N12_005": 70, "N12_006": 1 }, "geometry": { "type": "LineString", "coordinates": [ [ 131.0490844, 31.5798966 ], [ 131.0498504, 31.5796691 ], [ 131.050682, 31.5795798 ], [ 131.0512274, 31.5793296 ], [ 131.051585, 31.5788828 ] ] } },
{ "type": "Feature", "properties": { "N12_001": "46", "N12_002": 1, "N12_003": 6, "N12_004": "鹿児島県道・宮崎県道飯野松山都城線", "N12_005": 70, "N12_006": 2 }, "geometry": { "type": "LineString", "coordinates": [ [ 131.0427863, 31.5466713 ], [ 131.0429145, 31.5473392 ], [ 131.0429093, 31.5479746 ], [ 131.0429469, 31.5485386 ], [ 131.0429218, 31.5493407 ], [ 131.0428779, 31.55003 ], [ 131.0427525, 31.5507694 ], [ 131.0425016, 31.551559 ], [ 131.0422006, 31.5523485 ], [ 131.0419185, 31.5529376 ], [ 131.0413415, 31.5539653 ], [ 131.0405639, 31.5551935 ], [ 131.040125, 31.5560081 ], [ 131.0397299, 31.5568353 ], [ 131.039454, 31.5575998 ], [ 131.0392784, 31.5583518 ], [ 131.0392031, 31.5590661 ], [ 131.0392031, 31.5600061 ], [ 131.0392345, 31.560733 ], [ 131.039385, 31.5615602 ], [ 131.0396358, 31.562425 ], [ 131.0399619, 31.5632145 ], [ 131.0403758, 31.563954 ], [ 131.0410468, 31.5649566 ], [ 131.0416739, 31.5657837 ], [ 131.0424766, 31.5668992 ], [ 131.0440004, 31.568917 ], [ 131.044778, 31.5700825 ], [ 131.045518, 31.5712105 ], [ 131.0461764, 31.5723134 ], [ 131.0467157, 31.5733411 ], [ 131.0471421, 31.5742058 ], [ 131.0475686, 31.5750581 ], [ 131.0482145, 31.5764868 ], [ 131.0485531, 31.577314 ], [ 131.0487914, 31.5780534 ], [ 131.0489695, 31.5790274 ], [ 131.0490844, 31.5798966 ], [ 131.0491564, 31.5808904 ], [ 131.0491482, 31.5814183 ], [ 131.049033, 31.582425 ], [ 131.0487699, 31.5836077 ], [ 131.0485972, 31.5842694 ], [ 131.048186, 31.5857055 ], [ 131.0480298, 31.586508 ], [ 131.0479886, 31.5871416 ], [ 131.0480298, 31.5889367 ], [ 131.0480298, 31.5900068 ], [ 131.0478982, 31.5914781 ], [ 131.0478242, 31.5919497 ], [ 131.0475692, 31.5928578 ], [ 131.0469113, 31.5952865 ], [ 131.0467879, 31.5956878 ], [ 131.046352, 31.5974829 ], [ 131.0460806, 31.5985389 ], [ 131.0453403, 31.6013336 ], [ 131.0446001, 31.6041284 ], [ 131.0444438, 31.6051139 ], [ 131.0443615, 31.6060925 ], [ 131.0443533, 31.6069654 ], [ 131.0445507, 31.607965 ], [ 131.044888, 31.6088098 ], [ 131.0453733, 31.6097601 ], [ 131.0462946, 31.611689 ], [ 131.0465743, 31.612569 ], [ 131.0471042, 31.6153899 ], [ 131.0465129, 31.618209 ], [ 131.0443851, 31.6217174 ], [ 131.0439959, 31.6225094 ], [ 131.0438402, 31.6233531 ], [ 131.0438921, 31.6241673 ], [ 131.0441689, 31.6249963 ], [ 131.0448263, 31.6258697 ], [ 131.0474732, 31.6279422 ], [ 131.0490951, 31.6293448 ], [ 131.0511194, 31.6314543 ], [ 131.0520277, 31.6327866 ], [ 131.0523564, 31.6334971 ], [ 131.0524429, 31.6346222 ], [ 131.052218, 31.6354511 ], [ 131.0510241, 31.638323 ], [ 131.0507127, 31.6394776 ], [ 131.0506684, 31.6402919 ] ] } },
{ "type": "Feature", "properties": { "N12_001": "46", "N12_002": 1, "N12_003": 3, "N12_004": "一般国道3号", "N12_005": 24, "N12_006": 7 }, "geometry": { "type": "LineString", "coordinates": [ [ 130.2911048, 31.7254091 ], [ 130.2905842, 31.7251574 ], [ 130.2900469, 31.7249001 ], [ 130.2895934, 31.7246204 ], [ 130.289308, 31.7243743 ], [ 130.2892296, 31.7240554 ], [ 130.2892184, 31.7236359 ], [ 130.289308, 31.722987 ], [ 130.2893891, 31.7223214 ], [ 130.2894059, 31.7218515 ] ] } },
{ "type": "Feature", "properties": { "N12_001": "46", "N12_002": 1, "N12_003": 7, "N12_004": "市道日之出線", "N12_005": 71, "N12_006": 1 }, "geometry": { "type": "LineString", "coordinates": [ [ 130.5336462, 31.5383981 ], [ 130.5348601, 31.536536 ] ] } },
{ "type": "Feature", "properties": { "N12_001": "46", "N12_002": 1, "N12_003": 7, "N12_004": "市道東開5号線", "N12_005": 72, "N12_006": 1 }, "geometry": { "type": "LineString", "coordinates": [ [ 130.5324696, 31.5340784 ], [ 130.5347435, 31.5326659 ] ] } },
{ "type": "Feature", "properties": { "N12_001": "46", "N12_002": 2, "N12_003": 3, "N12_004": "一般国道269号", "N12_005": 15, "N12_006": 3 }, "geometry": { "type": "LineString", "coordinates": [ [ 130.8312254, 31.382601 ], [ 130.8321943, 31.3828393 ], [ 130.8322925, 31.3828639 ], [ 130.83246, 31.3829081 ], [ 130.8327406, 31.382975 ], [ 130.8329114, 31.3830089 ], [ 130.8329508, 31.3830258 ], [ 130.8332792, 31.3831047 ], [ 130.8333514, 31.3831103 ], [ 130.8341069, 31.3832905 ], [ 130.834694, 31.3834553 ] ] } },
{ "type": "Feature", "properties": { "N12_001": "46", "N12_002": 2, "N12_003": 6, "N12_004": "鹿児島県道鹿屋環状線", "N12_005": 73, "N12_006": 1 }, "geometry": { "type": "LineString", "coordinates": [ [ 130.8246032, 31.3808534 ], [ 130.8242495, 31.3822969 ], [ 130.8240467, 31.3852022 ], [ 130.8238051, 31.3857204 ], [ 130.8233046, 31.3861941 ], [ 130.8214236, 31.3875858 ], [ 130.8193182, 31.3893919 ] ] } },
{ "type": "Feature", "properties": { "N12_001": "46", "N12_002": 1, "N12_003": 1, "N12_004": "九州縦貫自動車道鹿児島線", "N12_005": 74, "N12_006": 1 }, "geometry": { "type": "LineString", "coordinates": [ [ 130.58874, 31.728701 ], [ 130.588729, 31.7282783 ], [ 130.588729, 31.7278904 ], [ 130.5886926, 31.7275328 ], [ 130.5886502, 31.7272661 ], [ 130.5885956, 31.7270479 ], [ 130.5884682, 31.7268176 ], [ 130.5881599, 31.7263598 ] ] } },
{ "type": "Feature", "properties": { "N12_001": "46", "N12_002": 1, "N12_003": 1, "N12_004": "九州縦貫自動車道鹿児島線", "N12_005": 74, "N12_006": 2 }, "geometry": { "type": "LineString", "coordinates": [ [ 130.717667, 31.789711 ], [ 130.7181542, 31.7898708 ], [ 130.7184332, 31.7900284 ], [ 130.7188335, 31.7902951 ], [ 130.7190943, 31.7905618 ], [ 130.7195613, 31.7910406 ], [ 130.7200405, 31.7914709 ], [ 130.7205197, 31.7918103 ], [ 130.72092, 31.7921922 ], [ 130.7213749, 31.7926165 ], [ 130.7214918, 31.792731 ] ] } },
{ "type": "Feature", "properties": { "N12_001": "46", "N12_002": 1, "N12_003": 1, "N12_004": "九州縦貫自動車道鹿児島線", "N12_005": 74, "N12_006": 3 }, "geometry": { "type": "LineString", "coordinates": [ [ 130.720656, 31.944414 ], [ 130.7204469, 31.9449128 ], [ 130.7202892, 31.9452341 ], [ 130.7200648, 31.945525 ], [ 130.7197918, 31.9458402 ], [ 130.7193733, 31.9462281 ], [ 130.7187668, 31.9467917 ], [ 130.7181239, 31.9473918 ], [ 130.7177842, 31.9477252 ], [ 130.7174627, 31.9480282 ], [ 130.7172262, 31.9482706 ], [ 130.7170321, 31.948604 ], [ 130.7168077, 31.9490889 ], [ 130.7167054, 31.9493573 ] ] } },
{ "type": "Feature", "properties": { "N12_001": "46", "N12_002": 1, "N12_003": 1, "N12_004": "九州縦貫自動車道鹿児島線", "N12_005": 74, "N12_006": 4 }, "geometry": { "type": "LineString", "coordinates": [ [ 130.771712, 32.019029 ], [ 130.771323, 32.018729 ], [ 130.770525, 32.018168 ], [ 130.769676, 32.017655 ], [ 130.768826, 32.017166 ], [ 130.768165, 32.016868 ], [ 130.767766, 32.016695 ], [ 130.767222, 32.016481 ], [ 130.766583, 32.016248 ], [ 130.765697, 32.015956 ], [ 130.764688, 32.01564 ], [ 130.763679, 32.015347 ], [ 130.762575, 32.014996 ], [ 130.761799, 32.014703 ], [ 130.760957, 32.014328 ], [ 130.760499, 32.014137 ], [ 130.760035, 32.013856 ], [ 130.759519, 32.013511 ], [ 130.759076, 32.013165 ], [ 130.758466, 32.012634 ], [ 130.75806, 32.012216 ], [ 130.757545, 32.011644 ], [ 130.757145, 32.011089 ], [ 130.756819, 32.010576 ], [ 130.756652, 32.010266 ], [ 130.756419, 32.009789 ], [ 130.756187, 32.009258 ], [ 130.755984, 32.008745 ], [ 130.755831, 32.008155 ], [ 130.755715, 32.007386 ], [ 130.755686, 32.006718 ], [ 130.755701, 32.005883 ], [ 130.755817, 32.004958 ], [ 130.755918, 32.004362 ], [ 130.756027, 32.003867 ], [ 130.756223, 32.003408 ], [ 130.756535, 32.002877 ], [ 130.757044, 32.001959 ], [ 130.757363, 32.00135 ], [ 130.757661, 32.000778 ], [ 130.757995, 32.000098 ], [ 130.75822, 31.999597 ], [ 130.758416, 31.999114 ], [ 130.758597, 31.998595 ], [ 130.758764, 31.997897 ], [ 130.758917, 31.99711 ], [ 130.758967, 31.996561 ], [ 130.759023, 31.996015 ], [ 130.759006, 31.995484 ], [ 130.758972, 31.994905 ], [ 130.75887, 31.994229 ], [ 130.758777, 31.993677 ], [ 130.758641, 31.993119 ], [ 130.758403, 31.992387 ], [ 130.75814, 31.99187 ], [ 130.757809, 31.991201 ], [ 130.757418, 31.990524 ], [ 130.757197, 31.990175 ], [ 130.756645, 31.989401 ], [ 130.756051, 31.988647 ], [ 130.755371, 31.987754 ], [ 130.754632, 31.98698 ], [ 130.754063, 31.986373 ], [ 130.753341, 31.985633 ], [ 130.752857, 31.985152 ], [ 130.752645, 31.984915 ], [ 130.752093, 31.984259 ], [ 130.751677, 31.98368 ], [ 130.751201, 31.982961 ], [ 130.750963, 31.982515 ], [ 130.750641, 31.981824 ], [ 130.750361, 31.981217 ], [ 130.750131, 31.980498 ], [ 130.749758, 31.979194 ], [ 130.749494, 31.978119 ], [ 130.749044, 31.976403 ], [ 130.748569, 31.974449 ], [ 130.748237, 31.973117 ], [ 130.747991, 31.972182 ], [ 130.747541, 31.97048 ], [ 130.747133, 31.968882 ], [ 130.746709, 31.967249 ], [ 130.746352, 31.965819 ], [ 130.746225, 31.965352 ], [ 130.745995, 31.964668 ], [ 130.745562, 31.963768 ], [ 130.745163, 31.963056 ], [ 130.744619, 31.962261 ], [ 130.744059, 31.961577 ], [ 130.743473, 31.960879 ], [ 130.742836, 31.960175 ], [ 130.742114, 31.959519 ], [ 130.741341, 31.958891 ], [ 130.740585, 31.958354 ], [ 130.739753, 31.957831 ], [ 130.738921, 31.957321 ], [ 130.738063, 31.956812 ], [ 130.737265, 31.956282 ], [ 130.736882, 31.956017 ], [ 130.7365, 31.955689 ], [ 130.735914, 31.955075 ], [ 130.735456, 31.954433 ], [ 130.735099, 31.953951 ], [ 130.734836, 31.95347 ], [ 130.734445, 31.952689 ], [ 130.734114, 31.951865 ], [ 130.733723, 31.951 ], [ 130.733477, 31.950519 ], [ 130.733256, 31.950205 ], [ 130.732891, 31.94964 ], [ 130.732526, 31.949186 ], [ 130.732127, 31.948768 ], [ 130.731659, 31.948363 ], [ 130.731303, 31.948091 ], [ 130.730547, 31.94763 ], [ 130.729664, 31.947184 ], [ 130.728755, 31.946828 ], [ 130.728092, 31.946584 ], [ 130.727591, 31.94641 ], [ 130.726819, 31.946165 ], [ 130.725765, 31.945886 ], [ 130.724746, 31.945593 ], [ 130.723855, 31.945349 ], [ 130.722937, 31.945098 ], [ 130.721816, 31.944763 ], [ 130.720656, 31.944414 ], [ 130.719837, 31.944112 ], [ 130.718943, 31.943786 ], [ 130.71805, 31.943403 ], [ 130.717188, 31.942982 ], [ 130.716318, 31.942529 ], [ 130.71544, 31.942076 ], [ 130.714601, 31.941585 ], [ 130.713723, 31.941061 ], [ 130.713133, 31.940679 ], [ 130.712605, 31.940296 ], [ 130.7121, 31.939875 ], [ 130.711385, 31.939243 ], [ 130.710725, 31.938649 ], [ 130.709979, 31.937935 ], [ 130.709381, 31.937233 ], [ 130.708806, 31.936505 ], [ 130.70827, 31.935803 ], [ 130.707727, 31.935025 ], [ 130.707229, 31.934214 ], [ 130.706787, 31.933461 ], [ 130.706375, 31.932696 ], [ 130.705994, 31.931879 ], [ 130.705629, 31.931005 ], [ 130.705319, 31.930181 ], [ 130.705039, 31.929358 ], [ 130.70472, 31.928548 ], [ 130.704472, 31.927801 ], [ 130.704324, 31.927361 ], [ 130.704153, 31.926831 ], [ 130.70392, 31.925963 ], [ 130.703711, 31.925102 ], [ 130.703516, 31.924247 ], [ 130.703361, 31.92336 ], [ 130.703237, 31.922486 ], [ 130.703128, 31.921567 ], [ 130.703058, 31.920731 ], [ 130.702996, 31.919703 ], [ 130.703004, 31.91851 ], [ 130.702996, 31.916966 ], [ 130.703074, 31.915862 ], [ 130.703076, 31.915846 ], [ 130.703144, 31.915294 ], [ 130.703307, 31.914719 ], [ 130.703602, 31.913947 ], [ 130.704029, 31.913067 ], [ 130.704472, 31.912167 ], [ 130.704907, 31.911363 ], [ 130.705412, 31.910463 ], [ 130.706134, 31.9092 ], [ 130.70646, 31.908606 ], [ 130.706779, 31.907962 ], [ 130.707105, 31.907407 ], [ 130.70733, 31.906896 ], [ 130.70747, 31.906322 ], [ 130.707618, 31.905524 ], [ 130.707727, 31.904478 ], [ 130.707719, 31.903756 ], [ 130.7076418, 31.9028537 ], [ 130.70747, 31.90188 ], [ 130.707315, 31.901306 ], [ 130.706996, 31.900751 ], [ 130.706631, 31.899972 ], [ 130.706258, 31.899296 ], [ 130.705917, 31.898702 ], [ 130.705575, 31.898224 ], [ 130.705388, 31.897962 ], [ 130.705131, 31.897666 ], [ 130.70465, 31.897139 ], [ 130.704161, 31.89666 ], [ 130.703532, 31.896059 ], [ 130.702918, 31.895564 ], [ 130.702155, 31.89493 ], [ 130.701355, 31.894225 ], [ 130.70064, 31.893638 ], [ 130.699887, 31.892973 ], [ 130.699239, 31.892417 ], [ 130.698877, 31.892025 ], [ 130.698515, 31.891595 ], [ 130.697971, 31.890882 ], [ 130.69759, 31.89035 ], [ 130.6974, 31.889998 ], [ 130.69698, 31.889238 ], [ 130.696532, 31.888315 ], [ 130.69617, 31.887438 ], [ 130.695884, 31.88671 ], [ 130.695741, 31.886028 ], [ 130.695646, 31.885191 ], [ 130.695598, 31.884212 ], [ 130.69557, 31.883539 ], [ 130.695522, 31.882435 ], [ 130.695456, 31.881104 ], [ 130.695398, 31.879797 ], [ 130.695284, 31.878544 ], [ 130.69517, 31.877565 ], [ 130.695074, 31.876869 ], [ 130.694836, 31.87582 ], [ 130.694579, 31.874825 ], [ 130.694236, 31.873933 ], [ 130.694026, 31.873447 ], [ 130.693664, 31.872766 ], [ 130.693292, 31.87221 ], [ 130.692844, 31.871639 ], [ 130.692463, 31.871177 ], [ 130.691987, 31.870723 ], [ 130.691386, 31.870238 ], [ 130.690843, 31.869815 ], [ 130.68988, 31.869126 ], [ 130.68907, 31.868586 ], [ 130.688432, 31.868124 ], [ 130.688146, 31.86792 ], [ 130.687488, 31.867325 ], [ 130.686898, 31.866581 ], [ 130.686545, 31.865971 ], [ 130.686383, 31.865712 ], [ 130.686078, 31.864765 ], [ 130.685897, 31.864084 ], [ 130.685802, 31.863458 ], [ 130.685735, 31.862659 ], [ 130.685773, 31.861195 ], [ 130.685754, 31.86017 ], [ 130.685697, 31.859629 ], [ 130.685573, 31.85905 ], [ 130.685316, 31.858244 ], [ 130.68502, 31.857539 ], [ 130.684772, 31.857101 ], [ 130.684277, 31.856459 ], [ 130.683533, 31.855425 ], [ 130.683114, 31.854854 ], [ 130.682571, 31.853961 ], [ 130.682352, 31.853421 ], [ 130.682209, 31.852897 ], [ 130.682009, 31.852067 ], [ 130.681971, 31.851151 ], [ 130.682047, 31.850203 ], [ 130.682199, 31.849334 ], [ 130.682409, 31.8487 ], [ 130.682542, 31.848356 ], [ 130.682981, 31.847596 ], [ 130.683248, 31.847213 ], [ 130.68361, 31.846774 ], [ 130.684334, 31.846054 ], [ 130.685277, 31.845295 ], [ 130.686345, 31.844488 ], [ 130.687126, 31.843932 ], [ 130.687612, 31.84347 ], [ 130.687898, 31.843142 ], [ 130.688375, 31.842523 ], [ 130.688861, 31.841615 ], [ 130.689109, 31.841036 ], [ 130.689223, 31.840574 ], [ 130.689337, 31.839681 ], [ 130.68948, 31.838436 ], [ 130.689575, 31.837474 ], [ 130.689671, 31.836714 ], [ 130.689871, 31.836072 ], [ 130.690081, 31.835579 ], [ 130.690443, 31.834937 ], [ 130.691024, 31.834037 ], [ 130.691653, 31.833254 ], [ 130.692234, 31.832557 ], [ 130.692816, 31.831813 ], [ 130.693283, 31.831124 ], [ 130.693521, 31.830623 ], [ 130.693702, 31.830161 ], [ 130.693912, 31.829339 ], [ 130.694045, 31.828502 ], [ 130.694026, 31.827421 ], [ 130.693959, 31.826388 ], [ 130.693912, 31.825628 ], [ 130.693854, 31.824712 ], [ 130.693921, 31.824016 ], [ 130.6940919, 31.8233024 ], [ 130.694131, 31.823139 ], [ 130.694645, 31.822364 ], [ 130.695208, 31.821565 ], [ 130.695818, 31.8209 ], [ 130.696237, 31.82054 ], [ 130.696961, 31.820093 ], [ 130.698048, 31.819553 ], [ 130.699258, 31.819091 ], [ 130.700764, 31.818575 ], [ 130.702308, 31.818027 ], [ 130.70308, 31.817729 ], [ 130.703508, 31.81751 ], [ 130.704261, 31.817048 ], [ 130.705005, 31.816516 ], [ 130.705653, 31.815952 ], [ 130.706139, 31.815404 ], [ 130.7062811, 31.815215 ], [ 130.706596, 31.814684 ], [ 130.706892, 31.81412 ], [ 130.707111, 31.813564 ], [ 130.707349, 31.812852 ], [ 130.707606, 31.812037 ], [ 130.707721, 31.81138 ], [ 130.70774, 31.810918 ], [ 130.707787, 31.810174 ], [ 130.707911, 31.809274 ], [ 130.708073, 31.808405 ], [ 130.708321, 31.807489 ], [ 130.708626, 31.806675 ], [ 130.708855, 31.806252 ], [ 130.70916, 31.805641 ], [ 130.709617, 31.804952 ], [ 130.710122, 31.804248 ], [ 130.71119, 31.802784 ], [ 130.711666, 31.802102 ], [ 130.712238, 31.801273 ], [ 130.712829, 31.800505 ], [ 130.713353, 31.799793 ], [ 130.713839, 31.799034 ], [ 130.714287, 31.798305 ], [ 130.714763, 31.797468 ], [ 130.71524, 31.796614 ], [ 130.715659, 31.795722 ], [ 130.71604, 31.7949 ], [ 130.716345, 31.794164 ], [ 130.716555, 31.793561 ], [ 130.7166161, 31.7933989 ], [ 130.717012, 31.792348 ], [ 130.717317, 31.791471 ], [ 130.717537, 31.79057 ], [ 130.717667, 31.789711 ], [ 130.717813, 31.788919 ], [ 130.717918, 31.787995 ], [ 130.717984, 31.787063 ], [ 130.717984, 31.786225 ], [ 130.718004, 31.785145 ], [ 130.717984, 31.784417 ], [ 130.717927, 31.783642 ], [ 130.717842, 31.78271 ], [ 130.717699, 31.781841 ], [ 130.71747, 31.780894 ], [ 130.717251, 31.780017 ], [ 130.716993, 31.779015 ], [ 130.716755, 31.778334 ], [ 130.716441, 31.777457 ], [ 130.716126, 31.776619 ], [ 130.715793, 31.775805 ], [ 130.715411, 31.774967 ], [ 130.714925, 31.774161 ], [ 130.714439, 31.77337 ], [ 130.713925, 31.772556 ], [ 130.713534, 31.772016 ], [ 130.713124, 31.771562 ], [ 130.712676, 31.771123 ], [ 130.712124, 31.770583 ], [ 130.711428, 31.76991 ], [ 130.710665, 31.769276 ], [ 130.710056, 31.768845 ], [ 130.709541, 31.768516 ], [ 130.709064, 31.768258 ], [ 130.708426, 31.767992 ], [ 130.707482, 31.7676 ], [ 130.706339, 31.767193 ], [ 130.705414, 31.766865 ], [ 130.704433, 31.766528 ], [ 130.704147, 31.766403 ], [ 130.703527, 31.765996 ], [ 130.702651, 31.765432 ], [ 130.701822, 31.764884 ], [ 130.700945, 31.764375 ], [ 130.700097, 31.763897 ], [ 130.699306, 31.763482 ], [ 130.698353, 31.763068 ], [ 130.697495, 31.76277 ], [ 130.696923, 31.762574 ], [ 130.69638, 31.762433 ], [ 130.695332, 31.762245 ], [ 130.694855, 31.762183 ], [ 130.694471, 31.76214 ], [ 130.694293, 31.76212 ], [ 130.693511, 31.762073 ], [ 130.692292, 31.762034 ], [ 130.691243, 31.762003 ], [ 130.690214, 31.76194 ], [ 130.689614, 31.761885 ], [ 130.688994, 31.76176 ], [ 130.688146, 31.761541 ], [ 130.687155, 31.761212 ], [ 130.686221, 31.760899 ], [ 130.685821, 31.76075 ], [ 130.685287, 31.760515 ], [ 130.68441, 31.760006 ], [ 130.683638, 31.759529 ], [ 130.683105, 31.759177 ], [ 130.682685, 31.758848 ], [ 130.682123, 31.758323 ], [ 130.681437, 31.757556 ], [ 130.681084, 31.757149 ], [ 130.680741, 31.756624 ], [ 130.680436, 31.756045 ], [ 130.680141, 31.755278 ], [ 130.679893, 31.754448 ], [ 130.679626, 31.753587 ], [ 130.679455, 31.753031 ], [ 130.679274, 31.752177 ], [ 130.679054, 31.751379 ], [ 130.678826, 31.750557 ], [ 130.678711, 31.750291 ], [ 130.678435, 31.749837 ], [ 130.678139, 31.74943 ], [ 130.67773, 31.749007 ], [ 130.677034, 31.748435 ], [ 130.676586, 31.748114 ], [ 130.676052, 31.747817 ], [ 130.675538, 31.747582 ], [ 130.674975, 31.747363 ], [ 130.674299, 31.747214 ], [ 130.673575, 31.747065 ], [ 130.672888, 31.746963 ], [ 130.672164, 31.746909 ], [ 130.671211, 31.746869 ], [ 130.6706255, 31.7468907 ], [ 130.670591, 31.746892 ], [ 130.670039, 31.746877 ], [ 130.669095, 31.74694 ], [ 130.668381, 31.747057 ], [ 130.667618, 31.747253 ], [ 130.666649, 31.747553 ], [ 130.665789, 31.747825 ], [ 130.665045, 31.748114 ], [ 130.664378, 31.748474 ], [ 130.66353, 31.74896 ], [ 130.662548, 31.749477 ], [ 130.661633, 31.749978 ], [ 130.660747, 31.750408 ], [ 130.659918, 31.750792 ], [ 130.659403, 31.751027 ], [ 130.65866, 31.751207 ], [ 130.657907, 31.75134 ], [ 130.657202, 31.751395 ], [ 130.656592, 31.751402 ], [ 130.655572, 31.75134 ], [ 130.654677, 31.751183 ], [ 130.653781, 31.750941 ], [ 130.652847, 31.750565 ], [ 130.652065, 31.75015 ], [ 130.651589, 31.749868 ], [ 130.651103, 31.749523 ], [ 130.65054, 31.749085 ], [ 130.650169, 31.74885 ], [ 130.649473, 31.748427 ], [ 130.648539, 31.747895 ], [ 130.647643, 31.747511 ], [ 130.646843, 31.74723 ], [ 130.646138, 31.747018 ], [ 130.64549, 31.746846 ], [ 130.644822, 31.746705 ], [ 130.643688, 31.746642 ], [ 130.642688, 31.746635 ], [ 130.641525, 31.746642 ], [ 130.640553, 31.746635 ], [ 130.639562, 31.746619 ], [ 130.638904, 31.746564 ], [ 130.63839, 31.746486 ], [ 130.637475, 31.74622 ], [ 130.636855, 31.746032 ], [ 130.636569, 31.745922 ], [ 130.635721, 31.745429 ], [ 130.634892, 31.744857 ], [ 130.634158, 31.744255 ], [ 130.633539, 31.743519 ], [ 130.632605, 31.742235 ], [ 130.6320353, 31.7413084 ], [ 130.631681, 31.740732 ], [ 130.631271, 31.740074 ], [ 130.630794, 31.73933 ], [ 130.630232, 31.738422 ], [ 130.629813, 31.737725 ], [ 130.629222, 31.736723 ], [ 130.628898, 31.736261 ], [ 130.62805, 31.735369 ], [ 130.627163, 31.734453 ], [ 130.626134, 31.733427 ], [ 130.625229, 31.732644 ], [ 130.624428, 31.731979 ], [ 130.623523, 31.731259 ], [ 130.622637, 31.730562 ], [ 130.621893, 31.729998 ], [ 130.621312, 31.729638 ], [ 130.620549, 31.729192 ], [ 130.619654, 31.728675 ], [ 130.618729, 31.728237 ], [ 130.617786, 31.727775 ], [ 130.616842, 31.72743 ], [ 130.615975, 31.727078 ], [ 130.615375, 31.726867 ], [ 130.614517, 31.726624 ], [ 130.61365, 31.726397 ], [ 130.612954, 31.726232 ], [ 130.611944, 31.726037 ], [ 130.61142, 31.725935 ], [ 130.610829, 31.725857 ], [ 130.610095, 31.725802 ], [ 130.609314, 31.725755 ], [ 130.608551, 31.725739 ], [ 130.607855, 31.725778 ], [ 130.606788, 31.725943 ], [ 130.605492, 31.726225 ], [ 130.604434, 31.726561 ], [ 130.603739, 31.726765 ], [ 130.603071, 31.726953 ], [ 130.602195, 31.727109 ], [ 130.601385, 31.727148 ], [ 130.60026, 31.727133 ], [ 130.599145, 31.727094 ], [ 130.597858, 31.727086 ], [ 130.596763, 31.727141 ], [ 130.595676, 31.727211 ], [ 130.594628, 31.727336 ], [ 130.59357, 31.727509 ], [ 130.592693, 31.727689 ], [ 130.591664, 31.727986 ], [ 130.590902, 31.728205 ], [ 130.590187, 31.728417 ], [ 130.589529, 31.728558 ], [ 130.58874, 31.728701 ], [ 130.587709, 31.728832 ], [ 130.586794, 31.728941 ], [ 130.58647, 31.728973 ], [ 130.586003, 31.72902 ], [ 130.584812, 31.728996 ], [ 130.5840214, 31.728968 ], [ 130.583487, 31.728949 ], [ 130.583081, 31.728921 ], [ 130.582353, 31.728871 ], [ 130.580723, 31.728699 ], [ 130.579351, 31.728479 ], [ 130.578065, 31.728221 ], [ 130.577445, 31.728057 ], [ 130.576778, 31.72783 ], [ 130.576168, 31.727509 ], [ 130.575739, 31.727235 ], [ 130.575387, 31.726921 ], [ 130.575063, 31.726569 ], [ 130.574805, 31.726185 ], [ 130.574548, 31.725786 ], [ 130.574157, 31.725285 ], [ 130.573719, 31.724815 ], [ 130.573558, 31.724693 ], [ 130.573347, 31.724534 ], [ 130.5731315, 31.7244435 ], [ 130.572823, 31.724314 ], [ 130.57227, 31.724142 ], [ 130.571689, 31.724064 ], [ 130.571174, 31.724009 ], [ 130.570498, 31.723962 ], [ 130.569983, 31.723845 ], [ 130.569287, 31.723649 ], [ 130.568725, 31.723438 ], [ 130.567972, 31.723234 ], [ 130.567315, 31.72314 ], [ 130.566676, 31.723101 ], [ 130.565904, 31.723132 ], [ 130.564961, 31.723101 ], [ 130.564379, 31.722999 ], [ 130.563731, 31.722835 ], [ 130.563303, 31.722608 ], [ 130.562788, 31.72224 ], [ 130.562483, 31.721942 ], [ 130.56213, 31.721543 ], [ 130.561825, 31.721097 ], [ 130.561597, 31.720744 ], [ 130.561387, 31.720369 ], [ 130.561216, 31.719875 ], [ 130.561092, 31.71939 ], [ 130.561034, 31.718975 ], [ 130.560987, 31.718591 ], [ 130.561015, 31.718114 ], [ 130.561073, 31.717558 ], [ 130.561196, 31.716963 ], [ 130.561333, 31.7164865 ], [ 130.561349, 31.716431 ], [ 130.561654, 31.715726 ], [ 130.561902, 31.715202 ], [ 130.562188, 31.714732 ], [ 130.56235, 31.714387 ], [ 130.562493, 31.713902 ], [ 130.562655, 31.713205 ], [ 130.562655, 31.712728 ], [ 130.56255, 31.712211 ], [ 130.562378, 31.71178 ], [ 130.562178, 31.711373 ], [ 130.561916, 31.71099 ], [ 130.561181, 31.709946 ], [ 130.560862, 31.709516 ], [ 130.560454, 31.70898 ], [ 130.560182, 31.708522 ], [ 130.559964, 31.708075 ], [ 130.559679, 31.707388 ], [ 130.559536, 31.706974 ], [ 130.55942, 31.706511 ], [ 130.559352, 31.706081 ], [ 130.559339, 31.705517 ], [ 130.5594, 31.705154 ], [ 130.559488, 31.70474 ], [ 130.559652, 31.704249 ], [ 130.559917, 31.703679 ], [ 130.560162, 31.703238 ], [ 130.560386, 31.702858 ], [ 130.560746, 31.702328 ], [ 130.560984, 31.70197 ], [ 130.561338, 31.701294 ], [ 130.561596, 31.700719 ], [ 130.561718, 31.700351 ], [ 130.561854, 31.699948 ], [ 130.561902, 31.69953 ], [ 130.561882, 31.699116 ], [ 130.561793, 31.698602 ], [ 130.561582, 31.69777 ], [ 130.561419, 31.697033 ], [ 130.561324, 31.696653 ], [ 130.561317, 31.696179 ], [ 130.561385, 31.695246 ], [ 130.56144, 31.694833 ], [ 130.561535, 31.694458 ], [ 130.561671, 31.694045 ], [ 130.561895, 31.693542 ], [ 130.562079, 31.693146 ], [ 130.562466, 31.692336 ], [ 130.562813, 31.69156 ], [ 130.563092, 31.690906 ], [ 130.563214, 31.690532 ], [ 130.563289, 31.690135 ], [ 130.563309, 31.689672 ], [ 130.563316, 31.688706 ], [ 130.563377, 31.68784 ], [ 130.563479, 31.686918 ], [ 130.563704, 31.686075 ], [ 130.563914, 31.685466 ], [ 130.564071, 31.685165 ], [ 130.564485, 31.684584 ], [ 130.564662, 31.684277 ], [ 130.564859, 31.683847 ], [ 130.564948, 31.68345 ], [ 130.564982, 31.683048 ], [ 130.564934, 31.682439 ], [ 130.564866, 31.682132 ], [ 130.56471, 31.681624 ], [ 130.56454, 31.680959 ], [ 130.564472, 31.680518 ], [ 130.564431, 31.679937 ], [ 130.564506, 31.679373 ], [ 130.564608, 31.678982 ], [ 130.564825, 31.678323 ], [ 130.565063, 31.677647 ], [ 130.565696, 31.676245 ], [ 130.565818, 31.675905 ], [ 130.5659, 31.675491 ], [ 130.56592, 31.675067 ], [ 130.565859, 31.674486 ], [ 130.565716, 31.674011 ], [ 130.565485, 31.67347 ], [ 130.565104, 31.672866 ], [ 130.564887, 31.672515 ], [ 130.564662, 31.672196 ], [ 130.564458, 31.671954 ], [ 130.564064, 31.671522 ], [ 130.563444, 31.670847 ], [ 130.5632101, 31.6705908 ], [ 130.562699, 31.670031 ], [ 130.562078, 31.669323 ], [ 130.561774, 31.668955 ], [ 130.561388, 31.668411 ], [ 130.560919, 31.667589 ], [ 130.560478, 31.666745 ], [ 130.560133, 31.666122 ], [ 130.55985, 31.665702 ], [ 130.559395, 31.66496 ], [ 130.559077, 31.664518 ], [ 130.558746, 31.664121 ], [ 130.558139, 31.663555 ], [ 130.557629, 31.663243 ], [ 130.557181, 31.662983 ], [ 130.556491, 31.662665 ], [ 130.556181, 31.662524 ], [ 130.555429, 31.662116 ], [ 130.554842, 31.661679 ], [ 130.554567, 31.661373 ], [ 130.554242, 31.661022 ], [ 130.553849, 31.660557 ], [ 130.55356, 31.660212 ], [ 130.553256, 31.659696 ], [ 130.552366, 31.657843 ], [ 130.552235, 31.657486 ], [ 130.552063, 31.656886 ], [ 130.551918, 31.656404 ], [ 130.551828, 31.655945 ], [ 130.551773, 31.655469 ], [ 130.551752, 31.654381 ], [ 130.551773, 31.653254 ], [ 130.551828, 31.652285 ], [ 130.551773, 31.651809 ], [ 130.551677, 31.651412 ], [ 130.551532, 31.651044 ], [ 130.551297, 31.650681 ], [ 130.550973, 31.650262 ], [ 130.550607, 31.649928 ], [ 130.550235, 31.649661 ], [ 130.549752, 31.649338 ], [ 130.549, 31.648868 ], [ 130.54829, 31.648488 ], [ 130.547573, 31.648216 ], [ 130.546855, 31.648012 ], [ 130.54611, 31.647842 ], [ 130.545338, 31.647661 ], [ 130.544558, 31.647514 ], [ 130.54382, 31.64731 ], [ 130.543441, 31.6471 ], [ 130.543013, 31.646794 ], [ 130.542724, 31.646516 ], [ 130.542462, 31.646154 ], [ 130.542255, 31.645831 ], [ 130.542151, 31.645525 ], [ 130.542055, 31.645134 ], [ 130.54202, 31.644125 ], [ 130.542055, 31.643173 ], [ 130.542096, 31.642318 ], [ 130.542131, 31.641853 ], [ 130.542165, 31.641417 ], [ 130.542103, 31.640799 ], [ 130.541993, 31.640369 ], [ 130.541737, 31.639802 ], [ 130.541448, 31.639145 ], [ 130.541268, 31.63885 ], [ 130.541006, 31.638499 ], [ 130.540579, 31.638034 ], [ 130.540199, 31.637705 ], [ 130.539889, 31.637462 ], [ 130.539468, 31.637207 ], [ 130.538765, 31.636861 ], [ 130.538109, 31.636561 ], [ 130.537399, 31.636227 ], [ 130.53673, 31.635904 ], [ 130.535957, 31.635479 ], [ 130.53544, 31.635156 ], [ 130.534847, 31.634759 ], [ 130.534509, 31.634549 ], [ 130.534116, 31.634187 ], [ 130.533723, 31.633733 ], [ 130.53306, 31.632832 ], [ 130.532674, 31.632187 ], [ 130.53224, 31.631461 ], [ 130.531784, 31.630606 ], [ 130.53126, 31.629631 ], [ 130.530784, 31.628798 ], [ 130.530405, 31.628141 ], [ 130.529998, 31.627421 ], [ 130.529708, 31.627002 ], [ 130.529191, 31.626305 ], [ 130.52886, 31.625903 ], [ 130.528508, 31.625551 ], [ 130.527963, 31.625041 ], [ 130.527554, 31.624658 ], [ 130.527035, 31.624187 ], [ 130.5265606, 31.6237642 ], [ 130.5264367, 31.6236538 ], [ 130.526392, 31.623614 ], [ 130.52601, 31.623209 ], [ 130.525644, 31.622758 ], [ 130.525356, 31.622353 ], [ 130.525035, 31.621934 ], [ 130.524741, 31.62147 ], [ 130.524498, 31.621029 ], [ 130.524237, 31.620528 ], [ 130.523994, 31.620087 ], [ 130.523722, 31.619595 ], [ 130.523473, 31.619195 ], [ 130.523157, 31.618717 ], [ 130.522919, 31.618476 ], [ 130.522581, 31.61818 ], [ 130.522143, 31.617839 ], [ 130.521501, 31.617374 ], [ 130.521107, 31.617065 ], [ 130.520692, 31.616701 ], [ 130.520271, 31.616264 ], [ 130.519866, 31.615809 ], [ 130.519573, 31.615363 ], [ 130.519362, 31.614972 ], [ 130.519146, 31.614507 ], [ 130.518963, 31.614029 ], [ 130.518792, 31.613215 ], [ 130.518731, 31.61266 ], [ 130.518675, 31.612186 ], [ 130.51867, 31.611831 ], [ 130.518659, 31.611308 ], [ 130.518659, 31.610794 ], [ 130.51867, 31.610207 ], [ 130.518631, 31.609802 ], [ 130.51857, 31.60941 ], [ 130.518476, 31.608982 ], [ 130.518332, 31.608587 ], [ 130.518121, 31.608191 ], [ 130.517939, 31.607927 ], [ 130.517562, 31.607324 ], [ 130.517284, 31.606917 ], [ 130.516892, 31.606359 ], [ 130.516432, 31.605717 ], [ 130.516284, 31.605474 ], [ 130.516136, 31.605174 ], [ 130.515884, 31.604688 ], [ 130.515554, 31.603903 ], [ 130.515336, 31.603338 ], [ 130.515188, 31.602817 ], [ 130.515093, 31.602267 ], [ 130.515023, 31.601774 ], [ 130.51491, 31.600832 ], [ 130.514867, 31.600432 ], [ 130.514728, 31.59585 ], [ 130.514738, 31.59421 ], [ 130.514832, 31.592001 ], [ 130.515075, 31.590123 ], [ 130.515458, 31.588069 ], [ 130.515519, 31.58759 ], [ 130.515501, 31.586947 ], [ 130.515388, 31.586462 ], [ 130.5152909, 31.5860979 ], [ 130.515255, 31.585963 ] ] } },
{ "type": "Feature", "properties": { "N12_001": "46", "N12_002": 1, "N12_003": 1, "N12_004": "東九州自動車道", "N12_005": 75, "N12_006": 1 }, "geometry": { "type": "LineString", "coordinates": [ [ 130.9695466, 31.5919968 ], [ 130.969233, 31.5916735 ], [ 130.9687851, 31.5913214 ], [ 130.968328, 31.5910475 ], [ 130.9678984, 31.5908676 ], [ 130.967231, 31.5907737 ], [ 130.9667374, 31.590891 ], [ 130.9660974, 31.5913449 ] ] } },
{ "type": "Feature", "properties": { "N12_001": "46", "N12_002": 1, "N12_003": 1, "N12_004": "東九州自動車道", "N12_005": 75, "N12_006": 2 }, "geometry": { "type": "LineString", "coordinates": [ [ 130.9380914, 31.6817172 ], [ 130.9384685, 31.6810066 ], [ 130.9386368, 31.6801643 ], [ 130.9387071, 31.6788022 ], [ 130.9383045, 31.6783373 ], [ 130.9378947, 31.6782408 ], [ 130.9372226, 31.678226 ] ] } },
{ "type": "Feature", "properties": { "N12_001": "46", "N12_002": 1, "N12_003": 1, "N12_004": "東九州自動車道", "N12_005": 75, "N12_006": 3 }, "geometry": { "type": "LineString", "coordinates": [ [ 130.779162, 31.705964 ], [ 130.7792158, 31.7055067 ], [ 130.779277, 31.7052826 ], [ 130.7793586, 31.7051603 ], [ 130.7794962, 31.7050686 ], [ 130.7797868, 31.7050126 ], [ 130.7800264, 31.7050737 ], [ 130.7807136, 31.7052789 ], [ 130.7827129, 31.7061282 ], [ 130.7830952, 31.7062658 ], [ 130.7832329, 31.7063269 ], [ 130.7834782, 31.7064404 ], [ 130.7836485, 31.7066327 ], [ 130.783761, 31.7070252 ] ] } },
{ "type": "Feature", "properties": { "N12_001": "46", "N12_002": 1, "N12_003": 1, "N12_004": "東九州自動車道", "N12_005": 75, "N12_006": 4 }, "geometry": { "type": "LineString", "coordinates": [ [ 130.674389, 31.744118 ], [ 130.6740589, 31.7438965 ], [ 130.6736409, 31.7437844 ], [ 130.6733503, 31.7437539 ], [ 130.6729986, 31.7439169 ], [ 130.6727896, 31.7441563 ], [ 130.6724939, 31.7445384 ], [ 130.672188, 31.744895 ], [ 130.6719739, 31.7450784 ], [ 130.6716629, 31.7452668 ], [ 130.6713775, 31.7453636 ], [ 130.6709289, 31.7454604 ], [ 130.6706485, 31.7455063 ], [ 130.670066, 31.7456053 ] ] } },
{ "type": "Feature", "properties": { "N12_001": "46", "N12_002": 1, "N12_003": 1, "N12_004": "東九州自動車道", "N12_005": 75, "N12_006": 5 }, "geometry": { "type": "LineString", "coordinates": [ [ 130.899992, 31.4483833 ], [ 130.9026707, 31.4503646 ], [ 130.9026446, 31.4508794 ], [ 130.9018352, 31.451797 ], [ 130.9011042, 31.4528714 ], [ 130.9006107, 31.4537663 ], [ 130.9002451, 31.4546728 ], [ 130.8997751, 31.4559709 ], [ 130.8993965, 31.4571908 ], [ 130.8991485, 31.4582539 ], [ 130.8989657, 31.4594066 ], [ 130.8989396, 31.4603467 ], [ 130.8988873, 31.4612868 ], [ 130.8989526, 31.4620925 ], [ 130.899044, 31.4627864 ], [ 130.8991354, 31.4634802 ], [ 130.8994226, 31.4645098 ], [ 130.8997621, 31.4655394 ], [ 130.9002582, 31.4666026 ], [ 130.9008197, 31.4677665 ], [ 130.9015509, 31.469087 ], [ 130.9022324, 31.4704523 ], [ 130.902807, 31.4715379 ], [ 130.9033946, 31.4725675 ], [ 130.9038646, 31.4735187 ], [ 130.9044261, 31.4745931 ], [ 130.9048962, 31.4756562 ], [ 130.9053589, 31.4767662 ], [ 130.9057115, 31.477751 ], [ 130.9061424, 31.478747 ], [ 130.9065864, 31.4796647 ], [ 130.9070304, 31.4806607 ], [ 130.9075528, 31.4815784 ], [ 130.9080882, 31.4823394 ], [ 130.9086628, 31.4830108 ], [ 130.9091721, 31.4836711 ], [ 130.9099426, 31.4845552 ], [ 130.9104781, 31.4850588 ], [ 130.9112747, 31.4857415 ], [ 130.9120452, 31.4864353 ], [ 130.9129202, 31.4871404 ], [ 130.9141217, 31.4880692 ], [ 130.9151012, 31.4888302 ], [ 130.9164856, 31.4898822 ], [ 130.9176088, 31.4907663 ], [ 130.9187451, 31.4916168 ], [ 130.9198552, 31.4925009 ], [ 130.9209653, 31.4933962 ], [ 130.9217489, 31.4941572 ], [ 130.9224542, 31.4949406 ], [ 130.9231464, 31.4957688 ], [ 130.9236454, 31.496485 ], [ 130.924207, 31.4972796 ], [ 130.9244682, 31.4980853 ], [ 130.924625, 31.4988127 ], [ 130.9250429, 31.5001221 ], [ 130.9252779, 31.5011517 ], [ 130.9255653, 31.5023044 ], [ 130.9258918, 31.5034123 ], [ 130.9262706, 31.5045314 ], [ 130.9266363, 31.5055946 ], [ 130.926989, 31.5065794 ], [ 130.9276029, 31.508079 ], [ 130.9280732, 31.5091086 ], [ 130.9285304, 31.5100262 ], [ 130.929275, 31.5114811 ], [ 130.9298889, 31.5127121 ], [ 130.9303069, 31.5137529 ], [ 130.9306597, 31.5148944 ], [ 130.9308817, 31.5158344 ], [ 130.9310254, 31.5166849 ], [ 130.9310908, 31.5176474 ], [ 130.9310516, 31.5186322 ], [ 130.9309471, 31.5200087 ], [ 130.9307642, 31.5212733 ], [ 130.9304767, 31.5233101 ], [ 130.9301762, 31.5252797 ], [ 130.9299933, 31.5267234 ], [ 130.9297712, 31.5284468 ], [ 130.9294185, 31.5307857 ], [ 130.9291833, 31.5323972 ], [ 130.9290788, 31.5332366 ], [ 130.9289742, 31.534199 ], [ 130.9288958, 31.536135 ], [ 130.9288697, 31.5373437 ], [ 130.9288828, 31.5384516 ], [ 130.928922, 31.5396043 ], [ 130.9290004, 31.5405667 ], [ 130.9290918, 31.5416634 ], [ 130.9292225, 31.5426482 ], [ 130.9293924, 31.5436107 ], [ 130.9295623, 31.5443045 ], [ 130.9298628, 31.5452558 ], [ 130.9301242, 31.5459944 ], [ 130.9304248, 31.5467442 ], [ 130.9308299, 31.547494 ], [ 130.9311983, 31.5482214 ], [ 130.9318909, 31.5492062 ], [ 130.9325051, 31.5500008 ], [ 130.9331194, 31.5508065 ], [ 130.9339427, 31.5517578 ], [ 130.9348052, 31.5526978 ], [ 130.9355893, 31.5534252 ], [ 130.9363342, 31.5542198 ], [ 130.9369171, 31.5548577 ], [ 130.9377797, 31.5557641 ], [ 130.9386684, 31.5566482 ], [ 130.939531, 31.5575211 ], [ 130.9404981, 31.5585731 ], [ 130.9409425, 31.5589872 ], [ 130.941792, 31.5598824 ], [ 130.9422756, 31.5605203 ], [ 130.9429291, 31.561438 ], [ 130.9437787, 31.5627362 ], [ 130.9441054, 31.5633628 ], [ 130.9446936, 31.5644484 ], [ 130.9453341, 31.5656346 ], [ 130.9459746, 31.5669104 ], [ 130.9465235, 31.5678504 ], [ 130.946981, 31.5687457 ], [ 130.9474908, 31.569697 ], [ 130.9479744, 31.5704691 ], [ 130.9484684, 31.5712861 ], [ 130.9491873, 31.5723157 ], [ 130.9498801, 31.5732557 ], [ 130.950756, 31.5741957 ], [ 130.9515141, 31.575091 ], [ 130.9525207, 31.5760758 ], [ 130.9535926, 31.5772285 ], [ 130.9544293, 31.5781685 ], [ 130.9552267, 31.5791869 ], [ 130.9561941, 31.580541 ], [ 130.957083, 31.5820742 ], [ 130.957802, 31.5833388 ], [ 130.9583119, 31.5842117 ], [ 130.9588871, 31.5850398 ], [ 130.9595147, 31.5857672 ], [ 130.9601683, 31.5864946 ], [ 130.9609266, 31.5871325 ], [ 130.961894, 31.5878823 ], [ 130.9629661, 31.5886769 ], [ 130.9639362, 31.5893931 ], [ 130.9649037, 31.5901877 ], [ 130.9658189, 31.591027 ], [ 130.9660974, 31.5913449 ], [ 130.9666295, 31.591967 ], [ 130.9673485, 31.5929183 ], [ 130.9680545, 31.5942947 ], [ 130.9684468, 31.5953355 ], [ 130.9687736, 31.5963203 ], [ 130.9689305, 31.5973723 ], [ 130.9690221, 31.5985361 ], [ 130.9689436, 31.599644 ], [ 130.9687606, 31.6007967 ], [ 130.9686167, 31.6013786 ], [ 130.9682637, 31.6024082 ], [ 130.9678583, 31.6033035 ], [ 130.9672438, 31.6042659 ], [ 130.9667338, 31.6049709 ], [ 130.9659884, 31.6058662 ], [ 130.9651515, 31.6066495 ], [ 130.9644323, 31.6072874 ], [ 130.9634124, 31.6080037 ], [ 130.9621701, 31.608843 ], [ 130.9611632, 31.6094137 ], [ 130.959777, 31.6101859 ], [ 130.9586916, 31.6108573 ], [ 130.9578809, 31.6114057 ], [ 130.9566778, 31.612301 ], [ 130.9558931, 31.6129948 ], [ 130.9552131, 31.6136551 ], [ 130.9546115, 31.6142706 ], [ 130.9540753, 31.6148749 ], [ 130.9536438, 31.615468 ], [ 130.9529637, 31.6164528 ], [ 130.9524014, 31.6172809 ], [ 130.9518521, 31.6181314 ], [ 130.9513028, 31.6189036 ], [ 130.9507666, 31.6196534 ], [ 130.9499819, 31.6206494 ], [ 130.9490141, 31.6217797 ], [ 130.9483079, 31.622563 ], [ 130.9475885, 31.6232681 ], [ 130.947, 31.6238836 ], [ 130.9460845, 31.6247117 ], [ 130.9455482, 31.6252153 ], [ 130.9446588, 31.6260882 ], [ 130.9437956, 31.6269611 ], [ 130.9429585, 31.6279235 ], [ 130.9421607, 31.6288859 ], [ 130.9416244, 31.6296357 ], [ 130.9407742, 31.6308443 ], [ 130.9398455, 31.6320417 ], [ 130.9389954, 31.6330713 ], [ 130.938132, 31.6340449 ], [ 130.9372687, 31.6349961 ], [ 130.9361831, 31.6359697 ], [ 130.9349143, 31.6372119 ], [ 130.9342567, 31.6379194 ], [ 130.9334884, 31.6387787 ], [ 130.9329259, 31.6395396 ], [ 130.9325073, 31.6402447 ], [ 130.9320887, 31.6411175 ], [ 130.9317748, 31.6418338 ], [ 130.9315, 31.6427738 ], [ 130.9313692, 31.6435572 ], [ 130.9312776, 31.6443181 ], [ 130.9312383, 31.6451575 ], [ 130.9312776, 31.6461423 ], [ 130.9314869, 31.6472725 ], [ 130.931657, 31.6479999 ], [ 130.93184, 31.6486042 ], [ 130.9321932, 31.6494212 ], [ 130.9325334, 31.6501598 ], [ 130.9330044, 31.6511334 ], [ 130.93358, 31.6523084 ], [ 130.9344015, 31.6538975 ], [ 130.9350426, 31.6552069 ], [ 130.9355267, 31.6562364 ], [ 130.9359454, 31.6573779 ], [ 130.9363248, 31.6583851 ], [ 130.9366388, 31.6595601 ], [ 130.9369528, 31.6608247 ], [ 130.9372014, 31.6621116 ], [ 130.9373845, 31.6633762 ], [ 130.9374892, 31.6644729 ], [ 130.9375939, 31.6659389 ], [ 130.937607, 31.6675056 ], [ 130.9375546, 31.6687925 ], [ 130.9375154, 31.6700571 ], [ 130.937294, 31.6720462 ], [ 130.9370977, 31.6735066 ], [ 130.9370781, 31.6746145 ], [ 130.9370977, 31.6759742 ], [ 130.9371762, 31.6774513 ], [ 130.9372226, 31.678226 ], [ 130.9372608, 31.6785094 ], [ 130.9373982, 31.6793823 ], [ 130.937881, 31.682396 ], [ 130.938006, 31.683239 ], [ 130.938128, 31.684093 ], [ 130.938227, 31.68499 ], [ 130.938386, 31.685914 ], [ 130.938498, 31.686819 ], [ 130.93861, 31.687651 ], [ 130.938732, 31.688529 ], [ 130.938848, 31.68941 ], [ 130.938881, 31.690475 ], [ 130.938874, 31.691374 ], [ 130.938821, 31.692298 ], [ 130.938765, 31.692754 ], [ 130.93866, 31.693204 ], [ 130.938604, 31.693442 ], [ 130.938469, 31.693891 ], [ 130.938355, 31.69416 ], [ 130.938023, 31.694927 ], [ 130.937898, 31.695201 ], [ 130.937749, 31.69545 ], [ 130.937548, 31.695751 ], [ 130.937129, 31.696363 ], [ 130.936911, 31.696645 ], [ 130.936657, 31.696962 ], [ 130.936482, 31.69716 ], [ 130.936162, 31.697474 ], [ 130.935837, 31.697752 ], [ 130.935488, 31.698027 ], [ 130.93504, 31.698325 ], [ 130.934219, 31.698808 ], [ 130.93382, 31.699049 ], [ 130.933275, 31.699355 ], [ 130.932401, 31.699734 ], [ 130.931906, 31.699935 ], [ 130.931345, 31.700111 ], [ 130.930369, 31.700431 ], [ 130.929498, 31.700672 ], [ 130.928228, 31.700981 ], [ 130.926416, 31.70142 ], [ 130.9258, 31.701566 ], [ 130.925258, 31.701691 ], [ 130.92478, 31.701808 ], [ 130.924249, 31.70193 ], [ 130.9238, 31.702027 ], [ 130.923342, 31.702135 ], [ 130.922715, 31.702244 ], [ 130.922283, 31.702331 ], [ 130.921923, 31.702406 ], [ 130.92159, 31.702463 ], [ 130.921144, 31.702523 ], [ 130.920356, 31.702621 ], [ 130.920115, 31.70264 ], [ 130.919719, 31.70268 ], [ 130.919013, 31.702713 ], [ 130.918327, 31.70274 ], [ 130.917453, 31.702764 ], [ 130.916638, 31.702783 ], [ 130.915549, 31.702816 ], [ 130.914827, 31.702832 ], [ 130.9142, 31.702848 ], [ 130.913692, 31.702862 ], [ 130.912639, 31.702946 ], [ 130.912224, 31.702995 ], [ 130.911468, 31.703079 ], [ 130.910854, 31.703173 ], [ 130.910452, 31.703255 ], [ 130.90968, 31.703401 ], [ 130.908898, 31.703566 ], [ 130.908298, 31.703705 ], [ 130.907506, 31.703875 ], [ 130.906793, 31.704051 ], [ 130.906196, 31.704198 ], [ 130.905701, 31.704312 ], [ 130.905045, 31.704447 ], [ 130.904352, 31.704555 ], [ 130.90327, 31.704702 ], [ 130.902293, 31.704826 ], [ 130.901505, 31.70491 ], [ 130.900894, 31.70494 ], [ 130.900132, 31.704976 ], [ 130.899987, 31.704982 ], [ 130.899218, 31.705011 ], [ 130.898436, 31.705049 ], [ 130.897691, 31.705062 ], [ 130.897186, 31.705092 ], [ 130.896232, 31.705168 ], [ 130.895444, 31.705255 ], [ 130.894956, 31.705339 ], [ 130.894507, 31.705439 ], [ 130.893986, 31.705574 ], [ 130.893296, 31.705783 ], [ 130.892805, 31.705956 ], [ 130.892062, 31.70626 ], [ 130.891432, 31.706536 ], [ 130.891031, 31.70674 ], [ 130.890522, 31.706992 ], [ 130.890126, 31.707225 ], [ 130.889565, 31.707596 ], [ 130.889222, 31.707856 ], [ 130.888898, 31.708124 ], [ 130.888595, 31.708393 ], [ 130.887882, 31.709103 ], [ 130.887252, 31.70981 ], [ 130.886678, 31.71052 ], [ 130.886117, 31.711233 ], [ 130.885543, 31.712005 ], [ 130.885025, 31.712645 ], [ 130.884517, 31.713336 ], [ 130.883749, 31.714369 ], [ 130.883498, 31.714677 ], [ 130.883143, 31.71513 ], [ 130.882607, 31.71578 ], [ 130.88236, 31.716043 ], [ 130.881967, 31.716409 ], [ 130.88146, 31.716853 ], [ 130.881023, 31.717173 ], [ 130.880792, 31.717335 ], [ 130.880321, 31.717658 ], [ 130.879951, 31.717856 ], [ 130.879374, 31.718186 ], [ 130.879083, 31.718314 ], [ 130.878648, 31.718503 ], [ 130.878305, 31.718644 ], [ 130.877625, 31.718902 ], [ 130.877233, 31.719037 ], [ 130.876586, 31.719241 ], [ 130.876061, 31.719392 ], [ 130.875369, 31.719587 ], [ 130.874696, 31.71972 ], [ 130.874042, 31.719799 ], [ 130.873524, 31.719834 ], [ 130.872944, 31.71988 ], [ 130.872096, 31.719929 ], [ 130.871802, 31.719942 ], [ 130.871551, 31.719937 ], [ 130.871182, 31.719918 ], [ 130.870512, 31.719877 ], [ 130.870268, 31.719867 ], [ 130.869951, 31.719826 ], [ 130.869532, 31.719764 ], [ 130.869084, 31.719682 ], [ 130.868582, 31.719568 ], [ 130.868077, 31.719449 ], [ 130.867411, 31.719287 ], [ 130.86658, 31.719075 ], [ 130.866088, 31.718945 ], [ 130.865415, 31.718766 ], [ 130.864359, 31.718503 ], [ 130.863683, 31.718352 ], [ 130.862914, 31.718213 ], [ 130.862551, 31.718167 ], [ 130.861835, 31.718127 ], [ 130.861202, 31.718124 ], [ 130.860522, 31.718146 ], [ 130.859882, 31.718192 ], [ 130.859199, 31.718281 ], [ 130.858728, 31.718352 ], [ 130.858427, 31.718406 ], [ 130.857913, 31.718539 ], [ 130.857448, 31.718688 ], [ 130.856887, 31.718891 ], [ 130.856547, 31.719032 ], [ 130.855973, 31.719268 ], [ 130.855587, 31.719446 ], [ 130.854643, 31.719934 ], [ 130.85372, 31.720441 ], [ 130.852651, 31.721062 ], [ 130.851793, 31.721528 ], [ 130.850912, 31.72191 ], [ 130.850123, 31.722192 ], [ 130.849236, 31.722487 ], [ 130.848296, 31.722818 ], [ 130.847359, 31.723137 ], [ 130.846395, 31.723468 ], [ 130.845366, 31.723804 ], [ 130.844706, 31.72401 ], [ 130.843868, 31.724346 ], [ 130.843552, 31.724498 ], [ 130.843035, 31.724819 ], [ 130.842672, 31.725036 ], [ 130.842191, 31.725442 ], [ 130.841207, 31.726223 ], [ 130.840726, 31.726678 ], [ 130.840257, 31.727204 ], [ 130.839881, 31.727632 ], [ 130.839578, 31.728065 ], [ 130.839056, 31.72877 ], [ 130.838344, 31.730071 ], [ 130.837488, 31.731818 ], [ 130.836954, 31.732743 ], [ 130.836483, 31.733572 ], [ 130.836015, 31.734325 ], [ 130.83557, 31.734952 ], [ 130.834985, 31.735675 ], [ 130.834411, 31.736401 ], [ 130.833791, 31.737171 ], [ 130.833012, 31.738092 ], [ 130.832353, 31.73884 ], [ 130.831679, 31.739523 ], [ 130.830954, 31.740152 ], [ 130.830149, 31.74078 ], [ 130.829456, 31.741339 ], [ 130.828611, 31.741984 ], [ 130.827721, 31.742623 ], [ 130.826744, 31.743225 ], [ 130.825833, 31.743767 ], [ 130.824923, 31.744271 ], [ 130.824012, 31.744748 ], [ 130.823537, 31.744992 ], [ 130.823141, 31.74517 ], [ 130.822561, 31.74542 ], [ 130.821987, 31.745647 ], [ 130.821472, 31.745853 ], [ 130.820759, 31.746092 ], [ 130.820258, 31.746249 ], [ 130.819809, 31.746384 ], [ 130.81938, 31.746509 ], [ 130.818635, 31.746688 ], [ 130.817585, 31.746878 ], [ 130.816503, 31.747029 ], [ 130.815923, 31.747073 ], [ 130.815269, 31.747067 ], [ 130.814267, 31.74697 ], [ 130.813257, 31.74684 ], [ 130.812287, 31.746634 ], [ 130.811357, 31.746384 ], [ 130.81067, 31.746195 ], [ 130.809773, 31.745875 ], [ 130.809027, 31.745528 ], [ 130.80811, 31.745067 ], [ 130.807365, 31.744672 ], [ 130.806428, 31.744195 ], [ 130.805603, 31.743832 ], [ 130.805181, 31.74368 ], [ 130.80464, 31.743517 ], [ 130.803881, 31.743339 ], [ 130.803228, 31.743241 ], [ 130.801756, 31.7431 ], [ 130.80076, 31.743002 ], [ 130.800146, 31.742927 ], [ 130.799341, 31.742807 ], [ 130.79884, 31.742721 ], [ 130.798193, 31.742542 ], [ 130.797243, 31.742141 ], [ 130.796313, 31.741615 ], [ 130.795442, 31.741041 ], [ 130.795115, 31.740759 ], [ 130.794736, 31.740379 ], [ 130.794323, 31.739898 ], [ 130.794089, 31.739599 ], [ 130.793653, 31.738986 ], [ 130.793172, 31.738206 ], [ 130.792947, 31.737683 ], [ 130.792797, 31.737331 ], [ 130.792654, 31.736839 ], [ 130.792561, 31.736458 ], [ 130.792413, 31.735588 ], [ 130.79234, 31.734824 ], [ 130.792327, 31.733848 ], [ 130.792332, 31.732938 ], [ 130.792362, 31.732005 ], [ 130.792454, 31.731093 ], [ 130.792552, 31.730095 ], [ 130.792655, 31.729138 ], [ 130.792759, 31.72808 ], [ 130.792863, 31.727127 ], [ 130.792924, 31.726485 ], [ 130.79304, 31.725317 ], [ 130.793132, 31.724395 ], [ 130.793223, 31.723452 ], [ 130.793296, 31.72255 ], [ 130.793333, 31.721697 ], [ 130.793302, 31.721121 ], [ 130.793138, 31.719677 ], [ 130.793052, 31.719216 ], [ 130.792961, 31.718774 ], [ 130.79282, 31.718278 ], [ 130.792613, 31.717737 ], [ 130.792387, 31.717205 ], [ 130.792112, 31.716639 ], [ 130.791758, 31.715982 ], [ 130.791355, 31.715385 ], [ 130.790837, 31.714543 ], [ 130.790336, 31.713736 ], [ 130.789921, 31.713064 ], [ 130.78942, 31.712277 ], [ 130.788603, 31.711 ], [ 130.788018, 31.710115 ], [ 130.78779, 31.709787 ], [ 130.787382, 31.709279 ], [ 130.786839, 31.708677 ], [ 130.78667, 31.708509 ], [ 130.786131, 31.70807 ], [ 130.785319, 31.707514 ], [ 130.78455, 31.707108 ], [ 130.783842, 31.706832 ], [ 130.782766, 31.70651 ], [ 130.781664, 31.706249 ], [ 130.780694, 31.706094 ], [ 130.780068, 31.706021 ], [ 130.779162, 31.705964 ], [ 130.778467, 31.70593 ], [ 130.777503, 31.70593 ], [ 130.776435, 31.70598 ], [ 130.775379, 31.70608 ], [ 130.77436, 31.706246 ], [ 130.773328, 31.706476 ], [ 130.772919, 31.706607 ], [ 130.772364, 31.706787 ], [ 130.771363, 31.707123 ], [ 130.770447, 31.707479 ], [ 130.769446, 31.707865 ], [ 130.768457, 31.708221 ], [ 130.767511, 31.708517 ], [ 130.766504, 31.708762 ], [ 130.765705, 31.708903 ], [ 130.764484, 31.709078 ], [ 130.763342, 31.709194 ], [ 130.762103, 31.709334 ], [ 130.760773, 31.709499 ], [ 130.759521, 31.709655 ], [ 130.758295, 31.70979 ], [ 130.75733, 31.70992 ], [ 130.756348, 31.710051 ], [ 130.755511, 31.710191 ], [ 130.754944, 31.710302 ], [ 130.754248, 31.710472 ], [ 130.753674, 31.710673 ], [ 130.752948, 31.710973 ], [ 130.752209, 31.711334 ], [ 130.751843, 31.71155 ], [ 130.751233, 31.711961 ], [ 130.7505, 31.712533 ], [ 130.749682, 31.713189 ], [ 130.748944, 31.713856 ], [ 130.748211, 31.714518 ], [ 130.747454, 31.715135 ], [ 130.746673, 31.715756 ], [ 130.745935, 31.716303 ], [ 130.745477, 31.716573 ], [ 130.744964, 31.716869 ], [ 130.744061, 31.71728 ], [ 130.743481, 31.717496 ], [ 130.742382, 31.717872 ], [ 130.741479, 31.718173 ], [ 130.740014, 31.718624 ], [ 130.738555, 31.719065 ], [ 130.737133, 31.719511 ], [ 130.736053, 31.719852 ], [ 130.734533, 31.720349 ], [ 130.733465, 31.720695 ], [ 130.733125, 31.720798 ], [ 130.732112, 31.721126 ], [ 130.731135, 31.721471 ], [ 130.730158, 31.721841 ], [ 130.72918, 31.722227 ], [ 130.728203, 31.722614 ], [ 130.727226, 31.723065 ], [ 130.726456, 31.723411 ], [ 130.725464, 31.723874 ], [ 130.724509, 31.724319 ], [ 130.723439, 31.72477 ], [ 130.722554, 31.725104 ], [ 130.721684, 31.725432 ], [ 130.720714, 31.725778 ], [ 130.719673, 31.726135 ], [ 130.718774, 31.726446 ], [ 130.717712, 31.726803 ], [ 130.716742, 31.72712 ], [ 130.715814, 31.727477 ], [ 130.714766, 31.727852 ], [ 130.713832, 31.72821 ], [ 130.713261, 31.728479 ], [ 130.712812, 31.728719 ], [ 130.712476, 31.728907 ], [ 130.712034, 31.729194 ], [ 130.711656, 31.729487 ], [ 130.711221, 31.72985 ], [ 130.710814, 31.730208 ], [ 130.710543, 31.730495 ], [ 130.70988, 31.731186 ], [ 130.709203, 31.731866 ], [ 130.708482, 31.732545 ], [ 130.70779, 31.733202 ], [ 130.707091, 31.733881 ], [ 130.706342, 31.734561 ], [ 130.705615, 31.735217 ], [ 130.704859, 31.73578 ], [ 130.704495, 31.735985 ], [ 130.703853, 31.736301 ], [ 130.702898, 31.736641 ], [ 130.7022864, 31.7368276 ], [ 130.701928, 31.736934 ], [ 130.700922, 31.737303 ], [ 130.70036, 31.737506 ], [ 130.700059, 31.737625 ], [ 130.699638, 31.737819 ], [ 130.699132, 31.738088 ], [ 130.698418, 31.738604 ], [ 130.697612, 31.739202 ], [ 130.696871, 31.739735 ], [ 130.696022, 31.740327 ], [ 130.695173, 31.740819 ], [ 130.694724, 31.741088 ], [ 130.694267, 31.741329 ], [ 130.693747, 31.741557 ], [ 130.693254, 31.741715 ], [ 130.692712, 31.741856 ], [ 130.692277, 31.741909 ], [ 130.691721, 31.741967 ], [ 130.691207, 31.741961 ], [ 130.69058, 31.741926 ], [ 130.690159, 31.741868 ], [ 130.689574, 31.741739 ], [ 130.689153, 31.741633 ], [ 130.688782, 31.741475 ], [ 130.688226, 31.741229 ], [ 130.687741, 31.740989 ], [ 130.687278, 31.740772 ], [ 130.686429, 31.740315 ], [ 130.686008, 31.740098 ], [ 130.685487, 31.739881 ], [ 130.684867, 31.739676 ], [ 130.684425, 31.739559 ], [ 130.683783, 31.739518 ], [ 130.683319, 31.739524 ], [ 130.682734, 31.739582 ], [ 130.682292, 31.739641 ], [ 130.681864, 31.739758 ], [ 130.681315, 31.739957 ], [ 130.68109, 31.740044 ], [ 130.680816, 31.740151 ], [ 130.680366, 31.740368 ], [ 130.679895, 31.740602 ], [ 130.67941, 31.740883 ], [ 130.67854, 31.741416 ], [ 130.67767, 31.741973 ], [ 130.676215, 31.742858 ], [ 130.67491, 31.743713 ], [ 130.674389, 31.744118 ], [ 130.673455, 31.744862 ], [ 130.672806, 31.745243 ], [ 130.671551, 31.745694 ], [ 130.670852, 31.745858 ], [ 130.6702112, 31.7459235 ], [ 130.670167, 31.745928 ], [ 130.668605, 31.746016 ], [ 130.667621, 31.746098 ], [ 130.6672, 31.746209 ], [ 130.666993, 31.746426 ], [ 130.666886, 31.746737 ], [ 130.666755, 31.747087 ], [ 130.666649, 31.747553 ] ] } },
{ "type": "Feature", "properties": { "N12_001": "46", "N12_002": 1, "N12_003": 6, "N12_004": "鹿児島県道志布志福山線", "N12_005": 8, "N12_006": 3 }, "geometry": { "type": "LineString", "coordinates": [ [ 131.0855117, 31.4915863 ], [ 131.0857958, 31.4921282 ], [ 131.0857382, 31.4927401 ], [ 131.0859685, 31.4933816 ], [ 131.085957, 31.4954047 ], [ 131.0857727, 31.4990267 ], [ 131.0855673, 31.5028476 ], [ 131.0854982, 31.5041569 ], [ 131.085429, 31.5047885 ], [ 131.0852447, 31.5052622 ], [ 131.0848876, 31.5057952 ], [ 131.0840007, 31.5065353 ], [ 131.0813685, 31.5083562 ], [ 131.0797961, 31.5097477 ], [ 131.0790185, 31.5107247 ], [ 131.0782582, 31.5119534 ], [ 131.0778779, 31.512849 ], [ 131.0772558, 31.5149585 ], [ 131.0767633, 31.5161132 ], [ 131.0755709, 31.5172456 ], [ 131.074223, 31.5179562 ], [ 131.0720197, 31.5184891 ], [ 131.0708792, 31.5191553 ], [ 131.0694873, 31.5199528 ], [ 131.0689036, 31.5202955 ], [ 131.0666239, 31.5209854 ], [ 131.064842, 31.5207734 ], [ 131.0635148, 31.5204778 ], [ 131.0626899, 31.5201288 ], [ 131.0613891, 31.5202875 ], [ 131.0602787, 31.5211758 ], [ 131.0577014, 31.5233793 ], [ 131.0554563, 31.5255857 ], [ 131.0531403, 31.5278383 ], [ 131.0506022, 31.5300908 ], [ 131.0475248, 31.533549 ], [ 131.0452088, 31.5356112 ], [ 131.0431149, 31.5376734 ], [ 131.0424169, 31.5396404 ], [ 131.0421778, 31.5426976 ], [ 131.0424477, 31.5449077 ], [ 131.0427863, 31.5466713 ] ] } },
{ "type": "Feature", "properties": { "N12_001": "46", "N12_002": 1, "N12_003": 6, "N12_004": "鹿児島県道鹿屋環状線", "N12_005": 73, "N12_006": 2 }, "geometry": { "type": "LineString", "coordinates": [ [ 130.8900238, 31.418805 ], [ 130.8899772, 31.4167152 ], [ 130.8900468, 31.4152603 ], [ 130.8899511, 31.4132608 ], [ 130.8898728, 31.4108136 ], [ 130.8898293, 31.4077844 ], [ 130.8897598, 31.4047702 ], [ 130.8897076, 31.4020545 ], [ 130.8896293, 31.4012711 ], [ 130.8895162, 31.4006443 ], [ 130.8892901, 31.3999729 ], [ 130.8889334, 31.3991671 ], [ 130.8886627, 31.3987426 ] ] } }
]
}
