{
"type": "FeatureCollection",
"name": "N12-21_26",
"features": [
{ "type": "Feature", "properties": { "N12_001": "26", "N12_002": 1, "N12_003": 3, "N12_004": "一般国道163号", "N12_005": 1, "N12_006": 1 }, "geometry": { "type": "LineString", "coordinates": [ [ 135.8218074, 34.729682 ], [ 135.8213497, 34.729682 ], [ 135.8208247, 34.729682 ], [ 135.8206111, 34.729682 ], [ 135.8203069, 34.7296617 ], [ 135.8201159, 34.7296506 ], [ 135.8193722, 34.7295772 ], [ 135.8190791, 34.7295658 ], [ 135.8184436, 34.7295613 ], [ 135.8180262, 34.7295611 ], [ 135.8179289, 34.7295661 ], [ 135.8170052, 34.7295886 ], [ 135.8167206, 34.7295909 ], [ 135.8163348, 34.729594 ], [ 135.8146756, 34.7296426 ], [ 135.8138177, 34.72967 ], [ 135.8131469, 34.7296882 ], [ 135.8124396, 34.7297064 ], [ 135.8106051, 34.7297703 ], [ 135.8095995, 34.7298074 ], [ 135.8091466, 34.729824 ], [ 135.8082754, 34.729839 ], [ 135.8074646, 34.7298529 ], [ 135.8070772, 34.7298615 ], [ 135.8065051, 34.7298937 ], [ 135.8050315, 34.7299501 ], [ 135.8044312, 34.729984 ], [ 135.8042746, 34.729984 ], [ 135.8036916, 34.7300074 ], [ 135.8028885, 34.7300165 ], [ 135.802885, 34.7301011 ], [ 135.8029125, 34.7304503 ], [ 135.8029739, 34.7313575 ], [ 135.8030281, 34.7324003 ], [ 135.8030689, 34.7329189 ], [ 135.8031292, 34.7338539 ], [ 135.8032328, 34.7351786 ], [ 135.8032942, 34.7361364 ], [ 135.8033529, 34.7368188 ], [ 135.8024504, 34.7368974 ], [ 135.8015378, 34.7369658 ], [ 135.8006662, 34.7370525 ], [ 135.8001459, 34.7370753 ], [ 135.7998265, 34.7370616 ], [ 135.7990964, 34.7370023 ], [ 135.798243, 34.7368929 ], [ 135.7977867, 34.7368381 ], [ 135.7974946, 34.7368062 ], [ 135.7972117, 34.7367971 ], [ 135.797052, 34.7367834 ], [ 135.7969014, 34.736788 ], [ 135.7966824, 34.7367697 ], [ 135.7964222, 34.7367652 ], [ 135.7960298, 34.7367469 ], [ 135.7954411, 34.7366877 ], [ 135.7948433, 34.7366284 ], [ 135.7944007, 34.7365554 ], [ 135.7940539, 34.7364961 ], [ 135.793707, 34.7364095 ], [ 135.7934926, 34.7363366 ], [ 135.7931586, 34.7361998 ], [ 135.7929664, 34.7361703 ], [ 135.7927415, 34.7361259 ], [ 135.7919485, 34.7359427 ], [ 135.7916536, 34.7358782 ], [ 135.7912337, 34.7357875 ], [ 135.7909868, 34.7357287 ], [ 135.7905588, 34.7356293 ], [ 135.7895217, 34.7353811 ], [ 135.7893033, 34.7353361 ], [ 135.7891122, 34.7352797 ], [ 135.7887983, 34.7352064 ], [ 135.7883959, 34.7351275 ], [ 135.7877, 34.7350431 ], [ 135.7870112, 34.7349811 ], [ 135.7863153, 34.7349133 ], [ 135.7859403, 34.7348625 ], [ 135.7855786, 34.7348289 ], [ 135.7852616, 34.7347946 ], [ 135.7851694, 34.7347836 ], [ 135.7848419, 34.7347442 ], [ 135.7846306, 34.7347047 ], [ 135.7842889, 34.7346117 ], [ 135.7837884, 34.7344356 ], [ 135.7833937, 34.7342614 ], [ 135.7832383, 34.7341928 ], [ 135.7826797, 34.7338314 ], [ 135.7822022, 34.7334986 ], [ 135.7819633, 34.7333333 ], [ 135.7818211, 34.733235 ], [ 135.7815408, 34.7330783 ], [ 135.7814497, 34.733028 ], [ 135.7813222, 34.7329894 ], [ 135.7810697, 34.7329581 ], [ 135.7808859, 34.7329411 ], [ 135.7806469, 34.7329408 ], [ 135.7802375, 34.7329803 ], [ 135.780101, 34.7329972 ], [ 135.7795487, 34.7330478 ], [ 135.7790716, 34.7331007 ], [ 135.7788318, 34.7331254 ], [ 135.7785147, 34.7331574 ], [ 135.7782081, 34.7331894 ], [ 135.7778925, 34.7332292 ], [ 135.7776933, 34.7332395 ], [ 135.7771747, 34.7332395 ], [ 135.7767928, 34.7332 ], [ 135.7761175, 34.733155 ], [ 135.77579, 34.7331211 ], [ 135.775, 34.7330586 ], [ 135.7745813, 34.7329781 ], [ 135.7743236, 34.7329069 ], [ 135.7741325, 34.7328395 ], [ 135.773962, 34.7327323 ], [ 135.7737447, 34.7325616 ], [ 135.7735731, 34.7324222 ], [ 135.7732822, 34.7321139 ], [ 135.772625, 34.7314419 ], [ 135.7719292, 34.7307 ], [ 135.7716085, 34.7303424 ], [ 135.7713695, 34.730117 ], [ 135.7710681, 34.7300311 ], [ 135.7705103, 34.7300103 ], [ 135.7701559, 34.7300328 ], [ 135.7697736, 34.7300781 ], [ 135.7691597, 34.7301511 ], [ 135.768253, 34.7302527 ], [ 135.7680408, 34.7302753 ], [ 135.7676431, 34.7303136 ], [ 135.7671956, 34.7303722 ], [ 135.7666294, 34.730433 ], [ 135.7662914, 34.730473 ], [ 135.765997, 34.7305119 ], [ 135.7656922, 34.7305429 ], [ 135.7651788, 34.7305964 ], [ 135.7646246, 34.7306553 ], [ 135.7636346, 34.7307597 ], [ 135.7629523, 34.7308217 ], [ 135.7624542, 34.7308217 ], [ 135.7612409, 34.7306939 ], [ 135.7610506, 34.7306608 ], [ 135.7602349, 34.7305541 ], [ 135.7589075, 34.7303911 ], [ 135.7587242, 34.7303877 ], [ 135.7585639, 34.7304297 ], [ 135.7583411, 34.7304947 ], [ 135.7578092, 34.7307314 ], [ 135.7569382, 34.7311483 ], [ 135.7567516, 34.7311711 ], [ 135.7564447, 34.7311822 ], [ 135.7561178, 34.7311619 ], [ 135.7559934, 34.7311535 ], [ 135.7557928, 34.7311308 ], [ 135.7556498, 34.7311118 ], [ 135.7554804, 34.7310889 ], [ 135.7554494, 34.7310846 ], [ 135.755364, 34.7310736 ] ] } },
{ "type": "Feature", "properties": { "N12_001": "26", "N12_002": 2, "N12_003": 3, "N12_004": "一般国道163号", "N12_005": 1, "N12_006": 2 }, "geometry": { "type": "LineString", "coordinates": [ [ 135.8783081, 34.7672593 ], [ 135.8780076, 34.7675055 ], [ 135.8776633, 34.7678091 ], [ 135.8774169, 34.7680959 ], [ 135.8772514, 34.7682679 ], [ 135.8770442, 34.7684224 ], [ 135.8769274, 34.7685074 ], [ 135.8767822, 34.7685985 ], [ 135.8766067, 34.7686963 ], [ 135.8763466, 34.7687648 ], [ 135.8761881, 34.7687907 ], [ 135.8759484, 34.7688076 ], [ 135.8755973, 34.7688076 ], [ 135.8751652, 34.7687773 ], [ 135.8748512, 34.7687638 ], [ 135.8745373, 34.768757 ], [ 135.8742706, 34.768757 ], [ 135.8737946, 34.76873 ], [ 135.8729642, 34.7686997 ], [ 135.8725861, 34.7686929 ], [ 135.8723025, 34.7686727 ], [ 135.8719577, 34.7686775 ], [ 135.871391, 34.7686381 ], [ 135.871121, 34.7686221 ], [ 135.8708307, 34.768558 ], [ 135.8705471, 34.7684433 ], [ 135.8701724, 34.7682544 ], [ 135.8699529, 34.7681026 ], [ 135.8695512, 34.7678108 ], [ 135.8690617, 34.7674566 ], [ 135.8687444, 34.7672374 ], [ 135.8683461, 34.7669405 ], [ 135.8680287, 34.7667078 ], [ 135.8679173, 34.7666184 ], [ 135.867843, 34.7665466 ], [ 135.8677628, 34.7664851 ], [ 135.8671443, 34.7660432 ], [ 135.8669653, 34.7659252 ], [ 135.8668236, 34.7658206 ], [ 135.8666852, 34.765716 ], [ 135.8665434, 34.7656182 ], [ 135.8661687, 34.7653281 ], [ 135.8658817, 34.7651291 ], [ 135.8656252, 34.7649536 ], [ 135.8651087, 34.7645758 ], [ 135.864815, 34.7643532 ], [ 135.864501, 34.7641407 ], [ 135.8641837, 34.7639687 ], [ 135.8639069, 34.7638708 ], [ 135.8637617, 34.7638303 ], [ 135.8636368, 34.7638101 ], [ 135.8632182, 34.7637629 ], [ 135.8626477, 34.7637663 ], [ 135.8621514, 34.7637561 ], [ 135.8620265, 34.7637629 ], [ 135.8617531, 34.7637595 ], [ 135.8610239, 34.763746 ], [ 135.8588408, 34.7636839 ], [ 135.8585523, 34.7636943 ], [ 135.8584976, 34.7636976 ], [ 135.8583321, 34.7637109 ], [ 135.8582472, 34.7637178 ], [ 135.8580798, 34.7637359 ], [ 135.8575437, 34.7637967 ], [ 135.8572317, 34.7638268 ], [ 135.8569565, 34.7638531 ], [ 135.8561712, 34.7639433 ], [ 135.8556744, 34.763991 ], [ 135.8554471, 34.7640164 ], [ 135.8552835, 34.7640333 ], [ 135.8549423, 34.7640728 ], [ 135.8545189, 34.7641064 ], [ 135.8541022, 34.7641233 ], [ 135.8539247, 34.764112 ], [ 135.8535561, 34.7640445 ], [ 135.8533955, 34.7640003 ], [ 135.8532692, 34.7639656 ], [ 135.8530097, 34.7638978 ], [ 135.8528049, 34.7638414 ], [ 135.8522175, 34.763695 ], [ 135.8515147, 34.7635259 ], [ 135.8511398, 34.7634398 ], [ 135.8506678, 34.7633117 ], [ 135.85, 34.7631535 ], [ 135.849787, 34.7631031 ], [ 135.8493124, 34.7629796 ], [ 135.8492361, 34.7629604 ], [ 135.8486875, 34.7628325 ], [ 135.8484486, 34.7627595 ], [ 135.8483053, 34.7626972 ], [ 135.8480594, 34.7625678 ], [ 135.847964, 34.7625059 ], [ 135.8473632, 34.7621792 ], [ 135.84724, 34.7621003 ], [ 135.8463318, 34.7615817 ], [ 135.8462295, 34.7615139 ], [ 135.8461056, 34.7614503 ], [ 135.8459425, 34.7613506 ], [ 135.8451644, 34.7609897 ], [ 135.8446522, 34.760742 ], [ 135.844495, 34.7606381 ], [ 135.8443961, 34.7605478 ], [ 135.8441903, 34.76036 ], [ 135.8439011, 34.7600147 ], [ 135.8436347, 34.7597272 ], [ 135.8433617, 34.7594567 ], [ 135.8428561, 34.7590006 ], [ 135.8424875, 34.7586792 ], [ 135.8421123, 34.7583184 ], [ 135.8416683, 34.7578837 ], [ 135.8411833, 34.7574281 ], [ 135.8406644, 34.7569828 ], [ 135.840313, 34.7566973 ], [ 135.8400089, 34.7564697 ], [ 135.8396074, 34.7561641 ], [ 135.838951, 34.755664 ], [ 135.8382611, 34.7551003 ], [ 135.8378514, 34.7547114 ], [ 135.8377625, 34.754582 ], [ 135.8376192, 34.7544014 ], [ 135.8372914, 34.7539392 ], [ 135.8368342, 34.7532519 ], [ 135.8366083, 34.7528903 ], [ 135.8364328, 34.7526294 ], [ 135.8362103, 34.752377 ], [ 135.8358806, 34.7520903 ], [ 135.8355556, 34.7518645 ], [ 135.8342303, 34.7510153 ], [ 135.8333333, 34.7504692 ], [ 135.8325627, 34.75 ], [ 135.8319451, 34.7496244 ], [ 135.8312306, 34.7491971 ], [ 135.8305186, 34.7487661 ], [ 135.8298444, 34.7483578 ], [ 135.8289972, 34.7478931 ], [ 135.8271011, 34.7470611 ], [ 135.8262375, 34.7467375 ], [ 135.8253986, 34.7465319 ], [ 135.8251193, 34.7465062 ], [ 135.8244261, 34.7464422 ], [ 135.8226806, 34.7462763 ], [ 135.820558, 34.7460833 ] ] } },
{ "type": "Feature", "properties": { "N12_001": "26", "N12_002": 1, "N12_003": 3, "N12_004": "一般国道171号", "N12_005": 2, "N12_006": 1 }, "geometry": { "type": "LineString", "coordinates": [ [ 135.680221, 34.889186 ], [ 135.68048, 34.8895136 ], [ 135.6818509, 34.8911452 ], [ 135.6822609, 34.891489 ], [ 135.6825708, 34.8917343 ], [ 135.6827807, 34.8918946 ], [ 135.6831289, 34.8920864 ], [ 135.6832826, 34.8921905 ], [ 135.6838703, 34.8925147 ], [ 135.6842983, 34.8927562 ], [ 135.684638, 34.8929955 ], [ 135.6854628, 34.8935631 ], [ 135.6857497, 34.8937831 ], [ 135.6859344, 34.893935 ], [ 135.6861738, 34.8941579 ], [ 135.6862455, 34.8942278 ], [ 135.6864878, 34.8944706 ], [ 135.6867476, 34.8947862 ], [ 135.6872261, 34.8955017 ], [ 135.6876972, 34.8962514 ], [ 135.6880613, 34.8968589 ], [ 135.6885614, 34.8976743 ], [ 135.6891775, 34.8987111 ], [ 135.689531, 34.8993619 ], [ 135.6895557, 34.8994078 ], [ 135.6897773, 34.8997733 ], [ 135.6899342, 34.8999871 ], [ 135.6901108, 34.9001977 ], [ 135.6903556, 34.900503 ], [ 135.69044, 34.9005859 ], [ 135.690811, 34.9009208 ], [ 135.6911558, 34.9012052 ], [ 135.6914086, 34.9014083 ], [ 135.6916667, 34.9016009 ], [ 135.6924886, 34.9022142 ], [ 135.6929359, 34.9025325 ], [ 135.6931447, 34.9027481 ], [ 135.6933231, 34.902932 ], [ 135.6934758, 34.9030556 ], [ 135.6936355, 34.9031805 ], [ 135.6936807, 34.9032159 ], [ 135.6937236, 34.9032463 ], [ 135.6939524, 34.9033835 ], [ 135.6940727, 34.9034563 ], [ 135.6942282, 34.9035426 ], [ 135.6943711, 34.9036219 ], [ 135.6946629, 34.9037438 ], [ 135.6948575, 34.9038251 ], [ 135.6952234, 34.9039745 ], [ 135.695477, 34.9040657 ], [ 135.6960238, 34.9043301 ], [ 135.6966236, 34.9047956 ], [ 135.6969314, 34.9049758 ], [ 135.697405, 34.9052712 ], [ 135.6974649, 34.9053078 ], [ 135.6975381, 34.9053525 ], [ 135.6979646, 34.905608 ], [ 135.698607, 34.905997 ], [ 135.6992026, 34.9063577 ], [ 135.6996055, 34.9066017 ], [ 135.6998546, 34.9067548 ], [ 135.7, 34.9068443 ], [ 135.7005264, 34.9071683 ], [ 135.7013533, 34.90767 ], [ 135.7015366, 34.9077763 ], [ 135.7017018, 34.9078732 ], [ 135.7017496, 34.9079013 ], [ 135.7018489, 34.9079611 ], [ 135.7024439, 34.9083629 ], [ 135.7032709, 34.9088879 ], [ 135.7034794, 34.9090267 ], [ 135.7040942, 34.9094228 ], [ 135.7042514, 34.9095411 ], [ 135.7045797, 34.9099186 ], [ 135.7048807, 34.9103148 ] ] } },
{ "type": "Feature", "properties": { "N12_001": "26", "N12_002": 1, "N12_003": 3, "N12_004": "一般国道171号", "N12_005": 2, "N12_006": 2 }, "geometry": { "type": "LineString", "coordinates": [ [ 135.7160763, 34.9372192 ], [ 135.7159736, 34.9372822 ], [ 135.7155698, 34.9374115 ], [ 135.715906, 34.9386891 ], [ 135.7159842, 34.9389988 ], [ 135.7161955, 34.9398834 ], [ 135.7162158, 34.9400078 ], [ 135.7164118, 34.9407891 ], [ 135.7166058, 34.941597 ], [ 135.7166667, 34.9418355 ], [ 135.7167222, 34.9420533 ], [ 135.7168289, 34.9425264 ], [ 135.7168552, 34.94266 ], [ 135.7168728, 34.9427692 ], [ 135.7168728, 34.9437439 ], [ 135.7168532, 34.944597 ], [ 135.7168515, 34.944687 ], [ 135.7168222, 34.9465707 ], [ 135.7168214, 34.9466383 ], [ 135.7168181, 34.9470578 ], [ 135.7167989, 34.9475744 ], [ 135.7167945, 34.9477543 ], [ 135.7167769, 34.9495378 ], [ 135.7167696, 34.9496379 ], [ 135.7167648, 34.95 ], [ 135.7167567, 34.950612 ], [ 135.7167437, 34.9515768 ], [ 135.7167424, 34.9516668 ], [ 135.7167297, 34.9525231 ], [ 135.7167294, 34.9525903 ], [ 135.7167159, 34.9544643 ], [ 135.7167163, 34.9545542 ], [ 135.7167286, 34.9553032 ], [ 135.7167312, 34.9553932 ], [ 135.7167848, 34.9565953 ], [ 135.7168044, 34.9571914 ], [ 135.7168225, 34.9574421 ], [ 135.7168473, 34.9579127 ], [ 135.7168851, 34.9583333 ], [ 135.7169142, 34.9586564 ], [ 135.7169537, 34.9592798 ], [ 135.7169894, 34.9595639 ], [ 135.7171128, 34.9602458 ], [ 135.717149, 34.9604544 ], [ 135.7171919, 34.9606789 ], [ 135.7172633, 34.9611025 ], [ 135.7173448, 34.9615837 ], [ 135.7174003, 34.9619533 ], [ 135.7174921, 34.9624859 ], [ 135.7175986, 34.963047 ], [ 135.7176603, 34.9634697 ], [ 135.7181844, 34.9636276 ], [ 135.7190341, 34.9638923 ], [ 135.7195533, 34.9639352 ], [ 135.7200932, 34.9640756 ], [ 135.7208359, 34.9643009 ], [ 135.7222834, 34.9647351 ], [ 135.7239168, 34.9652299 ], [ 135.7244174, 34.9654072 ], [ 135.7249982, 34.9656762 ], [ 135.7257207, 34.9658905 ], [ 135.7264573, 34.9661179 ], [ 135.7264783, 34.9666667 ], [ 135.7265281, 34.9682327 ], [ 135.7265556, 34.9691053 ], [ 135.7265612, 34.9695495 ], [ 135.7266014, 34.9705202 ], [ 135.7266036, 34.9708808 ], [ 135.7266523, 34.9723723 ], [ 135.7266661, 34.9728884 ], [ 135.726687, 34.9735078 ], [ 135.7267117, 34.9743156 ], [ 135.7267128, 34.9744058 ], [ 135.7267128, 34.9745383 ], [ 135.7267128, 34.9746441 ], [ 135.7272737, 34.9749555 ], [ 135.7280131, 34.9753728 ], [ 135.7292172, 34.9760489 ], [ 135.7298578, 34.9764122 ], [ 135.7311156, 34.9771138 ], [ 135.7317833, 34.9774917 ], [ 135.7325772, 34.9779314 ], [ 135.7328238, 34.9781062 ], [ 135.7332133, 34.9781003 ], [ 135.7333407, 34.9781044 ], [ 135.7340406, 34.9781266 ], [ 135.7342723, 34.9781347 ], [ 135.7349153, 34.9781511 ], [ 135.736205, 34.9781995 ], [ 135.7368269, 34.978245 ], [ 135.7372633, 34.9783007 ], [ 135.7388794, 34.9784942 ], [ 135.7401989, 34.9786457 ], [ 135.7413756, 34.9787907 ], [ 135.7424535, 34.9789196 ], [ 135.743611, 34.9790312 ], [ 135.7438795, 34.9790567 ], [ 135.7443085, 34.9790878 ], [ 135.7450733, 34.9791308 ], [ 135.7454627, 34.9791539 ], [ 135.7461372, 34.979187 ], [ 135.74631, 34.9791825 ] ] } },
{ "type": "Feature", "properties": { "N12_001": "26", "N12_002": 1, "N12_003": 3, "N12_004": "一般国道177号", "N12_005": 3, "N12_006": 1 }, "geometry": { "type": "LineString", "coordinates": [ [ 135.3291055, 35.4525929 ], [ 135.3290984, 35.4519121 ], [ 135.3290928, 35.4515334 ], [ 135.3290656, 35.4507573 ] ] } },
{ "type": "Feature", "properties": { "N12_001": "26", "N12_002": 1, "N12_003": 4, "N12_004": "京都府道小倉西舞鶴線", "N12_005": 4, "N12_006": 1 }, "geometry": { "type": "LineString", "coordinates": [ [ 135.4253901, 35.4807311 ], [ 135.4254802, 35.4796987 ], [ 135.4255082, 35.4793759 ], [ 135.4255908, 35.4785048 ], [ 135.4256386, 35.4776855 ], [ 135.4256392, 35.4773119 ], [ 135.4256086, 35.4768117 ], [ 135.4255848, 35.4765392 ], [ 135.4254734, 35.4757433 ], [ 135.425346, 35.475 ], [ 135.4252778, 35.4746019 ], [ 135.4251439, 35.473688 ], [ 135.4250825, 35.4733522 ], [ 135.4249931, 35.4729564 ], [ 135.4249014, 35.4726333 ], [ 135.4247327, 35.4720994 ], [ 135.4246914, 35.4719698 ], [ 135.4243, 35.4708447 ], [ 135.4239156, 35.4697183 ], [ 135.4238275, 35.4693994 ], [ 135.4237492, 35.4690819 ], [ 135.4236819, 35.468713 ], [ 135.4236089, 35.4683125 ], [ 135.4233214, 35.4669825 ], [ 135.4232208, 35.4664958 ], [ 135.4231305, 35.4660591 ], [ 135.4229558, 35.4649769 ], [ 135.4228132, 35.464257 ], [ 135.4227306, 35.4638747 ], [ 135.4226328, 35.4635506 ], [ 135.422535, 35.4633667 ], [ 135.4223958, 35.4632038 ], [ 135.4223267, 35.4631378 ], [ 135.4221994, 35.4630139 ], [ 135.4220236, 35.4628772 ], [ 135.4219564, 35.4628345 ], [ 135.4216108, 35.4627194 ], [ 135.4214552, 35.462687 ], [ 135.4213589, 35.4626667 ], [ 135.4210519, 35.4626564 ], [ 135.4204136, 35.4626614 ], [ 135.4199436, 35.4627011 ] ] } },
{ "type": "Feature", "properties": { "N12_001": "26", "N12_002": 1, "N12_003": 4, "N12_004": "京都府道　宇治淀線", "N12_005": 5, "N12_006": 1 }, "geometry": { "type": "LineString", "coordinates": [ [ 135.7454641, 34.8753856 ], [ 135.7458042, 34.8752939 ], [ 135.7460572, 34.8752433 ], [ 135.7464606, 34.875187 ], [ 135.7468128, 34.8751679 ], [ 135.7469631, 34.8751585 ], [ 135.7470141, 34.8751549 ], [ 135.7471646, 34.875144 ], [ 135.7471738, 34.8751438 ] ] } },
{ "type": "Feature", "properties": { "N12_001": "26", "N12_002": 1, "N12_003": 4, "N12_004": "京都府道　八幡木津線", "N12_005": 6, "N12_006": 1 }, "geometry": { "type": "LineString", "coordinates": [ [ 135.7405655, 34.8655093 ], [ 135.7404694, 34.8655386 ], [ 135.7403641, 34.8655943 ], [ 135.7402478, 34.8656908 ], [ 135.7399878, 34.8660003 ], [ 135.7396012, 34.8664783 ], [ 135.739536, 34.8665581 ], [ 135.7394265, 34.8667141 ], [ 135.7393938, 34.8667584 ], [ 135.7393218, 34.8668471 ], [ 135.7392195, 34.86697 ], [ 135.7389677, 34.8672871 ], [ 135.7388648, 34.8674236 ], [ 135.7385533, 34.8679039 ], [ 135.738332, 34.8681524 ], [ 135.7381746, 34.8682869 ], [ 135.7380559, 34.8683394 ], [ 135.7379167, 34.868385 ], [ 135.7377114, 34.8684169 ], [ 135.7372779, 34.8684556 ], [ 135.736846, 34.8684826 ], [ 135.7364767, 34.8685106 ], [ 135.7360754, 34.8685468 ], [ 135.7358906, 34.8685377 ], [ 135.7354365, 34.8685696 ], [ 135.7345317, 34.8685933 ] ] } },
{ "type": "Feature", "properties": { "N12_001": "26", "N12_002": 1, "N12_003": 6, "N12_004": "京都府道　梅津東山七条線", "N12_005": 7, "N12_006": 1 }, "geometry": { "type": "LineString", "coordinates": [ [ 135.7530383, 34.9892175 ], [ 135.7520864, 34.9892098 ], [ 135.7508519, 34.9891998 ], [ 135.7500645, 34.9891933 ], [ 135.7492001, 34.9891819 ], [ 135.7490628, 34.9891801 ], [ 135.747165, 34.9891556 ], [ 135.745957, 34.9891331 ], [ 135.7450703, 34.9891241 ], [ 135.743362, 34.9891186 ], [ 135.7432554, 34.9891196 ] ] } },
{ "type": "Feature", "properties": { "N12_001": "26", "N12_002": 2, "N12_003": 3, "N12_004": "一般国道162号", "N12_005": 8, "N12_006": 1 }, "geometry": { "type": "LineString", "coordinates": [ [ 135.5884512, 35.2771222 ], [ 135.5879978, 35.2775914 ], [ 135.5877986, 35.2777717 ], [ 135.5877109, 35.2778386 ], [ 135.5875886, 35.2778735 ], [ 135.5874825, 35.2778789 ], [ 135.5873039, 35.2778339 ], [ 135.5870428, 35.2777211 ], [ 135.5868925, 35.2776417 ], [ 135.5867817, 35.2775858 ], [ 135.586474, 35.2773951 ], [ 135.5863915, 35.2773543 ], [ 135.5860947, 35.2772139 ], [ 135.5856961, 35.277152 ], [ 135.5852381, 35.277097 ], [ 135.5846588, 35.2770278 ], [ 135.5844664, 35.2769939 ], [ 135.5842331, 35.276932 ], [ 135.5840062, 35.2768814 ], [ 135.5835322, 35.276752 ], [ 135.5832847, 35.27669 ], [ 135.5831817, 35.2766617 ], [ 135.5830159, 35.2765868 ], [ 135.582973, 35.2765652 ], [ 135.5828621, 35.2764859 ], [ 135.5828244, 35.2764589 ], [ 135.5821444, 35.2758108 ], [ 135.5821011, 35.2757811 ], [ 135.5820281, 35.2757395 ], [ 135.5819108, 35.2756925 ], [ 135.581417, 35.2755357 ], [ 135.5807061, 35.275315 ], [ 135.5802344, 35.2751683 ], [ 135.5800812, 35.2751538 ], [ 135.5795334, 35.2751341 ], [ 135.5794218, 35.2751301 ], [ 135.5786544, 35.2751005 ], [ 135.5780292, 35.275095 ], [ 135.5779467, 35.2751061 ], [ 135.5778483, 35.2751228 ], [ 135.5777475, 35.2751514 ], [ 135.5776811, 35.2752094 ], [ 135.5776239, 35.2752753 ], [ 135.5775825, 35.275388 ], [ 135.5775756, 35.2756414 ], [ 135.5775458, 35.2759773 ], [ 135.5775275, 35.2761828 ], [ 135.5774592, 35.2762675 ], [ 135.5773669, 35.2763325 ], [ 135.5772669, 35.2763403 ], [ 135.5771697, 35.2763204 ], [ 135.577109, 35.2762572 ], [ 135.5771017, 35.2759856 ], [ 135.5770062, 35.2757825 ], [ 135.5769283, 35.2757391 ], [ 135.5768506, 35.2757132 ], [ 135.5767759, 35.2757153 ], [ 135.5766603, 35.2757286 ], [ 135.5765892, 35.2757997 ], [ 135.5764827, 35.2759582 ], [ 135.5763961, 35.2760842 ], [ 135.576359, 35.2761143 ], [ 135.5763008, 35.2761345 ], [ 135.576251, 35.2761325 ], [ 135.5762111, 35.2761097 ], [ 135.5759972, 35.2759344 ], [ 135.5759327, 35.2759113 ], [ 135.5758163, 35.2759239 ], [ 135.5755764, 35.2761264 ], [ 135.57548, 35.2761656 ], [ 135.5753978, 35.2761711 ], [ 135.5753014, 35.2761433 ], [ 135.5751642, 35.2761431 ], [ 135.5751046, 35.276165 ], [ 135.574959, 35.2762142 ], [ 135.5748411, 35.27625 ], [ 135.5747519, 35.27625 ], [ 135.5744292, 35.27616 ], [ 135.5743056, 35.2761542 ], [ 135.5742025, 35.276205 ], [ 135.5740925, 35.2762783 ], [ 135.5740031, 35.2763683 ], [ 135.5738589, 35.2765825 ], [ 135.5737694, 35.2767008 ], [ 135.5736733, 35.2767572 ], [ 135.5735511, 35.2767436 ], [ 135.5734952, 35.2766963 ], [ 135.5734536, 35.2765824 ], [ 135.5733572, 35.2763967 ], [ 135.5732681, 35.2763233 ], [ 135.5730756, 35.2762614 ], [ 135.5719694, 35.2760642 ], [ 135.5717536, 35.2760719 ], [ 135.5716189, 35.2761147 ], [ 135.5714197, 35.276205 ], [ 135.5713167, 35.2762444 ], [ 135.5711106, 35.2762783 ], [ 135.5710281, 35.2762953 ], [ 135.5708769, 35.2763572 ], [ 135.5706092, 35.2764811 ], [ 135.5704994, 35.2765094 ], [ 135.5703414, 35.2765375 ], [ 135.5697781, 35.276543 ], [ 135.5693931, 35.2765714 ], [ 135.5691594, 35.2766108 ], [ 135.5689533, 35.2766839 ], [ 135.5688892, 35.276723 ], [ 135.5687405, 35.2768136 ], [ 135.5681494, 35.2772308 ], [ 135.5680258, 35.2772814 ], [ 135.5679092, 35.2772533 ], [ 135.5678267, 35.2772025 ], [ 135.5675861, 35.2769828 ], [ 135.5674761, 35.2769095 ], [ 135.5673181, 35.2768531 ], [ 135.5667478, 35.2767178 ], [ 135.5666781, 35.276709 ], [ 135.5665692, 35.2766953 ], [ 135.56637, 35.2766953 ], [ 135.5662394, 35.2767347 ], [ 135.5659648, 35.27687 ], [ 135.5658342, 35.2769208 ], [ 135.565697, 35.2769264 ], [ 135.5655803, 35.27687 ], [ 135.5654222, 35.2767294 ], [ 135.5653742, 35.2766505 ], [ 135.5653742, 35.2764982 ], [ 135.5654839, 35.2764139 ], [ 135.5655803, 35.27638 ], [ 135.5656764, 35.2763686 ], [ 135.5662122, 35.2763461 ], [ 135.5663222, 35.2763292 ], [ 135.566384, 35.2763101 ], [ 135.5664308, 35.2762765 ], [ 135.5664744, 35.2761583 ], [ 135.5664114, 35.2760417 ], [ 135.5663336, 35.2760043 ], [ 135.5661711, 35.2759856 ], [ 135.5658755, 35.2759967 ], [ 135.5652708, 35.2760417 ], [ 135.5649342, 35.276087 ], [ 135.5647503, 35.2761287 ], [ 135.5647144, 35.276132 ], [ 135.564687, 35.2761433 ], [ 135.5644944, 35.2761997 ], [ 135.5643365, 35.2762559 ], [ 135.5634778, 35.2765433 ], [ 135.5631067, 35.2766506 ], [ 135.56277, 35.2767406 ], [ 135.5625364, 35.2767745 ], [ 135.5613394, 35.2767822 ], [ 135.5612381, 35.2767822 ], [ 135.5607914, 35.2768928 ], [ 135.5606197, 35.2769436 ], [ 135.5599808, 35.2770959 ], [ 135.5597335, 35.2771633 ], [ 135.5593627, 35.2772536 ], [ 135.558909, 35.277355 ], [ 135.5585861, 35.2774169 ], [ 135.5583539, 35.2774404 ], [ 135.5576928, 35.2775072 ], [ 135.5574731, 35.2775408 ], [ 135.5566027, 35.2777771 ], [ 135.5560713, 35.2779242 ], [ 135.5557933, 35.2780445 ], [ 135.5555564, 35.2782161 ], [ 135.5554442, 35.2783033 ], [ 135.5553394, 35.2784081 ], [ 135.5552622, 35.2784928 ], [ 135.5552058, 35.2785611 ], [ 135.5550403, 35.2788542 ], [ 135.5549974, 35.279005 ], [ 135.5549714, 35.2792539 ] ] } },
{ "type": "Feature", "properties": { "N12_001": "26", "N12_002": 2, "N12_003": 3, "N12_004": "一般国道163号", "N12_005": 1, "N12_006": 3 }, "geometry": { "type": "LineString", "coordinates": [ [ 136.0244213, 34.7635856 ], [ 136.0240536, 34.7639905 ], [ 136.0238781, 34.764395 ], [ 136.0237502, 34.7649096 ], [ 136.0237443, 34.7653498 ], [ 136.0238454, 34.7660725 ], [ 136.0239763, 34.7672831 ], [ 136.0240118, 34.7678252 ], [ 136.0238958, 34.76822 ], [ 136.0238074, 34.7684391 ], [ 136.023786, 34.7684812 ], [ 136.0237112, 34.7686155 ], [ 136.0235744, 34.7688072 ], [ 136.0234175, 34.7689611 ], [ 136.0231786, 34.7691583 ], [ 136.0231016, 34.7692037 ], [ 136.0230571, 34.7692302 ], [ 136.0228031, 34.7693836 ], [ 136.0227714, 34.7694025 ], [ 136.0222314, 34.7697956 ], [ 136.0221181, 34.7698842 ], [ 136.022015, 34.7699547 ], [ 136.0219153, 34.7700256 ], [ 136.0214611, 34.7702545 ], [ 136.0210689, 34.7704039 ], [ 136.0210147, 34.7704248 ], [ 136.0209392, 34.7704544 ], [ 136.0207342, 34.7705167 ], [ 136.0205908, 34.7705503 ], [ 136.0201128, 34.7706853 ], [ 136.0198533, 34.7707755 ], [ 136.0194708, 34.7709172 ], [ 136.0190636, 34.7711111 ], [ 136.0188758, 34.7712699 ], [ 136.0188039, 34.771472 ], [ 136.01868, 34.7719595 ], [ 136.0186733, 34.7720206 ], [ 136.0186868, 34.7725717 ], [ 136.0187164, 34.773012 ], [ 136.0187269, 34.7732833 ], [ 136.01872, 34.7735516 ], [ 136.01872, 34.7736328 ], [ 136.0186708, 34.773917 ], [ 136.0186586, 34.7739878 ], [ 136.0186164, 34.7741379 ], [ 136.0183739, 34.775 ], [ 136.0183242, 34.775177 ], [ 136.0182489, 34.7754025 ], [ 136.0181747, 34.7755947 ], [ 136.0180306, 34.7759264 ], [ 136.0179417, 34.7760558 ], [ 136.0178256, 34.7761855 ], [ 136.0177127, 34.7762868 ], [ 136.0176686, 34.7763264 ], [ 136.0174775, 34.7764108 ], [ 136.0172317, 34.7764447 ], [ 136.0167799, 34.776473 ], [ 136.0166955, 34.7764721 ], [ 136.0163182, 34.776468 ], [ 136.0162417, 34.7764672 ], [ 136.016097, 34.7764596 ], [ 136.0158183, 34.7764447 ], [ 136.0153403, 34.7764392 ], [ 136.015184, 34.7764531 ], [ 136.0144673, 34.7766832 ], [ 136.0134251, 34.776964 ], [ 136.0125066, 34.7772114 ], [ 136.0118594, 34.7772447 ], [ 136.0100435, 34.7763471 ], [ 136.0099793, 34.7763236 ], [ 136.0095439, 34.7762135 ], [ 136.008723, 34.7760993 ], [ 136.0081626, 34.7760172 ], [ 136.007281, 34.7757924 ], [ 136.0062888, 34.7754676 ], [ 136.0053929, 34.775207 ], [ 136.0049111, 34.7750535 ], [ 136.0044114, 34.7748822 ], [ 136.0034227, 34.7746252 ], [ 136.0028838, 34.7745253 ], [ 136.0023948, 34.7744111 ], [ 136.0015917, 34.7742647 ], [ 136.0005174, 34.7740684 ], [ 136.0002676, 34.7739935 ], [ 135.9996465, 34.7739399 ], [ 135.9987756, 34.7739507 ], [ 135.9976299, 34.7740899 ], [ 135.9969446, 34.7742933 ], [ 135.9959024, 34.774718 ], [ 135.9945283, 34.7751428 ], [ 135.9935646, 34.7753819 ], [ 135.9930007, 34.7754533 ], [ 135.9923904, 34.7754105 ], [ 135.9918336, 34.7753426 ], [ 135.9905237, 34.7750357 ], [ 135.9883553, 34.7747527 ], [ 135.9868801, 34.7745195 ], [ 135.9858902, 34.7743149 ], [ 135.9849717, 34.7740912 ], [ 135.984453, 34.7738771 ], [ 135.9839105, 34.7736153 ], [ 135.9831919, 34.7730633 ], [ 135.9827969, 34.772616 ], [ 135.9824257, 34.7720068 ], [ 135.9820069, 34.7713406 ], [ 135.9814408, 34.7707794 ], [ 135.9813651, 34.7707205 ], [ 135.9808904, 34.7703957 ], [ 135.9801338, 34.770021 ], [ 135.9795199, 34.7697533 ], [ 135.9785074, 34.7690791 ], [ 135.9780315, 34.7687896 ], [ 135.977914, 34.7687624 ], [ 135.977414, 34.768554 ], [ 135.976329, 34.7683185 ], [ 135.9742803, 34.7679152 ], [ 135.9722316, 34.7675332 ], [ 135.9707968, 34.767262 ], [ 135.9694904, 34.7669907 ], [ 135.9687231, 34.766773 ], [ 135.9679406, 34.7665304 ], [ 135.9678722, 34.7665028 ], [ 135.9677518, 34.7664717 ], [ 135.9670925, 34.7664143 ], [ 135.9659896, 34.7662573 ], [ 135.9650402, 34.7661216 ], [ 135.9644942, 34.766061 ], [ 135.9637018, 34.7661538 ], [ 135.963327, 34.7662287 ], [ 135.9627774, 34.7663037 ], [ 135.961571, 34.7662894 ], [ 135.9605859, 34.766143 ], [ 135.9599149, 34.7660645 ], [ 135.959326, 34.7660681 ], [ 135.9583337, 34.7661216 ], [ 135.9574164, 34.7661181 ], [ 135.9563584, 34.7659543 ], [ 135.9561967, 34.7659319 ], [ 135.9559614, 34.7658833 ], [ 135.9556822, 34.765825 ], [ 135.9553925, 34.7657478 ], [ 135.9551817, 34.7656845 ], [ 135.9549244, 34.7655956 ], [ 135.9546292, 34.7654667 ], [ 135.9543481, 34.7653378 ], [ 135.9540783, 34.7651831 ], [ 135.9537631, 34.7649995 ], [ 135.9536429, 34.7649139 ], [ 135.9535192, 34.7648286 ], [ 135.9531848, 34.7645692 ], [ 135.952775, 34.7641747 ], [ 135.9525969, 34.7639436 ], [ 135.9524962, 34.7637976 ], [ 135.9523834, 34.763621 ], [ 135.9523251, 34.7635166 ], [ 135.952307, 34.7634717 ], [ 135.9522064, 34.7631703 ], [ 135.9520034, 34.7625916 ], [ 135.9518531, 34.762225 ], [ 135.9517642, 34.7620842 ], [ 135.9516476, 34.7619726 ], [ 135.9516, 34.7619317 ], [ 135.9515064, 34.7618505 ], [ 135.9510159, 34.7614244 ], [ 135.9505489, 34.7610189 ], [ 135.9503097, 34.7608781 ], [ 135.950271, 34.7608664 ], [ 135.950165, 34.7608344 ], [ 135.9501283, 34.7608279 ], [ 135.9498879, 34.7607906 ], [ 135.9495141, 34.7607325 ], [ 135.9485442, 34.7606647 ], [ 135.9478986, 34.7605502 ], [ 135.947272, 34.7604394 ], [ 135.9463164, 34.7602591 ], [ 135.9460836, 34.7602172 ], [ 135.9460449, 34.7602109 ], [ 135.9459159, 34.7601898 ], [ 135.9457565, 34.7601638 ], [ 135.9457025, 34.760155 ], [ 135.9453656, 34.7600959 ], [ 135.9445258, 34.7599472 ], [ 135.9438808, 34.759812 ], [ 135.9433082, 34.7597078 ], [ 135.9427583, 34.7596211 ], [ 135.9417939, 34.7594592 ], [ 135.9417044, 34.759454 ], [ 135.9413308, 34.7594325 ], [ 135.9410306, 34.7594461 ], [ 135.9404775, 34.75957 ], [ 135.9403067, 34.7596322 ], [ 135.9400542, 34.7597447 ], [ 135.9398286, 34.7598521 ], [ 135.9391053, 34.7601789 ], [ 135.9389756, 34.7602633 ], [ 135.9384328, 34.7606734 ], [ 135.9383267, 34.7607536 ], [ 135.9381975, 34.7608914 ], [ 135.9380558, 34.7610228 ], [ 135.93794, 34.7611131 ], [ 135.9378039, 34.7611978 ], [ 135.9368653, 34.7617453 ], [ 135.9366061, 34.761892 ], [ 135.9363945, 34.7619708 ], [ 135.9361486, 34.7620158 ], [ 135.9358686, 34.7620383 ], [ 135.9351925, 34.7620328 ], [ 135.9350185, 34.7620231 ], [ 135.93494, 34.7620158 ], [ 135.9346736, 34.7619933 ], [ 135.9343595, 34.7619878 ], [ 135.9337317, 34.7620103 ], [ 135.9333329, 34.7620103 ], [ 135.9331647, 34.7620103 ], [ 135.932953, 34.7619878 ], [ 135.9326867, 34.7619425 ], [ 135.9325521, 34.7619101 ], [ 135.9324067, 34.761875 ], [ 135.9319903, 34.7618017 ], [ 135.9316292, 34.7617722 ], [ 135.9313478, 34.761777 ], [ 135.9310414, 34.7618017 ], [ 135.9308842, 34.7618072 ], [ 135.9305704, 34.7618442 ], [ 135.9303111, 34.7618722 ], [ 135.9300839, 34.761915 ], [ 135.9296893, 34.761965 ], [ 135.9294436, 34.7619875 ], [ 135.9292244, 34.7619983 ], [ 135.928877, 34.7620156 ], [ 135.9284672, 34.762055 ], [ 135.9277569, 34.7621228 ], [ 135.92745, 34.7621733 ], [ 135.9272042, 34.7622242 ], [ 135.9266372, 34.762427 ], [ 135.9253739, 34.7629231 ], [ 135.9250204, 34.7630904 ], [ 135.9249776, 34.7631106 ], [ 135.9246502, 34.7632497 ], [ 135.9243431, 34.7633792 ], [ 135.9241424, 34.763474 ], [ 135.9237217, 34.7636722 ], [ 135.9236492, 34.7637089 ], [ 135.9235461, 34.7637615 ], [ 135.923237, 34.7639203 ], [ 135.9225255, 34.7642483 ], [ 135.9220353, 34.7644725 ], [ 135.9217486, 34.7645742 ], [ 135.9214003, 34.7646472 ], [ 135.9213046, 34.7646586 ], [ 135.9209772, 34.7647036 ], [ 135.9205875, 34.7647545 ], [ 135.9201611, 34.7648272 ], [ 135.9199939, 34.7648558 ], [ 135.9197889, 34.7649292 ], [ 135.9195225, 34.7650022 ], [ 135.9191325, 34.7650836 ], [ 135.9188828, 34.765137 ], [ 135.9186417, 34.7651656 ], [ 135.9182569, 34.7651703 ], [ 135.9179861, 34.7651431 ], [ 135.9177675, 34.7650978 ], [ 135.9173786, 34.7650417 ], [ 135.9169758, 34.7650358 ], [ 135.9166597, 34.7650632 ], [ 135.9164429, 34.7650952 ], [ 135.9162383, 34.7651261 ], [ 135.9160334, 34.7651431 ], [ 135.9156647, 34.7651431 ], [ 135.9154939, 34.7651261 ], [ 135.9153436, 34.7650922 ], [ 135.9151253, 34.7650697 ], [ 135.9147978, 34.7650642 ], [ 135.91462, 34.7650867 ], [ 135.9138553, 34.7652614 ], [ 135.9131244, 34.7654395 ], [ 135.9129061, 34.7654867 ], [ 135.9118069, 34.7657856 ], [ 135.9115745, 34.7658362 ], [ 135.9113083, 34.7658983 ], [ 135.9110217, 34.7659603 ], [ 135.9107211, 34.7659997 ], [ 135.9101067, 34.7660561 ], [ 135.9097513, 34.7660786 ], [ 135.9090622, 34.7661236 ], [ 135.9086456, 34.7661914 ], [ 135.9083333, 34.7662623 ], [ 135.9082484, 34.7662816 ], [ 135.9075733, 34.7664392 ], [ 135.9070681, 34.766552 ], [ 135.9065003, 34.7666667 ], [ 135.9064261, 34.7666817 ], [ 135.9057506, 34.7667717 ], [ 135.9051086, 34.766817 ], [ 135.9041594, 34.766845 ], [ 135.9036814, 34.7668733 ], [ 135.90322, 34.7668883 ], [ 135.9029294, 34.7668772 ], [ 135.9028428, 34.7668639 ], [ 135.9026888, 34.766831 ], [ 135.9025533, 34.7667847 ], [ 135.9024003, 34.7667011 ], [ 135.9023436, 34.7666667 ], [ 135.9021436, 34.7665453 ], [ 135.9019417, 34.7663864 ], [ 135.9018378, 34.7663153 ], [ 135.9015647, 34.7660956 ], [ 135.9013803, 34.7659319 ], [ 135.9011481, 34.7656953 ], [ 135.9008547, 34.7653572 ], [ 135.9007183, 34.765233 ], [ 135.9005953, 34.7651486 ], [ 135.9004519, 34.7650753 ], [ 135.9001241, 34.7649739 ], [ 135.9000172, 34.7649314 ], [ 135.8998989, 34.764878 ], [ 135.8997656, 34.7647734 ], [ 135.8995711, 34.7646075 ], [ 135.8992294, 34.7643992 ], [ 135.8987856, 34.7641511 ], [ 135.8985536, 34.7640386 ], [ 135.8980851, 34.7638225 ], [ 135.8978405, 34.7637372 ], [ 135.8974911, 34.7636441 ], [ 135.896998, 34.763551 ], [ 135.8965825, 34.7634889 ], [ 135.8951421, 34.763291 ], [ 135.8944626, 34.7631475 ], [ 135.8940239, 34.7630466 ], [ 135.8934531, 34.7629845 ], [ 135.8930222, 34.762969 ], [ 135.8926456, 34.7629535 ], [ 135.8922845, 34.7629574 ], [ 135.8920748, 34.7629845 ], [ 135.8918341, 34.7630233 ], [ 135.8915934, 34.7630699 ], [ 135.8913332, 34.7631397 ], [ 135.8907974, 34.7632794 ], [ 135.890215, 34.7634307 ], [ 135.8897802, 34.7635354 ], [ 135.8894579, 34.763613 ], [ 135.8890658, 34.7636945 ], [ 135.8886814, 34.7637566 ], [ 135.8885145, 34.7637682 ], [ 135.8881961, 34.7637915 ], [ 135.8878816, 34.7638148 ], [ 135.8876525, 34.7638187 ], [ 135.8873652, 34.7638458 ], [ 135.88714, 34.7638691 ], [ 135.8869342, 34.763873 ], [ 135.8863091, 34.7639622 ], [ 135.885587, 34.7640631 ], [ 135.8852181, 34.7642247 ], [ 135.8848428, 34.7643656 ], [ 135.8845969, 34.7644331 ], [ 135.8842902, 34.7644549 ], [ 135.8839213, 34.7644976 ], [ 135.8836573, 34.7645752 ], [ 135.8833933, 34.7646256 ], [ 135.8831953, 34.7646528 ], [ 135.8829313, 34.7647071 ], [ 135.8826323, 34.7647847 ], [ 135.8823644, 34.7648739 ], [ 135.8821703, 34.7649632 ], [ 135.8806993, 34.7658438 ], [ 135.8783081, 34.7672593 ] ] } },
{ "type": "Feature", "properties": { "N12_001": "26", "N12_002": 2, "N12_003": 3, "N12_004": "一般国道173号", "N12_005": 9, "N12_006": 1 }, "geometry": { "type": "LineString", "coordinates": [ [ 135.3605742, 35.1680875 ], [ 135.360559, 35.1682261 ], [ 135.3605228, 35.1683945 ], [ 135.3597945, 35.1701216 ], [ 135.3596553, 35.1707228 ], [ 135.3596672, 35.1711727 ], [ 135.35972, 35.1714986 ], [ 135.3597708, 35.1716417 ], [ 135.3601342, 35.1721308 ], [ 135.3602867, 35.1724347 ], [ 135.3603944, 35.1727055 ], [ 135.3606622, 35.1731792 ], [ 135.3608531, 35.1734447 ], [ 135.3611131, 35.1737497 ], [ 135.3618406, 35.1744772 ], [ 135.3627076, 35.1749475 ], [ 135.3630412, 35.1751773 ], [ 135.3634246, 35.1755243 ], [ 135.3641619, 35.1762217 ], [ 135.3646839, 35.1765767 ], [ 135.3650961, 35.1768147 ], [ 135.3655594, 35.1770803 ], [ 135.366943, 35.1776266 ], [ 135.3673403, 35.177789 ], [ 135.3678473, 35.178051 ], [ 135.3681384, 35.1782476 ], [ 135.3682886, 35.1784519 ], [ 135.3684717, 35.1788604 ], [ 135.3687791, 35.1797585 ], [ 135.3689481, 35.1805823 ], [ 135.3684006, 35.1818943 ], [ 135.367879, 35.1831858 ], [ 135.3676362, 35.1835392 ], [ 135.3655484, 35.1856508 ], [ 135.3653225, 35.1858603 ], [ 135.3652258, 35.1859947 ], [ 135.3651569, 35.1861356 ], [ 135.3651228, 35.186395 ], [ 135.3651445, 35.186672 ] ] } },
{ "type": "Feature", "properties": { "N12_001": "26", "N12_002": 2, "N12_003": 3, "N12_004": "一般国道175号", "N12_005": 10, "N12_006": 1 }, "geometry": { "type": "LineString", "coordinates": [ [ 135.3290656, 35.4507573 ], [ 135.3286951, 35.4507906 ], [ 135.3285162, 35.4508032 ], [ 135.3276011, 35.4508676 ], [ 135.3271508, 35.4508883 ], [ 135.3269258, 35.4509004 ], [ 135.3268159, 35.4509097 ], [ 135.3264508, 35.4509499 ], [ 135.3263406, 35.4509603 ], [ 135.326047, 35.4509753 ], [ 135.3259916, 35.4509769 ], [ 135.3258417, 35.4509788 ], [ 135.3257003, 35.4509858 ], [ 135.3254937, 35.4509962 ], [ 135.3253073, 35.4510075 ], [ 135.3250593, 35.4510237 ], [ 135.325, 35.4510275 ], [ 135.3248798, 35.4510354 ], [ 135.3247688, 35.4510425 ], [ 135.3240312, 35.4510896 ], [ 135.3239141, 35.4510969 ], [ 135.323542, 35.4511136 ], [ 135.323233, 35.4511264 ], [ 135.3230843, 35.4511313 ], [ 135.3226436, 35.4511442 ], [ 135.3224836, 35.4511395 ], [ 135.3222456, 35.4510995 ], [ 135.322028, 35.4510506 ], [ 135.3219727, 35.4510381 ], [ 135.3213285, 35.4508923 ], [ 135.3204965, 35.4507229 ], [ 135.3203478, 35.4506922 ], [ 135.3198563, 35.4505893 ], [ 135.3197222, 35.450562 ], [ 135.3168871, 35.4500033 ], [ 135.3166371, 35.449954 ], [ 135.3163829, 35.4499039 ], [ 135.316249, 35.4498761 ], [ 135.3156377, 35.4497434 ], [ 135.3155494, 35.4497249 ], [ 135.3139508, 35.4493818 ], [ 135.3138827, 35.4493711 ], [ 135.3115266, 35.4488683 ], [ 135.3095856, 35.4484293 ], [ 135.3090699, 35.4483003 ], [ 135.3083333, 35.4481276 ], [ 135.3080482, 35.4480608 ], [ 135.307829, 35.4480036 ], [ 135.3076073, 35.4479522 ], [ 135.3073433, 35.4478958 ], [ 135.3070925, 35.4478742 ], [ 135.306826, 35.4478652 ], [ 135.3062411, 35.447845 ], [ 135.3056918, 35.4478417 ], [ 135.3052428, 35.4478333 ], [ 135.3050972, 35.4478253 ], [ 135.3046897, 35.4478333 ], [ 135.304352, 35.4478309 ], [ 135.3042416, 35.4478326 ], [ 135.304147, 35.4478361 ], [ 135.3035917, 35.4478306 ], [ 135.3032753, 35.447832 ], [ 135.3031601, 35.447836 ], [ 135.3025688, 35.4478209 ], [ 135.3024164, 35.4478222 ], [ 135.3021061, 35.4478089 ], [ 135.3017861, 35.4477708 ], [ 135.3015819, 35.4477325 ], [ 135.3013444, 35.4476572 ], [ 135.3011447, 35.4475736 ], [ 135.3009614, 35.4474739 ], [ 135.3007809, 35.4473581 ], [ 135.3003803, 35.4470767 ], [ 135.3, 35.4468261 ], [ 135.2999056, 35.4467639 ], [ 135.2994463, 35.446431 ], [ 135.2991031, 35.4462153 ], [ 135.2987711, 35.4459836 ], [ 135.2985069, 35.4458328 ], [ 135.2982694, 35.445725 ], [ 135.2979808, 35.44562 ], [ 135.297808, 35.4455737 ], [ 135.2976018, 35.4455327 ], [ 135.2973213, 35.4454708 ], [ 135.29703, 35.4454225 ], [ 135.2968952, 35.4454111 ], [ 135.2968545, 35.4454066 ], [ 135.2965386, 35.4453872 ], [ 135.296277, 35.4453872 ], [ 135.2960828, 35.4453956 ], [ 135.295945, 35.4453966 ], [ 135.2958349, 35.4454032 ], [ 135.2955822, 35.4454314 ], [ 135.2953303, 35.4454692 ], [ 135.295061, 35.4455128 ], [ 135.2950307, 35.4455189 ], [ 135.2949431, 35.4455353 ], [ 135.2947856, 35.445598 ], [ 135.2946283, 35.4456767 ], [ 135.2945008, 35.4457555 ], [ 135.2944197, 35.4458167 ], [ 135.2943472, 35.4458892 ], [ 135.2942056, 35.4460211 ], [ 135.2941272, 35.4461009 ], [ 135.2939689, 35.4462671 ], [ 135.2939286, 35.4463106 ], [ 135.2937272, 35.4465244 ], [ 135.2935249, 35.4466861 ], [ 135.2934781, 35.4467243 ], [ 135.2933825, 35.4467808 ], [ 135.2931497, 35.4468942 ], [ 135.2928865, 35.4470081 ], [ 135.2926081, 35.4471361 ], [ 135.2924225, 35.4471989 ], [ 135.2920619, 35.4472878 ], [ 135.2916667, 35.4473708 ], [ 135.2907489, 35.4475891 ], [ 135.2899981, 35.4477633 ], [ 135.2898533, 35.4478028 ], [ 135.2897639, 35.4478197 ], [ 135.2888897, 35.4480283 ], [ 135.2884004, 35.4481412 ], [ 135.2876231, 35.448327 ], [ 135.2874853, 35.4483495 ], [ 135.2872295, 35.4483606 ], [ 135.2871333, 35.4483547 ], [ 135.2869731, 35.448342 ], [ 135.28689, 35.4483303 ], [ 135.2856681, 35.4482083 ], [ 135.2852738, 35.4481737 ], [ 135.2849175, 35.4481464 ], [ 135.2841533, 35.4479772 ], [ 135.2836097, 35.4478195 ], [ 135.283527, 35.4478083 ], [ 135.2833342, 35.4478083 ], [ 135.2833333, 35.4478083 ], [ 135.2832481, 35.4478097 ], [ 135.283074, 35.4478392 ], [ 135.282917, 35.4478717 ], [ 135.2828056, 35.4479208 ], [ 135.2827071, 35.4479831 ], [ 135.2826253, 35.4480419 ], [ 135.2825659, 35.4481016 ], [ 135.2824183, 35.4482456 ], [ 135.2823115, 35.4483531 ], [ 135.2821089, 35.4485578 ], [ 135.2819367, 35.4487155 ], [ 135.2816819, 35.4488847 ], [ 135.2815031, 35.4489636 ], [ 135.2813103, 35.4490144 ], [ 135.28109, 35.4490481 ], [ 135.2807731, 35.4490705 ], [ 135.2805739, 35.4490989 ], [ 135.2803603, 35.4491269 ], [ 135.2800986, 35.4491328 ], [ 135.2799267, 35.4491214 ], [ 135.2795301, 35.4490633 ], [ 135.2793819, 35.4490433 ], [ 135.2792589, 35.44902 ], [ 135.2791417, 35.4489917 ], [ 135.2789833, 35.4489297 ], [ 135.2788594, 35.4488622 ], [ 135.2782487, 35.4485421 ], [ 135.2781327, 35.4485146 ], [ 135.278037, 35.4485072 ], [ 135.2779092, 35.4484803 ], [ 135.2777169, 35.4484114 ], [ 135.2776264, 35.4483861 ], [ 135.2775103, 35.4483381 ], [ 135.2772075, 35.4482422 ], [ 135.2768743, 35.4481489 ], [ 135.2765704, 35.4481113 ], [ 135.2763074, 35.4481079 ], [ 135.2760718, 35.4481284 ], [ 135.2758396, 35.4481864 ], [ 135.2755903, 35.448299 ], [ 135.2753888, 35.4484116 ], [ 135.2751771, 35.4485755 ], [ 135.2747024, 35.4490157 ], [ 135.2744872, 35.4491761 ], [ 135.2743301, 35.4492717 ], [ 135.2741526, 35.4493433 ], [ 135.2739408, 35.4493945 ], [ 135.271301, 35.4498348 ], [ 135.2709971, 35.4499133 ], [ 135.2707136, 35.4499883 ], [ 135.2704575, 35.4500839 ], [ 135.2702048, 35.4501965 ], [ 135.27, 35.4503023 ], [ 135.2657085, 35.4532115 ], [ 135.2656, 35.4530464 ], [ 135.2649647, 35.452128 ], [ 135.2642604, 35.4510953 ], [ 135.2636632, 35.4502196 ], [ 135.2630326, 35.4492797 ], [ 135.2627257, 35.4488586 ], [ 135.2624116, 35.4485159 ], [ 135.2620618, 35.4481852 ], [ 135.2615392, 35.447667 ], [ 135.2612623, 35.4474261 ], [ 135.2610267, 35.447162 ], [ 135.260884, 35.4468622 ], [ 135.2605641, 35.4463435 ], [ 135.2605408, 35.4462922 ], [ 135.2603481, 35.4459767 ], [ 135.2601556, 35.4457625 ], [ 135.2592813, 35.4448314 ], [ 135.2592226, 35.4447706 ], [ 135.2591089, 35.4446353 ], [ 135.2590058, 35.4444492 ], [ 135.2589025, 35.4441222 ], [ 135.2588417, 35.4439322 ], [ 135.2585994, 35.4431756 ], [ 135.2585858, 35.4431025 ], [ 135.2583931, 35.4424995 ], [ 135.2583586, 35.4424317 ], [ 135.2583333, 35.442402 ], [ 135.2582878, 35.4423486 ], [ 135.2581325, 35.4422317 ], [ 135.2581001, 35.4421923 ], [ 135.2580771, 35.4421527 ], [ 135.2580428, 35.44204 ], [ 135.2579455, 35.4416708 ], [ 135.2578903, 35.4413667 ], [ 135.2578361, 35.4411653 ], [ 135.2577614, 35.4409261 ], [ 135.2577344, 35.4408295 ], [ 135.2576833, 35.4407039 ], [ 135.2575906, 35.4405634 ], [ 135.257495, 35.4404617 ], [ 135.2573444, 35.4403494 ], [ 135.2570183, 35.4401283 ], [ 135.256743, 35.4399338 ], [ 135.2566035, 35.4398113 ], [ 135.256555, 35.4397717 ], [ 135.2564036, 35.4395858 ], [ 135.2560456, 35.4390786 ], [ 135.2556782, 35.4384878 ], [ 135.255642, 35.4384271 ], [ 135.2554603, 35.4381092 ], [ 135.2553089, 35.4378389 ], [ 135.2550544, 35.4373992 ], [ 135.2549414, 35.4371997 ], [ 135.2546619, 35.4367058 ], [ 135.2540686, 35.4356653 ], [ 135.2540124, 35.4355622 ], [ 135.2539394, 35.4354386 ], [ 135.2538531, 35.4352895 ], [ 135.2537406, 35.4350958 ], [ 135.2533953, 35.4344914 ], [ 135.2531202, 35.4340016 ], [ 135.2529986, 35.4337917 ], [ 135.2528306, 35.4334603 ], [ 135.2527604, 35.4333333 ], [ 135.2526311, 35.4330994 ], [ 135.2525114, 35.4328774 ], [ 135.2523848, 35.4326422 ], [ 135.2519989, 35.4319139 ], [ 135.2517432, 35.4314313 ], [ 135.2516742, 35.4313186 ], [ 135.2516106, 35.4312253 ], [ 135.2515403, 35.4311314 ], [ 135.2514608, 35.4310311 ], [ 135.250307, 35.4301368 ], [ 135.25, 35.4298987 ], [ 135.2495128, 35.4295208 ], [ 135.2493255, 35.4293719 ], [ 135.2492562, 35.429321 ], [ 135.249112, 35.429245 ], [ 135.2485138, 35.429013 ], [ 135.2483836, 35.428963 ], [ 135.2479361, 35.4287994 ], [ 135.2476304, 35.4286889 ], [ 135.247303, 35.4285718 ], [ 135.2466611, 35.4283406 ], [ 135.2462671, 35.4281999 ], [ 135.245265, 35.4278583 ], [ 135.2451001, 35.4278058 ], [ 135.2448705, 35.4277216 ], [ 135.2447143, 35.4276723 ], [ 135.2442407, 35.4275063 ], [ 135.2440501, 35.4274475 ], [ 135.2437124, 35.4273315 ], [ 135.2431998, 35.4271595 ], [ 135.2431308, 35.4271425 ], [ 135.2428967, 35.4270692 ], [ 135.2423164, 35.4268684 ], [ 135.2417767, 35.4266927 ], [ 135.2416667, 35.4266566 ], [ 135.2415336, 35.4266131 ], [ 135.2413502, 35.4265539 ], [ 135.2412581, 35.4265228 ], [ 135.2410378, 35.4264664 ], [ 135.2406797, 35.4264778 ], [ 135.2405075, 35.4265228 ], [ 135.2403189, 35.4265614 ], [ 135.2400739, 35.4266183 ], [ 135.2391858, 35.4268834 ], [ 135.2390828, 35.4269228 ], [ 135.2387383, 35.4270072 ], [ 135.2379122, 35.4272553 ], [ 135.2361978, 35.4278639 ], [ 135.2355993, 35.4281064 ], [ 135.2350619, 35.4283597 ], [ 135.2340361, 35.4288839 ], [ 135.2336576, 35.4290527 ], [ 135.2333325, 35.4291777 ], [ 135.2331911, 35.4292176 ], [ 135.2330722, 35.42925 ], [ 135.2327417, 35.4293178 ], [ 135.232143, 35.4294136 ], [ 135.2319172, 35.4294453 ], [ 135.2317023, 35.4294755 ], [ 135.2314885, 35.4294998 ], [ 135.2313665, 35.4295114 ], [ 135.2310069, 35.4295431 ], [ 135.2306075, 35.4295545 ], [ 135.2304136, 35.4295386 ], [ 135.2301608, 35.4294964 ], [ 135.2298486, 35.4294411 ], [ 135.2280502, 35.4291263 ], [ 135.2277711, 35.4290922 ], [ 135.2269931, 35.4290358 ], [ 135.2266694, 35.4290303 ], [ 135.2253889, 35.4289458 ], [ 135.225, 35.4289092 ], [ 135.2246111, 35.4288725 ], [ 135.2242394, 35.4288217 ], [ 135.2239294, 35.4287542 ], [ 135.2236336, 35.4286583 ], [ 135.2232547, 35.4285006 ], [ 135.2229311, 35.4283314 ], [ 135.2225731, 35.428123 ], [ 135.2218572, 35.427655 ], [ 135.2216919, 35.4275367 ], [ 135.2213271, 35.4272888 ], [ 135.2211828, 35.4271872 ], [ 135.220625, 35.4269731 ], [ 135.2199088, 35.4266914 ], [ 135.2195499, 35.4265262 ], [ 135.2192366, 35.4263888 ], [ 135.2188761, 35.42628 ], [ 135.2186042, 35.4261861 ], [ 135.2184999, 35.4261568 ], [ 135.2174401, 35.4259027 ], [ 135.2156837, 35.4254697 ], [ 135.2152457, 35.4253637 ], [ 135.2151514, 35.4253408 ], [ 135.2145781, 35.4251953 ], [ 135.214264, 35.4251225 ], [ 135.2140294, 35.4250739 ], [ 135.2135819, 35.4249836 ], [ 135.213093, 35.4249047 ], [ 135.2128194, 35.4248812 ], [ 135.2126754, 35.4248703 ], [ 135.2123776, 35.4248409 ], [ 135.2116347, 35.4248002 ], [ 135.2115167, 35.4247978 ], [ 135.2109867, 35.4247694 ], [ 135.2106356, 35.4247358 ], [ 135.2102636, 35.4246794 ], [ 135.2097747, 35.4245667 ], [ 135.2092586, 35.4243864 ], [ 135.2089419, 35.4242511 ], [ 135.2086872, 35.4241214 ], [ 135.2084281, 35.4239761 ], [ 135.2079442, 35.4236453 ], [ 135.2070347, 35.4229164 ], [ 135.2060925, 35.4220675 ], [ 135.2057651, 35.4217689 ], [ 135.2054514, 35.4214783 ], [ 135.2051214, 35.421135 ], [ 135.2048163, 35.420698 ], [ 135.2042217, 35.4198386 ], [ 135.2039908, 35.4195092 ], [ 135.2038483, 35.4193253 ], [ 135.2036011, 35.4189944 ], [ 135.2034108, 35.4187503 ], [ 135.2032047, 35.4184964 ], [ 135.2030564, 35.4182753 ], [ 135.2029669, 35.418117 ], [ 135.2028983, 35.4179747 ], [ 135.2028352, 35.4177747 ], [ 135.2027694, 35.417528 ], [ 135.2024394, 35.4165642 ], [ 135.2022056, 35.4158708 ], [ 135.2021781, 35.4157694 ], [ 135.2019785, 35.4151943 ], [ 135.2018414, 35.4148349 ], [ 135.2017997, 35.4147383 ], [ 135.2016966, 35.4145577 ], [ 135.2016003, 35.4144397 ], [ 135.2015362, 35.4143702 ], [ 135.2011053, 35.4139153 ], [ 135.2006168, 35.4134248 ], [ 135.2, 35.4128485 ], [ 135.1998328, 35.4126922 ], [ 135.1994136, 35.4123542 ], [ 135.1992278, 35.41223 ], [ 135.1989458, 35.4120669 ], [ 135.1983681, 35.411785 ], [ 135.1980103, 35.4116556 ], [ 135.1978658, 35.4116047 ], [ 135.1976389, 35.4115428 ], [ 135.1973778, 35.4114978 ], [ 135.197137, 35.4114695 ], [ 135.1959882, 35.4114183 ], [ 135.1953761, 35.4113958 ], [ 135.1952317, 35.4113789 ], [ 135.1949497, 35.411317 ], [ 135.1946678, 35.4112383 ], [ 135.1944958, 35.4112044 ], [ 135.1942206, 35.4111314 ], [ 135.1937359, 35.411017 ], [ 135.1935261, 35.4109678 ], [ 135.1933542, 35.4109283 ], [ 135.1929553, 35.410872 ], [ 135.1926248, 35.4108494 ], [ 135.1919097, 35.41081 ], [ 135.1917789, 35.410793 ], [ 135.1916472, 35.4107767 ], [ 135.1913468, 35.4107388 ], [ 135.1910394, 35.4106808 ], [ 135.1907792, 35.4106403 ], [ 135.1905548, 35.4106033 ], [ 135.1904181, 35.4105661 ], [ 135.1903208, 35.4105339 ], [ 135.1901145, 35.4104267 ], [ 135.1898672, 35.4102803 ], [ 135.1893584, 35.4099104 ], [ 135.1889735, 35.4096322 ], [ 135.1885533, 35.4093389 ], [ 135.1878729, 35.4088939 ], [ 135.1876731, 35.4087697 ], [ 135.1873497, 35.4086456 ], [ 135.1866275, 35.4084486 ], [ 135.18638, 35.4083303 ], [ 135.1860156, 35.4081106 ], [ 135.1853553, 35.4075806 ], [ 135.1847086, 35.4070903 ], [ 135.1844197, 35.4068647 ], [ 135.1841858, 35.406707 ], [ 135.1840497, 35.4066442 ], [ 135.1839383, 35.4066 ], [ 135.1838031, 35.4065425 ], [ 135.1836358, 35.4064817 ], [ 135.1834915, 35.4064139 ], [ 135.1834453, 35.4063859 ], [ 135.1832781, 35.4062844 ], [ 135.1831197, 35.4061492 ], [ 135.18301, 35.4060308 ], [ 135.182953, 35.4059542 ], [ 135.1828644, 35.4058436 ], [ 135.18283, 35.4057944 ], [ 135.1827025, 35.4056159 ], [ 135.1825871, 35.4054096 ], [ 135.1824872, 35.4051967 ], [ 135.1824031, 35.404957 ], [ 135.1823153, 35.4046555 ], [ 135.1822492, 35.4043961 ], [ 135.1821983, 35.4041767 ], [ 135.1821708, 35.4038895 ], [ 135.1821708, 35.4035286 ], [ 135.1822284, 35.403168 ], [ 135.1822742, 35.4028806 ], [ 135.1823083, 35.402672 ], [ 135.1823636, 35.4022492 ], [ 135.1824117, 35.4019508 ], [ 135.1824646, 35.4011594 ], [ 135.1824667, 35.4011025 ], [ 135.1824667, 35.4005361 ], [ 135.1824253, 35.4001247 ], [ 135.1823927, 35.4 ], [ 135.1823428, 35.3998092 ], [ 135.1822192, 35.3994597 ], [ 135.1821433, 35.3992231 ], [ 135.1821364, 35.3989639 ], [ 135.1821503, 35.398372 ], [ 135.1821572, 35.3975889 ], [ 135.1821364, 35.3973747 ], [ 135.1820403, 35.3970703 ], [ 135.1819556, 35.3967983 ], [ 135.1818524, 35.3964665 ], [ 135.1816, 35.3956558 ], [ 135.1815794, 35.3955656 ], [ 135.1814075, 35.3950244 ], [ 135.18135, 35.3948356 ], [ 135.1812883, 35.3946336 ], [ 135.1811872, 35.3943314 ], [ 135.1810842, 35.3940048 ], [ 135.1809122, 35.393582 ], [ 135.1807203, 35.3933664 ], [ 135.18043, 35.3930403 ], [ 135.1801822, 35.3928382 ], [ 135.1800864, 35.3927732 ], [ 135.1798903, 35.3926489 ], [ 135.1795717, 35.392538 ], [ 135.17921, 35.3924781 ], [ 135.1789589, 35.3924772 ], [ 135.1787733, 35.3924942 ], [ 135.17845, 35.3925336 ], [ 135.1779267, 35.392624 ], [ 135.1767169, 35.3928381 ], [ 135.1762147, 35.392962 ], [ 135.1758961, 35.3930686 ], [ 135.1757256, 35.3931333 ], [ 135.1755478, 35.3932312 ], [ 135.175505, 35.3932564 ], [ 135.1752617, 35.3935167 ], [ 135.1751691, 35.3936156 ], [ 135.175, 35.3937543 ], [ 135.1749081, 35.3938297 ], [ 135.1746742, 35.3939706 ], [ 135.1737389, 35.3944497 ], [ 135.1726834, 35.395067 ], [ 135.1722976, 35.3952929 ], [ 135.1721525, 35.395362 ], [ 135.1714797, 35.39569 ], [ 135.1712656, 35.3957907 ], [ 135.1710472, 35.3958933 ], [ 135.1706586, 35.3960589 ], [ 135.1701425, 35.3962378 ], [ 135.1696453, 35.3963839 ], [ 135.1693644, 35.3964333 ], [ 135.1690947, 35.396465 ], [ 135.16878, 35.3964839 ], [ 135.1680028, 35.3964839 ], [ 135.1668886, 35.3964614 ], [ 135.1667048, 35.396471 ], [ 135.1663522, 35.3964894 ], [ 135.165788, 35.3965514 ], [ 135.1651967, 35.3966697 ], [ 135.1648942, 35.3967656 ], [ 135.1642683, 35.3969911 ], [ 135.1638211, 35.3971658 ], [ 135.1633192, 35.3973686 ], [ 135.162975, 35.3974928 ], [ 135.1625324, 35.3976092 ], [ 135.1620533, 35.3976953 ], [ 135.1617579, 35.3977299 ], [ 135.1613797, 35.3977742 ], [ 135.1612037, 35.3977775 ], [ 135.1609033, 35.397783 ], [ 135.1605908, 35.3977767 ], [ 135.1603272, 35.3977578 ], [ 135.1600457, 35.3977328 ], [ 135.1597833, 35.3977017 ], [ 135.1594958, 35.3976453 ], [ 135.1592333, 35.3975767 ], [ 135.1589461, 35.3974892 ], [ 135.1586822, 35.3973944 ], [ 135.1583333, 35.3972371 ], [ 135.1582636, 35.397207 ], [ 135.1580511, 35.3970886 ], [ 135.1578072, 35.3969389 ], [ 135.1575817, 35.3967753 ], [ 135.1573439, 35.3965692 ], [ 135.1571128, 35.3963445 ], [ 135.1569003, 35.3961197 ], [ 135.1568128, 35.3960197 ], [ 135.1567425, 35.3959186 ], [ 135.1566133, 35.3957456 ], [ 135.1558569, 35.3947311 ], [ 135.1555817, 35.3944211 ], [ 135.1552861, 35.394145 ], [ 135.1550178, 35.3939253 ], [ 135.1548365, 35.3938173 ], [ 135.154667, 35.3937167 ], [ 135.154268, 35.3935533 ], [ 135.1539519, 35.3934686 ], [ 135.1537042, 35.3934236 ], [ 135.1534222, 35.393418 ], [ 135.1532582, 35.3934419 ], [ 135.1531678, 35.393463 ], [ 135.1528206, 35.3936241 ], [ 135.1527727, 35.3936473 ], [ 135.1525417, 35.3937617 ], [ 135.1519022, 35.3941055 ], [ 135.1517385, 35.3941992 ], [ 135.1516401, 35.3942557 ], [ 135.1515198, 35.3943231 ], [ 135.1514486, 35.3943464 ], [ 135.1513678, 35.394347 ], [ 135.1512967, 35.3943414 ], [ 135.1512297, 35.3943303 ], [ 135.1511411, 35.3943206 ], [ 135.1510632, 35.3943053 ], [ 135.1506664, 35.3942336 ], [ 135.1504956, 35.3941886 ], [ 135.1500453, 35.3937111 ], [ 135.1496059, 35.3932881 ], [ 135.1493367, 35.3930289 ], [ 135.1492061, 35.3928828 ], [ 135.148628, 35.3922873 ], [ 135.1483786, 35.39205 ], [ 135.1480071, 35.3916667 ], [ 135.1476106, 35.3912708 ], [ 135.1472461, 35.3908708 ], [ 135.147109, 35.3906811 ], [ 135.1469433, 35.390437 ], [ 135.1462347, 35.3894272 ], [ 135.1461059, 35.3892478 ], [ 135.1459857, 35.389081 ], [ 135.1457375, 35.3887375 ], [ 135.1455089, 35.3884108 ], [ 135.1453781, 35.3882278 ], [ 135.1452517, 35.388053 ], [ 135.1450728, 35.3877711 ], [ 135.1449694, 35.3875569 ], [ 135.1448819, 35.3873615 ], [ 135.1448458, 35.3872189 ], [ 135.1448319, 35.3871172 ], [ 135.1446467, 35.3863172 ], [ 135.1445089, 35.3856803 ], [ 135.1443714, 35.3851617 ], [ 135.1442958, 35.3850322 ], [ 135.1441719, 35.3848686 ], [ 135.1440756, 35.3847675 ], [ 135.1436766, 35.384463 ], [ 135.1433397, 35.3842603 ], [ 135.1428925, 35.3840122 ], [ 135.1423633, 35.383753 ], [ 135.1420675, 35.3836178 ], [ 135.1418542, 35.383505 ], [ 135.1416667, 35.383417 ], [ 135.1414883, 35.3833333 ], [ 135.1409453, 35.3830786 ], [ 135.140733, 35.3829808 ], [ 135.1402037, 35.3828286 ], [ 135.1396082, 35.3826906 ], [ 135.1394687, 35.3826558 ], [ 135.1375365, 35.381295 ], [ 135.1365371, 35.3803749 ], [ 135.1355853, 35.3790266 ], [ 135.1350143, 35.3784714 ], [ 135.1344249, 35.3779067 ], [ 135.131499, 35.3741518 ], [ 135.1289133, 35.372391 ], [ 135.1242179, 35.3699053 ], [ 135.1234009, 35.369588 ], [ 135.1227277, 35.3694266 ], [ 135.1217988, 35.3690963 ], [ 135.1204028, 35.3682238 ], [ 135.1191972, 35.3677321 ], [ 135.1176902, 35.367272 ], [ 135.1169653, 35.3666843 ], [ 135.1168889, 35.366635 ], [ 135.1167444, 35.3664942 ], [ 135.1166667, 35.3663971 ], [ 135.1166, 35.3663139 ], [ 135.1165039, 35.366145 ], [ 135.1163386, 35.3658236 ], [ 135.116105, 35.365463 ], [ 135.1157296, 35.3648669 ], [ 135.1156719, 35.3647756 ], [ 135.1155617, 35.3645695 ], [ 135.1152542, 35.3641708 ], [ 135.1148533, 35.3635861 ], [ 135.1148033, 35.363447 ], [ 135.1147847, 35.3633383 ], [ 135.1147639, 35.3631639 ], [ 135.1146744, 35.362262 ], [ 135.1146125, 35.3619747 ], [ 135.1141036, 35.3606164 ], [ 135.1139192, 35.3601311 ], [ 135.1137836, 35.359782 ], [ 135.1136812, 35.3594509 ], [ 135.11352, 35.3590653 ], [ 135.1132555, 35.3583431 ], [ 135.1130242, 35.3576242 ], [ 135.112972, 35.3574285 ], [ 135.1129003, 35.3571789 ], [ 135.1127426, 35.3567067 ], [ 135.1126161, 35.3563135 ], [ 135.1124136, 35.3556946 ], [ 135.1122744, 35.3552683 ], [ 135.11224, 35.3551725 ], [ 135.1121436, 35.3549808 ], [ 135.111965, 35.354722 ], [ 135.1112083, 35.35373 ], [ 135.1109333, 35.3534258 ], [ 135.1106031, 35.3531045 ], [ 135.1104794, 35.3529919 ], [ 135.1097231, 35.3522647 ], [ 135.1093997, 35.3519433 ], [ 135.1092758, 35.3517744 ], [ 135.1092278, 35.3516786 ], [ 135.1090833, 35.3512675 ], [ 135.1090283, 35.3511153 ], [ 135.1089114, 35.3508617 ], [ 135.1087944, 35.350687 ], [ 135.1086086, 35.3504672 ], [ 135.1084575, 35.3502417 ], [ 135.1083197, 35.3499656 ], [ 135.1082167, 35.3496611 ], [ 135.1081136, 35.3488217 ], [ 135.1079897, 35.3479425 ], [ 135.1079692, 35.3477228 ], [ 135.1078592, 35.3469561 ], [ 135.1078109, 35.3466797 ], [ 135.1077081, 35.3460828 ], [ 135.1077022, 35.3458261 ], [ 135.1077425, 35.3456039 ], [ 135.1077837, 35.3454963 ], [ 135.1079186, 35.3451478 ], [ 135.1079622, 35.3449628 ], [ 135.1079835, 35.3447569 ], [ 135.1079737, 35.3446146 ], [ 135.1078845, 35.3443378 ], [ 135.1078134, 35.3441246 ], [ 135.1077672, 35.3439828 ], [ 135.1075625, 35.3435588 ], [ 135.1074295, 35.3432747 ], [ 135.1070675, 35.3424581 ], [ 135.1068432, 35.3419564 ], [ 135.1066556, 35.3415295 ], [ 135.1065399, 35.3412673 ], [ 135.1063375, 35.3407721 ], [ 135.1061609, 35.3403469 ], [ 135.1060022, 35.3400756 ], [ 135.1059542, 35.3400247 ], [ 135.1058717, 35.3399458 ], [ 135.1056792, 35.3398389 ], [ 135.1053158, 35.339699 ], [ 135.1042784, 35.339477 ], [ 135.104123, 35.339443 ], [ 135.1034578, 35.3393147 ], [ 135.1025641, 35.3391368 ], [ 135.1006643, 35.3387558 ], [ 135.1005486, 35.3387286 ], [ 135.1000656, 35.338535 ], [ 135.0999367, 35.338458 ], [ 135.0996892, 35.3382608 ], [ 135.0993933, 35.3379453 ], [ 135.0991594, 35.337607 ], [ 135.0985475, 35.3365139 ], [ 135.0978095, 35.3349527 ], [ 135.0976064, 35.334525 ] ] } },
{ "type": "Feature", "properties": { "N12_001": "26", "N12_002": 2, "N12_003": 3, "N12_004": "一般国道176号", "N12_005": 11, "N12_006": 1 }, "geometry": { "type": "LineString", "coordinates": [ [ 135.1504679, 35.5529653 ], [ 135.1503673, 35.5529997 ], [ 135.1498172, 35.5531481 ], [ 135.1493366, 35.5532401 ], [ 135.1491446, 35.5532715 ], [ 135.1488527, 35.5532945 ], [ 135.1486897, 35.5532945 ], [ 135.1484263, 35.5532743 ], [ 135.148027, 35.5532427 ], [ 135.1473772, 35.5531595 ], [ 135.1467331, 35.5530678 ], [ 135.1459843, 35.5529646 ], [ 135.1455598, 35.5528872 ], [ 135.1447077, 35.5527582 ], [ 135.1436032, 35.5525891 ], [ 135.1429146, 35.5524801 ], [ 135.1422523, 35.5523961 ], [ 135.1416552, 35.5522623 ], [ 135.1412478, 35.5521103 ], [ 135.1407831, 35.5519383 ], [ 135.1404503, 35.5517864 ], [ 135.1400274, 35.5515406 ], [ 135.1396622, 35.5513207 ], [ 135.1393796, 35.5511064 ], [ 135.1393197, 35.5510585 ] ] } },
{ "type": "Feature", "properties": { "N12_001": "26", "N12_002": 2, "N12_003": 3, "N12_004": "一般国道178号", "N12_005": 12, "N12_006": 1 }, "geometry": { "type": "LineString", "coordinates": [ [ 135.1937984, 35.7645951 ], [ 135.1920598, 35.7635037 ], [ 135.1904301, 35.7623942 ], [ 135.1903186, 35.7623495 ], [ 135.1893024, 35.7620056 ], [ 135.1881964, 35.7616675 ], [ 135.1872882, 35.7615113 ], [ 135.1861742, 35.760631 ], [ 135.1836079, 35.7597346 ], [ 135.1815949, 35.7585569 ], [ 135.1815322, 35.75854 ], [ 135.1813808, 35.758535 ], [ 135.1811698, 35.7585422 ], [ 135.1809376, 35.7586019 ], [ 135.1800736, 35.7588839 ], [ 135.1799339, 35.7589183 ], [ 135.1797055, 35.7588806 ], [ 135.1795619, 35.75885 ], [ 135.1794444, 35.7588106 ], [ 135.1790433, 35.7586642 ], [ 135.177338, 35.7579562 ], [ 135.175079, 35.7570458 ], [ 135.1748886, 35.7569487 ], [ 135.1747092, 35.7568047 ], [ 135.1742319, 35.756348 ], [ 135.1736928, 35.7557565 ], [ 135.1733886, 35.7554803 ], [ 135.172815, 35.7550239 ], [ 135.1724573, 35.754763 ], [ 135.1721122, 35.7545267 ], [ 135.1717783, 35.754251 ], [ 135.1716975, 35.7541542 ], [ 135.1716806, 35.7540717 ], [ 135.1717019, 35.7539475 ], [ 135.1717572, 35.7538236 ], [ 135.1718333, 35.7537672 ], [ 135.1722411, 35.7535645 ], [ 135.1726319, 35.7534579 ], [ 135.1728223, 35.7532676 ], [ 135.1728096, 35.7530265 ], [ 135.1722117, 35.752887 ], [ 135.1717881, 35.7528769 ], [ 135.1715256, 35.7528545 ], [ 135.1713461, 35.7528261 ], [ 135.1708137, 35.7526608 ], [ 135.1706142, 35.7526175 ], [ 135.1703656, 35.7526175 ], [ 135.170193, 35.7526458 ], [ 135.1699997, 35.7526628 ], [ 135.1696961, 35.7526681 ], [ 135.1695923, 35.75265 ], [ 135.1690742, 35.7525106 ], [ 135.1689775, 35.7524711 ], [ 135.1687232, 35.7523271 ], [ 135.1679936, 35.7516686 ], [ 135.1674098, 35.7510467 ], [ 135.1671433, 35.7505645 ], [ 135.1671179, 35.7501584 ], [ 135.1674225, 35.7497777 ], [ 135.1677652, 35.7495746 ], [ 135.1682093, 35.7493208 ], [ 135.1683235, 35.7491178 ], [ 135.1681332, 35.7489909 ], [ 135.1677905, 35.7491305 ], [ 135.1670094, 35.7491745 ], [ 135.1667678, 35.7491803 ], [ 135.1664364, 35.7491125 ], [ 135.1661947, 35.7490281 ], [ 135.1652903, 35.7486398 ], [ 135.1652291, 35.7486078 ], [ 135.1645724, 35.7482464 ], [ 135.1638946, 35.7475188 ], [ 135.1631522, 35.7474219 ], [ 135.1628936, 35.7474561 ], [ 135.1625761, 35.747608 ], [ 135.1619799, 35.7480231 ], [ 135.1602016, 35.7498031 ], [ 135.1591737, 35.7508945 ], [ 135.1580385, 35.7515076 ], [ 135.1579767, 35.7515355 ], [ 135.1578178, 35.7515694 ], [ 135.1573553, 35.7515864 ], [ 135.1569656, 35.7520366 ], [ 135.1565722, 35.7522523 ], [ 135.1561661, 35.752141 ], [ 135.1560282, 35.7521427 ], [ 135.1559113, 35.7521158 ], [ 135.1542779, 35.7514317 ], [ 135.153923, 35.7513272 ], [ 135.1537521, 35.7512872 ], [ 135.1530569, 35.7507295 ], [ 135.1526592, 35.7508067 ], [ 135.1523828, 35.7508142 ], [ 135.1518925, 35.7508989 ], [ 135.15172, 35.7509045 ], [ 135.1516028, 35.7508875 ], [ 135.1514369, 35.7508367 ], [ 135.1510678, 35.7506799 ], [ 135.148782, 35.7494727 ], [ 135.1473056, 35.7486229 ], [ 135.1465949, 35.7480518 ], [ 135.1460015, 35.7475082 ], [ 135.1454428, 35.7475178 ], [ 135.14527, 35.7475458 ], [ 135.145159, 35.7475859 ], [ 135.1450812, 35.7476245 ], [ 135.1449198, 35.7482041 ], [ 135.1446914, 35.7486102 ], [ 135.1441076, 35.749067 ], [ 135.141382, 35.7491742 ], [ 135.1405289, 35.7497269 ], [ 135.1398182, 35.7505264 ], [ 135.1392725, 35.7510341 ], [ 135.1385999, 35.7512498 ], [ 135.1379274, 35.7513386 ], [ 135.1369883, 35.7512371 ], [ 135.1357612, 35.7507557 ], [ 135.133308, 35.7496762 ], [ 135.132737, 35.7493208 ], [ 135.1318232, 35.7488259 ], [ 135.1299803, 35.7481261 ], [ 135.1296912, 35.7476584 ], [ 135.1297039, 35.7472904 ], [ 135.1299704, 35.7469731 ], [ 135.1302496, 35.7468462 ], [ 135.1305161, 35.7466939 ], [ 135.1304654, 35.7463893 ], [ 135.1300683, 35.7463955 ], [ 135.1299941, 35.7463662 ], [ 135.1295395, 35.746317 ], [ 135.1293053, 35.746262 ], [ 135.1291542, 35.7462472 ], [ 135.1290169, 35.7462631 ], [ 135.1287675, 35.746335 ], [ 135.1283758, 35.7464744 ], [ 135.1283031, 35.7464847 ], [ 135.1281736, 35.7464806 ], [ 135.1280786, 35.7464539 ], [ 135.1279625, 35.7463878 ], [ 135.1277094, 35.7462047 ], [ 135.1265431, 35.7452697 ], [ 135.1264522, 35.7452006 ], [ 135.1261253, 35.7450272 ], [ 135.1259258, 35.7449528 ], [ 135.1256067, 35.74486 ], [ 135.1253622, 35.7448175 ], [ 135.125168, 35.7447936 ], [ 135.1244804, 35.74476 ], [ 135.1222044, 35.7446781 ], [ 135.1214655, 35.7446428 ], [ 135.1212514, 35.7446144 ], [ 135.1208853, 35.7445245 ], [ 135.1205331, 35.7443947 ], [ 135.1202222, 35.7442314 ], [ 135.1199736, 35.7440792 ], [ 135.1187169, 35.7432453 ], [ 135.11813, 35.7428056 ], [ 135.1179089, 35.7426028 ], [ 135.1176492, 35.7423013 ], [ 135.1171836, 35.7417181 ], [ 135.1170664, 35.7416053 ], [ 135.1169075, 35.7415205 ], [ 135.1167694, 35.7414756 ], [ 135.1166289, 35.7414474 ], [ 135.1162127, 35.7414383 ], [ 135.1138619, 35.7414247 ], [ 135.1135994, 35.7413797 ], [ 135.1131023, 35.741402 ], [ 135.1120192, 35.7416788 ], [ 135.1114018, 35.74177 ], [ 135.1111099, 35.7416304 ], [ 135.1106782, 35.7412932 ], [ 135.1097065, 35.7403144 ], [ 135.109461, 35.7400757 ], [ 135.1092072, 35.739875 ], [ 135.107688, 35.7388718 ], [ 135.1071697, 35.738551 ], [ 135.1070339, 35.7384811 ], [ 135.105925, 35.7380322 ], [ 135.105837, 35.7380208 ], [ 135.1054931, 35.7380322 ], [ 135.1051931, 35.7380664 ], [ 135.1048692, 35.7381261 ], [ 135.1045508, 35.7382172 ], [ 135.1043835, 35.7382947 ], [ 135.1042131, 35.7383956 ], [ 135.1040683, 35.7385033 ], [ 135.1039064, 35.7386622 ], [ 135.1034014, 35.7392428 ], [ 135.1028711, 35.7398254 ], [ 135.1025094, 35.7394756 ], [ 135.102375, 35.7393036 ], [ 135.1022247, 35.7390619 ], [ 135.1019828, 35.7385622 ], [ 135.1018592, 35.7383903 ], [ 135.1017153, 35.73826 ], [ 135.1010075, 35.7377567 ], [ 135.100775, 35.7375472 ], [ 135.1006369, 35.7373955 ], [ 135.1004989, 35.737215 ], [ 135.1003261, 35.7369389 ], [ 135.1001271, 35.7365292 ], [ 135.0998014, 35.735902 ], [ 135.0996769, 35.7357047 ], [ 135.0994628, 35.7354397 ], [ 135.0979367, 35.7337053 ], [ 135.0972058, 35.7328759 ], [ 135.0966577, 35.732254 ], [ 135.0963414, 35.731895 ], [ 135.0961964, 35.7317261 ], [ 135.09601, 35.731467 ], [ 135.0958303, 35.7311795 ], [ 135.0956822, 35.7308905 ] ] } },
{ "type": "Feature", "properties": { "N12_001": "26", "N12_002": 2, "N12_003": 3, "N12_004": "一般国道307号", "N12_005": 13, "N12_006": 1 }, "geometry": { "type": "LineString", "coordinates": [ [ 135.8617548, 34.8524611 ], [ 135.8603364, 34.8517297 ], [ 135.8593562, 34.8512132 ], [ 135.8588074, 34.8509239 ], [ 135.8586858, 34.85086 ], [ 135.8583333, 34.8507021 ], [ 135.8579995, 34.8505525 ], [ 135.8576219, 34.8504208 ], [ 135.8571675, 34.850305 ], [ 135.8567771, 34.8502437 ], [ 135.8562581, 34.8501918 ], [ 135.8558883, 34.8501918 ], [ 135.8556328, 34.8502046 ], [ 135.8543842, 34.8503171 ], [ 135.8539962, 34.8503598 ], [ 135.8536199, 34.8504002 ], [ 135.8534567, 34.8504164 ], [ 135.8531124, 34.8504477 ], [ 135.8522947, 34.8505222 ], [ 135.8519204, 34.850557 ], [ 135.851663, 34.8505813 ], [ 135.8513791, 34.8506045 ], [ 135.8510843, 34.8506216 ], [ 135.8499305, 34.8506654 ], [ 135.849431, 34.8506852 ], [ 135.8479955, 34.8507589 ], [ 135.8478303, 34.8502253 ], [ 135.8477022, 34.8499356 ], [ 135.8475092, 34.8496272 ], [ 135.8461008, 34.8481545 ], [ 135.8457681, 34.8478697 ], [ 135.8448275, 34.8472056 ], [ 135.8443975, 34.8468825 ], [ 135.8437638, 34.8463742 ], [ 135.8434222, 34.8461083 ], [ 135.8427121, 34.8455576 ], [ 135.8416044, 34.8446977 ], [ 135.8414375, 34.8445683 ], [ 135.8401839, 34.8436831 ], [ 135.8399856, 34.8435933 ], [ 135.8398383, 34.8435514 ], [ 135.8387158, 34.8434611 ], [ 135.8381981, 34.8434086 ], [ 135.8379614, 34.8433505 ], [ 135.8376223, 34.8432084 ], [ 135.8373408, 34.8430606 ], [ 135.8371603, 34.8429003 ], [ 135.8368211, 34.8424997 ], [ 135.8366675, 34.8423467 ], [ 135.836482, 34.8422203 ], [ 135.83629, 34.8421094 ], [ 135.8357339, 34.8418933 ], [ 135.8356058, 34.8417775 ], [ 135.8355252, 34.8416667 ], [ 135.8353359, 34.8414064 ], [ 135.8351631, 34.8412325 ], [ 135.8349712, 34.8410903 ], [ 135.8345985, 34.8408722 ], [ 135.833645, 34.8404456 ], [ 135.8333333, 34.8402561 ], [ 135.8330183, 34.8399767 ], [ 135.8329031, 34.8399081 ], [ 135.83262, 34.839817 ], [ 135.8324794, 34.8397272 ], [ 135.8322745, 34.8395058 ], [ 135.8321467, 34.8394161 ], [ 135.8318522, 34.8392581 ], [ 135.8316411, 34.8391528 ], [ 135.8312753, 34.8388878 ], [ 135.8311025, 34.8387878 ], [ 135.8306483, 34.838598 ], [ 135.8302519, 34.8384292 ], [ 135.8300328, 34.8383703 ], [ 135.8292522, 34.8383439 ], [ 135.8290219, 34.8382753 ], [ 135.8287725, 34.8381172 ], [ 135.82864, 34.8379092 ], [ 135.8284967, 34.837645 ], [ 135.8283711, 34.8375197 ], [ 135.8282221, 34.8374319 ], [ 135.8278961, 34.8372686 ], [ 135.8276083, 34.8370631 ], [ 135.8272069, 34.8365767 ], [ 135.8269381, 34.8361878 ], [ 135.8266444, 34.8358947 ], [ 135.8262825, 34.8355622 ], [ 135.8259532, 34.8351569 ], [ 135.8255658, 34.834587 ], [ 135.8253953, 34.8343953 ], [ 135.8250058, 34.8340233 ], [ 135.8248556, 34.8339106 ], [ 135.8247056, 34.8338206 ], [ 135.8245142, 34.8337358 ], [ 135.8241523, 34.8336064 ], [ 135.8235992, 34.83346 ], [ 135.8233328, 34.8333303 ], [ 135.8228211, 34.8331445 ], [ 135.8224938, 34.833048 ], [ 135.8218581, 34.8328739 ], [ 135.8216806, 34.8327895 ], [ 135.8216258, 34.8327556 ], [ 135.8213124, 34.8325866 ], [ 135.8209364, 34.8323947 ], [ 135.8208203, 34.8323497 ], [ 135.8207639, 34.8323253 ], [ 135.820663, 34.8322989 ], [ 135.8204244, 34.8322256 ], [ 135.8196733, 34.8320283 ], [ 135.8189754, 34.8318484 ], [ 135.8187192, 34.8317872 ], [ 135.818529, 34.8317558 ], [ 135.8183253, 34.8317342 ], [ 135.8178414, 34.8317197 ], [ 135.81763, 34.8316842 ], [ 135.8173977, 34.8316114 ], [ 135.8172122, 34.8315536 ], [ 135.81693, 34.83147 ], [ 135.8166357, 34.8311932 ], [ 135.8161305, 34.8306146 ], [ 135.8159622, 34.8300823 ], [ 135.8155271, 34.8282657 ], [ 135.815022, 34.8273053 ], [ 135.8133803, 34.8253729 ], [ 135.8127208, 34.8248174 ], [ 135.8117386, 34.8242505 ], [ 135.8105319, 34.8238686 ], [ 135.8091006, 34.823533 ], [ 135.8076975, 34.8235446 ], [ 135.8068569, 34.8233436 ], [ 135.8067613, 34.8232366 ], [ 135.8067134, 34.823172 ], [ 135.8066625, 34.8231081 ], [ 135.8065672, 34.8230555 ], [ 135.8063642, 34.8229622 ], [ 135.8059219, 34.8228928 ], [ 135.8057989, 34.8228645 ], [ 135.8055394, 34.822825 ], [ 135.8053414, 34.8228081 ], [ 135.804795, 34.8226842 ], [ 135.8046447, 34.8226617 ], [ 135.8043375, 34.8225883 ], [ 135.8040031, 34.822532 ], [ 135.8034839, 34.82247 ], [ 135.8031361, 34.8224531 ], [ 135.8023079, 34.8224827 ], [ 135.8017155, 34.8225039 ], [ 135.8010328, 34.8225039 ], [ 135.8006297, 34.8224755 ], [ 135.8, 34.8224047 ], [ 135.7995786, 34.8223403 ], [ 135.7989433, 34.8222558 ], [ 135.7987114, 34.8222133 ], [ 135.7981786, 34.8221825 ], [ 135.7978781, 34.8221545 ], [ 135.7972575, 34.8221492 ], [ 135.797175, 34.8221486 ], [ 135.7969225, 34.8221714 ], [ 135.7966561, 34.8222164 ], [ 135.7954207, 34.8225264 ], [ 135.7948674, 34.8225264 ], [ 135.7946508, 34.8223756 ], [ 135.7943064, 34.822147 ], [ 135.7937692, 34.8217927 ], [ 135.7916667, 34.8204055 ], [ 135.7906433, 34.8197317 ], [ 135.7898638, 34.8192405 ], [ 135.7884283, 34.8184137 ], [ 135.7875081, 34.8179723 ], [ 135.7861935, 34.8174048 ], [ 135.785063, 34.8169267 ], [ 135.7844951, 34.816685 ], [ 135.7838483, 34.816396 ], [ 135.783496, 34.8162488 ], [ 135.7829806, 34.8160597 ], [ 135.7821603, 34.8156971 ], [ 135.7816818, 34.8155027 ], [ 135.7808194, 34.8151243 ], [ 135.7804776, 34.814972 ], [ 135.7800517, 34.8148091 ], [ 135.7796941, 34.8146567 ], [ 135.7790842, 34.814457 ], [ 135.778655, 34.8143441 ], [ 135.7779539, 34.8141835 ], [ 135.7775933, 34.8141202 ], [ 135.7772575, 34.8140766 ], [ 135.7763693, 34.8140313 ], [ 135.7756852, 34.814 ], [ 135.775217, 34.8139892 ], [ 135.775, 34.8139843 ], [ 135.773614, 34.8139524 ], [ 135.772264, 34.8138895 ], [ 135.7709495, 34.8138422 ], [ 135.770329, 34.8138422 ], [ 135.7689881, 34.8137949 ], [ 135.7683141, 34.8138176 ], [ 135.7676301, 34.8137903 ], [ 135.7672684, 34.8137841 ], [ 135.7669955, 34.8137792 ], [ 135.7668016, 34.8137616 ], [ 135.7659379, 34.8136847 ], [ 135.7658189, 34.8136627 ], [ 135.7655444, 34.8136188 ], [ 135.7651122, 34.8135792 ], [ 135.7647962, 34.8135481 ], [ 135.7646329, 34.8135368 ], [ 135.7638061, 34.8134803 ], [ 135.7633692, 34.8134803 ], [ 135.7630753, 34.8134633 ], [ 135.7625633, 34.8134014 ], [ 135.7620578, 34.8133169 ], [ 135.7613206, 34.8131478 ], [ 135.7606855, 34.8129675 ], [ 135.7603919, 34.8128658 ], [ 135.7597158, 34.812618 ], [ 135.7595589, 34.8125392 ], [ 135.7591286, 34.8123586 ], [ 135.7588761, 34.8122853 ], [ 135.7586919, 34.8122233 ], [ 135.7582617, 34.812122 ], [ 135.757688, 34.8120206 ], [ 135.757484, 34.8119948 ], [ 135.7573031, 34.8119717 ], [ 135.7571164, 34.811955 ], [ 135.7569504, 34.8119528 ], [ 135.7568312, 34.8119501 ], [ 135.7564659, 34.8119417 ], [ 135.7563633, 34.8119472 ], [ 135.7560422, 34.8119472 ], [ 135.7557556, 34.8119247 ], [ 135.7552028, 34.8118458 ], [ 135.7546564, 34.8117275 ], [ 135.7542331, 34.8115978 ], [ 135.7538642, 34.8114681 ], [ 135.75368, 34.8113667 ], [ 135.7533002, 34.8111082 ], [ 135.753008, 34.8106847 ], [ 135.7527894, 34.8103419 ], [ 135.7523873, 34.8096669 ], [ 135.7522778, 34.8094825 ], [ 135.7521701, 34.8093025 ] ] } },
{ "type": "Feature", "properties": { "N12_001": "26", "N12_002": 2, "N12_003": 3, "N12_004": "一般国道312号", "N12_005": 14, "N12_006": 1 }, "geometry": { "type": "LineString", "coordinates": [ [ 135.0999164, 35.5809675 ], [ 135.1000899, 35.5815517 ], [ 135.1001405, 35.5818432 ], [ 135.1001613, 35.5822447 ], [ 135.1000988, 35.582676 ], [ 135.0999442, 35.5831489 ], [ 135.0997062, 35.5835296 ], [ 135.0990489, 35.5843267 ], [ 135.0988415, 35.5845654 ], [ 135.0986146, 35.5848264 ], [ 135.0977115, 35.5858488 ], [ 135.0970633, 35.5866226 ], [ 135.0968195, 35.5869318 ], [ 135.0949256, 35.5894484 ], [ 135.0939548, 35.5907261 ], [ 135.0927772, 35.5922709 ], [ 135.0921874, 35.5931692 ], [ 135.0918305, 35.593776 ], [ 135.0913962, 35.5944184 ], [ 135.08966, 35.5966358 ], [ 135.0889496, 35.5975277 ], [ 135.0878111, 35.5990497 ], [ 135.0870833, 35.6 ], [ 135.0859206, 35.6015403 ], [ 135.0839898, 35.6040931 ], [ 135.0821822, 35.6064644 ], [ 135.0807785, 35.6083333 ], [ 135.0805245, 35.6086607 ], [ 135.0798789, 35.6094103 ], [ 135.0796972, 35.6095532 ], [ 135.079608, 35.6095997 ], [ 135.0795675, 35.6096208 ], [ 135.07921, 35.609782 ], [ 135.0790925, 35.6098211 ], [ 135.0786767, 35.6099233 ], [ 135.0781465, 35.6099689 ], [ 135.0776994, 35.60999 ], [ 135.0769478, 35.6099417 ], [ 135.0765756, 35.6099136 ], [ 135.075, 35.6098129 ], [ 135.0738503, 35.6097355 ], [ 135.0720566, 35.6096169 ], [ 135.0708975, 35.6095435 ], [ 135.07063, 35.6095254 ] ] } },
{ "type": "Feature", "properties": { "N12_001": "26", "N12_002": 2, "N12_003": 3, "N12_004": "一般国道367号", "N12_005": 15, "N12_006": 1 }, "geometry": { "type": "LineString", "coordinates": [ [ 135.7593477, 35.0250689 ], [ 135.7593614, 35.0231874 ], [ 135.7593657, 35.0226064 ], [ 135.7594575, 35.0173942 ] ] } },
{ "type": "Feature", "properties": { "N12_001": "26", "N12_002": 2, "N12_003": 3, "N12_004": "一般国道372号", "N12_005": 16, "N12_006": 1 }, "geometry": { "type": "LineString", "coordinates": [ [ 135.5572806, 35.0130957 ], [ 135.5579261, 35.0131101 ], [ 135.5582437, 35.0127068 ], [ 135.5585217, 35.0123365 ], [ 135.5589254, 35.0117877 ], [ 135.5593886, 35.0112521 ], [ 135.5597857, 35.0106768 ], [ 135.560057, 35.0103462 ], [ 135.5603085, 35.0100354 ], [ 135.56056, 35.0097312 ], [ 135.5609902, 35.0092618 ], [ 135.5612986, 35.0089425 ], [ 135.5619569, 35.0095181 ], [ 135.5622802, 35.0097916 ], [ 135.5630163, 35.0104155 ], [ 135.5646568, 35.0118073 ], [ 135.5648948, 35.0119914 ], [ 135.5650527, 35.0121116 ], [ 135.5654499, 35.0123527 ], [ 135.5656419, 35.0124542 ], [ 135.5660186, 35.0126008 ], [ 135.5663222, 35.0126935 ], [ 135.5669019, 35.0128658 ], [ 135.567265, 35.0129503 ], [ 135.5692922, 35.0133675 ], [ 135.5705506, 35.0136306 ], [ 135.5711197, 35.0137417 ], [ 135.5712881, 35.0137752 ] ] } },
{ "type": "Feature", "properties": { "N12_001": "26", "N12_002": 2, "N12_003": 3, "N12_004": "一般国道482号", "N12_005": 17, "N12_006": 1 }, "geometry": { "type": "LineString", "coordinates": [ [ 135.079608, 35.6095997 ], [ 135.0800172, 35.6100075 ], [ 135.0801761, 35.6102258 ], [ 135.0802791, 35.6104132 ], [ 135.0803686, 35.6106077 ], [ 135.0804242, 35.61083 ], [ 135.0804469, 35.6110481 ], [ 135.0804051, 35.6113521 ], [ 135.0803742, 35.6115367 ], [ 135.0802519, 35.6117992 ], [ 135.0801072, 35.6120247 ], [ 135.0799618, 35.6122201 ], [ 135.0792046, 35.6132314 ], [ 135.0787003, 35.6139228 ], [ 135.078356, 35.614425 ], [ 135.0781825, 35.6146791 ], [ 135.0780303, 35.6149025 ], [ 135.0778418, 35.6151929 ], [ 135.0768879, 35.6166667 ], [ 135.0767777, 35.6168362 ], [ 135.0762144, 35.6176865 ], [ 135.0761112, 35.6178456 ], [ 135.0755223, 35.618773 ], [ 135.0750218, 35.6195614 ], [ 135.0749155, 35.6197648 ], [ 135.0748172, 35.6199564 ], [ 135.0745733, 35.6205978 ], [ 135.0744589, 35.6208917 ], [ 135.0742313, 35.6214999 ], [ 135.0741553, 35.6217258 ], [ 135.0740696, 35.6219749 ], [ 135.0739986, 35.6221842 ], [ 135.0739247, 35.622395 ], [ 135.0738372, 35.6226625 ], [ 135.0736864, 35.6230947 ], [ 135.0734864, 35.6236583 ], [ 135.0733399, 35.6241043 ], [ 135.0732242, 35.6244472 ], [ 135.0730306, 35.625 ], [ 135.0727761, 35.6257264 ], [ 135.0724931, 35.6265714 ], [ 135.0721622, 35.6275236 ], [ 135.0719431, 35.6281489 ], [ 135.0717897, 35.6286053 ], [ 135.071693, 35.6288673 ], [ 135.0719208, 35.6289606 ], [ 135.0720863, 35.6290449 ], [ 135.072321, 35.6291523 ], [ 135.0724589, 35.6292253 ], [ 135.0739558, 35.6299466 ], [ 135.0740731, 35.6300256 ], [ 135.0741455, 35.630092 ], [ 135.0743075, 35.6302341 ], [ 135.0745353, 35.6303694 ], [ 135.0747286, 35.6304653 ], [ 135.075, 35.6306015 ], [ 135.0751139, 35.6306569 ], [ 135.0751291, 35.6308134 ], [ 135.0751356, 35.6310175 ], [ 135.0751011, 35.6311642 ], [ 135.075, 35.6314588 ], [ 135.0748594, 35.6318683 ], [ 135.0748389, 35.6319698 ], [ 135.074825, 35.6321783 ], [ 135.0749217, 35.6325278 ], [ 135.0749845, 35.6327183 ], [ 135.0749926, 35.6327393 ], [ 135.0750378, 35.6328572 ], [ 135.0751215, 35.6329424 ], [ 135.0751286, 35.6329503 ], [ 135.0752389, 35.6330233 ], [ 135.0754114, 35.6330742 ], [ 135.0755911, 35.6331532 ], [ 135.0760179, 35.6333333 ], [ 135.0762325, 35.6334239 ], [ 135.0765361, 35.6336042 ], [ 135.0766603, 35.6336831 ], [ 135.0767709, 35.6337683 ], [ 135.0770256, 35.6339589 ], [ 135.0771911, 35.634055 ], [ 135.0784192, 35.6345681 ], [ 135.0786264, 35.6346694 ], [ 135.0787983, 35.6347653 ], [ 135.0789847, 35.6348947 ], [ 135.0792539, 35.6351147 ], [ 135.0794678, 35.63534 ], [ 135.0796194, 35.6355261 ], [ 135.0798886, 35.6359147 ], [ 135.0800333, 35.6361569 ], [ 135.0801161, 35.6363431 ], [ 135.0801644, 35.6365683 ], [ 135.0801783, 35.6367489 ], [ 135.0801783, 35.6369461 ], [ 135.0801644, 35.6371433 ], [ 135.0801439, 35.6372278 ], [ 135.0801231, 35.6374139 ], [ 135.0799092, 35.6383831 ], [ 135.0798542, 35.6385803 ], [ 135.0796953, 35.6393467 ], [ 135.0796264, 35.6396456 ], [ 135.0796006, 35.6400093 ] ] } },
{ "type": "Feature", "properties": { "N12_001": "26", "N12_002": 1, "N12_003": 3, "N12_004": "一般国道478号", "N12_005": 18, "N12_006": 1 }, "geometry": { "type": "LineString", "coordinates": [ [ 135.6974649, 34.9053078 ], [ 135.697608, 34.9051202 ], [ 135.697896, 34.9046274 ], [ 135.6979177, 34.9045536 ], [ 135.6979229, 34.9042399 ], [ 135.6978834, 34.9039 ], [ 135.697866, 34.9030641 ], [ 135.6978591, 34.9021267 ], [ 135.6978582, 34.9020108 ], [ 135.6978699, 34.901785 ], [ 135.6979379, 34.9015061 ], [ 135.6980308, 34.9013375 ], [ 135.6980928, 34.9012377 ], [ 135.6981636, 34.9011451 ], [ 135.6983758, 34.9009188 ], [ 135.6985067, 34.9007981 ], [ 135.6985802, 34.9007303 ], [ 135.6990591, 34.9002886 ], [ 135.6993472, 34.9 ], [ 135.6994363, 34.8999108 ], [ 135.6996066, 34.8997408 ], [ 135.6999838, 34.8993173 ], [ 135.700132, 34.8991219 ], [ 135.700497, 34.8986406 ], [ 135.700653, 34.898417 ], [ 135.7011144, 34.8976626 ], [ 135.7014173, 34.8971752 ], [ 135.7015716, 34.8969333 ], [ 135.7019905, 34.8962595 ], [ 135.7020037, 34.8962383 ], [ 135.7023107, 34.8957445 ], [ 135.7024119, 34.8955775 ], [ 135.702516, 34.8954017 ], [ 135.7029858, 34.8945869 ], [ 135.7033934, 34.8939286 ], [ 135.7034357, 34.8938601 ], [ 135.7034609, 34.8938193 ], [ 135.7037081, 34.8934193 ], [ 135.7041586, 34.8926854 ], [ 135.7043769, 34.8923639 ], [ 135.7044993, 34.8921974 ], [ 135.7046618, 34.8919844 ], [ 135.7048379, 34.8917974 ], [ 135.7048665, 34.8917685 ], [ 135.7049755, 34.8916692 ], [ 135.7050497, 34.8916015 ], [ 135.7050568, 34.891595 ], [ 135.7052285, 34.8914538 ], [ 135.7054582, 34.8912865 ], [ 135.705542, 34.8912254 ], [ 135.7055474, 34.8912215 ], [ 135.7058526, 34.8910474 ], [ 135.7060699, 34.8909311 ], [ 135.70633, 34.8908168 ], [ 135.7067221, 34.8906694 ], [ 135.7071246, 34.8905474 ], [ 135.7073608, 34.8904865 ], [ 135.7076623, 34.8904255 ], [ 135.7078419, 34.890395 ], [ 135.7083333, 34.8903523 ], [ 135.708517, 34.8903363 ], [ 135.7094943, 34.8902978 ], [ 135.7096039, 34.8902935 ], [ 135.7097676, 34.890287 ], [ 135.7107789, 34.890266 ], [ 135.7109117, 34.8902617 ], [ 135.7113529, 34.8902917 ], [ 135.7117995, 34.8903378 ], [ 135.7123961, 34.8903911 ], [ 135.7128417, 34.890461 ], [ 135.7134984, 34.8906535 ], [ 135.7139181, 34.8908309 ], [ 135.7142664, 34.8909945 ], [ 135.714723, 34.8913056 ], [ 135.7153019, 34.8917457 ], [ 135.7160284, 34.892308 ], [ 135.7166235, 34.8927435 ], [ 135.7172306, 34.8933095 ], [ 135.7177764, 34.8937341 ], [ 135.7184623, 34.8941444 ], [ 135.7188922, 34.894376 ], [ 135.7193742, 34.8945997 ], [ 135.7197133, 34.8946849 ], [ 135.7201529, 34.8948248 ], [ 135.7212445, 34.8952205 ], [ 135.7213942, 34.8953315 ], [ 135.7214667, 34.8953846 ], [ 135.7218772, 34.8955487 ], [ 135.7224906, 34.8957659 ], [ 135.722964, 34.8959155 ], [ 135.7236402, 34.8962147 ], [ 135.7241184, 34.8964319 ], [ 135.7244951, 34.8966201 ], [ 135.7251134, 34.8968566 ], [ 135.7257606, 34.8972088 ], [ 135.7264079, 34.8975949 ], [ 135.7274946, 34.898343 ], [ 135.7280984, 34.8988062 ], [ 135.728707, 34.8992888 ], [ 135.7290692, 34.8996025 ], [ 135.7294798, 34.8998824 ], [ 135.7299821, 34.9000562 ], [ 135.7307984, 34.9002347 ], [ 135.7314795, 34.9003264 ], [ 135.7322281, 34.9004278 ], [ 135.7333101, 34.9004857 ], [ 135.7341747, 34.9005484 ], [ 135.7349185, 34.9005629 ], [ 135.7356527, 34.9005533 ], [ 135.7365801, 34.900505 ], [ 135.7372128, 34.900394 ], [ 135.7377828, 34.9002878 ], [ 135.7382803, 34.9001817 ], [ 135.7388068, 34.9000513 ], [ 135.7397776, 34.8996122 ], [ 135.7404587, 34.8992116 ], [ 135.7409368, 34.8989655 ], [ 135.7418401, 34.8985263 ], [ 135.7424631, 34.8981933 ], [ 135.7430234, 34.8980148 ], [ 135.7440889, 34.8977464 ] ] } },
{ "type": "Feature", "properties": { "N12_001": "26", "N12_002": 1, "N12_003": 1, "N12_004": "近畿自動車道名古屋神戸線", "N12_005": 19, "N12_006": 1 }, "geometry": { "type": "LineString", "coordinates": [ [ 135.7619132, 34.8467776 ], [ 135.7504491, 34.8462337 ], [ 135.7473764, 34.8457096 ], [ 135.7420256, 34.8443119 ], [ 135.7367279, 34.8427831 ], [ 135.7328605, 34.84239 ], [ 135.7286752, 34.8427394 ], [ 135.7265739, 34.8434383 ], [ 135.72464, 34.844604 ], [ 135.7246065, 34.8446233 ], [ 135.7242917, 34.8446119 ], [ 135.7236343, 34.8445202 ], [ 135.7223451, 34.8438505 ], [ 135.7212501, 34.8438359 ], [ 135.7209323, 34.8444911 ], [ 135.7213075, 34.8451463 ], [ 135.7221156, 34.8459544 ], [ 135.7222745, 34.8465877 ], [ 135.7221496, 34.8468665 ], [ 135.7219566, 34.8472975 ], [ 135.7211883, 34.8476906 ] ] } },
{ "type": "Feature", "properties": { "N12_001": "26", "N12_002": 1, "N12_003": 3, "N12_004": "一般国道1号", "N12_005": 20, "N12_006": 1 }, "geometry": { "type": "LineString", "coordinates": [ [ 135.703815, 34.851371 ], [ 135.7038662, 34.8514883 ], [ 135.7041833, 34.8520308 ], [ 135.7044708, 34.8524959 ], [ 135.7046214, 34.8527148 ], [ 135.7048633, 34.8530066 ], [ 135.7051599, 34.8533167 ], [ 135.7055752, 34.8536906 ], [ 135.7060087, 34.8540782 ], [ 135.7065453, 34.8544699 ], [ 135.7070718, 34.8548251 ], [ 135.708187, 34.8555228 ], [ 135.7084248, 34.8556678 ], [ 135.7089923, 34.856014 ], [ 135.709786, 34.8564955 ], [ 135.710092, 34.8566891 ], [ 135.7107146, 34.8570624 ], [ 135.712034, 34.8578629 ], [ 135.7124372, 34.8581164 ], [ 135.7129501, 34.858421 ], [ 135.7140898, 34.8591237 ], [ 135.7153386, 34.8598568 ], [ 135.7157207, 34.8600923 ], [ 135.7167185, 34.8607013 ], [ 135.7171283, 34.8609545 ], [ 135.7182563, 34.861642 ], [ 135.7186968, 34.8619061 ], [ 135.7188716, 34.8620139 ], [ 135.7195891, 34.8624478 ], [ 135.7201969, 34.8628113 ], [ 135.7204609, 34.8629745 ], [ 135.720618, 34.8630701 ], [ 135.7214754, 34.8635897 ], [ 135.722415, 34.8641594 ], [ 135.7242864, 34.8653698 ], [ 135.72454, 34.8655214 ], [ 135.7250664, 34.8658595 ], [ 135.7254344, 34.8661346 ], [ 135.7256122, 34.8662756 ], [ 135.7260644, 34.8666486 ], [ 135.7264472, 34.8669981 ], [ 135.7269458, 34.8675725 ], [ 135.7271944, 34.8678783 ], [ 135.7277036, 34.8685181 ], [ 135.7284039, 34.8694183 ], [ 135.7291745, 34.8704054 ], [ 135.7295092, 34.8708247 ], [ 135.7296382, 34.8710032 ], [ 135.7297073, 34.8710942 ], [ 135.7298383, 34.871263 ], [ 135.7301963, 34.8717137 ], [ 135.7314506, 34.8732928 ], [ 135.7317025, 34.8736097 ], [ 135.7328071, 34.875 ], [ 135.7333333, 34.8756621 ], [ 135.7339622, 34.8764533 ], [ 135.7343463, 34.8769416 ], [ 135.7349414, 34.8776978 ], [ 135.7354494, 34.8783307 ], [ 135.7360477, 34.8790983 ], [ 135.7365283, 34.8797122 ], [ 135.7367236, 34.8799678 ], [ 135.7368903, 34.8801848 ], [ 135.7376851, 34.8811944 ], [ 135.738145, 34.8817678 ], [ 135.7386926, 34.8824711 ], [ 135.7391046, 34.8830005 ], [ 135.7393637, 34.8833333 ], [ 135.7402538, 34.8844768 ], [ 135.7404922, 34.884785 ], [ 135.7408999, 34.885317 ], [ 135.7416667, 34.8863176 ], [ 135.7423137, 34.887162 ], [ 135.7424784, 34.887377 ], [ 135.7425817, 34.8875117 ], [ 135.7427408, 34.8877503 ], [ 135.7429581, 34.888078 ], [ 135.7431244, 34.8883764 ], [ 135.7432064, 34.8885468 ], [ 135.7432586, 34.8886621 ], [ 135.7433564, 34.8888783 ], [ 135.7434164, 34.8890343 ], [ 135.7434792, 34.8892175 ], [ 135.7436383, 34.8897183 ], [ 135.7437178, 34.8899928 ], [ 135.7437869, 34.8904475 ], [ 135.7438107, 34.8905826 ], [ 135.7438408, 34.8907907 ], [ 135.7438565, 34.8909262 ], [ 135.7438986, 34.891287 ], [ 135.7439203, 34.8916389 ], [ 135.743935, 34.8924602 ], [ 135.7439437, 34.8926279 ], [ 135.7439525, 34.8927961 ], [ 135.7439758, 34.8937265 ], [ 135.7439989, 34.8946525 ], [ 135.7440056, 34.8949961 ], [ 135.7440285, 34.8958353 ], [ 135.7440531, 34.89667 ], [ 135.74406, 34.8969182 ], [ 135.7440646, 34.8972458 ], [ 135.7440777, 34.8975379 ], [ 135.7440889, 34.8977464 ], [ 135.7440833, 34.8985835 ], [ 135.7440747, 34.8998707 ], [ 135.7440749, 34.9 ], [ 135.7440776, 34.9004139 ], [ 135.7440876, 34.9007677 ], [ 135.7440969, 34.9010762 ], [ 135.7441252, 34.9013681 ], [ 135.7442007, 34.9029096 ], [ 135.7442125, 34.903216 ], [ 135.7442432, 34.9036423 ], [ 135.7442351, 34.9041059 ], [ 135.7442436, 34.9045645 ], [ 135.7442606, 34.9054589 ], [ 135.7442734, 34.9058971 ], [ 135.7443039, 34.9067172 ], [ 135.7443156, 34.9072104 ], [ 135.7443293, 34.9077756 ], [ 135.7443442, 34.9083333 ], [ 135.7443953, 34.9102381 ], [ 135.7444169, 34.9108372 ], [ 135.7444389, 34.9118772 ], [ 135.7444619, 34.9127863 ], [ 135.7444683, 34.9129934 ], [ 135.7444911, 34.9136663 ], [ 135.7445154, 34.9143479 ], [ 135.7445283, 34.9147097 ], [ 135.7445079, 34.9148067 ], [ 135.7444963, 34.9148617 ], [ 135.744485, 34.9149364 ], [ 135.7444907, 34.9151026 ], [ 135.7444938, 34.9151928 ], [ 135.7445288, 34.9162079 ], [ 135.7445411, 34.9166667 ], [ 135.7445661, 34.9176014 ], [ 135.74458, 34.91812 ], [ 135.7446069, 34.9194386 ], [ 135.7446225, 34.9196305 ], [ 135.744636, 34.9202701 ], [ 135.7446377, 34.9203487 ], [ 135.744705, 34.9232533 ], [ 135.7447058, 34.9232854 ], [ 135.7447105, 34.9234853 ], [ 135.7447211, 34.9239245 ], [ 135.7447278, 34.9243414 ], [ 135.7447509, 34.925 ], [ 135.7447828, 34.9259081 ], [ 135.7447828, 34.926235 ], [ 135.7447895, 34.9266586 ], [ 135.74481, 34.9275761 ], [ 135.7448235, 34.928136 ], [ 135.7448375, 34.9287659 ], [ 135.7448511, 34.929277 ], [ 135.7448853, 34.9309238 ], [ 135.7448922, 34.9317125 ], [ 135.7449058, 34.9318589 ], [ 135.7449125, 34.9322308 ], [ 135.744963, 34.9326048 ], [ 135.7449742, 34.9326872 ], [ 135.7449742, 34.9330875 ], [ 135.7449881, 34.9337302 ], [ 135.7450017, 34.9341581 ], [ 135.7450425, 34.9351895 ], [ 135.7450564, 34.9356744 ], [ 135.7451317, 34.9386602 ], [ 135.7451731, 34.9406615 ], [ 135.7452028, 34.9416667 ], [ 135.7452347, 34.9426849 ], [ 135.7452804, 34.944282 ], [ 135.7452961, 34.9451479 ], [ 135.7453097, 34.9455931 ], [ 135.7453167, 34.9462747 ], [ 135.7453592, 34.9472379 ], [ 135.7453783, 34.9483476 ], [ 135.7453914, 34.9488176 ], [ 135.7454244, 34.95 ], [ 135.7454428, 34.9506108 ], [ 135.7454862, 34.9514928 ], [ 135.7454917, 34.9516056 ], [ 135.7455008, 34.9519333 ], [ 135.7455069, 34.9521447 ], [ 135.7455016, 34.9529936 ], [ 135.7455422, 34.9547666 ], [ 135.745574, 34.9560811 ], [ 135.7456054, 34.9572 ], [ 135.7456735, 34.9593988 ], [ 135.7457075, 34.96073 ], [ 135.7457116, 34.9614636 ], [ 135.74575, 34.962427 ], [ 135.7458196, 34.9646869 ], [ 135.7458442, 34.9656678 ], [ 135.7458935, 34.9673151 ], [ 135.7459381, 34.969243 ], [ 135.7459845, 34.970339 ], [ 135.7460156, 34.9719517 ], [ 135.7460423, 34.9732661 ], [ 135.7460446, 34.9733786 ], [ 135.7460719, 34.9741016 ], [ 135.746088, 34.9743308 ], [ 135.7461483, 34.9754844 ], [ 135.7461395, 34.9760749 ], [ 135.7461819, 34.9769807 ], [ 135.746215, 34.9773164 ], [ 135.7462607, 34.9782849 ], [ 135.74631, 34.9789744 ], [ 135.74631, 34.9791825 ], [ 135.7471649, 34.9792547 ], [ 135.7476447, 34.9792889 ], [ 135.7485694, 34.9793198 ], [ 135.7492045, 34.9793376 ], [ 135.7499094, 34.9793524 ], [ 135.7508636, 34.9793722 ], [ 135.7513065, 34.9793814 ], [ 135.7516551, 34.9793889 ], [ 135.7523135, 34.9794029 ], [ 135.7535675, 34.97943 ], [ 135.7537247, 34.9794334 ], [ 135.7537237, 34.9795458 ], [ 135.7537345, 34.9805305 ], [ 135.75374, 34.9810403 ], [ 135.7537494, 34.9819192 ], [ 135.7537547, 34.9824006 ], [ 135.7537491, 34.983135 ], [ 135.7537466, 34.9834974 ], [ 135.7537433, 34.98392 ], [ 135.7537413, 34.9842064 ], [ 135.7534219, 34.9854693 ], [ 135.7530645, 34.986881 ], [ 135.7530428, 34.9871602 ], [ 135.7530346, 34.9872652 ], [ 135.7530383, 34.9892175 ], [ 135.7529719, 34.9928382 ], [ 135.752717, 34.9930709 ], [ 135.752576, 34.9932048 ], [ 135.7525379, 34.9933896 ], [ 135.7525063, 34.9963108 ], [ 135.7526664, 34.9963061 ], [ 135.7597192, 34.996225 ], [ 135.7629703, 34.9961531 ], [ 135.7659211, 34.9959608 ], [ 135.7662377, 34.9959154 ], [ 135.7684637, 34.995596 ], [ 135.7718057, 34.9951164 ], [ 135.7730688, 34.9948592 ], [ 135.775402, 34.9942879 ], [ 135.7756494, 34.9942119 ], [ 135.7759182, 34.994058 ], [ 135.7761289, 34.9939273 ], [ 135.7768061, 34.9933329 ], [ 135.7769791, 34.9931916 ], [ 135.7772924, 34.9929709 ], [ 135.7775611, 34.9928432 ], [ 135.777875, 34.992759 ], [ 135.7784222, 34.9927499 ], [ 135.7785433, 34.9927439 ], [ 135.7787974, 34.9927281 ], [ 135.7789404, 34.992709 ], [ 135.7790563, 34.9926882 ], [ 135.7798411, 34.9924892 ], [ 135.7822771, 34.9916667 ], [ 135.7827015, 34.9915234 ], [ 135.7832317, 34.9913405 ], [ 135.78364, 34.9911997 ], [ 135.7840814, 34.9910006 ], [ 135.7845647, 34.990732 ], [ 135.7853281, 34.9902078 ], [ 135.7859275, 34.989764 ], [ 135.7863233, 34.9894961 ], [ 135.786781, 34.9891894 ], [ 135.7870846, 34.9890633 ], [ 135.7873657, 34.9889254 ], [ 135.7876398, 34.9888504 ], [ 135.7878765, 34.9888249 ], [ 135.788327, 34.988797 ], [ 135.7901411, 34.9888537 ], [ 135.7920669, 34.9889672 ], [ 135.7929085, 34.9890093 ], [ 135.793133, 34.9889718 ], [ 135.7936884, 34.9887981 ], [ 135.7941483, 34.9886339 ], [ 135.7944794, 34.9884861 ], [ 135.7945956, 34.9884047 ], [ 135.7947344, 34.98827 ], [ 135.7948278, 34.9881472 ], [ 135.7949717, 34.9879097 ], [ 135.7950269, 34.9877764 ], [ 135.7950797, 34.9876075 ], [ 135.7951773, 34.987178 ], [ 135.7952617, 34.9865076 ], [ 135.7954519, 34.9854409 ], [ 135.795525, 34.9850689 ], [ 135.7956659, 34.9846216 ], [ 135.7957747, 34.9842756 ], [ 135.7960336, 34.9836989 ], [ 135.7962164, 34.9833333 ], [ 135.7962676, 34.9832309 ], [ 135.7965152, 34.9828264 ], [ 135.7967377, 34.9825302 ], [ 135.7968219, 34.982447 ], [ 135.7969994, 34.9822742 ], [ 135.7971689, 34.9821592 ], [ 135.7973133, 34.9820828 ], [ 135.7975058, 34.9819964 ], [ 135.7975797, 34.9819642 ], [ 135.7976621, 34.9819349 ], [ 135.7977317, 34.9819092 ], [ 135.7981511, 34.9818097 ], [ 135.7991573, 34.9817117 ], [ 135.7997109, 34.9816857 ], [ 135.8002512, 34.9816601 ], [ 135.8005934, 34.9816439 ], [ 135.8036682, 34.9815992 ], [ 135.8074424, 34.9815436 ], [ 135.8082145, 34.9815324 ], [ 135.8098419, 34.9815083 ], [ 135.8111647, 34.9814975 ], [ 135.8122908, 34.9814888 ], [ 135.8140004, 34.9814747 ], [ 135.8154042, 34.9814631 ], [ 135.816579, 34.9814272 ], [ 135.8178128, 34.9813896 ], [ 135.8209652, 34.9812932 ], [ 135.8216037, 34.9812738 ], [ 135.8223242, 34.9812517 ], [ 135.8241525, 34.9812123 ], [ 135.8247911, 34.9811989 ], [ 135.8250355, 34.9812226 ], [ 135.8252575, 34.9812442 ], [ 135.8256511, 34.9813417 ], [ 135.8259714, 34.9814925 ], [ 135.8262275, 34.9816731 ], [ 135.8266668, 34.982178 ], [ 135.8269606, 34.9829795 ], [ 135.8270552, 34.9833179 ], [ 135.8272534, 34.9840466 ], [ 135.827278, 34.9841362 ], [ 135.8275542, 34.985135 ], [ 135.8276079, 34.9853289 ], [ 135.8276213, 34.9853774 ], [ 135.8277271, 34.9857601 ], [ 135.8277889, 34.9859844 ], [ 135.8278521, 34.9862291 ], [ 135.8278642, 34.986273 ], [ 135.8281749, 34.9873267 ], [ 135.8284621, 34.9884751 ], [ 135.8286444, 34.989222 ], [ 135.8287112, 34.9894909 ], [ 135.8288333, 34.9899922 ], [ 135.828986, 34.9903974 ], [ 135.8290614, 34.990517 ], [ 135.8291233, 34.9906017 ], [ 135.8291633, 34.9906445 ], [ 135.829227, 34.9906969 ], [ 135.8292918, 34.9907473 ], [ 135.8293952, 34.9908087 ], [ 135.8295736, 34.9908958 ], [ 135.8298249, 34.9909943 ], [ 135.830089, 34.9910921 ] ] } },
{ "type": "Feature", "properties": { "N12_001": "26", "N12_002": 1, "N12_003": 3, "N12_004": "一般国道1号", "N12_005": 20, "N12_006": 2 }, "geometry": { "type": "LineString", "coordinates": [ [ 135.7440889, 34.8977464 ], [ 135.7446205, 34.8976541 ], [ 135.7466408, 34.8974144 ], [ 135.7493351, 34.8972163 ], [ 135.7496552, 34.8972116 ], [ 135.7504116, 34.8972254 ], [ 135.7514218, 34.8973821 ], [ 135.7525519, 34.8977094 ], [ 135.7536405, 34.8981702 ], [ 135.7550888, 34.8988846 ], [ 135.756694, 34.8996681 ], [ 135.7584284, 34.9005391 ], [ 135.7636952, 34.9031459 ] ] } },
{ "type": "Feature", "properties": { "N12_001": "26", "N12_002": 1, "N12_003": 3, "N12_004": "一般国道9号", "N12_005": 21, "N12_006": 1 }, "geometry": { "type": "LineString", "coordinates": [ [ 134.926714, 35.334785 ], [ 134.9270675, 35.3348167 ], [ 134.9278144, 35.334832 ], [ 134.9282127, 35.3347983 ], [ 134.9286569, 35.3347293 ], [ 134.9290511, 35.3346461 ], [ 134.9293462, 35.3345502 ], [ 134.9300056, 35.3342825 ], [ 134.9305797, 35.3340543 ], [ 134.9307717, 35.3339844 ], [ 134.9309057, 35.333919 ], [ 134.9312972, 35.3337447 ], [ 134.9315311, 35.3336431 ], [ 134.9319573, 35.3334911 ], [ 134.9322699, 35.3333932 ], [ 134.9325183, 35.3333384 ], [ 134.9327585, 35.3332835 ], [ 134.9329572, 35.3332409 ], [ 134.9333333, 35.3331959 ], [ 134.9338335, 35.3331393 ], [ 134.935783, 35.3329796 ], [ 134.9363056, 35.3328597 ], [ 134.937144, 35.3325359 ], [ 134.9405086, 35.3311933 ], [ 134.9407211, 35.3310978 ], [ 134.9409386, 35.3309148 ], [ 134.9412214, 35.33053 ], [ 134.9415242, 35.3300908 ], [ 134.9415777, 35.3300345 ], [ 134.9416869, 35.3299194 ], [ 134.9418156, 35.3297831 ], [ 134.9421108, 35.3295745 ], [ 134.9425439, 35.3293208 ], [ 134.9427969, 35.3292154 ], [ 134.9429169, 35.3291655 ], [ 134.9431964, 35.3291033 ], [ 134.9434525, 35.3290844 ], [ 134.9437734, 35.32909 ], [ 134.9442475, 35.3291461 ], [ 134.9447078, 35.3292703 ], [ 134.9452051, 35.3294576 ], [ 134.94538, 35.3294995 ], [ 134.9455547, 35.3294947 ], [ 134.9458167, 35.3294281 ], [ 134.9464172, 35.3292908 ], [ 134.9466656, 35.3292379 ], [ 134.9472198, 35.3290993 ], [ 134.9476276, 35.3290111 ], [ 134.9485278, 35.3287967 ], [ 134.949026, 35.3286804 ], [ 134.9495305, 35.3285545 ], [ 134.9499673, 35.3284527 ], [ 134.9505889, 35.3283066 ], [ 134.9508361, 35.3282446 ], [ 134.9513375, 35.3281264 ], [ 134.9517631, 35.3280025 ], [ 134.9520794, 35.3278953 ], [ 134.9528162, 35.3276079 ], [ 134.9534328, 35.3273431 ], [ 134.9538314, 35.3271628 ], [ 134.9548961, 35.3267064 ], [ 134.9551638, 35.3265882 ], [ 134.9557211, 35.3263361 ], [ 134.956222, 35.3261148 ], [ 134.9577872, 35.325426 ], [ 134.9580433, 35.3253128 ], [ 134.9582487, 35.3252636 ], [ 134.9584341, 35.32523 ], [ 134.9585672, 35.3252175 ], [ 134.9587854, 35.3252286 ], [ 134.9590732, 35.3252528 ], [ 134.9598083, 35.3253258 ], [ 134.960315, 35.3253967 ], [ 134.9612117, 35.325519 ], [ 134.9621371, 35.3256056 ], [ 134.9624497, 35.3256403 ], [ 134.9627014, 35.3256753 ], [ 134.963161, 35.32572 ], [ 134.9635712, 35.3257596 ], [ 134.9641701, 35.3258216 ], [ 134.9646311, 35.3258667 ], [ 134.964915, 35.3259102 ], [ 134.9651328, 35.32594 ], [ 134.9655659, 35.3259804 ], [ 134.9658606, 35.3259736 ], [ 134.9660325, 35.32594 ], [ 134.9662886, 35.3258328 ], [ 134.9666667, 35.3256452 ], [ 134.9668939, 35.3255325 ], [ 134.9676593, 35.3250791 ], [ 134.9679598, 35.3248788 ], [ 134.9683547, 35.3246158 ], [ 134.9685953, 35.32452 ], [ 134.9691653, 35.3243228 ], [ 134.9695765, 35.3242122 ], [ 134.9703333, 35.3240356 ], [ 134.970876, 35.3239511 ], [ 134.9715769, 35.3238664 ], [ 134.9725111, 35.3237031 ], [ 134.973315, 35.3235395 ], [ 134.9741189, 35.323365 ], [ 134.9743732, 35.3232972 ], [ 134.9744553, 35.3232747 ], [ 134.9747442, 35.3232239 ], [ 134.9750332, 35.3231996 ], [ 134.9755478, 35.3231564 ], [ 134.9757675, 35.323162 ], [ 134.9762484, 35.3232128 ], [ 134.9768119, 35.3232186 ], [ 134.9771758, 35.3231792 ], [ 134.9774647, 35.3231228 ], [ 134.9778014, 35.3230383 ], [ 134.9779508, 35.3229989 ], [ 134.978745, 35.3227358 ], [ 134.9793194, 35.3225367 ], [ 134.9797456, 35.322407 ], [ 134.9801611, 35.3222961 ], [ 134.9813135, 35.3219925 ], [ 134.9817167, 35.321867 ], [ 134.9821197, 35.3217017 ], [ 134.9824178, 35.3215297 ], [ 134.9827722, 35.3213317 ], [ 134.9830844, 35.3211786 ], [ 134.9832055, 35.3210954 ], [ 134.9833525, 35.3209945 ], [ 134.9835542, 35.3208228 ], [ 134.9837476, 35.320671 ], [ 134.9840378, 35.3204067 ], [ 134.9842867, 35.3202661 ], [ 134.9846028, 35.3201364 ], [ 134.9847744, 35.3200969 ], [ 134.9849405, 35.3200895 ], [ 134.9851112, 35.320097 ], [ 134.9858533, 35.320142 ], [ 134.9861281, 35.3201756 ], [ 134.9863958, 35.3202378 ], [ 134.9870003, 35.3204181 ], [ 134.9872892, 35.3205197 ], [ 134.9883128, 35.3209253 ], [ 134.9885669, 35.3210436 ], [ 134.9889931, 35.3212069 ], [ 134.9890617, 35.3212408 ], [ 134.9892747, 35.3213086 ], [ 134.9895839, 35.3213931 ], [ 134.9897694, 35.321427 ], [ 134.9905978, 35.321568 ], [ 134.9908189, 35.3215869 ], [ 134.9911625, 35.3215489 ], [ 134.9916667, 35.3214755 ], [ 134.9925069, 35.3213533 ], [ 134.9930522, 35.3212241 ], [ 134.9934322, 35.3211336 ], [ 134.9943061, 35.3209106 ], [ 134.9944953, 35.3208654 ], [ 134.9950269, 35.3207351 ], [ 134.9953642, 35.3206746 ], [ 134.9959239, 35.3205719 ], [ 134.9969969, 35.3204972 ], [ 134.9972236, 35.3204786 ], [ 134.9978353, 35.3204297 ], [ 134.9980966, 35.3204144 ], [ 134.9994428, 35.3202944 ], [ 134.999855, 35.3202097 ], [ 135.0001433, 35.3201647 ], [ 135.0009398, 35.3200703 ], [ 135.0012642, 35.320075 ], [ 135.0030449, 35.3201747 ], [ 135.0040119, 35.3202211 ], [ 135.0043806, 35.3202509 ], [ 135.0049918, 35.3202794 ], [ 135.0063262, 35.3203506 ], [ 135.00685, 35.3203864 ], [ 135.0081156, 35.3204436 ], [ 135.0083549, 35.3204589 ], [ 135.0091179, 35.3205077 ], [ 135.0099053, 35.3205581 ], [ 135.0104837, 35.3205926 ], [ 135.0116245, 35.3206611 ], [ 135.0120158, 35.3207286 ], [ 135.0123597, 35.3208525 ], [ 135.0127686, 35.3210878 ], [ 135.0133454, 35.3214711 ], [ 135.0141942, 35.321985 ], [ 135.0144608, 35.3221541 ], [ 135.0152742, 35.3226694 ], [ 135.0155194, 35.3228028 ], [ 135.0159371, 35.3230297 ], [ 135.0159986, 35.3230631 ], [ 135.0164178, 35.3232133 ], [ 135.0168281, 35.3233136 ], [ 135.0172997, 35.3233853 ], [ 135.0176747, 35.3234211 ], [ 135.0180414, 35.3234281 ], [ 135.018408, 35.3233853 ], [ 135.0187225, 35.3233208 ], [ 135.0189495, 35.3232419 ], [ 135.0190897, 35.3231606 ], [ 135.01922, 35.3230848 ], [ 135.0194122, 35.3229342 ], [ 135.0196131, 35.3227195 ], [ 135.0197532, 35.3224893 ], [ 135.0199242, 35.3222558 ], [ 135.0201647, 35.3220136 ], [ 135.0203228, 35.3218897 ], [ 135.0206185, 35.3217244 ], [ 135.0208039, 35.3216247 ], [ 135.0210442, 35.3215233 ], [ 135.0212506, 35.321461 ], [ 135.0214356, 35.321405 ], [ 135.0217311, 35.3213317 ], [ 135.0218958, 35.3213147 ], [ 135.0222258, 35.3213036 ], [ 135.0224389, 35.3213203 ], [ 135.0226317, 35.3213489 ], [ 135.0229101, 35.3214311 ], [ 135.0231465, 35.3215009 ], [ 135.0241151, 35.3218333 ], [ 135.0245207, 35.3219572 ], [ 135.025, 35.3220898 ], [ 135.0251527, 35.322132 ], [ 135.0255305, 35.3222278 ], [ 135.0259111, 35.3223124 ], [ 135.0262386, 35.3223743 ], [ 135.0263892, 35.3224025 ], [ 135.0269048, 35.3224533 ], [ 135.027456, 35.322484 ], [ 135.0276659, 35.322483 ], [ 135.0294064, 35.3224391 ], [ 135.0299622, 35.322425 ], [ 135.0302439, 35.3224645 ], [ 135.0304294, 35.3225153 ], [ 135.0306631, 35.3225942 ], [ 135.0310478, 35.3228253 ], [ 135.0312056, 35.3229606 ], [ 135.0313719, 35.3231064 ], [ 135.0314677, 35.3232089 ], [ 135.0316425, 35.3234139 ], [ 135.0318928, 35.3238662 ], [ 135.0323806, 35.3248539 ], [ 135.0324758, 35.325 ], [ 135.0325936, 35.3251808 ], [ 135.0327653, 35.3253725 ], [ 135.0329028, 35.3254908 ], [ 135.033095, 35.3256203 ], [ 135.0332295, 35.3256708 ], [ 135.0333333, 35.3257051 ], [ 135.0335371, 35.3257633 ], [ 135.0342092, 35.3259189 ], [ 135.035031, 35.3260376 ], [ 135.0354172, 35.3260933 ], [ 135.0366547, 35.3260908 ], [ 135.0367564, 35.3260906 ], [ 135.0378294, 35.3260688 ], [ 135.0380292, 35.3260552 ], [ 135.0402097, 35.3255647 ], [ 135.0416667, 35.3252186 ], [ 135.0420921, 35.3251175 ], [ 135.0425275, 35.325 ], [ 135.0426918, 35.3249543 ], [ 135.04292, 35.3248764 ], [ 135.0431397, 35.3247861 ], [ 135.0434078, 35.3246453 ], [ 135.0436689, 35.3244933 ], [ 135.0439191, 35.3243188 ], [ 135.0444797, 35.3238896 ], [ 135.0447064, 35.3237158 ], [ 135.0452286, 35.3233381 ], [ 135.0454895, 35.3231917 ], [ 135.045616, 35.3231459 ], [ 135.0456614, 35.3231295 ], [ 135.0458469, 35.3231014 ], [ 135.0459649, 35.3231057 ], [ 135.0461867, 35.3231136 ], [ 135.0463264, 35.3231136 ], [ 135.0465978, 35.3231483 ], [ 135.0469249, 35.3232234 ], [ 135.0470631, 35.3232703 ], [ 135.0472, 35.3233439 ], [ 135.0473375, 35.3234508 ], [ 135.0474751, 35.3236142 ], [ 135.0475439, 35.323727 ], [ 135.0476469, 35.3239806 ], [ 135.0477222, 35.3243522 ], [ 135.0477706, 35.3247072 ], [ 135.0478314, 35.3249579 ], [ 135.0479049, 35.3252647 ], [ 135.0479767, 35.3255471 ], [ 135.0481247, 35.3258761 ], [ 135.0483342, 35.326098 ], [ 135.0485953, 35.3262064 ], [ 135.04876, 35.3262403 ], [ 135.0490142, 35.3262517 ], [ 135.0492408, 35.3262403 ], [ 135.0493864, 35.3262232 ], [ 135.0498749, 35.3261515 ], [ 135.0509303, 35.3259968 ], [ 135.0524545, 35.3257753 ], [ 135.0529153, 35.3256999 ], [ 135.0530745, 35.3256767 ], [ 135.0535419, 35.3256317 ], [ 135.0539059, 35.3256092 ], [ 135.0543458, 35.3256147 ], [ 135.0545792, 35.3256372 ], [ 135.0548058, 35.3256767 ], [ 135.0550877, 35.32575 ], [ 135.0554517, 35.3258797 ], [ 135.0559161, 35.3260445 ], [ 135.0564572, 35.3262926 ], [ 135.0565562, 35.3263324 ], [ 135.0575883, 35.3266969 ], [ 135.0579802, 35.3268098 ], [ 135.058382, 35.3269155 ], [ 135.0587497, 35.3270122 ], [ 135.0593689, 35.3271358 ], [ 135.0602268, 35.3272714 ], [ 135.0606114, 35.3273278 ], [ 135.0610651, 35.3273784 ], [ 135.0617042, 35.3274575 ], [ 135.062295, 35.3275645 ], [ 135.0627297, 35.3276656 ], [ 135.0633613, 35.3278374 ], [ 135.0642942, 35.3280717 ], [ 135.0646447, 35.3281789 ], [ 135.0651119, 35.3283817 ], [ 135.0653111, 35.3284889 ], [ 135.0654335, 35.328563 ], [ 135.0658197, 35.3287986 ], [ 135.0663142, 35.3291031 ], [ 135.0667146, 35.3293327 ], [ 135.0667956, 35.3293792 ], [ 135.0672761, 35.3298017 ], [ 135.0677767, 35.3301525 ], [ 135.0680041, 35.3303088 ], [ 135.0684194, 35.3306386 ], [ 135.0690281, 35.331233 ], [ 135.0693898, 35.3316079 ], [ 135.0696808, 35.3319095 ], [ 135.0698389, 35.3320561 ], [ 135.0702664, 35.3323801 ], [ 135.0704444, 35.3324897 ], [ 135.0708189, 35.3326731 ], [ 135.0716106, 35.3330495 ], [ 135.0720578, 35.3331661 ], [ 135.0726117, 35.3331722 ], [ 135.0731401, 35.3330396 ], [ 135.0744632, 35.3326927 ], [ 135.0757393, 35.3323955 ], [ 135.076651, 35.3321577 ], [ 135.0770877, 35.3320616 ], [ 135.0772787, 35.3320543 ], [ 135.077573, 35.3320727 ], [ 135.0794174, 35.3324566 ], [ 135.0806944, 35.3327254 ], [ 135.0811545, 35.3328222 ], [ 135.0815973, 35.3329552 ], [ 135.0819569, 35.3330656 ], [ 135.0824226, 35.3332075 ], [ 135.0827075, 35.3332943 ], [ 135.0834422, 35.3335381 ], [ 135.0838914, 35.3336306 ], [ 135.0841961, 35.333669 ], [ 135.0844042, 35.3337014 ], [ 135.0847203, 35.3337242 ], [ 135.0855169, 35.3337242 ], [ 135.0859372, 35.3337052 ], [ 135.088033, 35.3335718 ], [ 135.0913492, 35.3333333 ], [ 135.0916667, 35.3333125 ], [ 135.0928641, 35.3332422 ], [ 135.0936211, 35.3333418 ], [ 135.0943661, 35.3335158 ], [ 135.0949609, 35.3336945 ], [ 135.0954105, 35.3338653 ], [ 135.0960906, 35.3341639 ], [ 135.0966339, 35.3344066 ], [ 135.0969689, 35.3345368 ], [ 135.0971661, 35.3345726 ], [ 135.0972857, 35.3345635 ], [ 135.0974786, 35.3345472 ], [ 135.0976064, 35.334525 ], [ 135.0977883, 35.3344539 ], [ 135.0979846, 35.3343295 ], [ 135.0981472, 35.3341325 ], [ 135.0987361, 35.333237 ], [ 135.0992357, 35.3324563 ], [ 135.0993469, 35.3323024 ], [ 135.0995413, 35.3320223 ], [ 135.0996286, 35.3318932 ], [ 135.0998211, 35.3315942 ], [ 135.0999795, 35.3312729 ], [ 135.100064, 35.33104 ], [ 135.1000961, 35.3309517 ], [ 135.1001302, 35.3308165 ], [ 135.100165, 35.3305967 ], [ 135.1001578, 35.3302697 ], [ 135.1001236, 35.3300783 ], [ 135.1000067, 35.3296333 ], [ 135.0998831, 35.3293231 ], [ 135.0996975, 35.329002 ], [ 135.0995428, 35.3286777 ], [ 135.0994642, 35.3284272 ], [ 135.0994642, 35.3281839 ], [ 135.0995778, 35.3279406 ], [ 135.0997173, 35.3277415 ], [ 135.0997786, 35.3276544 ], [ 135.1, 35.3273101 ], [ 135.1001981, 35.3270019 ], [ 135.1003025, 35.3267597 ], [ 135.1003372, 35.3265953 ], [ 135.1003269, 35.3264162 ], [ 135.1002936, 35.3262445 ], [ 135.1001992, 35.3261053 ], [ 135.1, 35.3258936 ], [ 135.0997789, 35.3256861 ], [ 135.0994644, 35.32545 ], [ 135.0991642, 35.3252769 ], [ 135.0984687, 35.325 ], [ 135.0979047, 35.3247755 ], [ 135.0974372, 35.324567 ], [ 135.0972592, 35.32446 ], [ 135.0970939, 35.3243247 ], [ 135.0969842, 35.3241781 ], [ 135.0969153, 35.3240483 ], [ 135.0968808, 35.3239244 ], [ 135.0968808, 35.3235808 ], [ 135.0969592, 35.3232742 ], [ 135.0970766, 35.3229512 ], [ 135.0971374, 35.322778 ], [ 135.0975193, 35.3216521 ], [ 135.0976925, 35.3211343 ], [ 135.0978322, 35.3208406 ], [ 135.0980011, 35.3204306 ], [ 135.0984883, 35.3194898 ], [ 135.0987007, 35.3191588 ], [ 135.0990589, 35.3185878 ], [ 135.0994092, 35.318075 ], [ 135.0998977, 35.3174434 ], [ 135.0999883, 35.3173109 ], [ 135.1002742, 35.3168692 ], [ 135.1003706, 35.3166667 ], [ 135.1004139, 35.3165758 ], [ 135.1005189, 35.3162465 ], [ 135.10058, 35.3158027 ], [ 135.1006236, 35.3153736 ], [ 135.1006847, 35.3150873 ], [ 135.1007972, 35.3148517 ], [ 135.1009344, 35.3146544 ], [ 135.1011547, 35.3143728 ], [ 135.1015736, 35.3138431 ], [ 135.1018967, 35.3133753 ], [ 135.10204, 35.3131796 ], [ 135.1022652, 35.3127699 ], [ 135.1023874, 35.3125334 ], [ 135.1025618, 35.3121983 ], [ 135.1025975, 35.3121134 ], [ 135.1029394, 35.3112331 ], [ 135.1029753, 35.3110142 ], [ 135.1030236, 35.3107436 ], [ 135.1030717, 35.3102589 ], [ 135.1030967, 35.309882 ], [ 135.103128, 35.3095391 ], [ 135.1031607, 35.3092596 ], [ 135.1032186, 35.3087586 ], [ 135.1032496, 35.3083333 ], [ 135.1033091, 35.3075185 ], [ 135.1033697, 35.306687 ], [ 135.1034153, 35.3060833 ], [ 135.1034355, 35.3058915 ], [ 135.1035853, 35.3054555 ], [ 135.1037178, 35.3051632 ], [ 135.1037751, 35.3051342 ], [ 135.1040283, 35.3049244 ], [ 135.1042536, 35.3047253 ], [ 135.104425, 35.304562 ], [ 135.1046296, 35.3044022 ], [ 135.1048581, 35.3042236 ], [ 135.1051261, 35.3040772 ], [ 135.10626, 35.303615 ], [ 135.1065907, 35.3034769 ], [ 135.1071048, 35.3032372 ], [ 135.1073383, 35.3031081 ], [ 135.1075994, 35.3029389 ], [ 135.1076819, 35.3028714 ], [ 135.1079156, 35.3026572 ], [ 135.1081903, 35.3023189 ], [ 135.1083333, 35.3021038 ], [ 135.1083783, 35.3020361 ], [ 135.1084656, 35.3018125 ], [ 135.1084833, 35.3017565 ], [ 135.1085002, 35.3017036 ], [ 135.1085981, 35.3013003 ], [ 135.1087398, 35.3007792 ], [ 135.1088981, 35.3001889 ], [ 135.109023, 35.299741 ], [ 135.1091357, 35.299331 ], [ 135.1091661, 35.2992028 ], [ 135.1094614, 35.29807 ], [ 135.1095647, 35.2976925 ], [ 135.1096267, 35.2975064 ], [ 135.1096921, 35.2973912 ], [ 135.1097706, 35.2972528 ], [ 135.1098581, 35.2971283 ], [ 135.1099288, 35.297061 ], [ 135.1101006, 35.2969375 ], [ 135.1103556, 35.2968064 ], [ 135.1109254, 35.2966219 ], [ 135.1113306, 35.2965147 ], [ 135.1121138, 35.2963061 ], [ 135.1125482, 35.2961868 ], [ 135.1128706, 35.2960642 ], [ 135.1131511, 35.2959286 ], [ 135.1133367, 35.2958386 ], [ 135.1135769, 35.2956922 ], [ 135.1138792, 35.295484 ], [ 135.1141456, 35.2953481 ], [ 135.1146342, 35.2949031 ], [ 135.1150834, 35.294555 ], [ 135.1162004, 35.293669 ], [ 135.1171107, 35.2930137 ], [ 135.1173747, 35.2928517 ], [ 135.1183797, 35.292345 ], [ 135.1195386, 35.2918382 ], [ 135.1199394, 35.2916667 ], [ 135.1210933, 35.2911728 ], [ 135.1220462, 35.2907592 ], [ 135.1222133, 35.2906925 ], [ 135.1226237, 35.2906204 ], [ 135.1233792, 35.2904778 ], [ 135.1239447, 35.2904203 ], [ 135.124217, 35.2904203 ], [ 135.1243766, 35.2904239 ], [ 135.1250336, 35.2904653 ], [ 135.125363, 35.2904815 ], [ 135.1256969, 35.290505 ], [ 135.1263293, 35.290546 ], [ 135.1269194, 35.2906119 ], [ 135.1275274, 35.2906608 ], [ 135.1281257, 35.2907191 ], [ 135.1290359, 35.2907941 ], [ 135.1297139, 35.290848 ], [ 135.1301836, 35.290894 ], [ 135.1304965, 35.2909258 ], [ 135.1320254, 35.2910715 ], [ 135.1331144, 35.2912549 ], [ 135.133247, 35.2912659 ], [ 135.1333748, 35.2912764 ], [ 135.1335679, 35.2912741 ], [ 135.1336409, 35.2912545 ], [ 135.1363736, 35.2907046 ], [ 135.1377798, 35.2904636 ], [ 135.1390794, 35.2902409 ], [ 135.1400072, 35.2900942 ], [ 135.1404149, 35.2900421 ], [ 135.1405874, 35.2900201 ], [ 135.1408039, 35.2899925 ], [ 135.1409266, 35.2899925 ], [ 135.1413947, 35.2899925 ], [ 135.1417016, 35.2900297 ], [ 135.1418139, 35.2900433 ], [ 135.1421233, 35.2900998 ], [ 135.1428444, 35.2902236 ], [ 135.1431877, 35.2902969 ], [ 135.1435519, 35.2903647 ], [ 135.1438685, 35.2904231 ], [ 135.1440143, 35.29045 ], [ 135.1441593, 35.2904707 ], [ 135.1443203, 35.2904831 ], [ 135.1449264, 35.2904886 ], [ 135.1452561, 35.2904661 ], [ 135.1453702, 35.2904509 ], [ 135.1455103, 35.2904322 ], [ 135.1456352, 35.2904046 ], [ 135.1457644, 35.2903758 ], [ 135.1459156, 35.2903308 ], [ 135.1460314, 35.2902847 ], [ 135.1461697, 35.2902294 ], [ 135.1480072, 35.2892683 ], [ 135.1501723, 35.2882233 ], [ 135.1509086, 35.2878628 ], [ 135.1513097, 35.2876956 ], [ 135.1515633, 35.2875831 ], [ 135.1516587, 35.2875373 ], [ 135.1521056, 35.2873928 ], [ 135.1523486, 35.2873233 ], [ 135.1524525, 35.2872981 ], [ 135.1525907, 35.2872697 ], [ 135.1527456, 35.287238 ], [ 135.1529808, 35.2872 ], [ 135.1533395, 35.2871622 ], [ 135.153921, 35.2871286 ], [ 135.1542846, 35.2871225 ], [ 135.1547142, 35.2871225 ], [ 135.1552177, 35.2871356 ], [ 135.1556711, 35.2871525 ], [ 135.1562278, 35.2871636 ], [ 135.1570456, 35.287192 ], [ 135.1579383, 35.287192 ], [ 135.1580806, 35.2871744 ], [ 135.1582991, 35.2871474 ], [ 135.1586256, 35.2870978 ], [ 135.1590856, 35.287024 ], [ 135.1594181, 35.2869678 ], [ 135.1596312, 35.2869137 ], [ 135.1606368, 35.2867118 ], [ 135.1613211, 35.2865742 ], [ 135.1692213, 35.2848828 ], [ 135.1697728, 35.2847928 ], [ 135.1709508, 35.2845545 ], [ 135.171315, 35.2844756 ], [ 135.1725361, 35.2842243 ], [ 135.1733672, 35.2840671 ], [ 135.1738827, 35.283967 ], [ 135.1742821, 35.2838905 ], [ 135.1750714, 35.28373 ], [ 135.1763326, 35.2834723 ], [ 135.1765418, 35.2834231 ], [ 135.1766555, 35.2833975 ], [ 135.1768636, 35.2833333 ], [ 135.1772086, 35.2832269 ], [ 135.1777978, 35.2830481 ], [ 135.1781616, 35.2829259 ], [ 135.1782671, 35.2828805 ], [ 135.1784694, 35.2827935 ], [ 135.1785837, 35.2827444 ], [ 135.1787865, 35.2826773 ], [ 135.1789911, 35.2825417 ], [ 135.1794297, 35.2821361 ], [ 135.1797208, 35.2818261 ], [ 135.1799166, 35.2816045 ], [ 135.1802506, 35.2811908 ], [ 135.1808036, 35.280475 ], [ 135.1809708, 35.2801947 ], [ 135.1811964, 35.2797953 ], [ 135.1814, 35.2794314 ], [ 135.1815966, 35.2790557 ], [ 135.1817203, 35.2787752 ], [ 135.1818802, 35.2784234 ], [ 135.1821356, 35.2777641 ], [ 135.1822261, 35.2775339 ], [ 135.1823594, 35.2772183 ], [ 135.1827519, 35.2763255 ], [ 135.1829894, 35.2757555 ], [ 135.1832344, 35.2751364 ], [ 135.1833611, 35.2748331 ], [ 135.1835423, 35.2742977 ], [ 135.1835824, 35.2740869 ], [ 135.1836048, 35.2739464 ], [ 135.1836181, 35.2738204 ], [ 135.1836093, 35.2735329 ], [ 135.1835655, 35.2733613 ], [ 135.1835369, 35.2732208 ], [ 135.1834631, 35.272972 ], [ 135.1833814, 35.2727289 ], [ 135.1833333, 35.2726046 ], [ 135.1832853, 35.2724803 ], [ 135.1831963, 35.2722432 ], [ 135.1830376, 35.2719065 ], [ 135.182974, 35.2717786 ], [ 135.1828775, 35.2715422 ], [ 135.1827057, 35.2710966 ], [ 135.1826164, 35.2708436 ], [ 135.18228, 35.2700095 ], [ 135.1821633, 35.2696317 ], [ 135.1821358, 35.2695133 ], [ 135.1820328, 35.2691414 ], [ 135.1819778, 35.2687923 ], [ 135.1819778, 35.2684258 ], [ 135.1819917, 35.2683638 ], [ 135.1820398, 35.2682759 ], [ 135.1823751, 35.2678303 ], [ 135.1831248, 35.2668652 ], [ 135.1833984, 35.2665391 ], [ 135.1836267, 35.2662675 ], [ 135.1837923, 35.2660881 ], [ 135.1840504, 35.2658086 ], [ 135.1843381, 35.2655179 ], [ 135.1847258, 35.2651628 ], [ 135.1853717, 35.2646164 ], [ 135.1858939, 35.26425 ], [ 135.1861189, 35.2641015 ], [ 135.1862869, 35.2639917 ], [ 135.1864983, 35.2638611 ], [ 135.1868919, 35.2636258 ], [ 135.1871306, 35.2634833 ], [ 135.1879478, 35.2630272 ], [ 135.1889913, 35.2625003 ], [ 135.189645, 35.2621703 ], [ 135.1905353, 35.2617194 ], [ 135.1911858, 35.2614043 ], [ 135.1916667, 35.2611397 ], [ 135.1919119, 35.2610039 ], [ 135.1923519, 35.2607617 ], [ 135.1931072, 35.2603539 ], [ 135.1933756, 35.2602036 ], [ 135.1946533, 35.2595667 ], [ 135.1951753, 35.2593133 ], [ 135.1954356, 35.2592188 ], [ 135.1958419, 35.2590711 ], [ 135.1960619, 35.2589975 ], [ 135.1965289, 35.2588567 ], [ 135.1967077, 35.2588172 ], [ 135.1974911, 35.258584 ], [ 135.1981254, 35.2583948 ], [ 135.1985384, 35.2582831 ], [ 135.1988076, 35.2581782 ], [ 135.1990495, 35.258103 ], [ 135.1992252, 35.2580141 ], [ 135.1995012, 35.2578887 ], [ 135.1996404, 35.2578089 ], [ 135.1997864, 35.2577199 ], [ 135.1999815, 35.2575991 ], [ 135.2007208, 35.2570747 ], [ 135.2017247, 35.2564226 ], [ 135.2029249, 35.2556155 ], [ 135.2039288, 35.2549088 ], [ 135.2048734, 35.2542339 ], [ 135.205307, 35.2539329 ], [ 135.2061055, 35.2533812 ], [ 135.2064843, 35.2531213 ], [ 135.2074974, 35.2524099 ], [ 135.2080815, 35.2520041 ], [ 135.2084511, 35.2517624 ], [ 135.2087477, 35.2515618 ], [ 135.2090306, 35.2513566 ], [ 135.2092999, 35.2511742 ], [ 135.2097562, 35.2508732 ], [ 135.2104088, 35.2504856 ], [ 135.2108012, 35.2502987 ], [ 135.2113214, 35.2499977 ], [ 135.2118417, 35.2496831 ], [ 135.2123026, 35.2494232 ], [ 135.2129962, 35.249031 ], [ 135.2133795, 35.2488213 ], [ 135.2137081, 35.2486297 ], [ 135.2139454, 35.2484929 ], [ 135.2143606, 35.2482558 ], [ 135.2145979, 35.2480826 ], [ 135.2148489, 35.2478591 ], [ 135.2150223, 35.2477132 ], [ 135.215255, 35.2474031 ], [ 135.2152824, 35.2473484 ], [ 135.2153281, 35.2472618 ], [ 135.2154239, 35.2471022 ], [ 135.2156155, 35.2466599 ], [ 135.2159167, 35.2460853 ], [ 135.2159806, 35.2458801 ], [ 135.2160993, 35.2456476 ], [ 135.2162407, 35.2453694 ], [ 135.2164233, 35.2449636 ], [ 135.2166377, 35.2445304 ], [ 135.2169252, 35.2439102 ], [ 135.217158, 35.2434816 ], [ 135.2172949, 35.2431852 ], [ 135.2174911, 35.2427338 ], [ 135.2176691, 35.2423006 ], [ 135.217774, 35.2419221 ], [ 135.2178835, 35.2416212 ], [ 135.2181801, 35.2405815 ], [ 135.2182805, 35.2401483 ], [ 135.2183536, 35.2397698 ], [ 135.2184905, 35.2393412 ], [ 135.2186274, 35.2388898 ], [ 135.2188966, 35.237996 ], [ 135.2190654, 35.237385 ], [ 135.219143, 35.2371114 ], [ 135.219143, 35.2369746 ], [ 135.2191567, 35.2368013 ], [ 135.2191339, 35.2366098 ], [ 135.218997, 35.2363271 ], [ 135.2187734, 35.2360079 ], [ 135.218349, 35.2355382 ], [ 135.2182577, 35.2354197 ], [ 135.2181619, 35.2352464 ], [ 135.2181208, 35.235064 ], [ 135.2180934, 35.234877 ], [ 135.2181163, 35.2346354 ], [ 135.2181619, 35.2343982 ], [ 135.2181938, 35.2341246 ], [ 135.2182395, 35.2337234 ], [ 135.2182851, 35.233427 ], [ 135.2183444, 35.2332263 ], [ 135.2184129, 35.2330576 ], [ 135.2184768, 35.2329026 ], [ 135.2186684, 35.2326336 ], [ 135.2188555, 35.2324831 ], [ 135.2190016, 35.2323919 ], [ 135.2191886, 35.2323007 ], [ 135.2194351, 35.2322049 ], [ 135.219645, 35.2321502 ], [ 135.2200922, 35.2321548 ], [ 135.2204938, 35.2321548 ], [ 135.2210642, 35.2321365 ], [ 135.221516, 35.2320818 ], [ 135.2216437, 35.2320408 ], [ 135.2217624, 35.2319952 ], [ 135.2219723, 35.2318903 ], [ 135.2222507, 35.23179 ], [ 135.2226522, 35.2315893 ], [ 135.222926, 35.2314525 ], [ 135.2231679, 35.2313522 ], [ 135.2234463, 35.2312245 ], [ 135.2236516, 35.2311151 ], [ 135.2238433, 35.230992 ], [ 135.2240212, 35.2308369 ], [ 135.2242494, 35.2306226 ], [ 135.2245323, 35.2302214 ], [ 135.2248518, 35.2297471 ], [ 135.2249795, 35.2295693 ], [ 135.2251575, 35.2292957 ], [ 135.2253994, 35.2289127 ], [ 135.2256914, 35.2284977 ], [ 135.2259743, 35.2280235 ], [ 135.2261021, 35.2277727 ], [ 135.2261614, 35.2275356 ], [ 135.2262573, 35.2271799 ], [ 135.2263212, 35.2267102 ], [ 135.2263531, 35.2263392 ], [ 135.2262639, 35.2260067 ], [ 135.226123, 35.2256515 ], [ 135.2260303, 35.2254545 ], [ 135.2259275, 35.2252514 ], [ 135.2257952, 35.2249799 ], [ 135.2256392, 35.2246483 ], [ 135.2250592, 35.2235102 ], [ 135.2250066, 35.2234049 ], [ 135.2249486, 35.223273 ], [ 135.2249072, 35.2231791 ], [ 135.2248242, 35.222982 ], [ 135.2247333, 35.2227036 ], [ 135.2247428, 35.2226158 ], [ 135.224747, 35.2225575 ], [ 135.2248019, 35.2223772 ], [ 135.2249183, 35.2221911 ], [ 135.2249987, 35.2220897 ], [ 135.2251037, 35.2219763 ], [ 135.225193, 35.2218814 ], [ 135.2253027, 35.2217914 ], [ 135.2263875, 35.2211486 ], [ 135.2266414, 35.2210078 ], [ 135.226968, 35.2208177 ], [ 135.2270914, 35.2207382 ], [ 135.22741, 35.2205514 ], [ 135.2276158, 35.2204781 ], [ 135.2278044, 35.2204259 ], [ 135.2279536, 35.2203984 ], [ 135.2288151, 35.2201987 ], [ 135.2290503, 35.2201456 ], [ 135.2291259, 35.2201342 ], [ 135.2293592, 35.2200836 ], [ 135.2298875, 35.2199597 ], [ 135.2301414, 35.2199147 ], [ 135.2303316, 35.2198819 ], [ 135.2309583, 35.2197739 ], [ 135.2316103, 35.2196047 ], [ 135.2319257, 35.2194828 ], [ 135.2321253, 35.2193736 ], [ 135.2333333, 35.2186076 ], [ 135.2336622, 35.2183983 ], [ 135.2340976, 35.218117 ], [ 135.2342319, 35.2180436 ], [ 135.2348497, 35.2176547 ], [ 135.2355316, 35.2172152 ], [ 135.2356254, 35.2171561 ], [ 135.2358794, 35.2170011 ], [ 135.2361648, 35.216808 ], [ 135.2363104, 35.2166969 ], [ 135.2364512, 35.2165116 ], [ 135.2365647, 35.2163175 ], [ 135.236596, 35.2162642 ], [ 135.2367853, 35.2159192 ], [ 135.2369156, 35.2156767 ], [ 135.2372021, 35.2152024 ], [ 135.237374, 35.2148705 ], [ 135.2374503, 35.2147453 ], [ 135.2375339, 35.2146383 ], [ 135.2377542, 35.2143764 ], [ 135.2378356, 35.2143014 ], [ 135.2379999, 35.2141437 ], [ 135.2382747, 35.2139181 ], [ 135.2386453, 35.2136592 ], [ 135.2387833, 35.2135773 ], [ 135.2391598, 35.2133547 ], [ 135.2396114, 35.213133 ], [ 135.2396751, 35.2131018 ], [ 135.239844, 35.2130188 ], [ 135.2400693, 35.2129082 ], [ 135.2405796, 35.2126574 ], [ 135.2406286, 35.2126333 ], [ 135.2408622, 35.2125486 ], [ 135.2412345, 35.2123957 ], [ 135.2416981, 35.2122054 ], [ 135.241749, 35.2121845 ], [ 135.2419049, 35.2121203 ], [ 135.2420425, 35.2120528 ], [ 135.2422756, 35.2119233 ], [ 135.2423919, 35.2118456 ], [ 135.2424611, 35.2117995 ], [ 135.2427631, 35.2115739 ], [ 135.2429744, 35.2114058 ], [ 135.2431956, 35.21123 ], [ 135.2434799, 35.2109994 ], [ 135.2437789, 35.2107681 ], [ 135.2441903, 35.21043 ], [ 135.2446544, 35.2100658 ], [ 135.2454808, 35.2093986 ], [ 135.2457617, 35.2091766 ], [ 135.2460508, 35.2089478 ], [ 135.2462614, 35.2087694 ], [ 135.2462996, 35.2087345 ], [ 135.2464694, 35.2085756 ], [ 135.24667, 35.2083336 ], [ 135.2467687, 35.2081908 ], [ 135.2468539, 35.2080628 ], [ 135.2469225, 35.2079278 ], [ 135.24701, 35.2076423 ], [ 135.2470322, 35.2074881 ], [ 135.2470212, 35.2070138 ], [ 135.2470186, 35.2069078 ], [ 135.2469975, 35.2065939 ], [ 135.2469911, 35.2065469 ], [ 135.2469501, 35.2063554 ], [ 135.2468333, 35.2060114 ], [ 135.2466836, 35.2056491 ], [ 135.2466444, 35.2055541 ], [ 135.2465656, 35.2053636 ], [ 135.2464075, 35.2049464 ], [ 135.2463358, 35.2047432 ], [ 135.2462842, 35.204597 ], [ 135.2462431, 35.2043489 ], [ 135.2462361, 35.2040448 ], [ 135.2462842, 35.2038361 ], [ 135.2463389, 35.2037064 ], [ 135.2464694, 35.2034922 ], [ 135.2466272, 35.2032839 ], [ 135.2468104, 35.203085 ], [ 135.2468608, 35.2030303 ], [ 135.2472039, 35.2027447 ], [ 135.2481428, 35.2016817 ], [ 135.2483001, 35.20154 ], [ 135.2484525, 35.2014328 ], [ 135.2486925, 35.2013075 ], [ 135.2488749, 35.2012586 ], [ 135.24931, 35.2011637 ], [ 135.25, 35.2010049 ], [ 135.25174, 35.2006022 ], [ 135.2526402, 35.2004133 ], [ 135.2530073, 35.2003421 ], [ 135.2535532, 35.2002364 ], [ 135.2535939, 35.2002285 ], [ 135.2547716, 35.2 ], [ 135.2556722, 35.1998253 ], [ 135.255847, 35.1998197 ], [ 135.256043, 35.1998267 ], [ 135.256225, 35.1998614 ], [ 135.2566614, 35.1999747 ], [ 135.2567249, 35.2 ], [ 135.2569988, 35.2001091 ], [ 135.2572425, 35.2002861 ], [ 135.25744, 35.200551 ], [ 135.2578176, 35.2010264 ], [ 135.2583333, 35.2016712 ], [ 135.2584486, 35.2018153 ], [ 135.2590253, 35.2025886 ], [ 135.2597285, 35.2035302 ], [ 135.2598838, 35.2037452 ], [ 135.2603586, 35.2042261 ], [ 135.26064, 35.2044358 ], [ 135.2610361, 35.2046361 ], [ 135.2613206, 35.2047269 ], [ 135.2616019, 35.2047889 ], [ 135.2621097, 35.2048642 ], [ 135.2642442, 35.2049656 ], [ 135.2645258, 35.2049917 ], [ 135.2647658, 35.205037 ], [ 135.2651031, 35.2051308 ], [ 135.2654873, 35.2053056 ], [ 135.2656717, 35.2054145 ], [ 135.2663578, 35.2059448 ], [ 135.2666003, 35.2061438 ], [ 135.2676532, 35.2070082 ], [ 135.2685479, 35.2077428 ], [ 135.2685904, 35.2077776 ], [ 135.2690689, 35.2081703 ], [ 135.26935, 35.2083225 ], [ 135.2696453, 35.2084128 ], [ 135.2699005, 35.208478 ], [ 135.2700967, 35.2084958 ], [ 135.2703003, 35.2084839 ], [ 135.2708939, 35.2083567 ], [ 135.2709916, 35.2083333 ], [ 135.2737697, 35.2076697 ], [ 135.2742019, 35.2076128 ], [ 135.2747025, 35.2076142 ], [ 135.2751145, 35.2076559 ], [ 135.2754394, 35.2076882 ], [ 135.2769057, 35.2078552 ], [ 135.278306, 35.20802 ], [ 135.2785061, 35.2080418 ], [ 135.2804845, 35.2082594 ], [ 135.2807372, 35.2082866 ], [ 135.281175, 35.2083333 ], [ 135.2827942, 35.2085061 ], [ 135.2830389, 35.2084949 ], [ 135.2833309, 35.2084445 ], [ 135.2834126, 35.2084181 ], [ 135.2835064, 35.2083867 ], [ 135.2836979, 35.2082837 ], [ 135.2839278, 35.20816 ], [ 135.2840369, 35.2080764 ], [ 135.2841603, 35.2079333 ], [ 135.2842647, 35.207783 ], [ 135.2843856, 35.2075697 ], [ 135.2844625, 35.2073372 ], [ 135.2844851, 35.207144 ], [ 135.2844949, 35.2070702 ], [ 135.2844875, 35.2067797 ], [ 135.2844583, 35.2066483 ], [ 135.2843856, 35.2064814 ], [ 135.2839767, 35.2060175 ], [ 135.2839133, 35.2059447 ], [ 135.2834354, 35.205408 ], [ 135.2817086, 35.2034656 ], [ 135.2815477, 35.203241 ], [ 135.2813936, 35.2029353 ], [ 135.2812892, 35.2025978 ], [ 135.2812778, 35.2022928 ], [ 135.2813192, 35.2020506 ], [ 135.2813739, 35.201842 ], [ 135.2815368, 35.2015998 ], [ 135.2821042, 35.2007283 ], [ 135.2822704, 35.2004661 ], [ 135.2823825, 35.2002922 ], [ 135.28252, 35.2001344 ], [ 135.2826083, 35.2 ], [ 135.2828233, 35.1996725 ], [ 135.2829728, 35.1994297 ], [ 135.2830483, 35.1991875 ], [ 135.2830828, 35.1988325 ], [ 135.2830819, 35.1985903 ], [ 135.2829928, 35.1980886 ], [ 135.2829936, 35.1978745 ], [ 135.2830778, 35.1976086 ], [ 135.2832131, 35.1973672 ], [ 135.2832758, 35.1972921 ], [ 135.283342, 35.197213 ], [ 135.2837469, 35.1969425 ], [ 135.2845788, 35.1964937 ], [ 135.284977, 35.1962233 ], [ 135.2852583, 35.1960037 ], [ 135.2854048, 35.1958707 ], [ 135.2854716, 35.195799 ], [ 135.2856722, 35.1955595 ], [ 135.2861043, 35.1949187 ], [ 135.2862929, 35.1946031 ], [ 135.2865789, 35.194084 ], [ 135.2867072, 35.1938633 ], [ 135.2868997, 35.1936092 ], [ 135.2870042, 35.1935006 ], [ 135.2870708, 35.1934278 ], [ 135.2871669, 35.193357 ], [ 135.2873559, 35.1932174 ], [ 135.2874342, 35.1931594 ], [ 135.2876979, 35.1930305 ], [ 135.2877495, 35.1930071 ], [ 135.2881528, 35.1928793 ], [ 135.2900278, 35.1923625 ], [ 135.2903983, 35.1921934 ], [ 135.2911448, 35.1916667 ], [ 135.2916667, 35.1912984 ], [ 135.2918469, 35.1911712 ], [ 135.2923072, 35.1908526 ], [ 135.2931583, 35.1902672 ], [ 135.2934114, 35.1901308 ], [ 135.2943466, 35.1897031 ], [ 135.2947162, 35.1895579 ], [ 135.2950208, 35.1894441 ], [ 135.2956404, 35.1892126 ], [ 135.2957571, 35.1891679 ], [ 135.2963416, 35.1890154 ], [ 135.2969931, 35.188855 ], [ 135.2974603, 35.1888008 ], [ 135.2979895, 35.1887994 ], [ 135.2982292, 35.1888392 ], [ 135.2985583, 35.1889367 ], [ 135.3, 35.1895416 ], [ 135.3004997, 35.1897514 ], [ 135.3008705, 35.1899075 ], [ 135.3012194, 35.1900914 ], [ 135.3013813, 35.1901457 ], [ 135.30151, 35.1901867 ], [ 135.3019897, 35.1902661 ], [ 135.3023092, 35.1903019 ], [ 135.3025491, 35.1903078 ], [ 135.3027194, 35.1902953 ], [ 135.3028861, 35.1902571 ], [ 135.3035342, 35.1901761 ], [ 135.3053386, 35.1897535 ], [ 135.3059256, 35.1896347 ], [ 135.3062664, 35.1896281 ], [ 135.30651, 35.1896464 ], [ 135.3067245, 35.1896878 ], [ 135.3070658, 35.1897892 ], [ 135.3071527, 35.1898261 ], [ 135.3074439, 35.1899503 ], [ 135.3075276, 35.1899959 ], [ 135.3077489, 35.1901163 ], [ 135.3080136, 35.1902704 ], [ 135.3082596, 35.1903761 ], [ 135.3083333, 35.1904078 ], [ 135.3087911, 35.1906042 ], [ 135.3089628, 35.1906547 ], [ 135.3091275, 35.1906775 ], [ 135.3093203, 35.1906683 ], [ 135.3095006, 35.1906361 ], [ 135.3096908, 35.1905725 ], [ 135.3100013, 35.1903807 ], [ 135.3110143, 35.1895343 ], [ 135.311688, 35.1889679 ], [ 135.3128677, 35.1879778 ], [ 135.3130638, 35.1878486 ], [ 135.3133267, 35.1877595 ], [ 135.3135792, 35.1876939 ], [ 135.3137416, 35.1876861 ], [ 135.3138836, 35.1876908 ], [ 135.3142953, 35.1877467 ], [ 135.3148728, 35.1878686 ], [ 135.3166667, 35.1883471 ], [ 135.3168691, 35.1884011 ], [ 135.3171578, 35.1884968 ], [ 135.3176179, 35.1886209 ], [ 135.3177788, 35.188654 ], [ 135.3180489, 35.1886955 ], [ 135.3183611, 35.1886995 ], [ 135.3187836, 35.1886592 ], [ 135.3205001, 35.1882821 ], [ 135.3214328, 35.1880728 ], [ 135.3219683, 35.1880061 ], [ 135.3221603, 35.1880061 ], [ 135.3223734, 35.1880286 ], [ 135.3225817, 35.1880733 ], [ 135.3229956, 35.1882286 ], [ 135.3232514, 35.1883434 ], [ 135.3233499, 35.1883835 ], [ 135.3238241, 35.1885571 ], [ 135.3239919, 35.188622 ], [ 135.3242822, 35.1887117 ], [ 135.3245947, 35.1887772 ], [ 135.325, 35.1887772 ], [ 135.3251142, 35.1887665 ], [ 135.3270813, 35.1886687 ], [ 135.3274665, 35.1886682 ], [ 135.3283161, 35.1886781 ], [ 135.3287622, 35.1887211 ], [ 135.3290508, 35.1887814 ], [ 135.331452, 35.1897192 ], [ 135.3326544, 35.19018 ], [ 135.3329411, 35.1902664 ], [ 135.3331935, 35.190297 ], [ 135.3333507, 35.1902818 ], [ 135.3335225, 35.1902664 ], [ 135.3337449, 35.190227 ], [ 135.333965, 35.1901775 ], [ 135.3341692, 35.1901053 ], [ 135.3343581, 35.1900039 ], [ 135.3344289, 35.1899425 ], [ 135.3358644, 35.1885524 ], [ 135.3373778, 35.1870248 ], [ 135.3378703, 35.1862753 ], [ 135.3384414, 35.1855776 ], [ 135.3396192, 35.1851331 ], [ 135.3423389, 35.1840124 ], [ 135.3437738, 35.1834057 ], [ 135.3443805, 35.1830345 ], [ 135.34528, 35.182185 ], [ 135.3473144, 35.1801934 ], [ 135.3481853, 35.1796295 ], [ 135.3489419, 35.179451 ], [ 135.35, 35.1794097 ], [ 135.3508686, 35.1794636 ], [ 135.3511978, 35.1794536 ], [ 135.3513969, 35.1793953 ], [ 135.3524977, 35.1789902 ], [ 135.3525489, 35.1789724 ], [ 135.3527619, 35.1789004 ], [ 135.3530992, 35.1787864 ], [ 135.3532503, 35.1787583 ], [ 135.3534641, 35.1787561 ], [ 135.3537442, 35.1787583 ], [ 135.353943, 35.1787808 ], [ 135.3540435, 35.1788012 ], [ 135.3544308, 35.17888 ], [ 135.355112, 35.1790674 ], [ 135.3556517, 35.1791758 ], [ 135.3583333, 35.1792185 ], [ 135.3588024, 35.1792259 ], [ 135.3590402, 35.1792335 ], [ 135.3602981, 35.1792747 ], [ 135.3604972, 35.179305 ], [ 135.3607573, 35.1793908 ], [ 135.3610186, 35.179525 ], [ 135.361326, 35.1797245 ], [ 135.3615251, 35.1798981 ], [ 135.3619639, 35.1803606 ], [ 135.362205, 35.1805297 ], [ 135.3629394, 35.1809131 ], [ 135.3632556, 35.1810142 ], [ 135.3639764, 35.1811542 ], [ 135.364873, 35.1813035 ], [ 135.3668693, 35.1816363 ], [ 135.3681625, 35.1818518 ], [ 135.3682704, 35.1818711 ], [ 135.3684006, 35.1818943 ], [ 135.3691351, 35.1820323 ], [ 135.3693939, 35.1820809 ], [ 135.3695068, 35.1821021 ], [ 135.3696197, 35.1821233 ], [ 135.3702225, 35.1822366 ], [ 135.3706786, 35.18232 ], [ 135.3709676, 35.1823746 ], [ 135.3721917, 35.1826064 ], [ 135.3729465, 35.1826972 ], [ 135.3731161, 35.1827152 ], [ 135.3733539, 35.1827403 ], [ 135.3735358, 35.1827422 ], [ 135.3737269, 35.1827442 ], [ 135.3740008, 35.1827306 ], [ 135.3742034, 35.1826856 ], [ 135.3746281, 35.18259 ], [ 135.3749238, 35.1824911 ], [ 135.3750139, 35.1824609 ], [ 135.3751497, 35.1824153 ], [ 135.3754036, 35.1823083 ], [ 135.3761309, 35.1819251 ], [ 135.3766047, 35.1816544 ], [ 135.3768565, 35.1815138 ], [ 135.3770507, 35.1814008 ], [ 135.3772156, 35.1812995 ], [ 135.3783538, 35.1806491 ], [ 135.3785136, 35.1805577 ], [ 135.3786681, 35.1804693 ], [ 135.3789153, 35.1803214 ], [ 135.3791444, 35.1801839 ], [ 135.3796768, 35.1799009 ], [ 135.3797761, 35.1798551 ], [ 135.3800914, 35.179733 ], [ 135.3802147, 35.1796878 ], [ 135.3805856, 35.1796145 ], [ 135.3807406, 35.1796055 ], [ 135.381423, 35.1796566 ], [ 135.38159, 35.1797036 ], [ 135.3819121, 35.1797819 ], [ 135.3821507, 35.1798286 ], [ 135.3825621, 35.1799189 ], [ 135.383015, 35.1800092 ], [ 135.3833263, 35.1800798 ], [ 135.3833909, 35.1800945 ], [ 135.3835367, 35.1801275 ], [ 135.3837153, 35.1801725 ], [ 135.3839076, 35.180212 ], [ 135.3843123, 35.1802908 ], [ 135.3845458, 35.1803472 ], [ 135.3851703, 35.1804656 ], [ 135.3853486, 35.1804939 ], [ 135.3860417, 35.1805333 ], [ 135.3864314, 35.1805333 ], [ 135.3864867, 35.1805333 ], [ 135.3866322, 35.1805333 ], [ 135.3870644, 35.1804825 ], [ 135.3876547, 35.1803756 ], [ 135.3882383, 35.1802458 ], [ 135.38841, 35.1802008 ], [ 135.3887736, 35.1800992 ], [ 135.3890458, 35.1800268 ], [ 135.3892533, 35.17997 ], [ 135.389405, 35.1799303 ], [ 135.3900706, 35.1796769 ], [ 135.3910247, 35.1793445 ], [ 135.3911584, 35.1792869 ], [ 135.3916573, 35.1791038 ], [ 135.3918389, 35.179037 ], [ 135.3930514, 35.1785125 ], [ 135.3939253, 35.1780958 ], [ 135.3943467, 35.1778592 ], [ 135.3946767, 35.1776397 ], [ 135.3948836, 35.177497 ], [ 135.3951036, 35.1773917 ], [ 135.3952881, 35.1773447 ], [ 135.3954729, 35.1773305 ], [ 135.395782, 35.1773169 ], [ 135.3962115, 35.1773239 ], [ 135.3964831, 35.177325 ], [ 135.3970362, 35.1773275 ], [ 135.3974324, 35.1773325 ], [ 135.3987803, 35.1773383 ], [ 135.3990375, 35.1773472 ], [ 135.3992403, 35.1773383 ], [ 135.3993984, 35.1773214 ], [ 135.3997348, 35.1772425 ], [ 135.4, 35.1771613 ], [ 135.400336, 35.1770611 ], [ 135.4006134, 35.1770003 ], [ 135.4006559, 35.1769968 ], [ 135.4017408, 35.1769195 ], [ 135.4028026, 35.1768369 ], [ 135.4036551, 35.1767844 ], [ 135.4039694, 35.1767692 ], [ 135.4044273, 35.176705 ], [ 135.4046031, 35.1766742 ], [ 135.4047244, 35.1766432 ], [ 135.4048477, 35.1766114 ], [ 135.4050331, 35.176555 ], [ 135.4052183, 35.1764875 ], [ 135.4053969, 35.1764142 ], [ 135.406145, 35.176155 ], [ 135.4065431, 35.1760197 ], [ 135.4067691, 35.1759406 ], [ 135.4074694, 35.1757006 ], [ 135.4077206, 35.1756148 ], [ 135.4083255, 35.1754064 ], [ 135.4084581, 35.1753606 ], [ 135.4090069, 35.1751689 ], [ 135.4095127, 35.175 ], [ 135.4096317, 35.1749603 ], [ 135.4097207, 35.1749209 ], [ 135.4098406, 35.1748624 ], [ 135.4100092, 35.17478 ], [ 135.4102563, 35.1746278 ], [ 135.4107847, 35.1742389 ], [ 135.4112577, 35.1738279 ], [ 135.4118486, 35.173315 ], [ 135.4121714, 35.173067 ], [ 135.4123292, 35.1729767 ], [ 135.4126106, 35.1728528 ], [ 135.4129603, 35.1727232 ], [ 135.4137978, 35.1723964 ], [ 135.4141958, 35.1722497 ], [ 135.4145973, 35.1720991 ], [ 135.4147081, 35.172058 ], [ 135.4148481, 35.1720075 ], [ 135.4151364, 35.1718497 ], [ 135.4155414, 35.1716131 ], [ 135.4159191, 35.1714046 ], [ 135.4164741, 35.1710726 ], [ 135.4166189, 35.1709875 ], [ 135.4169251, 35.1708042 ], [ 135.4173199, 35.1705697 ], [ 135.4175317, 35.1704522 ], [ 135.4184092, 35.1698717 ], [ 135.4189378, 35.1694997 ], [ 135.4193289, 35.169207 ], [ 135.4194946, 35.1690609 ], [ 135.4196038, 35.1689705 ], [ 135.420184, 35.1684973 ], [ 135.4203914, 35.1682995 ], [ 135.4207964, 35.1678558 ], [ 135.421715, 35.1669753 ], [ 135.4220446, 35.1666667 ], [ 135.4221985, 35.1665225 ], [ 135.4224202, 35.1663222 ], [ 135.4235386, 35.1652956 ], [ 135.4239598, 35.1649423 ], [ 135.4242656, 35.164597 ], [ 135.4243431, 35.1644764 ], [ 135.4245122, 35.1642136 ], [ 135.4246767, 35.1638925 ], [ 135.4247453, 35.1637344 ], [ 135.4247847, 35.1636408 ], [ 135.4249177, 35.1633077 ], [ 135.4250001, 35.1630658 ], [ 135.4250737, 35.1627569 ], [ 135.4251181, 35.1626272 ], [ 135.4251539, 35.1624777 ], [ 135.4255369, 35.1608828 ], [ 135.4256014, 35.1606127 ], [ 135.425874, 35.1594396 ], [ 135.4266375, 35.1561539 ], [ 135.4266794, 35.1559745 ], [ 135.4268433, 35.155273 ], [ 135.4270518, 35.1543677 ], [ 135.4271566, 35.153901 ], [ 135.4272828, 35.1532636 ], [ 135.4274131, 35.1527733 ], [ 135.4277353, 35.1519164 ], [ 135.4280747, 35.1511113 ], [ 135.4281439, 35.1509561 ], [ 135.4282117, 35.1507861 ], [ 135.4282744, 35.1506311 ], [ 135.4285128, 35.1500537 ], [ 135.4285792, 35.1498444 ], [ 135.4286267, 35.1496508 ], [ 135.4286267, 35.1493017 ], [ 135.4286058, 35.1491436 ], [ 135.4285624, 35.1489285 ], [ 135.4285136, 35.1487688 ], [ 135.4282991, 35.1480856 ], [ 135.4281397, 35.147611 ], [ 135.4279583, 35.1469495 ], [ 135.4271336, 35.1444852 ], [ 135.4269046, 35.1438017 ], [ 135.4267056, 35.143194 ], [ 135.4264533, 35.1424316 ], [ 135.426204, 35.1416667 ], [ 135.4260491, 35.1411916 ], [ 135.4260011, 35.141045 ], [ 135.4257564, 35.1402687 ], [ 135.4256376, 35.1398957 ], [ 135.4255831, 35.1397426 ], [ 135.4255541, 35.1396554 ], [ 135.4254389, 35.1392869 ], [ 135.4253633, 35.1389261 ], [ 135.4253497, 35.1387683 ], [ 135.4253543, 35.1385534 ], [ 135.4253564, 35.1384472 ], [ 135.4254181, 35.1380639 ], [ 135.4255281, 35.1376467 ], [ 135.4256789, 35.1371114 ], [ 135.425806, 35.1368271 ], [ 135.4259188, 35.1366746 ], [ 135.4259667, 35.13661 ], [ 135.4261725, 35.1363844 ], [ 135.4264947, 35.136142 ], [ 135.4272419, 35.1356406 ], [ 135.4277014, 35.1353022 ], [ 135.4280581, 35.1350261 ], [ 135.4285928, 35.1345925 ], [ 135.4289839, 35.1342261 ], [ 135.4293554, 35.1338538 ], [ 135.4295186, 35.1336905 ], [ 135.4297988, 35.1333333 ], [ 135.4301906, 35.1328339 ], [ 135.4303818, 35.1326016 ], [ 135.4306084, 35.1323042 ], [ 135.4310339, 35.13178 ], [ 135.4314522, 35.1313122 ], [ 135.4319244, 35.1308397 ], [ 135.4322092, 35.1305925 ], [ 135.4323313, 35.1304892 ], [ 135.43267, 35.1301801 ], [ 135.4327133, 35.1301405 ], [ 135.4328344, 35.130023 ], [ 135.4333156, 35.1296021 ], [ 135.4335781, 35.1293736 ], [ 135.4337492, 35.1291764 ], [ 135.4338317, 35.1290072 ], [ 135.4338592, 35.1289003 ], [ 135.4338592, 35.1286972 ], [ 135.4338178, 35.1285564 ], [ 135.4337356, 35.1284322 ], [ 135.4335642, 35.1282408 ], [ 135.4335025, 35.1281281 ], [ 135.4334817, 35.1280097 ], [ 135.4334817, 35.1277617 ], [ 135.4335025, 35.1276375 ], [ 135.4335847, 35.127401 ], [ 135.4336739, 35.127215 ], [ 135.4339825, 35.1266742 ], [ 135.4345105, 35.1256935 ], [ 135.4346339, 35.1255017 ], [ 135.4347433, 35.1253947 ], [ 135.4348258, 35.1253494 ], [ 135.4349767, 35.1252933 ], [ 135.4351686, 35.1252706 ], [ 135.4354987, 35.1252594 ], [ 135.4356622, 35.1252536 ], [ 135.4357994, 35.1252425 ], [ 135.4359159, 35.1252144 ], [ 135.4360119, 35.1251692 ], [ 135.4360423, 35.1251441 ], [ 135.4361292, 35.1250488 ], [ 135.4361825, 35.1249688 ], [ 135.4361922, 35.1247761 ], [ 135.4361697, 35.124482 ], [ 135.4361903, 35.1243184 ], [ 135.4362519, 35.1241775 ], [ 135.4363136, 35.12411 ], [ 135.4365056, 35.1239519 ], [ 135.4366855, 35.1238273 ], [ 135.436839, 35.1237434 ], [ 135.4373492, 35.1233883 ], [ 135.4377342, 35.1231298 ], [ 135.4381796, 35.1228304 ], [ 135.4383702, 35.1227006 ], [ 135.4386405, 35.1226003 ], [ 135.4393022, 35.1225286 ], [ 135.4394592, 35.1224928 ], [ 135.4402195, 35.1224571 ], [ 135.4416025, 35.1223931 ], [ 135.4419769, 35.1223858 ], [ 135.4432247, 35.1223628 ], [ 135.4435221, 35.1223744 ], [ 135.4438144, 35.1224025 ], [ 135.4441436, 35.1224586 ], [ 135.4444453, 35.1225433 ], [ 135.4446031, 35.1226053 ], [ 135.4447198, 35.1226731 ], [ 135.44509, 35.1229208 ], [ 135.4453914, 35.123107 ], [ 135.4456108, 35.1232028 ], [ 135.4457753, 35.1232478 ], [ 135.4459331, 35.1232478 ], [ 135.4460975, 35.1232028 ], [ 135.4461933, 35.123152 ], [ 135.4466186, 35.1229378 ], [ 135.4469956, 35.1227461 ], [ 135.4472084, 35.1226617 ], [ 135.4473933, 35.1226108 ], [ 135.4476267, 35.122577 ], [ 135.4480928, 35.122577 ], [ 135.4481889, 35.1225939 ], [ 135.4484905, 35.1226786 ], [ 135.4488058, 35.122797 ], [ 135.4491075, 35.1229547 ], [ 135.449375, 35.1231295 ], [ 135.4495872, 35.1232986 ], [ 135.4497314, 35.1234395 ], [ 135.4498958, 35.1236311 ], [ 135.4499671, 35.1237418 ], [ 135.4500881, 35.1239297 ], [ 135.4506648, 35.1249864 ], [ 135.4507392, 35.1251153 ], [ 135.4509352, 35.1254708 ], [ 135.4510267, 35.1256058 ], [ 135.4510886, 35.1256597 ], [ 135.4511914, 35.1257219 ], [ 135.4512944, 35.1257614 ], [ 135.4513906, 35.1257839 ], [ 135.4514797, 35.1257839 ], [ 135.451573, 35.125775 ], [ 135.4516158, 35.1257676 ], [ 135.4516819, 35.1257195 ], [ 135.4518125, 35.1255978 ], [ 135.4519258, 35.1254475 ], [ 135.4520303, 35.1251897 ], [ 135.4520303, 35.125 ], [ 135.4520303, 35.1249681 ], [ 135.4519606, 35.1248178 ], [ 135.4516442, 35.1243864 ], [ 135.4516306, 35.1243131 ], [ 135.4516306, 35.1242003 ], [ 135.4516647, 35.1240875 ], [ 135.4517267, 35.1239297 ], [ 135.4518292, 35.123727 ], [ 135.4521242, 35.1232872 ], [ 135.4521722, 35.123152 ], [ 135.4521928, 35.1230222 ], [ 135.4521789, 35.1229208 ], [ 135.4521036, 35.1228025 ], [ 135.4520075, 35.1227122 ], [ 135.4519183, 35.1226561 ], [ 135.4517269, 35.122515 ], [ 135.4515758, 35.1223517 ], [ 135.451447, 35.1221478 ], [ 135.4513512, 35.1217977 ], [ 135.4512725, 35.1214395 ], [ 135.4512639, 35.1211601 ], [ 135.4512742, 35.1210331 ], [ 135.4514041, 35.1206618 ], [ 135.4515075, 35.1204411 ], [ 135.4517611, 35.1200353 ], [ 135.4518844, 35.1198664 ], [ 135.4520489, 35.1196972 ], [ 135.4522889, 35.1194945 ], [ 135.4526527, 35.1192688 ], [ 135.4534402, 35.1188187 ], [ 135.4536721, 35.118683 ], [ 135.4539278, 35.118542 ], [ 135.454236, 35.1183673 ], [ 135.4546747, 35.118142 ], [ 135.4550589, 35.1179783 ], [ 135.4554769, 35.1178431 ], [ 135.4560939, 35.1176795 ], [ 135.4562864, 35.1176289 ], [ 135.4573216, 35.1173417 ], [ 135.4576094, 35.1172309 ], [ 135.4578907, 35.1170994 ], [ 135.4583333, 35.1168662 ], [ 135.4585006, 35.1167781 ], [ 135.4587415, 35.1166667 ], [ 135.4590264, 35.116535 ], [ 135.4593786, 35.1164286 ], [ 135.459604, 35.1163442 ], [ 135.45992, 35.1162256 ], [ 135.4600778, 35.1161694 ], [ 135.4603177, 35.1160792 ], [ 135.4604686, 35.1160342 ], [ 135.4609144, 35.115865 ], [ 135.4617094, 35.1154989 ], [ 135.4622306, 35.1152172 ], [ 135.462498, 35.1150481 ], [ 135.4628203, 35.1148056 ], [ 135.4631152, 35.1145465 ], [ 135.4632797, 35.1143772 ], [ 135.4634344, 35.1142089 ], [ 135.4636225, 35.1139828 ], [ 135.4637413, 35.113838 ], [ 135.4638981, 35.1136332 ], [ 135.4639854, 35.1135087 ], [ 135.4642802, 35.1131001 ], [ 135.4645619, 35.1127092 ], [ 135.4646989, 35.1125628 ], [ 135.4648567, 35.1124445 ], [ 135.4650144, 35.1123597 ], [ 135.4652222, 35.1122822 ], [ 135.4654497, 35.1122159 ], [ 135.4663378, 35.1119878 ], [ 135.466587, 35.1119302 ], [ 135.4669106, 35.1118703 ], [ 135.467554, 35.1117894 ], [ 135.4676919, 35.1117681 ], [ 135.4678011, 35.1117512 ], [ 135.4680928, 35.111695 ], [ 135.4691215, 35.1115362 ], [ 135.4693764, 35.1114858 ], [ 135.4697728, 35.1112158 ], [ 135.4698929, 35.1111231 ], [ 135.4705609, 35.1105855 ], [ 135.4708658, 35.1103619 ], [ 135.4714456, 35.1100097 ], [ 135.4718636, 35.109835 ], [ 135.4719608, 35.1098106 ], [ 135.472123, 35.1097809 ], [ 135.4724331, 35.109745 ], [ 135.4729475, 35.1096661 ], [ 135.4734683, 35.1095872 ], [ 135.4738849, 35.1095197 ], [ 135.4742087, 35.10948 ], [ 135.4746533, 35.1094137 ], [ 135.4748226, 35.1093949 ], [ 135.4752009, 35.1093402 ], [ 135.4755655, 35.1092872 ], [ 135.4761447, 35.109128 ], [ 135.4767266, 35.1088372 ], [ 135.4771591, 35.1083655 ], [ 135.4773792, 35.1080942 ], [ 135.4775272, 35.1079811 ], [ 135.477812, 35.1076712 ], [ 135.4780326, 35.1075173 ], [ 135.4783639, 35.1072936 ], [ 135.4786039, 35.1071694 ], [ 135.4797075, 35.1066003 ], [ 135.4809657, 35.1059574 ], [ 135.4812421, 35.1058164 ], [ 135.4817749, 35.1055447 ], [ 135.4830887, 35.104863 ], [ 135.483515, 35.1046418 ], [ 135.4844596, 35.104165 ], [ 135.4847881, 35.1039742 ], [ 135.4849664, 35.1038403 ], [ 135.4851058, 35.1037193 ], [ 135.48512, 35.103707 ], [ 135.4852064, 35.1036361 ], [ 135.4853025, 35.1035403 ], [ 135.4855561, 35.1032753 ], [ 135.4857686, 35.1030445 ], [ 135.4859947, 35.102847 ], [ 135.4862965, 35.1026387 ], [ 135.4865217, 35.1024945 ], [ 135.4867836, 35.1023792 ], [ 135.4871403, 35.1022553 ], [ 135.4873183, 35.1021819 ], [ 135.4876267, 35.1020408 ], [ 135.487915, 35.1018945 ], [ 135.4881922, 35.1017329 ], [ 135.4885115, 35.1015336 ], [ 135.4888778, 35.1013301 ], [ 135.4892669, 35.101114 ], [ 135.4894417, 35.1010324 ], [ 135.490223, 35.1006503 ], [ 135.4908906, 35.1003224 ], [ 135.4912403, 35.100142 ], [ 135.491388, 35.1000706 ], [ 135.49214, 35.0997062 ], [ 135.4925431, 35.0994992 ], [ 135.4928994, 35.0992908 ], [ 135.493153, 35.0991158 ], [ 135.4933409, 35.0989615 ], [ 135.4937155, 35.0986539 ], [ 135.4942092, 35.0981694 ], [ 135.4946139, 35.0977128 ], [ 135.4949292, 35.0973128 ], [ 135.4955464, 35.096625 ], [ 135.4956972, 35.0964389 ], [ 135.4958859, 35.0961956 ], [ 135.4960331, 35.0958528 ], [ 135.4961083, 35.0956725 ], [ 135.4961633, 35.0955653 ], [ 135.4963142, 35.0952836 ], [ 135.4964103, 35.0950642 ], [ 135.49658, 35.0947717 ], [ 135.4967542, 35.0944353 ], [ 135.4968418, 35.0942869 ], [ 135.497033, 35.0939631 ], [ 135.497185, 35.0937625 ], [ 135.4979256, 35.0931472 ], [ 135.4980717, 35.0929955 ], [ 135.4985217, 35.0926117 ], [ 135.4996177, 35.0916667 ], [ 135.4999961, 35.0913497 ], [ 135.5014042, 35.0901293 ], [ 135.5016727, 35.0898358 ], [ 135.5018702, 35.0895741 ], [ 135.5020726, 35.0892784 ], [ 135.5026769, 35.0880811 ], [ 135.5031567, 35.0869486 ], [ 135.5033328, 35.0865483 ], [ 135.503604, 35.0859073 ], [ 135.50374, 35.0855955 ], [ 135.503765, 35.0855308 ], [ 135.5037875, 35.0854447 ], [ 135.5039533, 35.0848342 ], [ 135.5040306, 35.0845494 ], [ 135.5040644, 35.0844272 ], [ 135.5041114, 35.084302 ], [ 135.5041808, 35.0841339 ], [ 135.5042286, 35.0840425 ], [ 135.5042897, 35.0839306 ], [ 135.5043722, 35.0838031 ], [ 135.5044897, 35.0836887 ], [ 135.50458, 35.0836047 ], [ 135.5047481, 35.0834672 ], [ 135.5048756, 35.0833706 ], [ 135.5049866, 35.0832984 ], [ 135.5051975, 35.083165 ], [ 135.5053604, 35.083091 ], [ 135.5055065, 35.0830338 ], [ 135.5056138, 35.0829957 ], [ 135.5057061, 35.0829633 ], [ 135.5058734, 35.0829133 ], [ 135.5062714, 35.0828208 ], [ 135.5067011, 35.0827483 ], [ 135.5070033, 35.0827045 ], [ 135.507209, 35.0826761 ], [ 135.5082132, 35.0825378 ], [ 135.5085772, 35.0824878 ], [ 135.5090246, 35.0824302 ], [ 135.5100559, 35.082292 ], [ 135.5104023, 35.0822519 ], [ 135.5127957, 35.0819275 ], [ 135.5141826, 35.081766 ], [ 135.5144586, 35.0817019 ], [ 135.5148969, 35.0815778 ], [ 135.5152325, 35.0814595 ], [ 135.5155269, 35.0813411 ], [ 135.5158628, 35.0811722 ], [ 135.5160544, 35.0810595 ], [ 135.5162524, 35.0809367 ], [ 135.5163891, 35.0808416 ], [ 135.5166392, 35.0806628 ], [ 135.5169909, 35.0803963 ], [ 135.5172531, 35.080197 ], [ 135.5175611, 35.0799661 ], [ 135.5180133, 35.0796336 ], [ 135.5190408, 35.0788503 ], [ 135.5192468, 35.0787029 ], [ 135.5195203, 35.0784895 ], [ 135.520259, 35.0779441 ], [ 135.5204407, 35.077796 ], [ 135.5211089, 35.0772947 ], [ 135.5219242, 35.0766692 ], [ 135.5222748, 35.0764036 ], [ 135.5229497, 35.0758962 ], [ 135.5236231, 35.07533 ], [ 135.5243624, 35.0747236 ], [ 135.5247047, 35.0744782 ], [ 135.5252568, 35.0740715 ], [ 135.5257268, 35.0736976 ], [ 135.5261375, 35.0733829 ], [ 135.5264889, 35.0731185 ], [ 135.5270502, 35.0727218 ], [ 135.5278387, 35.0721891 ], [ 135.5283761, 35.0717947 ], [ 135.5292597, 35.0711295 ], [ 135.52965, 35.0708589 ], [ 135.5298075, 35.0707631 ], [ 135.5299172, 35.0707181 ], [ 135.53002, 35.0706617 ], [ 135.5302048, 35.0705772 ], [ 135.5306639, 35.070425 ], [ 135.5309637, 35.0703373 ], [ 135.5314511, 35.0701603 ], [ 135.5319034, 35.0699686 ], [ 135.5322381, 35.0698182 ], [ 135.5325009, 35.0696841 ], [ 135.5326874, 35.0695858 ], [ 135.5329526, 35.0694415 ], [ 135.5335877, 35.0691067 ], [ 135.5339164, 35.0689303 ], [ 135.5342315, 35.0687574 ], [ 135.534773, 35.0684558 ], [ 135.5356298, 35.0680016 ], [ 135.5357944, 35.0679196 ], [ 135.5364788, 35.0676016 ], [ 135.5368449, 35.0674597 ], [ 135.5382616, 35.0669631 ], [ 135.5389075, 35.0667385 ], [ 135.5390846, 35.0666667 ], [ 135.5392801, 35.0665875 ], [ 135.5396969, 35.0663956 ], [ 135.5398551, 35.0663057 ], [ 135.5400056, 35.0662128 ], [ 135.5403093, 35.066018 ], [ 135.5405464, 35.0658314 ], [ 135.5408278, 35.0655672 ], [ 135.5416667, 35.0647868 ], [ 135.5427448, 35.0637839 ], [ 135.5431222, 35.0635406 ], [ 135.5434719, 35.0633074 ], [ 135.5439031, 35.0629975 ], [ 135.5444346, 35.062606 ], [ 135.544725, 35.0623495 ], [ 135.5448006, 35.062265 ], [ 135.5451361, 35.0618028 ], [ 135.5456635, 35.0610192 ], [ 135.5462319, 35.0601797 ], [ 135.5465338, 35.0597302 ], [ 135.5471975, 35.058737 ], [ 135.5473003, 35.0585622 ], [ 135.5474197, 35.0583333 ], [ 135.5477224, 35.0577534 ], [ 135.5477525, 35.0576996 ], [ 135.5478689, 35.0574122 ], [ 135.5479783, 35.0570122 ], [ 135.5480194, 35.0566908 ], [ 135.5480194, 35.0560033 ], [ 135.5480058, 35.0557214 ], [ 135.5479578, 35.0553044 ], [ 135.5478483, 35.0546506 ], [ 135.5477525, 35.0543353 ], [ 135.5476292, 35.0540703 ], [ 135.5472319, 35.0533431 ], [ 135.5469637, 35.0528926 ], [ 135.5466706, 35.0525161 ], [ 135.5461431, 35.0517875 ], [ 135.5457731, 35.0512578 ], [ 135.5455264, 35.0508406 ], [ 135.5453721, 35.050561 ], [ 135.5453277, 35.0504686 ], [ 135.5452849, 35.0503793 ], [ 135.5452389, 35.0502658 ], [ 135.545157, 35.05 ], [ 135.5451225, 35.049888 ], [ 135.5450881, 35.049603 ], [ 135.5450881, 35.0491722 ], [ 135.5451497, 35.0486481 ], [ 135.5452114, 35.0482478 ], [ 135.5452661, 35.047927 ], [ 135.5453828, 35.047262 ], [ 135.5455028, 35.046569 ], [ 135.5455197, 35.0464278 ], [ 135.5455814, 35.0461064 ], [ 135.5456667, 35.0456481 ], [ 135.5457195, 35.0454055 ], [ 135.5458137, 35.0448435 ], [ 135.54591, 35.0442519 ], [ 135.5460446, 35.0435202 ], [ 135.5461636, 35.04277 ], [ 135.5462869, 35.0420881 ], [ 135.546372, 35.0416026 ], [ 135.5465197, 35.0407858 ], [ 135.5465462, 35.0406691 ], [ 135.546595, 35.0404533 ], [ 135.5468005, 35.0398055 ], [ 135.5468786, 35.0396134 ], [ 135.5470267, 35.0393261 ], [ 135.5472869, 35.0388978 ], [ 135.5474443, 35.0386875 ], [ 135.5482132, 35.0376603 ], [ 135.5484511, 35.0373425 ], [ 135.5488072, 35.0368747 ], [ 135.5489101, 35.0367223 ], [ 135.549275, 35.0362526 ], [ 135.5494169, 35.0360587 ], [ 135.5496828, 35.0357258 ], [ 135.5497997, 35.0355495 ], [ 135.5498553, 35.0354656 ], [ 135.55, 35.035269 ], [ 135.550953, 35.0339749 ], [ 135.5513003, 35.0335155 ], [ 135.5515741, 35.0331493 ], [ 135.5519097, 35.0326703 ], [ 135.5521765, 35.0323214 ], [ 135.5528771, 35.0313754 ], [ 135.5531696, 35.0309794 ], [ 135.5532085, 35.0309269 ], [ 135.5532696, 35.0308443 ], [ 135.5535953, 35.0304054 ], [ 135.5537088, 35.0302602 ], [ 135.5544372, 35.0292886 ], [ 135.5546188, 35.0290425 ], [ 135.5546804, 35.0289588 ], [ 135.5550112, 35.0285069 ], [ 135.5556919, 35.0276066 ], [ 135.5558347, 35.0274125 ], [ 135.5562868, 35.0267803 ], [ 135.5575363, 35.0250943 ], [ 135.5578048, 35.0247331 ], [ 135.5579612, 35.0245257 ], [ 135.5583334, 35.0240202 ], [ 135.5584749, 35.0238299 ], [ 135.5586711, 35.0235695 ], [ 135.5589642, 35.0231739 ], [ 135.5596011, 35.0223228 ], [ 135.5599778, 35.0218097 ], [ 135.560208, 35.0215001 ], [ 135.5604186, 35.0212141 ], [ 135.560596, 35.0209719 ], [ 135.5610397, 35.0203669 ], [ 135.5613832, 35.0199162 ], [ 135.5617311, 35.0194314 ], [ 135.5618817, 35.0192342 ], [ 135.5623886, 35.018665 ], [ 135.5628598, 35.0181739 ], [ 135.5629492, 35.0180853 ], [ 135.563135, 35.01791 ], [ 135.5632144, 35.017842 ], [ 135.5633358, 35.0177458 ], [ 135.5634914, 35.0176328 ], [ 135.5636831, 35.0175042 ], [ 135.5639297, 35.0173464 ], [ 135.5642102, 35.0171713 ], [ 135.5647337, 35.0168378 ], [ 135.565603, 35.0162797 ], [ 135.5659504, 35.016055 ], [ 135.5661556, 35.0159261 ], [ 135.5666667, 35.0156096 ], [ 135.5669019, 35.0154639 ], [ 135.5671265, 35.0153468 ], [ 135.5675958, 35.015122 ], [ 135.5677002, 35.0150772 ], [ 135.5681692, 35.0148892 ], [ 135.5690781, 35.0145815 ], [ 135.5691682, 35.0145495 ], [ 135.5693729, 35.0144697 ], [ 135.5695861, 35.0143864 ], [ 135.5696913, 35.0143496 ], [ 135.5701794, 35.0141846 ], [ 135.5702307, 35.0141669 ], [ 135.5705183, 35.0140664 ], [ 135.5710334, 35.0138764 ], [ 135.5712702, 35.0137825 ], [ 135.5712881, 35.0137752 ], [ 135.571584, 35.0136557 ], [ 135.5718947, 35.0135309 ], [ 135.5722097, 35.0133786 ], [ 135.5726755, 35.0131195 ], [ 135.5731894, 35.0127642 ], [ 135.5736547, 35.0123586 ], [ 135.5746595, 35.0113429 ], [ 135.5751344, 35.0108425 ], [ 135.5756494, 35.0103238 ], [ 135.5763187, 35.0096348 ], [ 135.576415, 35.0095292 ], [ 135.5774074, 35.0085516 ], [ 135.5774902, 35.008465 ], [ 135.5776484, 35.0082992 ], [ 135.5781946, 35.0077126 ], [ 135.5783466, 35.0075681 ], [ 135.5786342, 35.0073595 ], [ 135.5791411, 35.0070495 ], [ 135.5794285, 35.0069201 ], [ 135.5798053, 35.0067678 ], [ 135.5804817, 35.0065487 ], [ 135.5807221, 35.0064806 ], [ 135.5813684, 35.0062934 ], [ 135.5821803, 35.0060503 ], [ 135.5823942, 35.0059789 ], [ 135.5833333, 35.005711 ], [ 135.5836082, 35.0056317 ], [ 135.5840196, 35.0055129 ], [ 135.5846136, 35.0053308 ], [ 135.5849081, 35.005246 ], [ 135.5855789, 35.0050452 ], [ 135.5858947, 35.0049598 ], [ 135.5861694, 35.0048807 ], [ 135.5866178, 35.0047347 ], [ 135.5871886, 35.0045867 ], [ 135.5877204, 35.0044674 ], [ 135.5884761, 35.0043161 ], [ 135.5892365, 35.0041642 ], [ 135.5900768, 35.0040347 ], [ 135.591654, 35.0037809 ], [ 135.5923607, 35.0036749 ], [ 135.5930448, 35.0035722 ], [ 135.5948129, 35.0033025 ], [ 135.5950944, 35.0032229 ], [ 135.5956282, 35.0031411 ], [ 135.5964295, 35.0030072 ], [ 135.5974017, 35.0028597 ], [ 135.5985609, 35.0026819 ], [ 135.599019, 35.002608 ], [ 135.599512, 35.0025297 ], [ 135.5997876, 35.0024919 ], [ 135.6000528, 35.0024511 ], [ 135.6005865, 35.0023775 ], [ 135.6018405, 35.002186 ], [ 135.6036478, 35.0018951 ], [ 135.6046647, 35.0017578 ], [ 135.6052463, 35.0016675 ], [ 135.6057114, 35.0015997 ], [ 135.6060125, 35.0015491 ], [ 135.6063614, 35.0014872 ], [ 135.6066205, 35.0014231 ], [ 135.6070191, 35.0012854 ], [ 135.6074836, 35.0011211 ], [ 135.6078803, 35.0009487 ], [ 135.6081277, 35.0008161 ], [ 135.6088181, 35.0004392 ], [ 135.6090343, 35.0003187 ], [ 135.6095355, 35.0000495 ], [ 135.6099222, 34.9997987 ], [ 135.6107269, 34.9993286 ], [ 135.6118764, 34.9986695 ], [ 135.6123625, 34.9983875 ], [ 135.6126214, 34.9982398 ], [ 135.6138122, 34.9975595 ], [ 135.6143464, 34.9972661 ], [ 135.6144561, 34.9972153 ], [ 135.6147983, 34.9970295 ], [ 135.6166667, 34.9960048 ], [ 135.6170356, 34.9958067 ], [ 135.6176585, 34.9954459 ], [ 135.6177817, 34.9953839 ], [ 135.6181518, 34.9952426 ], [ 135.61889, 34.9949614 ], [ 135.6198916, 34.9945784 ], [ 135.6209634, 34.9941497 ], [ 135.6221744, 34.9936839 ], [ 135.6226353, 34.9934675 ], [ 135.6228444, 34.9933136 ], [ 135.6229537, 34.9932149 ], [ 135.6230844, 34.9930903 ], [ 135.6231975, 34.9929796 ], [ 135.6234136, 34.9926958 ], [ 135.6235212, 34.9925408 ], [ 135.6236317, 34.9923747 ], [ 135.6239192, 34.9918336 ], [ 135.6240059, 34.9916667 ], [ 135.6241858, 34.9913486 ], [ 135.6244047, 34.9910839 ], [ 135.6246511, 34.9908697 ], [ 135.6248358, 34.9907458 ], [ 135.6250207, 34.9906371 ], [ 135.6251094, 34.9905881 ], [ 135.6253356, 34.9904981 ], [ 135.6255544, 34.9904583 ], [ 135.6257202, 34.9904759 ], [ 135.6258547, 34.9904986 ], [ 135.6261774, 34.9906142 ], [ 135.6262826, 34.9906828 ], [ 135.6264467, 34.9908879 ], [ 135.6268478, 34.9913431 ], [ 135.6270585, 34.991554 ], [ 135.6272719, 34.9916814 ], [ 135.6274431, 34.991732 ], [ 135.6275661, 34.991732 ], [ 135.6276484, 34.9917208 ], [ 135.6278118, 34.9916555 ], [ 135.6282158, 34.9914392 ], [ 135.6285917, 34.9912139 ], [ 135.6299128, 34.9904022 ], [ 135.6301797, 34.9902611 ], [ 135.6313906, 34.9897594 ], [ 135.6315686, 34.9897033 ], [ 135.6317603, 34.9896581 ], [ 135.6320339, 34.9896189 ], [ 135.6323625, 34.9896189 ], [ 135.6330808, 34.9897092 ], [ 135.6333686, 34.9897372 ], [ 135.6336147, 34.9897317 ], [ 135.6338336, 34.9897092 ], [ 135.6341689, 34.9896414 ], [ 135.6345453, 34.98963 ], [ 135.6367208, 34.9898175 ], [ 135.6369467, 34.98985 ], [ 135.637089, 34.9899195 ], [ 135.6375212, 34.9902446 ], [ 135.637795, 34.9904756 ], [ 135.6379114, 34.9905883 ], [ 135.6380486, 34.9908081 ], [ 135.6380828, 34.9908928 ], [ 135.6381578, 34.9912703 ], [ 135.6382194, 34.9914845 ], [ 135.638284, 34.9915713 ], [ 135.6383493, 34.9916291 ], [ 135.6386096, 34.9917097 ], [ 135.6388831, 34.9917381 ], [ 135.6391294, 34.9917494 ], [ 135.6396289, 34.9917494 ], [ 135.6397039, 34.9917381 ], [ 135.6397795, 34.9917044 ], [ 135.6401179, 34.9914108 ], [ 135.6401839, 34.9913678 ], [ 135.6402491, 34.9913482 ], [ 135.6405403, 34.991305 ], [ 135.6406913, 34.9913234 ], [ 135.6411186, 34.9914533 ], [ 135.6412112, 34.9914609 ], [ 135.6415185, 34.9914611 ], [ 135.6416741, 34.9914616 ], [ 135.6417703, 34.991462 ], [ 135.6419483, 34.9914675 ], [ 135.6421536, 34.99149 ], [ 135.6426575, 34.9916667 ], [ 135.6427011, 34.991682 ], [ 135.64383, 34.9920819 ], [ 135.6441789, 34.9922003 ], [ 135.6448153, 34.9923864 ], [ 135.6448975, 34.9924033 ], [ 135.6452328, 34.99242 ], [ 135.6457253, 34.9924258 ], [ 135.6458486, 34.9924428 ], [ 135.6464028, 34.9925836 ], [ 135.6465875, 34.992595 ], [ 135.6467653, 34.9925781 ], [ 135.6470661, 34.9925161 ], [ 135.6472856, 34.9924992 ], [ 135.6475589, 34.9925047 ], [ 135.6476753, 34.9925217 ], [ 135.6477491, 34.992527 ], [ 135.6479147, 34.9925386 ], [ 135.6481406, 34.9925386 ], [ 135.6485253, 34.992433 ], [ 135.6489018, 34.9922506 ], [ 135.649365, 34.9920021 ], [ 135.6495977, 34.9919382 ], [ 135.6498168, 34.9919268 ], [ 135.6501545, 34.9919314 ], [ 135.6503735, 34.991936 ], [ 135.6504853, 34.9919132 ], [ 135.6505629, 34.9918721 ], [ 135.6507568, 34.9917285 ], [ 135.6510785, 34.9914458 ], [ 135.6515919, 34.9910559 ], [ 135.6518269, 34.99091 ], [ 135.6522262, 34.9906569 ], [ 135.6523312, 34.9904996 ], [ 135.6523836, 34.9903514 ], [ 135.6524704, 34.9902237 ], [ 135.6526118, 34.9901188 ], [ 135.6527396, 34.9900732 ], [ 135.6529267, 34.990039 ], [ 135.6530545, 34.9899752 ], [ 135.6531959, 34.9898612 ], [ 135.6532507, 34.9897654 ], [ 135.6532621, 34.9896264 ], [ 135.6532324, 34.9894531 ], [ 135.6530933, 34.9892365 ], [ 135.652929, 34.9890085 ], [ 135.652856, 34.9888398 ], [ 135.6527624, 34.9883929 ], [ 135.6527076, 34.9882379 ], [ 135.6525776, 34.9879688 ], [ 135.6525571, 34.9877864 ], [ 135.652589, 34.9876542 ], [ 135.652678, 34.9875014 ], [ 135.6528035, 34.9872962 ], [ 135.6531275, 34.9867947 ], [ 135.6531822, 34.9866442 ], [ 135.6532256, 34.9864093 ], [ 135.6532416, 34.9862475 ], [ 135.6533442, 34.9856433 ], [ 135.6534241, 34.9853104 ], [ 135.6534948, 34.9848453 ], [ 135.6535564, 34.9847313 ], [ 135.6536431, 34.9845945 ], [ 135.6540036, 34.9841567 ], [ 135.6543497, 34.98366 ], [ 135.6544184, 34.9835626 ], [ 135.6548261, 34.9829861 ], [ 135.6550181, 34.9826696 ], [ 135.6550897, 34.9825711 ], [ 135.6551547, 34.9825178 ], [ 135.6553803, 34.9823833 ], [ 135.6557569, 34.9821692 ], [ 135.6558594, 34.9820845 ], [ 135.6559553, 34.9819775 ], [ 135.6559997, 34.9819012 ], [ 135.6560442, 34.9818253 ], [ 135.6560922, 34.9816786 ], [ 135.6561569, 34.9812945 ], [ 135.6562667, 34.9804372 ], [ 135.6563083, 34.9802041 ], [ 135.6564399, 34.9798398 ], [ 135.65654, 34.9795969 ], [ 135.656773, 34.979103 ], [ 135.656985, 34.978859 ], [ 135.657188, 34.978645 ], [ 135.657477, 34.978354 ], [ 135.657826, 34.978012 ], [ 135.6589633, 34.9769468 ], [ 135.6596433, 34.9767356 ], [ 135.659893, 34.9766709 ], [ 135.6602642, 34.9765748 ], [ 135.6608487, 34.9764322 ], [ 135.6610627, 34.976387 ], [ 135.6643774, 34.9757705 ], [ 135.6644264, 34.9757614 ], [ 135.664842, 34.9756892 ], [ 135.6655033, 34.9755134 ], [ 135.6662193, 34.975245 ], [ 135.6667099, 34.9749846 ], [ 135.6675814, 34.974522 ], [ 135.6680872, 34.9742564 ], [ 135.6686438, 34.9739131 ], [ 135.6687989, 34.9738172 ], [ 135.6692041, 34.9735743 ], [ 135.66936, 34.9734903 ], [ 135.6706189, 34.9727294 ], [ 135.6709817, 34.9725095 ], [ 135.6716994, 34.9720871 ], [ 135.6722542, 34.9717545 ], [ 135.6725918, 34.9715519 ], [ 135.6730842, 34.9712564 ], [ 135.6732669, 34.9711458 ], [ 135.6736774, 34.9710014 ], [ 135.6742202, 34.9708909 ], [ 135.6745897, 34.9708064 ], [ 135.6752684, 34.9706942 ], [ 135.6753362, 34.9706945 ], [ 135.6756098, 34.9706659 ], [ 135.6761097, 34.9706059 ], [ 135.6767386, 34.9705414 ], [ 135.6770148, 34.9705139 ], [ 135.6774705, 34.9704739 ], [ 135.6780934, 34.970412 ], [ 135.6783991, 34.9703876 ], [ 135.6784488, 34.9703836 ], [ 135.6789456, 34.9703705 ], [ 135.6790549, 34.9703805 ], [ 135.6795541, 34.9703642 ], [ 135.6802538, 34.9705201 ], [ 135.6805788, 34.9706184 ], [ 135.6810433, 34.9707952 ], [ 135.6814844, 34.9710211 ], [ 135.6821101, 34.971366 ], [ 135.682594, 34.9716204 ], [ 135.6828101, 34.9717338 ], [ 135.6833201, 34.971993 ], [ 135.6845648, 34.9726784 ], [ 135.6850248, 34.9729421 ], [ 135.6854417, 34.9731537 ], [ 135.6858173, 34.9733731 ], [ 135.6862194, 34.973611 ], [ 135.6865686, 34.9738453 ], [ 135.6871046, 34.9743076 ], [ 135.6872621, 34.9744676 ], [ 135.6875351, 34.9748613 ], [ 135.6880428, 34.9755522 ], [ 135.6886269, 34.9764733 ], [ 135.6888824, 34.9771208 ], [ 135.6889782, 34.9777924 ], [ 135.6891271, 34.9781271 ], [ 135.6892783, 34.9784047 ], [ 135.6895522, 34.9787431 ], [ 135.6899694, 34.9791822 ], [ 135.6905535, 34.9797733 ], [ 135.6911678, 34.9803921 ], [ 135.6915693, 34.9807889 ], [ 135.6924192, 34.9816397 ], [ 135.6930931, 34.9823196 ], [ 135.6932245, 34.9824371 ], [ 135.6936761, 34.9828999 ], [ 135.694388, 34.9836053 ], [ 135.6951596, 34.9843729 ], [ 135.6961633, 34.985376 ], [ 135.6968055, 34.986008 ], [ 135.6977602, 34.9869482 ], [ 135.6985361, 34.9877267 ], [ 135.6993664, 34.9885415 ], [ 135.6994428, 34.9886164 ], [ 135.6997988, 34.9889702 ], [ 135.7, 34.9891652 ], [ 135.7002056, 34.9893439 ], [ 135.700445, 34.9895186 ], [ 135.7013689, 34.9900936 ], [ 135.702003, 34.9904644 ], [ 135.7022106, 34.990567 ], [ 135.7035232, 34.9912747 ], [ 135.7044411, 34.9917392 ], [ 135.7052823, 34.992124 ], [ 135.7060487, 34.992454 ], [ 135.7070602, 34.9928963 ], [ 135.707828, 34.9932325 ], [ 135.7095894, 34.9939778 ], [ 135.7103803, 34.9943147 ], [ 135.7116282, 34.9948641 ], [ 135.7120594, 34.9950523 ], [ 135.7121581, 34.9950954 ], [ 135.7126403, 34.9952964 ], [ 135.7130761, 34.9954756 ], [ 135.7135414, 34.9956503 ], [ 135.713847, 34.9957441 ], [ 135.7145153, 34.9959214 ], [ 135.7149359, 34.9959983 ], [ 135.7152297, 34.9960314 ], [ 135.7155771, 34.9960441 ], [ 135.7164354, 34.9960511 ], [ 135.7165303, 34.9960519 ], [ 135.7170086, 34.9960068 ], [ 135.7197511, 34.996012 ], [ 135.7211729, 34.9960252 ], [ 135.7222999, 34.9960304 ], [ 135.723464, 34.9960281 ], [ 135.724227, 34.9960281 ], [ 135.7244411, 34.9960392 ], [ 135.725, 34.9960481 ], [ 135.7263024, 34.9960731 ], [ 135.7272603, 34.9960789 ], [ 135.7284165, 34.9960951 ], [ 135.7300243, 34.9961286 ], [ 135.7312899, 34.9961506 ], [ 135.7321968, 34.9961644 ], [ 135.7333333, 34.9961582 ], [ 135.7346552, 34.9961689 ], [ 135.735838, 34.9961854 ], [ 135.7365111, 34.9961861 ], [ 135.738242, 34.9961106 ], [ 135.7393007, 34.9961173 ], [ 135.7405892, 34.9961283 ], [ 135.7421067, 34.9961681 ], [ 135.7471416, 34.9962362 ], [ 135.7489885, 34.9962925 ], [ 135.7493525, 34.996327 ], [ 135.75008, 34.9963365 ], [ 135.7520151, 34.9963253 ], [ 135.7522931, 34.9963171 ], [ 135.7525063, 34.9963108 ] ] } },
{ "type": "Feature", "properties": { "N12_001": "26", "N12_002": 2, "N12_003": 4, "N12_004": "京都府道木津信楽線", "N12_005": 22, "N12_006": 1 }, "geometry": { "type": "LineString", "coordinates": [ [ 135.9040194, 34.7960883 ], [ 135.9038778, 34.7960153 ], [ 135.9035167, 34.7959125 ], [ 135.9028674, 34.7958561 ], [ 135.9018078, 34.795757 ], [ 135.90152, 34.7957305 ], [ 135.9009642, 34.7956803 ], [ 135.9008525, 34.7956583 ], [ 135.9006358, 34.7955731 ], [ 135.9005372, 34.7955097 ], [ 135.9002695, 34.7953262 ], [ 135.900163, 34.7952532 ], [ 135.8998381, 34.7950497 ], [ 135.8996519, 34.7949 ], [ 135.8994756, 34.7947661 ], [ 135.8992011, 34.7945361 ], [ 135.8991617, 34.7944767 ], [ 135.89914, 34.7944133 ], [ 135.8991184, 34.7943036 ], [ 135.8991264, 34.7942217 ], [ 135.8994542, 34.7935006 ], [ 135.8994131, 34.7933822 ], [ 135.8993653, 34.7932978 ], [ 135.8992255, 34.7931591 ], [ 135.8974689, 34.7916667 ], [ 135.8970425, 34.7913043 ], [ 135.8961747, 34.790542 ], [ 135.8959278, 34.7903206 ], [ 135.8955763, 34.7900208 ], [ 135.8954939, 34.7899503 ], [ 135.8952344, 34.7897811 ], [ 135.8947654, 34.7895549 ], [ 135.8944969, 34.7894544 ], [ 135.8943205, 34.7894097 ], [ 135.8941486, 34.7893586 ], [ 135.8928175, 34.7890033 ], [ 135.8926571, 34.7889704 ], [ 135.8926261, 34.7889639 ], [ 135.8920595, 34.7889528 ], [ 135.8916667, 34.7889684 ], [ 135.8914925, 34.7889753 ], [ 135.8912944, 34.7889978 ], [ 135.8909736, 34.7890542 ], [ 135.8908439, 34.7891106 ], [ 135.8906748, 34.7892054 ], [ 135.890066, 34.7895498 ], [ 135.8898061, 34.7897078 ], [ 135.8894375, 34.78995 ], [ 135.8891506, 34.7900908 ], [ 135.8889233, 34.7901613 ], [ 135.8884336, 34.790277 ], [ 135.8880647, 34.7903275 ], [ 135.8878258, 34.7903275 ], [ 135.8876825, 34.7902939 ], [ 135.8874911, 34.790215 ], [ 135.8873756, 34.7901361 ], [ 135.8867881, 34.7896964 ], [ 135.8866106, 34.7895161 ], [ 135.8865014, 34.7893695 ], [ 135.8864741, 34.7893151 ], [ 135.8864261, 34.7891725 ], [ 135.8863717, 34.7887781 ], [ 135.8863239, 34.7884681 ], [ 135.8862826, 34.7882871 ], [ 135.8862208, 34.7880389 ], [ 135.8861872, 34.7879045 ], [ 135.8861803, 34.7877072 ], [ 135.8862008, 34.7875495 ], [ 135.8863033, 34.787217 ], [ 135.886522, 34.7866589 ], [ 135.8865481, 34.7865656 ], [ 135.8865356, 34.7864225 ], [ 135.8864331, 34.7856053 ], [ 135.8863717, 34.7853233 ], [ 135.8863169, 34.7849572 ], [ 135.8863169, 34.7845684 ], [ 135.8863272, 34.7845132 ], [ 135.8863442, 34.7844217 ], [ 135.8865152, 34.7840167 ], [ 135.8865686, 34.7838903 ], [ 135.8867539, 34.7834808 ], [ 135.8868003, 34.7834043 ], [ 135.8869931, 34.7830861 ], [ 135.8870614, 34.7829397 ], [ 135.8870614, 34.7827651 ], [ 135.8870272, 34.7825847 ], [ 135.8869111, 34.7823761 ], [ 135.8867269, 34.7821281 ], [ 135.8862353, 34.7814122 ], [ 135.88611, 34.7812886 ], [ 135.8859689, 34.7811872 ], [ 135.8858105, 34.7811156 ], [ 135.8856158, 34.7810508 ], [ 135.885367, 34.7810003 ], [ 135.8851686, 34.7809786 ], [ 135.8849016, 34.7809786 ], [ 135.8840887, 34.781012 ], [ 135.8835669, 34.7810286 ], [ 135.883346, 34.7810097 ], [ 135.8831161, 34.78099 ], [ 135.8826486, 34.7809022 ], [ 135.882055, 34.7807595 ], [ 135.8814225, 34.7805993 ], [ 135.8811626, 34.7805122 ], [ 135.8809709, 34.7804264 ], [ 135.8805545, 34.7802009 ], [ 135.8801172, 34.7799192 ], [ 135.8799944, 34.779812 ], [ 135.8798578, 34.7796486 ], [ 135.8797608, 34.7794847 ], [ 135.8796461, 34.7792089 ], [ 135.8795875, 34.7790217 ], [ 135.8795622, 34.7787333 ], [ 135.8795589, 34.7780591 ], [ 135.8795574, 34.7779406 ], [ 135.8795572, 34.7776288 ], [ 135.8795572, 34.7775005 ], [ 135.8796425, 34.7770222 ], [ 135.8798638, 34.776833 ], [ 135.8802315, 34.7766367 ], [ 135.8806276, 34.7764904 ], [ 135.8809596, 34.7763012 ], [ 135.8812986, 34.7758658 ], [ 135.8813986, 34.7754018 ], [ 135.8813022, 34.7750377 ], [ 135.8811059, 34.7747558 ], [ 135.8807847, 34.7744453 ], [ 135.8804492, 34.7740312 ], [ 135.8803956, 34.7738528 ], [ 135.8804278, 34.7736743 ], [ 135.8805313, 34.7734387 ], [ 135.8806526, 34.7733388 ], [ 135.8809275, 34.7731711 ], [ 135.8810916, 34.7729569 ], [ 135.8811713, 34.7727097 ], [ 135.8811713, 34.772348 ], [ 135.8811119, 34.7722171 ], [ 135.8810262, 34.7721338 ], [ 135.8806728, 34.7719315 ], [ 135.8805931, 34.7718769 ], [ 135.8802743, 34.7715128 ], [ 135.8798596, 34.7709143 ], [ 135.8798237, 34.770874 ], [ 135.879626, 34.7706642 ], [ 135.8795184, 34.770518 ], [ 135.8788552, 34.7695091 ], [ 135.8787773, 34.7694411 ], [ 135.8782533, 34.7691836 ], [ 135.8780864, 34.7690797 ], [ 135.8778298, 34.7689299 ], [ 135.8776566, 34.7688227 ], [ 135.8773864, 34.7686539 ], [ 135.8770442, 34.7684224 ] ] } },
{ "type": "Feature", "properties": { "N12_001": "26", "N12_002": 2, "N12_003": 4, "N12_004": "京都府道京都宇治線", "N12_005": 23, "N12_006": 1 }, "geometry": { "type": "LineString", "coordinates": [ [ 135.8054877, 34.8923666 ], [ 135.8061912, 34.8928938 ], [ 135.806867, 34.8933966 ], [ 135.8074286, 34.8938342 ], [ 135.8079398, 34.8942928 ], [ 135.8080803, 34.8944583 ], [ 135.8082814, 34.8948208 ], [ 135.8085334, 34.8953673 ], [ 135.8087336, 34.8958014 ], [ 135.809021, 34.8964507 ], [ 135.809192, 34.8968392 ], [ 135.8093331, 34.8972295 ], [ 135.8093589, 34.8974619 ], [ 135.8093417, 34.8977186 ], [ 135.8092878, 34.8979187 ], [ 135.8092311, 34.8980945 ], [ 135.809105, 34.8984781 ], [ 135.8085713, 34.9 ], [ 135.8083333, 34.9006784 ], [ 135.8082381, 34.9009501 ], [ 135.8079291, 34.9018307 ], [ 135.8074406, 34.9032233 ], [ 135.807352, 34.9035026 ], [ 135.8072724, 34.9037269 ], [ 135.8072287, 34.9038597 ] ] } },
{ "type": "Feature", "properties": { "N12_001": "26", "N12_002": 2, "N12_003": 4, "N12_004": "京都府道福知山綾部線", "N12_005": 24, "N12_006": 1 }, "geometry": { "type": "LineString", "coordinates": [ [ 135.2672963, 35.2992376 ], [ 135.2663844, 35.2993114 ], [ 135.2642751, 35.2994589 ], [ 135.2638903, 35.2994928 ], [ 135.2632578, 35.2995436 ], [ 135.2629538, 35.299567 ], [ 135.2621839, 35.2996256 ], [ 135.2618336, 35.2996401 ], [ 135.2616231, 35.299662 ], [ 135.2607992, 35.2997275 ], [ 135.2603174, 35.299763 ], [ 135.2596622, 35.2998113 ], [ 135.2587111, 35.2998815 ], [ 135.2584689, 35.2998993 ], [ 135.2577121, 35.2999551 ], [ 135.257425, 35.299983 ], [ 135.2571778, 35.3000058 ], [ 135.2567201, 35.3000429 ] ] } },
{ "type": "Feature", "properties": { "N12_001": "26", "N12_002": 2, "N12_003": 4, "N12_004": "京都府道綾部大江宮津線", "N12_005": 25, "N12_006": 1 }, "geometry": { "type": "LineString", "coordinates": [ [ 135.1938276, 35.5362538 ], [ 135.1938102, 35.5361953 ], [ 135.1936839, 35.5356062 ], [ 135.1935342, 35.5348983 ], [ 135.1934443, 35.5343907 ], [ 135.1932754, 35.5337229 ], [ 135.1931593, 35.5333308 ], [ 135.1929271, 35.5327939 ], [ 135.1927234, 35.532358 ], [ 135.1924531, 35.531846 ], [ 135.1922018, 35.5313606 ], [ 135.1919943, 35.5309056 ], [ 135.1917143, 35.5303165 ], [ 135.1912998, 35.5294641 ], [ 135.1911624, 35.5291409 ], [ 135.1905913, 35.5279686 ], [ 135.1906142, 35.5277311 ], [ 135.1906343, 35.5276343 ], [ 135.1906738, 35.5275087 ], [ 135.1907268, 35.5273932 ], [ 135.1907894, 35.5272919 ], [ 135.1908429, 35.527222 ], [ 135.1910645, 35.5269268 ], [ 135.1911318, 35.5268398 ], [ 135.1911797, 35.5267537 ], [ 135.1912607, 35.5265961 ], [ 135.1913145, 35.5264269 ], [ 135.1913031, 35.5263165 ], [ 135.1911345, 35.5257593 ], [ 135.1908167, 35.5249267 ], [ 135.1907525, 35.5247162 ], [ 135.1898722, 35.5223231 ], [ 135.1897897, 35.5220808 ], [ 135.1897414, 35.521957 ], [ 135.1896917, 35.5218351 ], [ 135.1895483, 35.5214161 ], [ 135.1893188, 35.5207797 ], [ 135.1892468, 35.5205802 ] ] } },
{ "type": "Feature", "properties": { "N12_001": "26", "N12_002": 2, "N12_003": 4, "N12_004": "京都府道網野峰山線", "N12_005": 26, "N12_006": 1 }, "geometry": { "type": "LineString", "coordinates": [ [ 135.07063, 35.6095254 ], [ 135.0701397, 35.6097067 ], [ 135.0695878, 35.6099036 ], [ 135.0690036, 35.6100975 ], [ 135.0688201, 35.6102116 ], [ 135.0686472, 35.610355 ], [ 135.0684778, 35.6105272 ], [ 135.06834, 35.6106808 ], [ 135.0682737, 35.6107602 ], [ 135.0681906, 35.6108603 ], [ 135.0681119, 35.6109514 ], [ 135.0679256, 35.6111372 ], [ 135.0677806, 35.611205 ], [ 135.0669777, 35.6115311 ], [ 135.0667492, 35.6116147 ], [ 135.0665943, 35.6116778 ], [ 135.0663845, 35.6117539 ], [ 135.0658415, 35.611971 ], [ 135.0656365, 35.6120541 ], [ 135.0646565, 35.6124327 ], [ 135.0642858, 35.6126288 ], [ 135.0628975, 35.6134067 ], [ 135.0620172, 35.6138985 ], [ 135.0615869, 35.6141447 ], [ 135.0610697, 35.6144317 ], [ 135.0607731, 35.6146008 ], [ 135.0606217, 35.6147244 ], [ 135.0604836, 35.6148656 ], [ 135.0604214, 35.6150064 ], [ 135.0604214, 35.6151559 ], [ 135.0604222, 35.6152119 ], [ 135.0609608, 35.6170025 ], [ 135.0612699, 35.6181166 ], [ 135.0614742, 35.6187961 ], [ 135.0615736, 35.6191256 ], [ 135.0615736, 35.6193114 ], [ 135.0615503, 35.6194403 ], [ 135.0615015, 35.6195329 ], [ 135.0614222, 35.619655 ], [ 135.0613256, 35.6197564 ], [ 135.06125, 35.6198117 ], [ 135.0603736, 35.6204042 ], [ 135.0600011, 35.6207031 ], [ 135.0599313, 35.6208054 ], [ 135.0598566, 35.6209232 ], [ 135.0597169, 35.62123 ], [ 135.0594407, 35.6219864 ] ] } },
{ "type": "Feature", "properties": { "N12_001": "26", "N12_002": 2, "N12_003": 4, "N12_004": "京都府道園部平屋線", "N12_005": 27, "N12_006": 1 }, "geometry": { "type": "LineString", "coordinates": [ [ 135.4676919, 35.1117681 ], [ 135.4678667, 35.1119878 ], [ 135.4682095, 35.1124445 ], [ 135.4684933, 35.1128968 ], [ 135.4686347, 35.1130981 ], [ 135.4687644, 35.1132447 ], [ 135.4689403, 35.1133733 ], [ 135.4690341, 35.1134296 ], [ 135.4691075, 35.1134644 ], [ 135.4703006, 35.1138928 ], [ 135.4710057, 35.1141438 ], [ 135.471795, 35.1144228 ], [ 135.4735083, 35.1150242 ], [ 135.4740575, 35.1152231 ], [ 135.474714, 35.1155564 ], [ 135.4752703, 35.1158605 ], [ 135.4754183, 35.1159679 ], [ 135.4756942, 35.116283 ], [ 135.4768808, 35.1176461 ], [ 135.477328, 35.1181613 ], [ 135.4777204, 35.1186401 ], [ 135.4783906, 35.1195176 ], [ 135.4788289, 35.1200475 ], [ 135.4789751, 35.1202007 ], [ 135.4793279, 35.1205477 ], [ 135.4799001, 35.121073 ], [ 135.4801561, 35.1213087 ] ] } },
{ "type": "Feature", "properties": { "N12_001": "26", "N12_002": 2, "N12_003": 4, "N12_004": "京都府道八幡木津線", "N12_005": 28, "N12_006": 1 }, "geometry": { "type": "LineString", "coordinates": [ [ 135.7709495, 34.8138422 ], [ 135.770191, 34.8146281 ], [ 135.7700336, 34.8148219 ], [ 135.769867, 34.8150316 ], [ 135.7695339, 34.8154078 ], [ 135.7692852, 34.8156746 ], [ 135.7690342, 34.8159345 ], [ 135.7686805, 34.816354 ], [ 135.7684136, 34.8166595 ], [ 135.7680782, 34.8170768 ], [ 135.7679002, 34.8173116 ], [ 135.7675579, 34.8177402 ], [ 135.7672157, 34.8181392 ], [ 135.7669168, 34.8184675 ], [ 135.7667639, 34.8186476 ], [ 135.7666841, 34.8187502 ], [ 135.7666133, 34.8188392 ], [ 135.7663943, 34.8191356 ], [ 135.7662072, 34.819359 ], [ 135.7660703, 34.8195687 ], [ 135.7659859, 34.8197078 ], [ 135.7658216, 34.8199997 ], [ 135.7656756, 34.8202185 ], [ 135.7654611, 34.8204488 ], [ 135.7653151, 34.8205993 ], [ 135.7651531, 34.8207794 ], [ 135.7648678, 34.8211761 ], [ 135.7647401, 34.8213289 ], [ 135.7645028, 34.8216048 ], [ 135.7639164, 34.8221588 ], [ 135.7636312, 34.8223891 ], [ 135.7634304, 34.822535 ], [ 135.7632844, 34.8226627 ], [ 135.7631361, 34.8228359 ], [ 135.762917, 34.8230388 ], [ 135.7626501, 34.8232668 ], [ 135.7624242, 34.8234812 ], [ 135.7622873, 34.8235678 ], [ 135.7621047, 34.8236658 ], [ 135.7619747, 34.8237251 ], [ 135.7618629, 34.8238072 ], [ 135.7616963, 34.8239417 ], [ 135.7612879, 34.824343 ], [ 135.7608384, 34.8247534 ], [ 135.7605304, 34.8250657 ], [ 135.7602885, 34.8253006 ], [ 135.7600604, 34.825524 ], [ 135.7597067, 34.825882 ], [ 135.7595196, 34.8261578 ], [ 135.7593895, 34.8263699 ], [ 135.7589081, 34.8270972 ], [ 135.7587324, 34.8274072 ], [ 135.758429, 34.8278769 ], [ 135.758251, 34.8281277 ], [ 135.7580525, 34.8283762 ], [ 135.757514, 34.8289439 ], [ 135.7571626, 34.829311 ], [ 135.7568683, 34.8295937 ], [ 135.756688, 34.8297989 ], [ 135.7566059, 34.829922 ], [ 135.7564964, 34.8300452 ], [ 135.75638, 34.8301979 ], [ 135.7561929, 34.8305034 ], [ 135.7560241, 34.8308431 ], [ 135.7559146, 34.8311076 ], [ 135.7557819, 34.8314197 ], [ 135.7555882, 34.8318186 ], [ 135.7553936, 34.8322589 ], [ 135.7551103, 34.8326466 ], [ 135.7547692, 34.8331185 ], [ 135.7546479, 34.8333434 ], [ 135.7546014, 34.8334256 ], [ 135.7544444, 34.8338143 ], [ 135.7542263, 34.8345238 ], [ 135.7541226, 34.8348608 ], [ 135.7540344, 34.835152 ], [ 135.75383, 34.8358433 ], [ 135.7536101, 34.8365704 ], [ 135.7535222, 34.8368548 ] ] } },
{ "type": "Feature", "properties": { "N12_001": "26", "N12_002": 2, "N12_003": 4, "N12_004": "京都府道八幡木津線", "N12_005": 28, "N12_006": 2 }, "geometry": { "type": "LineString", "coordinates": [ [ 135.7066178, 34.8790665 ], [ 135.7074922, 34.8790191 ], [ 135.7083162, 34.878997 ], [ 135.7087583, 34.8789855 ], [ 135.7102614, 34.8789873 ], [ 135.7107502, 34.8789771 ], [ 135.7111331, 34.8789686 ], [ 135.7118738, 34.878962 ], [ 135.7130568, 34.8789464 ], [ 135.7136468, 34.878946 ], [ 135.7143743, 34.8789356 ], [ 135.7145545, 34.8789353 ], [ 135.7151084, 34.8788734 ], [ 135.7155252, 34.8788056 ], [ 135.7157917, 34.8787551 ], [ 135.7161543, 34.8786759 ], [ 135.7168878, 34.8785537 ], [ 135.7173192, 34.8784567 ], [ 135.7177689, 34.8783556 ], [ 135.7181059, 34.878251 ], [ 135.7193856, 34.8783089 ], [ 135.7201792, 34.8783247 ], [ 135.7212997, 34.8783314 ], [ 135.7226389, 34.8783425 ], [ 135.72322, 34.8783314 ], [ 135.7235732, 34.8782837 ], [ 135.723823, 34.8782285 ], [ 135.7243697, 34.877941 ], [ 135.7245936, 34.8778176 ], [ 135.7257503, 34.8771823 ], [ 135.7258722, 34.8770408 ], [ 135.7260294, 34.8768267 ], [ 135.7264192, 34.876235 ], [ 135.7265357, 34.8760712 ], [ 135.7269322, 34.8754183 ], [ 135.7269943, 34.8753212 ], [ 135.7272051, 34.8749891 ], [ 135.7282447, 34.8734046 ], [ 135.7288186, 34.8724986 ], [ 135.7291776, 34.871925 ], [ 135.7295022, 34.8714164 ], [ 135.7297073, 34.8710942 ] ] } },
{ "type": "Feature", "properties": { "N12_001": "26", "N12_002": 2, "N12_003": 4, "N12_004": "京都府道福知山停車場線", "N12_005": 29, "N12_006": 1 }, "geometry": { "type": "LineString", "coordinates": [ [ 135.1286917, 35.2975651 ], [ 135.1285728, 35.2975377 ], [ 135.1284308, 35.29751 ], [ 135.128053, 35.2974536 ], [ 135.1276061, 35.2973975 ], [ 135.127565, 35.2973861 ], [ 135.1273554, 35.2973589 ], [ 135.127247, 35.2973429 ], [ 135.1270636, 35.2973128 ], [ 135.1264933, 35.2972395 ], [ 135.12626, 35.2972283 ], [ 135.1257997, 35.2972225 ], [ 135.1254283, 35.2972508 ], [ 135.1251966, 35.2972604 ] ] } },
{ "type": "Feature", "properties": { "N12_001": "26", "N12_002": 2, "N12_003": 4, "N12_004": "京都府道　亀岡園部線", "N12_005": 30, "N12_006": 1 }, "geometry": { "type": "LineString", "coordinates": [ [ 135.5836082, 35.0056317 ], [ 135.5836889, 35.005917 ], [ 135.5836972, 35.0059658 ], [ 135.5837011, 35.0060545 ], [ 135.5836973, 35.0061273 ], [ 135.5836887, 35.0061717 ], [ 135.5836272, 35.0065116 ], [ 135.5836272, 35.0069537 ], [ 135.5836013, 35.0074529 ], [ 135.5835843, 35.0076625 ], [ 135.5835381, 35.0082106 ], [ 135.5834913, 35.0085662 ], [ 135.5834219, 35.0091272 ], [ 135.5834286, 35.00958 ], [ 135.5834286, 35.0100647 ], [ 135.5834283, 35.0106792 ], [ 135.583445, 35.0111961 ], [ 135.5834625, 35.011778 ], [ 135.5834967, 35.0120375 ], [ 135.5835311, 35.0121953 ], [ 135.5835795, 35.0123271 ], [ 135.5839172, 35.0132154 ], [ 135.5840242, 35.013497 ], [ 135.5841023, 35.0137564 ], [ 135.5844522, 35.0142957 ], [ 135.584889, 35.0148195 ], [ 135.585274, 35.0151849 ], [ 135.586266, 35.0161411 ], [ 135.5870237, 35.016876 ] ] } },
{ "type": "Feature", "properties": { "N12_001": "26", "N12_002": 2, "N12_003": 4, "N12_004": "京都府道池辺京田線", "N12_005": 31, "N12_006": 1 }, "geometry": { "type": "LineString", "coordinates": [ [ 135.3410723, 35.4101462 ], [ 135.3404007, 35.4105103 ], [ 135.3401943, 35.4106025 ], [ 135.3400491, 35.4106609 ], [ 135.3398963, 35.4107222 ], [ 135.3396761, 35.4107936 ], [ 135.3394901, 35.4108419 ], [ 135.3391448, 35.410909 ], [ 135.3388839, 35.4109498 ], [ 135.3384639, 35.4110119 ], [ 135.3377438, 35.4111082 ], [ 135.3370975, 35.4111861 ], [ 135.3356375, 35.4113537 ], [ 135.3345565, 35.4114811 ], [ 135.3341557, 35.4115343 ], [ 135.3337523, 35.4116161 ], [ 135.3335691, 35.411676 ], [ 135.3334306, 35.4117249 ], [ 135.3333333, 35.4117614 ], [ 135.3332791, 35.4117826 ], [ 135.3331769, 35.4118225 ], [ 135.3330519, 35.411884 ], [ 135.3329447, 35.4119388 ], [ 135.3326277, 35.4121255 ], [ 135.3323938, 35.4123397 ], [ 135.3322603, 35.4125025 ], [ 135.3321062, 35.4127783 ] ] } },
{ "type": "Feature", "properties": { "N12_001": "26", "N12_002": 2, "N12_003": 4, "N12_004": "京都府道二条停車場東山三条線", "N12_005": 32, "N12_006": 1 }, "geometry": { "type": "LineString", "coordinates": [ [ 135.7519152, 35.0109776 ], [ 135.7535075, 35.0109862 ], [ 135.7545542, 35.0109542 ], [ 135.7551634, 35.0108778 ], [ 135.7558669, 35.0108088 ], [ 135.7566056, 35.0107697 ], [ 135.7572892, 35.0107669 ], [ 135.7580544, 35.0107767 ], [ 135.7596409, 35.0107808 ], [ 135.7623978, 35.0107963 ], [ 135.7649798, 35.0108207 ], [ 135.768959, 35.0108883 ] ] } },
{ "type": "Feature", "properties": { "N12_001": "26", "N12_002": 2, "N12_003": 4, "N12_004": "京都府道京都広河原美山線", "N12_005": 33, "N12_006": 1 }, "geometry": { "type": "LineString", "coordinates": [ [ 135.7522931, 34.9963171 ], [ 135.7522564, 34.9980483 ], [ 135.7522182, 34.9986254 ], [ 135.7520558, 34.9993153 ], [ 135.7520614, 35.0036805 ], [ 135.7519064, 35.0041853 ], [ 135.7518519, 35.0046778 ], [ 135.7518548, 35.0061474 ], [ 135.7519152, 35.0109776 ], [ 135.7516426, 35.0118764 ], [ 135.751684, 35.0137862 ], [ 135.7517647, 35.0157576 ], [ 135.7517834, 35.0173904 ] ] } },
{ "type": "Feature", "properties": { "N12_001": "26", "N12_002": 2, "N12_003": 4, "N12_004": "京都府道舞鶴福知山線", "N12_005": 34, "N12_006": 1 }, "geometry": { "type": "LineString", "coordinates": [ [ 135.1377798, 35.2904636 ], [ 135.1377312, 35.2906347 ], [ 135.1376644, 35.2907703 ], [ 135.1375267, 35.2909672 ], [ 135.1373553, 35.2911761 ], [ 135.1369543, 35.291545 ], [ 135.1367669, 35.2917031 ], [ 135.136215, 35.2922297 ], [ 135.1359832, 35.2924655 ], [ 135.1358517, 35.2925776 ], [ 135.135582, 35.2928076 ], [ 135.1354178, 35.2929622 ], [ 135.1351497, 35.2932439 ], [ 135.1350108, 35.2934058 ], [ 135.13493, 35.2935144 ], [ 135.1347444, 35.2937964 ], [ 135.1343421, 35.2944951 ], [ 135.1340781, 35.2949236 ], [ 135.1339681, 35.2950811 ], [ 135.1337964, 35.2952842 ], [ 135.1335625, 35.2955334 ], [ 135.1333333, 35.2957928 ], [ 135.1331942, 35.2959297 ], [ 135.1330152, 35.2960832 ], [ 135.1329025, 35.2961643 ], [ 135.1320032, 35.2969465 ], [ 135.1315911, 35.2972678 ], [ 135.1313234, 35.29742 ], [ 135.1310417, 35.2975269 ], [ 135.1308825, 35.2975683 ], [ 135.1305614, 35.2976469 ], [ 135.130305, 35.2976958 ], [ 135.1300374, 35.2977151 ], [ 135.129585, 35.2977186 ], [ 135.1293858, 35.2976961 ], [ 135.1288503, 35.2976016 ], [ 135.1286917, 35.2975651 ] ] } },
{ "type": "Feature", "properties": { "N12_001": "26", "N12_002": 2, "N12_003": 4, "N12_004": "京都府道西京高槻線", "N12_005": 35, "N12_006": 1 }, "geometry": { "type": "LineString", "coordinates": [ [ 135.6899563, 34.9125323 ], [ 135.6903978, 34.9131203 ], [ 135.6905475, 34.9133164 ], [ 135.6909711, 34.9139083 ], [ 135.6913285, 34.9143823 ], [ 135.6921058, 34.9154358 ], [ 135.6925897, 34.9161005 ], [ 135.6928291, 34.9164375 ], [ 135.6930095, 34.9166667 ], [ 135.6931719, 34.9168728 ], [ 135.6933073, 34.9170402 ], [ 135.693377, 34.9171264 ], [ 135.6935408, 34.917273 ], [ 135.6937186, 34.9173914 ], [ 135.6938621, 34.9174813 ], [ 135.6939446, 34.9175189 ], [ 135.6944433, 34.9177408 ], [ 135.6952839, 34.9180901 ], [ 135.6961081, 34.9184489 ], [ 135.6966189, 34.9186379 ], [ 135.6968862, 34.9187606 ], [ 135.6972668, 34.9189877 ], [ 135.6974164, 34.9191275 ], [ 135.69756, 34.9192739 ], [ 135.6976489, 34.9194147 ], [ 135.6977106, 34.9195556 ], [ 135.6977514, 34.9197417 ], [ 135.6977872, 34.9198995 ], [ 135.6977909, 34.9199894 ], [ 135.6978018, 34.9202485 ], [ 135.6978575, 34.9210097 ], [ 135.6978575, 34.9213364 ], [ 135.6978783, 34.9217083 ], [ 135.6979258, 34.9225368 ], [ 135.6979574, 34.9233862 ], [ 135.6980204, 34.9248246 ], [ 135.6980631, 34.925772 ], [ 135.6980678, 34.9260463 ], [ 135.6980699, 34.9261606 ], [ 135.6980767, 34.926527 ], [ 135.6981163, 34.9272987 ], [ 135.6981589, 34.9280544 ], [ 135.6982272, 34.9283195 ], [ 135.6983983, 34.9286292 ], [ 135.6984766, 34.9287057 ], [ 135.6985625, 34.9287814 ], [ 135.698937, 34.9290391 ], [ 135.6991759, 34.9291938 ], [ 135.6995611, 34.929452 ], [ 135.6997322, 34.9295589 ], [ 135.6998297, 34.9296686 ], [ 135.7, 34.9301897 ], [ 135.700225, 34.9308778 ], [ 135.7004575, 34.9315542 ], [ 135.7005707, 34.9319053 ], [ 135.7006561, 34.9321517 ], [ 135.7008067, 34.9326192 ], [ 135.7008342, 34.9328867 ], [ 135.7008152, 34.9330593 ], [ 135.7009381, 34.9331528 ], [ 135.7017443, 34.9337672 ], [ 135.7018519, 34.9337395 ], [ 135.7010206, 34.9359863 ], [ 135.7007519, 34.9367106 ], [ 135.7004079, 34.9376375 ], [ 135.7002936, 34.937945 ], [ 135.7001636, 34.9384072 ], [ 135.7, 34.9397072 ], [ 135.6999436, 34.940111 ], [ 135.69989, 34.9405095 ], [ 135.699842, 34.9408587 ], [ 135.6998078, 34.94118 ], [ 135.69976, 34.9415747 ], [ 135.6997571, 34.9416667 ], [ 135.6997533, 34.9417831 ], [ 135.6998009, 34.9420029 ], [ 135.6998625, 34.9421491 ], [ 135.7, 34.9424065 ], [ 135.7001637, 34.942713 ], [ 135.7003504, 34.9430358 ], [ 135.7004717, 34.9435528 ], [ 135.70058, 34.9441413 ], [ 135.7006289, 34.9443702 ], [ 135.7007156, 34.9448228 ], [ 135.7007888, 34.9452482 ], [ 135.7008139, 34.9455364 ], [ 135.7008139, 34.945762 ], [ 135.7007522, 34.9461225 ], [ 135.70067, 34.9466242 ], [ 135.7005881, 34.9470808 ], [ 135.7004992, 34.9476667 ], [ 135.7004891, 34.9477812 ], [ 135.7004873, 34.9478244 ], [ 135.7004853, 34.9478711 ], [ 135.7004853, 34.9480257 ] ] } },
{ "type": "Feature", "properties": { "N12_001": "26", "N12_002": 2, "N12_003": 4, "N12_004": "京都府道城陽宇治線", "N12_005": 36, "N12_006": 1 }, "geometry": { "type": "LineString", "coordinates": [ [ 135.7838518, 34.9081941 ], [ 135.7838585, 34.9081077 ], [ 135.7838581, 34.9079172 ], [ 135.7838489, 34.9077727 ], [ 135.7837434, 34.9061111 ], [ 135.7837103, 34.905496 ], [ 135.7836656, 34.9046667 ], [ 135.7836481, 34.9042771 ], [ 135.783619, 34.9036214 ] ] } },
{ "type": "Feature", "properties": { "N12_001": "26", "N12_002": 2, "N12_003": 4, "N12_004": "京都府道城陽宇治線", "N12_005": 36, "N12_006": 2 }, "geometry": { "type": "LineString", "coordinates": [ [ 135.7800761, 34.8534124 ], [ 135.7806493, 34.8527948 ], [ 135.7808294, 34.8526008 ], [ 135.7818617, 34.851502 ], [ 135.7822908, 34.8510449 ], [ 135.7830191, 34.8502699 ], [ 135.7833333, 34.8499351 ], [ 135.7837997, 34.8494384 ], [ 135.7839964, 34.8491873 ], [ 135.7841159, 34.8490346 ], [ 135.7842614, 34.8488489 ], [ 135.7845425, 34.8482997 ], [ 135.7850553, 34.8470698 ] ] } },
{ "type": "Feature", "properties": { "N12_001": "26", "N12_002": 2, "N12_003": 4, "N12_004": "京都府道宮前千歳線", "N12_005": 37, "N12_006": 1 }, "geometry": { "type": "LineString", "coordinates": [ [ 135.5453277, 35.0504686 ], [ 135.5445124, 35.0504632 ], [ 135.5419169, 35.0504686 ], [ 135.5411086, 35.050525 ], [ 135.5406615, 35.0505238 ], [ 135.538835, 35.0505195 ], [ 135.5372525, 35.0505192 ], [ 135.5367679, 35.0505088 ], [ 135.5361978, 35.0504967 ], [ 135.5357667, 35.0505022 ], [ 135.5356088, 35.0505247 ], [ 135.5355191, 35.0505467 ], [ 135.5350713, 35.0506579 ], [ 135.53462, 35.050786 ] ] } },
{ "type": "Feature", "properties": { "N12_001": "26", "N12_002": 2, "N12_003": 4, "N12_004": "京都府道綾部インター線", "N12_005": 38, "N12_006": 1 }, "geometry": { "type": "LineString", "coordinates": [ [ 135.2616231, 35.299662 ], [ 135.2616531, 35.3 ], [ 135.2617261, 35.3008228 ], [ 135.2618017, 35.301668 ], [ 135.2618636, 35.3019725 ], [ 135.2618636, 35.3021135 ], [ 135.261898, 35.3026311 ], [ 135.261927, 35.3028893 ], [ 135.2620503, 35.30384 ], [ 135.2622344, 35.3051845 ], [ 135.2622719, 35.3055595 ], [ 135.2622756, 35.3056499 ], [ 135.2622756, 35.3059339 ], [ 135.2622481, 35.3061086 ], [ 135.2622069, 35.3062214 ], [ 135.26209, 35.30643 ], [ 135.2618966, 35.3066625 ], [ 135.2618632, 35.3066985 ], [ 135.261541, 35.3070215 ], [ 135.261504, 35.307057 ], [ 135.26119, 35.30732 ], [ 135.2611006, 35.3073819 ], [ 135.2609886, 35.3074364 ], [ 135.2607642, 35.3075286 ], [ 135.2606439, 35.3075745 ], [ 135.2605418, 35.307594 ], [ 135.2603533, 35.3076374 ], [ 135.2585831, 35.3080409 ], [ 135.2586126, 35.3081952 ], [ 135.2586554, 35.3083473 ], [ 135.2590581, 35.3104003 ], [ 135.2592259, 35.3113609 ], [ 135.2592621, 35.3115064 ], [ 135.2596621, 35.3133186 ], [ 135.2597176, 35.3135038 ], [ 135.2598364, 35.313812 ], [ 135.2599889, 35.3143963 ], [ 135.2600286, 35.3145839 ], [ 135.2605962, 35.3167839 ], [ 135.2606742, 35.317145 ], [ 135.2607164, 35.3173236 ], [ 135.2607815, 35.3175681 ], [ 135.2607999, 35.3176325 ], [ 135.2609233, 35.3180725 ], [ 135.2609758, 35.3183061 ], [ 135.2610219, 35.3185114 ], [ 135.2611927, 35.3192172 ], [ 135.2612033, 35.3192614 ], [ 135.2612924, 35.319626 ], [ 135.2614644, 35.3203772 ], [ 135.2615333, 35.3207264 ], [ 135.26165, 35.3214872 ], [ 135.2617394, 35.3221467 ], [ 135.261798, 35.3228335 ] ] } },
{ "type": "Feature", "properties": { "N12_001": "26", "N12_002": 2, "N12_003": 4, "N12_004": "京都府道伏見柳谷高槻線", "N12_005": 39, "N12_006": 1 }, "geometry": { "type": "LineString", "coordinates": [ [ 135.6980699, 34.9261606 ], [ 135.6974622, 34.9261606 ], [ 135.6973498, 34.9261618 ], [ 135.6971186, 34.9261664 ], [ 135.6964903, 34.9261766 ], [ 135.69638, 34.926178 ], [ 135.6958402, 34.9261828 ], [ 135.6957853, 34.9261832 ], [ 135.694819, 34.9261887 ], [ 135.6947639, 34.9261892 ], [ 135.6943992, 34.9261941 ], [ 135.6943443, 34.9261942 ], [ 135.693721, 34.926189 ], [ 135.6934167, 34.9261911 ], [ 135.6933578, 34.9261915 ], [ 135.6929218, 34.9261944 ], [ 135.6928605, 34.9261945 ], [ 135.6924276, 34.9261945 ], [ 135.6923719, 34.9261945 ], [ 135.69185, 34.9261945 ], [ 135.6916934, 34.9261974 ], [ 135.6910146, 34.9262104 ], [ 135.6909047, 34.9262114 ], [ 135.6906392, 34.9262114 ], [ 135.6895596, 34.9262222 ], [ 135.6895047, 34.9262225 ], [ 135.6891681, 34.9262225 ], [ 135.6887809, 34.9261106 ] ] } },
{ "type": "Feature", "properties": { "N12_001": "26", "N12_002": 2, "N12_003": 6, "N12_004": "京都府道上野南山城線", "N12_005": 40, "N12_006": 1 }, "geometry": { "type": "LineString", "coordinates": [ [ 135.9785074, 34.7690791 ], [ 135.9788159, 34.7688477 ], [ 135.9806389, 34.7692758 ], [ 135.9812278, 34.769218 ], [ 135.9823216, 34.7688361 ], [ 135.9827984, 34.7689518 ], [ 135.9847616, 34.7703057 ], [ 135.9872647, 34.7713008 ], [ 135.9891508, 34.7720356 ], [ 135.9915628, 34.7727993 ], [ 135.9925584, 34.7729034 ], [ 135.9931544, 34.7728398 ], [ 135.9937942, 34.7725389 ] ] } },
{ "type": "Feature", "properties": { "N12_001": "26", "N12_002": 2, "N12_003": 6, "N12_004": "京都府道富野荘八幡線", "N12_005": 41, "N12_006": 1 }, "geometry": { "type": "LineString", "coordinates": [ [ 135.7306669, 34.8503558 ], [ 135.7306165, 34.8503722 ], [ 135.7295368, 34.8507182 ], [ 135.72904, 34.8507291 ], [ 135.72651, 34.8504506 ], [ 135.725596, 34.8505052 ], [ 135.7243707, 34.8506854 ], [ 135.7238277, 34.8506527 ], [ 135.7233607, 34.8505353 ] ] } },
{ "type": "Feature", "properties": { "N12_001": "26", "N12_002": 2, "N12_003": 6, "N12_004": "京都府道八幡京田辺インター線", "N12_005": 42, "N12_006": 1 }, "geometry": { "type": "LineString", "coordinates": [ [ 135.7233607, 34.8505353 ], [ 135.722864, 34.850265 ], [ 135.7224666, 34.8499292 ], [ 135.7211883, 34.8476906 ] ] } },
{ "type": "Feature", "properties": { "N12_001": "26", "N12_002": 2, "N12_003": 6, "N12_004": "京都府道東掛小林線", "N12_005": 43, "N12_006": 1 }, "geometry": { "type": "LineString", "coordinates": [ [ 135.5532085, 35.0309269 ], [ 135.5526005, 35.0309308 ], [ 135.5514448, 35.030945 ], [ 135.550197, 35.0309556 ], [ 135.5500169, 35.0309562 ], [ 135.5484969, 35.0309614 ], [ 135.5480755, 35.0309626 ], [ 135.5470019, 35.0309656 ], [ 135.5465734, 35.0309669 ], [ 135.545601, 35.0309676 ], [ 135.545352, 35.0309561 ], [ 135.5451341, 35.0309584 ] ] } },
{ "type": "Feature", "properties": { "N12_001": "26", "N12_002": 2, "N12_003": 6, "N12_004": "京都府道郷ノ口室河原線", "N12_005": 44, "N12_006": 1 }, "geometry": { "type": "LineString", "coordinates": [ [ 135.500388, 35.092934 ], [ 135.4982336, 35.0930553 ], [ 135.4980717, 35.0929955 ] ] } },
{ "type": "Feature", "properties": { "N12_001": "26", "N12_002": 2, "N12_003": 6, "N12_004": "京都府道八木東インター線", "N12_005": 45, "N12_006": 1 }, "geometry": { "type": "LineString", "coordinates": [ [ 135.5264517, 35.0748915 ], [ 135.5260546, 35.074769 ], [ 135.5244865, 35.0743134 ], [ 135.5211706, 35.0732909 ], [ 135.5204161, 35.0731067 ] ] } },
{ "type": "Feature", "properties": { "N12_001": "26", "N12_002": 2, "N12_003": 6, "N12_004": "京都府道内宮地頭線", "N12_005": 46, "N12_006": 1 }, "geometry": { "type": "LineString", "coordinates": [ [ 135.2152457, 35.4253637 ], [ 135.2153928, 35.4260658 ], [ 135.2154454, 35.4264847 ], [ 135.2154837, 35.4267901 ], [ 135.2155236, 35.4272378 ], [ 135.2155303, 35.4277 ], [ 135.2154958, 35.4278917 ], [ 135.2154342, 35.428055 ], [ 135.2152344, 35.428337 ], [ 135.2149728, 35.4285736 ], [ 135.214823, 35.4286851 ], [ 135.2145183, 35.4289117 ], [ 135.2140231, 35.4292622 ], [ 135.213383, 35.4297775 ], [ 135.2132021, 35.4299939 ] ] } },
{ "type": "Feature", "properties": { "N12_001": "26", "N12_002": 2, "N12_003": 6, "N12_004": "京都府道宮津停車場線", "N12_005": 47, "N12_006": 1 }, "geometry": { "type": "LineString", "coordinates": [ [ 135.1938276, 35.5362538 ], [ 135.1945033, 35.5361806 ], [ 135.194695, 35.5361654 ], [ 135.1949859, 35.5361297 ], [ 135.1954861, 35.5360412 ], [ 135.19559, 35.5360244 ] ] } },
{ "type": "Feature", "properties": { "N12_001": "26", "N12_002": 2, "N12_003": 6, "N12_004": "京都府道長尾八幡線", "N12_005": 48, "N12_006": 1 }, "geometry": { "type": "LineString", "coordinates": [ [ 135.7064798, 34.8738757 ], [ 135.7064824, 34.8739668 ], [ 135.7065096, 34.8750028 ], [ 135.7065568, 34.8774627 ], [ 135.7065767, 34.8781336 ], [ 135.7065981, 34.8783293 ], [ 135.7066178, 34.8790665 ] ] } },
{ "type": "Feature", "properties": { "N12_001": "26", "N12_002": 2, "N12_003": 6, "N12_004": "京都府道　大山崎大枝線", "N12_005": 49, "N12_006": 1 }, "geometry": { "type": "LineString", "coordinates": [ [ 135.6933231, 34.902932 ], [ 135.6930857, 34.9031634 ], [ 135.6930413, 34.9033563 ], [ 135.6930534, 34.9035492 ], [ 135.6932189, 34.9038685 ], [ 135.6934571, 34.9041944 ], [ 135.693554, 34.9043674 ], [ 135.6935661, 34.9045303 ], [ 135.6935096, 34.9047565 ], [ 135.693344, 34.9052853 ], [ 135.6930986, 34.9056924 ], [ 135.693013, 34.9057672 ], [ 135.6927789, 34.9059401 ], [ 135.692355, 34.9061796 ], [ 135.6921491, 34.9063409 ], [ 135.6919795, 34.906577 ], [ 135.6918786, 34.9068297 ], [ 135.6917494, 34.9073552 ], [ 135.6916242, 34.9078813 ], [ 135.6915838, 34.9081308 ], [ 135.6915394, 34.9082771 ], [ 135.6914062, 34.9084567 ], [ 135.691168, 34.9087361 ], [ 135.6910267, 34.9089472 ], [ 135.6908652, 34.9095226 ], [ 135.6905967, 34.9104292 ], [ 135.6903747, 34.9109314 ], [ 135.690092, 34.911417 ], [ 135.6898781, 34.9117968 ], [ 135.6898538, 34.9120528 ], [ 135.689874, 34.9123123 ], [ 135.6899563, 34.9125323 ] ] } },
{ "type": "Feature", "properties": { "N12_001": "26", "N12_002": 2, "N12_003": 4, "N12_004": "京都府道　綾部宮島線", "N12_005": 50, "N12_006": 1 }, "geometry": { "type": "LineString", "coordinates": [ [ 135.4186959, 35.2487779 ], [ 135.4194878, 35.2498437 ], [ 135.4220735, 35.2524611 ], [ 135.4229947, 35.2542947 ], [ 135.4231664, 35.2545317 ], [ 135.4232625, 35.2546386 ], [ 135.4235329, 35.2550468 ], [ 135.4245678, 35.2554714 ], [ 135.4247599, 35.2556632 ], [ 135.425, 35.2559086 ], [ 135.4255896, 35.256511 ], [ 135.4256576, 35.2565913 ], [ 135.4264778, 35.2574675 ], [ 135.4266428, 35.2576028 ], [ 135.4267528, 35.2576706 ], [ 135.4273572, 35.258003 ], [ 135.4275978, 35.2581778 ], [ 135.42779, 35.2583411 ], [ 135.4280647, 35.2586456 ], [ 135.4282778, 35.2589214 ], [ 135.4283534, 35.2590681 ], [ 135.4285665, 35.2596825 ], [ 135.4292667, 35.2620137 ], [ 135.4295008, 35.2627706 ], [ 135.4296725, 35.263103 ], [ 135.4300225, 35.2636836 ], [ 135.4302019, 35.2639092 ], [ 135.4306141, 35.2639275 ], [ 135.4308506, 35.2639422 ], [ 135.4314474, 35.2639811 ], [ 135.4320465, 35.2640219 ], [ 135.4324825, 35.2640556 ], [ 135.4333753, 35.2641175 ], [ 135.4336569, 35.2641175 ], [ 135.4342191, 35.2640621 ], [ 135.4343717, 35.2640272 ], [ 135.4349075, 35.2639767 ], [ 135.4362611, 35.2638864 ], [ 135.4369231, 35.2638489 ], [ 135.4377517, 35.263802 ], [ 135.4380539, 35.2637906 ], [ 135.4384181, 35.2637736 ], [ 135.4387961, 35.2637456 ], [ 135.4391878, 35.2636836 ], [ 135.439435, 35.2636217 ], [ 135.4396649, 35.2635413 ], [ 135.4400878, 35.2633677 ], [ 135.4404039, 35.2631989 ], [ 135.4416667, 35.2625466 ], [ 135.4418875, 35.2624325 ], [ 135.4420319, 35.262365 ], [ 135.4423678, 35.2622437 ], [ 135.4425747, 35.2621789 ], [ 135.4430144, 35.2620225 ], [ 135.4433372, 35.2619142 ], [ 135.444091, 35.2616456 ], [ 135.4445547, 35.261497 ], [ 135.4446852, 35.2614517 ], [ 135.4448142, 35.2614125 ], [ 135.4449516, 35.2614239 ], [ 135.4453709, 35.2614911 ], [ 135.4457623, 35.2615422 ], [ 135.4460852, 35.2615817 ], [ 135.4464358, 35.2616097 ], [ 135.4466214, 35.2616492 ], [ 135.4467656, 35.2617225 ], [ 135.4468411, 35.2618014 ], [ 135.4469717, 35.26201 ], [ 135.4473703, 35.2627708 ], [ 135.4474458, 35.2630075 ], [ 135.4475356, 35.2632972 ], [ 135.4475672, 35.2633795 ], [ 135.4476404, 35.2634914 ], [ 135.4478989, 35.2636725 ], [ 135.4481119, 35.2637681 ], [ 135.4484142, 35.2638753 ], [ 135.448606, 35.2639156 ], [ 135.4488458, 35.2639492 ], [ 135.4490464, 35.2639708 ], [ 135.4494073, 35.2639608 ], [ 135.4499533, 35.2639092 ], [ 135.45, 35.2638928 ], [ 135.4501237, 35.2638436 ], [ 135.4501664, 35.2638192 ], [ 135.4521857, 35.2622131 ], [ 135.4522961, 35.2621283 ], [ 135.4523853, 35.2620328 ], [ 135.4524886, 35.2618631 ], [ 135.4525914, 35.2616778 ], [ 135.4528114, 35.261255 ], [ 135.4529158, 35.2610411 ], [ 135.4530725, 35.2607478 ], [ 135.4536701, 35.2596419 ], [ 135.45378, 35.2594631 ], [ 135.4539106, 35.2593222 ], [ 135.453987, 35.2592815 ], [ 135.454055, 35.25926 ], [ 135.4542697, 35.2592575 ], [ 135.4548725, 35.2592828 ], [ 135.4554906, 35.2593786 ], [ 135.4560403, 35.2595025 ], [ 135.4563908, 35.2596095 ], [ 135.4565144, 35.2596658 ], [ 135.4567, 35.2597956 ], [ 135.4567961, 35.259897 ], [ 135.4568717, 35.2601789 ], [ 135.4569476, 35.260289 ], [ 135.4569806, 35.2603188 ], [ 135.4574017, 35.2605681 ], [ 135.457435, 35.2605955 ], [ 135.4576961, 35.2612888 ], [ 135.4577236, 35.2613453 ], [ 135.4578814, 35.2614747 ], [ 135.45806, 35.261627 ], [ 135.4581964, 35.261777 ], [ 135.458335, 35.2619772 ], [ 135.4584486, 35.2622142 ], [ 135.4585411, 35.2624272 ], [ 135.4585956, 35.2625908 ], [ 135.4586028, 35.2627542 ], [ 135.4586097, 35.2628778 ], [ 135.4586172, 35.2629308 ], [ 135.4586372, 35.262985 ], [ 135.4586783, 35.2630808 ], [ 135.4587953, 35.2632836 ], [ 135.4588158, 35.2633739 ], [ 135.45885, 35.2637164 ], [ 135.4589189, 35.2641628 ], [ 135.4589944, 35.2644786 ], [ 135.4590361, 35.264547 ], [ 135.4590682, 35.2645679 ], [ 135.4591389, 35.2645945 ], [ 135.4594206, 35.2646531 ], [ 135.4599425, 35.2646983 ], [ 135.4599908, 35.2647208 ], [ 135.4601625, 35.2648278 ], [ 135.4604826, 35.2650539 ], [ 135.4605953, 35.2651264 ], [ 135.4612683, 35.2656167 ], [ 135.4616875, 35.2659097 ], [ 135.4621411, 35.2661972 ], [ 135.4623333, 35.2662872 ], [ 135.4631991, 35.2665522 ], [ 135.4635191, 35.2666667 ], [ 135.4636247, 35.2667044 ], [ 135.4637827, 35.2667719 ], [ 135.4640508, 35.266975 ], [ 135.4641608, 35.2671214 ], [ 135.4642364, 35.2672397 ], [ 135.4644425, 35.2676453 ], [ 135.4644767, 35.2677356 ], [ 135.46447, 35.2677975 ], [ 135.4643381, 35.26812 ], [ 135.4641333, 35.2686203 ], [ 135.4641333, 35.268705 ], [ 135.4641608, 35.2687895 ], [ 135.4641608, 35.2691464 ], [ 135.4641264, 35.2694319 ], [ 135.4641125, 35.2696292 ], [ 135.4641242, 35.2697353 ], [ 135.46414, 35.2698039 ], [ 135.4642089, 35.2698994 ], [ 135.4646761, 35.2703108 ], [ 135.4650642, 35.2705076 ], [ 135.4652561, 35.2706449 ], [ 135.4654541, 35.2707798 ], [ 135.4656475, 35.2709117 ], [ 135.4658333, 35.2710267 ], [ 135.4660292, 35.2711281 ], [ 135.4663867, 35.2713367 ], [ 135.4664689, 35.2714211 ], [ 135.4666781, 35.2718046 ], [ 135.4668492, 35.2721333 ], [ 135.466915, 35.2722142 ], [ 135.4670219, 35.2722584 ], [ 135.4671072, 35.2722745 ], [ 135.4672372, 35.2722536 ], [ 135.4676509, 35.27212 ], [ 135.4679003, 35.2720753 ], [ 135.4682555, 35.2720467 ], [ 135.4694515, 35.2719171 ], [ 135.4698561, 35.271872 ], [ 135.4701309, 35.2718494 ], [ 135.4704709, 35.2718032 ], [ 135.4712942, 35.2713422 ], [ 135.471808, 35.27095 ], [ 135.4719922, 35.270089 ], [ 135.4724047, 35.2697364 ], [ 135.4726108, 35.2695558 ], [ 135.4732292, 35.2690995 ], [ 135.4732431, 35.2690939 ], [ 135.4739028, 35.2685981 ], [ 135.4749387, 35.2678743 ], [ 135.4749729, 35.2678603 ], [ 135.475112, 35.2678033 ], [ 135.4754064, 35.267727 ], [ 135.4757714, 35.2676794 ], [ 135.4760322, 35.2676511 ], [ 135.4767122, 35.2676083 ], [ 135.4772483, 35.2676175 ], [ 135.4777225, 35.2676625 ], [ 135.4783677, 35.2677956 ], [ 135.4785314, 35.267845 ], [ 135.478698, 35.2678822 ], [ 135.4796256, 35.2681247 ], [ 135.4797011, 35.2681247 ], [ 135.4810339, 35.2679556 ], [ 135.4814394, 35.2679331 ], [ 135.481618, 35.2678992 ], [ 135.4823186, 35.2676175 ], [ 135.4825159, 35.2675634 ], [ 135.4829711, 35.2674203 ], [ 135.4832542, 35.267286 ], [ 135.4833333, 35.2672246 ], [ 135.483402, 35.2671575 ], [ 135.4834317, 35.2671158 ], [ 135.4836507, 35.2666667 ], [ 135.483775, 35.2664117 ], [ 135.4838575, 35.2662989 ], [ 135.4839538, 35.2662087 ], [ 135.4844487, 35.2658638 ], [ 135.48484, 35.2656283 ], [ 135.485553, 35.2653882 ], [ 135.4861728, 35.2651606 ], [ 135.4862964, 35.2651322 ], [ 135.4867865, 35.2650713 ], [ 135.4869854, 35.2650405 ], [ 135.4871414, 35.2650189 ], [ 135.4873338, 35.2649689 ], [ 135.4878767, 35.2647831 ], [ 135.4883094, 35.2645972 ], [ 135.4885943, 35.2644426 ], [ 135.4889142, 35.2643322 ], [ 135.4889685, 35.2643262 ], [ 135.4891339, 35.2643322 ], [ 135.4894814, 35.2643769 ], [ 135.4898073, 35.2644336 ], [ 135.4904186, 35.2645578 ], [ 135.4907142, 35.2646083 ], [ 135.4912936, 35.2647426 ], [ 135.4915181, 35.2647945 ], [ 135.4917645, 35.2648593 ], [ 135.4918819, 35.2648903 ], [ 135.4920261, 35.2649409 ], [ 135.4921567, 35.2650028 ], [ 135.4924247, 35.2651325 ], [ 135.4925209, 35.2652 ], [ 135.4926994, 35.2653014 ], [ 135.4929192, 35.2654478 ], [ 135.4931528, 35.2656283 ], [ 135.4933108, 35.2657917 ], [ 135.4934347, 35.2659439 ], [ 135.493517, 35.2660792 ], [ 135.493733, 35.2666667 ], [ 135.4939086, 35.2671442 ], [ 135.4940119, 35.2674303 ], [ 135.4942439, 35.2681031 ], [ 135.4942839, 35.268222 ], [ 135.4943379, 35.268369 ], [ 135.4943884, 35.2684091 ], [ 135.4945396, 35.268435 ], [ 135.4946642, 35.2684508 ], [ 135.4947869, 35.2684967 ], [ 135.4948978, 35.2685594 ], [ 135.4949481, 35.2686103 ], [ 135.4949978, 35.2687059 ], [ 135.4950389, 35.2687902 ], [ 135.4955092, 35.269855 ], [ 135.4959079, 35.2706832 ], [ 135.4960461, 35.2709214 ], [ 135.4962517, 35.2711567 ], [ 135.4963944, 35.271268 ], [ 135.4964501, 35.2713038 ], [ 135.4965319, 35.2713563 ], [ 135.4967231, 35.2714478 ], [ 135.4969031, 35.2715278 ], [ 135.4970287, 35.2715772 ], [ 135.4971789, 35.2716264 ], [ 135.4974056, 35.2716411 ], [ 135.498223, 35.2716017 ], [ 135.4983122, 35.2715905 ], [ 135.4984908, 35.2715342 ], [ 135.4988964, 35.2713481 ], [ 135.4992741, 35.2711398 ], [ 135.4997758, 35.2708522 ], [ 135.49992, 35.2707958 ], [ 135.4999996, 35.2707958 ], [ 135.5003322, 35.2707958 ], [ 135.5005678, 35.2708044 ], [ 135.5010328, 35.2708239 ], [ 135.5011084, 35.2708467 ], [ 135.5011839, 35.2708803 ], [ 135.5015825, 35.2712692 ], [ 135.5018092, 35.2714664 ], [ 135.5020215, 35.2716176 ], [ 135.5022283, 35.2717708 ], [ 135.5026681, 35.2720469 ], [ 135.5028744, 35.2721575 ], [ 135.5031764, 35.2723289 ], [ 135.503424, 35.2724755 ], [ 135.5038279, 35.2726982 ], [ 135.5040764, 35.2728244 ], [ 135.5041656, 35.2728753 ], [ 135.5044817, 35.2730331 ], [ 135.5047292, 35.2731739 ], [ 135.5048888, 35.2732947 ], [ 135.5049694, 35.2733711 ], [ 135.5051256, 35.2735681 ], [ 135.5060656, 35.2748348 ], [ 135.5061904, 35.275 ], [ 135.5066525, 35.2756083 ], [ 135.5067556, 35.275738 ], [ 135.5074083, 35.2766228 ], [ 135.5075458, 35.2767975 ], [ 135.5076419, 35.2769328 ], [ 135.5080083, 35.2773892 ], [ 135.5081189, 35.2774542 ], [ 135.5082186, 35.2775078 ], [ 135.5083083, 35.2775411 ], [ 135.5083401, 35.2775453 ], [ 135.5084389, 35.2775581 ], [ 135.5087067, 35.2775581 ], [ 135.5095381, 35.2774344 ], [ 135.5097442, 35.2774344 ], [ 135.5098678, 35.2774514 ], [ 135.5099778, 35.2775247 ], [ 135.5100189, 35.2775808 ], [ 135.5100669, 35.2776822 ], [ 135.51017, 35.2779864 ], [ 135.5102664, 35.2782458 ], [ 135.5103489, 35.2784147 ], [ 135.5104278, 35.2784833 ], [ 135.510603, 35.2785467 ], [ 135.510775, 35.278562 ], [ 135.5108836, 35.278562 ], [ 135.5109929, 35.2785236 ], [ 135.5110528, 35.2784864 ], [ 135.51111, 35.2784081 ], [ 135.5112067, 35.2782361 ], [ 135.5113392, 35.277984 ], [ 135.5114081, 35.2779039 ], [ 135.511456, 35.2778625 ], [ 135.5115164, 35.2778227 ], [ 135.5115267, 35.277817 ], [ 135.5116414, 35.2777989 ], [ 135.5119155, 35.2777867 ], [ 135.5120918, 35.2777807 ], [ 135.5122981, 35.2777708 ], [ 135.5126087, 35.2777442 ], [ 135.5140718, 35.2776488 ], [ 135.5158627, 35.2775306 ], [ 135.5166167, 35.2774689 ], [ 135.5170128, 35.2774342 ], [ 135.5171858, 35.2774279 ], [ 135.5174235, 35.2774033 ], [ 135.5175797, 35.2773655 ], [ 135.5177227, 35.2773082 ], [ 135.5179628, 35.2771905 ], [ 135.5183114, 35.2770117 ], [ 135.5185036, 35.2769722 ], [ 135.5186765, 35.2769544 ], [ 135.5189503, 35.2769667 ], [ 135.5193281, 35.2770455 ], [ 135.5194656, 35.2770906 ], [ 135.5196167, 35.2771583 ], [ 135.5197678, 35.2772653 ], [ 135.5200072, 35.2774506 ], [ 135.5209058, 35.2781556 ], [ 135.5211061, 35.2783106 ], [ 135.5213881, 35.2785128 ], [ 135.5218111, 35.2788197 ], [ 135.5221503, 35.2790428 ], [ 135.5228406, 35.2794856 ], [ 135.5233914, 35.2798264 ], [ 135.5239545, 35.2801776 ], [ 135.525, 35.2808364 ], [ 135.52547, 35.2811422 ], [ 135.5263769, 35.2817228 ], [ 135.5265692, 35.2818242 ], [ 135.5268027, 35.2818975 ], [ 135.5271669, 35.2819989 ], [ 135.5273108, 35.2820183 ], [ 135.5275635, 35.2820576 ], [ 135.5276203, 35.2820611 ], [ 135.5278264, 35.2820722 ], [ 135.5279914, 35.2820947 ], [ 135.5282315, 35.2821569 ], [ 135.5287814, 35.2823089 ], [ 135.5288639, 35.2823372 ], [ 135.5294067, 35.2824895 ], [ 135.5295372, 35.282512 ], [ 135.5299356, 35.2826303 ], [ 135.530135, 35.2826753 ], [ 135.5303206, 35.2826922 ], [ 135.5305678, 35.2826808 ], [ 135.5310486, 35.2826303 ], [ 135.5316875, 35.2826247 ], [ 135.5317631, 35.2826189 ], [ 135.5319417, 35.2825683 ], [ 135.5322714, 35.2824386 ], [ 135.5325464, 35.2823483 ], [ 135.5328142, 35.2822583 ], [ 135.5331167, 35.2822075 ], [ 135.5333669, 35.2821958 ], [ 135.5334808, 35.2821906 ], [ 135.5338655, 35.2821456 ], [ 135.5343189, 35.2820445 ], [ 135.53454, 35.2819744 ], [ 135.5349647, 35.2818244 ], [ 135.5356653, 35.2815483 ], [ 135.5357683, 35.2815033 ], [ 135.5359333, 35.281447 ], [ 135.5367632, 35.2811391 ], [ 135.537735, 35.2808664 ], [ 135.5382918, 35.2807453 ], [ 135.5388475, 35.2806125 ], [ 135.5390528, 35.2805283 ], [ 135.5393, 35.2804045 ], [ 135.5397053, 35.2801564 ], [ 135.5402756, 35.2797619 ], [ 135.5404025, 35.2796642 ], [ 135.5408809, 35.2792473 ], [ 135.5412169, 35.2789278 ], [ 135.5416667, 35.2784695 ], [ 135.5425567, 35.2775583 ], [ 135.5427676, 35.2773291 ], [ 135.5433834, 35.2766586 ], [ 135.5435325, 35.2765328 ], [ 135.5443294, 35.2759239 ], [ 135.5446247, 35.2756761 ], [ 135.5454281, 35.2750744 ], [ 135.5455317, 35.2749886 ], [ 135.5456417, 35.2749606 ], [ 135.5457653, 35.2749436 ], [ 135.5460593, 35.2749344 ], [ 135.5468442, 35.2749097 ], [ 135.5472083, 35.2748761 ], [ 135.5475586, 35.2748025 ], [ 135.5479433, 35.2747122 ], [ 135.5481908, 35.2746728 ], [ 135.5483625, 35.2746897 ], [ 135.5488531, 35.2747946 ], [ 135.5492625, 35.2748644 ], [ 135.549579, 35.2749421 ], [ 135.5503344, 35.2750731 ], [ 135.5505542, 35.2751317 ], [ 135.5508497, 35.2752814 ], [ 135.5511042, 35.2754057 ], [ 135.5512501, 35.2754805 ], [ 135.5516984, 35.2757066 ], [ 135.5521825, 35.27598 ], [ 135.5523817, 35.2761492 ], [ 135.5531102, 35.2768932 ], [ 135.5535357, 35.2773721 ], [ 135.5537089, 35.2775878 ], [ 135.5541269, 35.2781272 ], [ 135.5543122, 35.2783581 ], [ 135.5549714, 35.2792539 ] ] } },
{ "type": "Feature", "properties": { "N12_001": "26", "N12_002": 2, "N12_003": 4, "N12_004": "京都府道　京都守口線", "N12_005": 51, "N12_006": 1 }, "geometry": { "type": "LineString", "coordinates": [ [ 135.7389592, 34.9268945 ], [ 135.7387535, 34.9267051 ], [ 135.7374614, 34.9254631 ], [ 135.7369347, 34.9249897 ], [ 135.7364008, 34.9244658 ], [ 135.7354978, 34.923615 ], [ 135.7353475, 34.9234739 ], [ 135.7349259, 34.9230777 ] ] } },
{ "type": "Feature", "properties": { "N12_001": "26", "N12_002": 2, "N12_003": 4, "N12_004": "京都府道　宇治淀線", "N12_005": 5, "N12_006": 2 }, "geometry": { "type": "LineString", "coordinates": [ [ 135.7620668, 34.8744976 ], [ 135.7637995, 34.8743892 ], [ 135.771018, 34.8740113 ], [ 135.7765967, 34.8736723 ], [ 135.777663, 34.8734309 ], [ 135.7784036, 34.8734043 ], [ 135.7803463, 34.8727852 ], [ 135.7809581, 34.8727232 ], [ 135.7813961, 34.8728101 ], [ 135.7817631, 34.8729444 ], [ 135.7823964, 34.8734486 ], [ 135.782976, 34.8744923 ], [ 135.782815, 34.8749169 ], [ 135.7827935, 34.8754211 ], [ 135.7830336, 34.8754531 ], [ 135.7833475, 34.875518 ], [ 135.7838724, 34.8756267 ], [ 135.7843069, 34.8757167 ], [ 135.7847428, 34.8758709 ], [ 135.7848549, 34.8759278 ], [ 135.7855561, 34.8762836 ], [ 135.7859144, 34.876486 ], [ 135.7861525, 34.8766208 ], [ 135.7864244, 34.8768085 ], [ 135.7865687, 34.8769242 ], [ 135.7872923, 34.8775598 ], [ 135.7878044, 34.8780745 ], [ 135.7882238, 34.878496 ], [ 135.7885503, 34.8788239 ], [ 135.7891733, 34.8791467 ], [ 135.789263, 34.8792185 ], [ 135.7895286, 34.8794323 ], [ 135.7898746, 34.8797354 ], [ 135.790312, 34.8801184 ], [ 135.7909574, 34.8807318 ], [ 135.7914288, 34.8811861 ], [ 135.7916667, 34.8814152 ], [ 135.7918698, 34.8816109 ], [ 135.7922094, 34.8819323 ], [ 135.7926403, 34.8823367 ], [ 135.7928631, 34.8824611 ], [ 135.7932018, 34.8825826 ], [ 135.793338, 34.8826437 ], [ 135.7934864, 34.8827253 ], [ 135.79394, 34.8831286 ], [ 135.7940308, 34.8832258 ], [ 135.7941603, 34.8833192 ], [ 135.7942215, 34.883355 ], [ 135.7945739, 34.8835486 ], [ 135.7946794, 34.883628 ], [ 135.7949925, 34.8838639 ], [ 135.7955859, 34.8843475 ], [ 135.7965246, 34.8851138 ], [ 135.7969981, 34.885505 ], [ 135.797249, 34.8857129 ], [ 135.7974321, 34.8858719 ], [ 135.7978624, 34.8862481 ], [ 135.7985044, 34.8868181 ], [ 135.7988052, 34.887092 ], [ 135.798995, 34.8872533 ] ] } },
{ "type": "Feature", "properties": { "N12_001": "26", "N12_002": 2, "N12_003": 4, "N12_004": "京都府道　宇治淀線", "N12_005": 5, "N12_006": 3 }, "geometry": { "type": "LineString", "coordinates": [ [ 135.7324277, 34.882231 ], [ 135.7325708, 34.8821523 ], [ 135.7329261, 34.8819667 ], [ 135.7336919, 34.8815495 ], [ 135.7344761, 34.8811446 ], [ 135.735175, 34.8807833 ], [ 135.7361592, 34.8802647 ], [ 135.7367236, 34.8799678 ] ] } },
{ "type": "Feature", "properties": { "N12_001": "26", "N12_002": 2, "N12_003": 4, "N12_004": "京都府道　宇治淀線", "N12_005": 5, "N12_006": 4 }, "geometry": { "type": "LineString", "coordinates": [ [ 135.7471738, 34.8751438 ], [ 135.7474449, 34.8751373 ], [ 135.7480303, 34.8751293 ], [ 135.7489788, 34.8751254 ] ] } },
{ "type": "Feature", "properties": { "N12_001": "26", "N12_002": 2, "N12_003": 4, "N12_004": "京都府道　下鴨京都停車場線", "N12_005": 52, "N12_006": 1 }, "geometry": { "type": "LineString", "coordinates": [ [ 135.7692356, 35.0250619 ], [ 135.7692051, 35.0239021 ], [ 135.7691917, 35.023366 ], [ 135.7691925, 35.0229131 ], [ 135.7691975, 35.0226083 ], [ 135.7692872, 35.0219503 ], [ 135.7693662, 35.0213362 ], [ 135.7694181, 35.0209564 ], [ 135.7694314, 35.020665 ], [ 135.7694222, 35.0202411 ], [ 135.7694108, 35.0199917 ], [ 135.7693569, 35.0194583 ], [ 135.7692955, 35.0190609 ], [ 135.769074, 35.0179439 ], [ 135.7690125, 35.0175091 ] ] } },
{ "type": "Feature", "properties": { "N12_001": "26", "N12_002": 2, "N12_003": 4, "N12_004": "京都府道　大津淀線", "N12_005": 53, "N12_006": 1 }, "geometry": { "type": "LineString", "coordinates": [ [ 135.8294022, 34.9871794 ], [ 135.8291203, 34.9869987 ], [ 135.8288259, 34.9867293 ], [ 135.8282513, 34.9862509 ] ] } },
{ "type": "Feature", "properties": { "N12_001": "26", "N12_002": 2, "N12_003": 4, "N12_004": "京都府道　大津淀線", "N12_005": 53, "N12_006": 2 }, "geometry": { "type": "LineString", "coordinates": [ [ 135.7740792, 34.9546581 ], [ 135.7734114, 34.9544544 ], [ 135.7729381, 34.9543625 ], [ 135.7724086, 34.9542772 ], [ 135.7718883, 34.9542456 ], [ 135.7715673, 34.9542347 ], [ 135.7713424, 34.954243 ], [ 135.7712883, 34.954245 ], [ 135.7712564, 34.9542462 ], [ 135.7712327, 34.954247 ], [ 135.7710981, 34.954252 ], [ 135.7705873, 34.9543228 ], [ 135.7697703, 34.9544578 ], [ 135.7693912, 34.9545164 ], [ 135.7693371, 34.9545249 ], [ 135.7687592, 34.9546158 ], [ 135.7685414, 34.9546947 ] ] } },
{ "type": "Feature", "properties": { "N12_001": "26", "N12_002": 2, "N12_003": 6, "N12_004": "京都府道　四ノ宮四ツ塚線", "N12_005": 54, "N12_006": 1 }, "geometry": { "type": "LineString", "coordinates": [ [ 135.764103, 34.9796447 ], [ 135.7649675, 34.9799217 ], [ 135.7658562, 34.9802335 ], [ 135.7688875, 34.980493 ], [ 135.770614, 34.9806408 ], [ 135.7714255, 34.9806985 ], [ 135.7717853, 34.9809006 ], [ 135.7720493, 34.9811141 ], [ 135.7726035, 34.9815627 ] ] } },
{ "type": "Feature", "properties": { "N12_001": "26", "N12_002": 2, "N12_003": 6, "N12_004": "京都府道　中山稲荷線", "N12_005": 55, "N12_006": 1 }, "geometry": { "type": "LineString", "coordinates": [ [ 135.7034309, 34.9644519 ], [ 135.7047887, 34.9645031 ], [ 135.7071133, 34.9645901 ], [ 135.7082142, 34.9646313 ], [ 135.7099724, 34.964669 ], [ 135.7110641, 34.9646903 ], [ 135.7112563, 34.964682 ], [ 135.7119541, 34.9646191 ], [ 135.7122064, 34.9645525 ], [ 135.7122413, 34.9645433 ] ] } },
{ "type": "Feature", "properties": { "N12_001": "26", "N12_002": 2, "N12_003": 6, "N12_004": "京都府道　黄檗停車場線", "N12_005": 56, "N12_006": 1 }, "geometry": { "type": "LineString", "coordinates": [ [ 135.78337, 34.9119484 ], [ 135.7850017, 34.9128033 ], [ 135.7859497, 34.91329 ], [ 135.7863253, 34.9135578 ], [ 135.7874714, 34.91459 ], [ 135.7882542, 34.9152917 ], [ 135.7885629, 34.9156618 ], [ 135.7886628, 34.9158295 ], [ 135.7888629, 34.9161654 ], [ 135.7903728, 34.9163414 ], [ 135.7914118, 34.9164763 ], [ 135.7920983, 34.9163258 ], [ 135.7929801, 34.9162992 ], [ 135.7938796, 34.9162958 ], [ 135.7941305, 34.9162646 ] ] } },
{ "type": "Feature", "properties": { "N12_001": "26", "N12_002": 2, "N12_003": 6, "N12_004": "京都府道　山城総合運動公園城陽線", "N12_005": 57, "N12_006": 1 }, "geometry": { "type": "LineString", "coordinates": [ [ 135.7850553, 34.8470698 ], [ 135.7853035, 34.8471483 ], [ 135.7866081, 34.8475608 ], [ 135.7878364, 34.8479492 ], [ 135.7892956, 34.8483928 ], [ 135.7903778, 34.8488008 ], [ 135.7908356, 34.8490181 ], [ 135.7912286, 34.8492445 ], [ 135.7916592, 34.8495681 ], [ 135.7921406, 34.85 ], [ 135.7930614, 34.8508261 ], [ 135.7934858, 34.8512688 ], [ 135.7937503, 34.8515447 ], [ 135.7945288, 34.8521437 ], [ 135.795109, 34.8525903 ], [ 135.7957297, 34.8532314 ], [ 135.7958816, 34.8533486 ], [ 135.7960689, 34.8534931 ], [ 135.796785, 34.8539633 ], [ 135.797555, 34.8543892 ], [ 135.7978066, 34.8544982 ], [ 135.7980639, 34.8546095 ], [ 135.7984567, 34.854747 ], [ 135.7987152, 34.8548447 ], [ 135.7992322, 34.8550931 ], [ 135.7995841, 34.8553255 ], [ 135.7998836, 34.8555233 ], [ 135.8, 34.8556256 ], [ 135.8004719, 34.85604 ], [ 135.8006981, 34.8562661 ], [ 135.800775, 34.8563834 ], [ 135.8008449, 34.8564927 ], [ 135.8008824, 34.8566068 ], [ 135.8008963, 34.8567261 ], [ 135.8008824, 34.8569415 ], [ 135.8008125, 34.8572841 ], [ 135.8006365, 34.8579633 ], [ 135.8005339, 34.8583333 ], [ 135.8004664, 34.858577 ], [ 135.8003871, 34.8587904 ], [ 135.8003044, 34.8589811 ], [ 135.8002101, 34.8591504 ], [ 135.800124, 34.8592898 ], [ 135.8000194, 34.8594536 ], [ 135.7997161, 34.8598658 ], [ 135.7992713, 34.8604931 ], [ 135.7988442, 34.8611356 ], [ 135.7984677, 34.8616853 ], [ 135.7982201, 34.8620221 ], [ 135.7974269, 34.8630728 ], [ 135.7972646, 34.8633459 ], [ 135.7971083, 34.8636478 ], [ 135.7970489, 34.8638825 ], [ 135.7969844, 34.8643039 ], [ 135.7970058, 34.8646886 ], [ 135.7970919, 34.8651233 ], [ 135.7970867, 34.865407 ], [ 135.7970544, 34.8655978 ], [ 135.7969977, 34.8657301 ], [ 135.7974669, 34.8658508 ], [ 135.7977803, 34.8659539 ], [ 135.7980726, 34.8660917 ], [ 135.7985667, 34.8664128 ], [ 135.7988847, 34.8666667 ], [ 135.7998103, 34.8674056 ] ] } },
{ "type": "Feature", "properties": { "N12_001": "26", "N12_002": 2, "N12_003": 6, "N12_004": "京都府道　福知山停車場篠尾線", "N12_005": 58, "N12_006": 1 }, "geometry": { "type": "LineString", "coordinates": [ [ 135.1156494, 35.2982529 ], [ 135.1150608, 35.2984025 ], [ 135.1148911, 35.2984514 ], [ 135.1141045, 35.298641 ], [ 135.1139, 35.29869 ], [ 135.1136183, 35.2987803 ], [ 135.1134155, 35.2988633 ], [ 135.1131236, 35.299 ], [ 135.1128006, 35.2991691 ], [ 135.1126754, 35.2992596 ], [ 135.1126241, 35.2993081 ], [ 135.1123817, 35.2995297 ], [ 135.112255, 35.2996975 ], [ 135.112125, 35.2998964 ], [ 135.1120573, 35.3 ], [ 135.1119975, 35.3001548 ], [ 135.1119359, 35.3003063 ], [ 135.1112824, 35.3022371 ] ] } },
{ "type": "Feature", "properties": { "N12_001": "26", "N12_002": 2, "N12_003": 6, "N12_004": "京都府道　柚原向日線", "N12_005": 59, "N12_006": 1 }, "geometry": { "type": "LineString", "coordinates": [ [ 135.6980432, 34.9479342 ], [ 135.698929, 34.947937 ], [ 135.6997386, 34.9479285 ], [ 135.7000968, 34.9479285 ], [ 135.7004853, 34.9480257 ] ] } },
{ "type": "Feature", "properties": { "N12_001": "26", "N12_002": 2, "N12_003": 7, "N12_004": "京都市道鹿ケ谷嵐山線", "N12_005": 60, "N12_006": 1 }, "geometry": { "type": "LineString", "coordinates": [ [ 135.7517834, 35.0173904 ], [ 135.7523211, 35.0173897 ], [ 135.7535171, 35.0173891 ], [ 135.7542916, 35.0173919 ], [ 135.7550272, 35.0173948 ], [ 135.7554971, 35.0173954 ], [ 135.7555786, 35.0173949 ], [ 135.7558626, 35.0173931 ], [ 135.7566427, 35.017394 ], [ 135.757277, 35.0173952 ], [ 135.7580721, 35.0173971 ], [ 135.7587868, 35.0173921 ], [ 135.7593766, 35.0173945 ], [ 135.7594045, 35.0173944 ], [ 135.7594575, 35.0173942 ], [ 135.7595973, 35.0173937 ], [ 135.7601029, 35.0173906 ], [ 135.7608331, 35.0174039 ], [ 135.761077, 35.0174053 ], [ 135.7613599, 35.0174136 ], [ 135.7616433, 35.0174094 ], [ 135.7624346, 35.0174186 ], [ 135.763172, 35.0174141 ], [ 135.7639402, 35.0174228 ], [ 135.7650074, 35.0174203 ], [ 135.7652121, 35.0174216 ], [ 135.7654602, 35.0174247 ], [ 135.765834, 35.017423 ], [ 135.7665324, 35.0174211 ], [ 135.7667348, 35.0174207 ], [ 135.7671094, 35.01742 ], [ 135.7673686, 35.017421 ], [ 135.7678994, 35.0174457 ], [ 135.7681017, 35.0174553 ], [ 135.7683786, 35.0174718 ], [ 135.7690125, 35.0175091 ], [ 135.7694852, 35.0175334 ], [ 135.7698988, 35.0175619 ], [ 135.7702001, 35.0175733 ], [ 135.7709759, 35.0175833 ], [ 135.7710758, 35.0175861 ], [ 135.7716144, 35.0175828 ], [ 135.7719429, 35.0175808 ], [ 135.7720149, 35.0175811 ], [ 135.7722557, 35.0175734 ], [ 135.7727773, 35.0175672 ], [ 135.7734795, 35.0175547 ], [ 135.7740731, 35.0175487 ], [ 135.7743299, 35.0175445 ], [ 135.7747026, 35.0175339 ], [ 135.7750001, 35.0175274 ], [ 135.7756619, 35.0175155 ], [ 135.776634, 35.0175025 ], [ 135.7771425, 35.0174888 ], [ 135.7776559, 35.0174769 ], [ 135.7783948, 35.0174458 ] ] } },
{ "type": "Feature", "properties": { "N12_001": "26", "N12_002": 2, "N12_003": 7, "N12_004": "京都市道観月橋横大路線", "N12_005": 61, "N12_006": 1 }, "geometry": { "type": "LineString", "coordinates": [ [ 135.7505367, 34.9266537 ], [ 135.7503043, 34.9266592 ], [ 135.75, 34.9266608 ], [ 135.7492898, 34.9266646 ], [ 135.7491669, 34.9266655 ], [ 135.7473085, 34.9266781 ], [ 135.7464347, 34.9266711 ], [ 135.746123, 34.9266575 ], [ 135.7447895, 34.9266586 ], [ 135.7437641, 34.926674 ], [ 135.743572, 34.9266686 ], [ 135.7421622, 34.9266914 ], [ 135.7419678, 34.9266866 ], [ 135.7416665, 34.9266889 ], [ 135.7399111, 34.9267025 ], [ 135.739639, 34.9267247 ], [ 135.7391789, 34.9268153 ], [ 135.7389592, 34.9268945 ] ] } },
{ "type": "Feature", "properties": { "N12_001": "26", "N12_002": 2, "N12_003": 7, "N12_004": "京都市道釜座通", "N12_005": 62, "N12_006": 1 }, "geometry": { "type": "LineString", "coordinates": [ [ 135.7555786, 35.0173949 ], [ 135.7555897, 35.0186735 ], [ 135.7555798, 35.0199467 ] ] } },
{ "type": "Feature", "properties": { "N12_001": "26", "N12_002": 2, "N12_003": 7, "N12_004": "京都市道油小路通", "N12_005": 63, "N12_006": 1 }, "geometry": { "type": "LineString", "coordinates": [ [ 135.7505367, 34.9266537 ], [ 135.7506988, 34.9288351 ], [ 135.7508923, 34.9310992 ], [ 135.7510925, 34.9371654 ], [ 135.7518723, 34.9515412 ] ] } },
{ "type": "Feature", "properties": { "N12_001": "26", "N12_002": 2, "N12_003": 7, "N12_004": "京都市道油小路通", "N12_005": 63, "N12_006": 2 }, "geometry": { "type": "LineString", "coordinates": [ [ 135.7531137, 34.9659794 ], [ 135.7531252, 34.9663343 ], [ 135.7532713, 34.969318 ], [ 135.7534191, 34.9732298 ], [ 135.753423, 34.9734747 ], [ 135.753494, 34.9741311 ], [ 135.7535082, 34.9743713 ], [ 135.7535422, 34.975 ], [ 135.7535533, 34.9751726 ], [ 135.7536075, 34.9761731 ], [ 135.7536377, 34.9768594 ], [ 135.7537006, 34.9782377 ], [ 135.7537247, 34.9794334 ] ] } },
{ "type": "Feature", "properties": { "N12_001": "26", "N12_002": 2, "N12_003": 7, "N12_004": "京都市道新城南宮通", "N12_005": 64, "N12_006": 1 }, "geometry": { "type": "LineString", "coordinates": [ [ 135.7454862, 34.9514928 ], [ 135.746967, 34.9514981 ], [ 135.7485433, 34.9515494 ], [ 135.7498878, 34.9515925 ], [ 135.7510147, 34.9515681 ], [ 135.7518723, 34.9515412 ] ] } },
{ "type": "Feature", "properties": { "N12_001": "26", "N12_002": 2, "N12_003": 7, "N12_004": "京都市道京都環状線", "N12_005": 65, "N12_006": 1 }, "geometry": { "type": "LineString", "coordinates": [ [ 135.7784846, 35.019841 ], [ 135.7784686, 35.0194461 ], [ 135.7784206, 35.0185083 ], [ 135.7783948, 35.0174458 ] ] } },
{ "type": "Feature", "properties": { "N12_001": "26", "N12_002": 2, "N12_003": 7, "N12_004": "京都市道深草西浦緯15号線", "N12_005": 66, "N12_006": 1 }, "geometry": { "type": "LineString", "coordinates": [ [ 135.7606747, 34.9573544 ], [ 135.7608085, 34.9573296 ], [ 135.7610716, 34.9572808 ], [ 135.7613234, 34.9572397 ], [ 135.7619061, 34.9572289 ], [ 135.762664, 34.9572147 ], [ 135.7634304, 34.9572088 ], [ 135.7636922, 34.9572067 ], [ 135.7642482, 34.9572075 ], [ 135.7647758, 34.9572086 ], [ 135.7666667, 34.9572119 ], [ 135.767681, 34.9572138 ], [ 135.7682542, 34.9572147 ] ] } },
{ "type": "Feature", "properties": { "N12_001": "26", "N12_002": 2, "N12_003": 7, "N12_004": "京都市道河原町十条観月橋線", "N12_005": 67, "N12_006": 1 }, "geometry": { "type": "LineString", "coordinates": [ [ 135.7682542, 34.9572147 ], [ 135.7682503, 34.9567108 ], [ 135.7682559, 34.9563135 ], [ 135.7686617, 34.956113 ], [ 135.7686241, 34.9551428 ], [ 135.7685414, 34.9546947 ] ] } },
{ "type": "Feature", "properties": { "N12_001": "26", "N12_002": 1, "N12_003": 3, "N12_004": "一般国道24号", "N12_005": 68, "N12_006": 1 }, "geometry": { "type": "LineString", "coordinates": [ [ 135.7838255, 34.9085382 ], [ 135.7838518, 34.9081941 ] ] } },
{ "type": "Feature", "properties": { "N12_001": "26", "N12_002": 1, "N12_003": 3, "N12_004": "一般国道24号", "N12_005": 68, "N12_006": 2 }, "geometry": { "type": "LineString", "coordinates": [ [ 135.8120726, 34.7175883 ], [ 135.8123432, 34.7183324 ], [ 135.8126334, 34.7187924 ], [ 135.8129953, 34.7191668 ], [ 135.8138419, 34.7198658 ], [ 135.8152962, 34.7210107 ], [ 135.8160218, 34.7217038 ], [ 135.8167109, 34.7225109 ], [ 135.8171672, 34.7230717 ], [ 135.8183539, 34.7244652 ], [ 135.8188066, 34.725 ], [ 135.8200706, 34.7265118 ], [ 135.8214459, 34.7281542 ], [ 135.8214499, 34.7284023 ], [ 135.8214602, 34.7286075 ], [ 135.821467, 34.7286964 ], [ 135.8214761, 34.7287739 ], [ 135.8215309, 34.7289404 ], [ 135.8216027, 34.7291385 ], [ 135.8216442, 34.7292202 ], [ 135.8217136, 34.7293708 ], [ 135.8217928, 34.7296272 ], [ 135.8218074, 34.729682 ], [ 135.8218764, 34.7299407 ], [ 135.8219303, 34.7302986 ], [ 135.8219711, 34.7305353 ], [ 135.821978, 34.7306648 ], [ 135.8220122, 34.7309018 ], [ 135.8220461, 34.7311328 ], [ 135.8220872, 34.7314507 ], [ 135.8221416, 34.7319775 ], [ 135.8221791, 34.7324452 ], [ 135.822188, 34.7325353 ], [ 135.8222578, 34.7331333 ], [ 135.8222812, 34.7333333 ], [ 135.8223982, 34.734334 ], [ 135.8224286, 34.7345478 ], [ 135.8224469, 34.7346769 ], [ 135.8224582, 34.7347865 ], [ 135.8225442, 34.7355789 ], [ 135.8226449, 34.7364691 ], [ 135.8226554, 34.7365394 ], [ 135.8226803, 34.7367061 ], [ 135.8227078, 34.7369653 ], [ 135.822739, 34.73736 ], [ 135.8227859, 34.7378965 ], [ 135.8228226, 34.7382624 ], [ 135.8229047, 34.7390961 ], [ 135.8229305, 34.7394349 ], [ 135.8229562, 34.7398548 ], [ 135.822956, 34.7400175 ], [ 135.822942, 34.7401068 ], [ 135.8229328, 34.7401662 ], [ 135.8224763, 34.7412689 ], [ 135.8223189, 34.7416764 ], [ 135.8219364, 34.7426292 ], [ 135.8216911, 34.7432486 ], [ 135.8213364, 34.7441506 ], [ 135.8211695, 34.7445819 ], [ 135.82105, 34.7448942 ], [ 135.8207019, 34.7457339 ], [ 135.820558, 34.7460833 ], [ 135.8203797, 34.7464878 ], [ 135.8201289, 34.7470692 ], [ 135.8198687, 34.7476745 ], [ 135.8196922, 34.7480895 ], [ 135.8195628, 34.7483711 ], [ 135.819365, 34.748732 ], [ 135.8192761, 34.7488447 ], [ 135.8190919, 34.749025 ], [ 135.8188872, 34.749188 ], [ 135.8186281, 34.7493686 ], [ 135.8182033, 34.7496496 ], [ 135.8179975, 34.7497829 ], [ 135.8176547, 34.75 ], [ 135.8169955, 34.7504176 ], [ 135.8169089, 34.7504731 ], [ 135.8167056, 34.7506076 ], [ 135.8164315, 34.7507835 ], [ 135.8161589, 34.7509578 ], [ 135.816077, 34.7510142 ], [ 135.815818, 34.7511715 ], [ 135.8156176, 34.7513 ], [ 135.815425, 34.751455 ], [ 135.8151761, 34.7516594 ], [ 135.8149569, 34.7518636 ], [ 135.8148031, 34.7520028 ], [ 135.8146783, 34.7521411 ], [ 135.8145778, 34.7522572 ], [ 135.8144673, 34.7524057 ], [ 135.8141394, 34.7529864 ], [ 135.8140272, 34.7532511 ], [ 135.8138708, 34.7537414 ], [ 135.8136358, 34.7544147 ], [ 135.8134747, 34.7548745 ], [ 135.813269, 34.7554885 ], [ 135.8131131, 34.7559384 ], [ 135.8129747, 34.7563494 ], [ 135.8126553, 34.7572583 ], [ 135.812505, 34.7576753 ], [ 135.8122722, 34.7583326 ], [ 135.8118108, 34.7596184 ], [ 135.8115694, 34.7602903 ], [ 135.8114328, 34.7606394 ], [ 135.8113845, 34.7607526 ], [ 135.8112622, 34.7610003 ], [ 135.8111276, 34.7613064 ], [ 135.8110536, 34.7614742 ], [ 135.8109822, 34.7616033 ], [ 135.8107433, 34.762122 ], [ 135.8105658, 34.7624825 ], [ 135.8102997, 34.7629445 ], [ 135.8101767, 34.763187 ], [ 135.8100675, 34.7633842 ], [ 135.8099477, 34.7636111 ], [ 135.8096717, 34.7641334 ], [ 135.8093365, 34.7647373 ], [ 135.808927, 34.7655312 ], [ 135.8086848, 34.7659717 ], [ 135.8083854, 34.7665329 ], [ 135.8082524, 34.766786 ], [ 135.808185, 34.7669064 ], [ 135.8072015, 34.7688319 ], [ 135.8066437, 34.7700942 ], [ 135.8061478, 34.7712911 ], [ 135.8060172, 34.7716152 ], [ 135.8059839, 34.7716914 ], [ 135.8058133, 34.7722381 ], [ 135.8056428, 34.7728356 ], [ 135.8056222, 34.7729086 ], [ 135.8055952, 34.7730429 ], [ 135.8055391, 34.7733775 ], [ 135.8054925, 34.7736526 ], [ 135.8054719, 34.7741257 ], [ 135.8054925, 34.7743231 ], [ 135.8055264, 34.7744867 ], [ 135.8056705, 34.775 ], [ 135.8057653, 34.7753378 ], [ 135.8058472, 34.7757436 ], [ 135.8059497, 34.7761492 ], [ 135.8060794, 34.7767353 ], [ 135.8061136, 34.7768817 ], [ 135.8061273, 34.7769838 ], [ 135.8062433, 34.7775581 ], [ 135.8063321, 34.7782058 ], [ 135.8064065, 34.7787533 ], [ 135.8064892, 34.7798011 ], [ 135.8065642, 34.7810131 ], [ 135.8066069, 34.7816275 ], [ 135.8066531, 34.7823936 ], [ 135.8066531, 34.7833333 ], [ 135.8065943, 34.7846467 ], [ 135.8064619, 34.7856961 ], [ 135.8062375, 34.786778 ], [ 135.8058814, 34.7880239 ], [ 135.8054658, 34.7894293 ], [ 135.8049871, 34.7909936 ], [ 135.8047275, 34.7918578 ], [ 135.8043314, 34.7932089 ], [ 135.8040101, 34.7942917 ], [ 135.8037236, 34.7952489 ], [ 135.803635, 34.7955686 ], [ 135.8035528, 34.795807 ], [ 135.8034778, 34.7960661 ], [ 135.8033683, 34.7964325 ], [ 135.8032434, 34.7968287 ], [ 135.8030707, 34.7974155 ], [ 135.8030145, 34.7976606 ], [ 135.8028819, 34.7983486 ], [ 135.8028467, 34.7987608 ], [ 135.8028494, 34.7989461 ], [ 135.8028564, 34.7991153 ], [ 135.8028906, 34.7994364 ], [ 135.8029656, 34.7998536 ], [ 135.8030021, 34.8 ], [ 135.8030611, 34.8002369 ], [ 135.8031432, 34.8006544 ], [ 135.8032456, 34.8011159 ], [ 135.8033003, 34.8013639 ], [ 135.8034636, 34.8019967 ], [ 135.8036075, 34.8024008 ], [ 135.8037167, 34.8026544 ], [ 135.8037781, 34.8027672 ], [ 135.8039078, 34.8030772 ], [ 135.8041208, 34.8034867 ], [ 135.8042014, 34.8036578 ], [ 135.8042764, 34.803793 ], [ 135.8043114, 34.8038828 ], [ 135.8043514, 34.8039847 ], [ 135.8045972, 34.8044747 ], [ 135.8047133, 34.8047792 ], [ 135.8049186, 34.8052646 ], [ 135.8050807, 34.8056664 ], [ 135.8051694, 34.8059228 ], [ 135.8051914, 34.8060247 ], [ 135.805205, 34.8061828 ], [ 135.8052186, 34.8064133 ], [ 135.805227, 34.8071374 ], [ 135.8052285, 34.8072604 ], [ 135.8052328, 34.8076217 ], [ 135.8052256, 34.8079578 ], [ 135.8051858, 34.8083333 ], [ 135.8051642, 34.8085383 ], [ 135.8051258, 34.8087369 ], [ 135.8050925, 34.8089199 ], [ 135.8050481, 34.8091133 ], [ 135.8048569, 34.8097164 ], [ 135.8047408, 34.8101669 ], [ 135.8046861, 34.81037 ], [ 135.8045964, 34.8107475 ], [ 135.8045358, 34.8109222 ], [ 135.8044913, 34.8111009 ], [ 135.8044333, 34.8113111 ], [ 135.8043653, 34.8115761 ], [ 135.8042628, 34.8118411 ], [ 135.8042014, 34.811982 ], [ 135.8041534, 34.8120776 ], [ 135.8039894, 34.8123539 ], [ 135.8038736, 34.812517 ], [ 135.803695, 34.8127301 ], [ 135.8033478, 34.813137 ], [ 135.8031564, 34.8133739 ], [ 135.80302, 34.8135258 ], [ 135.8029484, 34.8136099 ], [ 135.8028392, 34.8137411 ], [ 135.8025778, 34.8140654 ], [ 135.8022072, 34.8144842 ], [ 135.80147, 34.8153631 ], [ 135.8012583, 34.8156111 ], [ 135.8008226, 34.8161178 ], [ 135.8006684, 34.8162722 ], [ 135.800439, 34.8164847 ], [ 135.8002078, 34.8166667 ], [ 135.8, 34.8168302 ], [ 135.7998531, 34.8169459 ], [ 135.7987453, 34.8178092 ], [ 135.7986364, 34.817882 ], [ 135.7983219, 34.8181022 ], [ 135.797557, 34.8186924 ], [ 135.7974999, 34.818736 ], [ 135.7973178, 34.8188845 ], [ 135.7972008, 34.8189839 ], [ 135.7969085, 34.8192295 ], [ 135.7966367, 34.8195017 ], [ 135.7965128, 34.8196295 ], [ 135.7961369, 34.8200861 ], [ 135.7959936, 34.8202494 ], [ 135.7955156, 34.8208186 ], [ 135.7953858, 34.8210104 ], [ 135.7952561, 34.8212583 ], [ 135.7951642, 34.8215667 ], [ 135.7950844, 34.8218208 ], [ 135.7950336, 34.8219828 ], [ 135.7948674, 34.8225264 ], [ 135.7948122, 34.8227181 ], [ 135.794785, 34.8228308 ], [ 135.7946567, 34.8233344 ], [ 135.7944218, 34.8242246 ], [ 135.7943342, 34.8244989 ], [ 135.7942183, 34.8248764 ], [ 135.7941567, 34.8250286 ], [ 135.7940064, 34.8255583 ], [ 135.7939871, 34.8256425 ], [ 135.7939656, 34.8257725 ], [ 135.7938767, 34.8261839 ], [ 135.7938153, 34.8264545 ], [ 135.7937127, 34.8269619 ], [ 135.7936156, 34.82744 ], [ 135.7935558, 34.827695 ], [ 135.7934638, 34.8281813 ], [ 135.7932964, 34.8290467 ], [ 135.7930914, 34.8300106 ], [ 135.7929273, 34.8308515 ], [ 135.7924411, 34.8333333 ], [ 135.7923279, 34.8339296 ], [ 135.7921367, 34.8349367 ], [ 135.7920667, 34.8352581 ], [ 135.7920086, 34.8355256 ], [ 135.791855, 34.8358997 ], [ 135.7916614, 34.8361752 ], [ 135.7915319, 34.8363603 ], [ 135.7913767, 34.8365764 ], [ 135.7903455, 34.838049 ], [ 135.7898126, 34.83881 ], [ 135.7895058, 34.8392483 ], [ 135.7880906, 34.8413159 ], [ 135.7880094, 34.8414346 ], [ 135.7878505, 34.8416667 ], [ 135.7875935, 34.8420421 ], [ 135.7874008, 34.8423233 ], [ 135.7866439, 34.8434889 ], [ 135.7862378, 34.844277 ], [ 135.7852954, 34.8465004 ], [ 135.7850553, 34.8470698 ], [ 135.784712, 34.8469815 ], [ 135.7842971, 34.8468973 ], [ 135.7833849, 34.8468864 ], [ 135.7823422, 34.8468814 ], [ 135.782055, 34.846874 ], [ 135.7815251, 34.8468696 ], [ 135.7803813, 34.8468583 ], [ 135.7801605, 34.8468566 ], [ 135.7794728, 34.8468532 ], [ 135.7757608, 34.8468212 ], [ 135.7749297, 34.8468143 ], [ 135.7743999, 34.84681 ], [ 135.7741424, 34.8468103 ], [ 135.7734734, 34.8468112 ], [ 135.7725337, 34.8468124 ], [ 135.7723135, 34.8468119 ], [ 135.7718557, 34.846809 ], [ 135.7696124, 34.8467951 ], [ 135.7693714, 34.8467932 ], [ 135.7674864, 34.8467786 ], [ 135.76677, 34.8467797 ], [ 135.7648726, 34.8467826 ], [ 135.7646534, 34.8467824 ], [ 135.7622613, 34.8467743 ], [ 135.7619132, 34.8467776 ], [ 135.761928, 34.8485102 ], [ 135.7619605, 34.8497431 ], [ 135.7619744, 34.8500927 ], [ 135.7620775, 34.8527515 ], [ 135.7621114, 34.8538658 ], [ 135.7621383, 34.8546952 ], [ 135.7621642, 34.855692 ], [ 135.7622261, 34.8583333 ], [ 135.7622331, 34.8586325 ], [ 135.762305, 34.8616139 ], [ 135.7623315, 34.8635459 ], [ 135.7623663, 34.8646395 ], [ 135.7623719, 34.8653114 ], [ 135.7622792, 34.8666667 ], [ 135.7621577, 34.8675753 ], [ 135.7620369, 34.8684308 ], [ 135.7617913, 34.869858 ], [ 135.7617955, 34.8704991 ], [ 135.7618005, 34.8708916 ], [ 135.7619822, 34.8734955 ], [ 135.7620668, 34.8744976 ], [ 135.7622607, 34.8766454 ], [ 135.7624687, 34.8785671 ], [ 135.7627808, 34.8819058 ], [ 135.7628417, 34.8826555 ], [ 135.7628973, 34.8833882 ], [ 135.763058, 34.8853514 ], [ 135.7631347, 34.8862055 ], [ 135.7632151, 34.8870987 ], [ 135.7632422, 34.8873611 ], [ 135.7632633, 34.8878272 ], [ 135.7632776, 34.8881463 ], [ 135.7632958, 34.8885489 ], [ 135.7633067, 34.8887939 ], [ 135.7633959, 34.8907845 ], [ 135.7634119, 34.89112 ], [ 135.7634475, 34.8919919 ], [ 135.7635494, 34.894115 ], [ 135.7635981, 34.895119 ], [ 135.763645, 34.8960806 ], [ 135.7636628, 34.8965229 ], [ 135.763702, 34.8974923 ], [ 135.7637323, 34.8982433 ], [ 135.7637579, 34.898875 ], [ 135.7637922, 34.8997123 ], [ 135.7638727, 34.9018293 ], [ 135.7638963, 34.9027137 ], [ 135.7638562, 34.9027953 ], [ 135.7637961, 34.9029179 ], [ 135.7636952, 34.9031459 ], [ 135.7641585, 34.9033575 ], [ 135.7646681, 34.9035889 ], [ 135.7651843, 34.9038732 ], [ 135.7654093, 34.9040518 ], [ 135.7661704, 34.9044419 ], [ 135.7667329, 34.9047196 ], [ 135.767302, 34.9050105 ], [ 135.7678778, 34.905275 ], [ 135.7685727, 34.9056255 ], [ 135.7694065, 34.9060355 ], [ 135.7695852, 34.9061016 ], [ 135.7697705, 34.9061479 ], [ 135.7699426, 34.9062272 ], [ 135.7708757, 34.9066901 ], [ 135.7713588, 34.9069215 ], [ 135.7719478, 34.9072058 ], [ 135.772828, 34.9076489 ], [ 135.7734634, 34.9079795 ], [ 135.774059, 34.9082704 ], [ 135.7743965, 34.9084556 ], [ 135.7747357, 34.9086109 ], [ 135.7750269, 34.9087564 ], [ 135.775467, 34.9089614 ], [ 135.7757548, 34.9090705 ], [ 135.7761221, 34.9092193 ], [ 135.776324, 34.9093019 ], [ 135.7768667, 34.9094606 ], [ 135.7771281, 34.9095168 ], [ 135.7772373, 34.9095797 ], [ 135.7775483, 34.9096557 ], [ 135.7778196, 34.9097152 ], [ 135.7781406, 34.9097648 ], [ 135.7783491, 34.9097979 ], [ 135.7791399, 34.9097979 ], [ 135.7798812, 34.9097813 ], [ 135.780179, 34.9097747 ], [ 135.7805893, 34.9096954 ], [ 135.7815356, 34.9095234 ], [ 135.7817904, 34.9094474 ], [ 135.7819063, 34.9093747 ], [ 135.7822504, 34.9092391 ], [ 135.7827434, 34.9090275 ], [ 135.7831173, 34.9088556 ], [ 135.7835078, 34.9086705 ], [ 135.7838255, 34.9085382 ], [ 135.7837516, 34.9093861 ], [ 135.7834572, 34.9113833 ], [ 135.78337, 34.9119484 ], [ 135.7833333, 34.9121819 ], [ 135.7831346, 34.9134477 ], [ 135.7829092, 34.9148844 ], [ 135.7828186, 34.9152247 ], [ 135.7826775, 34.91554 ], [ 135.7824558, 34.9158386 ], [ 135.7821133, 34.9162203 ], [ 135.7815706, 34.9166439 ], [ 135.7809053, 34.917078 ], [ 135.7802878, 34.9174809 ], [ 135.7794483, 34.9180129 ], [ 135.7789725, 34.9183143 ], [ 135.7781009, 34.9189177 ], [ 135.7776276, 34.9192435 ], [ 135.7769545, 34.9196849 ], [ 135.7754202, 34.9206645 ], [ 135.775, 34.9209466 ], [ 135.7745698, 34.9212348 ], [ 135.7734367, 34.9219706 ], [ 135.7726374, 34.9224803 ], [ 135.7716856, 34.9231056 ], [ 135.7713964, 34.9232738 ], [ 135.7708491, 34.9236446 ], [ 135.7704153, 34.9240335 ], [ 135.7702508, 34.9241942 ], [ 135.7701018, 34.9243493 ], [ 135.7699102, 34.9245744 ], [ 135.7697142, 34.9248781 ], [ 135.7696229, 34.9250582 ], [ 135.7695043, 34.925292 ], [ 135.7692728, 34.925771 ], [ 135.7690646, 34.9262394 ], [ 135.7690457, 34.926282 ], [ 135.7683303, 34.9278917 ], [ 135.7682319, 34.9281593 ], [ 135.7681222, 34.9284578 ], [ 135.7680655, 34.9286758 ], [ 135.768058, 34.9287411 ], [ 135.7680269, 34.9293306 ], [ 135.7680188, 34.9295096 ], [ 135.7680221, 34.9304598 ], [ 135.7680285, 34.9315547 ], [ 135.7680361, 34.9328547 ], [ 135.7680372, 34.9330352 ], [ 135.7680389, 34.9333333 ], [ 135.7680406, 34.9336199 ], [ 135.7680422, 34.9339128 ], [ 135.7680189, 34.9345828 ], [ 135.7679542, 34.9349517 ], [ 135.7678365, 34.9352365 ], [ 135.7675765, 34.9358648 ], [ 135.7674622, 34.9361405 ], [ 135.7673919, 34.9365167 ], [ 135.767378, 34.9366696 ], [ 135.7673569, 34.9368972 ], [ 135.7673744, 34.9371431 ], [ 135.7674392, 34.9374108 ], [ 135.7675144, 34.937618 ], [ 135.7677788, 34.9383451 ], [ 135.7679431, 34.9387972 ], [ 135.7680367, 34.9393667 ], [ 135.7680807, 34.9397562 ], [ 135.7681524, 34.9403914 ], [ 135.7682183, 34.9409786 ], [ 135.7682874, 34.9413071 ], [ 135.7683631, 34.9416667 ], [ 135.7684713, 34.9421807 ], [ 135.7685439, 34.9429367 ], [ 135.7685994, 34.9435189 ], [ 135.7685908, 34.9437186 ], [ 135.7685811, 34.9439455 ], [ 135.768485, 34.9442267 ], [ 135.7683936, 34.9443567 ], [ 135.7682347, 34.9444944 ], [ 135.7678906, 34.9446531 ], [ 135.767468, 34.9447847 ], [ 135.7666247, 34.9449728 ], [ 135.7656788, 34.9451946 ], [ 135.7648619, 34.9453864 ], [ 135.7626982, 34.9458938 ], [ 135.7625078, 34.9459383 ], [ 135.7621997, 34.9460483 ], [ 135.7618611, 34.9462172 ], [ 135.7611657, 34.946641 ], [ 135.7599684, 34.9473704 ], [ 135.759302, 34.9477761 ], [ 135.7584178, 34.9483148 ], [ 135.7584177, 34.9487245 ], [ 135.7584253, 34.949052 ], [ 135.7585075, 34.9493739 ], [ 135.7585908, 34.9496859 ], [ 135.7587421, 34.9502544 ], [ 135.7590678, 34.9514762 ], [ 135.7594519, 34.9529183 ], [ 135.7597651, 34.9540624 ], [ 135.7600954, 34.9552683 ], [ 135.7602603, 34.9558708 ], [ 135.7604844, 34.9566736 ], [ 135.7606468, 34.9572546 ], [ 135.7606747, 34.9573544 ], [ 135.7606991, 34.9574416 ], [ 135.7609479, 34.9583333 ], [ 135.7610517, 34.9587056 ], [ 135.7611314, 34.9590634 ], [ 135.7613824, 34.9601929 ], [ 135.7615932, 34.9611793 ], [ 135.7617333, 34.9618611 ], [ 135.7619837, 34.9630789 ], [ 135.7620019, 34.9631906 ], [ 135.7620202, 34.9633032 ], [ 135.7621324, 34.964237 ], [ 135.762253, 34.9652407 ], [ 135.7623347, 34.965922 ], [ 135.7624764, 34.9668317 ], [ 135.7625431, 34.9671553 ], [ 135.7627308, 34.9680652 ], [ 135.7628775, 34.9687768 ], [ 135.7631369, 34.9701222 ], [ 135.7631531, 34.9702542 ], [ 135.7631172, 34.970345 ], [ 135.7630639, 34.9704337 ], [ 135.7627935, 34.9707705 ], [ 135.7625247, 34.9711032 ], [ 135.7624164, 34.9713596 ], [ 135.7620312, 34.9722715 ], [ 135.7618803, 34.97277 ], [ 135.7618111, 34.9732536 ], [ 135.7627137, 34.9732465 ], [ 135.76378, 34.9732383 ], [ 135.7638298, 34.9742403 ], [ 135.7638676, 34.975 ], [ 135.7639193, 34.9760395 ], [ 135.7640462, 34.9785389 ], [ 135.7640962, 34.9795116 ], [ 135.764103, 34.9796447 ], [ 135.7641102, 34.9797842 ], [ 135.7641366, 34.980298 ], [ 135.7641642, 34.9808404 ], [ 135.7641904, 34.9814103 ], [ 135.764219, 34.982037 ], [ 135.7642443, 34.9825871 ], [ 135.7642627, 34.9829866 ], [ 135.764302, 34.9838395 ], [ 135.7643178, 34.984185 ], [ 135.7643202, 34.9842769 ], [ 135.7643221, 34.9843246 ], [ 135.7643237, 34.9843669 ], [ 135.7643433, 34.9847403 ], [ 135.7643286, 34.9853208 ], [ 135.7643195, 34.9857849 ], [ 135.7642974, 34.9867554 ], [ 135.7642882, 34.9871653 ], [ 135.764284, 34.9873494 ], [ 135.7642672, 34.9880956 ], [ 135.7642589, 34.988619 ], [ 135.7642493, 34.9892963 ], [ 135.7637275, 34.9892938 ], [ 135.7634239, 34.9892927 ], [ 135.7627029, 34.9892904 ], [ 135.7622323, 34.9892882 ], [ 135.7619334, 34.9892871 ], [ 135.76117, 34.9892844 ], [ 135.760449, 34.9892816 ], [ 135.7597089, 34.9892789 ], [ 135.7597811, 34.9896925 ], [ 135.760146, 34.9902373 ], [ 135.7602358, 34.9903714 ], [ 135.7602086, 34.9912685 ], [ 135.7601965, 34.9916667 ], [ 135.7601919, 34.9918206 ], [ 135.7601858, 34.9920211 ], [ 135.7600402, 34.9922974 ], [ 135.7599048, 34.9925547 ], [ 135.7597874, 34.992776 ], [ 135.7597699, 34.9930308 ], [ 135.7597634, 34.9934427 ], [ 135.7597588, 34.9937341 ], [ 135.7597559, 34.9939156 ], [ 135.7597444, 34.9944742 ], [ 135.7597405, 34.9948509 ], [ 135.7597439, 34.9950528 ], [ 135.7597372, 34.9953443 ], [ 135.7597245, 34.9958923 ], [ 135.7597224, 34.9960225 ], [ 135.7597192, 34.996225 ] ] } },
{ "type": "Feature", "properties": { "N12_001": "26", "N12_002": 1, "N12_003": 3, "N12_004": "一般国道24号", "N12_005": 68, "N12_006": 3 }, "geometry": { "type": "LineString", "coordinates": [ [ 135.8109879, 34.714331 ], [ 135.8112297, 34.7149371 ] ] } },
{ "type": "Feature", "properties": { "N12_001": "26", "N12_002": 1, "N12_003": 3, "N12_004": "一般国道27号", "N12_005": 69, "N12_006": 1 }, "geometry": { "type": "LineString", "coordinates": [ [ 135.4692441, 35.486621 ], [ 135.4691801, 35.4866266 ], [ 135.4686256, 35.4866336 ], [ 135.4680382, 35.4866105 ], [ 135.4672645, 35.4865355 ], [ 135.4666668, 35.4864487 ], [ 135.4657087, 35.4863097 ], [ 135.4650446, 35.4861828 ], [ 135.4646631, 35.4861322 ], [ 135.4643531, 35.4861055 ], [ 135.46392, 35.4860661 ], [ 135.462579, 35.4860243 ], [ 135.4622163, 35.486013 ], [ 135.4614441, 35.4860054 ], [ 135.461264, 35.4860052 ], [ 135.4608104, 35.4859939 ], [ 135.4598607, 35.4859764 ], [ 135.4594833, 35.4859747 ], [ 135.4591246, 35.4859653 ], [ 135.4581709, 35.4859206 ], [ 135.4571017, 35.4858747 ], [ 135.4564461, 35.485835 ], [ 135.4557601, 35.485779 ], [ 135.4554214, 35.4857466 ], [ 135.454411, 35.4856097 ], [ 135.4537451, 35.4854811 ], [ 135.453102, 35.485313 ], [ 135.452249, 35.4850391 ], [ 135.4519597, 35.4849584 ], [ 135.4515365, 35.4848408 ], [ 135.4511148, 35.4847247 ], [ 135.4502484, 35.4844819 ], [ 135.4500001, 35.4844057 ], [ 135.4491348, 35.4841401 ], [ 135.447904, 35.4837521 ], [ 135.4474474, 35.4835999 ], [ 135.4466813, 35.4833333 ], [ 135.4463501, 35.483218 ], [ 135.4453176, 35.4828605 ], [ 135.4450302, 35.4827541 ], [ 135.4447648, 35.4826436 ], [ 135.444537, 35.482528 ], [ 135.4442895, 35.4823758 ], [ 135.4439368, 35.4821498 ], [ 135.4433012, 35.4816439 ], [ 135.4431814, 35.4815775 ], [ 135.443072, 35.4815255 ], [ 135.4429679, 35.4814953 ], [ 135.4428289, 35.481465 ], [ 135.4423379, 35.4814069 ], [ 135.4416667, 35.4813446 ], [ 135.4412517, 35.4813061 ], [ 135.4406904, 35.4812316 ], [ 135.4404433, 35.4811989 ], [ 135.4402612, 35.4811712 ], [ 135.4390242, 35.4809822 ], [ 135.4383593, 35.4808817 ], [ 135.4378879, 35.4807894 ], [ 135.4375696, 35.4807318 ], [ 135.4373689, 35.4806858 ], [ 135.4372192, 35.480658 ], [ 135.4370833, 35.4806467 ], [ 135.4369311, 35.480643 ], [ 135.4367906, 35.4806528 ], [ 135.4366534, 35.4806761 ], [ 135.4364623, 35.4807194 ], [ 135.4358628, 35.4808639 ], [ 135.4356359, 35.4809017 ], [ 135.4352478, 35.4809444 ], [ 135.4349837, 35.4809561 ], [ 135.4347475, 35.4809444 ], [ 135.4344623, 35.4809102 ], [ 135.4342809, 35.4808891 ], [ 135.4341936, 35.4808833 ], [ 135.4340548, 35.4808767 ], [ 135.4339062, 35.4808792 ], [ 135.4335709, 35.4809067 ], [ 135.4333462, 35.4809179 ], [ 135.4328167, 35.4809444 ], [ 135.4316199, 35.4810245 ], [ 135.4313734, 35.4810411 ], [ 135.4311331, 35.481045 ], [ 135.4309711, 35.481028 ], [ 135.4307879, 35.4809992 ], [ 135.4303998, 35.4809272 ], [ 135.4302834, 35.4809128 ], [ 135.4300267, 35.4809033 ], [ 135.4297448, 35.4808925 ], [ 135.4276273, 35.4808203 ], [ 135.4268307, 35.4807891 ], [ 135.4257727, 35.4807478 ], [ 135.4253901, 35.4807311 ], [ 135.425, 35.4807138 ], [ 135.4234562, 35.4806442 ], [ 135.4221416, 35.4806008 ], [ 135.421652, 35.4807811 ], [ 135.4214875, 35.4808539 ], [ 135.4213183, 35.4809356 ], [ 135.4211308, 35.4810175 ], [ 135.420986, 35.4811219 ], [ 135.4208775, 35.48119 ], [ 135.4206875, 35.481282 ], [ 135.4205667, 35.4813269 ], [ 135.4204483, 35.4813522 ], [ 135.4203606, 35.4813522 ], [ 135.4193213, 35.4812189 ], [ 135.4188704, 35.481161 ], [ 135.417783, 35.4810225 ], [ 135.4171782, 35.4809268 ], [ 135.4166902, 35.4808658 ], [ 135.4164585, 35.4808315 ], [ 135.4160869, 35.4807594 ], [ 135.4156802, 35.4806689 ], [ 135.4155081, 35.4806183 ], [ 135.4151983, 35.4804989 ], [ 135.4146797, 35.4802664 ], [ 135.4141619, 35.4800483 ], [ 135.4139169, 35.4799442 ], [ 135.4136892, 35.479845 ], [ 135.4127947, 35.4795603 ], [ 135.4122324, 35.4793512 ], [ 135.4120367, 35.4792714 ], [ 135.4119147, 35.4792136 ], [ 135.4118011, 35.4791647 ], [ 135.4116908, 35.4790914 ], [ 135.4115125, 35.4789461 ], [ 135.4113522, 35.4788292 ], [ 135.4112682, 35.4787834 ], [ 135.4111745, 35.4787389 ], [ 135.4108064, 35.4785727 ], [ 135.4103158, 35.478363 ], [ 135.4099344, 35.4782072 ], [ 135.4097317, 35.4781311 ], [ 135.4095461, 35.4780858 ], [ 135.4093486, 35.4780491 ], [ 135.4091732, 35.4780281 ], [ 135.4089383, 35.4780028 ], [ 135.4083567, 35.4779947 ], [ 135.4080075, 35.4779814 ], [ 135.4078334, 35.4779653 ], [ 135.4074079, 35.4778612 ], [ 135.4072933, 35.4778337 ], [ 135.4066383, 35.4776768 ], [ 135.4063922, 35.4776216 ], [ 135.4059789, 35.4775288 ], [ 135.4047925, 35.4772624 ], [ 135.4045973, 35.4772141 ], [ 135.4035963, 35.4769591 ], [ 135.4027159, 35.4767496 ], [ 135.4020481, 35.4765907 ], [ 135.4013394, 35.4764151 ], [ 135.4007967, 35.4762853 ], [ 135.400305, 35.4761646 ], [ 135.3999858, 35.4760993 ], [ 135.3996773, 35.4760302 ], [ 135.3991473, 35.4759087 ], [ 135.3984564, 35.4757353 ], [ 135.3978018, 35.4755841 ], [ 135.3970621, 35.4754173 ], [ 135.3966341, 35.4753215 ], [ 135.396288, 35.4752404 ], [ 135.3960016, 35.4751734 ], [ 135.3953397, 35.4750189 ], [ 135.3935558, 35.4746008 ], [ 135.3927754, 35.4744147 ], [ 135.3919948, 35.4742279 ], [ 135.3916667, 35.4741478 ], [ 135.390718, 35.4739161 ], [ 135.3905112, 35.4738559 ], [ 135.3900716, 35.4737068 ], [ 135.3896731, 35.4735672 ], [ 135.3890586, 35.473341 ], [ 135.3877052, 35.4728243 ], [ 135.3873992, 35.4731149 ], [ 135.3870996, 35.4734023 ], [ 135.3868644, 35.4736006 ], [ 135.386558, 35.4739073 ], [ 135.3864958, 35.4739693 ], [ 135.38636, 35.4739914 ], [ 135.3862522, 35.4740053 ], [ 135.3859192, 35.473886 ], [ 135.3854612, 35.473988 ], [ 135.3844062, 35.4742868 ], [ 135.3839748, 35.4744123 ], [ 135.3836517, 35.4744857 ], [ 135.3832181, 35.474503 ], [ 135.3827972, 35.4744607 ], [ 135.3825921, 35.474433 ], [ 135.3820626, 35.4743569 ], [ 135.3818298, 35.4743727 ], [ 135.3815905, 35.4744368 ], [ 135.3814326, 35.4744785 ], [ 135.3809712, 35.4747194 ], [ 135.3806986, 35.4748724 ], [ 135.3803676, 35.4751088 ], [ 135.3787098, 35.4760605 ], [ 135.377854, 35.4765188 ], [ 135.3775001, 35.4766391 ], [ 135.3771651, 35.4766936 ], [ 135.376754, 35.4767186 ], [ 135.3762167, 35.4767005 ], [ 135.3757351, 35.4766511 ], [ 135.3754233, 35.4766294 ], [ 135.3737734, 35.4765943 ], [ 135.3732254, 35.4765574 ], [ 135.3730753, 35.4765442 ], [ 135.372187, 35.4764856 ], [ 135.3719864, 35.4764806 ], [ 135.3717292, 35.4764903 ], [ 135.3715464, 35.4765092 ], [ 135.3713636, 35.4765339 ], [ 135.371215, 35.47657 ], [ 135.3711197, 35.4765967 ], [ 135.3708444, 35.4767114 ], [ 135.3707328, 35.4767618 ], [ 135.3705891, 35.4768244 ], [ 135.3705436, 35.4768205 ], [ 135.3695644, 35.4767359 ], [ 135.3686796, 35.4766672 ], [ 135.3680669, 35.4766194 ], [ 135.3677436, 35.476585 ], [ 135.3675532, 35.4765236 ], [ 135.3673961, 35.4759376 ], [ 135.3673647, 35.4757912 ], [ 135.3673188, 35.4752418 ], [ 135.367306, 35.4749997 ], [ 135.3672803, 35.4747187 ], [ 135.3671586, 35.4743939 ], [ 135.3668964, 35.4737288 ], [ 135.3665048, 35.4727708 ], [ 135.3661272, 35.4718342 ], [ 135.3659192, 35.4712669 ], [ 135.3657626, 35.4709048 ], [ 135.365392, 35.4699607 ], [ 135.3650092, 35.4690277 ], [ 135.3646832, 35.468262 ], [ 135.364378, 35.4674601 ], [ 135.3641256, 35.4669097 ], [ 135.3639596, 35.4666006 ], [ 135.3638414, 35.4663906 ], [ 135.3635519, 35.4659414 ], [ 135.3634174, 35.4656522 ], [ 135.3633856, 35.465507 ], [ 135.36347, 35.4649787 ], [ 135.3635417, 35.4645207 ], [ 135.3635706, 35.4642267 ], [ 135.3635325, 35.4640705 ], [ 135.3634895, 35.463935 ], [ 135.3634037, 35.4638036 ], [ 135.3631147, 35.4635543 ], [ 135.3628669, 35.4633378 ], [ 135.3621156, 35.462735 ], [ 135.3619189, 35.4625778 ], [ 135.3616906, 35.4624181 ], [ 135.3614344, 35.4622836 ], [ 135.3611947, 35.4621847 ], [ 135.3609928, 35.4621239 ], [ 135.3607461, 35.4621125 ], [ 135.3605253, 35.462113 ], [ 135.3601042, 35.4621092 ], [ 135.3598784, 35.4620986 ], [ 135.3597381, 35.4620805 ], [ 135.3595778, 35.4620383 ], [ 135.3593575, 35.4619764 ], [ 135.3591428, 35.4619022 ], [ 135.3587305, 35.4617352 ], [ 135.3584622, 35.4616211 ], [ 135.3580933, 35.4614669 ], [ 135.3579021, 35.4613758 ], [ 135.3578547, 35.4613528 ], [ 135.3576089, 35.4612317 ], [ 135.3574872, 35.4611611 ], [ 135.3573303, 35.4610319 ], [ 135.3571144, 35.4608478 ], [ 135.3568431, 35.4606308 ], [ 135.3566862, 35.4605092 ], [ 135.3564747, 35.4603895 ], [ 135.3559509, 35.4602515 ], [ 135.3554608, 35.4601776 ], [ 135.3547431, 35.4598859 ], [ 135.3539602, 35.4595382 ], [ 135.3533015, 35.459187 ], [ 135.3528757, 35.4588428 ], [ 135.3525945, 35.4585967 ], [ 135.3523047, 35.4583333 ], [ 135.3521586, 35.4582006 ], [ 135.3517342, 35.4577876 ], [ 135.351246, 35.4573419 ], [ 135.3506764, 35.4568216 ], [ 135.350455, 35.4566181 ], [ 135.3503203, 35.4564619 ], [ 135.3502697, 35.4563748 ], [ 135.3502422, 35.4563275 ], [ 135.3501683, 35.4561628 ], [ 135.350055, 35.4559486 ], [ 135.35, 35.4558461 ], [ 135.3497036, 35.4552939 ], [ 135.3492039, 35.4543208 ], [ 135.3488972, 35.4537255 ], [ 135.3488769, 35.453686 ], [ 135.3486388, 35.4532559 ], [ 135.3484564, 35.4528956 ], [ 135.3483595, 35.4527293 ], [ 135.3482724, 35.4526173 ], [ 135.3480875, 35.4524717 ], [ 135.3479303, 35.452385 ], [ 135.3477322, 35.4522875 ], [ 135.3475832, 35.4522198 ], [ 135.3473686, 35.452122 ], [ 135.3472114, 35.4520625 ], [ 135.346158, 35.4517066 ], [ 135.3452556, 35.4514181 ], [ 135.3444406, 35.45116 ], [ 135.3439303, 35.4509892 ], [ 135.3432457, 35.4508041 ], [ 135.3428168, 35.4507011 ], [ 135.341587, 35.4507013 ], [ 135.3403944, 35.450712 ], [ 135.3397257, 35.4507067 ], [ 135.33936, 35.4507039 ], [ 135.3382743, 35.4507117 ], [ 135.3371431, 35.4507061 ], [ 135.3367666, 35.4507095 ], [ 135.3365253, 35.4507081 ], [ 135.3355458, 35.4506897 ], [ 135.3351989, 35.4506878 ], [ 135.3337209, 35.4506975 ], [ 135.3330279, 35.4507145 ], [ 135.3324994, 35.4507211 ], [ 135.3319534, 35.4507281 ], [ 135.3313119, 35.4507245 ], [ 135.3309586, 35.4507175 ], [ 135.330184, 35.4507306 ], [ 135.3290656, 35.4507573 ], [ 135.3289583, 35.4501091 ], [ 135.3288131, 35.4490842 ], [ 135.3287182, 35.4481338 ], [ 135.3286877, 35.4476385 ], [ 135.3285855, 35.4452248 ], [ 135.328597, 35.4450542 ], [ 135.3285839, 35.4443661 ], [ 135.3285554, 35.4439275 ], [ 135.328535, 35.442625 ], [ 135.3285208, 35.441854 ], [ 135.3285283, 35.441137 ], [ 135.3285214, 35.4397176 ], [ 135.3284875, 35.4374967 ], [ 135.3284675, 35.4362983 ], [ 135.3284528, 35.4357286 ], [ 135.3284119, 35.4351238 ], [ 135.3283607, 35.4343737 ], [ 135.3282915, 35.4336199 ], [ 135.3282464, 35.4330786 ], [ 135.328148, 35.4320274 ], [ 135.3281292, 35.4318028 ], [ 135.3281019, 35.4312642 ], [ 135.3281304, 35.430755 ], [ 135.32815, 35.4302214 ], [ 135.328165, 35.4299139 ], [ 135.3282328, 35.428672 ], [ 135.3282739, 35.427725 ], [ 135.3282811, 35.4274545 ], [ 135.3283858, 35.4266779 ], [ 135.3284176, 35.4265443 ], [ 135.3286114, 35.4258881 ], [ 135.3288765, 35.425 ], [ 135.3291139, 35.424203 ], [ 135.3294581, 35.4230589 ], [ 135.3299058, 35.4215537 ], [ 135.3301577, 35.4207069 ], [ 135.3304208, 35.4198414 ], [ 135.3305026, 35.4195137 ], [ 135.3306034, 35.4192302 ], [ 135.330716, 35.4189308 ], [ 135.3308735, 35.4185779 ], [ 135.3310975, 35.4180995 ], [ 135.3313319, 35.4176817 ], [ 135.3314611, 35.4174516 ], [ 135.3319793, 35.4165306 ], [ 135.3321334, 35.4162465 ], [ 135.3322728, 35.4159896 ], [ 135.3325313, 35.415514 ], [ 135.3326624, 35.4152551 ], [ 135.3327153, 35.4151419 ], [ 135.3327561, 35.4150419 ], [ 135.3327995, 35.4148999 ], [ 135.3328416, 35.4147125 ], [ 135.3328701, 35.4145616 ], [ 135.3328769, 35.4144218 ], [ 135.3328777, 35.4143113 ], [ 135.3328741, 35.4142132 ], [ 135.3328606, 35.4140922 ], [ 135.3328271, 35.4139103 ], [ 135.3327547, 35.4136429 ], [ 135.332608, 35.4134185 ], [ 135.332257, 35.4129387 ], [ 135.3321062, 35.4127783 ], [ 135.3317686, 35.4124195 ], [ 135.331058, 35.4117777 ], [ 135.3306444, 35.4114293 ], [ 135.3302435, 35.411083 ], [ 135.3295508, 35.4104643 ], [ 135.3288131, 35.4098106 ], [ 135.3286203, 35.4096236 ], [ 135.3283689, 35.4093853 ], [ 135.3280853, 35.4090761 ], [ 135.3278303, 35.40877 ], [ 135.3274131, 35.408245 ], [ 135.3271492, 35.4079111 ], [ 135.3268044, 35.4074997 ], [ 135.3260689, 35.4066039 ], [ 135.3258489, 35.4063389 ], [ 135.325, 35.4053133 ], [ 135.3247691, 35.4050344 ], [ 135.3242256, 35.4043442 ], [ 135.3239184, 35.4039015 ], [ 135.3229672, 35.4024561 ], [ 135.3227989, 35.4021922 ], [ 135.3226303, 35.401932 ], [ 135.3224238, 35.4017402 ], [ 135.3218667, 35.4013856 ], [ 135.3213372, 35.4009911 ], [ 135.3211974, 35.4008818 ], [ 135.3210604, 35.4007556 ], [ 135.32089, 35.4005964 ], [ 135.3206081, 35.4002528 ], [ 135.3204652, 35.4000019 ], [ 135.3202919, 35.3996946 ], [ 135.3200236, 35.3990353 ], [ 135.3199069, 35.3986128 ], [ 135.3198561, 35.3983215 ], [ 135.3196459, 35.3968486 ], [ 135.3194971, 35.395302 ], [ 135.3194079, 35.3944037 ], [ 135.3193306, 35.3938564 ], [ 135.3191239, 35.3933431 ], [ 135.3189964, 35.3931264 ], [ 135.3189585, 35.3930606 ], [ 135.3180613, 35.391762 ], [ 135.3177044, 35.3910268 ], [ 135.3172547, 35.39037 ], [ 135.3167622, 35.3898347 ], [ 135.3155796, 35.3885545 ], [ 135.3151774, 35.3881571 ], [ 135.3144565, 35.3868437 ], [ 135.3143065, 35.3866367 ], [ 135.3139782, 35.3863583 ], [ 135.3138211, 35.3861513 ], [ 135.3134361, 35.3853953 ], [ 135.3132649, 35.3847762 ], [ 135.3132715, 35.3839384 ], [ 135.3134, 35.3834815 ], [ 135.3136498, 35.3830461 ], [ 135.3144132, 35.3821365 ], [ 135.3150704, 35.3814256 ], [ 135.31557, 35.3806119 ], [ 135.3161456, 35.3797034 ], [ 135.3162191, 35.379604 ], [ 135.3163918, 35.3793864 ], [ 135.3165115, 35.3792727 ], [ 135.3166534, 35.3791532 ], [ 135.3168404, 35.3790074 ], [ 135.3170604, 35.3788586 ], [ 135.3173692, 35.3786546 ], [ 135.3178633, 35.3783539 ], [ 135.318287, 35.3780872 ], [ 135.3184433, 35.3779704 ], [ 135.3186142, 35.3778251 ], [ 135.3187898, 35.3776437 ], [ 135.318914, 35.3774711 ], [ 135.3189842, 35.3773466 ], [ 135.3191547, 35.377025 ], [ 135.3192699, 35.3768138 ], [ 135.3197452, 35.3759424 ], [ 135.3202543, 35.375 ], [ 135.3203925, 35.374739 ], [ 135.3207335, 35.374072 ], [ 135.3208076, 35.3739077 ], [ 135.3208624, 35.3737498 ], [ 135.3209573, 35.3734747 ], [ 135.3210005, 35.3733265 ], [ 135.3211514, 35.3725097 ], [ 135.3212753, 35.3713997 ], [ 135.3212814, 35.3707628 ], [ 135.3212478, 35.370577 ], [ 135.3211789, 35.3703908 ], [ 135.3210483, 35.3701597 ], [ 135.3209039, 35.369985 ], [ 135.3207045, 35.3697878 ], [ 135.3203269, 35.3694616 ], [ 135.3202297, 35.369365 ], [ 135.3200922, 35.3692017 ], [ 135.3198855, 35.3689479 ], [ 135.3195422, 35.3685086 ], [ 135.3193428, 35.368255 ], [ 135.3191297, 35.3678945 ], [ 135.3190333, 35.3677028 ], [ 135.3189644, 35.3675281 ], [ 135.3188958, 35.3673364 ], [ 135.31882, 35.3670603 ], [ 135.3187045, 35.3666667 ], [ 135.3186481, 35.3664742 ], [ 135.3185106, 35.3660236 ], [ 135.3184006, 35.3656289 ], [ 135.3179866, 35.3643175 ], [ 135.3178367, 35.3638481 ], [ 135.3175292, 35.3630029 ], [ 135.3172108, 35.3621125 ], [ 135.3170939, 35.3618364 ], [ 135.3169969, 35.3616781 ], [ 135.3169175, 35.3615629 ], [ 135.3166807, 35.3612368 ], [ 135.3165725, 35.3610864 ], [ 135.3164451, 35.3608572 ], [ 135.3164094, 35.3607761 ], [ 135.3163788, 35.3606664 ], [ 135.3163639, 35.360489 ], [ 135.316363, 35.3601496 ], [ 135.3163526, 35.3598097 ], [ 135.3163367, 35.3593772 ], [ 135.3162755, 35.3592187 ], [ 135.3161666, 35.3590289 ], [ 135.3160719, 35.3588846 ], [ 135.3159692, 35.3587502 ], [ 135.3158429, 35.3585972 ], [ 135.3156034, 35.3583364 ], [ 135.3151004, 35.3578493 ], [ 135.3149182, 35.357661 ], [ 135.3147681, 35.3574883 ], [ 135.3144153, 35.357074 ], [ 135.3141225, 35.3567345 ], [ 135.3138378, 35.3564165 ], [ 135.3137422, 35.3563 ], [ 135.3133095, 35.3557695 ], [ 135.3124291, 35.3546962 ], [ 135.3119017, 35.3540539 ], [ 135.3117436, 35.3538736 ], [ 135.3114894, 35.3535467 ], [ 135.3110422, 35.3530003 ], [ 135.3109528, 35.3528367 ], [ 135.3108497, 35.352617 ], [ 135.3107947, 35.3524308 ], [ 135.3107603, 35.3522675 ], [ 135.3107553, 35.3520848 ], [ 135.3107672, 35.3518053 ], [ 135.3107878, 35.3515066 ], [ 135.3108567, 35.3510951 ], [ 135.3109183, 35.3508247 ], [ 135.3111178, 35.3502275 ], [ 135.3111907, 35.3499784 ], [ 135.3113518, 35.3494832 ], [ 135.3115236, 35.3489369 ], [ 135.3116131, 35.3485367 ], [ 135.3117201, 35.3479268 ], [ 135.3117575, 35.3477142 ], [ 135.3117781, 35.3470717 ], [ 135.3117708, 35.3469667 ], [ 135.3117503, 35.3463062 ], [ 135.311723, 35.3458708 ], [ 135.3117025, 35.3456122 ], [ 135.3116958, 35.3453208 ], [ 135.311678, 35.3451299 ], [ 135.3116617, 35.3446147 ], [ 135.3116478, 35.3443892 ], [ 135.3116133, 35.3438878 ], [ 135.3115789, 35.3431497 ], [ 135.3115547, 35.3429794 ], [ 135.3115308, 35.3428114 ], [ 135.3114139, 35.3423606 ], [ 135.3113453, 35.3421689 ], [ 135.3112283, 35.3419378 ], [ 135.3111406, 35.3417695 ], [ 135.3110858, 35.3416667 ], [ 135.3076277, 35.3384428 ], [ 135.2998491, 35.3316007 ], [ 135.2982938, 35.3300152 ], [ 135.2980293, 35.3297826 ], [ 135.2974178, 35.3292925 ], [ 135.2970878, 35.32905 ], [ 135.2967653, 35.3288642 ], [ 135.2956804, 35.3284085 ], [ 135.2951022, 35.3281767 ], [ 135.2947382, 35.3280356 ], [ 135.2942986, 35.3278836 ], [ 135.2940789, 35.3277708 ], [ 135.2939344, 35.3276861 ], [ 135.2936718, 35.3274789 ], [ 135.2933506, 35.3272072 ], [ 135.2930825, 35.3269425 ], [ 135.2929314, 35.3268017 ], [ 135.2924983, 35.3263619 ], [ 135.2923064, 35.3261367 ], [ 135.2920522, 35.3257647 ], [ 135.2916667, 35.3251662 ], [ 135.2915582, 35.325 ], [ 135.2911704, 35.3244156 ], [ 135.2907874, 35.3237273 ], [ 135.2906231, 35.3234655 ], [ 135.2905729, 35.3233932 ], [ 135.2903415, 35.3230823 ], [ 135.2902127, 35.3229403 ], [ 135.2894546, 35.322103 ], [ 135.2890951, 35.3217099 ], [ 135.2889536, 35.321555 ], [ 135.2879161, 35.3204561 ], [ 135.2878256, 35.3203528 ], [ 135.2876819, 35.3201803 ], [ 135.2875161, 35.3200061 ], [ 135.2872206, 35.3196764 ], [ 135.2863636, 35.3187317 ], [ 135.2858542, 35.3181653 ], [ 135.2854798, 35.3177597 ], [ 135.2850856, 35.3172722 ], [ 135.284845, 35.3169172 ], [ 135.2847078, 35.3167314 ], [ 135.2846087, 35.3165854 ], [ 135.2839108, 35.3155589 ], [ 135.2838147, 35.3154353 ], [ 135.283485, 35.3149395 ], [ 135.2833333, 35.314733 ], [ 135.2832428, 35.3146097 ], [ 135.2828939, 35.3140939 ], [ 135.2824193, 35.3133608 ], [ 135.2821522, 35.3130064 ], [ 135.2819941, 35.3128375 ], [ 135.2816782, 35.3125895 ], [ 135.2814925, 35.3124656 ], [ 135.2812589, 35.3123075 ], [ 135.2810556, 35.3121856 ], [ 135.2808484, 35.3120599 ], [ 135.2806245, 35.3119241 ], [ 135.2804473, 35.3118166 ], [ 135.2792251, 35.3110754 ], [ 135.2790839, 35.3109932 ], [ 135.2783114, 35.3105608 ], [ 135.2776519, 35.3101775 ], [ 135.2775764, 35.3101436 ], [ 135.2773289, 35.3100028 ], [ 135.2770511, 35.3098203 ], [ 135.2768208, 35.3096533 ], [ 135.2766747, 35.3095455 ], [ 135.2765047, 35.3094053 ], [ 135.2763261, 35.309242 ], [ 135.2759397, 35.3088132 ], [ 135.2759147, 35.3087731 ], [ 135.2757274, 35.3083543 ], [ 135.2757008, 35.308295 ], [ 135.2754944, 35.3077431 ], [ 135.2753313, 35.3072165 ], [ 135.2752883, 35.307078 ], [ 135.2751922, 35.3068167 ], [ 135.2751333, 35.3066489 ], [ 135.275, 35.3063097 ], [ 135.2749586, 35.3062044 ], [ 135.2749009, 35.3060704 ], [ 135.2748306, 35.3059075 ], [ 135.2747117, 35.3056581 ], [ 135.2745467, 35.3053761 ], [ 135.2743817, 35.3051678 ], [ 135.2742306, 35.3050156 ], [ 135.2737222, 35.3046153 ], [ 135.2720189, 35.3032071 ], [ 135.2716886, 35.3029305 ], [ 135.2701561, 35.3017244 ], [ 135.2699356, 35.3015475 ], [ 135.2692083, 35.3009636 ], [ 135.2686113, 35.3004967 ], [ 135.2683015, 35.3002596 ], [ 135.2679902, 35.3 ], [ 135.2678822, 35.29991 ], [ 135.2675797, 35.2996281 ], [ 135.2674081, 35.2994139 ], [ 135.2672963, 35.2992376 ], [ 135.2672256, 35.2991299 ], [ 135.2670713, 35.2988162 ], [ 135.2669478, 35.2985067 ], [ 135.2668077, 35.2979015 ], [ 135.26679, 35.297247 ], [ 135.26679, 35.2969231 ], [ 135.2667967, 35.2964047 ], [ 135.2667694, 35.2962184 ], [ 135.266748, 35.2959406 ], [ 135.266735, 35.2954242 ], [ 135.2667761, 35.2952044 ], [ 135.2668133, 35.2950848 ], [ 135.2668946, 35.2948658 ], [ 135.2670306, 35.2946689 ], [ 135.2671461, 35.2945341 ], [ 135.2673011, 35.2943903 ], [ 135.2674289, 35.2942744 ], [ 135.2677106, 35.2940547 ], [ 135.2683588, 35.2935702 ], [ 135.2686738, 35.293346 ], [ 135.268761, 35.2932822 ], [ 135.2690888, 35.2930425 ], [ 135.26949, 35.2927475 ], [ 135.2701612, 35.2922658 ], [ 135.2703214, 35.2921386 ], [ 135.2706511, 35.2919414 ], [ 135.2709261, 35.29184 ], [ 135.2714139, 35.2917103 ], [ 135.2716217, 35.2916667 ], [ 135.2720161, 35.2915839 ], [ 135.2729221, 35.2914262 ], [ 135.2731314, 35.2913947 ], [ 135.2737516, 35.2913129 ], [ 135.2746727, 35.2911917 ], [ 135.2751444, 35.29113 ], [ 135.2756803, 35.2910681 ], [ 135.2761958, 35.2910005 ], [ 135.2768278, 35.2909217 ], [ 135.2775975, 35.2907583 ], [ 135.27825, 35.2905778 ], [ 135.2791431, 35.2903186 ], [ 135.279741, 35.2901719 ], [ 135.2800019, 35.2900989 ], [ 135.2808, 35.2899283 ], [ 135.2810639, 35.2898811 ], [ 135.2812897, 35.2898312 ], [ 135.2814698, 35.2897912 ], [ 135.2817613, 35.2897248 ], [ 135.2820783, 35.2896567 ], [ 135.2823311, 35.2895975 ], [ 135.2827913, 35.2894961 ], [ 135.2833007, 35.289358 ], [ 135.283731, 35.2891981 ], [ 135.2839458, 35.2891183 ], [ 135.2843716, 35.2889326 ], [ 135.28499, 35.2886281 ], [ 135.2857946, 35.2882108 ], [ 135.2860825, 35.2880645 ], [ 135.2868589, 35.2876872 ], [ 135.2870034, 35.2876308 ], [ 135.2873536, 35.287535 ], [ 135.2875664, 35.2875011 ], [ 135.2881228, 35.2875011 ], [ 135.2884962, 35.2875502 ], [ 135.2890642, 35.2876364 ], [ 135.2895453, 35.2877267 ], [ 135.2902322, 35.2878167 ], [ 135.2910703, 35.2879408 ], [ 135.2916127, 35.2880282 ], [ 135.2917781, 35.2880536 ], [ 135.292795, 35.2882564 ], [ 135.2933144, 35.2883717 ], [ 135.2934547, 35.2884031 ], [ 135.2936539, 35.2884706 ], [ 135.2940383, 35.2886339 ], [ 135.2943133, 35.2887525 ], [ 135.2948606, 35.2890375 ], [ 135.2950094, 35.2891061 ], [ 135.2951447, 35.2891755 ], [ 135.2954814, 35.2893158 ], [ 135.2958455, 35.2894569 ], [ 135.2964158, 35.2896539 ], [ 135.2970272, 35.2898231 ], [ 135.2972139, 35.28986 ], [ 135.297611, 35.2899414 ], [ 135.2983394, 35.2900767 ], [ 135.2986486, 35.2901556 ], [ 135.2990186, 35.2902725 ], [ 135.3, 35.2906456 ], [ 135.3001189, 35.2906908 ], [ 135.3005792, 35.290843 ], [ 135.3012114, 35.2910517 ], [ 135.30139, 35.2911136 ], [ 135.3019181, 35.2912602 ], [ 135.3026128, 35.29148 ], [ 135.3032654, 35.2916667 ], [ 135.3036712, 35.2917841 ], [ 135.304001, 35.29188 ], [ 135.3042069, 35.2919478 ], [ 135.3048664, 35.2921167 ], [ 135.3054159, 35.2922408 ], [ 135.3054914, 35.2922464 ], [ 135.3060275, 35.2923647 ], [ 135.3068178, 35.2925 ], [ 135.3070925, 35.2925508 ], [ 135.3072781, 35.2925733 ], [ 135.3077454, 35.2926522 ], [ 135.3079375, 35.2926803 ], [ 135.3083292, 35.2927536 ], [ 135.3085489, 35.2927986 ], [ 135.3089956, 35.2929114 ], [ 135.3093253, 35.2930242 ], [ 135.3098339, 35.2932497 ], [ 135.3102736, 35.29343 ], [ 135.3106248, 35.2935871 ], [ 135.3110534, 35.2937456 ], [ 135.3113314, 35.2938469 ], [ 135.3118519, 35.2940157 ], [ 135.3123347, 35.2941397 ], [ 135.3127878, 35.294275 ], [ 135.3134098, 35.2945243 ], [ 135.3134832, 35.2945534 ], [ 135.3142924, 35.2948669 ], [ 135.314945, 35.2951213 ], [ 135.315172, 35.2952389 ], [ 135.3156117, 35.2954812 ], [ 135.3159483, 35.2957008 ], [ 135.3166667, 35.2962057 ], [ 135.3169511, 35.2964056 ], [ 135.3172811, 35.2966478 ], [ 135.3177208, 35.29698 ], [ 135.3178444, 35.2970589 ], [ 135.3180805, 35.2972325 ], [ 135.3185425, 35.2975759 ], [ 135.3189589, 35.2978863 ], [ 135.3190738, 35.2979637 ], [ 135.3191978, 35.2980733 ], [ 135.3194178, 35.298203 ], [ 135.3196239, 35.2982481 ], [ 135.3197611, 35.2982594 ], [ 135.3204622, 35.2982594 ], [ 135.3208811, 35.2982425 ], [ 135.3223171, 35.29822 ], [ 135.3226314, 35.2982117 ], [ 135.3239865, 35.2981353 ], [ 135.3240209, 35.2981242 ], [ 135.3240891, 35.2981187 ], [ 135.3244606, 35.2980903 ], [ 135.3249178, 35.2980443 ], [ 135.3254978, 35.2979889 ], [ 135.3261916, 35.2978986 ], [ 135.3265903, 35.29782 ], [ 135.3268858, 35.2977411 ], [ 135.3271469, 35.2976283 ], [ 135.3273664, 35.2974931 ], [ 135.3277719, 35.2971494 ], [ 135.3280261, 35.2969014 ], [ 135.3281978, 35.2967267 ], [ 135.3282872, 35.2966253 ], [ 135.3285074, 35.2963996 ], [ 135.3287751, 35.2960897 ], [ 135.3289105, 35.2958878 ], [ 135.3290431, 35.29569 ], [ 135.3291461, 35.2954419 ], [ 135.3291736, 35.2953461 ], [ 135.3292093, 35.2951443 ], [ 135.3292356, 35.2949292 ], [ 135.3293522, 35.2946361 ], [ 135.3296133, 35.29414 ], [ 135.3300461, 35.2934303 ], [ 135.3303069, 35.2930525 ], [ 135.3306164, 35.2926411 ], [ 135.3308428, 35.2923204 ], [ 135.3309798, 35.2921171 ], [ 135.3311317, 35.2918917 ], [ 135.3312952, 35.2916667 ], [ 135.3315451, 35.2913227 ], [ 135.33175, 35.2910408 ], [ 135.3319631, 35.2907703 ], [ 135.3322378, 35.2904717 ], [ 135.3323958, 35.290325 ], [ 135.3325883, 35.2901842 ], [ 135.3330003, 35.2899475 ], [ 135.3331927, 35.2898573 ], [ 135.3333333, 35.2897821 ], [ 135.3335086, 35.2896883 ], [ 135.3337561, 35.2895195 ], [ 135.3340242, 35.2892545 ], [ 135.3348006, 35.2884711 ], [ 135.3350411, 35.2882175 ], [ 135.3351853, 35.2880147 ], [ 135.3352539, 35.2878906 ], [ 135.3352678, 35.2878458 ], [ 135.3353351, 35.2876289 ], [ 135.3353572, 35.2875581 ], [ 135.3355769, 35.286572 ], [ 135.3356389, 35.2862733 ], [ 135.3359136, 35.2851461 ], [ 135.3359617, 35.2848817 ], [ 135.3359675, 35.28464 ], [ 135.335904, 35.2844277 ], [ 135.3357686, 35.2839403 ], [ 135.3357097, 35.2836145 ], [ 135.3356419, 35.2833333 ], [ 135.3355931, 35.2831311 ], [ 135.3352986, 35.2819317 ], [ 135.3352333, 35.2816919 ], [ 135.3351922, 35.2815567 ], [ 135.3351578, 35.28141 ], [ 135.3351303, 35.2813256 ], [ 135.3350478, 35.2809931 ], [ 135.3349172, 35.2804914 ], [ 135.3347803, 35.2800858 ], [ 135.3347047, 35.2797253 ], [ 135.3347114, 35.2793308 ], [ 135.3347251, 35.2792563 ], [ 135.3348489, 35.2789305 ], [ 135.3349658, 35.2787219 ], [ 135.3351306, 35.2784853 ], [ 135.3354395, 35.2781189 ], [ 135.3358244, 35.2777247 ], [ 135.3360991, 35.2775106 ], [ 135.3361787, 35.2774569 ], [ 135.3363328, 35.2773528 ], [ 135.3364736, 35.2772822 ], [ 135.3367039, 35.2771667 ], [ 135.3369925, 35.2770372 ], [ 135.3374803, 35.2768511 ], [ 135.3375911, 35.2768146 ], [ 135.3378994, 35.2767102 ], [ 135.3389572, 35.2763553 ], [ 135.3392183, 35.2762705 ], [ 135.3396581, 35.2761747 ], [ 135.339775, 35.2761522 ], [ 135.3398758, 35.2761405 ], [ 135.3404, 35.2760794 ], [ 135.3407712, 35.2760567 ], [ 135.3410334, 35.2760449 ], [ 135.3411029, 35.2760342 ], [ 135.3416669, 35.2760399 ], [ 135.3418567, 35.2760511 ], [ 135.3423922, 35.2761131 ], [ 135.3425917, 35.2761131 ], [ 135.3428664, 35.2760681 ], [ 135.3429957, 35.2760126 ], [ 135.3430435, 35.2759898 ], [ 135.3434025, 35.2757919 ], [ 135.343915, 35.2754752 ], [ 135.3440758, 35.2753747 ], [ 135.3443781, 35.2752228 ], [ 135.3447283, 35.2751042 ], [ 135.344907, 35.2750647 ], [ 135.3454548, 35.275 ], [ 135.3457408, 35.2749655 ], [ 135.3467551, 35.2748564 ], [ 135.3470847, 35.2748111 ], [ 135.3473565, 35.2747843 ], [ 135.3478681, 35.2747269 ], [ 135.3486582, 35.2746142 ], [ 135.3489745, 35.2745636 ], [ 135.3492833, 35.2745014 ], [ 135.3498333, 35.274383 ], [ 135.350569, 35.274228 ], [ 135.3513503, 35.274065 ], [ 135.3532819, 35.2736675 ], [ 135.3537561, 35.2735828 ], [ 135.3540719, 35.2735433 ], [ 135.3546211, 35.273533 ], [ 135.3549994, 35.2735381 ], [ 135.3563458, 35.2736678 ], [ 135.3571098, 35.2737564 ], [ 135.3573847, 35.2737764 ], [ 135.3578118, 35.2737892 ], [ 135.3580774, 35.2737972 ], [ 135.3585653, 35.2737972 ], [ 135.359215, 35.2738247 ], [ 135.3598361, 35.2738142 ], [ 135.3600761, 35.2737855 ], [ 135.3603589, 35.2737517 ], [ 135.3607364, 35.2736789 ], [ 135.3610111, 35.2736056 ], [ 135.3614233, 35.2734591 ], [ 135.3618767, 35.2732789 ], [ 135.3621514, 35.2731211 ], [ 135.3624361, 35.2729231 ], [ 135.3627175, 35.2726847 ], [ 135.3629167, 35.2724895 ], [ 135.36329, 35.2720595 ], [ 135.3634067, 35.2719218 ], [ 135.3635011, 35.2717903 ], [ 135.3639444, 35.2710847 ], [ 135.3641303, 35.2707542 ], [ 135.3648103, 35.2696272 ], [ 135.3651928, 35.2691095 ], [ 135.36536, 35.2689228 ], [ 135.3656487, 35.2686352 ], [ 135.3659372, 35.2683933 ], [ 135.3662553, 35.2681645 ], [ 135.3663641, 35.2681054 ], [ 135.3665227, 35.2680177 ], [ 135.3667, 35.2679197 ], [ 135.3670997, 35.2677342 ], [ 135.3676275, 35.2675478 ], [ 135.3677752, 35.2675035 ], [ 135.3679182, 35.2674623 ], [ 135.3680475, 35.2674293 ], [ 135.3683005, 35.26739 ], [ 135.3685961, 35.267362 ], [ 135.3690564, 35.267362 ], [ 135.3693109, 35.2673956 ], [ 135.3696475, 35.2674744 ], [ 135.3705517, 35.26772 ], [ 135.3708492, 35.2677999 ], [ 135.3721894, 35.2681686 ], [ 135.3728175, 35.2683275 ], [ 135.3730633, 35.268372 ], [ 135.3732536, 35.268392 ], [ 135.3737636, 35.2683925 ], [ 135.3741125, 35.2683428 ], [ 135.3745306, 35.2682503 ], [ 135.3750689, 35.2680605 ], [ 135.3757962, 35.2677566 ], [ 135.3781202, 35.2666667 ], [ 135.378215, 35.2666222 ], [ 135.3790667, 35.2662633 ], [ 135.3794821, 35.2661069 ], [ 135.3796503, 35.2660436 ], [ 135.3800694, 35.2659083 ], [ 135.3805144, 35.2657903 ], [ 135.3809489, 35.2657281 ], [ 135.3813336, 35.2656997 ], [ 135.3815288, 35.2656954 ], [ 135.3821511, 35.2656997 ], [ 135.382515, 35.2657336 ], [ 135.3829864, 35.2658092 ], [ 135.3832774, 35.2658744 ], [ 135.3840061, 35.2660717 ], [ 135.3846411, 35.2662482 ], [ 135.3850844, 35.2663931 ], [ 135.3853935, 35.2664856 ], [ 135.3863555, 35.2667956 ], [ 135.3867546, 35.2669154 ], [ 135.3870908, 35.2670356 ], [ 135.3875376, 35.2672103 ], [ 135.3878325, 35.2673456 ], [ 135.3881556, 35.2675147 ], [ 135.3889514, 35.2679595 ], [ 135.3900323, 35.26859 ], [ 135.3908309, 35.2690768 ], [ 135.3911389, 35.2692569 ], [ 135.391515, 35.2694644 ], [ 135.3916667, 35.2695266 ], [ 135.3920508, 35.2696842 ], [ 135.3925596, 35.2698589 ], [ 135.3928616, 35.2699491 ], [ 135.3932053, 35.2700336 ], [ 135.3934728, 35.2700845 ], [ 135.393782, 35.2701181 ], [ 135.3947164, 35.2701125 ], [ 135.394998, 35.2700731 ], [ 135.3954242, 35.2699889 ], [ 135.3965808, 35.2697342 ], [ 135.3981025, 35.2694161 ], [ 135.3992028, 35.2691883 ], [ 135.3997181, 35.2690645 ], [ 135.4001028, 35.2689236 ], [ 135.4003639, 35.2687997 ], [ 135.4006597, 35.2686232 ], [ 135.4009408, 35.2683603 ], [ 135.4014492, 35.2677403 ], [ 135.4016942, 35.26739 ], [ 135.402159, 35.2667085 ], [ 135.4025236, 35.2661739 ], [ 135.4028558, 35.265737 ], [ 135.4033942, 35.2649681 ], [ 135.4036551, 35.2646039 ], [ 135.4043278, 35.2636653 ], [ 135.4047802, 35.2631389 ], [ 135.4048986, 35.2630011 ], [ 135.4053002, 35.2626242 ], [ 135.4057381, 35.2622131 ], [ 135.4058667, 35.2620925 ], [ 135.4062529, 35.2617782 ], [ 135.4063956, 35.2616775 ], [ 135.4067378, 35.2614578 ], [ 135.4070639, 35.2612478 ], [ 135.4071131, 35.2612161 ], [ 135.4071537, 35.2611954 ], [ 135.4077067, 35.2609024 ], [ 135.4086748, 35.2604135 ], [ 135.4097481, 35.2599008 ], [ 135.4101956, 35.2596933 ], [ 135.4104952, 35.2595148 ], [ 135.4106075, 35.2594228 ], [ 135.410683, 35.2593386 ], [ 135.4108272, 35.2590117 ], [ 135.4108481, 35.2589383 ], [ 135.4110231, 35.2583637 ], [ 135.4112442, 35.2576214 ], [ 135.4113056, 35.257495 ], [ 135.4114681, 35.2572928 ], [ 135.4118308, 35.256857 ], [ 135.4125244, 35.2560736 ], [ 135.4126966, 35.2559408 ], [ 135.4130452, 35.2557022 ], [ 135.4135206, 35.2553881 ], [ 135.413775, 35.2552245 ], [ 135.4142214, 35.2549317 ], [ 135.4149086, 35.2544864 ], [ 135.4162961, 35.2535339 ], [ 135.4165231, 35.2533706 ], [ 135.4167443, 35.2532196 ], [ 135.4169098, 35.2531041 ], [ 135.4169528, 35.2530664 ], [ 135.4173508, 35.2527283 ], [ 135.4176047, 35.2524692 ], [ 135.4177078, 35.2522775 ], [ 135.4177627, 35.2520916 ], [ 135.4177847, 35.252001 ], [ 135.4178126, 35.2518758 ], [ 135.4178256, 35.2517421 ], [ 135.4178244, 35.2510488 ], [ 135.4178337, 35.2507901 ], [ 135.4178619, 35.25 ], [ 135.4178656, 35.2498996 ], [ 135.4179, 35.2496908 ], [ 135.4179342, 35.249578 ], [ 135.4180442, 35.2493808 ], [ 135.41825, 35.2491386 ], [ 135.4184767, 35.248947 ], [ 135.418653, 35.2488113 ], [ 135.4186959, 35.2487779 ], [ 135.418733, 35.2487491 ], [ 135.419005, 35.2485358 ], [ 135.4190942, 35.2484175 ], [ 135.4191878, 35.2481728 ], [ 135.4192864, 35.2478539 ], [ 135.4193483, 35.2476283 ], [ 135.4194725, 35.2472055 ], [ 135.41952, 35.2469578 ], [ 135.41952, 35.2467378 ], [ 135.4194925, 35.2466253 ], [ 135.4194444, 35.2465408 ], [ 135.4193344, 35.2464111 ], [ 135.4191972, 35.2463156 ], [ 135.4189158, 35.2461858 ], [ 135.4185247, 35.2460167 ], [ 135.4183256, 35.2459208 ], [ 135.4179, 35.2457011 ], [ 135.4175569, 35.2454925 ], [ 135.4172415, 35.2452559 ], [ 135.4171728, 35.2451939 ], [ 135.4170081, 35.2449797 ], [ 135.41696, 35.2448839 ], [ 135.4169186, 35.244743 ], [ 135.416905, 35.2445853 ], [ 135.4169392, 35.2443653 ], [ 135.4170286, 35.2438978 ], [ 135.4170422, 35.2438078 ], [ 135.4170558, 35.2433735 ], [ 135.4170217, 35.2430245 ], [ 135.4169461, 35.2425847 ], [ 135.4167814, 35.2418183 ], [ 135.4167608, 35.2416492 ], [ 135.4167608, 35.2413733 ], [ 135.4168158, 35.2412381 ], [ 135.4170422, 35.2409111 ], [ 135.4171247, 35.240742 ], [ 135.4171247, 35.2405053 ], [ 135.4170558, 35.2402631 ], [ 135.4169806, 35.2401164 ], [ 135.4168709, 35.2399756 ], [ 135.4166667, 35.2397916 ], [ 135.4164112, 35.2396037 ], [ 135.4159992, 35.23935 ], [ 135.4158689, 35.2392372 ], [ 135.4156081, 35.2388822 ], [ 135.4154706, 35.2387975 ], [ 135.4153334, 35.2387414 ], [ 135.4151136, 35.2386795 ], [ 135.4147362, 35.2385895 ], [ 135.4145578, 35.2385386 ], [ 135.4144, 35.2384542 ], [ 135.4142419, 35.2383244 ], [ 135.4141183, 35.2381836 ], [ 135.4139539, 35.2379411 ], [ 135.4137783, 35.2376283 ], [ 135.413695, 35.2374839 ], [ 135.4134532, 35.2370571 ], [ 135.4131303, 35.2361039 ], [ 135.4129791, 35.2357049 ], [ 135.4129497, 35.2353258 ], [ 135.4130617, 35.23496 ], [ 135.4132814, 35.2343289 ], [ 135.4135985, 35.2334086 ], [ 135.4136658, 35.2332133 ], [ 135.413748, 35.2330219 ], [ 135.4140775, 35.2323453 ], [ 135.4141461, 35.2322269 ], [ 135.4144483, 35.2316186 ], [ 135.4149972, 35.2306378 ], [ 135.415272, 35.2300854 ], [ 135.4154297, 35.2297195 ], [ 135.4156219, 35.2292517 ], [ 135.4157317, 35.2288853 ], [ 135.4159078, 35.2283426 ], [ 135.4160609, 35.2278716 ], [ 135.4161781, 35.2274878 ], [ 135.4163219, 35.2270822 ], [ 135.4164329, 35.2268665 ], [ 135.4166653, 35.2264961 ], [ 135.417331, 35.225606 ], [ 135.4174203, 35.2254706 ], [ 135.4177709, 35.225 ], [ 135.4179831, 35.2247153 ], [ 135.4185577, 35.2239472 ], [ 135.4188136, 35.2236108 ], [ 135.4193577, 35.2228651 ], [ 135.4197125, 35.2223833 ], [ 135.4200286, 35.2219539 ], [ 135.4201999, 35.2216602 ], [ 135.4207723, 35.2208422 ], [ 135.4213348, 35.2200972 ], [ 135.4216901, 35.2197489 ], [ 135.4223217, 35.2193683 ], [ 135.4248581, 35.2183236 ], [ 135.4264074, 35.2176595 ], [ 135.4274436, 35.217044 ], [ 135.4285686, 35.2162261 ], [ 135.4296443, 35.2154081 ], [ 135.4311739, 35.2141934 ], [ 135.4317561, 35.2134969 ], [ 135.4325949, 35.212104 ], [ 135.4339666, 35.2097878 ], [ 135.4344007, 35.2088889 ], [ 135.4345685, 35.2083463 ], [ 135.434608, 35.2076984 ], [ 135.4345192, 35.2070586 ], [ 135.4343218, 35.2064512 ], [ 135.4339074, 35.2057385 ], [ 135.4333153, 35.2050745 ], [ 135.4299901, 35.2024505 ], [ 135.4279872, 35.200928 ], [ 135.4276123, 35.2007094 ], [ 135.4251752, 35.1998104 ], [ 135.4213403, 35.1984208 ], [ 135.4211756, 35.1982295 ], [ 135.4209558, 35.198032 ], [ 135.4207981, 35.1979136 ], [ 135.4202492, 35.1974797 ], [ 135.4192894, 35.1967114 ], [ 135.41889, 35.1964092 ], [ 135.4184919, 35.1961161 ], [ 135.4183683, 35.1960092 ], [ 135.4182447, 35.1958739 ], [ 135.4181281, 35.1957047 ], [ 135.4180869, 35.1956089 ], [ 135.4180664, 35.1955017 ], [ 135.4180729, 35.1952962 ], [ 135.418085, 35.1951394 ], [ 135.4181362, 35.1945114 ], [ 135.4182383, 35.1933153 ], [ 135.4182825, 35.1929511 ], [ 135.4182986, 35.1927306 ], [ 135.4183203, 35.1924025 ], [ 135.4183256, 35.1921285 ], [ 135.4182825, 35.1918758 ], [ 135.4182285, 35.1917312 ], [ 135.418207, 35.1916667 ], [ 135.4180186, 35.1911003 ], [ 135.4179361, 35.19083 ], [ 135.4174614, 35.1893455 ], [ 135.4172842, 35.1887506 ], [ 135.4170989, 35.1881645 ], [ 135.4169547, 35.1877303 ], [ 135.4169617, 35.1875839 ], [ 135.4169822, 35.1874659 ], [ 135.4170731, 35.1872211 ], [ 135.4172183, 35.1868642 ], [ 135.4173322, 35.1865808 ], [ 135.4174419, 35.1863217 ], [ 135.4177028, 35.1856622 ], [ 135.4180472, 35.1847947 ], [ 135.4181697, 35.1844903 ], [ 135.4182999, 35.1842313 ], [ 135.4186225, 35.1837011 ], [ 135.4188578, 35.1833333 ], [ 135.4189887, 35.1831286 ], [ 135.4193844, 35.1823992 ], [ 135.4199681, 35.181357 ], [ 135.4205687, 35.1802805 ], [ 135.4213203, 35.178945 ], [ 135.4220529, 35.1776134 ], [ 135.4229881, 35.1759469 ], [ 135.4232485, 35.1754749 ], [ 135.4238208, 35.174436 ], [ 135.4239694, 35.1741886 ], [ 135.4244509, 35.1732856 ], [ 135.4245253, 35.1731291 ], [ 135.4245939, 35.1728586 ], [ 135.4245872, 35.1725939 ], [ 135.4244775, 35.17132 ], [ 135.4243767, 35.1700021 ], [ 135.4242586, 35.1688856 ], [ 135.4241865, 35.1678251 ], [ 135.4240798, 35.1662984 ], [ 135.4240256, 35.1657014 ], [ 135.4239598, 35.1649423 ] ] } },
{ "type": "Feature", "properties": { "N12_001": "26", "N12_002": 1, "N12_003": 1, "N12_004": "中央自動車道西宮線", "N12_005": 70, "N12_006": 1 }, "geometry": { "type": "LineString", "coordinates": [ [ 135.748826, 34.95516 ], [ 135.7484246, 34.9543827 ], [ 135.7482202, 34.9540089 ], [ 135.7477435, 34.9536201 ], [ 135.7455016, 34.9529936 ] ] } },
{ "type": "Feature", "properties": { "N12_001": "26", "N12_002": 1, "N12_003": 9, "N12_004": "-", "N12_005": 71, "N12_006": 1 }, "geometry": { "type": "LineString", "coordinates": [ [ 135.7264573, 34.9661179 ], [ 135.7328096, 34.9659708 ], [ 135.7326995, 34.9634681 ] ] } },
{ "type": "Feature", "properties": { "N12_001": "26", "N12_002": 1, "N12_003": 9, "N12_004": "-", "N12_005": 72, "N12_006": 1 }, "geometry": { "type": "LineString", "coordinates": [ [ 135.76328, 34.97256 ], [ 135.76378, 34.9732383 ] ] } },
{ "type": "Feature", "properties": { "N12_001": "26", "N12_002": 1, "N12_003": 3, "N12_004": "一般国道1号", "N12_005": 20, "N12_006": 3 }, "geometry": { "type": "LineString", "coordinates": [ [ 135.7357236, 34.8638266 ], [ 135.7371997, 34.8655263 ], [ 135.7389677, 34.8672871 ], [ 135.7400368, 34.8680858 ] ] } },
{ "type": "Feature", "properties": { "N12_001": "26", "N12_002": 1, "N12_003": 1, "N12_004": "中央自動車道西宮線", "N12_005": 70, "N12_006": 2 }, "geometry": { "type": "LineString", "coordinates": [ [ 135.8394364, 34.9896537 ], [ 135.8383577, 34.9893402 ], [ 135.8376081, 34.989105 ], [ 135.8364215, 34.9888644 ], [ 135.8349172, 34.9887081 ], [ 135.8343524, 34.9887157 ], [ 135.829479, 34.989094 ], [ 135.8292483, 34.9892838 ], [ 135.8290819, 34.9894924 ], [ 135.8289647, 34.9898472 ], [ 135.8288333, 34.9899922 ] ] } },
{ "type": "Feature", "properties": { "N12_001": "26", "N12_002": 1, "N12_003": 3, "N12_004": "一般国道1号", "N12_005": 20, "N12_006": 4 }, "geometry": { "type": "LineString", "coordinates": [ [ 135.7498197, 34.9164111 ], [ 135.749901, 34.918095 ], [ 135.750026, 34.920407 ], [ 135.750178, 34.922575 ], [ 135.750405, 34.92489 ], [ 135.750514, 34.925818 ], [ 135.7505964, 34.9266522 ], [ 135.751027, 34.931012 ], [ 135.751084, 34.932049 ], [ 135.751141, 34.933203 ], [ 135.751191, 34.934615 ], [ 135.751219, 34.935541 ], [ 135.7512221, 34.9357337 ], [ 135.751233, 34.936416 ], [ 135.751286, 34.937491 ], [ 135.751322, 34.938625 ], [ 135.75144, 34.940778 ], [ 135.751537, 34.942461 ], [ 135.751638, 34.943835 ], [ 135.751768, 34.94525 ], [ 135.75184, 34.946404 ], [ 135.751911, 34.947676 ], [ 135.75193, 34.949171 ], [ 135.752019, 34.950722 ], [ 135.752051, 34.951274 ], [ 135.7520522, 34.9515469 ], [ 135.752054, 34.951965 ], [ 135.752075, 34.953137 ], [ 135.752118, 34.954396 ], [ 135.75213, 34.954912 ], [ 135.7521649, 34.956472 ], [ 135.752211, 34.957297 ], [ 135.752332, 34.958492 ], [ 135.752403, 34.959365 ], [ 135.752546, 34.960713 ], [ 135.752667, 34.961773 ], [ 135.75284, 34.96314 ], [ 135.7529883, 34.9656549 ], [ 135.7531137, 34.9659794 ], [ 135.7533169, 34.9662705 ], [ 135.7537002, 34.9666945 ], [ 135.7540424, 34.9670046 ], [ 135.7543664, 34.9672326 ], [ 135.75473, 34.96739 ], [ 135.75519, 34.96749 ], [ 135.75572, 34.96751 ], [ 135.7573646, 34.9673512 ], [ 135.758113, 34.9673512 ], [ 135.7586149, 34.9674925 ], [ 135.7590667, 34.9676886 ], [ 135.75938, 34.96797 ], [ 135.7608, 34.96968 ], [ 135.76091, 34.96981 ], [ 135.76166, 34.97075 ], [ 135.76176, 34.9709 ], [ 135.76216, 34.9714 ], [ 135.76273, 34.97204 ], [ 135.76301, 34.9723 ], [ 135.76328, 34.97256 ] ] } },
{ "type": "Feature", "properties": { "N12_001": "26", "N12_002": 1, "N12_003": 3, "N12_004": "一般国道1号", "N12_005": 20, "N12_006": 5 }, "geometry": { "type": "LineString", "coordinates": [ [ 135.7498197, 34.9164111 ], [ 135.749816, 34.916335 ], [ 135.749712, 34.914137 ], [ 135.749721, 34.912838 ], [ 135.749672, 34.908779 ], [ 135.7496717, 34.9087578 ], [ 135.74965, 34.907457 ], [ 135.749627, 34.906135 ], [ 135.749572, 34.9019 ], [ 135.749251, 34.892125 ], [ 135.749098, 34.884428 ], [ 135.748932, 34.878805 ], [ 135.748807, 34.87781 ], [ 135.748553, 34.877144 ], [ 135.748083, 34.87635 ], [ 135.747148, 34.875292 ], [ 135.7470141, 34.8751549 ], [ 135.744264, 34.872346 ], [ 135.743919, 34.871994 ], [ 135.743574, 34.871641 ], [ 135.741504, 34.869479 ], [ 135.739335, 34.867316 ], [ 135.736316, 34.864281 ], [ 135.735673, 34.863527 ], [ 135.73517, 34.862774 ], [ 135.734916, 34.862093 ], [ 135.734803, 34.861525 ], [ 135.734706, 34.860735 ], [ 135.734562, 34.858526 ], [ 135.73431, 34.855285 ], [ 135.734213, 34.854671 ], [ 135.734103, 34.854273 ], [ 135.733993, 34.853987 ], [ 135.733703, 34.853332 ], [ 135.733279, 34.852731 ], [ 135.732699, 34.852138 ], [ 135.731638, 34.851196 ], [ 135.7306669, 34.8503558 ], [ 135.730131, 34.84989 ], [ 135.72837, 34.848441 ], [ 135.727309, 34.84752 ], [ 135.726681, 34.846976 ], [ 135.726053, 34.846432 ], [ 135.725414, 34.845725 ], [ 135.72464, 34.844604 ], [ 135.724214, 34.843753 ], [ 135.723895, 34.842912 ], [ 135.72358, 34.8417 ], [ 135.723507, 34.841072 ], [ 135.723479, 34.839586 ], [ 135.723483, 34.836273 ], [ 135.723515, 34.830634 ], [ 135.723468, 34.827106 ], [ 135.723444, 34.826403 ], [ 135.723427, 34.825674 ], [ 135.723363, 34.825194 ], [ 135.723283, 34.824802 ] ] } },
{ "type": "Feature", "properties": { "N12_001": "26", "N12_002": 1, "N12_003": 1, "N12_004": "中央自動車道西宮線", "N12_005": 70, "N12_006": 3 }, "geometry": { "type": "LineString", "coordinates": [ [ 135.676336, 34.897876 ], [ 135.678376, 34.898968 ], [ 135.680596, 34.900178 ], [ 135.682462, 34.901193 ], [ 135.68406, 34.902002 ], [ 135.684883, 34.902403 ], [ 135.685812, 34.902741 ], [ 135.686903, 34.903095 ], [ 135.688395, 34.903481 ], [ 135.6884753, 34.9035027 ], [ 135.689324, 34.903732 ], [ 135.690673, 34.904086 ], [ 135.692032, 34.904503 ], [ 135.6927487, 34.9046673 ], [ 135.693724, 34.904914 ], [ 135.694696, 34.905159 ], [ 135.696414, 34.905569 ], [ 135.6972498, 34.9057736 ], [ 135.697513, 34.905838 ], [ 135.699324, 34.906272 ], [ 135.700137, 34.906471 ], [ 135.700687, 34.906682 ], [ 135.701557, 34.907133 ], [ 135.702641, 34.907749 ], [ 135.703554, 34.908346 ], [ 135.704081, 34.908774 ], [ 135.704204, 34.908897 ], [ 135.704745, 34.909436 ], [ 135.705215, 34.909969 ], [ 135.7053737, 34.9101822 ], [ 135.705686, 34.910602 ], [ 135.705979, 34.911094 ], [ 135.706228, 34.911616 ], [ 135.706606, 34.912536 ], [ 135.706913, 34.913426 ], [ 135.707255, 34.914323 ], [ 135.707612, 34.915213 ], [ 135.707947, 34.916168 ], [ 135.708332, 34.917182 ], [ 135.708689, 34.918078 ], [ 135.709052, 34.91908 ], [ 135.709288, 34.91969 ], [ 135.709595, 34.920545 ], [ 135.7098337, 34.9211698 ], [ 135.7098554, 34.9212267 ], [ 135.710186, 34.922092 ], [ 135.710622, 34.923223 ], [ 135.710857, 34.923809 ], [ 135.71132, 34.925086 ], [ 135.711741, 34.926205 ], [ 135.711984, 34.926791 ], [ 135.712347, 34.927752 ], [ 135.71279, 34.928854 ], [ 135.712879, 34.92908 ], [ 135.71321, 34.929926 ], [ 135.7135312, 34.9307672 ], [ 135.713617, 34.930992 ], [ 135.714038, 34.932135 ], [ 135.714197, 34.932557 ], [ 135.714203, 34.9325728 ], [ 135.71448, 34.933307 ], [ 135.714922, 34.934443 ], [ 135.715343, 34.935481 ], [ 135.715735, 34.936482 ], [ 135.71582, 34.936665 ], [ 135.7160763, 34.9372192 ], [ 135.716085, 34.937238 ], [ 135.716548, 34.938076 ], [ 135.71709, 34.938961 ], [ 135.717618, 34.939758 ], [ 135.717918, 34.940145 ], [ 135.718181, 34.940519 ], [ 135.718239, 34.940602 ], [ 135.718866, 34.941416 ], [ 135.719501, 34.94206 ], [ 135.720086, 34.942594 ], [ 135.720671, 34.943074 ], [ 135.721234, 34.943496 ], [ 135.721847, 34.943918 ], [ 135.72266, 34.94451 ], [ 135.72363, 34.945096 ], [ 135.724722, 34.945723 ], [ 135.72592, 34.946314 ], [ 135.727753, 34.947082 ], [ 135.729429, 34.947726 ], [ 135.730948, 34.948295 ], [ 135.732624, 34.948916 ], [ 135.734024, 34.949442 ], [ 135.734229, 34.949519 ], [ 135.735769, 34.950099 ], [ 135.737837, 34.950885 ], [ 135.739656, 34.95157 ], [ 135.741946, 34.952455 ], [ 135.743543, 34.953058 ], [ 135.744834, 34.953539 ], [ 135.74631, 34.954101 ], [ 135.747856, 34.954736 ], [ 135.748106, 34.954853 ], [ 135.748826, 34.95516 ], [ 135.7497, 34.955506 ], [ 135.750438, 34.955773 ], [ 135.751176, 34.955998 ], [ 135.752906, 34.956347 ], [ 135.753779, 34.956455 ], [ 135.75458, 34.956495 ], [ 135.755728, 34.956507 ], [ 135.756798, 34.956512 ], [ 135.757875, 34.95653 ], [ 135.758988, 34.956524 ], [ 135.76015, 34.956536 ], [ 135.761222, 34.956541 ], [ 135.762327, 34.956547 ], [ 135.763937, 34.956571 ], [ 135.765314, 34.956571 ], [ 135.76669, 34.956565 ], [ 135.76766, 34.956565 ], [ 135.768659, 34.956577 ], [ 135.770156, 34.956577 ], [ 135.771939, 34.956589 ], [ 135.77318, 34.956583 ], [ 135.774136, 34.956589 ], [ 135.775213, 34.956594 ], [ 135.777367, 34.956618 ], [ 135.778501, 34.956618 ], [ 135.779635, 34.956612 ], [ 135.780712, 34.9566 ], [ 135.781853, 34.956612 ], [ 135.782973, 34.956618 ], [ 135.784078, 34.956624 ], [ 135.785176, 34.956624 ], [ 135.786318, 34.956635 ], [ 135.787466, 34.956647 ], [ 135.788578, 34.956647 ], [ 135.789748, 34.956659 ], [ 135.790846, 34.956653 ], [ 135.791462, 34.956659 ], [ 135.792016, 34.956665 ], [ 135.792893, 34.9567 ], [ 135.793614, 34.956741 ], [ 135.794313, 34.956823 ], [ 135.795168, 34.956975 ], [ 135.795846, 34.957139 ], [ 135.796588, 34.95735 ], [ 135.797422, 34.957643 ], [ 135.798406, 34.958048 ], [ 135.799412, 34.958499 ], [ 135.800489, 34.958985 ], [ 135.801701, 34.95953 ], [ 135.802871, 34.960075 ], [ 135.803763, 34.960467 ], [ 135.804283, 34.960708 ], [ 135.80541, 34.961217 ], [ 135.80648, 34.961698 ], [ 135.8073, 34.962055 ], [ 135.808398, 34.962559 ], [ 135.809882, 34.96321 ], [ 135.811701, 34.964053 ], [ 135.812685, 34.964516 ], [ 135.8133865, 34.9648465 ], [ 135.81419, 34.965225 ], [ 135.815288, 34.9657 ], [ 135.816322, 34.966168 ], [ 135.81742, 34.966667 ], [ 135.818583, 34.967182 ], [ 135.819553, 34.967633 ], [ 135.820979, 34.968301 ], [ 135.822106, 34.968817 ], [ 135.822919, 34.969227 ], [ 135.823533, 34.969602 ], [ 135.82401, 34.969942 ], [ 135.824574, 34.970457 ], [ 135.825216, 34.971114 ], [ 135.825629, 34.971659 ], [ 135.826214, 34.972596 ], [ 135.826571, 34.97317 ], [ 135.827099, 34.974026 ], [ 135.827691, 34.974952 ], [ 135.828211, 34.975801 ], [ 135.828839, 34.976856 ], [ 135.829538, 34.97801 ], [ 135.830037, 34.978825 ], [ 135.830344, 34.979358 ], [ 135.830864, 34.980231 ], [ 135.831585, 34.981408 ], [ 135.832041, 34.982141 ], [ 135.8322675, 34.9825174 ], [ 135.8337825, 34.9851127 ], [ 135.8342536, 34.9858586 ], [ 135.8345677, 34.9863191 ], [ 135.834996, 34.9868544 ], [ 135.8354136, 34.9873006 ], [ 135.8358205, 34.9876646 ], [ 135.836414, 34.9881068 ], [ 135.8367185, 34.9883066 ], [ 135.8371659, 34.9885588 ], [ 135.8377441, 34.9888634 ], [ 135.8383556, 34.9891561 ], [ 135.8389505, 34.9894369 ], [ 135.8394364, 34.9896537 ], [ 135.8398138, 34.9898117 ] ] } },
{ "type": "Feature", "properties": { "N12_001": "26", "N12_002": 2, "N12_003": 9, "N12_004": "-", "N12_005": 73, "N12_006": 1 }, "geometry": { "type": "LineString", "coordinates": [ [ 135.8617548, 34.8524611 ], [ 135.8629103, 34.8490532 ], [ 135.8632893, 34.848411 ], [ 135.8649316, 34.8470572 ] ] } },
{ "type": "Feature", "properties": { "N12_001": "26", "N12_002": 2, "N12_003": 9, "N12_004": "-", "N12_005": 74, "N12_006": 1 }, "geometry": { "type": "LineString", "coordinates": [ [ 135.9040194, 34.7960883 ], [ 135.9040067, 34.7955097 ], [ 135.9045023, 34.7955097 ], [ 135.9052224, 34.796042 ] ] } },
{ "type": "Feature", "properties": { "N12_001": "26", "N12_002": 2, "N12_003": 9, "N12_004": "-", "N12_005": 75, "N12_006": 1 }, "geometry": { "type": "LineString", "coordinates": [ [ 136.0244213, 34.7635856 ], [ 136.02463, 34.7638315 ], [ 136.024609, 34.7641324 ] ] } },
{ "type": "Feature", "properties": { "N12_001": "26", "N12_002": 2, "N12_003": 9, "N12_004": "-", "N12_005": 76, "N12_006": 1 }, "geometry": { "type": "LineString", "coordinates": [ [ 135.8240323, 34.7385924 ], [ 135.824342, 34.7383716 ], [ 135.8262414, 34.7383311 ] ] } },
{ "type": "Feature", "properties": { "N12_001": "26", "N12_002": 2, "N12_003": 9, "N12_004": "-", "N12_005": 77, "N12_006": 1 }, "geometry": { "type": "LineString", "coordinates": [ [ 135.8226554, 34.7365394 ], [ 135.8206278, 34.7364868 ] ] } },
{ "type": "Feature", "properties": { "N12_001": "26", "N12_002": 2, "N12_003": 9, "N12_004": "-", "N12_005": 78, "N12_006": 1 }, "geometry": { "type": "LineString", "coordinates": [ [ 135.8233963, 34.7365459 ], [ 135.8233635, 34.7354646 ] ] } },
{ "type": "Feature", "properties": { "N12_001": "26", "N12_002": 2, "N12_003": 9, "N12_004": "-", "N12_005": 79, "N12_006": 1 }, "geometry": { "type": "LineString", "coordinates": [ [ 135.7593477, 35.0250689 ], [ 135.7543318, 35.0250426 ] ] } },
{ "type": "Feature", "properties": { "N12_001": "26", "N12_002": 2, "N12_003": 9, "N12_004": "-", "N12_005": 80, "N12_006": 1 }, "geometry": { "type": "LineString", "coordinates": [ [ 135.8282513, 34.9862509 ], [ 135.8278642, 34.986273 ] ] } },
{ "type": "Feature", "properties": { "N12_001": "26", "N12_002": 2, "N12_003": 9, "N12_004": "-", "N12_005": 81, "N12_006": 1 }, "geometry": { "type": "LineString", "coordinates": [ [ 135.2567201, 35.3000429 ], [ 135.2566322, 35.2990781 ], [ 135.2571074, 35.2990303 ], [ 135.2573595, 35.298927 ], [ 135.2583779, 35.2988236 ] ] } },
{ "type": "Feature", "properties": { "N12_001": "26", "N12_002": 2, "N12_003": 9, "N12_004": "-", "N12_005": 82, "N12_006": 1 }, "geometry": { "type": "LineString", "coordinates": [ [ 135.5870237, 35.016876 ], [ 135.5860036, 35.0175826 ], [ 135.5858797, 35.0174128 ], [ 135.5858976, 35.0165756 ] ] } },
{ "type": "Feature", "properties": { "N12_001": "26", "N12_002": 2, "N12_003": 6, "N12_004": "京都府道　亀岡停車場線", "N12_005": 83, "N12_006": 1 }, "geometry": { "type": "LineString", "coordinates": [ [ 135.5712881, 35.0137752 ], [ 135.5730163, 35.0141183 ] ] } },
{ "type": "Feature", "properties": { "N12_001": "26", "N12_002": 2, "N12_003": 6, "N12_004": "京都府道　大山崎大枝線", "N12_005": 49, "N12_006": 2 }, "geometry": { "type": "LineString", "coordinates": [ [ 135.6887809, 34.9261106 ], [ 135.6882064, 34.9260623 ], [ 135.6865466, 34.9261847 ], [ 135.6863608, 34.9262714 ], [ 135.6854554, 34.9272101 ], [ 135.6840942, 34.9286941 ], [ 135.6835244, 34.92899 ] ] } },
{ "type": "Feature", "properties": { "N12_001": "26", "N12_002": 2, "N12_003": 6, "N12_004": "京都府道　大山崎大枝線", "N12_005": 49, "N12_006": 3 }, "geometry": { "type": "LineString", "coordinates": [ [ 135.6610627, 34.976387 ], [ 135.6611747, 34.9748007 ], [ 135.6599307, 34.9703779 ], [ 135.6590837, 34.9686349 ], [ 135.6575014, 34.9667806 ], [ 135.6569427, 34.9659333 ] ] } },
{ "type": "Feature", "properties": { "N12_001": "26", "N12_002": 2, "N12_003": 9, "N12_004": "-", "N12_005": 84, "N12_006": 1 }, "geometry": { "type": "LineString", "coordinates": [ [ 135.7489788, 34.8751254 ], [ 135.7491063, 34.874715 ], [ 135.7492624, 34.8740302 ] ] } },
{ "type": "Feature", "properties": { "N12_001": "26", "N12_002": 2, "N12_003": 6, "N12_004": "京都府道枚方山城線", "N12_005": 85, "N12_006": 1 }, "geometry": { "type": "LineString", "coordinates": [ [ 135.787863, 34.7687568 ], [ 135.8002268, 34.7684889 ], [ 135.8008908, 34.7684856 ], [ 135.801318, 34.7685626 ], [ 135.8066437, 34.7700942 ] ] } },
{ "type": "Feature", "properties": { "N12_001": "26", "N12_002": 2, "N12_003": 9, "N12_004": "-", "N12_005": 86, "N12_006": 1 }, "geometry": { "type": "LineString", "coordinates": [ [ 135.7750131, 34.7742825 ], [ 135.7740412, 34.7736503 ], [ 135.7737282, 34.7733253 ], [ 135.7725889, 34.7717029 ], [ 135.7722469, 34.7713079 ], [ 135.7716758, 34.7707631 ] ] } },
{ "type": "Feature", "properties": { "N12_001": "26", "N12_002": 2, "N12_003": 9, "N12_004": "-", "N12_005": 87, "N12_006": 1 }, "geometry": { "type": "LineString", "coordinates": [ [ 135.783619, 34.9036214 ], [ 135.7852145, 34.9034391 ] ] } },
{ "type": "Feature", "properties": { "N12_001": "26", "N12_002": 2, "N12_003": 9, "N12_004": "-", "N12_005": 88, "N12_006": 1 }, "geometry": { "type": "LineString", "coordinates": [ [ 135.7838518, 34.9081941 ], [ 135.7873736, 34.9064814 ], [ 135.7895067, 34.9056204 ], [ 135.7891233, 34.9051684 ], [ 135.7885189, 34.9041462 ], [ 135.78839, 34.9036508 ], [ 135.7870593, 34.9050912 ] ] } },
{ "type": "Feature", "properties": { "N12_001": "26", "N12_002": 2, "N12_003": 9, "N12_004": "-", "N12_005": 89, "N12_006": 1 }, "geometry": { "type": "LineString", "coordinates": [ [ 135.798995, 34.8872533 ], [ 135.7993902, 34.8861672 ], [ 135.8002838, 34.8851522 ] ] } },
{ "type": "Feature", "properties": { "N12_001": "26", "N12_002": 2, "N12_003": 6, "N12_004": "京都府道大宮岩滝線", "N12_005": 90, "N12_006": 1 }, "geometry": { "type": "LineString", "coordinates": [ [ 135.0999164, 35.5809675 ], [ 135.1008121, 35.5808625 ], [ 135.1022098, 35.5810083 ], [ 135.1035035, 35.5814213 ], [ 135.1046633, 35.58181 ], [ 135.1050797, 35.5821988 ], [ 135.1053771, 35.5827211 ], [ 135.1055853, 35.5833042 ], [ 135.1059124, 35.5834985 ], [ 135.1073994, 35.58362 ], [ 135.1085593, 35.5833771 ], [ 135.1097191, 35.5832313 ], [ 135.1107897, 35.5829883 ], [ 135.1124403, 35.5829276 ], [ 135.1134846, 35.5831233 ], [ 135.114238, 35.5832097 ], [ 135.1151104, 35.5831233 ], [ 135.1159695, 35.5828426 ], [ 135.1166436, 35.5824755 ], [ 135.1172648, 35.5820111 ], [ 135.1177142, 35.5813525 ], [ 135.1181901, 35.5805211 ], [ 135.1184544, 35.5801755 ], [ 135.1207014, 35.5785019 ], [ 135.12238, 35.5769902 ], [ 135.1223602, 35.5766824 ], [ 135.1221487, 35.5764125 ], [ 135.1214747, 35.5758942 ], [ 135.1212632, 35.5756135 ], [ 135.1211684, 35.5752813 ] ] } },
{ "type": "Feature", "properties": { "N12_001": "26", "N12_002": 2, "N12_003": 9, "N12_004": "-", "N12_005": 91, "N12_006": 1 }, "geometry": { "type": "LineString", "coordinates": [ [ 135.0594407, 35.6219864 ], [ 135.0603579, 35.6222734 ], [ 135.0607745, 35.6224839 ], [ 135.061439, 35.6230022 ], [ 135.0606753, 35.6238283 ], [ 135.0610621, 35.6238526 ], [ 135.0613299, 35.623974 ] ] } },
{ "type": "Feature", "properties": { "N12_001": "26", "N12_002": 2, "N12_003": 6, "N12_004": "京都府道　伊根港線", "N12_005": 92, "N12_006": 1 }, "geometry": { "type": "LineString", "coordinates": [ [ 135.2880209, 35.6824793 ], [ 135.2879773, 35.6824845 ], [ 135.2876831, 35.6824836 ], [ 135.2872179, 35.6826883 ], [ 135.286926, 35.6826376 ], [ 135.2866807, 35.6821802 ], [ 135.286529, 35.6819274 ], [ 135.2863327, 35.6817073 ], [ 135.2860026, 35.6814753 ], [ 135.2857884, 35.6812611 ], [ 135.2857622, 35.6811819 ], [ 135.2856915, 35.6808994 ], [ 135.2857088, 35.680627 ], [ 135.2857792, 35.6803472 ], [ 135.2858553, 35.6800693 ], [ 135.2859105, 35.6797894 ], [ 135.2859912, 35.6794612 ], [ 135.286144, 35.6791544 ], [ 135.2863331, 35.6788391 ], [ 135.2865727, 35.6784066 ], [ 135.2866559, 35.6780051 ], [ 135.286716, 35.677736 ], [ 135.2867668, 35.6776542 ], [ 135.2879531, 35.6776564 ], [ 135.2887235, 35.6774241 ], [ 135.289829, 35.6777521 ], [ 135.2934467, 35.6768365 ] ] } },
{ "type": "Feature", "properties": { "N12_001": "26", "N12_002": 2, "N12_003": 3, "N12_004": "一般国道482号", "N12_005": 17, "N12_006": 2 }, "geometry": { "type": "LineString", "coordinates": [ [ 135.0956822, 35.7308905 ], [ 135.0958258, 35.7307214 ], [ 135.0961131, 35.7304736 ], [ 135.0964081, 35.7301785 ], [ 135.0968459, 35.7297645 ], [ 135.0971981, 35.7294695 ], [ 135.0976692, 35.7291839 ], [ 135.0981832, 35.7288936 ], [ 135.0984878, 35.7285986 ], [ 135.0985734, 35.7283797 ], [ 135.0985592, 35.7280418 ], [ 135.0984116, 35.7271566 ], [ 135.0982498, 35.7261097 ], [ 135.098226, 35.7253054 ], [ 135.0983355, 35.7250579 ], [ 135.0985592, 35.7247486 ], [ 135.0992302, 35.7242918 ], [ 135.0999773, 35.7237826 ], [ 135.1007625, 35.7232305 ], [ 135.101267, 35.7229164 ], [ 135.1015858, 35.7226166 ], [ 135.1021188, 35.7220836 ], [ 135.1023282, 35.7219171 ], [ 135.1029421, 35.7215268 ], [ 135.103518, 35.7211842 ], [ 135.1039272, 35.7209224 ], [ 135.1041356, 35.7206397 ], [ 135.1041803, 35.7205192 ], [ 135.1042028, 35.720382 ], [ 135.1042425, 35.7196436 ], [ 135.1042561, 35.7186406 ], [ 135.1042217, 35.7182292 ], [ 135.1042217, 35.7175735 ], [ 135.1042286, 35.7174233 ], [ 135.1042494, 35.7173106 ], [ 135.1042708, 35.7172286 ], [ 135.1043114, 35.7171189 ], [ 135.1043653, 35.7170125 ], [ 135.1044633, 35.7168372 ], [ 135.1045587, 35.7166667 ], [ 135.1048572, 35.7161325 ], [ 135.1049122, 35.7159972 ], [ 135.1049347, 35.715895 ], [ 135.1049306, 35.7157906 ], [ 135.1049122, 35.7156592 ], [ 135.1049056, 35.7154028 ], [ 135.1049056, 35.715017 ], [ 135.1049539, 35.7147294 ], [ 135.104998, 35.7145889 ], [ 135.1050519, 35.7145186 ], [ 135.1057886, 35.7136953 ], [ 135.1060242, 35.7133994 ], [ 135.1061556, 35.7132022 ], [ 135.1062039, 35.7130726 ], [ 135.1062522, 35.7128697 ], [ 135.1063144, 35.7125258 ], [ 135.1063344, 35.7123175 ], [ 135.1063553, 35.7120483 ], [ 135.1063628, 35.7117767 ], [ 135.1063636, 35.7115642 ], [ 135.106338, 35.7113471 ], [ 135.1061969, 35.7111172 ], [ 135.10604, 35.7108114 ], [ 135.1059156, 35.7104636 ], [ 135.1057731, 35.7100859 ], [ 135.1057474, 35.7100186 ], [ 135.1056667, 35.7097939 ], [ 135.1055984, 35.7096089 ], [ 135.1055362, 35.709235 ], [ 135.1055552, 35.7089791 ], [ 135.1056732, 35.7085774 ], [ 135.1057208, 35.70833 ], [ 135.1057399, 35.7081301 ], [ 135.1056923, 35.7079417 ], [ 135.1056237, 35.7077894 ], [ 135.1055288, 35.7076297 ], [ 135.1054695, 35.7074677 ], [ 135.1054515, 35.7073701 ], [ 135.1053744, 35.7069347 ], [ 135.1052906, 35.7064949 ], [ 135.1052411, 35.7061618 ], [ 135.1051141, 35.7054859 ], [ 135.1050482, 35.7051241 ], [ 135.1049385, 35.7047265 ], [ 135.104849, 35.7045133 ], [ 135.1047519, 35.7042735 ], [ 135.1045424, 35.7038212 ], [ 135.1043769, 35.7034245 ], [ 135.1042855, 35.7030628 ], [ 135.104195, 35.7026941 ], [ 135.1041873, 35.7025686 ], [ 135.104201, 35.7024347 ], [ 135.1042869, 35.7022427 ], [ 135.1043828, 35.7020555 ], [ 135.1043828, 35.7019052 ], [ 135.1043342, 35.7016714 ], [ 135.1042809, 35.7015833 ], [ 135.1041905, 35.7014312 ], [ 135.1040154, 35.7012351 ], [ 135.1037197, 35.700981 ], [ 135.103545, 35.7008158 ], [ 135.1034208, 35.7006975 ], [ 135.1033645, 35.7006138 ], [ 135.1032292, 35.7002928 ], [ 135.103035, 35.6996551 ], [ 135.1029513, 35.6993315 ], [ 135.1029442, 35.6991703 ], [ 135.1029746, 35.6990601 ], [ 135.103114, 35.6988481 ], [ 135.103383, 35.6985576 ], [ 135.1036655, 35.6982701 ], [ 135.1038474, 35.6980513 ], [ 135.1039731, 35.6978403 ], [ 135.1040075, 35.6976825 ], [ 135.1040144, 35.6975697 ], [ 135.1040006, 35.6974005 ], [ 135.103986, 35.6973585 ], [ 135.1038436, 35.6970938 ], [ 135.1037161, 35.6969339 ], [ 135.1032706, 35.6964332 ], [ 135.1027357, 35.6958165 ], [ 135.1024216, 35.6954681 ], [ 135.1022553, 35.6952104 ], [ 135.1021351, 35.695034 ], [ 135.1020751, 35.6949279 ], [ 135.1019838, 35.6946392 ], [ 135.1018981, 35.6940809 ], [ 135.1018391, 35.6938677 ], [ 135.1017419, 35.6937103 ], [ 135.1016432, 35.6936203 ], [ 135.100995, 35.6931256 ], [ 135.1007608, 35.6929486 ], [ 135.1003164, 35.6926012 ], [ 135.0998268, 35.6921875 ], [ 135.0998113, 35.6921749 ], [ 135.099515, 35.6918949 ], [ 135.0991236, 35.6915586 ], [ 135.0988547, 35.6912706 ], [ 135.0986614, 35.6910058 ], [ 135.098653, 35.6909684 ], [ 135.0985708, 35.6906957 ], [ 135.0985441, 35.6903835 ], [ 135.0984985, 35.6898067 ], [ 135.0983976, 35.689228 ], [ 135.0983407, 35.6889876 ], [ 135.0963361, 35.6892693 ], [ 135.0961905, 35.6885999 ], [ 135.0961376, 35.6877252 ], [ 135.0952111, 35.6844859 ], [ 135.0947148, 35.6836059 ], [ 135.0938214, 35.6825855 ], [ 135.0905458, 35.6795406 ], [ 135.0897515, 35.6786174 ], [ 135.0884613, 35.6762689 ], [ 135.0882628, 35.6756696 ], [ 135.0882033, 35.6749732 ], [ 135.0884414, 35.673645 ], [ 135.0884216, 35.6730134 ], [ 135.0882033, 35.6723979 ], [ 135.0872505, 35.6712641 ], [ 135.086913, 35.6706649 ], [ 135.0868425, 35.6700201 ], [ 135.086845, 35.669815 ], [ 135.0865977, 35.6680036 ], [ 135.0865733, 35.6677902 ], [ 135.0864936, 35.6674083 ], [ 135.0862957, 35.6666667 ], [ 135.0862456, 35.6664786 ], [ 135.0859281, 35.6652894 ], [ 135.0858936, 35.6651766 ], [ 135.0858811, 35.665052 ], [ 135.0859078, 35.6649342 ], [ 135.0859672, 35.6647585 ], [ 135.0860492, 35.6645046 ], [ 135.0864044, 35.6634014 ], [ 135.0864872, 35.6629503 ], [ 135.0865425, 35.662252 ], [ 135.0865561, 35.6621278 ], [ 135.0866597, 35.6608203 ], [ 135.0867153, 35.6605047 ], [ 135.0867911, 35.6602511 ], [ 135.0871243, 35.6592989 ], [ 135.0871809, 35.6591244 ], [ 135.0872603, 35.6588588 ], [ 135.0874533, 35.6583742 ], [ 135.0876388, 35.6579513 ], [ 135.0879364, 35.657715 ], [ 135.0881503, 35.6575853 ], [ 135.0882814, 35.6574611 ], [ 135.0883917, 35.6573261 ], [ 135.0885158, 35.6570725 ], [ 135.0893233, 35.6550658 ], [ 135.08962, 35.6542994 ], [ 135.0897786, 35.6538431 ], [ 135.0898992, 35.653352 ], [ 135.0899308, 35.6531947 ], [ 135.0899308, 35.6527405 ], [ 135.08991, 35.6525804 ], [ 135.0898686, 35.6523944 ], [ 135.0898133, 35.6522141 ], [ 135.0897242, 35.6520734 ], [ 135.0895792, 35.6519325 ], [ 135.0891308, 35.6515603 ], [ 135.0889169, 35.6513067 ], [ 135.0884411, 35.6507206 ], [ 135.0881236, 35.650377 ], [ 135.0878892, 35.6501908 ], [ 135.0877239, 35.6501006 ], [ 135.0875583, 35.6500214 ], [ 135.0872892, 35.64992 ], [ 135.0868684, 35.6497847 ], [ 135.086165, 35.6495931 ], [ 135.0858819, 35.6494972 ], [ 135.0856889, 35.6494072 ], [ 135.0855303, 35.6493058 ], [ 135.0853025, 35.6491197 ], [ 135.0851922, 35.6490014 ], [ 135.0850614, 35.6488153 ], [ 135.0848611, 35.648342 ], [ 135.0848197, 35.6481503 ], [ 135.0848197, 35.6475756 ], [ 135.08482, 35.6470006 ], [ 135.0847442, 35.6468258 ], [ 135.0844889, 35.646403 ], [ 135.0844614, 35.6463353 ], [ 135.0844564, 35.6457456 ], [ 135.0844547, 35.6455244 ], [ 135.0844339, 35.6442108 ], [ 135.0843925, 35.6440305 ], [ 135.0843167, 35.6438614 ], [ 135.0841856, 35.6436867 ], [ 135.0839856, 35.6434611 ], [ 135.0836268, 35.6431285 ], [ 135.0833333, 35.6428861 ], [ 135.0829442, 35.6425647 ], [ 135.0826408, 35.6423564 ], [ 135.0823578, 35.6422211 ], [ 135.0820378, 35.6421122 ], [ 135.0811439, 35.6418095 ], [ 135.0809508, 35.6417078 ], [ 135.0804747, 35.6413811 ], [ 135.0801989, 35.6411839 ], [ 135.0799919, 35.6410147 ], [ 135.0798747, 35.6408739 ], [ 135.0797575, 35.6406597 ], [ 135.0796678, 35.6404397 ], [ 135.0796006, 35.6400093 ] ] } },
{ "type": "Feature", "properties": { "N12_001": "26", "N12_002": 2, "N12_003": 3, "N12_004": "一般国道312号", "N12_005": 14, "N12_006": 2 }, "geometry": { "type": "LineString", "coordinates": [ [ 135.1393197, 35.5510585 ], [ 135.1407308, 35.5506828 ], [ 135.1413289, 35.5504995 ], [ 135.1417339, 35.5503403 ], [ 135.142116, 35.5500622 ], [ 135.1429083, 35.5491236 ], [ 135.1432021, 35.5488924 ], [ 135.1434539, 35.5487798 ], [ 135.1438671, 35.5487412 ], [ 135.144174, 35.5488055 ], [ 135.1443944, 35.5489599 ], [ 135.1445675, 35.5491207 ], [ 135.1446935, 35.549349 ], [ 135.1448492, 35.5496914 ] ] } },
{ "type": "Feature", "properties": { "N12_001": "26", "N12_002": 2, "N12_003": 9, "N12_004": "-", "N12_005": 93, "N12_006": 1 }, "geometry": { "type": "LineString", "coordinates": [ [ 135.163997, 35.5721379 ], [ 135.1642111, 35.5715524 ], [ 135.1647137, 35.5695221 ] ] } },
{ "type": "Feature", "properties": { "N12_001": "26", "N12_002": 2, "N12_003": 9, "N12_004": "-", "N12_005": 94, "N12_006": 1 }, "geometry": { "type": "LineString", "coordinates": [ [ 135.1911345, 35.5257593 ], [ 135.1928446, 35.5253305 ], [ 135.1931821, 35.5253562 ], [ 135.1934254, 35.5255422 ], [ 135.195521, 35.5279996 ], [ 135.1956937, 35.52833 ], [ 135.1961057, 35.5292443 ], [ 135.1963412, 35.5294849 ], [ 135.196659, 35.5297255 ], [ 135.1971182, 35.5298699 ], [ 135.1984486, 35.5301393 ], [ 135.1999791, 35.5310344 ], [ 135.2008856, 35.5314097 ], [ 135.2011741, 35.5315541 ], [ 135.2014095, 35.531761 ], [ 135.2014743, 35.531992 ], [ 135.2015685, 35.532863 ], [ 135.1998907, 35.5329784 ], [ 135.1992078, 35.5314434 ] ] } },
{ "type": "Feature", "properties": { "N12_001": "26", "N12_002": 2, "N12_003": 9, "N12_004": "-", "N12_005": 95, "N12_006": 1 }, "geometry": { "type": "LineString", "coordinates": [ [ 135.3605742, 35.1680875 ], [ 135.3608054, 35.1681362 ], [ 135.3610073, 35.1681411 ], [ 135.3612093, 35.1680728 ] ] } },
{ "type": "Feature", "properties": { "N12_001": "26", "N12_002": 2, "N12_003": 9, "N12_004": "-", "N12_005": 96, "N12_006": 1 }, "geometry": { "type": "LineString", "coordinates": [ [ 135.1112824, 35.3022371 ], [ 135.1108601, 35.3033438 ] ] } },
{ "type": "Feature", "properties": { "N12_001": "26", "N12_002": 2, "N12_003": 9, "N12_004": "-", "N12_005": 97, "N12_006": 1 }, "geometry": { "type": "LineString", "coordinates": [ [ 135.1156494, 35.2982529 ], [ 135.1155914, 35.2976374 ], [ 135.1152979, 35.296381 ], [ 135.1151593, 35.2961237 ], [ 135.1149489, 35.2959454 ], [ 135.1141456, 35.2953481 ] ] } },
{ "type": "Feature", "properties": { "N12_001": "26", "N12_002": 2, "N12_003": 9, "N12_004": "-", "N12_005": 98, "N12_006": 1 }, "geometry": { "type": "LineString", "coordinates": [ [ 135.1263293, 35.290546 ], [ 135.1262898, 35.2899226 ], [ 135.1263554, 35.2894567 ], [ 135.1265315, 35.2889995 ], [ 135.1265866, 35.2887701 ], [ 135.1265827, 35.2885956 ], [ 135.1265455, 35.2881537 ], [ 135.1265735, 35.2879556 ], [ 135.1266681, 35.2877373 ] ] } },
{ "type": "Feature", "properties": { "N12_001": "26", "N12_002": 2, "N12_003": 9, "N12_004": "-", "N12_005": 99, "N12_006": 1 }, "geometry": { "type": "LineString", "coordinates": [ [ 135.4719608, 35.1098106 ], [ 135.4719066, 35.1093994 ], [ 135.4717493, 35.1091861 ], [ 135.4716078, 35.1079908 ], [ 135.4716078, 35.1076289 ], [ 135.4701688, 35.1076483 ] ] } },
{ "type": "Feature", "properties": { "N12_001": "26", "N12_002": 2, "N12_003": 9, "N12_004": "-", "N12_005": 100, "N12_006": 1 }, "geometry": { "type": "LineString", "coordinates": [ [ 135.5309637, 35.0703373 ], [ 135.5310521, 35.0705057 ], [ 135.5311893, 35.0706324 ], [ 135.5316085, 35.070908 ], [ 135.531357, 35.0713388 ] ] } },
{ "type": "Feature", "properties": { "N12_001": "26", "N12_002": 2, "N12_003": 6, "N12_004": "京都府道西京高槻線", "N12_005": 35, "N12_006": 2 }, "geometry": { "type": "LineString", "coordinates": [ [ 135.6930986, 34.9056924 ], [ 135.6927111, 34.905536 ], [ 135.6924325, 34.9053365 ], [ 135.692263, 34.9051968 ], [ 135.6921499, 34.9050039 ], [ 135.6920127, 34.9048775 ], [ 135.6918552, 34.9048077 ], [ 135.6912618, 34.9046048 ], [ 135.6905109, 34.9043388 ], [ 135.6885792, 34.9038549 ] ] } },
{ "type": "Feature", "properties": { "N12_001": "26", "N12_002": 2, "N12_003": 6, "N12_004": "京都府道　宇治淀線", "N12_005": 5, "N12_006": 5 }, "geometry": { "type": "LineString", "coordinates": [ [ 135.798995, 34.8872533 ], [ 135.7986692, 34.8875517 ], [ 135.7985606, 34.8877753 ], [ 135.7985244, 34.8879692 ], [ 135.7985333, 34.8881556 ], [ 135.798615, 34.8884017 ], [ 135.798691, 34.8885405 ], [ 135.7987869, 34.888715 ], [ 135.7989836, 34.8889166 ], [ 135.7992467, 34.889082 ], [ 135.7995306, 34.8892408 ], [ 135.7999378, 34.8894272 ], [ 135.8000908, 34.8894807 ], [ 135.8003968, 34.8895876 ], [ 135.8007706, 34.8897181 ], [ 135.8011958, 34.8898897 ], [ 135.8013303, 34.8899818 ], [ 135.8015217, 34.8901131 ], [ 135.8019897, 34.8905173 ], [ 135.8022731, 34.890762 ], [ 135.8025473, 34.8910058 ], [ 135.8028642, 34.8912881 ], [ 135.803287, 34.8915968 ], [ 135.8035792, 34.89181 ], [ 135.8041042, 34.8921083 ], [ 135.8045242, 34.8922747 ], [ 135.8053924, 34.8924684 ], [ 135.8054877, 34.8923666 ] ] } },
{ "type": "Feature", "properties": { "N12_001": "26", "N12_002": 2, "N12_003": 9, "N12_004": "-", "N12_005": 101, "N12_006": 1 }, "geometry": { "type": "LineString", "coordinates": [ [ 135.3864958, 35.4739693 ], [ 135.3869736, 35.4750158 ], [ 135.3871393, 35.4753103 ], [ 135.3879391, 35.476342 ] ] } },
{ "type": "Feature", "properties": { "N12_001": "26", "N12_002": 2, "N12_003": 3, "N12_004": "一般国道312号", "N12_005": 14, "N12_006": 3 }, "geometry": { "type": "LineString", "coordinates": [ [ 135.1921895, 35.5158014 ], [ 135.1916221, 35.516539 ], [ 135.1907882, 35.517204 ], [ 135.1900774, 35.5176912 ], [ 135.1894159, 35.51807 ], [ 135.1884451, 35.5185981 ], [ 135.1868022, 35.5193787 ], [ 135.1858486, 35.519815 ], [ 135.1843436, 35.5204521 ], [ 135.1822526, 35.5212385 ], [ 135.1804546, 35.5218585 ], [ 135.1782315, 35.52253 ], [ 135.1760142, 35.5231155 ], [ 135.1742047, 35.5235518 ], [ 135.17179, 35.5241573 ], [ 135.1711658, 35.5243639 ], [ 135.169747, 35.5249007 ], [ 135.1688049, 35.5253542 ], [ 135.1678169, 35.5258937 ], [ 135.1671735, 35.5263013 ], [ 135.1661166, 35.527059 ], [ 135.1652836, 35.5277593 ], [ 135.1646, 35.5284136 ], [ 135.1640313, 35.5290508 ], [ 135.1634282, 35.5297913 ], [ 135.1629456, 35.530503 ], [ 135.162354, 35.5314961 ], [ 135.1618312, 35.5325523 ], [ 135.1611419, 35.5339758 ], [ 135.1602171, 35.5357265 ], [ 135.158959, 35.5378331 ], [ 135.1570978, 35.540531 ], [ 135.1564717, 35.5413805 ], [ 135.155903, 35.5420406 ], [ 135.1543118, 35.5437856 ], [ 135.1528987, 35.5450714 ], [ 135.1521519, 35.5457085 ], [ 135.1506354, 35.5468049 ], [ 135.1494693, 35.5475282 ], [ 135.1482802, 35.5481825 ], [ 135.1470738, 35.5487393 ], [ 135.1460181, 35.5492588 ], [ 135.1448492, 35.5496914 ], [ 135.1443309, 35.5498807 ], [ 135.1432061, 35.5502411 ], [ 135.1417173, 35.5506557 ], [ 135.1399088, 35.5511243 ], [ 135.1393574, 35.55129 ], [ 135.1368221, 35.5519356 ], [ 135.1327929, 35.5531967 ], [ 135.1297789, 35.5543389 ], [ 135.1281926, 35.5552113 ], [ 135.1257211, 35.5569705 ], [ 135.1238176, 35.5588424 ], [ 135.1224454, 35.5608173 ], [ 135.1213191, 35.5631889 ], [ 135.1209384, 35.564791 ], [ 135.1206608, 35.566839 ], [ 135.1208115, 35.569036 ], [ 135.1211922, 35.5712965 ], [ 135.1213112, 35.5727162 ], [ 135.1214222, 35.5738219 ], [ 135.1212795, 35.5748213 ], [ 135.1211684, 35.5752813 ] ] } },
{ "type": "Feature", "properties": { "N12_001": "26", "N12_002": 2, "N12_003": 9, "N12_004": "-", "N12_005": 102, "N12_006": 1 }, "geometry": { "type": "LineString", "coordinates": [ [ 135.8226554, 34.7365394 ], [ 135.8233963, 34.7365459 ] ] } },
{ "type": "Feature", "properties": { "N12_001": "26", "N12_002": 2, "N12_003": 9, "N12_004": "-", "N12_005": 103, "N12_006": 1 }, "geometry": { "type": "LineString", "coordinates": [ [ 135.8233963, 34.7365459 ], [ 135.823974, 34.7365509 ], [ 135.8239966, 34.7373628 ], [ 135.8240032, 34.738266 ], [ 135.8240323, 34.7385924 ] ] } },
{ "type": "Feature", "properties": { "N12_001": "26", "N12_002": 2, "N12_003": 9, "N12_004": "-", "N12_005": 104, "N12_006": 1 }, "geometry": { "type": "LineString", "coordinates": [ [ 135.7866772, 34.7600861 ], [ 135.7857609, 34.7600818 ] ] } },
{ "type": "Feature", "properties": { "N12_001": "26", "N12_002": 1, "N12_003": 3, "N12_004": "一般国道1号", "N12_005": 20, "N12_006": 6 }, "geometry": { "type": "LineString", "coordinates": [ [ 135.7358339, 34.8637857 ], [ 135.7362554, 34.8642711 ], [ 135.7374949, 34.8655226 ], [ 135.7380195, 34.8660519 ], [ 135.7384695, 34.8665042 ], [ 135.7389864, 34.8670387 ], [ 135.7393798, 34.867437 ], [ 135.7400368, 34.8680858 ], [ 135.7405306, 34.8685741 ], [ 135.7409001, 34.8689431 ], [ 135.7416157, 34.8696688 ], [ 135.7430661, 34.8711772 ], [ 135.7442129, 34.8723567 ], [ 135.7450564, 34.8732226 ], [ 135.7457944, 34.8739678 ], [ 135.7466662, 34.874857 ], [ 135.7469631, 34.8751585 ] ] } },
{ "type": "Feature", "properties": { "N12_001": "26", "N12_002": 2, "N12_003": 6, "N12_004": "京都府道生駒精華線", "N12_005": 105, "N12_006": 1 }, "geometry": { "type": "LineString", "coordinates": [ [ 135.782895, 34.7480075 ], [ 135.7888266, 34.7509979 ], [ 135.7880144, 34.7522834 ], [ 135.7876555, 34.7531008 ], [ 135.7864511, 34.7567679 ], [ 135.786282, 34.7577463 ], [ 135.7863545, 34.7587432 ], [ 135.7866772, 34.7600861 ] ] } },
{ "type": "Feature", "properties": { "N12_001": "26", "N12_002": 2, "N12_003": 6, "N12_004": "京都府道八幡木津線", "N12_005": 28, "N12_006": 3 }, "geometry": { "type": "LineString", "coordinates": [ [ 135.7866772, 34.7600861 ], [ 135.7873596, 34.762946 ], [ 135.7875149, 34.7637406 ], [ 135.7875926, 34.7643847 ], [ 135.7876314, 34.764955 ], [ 135.787863, 34.7687568 ] ] } },
{ "type": "Feature", "properties": { "N12_001": "26", "N12_002": 2, "N12_003": 6, "N12_004": "京都府道　大山崎大枝線", "N12_005": 49, "N12_006": 4 }, "geometry": { "type": "LineString", "coordinates": [ [ 135.6885792, 34.9038549 ], [ 135.6882724, 34.9031602 ], [ 135.6880392, 34.9026657 ] ] } },
{ "type": "Feature", "properties": { "N12_001": "26", "N12_002": 2, "N12_003": 9, "N12_004": "-", "N12_005": 106, "N12_006": 1 }, "geometry": { "type": "LineString", "coordinates": [ [ 135.6835244, 34.92899 ], [ 135.6830909, 34.9285717 ], [ 135.6826202, 34.9278882 ], [ 135.6823229, 34.9276332 ] ] } },
{ "type": "Feature", "properties": { "N12_001": "26", "N12_002": 1, "N12_003": 6, "N12_004": "京都府道　八幡木津線", "N12_005": 6, "N12_006": 2 }, "geometry": { "type": "LineString", "coordinates": [ [ 135.7378603, 34.863586 ], [ 135.7361948, 34.8636435 ], [ 135.7358339, 34.8637857 ], [ 135.7357236, 34.8638266 ] ] } },
{ "type": "Feature", "properties": { "N12_001": "26", "N12_002": 2, "N12_003": 3, "N12_004": "一般国道477号", "N12_005": 107, "N12_006": 1 }, "geometry": { "type": "LineString", "coordinates": [ [ 135.5247047, 35.0744782 ], [ 135.5263992, 35.0749905 ], [ 135.5264517, 35.0748915 ] ] } },
{ "type": "Feature", "properties": { "N12_001": "26", "N12_002": 2, "N12_003": 7, "N12_004": "京都市道久世89号線", "N12_005": 108, "N12_006": 1 }, "geometry": { "type": "LineString", "coordinates": [ [ 135.7122413, 34.9645433 ], [ 135.7126231, 34.9644426 ], [ 135.7128162, 34.9643288 ], [ 135.7131553, 34.9641108 ], [ 135.7133084, 34.9640107 ], [ 135.7137541, 34.9638048 ], [ 135.714015, 34.9637014 ], [ 135.7143145, 34.9636178 ], [ 135.7147542, 34.9635222 ], [ 135.7152723, 34.9634324 ], [ 135.7154159, 34.9634075 ], [ 135.7157811, 34.96341 ], [ 135.7159375, 34.9633895 ], [ 135.7160431, 34.9633756 ], [ 135.7163881, 34.9633475 ], [ 135.7166269, 34.9633475 ], [ 135.7166754, 34.9633493 ], [ 135.716885, 34.9633569 ], [ 135.7171619, 34.9633789 ], [ 135.7173433, 34.963401 ], [ 135.7174425, 34.9634131 ], [ 135.7176603, 34.9634697 ] ] } },
{ "type": "Feature", "properties": { "N12_001": "26", "N12_002": 2, "N12_003": 7, "N12_004": "京田辺市道興戸三山木線", "N12_005": 109, "N12_006": 1 }, "geometry": { "type": "LineString", "coordinates": [ [ 135.7725682, 34.8119133 ], [ 135.7720261, 34.8125515 ], [ 135.7715453, 34.8131102 ], [ 135.7713372, 34.8133598 ], [ 135.7711886, 34.8135198 ], [ 135.7709495, 34.8138422 ] ] } },
{ "type": "Feature", "properties": { "N12_001": "26", "N12_002": 2, "N12_003": 3, "N12_004": "一般国道178号", "N12_005": 12, "N12_006": 2 }, "geometry": { "type": "LineString", "coordinates": [ [ 135.1504679, 35.5529653 ], [ 135.1508844, 35.5541228 ], [ 135.1512631, 35.5551003 ], [ 135.1515184, 35.5557138 ], [ 135.1516906, 35.5560349 ], [ 135.151857, 35.5562699 ], [ 135.1520578, 35.556528 ], [ 135.1526688, 35.5571271 ], [ 135.1530389, 35.5574711 ], [ 135.1533287, 35.5578466 ], [ 135.1534406, 35.5580301 ], [ 135.1534951, 35.5581419 ], [ 135.153541, 35.5582595 ], [ 135.1535754, 35.5584229 ], [ 135.1536242, 35.5586665 ], [ 135.1536557, 35.5589245 ], [ 135.1536357, 35.5591911 ], [ 135.1535898, 35.5595094 ], [ 135.1535467, 35.559925 ], [ 135.1535152, 35.5602432 ], [ 135.1534635, 35.5607334 ], [ 135.1534406, 35.5609542 ], [ 135.1534119, 35.5611778 ], [ 135.1533861, 35.5613899 ], [ 135.153343, 35.5617569 ], [ 135.1532656, 35.5623589 ], [ 135.1532082, 35.5627029 ], [ 135.1529328, 35.563044 ], [ 135.1526564, 35.5633997 ], [ 135.1523332, 35.5638066 ], [ 135.1521524, 35.5641019 ], [ 135.1521811, 35.5643083 ], [ 135.1522156, 35.5644688 ], [ 135.1523676, 35.5651769 ], [ 135.1524221, 35.5652973 ], [ 135.1525857, 35.5657818 ], [ 135.1527693, 35.5659624 ], [ 135.1530303, 35.5662146 ], [ 135.153125, 35.5663752 ], [ 135.1532914, 35.566636 ], [ 135.1535926, 35.5671521 ], [ 135.1538193, 35.5675763 ], [ 135.1540086, 35.5678888 ], [ 135.1541664, 35.5680866 ], [ 135.1548635, 35.5689552 ], [ 135.155248, 35.5694082 ], [ 135.1555004, 35.5697407 ], [ 135.1556554, 35.5699242 ], [ 135.155882, 35.5702109 ], [ 135.1560054, 35.5703456 ], [ 135.1560742, 35.5704345 ], [ 135.1561861, 35.5704975 ], [ 135.156407, 35.5705749 ], [ 135.1578587, 35.5708645 ], [ 135.1589259, 35.5710852 ], [ 135.1603489, 35.5713719 ], [ 135.161379, 35.5715836 ], [ 135.1624833, 35.5718105 ], [ 135.1637944, 35.5721 ], [ 135.163997, 35.5721379 ], [ 135.1650251, 35.5723122 ], [ 135.1656018, 35.5724526 ], [ 135.1661297, 35.5725988 ], [ 135.1666776, 35.5727766 ], [ 135.1673023, 35.573045 ], [ 135.1682172, 35.5733336 ], [ 135.1695015, 35.573745 ], [ 135.1701197, 35.5739423 ], [ 135.1713739, 35.5743539 ], [ 135.1724833, 35.5746975 ], [ 135.17309, 35.5748892 ], [ 135.1747094, 35.5753458 ], [ 135.1755914, 35.5755861 ], [ 135.1761078, 35.5757214 ], [ 135.1771628, 35.5759658 ], [ 135.1787205, 35.5763391 ], [ 135.1797406, 35.576597 ], [ 135.1802092, 35.5767436 ], [ 135.1826767, 35.5776848 ], [ 135.1850978, 35.5786289 ], [ 135.1875558, 35.579567 ], [ 135.1900094, 35.5804905 ], [ 135.1918365, 35.5811989 ], [ 135.1930692, 35.5816747 ], [ 135.1932967, 35.581742 ], [ 135.1939514, 35.5819731 ], [ 135.1943581, 35.5821028 ], [ 135.1944617, 35.5821253 ], [ 135.1947578, 35.5821139 ], [ 135.1951306, 35.5820622 ], [ 135.1951846, 35.5820497 ], [ 135.1952817, 35.5820125 ], [ 135.19595, 35.5817134 ], [ 135.1965442, 35.5814683 ], [ 135.1973336, 35.5814992 ], [ 135.1978521, 35.5815766 ], [ 135.198324, 35.5817729 ], [ 135.1990188, 35.5821477 ], [ 135.1994732, 35.5824261 ], [ 135.1998752, 35.5826117 ], [ 135.2007404, 35.5829187 ], [ 135.2015793, 35.5832114 ], [ 135.2036636, 35.5839645 ], [ 135.204721, 35.5844 ], [ 135.204874, 35.5844821 ], [ 135.2052197, 35.5846728 ], [ 135.2054403, 35.5849658 ], [ 135.2055146, 35.5850635 ], [ 135.2057564, 35.5853673 ], [ 135.2059777, 35.5858408 ], [ 135.2062114, 35.5864408 ], [ 135.2062322, 35.5864872 ], [ 135.2064817, 35.5871411 ], [ 135.2064918, 35.5871655 ], [ 135.2067808, 35.5880126 ], [ 135.2071056, 35.5887478 ], [ 135.2074304, 35.5892796 ], [ 135.2086246, 35.5908885 ], [ 135.2089934, 35.5913691 ], [ 135.2092718, 35.5916808 ], [ 135.2096239, 35.5919735 ], [ 135.2102711, 35.5923447 ], [ 135.211004, 35.5927492 ], [ 135.2115632, 35.5930776 ], [ 135.2118321, 35.5932703 ], [ 135.2120296, 35.5934583 ], [ 135.2121462, 35.5936391 ], [ 135.2124626, 35.5942601 ], [ 135.213051, 35.5954576 ], [ 135.2131283, 35.595764 ], [ 135.2132502, 35.5964719 ], [ 135.2134221, 35.5973538 ], [ 135.2135221, 35.5975632 ], [ 135.2136839, 35.5978107 ], [ 135.2139028, 35.5980201 ], [ 135.2141883, 35.5982152 ], [ 135.2146914, 35.5985337 ], [ 135.2160881, 35.5997282 ], [ 135.2168496, 35.6003658 ], [ 135.2174064, 35.600856 ], [ 135.2175824, 35.600994 ], [ 135.2178299, 35.6011749 ], [ 135.2181202, 35.6013271 ], [ 135.2189547, 35.6017731 ], [ 135.2190832, 35.6018511 ], [ 135.2194829, 35.6020958 ], [ 135.2196616, 35.6022154 ], [ 135.2201481, 35.6027214 ], [ 135.2205547, 35.6031342 ], [ 135.2210144, 35.6036181 ], [ 135.2213756, 35.6040133 ], [ 135.2217344, 35.6043853 ], [ 135.222045, 35.6047347 ], [ 135.2226144, 35.6053222 ], [ 135.2229897, 35.6057097 ], [ 135.2233418, 35.6060874 ], [ 135.2236638, 35.60643 ], [ 135.2239144, 35.6066789 ], [ 135.2242888, 35.6070729 ], [ 135.2247939, 35.6076121 ], [ 135.2255384, 35.6083691 ], [ 135.228021, 35.6108611 ], [ 135.2286606, 35.6115031 ], [ 135.2294539, 35.6123086 ], [ 135.2298971, 35.6127576 ], [ 135.2301293, 35.6130054 ], [ 135.2304123, 35.6132806 ], [ 135.2305026, 35.6133685 ], [ 135.2307508, 35.6136106 ], [ 135.2309786, 35.6138417 ], [ 135.2314517, 35.6143075 ], [ 135.2320569, 35.6148976 ], [ 135.23251, 35.6153578 ], [ 135.2327858, 35.6155886 ], [ 135.2329421, 35.6156903 ], [ 135.2330686, 35.6157689 ], [ 135.2333653, 35.6159042 ], [ 135.2337415, 35.6160189 ], [ 135.2344162, 35.6161735 ], [ 135.2350347, 35.616327 ], [ 135.2352728, 35.6163817 ], [ 135.2361077, 35.6166667 ], [ 135.2364841, 35.6167952 ], [ 135.2371803, 35.6170258 ], [ 135.2374425, 35.6171103 ], [ 135.2376978, 35.6171611 ], [ 135.2386911, 35.617285 ], [ 135.2389256, 35.6173131 ], [ 135.2394844, 35.6174147 ], [ 135.2401467, 35.6176006 ], [ 135.2406158, 35.6177189 ], [ 135.2409609, 35.6177978 ], [ 135.2411128, 35.6178542 ], [ 135.2415125, 35.6180797 ], [ 135.2416667, 35.6181761 ], [ 135.2418369, 35.6182825 ], [ 135.2422231, 35.6185531 ], [ 135.2424647, 35.61875 ], [ 135.2426508, 35.6189531 ], [ 135.2427888, 35.6191716 ], [ 135.2429815, 35.6194215 ], [ 135.2432504, 35.619619 ], [ 135.2438477, 35.6200568 ], [ 135.2442803, 35.6203021 ], [ 135.2445282, 35.6204851 ], [ 135.2447709, 35.620842 ], [ 135.2448756, 35.6211299 ], [ 135.2449113, 35.6214869 ], [ 135.2449065, 35.6220793 ], [ 135.2448875, 35.6229669 ], [ 135.2448851, 35.6232167 ], [ 135.2449351, 35.6235855 ], [ 135.245032, 35.6241539 ], [ 135.2451149, 35.6243973 ], [ 135.2451751, 35.6245805 ], [ 135.2452319, 35.6246981 ], [ 135.2453875, 35.625 ], [ 135.2454951, 35.6252134 ], [ 135.2456902, 35.6255686 ], [ 135.2457354, 35.6257162 ], [ 135.2457092, 35.6259041 ], [ 135.2455593, 35.6264823 ], [ 135.2455389, 35.6268019 ], [ 135.245564, 35.6270106 ], [ 135.2456116, 35.6271962 ], [ 135.2455759, 35.6277458 ], [ 135.2455783, 35.6283693 ], [ 135.2455474, 35.6289784 ], [ 135.2455165, 35.6294376 ], [ 135.2455688, 35.6296994 ], [ 135.245852, 35.6308796 ], [ 135.2460185, 35.6312127 ], [ 135.2462636, 35.6315125 ], [ 135.2467657, 35.6319979 ], [ 135.2469846, 35.6323763 ], [ 135.2472391, 35.6330027 ], [ 135.2473605, 35.6333399 ], [ 135.2474914, 35.6336612 ], [ 135.2475771, 35.6340181 ], [ 135.2476223, 35.6345463 ], [ 135.2476723, 35.6347391 ], [ 135.2478697, 35.635215 ], [ 135.248072, 35.6356218 ], [ 135.2483718, 35.6363976 ], [ 135.2486692, 35.6371495 ], [ 135.2488049, 35.6373708 ], [ 135.2489929, 35.6375635 ], [ 135.2493141, 35.6378728 ], [ 135.2494759, 35.6382416 ], [ 135.2495473, 35.6386866 ], [ 135.2496377, 35.638915 ], [ 135.249759, 35.6390982 ], [ 135.2500303, 35.6394599 ], [ 135.2501041, 35.6396384 ], [ 135.2502302, 35.6400857 ], [ 135.2502458, 35.6404128 ], [ 135.2502872, 35.6409083 ], [ 135.2503205, 35.6415052 ], [ 135.2504144, 35.6424685 ], [ 135.2504947, 35.643334 ], [ 135.2505334, 35.643572 ], [ 135.2506167, 35.6438991 ], [ 135.2507238, 35.6441401 ], [ 135.2508308, 35.6446011 ], [ 135.2510212, 35.645535 ], [ 135.2511461, 35.6457878 ], [ 135.2516161, 35.6466355 ], [ 135.2518034, 35.6470757 ], [ 135.2519373, 35.6474118 ], [ 135.2523983, 35.6482744 ], [ 135.2528147, 35.6490388 ], [ 135.2530973, 35.649479 ], [ 135.2535732, 35.6501661 ], [ 135.253823, 35.650517 ], [ 135.2541204, 35.6508977 ], [ 135.2543346, 35.6511119 ], [ 135.254632, 35.6514539 ], [ 135.2551198, 35.652022 ], [ 135.2553265, 35.6523386 ], [ 135.2555276, 35.6525796 ], [ 135.2559092, 35.6528977 ], [ 135.2562899, 35.6534021 ], [ 135.2566706, 35.653859 ], [ 135.2572131, 35.6544538 ], [ 135.2576605, 35.6549155 ], [ 135.2583267, 35.6554294 ], [ 135.2588455, 35.6558434 ], [ 135.2589168, 35.6561385 ], [ 135.2589549, 35.6568143 ], [ 135.2587884, 35.6571997 ], [ 135.2582056, 35.6575795 ], [ 135.2581484, 35.6576108 ], [ 135.2579997, 35.6576908 ], [ 135.2578203, 35.6577811 ], [ 135.2575789, 35.6579333 ], [ 135.2574617, 35.6580461 ], [ 135.2573719, 35.6581642 ], [ 135.2573375, 35.6582372 ], [ 135.2572576, 35.6585805 ], [ 135.2572933, 35.6591052 ], [ 135.2575003, 35.6595264 ], [ 135.257868, 35.659969 ], [ 135.2582978, 35.6604502 ], [ 135.2589958, 35.6613003 ], [ 135.2601234, 35.6630692 ], [ 135.2607732, 35.6639834 ], [ 135.2611936, 35.664645 ], [ 135.2612759, 35.6647634 ], [ 135.2615108, 35.6651014 ], [ 135.2615837, 35.6651962 ], [ 135.2619315, 35.6655478 ], [ 135.2621671, 35.6657441 ], [ 135.2626096, 35.6660153 ], [ 135.2631914, 35.6662616 ], [ 135.2638696, 35.66649 ], [ 135.2647476, 35.6667792 ], [ 135.2655364, 35.6671289 ], [ 135.2661753, 35.6675001 ], [ 135.2678635, 35.6688814 ], [ 135.269077, 35.6699165 ], [ 135.2708795, 35.671644 ], [ 135.2716504, 35.672547 ], [ 135.2722077, 35.6733738 ], [ 135.272676, 35.6740914 ], [ 135.273229, 35.6748982 ], [ 135.2738048, 35.6754765 ], [ 135.2743708, 35.6759744 ], [ 135.2750795, 35.6765044 ], [ 135.2759801, 35.6769984 ], [ 135.2767921, 35.6773798 ], [ 135.2782883, 35.6779902 ], [ 135.2792086, 35.6783797 ], [ 135.28163, 35.6793595 ], [ 135.2840269, 35.6803594 ], [ 135.2855794, 35.681055 ], [ 135.2858074, 35.6811463 ], [ 135.286286, 35.6813432 ], [ 135.286769, 35.6816372 ], [ 135.2872972, 35.6819494 ], [ 135.2876769, 35.6822126 ], [ 135.2880209, 35.6824793 ] ] } },
{ "type": "Feature", "properties": { "N12_001": "26", "N12_002": 1, "N12_003": 1, "N12_004": "近畿自動車道敦賀線", "N12_005": 110, "N12_006": 1 }, "geometry": { "type": "LineString", "coordinates": [ [ 135.1784694, 35.2827935 ], [ 135.1782198, 35.2834426 ], [ 135.1763706, 35.2848899 ], [ 135.1762574, 35.2852876 ], [ 135.1763286, 35.2856652 ], [ 135.177356, 35.286256 ] ] } },
{ "type": "Feature", "properties": { "N12_001": "26", "N12_002": 1, "N12_003": 1, "N12_004": "近畿自動車道敦賀線", "N12_005": 110, "N12_006": 2 }, "geometry": { "type": "LineString", "coordinates": [ [ 135.257448, 35.327204 ], [ 135.257484, 35.3271137 ], [ 135.2575506, 35.3269369 ], [ 135.2577541, 35.3263639 ], [ 135.2578752, 35.326036 ], [ 135.2580328, 35.32555 ], [ 135.2581964, 35.3251572 ], [ 135.2582426, 35.3250681 ], [ 135.2583333, 35.3248933 ], [ 135.2583435, 35.3248737 ], [ 135.2586544, 35.3243669 ], [ 135.2588675, 35.3240569 ], [ 135.2588726, 35.3240506 ], [ 135.258896, 35.3240218 ], [ 135.2590186, 35.3238708 ], [ 135.2591835, 35.323702 ], [ 135.2593003, 35.3236006 ], [ 135.2595477, 35.3234259 ], [ 135.2596578, 35.3233581 ], [ 135.2598639, 35.3232453 ], [ 135.2598974, 35.3232333 ], [ 135.2599625, 35.3232101 ], [ 135.2600113, 35.3231927 ], [ 135.2601878, 35.3231222 ], [ 135.2603875, 35.3230586 ], [ 135.26064, 35.3229917 ], [ 135.2608537, 35.3229531 ], [ 135.2609615, 35.3229337 ], [ 135.2610454, 35.3229186 ], [ 135.2612378, 35.3228958 ], [ 135.2612858, 35.3228847 ], [ 135.261798, 35.3228335 ] ] } },
{ "type": "Feature", "properties": { "N12_001": "26", "N12_002": 1, "N12_003": 1, "N12_004": "近畿自動車道敦賀線", "N12_005": 110, "N12_006": 3 }, "geometry": { "type": "LineString", "coordinates": [ [ 135.292362, 35.349798 ], [ 135.2921363, 35.3499809 ], [ 135.2919231, 35.3501913 ], [ 135.2916721, 35.3504637 ], [ 135.291413, 35.3507793 ], [ 135.2912268, 35.3510153 ], [ 135.2910967, 35.3512115 ], [ 135.2909298, 35.3515157 ], [ 135.2908571, 35.3517203 ], [ 135.2907814, 35.3520339 ], [ 135.2907408, 35.3522953 ], [ 135.2907261, 35.3525338 ], [ 135.2907408, 35.3527969 ], [ 135.2907498, 35.3528522 ], [ 135.2907636, 35.3529375 ], [ 135.2907797, 35.3530318 ], [ 135.2907998, 35.3531499 ], [ 135.2908611, 35.3534114 ], [ 135.2909438, 35.3536102 ], [ 135.2910225, 35.3538 ], [ 135.2911669, 35.3541042 ], [ 135.2912289, 35.3542622 ], [ 135.2912628, 35.3544189 ], [ 135.2912626, 35.3544226 ], [ 135.2912582, 35.3545129 ], [ 135.2912541, 35.3545974 ], [ 135.2912072, 35.3547236 ], [ 135.2911355, 35.3548893 ], [ 135.2909683, 35.3551117 ], [ 135.2907785, 35.3553087 ], [ 135.2906318, 35.3554378 ], [ 135.2904381, 35.3555504 ], [ 135.2902308, 35.3556413 ], [ 135.2899886, 35.3557129 ], [ 135.2896975, 35.3557785 ], [ 135.2894407, 35.3558009 ], [ 135.2892025, 35.3557908 ] ] } },
{ "type": "Feature", "properties": { "N12_001": "26", "N12_002": 1, "N12_003": 1, "N12_004": "近畿自動車道敦賀線", "N12_005": 110, "N12_006": 4 }, "geometry": { "type": "LineString", "coordinates": [ [ 135.3410723, 35.4101462 ], [ 135.3409689, 35.4099948 ], [ 135.3409448, 35.409959 ], [ 135.3409172, 35.4098821 ], [ 135.3409189, 35.4098527 ], [ 135.3409213, 35.4098129 ], [ 135.3409376, 35.4096639 ], [ 135.3409585, 35.4094736 ], [ 135.34104, 35.4088339 ], [ 135.3410572, 35.4086585 ], [ 135.3410927, 35.4082959 ], [ 135.3410937, 35.4082854 ], [ 135.3411422, 35.4072524 ], [ 135.3411381, 35.4070058 ], [ 135.3411216, 35.406827 ], [ 135.3410927, 35.4065468 ], [ 135.3410355, 35.4062973 ], [ 135.3409905, 35.4061502 ], [ 135.3409289, 35.4059936 ], [ 135.3407937, 35.4057361 ], [ 135.3407597, 35.4056767 ], [ 135.3406826, 35.4055417 ], [ 135.3406553, 35.4054939 ], [ 135.3404833, 35.4052517 ], [ 135.3402153, 35.4049472 ], [ 135.3400037, 35.4047842 ], [ 135.3399005, 35.4047437 ], [ 135.3393961, 35.404429 ], [ 135.3391668, 35.4042822 ], [ 135.3389904, 35.4041661 ], [ 135.3389813, 35.4041573 ], [ 135.3389562, 35.4041333 ], [ 135.338827, 35.4040262 ], [ 135.33878, 35.4039781 ], [ 135.3386409, 35.4038419 ], [ 135.338581, 35.4037732 ], [ 135.3384717, 35.4036248 ], [ 135.3383817, 35.4034772 ], [ 135.3383393, 35.4033941 ], [ 135.3382033, 35.403146 ], [ 135.3381432, 35.4030155 ], [ 135.338082, 35.4028171 ], [ 135.3380377, 35.4026003 ] ] } },
{ "type": "Feature", "properties": { "N12_001": "26", "N12_002": 1, "N12_003": 1, "N12_004": "近畿自動車道敦賀線", "N12_005": 110, "N12_006": 5 }, "geometry": { "type": "LineString", "coordinates": [ [ 135.4218299, 35.4588814 ], [ 135.4216422, 35.458953 ], [ 135.4214025, 35.4590446 ], [ 135.4211717, 35.4591594 ], [ 135.4209809, 35.4592758 ], [ 135.420881, 35.4593526 ], [ 135.4208803, 35.4593533 ], [ 135.4208466, 35.4593892 ], [ 135.4207877, 35.4594519 ], [ 135.4206228, 35.4596496 ], [ 135.4204712, 35.4599301 ], [ 135.4203489, 35.4603497 ], [ 135.4202681, 35.4606788 ], [ 135.4200283, 35.4613612 ], [ 135.4199772, 35.4616393 ], [ 135.4199508, 35.4620886 ], [ 135.4199436, 35.4627011 ] ] } },
{ "type": "Feature", "properties": { "N12_001": "26", "N12_002": 1, "N12_003": 1, "N12_004": "近畿自動車道敦賀線", "N12_005": 110, "N12_006": 6 }, "geometry": { "type": "LineString", "coordinates": [ [ 135.1731724, 35.2159903 ], [ 135.175313, 35.217386 ], [ 135.179999, 35.220516 ], [ 135.183528, 35.223046 ], [ 135.185105, 35.224364 ], [ 135.186162, 35.225554 ], [ 135.187475, 35.227374 ], [ 135.188098, 35.228401 ], [ 135.188686, 35.22982 ], [ 135.189018, 35.230992 ], [ 135.18911, 35.231407 ], [ 135.189187, 35.232133 ], [ 135.189201, 35.232725 ], [ 135.189132, 35.233762 ], [ 135.189009, 35.234537 ], [ 135.188781, 35.23527 ], [ 135.188485, 35.23609 ], [ 135.188298, 35.236513 ], [ 135.187747, 35.237543 ], [ 135.186949, 35.238703 ], [ 135.185855, 35.240036 ], [ 135.185071, 35.24099 ], [ 135.184546, 35.24169 ], [ 135.18379, 35.242802 ], [ 135.183083, 35.243963 ], [ 135.182668, 35.244854 ], [ 135.182404, 35.245561 ], [ 135.182158, 35.246291 ], [ 135.181884, 35.247276 ], [ 135.181693, 35.248058 ], [ 135.18157, 35.249005 ], [ 135.181474, 35.250136 ], [ 135.181497, 35.250768 ], [ 135.181524, 35.251184 ], [ 135.181679, 35.252307 ], [ 135.181784, 35.252894 ], [ 135.182194, 35.25395 ], [ 135.182532, 35.254684 ], [ 135.182723, 35.255354 ], [ 135.183161, 35.257053 ], [ 135.183234, 35.258405 ], [ 135.183152, 35.260041 ], [ 135.183087, 35.260749 ], [ 135.183133, 35.261583 ], [ 135.18332, 35.262665 ], [ 135.183498, 35.263118 ], [ 135.183785, 35.263705 ], [ 135.186037, 35.266322 ], [ 135.186466, 35.266962 ], [ 135.187104, 35.268115 ], [ 135.187402, 35.268901 ], [ 135.187516, 35.269403 ], [ 135.187576, 35.270294 ], [ 135.187439, 35.271039 ], [ 135.187225, 35.271593 ], [ 135.186928, 35.272094 ], [ 135.185894, 35.273199 ], [ 135.184608, 35.274303 ], [ 135.184011, 35.275029 ], [ 135.183359, 35.276291 ], [ 135.182748, 35.277829 ], [ 135.182019, 35.279574 ], [ 135.181508, 35.28042 ], [ 135.180556, 35.281636 ], [ 135.179895, 35.282497 ], [ 135.178969, 35.28365 ], [ 135.178326, 35.284418 ], [ 135.177766, 35.28523 ], [ 135.177551, 35.28578 ], [ 135.177443, 35.286027 ], [ 135.177356, 35.286256 ], [ 135.177114, 35.286961 ], [ 135.176977, 35.28748 ], [ 135.176868, 35.288307 ], [ 135.176906, 35.289353 ], [ 135.177064, 35.290606 ], [ 135.177328, 35.291777 ], [ 135.177506, 35.292395 ], [ 135.177793, 35.29293 ], [ 135.178212, 35.293421 ], [ 135.179047, 35.294087 ], [ 135.179585, 35.294398 ], [ 135.180378, 35.294694 ], [ 135.182046, 35.294978 ], [ 135.183081, 35.295195 ], [ 135.184271, 35.295562 ], [ 135.185233, 35.296176 ], [ 135.186099, 35.296951 ], [ 135.187225, 35.298175 ], [ 135.187589, 35.29874 ], [ 135.188041, 35.299575 ], [ 135.188367, 35.300427 ], [ 135.188866, 35.302132 ], [ 135.189094, 35.302772 ], [ 135.1894828, 35.3035153 ], [ 135.1895796, 35.3037004 ], [ 135.189626, 35.303789 ], [ 135.189923, 35.304184 ], [ 135.190256, 35.304606 ], [ 135.190936, 35.305377 ], [ 135.191655, 35.306096 ], [ 135.192462, 35.306867 ], [ 135.192973, 35.307534 ], [ 135.194126, 35.309203 ], [ 135.19443, 35.309692 ], [ 135.195621, 35.311606 ], [ 135.196173, 35.31262 ], [ 135.196835, 35.313947 ], [ 135.19705, 35.314349 ], [ 135.1971061, 35.3144756 ], [ 135.1976649, 35.3167034 ], [ 135.1980932, 35.3180168 ], [ 135.1990783, 35.3196872 ], [ 135.2000497, 35.3204807 ], [ 135.2011284, 35.321258 ], [ 135.2033968, 35.322765 ], [ 135.2052589, 35.3239151 ], [ 135.206944, 35.324205 ], [ 135.207473, 35.324254 ], [ 135.208079, 35.324284 ], [ 135.208558, 35.324295 ], [ 135.209096, 35.324295 ], [ 135.209647, 35.324262 ], [ 135.210737, 35.324175 ], [ 135.211762, 35.324071 ], [ 135.212929, 35.323936 ], [ 135.213973, 35.323857 ], [ 135.215085, 35.323801 ], [ 135.216148, 35.32379 ], [ 135.216731, 35.323805 ], [ 135.2179242, 35.3242244 ], [ 135.2204464, 35.3253348 ], [ 135.223397, 35.3268894 ], [ 135.2256495, 35.3279205 ], [ 135.2273786, 35.3283964 ], [ 135.2285525, 35.3285868 ], [ 135.2294567, 35.3285233 ], [ 135.2306781, 35.3282536 ], [ 135.232541, 35.327264 ], [ 135.232907, 35.327095 ], [ 135.233828, 35.326567 ], [ 135.235259, 35.325774 ], [ 135.236727, 35.324928 ], [ 135.238035, 35.324258 ], [ 135.238568, 35.324033 ], [ 135.239594, 35.323636 ], [ 135.24051, 35.323337 ], [ 135.241919, 35.322929 ], [ 135.242512, 35.322779 ], [ 135.243273, 35.322659 ], [ 135.244262, 35.322506 ], [ 135.245233, 35.322409 ], [ 135.24656, 35.322371 ], [ 135.247672, 35.322394 ], [ 135.2481, 35.322457 ], [ 135.248565, 35.322581 ], [ 135.249349, 35.322895 ], [ 135.250338, 35.323479 ], [ 135.251136, 35.324059 ], [ 135.252262, 35.324932 ], [ 135.252882, 35.325358 ], [ 135.253602, 35.325811 ], [ 135.25409, 35.326085 ], [ 135.254391, 35.326242 ], [ 135.254865, 35.326448 ], [ 135.255508, 35.326695 ], [ 135.2561, 35.326892 ], [ 135.257448, 35.327204 ], [ 135.258024, 35.327282 ], [ 135.25962, 35.327481 ], [ 135.261384, 35.327664 ], [ 135.262455, 35.327833 ], [ 135.263472, 35.328072 ], [ 135.264616, 35.32845 ], [ 135.265919, 35.329001 ], [ 135.266731, 35.329454 ], [ 135.26715, 35.329716 ], [ 135.267493, 35.329967 ], [ 135.267837, 35.330237 ], [ 135.268296, 35.330602 ], [ 135.268519, 35.330812 ], [ 135.268859, 35.33115 ], [ 135.269175, 35.331592 ], [ 135.26938, 35.331908 ], [ 135.269599, 35.332294 ], [ 135.269757, 35.332625 ], [ 135.269916, 35.333031 ], [ 135.270039, 35.33334 ], [ 135.270302, 35.334313 ], [ 135.270448, 35.334717 ], [ 135.270653, 35.335114 ], [ 135.270909, 35.335612 ], [ 135.271228, 35.336061 ], [ 135.27151, 35.336371 ], [ 135.271766, 35.336577 ], [ 135.27212, 35.336888 ], [ 135.272732, 35.337281 ], [ 135.273165, 35.337626 ], [ 135.273781, 35.338172 ], [ 135.274423, 35.338853 ], [ 135.27502, 35.339718 ], [ 135.275381, 35.340358 ], [ 135.276005, 35.341354 ], [ 135.276771, 35.342559 ], [ 135.2774, 35.343402 ], [ 135.278113, 35.344163 ], [ 135.279107, 35.345009 ], [ 135.280037, 35.345563 ], [ 135.280693, 35.345833 ], [ 135.281788, 35.34617 ], [ 135.282608, 35.346387 ], [ 135.283903, 35.346604 ], [ 135.285314, 35.346778 ], [ 135.286348, 35.346932 ], [ 135.287219, 35.347164 ], [ 135.288796, 35.347695 ], [ 135.289712, 35.348103 ], [ 135.290829, 35.348758 ], [ 135.292362, 35.349798 ], [ 135.293173, 35.350326 ], [ 135.293524, 35.350524 ], [ 135.29388, 35.350715 ], [ 135.2944, 35.350968 ], [ 135.295017, 35.351226 ], [ 135.295421, 35.351402 ], [ 135.295719, 35.351505 ], [ 135.296114, 35.351653 ], [ 135.296627, 35.351784 ], [ 135.296911, 35.351857 ], [ 135.297249, 35.351934 ], [ 135.298377, 35.352166 ], [ 135.298575, 35.352188 ], [ 135.299159, 35.352301 ], [ 135.299697, 35.352398 ], [ 135.300232, 35.352527 ], [ 135.300738, 35.352641 ], [ 135.30121, 35.352778 ], [ 135.301554, 35.352909 ], [ 135.302211, 35.353173 ], [ 135.302924, 35.353476 ], [ 135.303184, 35.353609 ], [ 135.303681, 35.353923 ], [ 135.304041, 35.354159 ], [ 135.304501, 35.354513 ], [ 135.304934, 35.354886 ], [ 135.305356, 35.355352 ], [ 135.305892, 35.35601 ], [ 135.306277, 35.356624 ], [ 135.30655, 35.35716 ], [ 135.306696, 35.357564 ], [ 135.306897, 35.35818 ], [ 135.306988, 35.358683 ], [ 135.307015, 35.358882 ], [ 135.307054, 35.359658 ], [ 135.307104, 35.360512 ], [ 135.3072, 35.361343 ], [ 135.3073, 35.362221 ], [ 135.307389, 35.36253 ], [ 135.307444, 35.36278 ], [ 135.307647, 35.363413 ], [ 135.30782, 35.363692 ], [ 135.307948, 35.363918 ], [ 135.308107, 35.364237 ], [ 135.308321, 35.3646 ], [ 135.308524, 35.364864 ], [ 135.30865, 35.36507 ], [ 135.30888, 35.365305 ], [ 135.309472, 35.365947 ], [ 135.310293, 35.3667 ], [ 135.310603, 35.366999 ], [ 135.310933, 35.367248 ], [ 135.311241, 35.367512 ], [ 135.312176, 35.368221 ], [ 135.312946, 35.368761 ], [ 135.313502, 35.369146 ], [ 135.314227, 35.369608 ], [ 135.314535, 35.369801 ], [ 135.314913, 35.370009 ], [ 135.315123, 35.370144 ], [ 135.315503, 35.370338 ], [ 135.315841, 35.370509 ], [ 135.316155, 35.370687 ], [ 135.316376, 35.370799 ], [ 135.317134, 35.371125 ], [ 135.317645, 35.371313 ], [ 135.318283, 35.371545 ], [ 135.318684, 35.371638 ], [ 135.319404, 35.371758 ], [ 135.320421, 35.371915 ], [ 135.321825, 35.372129 ], [ 135.322996, 35.372394 ], [ 135.323566, 35.372585 ], [ 135.324081, 35.372803 ], [ 135.324501, 35.373038 ], [ 135.324997, 35.373372 ], [ 135.325413, 35.373762 ], [ 135.325736, 35.374098 ], [ 135.326314, 35.375074 ], [ 135.326539, 35.375553 ], [ 135.326803, 35.37616 ], [ 135.326985, 35.37704 ], [ 135.327067, 35.377459 ], [ 135.327103, 35.378391 ], [ 135.327085, 35.380473 ], [ 135.327135, 35.381854 ], [ 135.327172, 35.384227 ], [ 135.327208, 35.386322 ], [ 135.3272119, 35.3865449 ], [ 135.327099, 35.389154 ], [ 135.3271847, 35.3913145 ], [ 135.3274988, 35.3927422 ], [ 135.3284271, 35.3947291 ], [ 135.3286166, 35.3951053 ], [ 135.3292933, 35.3963031 ], [ 135.3293242, 35.3963576 ], [ 135.3300781, 35.3978438 ], [ 135.3313535, 35.3995379 ], [ 135.3325242, 35.4006135 ], [ 135.3343942, 35.4014807 ], [ 135.334771, 35.401616 ], [ 135.335181, 35.401735 ], [ 135.335787, 35.401896 ], [ 135.336494, 35.402099 ], [ 135.336959, 35.40223 ], [ 135.337765, 35.402486 ], [ 135.3380377, 35.4026003 ], [ 135.338304, 35.402712 ], [ 135.339384, 35.403229 ], [ 135.340401, 35.403828 ], [ 135.341362, 35.404412 ], [ 135.342397, 35.404962 ], [ 135.342794, 35.405157 ], [ 135.343997, 35.405752 ], [ 135.344626, 35.406025 ], [ 135.345543, 35.406362 ], [ 135.345912, 35.406475 ], [ 135.346678, 35.406557 ], [ 135.347763, 35.406609 ], [ 135.34872, 35.40646 ], [ 135.350247, 35.406126 ], [ 135.350835, 35.405995 ], [ 135.35171, 35.405849 ], [ 135.352453, 35.40582 ], [ 135.353005, 35.405838 ], [ 135.353748, 35.405954 ], [ 135.354992, 35.406389 ], [ 135.356337, 35.40689 ], [ 135.357449, 35.407369 ], [ 135.357778, 35.407538 ], [ 135.358584, 35.407983 ], [ 135.359528, 35.408571 ], [ 135.360358, 35.409211 ], [ 135.361082, 35.409949 ], [ 135.361789, 35.410701 ], [ 135.362527, 35.411476 ], [ 135.363476, 35.412359 ], [ 135.364059, 35.41282 ], [ 135.365263, 35.413782 ], [ 135.365787, 35.41416 ], [ 135.366621, 35.414729 ], [ 135.367774, 35.415537 ], [ 135.368791, 35.416301 ], [ 135.37006, 35.417347 ], [ 135.371018, 35.418193 ], [ 135.371872, 35.419079 ], [ 135.372233, 35.419502 ], [ 135.372506, 35.419835 ], [ 135.372939, 35.42058 ], [ 135.373377, 35.421557 ], [ 135.373728, 35.422403 ], [ 135.373997, 35.42314 ], [ 135.37432, 35.424035 ], [ 135.37468, 35.425184 ], [ 135.374931, 35.425963 ], [ 135.375123, 35.426861 ], [ 135.375369, 35.427947 ], [ 135.375487, 35.428475 ], [ 135.375588, 35.428763 ], [ 135.375843, 35.429235 ], [ 135.375961, 35.429463 ], [ 135.376408, 35.429935 ], [ 135.376672, 35.430152 ], [ 135.37773, 35.430912 ], [ 135.378159, 35.431264 ], [ 135.378505, 35.431657 ], [ 135.378947, 35.432297 ], [ 135.379631, 35.433442 ], [ 135.380087, 35.434049 ], [ 135.380866, 35.434981 ], [ 135.381463, 35.435584 ], [ 135.382156, 35.43622 ], [ 135.3824858, 35.4364747 ], [ 135.3841352, 35.4379696 ], [ 135.3848157, 35.4386263 ], [ 135.3854153, 35.4394258 ], [ 135.3862148, 35.4406001 ], [ 135.3866859, 35.4412711 ], [ 135.3871606, 35.44186 ], [ 135.3874319, 35.4421312 ], [ 135.3879887, 35.4426559 ], [ 135.3887632, 35.443177 ], [ 135.3894771, 35.4435554 ], [ 135.3903372, 35.4438766 ], [ 135.3911724, 35.4441121 ], [ 135.391523, 35.4441591 ], [ 135.391899, 35.4442124 ], [ 135.3925287, 35.4442406 ], [ 135.3933068, 35.4442656 ], [ 135.3937985, 35.4442856 ], [ 135.3968282, 35.4442832 ], [ 135.4005377, 35.4446283 ], [ 135.4043449, 35.4449804 ], [ 135.4064959, 35.4452088 ], [ 135.4096178, 35.4456657 ], [ 135.4111689, 35.4461497 ], [ 135.411971, 35.446527 ], [ 135.412858, 35.447035 ], [ 135.41361, 35.447559 ], [ 135.413943, 35.447813 ], [ 135.414508, 35.448322 ], [ 135.415018, 35.44882 ], [ 135.415803, 35.449809 ], [ 135.416482, 35.450733 ], [ 135.416951, 35.451531 ], [ 135.417453, 35.452508 ], [ 135.417909, 35.453646 ], [ 135.418105, 35.454211 ], [ 135.41836, 35.454817 ], [ 135.418638, 35.455409 ], [ 135.419199, 35.456273 ], [ 135.419541, 35.456704 ], [ 135.420037, 35.457359 ], [ 135.420521, 35.457842 ], [ 135.420917, 35.458231 ], [ 135.421733, 35.458815 ], [ 135.4218299, 35.4588814 ], [ 135.422645, 35.45944 ], [ 135.423666, 35.460015 ], [ 135.424204, 35.460266 ], [ 135.424792, 35.460468 ], [ 135.425339, 35.460663 ], [ 135.425904, 35.460831 ], [ 135.42651, 35.460985 ], [ 135.427112, 35.461123 ], [ 135.427791, 35.461262 ], [ 135.428334, 35.461333 ], [ 135.42899, 35.46137 ], [ 135.429542, 35.4614 ], [ 135.430062, 35.461393 ], [ 135.430846, 35.461303 ], [ 135.43188, 35.461127 ], [ 135.433357, 35.46079 ], [ 135.435235, 35.460266 ], [ 135.436083, 35.460056 ], [ 135.436626, 35.459903 ], [ 135.437392, 35.459663 ], [ 135.43829, 35.459356 ], [ 135.439239, 35.459011 ], [ 135.440587, 35.458563 ], [ 135.442291, 35.457918 ], [ 135.443796, 35.457361 ], [ 135.444808, 35.45702 ], [ 135.445624, 35.456833 ], [ 135.446121, 35.456747 ], [ 135.446668, 35.456683 ], [ 135.447908, 35.456534 ], [ 135.449075, 35.456481 ], [ 135.449558, 35.456489 ], [ 135.450379, 35.456511 ], [ 135.451559, 35.456646 ], [ 135.452644, 35.456863 ], [ 135.453565, 35.457084 ], [ 135.454025, 35.4572 ], [ 135.4548961, 35.457522 ], [ 135.4561861, 35.458061 ], [ 135.4572121, 35.45857 ], [ 135.4578873, 35.4589508 ], [ 135.45869, 35.4595136 ], [ 135.4608132, 35.460782 ], [ 135.4619592, 35.4613488 ], [ 135.4632629, 35.4620741 ] ] } },
{ "type": "Feature", "properties": { "N12_001": "26", "N12_002": 1, "N12_003": 3, "N12_004": "一般国道478号", "N12_005": 18, "N12_006": 2 }, "geometry": { "type": "LineString", "coordinates": [ [ 135.5572806, 35.0130957 ], [ 135.555711, 35.0152237 ], [ 135.555325, 35.015831 ] ] } },
{ "type": "Feature", "properties": { "N12_001": "26", "N12_002": 1, "N12_003": 3, "N12_004": "一般国道478号", "N12_005": 18, "N12_006": 3 }, "geometry": { "type": "LineString", "coordinates": [ [ 135.5204161, 35.0731067 ], [ 135.5197971, 35.0731407 ], [ 135.518512, 35.0736204 ], [ 135.5181406, 35.0735962 ], [ 135.517975, 35.073016 ] ] } },
{ "type": "Feature", "properties": { "N12_001": "26", "N12_002": 1, "N12_003": 3, "N12_004": "一般国道478号", "N12_005": 18, "N12_006": 4 }, "geometry": { "type": "LineString", "coordinates": [ [ 135.3651445, 35.186672 ], [ 135.3649276, 35.1867086 ], [ 135.3641982, 35.1867181 ], [ 135.3639651, 35.1866588 ], [ 135.3638183, 35.1865536 ], [ 135.3636528, 35.1863393 ], [ 135.3636808, 35.1859931 ], [ 135.363767, 35.185114 ], [ 135.3637344, 35.1847811 ], [ 135.363534, 35.1845324 ], [ 135.3632683, 35.1843181 ], [ 135.3631239, 35.1841191 ] ] } },
{ "type": "Feature", "properties": { "N12_001": "26", "N12_002": 1, "N12_003": 3, "N12_004": "一般国道478号", "N12_005": 18, "N12_006": 5 }, "geometry": { "type": "LineString", "coordinates": [ [ 135.3375291, 35.2802995 ], [ 135.3369189, 35.2802649 ], [ 135.336322, 35.280146 ], [ 135.336098, 35.279862 ], [ 135.336109, 35.279607 ], [ 135.336342, 35.279016 ], [ 135.337069, 35.277803 ], [ 135.337428, 35.277517 ], [ 135.339311, 35.2771386 ], [ 135.3394757, 35.2770875 ], [ 135.3397432, 35.2769412 ], [ 135.3399032, 35.2767551 ], [ 135.3399574, 35.2765756 ], [ 135.3399429, 35.2763693 ], [ 135.3398758, 35.2761405 ] ] } },
{ "type": "Feature", "properties": { "N12_001": "26", "N12_002": 1, "N12_003": 3, "N12_004": "一般国道478号", "N12_005": 18, "N12_006": 6 }, "geometry": { "type": "LineString", "coordinates": [ [ 135.3076277, 35.3384428 ], [ 135.3085074, 35.3381778 ], [ 135.3093483, 35.3379021 ], [ 135.3098141, 35.3373297 ], [ 135.3101116, 35.336789 ], [ 135.3099822, 35.3354533 ], [ 135.309663, 35.334905 ] ] } },
{ "type": "Feature", "properties": { "N12_001": "26", "N12_002": 1, "N12_003": 3, "N12_004": "一般国道478号", "N12_005": 18, "N12_006": 7 }, "geometry": { "type": "LineString", "coordinates": [ [ 135.2132021, 35.4299939 ], [ 135.212569, 35.4299882 ], [ 135.2124368, 35.4299711 ], [ 135.2122629, 35.4299056 ], [ 135.2117098, 35.4296664 ], [ 135.2116054, 35.4296408 ], [ 135.211074, 35.4296348 ], [ 135.2108444, 35.4296946 ], [ 135.2102461, 35.4300604 ], [ 135.2096165, 35.4305145 ], [ 135.2084755, 35.4312263 ], [ 135.2080859, 35.4314897 ], [ 135.2078458, 35.4317231 ], [ 135.2075954, 35.4320292 ], [ 135.207498, 35.4323879 ], [ 135.2074771, 35.4326413 ], [ 135.2074249, 35.4330599 ], [ 135.2073832, 35.4332207 ], [ 135.2073205, 35.4333318 ], [ 135.2072162, 35.4334286 ], [ 135.2069448, 35.433514 ], [ 135.206837, 35.433514 ], [ 135.2066422, 35.4334912 ], [ 135.2064822, 35.43342 ], [ 135.206019, 35.433095 ] ] } },
{ "type": "Feature", "properties": { "N12_001": "26", "N12_002": 1, "N12_003": 3, "N12_004": "一般国道478号", "N12_005": 18, "N12_006": 8 }, "geometry": { "type": "LineString", "coordinates": [ [ 135.1930363, 35.5145433 ], [ 135.1932458, 35.5146189 ], [ 135.1936636, 35.5149382 ], [ 135.1938635, 35.5151951 ], [ 135.1939587, 35.5154141 ], [ 135.1938921, 35.5157377 ], [ 135.1937303, 35.5160137 ], [ 135.193409, 35.5162546 ], [ 135.19307, 35.5163884 ], [ 135.1926599, 35.5165631 ], [ 135.192506, 35.516618 ], [ 135.1923242, 35.5166944 ], [ 135.1918858, 35.5168787 ], [ 135.1917038, 35.5169763 ], [ 135.1916667, 35.5169961 ], [ 135.1915919, 35.5170362 ], [ 135.1912821, 35.5172189 ], [ 135.1909708, 35.5174063 ], [ 135.1907967, 35.5175315 ], [ 135.1907053, 35.5175973 ], [ 135.1906625, 35.5176282 ], [ 135.1901832, 35.5180263 ], [ 135.1900311, 35.5182003 ], [ 135.1898854, 35.5184964 ], [ 135.1898648, 35.5185382 ], [ 135.1898242, 35.5186208 ], [ 135.1897905, 35.5186923 ], [ 135.1897777, 35.5187803 ], [ 135.1897625, 35.5189128 ], [ 135.1897727, 35.5191331 ], [ 135.1898873, 35.5195637 ], [ 135.189899, 35.5196077 ], [ 135.1899749, 35.519893 ], [ 135.1899927, 35.5199395 ], [ 135.1900213, 35.5200605 ], [ 135.1900061, 35.5201641 ], [ 135.1899555, 35.5202635 ], [ 135.1898947, 35.5203505 ], [ 135.1897893, 35.5204201 ], [ 135.1896342, 35.5204827 ], [ 135.1894409, 35.5205269 ], [ 135.1892468, 35.5205802 ] ] } },
{ "type": "Feature", "properties": { "N12_001": "26", "N12_002": 1, "N12_003": 3, "N12_004": "一般国道478号", "N12_005": 18, "N12_006": 9 }, "geometry": { "type": "LineString", "coordinates": [ [ 135.656773, 34.979103 ], [ 135.656533, 34.979438 ], [ 135.656309, 34.979794 ], [ 135.65599, 34.980356 ], [ 135.655697, 34.98087 ], [ 135.655498, 34.981197 ], [ 135.655259, 34.981503 ], [ 135.654986, 34.981836 ], [ 135.654714, 34.982092 ], [ 135.654428, 34.982338 ], [ 135.654169, 34.982518 ], [ 135.653843, 34.982759 ], [ 135.653385, 34.983032 ], [ 135.653019, 34.983206 ], [ 135.652441, 34.983419 ], [ 135.652042, 34.98355 ], [ 135.651471, 34.983719 ], [ 135.650826, 34.983845 ], [ 135.650161, 34.983971 ], [ 135.649364, 34.984113 ], [ 135.648513, 34.984304 ], [ 135.647789, 34.9845 ], [ 135.647018, 34.984708 ], [ 135.645988, 34.985068 ], [ 135.644905, 34.985559 ], [ 135.643509, 34.986247 ], [ 135.642113, 34.98682 ], [ 135.640671, 34.987355 ], [ 135.639541, 34.987699 ], [ 135.638558, 34.987945 ], [ 135.638456, 34.98797 ], [ 135.6384305, 34.9879762 ], [ 135.637209, 34.988273 ], [ 135.635587, 34.988617 ], [ 135.633341, 34.989015 ], [ 135.631719, 34.989332 ], [ 135.630496, 34.989545 ], [ 135.629167, 34.989719 ], [ 135.628024, 34.989861 ], [ 135.627466, 34.989905 ], [ 135.626881, 34.989954 ], [ 135.625585, 34.99002 ], [ 135.623864, 34.990052 ], [ 135.622721, 34.990069 ], [ 135.621152, 34.990052 ], [ 135.61971, 34.990025 ], [ 135.618866, 34.990031 ], [ 135.618301, 34.990047 ], [ 135.617344, 34.990151 ], [ 135.6166, 34.990233 ], [ 135.615935, 34.990309 ], [ 135.615091, 34.990391 ], [ 135.614254, 34.990467 ], [ 135.613457, 34.990533 ], [ 135.612726, 34.990598 ], [ 135.611642, 34.990669 ], [ 135.610679, 34.990675 ], [ 135.610213, 34.990648 ], [ 135.609376, 34.990593 ], [ 135.60853, 34.990459 ], [ 135.607562, 34.990265 ], [ 135.605754, 34.9899 ], [ 135.604658, 34.989648 ], [ 135.603521, 34.989392 ], [ 135.602431, 34.989195 ], [ 135.6018, 34.98913 ], [ 135.601242, 34.989086 ], [ 135.600511, 34.989059 ], [ 135.600079, 34.989086 ], [ 135.599354, 34.989108 ], [ 135.598743, 34.989173 ], [ 135.597912, 34.989288 ], [ 135.597121, 34.989392 ], [ 135.596337, 34.989517 ], [ 135.595513, 34.989648 ], [ 135.594423, 34.989856 ], [ 135.59336, 34.990052 ], [ 135.59219, 34.990265 ], [ 135.59108, 34.990484 ], [ 135.589884, 34.990713 ], [ 135.588894, 34.990904 ], [ 135.58787, 34.991084 ], [ 135.586807, 34.991297 ], [ 135.58591, 34.991439 ], [ 135.585132, 34.991592 ], [ 135.584062, 34.99181 ], [ 135.582833, 34.992034 ], [ 135.58173, 34.99222 ], [ 135.580161, 34.992504 ], [ 135.57937, 34.992678 ], [ 135.5788761, 34.9928006 ], [ 135.578354, 34.992984 ], [ 135.5782138, 34.9930406 ], [ 135.577596, 34.99329 ], [ 135.577011, 34.993568 ], [ 135.576386, 34.993923 ], [ 135.576027, 34.994185 ], [ 135.575582, 34.994578 ], [ 135.575137, 34.994966 ], [ 135.574818, 34.995343 ], [ 135.574446, 34.995856 ], [ 135.574133, 34.996309 ], [ 135.573854, 34.996904 ], [ 135.573522, 34.997718 ], [ 135.573303, 34.998356 ], [ 135.572977, 34.999061 ], [ 135.572718, 34.999557 ], [ 135.572452, 34.999978 ], [ 135.5722, 35.000327 ], [ 135.5719, 35.000671 ], [ 135.571581, 35.000993 ], [ 135.571063, 35.001397 ], [ 135.570585, 35.001736 ], [ 135.570272, 35.001938 ], [ 135.569827, 35.002205 ], [ 135.569355, 35.002473 ], [ 135.56879, 35.002773 ], [ 135.567714, 35.003363 ], [ 135.566969, 35.003745 ], [ 135.566278, 35.004204 ], [ 135.565208, 35.004973 ], [ 135.564716, 35.005334 ], [ 135.564065, 35.005885 ], [ 135.563467, 35.006366 ], [ 135.562942, 35.006851 ], [ 135.562324, 35.007414 ], [ 135.561879, 35.007856 ], [ 135.561307, 35.008435 ], [ 135.5610435, 35.0087196 ], [ 135.560782, 35.009002 ], [ 135.560337, 35.009488 ], [ 135.559938, 35.009974 ], [ 135.559539, 35.01046 ], [ 135.559187, 35.010891 ], [ 135.558802, 35.01141 ], [ 135.55835, 35.011987 ], [ 135.557672, 35.012849 ], [ 135.556945, 35.013774 ], [ 135.556395, 35.014483 ], [ 135.55601, 35.014946 ], [ 135.555668, 35.015427 ], [ 135.555325, 35.015831 ], [ 135.55494, 35.016306 ], [ 135.554612, 35.016763 ], [ 135.554263, 35.017202 ], [ 135.553735, 35.017882 ], [ 135.553243, 35.018526 ], [ 135.552594, 35.019341 ], [ 135.552173, 35.019886 ], [ 135.551638, 35.020571 ], [ 135.551039, 35.021362 ], [ 135.550468, 35.0221 ], [ 135.549983, 35.022757 ], [ 135.549541, 35.023401 ], [ 135.549184, 35.02394 ], [ 135.548764, 35.024596 ], [ 135.548314, 35.025399 ], [ 135.547901, 35.026137 ], [ 135.547508, 35.026829 ], [ 135.547166, 35.027409 ], [ 135.546681, 35.028259 ], [ 135.54626, 35.028997 ], [ 135.545847, 35.029735 ], [ 135.545518, 35.030303 ], [ 135.5451341, 35.0309584 ], [ 135.545122, 35.030979 ], [ 135.544748, 35.031616 ], [ 135.54447, 35.03212 ], [ 135.544092, 35.032758 ], [ 135.543721, 35.03338 ], [ 135.543393, 35.033948 ], [ 135.543093, 35.034452 ], [ 135.542723, 35.03509 ], [ 135.542216, 35.035946 ], [ 135.54181, 35.036631 ], [ 135.541453, 35.037276 ], [ 135.540925, 35.03819 ], [ 135.54059, 35.038794 ], [ 135.540305, 35.03928 ], [ 135.539991, 35.03976 ], [ 135.539784, 35.03996 ], [ 135.53942, 35.04027 ], [ 135.538935, 35.040616 ], [ 135.538165, 35.041161 ], [ 135.537502, 35.041583 ], [ 135.536888, 35.042051 ], [ 135.53651, 35.042333 ], [ 135.536097, 35.042696 ], [ 135.535761, 35.04303 ], [ 135.53554, 35.04327 ], [ 135.535348, 35.043586 ], [ 135.535126, 35.043967 ], [ 135.534955, 35.04436 ], [ 135.534834, 35.044694 ], [ 135.53477, 35.045022 ], [ 135.53472, 35.04559 ], [ 135.534691, 35.046434 ], [ 135.534663, 35.047319 ], [ 135.534656, 35.048262 ], [ 135.534641, 35.049147 ], [ 135.534627, 35.050078 ], [ 135.5346201, 35.0507732 ], [ 135.53462, 35.050786 ], [ 135.534595, 35.052074 ], [ 135.534602, 35.052751 ], [ 135.534581, 35.053657 ], [ 135.534566, 35.05468 ], [ 135.534495, 35.05551 ], [ 135.53438, 35.056151 ], [ 135.534173, 35.05691 ], [ 135.53385, 35.057639 ], [ 135.533456, 35.05828 ], [ 135.532919, 35.058992 ], [ 135.532854, 35.059063 ], [ 135.532074, 35.059922 ], [ 135.530814, 35.061251 ], [ 135.52969, 35.062422 ], [ 135.528917, 35.063222 ], [ 135.528258, 35.063863 ], [ 135.527721, 35.064351 ], [ 135.527234, 35.064769 ], [ 135.526589, 35.065222 ], [ 135.52568, 35.065798 ], [ 135.524699, 35.066434 ], [ 135.523725, 35.06711 ], [ 135.522787, 35.06781 ], [ 135.521613, 35.068804 ], [ 135.520617, 35.069822 ], [ 135.519951, 35.070487 ], [ 135.519264, 35.071263 ], [ 135.518727, 35.071928 ], [ 135.518304, 35.07254 ], [ 135.517975, 35.073016 ], [ 135.517689, 35.073404 ], [ 135.517434, 35.073809 ], [ 135.516994, 35.074422 ], [ 135.5167, 35.074851 ], [ 135.516414, 35.075263 ], [ 135.516106, 35.075728 ], [ 135.515784, 35.076204 ], [ 135.515447, 35.076681 ], [ 135.515118, 35.077157 ], [ 135.514774, 35.077646 ], [ 135.514345, 35.078234 ], [ 135.513743, 35.078987 ], [ 135.513242, 35.079557 ], [ 135.512819, 35.08001 ], [ 135.512469, 35.08034 ], [ 135.512096, 35.080681 ], [ 135.511466, 35.081193 ], [ 135.510907, 35.081616 ], [ 135.510263, 35.082128 ], [ 135.5100559, 35.082292 ], [ 135.509611, 35.082634 ], [ 135.508971, 35.083128 ], [ 135.508258, 35.083658 ], [ 135.507549, 35.084193 ], [ 135.506898, 35.084705 ], [ 135.506511, 35.085016 ], [ 135.505931, 35.085469 ], [ 135.505394, 35.085964 ], [ 135.505107, 35.086199 ], [ 135.504656, 35.086652 ], [ 135.504248, 35.087093 ], [ 135.50394, 35.08744 ], [ 135.503532, 35.087934 ], [ 135.503102, 35.088528 ], [ 135.502666, 35.089164 ], [ 135.502329, 35.089646 ], [ 135.501957, 35.090152 ], [ 135.501627, 35.090634 ], [ 135.501463, 35.090922 ], [ 135.501183, 35.091405 ], [ 135.500954, 35.091805 ], [ 135.500668, 35.092399 ], [ 135.500388, 35.092934 ], [ 135.500124, 35.093423 ], [ 135.499894, 35.093823 ], [ 135.499694, 35.094128 ], [ 135.499393, 35.094481 ], [ 135.498928, 35.095034 ], [ 135.498577, 35.095452 ], [ 135.498183, 35.095852 ], [ 135.497682, 35.096423 ], [ 135.497266, 35.096887 ], [ 135.496822, 35.097411 ], [ 135.496464, 35.097823 ], [ 135.496106, 35.098293 ], [ 135.495827, 35.098623 ], [ 135.495476, 35.099111 ], [ 135.495097, 35.099558 ], [ 135.494832, 35.09987 ], [ 135.494388, 35.100323 ], [ 135.493965, 35.10074 ], [ 135.49355, 35.101099 ], [ 135.493106, 35.101382 ], [ 135.492698, 35.101587 ], [ 135.492397, 35.101758 ], [ 135.491946, 35.101946 ], [ 135.491416, 35.102164 ], [ 135.490822, 35.102376 ], [ 135.490335, 35.102546 ], [ 135.489912, 35.102705 ], [ 135.48954, 35.102858 ], [ 135.488931, 35.103199 ], [ 135.488509, 35.103452 ], [ 135.488058, 35.103782 ], [ 135.487571, 35.104152 ], [ 135.487113, 35.104517 ], [ 135.48674, 35.104852 ], [ 135.48626, 35.105229 ], [ 135.485838, 35.105599 ], [ 135.485487, 35.105905 ], [ 135.485129, 35.106235 ], [ 135.484613, 35.106699 ], [ 135.484119, 35.107105 ], [ 135.483647, 35.107535 ], [ 135.483325, 35.107846 ], [ 135.483002, 35.10817 ], [ 135.48268, 35.108523 ], [ 135.482458, 35.108817 ], [ 135.482179, 35.109223 ], [ 135.481964, 35.109629 ], [ 135.481799, 35.109935 ], [ 135.481585, 35.11047 ], [ 135.481341, 35.111023 ], [ 135.481141, 35.11157 ], [ 135.480969, 35.112088 ], [ 135.480754, 35.112605 ], [ 135.480525, 35.113258 ], [ 135.480339, 35.113752 ], [ 135.480195, 35.114182 ], [ 135.480102, 35.114564 ], [ 135.480009, 35.115076 ], [ 135.479959, 35.1155 ], [ 135.479945, 35.116029 ], [ 135.479995, 35.116811 ], [ 135.480059, 35.11747 ], [ 135.480174, 35.118205 ], [ 135.480281, 35.118876 ], [ 135.480353, 35.119376 ], [ 135.48036, 35.119947 ], [ 135.480324, 35.120535 ], [ 135.480288, 35.120829 ], [ 135.4801561, 35.1213087 ], [ 135.480131, 35.1214 ], [ 135.479959, 35.121982 ], [ 135.479728, 35.122601 ], [ 135.479551, 35.122976 ], [ 135.479358, 35.123311 ], [ 135.479193, 35.123553 ], [ 135.47862, 35.124294 ], [ 135.478183, 35.124753 ], [ 135.477961, 35.124976 ], [ 135.477575, 35.125323 ], [ 135.477245, 35.125594 ], [ 135.476801, 35.125853 ], [ 135.476321, 35.126106 ], [ 135.475906, 35.126276 ], [ 135.475412, 35.126494 ], [ 135.474696, 35.126729 ], [ 135.474102, 35.126876 ], [ 135.473099, 35.1271 ], [ 135.472498, 35.127212 ], [ 135.471774, 35.127323 ], [ 135.47103, 35.127429 ], [ 135.469691, 35.127559 ], [ 135.468874, 35.1276 ], [ 135.467714, 35.127559 ], [ 135.466239, 35.127506 ], [ 135.465158, 35.127476 ], [ 135.464134, 35.127517 ], [ 135.463525, 35.12757 ], [ 135.462981, 35.127641 ], [ 135.46243, 35.12777 ], [ 135.461864, 35.127929 ], [ 135.461348, 35.1281 ], [ 135.460833, 35.1283 ], [ 135.460382, 35.128512 ], [ 135.459816, 35.128853 ], [ 135.459444, 35.129106 ], [ 135.458892, 35.129535 ], [ 135.458498, 35.1299 ], [ 135.458155, 35.1303 ], [ 135.457797, 35.130765 ], [ 135.457582, 35.131123 ], [ 135.457288, 35.131582 ], [ 135.457088, 35.132023 ], [ 135.456873, 35.132482 ], [ 135.456723, 35.132888 ], [ 135.456508, 35.133406 ], [ 135.456365, 35.133776 ], [ 135.456229, 35.134118 ], [ 135.456028, 35.134435 ], [ 135.455856, 35.134676 ], [ 135.4557898, 35.1347565 ], [ 135.455212, 35.135371 ], [ 135.454646, 35.135829 ], [ 135.4534314, 35.136558 ], [ 135.4512542, 35.1377572 ], [ 135.4483039, 35.1395333 ], [ 135.4461482, 35.1407611 ], [ 135.4450431, 35.1414198 ], [ 135.4437297, 35.1426761 ], [ 135.4427208, 35.1434566 ], [ 135.4414335, 35.1440372 ], [ 135.4394704, 35.1442942 ], [ 135.4379571, 35.1443322 ], [ 135.4367007, 35.144456 ], [ 135.4351969, 35.1449842 ], [ 135.4333552, 35.1460074 ], [ 135.431083, 35.147249 ], [ 135.430658, 35.147518 ], [ 135.4285136, 35.1487688 ], [ 135.4264379, 35.1499061 ], [ 135.42383, 35.1512304 ], [ 135.4223739, 35.1519195 ], [ 135.4201362, 35.1529128 ], [ 135.4183593, 35.153629 ], [ 135.4162038, 35.1544533 ], [ 135.4143198, 35.1551627 ], [ 135.4103133, 35.1567099 ], [ 135.4084539, 35.1574329 ], [ 135.4062902, 35.1582572 ], [ 135.4053029, 35.1586423 ], [ 135.4036903, 35.1592099 ], [ 135.4021929, 35.1596558 ], [ 135.4007284, 35.1600342 ], [ 135.3994861, 35.1602707 ], [ 135.3981779, 35.160399 ], [ 135.396985, 35.1604463 ], [ 135.3955698, 35.1604869 ], [ 135.3941547, 35.160595 ], [ 135.3929288, 35.1608044 ], [ 135.3912339, 35.1613517 ], [ 135.3901808, 35.1618044 ], [ 135.389646, 35.1620814 ], [ 135.3888726, 35.1625273 ], [ 135.388165, 35.1630003 ], [ 135.387482, 35.1635206 ], [ 135.3861985, 35.1645678 ], [ 135.3854909, 35.1651083 ], [ 135.384808, 35.1655948 ], [ 135.3840345, 35.1660813 ], [ 135.383187, 35.1665002 ], [ 135.3824054, 35.166838 ], [ 135.3815414, 35.1671083 ], [ 135.3806939, 35.1673245 ], [ 135.3796983, 35.1675204 ], [ 135.3783653, 35.1677164 ], [ 135.3775425, 35.1678583 ], [ 135.3765386, 35.1680474 ], [ 135.3756088, 35.1682839 ], [ 135.374317, 35.1687366 ], [ 135.3732802, 35.1692298 ], [ 135.3724327, 35.1697298 ], [ 135.3717826, 35.1702095 ], [ 135.371149, 35.1707163 ], [ 135.3704414, 35.1714325 ], [ 135.3700957, 35.1718716 ], [ 135.3696349, 35.1725068 ], [ 135.3692399, 35.1731486 ], [ 135.3689108, 35.1738378 ], [ 135.3686392, 35.1745743 ], [ 135.3682854, 35.1757094 ], [ 135.3679891, 35.1768377 ], [ 135.3675777, 35.178385 ], [ 135.3674213, 35.1788512 ], [ 135.3670921, 35.1796011 ], [ 135.3665161, 35.1806754 ], [ 135.3649857, 35.1825329 ], [ 135.3640146, 35.1833639 ], [ 135.3631239, 35.1841191 ], [ 135.3629776, 35.1842423 ], [ 135.3619735, 35.1851679 ], [ 135.3612246, 35.1860868 ], [ 135.3604098, 35.1872895 ], [ 135.3599325, 35.1882286 ], [ 135.3596691, 35.1889178 ], [ 135.359488, 35.1896745 ], [ 135.3593892, 35.1900394 ], [ 135.3591588, 35.1912353 ], [ 135.3588378, 35.1927217 ], [ 135.3584592, 35.1940798 ], [ 135.3580559, 35.1951067 ], [ 135.3575949, 35.1960662 ], [ 135.3570516, 35.1970256 ], [ 135.3564343, 35.1979715 ], [ 135.3554794, 35.1991471 ], [ 135.3541624, 35.2005052 ], [ 135.3524749, 35.2020051 ], [ 135.3511249, 35.2032619 ], [ 135.3499889, 35.204424 ], [ 135.348573, 35.2060185 ], [ 135.3478897, 35.2068496 ], [ 135.3465231, 35.2087279 ], [ 135.3458151, 35.2097886 ], [ 135.3448025, 35.211498 ], [ 135.3442427, 35.2125656 ], [ 135.3436828, 35.2136601 ], [ 135.3433453, 35.2143628 ], [ 135.343016, 35.2151465 ], [ 135.3427043, 35.2159904 ], [ 135.342545, 35.2164481 ], [ 135.3424198, 35.2169991 ], [ 135.3423174, 35.2177089 ], [ 135.3423174, 35.2184187 ], [ 135.342365, 35.2191203 ], [ 135.3424539, 35.2197543 ], [ 135.3426702, 35.2206696 ], [ 135.3430913, 35.2218557 ], [ 135.3436376, 35.223266 ], [ 135.3441157, 35.2246016 ], [ 135.3448328, 35.2270392 ], [ 135.3451515, 35.2284775 ], [ 135.3454702, 35.2308218 ], [ 135.345584, 35.232092 ], [ 135.3456637, 35.234623 ], [ 135.3455271, 35.2368272 ], [ 135.3453791, 35.2381907 ], [ 135.3452653, 35.2389379 ], [ 135.3449921, 35.2403389 ], [ 135.3445936, 35.2418892 ], [ 135.3443204, 35.2429539 ], [ 135.3435917, 35.2456998 ], [ 135.3431363, 35.247437 ], [ 135.3426467, 35.2492115 ], [ 135.3421799, 35.2509393 ], [ 135.3419864, 35.2520507 ], [ 135.3417928, 35.2532835 ], [ 135.3417928, 35.2542175 ], [ 135.3418384, 35.2550674 ], [ 135.3419067, 35.2555998 ], [ 135.3420775, 35.2562255 ], [ 135.3423166, 35.2570848 ], [ 135.3427835, 35.2582148 ], [ 135.3442524, 35.2608579 ], [ 135.3448104, 35.2620161 ], [ 135.3452089, 35.26295 ], [ 135.3454025, 35.2638653 ], [ 135.345505, 35.2646311 ], [ 135.3455278, 35.2654904 ], [ 135.3454367, 35.2662936 ], [ 135.3452659, 35.2670501 ], [ 135.34489, 35.2681241 ], [ 135.3447078, 35.2685538 ], [ 135.3443662, 35.2691515 ], [ 135.3438765, 35.2698333 ], [ 135.343512, 35.2703283 ], [ 135.3418835, 35.271972 ], [ 135.3401865, 35.273896 ], [ 135.3395943, 35.2747459 ], [ 135.3389793, 35.2757265 ], [ 135.3384748, 35.2766975 ], [ 135.3381465, 35.2774827 ], [ 135.3379086, 35.2781828 ], [ 135.3376353, 35.279369 ], [ 135.3375291, 35.2802995 ], [ 135.3373847, 35.2815638 ], [ 135.337144, 35.283886 ], [ 135.337013, 35.285291 ], [ 135.336768, 35.286949 ], [ 135.336518, 35.288298 ], [ 135.336056, 35.290198 ], [ 135.335731, 35.291365 ], [ 135.335656, 35.291623 ], [ 135.335256, 35.292814 ], [ 135.335118, 35.293248 ], [ 135.334956, 35.293589 ], [ 135.334706, 35.294156 ], [ 135.334456, 35.294739 ], [ 135.334268, 35.295114 ], [ 135.333856, 35.295939 ], [ 135.333406, 35.296739 ], [ 135.332993, 35.297472 ], [ 135.332468, 35.298405 ], [ 135.331318, 35.30038 ], [ 135.331056, 35.300822 ], [ 135.330618, 35.301555 ], [ 135.330506, 35.301738 ], [ 135.329731, 35.303055 ], [ 135.328831, 35.304638 ], [ 135.327669, 35.306579 ], [ 135.327444, 35.306963 ], [ 135.327131, 35.307421 ], [ 135.326631, 35.308137 ], [ 135.326169, 35.308762 ], [ 135.325881, 35.309146 ], [ 135.325694, 35.309396 ], [ 135.325012, 35.310309 ], [ 135.323504, 35.311911 ], [ 135.320541, 35.314926 ], [ 135.31996, 35.31562 ], [ 135.319343, 35.316487 ], [ 135.318899, 35.317221 ], [ 135.318469, 35.318023 ], [ 135.3180459, 35.3188803 ], [ 135.317976, 35.319022 ], [ 135.3165, 35.322025 ], [ 135.314533, 35.325968 ], [ 135.312637, 35.329824 ], [ 135.311144, 35.33261 ], [ 135.310503, 35.333681 ], [ 135.309663, 35.334905 ], [ 135.309082, 35.335625 ], [ 135.308445, 35.336517 ], [ 135.30777, 35.337358 ], [ 135.30742, 35.337792 ], [ 135.306983, 35.338267 ], [ 135.305808, 35.339575 ], [ 135.305408, 35.339975 ], [ 135.304545, 35.340758 ], [ 135.303958, 35.34125 ], [ 135.303133, 35.341916 ], [ 135.30287, 35.342033 ], [ 135.301933, 35.342674 ], [ 135.300615, 35.343461 ], [ 135.300245, 35.343685 ], [ 135.298709, 35.34471 ], [ 135.297728, 35.345398 ], [ 135.295977, 35.346628 ], [ 135.294403, 35.347734 ], [ 135.293777, 35.348147 ], [ 135.292771, 35.348834 ], [ 135.292518, 35.349032 ], [ 135.29129, 35.350158 ], [ 135.290899, 35.35055 ], [ 135.290559, 35.350948 ], [ 135.290139, 35.351477 ], [ 135.289922, 35.351763 ], [ 135.289669, 35.352125 ], [ 135.289445, 35.352625 ], [ 135.289257, 35.353225 ], [ 135.28917, 35.353796 ], [ 135.289076, 35.354438 ], [ 135.289061, 35.354818 ], [ 135.289097, 35.355288 ], [ 135.2892025, 35.3557908 ], [ 135.289213, 35.355841 ], [ 135.28938, 35.356601 ], [ 135.289531, 35.357469 ], [ 135.289582, 35.358129 ], [ 135.28956, 35.358462 ], [ 135.289531, 35.358949 ], [ 135.289488, 35.359306 ], [ 135.289307, 35.360263 ], [ 135.28917, 35.360739 ], [ 135.289032, 35.361131 ], [ 135.288743, 35.361963 ], [ 135.288366, 35.362778 ], [ 135.287867, 35.363628 ], [ 135.287534, 35.364085 ], [ 135.287245, 35.364502 ], [ 135.286695, 35.365161 ], [ 135.285986, 35.365881 ], [ 135.285255, 35.366552 ], [ 135.28472, 35.366992 ], [ 135.28388, 35.367545 ], [ 135.282889, 35.368247 ], [ 135.281615, 35.369114 ], [ 135.281188, 35.369424 ], [ 135.280277, 35.37006 ], [ 135.279307, 35.370761 ], [ 135.27854, 35.371266 ], [ 135.277701, 35.371849 ], [ 135.27642, 35.372675 ], [ 135.275371, 35.373353 ], [ 135.274582, 35.373888 ], [ 135.274206, 35.374102 ], [ 135.2738, 35.374268 ], [ 135.27325, 35.374435 ], [ 135.272766, 35.374577 ], [ 135.272035, 35.374738 ], [ 135.271543, 35.374809 ], [ 135.270522, 35.374952 ], [ 135.269466, 35.375083 ], [ 135.268381, 35.375207 ], [ 135.26778, 35.375303 ], [ 135.267216, 35.375416 ], [ 135.266593, 35.37554 ], [ 135.265768, 35.375754 ], [ 135.264871, 35.376034 ], [ 135.264241, 35.376295 ], [ 135.26312, 35.376735 ], [ 135.262244, 35.377163 ], [ 135.261267, 35.377645 ], [ 135.259524, 35.378519 ], [ 135.258293, 35.379101 ], [ 135.257664, 35.379422 ], [ 135.256694, 35.379898 ], [ 135.25571, 35.380349 ], [ 135.254625, 35.380867 ], [ 135.253612, 35.381277 ], [ 135.252505, 35.381705 ], [ 135.251477, 35.382061 ], [ 135.250609, 35.382353 ], [ 135.249321, 35.382715 ], [ 135.248141, 35.383012 ], [ 135.246998, 35.383328 ], [ 135.245905, 35.383637 ], [ 135.245442, 35.383797 ], [ 135.244892, 35.384059 ], [ 135.244465, 35.384291 ], [ 135.243865, 35.384671 ], [ 135.243337, 35.385075 ], [ 135.24296, 35.385456 ], [ 135.242533, 35.385907 ], [ 135.242244, 35.386282 ], [ 135.242005, 35.386615 ], [ 135.241716, 35.38718 ], [ 135.241491, 35.387697 ], [ 135.241296, 35.38819 ], [ 135.24097, 35.3891 ], [ 135.240789, 35.389581 ], [ 135.240623, 35.390003 ], [ 135.240428, 35.39039 ], [ 135.240174, 35.390859 ], [ 135.239603, 35.39165 ], [ 135.238973, 35.392381 ], [ 135.238713, 35.392607 ], [ 135.238184, 35.393059 ], [ 135.2376872, 35.3934562 ], [ 135.235518, 35.3955829 ], [ 135.2339158, 35.3978196 ], [ 135.2315998, 35.4013729 ], [ 135.2287603, 35.4056178 ], [ 135.2267139, 35.4087587 ], [ 135.2253021, 35.4108368 ], [ 135.2240489, 35.4120265 ], [ 135.2227958, 35.4130576 ], [ 135.2201784, 35.4149612 ], [ 135.2172596, 35.4169282 ], [ 135.214892, 35.418477 ], [ 135.214508, 35.418822 ], [ 135.214139, 35.419172 ], [ 135.213835, 35.419517 ], [ 135.213307, 35.420254 ], [ 135.212808, 35.421015 ], [ 135.212569, 35.421437 ], [ 135.212345, 35.42196 ], [ 135.212142, 35.422537 ], [ 135.212019, 35.422959 ], [ 135.211932, 35.423411 ], [ 135.211824, 35.424225 ], [ 135.211737, 35.425117 ], [ 135.211606, 35.426032 ], [ 135.21152, 35.42646 ], [ 135.21136, 35.426876 ], [ 135.210999, 35.427679 ], [ 135.210716, 35.428154 ], [ 135.210463, 35.428559 ], [ 135.210116, 35.429046 ], [ 135.209913, 35.429278 ], [ 135.209291, 35.429967 ], [ 135.208553, 35.430699 ], [ 135.207865, 35.431358 ], [ 135.206433, 35.432732 ], [ 135.206019, 35.433095 ], [ 135.205743, 35.433362 ], [ 135.204732, 35.434289 ], [ 135.203666, 35.434976 ], [ 135.202537, 35.435565 ], [ 135.201632, 35.43592 ], [ 135.200896, 35.436194 ], [ 135.199595, 35.436543 ], [ 135.197024, 35.437274 ], [ 135.196306, 35.437583 ], [ 135.1959198, 35.4377802 ], [ 135.195364, 35.438064 ], [ 135.194879, 35.438349 ], [ 135.194033, 35.438953 ], [ 135.192591, 35.440174 ], [ 135.191345, 35.44126 ], [ 135.190116, 35.442226 ], [ 135.189166, 35.442875 ], [ 135.187919, 35.443836 ], [ 135.186954, 35.444934 ], [ 135.186566, 35.445494 ], [ 135.185628, 35.447054 ], [ 135.184944, 35.448019 ], [ 135.184199, 35.448767 ], [ 135.183388, 35.449478 ], [ 135.18152, 35.450704 ], [ 135.1805, 35.451514 ], [ 135.179849, 35.452237 ], [ 135.179329, 35.453038 ], [ 135.177906, 35.455622 ], [ 135.17622, 35.458591 ], [ 135.175288, 35.460248 ], [ 135.17377, 35.462974 ], [ 135.173453, 35.463861 ], [ 135.173281, 35.464696 ], [ 135.173243, 35.465334 ], [ 135.173317, 35.466144 ], [ 135.173515, 35.466794 ], [ 135.17367, 35.467229 ], [ 135.173993, 35.467889 ], [ 135.175336, 35.470137 ], [ 135.175804, 35.47116 ], [ 135.175946, 35.471888 ], [ 135.17596, 35.472537 ], [ 135.175855, 35.473218 ], [ 135.175743, 35.473742 ], [ 135.175532, 35.474617 ], [ 135.175019, 35.476902 ], [ 135.174188, 35.48057 ], [ 135.173326, 35.484285 ], [ 135.172626, 35.48725 ], [ 135.172161, 35.489437 ], [ 135.172066, 35.490623 ], [ 135.172088, 35.491449 ], [ 135.172181, 35.491999 ], [ 135.172287, 35.492457 ], [ 135.172783, 35.49382 ], [ 135.172878, 35.494131 ], [ 135.173476, 35.495642 ], [ 135.174058, 35.496881 ], [ 135.174592, 35.497757 ], [ 135.1753, 35.498556 ], [ 135.176043, 35.499202 ], [ 135.176688, 35.499654 ], [ 135.178328, 35.500579 ], [ 135.179685, 35.501462 ], [ 135.181635, 35.50336 ], [ 135.183065, 35.50456 ], [ 135.183632, 35.504895 ], [ 135.184865, 35.505449 ], [ 135.186665, 35.506028 ], [ 135.187995, 35.506401 ], [ 135.189115, 35.506821 ], [ 135.190109, 35.507247 ], [ 135.1906934, 35.507607 ], [ 135.1914662, 35.5083994 ], [ 135.1923069, 35.5093512 ], [ 135.1929256, 35.5104775 ], [ 135.1932904, 35.5115879 ], [ 135.1934609, 35.512441 ], [ 135.193419, 35.512867 ], [ 135.193318, 35.513661 ], [ 135.193235, 35.514028 ], [ 135.1931481, 35.5142555 ], [ 135.1930531, 35.5145001 ], [ 135.1930363, 35.5145433 ], [ 135.1930196, 35.5145864 ], [ 135.1921895, 35.5158014 ] ] } },
{ "type": "Feature", "properties": { "N12_001": "26", "N12_002": 1, "N12_003": 3, "N12_004": "一般国道1号", "N12_005": 20, "N12_006": 7 }, "geometry": { "type": "LineString", "coordinates": [ [ 135.8692044, 34.9166529 ], [ 135.8687737, 34.9164911 ], [ 135.8681538, 34.9162262 ], [ 135.8673186, 34.9159478 ], [ 135.8670438, 34.9158586 ], [ 135.8656054, 34.9154981 ], [ 135.8649308, 34.9153661 ], [ 135.8639709, 34.9152668 ], [ 135.8629537, 34.9151776 ], [ 135.861551, 34.915174 ], [ 135.860273, 34.9152476 ], [ 135.859009, 34.9154224 ], [ 135.858002, 34.9156074 ], [ 135.856235, 34.9159574 ], [ 135.855335, 34.9161474 ], [ 135.854467, 34.9162154 ], [ 135.853524, 34.9162964 ], [ 135.8523, 34.9163324 ], [ 135.850943, 34.9162744 ], [ 135.850168, 34.9161774 ], [ 135.849372, 34.9160674 ], [ 135.848112, 34.9158104 ], [ 135.847258, 34.9156114 ], [ 135.846079, 34.9152244 ], [ 135.844472, 34.9147384 ], [ 135.842256, 34.9140104 ], [ 135.83864, 34.9128714 ], [ 135.836266, 34.9121174 ], [ 135.834244, 34.9114714 ], [ 135.831604, 34.9106094 ], [ 135.827981, 34.9094654 ], [ 135.826163, 34.9089114 ], [ 135.821694, 34.9074564 ], [ 135.819835, 34.9068624 ], [ 135.817456, 34.9061084 ], [ 135.81612, 34.9056744 ], [ 135.813881, 34.9049574 ], [ 135.812786, 34.9046374 ], [ 135.812035, 34.9044654 ], [ 135.810346, 34.9043054 ], [ 135.809667, 34.9042284 ], [ 135.808779, 34.9041194 ], [ 135.807271, 34.9038694 ], [ 135.8072287, 34.9038597 ], [ 135.805149, 34.9033864 ], [ 135.803857, 34.9031964 ], [ 135.803004, 34.9031374 ], [ 135.801896, 34.9031654 ], [ 135.800805, 34.9032754 ], [ 135.800267, 34.9032784 ], [ 135.799522, 34.9032224 ], [ 135.79852, 34.9030584 ], [ 135.797875, 34.9029934 ], [ 135.797362, 34.9029694 ], [ 135.79666, 34.9030354 ], [ 135.795851, 34.9031914 ], [ 135.795061, 34.9034134 ], [ 135.79376, 34.9039544 ], [ 135.791643, 34.9049164 ], [ 135.78849, 34.9063044 ], [ 135.787001, 34.9069484 ], [ 135.785498, 34.9076034 ], [ 135.783844, 34.9083215 ], [ 135.783826, 34.9083294 ], [ 135.781906, 34.9091404 ], [ 135.781221, 34.9093214 ], [ 135.780288, 34.9094774 ], [ 135.779329, 34.9095654 ], [ 135.778452, 34.9095274 ], [ 135.777624, 34.9094374 ], [ 135.776778, 34.9092374 ], [ 135.775591, 34.9088494 ], [ 135.774228, 34.9081834 ], [ 135.767298, 34.9046574 ], [ 135.76586, 34.9039244 ], [ 135.764446, 34.9032424 ], [ 135.7637961, 34.9029183 ], [ 135.758572, 34.9003134 ], [ 135.75681, 34.8994244 ], [ 135.755248, 34.8986704 ], [ 135.753755, 34.8979604 ], [ 135.752659, 34.8974764 ], [ 135.751515, 34.8971694 ], [ 135.750405, 34.8970264 ], [ 135.7496364, 34.896977 ], [ 135.7493171, 34.8969665 ], [ 135.748155, 34.8970064 ], [ 135.746634, 34.8971794 ], [ 135.744618, 34.8974234 ], [ 135.7440778, 34.8975382 ] ] } },
{ "type": "Feature", "properties": { "N12_001": "26", "N12_002": 1, "N12_003": 3, "N12_004": "一般国道478号", "N12_005": 18, "N12_006": 10 }, "geometry": { "type": "LineString", "coordinates": [ [ 135.7440778, 34.8975382 ], [ 135.7440777, 34.8975382 ], [ 135.742967, 34.8977744 ], [ 135.741747, 34.8982044 ], [ 135.740805, 34.8986374 ], [ 135.740306, 34.8989304 ], [ 135.739678, 34.8992524 ], [ 135.738822, 34.8996634 ], [ 135.738194, 34.8999204 ], [ 135.737745, 34.9000614 ], [ 135.73716, 34.9002084 ], [ 135.736547, 34.9002784 ], [ 135.735648, 34.9003484 ], [ 135.734949, 34.9003604 ], [ 135.734186, 34.9003254 ], [ 135.73333, 34.9002844 ], [ 135.73226, 34.9002084 ], [ 135.731504, 34.9001434 ], [ 135.730841, 34.9000324 ], [ 135.730042, 34.8998564 ], [ 135.729536, 34.8996684 ], [ 135.7292, 34.8994584 ], [ 135.728808, 34.8991764 ], [ 135.728173, 34.8987314 ], [ 135.727539, 34.8982684 ], [ 135.72694, 34.8978404 ], [ 135.726469, 34.8975474 ], [ 135.725848, 34.8971494 ], [ 135.725221, 34.8967924 ], [ 135.724714, 34.8965104 ], [ 135.724129, 34.8962004 ], [ 135.723766, 34.8960064 ], [ 135.723081, 34.8956784 ], [ 135.722567, 34.8954564 ], [ 135.721982, 34.8952274 ], [ 135.721512, 34.8950754 ], [ 135.720799, 34.8948524 ], [ 135.720149, 34.8946414 ], [ 135.719729, 34.8944954 ], [ 135.719454, 34.8944044 ], [ 135.7194378, 34.8943972 ] ] } },
{ "type": "Feature", "properties": { "N12_001": "26", "N12_002": 1, "N12_003": 3, "N12_004": "一般国道478号", "N12_005": 18, "N12_006": 11 }, "geometry": { "type": "LineString", "coordinates": [ [ 135.6927487, 34.9046673 ], [ 135.6924154, 34.9051279 ], [ 135.6923718, 34.9052043 ], [ 135.6921499, 34.905652 ], [ 135.6920274, 34.9059464 ], [ 135.6917207, 34.9069138 ], [ 135.6912063, 34.9090389 ], [ 135.6909705, 34.909948 ], [ 135.6908213, 34.9103996 ], [ 135.6907202, 34.9106318 ], [ 135.6903805, 34.9111795 ], [ 135.689805, 34.9119488 ], [ 135.6890781, 34.9128035 ], [ 135.6884554, 34.9134639 ], [ 135.6875164, 34.9143691 ], [ 135.6870586, 34.9147926 ], [ 135.6864076, 34.9153404 ], [ 135.6858226, 34.9157367 ], [ 135.6850769, 34.916195 ], [ 135.6843172, 34.9165913 ], [ 135.6826374, 34.9174381 ], [ 135.681793, 34.9178578 ], [ 135.6816142, 34.917945 ], [ 135.6803018, 34.9186035 ], [ 135.6793533, 34.9190715 ], [ 135.6776767, 34.9198989 ], [ 135.677186, 34.9201541 ], [ 135.6765513, 34.9204366 ], [ 135.6757489, 34.9207162 ], [ 135.6749737, 34.9209195 ], [ 135.6741435, 34.9210551 ], [ 135.6730936, 34.9212172 ], [ 135.6729128, 34.9212515 ], [ 135.6720221, 34.9214361 ], [ 135.6714392, 34.9216197 ], [ 135.6709245, 34.9218146 ], [ 135.6704259, 34.9220528 ], [ 135.669883, 34.9223691 ], [ 135.669482, 34.9226415 ], [ 135.6690792, 34.9229663 ], [ 135.6686516, 34.9233589 ], [ 135.6685133, 34.923504 ], [ 135.6682653, 34.9237901 ], [ 135.6680108, 34.9241402 ], [ 135.6678106, 34.9244674 ], [ 135.6675504, 34.9249598 ], [ 135.6673034, 34.9256068 ], [ 135.667045, 34.9268548 ], [ 135.6666542, 34.9299734 ], [ 135.6665941, 34.9304193 ], [ 135.6664167, 34.9317497 ], [ 135.6663687, 34.9321198 ], [ 135.6662297, 34.9331645 ], [ 135.666123, 34.9340169 ], [ 135.665631, 34.9377307 ], [ 135.665429, 34.9392753 ], [ 135.6651554, 34.9413673 ], [ 135.6650913, 34.9419255 ], [ 135.6648937, 34.9434621 ], [ 135.6647717, 34.9441198 ], [ 135.6646631, 34.9446306 ], [ 135.664513, 34.9452143 ], [ 135.6643801, 34.9456602 ], [ 135.6642058, 34.9462044 ], [ 135.6640888, 34.9465418 ], [ 135.663976, 34.9467851 ], [ 135.6635988, 34.9476084 ], [ 135.6630997, 34.9485733 ], [ 135.6627325, 34.9492185 ], [ 135.6620873, 34.9502107 ], [ 135.6616484, 34.9508376 ], [ 135.6611018, 34.9515533 ], [ 135.6604705, 34.9522982 ], [ 135.6599239, 34.9528771 ], [ 135.6595567, 34.9532187 ], [ 135.6592251, 34.9534895 ], [ 135.6585982, 34.9539136 ], [ 135.6578543, 34.9543266 ], [ 135.6572319, 34.9546069 ], [ 135.6563986, 34.9550235 ], [ 135.6557312, 34.9553962 ], [ 135.6552071, 34.9558053 ], [ 135.6548199, 34.9562027 ], [ 135.6545321, 34.9565583 ], [ 135.6543213, 34.9568793 ], [ 135.6541488, 34.9572157 ], [ 135.6539672, 34.9576484 ], [ 135.6539128, 34.9578248 ], [ 135.6538458, 34.9580689 ], [ 135.6538107, 34.958218 ], [ 135.6537729, 34.9584411 ], [ 135.6537119, 34.9592748 ], [ 135.653713, 34.9598953 ], [ 135.6537227, 34.9601232 ], [ 135.6538483, 34.9611612 ], [ 135.6539695, 34.9617426 ], [ 135.6541709, 34.962456 ], [ 135.6545112, 34.9633222 ], [ 135.6546009, 34.9635166 ], [ 135.6546585, 34.9636365 ], [ 135.6548646, 34.9640467 ], [ 135.6550518, 34.9644053 ], [ 135.6553902, 34.9649629 ], [ 135.6559184, 34.9657041 ], [ 135.6562358, 34.9660664 ], [ 135.6563994, 34.9662467 ], [ 135.6564816, 34.9663342 ], [ 135.6569471, 34.9668025 ], [ 135.6576696, 34.9675933 ], [ 135.6583984, 34.9685221 ], [ 135.6588403, 34.9692074 ], [ 135.6591853, 34.9698848 ], [ 135.6594372, 34.9704737 ], [ 135.6596636, 34.9711611 ], [ 135.6599191, 34.9721783 ], [ 135.6601127, 34.9731826 ], [ 135.6601502, 34.9738184 ], [ 135.6601343, 34.9743247 ], [ 135.6600749, 34.9747161 ], [ 135.6599191, 34.9752324 ], [ 135.6596157, 34.9759007 ], [ 135.6593699, 34.9763156 ], [ 135.6593244, 34.976389 ], [ 135.6589633, 34.9769468 ] ] } },
{ "type": "Feature", "properties": { "N12_001": "26", "N12_002": 1, "N12_003": 1, "N12_004": "中央自動車道西宮線", "N12_005": 70, "N12_006": 4 }, "geometry": { "type": "LineString", "coordinates": [ [ 135.7194378, 34.8943972 ], [ 135.719017, 34.8942124 ], [ 135.718595, 34.8939794 ], [ 135.718003, 34.8935524 ], [ 135.71744, 34.8931184 ], [ 135.716905, 34.8926084 ], [ 135.71677, 34.89249 ], [ 135.716213, 34.892005 ], [ 135.71545, 34.891489 ], [ 135.714829, 34.891126 ], [ 135.714266, 34.890862 ], [ 135.7138845, 34.8907167 ], [ 135.713481, 34.890563 ], [ 135.712847, 34.890405 ], [ 135.712376, 34.890323 ], [ 135.71181, 34.890247 ], [ 135.711599, 34.890218 ], [ 135.710208, 34.890223 ], [ 135.708361, 34.890259 ], [ 135.707526, 34.890317 ], [ 135.706899, 34.890446 ], [ 135.706392, 34.890593 ], [ 135.705815, 34.890833 ], [ 135.705251, 34.891149 ], [ 135.704852, 34.891501 ], [ 135.704509, 34.891846 ], [ 135.70431, 34.892098 ], [ 135.703761, 34.892942 ], [ 135.703254, 34.893751 ], [ 135.702705, 34.894653 ], [ 135.702291, 34.895374 ], [ 135.7022459, 34.8954477 ], [ 135.701614, 34.896481 ], [ 135.701265, 34.897037 ], [ 135.700993, 34.897471 ], [ 135.700366, 34.898397 ], [ 135.699681, 34.899282 ], [ 135.699025, 34.899903 ], [ 135.6985739, 34.9002998 ], [ 135.6980937, 34.9007561 ], [ 135.6978482, 34.9009602 ], [ 135.6970786, 34.9015018 ], [ 135.6965081, 34.9018178 ], [ 135.696262, 34.9019467 ], [ 135.6954573, 34.9023675 ], [ 135.6946507, 34.9028463 ], [ 135.6946069, 34.9028746 ], [ 135.6939524, 34.9033835 ], [ 135.6935592, 34.9036801 ], [ 135.6932722, 34.9039874 ], [ 135.6932023, 34.9040622 ], [ 135.6927487, 34.9046673 ] ] } },
{ "type": "Feature", "properties": { "N12_001": "26", "N12_002": 1, "N12_003": 3, "N12_004": "一般国道24号", "N12_005": 68, "N12_006": 4 }, "geometry": { "type": "LineString", "coordinates": [ [ 135.7750131, 34.7742825 ], [ 135.7747241, 34.7749336 ], [ 135.7746786, 34.7756459 ], [ 135.7745878, 34.776567 ], [ 135.7744385, 34.7768991 ], [ 135.7740231, 34.7771347 ], [ 135.7737829, 34.777274 ], [ 135.77331, 34.777386 ] ] } },
{ "type": "Feature", "properties": { "N12_001": "26", "N12_002": 1, "N12_003": 3, "N12_004": "一般国道24号", "N12_005": 68, "N12_006": 5 }, "geometry": { "type": "LineString", "coordinates": [ [ 135.7521701, 34.8093025 ], [ 135.7529208, 34.8085398 ], [ 135.7535407, 34.8075287 ], [ 135.754146, 34.807082 ], [ 135.7548879, 34.8070076 ], [ 135.755413, 34.807133 ] ] } },
{ "type": "Feature", "properties": { "N12_001": "26", "N12_002": 1, "N12_003": 3, "N12_004": "一般国道24号", "N12_005": 68, "N12_006": 6 }, "geometry": { "type": "LineString", "coordinates": [ [ 135.7535222, 34.8368548 ], [ 135.7533529, 34.8364187 ], [ 135.7531201, 34.8360348 ], [ 135.7526703, 34.8354938 ], [ 135.7525592, 34.8354196 ] ] } },
{ "type": "Feature", "properties": { "N12_001": "26", "N12_002": 1, "N12_003": 3, "N12_004": "一般国道24号", "N12_005": 68, "N12_006": 7 }, "geometry": { "type": "LineString", "coordinates": [ [ 135.7619132, 34.8467776 ], [ 135.7618975, 34.8465589 ], [ 135.7618411, 34.8460581 ], [ 135.7617942, 34.8458892 ], [ 135.7617342, 34.8456728 ], [ 135.7615928, 34.8453158 ], [ 135.7614571, 34.8450684 ], [ 135.76125, 34.844635 ], [ 135.760947, 34.844199 ], [ 135.76077, 34.843972 ], [ 135.760498, 34.843707 ], [ 135.760118, 34.843359 ], [ 135.759656, 34.842963 ], [ 135.758353, 34.841944 ], [ 135.757913, 34.84159 ], [ 135.757474, 34.841237 ], [ 135.756331, 34.840292 ], [ 135.755551, 34.839673 ], [ 135.755336, 34.839451 ], [ 135.754936, 34.839056 ], [ 135.754517, 34.838586 ], [ 135.754344, 34.838376 ], [ 135.754257, 34.838252 ], [ 135.754006, 34.837954 ], [ 135.753678, 34.837427 ], [ 135.753483, 34.83708 ], [ 135.7534625, 34.8370421 ], [ 135.7525592, 34.8354196 ], [ 135.7505973, 34.8322099 ], [ 135.7502879, 34.8313771 ], [ 135.7501261, 34.830649 ], [ 135.7500762, 34.8300208 ], [ 135.7500833, 34.8294854 ], [ 135.7501904, 34.8288929 ], [ 135.7504545, 34.8282005 ], [ 135.7508757, 34.8273582 ], [ 135.7513682, 34.8263231 ], [ 135.7516109, 34.8255807 ], [ 135.7517608, 34.8248098 ], [ 135.7518037, 34.8241959 ], [ 135.7517608, 34.8231394 ], [ 135.7515966, 34.821933 ], [ 135.7514253, 34.8207052 ], [ 135.7513182, 34.8190563 ], [ 135.7513325, 34.8178641 ], [ 135.7513896, 34.8169647 ], [ 135.7515324, 34.8157797 ], [ 135.7518465, 34.8141593 ], [ 135.7522605, 34.8127459 ], [ 135.753088, 34.8109906 ], [ 135.753456, 34.810293 ], [ 135.753961, 34.809409 ], [ 135.75466, 34.808229 ], [ 135.754831, 34.807994 ], [ 135.755017, 34.807731 ], [ 135.755413, 34.807133 ], [ 135.755933, 34.806386 ], [ 135.756475, 34.805583 ], [ 135.7572372, 34.8039213 ], [ 135.7577226, 34.8021605 ], [ 135.7578463, 34.8014086 ], [ 135.7580271, 34.7993337 ], [ 135.758208, 34.7975634 ], [ 135.7583222, 34.7967829 ], [ 135.7587315, 34.7954028 ], [ 135.759067, 34.7946501 ], [ 135.7597756, 34.7934637 ], [ 135.760095, 34.793041 ], [ 135.760754, 34.792171 ], [ 135.761382, 34.791304 ], [ 135.762067, 34.790625 ], [ 135.762819, 34.78996 ], [ 135.763668, 34.789362 ], [ 135.764549, 34.788814 ], [ 135.765483, 34.788269 ], [ 135.766385, 34.787809 ], [ 135.767294, 34.787326 ], [ 135.768243, 34.786828 ], [ 135.769149, 34.786289 ], [ 135.769994, 34.785723 ], [ 135.770771, 34.785079 ], [ 135.771442, 34.78434 ], [ 135.771987, 34.783617 ], [ 135.772494, 34.782761 ], [ 135.772877, 34.781896 ], [ 135.773005, 34.781465 ], [ 135.773103, 34.780989 ], [ 135.77321, 34.780098 ], [ 135.773214, 34.780041 ], [ 135.773264, 34.779222 ], [ 135.773278, 34.778279 ], [ 135.77331, 34.777386 ], [ 135.773312, 34.777185 ], [ 135.773328, 34.776685 ], [ 135.773535, 34.775036 ], [ 135.773663, 34.774265 ], [ 135.773802, 34.773665 ], [ 135.774095, 34.772722 ], [ 135.774434, 34.771816 ], [ 135.77484, 34.770902 ], [ 135.775307, 34.770067 ], [ 135.775749, 34.769188 ], [ 135.776188, 34.768359 ], [ 135.776623, 34.767498 ], [ 135.777012, 34.766604 ], [ 135.777333, 34.765731 ], [ 135.777579, 34.764797 ], [ 135.777771, 34.763865 ], [ 135.77791, 34.762942 ], [ 135.778032, 34.762011 ], [ 135.778121, 34.76107 ], [ 135.778171, 34.760121 ], [ 135.778203, 34.75921 ], [ 135.778296, 34.75829 ], [ 135.778428, 34.75735 ], [ 135.778606, 34.756412 ], [ 135.778866, 34.755495 ], [ 135.779151, 34.754646 ], [ 135.779483, 34.753799 ], [ 135.779868, 34.752908 ], [ 135.780278, 34.752015 ], [ 135.780749, 34.751118 ], [ 135.781416, 34.749979 ], [ 135.78204, 34.749111 ], [ 135.782386, 34.748631 ], [ 135.782895, 34.7480075 ], [ 135.783053, 34.747814 ], [ 135.783391, 34.747442 ], [ 135.783765, 34.74703 ], [ 135.784543, 34.746226 ], [ 135.785194, 34.745562 ], [ 135.785927, 34.744793 ], [ 135.786624, 34.744004 ], [ 135.787268, 34.743264 ], [ 135.787906, 34.742461 ], [ 135.788516, 34.74165 ], [ 135.789006, 34.740916 ], [ 135.789485, 34.740107 ], [ 135.789678, 34.739781 ], [ 135.790434, 34.738407 ], [ 135.790764, 34.73779 ], [ 135.791201, 34.736866 ], [ 135.791543, 34.7361 ], [ 135.791627, 34.735933 ], [ 135.7916536, 34.7358782 ], [ 135.7920049, 34.7352787 ], [ 135.7922696, 34.7347907 ], [ 135.7925525, 34.734198 ], [ 135.793055, 34.733209 ], [ 135.7936705, 34.7322919 ], [ 135.7943231, 34.7314118 ], [ 135.794606, 34.7310288 ], [ 135.7949893, 34.7305591 ], [ 135.7956602, 34.7297566 ], [ 135.7963949, 34.7290224 ], [ 135.797242, 34.728367 ], [ 135.7981289, 34.7277548 ], [ 135.7985031, 34.7275313 ], [ 135.7990507, 34.7272395 ], [ 135.8, 34.7267334 ], [ 135.8010084, 34.7262865 ], [ 135.8020443, 34.7258624 ], [ 135.8030573, 34.7254748 ], [ 135.8041525, 34.7250827 ], [ 135.8051976, 34.7247042 ], [ 135.8062654, 34.7242984 ], [ 135.8072374, 34.7238561 ], [ 135.808496, 34.723272 ], [ 135.809415, 34.722773 ], [ 135.8101429, 34.7221831 ], [ 135.8107253, 34.7216805 ], [ 135.8112746, 34.7210259 ], [ 135.8119496, 34.7203118 ], [ 135.8126246, 34.7196571 ], [ 135.8129953, 34.7191668 ] ] } }
]
}
