{
"type": "FeatureCollection",
"name": "N12-21_04",
"features": [
{ "type": "Feature", "properties": { "N12_001": "04", "N12_002": 1, "N12_003": 1, "N12_004": "東北縦貫自動車道弘前線", "N12_005": 1, "N12_006": 1 }, "geometry": { "type": "LineString", "coordinates": [ [ 140.5821216, 37.9104618 ], [ 140.5823546, 37.9106018 ], [ 140.5831396, 37.9109328 ], [ 140.5841546, 37.9112028 ], [ 140.5849226, 37.9113238 ], [ 140.5856056, 37.9113578 ], [ 140.5862155, 37.9113531 ], [ 140.5865266, 37.9113508 ], [ 140.5877467, 37.9113238 ], [ 140.5887027, 37.9112828 ], [ 140.5901447, 37.9112088 ], [ 140.5913557, 37.9111467 ], [ 140.5926358, 37.9111337 ], [ 140.5934298, 37.9111467 ], [ 140.5942908, 37.9112277 ], [ 140.5952898, 37.9113487 ], [ 140.5962278, 37.9115177 ], [ 140.5973629, 37.9117877 ], [ 140.5981479, 37.9120577 ], [ 140.5987629, 37.9123347 ], [ 140.5993089, 37.9126117 ], [ 140.5999399, 37.9130367 ], [ 140.6005119, 37.9134967 ], [ 140.6009649, 37.9139357 ], [ 140.60134, 37.9143687 ], [ 140.60169, 37.9148207 ], [ 140.601989, 37.9153007 ], [ 140.602271, 37.9158557 ], [ 140.602587, 37.9165247 ], [ 140.602997, 37.9174706 ], [ 140.603254, 37.9179906 ], [ 140.603552, 37.9185116 ], [ 140.603843, 37.9188966 ], [ 140.604218, 37.9192946 ], [ 140.6045731, 37.9196706 ], [ 140.6049701, 37.9199066 ], [ 140.6058411, 37.9204006 ], [ 140.6070701, 37.9212136 ], [ 140.6081921, 37.9220546 ], [ 140.6088952, 37.9227746 ], [ 140.6093972, 37.9234616 ], [ 140.6099352, 37.9243486 ], [ 140.6102652, 37.9250286 ], [ 140.6105042, 37.9257856 ], [ 140.6106572, 37.9266666 ], [ 140.6106372, 37.9278446 ], [ 140.6105122, 37.9288776 ], [ 140.6102172, 37.9298756 ], [ 140.6099902, 37.9305126 ], [ 140.6094852, 37.9316766 ], [ 140.6091332, 37.9326356 ], [ 140.6089812, 37.9335206 ], [ 140.6089652, 37.9344416 ], [ 140.6090832, 37.9353756 ], [ 140.6095272, 37.9364856 ], [ 140.6100573, 37.9373976 ], [ 140.6112063, 37.9389076 ], [ 140.6116933, 37.9395086 ], [ 140.6119413, 37.9400126 ], [ 140.6121053, 37.9404766 ], [ 140.6121563, 37.9409616 ], [ 140.6121843, 37.9415766 ], [ 140.6121353, 37.9425166 ], [ 140.6121443, 37.9434706 ], [ 140.6122513, 37.9439476 ], [ 140.6124663, 37.9443526 ], [ 140.6128834, 37.9450016 ], [ 140.6136244, 37.9458335 ], [ 140.6146844, 37.9467605 ], [ 140.6153084, 37.9473575 ], [ 140.6157674, 37.9479235 ], [ 140.6161444, 37.9486345 ], [ 140.6163094, 37.9491715 ], [ 140.6164234, 37.9499295 ], [ 140.6165645, 37.9513145 ], [ 140.6167295, 37.9520435 ], [ 140.6169805, 37.9526315 ], [ 140.6172085, 37.9531755 ], [ 140.6178365, 37.9541835 ], [ 140.6184565, 37.9550795 ], [ 140.6188415, 37.9557345 ], [ 140.6193994, 37.9566775 ], [ 140.6196705, 37.9573795 ], [ 140.6198905, 37.9579855 ], [ 140.6200355, 37.9584835 ], [ 140.6201535, 37.9590025 ], [ 140.6201805, 37.9597285 ], [ 140.6202334, 37.9608674 ], [ 140.6200604, 37.9615664 ], [ 140.6198364, 37.9622994 ], [ 140.6194404, 37.9631614 ], [ 140.6188794, 37.9641664 ], [ 140.6183804, 37.9648984 ], [ 140.6179803, 37.9653884 ], [ 140.6174893, 37.9659904 ], [ 140.6168773, 37.9667074 ], [ 140.6164803, 37.9671744 ], [ 140.6160353, 37.9677554 ], [ 140.6155663, 37.9685494 ], [ 140.6153343, 37.9689544 ], [ 140.6150673, 37.9694684 ], [ 140.6147223, 37.9703384 ], [ 140.6144323, 37.9712304 ], [ 140.6140095, 37.9721126 ], [ 140.6137775, 37.9728216 ], [ 140.6135195, 37.9736756 ], [ 140.6133575, 37.9741996 ], [ 140.6131145, 37.9747256 ], [ 140.6128555, 37.9753436 ], [ 140.6122645, 37.9763696 ], [ 140.6120401, 37.9767136 ], [ 140.6114705, 37.9775866 ], [ 140.6110654, 37.9782925 ], [ 140.6097744, 37.9799745 ], [ 140.6089064, 37.9810285 ], [ 140.6079654, 37.9823885 ], [ 140.6074121, 37.9835494 ], [ 140.6071524, 37.984188 ], [ 140.6069278, 37.9847467 ], [ 140.6067481, 37.9853704 ], [ 140.6066182, 37.9858144 ], [ 140.6064185, 37.9868222 ], [ 140.6063287, 37.9883488 ], [ 140.6063886, 37.9894813 ], [ 140.6066083, 37.9908632 ], [ 140.6068596, 37.9919396 ], [ 140.6071975, 37.9929636 ], [ 140.6077042, 37.9945252 ], [ 140.6081955, 37.9961437 ], [ 140.6084005, 37.9970697 ], [ 140.6087015, 37.9985367 ], [ 140.6087715, 37.9992227 ], [ 140.6088075, 37.9998997 ], [ 140.6088402, 38.0013651 ], [ 140.6086954, 38.0029366 ], [ 140.6087153, 38.0037285 ], [ 140.6088552, 38.0048324 ], [ 140.60901, 38.0059 ], [ 140.6095242, 38.0074167 ], [ 140.6098288, 38.0080902 ], [ 140.6104117, 38.0091429 ], [ 140.6113054, 38.0103053 ], [ 140.6116449, 38.0106994 ], [ 140.6117986, 38.0108934 ], [ 140.6130154, 38.0118619 ], [ 140.614535, 38.0129346 ], [ 140.617263, 38.0146876 ], [ 140.6186191, 38.0157366 ], [ 140.6198201, 38.0168286 ], [ 140.6210891, 38.0182666 ], [ 140.6221202, 38.0197475 ], [ 140.6228102, 38.0210645 ], [ 140.6231088, 38.0220671 ], [ 140.6231592, 38.0222365 ], [ 140.6231834, 38.0223344 ], [ 140.6236293, 38.0241425 ], [ 140.6238003, 38.0247775 ], [ 140.6239273, 38.0253185 ], [ 140.6240983, 38.0259875 ], [ 140.6242683, 38.0265695 ], [ 140.6244903, 38.0273125 ], [ 140.6247883, 38.0280575 ], [ 140.6249843, 38.0286265 ], [ 140.6252744, 38.0294765 ], [ 140.6256494, 38.0303755 ], [ 140.6259994, 38.0311465 ], [ 140.6263404, 38.0318695 ], [ 140.6266474, 38.0324375 ], [ 140.6270574, 38.0331955 ], [ 140.6275354, 38.0340465 ], [ 140.6279245, 38.0346325 ], [ 140.6284265, 38.0353685 ], [ 140.6290715, 38.0362515 ], [ 140.6295415, 38.0368125 ], [ 140.6300365, 38.0373605 ], [ 140.6304245, 38.0377645 ], [ 140.6308015, 38.0381475 ], [ 140.6310295, 38.0383695 ], [ 140.6312646, 38.0385925 ], [ 140.6315826, 38.0388695 ], [ 140.6316864, 38.0389548 ], [ 140.6320266, 38.0392345 ], [ 140.6325216, 38.0396064 ], [ 140.6331116, 38.0400124 ], [ 140.6336706, 38.0404354 ], [ 140.6338716, 38.0405794 ], [ 140.6345556, 38.0410594 ], [ 140.6353416, 38.0415604 ], [ 140.6361107, 38.0420404 ], [ 140.6367857, 38.0424124 ], [ 140.6375967, 38.0428124 ], [ 140.6390067, 38.0434814 ], [ 140.6401347, 38.0439554 ], [ 140.6410577, 38.0443133 ], [ 140.6421348, 38.0446923 ], [ 140.6430458, 38.0449853 ], [ 140.6432118, 38.0450383 ], [ 140.6439208, 38.0452883 ], [ 140.6448948, 38.0456533 ], [ 140.6459368, 38.0460793 ], [ 140.6467609, 38.0464753 ], [ 140.6476279, 38.0469603 ], [ 140.6483109, 38.0473683 ], [ 140.6490099, 38.0478753 ], [ 140.6497669, 38.0484602 ], [ 140.6503479, 38.0489732 ], [ 140.6508779, 38.0495262 ], [ 140.6512709, 38.0499532 ], [ 140.651545, 38.0503242 ], [ 140.651797, 38.0507072 ], [ 140.652107, 38.0512522 ], [ 140.65238, 38.0517602 ], [ 140.652605, 38.0521852 ], [ 140.652815, 38.0527192 ], [ 140.653041, 38.0533322 ], [ 140.653221, 38.0540672 ], [ 140.653276, 38.0546982 ], [ 140.65331, 38.0552412 ], [ 140.653335, 38.0561202 ], [ 140.653301, 38.0570322 ], [ 140.653291, 38.0582562 ], [ 140.653316, 38.0590512 ], [ 140.653363, 38.0598112 ], [ 140.653425, 38.0604542 ], [ 140.65347, 38.0609462 ], [ 140.653581, 38.0615811 ], [ 140.6537, 38.0622241 ], [ 140.653908, 38.0628751 ], [ 140.654112, 38.0634311 ], [ 140.654277, 38.0639441 ], [ 140.654583, 38.0646861 ], [ 140.654853, 38.0652791 ], [ 140.655247, 38.0659131 ], [ 140.6557221, 38.0664921 ], [ 140.6562401, 38.0670541 ], [ 140.6568211, 38.0676171 ], [ 140.6573911, 38.0680781 ], [ 140.6579471, 38.0684711 ], [ 140.6588101, 38.0689571 ], [ 140.6595704, 38.0692774 ], [ 140.6597001, 38.069332 ], [ 140.6604431, 38.069593 ], [ 140.6613062, 38.06981 ], [ 140.6623302, 38.07002 ], [ 140.6633072, 38.070216 ], [ 140.6649322, 38.07054 ], [ 140.6655222, 38.070682 ], [ 140.6663343, 38.070912 ], [ 140.6671633, 38.071136 ], [ 140.6678813, 38.071379 ], [ 140.6688393, 38.071812 ], [ 140.6694893, 38.0721629 ], [ 140.6701503, 38.0725509 ], [ 140.6707863, 38.0729589 ], [ 140.6712963, 38.0733539 ], [ 140.6720764, 38.0740879 ], [ 140.6725604, 38.0745679 ], [ 140.6730624, 38.0750729 ], [ 140.6735094, 38.0755859 ], [ 140.6740004, 38.0762449 ], [ 140.6743974, 38.0768289 ], [ 140.6746894, 38.0775009 ], [ 140.6749514, 38.0781159 ], [ 140.6751934, 38.0787859 ], [ 140.6754054, 38.0795529 ], [ 140.6755024, 38.0802169 ], [ 140.6755924, 38.0808568 ], [ 140.6757124, 38.0819108 ], [ 140.6758314, 38.0831888 ], [ 140.6759424, 38.0841078 ], [ 140.6760194, 38.0852438 ], [ 140.6761274, 38.0863188 ], [ 140.6761874, 38.0870478 ], [ 140.6762234, 38.0876908 ], [ 140.6763344, 38.0883598 ], [ 140.6765564, 38.0895088 ], [ 140.6768814, 38.0904288 ], [ 140.6772144, 38.0908948 ], [ 140.6778475, 38.0914628 ], [ 140.6787105, 38.0919798 ], [ 140.6800055, 38.0927647 ], [ 140.6811675, 38.0934507 ], [ 140.6818195, 38.0938957 ], [ 140.6822315, 38.0942397 ], [ 140.6826235, 38.0946967 ], [ 140.6831576, 38.0955007 ], [ 140.6837736, 38.0964437 ], [ 140.6842526, 38.0971547 ], [ 140.6846176, 38.0976457 ], [ 140.6849946, 38.0980047 ], [ 140.6856536, 38.0985057 ], [ 140.6862546, 38.0989477 ], [ 140.6870156, 38.0994977 ], [ 140.6875026, 38.0999676 ], [ 140.6877816, 38.1003786 ], [ 140.6881106, 38.1008606 ], [ 140.6884537, 38.1015746 ], [ 140.6888217, 38.1023256 ], [ 140.6891207, 38.1028996 ], [ 140.6897287, 38.1037586 ], [ 140.6902737, 38.1044126 ], [ 140.6908977, 38.1051146 ], [ 140.6916517, 38.1059426 ], [ 140.6924087, 38.1067686 ], [ 140.6933277, 38.1078566 ], [ 140.6940748, 38.1087396 ], [ 140.6949208, 38.1096865 ], [ 140.6960748, 38.1109235 ], [ 140.6964788, 38.1114235 ], [ 140.6969658, 38.1121255 ], [ 140.6973738, 38.1128115 ], [ 140.6977748, 38.1135225 ], [ 140.6980408, 38.1141785 ], [ 140.6984138, 38.1147195 ], [ 140.6988028, 38.1150625 ], [ 140.6993448, 38.1154025 ], [ 140.6998629, 38.1156935 ], [ 140.7005059, 38.1159775 ], [ 140.7013379, 38.1162555 ], [ 140.7025979, 38.1165675 ], [ 140.7035779, 38.1167945 ], [ 140.7035869, 38.1167965 ], [ 140.7040899, 38.1169515 ], [ 140.7045609, 38.1171795 ], [ 140.704961, 38.1174394 ], [ 140.705263, 38.1176904 ], [ 140.705668, 38.1180824 ], [ 140.706225, 38.1186824 ], [ 140.706767, 38.1191704 ], [ 140.707159, 38.1194924 ], [ 140.707603, 38.1197734 ], [ 140.708246, 38.1200764 ], [ 140.708898, 38.1203174 ], [ 140.709726, 38.1205554 ], [ 140.7102911, 38.1206794 ], [ 140.7107614, 38.1207705 ], [ 140.7108641, 38.1207904 ], [ 140.7130031, 38.1211584 ], [ 140.7137491, 38.1212764 ], [ 140.7143771, 38.1214244 ], [ 140.7149272, 38.1216034 ], [ 140.7154922, 38.1218634 ], [ 140.7161252, 38.1220924 ], [ 140.7161302, 38.1220951 ], [ 140.7164532, 38.1224164 ], [ 140.7169012, 38.1228124 ], [ 140.7173842, 38.1232604 ], [ 140.7178082, 38.1237123 ], [ 140.7181532, 38.1242193 ], [ 140.7185222, 38.1247693 ], [ 140.7186578, 38.1250562 ], [ 140.7187542, 38.1252603 ], [ 140.7189502, 38.1258603 ], [ 140.7190202, 38.1263673 ], [ 140.7190642, 38.1271493 ], [ 140.7190322, 38.1277303 ], [ 140.7189342, 38.1285873 ], [ 140.7187692, 38.1293353 ], [ 140.7185512, 38.1300073 ], [ 140.7183962, 38.1305813 ], [ 140.7182942, 38.1312113 ], [ 140.7181922, 38.1318293 ], [ 140.7180812, 38.1325013 ], [ 140.7180312, 38.1332113 ], [ 140.7180002, 38.1337373 ], [ 140.7180202, 38.1341733 ], [ 140.7181082, 38.1347463 ], [ 140.7182622, 38.1352593 ], [ 140.7184792, 38.1357463 ], [ 140.7187382, 38.1361793 ], [ 140.7189732, 38.1365443 ], [ 140.7193542, 38.1369183 ], [ 140.7199232, 38.1374293 ], [ 140.7204612, 38.1377963 ], [ 140.7210262, 38.1381673 ], [ 140.7218852, 38.1386743 ], [ 140.7225363, 38.1389843 ], [ 140.7235633, 38.1394302 ], [ 140.7238393, 38.1395392 ], [ 140.7242483, 38.1397002 ], [ 140.7250103, 38.1400652 ], [ 140.7257383, 38.1404702 ], [ 140.7264653, 38.1409432 ], [ 140.7268283, 38.1412482 ], [ 140.7270823, 38.1415252 ], [ 140.7274934, 38.1420652 ], [ 140.7278274, 38.1426872 ], [ 140.7280844, 38.1433902 ], [ 140.7282734, 38.1441262 ], [ 140.7284404, 38.1447172 ], [ 140.7286764, 38.1452922 ], [ 140.7289154, 38.1458152 ], [ 140.7291744, 38.1463342 ], [ 140.7294884, 38.1467242 ], [ 140.7299634, 38.1471842 ], [ 140.7304814, 38.1475922 ], [ 140.7310314, 38.1479452 ], [ 140.7318944, 38.1484452 ], [ 140.7328984, 38.1490732 ], [ 140.7337665, 38.1495492 ], [ 140.7365345, 38.1511351 ], [ 140.7372135, 38.1515831 ], [ 140.7377395, 38.1519671 ], [ 140.7382296, 38.1523471 ], [ 140.7390936, 38.1530701 ], [ 140.7397286, 38.1536391 ], [ 140.7404046, 38.1542201 ], [ 140.7410776, 38.1547541 ], [ 140.7416596, 38.1551121 ], [ 140.7422337, 38.1553951 ], [ 140.7429097, 38.1556381 ], [ 140.7436507, 38.1558621 ], [ 140.7444427, 38.156091 ], [ 140.7452128, 38.156266 ], [ 140.7459328, 38.156448 ], [ 140.7467078, 38.156668 ], [ 140.7473358, 38.156885 ], [ 140.7477988, 38.157126 ], [ 140.7483569, 38.157423 ], [ 140.7488959, 38.15787 ], [ 140.7492319, 38.15823 ], [ 140.7495539, 38.158687 ], [ 140.7498129, 38.159206 ], [ 140.7502209, 38.15998 ], [ 140.7506399, 38.1604939 ], [ 140.751299, 38.1610419 ], [ 140.752112, 38.1614949 ], [ 140.753207, 38.1619549 ], [ 140.7536671, 38.1621869 ], [ 140.7540461, 38.1624429 ], [ 140.7546611, 38.1631119 ], [ 140.7553291, 38.1640919 ], [ 140.7558251, 38.1648159 ], [ 140.7563632, 38.1653228 ], [ 140.7570312, 38.1657698 ], [ 140.7579982, 38.1661348 ], [ 140.7589653, 38.1663858 ], [ 140.7601813, 38.1665818 ], [ 140.7614143, 38.1667518 ], [ 140.7627064, 38.1669148 ], [ 140.7641284, 38.1671848 ], [ 140.7645564, 38.1673207 ], [ 140.7652495, 38.1675777 ], [ 140.7663275, 38.1679907 ], [ 140.7668005, 38.1681957 ], [ 140.7670795, 38.1683577 ], [ 140.7674875, 38.1686257 ], [ 140.7680366, 38.1690767 ], [ 140.7685116, 38.1696447 ], [ 140.7692516, 38.1707077 ], [ 140.7697236, 38.1716777 ], [ 140.7699667, 38.1725096 ], [ 140.7700777, 38.1733816 ], [ 140.7700257, 38.1749636 ], [ 140.7696827, 38.1767336 ], [ 140.7694047, 38.1775296 ], [ 140.7693307, 38.1777406 ], [ 140.7686787, 38.1792616 ], [ 140.7680526, 38.1807556 ], [ 140.7677526, 38.1819856 ], [ 140.7677087, 38.1827086 ], [ 140.7678887, 38.1834526 ], [ 140.7682397, 38.1841006 ], [ 140.7690267, 38.1848925 ], [ 140.7697887, 38.1853655 ], [ 140.7705078, 38.1857035 ], [ 140.7718178, 38.1862315 ], [ 140.7729739, 38.1867325 ], [ 140.7740519, 38.1873335 ], [ 140.7748489, 38.1879625 ], [ 140.775919, 38.1888414 ], [ 140.77746, 38.1899174 ], [ 140.7782731, 38.1903704 ], [ 140.7793611, 38.1908574 ], [ 140.7803891, 38.1913864 ], [ 140.7813302, 38.1919254 ], [ 140.7823662, 38.1926694 ], [ 140.7830112, 38.1932783 ], [ 140.7834113, 38.1937573 ], [ 140.7837213, 38.1942343 ], [ 140.7840863, 38.1948183 ], [ 140.7845143, 38.1957053 ], [ 140.7846433, 38.1961443 ], [ 140.7850883, 38.1977333 ], [ 140.7854724, 38.1989703 ], [ 140.7858024, 38.1996623 ], [ 140.7862144, 38.2001543 ], [ 140.7867014, 38.2006112 ], [ 140.7872034, 38.2010322 ], [ 140.7877094, 38.2013132 ], [ 140.7882045, 38.2014802 ], [ 140.7886985, 38.2016032 ], [ 140.7902095, 38.2017892 ], [ 140.7917256, 38.2020132 ], [ 140.7923686, 38.2022122 ], [ 140.7928726, 38.2024792 ], [ 140.7934447, 38.2028862 ], [ 140.7934817, 38.2029122 ], [ 140.7941237, 38.2033922 ], [ 140.7948947, 38.2039392 ], [ 140.7959307, 38.2044401 ], [ 140.7969078, 38.2046831 ], [ 140.7977558, 38.2047981 ], [ 140.7984578, 38.2048261 ], [ 140.7996399, 38.2048321 ], [ 140.8005219, 38.2049811 ], [ 140.801756, 38.2053731 ], [ 140.80269, 38.2058471 ], [ 140.803092, 38.2061691 ], [ 140.8035, 38.2065711 ], [ 140.803916, 38.207121 ], [ 140.8041361, 38.207523 ], [ 140.8043081, 38.207874 ], [ 140.8045571, 38.208483 ], [ 140.8046861, 38.208921 ], [ 140.8047961, 38.209382 ], [ 140.8048701, 38.209894 ], [ 140.8048741, 38.210429 ], [ 140.8048481, 38.211085 ], [ 140.8047541, 38.211748 ], [ 140.8045741, 38.212545 ], [ 140.8045601, 38.212593 ], [ 140.8044341, 38.212979 ], [ 140.8042991, 38.213336 ], [ 140.8042131, 38.213537 ], [ 140.8041321, 38.213714 ], [ 140.8040281, 38.213925 ], [ 140.8038671, 38.214221 ], [ 140.8036891, 38.214519 ], [ 140.8034041, 38.21496 ], [ 140.8031311, 38.215354 ], [ 140.8028047, 38.2158565 ], [ 140.802405, 38.216472 ], [ 140.8023514, 38.216566 ], [ 140.802324, 38.216614 ], [ 140.802187, 38.21686 ], [ 140.802056, 38.217146 ], [ 140.801769, 38.217765 ], [ 140.801603, 38.218249 ], [ 140.801467, 38.218881 ], [ 140.801448, 38.2195 ], [ 140.801518, 38.220084 ], [ 140.801639, 38.2204 ], [ 140.801882, 38.2209599 ], [ 140.8026961, 38.2224609 ], [ 140.8030411, 38.2231009 ], [ 140.8031671, 38.2234469 ], [ 140.8032451, 38.2239169 ], [ 140.8032781, 38.2253739 ], [ 140.8033831, 38.2259109 ], [ 140.8035611, 38.2263409 ], [ 140.8039381, 38.2270299 ], [ 140.8044691, 38.2276459 ], [ 140.8053432, 38.2283079 ], [ 140.8062432, 38.2287068 ], [ 140.8070052, 38.2289438 ], [ 140.8080763, 38.2293148 ], [ 140.8089253, 38.2297138 ], [ 140.8094663, 38.2300278 ], [ 140.8099533, 38.2304778 ], [ 140.8105364, 38.2311398 ], [ 140.8111784, 38.2318298 ], [ 140.8119494, 38.2324378 ], [ 140.8128844, 38.2330668 ], [ 140.8137925, 38.2336677 ], [ 140.8143295, 38.2341237 ], [ 140.8147525, 38.2345737 ], [ 140.8153005, 38.2353447 ], [ 140.8160126, 38.2363517 ], [ 140.8164746, 38.2368787 ], [ 140.8171096, 38.2375007 ], [ 140.8175756, 38.2379977 ], [ 140.8179236, 38.2384877 ], [ 140.8182836, 38.2392717 ], [ 140.8183566, 38.2395707 ], [ 140.8183946, 38.2400076 ], [ 140.8184006, 38.2404026 ], [ 140.8182626, 38.2409376 ], [ 140.8177566, 38.2421216 ], [ 140.8174586, 38.2428756 ], [ 140.8173236, 38.2433536 ], [ 140.8172346, 38.2441396 ], [ 140.8172466, 38.2446656 ], [ 140.8173276, 38.2453816 ], [ 140.8176506, 38.2464776 ], [ 140.8178236, 38.2472806 ], [ 140.8178346, 38.2480386 ], [ 140.8177996, 38.2483286 ], [ 140.8177876, 38.2484276 ], [ 140.8176666, 38.2489316 ], [ 140.8174856, 38.2493526 ], [ 140.8172216, 38.2497556 ], [ 140.8166556, 38.2505186 ], [ 140.8161676, 38.2509716 ], [ 140.8155756, 38.2513846 ], [ 140.8148555, 38.2517826 ], [ 140.8140755, 38.2522086 ], [ 140.8134845, 38.2525536 ], [ 140.8128775, 38.2529686 ], [ 140.8119875, 38.2540256 ], [ 140.8115584, 38.2547076 ], [ 140.8111354, 38.2557376 ], [ 140.8110494, 38.2560476 ], [ 140.8110064, 38.2562986 ], [ 140.8109894, 38.2567376 ], [ 140.8109974, 38.2585116 ], [ 140.8109724, 38.2589346 ], [ 140.8109814, 38.2592586 ], [ 140.8109124, 38.2598396 ], [ 140.8107754, 38.2602796 ], [ 140.8105754, 38.2609006 ], [ 140.8103524, 38.2614946 ], [ 140.8101171, 38.2621119 ], [ 140.8099324, 38.2625966 ], [ 140.8096144, 38.2634445 ], [ 140.8093684, 38.2643515 ], [ 140.8093014, 38.2649845 ], [ 140.8093134, 38.2659215 ], [ 140.8094283, 38.2666397 ], [ 140.8096314, 38.2679095 ], [ 140.8098864, 38.2697115 ], [ 140.8099124, 38.2706395 ], [ 140.8099224, 38.2709575 ], [ 140.8099294, 38.2717305 ], [ 140.8099144, 38.2725955 ], [ 140.8099224, 38.2741535 ], [ 140.8098274, 38.2752855 ], [ 140.8097144, 38.2762905 ], [ 140.8097064, 38.2770385 ], [ 140.8097344, 38.2777335 ], [ 140.8100084, 38.2786924 ], [ 140.8100944, 38.2790194 ], [ 140.8102004, 38.2796414 ], [ 140.8101494, 38.2803244 ], [ 140.8100004, 38.2809244 ], [ 140.8095534, 38.2817454 ], [ 140.8090974, 38.2826824 ], [ 140.8089484, 38.2836564 ], [ 140.8088424, 38.2849274 ], [ 140.8086934, 38.2857864 ], [ 140.8084544, 38.2868654 ], [ 140.8082614, 38.2881424 ], [ 140.8082694, 38.2884574 ], [ 140.8083204, 38.2888134 ], [ 140.8084304, 38.2892334 ], [ 140.8087404, 38.2901514 ], [ 140.8089524, 38.2907144 ], [ 140.8090154, 38.2910914 ], [ 140.8090584, 38.2917064 ], [ 140.8090424, 38.2922014 ], [ 140.8088934, 38.2927944 ], [ 140.8084814, 38.2937504 ], [ 140.8080223, 38.2949404 ], [ 140.8078773, 38.2954564 ], [ 140.8077903, 38.2960004 ], [ 140.8077513, 38.2966314 ], [ 140.8078813, 38.2975554 ], [ 140.8080223, 38.2981674 ], [ 140.8083163, 38.2988073 ], [ 140.8089364, 38.2998273 ], [ 140.8095654, 38.3008893 ], [ 140.8098864, 38.3014963 ], [ 140.8099574, 38.3019603 ], [ 140.8099654, 38.3022693 ], [ 140.8098654, 38.3026873 ], [ 140.8097494, 38.3032253 ], [ 140.8096824, 38.3041923 ], [ 140.8097764, 38.3047423 ], [ 140.8099464, 38.3051933 ], [ 140.8099964, 38.3053243 ], [ 140.8101224, 38.3056953 ], [ 140.8101494, 38.3061063 ], [ 140.8101294, 38.3066333 ], [ 140.8100674, 38.3081373 ], [ 140.8101144, 38.3087613 ], [ 140.8102284, 38.3091663 ], [ 140.8104164, 38.3095123 ], [ 140.8107624, 38.3099643 ], [ 140.8112684, 38.3105113 ], [ 140.8117394, 38.3109373 ], [ 140.8123204, 38.3115992 ], [ 140.8128105, 38.3123692 ], [ 140.8131565, 38.3128572 ], [ 140.8134785, 38.3131972 ], [ 140.8140625, 38.3137012 ], [ 140.8145335, 38.3139982 ], [ 140.8151375, 38.3142882 ], [ 140.8157195, 38.3144492 ], [ 140.8161946, 38.3145342 ], [ 140.8167166, 38.3145982 ], [ 140.8180566, 38.3146482 ], [ 140.8191376, 38.3147312 ], [ 140.8198457, 38.3148182 ], [ 140.8211747, 38.3150801 ], [ 140.8222727, 38.3153851 ], [ 140.8232358, 38.3157381 ], [ 140.8240188, 38.3161041 ], [ 140.8251678, 38.3166821 ], [ 140.8263329, 38.3173531 ], [ 140.8269999, 38.3177261 ], [ 140.8275969, 38.3180041 ], [ 140.8283069, 38.318261 ], [ 140.8291779, 38.318477 ], [ 140.83002, 38.318659 ], [ 140.830764, 38.318762 ], [ 140.831541, 38.318854 ], [ 140.83246, 38.318873 ], [ 140.8340201, 38.318895 ], [ 140.8356421, 38.318951 ], [ 140.8367422, 38.319037 ], [ 140.8379002, 38.3191679 ], [ 140.8385592, 38.3193059 ], [ 140.8396663, 38.3196219 ], [ 140.8407353, 38.3200479 ], [ 140.8416963, 38.3204349 ], [ 140.8426804, 38.3208209 ], [ 140.8438114, 38.3211919 ], [ 140.8444827, 38.3213589 ], [ 140.8459375, 38.3217208 ], [ 140.8475955, 38.3221748 ], [ 140.8484895, 38.3224958 ], [ 140.8493136, 38.3228368 ], [ 140.8501026, 38.3232408 ], [ 140.8508756, 38.3236788 ], [ 140.8521136, 38.3244727 ], [ 140.8527387, 38.3249737 ], [ 140.8533627, 38.3255707 ], [ 140.8535317, 38.3257597 ], [ 140.8536976, 38.325997 ], [ 140.8542527, 38.3267907 ], [ 140.8547817, 38.3276417 ], [ 140.8555787, 38.3291527 ], [ 140.8557987, 38.3298227 ], [ 140.8559987, 38.3304067 ], [ 140.8561157, 38.3309937 ], [ 140.8561787, 38.3317177 ], [ 140.8561317, 38.3326817 ], [ 140.8559867, 38.3334696 ], [ 140.8557707, 38.3342026 ], [ 140.8556727, 38.3347496 ], [ 140.8556487, 38.3350656 ], [ 140.8556487, 38.3360486 ], [ 140.8557507, 38.3365426 ], [ 140.8559157, 38.3370246 ], [ 140.8562927, 38.3376806 ], [ 140.8566967, 38.3381596 ], [ 140.8571837, 38.3386106 ], [ 140.8581847, 38.3392016 ], [ 140.8597428, 38.3400886 ], [ 140.8602688, 38.3404226 ], [ 140.8606378, 38.3407315 ], [ 140.8609828, 38.3411085 ], [ 140.8613878, 38.3416925 ], [ 140.8618668, 38.3425335 ], [ 140.8621218, 38.3430195 ], [ 140.8623958, 38.3433775 ], [ 140.8627339, 38.3436995 ], [ 140.8631579, 38.3440025 ], [ 140.8637469, 38.3443115 ], [ 140.8643749, 38.3445405 ], [ 140.8647669, 38.3446455 ], [ 140.8653089, 38.3447565 ], [ 140.866066, 38.3447965 ], [ 140.867503, 38.3448394 ], [ 140.868084, 38.3448954 ], [ 140.8687671, 38.3450064 ], [ 140.8695121, 38.3452174 ], [ 140.8700851, 38.3454704 ], [ 140.8706511, 38.3458164 ], [ 140.8714941, 38.3464014 ], [ 140.8719182, 38.3466914 ], [ 140.8724342, 38.3470724 ], [ 140.8728972, 38.3473354 ], [ 140.8734202, 38.3475794 ], [ 140.8739352, 38.3477894 ], [ 140.8746992, 38.3480393 ], [ 140.8751613, 38.3481843 ], [ 140.8759983, 38.3484283 ], [ 140.8763407, 38.3485326 ], [ 140.8766713, 38.3486333 ], [ 140.8770933, 38.3488113 ], [ 140.8778453, 38.3491643 ], [ 140.8785044, 38.3495783 ], [ 140.8790464, 38.3499933 ], [ 140.8796274, 38.3505123 ], [ 140.8803534, 38.3512693 ], [ 140.8808164, 38.3518943 ], [ 140.8808924, 38.3520432 ], [ 140.8812364, 38.3527192 ], [ 140.8815744, 38.3536102 ], [ 140.8816384, 38.3542012 ], [ 140.8816804, 38.3551812 ], [ 140.8816274, 38.3562762 ], [ 140.8815584, 38.3570602 ], [ 140.8814894, 38.3576822 ], [ 140.8814804, 38.3583842 ], [ 140.8815054, 38.3591082 ], [ 140.8815394, 38.3598172 ], [ 140.8816594, 38.3606832 ], [ 140.8817874, 38.3614462 ], [ 140.8819924, 38.3621292 ], [ 140.8821554, 38.3626972 ], [ 140.8824214, 38.3633052 ], [ 140.8827554, 38.3640152 ], [ 140.8830294, 38.3645292 ], [ 140.8833294, 38.3650631 ], [ 140.8840074, 38.3661181 ], [ 140.8844704, 38.3667941 ], [ 140.8848644, 38.3674091 ], [ 140.8853274, 38.3682611 ], [ 140.8858414, 38.3693901 ], [ 140.8861074, 38.3701951 ], [ 140.8864134, 38.3711281 ], [ 140.8867434, 38.3721791 ], [ 140.8872384, 38.3736221 ], [ 140.8874867, 38.3742426 ], [ 140.8875784, 38.3744721 ], [ 140.8877444, 38.374886 ], [ 140.8881554, 38.37584 ], [ 140.8884985, 38.376509 ], [ 140.8889615, 38.377253 ], [ 140.8895225, 38.378133 ], [ 140.8901585, 38.378987 ], [ 140.8904095, 38.379333 ], [ 140.8912295, 38.380288 ], [ 140.8916925, 38.3809 ], [ 140.8920815, 38.381521 ], [ 140.8924185, 38.382164 ], [ 140.8926815, 38.382916 ], [ 140.8927955, 38.3834069 ], [ 140.8928475, 38.3839929 ], [ 140.8930235, 38.3849029 ], [ 140.8931965, 38.3855649 ], [ 140.8934155, 38.3861889 ], [ 140.8936675, 38.3866649 ], [ 140.8939335, 38.3870489 ], [ 140.8942916, 38.3875159 ], [ 140.8948646, 38.3880599 ], [ 140.8953586, 38.3884919 ], [ 140.8960566, 38.3889559 ], [ 140.8981847, 38.3901059 ], [ 140.8992937, 38.3906938 ], [ 140.8999547, 38.3910658 ], [ 140.9005127, 38.3914648 ], [ 140.9012848, 38.3921268 ], [ 140.9019338, 38.3927988 ], [ 140.9023498, 38.3934318 ], [ 140.9026498, 38.3939118 ], [ 140.9029158, 38.3944118 ], [ 140.9031558, 38.3949128 ], [ 140.9035938, 38.3959298 ], [ 140.9040328, 38.3969568 ], [ 140.9049598, 38.3990457 ], [ 140.9054498, 38.4001987 ], [ 140.9059169, 38.4012597 ], [ 140.9063919, 38.4023937 ], [ 140.9068039, 38.4033187 ], [ 140.9071029, 38.4039677 ], [ 140.9073379, 38.4044067 ], [ 140.9076249, 38.4047617 ], [ 140.9079619, 38.4051697 ], [ 140.9083779, 38.4055717 ], [ 140.9089439, 38.4060476 ], [ 140.909774, 38.4065936 ], [ 140.91027, 38.4068956 ], [ 140.910452, 38.4070066 ], [ 140.91113, 38.4074526 ], [ 140.911912, 38.4079736 ], [ 140.912047, 38.4080746 ], [ 140.912711, 38.4085886 ], [ 140.9133631, 38.4091836 ], [ 140.9138701, 38.4096836 ], [ 140.9144191, 38.4102926 ], [ 140.9149261, 38.4108736 ], [ 140.9152441, 38.4112996 ], [ 140.9156221, 38.4119075 ], [ 140.9159821, 38.4126315 ], [ 140.9162401, 38.4131735 ], [ 140.9165271, 38.4141035 ], [ 140.9166951, 38.4151275 ], [ 140.9167861, 38.4158905 ], [ 140.9170851, 38.4196165 ], [ 140.9172471, 38.4217115 ], [ 140.9173911, 38.4238074 ], [ 140.9175021, 38.4252694 ], [ 140.9175621, 38.4266594 ], [ 140.9175281, 38.4284574 ], [ 140.9174581, 38.4297614 ], [ 140.917209, 38.4314044 ], [ 140.916968, 38.4328704 ], [ 140.9168274, 38.4334464 ], [ 140.916684, 38.4340334 ], [ 140.916254, 38.4357904 ], [ 140.9161508, 38.4362236 ], [ 140.916022, 38.4367644 ], [ 140.915858, 38.4374664 ], [ 140.9155659, 38.4387284 ], [ 140.9151609, 38.4404883 ], [ 140.9147309, 38.4424073 ], [ 140.9144589, 38.4436393 ], [ 140.9141539, 38.4447663 ], [ 140.9138218, 38.4457803 ], [ 140.9135428, 38.4464553 ], [ 140.9131428, 38.4472673 ], [ 140.9127738, 38.4478303 ], [ 140.9123308, 38.4483753 ], [ 140.9113067, 38.4495513 ], [ 140.9104907, 38.4504223 ], [ 140.9093727, 38.4516393 ], [ 140.9086846, 38.4525173 ], [ 140.9083146, 38.4530923 ], [ 140.9080306, 38.4536663 ], [ 140.9076866, 38.4547003 ], [ 140.9075316, 38.4555403 ], [ 140.9075146, 38.4556333 ], [ 140.9074636, 38.4568293 ], [ 140.9075656, 38.4578123 ], [ 140.9076986, 38.4590553 ], [ 140.9079306, 38.4602393 ], [ 140.9081036, 38.4609993 ], [ 140.9082876, 38.4619172 ], [ 140.9085816, 38.4629712 ], [ 140.9087426, 38.4637112 ], [ 140.9089376, 38.4642512 ], [ 140.9090506, 38.4645442 ], [ 140.9095086, 38.4654202 ], [ 140.9098616, 38.4660572 ], [ 140.9102386, 38.4666012 ], [ 140.9105034, 38.4669039 ], [ 140.9110196, 38.4674942 ], [ 140.9115376, 38.4680071 ], [ 140.9121027, 38.4684831 ], [ 140.9127467, 38.4689351 ], [ 140.9135197, 38.4693711 ], [ 140.9142807, 38.4697601 ], [ 140.9151687, 38.4701931 ], [ 140.9166947, 38.4709381 ], [ 140.9174878, 38.4713151 ], [ 140.9181868, 38.4717291 ], [ 140.9189758, 38.4723141 ], [ 140.9197688, 38.4729381 ], [ 140.9204238, 38.4735281 ], [ 140.9210828, 38.474209 ], [ 140.9218098, 38.475096 ], [ 140.9224098, 38.475977 ], [ 140.9230848, 38.477028 ], [ 140.9234498, 38.477798 ], [ 140.9237558, 38.478478 ], [ 140.9239878, 38.479155 ], [ 140.9243488, 38.480299 ], [ 140.9246358, 38.481099 ], [ 140.9247378, 38.48186 ], [ 140.9249058, 38.482901 ], [ 140.9250827, 38.485013 ], [ 140.9251577, 38.486753 ], [ 140.9251667, 38.486947 ], [ 140.9252596, 38.4889299 ], [ 140.9253726, 38.4901999 ], [ 140.9254986, 38.4911339 ], [ 140.9257346, 38.4924199 ], [ 140.9259306, 38.4935759 ], [ 140.9261306, 38.4943769 ], [ 140.9264365, 38.4954829 ], [ 140.9267305, 38.4964629 ], [ 140.9271435, 38.4975729 ], [ 140.9275355, 38.4985309 ], [ 140.9281925, 38.5000629 ], [ 140.9289285, 38.5016509 ], [ 140.9294835, 38.5029399 ], [ 140.9301385, 38.5045638 ], [ 140.9303615, 38.5051588 ], [ 140.9305425, 38.5056928 ], [ 140.9306975, 38.5062948 ], [ 140.9308345, 38.5067738 ], [ 140.9309635, 38.5073348 ], [ 140.9310924, 38.5080988 ], [ 140.9311874, 38.5089098 ], [ 140.9312304, 38.5095458 ], [ 140.9312474, 38.5101808 ], [ 140.9312644, 38.5107758 ], [ 140.9312734, 38.5114038 ], [ 140.9312304, 38.5122288 ], [ 140.9311694, 38.5127698 ], [ 140.9311083, 38.5132728 ], [ 140.9309893, 38.5138778 ], [ 140.9308943, 38.5143448 ], [ 140.9307823, 38.5148308 ], [ 140.9306363, 38.5153918 ], [ 140.9304893, 38.5158918 ], [ 140.9303523, 38.5163248 ], [ 140.9302142, 38.5167508 ], [ 140.9295432, 38.5185478 ], [ 140.9292672, 38.5192408 ], [ 140.9291472, 38.5195958 ], [ 140.9289921, 38.5201368 ], [ 140.9288371, 38.5207248 ], [ 140.928757, 38.5211173 ], [ 140.9286991, 38.5214008 ], [ 140.9286221, 38.5218868 ], [ 140.9285441, 38.5223878 ], [ 140.9284411, 38.5230698 ], [ 140.9283811, 38.5235908 ], [ 140.928329, 38.5241248 ], [ 140.928294, 38.5247598 ], [ 140.928303, 38.5252798 ], [ 140.92832, 38.5257808 ], [ 140.92838, 38.5264968 ], [ 140.928466, 38.5272538 ], [ 140.92863, 38.5283018 ], [ 140.928905, 38.5300588 ], [ 140.9291629, 38.5316738 ], [ 140.9293779, 38.5331207 ], [ 140.9295539, 38.5344017 ], [ 140.9297299, 38.5356827 ], [ 140.9299969, 38.5373857 ], [ 140.9301858, 38.5387817 ], [ 140.9303748, 38.5401767 ], [ 140.9306418, 38.5420697 ], [ 140.9308908, 38.5439287 ], [ 140.9310548, 38.5450507 ], [ 140.9312087, 38.5461527 ], [ 140.9313467, 38.5471597 ], [ 140.9313987, 38.5475647 ], [ 140.9314497, 38.5479367 ], [ 140.9314847, 38.5483487 ], [ 140.9315187, 38.5491597 ], [ 140.9315697, 38.5505317 ], [ 140.9315787, 38.5516407 ], [ 140.9315696, 38.5522757 ], [ 140.9315356, 38.5531407 ], [ 140.9314836, 38.5538167 ], [ 140.9313976, 38.5544387 ], [ 140.9312596, 38.5551617 ], [ 140.9311216, 38.5557767 ], [ 140.9310016, 38.5562707 ], [ 140.9307945, 38.5568587 ], [ 140.9303295, 38.5581697 ], [ 140.9296844, 38.5599607 ], [ 140.9291764, 38.5615217 ], [ 140.9286424, 38.5631237 ], [ 140.9284183, 38.5637867 ], [ 140.9282453, 38.5643537 ], [ 140.9280903, 38.5648947 ], [ 140.9279353, 38.5655707 ], [ 140.9278413, 38.5661587 ], [ 140.9277803, 38.5666657 ], [ 140.9277463, 38.5671717 ], [ 140.9277202, 38.5675507 ], [ 140.9277032, 38.5679837 ], [ 140.9277032, 38.5686256 ], [ 140.9277112, 38.5695586 ], [ 140.9277372, 38.5701596 ], [ 140.9277802, 38.5708216 ], [ 140.9278482, 38.5715926 ], [ 140.9280119, 38.5727778 ], [ 140.9280892, 38.5733366 ], [ 140.9283471, 38.5750326 ], [ 140.9286911, 38.5771356 ], [ 140.9290361, 38.5793386 ], [ 140.9293711, 38.5812716 ], [ 140.92969, 38.5832176 ], [ 140.929784, 38.5838336 ], [ 140.929879, 38.5845026 ], [ 140.929991, 38.5851516 ], [ 140.930094, 38.5857186 ], [ 140.930183, 38.5862636 ], [ 140.930254, 38.5866636 ], [ 140.93051, 38.5876286 ], [ 140.930992, 38.5891026 ], [ 140.931371, 38.5900216 ], [ 140.931681, 38.5906706 ], [ 140.931905, 38.5911436 ], [ 140.932129, 38.5915756 ], [ 140.932232, 38.5917926 ], [ 140.932693, 38.5924916 ], [ 140.933457, 38.5934635 ], [ 140.9340628, 38.5942431 ], [ 140.93436, 38.5946255 ], [ 140.935549, 38.5961805 ], [ 140.937107, 38.5983415 ], [ 140.938157, 38.5998895 ], [ 140.938898, 38.6010925 ], [ 140.939772, 38.6027035 ], [ 140.9407101, 38.6044994 ], [ 140.9415161, 38.6061344 ], [ 140.9421621, 38.6074174 ], [ 140.9425981, 38.6084344 ], [ 140.9432301, 38.6101074 ], [ 140.9439291, 38.6121774 ], [ 140.9444041, 38.6137873 ], [ 140.9447041, 38.6148943 ], [ 140.945071, 38.6162523 ], [ 140.945549, 38.6182463 ], [ 140.94579, 38.6194763 ], [ 140.946187, 38.6213153 ], [ 140.946421, 38.6221473 ], [ 140.946602, 38.6227043 ], [ 140.946912, 38.6235173 ], [ 140.947339, 38.6243863 ], [ 140.947782, 38.6251762 ], [ 140.948462, 38.6263432 ], [ 140.949005, 38.6271682 ], [ 140.949686, 38.6281542 ], [ 140.9510301, 38.6298982 ], [ 140.9519271, 38.6308712 ], [ 140.9533741, 38.6322221 ], [ 140.9548911, 38.6334121 ], [ 140.9568862, 38.6348421 ], [ 140.9579962, 38.6355611 ], [ 140.9589382, 38.6361611 ], [ 140.9597713, 38.6366341 ], [ 140.9614423, 38.637507 ], [ 140.9633144, 38.638539 ], [ 140.9636594, 38.638745 ], [ 140.9640774, 38.638978 ], [ 140.9652344, 38.639696 ], [ 140.9665794, 38.64075 ], [ 140.9676315, 38.6418039 ], [ 140.9686315, 38.6430609 ], [ 140.9694595, 38.6443579 ], [ 140.9698455, 38.6452149 ], [ 140.9701125, 38.6457779 ], [ 140.9703755, 38.6464669 ], [ 140.9706545, 38.6474039 ], [ 140.9708225, 38.6484129 ], [ 140.9708755, 38.6489409 ], [ 140.9708925, 38.6497919 ], [ 140.9708364, 38.6516709 ], [ 140.9708254, 38.6536039 ], [ 140.9709294, 38.6553609 ], [ 140.9709984, 38.6558609 ], [ 140.9711884, 38.6564489 ], [ 140.9716513, 38.6575738 ], [ 140.9722243, 38.6589158 ], [ 140.9726904, 38.6595108 ], [ 140.9737594, 38.6607808 ], [ 140.9748244, 38.6619738 ], [ 140.9757954, 38.6630778 ], [ 140.9764684, 38.6639028 ], [ 140.9770204, 38.6646598 ], [ 140.9770314, 38.6646768 ], [ 140.9781934, 38.6664297 ], [ 140.9788444, 38.6674557 ], [ 140.9796774, 38.6688237 ], [ 140.9801644, 38.6696207 ], [ 140.9805964, 38.6704377 ], [ 140.9809694, 38.6711757 ], [ 140.9813694, 38.6720167 ], [ 140.9816084, 38.6725887 ], [ 140.9818054, 38.6732137 ], [ 140.9819884, 38.6743417 ], [ 140.9821094, 38.6754157 ], [ 140.9821444, 38.6761257 ], [ 140.9821534, 38.6768017 ], [ 140.9820934, 38.6776597 ], [ 140.9820253, 38.6782887 ], [ 140.9818783, 38.6788767 ], [ 140.9816463, 38.6796137 ], [ 140.9812673, 38.6804987 ], [ 140.9808372, 38.6813307 ], [ 140.9805012, 38.6819597 ], [ 140.9801222, 38.6828857 ], [ 140.9798642, 38.6834867 ], [ 140.9796571, 38.6840147 ], [ 140.9794161, 38.6846227 ], [ 140.9792181, 38.6852647 ], [ 140.9790721, 38.6859877 ], [ 140.9790061, 38.6866457 ], [ 140.9789901, 38.6873007 ], [ 140.97901, 38.6878537 ], [ 140.979034, 38.6885027 ], [ 140.979108, 38.6889267 ], [ 140.979238, 38.6895537 ], [ 140.979514, 38.6905297 ], [ 140.979963, 38.6919557 ], [ 140.980257, 38.6926787 ], [ 140.980715, 38.6937466 ], [ 140.981155, 38.6946116 ], [ 140.98171, 38.6955826 ], [ 140.982248, 38.6964136 ], [ 140.983045, 38.6976106 ], [ 140.983673, 38.6984266 ], [ 140.98445, 38.6994096 ], [ 140.985109, 38.7001826 ], [ 140.985875, 38.7010266 ], [ 140.986734, 38.7018396 ], [ 140.98759, 38.7024946 ], [ 140.988528, 38.7030915 ], [ 140.989313, 38.7034925 ], [ 140.9901141, 38.7038205 ], [ 140.9907061, 38.7040155 ], [ 140.9914131, 38.7041945 ], [ 140.9923391, 38.7044175 ], [ 140.9931441, 38.7045995 ], [ 140.9940072, 38.7047975 ], [ 140.9947772, 38.7049645 ], [ 140.9955222, 38.7051125 ], [ 140.9962922, 38.7053414 ], [ 140.9967472, 38.7055204 ], [ 140.9973592, 38.7058114 ], [ 140.9995533, 38.7069894 ], [ 141.0007703, 38.7077554 ], [ 141.0018893, 38.7084324 ], [ 141.0025793, 38.7088284 ], [ 141.0032193, 38.7091224 ], [ 141.0038794, 38.7093574 ], [ 141.0045854, 38.7095853 ], [ 141.0055434, 38.7098143 ], [ 141.0065794, 38.7099813 ], [ 141.0076114, 38.7101203 ], [ 141.0089935, 38.7103003 ], [ 141.0096525, 38.7103553 ], [ 141.0105395, 38.7104573 ], [ 141.0114306, 38.7106153 ], [ 141.0123356, 38.7108202 ], [ 141.0130416, 38.7110212 ], [ 141.0137606, 38.7112752 ], [ 141.0146806, 38.7117062 ], [ 141.0153456, 38.7120512 ], [ 141.0159776, 38.7124252 ], [ 141.0163876, 38.7127052 ], [ 141.0170337, 38.7132602 ], [ 141.0182657, 38.7144192 ], [ 141.0189987, 38.7151602 ], [ 141.0206197, 38.7166211 ], [ 141.0215397, 38.7172691 ], [ 141.0225287, 38.7179001 ], [ 141.0239341, 38.7187248 ], [ 141.0241987, 38.7188801 ], [ 141.0254687, 38.7195911 ], [ 141.0262338, 38.7200391 ], [ 141.0267288, 38.7204041 ], [ 141.0273528, 38.720932 ], [ 141.0280708, 38.721591 ], [ 141.0288868, 38.722388 ], [ 141.0300768, 38.723597 ], [ 141.0311668, 38.724505 ], [ 141.0322938, 38.725319 ], [ 141.0332948, 38.725965 ], [ 141.0339548, 38.726336 ], [ 141.0344798, 38.7266139 ], [ 141.0356658, 38.7272509 ], [ 141.0365489, 38.7277799 ], [ 141.0377739, 38.7285829 ], [ 141.0384599, 38.7291239 ], [ 141.0389389, 38.7295509 ], [ 141.0397239, 38.7302619 ], [ 141.0401129, 38.7307039 ], [ 141.0405879, 38.7312639 ], [ 141.0411529, 38.7319678 ], [ 141.0419499, 38.7330838 ], [ 141.0428089, 38.7344168 ], [ 141.0433349, 38.7353808 ], [ 141.0439358, 38.7365408 ], [ 141.0445358, 38.7378418 ], [ 141.0445978, 38.7379881 ], [ 141.0449558, 38.7388338 ], [ 141.0454588, 38.7402318 ], [ 141.0456708, 38.7408678 ], [ 141.0458898, 38.7417768 ], [ 141.0461447, 38.7427758 ], [ 141.0463297, 38.7437248 ], [ 141.0464317, 38.7444108 ], [ 141.0465284, 38.7453702 ], [ 141.0465627, 38.7457108 ], [ 141.0466317, 38.7464347 ], [ 141.0467636, 38.7482447 ], [ 141.0467866, 38.7485897 ], [ 141.0469326, 38.7501637 ], [ 141.0470445, 38.7511647 ], [ 141.0472175, 38.7521447 ], [ 141.0474025, 38.7529127 ], [ 141.0479555, 38.7546897 ], [ 141.0483354, 38.7557577 ], [ 141.0489984, 38.7572587 ], [ 141.0495474, 38.7583037 ], [ 141.0502504, 38.7595567 ], [ 141.0511924, 38.7610277 ], [ 141.0523914, 38.7626116 ], [ 141.0536164, 38.7639906 ], [ 141.0546184, 38.7650036 ], [ 141.0557404, 38.7660446 ], [ 141.0570524, 38.7671806 ], [ 141.0581744, 38.7681945 ], [ 141.0591134, 38.7690885 ], [ 141.0599524, 38.7699795 ], [ 141.0607104, 38.7708175 ], [ 141.0614914, 38.7718775 ], [ 141.0620844, 38.7727025 ], [ 141.0623663, 38.7731915 ], [ 141.0629043, 38.7743995 ], [ 141.0635993, 38.7757505 ], [ 141.0640503, 38.7766874 ], [ 141.0643993, 38.7773334 ], [ 141.0649253, 38.7781974 ], [ 141.0655823, 38.7792654 ], [ 141.0662903, 38.7801574 ], [ 141.0675513, 38.7814684 ], [ 141.0690703, 38.7828204 ], [ 141.0705733, 38.7839684 ], [ 141.0724384, 38.7852663 ], [ 141.0743054, 38.7863723 ], [ 141.0761975, 38.7874393 ], [ 141.0773285, 38.7881223 ], [ 141.0786125, 38.7889163 ], [ 141.0793035, 38.7893683 ], [ 141.0809525, 38.7907683 ], [ 141.0823466, 38.7919202 ], [ 141.0839833, 38.7934252 ], [ 141.0841366, 38.7935662 ], [ 141.0845586, 38.7939532 ], [ 141.0857906, 38.7951032 ], [ 141.0859696, 38.7952612 ], [ 141.0874506, 38.7966722 ], [ 141.0890917, 38.7981602 ], [ 141.0907567, 38.7996871 ], [ 141.0914707, 38.8003791 ], [ 141.0918947, 38.8008181 ], [ 141.0925137, 38.8015781 ], [ 141.0931507, 38.8023331 ], [ 141.0937237, 38.8030871 ], [ 141.0942537, 38.8038881 ], [ 141.0947007, 38.8046111 ], [ 141.0952147, 38.8055291 ], [ 141.0957837, 38.8067201 ], [ 141.0960907, 38.8074681 ], [ 141.0963297, 38.8083121 ], [ 141.0965257, 38.8090601 ], [ 141.0966947, 38.8099531 ], [ 141.0967927, 38.8107721 ], [ 141.0968637, 38.8115881 ], [ 141.0968826, 38.8126861 ], [ 141.0967856, 38.8143861 ], [ 141.0967186, 38.8151711 ], [ 141.0964745, 38.8162411 ], [ 141.0961415, 38.8174811 ], [ 141.0955685, 38.8191561 ], [ 141.0951524, 38.8203311 ], [ 141.0947874, 38.8215581 ], [ 141.0946064, 38.8221331 ], [ 141.0945003, 38.8227671 ], [ 141.0944683, 38.8235681 ], [ 141.0945473, 38.8242011 ], [ 141.0946883, 38.8249251 ], [ 141.0950143, 38.8258921 ], [ 141.0953793, 38.8268471 ], [ 141.0957953, 38.8274841 ], [ 141.0962683, 38.8281161 ], [ 141.0972963, 38.8293051 ], [ 141.0981423, 38.8302911 ], [ 141.0987433, 38.8310301 ], [ 141.0991203, 38.8316481 ], [ 141.0993793, 38.832087 ], [ 141.0995633, 38.832511 ], [ 141.0997283, 38.832931 ], [ 141.0998613, 38.833444 ], [ 141.0999413, 38.834031 ], [ 141.0999627, 38.8344912 ], [ 141.0999713, 38.834675 ], [ 141.0999283, 38.835284 ], [ 141.0996932, 38.836446 ], [ 141.0994932, 38.837129 ], [ 141.0992262, 38.8377291 ], [ 141.0989122, 38.8381621 ], [ 141.0985001, 38.8386411 ], [ 141.0980561, 38.8391691 ], [ 141.0973061, 38.8399761 ], [ 141.096627, 38.8407711 ], [ 141.095273, 38.8422761 ], [ 141.0947199, 38.8429041 ], [ 141.0939464, 38.8437892 ], [ 141.0929608, 38.8449871 ], [ 141.0921878, 38.8460791 ], [ 141.0910927, 38.8478622 ], [ 141.0906097, 38.8486822 ], [ 141.0902216, 38.8494642 ], [ 141.0898686, 38.8502742 ], [ 141.0896086, 38.8509782 ], [ 141.0894126, 38.8516772 ], [ 141.0892755, 38.8523662 ], [ 141.0891735, 38.8530652 ], [ 141.0891385, 38.8538782 ], [ 141.0891615, 38.8546082 ], [ 141.0892365, 38.8552042 ], [ 141.0893615, 38.8559032 ], [ 141.0895185, 38.8564782 ], [ 141.0897225, 38.8570162 ], [ 141.0899895, 38.8577212 ], [ 141.0902884, 38.8584192 ], [ 141.0907234, 38.8593312 ], [ 141.0911714, 38.8602712 ], [ 141.0917324, 38.8616591 ], [ 141.0922234, 38.8627011 ], [ 141.0926464, 38.8636101 ], [ 141.0937894, 38.8660741 ], [ 141.0943814, 38.8674431 ], [ 141.0946134, 38.8680521 ], [ 141.0948484, 38.8686521 ], [ 141.0950413, 38.8693231 ], [ 141.0952293, 38.8699101 ], [ 141.0952843, 38.8704291 ], [ 141.0952533, 38.8708871 ], [ 141.0952093, 38.8714151 ], [ 141.0950213, 38.8720271 ], [ 141.0948253, 38.8725721 ], [ 141.0945702, 38.8731251 ], [ 141.0941382, 38.8738301 ], [ 141.0935842, 38.8746241 ], [ 141.0931131, 38.8752431 ], [ 141.0926861, 38.8759321 ], [ 141.0924191, 38.8763891 ], [ 141.0921991, 38.8768721 ], [ 141.0919911, 38.8774622 ], [ 141.091834, 38.8779692 ], [ 141.091701, 38.8785692 ], [ 141.091649, 38.8791902 ], [ 141.091634, 38.8797222 ], [ 141.091685, 38.8803932 ], [ 141.091791, 38.8809712 ], [ 141.091932, 38.8815272 ], [ 141.0921199, 38.8823742 ], [ 141.0924539, 38.8839422 ], [ 141.0926069, 38.8849341 ], [ 141.0927329, 38.8861331 ], [ 141.0928742, 38.8878153 ] ] } },
{ "type": "Feature", "properties": { "N12_001": "04", "N12_002": 1, "N12_003": 1, "N12_004": "東北縦貫自動車道弘前線", "N12_005": 1, "N12_006": 2 }, "geometry": { "type": "LineString", "coordinates": [ [ 140.7107614, 38.1207705 ], [ 140.7108409, 38.1205388 ], [ 140.7110911, 38.12024 ], [ 140.7115794, 38.1200082 ], [ 140.7123789, 38.119874 ], [ 140.7131479, 38.1198496 ], [ 140.7141611, 38.119935 ], [ 140.7155404, 38.1201424 ], [ 140.7168735, 38.1203483 ] ] } },
{ "type": "Feature", "properties": { "N12_001": "04", "N12_002": 1, "N12_003": 1, "N12_004": "東北縦貫自動車道弘前線", "N12_005": 1, "N12_006": 3 }, "geometry": { "type": "LineString", "coordinates": [ [ 141.0133305, 38.7069445 ], [ 141.0130563, 38.7071065 ], [ 141.0128831, 38.707211 ], [ 141.0127388, 38.7073516 ], [ 141.0110793, 38.7089053 ], [ 141.0096525, 38.7103553 ] ] } },
{ "type": "Feature", "properties": { "N12_001": "04", "N12_002": 1, "N12_003": 1, "N12_004": "東北縦貫自動車道弘前線", "N12_005": 1, "N12_006": 4 }, "geometry": { "type": "LineString", "coordinates": [ [ 140.6403808, 38.0360592 ], [ 140.6402112, 38.0362136 ], [ 140.6397081, 38.0367306 ], [ 140.6395972, 38.0368328 ], [ 140.6394921, 38.0368897 ], [ 140.6392988, 38.0370033 ], [ 140.6391026, 38.0371084 ], [ 140.6389264, 38.0371879 ], [ 140.6387303, 38.0372589 ], [ 140.6385796, 38.037293 ], [ 140.6383181, 38.0373299 ], [ 140.635504, 38.0378952 ], [ 140.633031, 38.0383895 ], [ 140.6325307, 38.0385712 ], [ 140.6320759, 38.0387587 ], [ 140.6316864, 38.0389548 ] ] } },
{ "type": "Feature", "properties": { "N12_001": "04", "N12_002": 1, "N12_003": 1, "N12_004": "東北横断自動車道酒田線", "N12_005": 2, "N12_006": 1 }, "geometry": { "type": "LineString", "coordinates": [ [ 140.7238393, 38.1395392 ], [ 140.7218342, 38.1414602 ], [ 140.7206072, 38.1424922 ], [ 140.7190882, 38.1438312 ], [ 140.7183112, 38.1444542 ], [ 140.7176221, 38.1448962 ], [ 140.7167661, 38.1453062 ], [ 140.7159321, 38.1456112 ], [ 140.7152791, 38.1457952 ], [ 140.7142171, 38.1459423 ], [ 140.7131611, 38.1460473 ], [ 140.712074, 38.1461093 ], [ 140.710704, 38.1461673 ], [ 140.708532, 38.1462583 ], [ 140.7074269, 38.1463643 ], [ 140.7065179, 38.1464903 ], [ 140.7050909, 38.1467893 ], [ 140.7041359, 38.1470113 ], [ 140.7030939, 38.1473393 ], [ 140.7022628, 38.1476763 ], [ 140.7011578, 38.1482333 ], [ 140.7006756, 38.148541 ], [ 140.6999778, 38.1489863 ], [ 140.6991928, 38.1496543 ], [ 140.6984978, 38.1504483 ], [ 140.6979768, 38.1512503 ], [ 140.6977168, 38.1517043 ], [ 140.6972388, 38.1525193 ], [ 140.6968677, 38.1531633 ], [ 140.6963717, 38.1538233 ], [ 140.6957727, 38.1544262 ], [ 140.6951237, 38.1549072 ], [ 140.6943897, 38.1553402 ], [ 140.6935087, 38.1557122 ], [ 140.6925817, 38.1559582 ], [ 140.6912796, 38.1561782 ], [ 140.6901886, 38.1563422 ], [ 140.6890156, 38.1565502 ], [ 140.6885086, 38.1566912 ], [ 140.6879166, 38.1568962 ], [ 140.6870216, 38.1573212 ], [ 140.6860655, 38.1577312 ], [ 140.6850855, 38.1580682 ], [ 140.6844435, 38.1582202 ], [ 140.6838225, 38.1582842 ], [ 140.6830885, 38.1582433 ], [ 140.6822075, 38.1580943 ], [ 140.6813675, 38.1579263 ], [ 140.6797014, 38.1576043 ], [ 140.6787414, 38.1575143 ], [ 140.6774184, 38.1575053 ], [ 140.6767014, 38.1575673 ], [ 140.6759433, 38.1576643 ], [ 140.6752843, 38.1578053 ], [ 140.6744373, 38.1580503 ], [ 140.6736883, 38.1583373 ], [ 140.6728483, 38.1587223 ], [ 140.6715393, 38.1594263 ], [ 140.6710113, 38.1597453 ], [ 140.6700452, 38.1603163 ], [ 140.6687812, 38.1610213 ], [ 140.6678752, 38.1615013 ], [ 140.6667162, 38.1620553 ], [ 140.6658252, 38.1624423 ], [ 140.6652701, 38.1626603 ], [ 140.6647341, 38.1628343 ], [ 140.6635531, 38.1632183 ], [ 140.6625121, 38.1634993 ], [ 140.6613491, 38.1637633 ], [ 140.659812, 38.1640653 ], [ 140.657591, 38.1643963 ], [ 140.656457, 38.1645133 ], [ 140.6541569, 38.1646513 ], [ 140.6518919, 38.1646593 ], [ 140.6507438, 38.1646423 ], [ 140.6496368, 38.1646113 ], [ 140.6486078, 38.1646143 ], [ 140.6484368, 38.1646153 ], [ 140.6473208, 38.1646533 ], [ 140.6463937, 38.1647203 ], [ 140.6454217, 38.1648743 ], [ 140.6446027, 38.1650533 ], [ 140.6436897, 38.1653103 ], [ 140.6429557, 38.1656033 ], [ 140.6421367, 38.1659793 ], [ 140.6413486, 38.1664063 ], [ 140.6402556, 38.1672173 ], [ 140.6395176, 38.1679003 ], [ 140.6388256, 38.1686383 ], [ 140.6379096, 38.1696433 ], [ 140.6375476, 38.1699933 ], [ 140.6370236, 38.1704533 ], [ 140.6362105, 38.1710773 ], [ 140.6354355, 38.1715703 ], [ 140.6349385, 38.1718253 ], [ 140.6341475, 38.1721773 ], [ 140.6327815, 38.1726723 ], [ 140.6319394, 38.1729123 ], [ 140.6313784, 38.1730513 ], [ 140.6303314, 38.1732783 ], [ 140.6291114, 38.1735073 ], [ 140.6273253, 38.1737733 ], [ 140.6261143, 38.1739443 ], [ 140.6213792, 38.1745943 ], [ 140.6194262, 38.1748783 ], [ 140.6182561, 38.1751243 ], [ 140.6168051, 38.1754733 ], [ 140.6162421, 38.1756723 ], [ 140.6155861, 38.1759653 ], [ 140.614928, 38.1763003 ], [ 140.614389, 38.1766053 ], [ 140.613414, 38.1772333 ], [ 140.612365, 38.1779603 ], [ 140.6102049, 38.1795083 ], [ 140.6093379, 38.1800743 ], [ 140.6081809, 38.1807623 ], [ 140.6057998, 38.1821463 ], [ 140.6046578, 38.1827273 ], [ 140.6023657, 38.1838253 ], [ 140.6011647, 38.1844203 ], [ 140.6006147, 38.1847773 ], [ 140.5998807, 38.1853053 ], [ 140.5992277, 38.1858883 ], [ 140.5989587, 38.1861793 ], [ 140.5985377, 38.1867413 ], [ 140.5982556, 38.1871463 ], [ 140.5980066, 38.1875443 ], [ 140.5977246, 38.1881183 ], [ 140.5972716, 38.1892203 ], [ 140.5969576, 38.1902133 ], [ 140.5966946, 38.1909723 ], [ 140.5965156, 38.1914883 ], [ 140.5961826, 38.1921983 ], [ 140.5958756, 38.1927433 ], [ 140.5956096, 38.1931573 ], [ 140.5952656, 38.1935953 ], [ 140.5947436, 38.1941233 ], [ 140.5944686, 38.1943673 ], [ 140.5938125, 38.1948483 ], [ 140.5932345, 38.1952203 ], [ 140.5927165, 38.1954973 ], [ 140.5912865, 38.1961623 ], [ 140.5898734, 38.1968183 ], [ 140.5890274, 38.1972243 ], [ 140.5876684, 38.1978453 ], [ 140.5870374, 38.1981583 ], [ 140.5857423, 38.1987563 ], [ 140.5850433, 38.1990873 ], [ 140.5836293, 38.1997613 ], [ 140.5830933, 38.2000743 ], [ 140.5828613, 38.2002303 ], [ 140.5821762, 38.2006753 ], [ 140.5813952, 38.2013083 ], [ 140.5809992, 38.2017183 ], [ 140.5807182, 38.2020313 ], [ 140.5803582, 38.2024913 ], [ 140.5800902, 38.2028493 ], [ 140.5794502, 38.2038583 ], [ 140.5790452, 38.2043933 ], [ 140.5786571, 38.2048792 ], [ 140.5783821, 38.2051372 ], [ 140.5780111, 38.2054122 ], [ 140.5776631, 38.2056072 ], [ 140.5770501, 38.2058592 ], [ 140.5761691, 38.2060963 ], [ 140.5756101, 38.2062083 ], [ 140.5751741, 38.2062553 ], [ 140.574415, 38.2062253 ], [ 140.573712, 38.2061463 ], [ 140.572507, 38.2059943 ], [ 140.571951, 38.2059473 ], [ 140.571155, 38.2059443 ], [ 140.5704919, 38.2059973 ], [ 140.5699569, 38.2060673 ], [ 140.5691729, 38.2063193 ], [ 140.5684679, 38.2066083 ], [ 140.5678439, 38.2069333 ], [ 140.5675909, 38.2070763 ], [ 140.5666868, 38.2077053 ], [ 140.5659568, 38.2083123 ], [ 140.5649928, 38.2092373 ], [ 140.5643918, 38.2097193 ], [ 140.5638218, 38.2101053 ], [ 140.5631837, 38.2104393 ], [ 140.5626997, 38.2106583 ], [ 140.5622877, 38.2107943 ], [ 140.5613077, 38.2110373 ], [ 140.5605797, 38.2111253 ], [ 140.5598897, 38.2111383 ], [ 140.5591696, 38.2110853 ], [ 140.5582516, 38.2109233 ], [ 140.5570796, 38.2107073 ], [ 140.5558796, 38.2105623 ], [ 140.5547935, 38.2105173 ], [ 140.5536905, 38.2105983 ], [ 140.5525255, 38.2107193 ], [ 140.5514824, 38.2108383 ], [ 140.5503934, 38.2109653 ], [ 140.5492614, 38.2110573 ], [ 140.5482114, 38.2111003 ], [ 140.5468973, 38.2111223 ], [ 140.5457433, 38.2111383 ], [ 140.5442183, 38.2111634 ], [ 140.5431222, 38.2112874 ], [ 140.5420252, 38.2115564 ], [ 140.5408932, 38.2118444 ], [ 140.5401122, 38.2120514 ], [ 140.5395181, 38.2121884 ], [ 140.5390481, 38.2122614 ], [ 140.5384861, 38.2123024 ], [ 140.5372991, 38.2123334 ], [ 140.5362231, 38.2123144 ], [ 140.535052, 38.2123134 ], [ 140.534207, 38.2123164 ], [ 140.53346, 38.2124004 ], [ 140.532802, 38.2125214 ], [ 140.532132, 38.2126644 ], [ 140.531504, 38.2128714 ], [ 140.5309799, 38.2131014 ], [ 140.5297349, 38.2138044 ], [ 140.5290789, 38.2141034 ], [ 140.5286459, 38.2143014 ], [ 140.5278949, 38.2146074 ], [ 140.5273349, 38.2148214 ], [ 140.5263598, 38.2150984 ], [ 140.5254718, 38.2153184 ], [ 140.5244728, 38.2155224 ], [ 140.5234208, 38.2158244 ], [ 140.5227167, 38.2161184 ], [ 140.5218677, 38.2165524 ], [ 140.5213767, 38.2168434 ], [ 140.5207087, 38.2173174 ], [ 140.5196397, 38.2182484 ], [ 140.5192167, 38.2186364 ], [ 140.5183876, 38.2192944 ], [ 140.5176886, 38.2197454 ], [ 140.5171086, 38.2200844 ], [ 140.5165816, 38.2203014 ], [ 140.5158826, 38.2205414 ], [ 140.5151366, 38.2208424 ], [ 140.5137765, 38.2214474 ], [ 140.5129835, 38.2218914 ], [ 140.5115215, 38.2227644 ], [ 140.5109985, 38.2230214 ], [ 140.5105025, 38.2232174 ], [ 140.5097504, 38.2234573 ], [ 140.5093645, 38.2235804 ], [ 140.5084095, 38.2237654 ], [ 140.5066194, 38.2239414 ], [ 140.5054604, 38.2240844 ], [ 140.5047184, 38.2242484 ], [ 140.503768, 38.2245736 ], [ 140.5035204, 38.2246584 ], [ 140.5026174, 38.2250854 ], [ 140.5019814, 38.2254604 ], [ 140.5008993, 38.2261204 ], [ 140.5005183, 38.2263404 ], [ 140.4998833, 38.2266214 ], [ 140.4993753, 38.2268044 ], [ 140.4981083, 38.2271824 ], [ 140.4967633, 38.2276734 ], [ 140.4963973, 38.2278014 ], [ 140.4961533, 38.2279544 ], [ 140.4952253, 38.2285964 ], [ 140.4946083, 38.2291434 ], [ 140.4939462, 38.2296094 ], [ 140.4929122, 38.2302204 ], [ 140.4918812, 38.2306454 ], [ 140.4909407, 38.2309347 ], [ 140.4904962, 38.2310714 ], [ 140.4902961, 38.2311178 ], [ 140.4891942, 38.2313734 ], [ 140.4878662, 38.2315214 ], [ 140.4861901, 38.2316384 ], [ 140.4849471, 38.2316034 ], [ 140.484863, 38.2315973 ], [ 140.4826381, 38.2314351 ], [ 140.4826011, 38.2314324 ], [ 140.4819223, 38.2313483 ], [ 140.4805326, 38.2311762 ], [ 140.478258, 38.2308944 ], [ 140.4692733, 38.2295953 ] ] } },
{ "type": "Feature", "properties": { "N12_001": "04", "N12_002": 1, "N12_003": 1, "N12_004": "東北横断自動車道酒田線", "N12_005": 2, "N12_006": 2 }, "geometry": { "type": "LineString", "coordinates": [ [ 140.6213792, 38.1745943 ], [ 140.6230904, 38.1766354 ], [ 140.6272158, 38.1813725 ] ] } },
{ "type": "Feature", "properties": { "N12_001": "04", "N12_002": 1, "N12_003": 3, "N12_004": "一般国道6号", "N12_005": 3, "N12_006": 1 }, "geometry": { "type": "LineString", "coordinates": [ [ 140.8867931, 38.086171 ], [ 140.8867697, 38.0871705 ], [ 140.8867756, 38.0879947 ], [ 140.8868867, 38.0888773 ], [ 140.8869745, 38.089795 ], [ 140.8870856, 38.0906483 ], [ 140.8872669, 38.0915251 ], [ 140.8874424, 38.0923726 ], [ 140.8876296, 38.0932786 ], [ 140.8877934, 38.0941203 ], [ 140.8878811, 38.0944768 ], [ 140.8880098, 38.0950789 ], [ 140.8881853, 38.0959849 ], [ 140.8883608, 38.0968616 ], [ 140.8885831, 38.0978202 ], [ 140.8887527, 38.0985275 ], [ 140.8889458, 38.0993575 ], [ 140.8891508, 38.1002978 ], [ 140.8893202, 38.1012162 ], [ 140.8895068, 38.1021578 ], [ 140.8896708, 38.1030828 ], [ 140.8897618, 38.1037418 ], [ 140.8898078, 38.1040108 ], [ 140.8898969, 38.1045128 ], [ 140.8899227, 38.1050155 ], [ 140.88997, 38.1054798 ], [ 140.88997, 38.1055755 ], [ 140.88997, 38.1059758 ], [ 140.889906, 38.1068897 ], [ 140.889765, 38.1077127 ], [ 140.8896559, 38.1085027 ], [ 140.8895279, 38.1092707 ], [ 140.8894139, 38.1101467 ], [ 140.8892139, 38.1110447 ], [ 140.8889899, 38.1119287 ], [ 140.8887349, 38.1128037 ], [ 140.8884679, 38.1136447 ], [ 140.8881739, 38.1145557 ], [ 140.8878779, 38.1154957 ], [ 140.8876729, 38.1163197 ], [ 140.8873859, 38.1171577 ], [ 140.8872439, 38.1176477 ], [ 140.8871619, 38.1180567 ], [ 140.8871199, 38.1182927 ], [ 140.8869979, 38.1189697 ], [ 140.8869159, 38.1195087 ], [ 140.8868699, 38.1199467 ], [ 140.8868069, 38.1207777 ], [ 140.8867519, 38.1217137 ], [ 140.8867469, 38.1225857 ], [ 140.8867749, 38.1234956 ], [ 140.8868389, 38.1244126 ], [ 140.8869069, 38.1252436 ], [ 140.8870249, 38.1261386 ], [ 140.8871169, 38.1270286 ], [ 140.8872119, 38.1278566 ], [ 140.8873079, 38.1287996 ], [ 140.8874129, 38.1297426 ], [ 140.8875219, 38.1306906 ], [ 140.8876729, 38.1316976 ], [ 140.8877459, 38.1325586 ], [ 140.8878409, 38.1335276 ], [ 140.887974, 38.1344485 ], [ 140.888202, 38.1356275 ], [ 140.888366, 38.1362605 ], [ 140.888685, 38.1371775 ], [ 140.8889464, 38.1379196 ], [ 140.888995, 38.1380575 ], [ 140.8894, 38.1390045 ], [ 140.8897921, 38.1398205 ], [ 140.8902121, 38.1406995 ], [ 140.8906221, 38.1415795 ], [ 140.8910321, 38.1424665 ], [ 140.8914382, 38.1432975 ], [ 140.8918582, 38.1441664 ], [ 140.8921632, 38.1447724 ], [ 140.8926962, 38.1458924 ], [ 140.8931163, 38.1467604 ], [ 140.8935213, 38.1476174 ], [ 140.8939503, 38.1484934 ], [ 140.8942743, 38.1491934 ], [ 140.8945653, 38.1498374 ], [ 140.8950994, 38.1509234 ], [ 140.8957514, 38.1523124 ], [ 140.8960804, 38.1529823 ], [ 140.8967035, 38.1541233 ], [ 140.8973375, 38.1551533 ], [ 140.8982766, 38.1564523 ], [ 140.8989326, 38.1571673 ], [ 140.8996126, 38.1578743 ], [ 140.9003277, 38.1585563 ], [ 140.9009797, 38.1591363 ], [ 140.9018277, 38.1597693 ], [ 140.9026898, 38.1603792 ], [ 140.9031088, 38.1606482 ], [ 140.9037878, 38.1610492 ], [ 140.9045129, 38.1615092 ], [ 140.9062679, 38.1625722 ], [ 140.907563, 38.1633882 ], [ 140.908497, 38.1639652 ], [ 140.9098241, 38.1647881 ], [ 140.9106991, 38.1653421 ], [ 140.9124272, 38.1664361 ], [ 140.9141323, 38.1675061 ], [ 140.9167804, 38.1691121 ], [ 140.9180885, 38.16985 ], [ 140.9187815, 38.170276 ], [ 140.9201446, 38.171235 ], [ 140.9210936, 38.171905 ], [ 140.9230257, 38.173353 ], [ 140.9240837, 38.1742219 ], [ 140.9247718, 38.1747949 ], [ 140.9258528, 38.1757529 ], [ 140.9267459, 38.1765879 ], [ 140.9274249, 38.1772539 ], [ 140.9280819, 38.1779539 ], [ 140.9284397, 38.1783495 ], [ 140.928752, 38.1786949 ], [ 140.929404, 38.1794179 ], [ 140.93001, 38.1801139 ], [ 140.930625, 38.1808249 ], [ 140.9312091, 38.1815588 ], [ 140.9319231, 38.1824058 ], [ 140.9320668, 38.1825761 ], [ 140.9325221, 38.1831158 ], [ 140.9337442, 38.1845088 ], [ 140.9343732, 38.1852838 ], [ 140.9356083, 38.1867168 ], [ 140.9362963, 38.1875068 ], [ 140.9374323, 38.1888778 ], [ 140.9375003, 38.1889598 ], [ 140.9384024, 38.1901797 ], [ 140.9388954, 38.1909477 ], [ 140.9395654, 38.1921147 ], [ 140.9398884, 38.1926877 ], [ 140.9403905, 38.1937247 ], [ 140.9408005, 38.1946497 ], [ 140.9410765, 38.1953897 ], [ 140.9413755, 38.1962777 ], [ 140.9416345, 38.1971017 ], [ 140.9419495, 38.1980817 ], [ 140.9421775, 38.1989207 ], [ 140.9424376, 38.1996807 ], [ 140.9426976, 38.2005267 ], [ 140.9429756, 38.2014177 ], [ 140.9433766, 38.2026417 ], [ 140.9434996, 38.2030687 ], [ 140.9440696, 38.2047607 ], [ 140.9443386, 38.2056626 ], [ 140.9446257, 38.2066056 ], [ 140.9448997, 38.2075476 ], [ 140.9452687, 38.2085826 ], [ 140.9455327, 38.2093646 ], [ 140.9461347, 38.2110646 ], [ 140.9463717, 38.2116786 ], [ 140.9467998, 38.2127226 ], [ 140.9470548, 38.2133176 ], [ 140.9476978, 38.2149346 ], [ 140.9483908, 38.2165966 ], [ 140.9490789, 38.2183186 ], [ 140.9497629, 38.2198726 ], [ 140.9504519, 38.2215385 ], [ 140.9511809, 38.2232605 ], [ 140.951806, 38.2247315 ], [ 140.952576, 38.2265135 ], [ 140.953301, 38.2283135 ], [ 140.953561, 38.2290435 ], [ 140.9536931, 38.2294745 ], [ 140.9537341, 38.2297025 ], [ 140.9536651, 38.2311175 ], [ 140.9536153, 38.2316188 ], [ 140.9535511, 38.2322665 ], [ 140.9534651, 38.2327235 ], [ 140.9532461, 38.2335135 ], [ 140.952973, 38.2342625 ], [ 140.952608, 38.2351535 ], [ 140.952088, 38.2365645 ], [ 140.951965, 38.2369765 ], [ 140.951833, 38.2377585 ], [ 140.95171, 38.2385255 ], [ 140.951664, 38.2394805 ], [ 140.951696, 38.2403674 ], [ 140.951787, 38.2412884 ], [ 140.951888, 38.2417674 ], [ 140.9520971, 38.2427334 ], [ 140.9522481, 38.2432084 ], [ 140.9524761, 38.2438754 ], [ 140.9527131, 38.2443734 ], [ 140.9529501, 38.2448784 ], [ 140.9534181, 38.2456694 ], [ 140.9536611, 38.2460504 ], [ 140.9541671, 38.2468704 ], [ 140.9549872, 38.2480344 ], [ 140.9555392, 38.2488314 ], [ 140.9562732, 38.2498124 ], [ 140.9565481, 38.2501624 ], [ 140.9566682, 38.2503154 ], [ 140.9568138, 38.2504776 ], [ 140.9572172, 38.2509274 ], [ 140.9575693, 38.2512694 ], [ 140.9585753, 38.2522113 ], [ 140.9588683, 38.2524853 ], [ 140.9597243, 38.2532863 ], [ 140.9611234, 38.2545403 ], [ 140.9619714, 38.2552963 ], [ 140.9626004, 38.2558693 ], [ 140.9635265, 38.2566963 ], [ 140.9643055, 38.2574193 ], [ 140.9650895, 38.2581453 ], [ 140.9659105, 38.2588713 ], [ 140.9669996, 38.2598633 ], [ 140.9676746, 38.2604662 ], [ 140.9690606, 38.2617422 ], [ 140.9697627, 38.2623822 ], [ 140.9704737, 38.2630452 ], [ 140.9711937, 38.2636702 ], [ 140.9719327, 38.2643742 ], [ 140.9726527, 38.2650362 ], [ 140.9733868, 38.2657102 ], [ 140.9741068, 38.2663582 ], [ 140.9746718, 38.2669011 ], [ 140.9753238, 38.2674621 ], [ 140.9762949, 38.2684021 ], [ 140.9769929, 38.2690681 ], [ 140.9778222, 38.2698964 ], [ 140.9784419, 38.2704911 ], [ 140.9789339, 38.2709171 ], [ 140.9795039, 38.271382 ], [ 140.979983, 38.271748 ], [ 140.980662, 38.272209 ], [ 140.981583, 38.272725 ], [ 140.982372, 38.273107 ], [ 140.9839631, 38.27386 ], [ 140.9852941, 38.274492 ], [ 140.9868441, 38.2752559 ], [ 140.9875962, 38.2756229 ], [ 140.9887862, 38.2762439 ], [ 140.9892922, 38.2765699 ], [ 140.9899162, 38.2770229 ], [ 140.9903812, 38.2774459 ], [ 140.9909233, 38.2779919 ], [ 140.9915753, 38.2788229 ], [ 140.9921593, 38.2796989 ], [ 140.9922993, 38.2800009 ] ] } },
{ "type": "Feature", "properties": { "N12_001": "04", "N12_002": 1, "N12_003": 3, "N12_004": "一般国道6号", "N12_005": 3, "N12_006": 2 }, "geometry": { "type": "LineString", "coordinates": [ [ 140.9520747, 38.2502345 ], [ 140.9519353, 38.2493027 ], [ 140.9518171, 38.2486569 ], [ 140.9517059, 38.2480111 ], [ 140.9517198, 38.2474 ], [ 140.9517737, 38.2471847 ], [ 140.9518501, 38.2470041 ], [ 140.9519752, 38.2467784 ], [ 140.9521802, 38.2465666 ], [ 140.9524513, 38.2463513 ], [ 140.95283, 38.2460597 ], [ 140.9534181, 38.2456694 ] ] } },
{ "type": "Feature", "properties": { "N12_001": "04", "N12_002": 1, "N12_003": 3, "N12_004": "一般国道6号", "N12_005": 3, "N12_006": 3 }, "geometry": { "type": "LineString", "coordinates": [ [ 140.88997, 38.1055755 ], [ 140.8898274, 38.105572 ], [ 140.8896641, 38.105579 ], [ 140.8895112, 38.1055963 ], [ 140.8893271, 38.1056345 ], [ 140.8891116, 38.1057109 ], [ 140.8889205, 38.1057838 ], [ 140.8887606, 38.1058672 ], [ 140.8885522, 38.1060165 ], [ 140.8884688, 38.1061345 ], [ 140.8884132, 38.1063012 ], [ 140.8883923, 38.1064644 ], [ 140.8883888, 38.1066727 ], [ 140.8884097, 38.1069054 ], [ 140.8884514, 38.107138 ], [ 140.8884896, 38.1073151 ], [ 140.8885417, 38.1075547 ], [ 140.8885939, 38.1077838 ], [ 140.8886251, 38.1080199 ], [ 140.8886581, 38.108388 ] ] } },
{ "type": "Feature", "properties": { "N12_001": "04", "N12_002": 1, "N12_003": 3, "N12_004": "一般国道45号", "N12_005": 4, "N12_006": 1 }, "geometry": { "type": "LineString", "coordinates": [ [ 140.9922993, 38.2800009 ], [ 140.9924723, 38.2803628 ], [ 140.9926343, 38.2808458 ], [ 140.9927353, 38.2812468 ], [ 140.9928143, 38.2816818 ], [ 140.9929063, 38.2822138 ], [ 140.9929553, 38.2826808 ], [ 140.9929981, 38.2833653 ], [ 140.9930103, 38.2835788 ], [ 140.9930563, 38.2844088 ], [ 140.9930193, 38.2851778 ], [ 140.9929343, 38.2862478 ], [ 140.9928333, 38.2872098 ], [ 140.9927583, 38.2877908 ], [ 140.9926603, 38.2885088 ], [ 140.9924523, 38.2892278 ], [ 140.9922933, 38.2897448 ], [ 140.9920363, 38.2903128 ], [ 140.9917923, 38.2907598 ], [ 140.9915113, 38.2911918 ], [ 140.9911073, 38.2917937 ], [ 140.9905572, 38.2924927 ], [ 140.9899942, 38.2931757 ], [ 140.9893102, 38.2939987 ], [ 140.9886292, 38.2948267 ], [ 140.9879172, 38.2956777 ], [ 140.9872482, 38.2964817 ], [ 140.9866701, 38.2971597 ], [ 140.9859611, 38.2979537 ], [ 140.9855721, 38.2983857 ], [ 140.9851321, 38.2988197 ], [ 140.9847501, 38.2991787 ], [ 140.9842521, 38.2996337 ], [ 140.9836131, 38.3002017 ], [ 140.983108, 38.3006407 ], [ 140.982564, 38.3011077 ], [ 140.982017, 38.3016127 ], [ 140.981338, 38.3022707 ], [ 140.980657, 38.3029817 ], [ 140.980296, 38.3033837 ], [ 140.979941, 38.3038357 ], [ 140.979642, 38.3042347 ], [ 140.9792899, 38.3047597 ], [ 140.9789479, 38.3052817 ], [ 140.9785169, 38.3060627 ], [ 140.9782689, 38.3065077 ], [ 140.9779939, 38.3070827 ], [ 140.9778229, 38.3074847 ], [ 140.9775939, 38.3080617 ], [ 140.9774499, 38.3084917 ], [ 140.9774089, 38.3086587 ], [ 140.9773399, 38.3089436 ], [ 140.9772509, 38.3095566 ], [ 140.9771709, 38.3101616 ], [ 140.9772009, 38.3106876 ], [ 140.9772709, 38.3113686 ], [ 140.9773849, 38.3119366 ], [ 140.9774999, 38.3123646 ], [ 140.9776989, 38.3129276 ], [ 140.9780769, 38.3137706 ], [ 140.9783409, 38.3142336 ], [ 140.9786709, 38.3147586 ], [ 140.9789749, 38.3151496 ], [ 140.9792439, 38.3154656 ], [ 140.9795619, 38.3157976 ], [ 140.9800509, 38.3162666 ], [ 140.9804489, 38.3166056 ], [ 140.980901, 38.3169676 ], [ 140.981274, 38.3172586 ], [ 140.981898, 38.3176786 ], [ 140.982503, 38.3180876 ], [ 140.983154, 38.3184976 ], [ 140.98398, 38.3189916 ], [ 140.984924, 38.3195775 ], [ 140.9857401, 38.3200715 ], [ 140.9867001, 38.3206825 ], [ 140.9876361, 38.3212825 ], [ 140.9887911, 38.3220385 ], [ 140.9895341, 38.3225845 ], [ 140.9902251, 38.3231035 ], [ 140.9908552, 38.3236205 ], [ 140.9913532, 38.3240475 ], [ 140.9919342, 38.3245695 ], [ 140.9923382, 38.3249715 ], [ 140.9927932, 38.3254315 ], [ 140.9934012, 38.3261065 ], [ 140.9938912, 38.3267295 ], [ 140.9942792, 38.3272525 ], [ 140.9945512, 38.3276515 ], [ 140.9949272, 38.3282215 ], [ 140.9952262, 38.3287665 ], [ 140.9955112, 38.3292934 ], [ 140.9958382, 38.3299464 ], [ 140.9961192, 38.3305624 ], [ 140.9964352, 38.3314304 ], [ 140.9966133, 38.3319694 ], [ 140.9967183, 38.3323554 ], [ 140.9969293, 38.3330254 ], [ 140.9971283, 38.3337244 ], [ 140.9973113, 38.3343544 ], [ 140.9976323, 38.3354064 ], [ 140.9978253, 38.3360524 ], [ 140.9980393, 38.3366224 ], [ 140.9984523, 38.3376494 ], [ 140.9986723, 38.3381144 ], [ 140.9987462, 38.3382958 ], [ 140.9988773, 38.3386084 ], [ 140.9991153, 38.3390964 ], [ 140.9994233, 38.3396644 ], [ 140.9996453, 38.3400834 ], [ 140.9999453, 38.3406134 ], [ 141.0003383, 38.3412184 ], [ 141.0007023, 38.3417794 ], [ 141.0009973, 38.3422074 ], [ 141.0014203, 38.3428254 ], [ 141.0017773, 38.3432894 ], [ 141.0021833, 38.3437334 ], [ 141.0027863, 38.3443743 ], [ 141.0032993, 38.3448923 ], [ 141.0037054, 38.3452833 ], [ 141.0040514, 38.3456073 ], [ 141.0046374, 38.3461063 ], [ 141.0052274, 38.3465843 ], [ 141.0056364, 38.3469003 ], [ 141.0061354, 38.3472683 ], [ 141.0068664, 38.3477813 ], [ 141.0073974, 38.3481373 ], [ 141.0082504, 38.3486723 ], [ 141.0089405, 38.3490543 ], [ 141.0094945, 38.3493473 ], [ 141.0101915, 38.3496833 ], [ 141.0109235, 38.3500393 ], [ 141.0118905, 38.3504983 ], [ 141.0129446, 38.3510073 ], [ 141.0137416, 38.3513833 ], [ 141.0150656, 38.3520362 ], [ 141.0162066, 38.3525882 ], [ 141.0172507, 38.3531012 ], [ 141.0181417, 38.3535252 ], [ 141.0189737, 38.3539352 ], [ 141.0203637, 38.3545932 ], [ 141.0208978, 38.3548782 ], [ 141.0213338, 38.3551492 ], [ 141.0217368, 38.3554192 ], [ 141.0221978, 38.3557702 ], [ 141.0227798, 38.3562281 ], [ 141.0234598, 38.3567641 ], [ 141.0238408, 38.3571451 ], [ 141.0242428, 38.3575671 ], [ 141.0246698, 38.3579941 ], [ 141.0252589, 38.3585661 ], [ 141.0257719, 38.3590481 ], [ 141.0261259, 38.3594151 ], [ 141.0266079, 38.3598971 ], [ 141.0272799, 38.3605521 ], [ 141.0279079, 38.3611901 ], [ 141.0285249, 38.3617991 ], [ 141.029187, 38.362446 ], [ 141.029807, 38.363052 ], [ 141.030407, 38.363645 ], [ 141.03065, 38.363884 ], [ 141.0307693, 38.3640288 ], [ 141.030814, 38.364083 ], [ 141.031139, 38.364431 ], [ 141.031413, 38.364758 ], [ 141.031641, 38.365066 ], [ 141.031884, 38.36543 ], [ 141.032057, 38.365732 ], [ 141.0321495, 38.3660198 ], [ 141.032202, 38.3664047 ], [ 141.0322545, 38.3667371 ], [ 141.0322457, 38.3671307 ], [ 141.032202, 38.3676292 ], [ 141.0321232, 38.3679703 ], [ 141.0320794, 38.368154 ], [ 141.0319831, 38.3684077 ], [ 141.031877, 38.36888 ], [ 141.031669, 38.369233 ], [ 141.031447, 38.369708 ], [ 141.03126, 38.370195 ], [ 141.031177, 38.37054 ], [ 141.031132, 38.370942 ], [ 141.031149, 38.371614 ], [ 141.031194, 38.3720519 ], [ 141.031305, 38.3724679 ], [ 141.031471, 38.3729039 ], [ 141.031645, 38.3733909 ], [ 141.031929, 38.3740629 ], [ 141.032255, 38.3747699 ], [ 141.032584, 38.3755019 ], [ 141.032817, 38.3760429 ], [ 141.033136, 38.3767429 ], [ 141.033427, 38.3773759 ], [ 141.033704, 38.3780159 ], [ 141.033877, 38.3783579 ], [ 141.034248, 38.3791758 ], [ 141.034415, 38.3796538 ], [ 141.03455, 38.3801638 ], [ 141.03464, 38.3805708 ], [ 141.034671, 38.3810638 ], [ 141.034675, 38.3816018 ], [ 141.034644, 38.3822058 ], [ 141.034571, 38.3828438 ], [ 141.034436, 38.3834158 ], [ 141.03429, 38.3840288 ], [ 141.034117, 38.3849198 ], [ 141.034079, 38.3852708 ], [ 141.034065, 38.3857628 ], [ 141.03411, 38.3861358 ], [ 141.034252, 38.3866178 ], [ 141.034436, 38.3870508 ], [ 141.034626, 38.3873898 ], [ 141.034872, 38.3877628 ], [ 141.035268, 38.3882548 ], [ 141.035861, 38.3890727 ], [ 141.036436, 38.3898647 ], [ 141.036706, 38.3902407 ], [ 141.037119, 38.3907357 ], [ 141.03749, 38.3911407 ], [ 141.038017, 38.3916617 ], [ 141.0383671, 38.3919747 ], [ 141.0388421, 38.3923877 ], [ 141.0393341, 38.3928007 ], [ 141.0397641, 38.3931707 ], [ 141.0401041, 38.3935246 ], [ 141.0404191, 38.3938886 ], [ 141.0407971, 38.3943526 ], [ 141.0410401, 38.3947116 ], [ 141.0412551, 38.3951786 ], [ 141.041401, 38.3957416 ], [ 141.0414754, 38.3963279 ], [ 141.0414591, 38.3969716 ], [ 141.0413339, 38.3977012 ], [ 141.0408316, 38.4000048 ], [ 141.0408151, 38.4005446 ], [ 141.0408631, 38.4009776 ], [ 141.0408634, 38.4009789 ], [ 141.040864, 38.4009813 ], [ 141.0409911, 38.4014766 ], [ 141.0411611, 38.4018776 ], [ 141.0414071, 38.4023196 ], [ 141.0417091, 38.4027375 ], [ 141.0419761, 38.4030195 ], [ 141.0423891, 38.4034125 ], [ 141.0427591, 38.4037035 ], [ 141.0432411, 38.4039965 ], [ 141.0437581, 38.4042705 ], [ 141.0444551, 38.4045665 ], [ 141.0449092, 38.4047055 ], [ 141.0454322, 38.4048115 ], [ 141.0458622, 38.4048965 ], [ 141.0464722, 38.4049795 ], [ 141.0470242, 38.4050305 ], [ 141.0476232, 38.4050535 ], [ 141.0482343, 38.4050275 ], [ 141.0490803, 38.4049654 ], [ 141.0499433, 38.4048764 ], [ 141.0507093, 38.4047944 ], [ 141.0516944, 38.4046464 ], [ 141.0520514, 38.4045774 ], [ 141.0526754, 38.4044324 ], [ 141.0530594, 38.4043124 ], [ 141.0535215, 38.4041224 ], [ 141.0539125, 38.4038884 ], [ 141.0543915, 38.4035384 ], [ 141.0551535, 38.4029454 ], [ 141.0557535, 38.4024904 ], [ 141.0563116, 38.4020824 ], [ 141.0569116, 38.4015984 ], [ 141.0576256, 38.4010574 ], [ 141.0580006, 38.4007864 ], [ 141.0583326, 38.4005784 ], [ 141.0587587, 38.4003554 ], [ 141.0597147, 38.3999354 ], [ 141.0601847, 38.3997813 ], [ 141.0607087, 38.3996653 ], [ 141.0613528, 38.3995803 ], [ 141.0620598, 38.3995123 ], [ 141.0627508, 38.3994843 ], [ 141.0634238, 38.3995053 ], [ 141.0638479, 38.3995493 ], [ 141.0645009, 38.3996413 ], [ 141.0656029, 38.3998293 ], [ 141.066772, 38.4000003 ], [ 141.0677321, 38.4001491 ], [ 141.06792, 38.4001782 ], [ 141.069067, 38.4003452 ], [ 141.0702191, 38.4005332 ], [ 141.0709431, 38.4006732 ], [ 141.0717541, 38.4008272 ], [ 141.0726982, 38.4010042 ], [ 141.0736582, 38.4012132 ], [ 141.0747602, 38.4014691 ], [ 141.0758623, 38.4017461 ], [ 141.0769433, 38.4020021 ], [ 141.0771081, 38.4020513 ], [ 141.0775263, 38.4021761 ], [ 141.0783034, 38.4024051 ], [ 141.0793684, 38.4027131 ], [ 141.0804324, 38.4030511 ], [ 141.0823495, 38.40371 ], [ 141.0836635, 38.404202 ], [ 141.0843536, 38.404521 ], [ 141.0848876, 38.404758 ], [ 141.0854266, 38.405044 ], [ 141.0862786, 38.405511 ], [ 141.086492, 38.4056466 ], [ 141.0867836, 38.405832 ], [ 141.0872437, 38.4061659 ], [ 141.0876547, 38.4064719 ], [ 141.0881987, 38.4069109 ], [ 141.0886447, 38.4072929 ], [ 141.0890947, 38.4077239 ], [ 141.0895897, 38.4081939 ], [ 141.0902757, 38.4089309 ], [ 141.0906918, 38.4093609 ], [ 141.0911278, 38.4097629 ], [ 141.0914558, 38.4100769 ], [ 141.0918578, 38.4104348 ], [ 141.0922888, 38.4107768 ], [ 141.0927678, 38.4110948 ], [ 141.0931458, 38.4113168 ], [ 141.0937238, 38.4116178 ], [ 141.0941939, 38.4118638 ], [ 141.0947619, 38.4121088 ], [ 141.0952659, 38.4123218 ], [ 141.0957899, 38.4124958 ], [ 141.0962559, 38.4126478 ], [ 141.09676, 38.4127728 ], [ 141.097211, 38.4128818 ], [ 141.097852, 38.4129818 ], [ 141.098275, 38.4130437 ], [ 141.098865, 38.4131017 ], [ 141.099345, 38.4131377 ], [ 141.0994001, 38.4131387 ], [ 141.0999721, 38.4131517 ], [ 141.1006211, 38.4131357 ], [ 141.1012281, 38.4131017 ], [ 141.1017521, 38.4130697 ], [ 141.1024132, 38.4130077 ], [ 141.1034072, 38.4128757 ], [ 141.1034122, 38.4128747 ], [ 141.1044973, 38.4127617 ], [ 141.1056383, 38.4126447 ], [ 141.1066433, 38.4126116 ], [ 141.1067844, 38.4126066 ], [ 141.1078554, 38.4126226 ], [ 141.1079774, 38.4126246 ], [ 141.1091574, 38.4127076 ], [ 141.1095015, 38.4127486 ], [ 141.1103455, 38.4128506 ], [ 141.1114935, 38.4130026 ], [ 141.1120256, 38.4130836 ], [ 141.1127626, 38.4131636 ], [ 141.1137716, 38.4132485 ], [ 141.1146217, 38.4132685 ], [ 141.1153947, 38.4132645 ], [ 141.1160827, 38.4132245 ], [ 141.1168158, 38.4131695 ], [ 141.1175748, 38.4130715 ], [ 141.1181228, 38.4129785 ], [ 141.1187328, 38.4128235 ], [ 141.1194899, 38.4125865 ], [ 141.1204859, 38.4122185 ], [ 141.121307, 38.4119145 ], [ 141.122098, 38.4116304 ], [ 141.12271, 38.4114314 ], [ 141.1232364, 38.4112588 ], [ 141.123408, 38.4112024 ], [ 141.1240861, 38.4109874 ], [ 141.1251541, 38.4106794 ], [ 141.1258542, 38.4105244 ], [ 141.1266972, 38.4103694 ], [ 141.1275932, 38.4102584 ], [ 141.1282713, 38.4102044 ], [ 141.1288933, 38.4101884 ], [ 141.1294343, 38.4101904 ], [ 141.1303093, 38.4102083 ], [ 141.1310074, 38.4102323 ], [ 141.1317274, 38.4103013 ], [ 141.1322874, 38.4103773 ], [ 141.1328875, 38.4104723 ], [ 141.1333455, 38.4105523 ], [ 141.1339065, 38.4106753 ], [ 141.1346905, 38.4108743 ], [ 141.1353345, 38.4110653 ], [ 141.1358756, 38.4112403 ], [ 141.1363606, 38.4114153 ], [ 141.1375496, 38.4119212 ], [ 141.1380986, 38.4122142 ], [ 141.1382274, 38.4122907 ], [ 141.1387687, 38.4126122 ], [ 141.1394327, 38.4130402 ], [ 141.1400457, 38.4134792 ], [ 141.1404947, 38.4138252 ], [ 141.1408042, 38.4140733 ], [ 141.1417148, 38.4148032 ], [ 141.1427208, 38.4156352 ], [ 141.1436118, 38.4163501 ], [ 141.1443828, 38.4169771 ], [ 141.1450669, 38.4175041 ], [ 141.1459869, 38.4182781 ], [ 141.1468429, 38.4189581 ], [ 141.1473779, 38.4194151 ], [ 141.148134, 38.4200361 ], [ 141.148933, 38.4207151 ], [ 141.149739, 38.421372 ], [ 141.150153, 38.421706 ], [ 141.150602, 38.422022 ], [ 141.151387, 38.422561 ], [ 141.1518651, 38.422842 ], [ 141.1522851, 38.423036 ], [ 141.1532771, 38.423504 ], [ 141.1543182, 38.423903 ], [ 141.1550742, 38.424131 ], [ 141.1553952, 38.424207 ], [ 141.1559302, 38.424313 ], [ 141.1565222, 38.4243949 ], [ 141.1575563, 38.4245179 ], [ 141.1581203, 38.4245709 ], [ 141.1588543, 38.4246119 ], [ 141.1598744, 38.4246349 ], [ 141.1610514, 38.4246939 ], [ 141.1620925, 38.4247879 ], [ 141.1626705, 38.4248339 ], [ 141.1633195, 38.4249109 ], [ 141.1644395, 38.4250568 ], [ 141.1650886, 38.4251798 ], [ 141.1655736, 38.4252858 ], [ 141.1666796, 38.4255378 ], [ 141.1677207, 38.4257888 ], [ 141.1688407, 38.4260768 ], [ 141.1699108, 38.4262928 ], [ 141.1705378, 38.4264338 ], [ 141.1711018, 38.4265388 ], [ 141.1715798, 38.4265858 ], [ 141.1721928, 38.4266447 ], [ 141.1733699, 38.4267147 ], [ 141.1744679, 38.4267267 ], [ 141.175096, 38.4267267 ], [ 141.175631, 38.4266797 ], [ 141.176166, 38.4266207 ], [ 141.176736, 38.4265447 ], [ 141.1776991, 38.4263517 ], [ 141.1789331, 38.4261057 ], [ 141.1801312, 38.4258707 ], [ 141.1812302, 38.4256897 ], [ 141.1823573, 38.4255016 ], [ 141.1835193, 38.4253676 ], [ 141.1845754, 38.4253146 ], [ 141.1851884, 38.4253316 ], [ 141.1858094, 38.4253676 ], [ 141.1864584, 38.4254086 ], [ 141.1869364, 38.4254666 ], [ 141.1874785, 38.4255196 ], [ 141.1880705, 38.4256136 ], [ 141.1886475, 38.4257126 ], [ 141.1891895, 38.4258356 ], [ 141.1901956, 38.4261056 ], [ 141.1912016, 38.4264155 ], [ 141.1915866, 38.4265505 ], [ 141.1922996, 38.4268145 ], [ 141.1928347, 38.4270255 ], [ 141.1933487, 38.4272245 ], [ 141.1939047, 38.4274475 ], [ 141.1943257, 38.4276405 ], [ 141.1953307, 38.4280975 ], [ 141.1963508, 38.4285775 ], [ 141.1972928, 38.4290175 ], [ 141.1983199, 38.4294454 ], [ 141.1992157, 38.4298533 ], [ 141.1993609, 38.4299194 ], [ 141.2003599, 38.4302834 ], [ 141.2009869, 38.4304934 ], [ 141.20138, 38.4306224 ], [ 141.202492, 38.4309684 ], [ 141.203512, 38.4312734 ], [ 141.2045321, 38.4315663 ], [ 141.2056241, 38.4318593 ], [ 141.2067082, 38.4321693 ], [ 141.2078422, 38.4324973 ], [ 141.2087832, 38.4327613 ], [ 141.2099673, 38.4331183 ], [ 141.2110803, 38.4334642 ], [ 141.2120714, 38.4337402 ], [ 141.2132624, 38.4340732 ], [ 141.2142755, 38.4343612 ], [ 141.2154095, 38.4346772 ], [ 141.2164086, 38.4349581 ], [ 141.2176276, 38.4353041 ], [ 141.2186407, 38.4355851 ], [ 141.2196817, 38.4358841 ], [ 141.2207737, 38.436195 ], [ 141.2218008, 38.436499 ], [ 141.2229348, 38.436827 ], [ 141.2239409, 38.437114 ], [ 141.2249109, 38.4373899 ], [ 141.226137, 38.4377469 ], [ 141.22715, 38.4380339 ], [ 141.2282771, 38.4383679 ], [ 141.2293751, 38.4386848 ], [ 141.2304172, 38.4389658 ], [ 141.2316222, 38.4392768 ], [ 141.2328063, 38.4395578 ], [ 141.2340193, 38.4397797 ], [ 141.2350894, 38.4399847 ], [ 141.2361654, 38.4401607 ], [ 141.2372645, 38.4403247 ], [ 141.2383275, 38.4404537 ], [ 141.2394546, 38.4405946 ], [ 141.2406806, 38.4407296 ], [ 141.2418367, 38.4408636 ], [ 141.2426277, 38.4409456 ], [ 141.2439548, 38.4410576 ], [ 141.2459717, 38.4412135 ], [ 141.2462299, 38.4412335 ], [ 141.2471149, 38.4412855 ], [ 141.2481769, 38.4413855 ], [ 141.24934, 38.4414795 ], [ 141.250474, 38.4415724 ], [ 141.2516441, 38.4416664 ], [ 141.2526921, 38.4417544 ], [ 141.2540472, 38.4418774 ], [ 141.2550252, 38.4419594 ], [ 141.2561072, 38.4420454 ], [ 141.2562012, 38.4420534 ], [ 141.2572503, 38.4421583 ], [ 141.2584623, 38.4422583 ], [ 141.2596394, 38.4423693 ], [ 141.2603384, 38.4424573 ], [ 141.2608664, 38.4425573 ], [ 141.2613444, 38.4426503 ], [ 141.2619505, 38.4427973 ], [ 141.2624785, 38.4429493 ], [ 141.2630205, 38.4431192 ], [ 141.2635555, 38.4433302 ], [ 141.2640045, 38.4435062 ], [ 141.2650176, 38.4440102 ], [ 141.2659236, 38.4444962 ], [ 141.2664656, 38.4448652 ], [ 141.2669366, 38.4452932 ], [ 141.2673646, 38.4456562 ], [ 141.2682837, 38.4467311 ], [ 141.2696537, 38.4485781 ], [ 141.2704157, 38.4499181 ], [ 141.2708467, 38.4507211 ], [ 141.2718247, 38.4523721 ], [ 141.2725557, 38.4534911 ], [ 141.2735797, 38.454762 ], [ 141.2742338, 38.455514 ], [ 141.2752878, 38.456589 ], [ 141.2773428, 38.458676 ], [ 141.2789138, 38.460295 ], [ 141.2799616, 38.4612964 ], [ 141.2800449, 38.4613759 ], [ 141.2810459, 38.4623309 ], [ 141.2822849, 38.4634749 ], [ 141.2836319, 38.4648219 ], [ 141.2844009, 38.4655809 ], [ 141.2857709, 38.4669849 ], [ 141.287465, 38.4687418 ], [ 141.288419, 38.4698108 ], [ 141.289212, 38.4707968 ], [ 141.28992, 38.4719608 ], [ 141.290805, 38.4734848 ], [ 141.291359, 38.4746358 ], [ 141.291859, 38.4759698 ], [ 141.2922749, 38.4773858 ], [ 141.2925449, 38.4792198 ], [ 141.2926059, 38.4805668 ], [ 141.2926169, 38.4815458 ], [ 141.2925158, 38.4826228 ], [ 141.2922208, 38.4843968 ], [ 141.2917537, 38.4861168 ], [ 141.2915154, 38.4867694 ], [ 141.2908317, 38.4886418 ], [ 141.2889195, 38.4937628 ], [ 141.2884088, 38.4950698 ], [ 141.2876034, 38.4971309 ], [ 141.2870043, 38.4989029 ], [ 141.2866933, 38.5000529 ], [ 141.2860772, 38.5037029 ], [ 141.2860662, 38.5043349 ], [ 141.2861342, 38.5047929 ], [ 141.2866841, 38.5075349 ], [ 141.2873541, 38.5104258 ], [ 141.287998, 38.5133438 ], [ 141.288484, 38.5165028 ], [ 141.288542, 38.5178788 ], [ 141.2884219, 38.5207468 ], [ 141.2877498, 38.5240948 ], [ 141.2871118, 38.5259178 ], [ 141.2865897, 38.5271618 ], [ 141.2854286, 38.5292068 ], [ 141.2838315, 38.5318198 ], [ 141.2831765, 38.5328468 ], [ 141.2819834, 38.5342438 ], [ 141.2804283, 38.5358308 ], [ 141.2785962, 38.5377278 ], [ 141.2771492, 38.5392708 ], [ 141.2757711, 38.5409208 ], [ 141.274124, 38.5431468 ], [ 141.2731389, 38.5446198 ], [ 141.2718378, 38.5473388 ], [ 141.2714228, 38.5482688 ], [ 141.2708837, 38.5501588 ], [ 141.2706987, 38.5509308 ], [ 141.2703526, 38.5529038 ], [ 141.2702606, 38.5548388 ], [ 141.2702135, 38.5571778 ], [ 141.2704065, 38.5588027 ], [ 141.2707215, 38.5604217 ], [ 141.2711065, 38.5618507 ], [ 141.2725346, 38.5664023 ], [ 141.2727836, 38.5674025 ], [ 141.2729231, 38.5683841 ], [ 141.2730136, 38.56928 ], [ 141.2730547, 38.5700426 ], [ 141.2730247, 38.5711011 ], [ 141.273063, 38.5733893 ], [ 141.2732557, 38.5751144 ], [ 141.2739388, 38.5788719 ], [ 141.2743533, 38.581111 ], [ 141.2746929, 38.5829976 ], [ 141.2749418, 38.5839788 ], [ 141.2751894, 38.5847406 ], [ 141.2754238, 38.5853214 ], [ 141.2756826, 38.5859211 ], [ 141.276002, 38.5865015 ], [ 141.2765911, 38.5874814 ], [ 141.2770321, 38.5880708 ], [ 141.2779408, 38.5892507 ], [ 141.2793736, 38.5911045 ], [ 141.2805511, 38.5929164 ], [ 141.2813813, 38.5945436 ], [ 141.2817708, 38.5956291 ], [ 141.2822009, 38.5974009 ], [ 141.2825055, 38.5994879 ], [ 141.2829048, 38.6021322 ], [ 141.2837455, 38.6083361 ], [ 141.2841855, 38.6116525 ], [ 141.2845666, 38.614297 ], [ 141.2853458, 38.6193712 ], [ 141.2855385, 38.6210152 ], [ 141.2854936, 38.6225743 ], [ 141.2853354, 38.6235189 ], [ 141.2850513, 38.6247213 ], [ 141.2847117, 38.6258096 ], [ 141.2839187, 38.6272858 ], [ 141.2833774, 38.6281889 ], [ 141.2824731, 38.6293651 ], [ 141.2815862, 38.6304126 ], [ 141.2799359, 38.6318491 ], [ 141.2785923, 38.6327695 ], [ 141.2764659, 38.6338932 ], [ 141.2752837, 38.6343839 ], [ 141.2706082, 38.636132 ], [ 141.2695899, 38.6366078 ], [ 141.2684269, 38.63727 ], [ 141.2672649, 38.6381039 ], [ 141.2662852, 38.638937 ], [ 141.2652525, 38.6400564 ], [ 141.264493, 38.6411176 ], [ 141.2639511, 38.6419777 ], [ 141.2633399, 38.6434673 ], [ 141.2629662, 38.6450133 ], [ 141.2628446, 38.6460292 ], [ 141.2630375, 38.6477877 ], [ 141.2632357, 38.6489005 ], [ 141.2651722, 38.6600938 ], [ 141.265383, 38.6617807 ], [ 141.2654171, 38.6672929 ], [ 141.2655947, 38.6727209 ], [ 141.2656234, 38.6744657 ], [ 141.2657459, 38.6766248 ], [ 141.2658786, 38.6774539 ], [ 141.2661787, 38.6788114 ], [ 141.2665489, 38.6796968 ], [ 141.2670301, 38.6808249 ], [ 141.2676569, 38.6818809 ], [ 141.2687782, 38.6832497 ], [ 141.2697698, 38.68429 ], [ 141.2805485, 38.6947965 ], [ 141.2812824, 38.6954325 ], [ 141.281967, 38.6959543 ], [ 141.2829323, 38.696618 ], [ 141.2845561, 38.697508 ], [ 141.2861425, 38.6982551 ], [ 141.2880203, 38.6989057 ], [ 141.2906408, 38.6996297 ], [ 141.2920797, 38.7001294 ], [ 141.2943247, 38.7011026 ], [ 141.2952651, 38.7016424 ], [ 141.296279, 38.7022676 ], [ 141.2975992, 38.7032063 ], [ 141.299091, 38.7043445 ], [ 141.30144, 38.7063088 ], [ 141.3031649, 38.7077035 ], [ 141.3042573, 38.7085626 ], [ 141.3048274, 38.70886 ], [ 141.305548, 38.7092671 ], [ 141.3064269, 38.7096831 ], [ 141.3073173, 38.7099941 ], [ 141.3085125, 38.7103897 ], [ 141.3098406, 38.7106513 ], [ 141.3108515, 38.7107806 ], [ 141.3119715, 38.7108523 ], [ 141.3130422, 38.7108193 ], [ 141.3143676, 38.7106709 ], [ 141.3153523, 38.7105238 ], [ 141.3164218, 38.7102146 ], [ 141.3169921, 38.7100784 ], [ 141.3180237, 38.7096737 ], [ 141.3194796, 38.7090288 ], [ 141.3210327, 38.7083645 ], [ 141.322708, 38.7077854 ], [ 141.3249653, 38.7072649 ], [ 141.3271168, 38.7069317 ], [ 141.3287208, 38.7066102 ], [ 141.3299479, 38.7063285 ], [ 141.3311261, 38.7060279 ], [ 141.3349026, 38.7049153 ], [ 141.3362389, 38.7045949 ], [ 141.3378552, 38.7043115 ], [ 141.3389615, 38.7041732 ], [ 141.3421958, 38.703835 ], [ 141.3519467, 38.702772 ], [ 141.3555446, 38.7022697 ], [ 141.3567118, 38.7021501 ], [ 141.358293, 38.7020667 ], [ 141.3604097, 38.7020095 ], [ 141.3621976, 38.7019061 ], [ 141.3639603, 38.7016979 ], [ 141.3745478, 38.700324 ], [ 141.3757757, 38.7001944 ], [ 141.3769192, 38.70017 ], [ 141.3779536, 38.7001938 ], [ 141.3787571, 38.7002568 ], [ 141.3797924, 38.700395 ], [ 141.3809256, 38.7006185 ], [ 141.3816449, 38.7007963 ], [ 141.3825472, 38.7010495 ], [ 141.3838523, 38.7014724 ], [ 141.3853645, 38.701923 ], [ 141.3865345, 38.7021653 ], [ 141.3879108, 38.70234 ], [ 141.389262, 38.7024194 ], [ 141.3905149, 38.7023753 ], [ 141.391755, 38.7022454 ], [ 141.3931642, 38.7019717 ], [ 141.3942691, 38.7016708 ], [ 141.395531, 38.7012166 ], [ 141.3967313, 38.7006769 ], [ 141.3981242, 38.6998693 ], [ 141.3996612, 38.6988321 ], [ 141.4042701, 38.6954631 ], [ 141.4057952, 38.6944831 ], [ 141.4076243, 38.6934825 ], [ 141.4098913, 38.6924798 ], [ 141.4117956, 38.6917744 ], [ 141.4137742, 38.6912211 ], [ 141.4154377, 38.6908314 ], [ 141.4172842, 38.6904981 ], [ 141.4186453, 38.6903196 ], [ 141.4204688, 38.6901675 ], [ 141.4226095, 38.6901186 ], [ 141.4246053, 38.6901943 ], [ 141.4275752, 38.6903795 ], [ 141.4288772, 38.6904205 ], [ 141.4302028, 38.6903661 ], [ 141.4316073, 38.6902503 ], [ 141.4350624, 38.6895784 ], [ 141.4375772, 38.689165 ], [ 141.4395093, 38.6889071 ], [ 141.4407613, 38.6887957 ], [ 141.4419897, 38.6887512 ], [ 141.4445811, 38.6887854 ], [ 141.4459675, 38.6887304 ], [ 141.4482406, 38.6885278 ], [ 141.4493838, 38.6884837 ], [ 141.4504542, 38.6884685 ], [ 141.4513912, 38.6885017 ], [ 141.4527056, 38.688571 ], [ 141.4537773, 38.6887083 ], [ 141.4546545, 38.6888562 ], [ 141.4554835, 38.6890616 ], [ 141.4563494, 38.6893049 ], [ 141.4572402, 38.6896243 ], [ 141.4578018, 38.6898501 ], [ 141.4583514, 38.6901046 ], [ 141.4592314, 38.6905671 ], [ 141.4600142, 38.6910492 ], [ 141.4609196, 38.691645 ], [ 141.4626219, 38.6928844 ], [ 141.4653275, 38.6948535 ], [ 141.4662091, 38.6954875 ], [ 141.4670289, 38.696017 ], [ 141.4678113, 38.6964418 ], [ 141.4688497, 38.6969225 ], [ 141.4698751, 38.6973078 ], [ 141.4710952, 38.6977016 ], [ 141.4721654, 38.6979866 ], [ 141.4892142, 38.7023353 ], [ 141.4906902, 38.702737 ], [ 141.4918984, 38.7031306 ], [ 141.4927287, 38.7034501 ], [ 141.4940235, 38.7039958 ], [ 141.4963946, 38.7051456 ], [ 141.4971521, 38.705475 ], [ 141.4981287, 38.7058127 ], [ 141.4990072, 38.7060747 ], [ 141.502093, 38.706858 ], [ 141.5031304, 38.7071857 ], [ 141.5040709, 38.7075617 ], [ 141.5049387, 38.7079763 ], [ 141.5057707, 38.7084673 ], [ 141.5065639, 38.7089968 ], [ 141.507069, 38.7093656 ], [ 141.5076091, 38.7098583 ], [ 141.5081618, 38.7104081 ], [ 141.5087279, 38.7110722 ], [ 141.5094311, 38.7120979 ], [ 141.5098276, 38.7128488 ], [ 141.5101392, 38.7136288 ], [ 141.5103785, 38.7144856 ], [ 141.5120031, 38.7215603 ], [ 141.5121922, 38.7222456 ], [ 141.5124667, 38.7229591 ], [ 141.5127647, 38.7235867 ], [ 141.5131114, 38.7242044 ], [ 141.5135061, 38.7247551 ], [ 141.5221612, 38.7363079 ], [ 141.5226307, 38.7370297 ], [ 141.5231265, 38.7379517 ], [ 141.5234006, 38.7385984 ], [ 141.5236649, 38.7395026 ], [ 141.523806, 38.7402454 ], [ 141.5238721, 38.7407885 ], [ 141.5238911, 38.741494 ], [ 141.523851, 38.7422623 ], [ 141.5238045, 38.7426195 ], [ 141.5236884, 38.7432018 ], [ 141.5235113, 38.7437749 ], [ 141.5232027, 38.7445967 ], [ 141.5228448, 38.7453616 ], [ 141.5224008, 38.7460411 ], [ 141.5218243, 38.746855 ], [ 141.5212211, 38.7474401 ], [ 141.5205455, 38.7480829 ], [ 141.5196997, 38.7487648 ], [ 141.5117941, 38.7547891 ], [ 141.510633, 38.7556158 ], [ 141.5095679, 38.7562989 ], [ 141.50826, 38.7570597 ], [ 141.5069633, 38.757725 ], [ 141.5018229, 38.7601381 ], [ 141.5006111, 38.7607839 ], [ 141.4996429, 38.7614282 ], [ 141.49899, 38.7619277 ], [ 141.498049, 38.762877 ], [ 141.4976516, 38.7633655 ], [ 141.4971349, 38.7641121 ], [ 141.4967757, 38.764772 ], [ 141.4964536, 38.7654985 ], [ 141.4962174, 38.7663007 ], [ 141.4960554, 38.7672169 ], [ 141.4960146, 38.7680752 ], [ 141.4960581, 38.7688282 ], [ 141.4961868, 38.7695712 ], [ 141.4963504, 38.7701423 ], [ 141.4966626, 38.77097 ], [ 141.4970225, 38.7717021 ], [ 141.497492, 38.7724241 ], [ 141.4979358, 38.7729936 ], [ 141.4984771, 38.7735817 ], [ 141.4991896, 38.774226 ], [ 141.4998517, 38.7747084 ], [ 141.5009176, 38.7753793 ], [ 141.502661, 38.776206 ], [ 141.5079054, 38.7785713 ], [ 141.508961, 38.7791015 ], [ 141.5098339, 38.7796328 ], [ 141.5106007, 38.7802123 ], [ 141.5113639, 38.7808622 ], [ 141.5120167, 38.7814792 ], [ 141.5125258, 38.7820396 ], [ 141.51285, 38.7825667 ], [ 141.5129921, 38.7829391 ], [ 141.5133565, 38.7835113 ], [ 141.5137233, 38.7844476 ], [ 141.5140581, 38.7850784 ], [ 141.5147732, 38.7860873 ], [ 141.5156357, 38.7874852 ], [ 141.5163793, 38.7882586 ], [ 141.5169742, 38.7888534 ], [ 141.517807, 38.7895375 ], [ 141.5184316, 38.7900729 ], [ 141.5193239, 38.7907867 ], [ 141.5197106, 38.7910842 ], [ 141.5210348, 38.7920833 ], [ 141.528659, 38.7978184 ], [ 141.529257, 38.798232 ], [ 141.529947, 38.7987165 ], [ 141.5306973, 38.7991291 ], [ 141.5316154, 38.7995646 ], [ 141.5343829, 38.8006802 ], [ 141.5352397, 38.8010803 ], [ 141.5361126, 38.8015637 ], [ 141.5367411, 38.801977 ], [ 141.5375545, 38.8026038 ], [ 141.5385381, 38.8035036 ], [ 141.5396867, 38.8045736 ], [ 141.5404368, 38.8052651 ], [ 141.5412846, 38.805975 ], [ 141.5422177, 38.8066844 ], [ 141.5430524, 38.8072991 ], [ 141.543874, 38.8078185 ], [ 141.5448792, 38.8084226 ], [ 141.5531879, 38.8130912 ], [ 141.5539356, 38.8135156 ], [ 141.5548309, 38.8140821 ], [ 141.5555429, 38.8145926 ], [ 141.5564819, 38.8153834 ], [ 141.5569373, 38.8158287 ], [ 141.5575538, 38.8165399 ], [ 141.5579737, 38.8170808 ], [ 141.5585817, 38.8181544 ], [ 141.5589438, 38.8190102 ], [ 141.5591587, 38.8197621 ], [ 141.5592997, 38.8204477 ], [ 141.5593938, 38.8213147 ], [ 141.5594029, 38.8222109 ], [ 141.5592893, 38.823022 ], [ 141.5591492, 38.8236331 ], [ 141.5589493, 38.8243494 ], [ 141.5582383, 38.826356 ], [ 141.5579442, 38.8273971 ], [ 141.5577473, 38.8284185 ], [ 141.557659, 38.8293248 ], [ 141.5576073, 38.8302404 ], [ 141.5576406, 38.8311173 ], [ 141.5577592, 38.8319937 ], [ 141.5579128, 38.8327174 ], [ 141.5581292, 38.8336218 ], [ 141.5588589, 38.8358578 ], [ 141.5591024, 38.837029 ], [ 141.5591814, 38.8376101 ], [ 141.5592017, 38.8384014 ], [ 141.5591153, 38.8394983 ], [ 141.5589872, 38.8400903 ], [ 141.558811, 38.8407492 ], [ 141.5585855, 38.8413513 ], [ 141.5577652, 38.8434062 ], [ 141.5575166, 38.8441419 ], [ 141.5573544, 38.8449819 ], [ 141.5572765, 38.845707 ], [ 141.5572592, 38.8464127 ], [ 141.5573299, 38.8473752 ], [ 141.5574964, 38.8481655 ], [ 141.557724, 38.848965 ], [ 141.5580365, 38.8497258 ], [ 141.5583974, 38.8504386 ], [ 141.5588307, 38.8510842 ], [ 141.5592634, 38.8516727 ], [ 141.5597937, 38.8522605 ], [ 141.560397, 38.8528383 ], [ 141.5635567, 38.8553929 ], [ 141.5641969, 38.8559895 ], [ 141.5648015, 38.8566817 ], [ 141.5652469, 38.8573082 ], [ 141.5657673, 38.8581154 ], [ 141.5661653, 38.8588756 ], [ 141.5664906, 38.859684 ], [ 141.5669855, 38.8615591 ], [ 141.5672037, 38.8626256 ], [ 141.5674198, 38.8634728 ], [ 141.5677204, 38.8642431 ], [ 141.5680573, 38.8649847 ], [ 141.5684174, 38.8656117 ], [ 141.5688382, 38.8662097 ], [ 141.5693572, 38.8668738 ], [ 141.5699488, 38.8674707 ], [ 141.570675, 38.8681145 ], [ 141.5714981, 38.8687004 ], [ 141.5727499, 38.8694552 ], [ 141.5734119, 38.8697847 ], [ 141.5746002, 38.870292 ], [ 141.5776558, 38.8715775 ], [ 141.5787905, 38.8721341 ], [ 141.5796742, 38.8726719 ], [ 141.580534, 38.873248 ], [ 141.5813825, 38.8739099 ], [ 141.582176, 38.8746376 ], [ 141.5830097, 38.8755489 ], [ 141.5835534, 38.8762224 ], [ 141.5840861, 38.8770007 ], [ 141.5846334, 38.8780174 ], [ 141.5850588, 38.8790253 ], [ 141.5853739, 38.8799957 ], [ 141.585667, 38.8811856 ], [ 141.5860506, 38.882944 ], [ 141.586636, 38.8849321 ], [ 141.5873097, 38.8862706 ], [ 141.5903458, 38.8904648 ], [ 141.5948744, 38.896471 ], [ 141.595421, 38.8978909 ], [ 141.5954631, 38.8990909 ], [ 141.5952187, 38.9007214 ], [ 141.59434, 38.9021243 ], [ 141.5934477, 38.9034925 ], [ 141.5923174, 38.9060504 ], [ 141.5916036, 38.9081324 ], [ 141.5908897, 38.911999 ], [ 141.5911872, 38.9156872 ], [ 141.5920398, 38.9178818 ], [ 141.5930391, 38.9193571 ], [ 141.5941813, 38.920404 ], [ 141.5958945, 38.9217365 ], [ 141.6006534, 38.9243064 ], [ 141.6090053, 38.9276138 ], [ 141.6116465, 38.9283514 ], [ 141.613907, 38.9291367 ], [ 141.6151919, 38.9301836 ], [ 141.6164472, 38.931458 ], [ 141.6167364, 38.9318175 ], [ 141.6170044, 38.9321012 ], [ 141.6176606, 38.9329406 ], [ 141.6233692, 38.9400526 ], [ 141.6250412, 38.9422008 ], [ 141.6261981, 38.9441379 ], [ 141.6269276, 38.9455058 ], [ 141.6274569, 38.9469895 ], [ 141.6279144, 38.9486024 ], [ 141.6280501, 38.9492737 ], [ 141.6282308, 38.9506882 ], [ 141.6282249, 38.9518038 ], [ 141.6280998, 38.9528987 ], [ 141.6278458, 38.9539372 ], [ 141.6275525, 38.9547329 ], [ 141.6271682, 38.9555865 ], [ 141.6260274, 38.9575821 ], [ 141.6256065, 38.9584358 ], [ 141.6252317, 38.959325 ], [ 141.6248942, 38.9602712 ], [ 141.6246307, 38.9612812 ], [ 141.624389, 38.9626057 ], [ 141.6242646, 38.9637792 ], [ 141.6242493, 38.9648662 ], [ 141.6243554, 38.9669964 ], [ 141.6244845, 38.9700915 ], [ 141.6244705, 38.9711235 ], [ 141.6244455, 38.971488 ] ] } },
{ "type": "Feature", "properties": { "N12_001": "04", "N12_002": 1, "N12_003": 3, "N12_004": "一般国道6号", "N12_005": 3, "N12_006": 4 }, "geometry": { "type": "LineString", "coordinates": [ [ 140.9448997, 38.2075476 ], [ 140.9409715, 38.2082077 ], [ 140.9389625, 38.2083297 ], [ 140.9373244, 38.2082827 ], [ 140.9338933, 38.2076647 ], [ 140.9320302, 38.2074337 ], [ 140.9310562, 38.2073867 ], [ 140.9298222, 38.2074478 ], [ 140.9272671, 38.2078468 ], [ 140.9233279, 38.2087828 ], [ 140.9217669, 38.2093208 ], [ 140.9208359, 38.2097458 ], [ 140.9197628, 38.2103918 ], [ 140.9181618, 38.2114828 ], [ 140.9173428, 38.2118988 ], [ 140.9164257, 38.2122369 ], [ 140.9148657, 38.2126509 ], [ 140.9127976, 38.2128649 ], [ 140.9077164, 38.2133059 ], [ 140.9058834, 38.2132889 ], [ 140.9043233, 38.213072 ], [ 140.9023742, 38.212593 ], [ 140.9013412, 38.212269 ], [ 140.9005032, 38.211899 ], [ 140.8981841, 38.210542 ], [ 140.8972171, 38.209993 ], [ 140.896613, 38.2097771 ], [ 140.895814, 38.2096221 ], [ 140.8923396, 38.2091326 ], [ 140.8911928, 38.2089711 ], [ 140.8889558, 38.2087371 ], [ 140.8847076, 38.2085849 ], [ 140.8826441, 38.2087026 ], [ 140.8819664, 38.2087413 ], [ 140.8788778, 38.2087026 ], [ 140.8770761, 38.2085984 ], [ 140.8755327, 38.2085092 ], [ 140.8707836, 38.2081222 ], [ 140.8660879, 38.2078224 ], [ 140.8636964, 38.2075515 ], [ 140.8606818, 38.2071085 ], [ 140.8542866, 38.2066545 ], [ 140.8522086, 38.2065436 ], [ 140.8512335, 38.2065886 ], [ 140.8502585, 38.2067106 ], [ 140.8483275, 38.2071236 ], [ 140.8471954, 38.2075996 ], [ 140.8461604, 38.2081676 ], [ 140.8450664, 38.2090446 ], [ 140.8439723, 38.2099976 ], [ 140.8432753, 38.2104396 ], [ 140.8425163, 38.2108666 ], [ 140.8412433, 38.2113426 ], [ 140.8409448, 38.2114168 ], [ 140.8400162, 38.2116477 ], [ 140.8386192, 38.2118057 ], [ 140.8370051, 38.2117177 ], [ 140.8361581, 38.2116567 ], [ 140.8350961, 38.2115797 ], [ 140.8339661, 38.2116017 ], [ 140.832894, 38.2117967 ], [ 140.8305911, 38.2123533 ], [ 140.8285619, 38.2128438 ], [ 140.8240328, 38.2140238 ], [ 140.8205076, 38.2147788 ], [ 140.8183236, 38.2151779 ], [ 140.8157269, 38.2154006 ], [ 140.8156535, 38.2154069 ], [ 140.8125974, 38.2156229 ], [ 140.8110733, 38.2157299 ], [ 140.809408, 38.2157054 ], [ 140.8071992, 38.2156729 ], [ 140.8054921, 38.215585 ], [ 140.8044931, 38.215354 ], [ 140.8034041, 38.21496 ] ] } },
{ "type": "Feature", "properties": { "N12_001": "04", "N12_002": 1, "N12_003": 3, "N12_004": "一般国道6号", "N12_005": 3, "N12_006": 5 }, "geometry": { "type": "LineString", "coordinates": [ [ 140.9043233, 38.213072 ], [ 140.9044971, 38.2139376 ], [ 140.9046074, 38.2147885 ], [ 140.9045072, 38.2154292 ], [ 140.9043569, 38.2160098 ], [ 140.9041365, 38.2165604 ], [ 140.9038412, 38.2170744 ] ] } },
{ "type": "Feature", "properties": { "N12_001": "04", "N12_002": 1, "N12_003": 3, "N12_004": "一般国道6号", "N12_005": 3, "N12_006": 6 }, "geometry": { "type": "LineString", "coordinates": [ [ 140.8331657, 38.2138304 ], [ 140.8333525, 38.213698 ], [ 140.8335258, 38.2135289 ], [ 140.8337232, 38.213384 ], [ 140.8339367, 38.2132672 ], [ 140.8346056, 38.2130538 ], [ 140.8353348, 38.2128163 ], [ 140.8356572, 38.2126955 ], [ 140.8359231, 38.2125304 ], [ 140.8363179, 38.2123251 ], [ 140.8365516, 38.2122245 ], [ 140.8368175, 38.212152 ], [ 140.8370835, 38.2120795 ], [ 140.837297, 38.2120352 ], [ 140.8375549, 38.212007 ], [ 140.8379618, 38.212003 ], [ 140.8384856, 38.211999 ], [ 140.8389691, 38.211999 ], [ 140.8395896, 38.212007 ], [ 140.8400529, 38.212011 ], [ 140.8402302, 38.212003 ], [ 140.8405284, 38.2119909 ], [ 140.8407621, 38.2119627 ], [ 140.8409071, 38.2118983 ], [ 140.8409595, 38.2118218 ], [ 140.8409716, 38.2116567 ], [ 140.8409675, 38.2115601 ], [ 140.8409448, 38.2114168 ] ] } },
{ "type": "Feature", "properties": { "N12_001": "04", "N12_002": 1, "N12_003": 3, "N12_004": "一般国道47号", "N12_005": 5, "N12_006": 1 }, "geometry": { "type": "LineString", "coordinates": [ [ 140.9772709, 38.3113686 ], [ 140.976846, 38.3117975 ], [ 140.9766013, 38.3120815 ], [ 140.9761276, 38.3125627 ], [ 140.9757723, 38.3129651 ], [ 140.9748171, 38.3134857 ], [ 140.9738066, 38.3139275 ], [ 140.9728119, 38.3143614 ], [ 140.9722751, 38.3146296 ], [ 140.9717857, 38.3148031 ], [ 140.9711936, 38.3151502 ], [ 140.9703962, 38.3157971 ], [ 140.9700726, 38.3160022 ], [ 140.9695752, 38.3165071 ], [ 140.9693778, 38.3166885 ], [ 140.9691489, 38.3169962 ], [ 140.9689042, 38.3173196 ], [ 140.9686595, 38.3176115 ], [ 140.968541, 38.3178639 ], [ 140.9680753, 38.318566 ], [ 140.9679489, 38.3188027 ], [ 140.9677279, 38.3192444 ], [ 140.9674516, 38.3199781 ], [ 140.9670174, 38.3213191 ], [ 140.9667233, 38.3220804 ], [ 140.9666217, 38.3223979 ], [ 140.9663858, 38.3227766 ], [ 140.9660819, 38.3233445 ], [ 140.965774, 38.3239283 ], [ 140.9655095, 38.3242991 ], [ 140.9649609, 38.3249972 ], [ 140.9648425, 38.3251116 ], [ 140.964503, 38.3254824 ], [ 140.9640648, 38.3258768 ], [ 140.9635043, 38.326433 ], [ 140.9629636, 38.3269063 ], [ 140.962703, 38.3271863 ], [ 140.9621978, 38.3276044 ], [ 140.9615504, 38.3281764 ], [ 140.9611715, 38.3285787 ], [ 140.9608557, 38.3289494 ], [ 140.9605557, 38.3293518 ], [ 140.9600939, 38.3300223 ], [ 140.9596952, 38.3307244 ], [ 140.9594426, 38.3312727 ], [ 140.9590281, 38.3322824 ], [ 140.9589452, 38.3325427 ], [ 140.9588189, 38.3329687 ], [ 140.9587321, 38.3333355 ], [ 140.9586808, 38.3335091 ], [ 140.9586215, 38.3337576 ], [ 140.9585702, 38.3340455 ], [ 140.958436, 38.3351697 ], [ 140.9583847, 38.3355957 ], [ 140.958361, 38.3357337 ], [ 140.9583255, 38.3359861 ], [ 140.9582544, 38.3363727 ], [ 140.9581913, 38.3367316 ], [ 140.9581794, 38.3368421 ], [ 140.958132, 38.3373667 ], [ 140.9580452, 38.3377887 ], [ 140.9578084, 38.3385578 ], [ 140.9575005, 38.3392797 ], [ 140.9573031, 38.3397293 ], [ 140.9570623, 38.3401908 ], [ 140.956486, 38.3410862 ], [ 140.9563005, 38.3414096 ], [ 140.9561387, 38.3416739 ], [ 140.9559531, 38.3419145 ], [ 140.9557005, 38.3423168 ], [ 140.9555821, 38.3425259 ], [ 140.9554854, 38.3426955 ], [ 140.9552327, 38.3431767 ], [ 140.9550275, 38.3436263 ], [ 140.9548775, 38.3441154 ], [ 140.9547196, 38.3445887 ], [ 140.9545398, 38.3455566 ], [ 140.9544802, 38.3461002 ], [ 140.9544585, 38.3476449 ], [ 140.9544011, 38.3494948 ], [ 140.9543418, 38.3502291 ], [ 140.9541982, 38.3512876 ], [ 140.954054, 38.3519457 ], [ 140.953717, 38.3531761 ], [ 140.9532827, 38.3541682 ], [ 140.9530778, 38.3547119 ], [ 140.9525585, 38.3555897 ], [ 140.9520028, 38.3563912 ], [ 140.9512656, 38.3573359 ], [ 140.9501292, 38.3585385 ], [ 140.9493674, 38.3592353 ], [ 140.9483271, 38.3599324 ], [ 140.947093, 38.3606392 ], [ 140.9460038, 38.3611361 ], [ 140.9448661, 38.3615472 ], [ 140.9436313, 38.3619012 ], [ 140.9422512, 38.3621885 ], [ 140.9403382, 38.3624859 ], [ 140.938425, 38.3626879 ], [ 140.9364634, 38.3628803 ], [ 140.9346227, 38.3629773 ], [ 140.9308079, 38.3629996 ], [ 140.9294636, 38.3630007 ], [ 140.9282284, 38.3630494 ], [ 140.9269084, 38.3631553 ], [ 140.9255886, 38.3633375 ], [ 140.9244021, 38.3635673 ], [ 140.9234214, 38.3637969 ], [ 140.9222471, 38.3641601 ], [ 140.9213149, 38.3644946 ], [ 140.9203465, 38.3648862 ], [ 140.9190998, 38.3654783 ], [ 140.91795, 38.3660894 ], [ 140.9154567, 38.3675024 ], [ 140.9138831, 38.3683426 ], [ 140.9122853, 38.3691446 ], [ 140.9112805, 38.3695935 ], [ 140.9098277, 38.370157 ], [ 140.9086169, 38.3705583 ], [ 140.9073213, 38.3708833 ], [ 140.9062193, 38.3711128 ], [ 140.9050205, 38.3713233 ], [ 140.9036156, 38.3714768 ], [ 140.9024408, 38.3715633 ], [ 140.9009632, 38.3715737 ], [ 140.89911, 38.371527 ], [ 140.8967965, 38.371433 ], [ 140.8954158, 38.3714719 ], [ 140.8937687, 38.3716634 ], [ 140.8926182, 38.3719215 ], [ 140.8915768, 38.3722176 ], [ 140.8899422, 38.3728954 ], [ 140.8887799, 38.3734871 ], [ 140.8874867, 38.3742426 ], [ 140.8866213, 38.3748318 ], [ 140.8855621, 38.3756427 ], [ 140.8846996, 38.3764179 ], [ 140.8838825, 38.3772406 ], [ 140.8832018, 38.3780872 ], [ 140.8824756, 38.3790648 ], [ 140.8819009, 38.3800186 ], [ 140.8814926, 38.3808412 ], [ 140.881039, 38.3818783 ], [ 140.8807821, 38.3826293 ], [ 140.880208, 38.3846081 ], [ 140.8799509, 38.3851803 ], [ 140.8794966, 38.3858666 ], [ 140.8790728, 38.3863197 ], [ 140.8784129, 38.3868062 ], [ 140.8776245, 38.3872601 ] ] } },
{ "type": "Feature", "properties": { "N12_001": "04", "N12_002": 1, "N12_003": 3, "N12_004": "一般国道4号", "N12_005": 6, "N12_006": 1 }, "geometry": { "type": "LineString", "coordinates": [ [ 140.5832108, 37.909448 ], [ 140.5840318, 37.9100325 ], [ 140.5842095, 37.9101452 ], [ 140.5859193, 37.9113554 ], [ 140.5865019, 37.9116643 ], [ 140.5873275, 37.9119938 ], [ 140.5882655, 37.9122461 ], [ 140.5890413, 37.9124336 ], [ 140.5897999, 37.9127349 ], [ 140.5903438, 37.9130999 ], [ 140.5906389, 37.9133568 ], [ 140.5908786, 37.9135982 ], [ 140.5911216, 37.9138323 ], [ 140.5917031, 37.9144269 ], [ 140.5922741, 37.9149847 ], [ 140.5933896, 37.916111 ], [ 140.5941871, 37.9169088 ], [ 140.5951976, 37.9178968 ], [ 140.5955372, 37.9182349 ], [ 140.5960212, 37.9187079 ], [ 140.5965826, 37.9192546 ], [ 140.5969581, 37.9196318 ], [ 140.5977612, 37.9204487 ], [ 140.5979848, 37.9206961 ], [ 140.5982819, 37.9210243 ], [ 140.5986716, 37.9214737 ], [ 140.5990525, 37.9219263 ], [ 140.5993116, 37.9222343 ], [ 140.5995677, 37.9225443 ], [ 140.600028, 37.923093 ], [ 140.600286, 37.9234007 ], [ 140.6006295, 37.9237924 ], [ 140.6007628, 37.9239586 ], [ 140.6012297, 37.9245249 ], [ 140.6014808, 37.9248315 ], [ 140.6018008, 37.9252204 ], [ 140.6019786, 37.9254343 ], [ 140.6023411, 37.9258679 ], [ 140.6026636, 37.9263171 ], [ 140.6036367, 37.9279631 ], [ 140.6043112, 37.9291017 ], [ 140.6046031, 37.9295928 ], [ 140.6053758, 37.9308854 ], [ 140.6058115, 37.9316081 ], [ 140.6059576, 37.9318481 ], [ 140.606496, 37.932743 ], [ 140.6066221, 37.9329548 ], [ 140.6068408, 37.9333289 ], [ 140.6069776, 37.9335514 ], [ 140.6074188, 37.9343514 ], [ 140.6077168, 37.9348217 ], [ 140.6077813, 37.9349545 ], [ 140.6080444, 37.9353826 ], [ 140.6080726, 37.9354162 ], [ 140.6083999, 37.9359289 ], [ 140.6086, 37.9362731 ], [ 140.6089899, 37.9369314 ], [ 140.6092035, 37.9372525 ], [ 140.609457, 37.9376548 ], [ 140.6101441, 37.9385647 ], [ 140.610377, 37.9388511 ], [ 140.6110166, 37.9396636 ], [ 140.6111934, 37.9400365 ], [ 140.6113807, 37.94044 ], [ 140.6115075, 37.9409142 ], [ 140.611543, 37.9410494 ], [ 140.6115641, 37.9411678 ], [ 140.611558, 37.9416622 ], [ 140.6114717, 37.9421928 ], [ 140.611415, 37.9424236 ], [ 140.6113294, 37.9428406 ], [ 140.6110143, 37.9442855 ], [ 140.6109088, 37.9448587 ], [ 140.610879, 37.9452143 ], [ 140.6108866, 37.945447 ], [ 140.6109171, 37.9456725 ], [ 140.6109622, 37.9459102 ], [ 140.6110719, 37.9463529 ], [ 140.6111462, 37.9466478 ], [ 140.6112794, 37.94724 ], [ 140.6112722, 37.9474258 ], [ 140.6112064, 37.9477491 ], [ 140.6110478, 37.9481202 ], [ 140.6105115, 37.9489716 ], [ 140.6102624, 37.9493749 ], [ 140.6101559, 37.9495832 ], [ 140.6099687, 37.9500112 ], [ 140.6098586, 37.9503896 ], [ 140.609785, 37.9508649 ], [ 140.6097463, 37.9512662 ], [ 140.609708, 37.9516059 ], [ 140.6095869, 37.9524842 ], [ 140.6095563, 37.952654 ], [ 140.6095078, 37.9528525 ], [ 140.6094306, 37.9530364 ], [ 140.6089678, 37.953825 ], [ 140.6085401, 37.9546094 ], [ 140.6084292, 37.9548716 ], [ 140.6083177, 37.9552088 ], [ 140.6082512, 37.9554101 ], [ 140.6081631, 37.9558485 ], [ 140.6081481, 37.9559783 ], [ 140.6081151, 37.9562638 ], [ 140.6081092, 37.9567097 ], [ 140.608128, 37.956889 ], [ 140.6081501, 37.9570606 ], [ 140.6082042, 37.9573008 ], [ 140.6082769, 37.957512 ], [ 140.6083658, 37.9576897 ], [ 140.6088357, 37.9583289 ], [ 140.6093542, 37.9590364 ], [ 140.609607, 37.9594642 ], [ 140.6105563, 37.9616406 ], [ 140.6116178, 37.9641341 ], [ 140.6117789, 37.9645024 ], [ 140.6121975, 37.965507 ], [ 140.6123277, 37.9659269 ], [ 140.6124379, 37.9664393 ], [ 140.6124582, 37.9666626 ], [ 140.6124562, 37.9670135 ], [ 140.612455, 37.9674017 ], [ 140.6125018, 37.9685211 ], [ 140.6124804, 37.9687803 ], [ 140.6124163, 37.9692367 ], [ 140.6123807, 37.9693831 ], [ 140.6120449, 37.9704214 ], [ 140.611951, 37.9706794 ], [ 140.6119198, 37.9708364 ], [ 140.6118201, 37.9710786 ], [ 140.6115962, 37.9716508 ], [ 140.6113793, 37.9721711 ], [ 140.6113235, 37.9723039 ], [ 140.6112981, 37.9723724 ], [ 140.6112159, 37.9726334 ], [ 140.6111021, 37.9731009 ], [ 140.6110734, 37.9734839 ], [ 140.6110585, 37.9739698 ], [ 140.6110835, 37.9741889 ], [ 140.6111163, 37.9743567 ], [ 140.6111641, 37.9745776 ], [ 140.6112078, 37.9747328 ], [ 140.6113, 37.9749917 ], [ 140.6114796, 37.9754122 ], [ 140.6118206, 37.9761908 ], [ 140.6120401, 37.9767136 ], [ 140.6122182, 37.9771312 ], [ 140.6123023, 37.9773195 ], [ 140.6126555, 37.9781547 ], [ 140.613081, 37.9791368 ], [ 140.6139242, 37.9810688 ], [ 140.6139596, 37.9811827 ], [ 140.6140155, 37.9813616 ], [ 140.6141497, 37.9820432 ], [ 140.614168, 37.982136 ], [ 140.6141709, 37.9822515 ], [ 140.6141712, 37.9824738 ], [ 140.6141519, 37.9829005 ], [ 140.6140814, 37.9831919 ], [ 140.6140298, 37.9833986 ], [ 140.6139647, 37.9836525 ], [ 140.6138471, 37.9839513 ], [ 140.6137188, 37.9842199 ], [ 140.6136168, 37.9843929 ], [ 140.6135065, 37.9845801 ], [ 140.6134088, 37.9847287 ], [ 140.6131104, 37.9851067 ], [ 140.6128747, 37.9853337 ], [ 140.6126951, 37.9855077 ], [ 140.6122082, 37.9859496 ], [ 140.6116619, 37.9863883 ], [ 140.6112606, 37.9867466 ], [ 140.6109801, 37.9870362 ], [ 140.6106938, 37.9873768 ], [ 140.6104892, 37.9877139 ], [ 140.6103205, 37.9880397 ], [ 140.6101834, 37.9883952 ], [ 140.6100945, 37.988699 ], [ 140.6100424, 37.9889174 ], [ 140.6099722, 37.9893364 ], [ 140.609964, 37.9894799 ], [ 140.6099811, 37.9899762 ], [ 140.610042, 37.9903663 ], [ 140.6100882, 37.9905981 ], [ 140.61011, 37.9906859 ], [ 140.6102204, 37.9909779 ], [ 140.6104285, 37.9914354 ], [ 140.610519, 37.9916121 ], [ 140.6105642, 37.9916892 ], [ 140.6107725, 37.9920439 ], [ 140.6113246, 37.9928547 ], [ 140.6113756, 37.9929369 ], [ 140.6115687, 37.993272 ], [ 140.6117179, 37.9935648 ], [ 140.6118034, 37.9937734 ], [ 140.6118815, 37.9940439 ], [ 140.6119312, 37.9943481 ], [ 140.6120099, 37.9950399 ], [ 140.6120278, 37.995206 ], [ 140.6120242, 37.9954747 ], [ 140.6120054, 37.9968461 ], [ 140.6120007, 37.9969922 ], [ 140.6119961, 37.997123 ], [ 140.6119544, 37.9986214 ], [ 140.6119455, 37.9988253 ], [ 140.6119029, 37.9996452 ], [ 140.6118675, 37.9999956 ], [ 140.6117954, 38.000708 ], [ 140.6117767, 38.0008427 ], [ 140.6117508, 38.0010293 ], [ 140.6117166, 38.0012581 ], [ 140.611705, 38.0013479 ], [ 140.6116644, 38.001722 ], [ 140.6116338, 38.0020037 ], [ 140.6115276, 38.0025903 ], [ 140.6114725, 38.0029135 ], [ 140.6111156, 38.0043018 ], [ 140.6110156, 38.0046209 ], [ 140.6109739, 38.0047537 ], [ 140.6109361, 38.0049244 ], [ 140.6109114, 38.0050213 ], [ 140.6108858, 38.0051066 ], [ 140.6107653, 38.0054451 ], [ 140.6105714, 38.0061495 ], [ 140.610509, 38.0064438 ], [ 140.6104441, 38.0067656 ], [ 140.6104042, 38.0072645 ], [ 140.6104391, 38.0077659 ], [ 140.6104616, 38.0080204 ], [ 140.610529, 38.0082972 ], [ 140.6106339, 38.008649 ], [ 140.6108585, 38.0091104 ], [ 140.6110782, 38.0094746 ], [ 140.6113728, 38.0098688 ], [ 140.6117198, 38.0102404 ], [ 140.6120843, 38.0106096 ], [ 140.6122341, 38.0107693 ], [ 140.6123202, 38.0108616 ], [ 140.6125196, 38.0110254 ], [ 140.612774, 38.0112619 ], [ 140.6129485, 38.0114033 ], [ 140.6133344, 38.0117094 ], [ 140.6137829, 38.012046 ], [ 140.6141062, 38.0122638 ], [ 140.6143223, 38.0124281 ], [ 140.614522, 38.0125678 ], [ 140.6148667, 38.0128064 ], [ 140.615218, 38.0130179 ], [ 140.6156044, 38.0132693 ], [ 140.6158981, 38.0134604 ], [ 140.6164934, 38.0138477 ], [ 140.6166957, 38.0139816 ], [ 140.6171499, 38.0142825 ], [ 140.6174199, 38.014455 ], [ 140.6176446, 38.0146118 ], [ 140.6180139, 38.0148787 ], [ 140.6184932, 38.015238 ], [ 140.6189725, 38.0156181 ], [ 140.6195062, 38.0160786 ], [ 140.6198881, 38.0164455 ], [ 140.6200904, 38.0166497 ], [ 140.6203572, 38.016919 ], [ 140.620797, 38.0173903 ], [ 140.620971, 38.0175882 ], [ 140.6212255, 38.0179123 ], [ 140.6214421, 38.0182066 ], [ 140.6216653, 38.0185112 ], [ 140.6218754, 38.0187846 ], [ 140.6221927, 38.0192379 ], [ 140.6224186, 38.0195685 ], [ 140.622626, 38.0199071 ], [ 140.6231283, 38.020683 ], [ 140.6234003, 38.021094 ], [ 140.6236059, 38.0213897 ], [ 140.623772, 38.0216125 ], [ 140.6239284, 38.0217824 ], [ 140.6241031, 38.0219869 ], [ 140.624324, 38.0222794 ], [ 140.6245116, 38.0224763 ], [ 140.6246671, 38.0226535 ], [ 140.6248707, 38.0228593 ], [ 140.6250476, 38.0230216 ], [ 140.6251737, 38.0231459 ], [ 140.6255436, 38.0234951 ], [ 140.626215, 38.0239675 ], [ 140.6264547, 38.024192 ], [ 140.6270638, 38.0247658 ], [ 140.6272785, 38.0249603 ], [ 140.6275082, 38.0251699 ], [ 140.627807, 38.0254793 ], [ 140.6281274, 38.025758 ], [ 140.6283221, 38.0259841 ], [ 140.6284168, 38.0261135 ], [ 140.6285695, 38.0263365 ], [ 140.6287113, 38.0265695 ], [ 140.6289688, 38.0269938 ], [ 140.6292819, 38.027701 ], [ 140.6294263, 38.0280108 ], [ 140.6296599, 38.0284997 ], [ 140.6298892, 38.0288258 ], [ 140.6300472, 38.029006 ], [ 140.630293, 38.0292711 ], [ 140.6304046, 38.0293856 ], [ 140.6306032, 38.0295615 ], [ 140.6309183, 38.0297932 ], [ 140.6312762, 38.0300068 ], [ 140.6320213, 38.0304494 ], [ 140.6322595, 38.0306091 ], [ 140.6328701, 38.0309547 ], [ 140.6331951, 38.0311387 ], [ 140.6333629, 38.0312439 ], [ 140.633635, 38.0314147 ], [ 140.6340453, 38.0316751 ], [ 140.6345379, 38.0320132 ], [ 140.6350215, 38.0323321 ], [ 140.6359703, 38.0329651 ], [ 140.6364421, 38.0333287 ], [ 140.6377115, 38.0343124 ], [ 140.638475, 38.0348693 ], [ 140.6388101, 38.0350905 ], [ 140.6392473, 38.0353865 ], [ 140.6396784, 38.0356541 ], [ 140.6401975, 38.0359695 ], [ 140.6403808, 38.0360592 ], [ 140.640548, 38.0361679 ], [ 140.6414616, 38.0366593 ], [ 140.6417063, 38.0367716 ], [ 140.6421107, 38.0369587 ], [ 140.643135, 38.0374409 ], [ 140.6438827, 38.0378169 ], [ 140.6439852, 38.0378661 ], [ 140.6441136, 38.0379278 ], [ 140.64502, 38.0383836 ], [ 140.6451839, 38.0384661 ], [ 140.6470865, 38.0394842 ], [ 140.6473012, 38.0395991 ], [ 140.649596, 38.0409028 ], [ 140.6497954, 38.0409987 ], [ 140.650264, 38.0412728 ], [ 140.6508916, 38.0416807 ], [ 140.6514442, 38.0420437 ], [ 140.6516905, 38.0422045 ], [ 140.6523025, 38.042554 ], [ 140.6527118, 38.0428126 ], [ 140.6531041, 38.0430032 ], [ 140.6536664, 38.0432522 ], [ 140.6543871, 38.0435536 ], [ 140.6548858, 38.0437161 ], [ 140.6556247, 38.0439456 ], [ 140.6561779, 38.0441122 ], [ 140.6567222, 38.0442327 ], [ 140.6571592, 38.044311 ], [ 140.6577145, 38.0443957 ], [ 140.6584943, 38.0444824 ], [ 140.6594092, 38.0445293 ], [ 140.6602631, 38.044567 ], [ 140.6610461, 38.0445642 ], [ 140.6617362, 38.044523 ], [ 140.6625694, 38.044486 ], [ 140.6631552, 38.0444447 ], [ 140.6637183, 38.0443829 ], [ 140.6640588, 38.0443486 ], [ 140.6645853, 38.0442843 ], [ 140.6652812, 38.0442025 ], [ 140.6661943, 38.0440553 ], [ 140.6666627, 38.0439665 ], [ 140.6669619, 38.0439229 ], [ 140.6673875, 38.0438058 ], [ 140.667782, 38.0436911 ], [ 140.6680715, 38.0436112 ], [ 140.668578, 38.043444 ], [ 140.6698878, 38.0429031 ], [ 140.6702733, 38.0427631 ], [ 140.6705429, 38.0426533 ], [ 140.6708644, 38.0425408 ], [ 140.6716903, 38.0422255 ], [ 140.6720105, 38.0421016 ], [ 140.6724865, 38.0419258 ], [ 140.6731891, 38.0416356 ], [ 140.6737433, 38.041411 ], [ 140.6755736, 38.0406637 ], [ 140.6765328, 38.0403932 ], [ 140.6781248, 38.0401807 ], [ 140.6795721, 38.0399538 ], [ 140.6845314, 38.0387805 ], [ 140.6853072, 38.038623 ], [ 140.6860771, 38.038465 ], [ 140.6864056, 38.0383966 ], [ 140.6868733, 38.0383189 ], [ 140.6871723, 38.0382794 ], [ 140.6879198, 38.0382286 ], [ 140.6886393, 38.0382005 ], [ 140.6895713, 38.0381721 ], [ 140.6914009, 38.0381613 ], [ 140.6924758, 38.0381499 ], [ 140.692791, 38.0381382 ], [ 140.6935934, 38.0381219 ], [ 140.6945037, 38.0380724 ], [ 140.6953168, 38.0380433 ], [ 140.6965072, 38.0380137 ], [ 140.6984688, 38.0380282 ], [ 140.6999528, 38.0380209 ], [ 140.7002485, 38.0380209 ], [ 140.7005009, 38.0380253 ], [ 140.7009598, 38.0380932 ], [ 140.7012984, 38.0381848 ], [ 140.7016663, 38.0382571 ], [ 140.7021432, 38.0383923 ], [ 140.7025204, 38.038522 ], [ 140.7028979, 38.038674 ], [ 140.703161, 38.0388204 ], [ 140.7035696, 38.0390587 ], [ 140.7044141, 38.0396148 ], [ 140.7048536, 38.0398911 ], [ 140.7052752, 38.0401331 ], [ 140.7060639, 38.0405883 ], [ 140.7064175, 38.0407906 ], [ 140.7066051, 38.0408939 ], [ 140.7067489, 38.0409892 ], [ 140.7072469, 38.0413159 ], [ 140.7074896, 38.0414753 ], [ 140.7075363, 38.0415059 ], [ 140.7076456, 38.0415751 ], [ 140.7077802, 38.0416614 ], [ 140.7080231, 38.0418173 ], [ 140.7084359, 38.0420709 ], [ 140.7086677, 38.042211 ], [ 140.7108205, 38.0435286 ], [ 140.7115045, 38.0439302 ], [ 140.712211, 38.0442844 ], [ 140.7128101, 38.0445912 ], [ 140.7130435, 38.044686 ], [ 140.7133156, 38.0447982 ], [ 140.7138723, 38.0449953 ], [ 140.7145214, 38.0451824 ], [ 140.7148509, 38.0452722 ], [ 140.7151155, 38.0453196 ], [ 140.7157995, 38.0454543 ], [ 140.7162314, 38.0455241 ], [ 140.7165509, 38.0455665 ], [ 140.7177442, 38.0457336 ], [ 140.7189412, 38.0458309 ], [ 140.7197741, 38.0458733 ], [ 140.7205826, 38.0459618 ], [ 140.7218486, 38.0460592 ], [ 140.722438, 38.0461046 ], [ 140.7228093, 38.0461479 ], [ 140.7231806, 38.0462042 ], [ 140.7234411, 38.0462515 ], [ 140.7236274, 38.0462967 ], [ 140.7237624, 38.0463318 ], [ 140.7238921, 38.0463655 ], [ 140.7245633, 38.0466094 ], [ 140.7247796, 38.0467092 ], [ 140.7249979, 38.0468247 ], [ 140.7250383, 38.0468491 ], [ 140.7252512, 38.0469781 ], [ 140.7255548, 38.0471618 ], [ 140.725832, 38.0473639 ], [ 140.7261319, 38.0476113 ], [ 140.7264652, 38.0479185 ], [ 140.7267652, 38.0482407 ], [ 140.7274283, 38.0490051 ], [ 140.7275844, 38.0491887 ], [ 140.7283666, 38.0500971 ], [ 140.7299376, 38.051931 ], [ 140.7299772, 38.0519773 ], [ 140.7307122, 38.0528504 ], [ 140.7319987, 38.054314 ], [ 140.7333651, 38.0558828 ], [ 140.7348489, 38.0575863 ], [ 140.7349885, 38.057742 ], [ 140.7354994, 38.0583278 ], [ 140.7356574, 38.0585089 ], [ 140.7364152, 38.0593724 ], [ 140.7369813, 38.0599911 ], [ 140.7372729, 38.0602861 ], [ 140.7375296, 38.0605114 ], [ 140.7378307, 38.0607586 ], [ 140.7380282, 38.060909 ], [ 140.7382382, 38.0610708 ], [ 140.7386051, 38.0612865 ], [ 140.7390195, 38.061531 ], [ 140.7394339, 38.0617705 ], [ 140.7397925, 38.0619708 ], [ 140.740141, 38.0621153 ], [ 140.7405208, 38.0622594 ], [ 140.7410064, 38.0624413 ], [ 140.7414003, 38.0625469 ], [ 140.7416824, 38.0626075 ], [ 140.7419116, 38.0626445 ], [ 140.7420647, 38.0626672 ], [ 140.7424172, 38.0627052 ], [ 140.7428339, 38.0627383 ], [ 140.7432383, 38.0627383 ], [ 140.7436373, 38.0627259 ], [ 140.7440372, 38.0626656 ], [ 140.7444234, 38.062589 ], [ 140.7447603, 38.0624984 ], [ 140.7450403, 38.0624112 ], [ 140.745274, 38.0623259 ], [ 140.745647, 38.0621804 ], [ 140.7459374, 38.0620525 ], [ 140.7461492, 38.0619601 ], [ 140.7466983, 38.0616856 ], [ 140.7475749, 38.0612487 ], [ 140.7481412, 38.0609821 ], [ 140.7486005, 38.0607826 ], [ 140.7491947, 38.060563 ], [ 140.7497781, 38.0603999 ], [ 140.7500321, 38.0603248 ], [ 140.7502696, 38.0602546 ], [ 140.7506658, 38.0601656 ], [ 140.7510211, 38.0601034 ], [ 140.751503, 38.0600374 ], [ 140.751875, 38.0600027 ], [ 140.7522794, 38.0599851 ], [ 140.7529304, 38.0599678 ], [ 140.7531143, 38.0599629 ], [ 140.7536987, 38.0599538 ], [ 140.7542024, 38.0599344 ], [ 140.7545668, 38.0599344 ], [ 140.7550561, 38.0599843 ], [ 140.7557351, 38.0600691 ], [ 140.7563808, 38.0602242 ], [ 140.7567287, 38.0602812 ], [ 140.757251, 38.0604672 ], [ 140.7575125, 38.060573 ], [ 140.7578279, 38.0607018 ], [ 140.7580817, 38.0608074 ], [ 140.7585211, 38.061002 ], [ 140.7590821, 38.061302 ], [ 140.7595463, 38.0615984 ], [ 140.7598463, 38.0618156 ], [ 140.7602977, 38.0621862 ], [ 140.7610065, 38.0627941 ], [ 140.7611415, 38.0629077 ], [ 140.7612138, 38.0629684 ], [ 140.7613555, 38.0630929 ], [ 140.761693, 38.0633351 ], [ 140.7619293, 38.063524 ], [ 140.7624888, 38.0639501 ], [ 140.7628594, 38.0642408 ], [ 140.7630633, 38.0644009 ], [ 140.763347, 38.0646484 ], [ 140.7635993, 38.0648741 ], [ 140.7641116, 38.0652787 ], [ 140.7643288, 38.0654227 ], [ 140.7644427, 38.0655099 ], [ 140.7646725, 38.0656587 ], [ 140.7648961, 38.0657878 ], [ 140.7650561, 38.0658662 ], [ 140.765302, 38.0659937 ], [ 140.7653911, 38.0660339 ], [ 140.7657484, 38.0661834 ], [ 140.7662024, 38.066342 ], [ 140.7664976, 38.0664233 ], [ 140.7668198, 38.0664973 ], [ 140.7671645, 38.0665628 ], [ 140.7675625, 38.0666206 ], [ 140.7679721, 38.0666589 ], [ 140.7682863, 38.0666704 ], [ 140.7686373, 38.0666781 ], [ 140.7690995, 38.0666608 ], [ 140.769271, 38.0666544 ], [ 140.7695791, 38.0666345 ], [ 140.7697451, 38.0666167 ], [ 140.7699501, 38.0665947 ], [ 140.7703687, 38.0665497 ], [ 140.7707935, 38.0664839 ], [ 140.7713145, 38.0663888 ], [ 140.7714836, 38.0663633 ], [ 140.7718323, 38.0663033 ], [ 140.7724564, 38.0661903 ], [ 140.7733209, 38.0660472 ], [ 140.7736191, 38.06599 ], [ 140.7741491, 38.0659047 ], [ 140.7744479, 38.0658645 ], [ 140.7748, 38.0658341 ], [ 140.7750349, 38.0658173 ], [ 140.7752622, 38.0658011 ], [ 140.7763329, 38.0657804 ], [ 140.7765254, 38.0657765 ], [ 140.7771092, 38.0657708 ], [ 140.7778208, 38.0658074 ], [ 140.7784289, 38.0658763 ], [ 140.7785459, 38.065893 ], [ 140.7790809, 38.0659988 ], [ 140.7795289, 38.0661177 ], [ 140.7801944, 38.066342 ], [ 140.7805166, 38.0664538 ], [ 140.7811225, 38.0666901 ], [ 140.7812737, 38.0667491 ], [ 140.7817456, 38.0669663 ], [ 140.7822003, 38.0671792 ], [ 140.782364, 38.0672576 ], [ 140.78253, 38.0673372 ], [ 140.7833662, 38.0677507 ], [ 140.7849392, 38.0685539 ], [ 140.7862409, 38.069217 ], [ 140.7866296, 38.069401 ], [ 140.7870149, 38.0695562 ], [ 140.7873602, 38.0696673 ], [ 140.7876791, 38.0697476 ], [ 140.7879665, 38.0698029 ], [ 140.788361, 38.0698673 ], [ 140.7886897, 38.0699096 ], [ 140.7891384, 38.0699521 ], [ 140.7895094, 38.0699804 ], [ 140.7901597, 38.0700098 ], [ 140.7906353, 38.0699818 ], [ 140.7909945, 38.0699523 ], [ 140.7914381, 38.0698976 ], [ 140.7917078, 38.0698557 ], [ 140.7921173, 38.0697723 ], [ 140.7925851, 38.0696787 ], [ 140.7933048, 38.0695995 ], [ 140.7938573, 38.0695918 ], [ 140.7942393, 38.0696093 ], [ 140.7949454, 38.0696859 ], [ 140.7951793, 38.0697207 ], [ 140.7953512, 38.0697492 ], [ 140.7956385, 38.0698031 ], [ 140.795748, 38.0698255 ], [ 140.795946, 38.0698659 ], [ 140.7963776, 38.0699667 ], [ 140.7972763, 38.0702189 ], [ 140.7983963, 38.0706 ], [ 140.7990151, 38.0707728 ], [ 140.7992945, 38.0708428 ], [ 140.799793, 38.0709567 ], [ 140.7998641, 38.0709653 ], [ 140.8000333, 38.0709862 ], [ 140.800249, 38.0710127 ], [ 140.800548, 38.0710495 ], [ 140.8007972, 38.0710636 ], [ 140.8013172, 38.0710564 ], [ 140.8017945, 38.0710136 ], [ 140.8023397, 38.0709164 ], [ 140.8025802, 38.0708542 ], [ 140.8028512, 38.0707678 ], [ 140.8029969, 38.0707178 ], [ 140.8032763, 38.0706219 ], [ 140.8037576, 38.0704379 ], [ 140.8038808, 38.0703908 ], [ 140.8042873, 38.0702375 ], [ 140.8048431, 38.0700881 ], [ 140.8053876, 38.0699882 ], [ 140.8056457, 38.0699408 ], [ 140.8060698, 38.069885 ], [ 140.8065092, 38.0698422 ], [ 140.8067256, 38.0698347 ], [ 140.8070299, 38.0698244 ], [ 140.8073895, 38.0698386 ], [ 140.8076923, 38.0698597 ], [ 140.8080958, 38.0699125 ], [ 140.8082948, 38.0699487 ], [ 140.8087906, 38.0700544 ], [ 140.8091424, 38.0701472 ], [ 140.809696, 38.0703186 ], [ 140.8101475, 38.0704933 ], [ 140.8103847, 38.0705866 ], [ 140.8110824, 38.0709213 ], [ 140.8115811, 38.0711916 ], [ 140.8118643, 38.071363 ], [ 140.8120844, 38.0715399 ], [ 140.8131458, 38.0723744 ], [ 140.8135107, 38.0726912 ], [ 140.8140028, 38.0731182 ], [ 140.8146527, 38.0737746 ], [ 140.8149062, 38.0740679 ], [ 140.815132, 38.0743535 ], [ 140.8156329, 38.0749554 ], [ 140.8157515, 38.0751102 ], [ 140.8167004, 38.0762926 ], [ 140.8170746, 38.0767565 ], [ 140.8174021, 38.0771838 ], [ 140.8178754, 38.0777567 ], [ 140.8181906, 38.078145 ], [ 140.8183762, 38.0783521 ], [ 140.8186585, 38.0786707 ], [ 140.8189371, 38.0789551 ], [ 140.8192963, 38.0792888 ], [ 140.8195214, 38.0794799 ], [ 140.8205135, 38.080307 ], [ 140.8210849, 38.0807657 ], [ 140.8220986, 38.0815795 ], [ 140.8235149, 38.0827346 ], [ 140.8243059, 38.083327 ], [ 140.8245748, 38.0835284 ], [ 140.8249459, 38.0837777 ], [ 140.8250525, 38.0838454 ], [ 140.8255422, 38.0841569 ], [ 140.8259886, 38.0843827 ], [ 140.8264173, 38.0845683 ], [ 140.8268171, 38.0847306 ], [ 140.8272051, 38.084858 ], [ 140.8275121, 38.084945 ], [ 140.8279381, 38.0850347 ], [ 140.8321194, 38.0858024 ], [ 140.8333675, 38.086043 ], [ 140.835756, 38.0865343 ], [ 140.8375067, 38.0868976 ], [ 140.838336, 38.0870832 ], [ 140.839215, 38.0872637 ], [ 140.840781, 38.0876023 ], [ 140.8417011, 38.0877907 ], [ 140.8429275, 38.0880462 ], [ 140.8442212, 38.0883306 ], [ 140.8453346, 38.0885702 ], [ 140.8471149, 38.0889551 ], [ 140.8485096, 38.089267 ], [ 140.8505464, 38.0897212 ], [ 140.8514061, 38.0899189 ], [ 140.8530484, 38.0902766 ], [ 140.854864, 38.090676 ], [ 140.8559693, 38.0909252 ], [ 140.856427, 38.0910689 ], [ 140.8571219, 38.0913007 ], [ 140.8576845, 38.0915015 ], [ 140.8579775, 38.0916151 ], [ 140.8582535, 38.0917313 ], [ 140.8585552, 38.0918713 ], [ 140.8589358, 38.0920724 ], [ 140.8593249, 38.0922824 ], [ 140.8596748, 38.0925009 ], [ 140.8599766, 38.0927065 ], [ 140.8602313, 38.0928879 ], [ 140.8605671, 38.0931331 ], [ 140.8610784, 38.0935308 ], [ 140.8620309, 38.0943266 ], [ 140.8629608, 38.0951117 ], [ 140.8632598, 38.0953684 ], [ 140.8639186, 38.0959456 ], [ 140.8647094, 38.0966121 ], [ 140.8657264, 38.0974902 ], [ 140.8661826, 38.0978623 ], [ 140.8667018, 38.0983225 ], [ 140.867411, 38.0989272 ], [ 140.8681672, 38.0995911 ], [ 140.8685328, 38.0999054 ], [ 140.8689886, 38.100293 ], [ 140.869176, 38.1004303 ], [ 140.8694014, 38.100607 ], [ 140.8698583, 38.1009719 ], [ 140.8702794, 38.1013334 ], [ 140.8705817, 38.1016358 ], [ 140.8708395, 38.1019372 ], [ 140.8711078, 38.1022549 ], [ 140.8713268, 38.1025428 ], [ 140.871502, 38.1028307 ], [ 140.8716792, 38.1031852 ], [ 140.8725164, 38.1051011 ], [ 140.872959, 38.1061236 ], [ 140.873423, 38.1071862 ], [ 140.8739156, 38.1083262 ], [ 140.8743508, 38.1092943 ], [ 140.8746128, 38.1098933 ], [ 140.8748371, 38.1103593 ], [ 140.8750355, 38.1108115 ], [ 140.8754674, 38.111777 ], [ 140.8758741, 38.1126726 ], [ 140.8762666, 38.1135678 ], [ 140.876328, 38.1137217 ], [ 140.8763423, 38.1140056 ], [ 140.8763669, 38.1145917 ], [ 140.8763686, 38.1147402 ], [ 140.8763719, 38.1150192 ], [ 140.8763569, 38.1152709 ], [ 140.8763241, 38.1155001 ], [ 140.876274, 38.1156853 ], [ 140.8762402, 38.11581 ], [ 140.876113, 38.1161745 ], [ 140.8759384, 38.1166212 ], [ 140.8756361, 38.1173977 ], [ 140.8755438, 38.1176311 ], [ 140.8751631, 38.1186445 ], [ 140.8750355, 38.1189794 ], [ 140.874571, 38.1201932 ], [ 140.8737217, 38.1224685 ], [ 140.8735207, 38.1230028 ], [ 140.8732946, 38.1236389 ], [ 140.8732629, 38.123802 ], [ 140.8732376, 38.1240536 ], [ 140.8732269, 38.1242763 ], [ 140.8732435, 38.1247087 ], [ 140.8733033, 38.1250259 ], [ 140.8735034, 38.1257374 ], [ 140.8738007, 38.1267264 ], [ 140.8739038, 38.1270686 ], [ 140.8739471, 38.1272125 ], [ 140.874004, 38.1273727 ], [ 140.8741396, 38.1277689 ], [ 140.8745117, 38.1289416 ], [ 140.8746613, 38.1293958 ], [ 140.8747519, 38.1296474 ], [ 140.8748474, 38.1298763 ], [ 140.8750156, 38.130223 ], [ 140.8753167, 38.1308645 ], [ 140.8759766, 38.132184 ], [ 140.8765187, 38.133326 ], [ 140.8777265, 38.1358607 ], [ 140.8787287, 38.1379726 ], [ 140.87963, 38.1398632 ], [ 140.8798318, 38.140272 ], [ 140.8805166, 38.1416592 ], [ 140.881253, 38.1432289 ], [ 140.8815834, 38.1439295 ], [ 140.882135, 38.145087 ], [ 140.8825387, 38.145931 ], [ 140.883035, 38.146973 ], [ 140.8834807, 38.1479292 ], [ 140.8839582, 38.1489393 ], [ 140.8844278, 38.1499627 ], [ 140.884885, 38.1509015 ], [ 140.8861588, 38.1536069 ], [ 140.8862343, 38.1537647 ], [ 140.886439, 38.1541729 ], [ 140.8868054, 38.155076 ], [ 140.887317, 38.1561566 ], [ 140.8877445, 38.1570471 ], [ 140.8883884, 38.1584229 ], [ 140.8887143, 38.1590953 ], [ 140.8891079, 38.1599112 ], [ 140.8891748, 38.1601147 ], [ 140.8893663, 38.1605682 ], [ 140.8894746, 38.1608501 ], [ 140.8895089, 38.1610652 ], [ 140.8895266, 38.1613674 ], [ 140.8895724, 38.1618557 ], [ 140.889621, 38.1624176 ], [ 140.8897078, 38.1636791 ], [ 140.8898047, 38.1654512 ], [ 140.8898828, 38.1670212 ], [ 140.8899633, 38.1696404 ], [ 140.8901125, 38.1722371 ], [ 140.8901607, 38.1730628 ], [ 140.8902543, 38.1746331 ], [ 140.8904243, 38.1774778 ], [ 140.8904993, 38.1789415 ], [ 140.890553, 38.1798331 ], [ 140.8905601, 38.179931 ], [ 140.8906802, 38.1819214 ], [ 140.8907822, 38.1836996 ], [ 140.8909009, 38.1857466 ], [ 140.890948, 38.1866164 ], [ 140.8910175, 38.1877883 ], [ 140.8911634, 38.1901217 ], [ 140.8912939, 38.1920727 ], [ 140.8914217, 38.1940845 ], [ 140.8914902, 38.1952753 ], [ 140.8915623, 38.1963522 ], [ 140.8915718, 38.1964972 ], [ 140.8916355, 38.1974664 ], [ 140.8917034, 38.1985014 ], [ 140.8918878, 38.2015912 ], [ 140.8919713, 38.203197 ], [ 140.892096, 38.2047293 ], [ 140.8922873, 38.2083254 ], [ 140.8923396, 38.2091326 ], [ 140.8923568, 38.209597 ], [ 140.8923992, 38.2100782 ], [ 140.8925386, 38.2120199 ], [ 140.8925714, 38.2127446 ], [ 140.8926069, 38.2132915 ], [ 140.8926622, 38.2137135 ], [ 140.8927164, 38.2139757 ], [ 140.8928039, 38.2143426 ], [ 140.8929425, 38.2148535 ], [ 140.893056, 38.2152266 ], [ 140.8930975, 38.2153632 ], [ 140.8932533, 38.2158043 ], [ 140.8934775, 38.2163671 ], [ 140.89371, 38.2168459 ], [ 140.8938836, 38.2171648 ], [ 140.8942264, 38.2177398 ], [ 140.894589, 38.2182609 ], [ 140.8948661, 38.2186303 ], [ 140.8951418, 38.2189539 ], [ 140.8957175, 38.2196208 ], [ 140.895941, 38.2198817 ], [ 140.8965435, 38.2205564 ], [ 140.8968971, 38.2209285 ], [ 140.8974262, 38.2214859 ], [ 140.8975695, 38.2216365 ], [ 140.8978778, 38.2219562 ], [ 140.8984729, 38.2225602 ], [ 140.89949, 38.2235928 ], [ 140.900365, 38.2244812 ], [ 140.9012876, 38.2253911 ], [ 140.90273, 38.2268463 ], [ 140.9037245, 38.2278482 ], [ 140.9040963, 38.2282475 ], [ 140.9050377, 38.229264 ], [ 140.9060573, 38.2303161 ], [ 140.9073302, 38.2316239 ], [ 140.9083776, 38.2326505 ], [ 140.9089094, 38.233138 ], [ 140.9093419, 38.2334774 ], [ 140.9095958, 38.2336766 ], [ 140.9104894, 38.234312 ], [ 140.9117805, 38.2352568 ], [ 140.9128817, 38.2360672 ], [ 140.9143497, 38.237182 ], [ 140.9166076, 38.2389169 ], [ 140.9176528, 38.2397378 ], [ 140.918138, 38.2401599 ], [ 140.9183226, 38.2403205 ], [ 140.9187536, 38.2406821 ], [ 140.9202, 38.2419799 ], [ 140.9214142, 38.2431279 ], [ 140.9216512, 38.243373 ], [ 140.922333, 38.2441139 ], [ 140.9229944, 38.2448826 ], [ 140.9238633, 38.2460433 ], [ 140.9247357, 38.2472474 ], [ 140.9254292, 38.2481273 ], [ 140.926501, 38.2493277 ], [ 140.9275898, 38.2504092 ], [ 140.9283821, 38.2511791 ], [ 140.9285533, 38.2513406 ], [ 140.9291885, 38.2518465 ], [ 140.9297675, 38.2523071 ], [ 140.9306745, 38.2529651 ], [ 140.9320681, 38.253934 ], [ 140.9330075, 38.2545619 ], [ 140.9343194, 38.2554637 ], [ 140.9347052, 38.2558106 ], [ 140.9355545, 38.2566589 ], [ 140.9357517, 38.256859 ], [ 140.9358661, 38.2569751 ], [ 140.9364783, 38.257612 ], [ 140.9369598, 38.2582003 ], [ 140.9374525, 38.2591023 ], [ 140.9376659, 38.2596767 ], [ 140.9377161, 38.2598622 ], [ 140.9378981, 38.2607033 ], [ 140.9379323, 38.2610981 ], [ 140.9379505, 38.2613084 ], [ 140.9380473, 38.2626788 ], [ 140.9381804, 38.264073 ], [ 140.9382364, 38.264745 ], [ 140.9383459, 38.2660986 ], [ 140.9383804, 38.2665452 ], [ 140.9384334, 38.2674222 ], [ 140.9384723, 38.2678985 ], [ 140.9384868, 38.2680644 ], [ 140.9385087, 38.2682969 ], [ 140.9385148, 38.2684046 ], [ 140.9385215, 38.2684677 ], [ 140.9385343, 38.2685363 ], [ 140.9385452, 38.2687602 ], [ 140.9385626, 38.2690341 ], [ 140.9385821, 38.2693146 ], [ 140.938629, 38.2700771 ], [ 140.9386401, 38.2703598 ], [ 140.9386557, 38.2705777 ], [ 140.9386857, 38.2711208 ], [ 140.9387093, 38.2714093 ], [ 140.9387237, 38.2716954 ], [ 140.938781, 38.2725063 ], [ 140.9388136, 38.2734357 ], [ 140.9388296, 38.2738913 ], [ 140.9388382, 38.2739965 ], [ 140.9388257, 38.2741693 ], [ 140.9388079, 38.2743671 ], [ 140.9387874, 38.2746324 ], [ 140.9387669, 38.2748196 ], [ 140.9387441, 38.2749882 ], [ 140.9387335, 38.2750542 ], [ 140.9387079, 38.2751887 ], [ 140.9386886, 38.2753264 ], [ 140.9386639, 38.2755014 ], [ 140.9386407, 38.2756382 ], [ 140.9384281, 38.2769538 ], [ 140.9384012, 38.277076 ], [ 140.9383657, 38.277237 ], [ 140.9383499, 38.2773184 ], [ 140.9383112, 38.2775251 ], [ 140.9382885, 38.2776782 ], [ 140.9382651, 38.277854 ], [ 140.9382445, 38.2780268 ], [ 140.9382301, 38.2781467 ], [ 140.9381865, 38.2785751 ], [ 140.9381518, 38.2789965 ], [ 140.9381501, 38.2793415 ], [ 140.9381585, 38.2798298 ], [ 140.938263, 38.280777 ], [ 140.9384693, 38.2822392 ], [ 140.9384952, 38.2825006 ], [ 140.9385236, 38.2828028 ], [ 140.9385454, 38.2830998 ], [ 140.9385536, 38.283322 ], [ 140.9385593, 38.2834856 ], [ 140.9385643, 38.283657 ], [ 140.9385546, 38.2838717 ], [ 140.9385432, 38.28401 ], [ 140.9385246, 38.2841906 ], [ 140.9384863, 38.2844381 ], [ 140.9384024, 38.2848767 ], [ 140.9382875, 38.2853592 ], [ 140.9382376, 38.2855283 ], [ 140.9382054, 38.2856374 ], [ 140.9381579, 38.2857814 ], [ 140.9381227, 38.2858847 ], [ 140.9380615, 38.2860644 ], [ 140.9379452, 38.2863633 ], [ 140.9378301, 38.2865966 ], [ 140.9377368, 38.2867847 ], [ 140.9375199, 38.2872169 ], [ 140.9374349, 38.2873611 ], [ 140.9373512, 38.2875061 ], [ 140.9372068, 38.2877397 ], [ 140.9370696, 38.2879375 ], [ 140.9369517, 38.2881 ], [ 140.936844, 38.2882389 ], [ 140.9366771, 38.2884391 ], [ 140.936486, 38.2886683 ], [ 140.9359649, 38.2892342 ], [ 140.9356377, 38.2895298 ], [ 140.9355038, 38.2896351 ], [ 140.9346354, 38.2903441 ], [ 140.9342333, 38.290676 ], [ 140.9339723, 38.2908909 ], [ 140.9338457, 38.2909963 ], [ 140.9336981, 38.2911368 ], [ 140.933344, 38.2914859 ], [ 140.9331795, 38.2916578 ], [ 140.9330513, 38.2917934 ], [ 140.932957, 38.2918932 ], [ 140.932658, 38.2922739 ], [ 140.9323702, 38.2926622 ], [ 140.9319367, 38.2933098 ], [ 140.9318292, 38.29348 ], [ 140.9317877, 38.2935464 ], [ 140.9316508, 38.293748 ], [ 140.9315658, 38.2938641 ], [ 140.9313711, 38.2941391 ], [ 140.9311156, 38.2944639 ], [ 140.9308919, 38.2947503 ], [ 140.9307852, 38.2948716 ], [ 140.9307255, 38.2949409 ], [ 140.9306341, 38.2950423 ], [ 140.9305061, 38.2951755 ], [ 140.9302443, 38.2954022 ], [ 140.9301088, 38.2955219 ], [ 140.9299779, 38.2956297 ], [ 140.9297288, 38.2958311 ], [ 140.9295868, 38.2959489 ], [ 140.9294027, 38.2960925 ], [ 140.9292049, 38.2962519 ], [ 140.9288293, 38.29654 ], [ 140.9285872, 38.2967105 ], [ 140.9283993, 38.29684 ], [ 140.928234, 38.2969611 ], [ 140.9281163, 38.2970304 ], [ 140.9275941, 38.2973494 ], [ 140.9266376, 38.2979016 ], [ 140.9261644, 38.2981809 ], [ 140.9257725, 38.2984205 ], [ 140.9255015, 38.2985784 ], [ 140.9250439, 38.2988625 ], [ 140.9247672, 38.2990491 ], [ 140.9244016, 38.2993089 ], [ 140.924238, 38.2994269 ], [ 140.9241136, 38.2995134 ], [ 140.9239247, 38.2996647 ], [ 140.923783, 38.2997661 ], [ 140.9235031, 38.2999911 ], [ 140.923076, 38.3003344 ], [ 140.9227666, 38.3005863 ], [ 140.9222582, 38.3009997 ], [ 140.9210096, 38.3020067 ], [ 140.9205516, 38.3023496 ], [ 140.9203004, 38.3025261 ], [ 140.9201599, 38.3026248 ], [ 140.9199088, 38.3027793 ], [ 140.9197154, 38.3028831 ], [ 140.919337, 38.3030867 ], [ 140.9186456, 38.3034128 ], [ 140.91789, 38.3037142 ], [ 140.917213, 38.3039539 ], [ 140.9167047, 38.30411 ], [ 140.9165669, 38.3041523 ], [ 140.9161969, 38.3042492 ], [ 140.915963, 38.3043039 ], [ 140.915743, 38.3043487 ], [ 140.9156395, 38.304358 ], [ 140.9152804, 38.3044096 ], [ 140.9151699, 38.3044281 ], [ 140.9150405, 38.3044481 ], [ 140.9143632, 38.3045226 ], [ 140.9135223, 38.3046314 ], [ 140.9130987, 38.3046679 ], [ 140.9120975, 38.3047445 ], [ 140.9119243, 38.3047551 ], [ 140.911226, 38.3047904 ], [ 140.9109609, 38.3048068 ], [ 140.9106963, 38.3048206 ], [ 140.9104245, 38.3048369 ], [ 140.9098259, 38.3049324 ], [ 140.9094947, 38.3049893 ], [ 140.9089833, 38.3050743 ], [ 140.9086191, 38.3051654 ], [ 140.9083832, 38.3052383 ], [ 140.9079041, 38.3054045 ], [ 140.9070318, 38.3057568 ], [ 140.9063107, 38.3060765 ], [ 140.905956, 38.3062454 ], [ 140.905729, 38.3063677 ], [ 140.9055754, 38.3064521 ], [ 140.9053565, 38.3066038 ], [ 140.9048684, 38.3069413 ], [ 140.9044837, 38.307219 ], [ 140.9041751, 38.3074568 ], [ 140.9036842, 38.3079069 ], [ 140.9035643, 38.3080325 ], [ 140.9033438, 38.3082922 ], [ 140.9031481, 38.3085094 ], [ 140.9029881, 38.3087366 ], [ 140.9027764, 38.3090366 ], [ 140.90257, 38.3093554 ], [ 140.9024686, 38.3095335 ], [ 140.902353, 38.3097379 ], [ 140.9022942, 38.3098471 ], [ 140.9021422, 38.310179 ], [ 140.9019602, 38.3106218 ], [ 140.901815, 38.3109852 ], [ 140.9017138, 38.3113263 ], [ 140.90169, 38.3114285 ], [ 140.9016147, 38.3116949 ], [ 140.9014912, 38.3122293 ], [ 140.9013508, 38.3127782 ], [ 140.9013249, 38.3129315 ], [ 140.9012491, 38.3133193 ], [ 140.9012048, 38.3135538 ], [ 140.9011332, 38.3139324 ], [ 140.9010027, 38.3146593 ], [ 140.9009083, 38.3150329 ], [ 140.9008229, 38.315278 ], [ 140.9007507, 38.3154747 ], [ 140.9006752, 38.3156657 ], [ 140.9006091, 38.3158343 ], [ 140.9005463, 38.3159565 ], [ 140.900459, 38.3161251 ], [ 140.9002525, 38.3164991 ], [ 140.9001495, 38.3166579 ], [ 140.9000582, 38.3167987 ], [ 140.8999408, 38.3169644 ], [ 140.8997982, 38.3171637 ], [ 140.8994921, 38.3175562 ], [ 140.8993673, 38.3177183 ], [ 140.8992262, 38.3179018 ], [ 140.8990891, 38.3180711 ], [ 140.8989954, 38.3181876 ], [ 140.8987262, 38.318529 ], [ 140.8985446, 38.318756 ], [ 140.8983629, 38.3189785 ], [ 140.8981961, 38.3191871 ], [ 140.8979402, 38.3195124 ], [ 140.8973573, 38.3202427 ], [ 140.897336, 38.3202736 ], [ 140.8971859, 38.3204913 ], [ 140.8971402, 38.3205525 ], [ 140.8970186, 38.3207072 ], [ 140.8969147, 38.3208401 ], [ 140.8968275, 38.3209543 ], [ 140.8965681, 38.3213324 ], [ 140.8964361, 38.3215677 ], [ 140.8963536, 38.3217096 ], [ 140.8962653, 38.3218468 ], [ 140.8961647, 38.322019 ], [ 140.8960374, 38.3222413 ], [ 140.8959552, 38.3223911 ], [ 140.8958055, 38.3227121 ], [ 140.8957158, 38.3229574 ], [ 140.8956258, 38.3232424 ], [ 140.8955134, 38.3236565 ], [ 140.8954344, 38.3239054 ], [ 140.8953963, 38.3240118 ], [ 140.8953544, 38.3241168 ], [ 140.8952786, 38.3243368 ], [ 140.8952537, 38.3244113 ], [ 140.8951967, 38.3245697 ], [ 140.8951274, 38.3247564 ], [ 140.895039, 38.3249529 ], [ 140.8950212, 38.3249912 ], [ 140.894978, 38.3250846 ], [ 140.8949259, 38.3251761 ], [ 140.8948858, 38.3252573 ], [ 140.8948258, 38.3253862 ], [ 140.8947955, 38.3254489 ], [ 140.8947385, 38.3255583 ], [ 140.8946747, 38.3256644 ], [ 140.8946121, 38.3257622 ], [ 140.8944037, 38.326063 ], [ 140.8942065, 38.3263215 ], [ 140.894081, 38.3264993 ], [ 140.8939396, 38.3266857 ], [ 140.8938143, 38.3268668 ], [ 140.8936101, 38.3271524 ], [ 140.8934532, 38.3273771 ], [ 140.8933693, 38.3274935 ], [ 140.893289, 38.327606 ], [ 140.8931713, 38.3277734 ], [ 140.893046, 38.3279553 ], [ 140.8929592, 38.3280962 ], [ 140.8929076, 38.3281899 ], [ 140.892818, 38.3283602 ], [ 140.8926851, 38.3286958 ], [ 140.8926056, 38.3289254 ], [ 140.8924468, 38.3294004 ], [ 140.8923116, 38.3298216 ], [ 140.8921998, 38.3302126 ], [ 140.8920995, 38.3305474 ], [ 140.8919628, 38.3308801 ], [ 140.8918653, 38.3311168 ], [ 140.8917037, 38.3314198 ], [ 140.8914839, 38.3317687 ], [ 140.8913428, 38.3319549 ], [ 140.8908906, 38.3324732 ], [ 140.8907129, 38.3326866 ], [ 140.890129, 38.3333651 ], [ 140.8899366, 38.333602 ], [ 140.8896352, 38.3339493 ], [ 140.8894513, 38.3341499 ], [ 140.8891409, 38.3344911 ], [ 140.8889636, 38.3346831 ], [ 140.8888363, 38.3348197 ], [ 140.8887594, 38.3349014 ], [ 140.8885969, 38.3351122 ], [ 140.8883844, 38.3353669 ], [ 140.8882146, 38.3355688 ], [ 140.8879499, 38.3358479 ], [ 140.8878179, 38.3359774 ], [ 140.8876685, 38.3361085 ], [ 140.8875179, 38.336225 ], [ 140.8873917, 38.3363268 ], [ 140.8870229, 38.3366141 ], [ 140.8868349, 38.3367515 ], [ 140.8862068, 38.3373169 ], [ 140.8860255, 38.3374858 ], [ 140.8859269, 38.3375879 ], [ 140.8858281, 38.3376985 ], [ 140.8856737, 38.3378847 ], [ 140.8855941, 38.3379865 ], [ 140.8854598, 38.3381687 ], [ 140.8851278, 38.338619 ], [ 140.8849206, 38.338899 ], [ 140.8848081, 38.3390425 ], [ 140.8846751, 38.3392076 ], [ 140.8845986, 38.3392909 ], [ 140.8843575, 38.3395535 ], [ 140.88398, 38.339932 ], [ 140.8835511, 38.3403427 ], [ 140.8833242, 38.3405718 ], [ 140.8831563, 38.3407328 ], [ 140.8829891, 38.3408932 ], [ 140.8821893, 38.341658 ], [ 140.8821591, 38.3416868 ], [ 140.8821181, 38.3417264 ], [ 140.8816442, 38.3421945 ], [ 140.8812964, 38.3425466 ], [ 140.8811013, 38.3426821 ], [ 140.8807572, 38.3429713 ], [ 140.8802682, 38.3434482 ], [ 140.8796332, 38.3441856 ], [ 140.8794374, 38.3444243 ], [ 140.8791176, 38.3448617 ], [ 140.8789476, 38.345096 ], [ 140.8788072, 38.3452825 ], [ 140.8785692, 38.3455852 ], [ 140.877946, 38.3464173 ], [ 140.877835, 38.346576 ], [ 140.8767916, 38.3479802 ], [ 140.8766791, 38.348118 ], [ 140.8764916, 38.3483478 ], [ 140.8763407, 38.3485326 ], [ 140.8762248, 38.3486746 ], [ 140.8761672, 38.3487451 ], [ 140.8760805, 38.3488414 ], [ 140.8759385, 38.3489959 ], [ 140.8758097, 38.3491403 ], [ 140.8756923, 38.3492678 ], [ 140.8755543, 38.3493987 ], [ 140.8754032, 38.3495419 ], [ 140.875037, 38.3498565 ], [ 140.8748938, 38.3499797 ], [ 140.8745381, 38.3502759 ], [ 140.8741968, 38.3505597 ], [ 140.8739874, 38.3507401 ], [ 140.8727511, 38.3518027 ], [ 140.871978, 38.3524808 ], [ 140.8717915, 38.3526475 ], [ 140.8715681, 38.3528514 ], [ 140.871528, 38.3528927 ], [ 140.8713655, 38.3531083 ], [ 140.8711689, 38.353395 ], [ 140.8710985, 38.3535142 ], [ 140.8709864, 38.3538155 ], [ 140.8709062, 38.3540698 ], [ 140.8707955, 38.3544705 ], [ 140.8707552, 38.3546385 ], [ 140.8707366, 38.3547508 ], [ 140.8707155, 38.3548888 ], [ 140.8707049, 38.35499 ], [ 140.870701, 38.35534 ], [ 140.8707112, 38.3554787 ], [ 140.8707263, 38.3555731 ], [ 140.8707541, 38.3557072 ], [ 140.8708085, 38.3558916 ], [ 140.8708846, 38.3561138 ], [ 140.8709652, 38.3563044 ], [ 140.8710659, 38.3565118 ], [ 140.8711285, 38.3566225 ], [ 140.8711838, 38.3567091 ], [ 140.8713007, 38.3568685 ], [ 140.8713919, 38.3569922 ], [ 140.8714955, 38.357118 ], [ 140.8716002, 38.3572291 ], [ 140.8722294, 38.3578924 ], [ 140.8723934, 38.3580643 ], [ 140.8726569, 38.3583249 ], [ 140.8728483, 38.3585227 ], [ 140.8729977, 38.3586763 ], [ 140.8731347, 38.3588466 ], [ 140.8732263, 38.3589754 ], [ 140.873334, 38.3591268 ], [ 140.8734133, 38.3592746 ], [ 140.8734839, 38.359403 ], [ 140.8735544, 38.3595402 ], [ 140.8736164, 38.3596896 ], [ 140.873658, 38.3598227 ], [ 140.8736888, 38.3599079 ], [ 140.8737163, 38.3600064 ], [ 140.8737453, 38.3601154 ], [ 140.8737786, 38.3602818 ], [ 140.873795, 38.3604646 ], [ 140.8738075, 38.3606224 ], [ 140.8737991, 38.3608385 ], [ 140.8737827, 38.3610338 ], [ 140.8737536, 38.3612663 ], [ 140.8737077, 38.3614782 ], [ 140.8736455, 38.3617024 ], [ 140.8735328, 38.3620238 ], [ 140.8733824, 38.3624521 ], [ 140.8732855, 38.3627345 ], [ 140.8731096, 38.3632579 ], [ 140.8730141, 38.3635904 ], [ 140.8729611, 38.3637854 ], [ 140.8728851, 38.3641118 ], [ 140.8728355, 38.3644274 ], [ 140.8728146, 38.3646182 ], [ 140.8728021, 38.3648218 ], [ 140.8728021, 38.3649715 ], [ 140.8728021, 38.3651502 ], [ 140.8728146, 38.3653329 ], [ 140.8728271, 38.3654865 ], [ 140.872856, 38.3656443 ], [ 140.8728935, 38.3657835 ], [ 140.8729682, 38.3660288 ], [ 140.8730224, 38.3662282 ], [ 140.8730971, 38.3664276 ], [ 140.873151, 38.3665646 ], [ 140.8732288, 38.3667361 ], [ 140.8733129, 38.3669218 ], [ 140.8735913, 38.367499 ], [ 140.8737616, 38.3678315 ], [ 140.8738529, 38.3680413 ], [ 140.8739694, 38.3683571 ], [ 140.8740357, 38.3685979 ], [ 140.8740729, 38.3687432 ], [ 140.8740979, 38.3689301 ], [ 140.8741104, 38.3692501 ], [ 140.8740996, 38.3701451 ], [ 140.874096, 38.3704176 ], [ 140.8740808, 38.371531 ], [ 140.8740604, 38.3731567 ], [ 140.8740571, 38.3733388 ], [ 140.8740548, 38.3734731 ], [ 140.8740332, 38.3748629 ], [ 140.8740348, 38.3749229 ], [ 140.8740272, 38.3749995 ], [ 140.8740207, 38.3750643 ], [ 140.8740082, 38.3751188 ], [ 140.87395, 38.3753465 ], [ 140.8738476, 38.375587 ], [ 140.8736073, 38.3760887 ], [ 140.8734198, 38.3764617 ], [ 140.8732184, 38.3768751 ], [ 140.8730806, 38.3771542 ], [ 140.8729659, 38.3773711 ], [ 140.8728581, 38.3776381 ], [ 140.87278, 38.3778962 ], [ 140.8726739, 38.3782567 ], [ 140.8726017, 38.3785984 ], [ 140.8725561, 38.3787895 ], [ 140.8725179, 38.379015 ], [ 140.8724973, 38.3792354 ], [ 140.8724928, 38.3794804 ], [ 140.8724973, 38.3796449 ], [ 140.8725425, 38.379916 ], [ 140.8725647, 38.3801055 ], [ 140.8726112, 38.3803679 ], [ 140.872655, 38.3805484 ], [ 140.8727149, 38.3807696 ], [ 140.8728025, 38.3810269 ], [ 140.8729128, 38.3812672 ], [ 140.8730365, 38.3815208 ], [ 140.8731292, 38.3816986 ], [ 140.8732303, 38.3818719 ], [ 140.8733643, 38.3820813 ], [ 140.8735063, 38.3822861 ], [ 140.8736024, 38.3824199 ], [ 140.8738081, 38.382725 ], [ 140.8743147, 38.3833245 ], [ 140.8747506, 38.3838403 ], [ 140.8749023, 38.3840204 ], [ 140.8750359, 38.3841794 ], [ 140.8757003, 38.3849706 ], [ 140.8760546, 38.3853894 ], [ 140.8762673, 38.3856467 ], [ 140.8772395, 38.3868086 ], [ 140.8776245, 38.3872601 ], [ 140.8777487, 38.3874058 ], [ 140.8780358, 38.3877501 ], [ 140.8782595, 38.3880066 ], [ 140.8790704, 38.388918 ], [ 140.8793425, 38.3892322 ], [ 140.8795011, 38.3894116 ], [ 140.879936, 38.3899077 ], [ 140.8804821, 38.3905672 ], [ 140.8808287, 38.3909752 ], [ 140.8812807, 38.391516 ], [ 140.8814351, 38.3917119 ], [ 140.8815219, 38.3918182 ], [ 140.8820905, 38.3924944 ], [ 140.8825338, 38.3930496 ], [ 140.8827352, 38.3933207 ], [ 140.8829258, 38.3935918 ], [ 140.8830194, 38.3937952 ], [ 140.8831583, 38.3940907 ], [ 140.8832969, 38.3944015 ], [ 140.8833694, 38.3946092 ], [ 140.8834206, 38.3947559 ], [ 140.8834709, 38.394985 ], [ 140.8835252, 38.3951699 ], [ 140.8836452, 38.3957246 ], [ 140.8837727, 38.3963243 ], [ 140.8840482, 38.3971684 ], [ 140.8841421, 38.3976481 ], [ 140.8841794, 38.3978211 ], [ 140.8842644, 38.3982736 ], [ 140.884334, 38.3986328 ], [ 140.8844379, 38.3991342 ], [ 140.8845501, 38.399535 ], [ 140.8846029, 38.3997417 ], [ 140.8846583, 38.3999569 ], [ 140.8848762, 38.4008003 ], [ 140.8851251, 38.4016417 ], [ 140.8854068, 38.4025692 ], [ 140.8855415, 38.4030074 ], [ 140.8856124, 38.4032416 ], [ 140.8856801, 38.403465 ], [ 140.8858993, 38.4040839 ], [ 140.8861073, 38.4046895 ], [ 140.8862573, 38.4051906 ], [ 140.8863637, 38.4055595 ], [ 140.8864287, 38.4058522 ], [ 140.8864695, 38.4060912 ], [ 140.8864971, 38.4064062 ], [ 140.8865176, 38.4068975 ], [ 140.8865398, 38.4080363 ], [ 140.8865499, 38.4082783 ], [ 140.8865915, 38.4091739 ], [ 140.8866271, 38.4096417 ], [ 140.8866684, 38.41013 ], [ 140.8867512, 38.4111708 ], [ 140.8867837, 38.4114608 ], [ 140.8868401, 38.4118236 ], [ 140.8868371, 38.4122155 ], [ 140.8869525, 38.4125957 ], [ 140.8870352, 38.4128786 ], [ 140.8870913, 38.4130431 ], [ 140.8874288, 38.4141119 ], [ 140.8875238, 38.4143883 ], [ 140.8878494, 38.4153092 ], [ 140.8879345, 38.4155464 ], [ 140.8879947, 38.4157264 ], [ 140.8882581, 38.4164247 ], [ 140.8883141, 38.4165749 ], [ 140.8883502, 38.4166782 ], [ 140.8884975, 38.4171239 ], [ 140.8886041, 38.4174822 ], [ 140.8887344, 38.4180802 ], [ 140.8888172, 38.4184872 ], [ 140.8888943, 38.4189661 ], [ 140.8890147, 38.4196105 ], [ 140.8892594, 38.4207627 ], [ 140.8893844, 38.4213755 ], [ 140.8895021, 38.4218645 ], [ 140.8899402, 38.423463 ], [ 140.8899794, 38.4235946 ], [ 140.8904186, 38.4249907 ], [ 140.8905134, 38.4252921 ], [ 140.8910772, 38.4271218 ], [ 140.8911706, 38.4274206 ], [ 140.8911969, 38.4275496 ], [ 140.8912083, 38.4276591 ], [ 140.891218, 38.4278082 ], [ 140.8912128, 38.4281507 ], [ 140.8911846, 38.4285698 ], [ 140.891123, 38.4299385 ], [ 140.8910812, 38.431085 ], [ 140.8910758, 38.4312334 ], [ 140.891068, 38.4314482 ], [ 140.8910555, 38.4318824 ], [ 140.8910476, 38.4319967 ], [ 140.8910401, 38.4321289 ], [ 140.8909846, 38.4333207 ], [ 140.8909602, 38.4337118 ], [ 140.8909408, 38.4341007 ], [ 140.8909383, 38.4345312 ], [ 140.8909505, 38.4348001 ], [ 140.8909749, 38.4350559 ], [ 140.8910043, 38.4353019 ], [ 140.8910855, 38.4356993 ], [ 140.8911219, 38.4359104 ], [ 140.8911386, 38.4360416 ], [ 140.8911591, 38.4362021 ], [ 140.891208, 38.4365945 ], [ 140.8912366, 38.4367984 ], [ 140.8913285, 38.4374668 ], [ 140.8913974, 38.4380326 ], [ 140.8914372, 38.4383325 ], [ 140.8914673, 38.4385618 ], [ 140.8914941, 38.4387592 ], [ 140.8915814, 38.4392856 ], [ 140.8916657, 38.4398915 ], [ 140.8917027, 38.4401927 ], [ 140.8917399, 38.440499 ], [ 140.891802, 38.4410478 ], [ 140.8918285, 38.4412251 ], [ 140.89189, 38.4416573 ], [ 140.8919527, 38.4420984 ], [ 140.8919744, 38.4422398 ], [ 140.8920318, 38.4426572 ], [ 140.8920677, 38.4430159 ], [ 140.8920902, 38.4431108 ], [ 140.8921244, 38.4432592 ], [ 140.8922085, 38.4438967 ], [ 140.8922113, 38.4441828 ], [ 140.8922044, 38.4443123 ], [ 140.892191, 38.4443948 ], [ 140.8921602, 38.4445275 ], [ 140.8920921, 38.4447181 ], [ 140.8920188, 38.444917 ], [ 140.8919324, 38.445118 ], [ 140.8918375, 38.4453358 ], [ 140.8918038, 38.4454055 ], [ 140.891749, 38.4455074 ], [ 140.8916979, 38.4455903 ], [ 140.8914604, 38.4459206 ], [ 140.8912626, 38.4461942 ], [ 140.8911352, 38.4463417 ], [ 140.8909485, 38.4465581 ], [ 140.8908337, 38.4466831 ], [ 140.8907223, 38.446785 ], [ 140.8903315, 38.4471568 ], [ 140.8900781, 38.4473889 ], [ 140.8898466, 38.4475941 ], [ 140.8896451, 38.4477536 ], [ 140.8893192, 38.4480253 ], [ 140.8891805, 38.4481407 ], [ 140.8889645, 38.4483146 ], [ 140.8885589, 38.4486423 ], [ 140.8881739, 38.4489484 ], [ 140.8880157, 38.4490609 ], [ 140.8878277, 38.44919 ], [ 140.887575, 38.4493542 ], [ 140.8873414, 38.4495151 ], [ 140.8871386, 38.4496467 ], [ 140.8868466, 38.4498367 ], [ 140.8866637, 38.449956 ], [ 140.8859974, 38.4503963 ], [ 140.8853691, 38.4508101 ], [ 140.8852063, 38.4509203 ], [ 140.8850084, 38.4510501 ], [ 140.8847456, 38.4512181 ], [ 140.8846646, 38.4512614 ], [ 140.8843884, 38.4514448 ], [ 140.8839546, 38.4517045 ], [ 140.8836021, 38.4519027 ], [ 140.8833847, 38.4520206 ], [ 140.8832964, 38.4520684 ], [ 140.8829452, 38.4522331 ], [ 140.8824608, 38.4524372 ], [ 140.8819989, 38.4526326 ], [ 140.8816021, 38.4528097 ], [ 140.8811062, 38.453046 ], [ 140.8807422, 38.4532479 ], [ 140.8805241, 38.4533921 ], [ 140.8802021, 38.4536232 ], [ 140.8800291, 38.453793 ], [ 140.8798849, 38.4539576 ], [ 140.8797442, 38.4541363 ], [ 140.8796324, 38.454286 ], [ 140.8795371, 38.4544312 ], [ 140.8794846, 38.4545233 ], [ 140.8794121, 38.4546507 ], [ 140.8793475, 38.4547853 ], [ 140.8792798, 38.4549576 ], [ 140.8792576, 38.4550169 ], [ 140.8791911, 38.4552277 ], [ 140.8791371, 38.4554083 ], [ 140.8790789, 38.4556586 ], [ 140.8790098, 38.456036 ], [ 140.8789587, 38.4563821 ], [ 140.8789187, 38.4566948 ], [ 140.878858, 38.4572939 ], [ 140.8788098, 38.457906 ], [ 140.8787816, 38.458324 ], [ 140.8787711, 38.4584732 ], [ 140.8787254, 38.4590079 ], [ 140.8786681, 38.4597368 ], [ 140.8786479, 38.4599866 ], [ 140.8786301, 38.4602084 ], [ 140.8786126, 38.4604398 ], [ 140.8785579, 38.4614314 ], [ 140.8784336, 38.4618326 ], [ 140.8784103, 38.4619659 ], [ 140.8783687, 38.4621309 ], [ 140.8782855, 38.4625416 ], [ 140.8782833, 38.4625529 ], [ 140.878183, 38.4628081 ], [ 140.8780694, 38.4630556 ], [ 140.8776375, 38.4638781 ], [ 140.8771408, 38.4648117 ], [ 140.8767203, 38.4655888 ], [ 140.8766355, 38.4657563 ], [ 140.8762602, 38.4665576 ], [ 140.8757126, 38.4676506 ], [ 140.8756404, 38.4677873 ], [ 140.8752648, 38.4685006 ], [ 140.8750984, 38.4688898 ], [ 140.8749542, 38.4692637 ], [ 140.8749112, 38.4693753 ], [ 140.8748059, 38.4697206 ], [ 140.8747476, 38.470042 ], [ 140.8747123, 38.4703699 ], [ 140.8746634, 38.4708323 ], [ 140.874645, 38.4718676 ], [ 140.874647, 38.4722329 ], [ 140.8746995, 38.4724904 ], [ 140.8747756, 38.4727356 ], [ 140.8749087, 38.4731109 ], [ 140.875035, 38.4734394 ], [ 140.8750955, 38.4735964 ], [ 140.8753881, 38.474384 ], [ 140.8756225, 38.4749906 ], [ 140.875705, 38.4752099 ], [ 140.8758134, 38.4754889 ], [ 140.875923, 38.4757134 ], [ 140.8759906, 38.4758567 ], [ 140.8769845, 38.4776847 ], [ 140.8772904, 38.4782136 ], [ 140.8775495, 38.4786928 ], [ 140.8776894, 38.4789614 ], [ 140.8777993, 38.479197 ], [ 140.8779131, 38.4794567 ], [ 140.8780081, 38.4797155 ], [ 140.8780584, 38.4799094 ], [ 140.8781952, 38.4804353 ], [ 140.878484, 38.4815036 ], [ 140.8789317, 38.4831311 ], [ 140.8789864, 38.4833238 ], [ 140.8793262, 38.4845222 ], [ 140.8795055, 38.4851753 ], [ 140.8796335, 38.4856273 ], [ 140.879677, 38.4857804 ], [ 140.8797477, 38.4860479 ], [ 140.8802149, 38.4876911 ], [ 140.8803417, 38.4881438 ], [ 140.8807214, 38.4894618 ], [ 140.8809214, 38.4902221 ], [ 140.8810998, 38.4908782 ], [ 140.8812516, 38.4914264 ], [ 140.8813157, 38.4916571 ], [ 140.8813584, 38.4918104 ], [ 140.8816367, 38.4928132 ], [ 140.8817016, 38.4930268 ], [ 140.8817747, 38.4932167 ], [ 140.8818631, 38.4934321 ], [ 140.8819453, 38.493609 ], [ 140.8820192, 38.4937526 ], [ 140.8821171, 38.4939168 ], [ 140.8824494, 38.4944164 ], [ 140.8825809, 38.4946214 ], [ 140.8833728, 38.495837 ], [ 140.884007, 38.4968179 ], [ 140.8844691, 38.4975357 ], [ 140.8850023, 38.4983609 ], [ 140.8855283, 38.4992063 ], [ 140.8856436, 38.4993868 ], [ 140.8860318, 38.4999903 ], [ 140.8864889, 38.5007013 ], [ 140.8869351, 38.5014136 ], [ 140.8871766, 38.5017778 ], [ 140.8877698, 38.5026808 ], [ 140.8879218, 38.5029345 ], [ 140.8880417, 38.503122 ], [ 140.8881747, 38.5032922 ], [ 140.8883681, 38.5035323 ], [ 140.8887884, 38.5039708 ], [ 140.8895187, 38.5047133 ], [ 140.8903582, 38.5055533 ], [ 140.8904583, 38.5056635 ], [ 140.8905588, 38.5057577 ], [ 140.8906839, 38.5058813 ], [ 140.8908601, 38.5060491 ], [ 140.8910037, 38.5062072 ], [ 140.8911438, 38.5063531 ], [ 140.8917011, 38.5069347 ], [ 140.8919621, 38.5072002 ], [ 140.8922649, 38.5075194 ], [ 140.8924513, 38.5076997 ], [ 140.8929029, 38.5081613 ], [ 140.893049, 38.5083235 ], [ 140.8930932, 38.5083727 ], [ 140.8940151, 38.5097247 ], [ 140.8940843, 38.5098259 ], [ 140.8942847, 38.510117 ], [ 140.8944595, 38.5103377 ], [ 140.8946006, 38.5104733 ], [ 140.8949629, 38.5107893 ], [ 140.8955207, 38.5112183 ], [ 140.8968586, 38.5122745 ], [ 140.8970705, 38.5124378 ], [ 140.8973994, 38.5126607 ], [ 140.8977062, 38.5128305 ], [ 140.8980118, 38.5129872 ], [ 140.8988733, 38.5134496 ], [ 140.8999718, 38.5140233 ], [ 140.900425, 38.5142628 ], [ 140.900762, 38.5144394 ], [ 140.9019969, 38.5150938 ], [ 140.9029281, 38.515588 ], [ 140.9034544, 38.5158692 ], [ 140.904126, 38.5162174 ], [ 140.9049576, 38.5166567 ], [ 140.9053765, 38.5168782 ], [ 140.9058635, 38.5171392 ], [ 140.9076291, 38.518067 ], [ 140.9081536, 38.5182833 ], [ 140.9084154, 38.5183907 ], [ 140.908549, 38.5184526 ], [ 140.9090401, 38.5187144 ], [ 140.9092254, 38.5188139 ], [ 140.9098317, 38.5191226 ], [ 140.9100089, 38.5192141 ], [ 140.9102148, 38.5193192 ], [ 140.9104509, 38.5194239 ], [ 140.9106137, 38.5194939 ], [ 140.9107655, 38.5195491 ], [ 140.911, 38.5196231 ], [ 140.911186, 38.5196736 ], [ 140.9114001, 38.5197291 ], [ 140.9115903, 38.5197674 ], [ 140.9118577, 38.5198126 ], [ 140.9120809, 38.5198387 ], [ 140.9123534, 38.519861 ], [ 140.9125342, 38.5198707 ], [ 140.9128415, 38.5198791 ], [ 140.9130297, 38.5198796 ], [ 140.9132829, 38.5198776 ], [ 140.9135149, 38.5198819 ], [ 140.9138125, 38.5198783 ], [ 140.9141492, 38.5198786 ], [ 140.9145332, 38.5198875 ], [ 140.9148334, 38.5199096 ], [ 140.9151009, 38.5199365 ], [ 140.9152933, 38.519974 ], [ 140.9154565, 38.5200034 ], [ 140.9155915, 38.5200448 ], [ 140.9157296, 38.5200858 ], [ 140.91588, 38.520137 ], [ 140.916076, 38.5202127 ], [ 140.9162905, 38.5203088 ], [ 140.9164082, 38.520368 ], [ 140.9165542, 38.5204394 ], [ 140.9166916, 38.5205137 ], [ 140.916751, 38.5205457 ], [ 140.9171399, 38.5207802 ], [ 140.9175409, 38.5209975 ], [ 140.9177644, 38.5211036 ], [ 140.9181428, 38.5212454 ], [ 140.9184537, 38.5213433 ], [ 140.9192585, 38.5214841 ], [ 140.9197071, 38.5215428 ], [ 140.9199864, 38.5215654 ], [ 140.9201615, 38.5215893 ], [ 140.9203742, 38.5216149 ], [ 140.9210703, 38.5216999 ], [ 140.9211877, 38.521714 ], [ 140.9213778, 38.5217338 ], [ 140.9215191, 38.5217499 ], [ 140.9217406, 38.5217724 ], [ 140.9220033, 38.5218022 ], [ 140.9222711, 38.5218174 ], [ 140.9226211, 38.5218368 ], [ 140.9229841, 38.5218477 ], [ 140.9233596, 38.5218304 ], [ 140.9236648, 38.5218221 ], [ 140.9239071, 38.5218118 ], [ 140.9240934, 38.5217954 ], [ 140.9243074, 38.5217721 ], [ 140.9245855, 38.5217388 ], [ 140.9247778, 38.521715 ], [ 140.9250208, 38.5216801 ], [ 140.9251413, 38.5216629 ], [ 140.9255039, 38.5216028 ], [ 140.9270318, 38.5213439 ], [ 140.9271906, 38.5213245 ], [ 140.9273236, 38.521305 ], [ 140.9276691, 38.5212584 ], [ 140.9278439, 38.5212335 ], [ 140.9279755, 38.5212157 ], [ 140.9284175, 38.5211621 ], [ 140.928757, 38.5211173 ], [ 140.9290566, 38.5210777 ], [ 140.9295035, 38.5209922 ], [ 140.9297127, 38.5209577 ], [ 140.92991, 38.5209175 ], [ 140.9303061, 38.5208615 ], [ 140.9306081, 38.520818 ], [ 140.9308944, 38.5207748 ], [ 140.9311508, 38.5207331 ], [ 140.9321672, 38.5206008 ], [ 140.9332425, 38.5204279 ], [ 140.9337401, 38.5203512 ], [ 140.9338572, 38.5203295 ], [ 140.934193, 38.5202785 ], [ 140.934614, 38.5202271 ], [ 140.9350104, 38.5201962 ], [ 140.9352622, 38.5201769 ], [ 140.9352758, 38.5201758 ], [ 140.9353, 38.520174 ], [ 140.9353746, 38.5201712 ], [ 140.9356126, 38.5201649 ], [ 140.935813, 38.5201649 ], [ 140.9360749, 38.5201724 ], [ 140.9361742, 38.5201767 ], [ 140.936358, 38.5201921 ], [ 140.9365641, 38.5202201 ], [ 140.9367621, 38.5202434 ], [ 140.9369438, 38.5202789 ], [ 140.9371131, 38.5203196 ], [ 140.9372471, 38.5203595 ], [ 140.937818, 38.520523 ], [ 140.9379626, 38.5205865 ], [ 140.9382137, 38.5207737 ], [ 140.9384934, 38.5210058 ], [ 140.9386139, 38.5211023 ], [ 140.938801, 38.5212586 ], [ 140.9389083, 38.5213576 ], [ 140.9389334, 38.5213814 ], [ 140.9390003, 38.5214622 ], [ 140.9390263, 38.521497 ], [ 140.9390653, 38.5215505 ], [ 140.9391683, 38.5217149 ], [ 140.9392948, 38.5219672 ], [ 140.9393556, 38.52212 ], [ 140.9393814, 38.5221919 ], [ 140.9394095, 38.5222766 ], [ 140.9394375, 38.5223763 ], [ 140.9394617, 38.5224861 ], [ 140.9394831, 38.52263 ], [ 140.9395073, 38.5227694 ], [ 140.9395159, 38.5228775 ], [ 140.9395328, 38.5230769 ], [ 140.9395384, 38.5231441 ], [ 140.9395417, 38.5233175 ], [ 140.9395511, 38.5236402 ], [ 140.9395603, 38.5237326 ], [ 140.9395582, 38.5240334 ], [ 140.9395525, 38.52478 ], [ 140.9395441, 38.5257872 ], [ 140.9395385, 38.5259389 ], [ 140.939532, 38.5262165 ], [ 140.9395297, 38.5268236 ], [ 140.9395361, 38.5270174 ], [ 140.9395513, 38.527218 ], [ 140.9395622, 38.5273088 ], [ 140.9395811, 38.5274697 ], [ 140.9396946, 38.5279797 ], [ 140.9397305, 38.5280982 ], [ 140.9397682, 38.5282107 ], [ 140.9398299, 38.5283766 ], [ 140.9398988, 38.5285541 ], [ 140.9400647, 38.528926 ], [ 140.9402249, 38.5292122 ], [ 140.9404558, 38.5295142 ], [ 140.9405534, 38.5296435 ], [ 140.9406233, 38.5297366 ], [ 140.9407858, 38.5299358 ], [ 140.9409172, 38.530081 ], [ 140.9411405, 38.5303135 ], [ 140.9415286, 38.5306683 ], [ 140.9417261, 38.5308471 ], [ 140.9418932, 38.5309916 ], [ 140.9420917, 38.5311681 ], [ 140.9423295, 38.5313826 ], [ 140.9428836, 38.5318791 ], [ 140.9431201, 38.5320792 ], [ 140.9436411, 38.5325568 ], [ 140.9439569, 38.5328627 ], [ 140.9442111, 38.5331454 ], [ 140.9443721, 38.5333229 ], [ 140.9446558, 38.5336357 ], [ 140.9449236, 38.5339515 ], [ 140.9451461, 38.5342424 ], [ 140.9453214, 38.5344857 ], [ 140.9454614, 38.5346999 ], [ 140.9457056, 38.5350665 ], [ 140.9460386, 38.5355526 ], [ 140.9462961, 38.5359532 ], [ 140.9469828, 38.5371662 ], [ 140.9470468, 38.5372835 ], [ 140.9472395, 38.5376362 ], [ 140.9476982, 38.538467 ], [ 140.9478187, 38.5386792 ], [ 140.9481867, 38.5393268 ], [ 140.9484875, 38.5398381 ], [ 140.9486075, 38.5400458 ], [ 140.948837, 38.5404498 ], [ 140.949095, 38.5409298 ], [ 140.9492689, 38.5412445 ], [ 140.9495927, 38.541838 ], [ 140.9497039, 38.5420418 ], [ 140.9497889, 38.5422006 ], [ 140.9499173, 38.5425088 ], [ 140.9500022, 38.5427328 ], [ 140.95005, 38.542857 ], [ 140.9501954, 38.5432488 ], [ 140.9502156, 38.5433154 ], [ 140.9503021, 38.5435722 ], [ 140.9504133, 38.543874 ], [ 140.9505348, 38.5441823 ], [ 140.950725, 38.5447506 ], [ 140.9509092, 38.5453027 ], [ 140.9509633, 38.5454648 ], [ 140.9514435, 38.546944 ], [ 140.9518357, 38.5481203 ], [ 140.9518781, 38.5482296 ], [ 140.951975, 38.5485306 ], [ 140.9520516, 38.5487686 ], [ 140.9522194, 38.5492765 ], [ 140.9524547, 38.5499895 ], [ 140.9525388, 38.5502445 ], [ 140.952803, 38.5511822 ], [ 140.9528796, 38.5514767 ], [ 140.9529799, 38.5518581 ], [ 140.953001, 38.5519614 ], [ 140.9530202, 38.5520392 ], [ 140.9530252, 38.5520955 ], [ 140.9530308, 38.5522437 ], [ 140.9530377, 38.5524178 ], [ 140.9530348, 38.5525122 ], [ 140.9530252, 38.5527822 ], [ 140.9530019, 38.5529234 ], [ 140.9529885, 38.5530262 ], [ 140.9529377, 38.553242 ], [ 140.9529166, 38.5533258 ], [ 140.9528441, 38.5535186 ], [ 140.9528086, 38.5536041 ], [ 140.9527235, 38.553781 ], [ 140.9526132, 38.5539325 ], [ 140.9522868, 38.5543303 ], [ 140.951911, 38.55475 ], [ 140.9515601, 38.5551311 ], [ 140.9511487, 38.555585 ], [ 140.950427, 38.5563814 ], [ 140.95022, 38.556606 ], [ 140.9500362, 38.5568118 ], [ 140.9498511, 38.557031 ], [ 140.9496886, 38.5572253 ], [ 140.949517, 38.5574714 ], [ 140.9493853, 38.5577172 ], [ 140.949225, 38.5580606 ], [ 140.949134, 38.5583228 ], [ 140.9490912, 38.5584463 ], [ 140.9489103, 38.559085 ], [ 140.9487941, 38.5596426 ], [ 140.9487386, 38.5599348 ], [ 140.9486069, 38.5607531 ], [ 140.9485085, 38.5613955 ], [ 140.9483607, 38.5623609 ], [ 140.9481125, 38.5638817 ], [ 140.9478814, 38.5652724 ], [ 140.9476245, 38.5668181 ], [ 140.9475872, 38.5670369 ], [ 140.9475682, 38.5671483 ], [ 140.9473198, 38.5685612 ], [ 140.9472695, 38.5688598 ], [ 140.9470763, 38.5700597 ], [ 140.946828, 38.5716019 ], [ 140.9467461, 38.5721195 ], [ 140.9464019, 38.5742084 ], [ 140.9463636, 38.5744393 ], [ 140.9463418, 38.5745833 ], [ 140.94628, 38.5749895 ], [ 140.946196, 38.5755417 ], [ 140.946056, 38.5765456 ], [ 140.9459865, 38.5770328 ], [ 140.9457854, 38.5785577 ], [ 140.9457396, 38.5788912 ], [ 140.9457146, 38.5792133 ], [ 140.9457076, 38.5794072 ], [ 140.9457128, 38.579737 ], [ 140.9457487, 38.5801328 ], [ 140.945789, 38.5804244 ], [ 140.9458206, 38.5805811 ], [ 140.9458891, 38.5808229 ], [ 140.9459945, 38.5811347 ], [ 140.9460998, 38.5814444 ], [ 140.9461873, 38.58167 ], [ 140.9462503, 38.5818136 ], [ 140.9463034, 38.5819406 ], [ 140.9464076, 38.5821578 ], [ 140.946468, 38.5822552 ], [ 140.9465648, 38.5824032 ], [ 140.946677, 38.5825689 ], [ 140.9468887, 38.582855 ], [ 140.9469562, 38.582948 ], [ 140.947112, 38.5831583 ], [ 140.9472322, 38.5833015 ], [ 140.9473531, 38.5834269 ], [ 140.9474981, 38.5835689 ], [ 140.9477123, 38.583787 ], [ 140.9481509, 38.5842328 ], [ 140.9482458, 38.5843229 ], [ 140.9483454, 38.5844175 ], [ 140.9486306, 38.5846931 ], [ 140.9487931, 38.5848312 ], [ 140.9492051, 38.585168 ], [ 140.9493554, 38.5852897 ], [ 140.9495232, 38.5854369 ], [ 140.9498335, 38.5857193 ], [ 140.9500323, 38.5859008 ], [ 140.950416, 38.5862586 ], [ 140.9506247, 38.5864557 ], [ 140.950961, 38.5868049 ], [ 140.9512863, 38.5871085 ], [ 140.9516029, 38.5873952 ], [ 140.9518021, 38.5875671 ], [ 140.9519563, 38.5876994 ], [ 140.9521082, 38.5878282 ], [ 140.9522205, 38.587924 ], [ 140.952381, 38.5880497 ], [ 140.9525245, 38.5881575 ], [ 140.952668, 38.5882538 ], [ 140.9528741, 38.5883827 ], [ 140.953006, 38.5884638 ], [ 140.9531857, 38.588567 ], [ 140.9533266, 38.5886466 ], [ 140.9534542, 38.5887157 ], [ 140.9536449, 38.5888268 ], [ 140.9542333, 38.5891085 ], [ 140.954664, 38.5892832 ], [ 140.9548131, 38.5893352 ], [ 140.9549943, 38.5893833 ], [ 140.9552594, 38.5894635 ], [ 140.9561865, 38.5897076 ], [ 140.9564292, 38.5897721 ], [ 140.9581112, 38.5902246 ], [ 140.9584734, 38.5903224 ], [ 140.9590762, 38.5904863 ], [ 140.9597948, 38.5907026 ], [ 140.9607635, 38.5910015 ], [ 140.9609907, 38.5910692 ], [ 140.9617393, 38.5912826 ], [ 140.9620693, 38.5914123 ], [ 140.9623921, 38.5915587 ], [ 140.9625779, 38.5916559 ], [ 140.9627398, 38.5917406 ], [ 140.9629442, 38.5918629 ], [ 140.9632102, 38.5920431 ], [ 140.9633753, 38.5921671 ], [ 140.9640355, 38.5927473 ], [ 140.9641495, 38.5928707 ], [ 140.9645375, 38.5932656 ], [ 140.9649755, 38.5937217 ], [ 140.9651784, 38.5939642 ], [ 140.9653847, 38.5942175 ], [ 140.9656865, 38.5946126 ], [ 140.966127, 38.5951783 ], [ 140.9665542, 38.5957267 ], [ 140.9667028, 38.5959165 ], [ 140.9668725, 38.5961348 ], [ 140.9670967, 38.5964382 ], [ 140.9672441, 38.5966378 ], [ 140.967372, 38.5968111 ], [ 140.9674866, 38.596966 ], [ 140.9678679, 38.5974133 ], [ 140.9680611, 38.597625 ], [ 140.968312, 38.5978955 ], [ 140.9684934, 38.5980696 ], [ 140.9686271, 38.5981979 ], [ 140.9687323, 38.5983105 ], [ 140.9690512, 38.5985625 ], [ 140.96914, 38.5986324 ], [ 140.9692885, 38.5987334 ], [ 140.9695146, 38.5988851 ], [ 140.9696392, 38.5989655 ], [ 140.9700631, 38.5992136 ], [ 140.9706226, 38.5994894 ], [ 140.9707601, 38.599551 ], [ 140.9713185, 38.5997991 ], [ 140.9717487, 38.5999891 ], [ 140.9719056, 38.6000583 ], [ 140.9723414, 38.6002513 ], [ 140.9729474, 38.6005202 ], [ 140.9745188, 38.6012188 ], [ 140.9750555, 38.6014581 ], [ 140.9761077, 38.6019134 ], [ 140.9764411, 38.6020585 ], [ 140.9767222, 38.6021816 ], [ 140.9777046, 38.6026378 ], [ 140.9780525, 38.6028166 ], [ 140.9781863, 38.6028868 ], [ 140.9786742, 38.603162 ], [ 140.9789675, 38.6033531 ], [ 140.9792981, 38.6035784 ], [ 140.9795292, 38.6037496 ], [ 140.9797332, 38.6039011 ], [ 140.9799115, 38.6040226 ], [ 140.980173, 38.6042216 ], [ 140.9802756, 38.6043327 ], [ 140.9804305, 38.6045262 ], [ 140.9805442, 38.6046612 ], [ 140.9807298, 38.6049523 ], [ 140.9815067, 38.6062505 ], [ 140.9816197, 38.6064444 ], [ 140.9818074, 38.6067811 ], [ 140.9820382, 38.6071748 ], [ 140.982266, 38.6076364 ], [ 140.9824298, 38.6080465 ], [ 140.9824919, 38.6083222 ], [ 140.9827612, 38.6095552 ], [ 140.9828013, 38.6098125 ], [ 140.982997, 38.6111928 ], [ 140.9830614, 38.611615 ], [ 140.9833698, 38.6134973 ], [ 140.9834536, 38.6140609 ], [ 140.9835992, 38.6150667 ], [ 140.9836693, 38.6156289 ], [ 140.983695, 38.615811 ], [ 140.9837931, 38.6164167 ], [ 140.9838547, 38.6168124 ], [ 140.9839271, 38.6172048 ], [ 140.9840743, 38.6179985 ], [ 140.9841013, 38.6181825 ], [ 140.9842412, 38.6194823 ], [ 140.9842985, 38.6200092 ], [ 140.9842976, 38.6203567 ], [ 140.9842854, 38.6206716 ], [ 140.9842679, 38.6207621 ], [ 140.98412, 38.6212613 ], [ 140.9837308, 38.6222588 ], [ 140.9833697, 38.6230813 ], [ 140.9831545, 38.6235688 ], [ 140.9825909, 38.6248825 ], [ 140.9824727, 38.6252361 ], [ 140.9823016, 38.6260209 ], [ 140.9822437, 38.6264526 ], [ 140.9821863, 38.6276028 ], [ 140.9821378, 38.6294369 ], [ 140.982152, 38.6296847 ], [ 140.9822361, 38.6300851 ], [ 140.9822746, 38.6301889 ], [ 140.9823368, 38.6303261 ], [ 140.9823858, 38.6304253 ], [ 140.9824575, 38.6305391 ], [ 140.9825395, 38.6306477 ], [ 140.9828294, 38.6309741 ], [ 140.9829861, 38.6311195 ], [ 140.9832545, 38.6313711 ], [ 140.9836338, 38.6316587 ], [ 140.9841584, 38.6320412 ], [ 140.9843459, 38.6321898 ], [ 140.9845931, 38.6324146 ], [ 140.9846906, 38.632542 ], [ 140.9848282, 38.6326868 ], [ 140.9850701, 38.6329799 ], [ 140.9852532, 38.6332369 ], [ 140.9853022, 38.6333221 ], [ 140.9854178, 38.6335233 ], [ 140.9855379, 38.6337662 ], [ 140.9856368, 38.6339994 ], [ 140.9857292, 38.6342629 ], [ 140.9858208, 38.6346135 ], [ 140.9858806, 38.6350441 ], [ 140.9859459, 38.6354906 ], [ 140.9859785, 38.6356883 ], [ 140.986012, 38.6358756 ], [ 140.9861121, 38.6363581 ], [ 140.9862968, 38.6369623 ], [ 140.9863768, 38.637189 ], [ 140.9864993, 38.637613 ], [ 140.9865996, 38.6378826 ], [ 140.9866917, 38.6380839 ], [ 140.9868588, 38.6384147 ], [ 140.9871077, 38.6388253 ], [ 140.987217, 38.6389893 ], [ 140.9874885, 38.6394074 ], [ 140.9875524, 38.6395019 ], [ 140.9876694, 38.6396538 ], [ 140.9880498, 38.6400761 ], [ 140.9883082, 38.6403074 ], [ 140.9887023, 38.6406054 ], [ 140.9888647, 38.6407201 ], [ 140.988954, 38.6407775 ], [ 140.9892045, 38.6409209 ], [ 140.9894868, 38.6410406 ], [ 140.9897429, 38.6411237 ], [ 140.9900208, 38.6412094 ], [ 140.9903293, 38.6412851 ], [ 140.9905991, 38.6413427 ], [ 140.9908242, 38.6413774 ], [ 140.9910996, 38.6414154 ], [ 140.9914122, 38.6414394 ], [ 140.991703, 38.6414295 ], [ 140.9924269, 38.641412 ], [ 140.9929305, 38.6414522 ], [ 140.9937949, 38.6415258 ], [ 140.9944114, 38.6415372 ], [ 140.9967342, 38.6415235 ], [ 140.9991374, 38.641602 ], [ 140.9995918, 38.6416552 ], [ 140.9996667, 38.641664 ], [ 141.00002, 38.6417303 ], [ 141.0002701, 38.6417901 ], [ 141.0005984, 38.6418892 ], [ 141.0013509, 38.6422716 ], [ 141.0015132, 38.6423639 ], [ 141.0017622, 38.642526 ], [ 141.0019775, 38.6427175 ], [ 141.0022647, 38.6430555 ], [ 141.0025303, 38.6434271 ], [ 141.0029031, 38.6440466 ], [ 141.0031111, 38.6444521 ], [ 141.0032978, 38.6449085 ], [ 141.0034414, 38.6453478 ], [ 141.0038, 38.6468741 ], [ 141.0040225, 38.6476007 ], [ 141.0041945, 38.6480675 ], [ 141.0042592, 38.6482429 ], [ 141.0044961, 38.648716 ], [ 141.004761, 38.6491825 ], [ 141.0052314, 38.6499846 ], [ 141.0053414, 38.6501615 ], [ 141.0055686, 38.6505476 ], [ 141.0058739, 38.6511154 ], [ 141.0061319, 38.6516557 ], [ 141.0062322, 38.6519487 ], [ 141.0063042, 38.6523317 ], [ 141.0062969, 38.6528612 ], [ 141.0062683, 38.6531204 ], [ 141.0062694, 38.6537497 ], [ 141.0062183, 38.6539271 ], [ 141.0061739, 38.6540745 ], [ 141.0060375, 38.6544742 ], [ 141.0058653, 38.6548854 ], [ 141.005657, 38.6553195 ], [ 141.0053989, 38.6558937 ], [ 141.0047255, 38.6575325 ], [ 141.0043344, 38.6581078 ], [ 141.0040495, 38.6586623 ], [ 141.0037668, 38.6592955 ], [ 141.0036388, 38.6597377 ], [ 141.0035963, 38.6598847 ], [ 141.0035578, 38.6600177 ], [ 141.0035281, 38.6601526 ], [ 141.0034524, 38.6607833 ], [ 141.0034396, 38.6608908 ], [ 141.0034021, 38.6616096 ], [ 141.0035775, 38.6626484 ], [ 141.0035954, 38.6627546 ], [ 141.003631, 38.6629653 ], [ 141.0036802, 38.6631452 ], [ 141.0038143, 38.6634949 ], [ 141.0038663, 38.6636306 ], [ 141.0038682, 38.6636355 ], [ 141.0039596, 38.6638739 ], [ 141.004057, 38.6640911 ], [ 141.0042154, 38.6644148 ], [ 141.0042954, 38.6645417 ], [ 141.0045144, 38.664889 ], [ 141.0045606, 38.6649752 ], [ 141.0046861, 38.6651421 ], [ 141.0049999, 38.6655423 ], [ 141.0052813, 38.6658647 ], [ 141.0055138, 38.6661 ], [ 141.0060723, 38.6665904 ], [ 141.0061377, 38.6666551 ], [ 141.006427, 38.6669413 ], [ 141.0072842, 38.6674748 ], [ 141.0075872, 38.6676862 ], [ 141.0078895, 38.6679162 ], [ 141.0081025, 38.6681145 ], [ 141.0081981, 38.6682034 ], [ 141.0083697, 38.6684108 ], [ 141.008492, 38.6685584 ], [ 141.0086211, 38.6687726 ], [ 141.0086787, 38.6688964 ], [ 141.0090834, 38.6696461 ], [ 141.0092937, 38.6704143 ], [ 141.0094181, 38.6707945 ], [ 141.0095258, 38.6713184 ], [ 141.0095765, 38.6716816 ], [ 141.0096622, 38.6723153 ], [ 141.009698, 38.6727489 ], [ 141.0097125, 38.6731486 ], [ 141.0096836, 38.6736162 ], [ 141.009649, 38.6738878 ], [ 141.0095831, 38.6742131 ], [ 141.0095113, 38.6745061 ], [ 141.0094538, 38.6747089 ], [ 141.0093964, 38.6748506 ], [ 141.0092645, 38.6751659 ], [ 141.0091734, 38.6753458 ], [ 141.0089996, 38.6756431 ], [ 141.0086429, 38.6761495 ], [ 141.0083696, 38.6764733 ], [ 141.0081883, 38.676688 ], [ 141.0076866, 38.6772322 ], [ 141.0075115, 38.6773996 ], [ 141.0073271, 38.6775759 ], [ 141.0070255, 38.677863 ], [ 141.0064145, 38.6783642 ], [ 141.0061486, 38.6785615 ], [ 141.0058686, 38.6787867 ], [ 141.0057457, 38.6789116 ], [ 141.0053587, 38.6793106 ], [ 141.0050639, 38.6796768 ], [ 141.0049527, 38.6798283 ], [ 141.0048341, 38.6799809 ], [ 141.0045177, 38.6804823 ], [ 141.0042305, 38.6809834 ], [ 141.0036699, 38.681862 ], [ 141.0033107, 38.6824029 ], [ 141.0029585, 38.6829998 ], [ 141.0027928, 38.6833218 ], [ 141.0026137, 38.6836698 ], [ 141.0024701, 38.6839968 ], [ 141.0024198, 38.6841432 ], [ 141.0023841, 38.6842553 ], [ 141.0023657, 38.6843218 ], [ 141.0023481, 38.6843854 ], [ 141.0022831, 38.6847909 ], [ 141.0022759, 38.6853712 ], [ 141.0023334, 38.6857312 ], [ 141.0023764, 38.6859004 ], [ 141.0025273, 38.6864018 ], [ 141.0026925, 38.6868804 ], [ 141.0027286, 38.6869537 ], [ 141.0028795, 38.6873704 ], [ 141.0030086, 38.6877759 ], [ 141.0030806, 38.6880126 ], [ 141.0031022, 38.6881984 ], [ 141.0031022, 38.6884875 ], [ 141.0030929, 38.6887272 ], [ 141.0030878, 38.6888065 ], [ 141.0030158, 38.6892854 ], [ 141.0029582, 38.689466 ], [ 141.0028578, 38.6897473 ], [ 141.0027716, 38.6899445 ], [ 141.0023292, 38.690917 ], [ 141.0022685, 38.6910595 ], [ 141.0021896, 38.6912229 ], [ 141.0020066, 38.6916551 ], [ 141.001852, 38.6920201 ], [ 141.0016721, 38.6924451 ], [ 141.0016107, 38.6926083 ], [ 141.0015306, 38.6928213 ], [ 141.0014782, 38.6929745 ], [ 141.0014207, 38.693166 ], [ 141.0013346, 38.6935372 ], [ 141.0013201, 38.6936111 ], [ 141.001277, 38.6941121 ], [ 141.0012698, 38.6946868 ], [ 141.0013083, 38.6948935 ], [ 141.0013378, 38.694998 ], [ 141.0014706, 38.6954248 ], [ 141.0016717, 38.6958923 ], [ 141.0017922, 38.6961552 ], [ 141.0018334, 38.6962407 ], [ 141.0019376, 38.6964497 ], [ 141.0020671, 38.6966694 ], [ 141.0024048, 38.697182 ], [ 141.0025125, 38.6973001 ], [ 141.0026203, 38.6974128 ], [ 141.002807, 38.6976101 ], [ 141.0030944, 38.6978635 ], [ 141.0033098, 38.6980381 ], [ 141.0038644, 38.698439 ], [ 141.004287, 38.6987423 ], [ 141.0044306, 38.6988378 ], [ 141.0048968, 38.6991706 ], [ 141.0049909, 38.6992378 ], [ 141.0052142, 38.6994014 ], [ 141.0058146, 38.6998335 ], [ 141.00603, 38.6999888 ], [ 141.0069737, 38.7006795 ], [ 141.0074643, 38.7010544 ], [ 141.0079321, 38.7014119 ], [ 141.008369, 38.7018036 ], [ 141.0087431, 38.7021391 ], [ 141.0089493, 38.7023355 ], [ 141.0096749, 38.7030789 ], [ 141.0101418, 38.7035633 ], [ 141.0107648, 38.7042156 ], [ 141.0112099, 38.7046762 ], [ 141.0123855, 38.7059322 ], [ 141.0124805, 38.7060423 ], [ 141.0129742, 38.7065644 ], [ 141.0132598, 38.706869 ], [ 141.0133305, 38.7069445 ], [ 141.0153722, 38.7091513 ], [ 141.0156065, 38.7093829 ], [ 141.0157451, 38.7095165 ], [ 141.0160254, 38.7097477 ], [ 141.0166486, 38.710177 ], [ 141.0169955, 38.7104124 ], [ 141.0175482, 38.710784 ], [ 141.0176421, 38.7108406 ], [ 141.0177782, 38.7109304 ], [ 141.018116, 38.7111557 ], [ 141.0184281, 38.7113545 ], [ 141.0188416, 38.7116173 ], [ 141.0191721, 38.7118315 ], [ 141.0195526, 38.7121017 ], [ 141.0197035, 38.7122087 ], [ 141.0199408, 38.7123948 ], [ 141.0202569, 38.712716 ], [ 141.0205299, 38.7130537 ], [ 141.0206929, 38.7133097 ], [ 141.0209091, 38.7136799 ], [ 141.0209249, 38.7137298 ], [ 141.020968, 38.7138592 ], [ 141.0210972, 38.714192 ], [ 141.0214566, 38.7149912 ], [ 141.0217366, 38.715487 ], [ 141.021836, 38.7156353 ], [ 141.0219666, 38.7158306 ], [ 141.022089, 38.7159993 ], [ 141.0224118, 38.7164445 ], [ 141.0225621, 38.7166548 ], [ 141.0230154, 38.7172892 ], [ 141.0232668, 38.7176439 ], [ 141.0236332, 38.7181792 ], [ 141.0237696, 38.7184107 ], [ 141.0238131, 38.7184845 ], [ 141.0238897, 38.7186266 ], [ 141.0239341, 38.7187248 ], [ 141.0240492, 38.7190353 ], [ 141.0241157, 38.719201 ], [ 141.0241934, 38.7195421 ], [ 141.0242221, 38.7197277 ], [ 141.024251, 38.720201 ], [ 141.0242454, 38.7206113 ], [ 141.024241, 38.7209439 ], [ 141.0242779, 38.7213192 ], [ 141.0242545, 38.7216464 ], [ 141.0242315, 38.7217381 ], [ 141.0242073, 38.721827 ], [ 141.0241862, 38.7218853 ], [ 141.0240712, 38.7221498 ], [ 141.0238987, 38.7224314 ], [ 141.0237909, 38.7225439 ], [ 141.023525, 38.722775 ], [ 141.0231084, 38.7231017 ], [ 141.0230078, 38.723175 ], [ 141.0225119, 38.7235523 ], [ 141.0218366, 38.7240703 ], [ 141.0214727, 38.7243542 ], [ 141.0213119, 38.7245323 ], [ 141.0212074, 38.7246851 ], [ 141.0211252, 38.7248365 ], [ 141.0210605, 38.7251181 ], [ 141.021046, 38.7253209 ], [ 141.021046, 38.7255406 ], [ 141.021118, 38.7258839 ], [ 141.0212543, 38.7263289 ], [ 141.0217555, 38.7282458 ], [ 141.0218001, 38.7284409 ], [ 141.0219885, 38.7291675 ], [ 141.0220883, 38.7295427 ], [ 141.0221879, 38.7299167 ], [ 141.0222309, 38.7300745 ], [ 141.0222884, 38.7302659 ], [ 141.0224251, 38.7308631 ], [ 141.0224754, 38.7311445 ], [ 141.022535, 38.731536 ], [ 141.0225492, 38.7317163 ], [ 141.0225604, 38.7323841 ], [ 141.0225614, 38.7324474 ], [ 141.0224351, 38.7350152 ], [ 141.0223586, 38.7364078 ], [ 141.0222952, 38.7366808 ], [ 141.0222435, 38.7368808 ], [ 141.0222091, 38.7369795 ], [ 141.0221333, 38.7371458 ], [ 141.0219863, 38.7373625 ], [ 141.0216942, 38.7378074 ], [ 141.0215479, 38.7379931 ], [ 141.0210879, 38.7384664 ], [ 141.0208796, 38.7386634 ], [ 141.0206839, 38.7388614 ], [ 141.020159, 38.7393734 ], [ 141.0194082, 38.7401039 ], [ 141.0193018, 38.7402063 ], [ 141.0191623, 38.7403404 ], [ 141.0187742, 38.7407137 ], [ 141.0186773, 38.7408142 ], [ 141.0180683, 38.7413964 ], [ 141.0179812, 38.7414693 ], [ 141.0177864, 38.7416548 ], [ 141.0175024, 38.7419303 ], [ 141.0171073, 38.7423225 ], [ 141.0166721, 38.7427545 ], [ 141.0164396, 38.7429906 ], [ 141.0163313, 38.7430904 ], [ 141.0158571, 38.7435862 ], [ 141.0157472, 38.7437267 ], [ 141.0156086, 38.743949 ], [ 141.0155526, 38.7440726 ], [ 141.015469, 38.7442965 ], [ 141.0153081, 38.7447474 ], [ 141.0151048, 38.7453205 ], [ 141.0150451, 38.7455012 ], [ 141.0148726, 38.7460476 ], [ 141.0147738, 38.7463595 ], [ 141.014657, 38.7467456 ], [ 141.0145709, 38.7470387 ], [ 141.0145062, 38.7472443 ], [ 141.0144597, 38.747374 ], [ 141.0143729, 38.7477786 ], [ 141.0143243, 38.748319 ], [ 141.0143352, 38.7485322 ], [ 141.0143694, 38.7487904 ], [ 141.0144055, 38.7489423 ], [ 141.0144988, 38.749207 ], [ 141.0145636, 38.7493254 ], [ 141.0147358, 38.7495956 ], [ 141.0149727, 38.7498998 ], [ 141.0151811, 38.7501081 ], [ 141.0155044, 38.7503729 ], [ 141.015684, 38.7504911 ], [ 141.015799, 38.7505589 ], [ 141.0161132, 38.7507305 ], [ 141.0167014, 38.7510388 ], [ 141.0175375, 38.751477 ], [ 141.0178444, 38.7516312 ], [ 141.0180908, 38.7517587 ], [ 141.0183141, 38.7518828 ], [ 141.0194772, 38.7524964 ], [ 141.019578, 38.7525473 ], [ 141.0202005, 38.7528899 ], [ 141.0207419, 38.7532068 ], [ 141.0210573, 38.7534102 ], [ 141.0226584, 38.7546377 ], [ 141.0229034, 38.7548051 ], [ 141.0230631, 38.7549152 ], [ 141.023211, 38.7550193 ], [ 141.023563, 38.7552477 ], [ 141.0237969, 38.7553889 ], [ 141.0241222, 38.7555903 ], [ 141.0247218, 38.7559566 ], [ 141.0250348, 38.7561499 ], [ 141.0253698, 38.7563569 ], [ 141.025765, 38.7565908 ], [ 141.0261324, 38.7567703 ], [ 141.0263071, 38.7568517 ], [ 141.0264478, 38.7569051 ], [ 141.0267778, 38.7570181 ], [ 141.027142, 38.757126 ], [ 141.0276422, 38.7572498 ], [ 141.0280395, 38.7573575 ], [ 141.0286045, 38.7575047 ], [ 141.0289281, 38.7575926 ], [ 141.0291779, 38.7576721 ], [ 141.0297388, 38.7578074 ], [ 141.0304577, 38.7579468 ], [ 141.0307919, 38.7580105 ], [ 141.0310838, 38.7580665 ], [ 141.0319038, 38.758179 ], [ 141.0326086, 38.7582637 ], [ 141.0329538, 38.7583087 ], [ 141.0330247, 38.7583184 ], [ 141.0333683, 38.7583651 ], [ 141.0337811, 38.7584212 ], [ 141.0339394, 38.7584607 ], [ 141.0343708, 38.7586298 ], [ 141.0346297, 38.7587537 ], [ 141.0349247, 38.7589282 ], [ 141.0352125, 38.7591423 ], [ 141.0354211, 38.7593676 ], [ 141.0356369, 38.7596548 ], [ 141.0357736, 38.759914 ], [ 141.0360394, 38.7605617 ], [ 141.0362697, 38.7611304 ], [ 141.0365141, 38.761564 ], [ 141.0374091, 38.7629095 ], [ 141.0377475, 38.7634203 ], [ 141.037823, 38.7635239 ], [ 141.0380056, 38.7638096 ], [ 141.0381252, 38.763997 ], [ 141.0383411, 38.7643348 ], [ 141.0384118, 38.7644355 ], [ 141.0385855, 38.7647123 ], [ 141.038988, 38.7652981 ], [ 141.0393514, 38.7658609 ], [ 141.0395563, 38.7661542 ], [ 141.0398441, 38.7666664 ], [ 141.0403537, 38.7675359 ], [ 141.0404259, 38.7676616 ], [ 141.0405919, 38.7679395 ], [ 141.04091, 38.7684938 ], [ 141.0413399, 38.7692853 ], [ 141.0417285, 38.7700286 ], [ 141.0420015, 38.7705469 ], [ 141.0427568, 38.772028 ], [ 141.0429437, 38.7723997 ], [ 141.0430732, 38.7727264 ], [ 141.0431237, 38.7728278 ], [ 141.0432096, 38.7729964 ], [ 141.0433152, 38.7732767 ], [ 141.0433895, 38.7739825 ], [ 141.043404, 38.7741008 ], [ 141.0434326, 38.774343 ], [ 141.043447, 38.7745005 ], [ 141.0435078, 38.7749877 ], [ 141.0435359, 38.7752203 ], [ 141.0435443, 38.7753442 ], [ 141.0435771, 38.7756732 ], [ 141.0436015, 38.7759137 ], [ 141.04367, 38.7765788 ], [ 141.0437186, 38.7770168 ], [ 141.043742, 38.7772266 ], [ 141.0437636, 38.7773838 ], [ 141.0437922, 38.7774741 ], [ 141.0438067, 38.7775699 ], [ 141.0441085, 38.7785658 ], [ 141.0442522, 38.7790399 ], [ 141.044533, 38.7798505 ], [ 141.0446751, 38.7802606 ], [ 141.0446983, 38.7803239 ], [ 141.044783, 38.7804745 ], [ 141.0450147, 38.7807463 ], [ 141.0451228, 38.7808363 ], [ 141.0454316, 38.781101 ], [ 141.0459497, 38.7815291 ], [ 141.046402, 38.781861 ], [ 141.0468633, 38.7821938 ], [ 141.0471436, 38.7824191 ], [ 141.0475319, 38.7828243 ], [ 141.0478256, 38.7831874 ], [ 141.0481722, 38.7836635 ], [ 141.0487828, 38.7844235 ], [ 141.0492078, 38.7849365 ], [ 141.0494594, 38.7852629 ], [ 141.0496105, 38.7854937 ], [ 141.0497761, 38.7858037 ], [ 141.0500347, 38.7863993 ], [ 141.0501355, 38.7866315 ], [ 141.0502433, 38.786981 ], [ 141.0503944, 38.7876229 ], [ 141.0504663, 38.7880282 ], [ 141.0505383, 38.7884112 ], [ 141.0505957, 38.7887544 ], [ 141.0506895, 38.7892229 ], [ 141.0508286, 38.790029 ], [ 141.0508907, 38.7904557 ], [ 141.0509752, 38.7911 ], [ 141.051013, 38.7913737 ], [ 141.0510416, 38.7914526 ], [ 141.0510846, 38.7916385 ], [ 141.0512285, 38.7919932 ], [ 141.0514154, 38.7923423 ], [ 141.0523647, 38.7936993 ], [ 141.0534427, 38.7952424 ], [ 141.0536529, 38.7955985 ], [ 141.0538706, 38.7959796 ], [ 141.0542421, 38.7967803 ], [ 141.0544205, 38.7972127 ], [ 141.0545042, 38.7974154 ], [ 141.0546117, 38.7976761 ], [ 141.0546344, 38.7977273 ], [ 141.0551268, 38.7987965 ], [ 141.0551816, 38.7989255 ], [ 141.0552274, 38.7990331 ], [ 141.0554215, 38.7993878 ], [ 141.0556016, 38.7996302 ], [ 141.0556982, 38.7997322 ], [ 141.0559407, 38.7999611 ], [ 141.0562918, 38.8002723 ], [ 141.0564643, 38.8003736 ], [ 141.0568027, 38.80052 ], [ 141.0573204, 38.8007228 ], [ 141.0574282, 38.8007734 ], [ 141.0577156, 38.8008746 ], [ 141.0582401, 38.8010533 ], [ 141.0583465, 38.8010902 ], [ 141.058467, 38.8011351 ], [ 141.0586149, 38.8011903 ], [ 141.0590969, 38.8013647 ], [ 141.0595358, 38.8015222 ], [ 141.0598811, 38.801635 ], [ 141.0600158, 38.8016838 ], [ 141.060485, 38.8018544 ], [ 141.0610194, 38.8020522 ], [ 141.0613984, 38.8021924 ], [ 141.0618375, 38.8023447 ], [ 141.06219, 38.8024741 ], [ 141.0626138, 38.8026281 ], [ 141.0629808, 38.8027614 ], [ 141.0633911, 38.8029136 ], [ 141.0637693, 38.8030299 ], [ 141.0638502, 38.8030568 ], [ 141.0639298, 38.8030845 ], [ 141.0640759, 38.8031431 ], [ 141.0644125, 38.8032569 ], [ 141.0654825, 38.8036162 ], [ 141.0661102, 38.8038263 ], [ 141.0663618, 38.8039105 ], [ 141.0665487, 38.803978 ], [ 141.0667015, 38.8040289 ], [ 141.0672756, 38.8042203 ], [ 141.0673919, 38.8042616 ], [ 141.067518, 38.8043064 ], [ 141.0679953, 38.8044628 ], [ 141.0682821, 38.804558 ], [ 141.0684762, 38.8046226 ], [ 141.0692742, 38.8048894 ], [ 141.071289, 38.8056414 ], [ 141.0714018, 38.8056786 ], [ 141.0716425, 38.8057392 ], [ 141.0722311, 38.8059154 ], [ 141.0723822, 38.8059604 ], [ 141.0727488, 38.8060901 ], [ 141.0729406, 38.8061849 ], [ 141.0730797, 38.8062535 ], [ 141.0735689, 38.8065857 ], [ 141.0745256, 38.8072896 ], [ 141.0747053, 38.8074304 ], [ 141.075035, 38.8077241 ], [ 141.0752806, 38.8079429 ], [ 141.0756546, 38.8083207 ], [ 141.0757267, 38.8083934 ], [ 141.0758417, 38.8085118 ], [ 141.0760919, 38.8087478 ], [ 141.0766617, 38.8093115 ], [ 141.076935, 38.8095706 ], [ 141.0771798, 38.8098298 ], [ 141.0773375, 38.810027 ], [ 141.0775031, 38.810314 ], [ 141.0775895, 38.8105562 ], [ 141.0776456, 38.8106988 ], [ 141.0776767, 38.8108205 ], [ 141.077719, 38.8110463 ], [ 141.0777334, 38.8113334 ], [ 141.0776828, 38.8115698 ], [ 141.0776109, 38.8120051 ], [ 141.0775678, 38.8122515 ], [ 141.0775392, 38.8123584 ], [ 141.0775137, 38.8124963 ], [ 141.0774814, 38.8127187 ], [ 141.0774163, 38.8130454 ], [ 141.0769272, 38.8150777 ], [ 141.0765954, 38.8164298 ], [ 141.0765881, 38.8166927 ], [ 141.0765857, 38.8169798 ], [ 141.076611, 38.8171173 ], [ 141.076654, 38.8173143 ], [ 141.0768124, 38.8177254 ], [ 141.0781357, 38.8208342 ], [ 141.0787832, 38.822327 ], [ 141.078811, 38.8224126 ], [ 141.0788479, 38.8225181 ], [ 141.0797826, 38.8247431 ], [ 141.0798877, 38.8249873 ], [ 141.08, 38.825248 ], [ 141.080574, 38.8266239 ], [ 141.0806162, 38.8267224 ], [ 141.081444, 38.8286459 ], [ 141.0817892, 38.8294231 ], [ 141.0818037, 38.8294737 ], [ 141.0820036, 38.82991 ], [ 141.0822928, 38.8305945 ], [ 141.0828465, 38.8318167 ], [ 141.0828895, 38.8319236 ], [ 141.0829615, 38.8320645 ], [ 141.0830767, 38.8322392 ], [ 141.0833645, 38.832605 ], [ 141.0837026, 38.8329992 ], [ 141.0839338, 38.8332295 ], [ 141.0839985, 38.8332938 ], [ 141.0840305, 38.8333283 ], [ 141.0845682, 38.8337729 ], [ 141.0851545, 38.834216 ], [ 141.0860273, 38.8348755 ], [ 141.0863583, 38.8351394 ], [ 141.0875481, 38.8360879 ], [ 141.0878726, 38.8363463 ], [ 141.0880835, 38.8365121 ], [ 141.0887, 38.837001 ], [ 141.089506, 38.8376402 ], [ 141.0906209, 38.8384954 ], [ 141.0908743, 38.8386935 ], [ 141.0914791, 38.8392002 ], [ 141.0917016, 38.839423 ], [ 141.0918391, 38.8395607 ], [ 141.0923071, 38.8400732 ], [ 141.0924153, 38.8402028 ], [ 141.0924871, 38.840276 ], [ 141.0927535, 38.8405802 ], [ 141.0928832, 38.8408055 ], [ 141.0929624, 38.8409913 ], [ 141.0931641, 38.8415599 ], [ 141.0931981, 38.8416538 ], [ 141.0936018, 38.8427691 ], [ 141.093656, 38.842933 ], [ 141.093754, 38.8432227 ], [ 141.0939464, 38.8437892 ], [ 141.0940961, 38.84423 ], [ 141.0945321, 38.845531 ], [ 141.0945549, 38.845606 ], [ 141.0946329, 38.8458521 ], [ 141.0947551, 38.8462293 ], [ 141.0951118, 38.8472975 ], [ 141.0951456, 38.8474101 ], [ 141.0953095, 38.8478572 ], [ 141.0955473, 38.8486007 ], [ 141.0958471, 38.8494666 ], [ 141.0959362, 38.8497624 ], [ 141.0960019, 38.8499871 ], [ 141.0960492, 38.850149 ], [ 141.0963237, 38.8510952 ], [ 141.0963898, 38.8513063 ], [ 141.0964759, 38.8515404 ], [ 141.0965788, 38.851703 ], [ 141.096764, 38.8520079 ], [ 141.0969612, 38.8522968 ], [ 141.0970712, 38.8524324 ], [ 141.0971528, 38.8525543 ], [ 141.09729, 38.8527404 ], [ 141.097592, 38.8531796 ], [ 141.0977792, 38.8535571 ], [ 141.0978656, 38.853816 ], [ 141.0979431, 38.854121 ], [ 141.0979764, 38.8544302 ], [ 141.0979953, 38.8549476 ], [ 141.0980456, 38.8555057 ], [ 141.0980961, 38.8557535 ], [ 141.0981689, 38.8559757 ], [ 141.098287, 38.8562354 ], [ 141.0984186, 38.8564743 ], [ 141.0986103, 38.8567104 ], [ 141.098865, 38.8569851 ], [ 141.0991836, 38.8572634 ], [ 141.0992984, 38.8573473 ], [ 141.0998817, 38.8576684 ], [ 141.1000688, 38.8577528 ], [ 141.1006523, 38.8580401 ], [ 141.1010554, 38.8582487 ], [ 141.1011747, 38.8583204 ], [ 141.1014588, 38.858491 ], [ 141.1019701, 38.8588512 ], [ 141.1021945, 38.8590556 ], [ 141.1026145, 38.8594917 ], [ 141.1032132, 38.8601417 ], [ 141.1050373, 38.8621181 ], [ 141.1060601, 38.8632725 ], [ 141.1063111, 38.8636263 ], [ 141.1064418, 38.8638075 ], [ 141.1065351, 38.8639542 ], [ 141.1081695, 38.8664381 ], [ 141.108391, 38.8667378 ], [ 141.1087243, 38.8672267 ], [ 141.1088898, 38.8674236 ], [ 141.1090195, 38.8675533 ], [ 141.1092932, 38.8677731 ], [ 141.1098907, 38.868139 ], [ 141.1105675, 38.8685274 ], [ 141.1119281, 38.8693119 ], [ 141.1120881, 38.8694039 ], [ 141.1134732, 38.8701944 ], [ 141.1138327, 38.8703931 ], [ 141.114358, 38.8706841 ], [ 141.1147585, 38.8709102 ], [ 141.1149458, 38.8710116 ], [ 141.1157094, 38.8714357 ], [ 141.1159538, 38.8715749 ], [ 141.1162628, 38.8717412 ], [ 141.1164666, 38.8718508 ], [ 141.1168138, 38.8720377 ], [ 141.1173147, 38.8723124 ], [ 141.1176533, 38.8725096 ], [ 141.1179988, 38.8727854 ], [ 141.1181141, 38.8728927 ], [ 141.1182655, 38.8730671 ], [ 141.1184958, 38.8734052 ], [ 141.1186327, 38.8736813 ], [ 141.118683, 38.8738221 ], [ 141.1187552, 38.8741713 ], [ 141.1187711, 38.8745549 ], [ 141.1187308, 38.8749355 ], [ 141.1187113, 38.8750573 ], [ 141.1186541, 38.8754327 ], [ 141.1186255, 38.8756904 ], [ 141.1186035, 38.8758891 ], [ 141.1185532, 38.8762271 ], [ 141.1185099, 38.8765593 ], [ 141.1184445, 38.8770452 ], [ 141.1184007, 38.8773343 ], [ 141.1183612, 38.877589 ], [ 141.1183008, 38.877985 ], [ 141.1182218, 38.8784574 ], [ 141.1181281, 38.879263 ], [ 141.1180706, 38.8798492 ], [ 141.1179958, 38.8806211 ] ] } },
{ "type": "Feature", "properties": { "N12_001": "04", "N12_002": 1, "N12_003": 3, "N12_004": "一般国道6号", "N12_005": 3, "N12_006": 7 }, "geometry": { "type": "LineString", "coordinates": [ [ 140.9004143, 37.9043238 ], [ 140.9005716, 37.9050838 ], [ 140.9008115, 37.9059843 ], [ 140.9010113, 37.9065196 ], [ 140.9011184, 37.9067623 ], [ 140.9014321, 37.9075071 ], [ 140.9015226, 37.9076805 ], [ 140.9016015, 37.9078146 ], [ 140.9016917, 37.9079846 ], [ 140.901724, 37.9080454 ], [ 140.9017853, 37.9081544 ], [ 140.9025155, 37.9090879 ], [ 140.9027002, 37.9093582 ], [ 140.9028675, 37.9095987 ], [ 140.9030058, 37.9097918 ], [ 140.9032186, 37.9100454 ], [ 140.9034843, 37.9104565 ], [ 140.9035868, 37.9106112 ], [ 140.9037182, 37.9108662 ], [ 140.903781, 37.9109986 ], [ 140.9038041, 37.9110538 ], [ 140.9039888, 37.9115046 ], [ 140.9041307, 37.9118368 ], [ 140.904216, 37.9120734 ], [ 140.9042871, 37.9123271 ], [ 140.9043369, 37.9125351 ], [ 140.9043793, 37.9128222 ], [ 140.9043924, 37.9130965 ], [ 140.9043863, 37.913442 ], [ 140.9043676, 37.9135951 ], [ 140.904362, 37.9136398 ], [ 140.9043294, 37.9138929 ], [ 140.9042869, 37.9141351 ], [ 140.9041163, 37.9147492 ], [ 140.904053, 37.9148862 ], [ 140.903995, 37.9150317 ], [ 140.9038746, 37.9152784 ], [ 140.9037828, 37.9154721 ], [ 140.9037368, 37.9155669 ], [ 140.9033603, 37.916422 ], [ 140.9032647, 37.9166373 ], [ 140.90314, 37.9169179 ], [ 140.9028008, 37.9173689 ], [ 140.9027797, 37.9174423 ], [ 140.9027227, 37.9175662 ], [ 140.9026588, 37.917724 ], [ 140.9022894, 37.9185351 ], [ 140.9021948, 37.918774 ], [ 140.9021163, 37.9189552 ], [ 140.9017908, 37.9196673 ], [ 140.9004663, 37.9222589 ], [ 140.9004356, 37.9223225 ], [ 140.9003562, 37.9225081 ], [ 140.9001838, 37.9229108 ], [ 140.9000352, 37.9232581 ], [ 140.8999491, 37.9234593 ], [ 140.8999185, 37.9235209 ], [ 140.8997544, 37.923852 ], [ 140.8996005, 37.9241623 ], [ 140.899543, 37.924267 ], [ 140.899383, 37.924559 ], [ 140.8992707, 37.9247565 ], [ 140.8991421, 37.924994 ], [ 140.8989072, 37.925428 ], [ 140.8988747, 37.9254904 ], [ 140.8984082, 37.9264414 ], [ 140.8979756, 37.9273213 ], [ 140.8979023, 37.92749 ], [ 140.897856, 37.927593 ], [ 140.8977649, 37.9277834 ], [ 140.8977151, 37.9278871 ], [ 140.8971043, 37.9291759 ], [ 140.896841, 37.9297279 ], [ 140.896123, 37.9312148 ], [ 140.8955607, 37.932392 ], [ 140.8953193, 37.9328653 ], [ 140.8951368, 37.9332382 ], [ 140.8950132, 37.9334906 ], [ 140.8947218, 37.9340706 ], [ 140.8944657, 37.9346284 ], [ 140.8943376, 37.9349384 ], [ 140.8942738, 37.9351353 ], [ 140.8942388, 37.93534 ], [ 140.8942096, 37.9355578 ], [ 140.8941957, 37.9359578 ], [ 140.8941993, 37.9364214 ], [ 140.894202, 37.9367601 ], [ 140.8942024, 37.93683 ], [ 140.8942026, 37.9370826 ], [ 140.8942026, 37.9371725 ], [ 140.8942027, 37.9372206 ], [ 140.8941957, 37.9379519 ], [ 140.8941834, 37.9388539 ], [ 140.8941829, 37.9389002 ], [ 140.8941796, 37.9398028 ], [ 140.8941789, 37.9404043 ], [ 140.894183, 37.9407302 ], [ 140.8941906, 37.9413421 ], [ 140.8941852, 37.9416606 ], [ 140.8941821, 37.941845 ], [ 140.8941817, 37.9418909 ], [ 140.8941742, 37.9432754 ], [ 140.8941743, 37.9433215 ], [ 140.8941777, 37.9438962 ], [ 140.8941717, 37.9446871 ], [ 140.8941594, 37.9451844 ], [ 140.894166, 37.945312 ], [ 140.8941255, 37.9456153 ], [ 140.8940748, 37.9458453 ], [ 140.8939958, 37.9460747 ], [ 140.8938322, 37.9464575 ], [ 140.8937041, 37.9467225 ], [ 140.8934305, 37.9473202 ], [ 140.893206, 37.9477006 ], [ 140.8927372, 37.9484122 ], [ 140.8924438, 37.9488602 ], [ 140.8918553, 37.9497306 ], [ 140.8917656, 37.9498633 ], [ 140.8916824, 37.9499864 ], [ 140.8915852, 37.9501302 ], [ 140.8910519, 37.9509525 ], [ 140.8906033, 37.9516545 ], [ 140.8905554, 37.9517294 ], [ 140.8905004, 37.9518152 ], [ 140.8902838, 37.9521525 ], [ 140.8901133, 37.9524116 ], [ 140.8900517, 37.952493 ], [ 140.8898485, 37.9527719 ], [ 140.8897524, 37.9528858 ], [ 140.8896583, 37.9529861 ], [ 140.8892141, 37.9534059 ], [ 140.8891748, 37.9534428 ], [ 140.8889547, 37.9536373 ], [ 140.8888402, 37.9537408 ], [ 140.8881579, 37.9543888 ], [ 140.8877718, 37.9547621 ], [ 140.8871831, 37.9553272 ], [ 140.8870154, 37.9554884 ], [ 140.8864309, 37.9560501 ], [ 140.8863931, 37.9560862 ], [ 140.8861023, 37.9563605 ], [ 140.8857485, 37.9566904 ], [ 140.8856742, 37.9567606 ], [ 140.8851376, 37.9572761 ], [ 140.8845718, 37.9578333 ], [ 140.8843413, 37.9580794 ], [ 140.8840987, 37.9583386 ], [ 140.8840541, 37.9583862 ], [ 140.8838145, 37.9586372 ], [ 140.8835498, 37.9588947 ], [ 140.8834353, 37.9590061 ], [ 140.8833582, 37.9590774 ], [ 140.882872, 37.9595267 ], [ 140.8824939, 37.9598769 ], [ 140.8822342, 37.9601114 ], [ 140.8821395, 37.9601976 ], [ 140.8819572, 37.9603637 ], [ 140.8818075, 37.9605 ], [ 140.8812656, 37.9609897 ], [ 140.8811887, 37.9610592 ], [ 140.8808472, 37.9613677 ], [ 140.8802217, 37.9619702 ], [ 140.8798517, 37.9623139 ], [ 140.8795859, 37.9625801 ], [ 140.8792174, 37.9629775 ], [ 140.8786003, 37.9635983 ], [ 140.8780476, 37.9642999 ], [ 140.8777548, 37.9646715 ], [ 140.8776325, 37.9648265 ], [ 140.8774544, 37.9651025 ], [ 140.8771603, 37.9658044 ], [ 140.8769406, 37.9662587 ], [ 140.8768265, 37.9664839 ], [ 140.8766004, 37.9669401 ], [ 140.876417, 37.9673164 ], [ 140.8763474, 37.9674557 ], [ 140.8763009, 37.9675487 ], [ 140.8762578, 37.9676389 ], [ 140.8758599, 37.9684544 ], [ 140.8754813, 37.9692561 ], [ 140.8752083, 37.969693 ], [ 140.8751047, 37.9699243 ], [ 140.8750841, 37.9699697 ], [ 140.8750349, 37.9700677 ], [ 140.8748952, 37.9703463 ], [ 140.8745637, 37.9710206 ], [ 140.8745249, 37.9711063 ], [ 140.8742513, 37.9717387 ], [ 140.8739623, 37.9723424 ], [ 140.873932, 37.9724082 ], [ 140.8737185, 37.9728899 ], [ 140.8735971, 37.9732314 ], [ 140.873566, 37.9733254 ], [ 140.8734444, 37.9737149 ], [ 140.8733928, 37.9738788 ], [ 140.8732818, 37.9742308 ], [ 140.8731597, 37.9746115 ], [ 140.8729845, 37.9751255 ], [ 140.8728043, 37.9757091 ], [ 140.8727549, 37.9758499 ], [ 140.8726989, 37.9761351 ], [ 140.8726034, 37.9764299 ], [ 140.8724848, 37.9767725 ], [ 140.8722324, 37.977475 ], [ 140.8721339, 37.9777481 ], [ 140.8718513, 37.9785594 ], [ 140.8715512, 37.9796698 ], [ 140.8714652, 37.9799234 ], [ 140.8712996, 37.9804051 ], [ 140.8710491, 37.9811484 ], [ 140.8708293, 37.9816175 ], [ 140.870675, 37.9820056 ], [ 140.870529, 37.9824259 ], [ 140.8704469, 37.9826596 ], [ 140.870333, 37.982986 ], [ 140.8702263, 37.9832993 ], [ 140.8701202, 37.9836486 ], [ 140.8701062, 37.9836924 ], [ 140.8700486, 37.9838593 ], [ 140.8698896, 37.9844596 ], [ 140.8698511, 37.984555 ], [ 140.8698198, 37.9846326 ], [ 140.8697743, 37.9847452 ], [ 140.8695491, 37.985169 ], [ 140.8692557, 37.9857471 ], [ 140.8691632, 37.9859105 ], [ 140.8686157, 37.9867499 ], [ 140.8680484, 37.987598 ], [ 140.867638, 37.988212 ], [ 140.8675804, 37.9882983 ], [ 140.8672518, 37.9887925 ], [ 140.8672223, 37.9888375 ], [ 140.8668662, 37.9893807 ], [ 140.8667015, 37.9896493 ], [ 140.8664965, 37.9899835 ], [ 140.8664427, 37.9900933 ], [ 140.8663773, 37.9902163 ], [ 140.8663064, 37.990362 ], [ 140.8662222, 37.9905518 ], [ 140.8661551, 37.9906988 ], [ 140.8660912, 37.9908736 ], [ 140.8660681, 37.9909373 ], [ 140.866036, 37.9910256 ], [ 140.8659418, 37.9912849 ], [ 140.8656134, 37.9922304 ], [ 140.8655351, 37.9927038 ], [ 140.8654927, 37.9930351 ], [ 140.865464, 37.9932618 ], [ 140.865433, 37.9937286 ], [ 140.8653715, 37.994501 ], [ 140.8653643, 37.9946982 ], [ 140.8653116, 37.9959204 ], [ 140.8653116, 37.9960329 ], [ 140.8652423, 37.9968814 ], [ 140.8652261, 37.9973737 ], [ 140.8652119, 37.9976329 ], [ 140.8651862, 37.9981197 ], [ 140.8651745, 37.9983013 ], [ 140.8651828, 37.9987367 ], [ 140.8651829, 37.9988453 ], [ 140.8651691, 37.9995612 ], [ 140.8651307, 37.9997834 ], [ 140.8651015, 37.9999937 ], [ 140.8650312, 38.0005007 ], [ 140.8649279, 38.0008949 ], [ 140.8647569, 38.0013623 ], [ 140.864661, 38.0016576 ], [ 140.8643491, 38.0026174 ], [ 140.8642531, 38.002913 ], [ 140.8639232, 38.0039759 ], [ 140.8639036, 38.0040427 ], [ 140.8635618, 38.0054501 ], [ 140.8635004, 38.0056452 ], [ 140.8633934, 38.0059646 ], [ 140.8628708, 38.0076752 ], [ 140.8626786, 38.0083271 ], [ 140.8626248, 38.0085096 ], [ 140.8626123, 38.0085535 ], [ 140.8622241, 38.009956 ], [ 140.8622122, 38.01 ], [ 140.8620539, 38.0105925 ], [ 140.8620419, 38.0106375 ], [ 140.8617417, 38.0117612 ], [ 140.8617085, 38.0118682 ], [ 140.8616813, 38.0119579 ], [ 140.861274, 38.0133571 ], [ 140.8612493, 38.0134484 ], [ 140.8611344, 38.0138021 ], [ 140.8609158, 38.0144875 ], [ 140.8608945, 38.0145716 ], [ 140.860619, 38.0154114 ], [ 140.8606038, 38.0154552 ], [ 140.8604803, 38.015759 ], [ 140.8603606, 38.0159746 ], [ 140.8601114, 38.0163687 ], [ 140.8599338, 38.0166234 ], [ 140.8598836, 38.0166954 ], [ 140.8596414, 38.0170054 ], [ 140.8595134, 38.0171593 ], [ 140.8593353, 38.0173829 ], [ 140.8587872, 38.0180023 ], [ 140.8583913, 38.0184235 ], [ 140.8581123, 38.0187316 ], [ 140.8579375, 38.0189241 ], [ 140.8578463, 38.0190119 ], [ 140.8576108, 38.0192658 ], [ 140.8563375, 38.0206141 ], [ 140.8543662, 38.0227282 ], [ 140.853697, 38.0233479 ], [ 140.8532059, 38.0237871 ], [ 140.8526535, 38.0242447 ], [ 140.8525356, 38.0243436 ], [ 140.8521023, 38.024711 ], [ 140.8517539, 38.0249938 ], [ 140.8512906, 38.0253699 ], [ 140.851158, 38.0254874 ], [ 140.8510199, 38.0256067 ], [ 140.8507567, 38.0258658 ], [ 140.8505075, 38.0261363 ], [ 140.8502939, 38.026418 ], [ 140.8500588, 38.0267724 ], [ 140.8500344, 38.026823 ], [ 140.8499509, 38.0269958 ], [ 140.8499128, 38.0270829 ], [ 140.8497457, 38.0275052 ], [ 140.8495961, 38.0279274 ], [ 140.8494624, 38.0283859 ], [ 140.8494253, 38.0285131 ], [ 140.8493683, 38.0287777 ], [ 140.8492266, 38.0295096 ], [ 140.849211, 38.0296031 ], [ 140.8491833, 38.029758 ], [ 140.8490194, 38.0303271 ], [ 140.8489079, 38.0306259 ], [ 140.8488465, 38.0307475 ], [ 140.8487606, 38.0309175 ], [ 140.848709, 38.0310196 ], [ 140.8485458, 38.0313196 ], [ 140.848523, 38.0313626 ], [ 140.8481794, 38.0320507 ], [ 140.8481224, 38.0321521 ], [ 140.8479305, 38.0325401 ], [ 140.8478704, 38.0326675 ], [ 140.847798, 38.0328208 ], [ 140.8477521, 38.032918 ], [ 140.8476026, 38.03329 ], [ 140.8475925, 38.0333252 ], [ 140.8475316, 38.0335377 ], [ 140.8474746, 38.0338308 ], [ 140.8474177, 38.0343658 ], [ 140.8474122, 38.0346497 ], [ 140.8474111, 38.0347635 ], [ 140.8474104, 38.0348443 ], [ 140.8474234, 38.0352124 ], [ 140.8474253, 38.0352574 ], [ 140.8474316, 38.0353852 ], [ 140.8475027, 38.0359205 ], [ 140.8476949, 38.036653 ], [ 140.8477235, 38.0367149 ], [ 140.8477652, 38.036875 ], [ 140.847894, 38.0375158 ], [ 140.8479212, 38.0376511 ], [ 140.8479299, 38.0376949 ], [ 140.8479513, 38.0379705 ], [ 140.8479577, 38.0382293 ], [ 140.8479585, 38.0383204 ], [ 140.8479585, 38.0387427 ], [ 140.8479299, 38.0392215 ], [ 140.8479016, 38.0394638 ], [ 140.8478722, 38.0397593 ], [ 140.8478299, 38.0401853 ], [ 140.8478145, 38.0403806 ], [ 140.8478016, 38.0405451 ], [ 140.8478016, 38.0411422 ], [ 140.8478299, 38.041424 ], [ 140.847867, 38.0416604 ], [ 140.8479155, 38.0419704 ], [ 140.8480049, 38.0423935 ], [ 140.8480527, 38.042606 ], [ 140.8480644, 38.04265 ], [ 140.8481291, 38.0428604 ], [ 140.848243, 38.0431646 ], [ 140.8484138, 38.0435135 ], [ 140.8486275, 38.0438912 ], [ 140.8491189, 38.0446932 ], [ 140.8492083, 38.0448513 ], [ 140.8495687, 38.0454344 ], [ 140.8496554, 38.0455735 ], [ 140.8498589, 38.0458965 ], [ 140.8500345, 38.0461599 ], [ 140.8502112, 38.0464252 ], [ 140.8503431, 38.0466231 ], [ 140.8507314, 38.0471849 ], [ 140.850883, 38.0474109 ], [ 140.8517063, 38.0486151 ], [ 140.8517547, 38.0486864 ], [ 140.8522494, 38.0494209 ], [ 140.8526055, 38.0499438 ], [ 140.8527792, 38.0501968 ], [ 140.8528424, 38.0502881 ], [ 140.852991, 38.0505494 ], [ 140.8530913, 38.0507225 ], [ 140.8532012, 38.0509482 ], [ 140.8532516, 38.0510801 ], [ 140.8532843, 38.0511687 ], [ 140.8534039, 38.0515063 ], [ 140.8534191, 38.0515525 ], [ 140.8536388, 38.0522733 ], [ 140.8537599, 38.052752 ], [ 140.8538026, 38.0529723 ], [ 140.8538524, 38.0531914 ], [ 140.8538952, 38.053428 ], [ 140.8539528, 38.053728 ], [ 140.8539985, 38.0539692 ], [ 140.8540537, 38.0544174 ], [ 140.8540657, 38.0544925 ], [ 140.8540955, 38.0546798 ], [ 140.8541652, 38.055118 ], [ 140.8542662, 38.0558202 ], [ 140.8542863, 38.055963 ], [ 140.8543719, 38.0565094 ], [ 140.8544585, 38.0571162 ], [ 140.8544802, 38.0572653 ], [ 140.8545284, 38.0575895 ], [ 140.8546462, 38.0583269 ], [ 140.854678, 38.058526 ], [ 140.8547152, 38.0587003 ], [ 140.8547844, 38.0590274 ], [ 140.8548841, 38.0593541 ], [ 140.8550408, 38.0598216 ], [ 140.8551267, 38.0600289 ], [ 140.8551484, 38.0600814 ], [ 140.855223, 38.0602613 ], [ 140.8553623, 38.0605686 ], [ 140.8554805, 38.0607818 ], [ 140.8557853, 38.061231 ], [ 140.8561158, 38.0616693 ], [ 140.8565145, 38.0621254 ], [ 140.8569059, 38.0625254 ], [ 140.8576676, 38.0632015 ], [ 140.8583681, 38.0637808 ], [ 140.8590736, 38.0643641 ], [ 140.8592428, 38.064504 ], [ 140.8599543, 38.0650812 ], [ 140.8605152, 38.0655562 ], [ 140.8606881, 38.065705 ], [ 140.8628002, 38.0674036 ], [ 140.8632359, 38.0677388 ], [ 140.8648167, 38.0690361 ], [ 140.8660765, 38.0700682 ], [ 140.86842, 38.0719593 ], [ 140.8698335, 38.0731102 ], [ 140.871613, 38.074589 ], [ 140.8720506, 38.0749932 ], [ 140.8722736, 38.0751992 ], [ 140.8724329, 38.0753424 ], [ 140.8724873, 38.0753984 ], [ 140.8729797, 38.0759049 ], [ 140.8736134, 38.0766146 ], [ 140.8740834, 38.0772229 ], [ 140.8742699, 38.077508 ], [ 140.8742898, 38.0775384 ], [ 140.8743967, 38.0777243 ], [ 140.8745593, 38.0780501 ], [ 140.8746287, 38.0782087 ], [ 140.8746549, 38.0782731 ], [ 140.8746948, 38.0783709 ], [ 140.8748308, 38.0787216 ], [ 140.8749348, 38.0790161 ], [ 140.8749782, 38.0791565 ], [ 140.8750354, 38.0793996 ], [ 140.8750798, 38.0795887 ], [ 140.8751796, 38.0802195 ], [ 140.8752281, 38.0807406 ], [ 140.8752332, 38.0808085 ], [ 140.8752412, 38.0809376 ], [ 140.8752443, 38.0811439 ], [ 140.8752365, 38.0813289 ], [ 140.8751937, 38.0818309 ], [ 140.8751365, 38.0822359 ], [ 140.8750957, 38.0824336 ], [ 140.8750698, 38.0825349 ], [ 140.875044, 38.0826358 ], [ 140.8750354, 38.0826769 ], [ 140.8750084, 38.0828051 ], [ 140.8748615, 38.0833264 ], [ 140.8748466, 38.0833794 ], [ 140.8747234, 38.0838165 ], [ 140.8745381, 38.0844739 ], [ 140.8740448, 38.0863142 ], [ 140.8735225, 38.0881274 ], [ 140.8733367, 38.0888433 ], [ 140.8731631, 38.0895295 ], [ 140.8726468, 38.0916597 ], [ 140.8722462, 38.0933451 ], [ 140.8720539, 38.0941269 ], [ 140.8717717, 38.0952869 ], [ 140.8716117, 38.0959619 ], [ 140.8712411, 38.0973272 ], [ 140.8710759, 38.0979064 ], [ 140.8710255, 38.0980629 ], [ 140.8709703, 38.0982299 ], [ 140.8708775, 38.0985047 ], [ 140.8708074, 38.0987131 ], [ 140.8707357, 38.0989259 ], [ 140.8706887, 38.0990948 ], [ 140.8706488, 38.0992427 ], [ 140.8705128, 38.0997476 ], [ 140.8704714, 38.0999013 ], [ 140.8704412, 38.1000406 ], [ 140.8703848, 38.1003007 ], [ 140.8703567, 38.1004203 ], [ 140.870297, 38.1006825 ], [ 140.8702803, 38.1008961 ], [ 140.8702755, 38.101089 ], [ 140.8702794, 38.1013334 ] ] } },
{ "type": "Feature", "properties": { "N12_001": "04", "N12_002": 1, "N12_003": 3, "N12_004": "一般国道6号", "N12_005": 3, "N12_006": 8 }, "geometry": { "type": "LineString", "coordinates": [ [ 140.9018284, 37.8975998 ], [ 140.9014779, 37.898172 ], [ 140.9011401, 37.8989191 ], [ 140.9008764, 37.8995893 ], [ 140.9006064, 37.9004723 ], [ 140.9004909, 37.9010539 ], [ 140.9004237, 37.9014946 ] ] } },
{ "type": "Feature", "properties": { "N12_001": "04", "N12_002": 1, "N12_003": 3, "N12_004": "一般国道45号", "N12_005": 4, "N12_006": 2 }, "geometry": { "type": "LineString", "coordinates": [ [ 141.5493302, 38.9141541 ], [ 141.550351, 38.9137579 ], [ 141.551054, 38.9135431 ], [ 141.5514782, 38.9133515 ], [ 141.551699, 38.9131947 ], [ 141.5517164, 38.9129857 ] ] } },
{ "type": "Feature", "properties": { "N12_001": "04", "N12_002": 1, "N12_003": 3, "N12_004": "一般国道47号", "N12_005": 5, "N12_006": 2 }, "geometry": { "type": "LineString", "coordinates": [ [ 140.6206996, 38.7313067 ], [ 140.6207834, 38.7311159 ], [ 140.6210738, 38.7306527 ], [ 140.621201, 38.7305367 ], [ 140.6213029, 38.7304669 ], [ 140.6214262, 38.7304201 ], [ 140.6215049, 38.73039 ], [ 140.6215965, 38.730353 ], [ 140.6218299, 38.7302952 ], [ 140.6220424, 38.7302438 ], [ 140.6223126, 38.7302055 ], [ 140.6226069, 38.7301672 ], [ 140.6228932, 38.7301349 ], [ 140.623051, 38.7301055 ], [ 140.6231507, 38.7300869 ], [ 140.6238788, 38.7299652 ], [ 140.6247451, 38.729801 ], [ 140.6250266, 38.7297477 ], [ 140.6257022, 38.7296197 ], [ 140.6263647, 38.7294721 ], [ 140.6268472, 38.7293761 ], [ 140.6272563, 38.7292866 ], [ 140.6275262, 38.729248 ], [ 140.6277961, 38.7292224 ], [ 140.6280494, 38.7292416 ], [ 140.6283355, 38.7292994 ], [ 140.6286833, 38.7294241 ], [ 140.628863, 38.7295138 ], [ 140.6290514, 38.729578 ], [ 140.6292067, 38.7296099 ], [ 140.6294359, 38.7296227 ], [ 140.6296891, 38.7296357 ], [ 140.6300982, 38.7296424 ], [ 140.6304539, 38.7296518 ], [ 140.6308712, 38.729671 ], [ 140.6312964, 38.7297096 ], [ 140.6317786, 38.7297543 ], [ 140.6322531, 38.7297607 ], [ 140.6327028, 38.7297032 ], [ 140.6331011, 38.729581 ], [ 140.6334717, 38.7294661 ], [ 140.6345717, 38.7290402 ], [ 140.6351033, 38.7288163 ], [ 140.6354551, 38.7286432 ], [ 140.6356838, 38.7285215 ], [ 140.6360029, 38.7283035 ], [ 140.6362069, 38.7281183 ], [ 140.6364117, 38.7279386 ], [ 140.6366162, 38.7277846 ], [ 140.6368207, 38.7276821 ], [ 140.6370087, 38.7276182 ], [ 140.6373032, 38.7276118 ], [ 140.6376219, 38.7276501 ], [ 140.6380721, 38.7277082 ], [ 140.6382597, 38.7277217 ], [ 140.6385137, 38.7277401 ], [ 140.6389718, 38.7277593 ], [ 140.6392907, 38.7277593 ], [ 140.6395765, 38.727721 ], [ 140.6398057, 38.727644 ], [ 140.6401124, 38.7274551 ], [ 140.640554, 38.7271026 ], [ 140.6407666, 38.7269682 ], [ 140.6409465, 38.7268593 ], [ 140.641151, 38.7268015 ], [ 140.6414046, 38.7267504 ], [ 140.6416935, 38.7267118 ], [ 140.641789, 38.726699 ], [ 140.6420263, 38.7266546 ], [ 140.6422716, 38.7265712 ], [ 140.6425088, 38.726456 ], [ 140.6427827, 38.7262798 ], [ 140.6431916, 38.7259659 ], [ 140.6433716, 38.7258312 ], [ 140.6435924, 38.7256904 ], [ 140.6438052, 38.7255815 ], [ 140.6440424, 38.7254726 ], [ 140.6443205, 38.7253637 ], [ 140.6446064, 38.7252804 ], [ 140.6447455, 38.7252484 ], [ 140.645273, 38.7251237 ], [ 140.6455675, 38.7250468 ], [ 140.6457113, 38.7249918 ], [ 140.6459192, 38.7249123 ], [ 140.646418, 38.7246687 ], [ 140.6467453, 38.7245279 ], [ 140.6469661, 38.7244382 ], [ 140.6471869, 38.7243934 ], [ 140.6473014, 38.724387 ], [ 140.6476325, 38.7243965 ], [ 140.6478206, 38.7244351 ], [ 140.6479517, 38.7244862 ], [ 140.6482622, 38.7245887 ], [ 140.6484992, 38.7246401 ], [ 140.6487772, 38.7246656 ], [ 140.6491453, 38.7246401 ], [ 140.6494234, 38.7245887 ], [ 140.6497097, 38.7245504 ], [ 140.6499794, 38.7245462 ], [ 140.6502331, 38.7245631 ], [ 140.6504375, 38.7246142 ], [ 140.6506667, 38.7247039 ], [ 140.6508711, 38.7248451 ], [ 140.6510195, 38.7250226 ], [ 140.6512086, 38.7253191 ], [ 140.6513003, 38.7254631 ], [ 140.6514639, 38.7256234 ], [ 140.6516436, 38.7257578 ], [ 140.6518645, 38.7258859 ], [ 140.6520853, 38.7259948 ], [ 140.6523798, 38.7260882 ], [ 140.6526498, 38.7261742 ], [ 140.652977, 38.7262512 ], [ 140.6532876, 38.7262831 ], [ 140.6536598, 38.7262737 ], [ 140.654044, 38.7262159 ], [ 140.6544546, 38.7261322 ], [ 140.6551073, 38.7259981 ], [ 140.6559045, 38.7258286 ], [ 140.6566818, 38.7256875 ], [ 140.6571397, 38.7256108 ], [ 140.6575073, 38.7255659 ], [ 140.6577406, 38.7255369 ], [ 140.6580187, 38.725505 ], [ 140.6583213, 38.7254794 ], [ 140.6585337, 38.7254667 ], [ 140.6588446, 38.7254667 ], [ 140.6592422, 38.7255032 ], [ 140.6597852, 38.72555 ], [ 140.660223, 38.7256108 ], [ 140.660656, 38.7256747 ], [ 140.6610241, 38.7257517 ], [ 140.6612613, 38.7258222 ], [ 140.6614863, 38.7259533 ], [ 140.6617152, 38.72612 ], [ 140.6618788, 38.7262995 ], [ 140.662002, 38.72655 ], [ 140.6620449, 38.7266402 ], [ 140.6620997, 38.7267543 ], [ 140.662206, 38.7269464 ], [ 140.6623777, 38.7271003 ], [ 140.6626066, 38.7272091 ], [ 140.6629663, 38.7273244 ], [ 140.6633631, 38.7273916 ], [ 140.6637227, 38.7274366 ], [ 140.6641319, 38.7274366 ], [ 140.6644672, 38.7273661 ], [ 140.6646328, 38.7273153 ], [ 140.6651892, 38.7271361 ], [ 140.665812, 38.7268741 ], [ 140.6660877, 38.7268216 ], [ 140.6662349, 38.7267946 ], [ 140.6664214, 38.7267874 ], [ 140.6666465, 38.7267991 ], [ 140.6668264, 38.7268119 ], [ 140.6670636, 38.7268761 ], [ 140.6673416, 38.7269591 ], [ 140.6685439, 38.7273627 ], [ 140.6688994, 38.7274877 ], [ 140.6692594, 38.7276349 ], [ 140.6696028, 38.7277888 ], [ 140.6699464, 38.7279619 ], [ 140.6702817, 38.728141 ], [ 140.6705719, 38.7282724 ], [ 140.6707192, 38.7283302 ], [ 140.670887, 38.7283718 ], [ 140.6710949, 38.7284083 ], [ 140.6716185, 38.728516 ], [ 140.6721711, 38.7286183 ], [ 140.6727309, 38.7287016 ], [ 140.6733118, 38.7287465 ], [ 140.6740192, 38.7287818 ], [ 140.6746895, 38.7287946 ], [ 140.6752073, 38.728768 ], [ 140.6754501, 38.728756 ], [ 140.6759287, 38.7286954 ], [ 140.676264, 38.7286315 ], [ 140.6766157, 38.7285418 ], [ 140.6769757, 38.7284393 ], [ 140.6774247, 38.7282855 ], [ 140.6780385, 38.7280676 ], [ 140.6785127, 38.7278691 ], [ 140.6788727, 38.7277282 ], [ 140.6791346, 38.727632 ], [ 140.6795027, 38.7275232 ], [ 140.679846, 38.7274462 ], [ 140.6800145, 38.7274221 ], [ 140.680206, 38.7273954 ], [ 140.6806149, 38.7273695 ], [ 140.680731, 38.7273749 ], [ 140.6811014, 38.727392 ], [ 140.6816983, 38.7274434 ], [ 140.6822053, 38.7275009 ], [ 140.682688, 38.7275523 ], [ 140.6830969, 38.7275651 ], [ 140.6837307, 38.7275681 ], [ 140.6856689, 38.7275489 ], [ 140.6860492, 38.727565 ], [ 140.6862861, 38.7276161 ], [ 140.6865689, 38.7277354 ], [ 140.6869447, 38.7278965 ], [ 140.6872023, 38.728007 ], [ 140.6882042, 38.7284459 ], [ 140.6887109, 38.7286636 ], [ 140.6889398, 38.7287981 ], [ 140.689087, 38.7289069 ], [ 140.6891732, 38.7290081 ], [ 140.6892409, 38.7291267 ], [ 140.6892753, 38.7292467 ], [ 140.6892956, 38.7295958 ], [ 140.6891198, 38.7306108 ], [ 140.6890953, 38.7307966 ], [ 140.6890461, 38.7309697 ], [ 140.6889809, 38.7311425 ], [ 140.6888703, 38.7313956 ], [ 140.688537, 38.7320335 ], [ 140.6878618, 38.7333247 ], [ 140.6874186, 38.7341725 ], [ 140.6873941, 38.7342939 ], [ 140.6874022, 38.7344347 ], [ 140.6874594, 38.7345694 ], [ 140.687533, 38.7346847 ], [ 140.687615, 38.7347872 ], [ 140.6877866, 38.7349472 ], [ 140.68813, 38.7352419 ], [ 140.6887658, 38.7357369 ], [ 140.6888891, 38.7358244 ], [ 140.6890233, 38.7359194 ], [ 140.6895146, 38.7362656 ], [ 140.6897838, 38.7363543 ], [ 140.6901886, 38.7364991 ], [ 140.6905399, 38.7366077 ], [ 140.6908592, 38.7367172 ], [ 140.6911834, 38.7368522 ], [ 140.6914317, 38.7369797 ], [ 140.6916942, 38.7371473 ], [ 140.6919592, 38.7373416 ], [ 140.6921666, 38.7375041 ], [ 140.6923889, 38.7376802 ], [ 140.6924926, 38.7377835 ], [ 140.6929773, 38.7382674 ], [ 140.6932514, 38.7385521 ], [ 140.6934475, 38.7387444 ], [ 140.6936043, 38.7388833 ], [ 140.693781, 38.7390339 ], [ 140.6939545, 38.7391416 ], [ 140.6942243, 38.7392697 ], [ 140.6944862, 38.7393721 ], [ 140.6948051, 38.739481 ], [ 140.6950912, 38.7395707 ], [ 140.6953654, 38.7396124 ], [ 140.6956351, 38.7396507 ], [ 140.6958723, 38.7396571 ], [ 140.6961176, 38.7396443 ], [ 140.6964282, 38.7395996 ], [ 140.6967311, 38.7395354 ], [ 140.6969968, 38.7394749 ], [ 140.6973076, 38.7393852 ], [ 140.6975201, 38.7392954 ], [ 140.6977451, 38.7391065 ], [ 140.697884, 38.7388825 ], [ 140.6979267, 38.7387907 ], [ 140.6979824, 38.738671 ], [ 140.6980306, 38.7385437 ], [ 140.6980911, 38.7383847 ], [ 140.6981868, 38.7381585 ], [ 140.6982482, 38.7380463 ], [ 140.6983707, 38.7379182 ], [ 140.6985283, 38.7377813 ], [ 140.6986695, 38.7376586 ], [ 140.6996177, 38.7369415 ], [ 140.7000277, 38.7366299 ], [ 140.7005447, 38.736237 ], [ 140.7007261, 38.736099 ], [ 140.7008813, 38.7359837 ], [ 140.7010408, 38.7358852 ], [ 140.7011677, 38.7358107 ], [ 140.701368, 38.7357118 ], [ 140.7015725, 38.7356348 ], [ 140.7017852, 38.7355771 ], [ 140.7019897, 38.7355387 ], [ 140.7022758, 38.7355132 ], [ 140.7023702, 38.7355077 ], [ 140.7024157, 38.7355096 ], [ 140.702513, 38.7355195 ], [ 140.7026564, 38.7355515 ], [ 140.7028442, 38.7356379 ], [ 140.7032817, 38.7358429 ], [ 140.7049672, 38.7366145 ], [ 140.7050882, 38.7366719 ], [ 140.7052872, 38.736767 ], [ 140.7059198, 38.7371048 ], [ 140.7061786, 38.7372345 ], [ 140.706375, 38.7373242 ], [ 140.7065387, 38.7373881 ], [ 140.7067351, 38.7374395 ], [ 140.7075353, 38.7375467 ], [ 140.7077499, 38.7375781 ], [ 140.7079315, 38.737615 ], [ 140.7080762, 38.73766 ], [ 140.7082635, 38.7377488 ], [ 140.7085709, 38.7380192 ], [ 140.7092701, 38.73849 ], [ 140.7094273, 38.7386242 ], [ 140.7098487, 38.7389831 ], [ 140.7101818, 38.7392668 ], [ 140.7104108, 38.739463 ], [ 140.7108895, 38.7398741 ], [ 140.7118256, 38.7407294 ], [ 140.7124921, 38.7413791 ], [ 140.7127751, 38.7416578 ], [ 140.7135754, 38.7424455 ], [ 140.7138874, 38.7427416 ], [ 140.7143019, 38.7431274 ], [ 140.7145652, 38.7433616 ], [ 140.7149249, 38.7436949 ], [ 140.7151293, 38.7439063 ], [ 140.7154069, 38.7441173 ], [ 140.7157882, 38.7444159 ], [ 140.7163927, 38.7449024 ], [ 140.7166946, 38.7451328 ], [ 140.7176825, 38.7458866 ], [ 140.718838, 38.7467599 ], [ 140.7195536, 38.7472626 ], [ 140.7203855, 38.747809 ], [ 140.7207023, 38.7479898 ], [ 140.7209397, 38.7481115 ], [ 140.721087, 38.7481885 ], [ 140.7212144, 38.7482417 ], [ 140.7213322, 38.748291 ], [ 140.7214714, 38.7483357 ], [ 140.7217861, 38.7484351 ], [ 140.7220889, 38.7485248 ], [ 140.7224486, 38.7486145 ], [ 140.7230048, 38.7487235 ], [ 140.7232417, 38.7487682 ], [ 140.7250388, 38.7489225 ], [ 140.7251434, 38.7489315 ], [ 140.7264273, 38.7489828 ], [ 140.7281759, 38.748992 ], [ 140.7291906, 38.7489935 ], [ 140.7307046, 38.7489958 ], [ 140.7311298, 38.7489639 ], [ 140.7314816, 38.7489253 ], [ 140.7318574, 38.7488742 ], [ 140.7331699, 38.7485634 ], [ 140.7335079, 38.7484798 ], [ 140.7339594, 38.748368 ], [ 140.7345811, 38.7481822 ], [ 140.7350756, 38.7479869 ], [ 140.735362, 38.7478525 ], [ 140.7357053, 38.7476411 ], [ 140.7367153, 38.7469135 ], [ 140.7370467, 38.7466611 ], [ 140.737374, 38.7463858 ], [ 140.7375334, 38.7462352 ], [ 140.7377121, 38.7460547 ], [ 140.7378443, 38.7459213 ], [ 140.7379587, 38.7457738 ], [ 140.7380568, 38.7456266 ], [ 140.7381876, 38.7454408 ], [ 140.7382697, 38.7452737 ], [ 140.738392, 38.7450052 ], [ 140.7385271, 38.7446109 ], [ 140.7386254, 38.7441694 ], [ 140.7388585, 38.7432758 ], [ 140.7389074, 38.7430899 ], [ 140.7389565, 38.7428913 ], [ 140.7390221, 38.7426864 ], [ 140.7391203, 38.7424938 ], [ 140.7392265, 38.7423019 ], [ 140.7394188, 38.7420297 ], [ 140.7396651, 38.7416574 ], [ 140.7397704, 38.7414983 ], [ 140.7401343, 38.7410402 ], [ 140.740396, 38.7407391 ], [ 140.7407884, 38.7403356 ], [ 140.7411241, 38.740028 ], [ 140.741496, 38.7397242 ], [ 140.7416952, 38.7395794 ], [ 140.7419449, 38.739398 ], [ 140.7423383, 38.7391155 ], [ 140.7425469, 38.7389841 ], [ 140.7428167, 38.7388238 ], [ 140.7431961, 38.738618 ], [ 140.7434014, 38.7385163 ], [ 140.7442686, 38.7380971 ], [ 140.7453803, 38.7375807 ], [ 140.7459492, 38.7373187 ], [ 140.746572, 38.7370496 ], [ 140.7488056, 38.7360828 ], [ 140.7500288, 38.7355659 ], [ 140.7503766, 38.7354189 ], [ 140.7509956, 38.7351574 ], [ 140.7515013, 38.7349415 ], [ 140.7521552, 38.7346484 ], [ 140.7534574, 38.7340857 ], [ 140.7541309, 38.7337979 ], [ 140.7544139, 38.7336754 ], [ 140.7546625, 38.7335726 ], [ 140.7548776, 38.7334937 ], [ 140.7551367, 38.7334095 ], [ 140.755272, 38.7333695 ], [ 140.755429, 38.733324 ], [ 140.7556181, 38.7332743 ], [ 140.7559039, 38.7332151 ], [ 140.7560655, 38.7331892 ], [ 140.7564706, 38.7331634 ], [ 140.756637, 38.7331587 ], [ 140.7569615, 38.7331617 ], [ 140.7572348, 38.7331826 ], [ 140.7575182, 38.7332198 ], [ 140.7577807, 38.7332631 ], [ 140.758048, 38.7333259 ], [ 140.7583623, 38.733411 ], [ 140.7585985, 38.7334806 ], [ 140.7587935, 38.7335503 ], [ 140.7590196, 38.7336431 ], [ 140.759239, 38.733742 ], [ 140.7593458, 38.7338105 ], [ 140.7594618, 38.7338775 ], [ 140.7609413, 38.7348934 ], [ 140.7613152, 38.73515 ], [ 140.761616, 38.735327 ], [ 140.761804, 38.7354262 ], [ 140.7619863, 38.7355172 ], [ 140.7622307, 38.7356236 ], [ 140.7623929, 38.73569 ], [ 140.7627329, 38.7357861 ], [ 140.7628894, 38.7358228 ], [ 140.7632335, 38.7358878 ], [ 140.7635208, 38.7359275 ], [ 140.7638875, 38.7359555 ], [ 140.7643328, 38.7359555 ], [ 140.7646419, 38.7359386 ], [ 140.7648294, 38.7359186 ], [ 140.7649722, 38.7358936 ], [ 140.76522, 38.7358383 ], [ 140.7655183, 38.7357528 ], [ 140.7659133, 38.7356458 ], [ 140.7664091, 38.7354881 ], [ 140.7667608, 38.7353755 ], [ 140.7674653, 38.73515 ], [ 140.7680261, 38.7349696 ], [ 140.7682609, 38.7348886 ], [ 140.7688596, 38.7346838 ], [ 140.7693633, 38.7345358 ], [ 140.7716606, 38.7339768 ], [ 140.7729207, 38.7337134 ], [ 140.7744142, 38.7333661 ], [ 140.7748975, 38.7332621 ], [ 140.7751083, 38.7332158 ], [ 140.7757375, 38.7330916 ], [ 140.7764673, 38.7329872 ], [ 140.7769971, 38.7329609 ], [ 140.7772847, 38.7329457 ], [ 140.7775822, 38.7329438 ], [ 140.7778544, 38.7329457 ], [ 140.778213, 38.7329646 ], [ 140.778558, 38.7329947 ], [ 140.7790777, 38.7330651 ], [ 140.7795126, 38.7331365 ], [ 140.7796977, 38.7331654 ], [ 140.7803105, 38.7332732 ], [ 140.7805712, 38.7333237 ], [ 140.7808781, 38.7333832 ], [ 140.781917, 38.7335848 ], [ 140.7824505, 38.7336926 ], [ 140.782762, 38.7337465 ], [ 140.7830546, 38.7337812 ], [ 140.7833629, 38.7338012 ], [ 140.7836415, 38.733814 ], [ 140.7839169, 38.7338176 ], [ 140.7842334, 38.7338159 ], [ 140.7845063, 38.7338062 ], [ 140.7847433, 38.7337855 ], [ 140.7850023, 38.7337615 ], [ 140.7854139, 38.7336974 ], [ 140.7857567, 38.733629 ], [ 140.7859322, 38.733589 ], [ 140.7862158, 38.7335131 ], [ 140.786336, 38.7334769 ], [ 140.7867528, 38.7333515 ], [ 140.7871627, 38.7332463 ], [ 140.788308, 38.7327964 ], [ 140.7904131, 38.7319797 ], [ 140.7907509, 38.7318503 ], [ 140.7910076, 38.7317511 ], [ 140.7912319, 38.7316646 ], [ 140.7915639, 38.7315275 ], [ 140.7916562, 38.7314897 ], [ 140.7917637, 38.7314319 ], [ 140.7918361, 38.7313894 ], [ 140.7919389, 38.7313259 ], [ 140.7920779, 38.7312266 ], [ 140.7930042, 38.7304266 ], [ 140.7933659, 38.7300986 ], [ 140.7941923, 38.7293719 ], [ 140.7948101, 38.7288144 ], [ 140.7949538, 38.7286961 ], [ 140.7955502, 38.7281614 ], [ 140.7957871, 38.7279697 ], [ 140.7961174, 38.7276771 ], [ 140.7967285, 38.7271247 ], [ 140.7971734, 38.7267337 ], [ 140.7974469, 38.7264941 ], [ 140.7988983, 38.7251986 ], [ 140.7991275, 38.7250066 ], [ 140.7992968, 38.7248668 ], [ 140.7996703, 38.7245383 ], [ 140.7998282, 38.7243899 ], [ 140.8000438, 38.7241669 ], [ 140.8000983, 38.7241108 ], [ 140.8001631, 38.7240441 ], [ 140.8002375, 38.723956 ], [ 140.8002909, 38.7238783 ], [ 140.8003634, 38.7237694 ], [ 140.8004289, 38.7236666 ], [ 140.8005006, 38.7235285 ], [ 140.8007595, 38.7229738 ], [ 140.8012912, 38.7218588 ], [ 140.8015714, 38.7212616 ], [ 140.8022323, 38.7198763 ], [ 140.8023187, 38.7197074 ], [ 140.8025415, 38.7192005 ], [ 140.8026204, 38.7190282 ], [ 140.8026993, 38.718863 ], [ 140.8027707, 38.7187205 ], [ 140.8028182, 38.7186329 ], [ 140.8028895, 38.7185294 ], [ 140.8029795, 38.718423 ], [ 140.8030993, 38.7183032 ], [ 140.8032096, 38.7181977 ], [ 140.8034108, 38.7180287 ], [ 140.8035974, 38.7178969 ], [ 140.8038063, 38.7177524 ], [ 140.8038779, 38.7177092 ], [ 140.8040182, 38.7176321 ], [ 140.8041507, 38.7175671 ], [ 140.8046321, 38.7173699 ], [ 140.8053577, 38.7170938 ], [ 140.8058607, 38.7169193 ], [ 140.8063638, 38.7167277 ], [ 140.8065568, 38.7166568 ], [ 140.8069448, 38.7165144 ], [ 140.8074213, 38.7163443 ], [ 140.8079513, 38.7161535 ], [ 140.8080801, 38.7161168 ], [ 140.8082316, 38.7160801 ], [ 140.8082982, 38.716067 ], [ 140.8083629, 38.7160544 ], [ 140.808483, 38.7160352 ], [ 140.8086486, 38.7160154 ], [ 140.8088352, 38.7159957 ], [ 140.8091425, 38.7159779 ], [ 140.80944, 38.7159779 ], [ 140.8096255, 38.7159901 ], [ 140.8097836, 38.7160071 ], [ 140.8099272, 38.7160296 ], [ 140.8104875, 38.7161535 ], [ 140.8109208, 38.7162582 ], [ 140.8112777, 38.7163448 ], [ 140.8116731, 38.7164521 ], [ 140.8121838, 38.716592 ], [ 140.8123695, 38.7166433 ], [ 140.8132248, 38.7168801 ], [ 140.8134526, 38.7169386 ], [ 140.8136775, 38.7169926 ], [ 140.8138764, 38.7170292 ], [ 140.8140729, 38.717052 ], [ 140.8142131, 38.7170601 ], [ 140.8144162, 38.7170576 ], [ 140.8145115, 38.7170504 ], [ 140.8146117, 38.7170326 ], [ 140.8147228, 38.7170054 ], [ 140.8148809, 38.7169562 ], [ 140.8153876, 38.7167506 ], [ 140.8156136, 38.7166567 ], [ 140.816004, 38.7164945 ], [ 140.8164654, 38.7163114 ], [ 140.8166522, 38.7162412 ], [ 140.8168101, 38.7161817 ], [ 140.8172771, 38.7160014 ], [ 140.8174723, 38.7159356 ], [ 140.8176426, 38.7158831 ], [ 140.8178088, 38.7158381 ], [ 140.8179451, 38.7158103 ], [ 140.8180487, 38.7158008 ], [ 140.8182263, 38.715792 ], [ 140.8183549, 38.7157909 ], [ 140.8184757, 38.7158034 ], [ 140.8186279, 38.7158273 ], [ 140.8187868, 38.71587 ], [ 140.8191451, 38.7159792 ], [ 140.8193966, 38.7160695 ], [ 140.8196554, 38.7161539 ], [ 140.8204599, 38.7164298 ], [ 140.8206409, 38.7164853 ], [ 140.8209269, 38.716565 ], [ 140.8210663, 38.7165956 ], [ 140.8211999, 38.7166158 ], [ 140.821325, 38.7166284 ], [ 140.8214944, 38.7166384 ], [ 140.8218631, 38.7166417 ], [ 140.8219962, 38.716641 ], [ 140.8220537, 38.716639 ], [ 140.8221391, 38.7166336 ], [ 140.822242, 38.7166214 ], [ 140.822336, 38.7166089 ], [ 140.8224347, 38.7165903 ], [ 140.8225816, 38.716547 ], [ 140.822935, 38.7163939 ], [ 140.8233469, 38.7161683 ], [ 140.8237475, 38.7159461 ], [ 140.8241241, 38.7157258 ], [ 140.8248085, 38.7153393 ], [ 140.8249515, 38.7152575 ], [ 140.825085, 38.7151822 ], [ 140.8254175, 38.7149994 ], [ 140.8257911, 38.7147966 ], [ 140.8259677, 38.7147042 ], [ 140.8261863, 38.7146065 ], [ 140.8262831, 38.7145647 ], [ 140.826783, 38.7143684 ], [ 140.8276162, 38.7140308 ], [ 140.8277956, 38.7139519 ], [ 140.8281588, 38.7138072 ], [ 140.828442, 38.7136872 ], [ 140.8288301, 38.7135183 ], [ 140.829104, 38.7134077 ], [ 140.8294076, 38.7132658 ], [ 140.8295241, 38.7132028 ], [ 140.8297325, 38.7130826 ], [ 140.8298576, 38.7129774 ], [ 140.8299793, 38.7128588 ], [ 140.8300876, 38.7127297 ], [ 140.8302312, 38.7125494 ], [ 140.830454, 38.712251 ], [ 140.8311726, 38.7112991 ], [ 140.8315246, 38.7108597 ], [ 140.8316651, 38.7107017 ], [ 140.8317546, 38.7106005 ], [ 140.8320836, 38.710261 ], [ 140.8322072, 38.7101321 ], [ 140.8325001, 38.7098161 ], [ 140.8327501, 38.7095602 ], [ 140.8330119, 38.7092996 ], [ 140.833163, 38.7091363 ], [ 140.8333641, 38.7089331 ], [ 140.8334863, 38.7088096 ], [ 140.8336849, 38.7086087 ], [ 140.8339027, 38.7083899 ], [ 140.8340687, 38.7082318 ], [ 140.8355197, 38.7067368 ], [ 140.8357184, 38.7065403 ], [ 140.8363748, 38.7058302 ], [ 140.8369379, 38.7052555 ], [ 140.8370645, 38.7051263 ], [ 140.8371603, 38.7050321 ], [ 140.8372245, 38.7049641 ], [ 140.8372796, 38.7048992 ], [ 140.8373426, 38.7048122 ], [ 140.8373813, 38.7047578 ], [ 140.8377587, 38.7041665 ], [ 140.8380538, 38.7037358 ], [ 140.8382431, 38.7034483 ], [ 140.8384082, 38.7031888 ], [ 140.8386241, 38.7028615 ], [ 140.8388589, 38.7024935 ], [ 140.839134, 38.7020624 ], [ 140.8393412, 38.7017416 ], [ 140.8399818, 38.7007499 ], [ 140.8400752, 38.700626 ], [ 140.8401829, 38.7005076 ], [ 140.8407534, 38.6999899 ], [ 140.8413447, 38.6994532 ], [ 140.841613, 38.6992068 ], [ 140.8418089, 38.699034 ], [ 140.8420727, 38.6988012 ], [ 140.8422736, 38.6986096 ], [ 140.8430221, 38.6979338 ], [ 140.8435958, 38.6974157 ], [ 140.8440989, 38.6969651 ], [ 140.8442783, 38.6967965 ], [ 140.84453, 38.6965768 ], [ 140.8447311, 38.696402 ], [ 140.8448739, 38.6962691 ], [ 140.845075, 38.6960857 ], [ 140.8452106, 38.6959529 ], [ 140.8453434, 38.6958101 ], [ 140.8454437, 38.6956845 ], [ 140.8455453, 38.6955437 ], [ 140.8456581, 38.6953656 ], [ 140.8457148, 38.6952601 ], [ 140.8457729, 38.6951347 ], [ 140.8458109, 38.6950243 ], [ 140.8458665, 38.6948476 ], [ 140.8459381, 38.6945943 ], [ 140.845971, 38.69446 ], [ 140.846039, 38.6941695 ], [ 140.8461288, 38.6938163 ], [ 140.8461784, 38.6936715 ], [ 140.8462184, 38.6935634 ], [ 140.8462981, 38.6933909 ], [ 140.8463693, 38.6932534 ], [ 140.846427, 38.6931654 ], [ 140.8464923, 38.6930765 ], [ 140.8466393, 38.6928879 ], [ 140.8470304, 38.6924709 ], [ 140.8473321, 38.6921837 ], [ 140.8474929, 38.6920261 ], [ 140.8477562, 38.6917668 ], [ 140.8478738, 38.6916565 ], [ 140.8481585, 38.6913893 ], [ 140.8484099, 38.6911304 ], [ 140.8488482, 38.6907137 ], [ 140.8494913, 38.6901 ], [ 140.8498683, 38.6897392 ], [ 140.8500313, 38.6895873 ], [ 140.8509319, 38.6887481 ], [ 140.8513197, 38.688382 ], [ 140.8515825, 38.6881272 ], [ 140.8518084, 38.6879038 ], [ 140.8523617, 38.6873567 ], [ 140.8526677, 38.68706 ], [ 140.8528934, 38.6868556 ], [ 140.8536623, 38.6861178 ], [ 140.8544451, 38.6853628 ], [ 140.8545943, 38.6852284 ], [ 140.855045, 38.6847879 ], [ 140.8554107, 38.6844461 ], [ 140.8558823, 38.6839886 ], [ 140.8560313, 38.6838423 ], [ 140.8562029, 38.683675 ], [ 140.8563007, 38.683567 ], [ 140.8563753, 38.6834718 ], [ 140.8564851, 38.6833136 ], [ 140.8565649, 38.6831981 ], [ 140.8567013, 38.6829975 ], [ 140.856796, 38.6828401 ], [ 140.8568954, 38.6826709 ], [ 140.856968, 38.6825378 ], [ 140.8570149, 38.6824453 ], [ 140.857131, 38.6821897 ], [ 140.8571879, 38.682061 ], [ 140.8572846, 38.6818553 ], [ 140.8573966, 38.6816609 ], [ 140.8576069, 38.6812853 ], [ 140.857736, 38.6810542 ], [ 140.8580811, 38.6804517 ], [ 140.858364, 38.6799911 ], [ 140.8585205, 38.6797369 ], [ 140.858697, 38.6794501 ], [ 140.8589329, 38.6790641 ], [ 140.8590365, 38.6789719 ], [ 140.8592161, 38.6787847 ], [ 140.8597067, 38.6783003 ], [ 140.8599136, 38.678095 ], [ 140.8603567, 38.6776408 ], [ 140.8605956, 38.6774103 ], [ 140.8611634, 38.6768075 ], [ 140.8615277, 38.6764354 ], [ 140.8617509, 38.6762111 ], [ 140.8619164, 38.6760323 ], [ 140.8622143, 38.6756728 ], [ 140.8624361, 38.675357 ], [ 140.8626816, 38.6749897 ], [ 140.8627591, 38.6748733 ], [ 140.8631242, 38.6743068 ], [ 140.8636533, 38.6735313 ], [ 140.8642744, 38.6726905 ], [ 140.8643835, 38.6725375 ], [ 140.8648491, 38.6719472 ], [ 140.8654672, 38.67117 ], [ 140.8657626, 38.6708082 ], [ 140.8661012, 38.6703868 ], [ 140.8667199, 38.6696067 ], [ 140.8670841, 38.6691922 ], [ 140.8674914, 38.6687296 ], [ 140.8676559, 38.6685339 ], [ 140.8677923, 38.668365 ], [ 140.868187, 38.6678978 ], [ 140.868754, 38.6672105 ], [ 140.8691847, 38.6666815 ], [ 140.8696519, 38.6661197 ], [ 140.8700963, 38.6655855 ], [ 140.8709999, 38.6645069 ], [ 140.8711761, 38.664316 ], [ 140.8714775, 38.6639346 ], [ 140.8720733, 38.663276 ], [ 140.8725789, 38.6627386 ], [ 140.8727656, 38.6625302 ], [ 140.8730528, 38.6622711 ], [ 140.873512, 38.6619108 ], [ 140.8738571, 38.6616835 ], [ 140.8740284, 38.6615616 ], [ 140.8744975, 38.6612727 ], [ 140.8749969, 38.6609656 ], [ 140.8757493, 38.6605135 ], [ 140.876005, 38.6603567 ], [ 140.8763992, 38.6601158 ], [ 140.8766782, 38.6599519 ], [ 140.8784987, 38.6588752 ], [ 140.8786641, 38.6587735 ], [ 140.8788797, 38.6586552 ], [ 140.8792331, 38.6584451 ], [ 140.8794026, 38.6583431 ], [ 140.8794994, 38.6582769 ], [ 140.8797048, 38.6581262 ], [ 140.8799488, 38.6579175 ], [ 140.8801687, 38.6576814 ], [ 140.8802553, 38.6575629 ], [ 140.8803722, 38.6573485 ], [ 140.88044, 38.6571733 ], [ 140.8804942, 38.656988 ], [ 140.8805242, 38.6568333 ], [ 140.8805517, 38.6566108 ], [ 140.8805765, 38.6563588 ], [ 140.8805901, 38.6561089 ], [ 140.8805447, 38.6558554 ], [ 140.8804812, 38.6556091 ], [ 140.8803995, 38.6553877 ], [ 140.8801731, 38.6548947 ], [ 140.8797481, 38.6539635 ], [ 140.8795505, 38.6535277 ], [ 140.8790818, 38.6524947 ], [ 140.8788506, 38.651985 ], [ 140.8787515, 38.6517606 ], [ 140.8786572, 38.6515472 ], [ 140.8783989, 38.6509841 ], [ 140.8779897, 38.6500605 ], [ 140.8779469, 38.6499745 ], [ 140.8779034, 38.6498857 ], [ 140.8778378, 38.6497415 ], [ 140.8775525, 38.6490747 ], [ 140.8774734, 38.6488383 ], [ 140.8773589, 38.648393 ], [ 140.8773211, 38.648157 ], [ 140.8773014, 38.6479425 ], [ 140.8772909, 38.6477028 ], [ 140.8773045, 38.6473761 ], [ 140.8773339, 38.6471436 ], [ 140.8773731, 38.6469175 ], [ 140.8774089, 38.6467486 ], [ 140.8774881, 38.6464105 ], [ 140.8775956, 38.6461008 ], [ 140.8777606, 38.6457122 ], [ 140.8779759, 38.6453236 ], [ 140.8780908, 38.6451422 ], [ 140.8782632, 38.6449353 ], [ 140.878629, 38.6445297 ], [ 140.8789665, 38.6442086 ], [ 140.8792535, 38.6439605 ], [ 140.8797057, 38.6436169 ], [ 140.8798274, 38.643538 ], [ 140.8810333, 38.6427442 ], [ 140.8820577, 38.6420832 ], [ 140.8822892, 38.641933 ], [ 140.8826274, 38.6417109 ], [ 140.882935, 38.6415161 ], [ 140.8833661, 38.6412401 ], [ 140.8847007, 38.6403781 ], [ 140.885059, 38.6401417 ], [ 140.8852812, 38.6399955 ], [ 140.885674, 38.639751 ], [ 140.8861498, 38.6394269 ], [ 140.8863173, 38.6392966 ], [ 140.8865085, 38.6391338 ], [ 140.8870105, 38.6386558 ], [ 140.8877502, 38.6379455 ], [ 140.8883097, 38.6374049 ], [ 140.8887221, 38.6370147 ], [ 140.8891564, 38.6365994 ], [ 140.8892641, 38.6364954 ], [ 140.8896519, 38.6361208 ], [ 140.889982, 38.6358052 ], [ 140.8904842, 38.635321 ], [ 140.8906705, 38.6351599 ], [ 140.8908492, 38.634988 ], [ 140.8911301, 38.6347183 ], [ 140.8914774, 38.6343923 ], [ 140.8916998, 38.6341797 ], [ 140.8921267, 38.6337684 ], [ 140.8923785, 38.6335304 ], [ 140.892601, 38.633323 ], [ 140.8933621, 38.6325949 ], [ 140.8935968, 38.6323621 ], [ 140.893843, 38.632133 ], [ 140.8941013, 38.6318966 ], [ 140.8945417, 38.6314784 ], [ 140.8948552, 38.6311805 ], [ 140.8950127, 38.6310235 ], [ 140.89535, 38.6307024 ], [ 140.8955939, 38.630466 ], [ 140.8958419, 38.6302326 ], [ 140.8960892, 38.6299927 ], [ 140.8965311, 38.6296192 ], [ 140.8969001, 38.6292659 ], [ 140.8974742, 38.6287763 ], [ 140.8978365, 38.6284838 ], [ 140.8979415, 38.6284015 ], [ 140.8983381, 38.6280938 ], [ 140.899, 38.6275821 ], [ 140.8992471, 38.6273907 ], [ 140.8997332, 38.627021 ], [ 140.9000335, 38.6267762 ], [ 140.900216, 38.6266273 ], [ 140.9006246, 38.6262924 ], [ 140.9012635, 38.6258024 ], [ 140.9018926, 38.6252973 ], [ 140.9022789, 38.6249896 ], [ 140.9023686, 38.6249182 ], [ 140.9027295, 38.6246199 ], [ 140.9040558, 38.6235843 ], [ 140.9043843, 38.6233299 ], [ 140.9051815, 38.6226766 ], [ 140.9057198, 38.6222768 ], [ 140.9063157, 38.6219221 ], [ 140.9069618, 38.6215671 ], [ 140.9076579, 38.6212289 ], [ 140.907984, 38.6210791 ], [ 140.9081482, 38.6209915 ], [ 140.9083035, 38.6208743 ], [ 140.9088922, 38.6204121 ], [ 140.9091791, 38.6201757 ], [ 140.9094375, 38.6199621 ], [ 140.9101767, 38.6193029 ], [ 140.9106289, 38.6188693 ], [ 140.9108798, 38.6186086 ], [ 140.9112748, 38.6181538 ], [ 140.9117698, 38.6175176 ], [ 140.9122007, 38.6169374 ], [ 140.9124086, 38.6166563 ], [ 140.9126382, 38.616346 ], [ 140.9129901, 38.6158951 ], [ 140.9131478, 38.615687 ], [ 140.9133418, 38.6154563 ], [ 140.9136501, 38.6151087 ], [ 140.9144599, 38.6142789 ], [ 140.9146223, 38.6141109 ], [ 140.9148895, 38.6138007 ], [ 140.9154502, 38.6133087 ], [ 140.9157243, 38.613085 ], [ 140.9160546, 38.6128484 ], [ 140.9165636, 38.6125202 ], [ 140.9167008, 38.612429 ], [ 140.9175899, 38.6118388 ], [ 140.9178559, 38.6116657 ], [ 140.9191407, 38.6107646 ], [ 140.9200374, 38.610156 ], [ 140.9207695, 38.6097448 ], [ 140.921006, 38.6096268 ], [ 140.9211641, 38.6095421 ], [ 140.9214799, 38.6093618 ], [ 140.9216019, 38.6092662 ], [ 140.9216951, 38.6091733 ], [ 140.9218174, 38.6090296 ], [ 140.9219173, 38.6088953 ], [ 140.9220111, 38.6087423 ], [ 140.9222562, 38.6083319 ], [ 140.9223742, 38.6081417 ], [ 140.9224705, 38.6079876 ], [ 140.9227217, 38.6075821 ], [ 140.9229367, 38.6072387 ], [ 140.9236347, 38.60616 ], [ 140.9239056, 38.605701 ], [ 140.9239476, 38.605604 ], [ 140.9239776, 38.6054985 ], [ 140.9240288, 38.6052491 ], [ 140.9240527, 38.6051561 ], [ 140.9241142, 38.6049857 ], [ 140.9241714, 38.6048619 ], [ 140.924344, 38.6046026 ], [ 140.9244226, 38.6044957 ], [ 140.9245951, 38.6042648 ], [ 140.9248554, 38.6039285 ], [ 140.9250493, 38.6036626 ], [ 140.9258077, 38.6026668 ], [ 140.9260663, 38.6023215 ], [ 140.9262241, 38.6021301 ], [ 140.926662, 38.6015839 ], [ 140.9267468, 38.6014892 ], [ 140.9269774, 38.6012232 ], [ 140.9272961, 38.6008991 ], [ 140.9275302, 38.6006657 ], [ 140.9281044, 38.6001468 ], [ 140.9282965, 38.5999896 ], [ 140.9285781, 38.599759 ], [ 140.9293314, 38.5992182 ], [ 140.929834, 38.5988857 ], [ 140.9303865, 38.5985029 ], [ 140.930659, 38.5983057 ], [ 140.9309546, 38.5980808 ], [ 140.9310682, 38.5979962 ], [ 140.9312404, 38.5978382 ], [ 140.9314487, 38.5976129 ], [ 140.9316713, 38.5973201 ], [ 140.9318504, 38.5970554 ], [ 140.9321374, 38.5965709 ], [ 140.9323632, 38.5961686 ], [ 140.9325459, 38.5958609 ], [ 140.9327116, 38.5955907 ], [ 140.9327941, 38.5954643 ], [ 140.9329644, 38.5952048 ], [ 140.9331066, 38.5950312 ], [ 140.9332438, 38.5948977 ], [ 140.9334077, 38.5947404 ], [ 140.9335728, 38.5946176 ], [ 140.9337671, 38.5944726 ], [ 140.9339561, 38.5943224 ], [ 140.9340628, 38.5942431 ], [ 140.9341802, 38.5941557 ], [ 140.9343445, 38.594044 ], [ 140.9344923, 38.5939529 ], [ 140.9346503, 38.5938442 ], [ 140.934857, 38.5937025 ], [ 140.9352034, 38.593461 ], [ 140.9355916, 38.5931905 ], [ 140.9359254, 38.5929482 ], [ 140.9362997, 38.5927037 ], [ 140.9372406, 38.5920517 ], [ 140.9375832, 38.5918081 ], [ 140.9379556, 38.5915561 ], [ 140.9381195, 38.5914366 ], [ 140.9388406, 38.5909071 ], [ 140.9389463, 38.5908192 ], [ 140.9390124, 38.5906945 ], [ 140.9391161, 38.5904848 ], [ 140.9394353, 38.5897974 ], [ 140.9395509, 38.5895388 ], [ 140.9396264, 38.589375 ], [ 140.9396761, 38.5892742 ], [ 140.9397487, 38.5891735 ], [ 140.9398201, 38.5891027 ], [ 140.9398653, 38.5890653 ], [ 140.9399769, 38.5889834 ], [ 140.9401329, 38.5888778 ], [ 140.940368, 38.5887185 ], [ 140.9405241, 38.5886132 ], [ 140.9409381, 38.5883356 ], [ 140.941702, 38.5878339 ], [ 140.9425076, 38.5873019 ], [ 140.9427123, 38.5871747 ], [ 140.9429231, 38.5870543 ], [ 140.943277, 38.586852 ], [ 140.9434032, 38.5867714 ], [ 140.9436952, 38.5865897 ], [ 140.9438113, 38.5865245 ], [ 140.9441985, 38.5863133 ], [ 140.9442974, 38.5862583 ], [ 140.9447352, 38.5860333 ], [ 140.9449424, 38.5859236 ], [ 140.9450866, 38.5858511 ], [ 140.945323, 38.585728 ], [ 140.9454046, 38.5856858 ], [ 140.9456709, 38.5855705 ], [ 140.94605, 38.5853994 ], [ 140.946617, 38.5851378 ], [ 140.9469342, 38.5849775 ], [ 140.9475583, 38.5846622 ], [ 140.9478075, 38.58454 ], [ 140.9479871, 38.5844464 ], [ 140.9482458, 38.5843229 ] ] } },
{ "type": "Feature", "properties": { "N12_001": "04", "N12_002": 1, "N12_003": 3, "N12_004": "一般国道48号", "N12_005": 7, "N12_006": 1 }, "geometry": { "type": "LineString", "coordinates": [ [ 140.8188998, 38.2595861 ], [ 140.8177636, 38.2596158 ], [ 140.8165146, 38.2598495 ], [ 140.8151676, 38.2602735 ], [ 140.8151433, 38.2602825 ], [ 140.815033, 38.2603232 ], [ 140.8143515, 38.2605553 ], [ 140.8132689, 38.26092 ], [ 140.8122345, 38.2613139 ], [ 140.8115444, 38.2615884 ], [ 140.8110428, 38.261775 ], [ 140.8107259, 38.2618908 ], [ 140.8104081, 38.2620001 ], [ 140.8101171, 38.2621119 ], [ 140.8101052, 38.2621165 ], [ 140.8097425, 38.2622559 ], [ 140.8086459, 38.2626516 ], [ 140.8082497, 38.2627932 ], [ 140.8073046, 38.263114 ], [ 140.8063793, 38.2634338 ], [ 140.8056308, 38.263686 ], [ 140.8051931, 38.2638226 ], [ 140.8046253, 38.2639762 ], [ 140.8042075, 38.2640751 ], [ 140.8039837, 38.2641193 ], [ 140.8037623, 38.26417 ], [ 140.8034748, 38.2642268 ], [ 140.802978, 38.264299 ], [ 140.8026322, 38.2643342 ], [ 140.8021985, 38.2643673 ], [ 140.8015202, 38.2644146 ], [ 140.8007072, 38.2644576 ], [ 140.8002854, 38.2644834 ], [ 140.7999795, 38.2645021 ], [ 140.7987725, 38.2645624 ], [ 140.7978936, 38.2645912 ], [ 140.7973757, 38.2646147 ], [ 140.7969403, 38.2646347 ], [ 140.7966903, 38.2646523 ], [ 140.7957856, 38.2647435 ], [ 140.7947245, 38.2648563 ], [ 140.794085, 38.2649268 ], [ 140.7931111, 38.2650318 ], [ 140.7924218, 38.2651092 ], [ 140.7916878, 38.2651926 ], [ 140.7908449, 38.2653049 ], [ 140.7906604, 38.2653245 ], [ 140.7904502, 38.2653468 ], [ 140.7895845, 38.2654411 ], [ 140.789118, 38.2654913 ], [ 140.7880835, 38.2656292 ], [ 140.7870589, 38.265748 ], [ 140.783374, 38.2661804 ], [ 140.7822059, 38.2663228 ], [ 140.7810522, 38.2664607 ], [ 140.7799379, 38.2665763 ], [ 140.7787817, 38.266671 ], [ 140.7785551, 38.2666886 ], [ 140.7783784, 38.2667005 ], [ 140.7777783, 38.26674 ], [ 140.7774628, 38.2667517 ], [ 140.7771163, 38.2667645 ], [ 140.7766322, 38.266778 ], [ 140.7760424, 38.2667794 ], [ 140.7753211, 38.2667678 ], [ 140.7745982, 38.266774 ], [ 140.7731196, 38.2668005 ], [ 140.7715495, 38.2668747 ], [ 140.7692431, 38.266948 ], [ 140.7681133, 38.266982 ], [ 140.7666857, 38.2670506 ], [ 140.7614823, 38.2672805 ], [ 140.7613351, 38.2672873 ], [ 140.7610724, 38.2672995 ], [ 140.7608914, 38.2673084 ], [ 140.7603415, 38.2673253 ], [ 140.7599198, 38.2673417 ], [ 140.7590847, 38.2674076 ], [ 140.7584628, 38.2674715 ], [ 140.7580483, 38.2675334 ], [ 140.7577697, 38.2675784 ], [ 140.7574516, 38.2676448 ], [ 140.7571269, 38.2677306 ], [ 140.7569055, 38.2677926 ], [ 140.7565624, 38.2679051 ], [ 140.7562805, 38.2680159 ], [ 140.7560458, 38.2681159 ], [ 140.7558005, 38.2682304 ], [ 140.7555188, 38.268385 ], [ 140.7552671, 38.2685304 ], [ 140.7550555, 38.2686712 ], [ 140.7547768, 38.2688682 ], [ 140.7545652, 38.2690298 ], [ 140.7544124, 38.2691668 ], [ 140.7538077, 38.2698115 ], [ 140.7536842, 38.2699628 ], [ 140.753341, 38.2703834 ], [ 140.7526065, 38.2712989 ], [ 140.7523638, 38.2715921 ], [ 140.752147, 38.2718801 ], [ 140.751932, 38.2721848 ], [ 140.7517693, 38.2723842 ], [ 140.7516075, 38.2725827 ], [ 140.7514996, 38.272737 ], [ 140.7513135, 38.2729168 ], [ 140.7511761, 38.273026 ], [ 140.7510201, 38.2731157 ], [ 140.7508664, 38.2731857 ], [ 140.750748, 38.273226 ], [ 140.7505324, 38.2732806 ], [ 140.7503372, 38.273299 ], [ 140.7501411, 38.2733033 ], [ 140.7498628, 38.2732804 ], [ 140.74973, 38.2732517 ], [ 140.7495902, 38.2732191 ], [ 140.7490958, 38.2730662 ], [ 140.7485201, 38.2729487 ], [ 140.7483776, 38.2729306 ], [ 140.7482232, 38.2729132 ], [ 140.7479586, 38.2729037 ], [ 140.7473478, 38.2729194 ], [ 140.7463511, 38.2729906 ], [ 140.7457132, 38.2730217 ], [ 140.7451478, 38.273029 ], [ 140.7449075, 38.2730445 ], [ 140.7445257, 38.2730529 ], [ 140.7442473, 38.2730418 ], [ 140.74399, 38.273036 ], [ 140.7432536, 38.2730135 ], [ 140.7422552, 38.2729906 ], [ 140.7417333, 38.2729845 ], [ 140.741201, 38.2729782 ], [ 140.7406551, 38.2729637 ], [ 140.7399823, 38.272946 ], [ 140.7396893, 38.2729291 ], [ 140.7395178, 38.272918 ], [ 140.739275, 38.2729066 ], [ 140.7389823, 38.2728785 ], [ 140.7386769, 38.2728433 ], [ 140.7381822, 38.2727771 ], [ 140.7377891, 38.2727149 ], [ 140.7370533, 38.272563 ], [ 140.7367245, 38.2724841 ], [ 140.7361751, 38.2723378 ], [ 140.7357677, 38.2722363 ], [ 140.7351613, 38.2720682 ], [ 140.7349032, 38.2719997 ], [ 140.7344886, 38.2719208 ], [ 140.734196, 38.2718758 ], [ 140.7339314, 38.2718419 ], [ 140.7337243, 38.271808 ], [ 140.7333654, 38.2717562 ], [ 140.7331389, 38.2717236 ], [ 140.7327531, 38.2716786 ], [ 140.7322459, 38.2716053 ], [ 140.7317673, 38.2715433 ], [ 140.7313957, 38.2714814 ], [ 140.7306898, 38.2713764 ], [ 140.7304431, 38.2713592 ], [ 140.7298819, 38.2713563 ], [ 140.7280748, 38.2713501 ], [ 140.7267027, 38.2713678 ], [ 140.726471, 38.2713795 ], [ 140.726231, 38.2714136 ], [ 140.7260094, 38.2714417 ], [ 140.7256741, 38.2715025 ], [ 140.7253876, 38.2715657 ], [ 140.7252021, 38.2716109 ], [ 140.7250318, 38.2716668 ], [ 140.7246021, 38.2718078 ], [ 140.7241449, 38.2719545 ], [ 140.7239662, 38.272022 ], [ 140.7229019, 38.2723712 ], [ 140.7225376, 38.2724953 ], [ 140.722185, 38.2726111 ], [ 140.7217659, 38.2727484 ], [ 140.7213159, 38.2729006 ], [ 140.721086, 38.2729873 ], [ 140.7209301, 38.2730694 ], [ 140.7207217, 38.2731922 ], [ 140.7204973, 38.2733379 ], [ 140.7201568, 38.2735815 ], [ 140.7198384, 38.2738045 ], [ 140.7192971, 38.274166 ], [ 140.7190001, 38.2743401 ], [ 140.718607, 38.2744848 ], [ 140.7184213, 38.2745484 ], [ 140.71813, 38.2746465 ], [ 140.7179734, 38.2746921 ], [ 140.7178227, 38.2747312 ], [ 140.7172083, 38.274889 ], [ 140.7168938, 38.2749509 ], [ 140.7167196, 38.274993 ], [ 140.7158076, 38.2751763 ], [ 140.7154293, 38.2752493 ], [ 140.7152793, 38.2752832 ], [ 140.7150539, 38.2753226 ], [ 140.7148863, 38.2753451 ], [ 140.7146507, 38.2753787 ], [ 140.7143368, 38.2754195 ], [ 140.7142015, 38.2754379 ], [ 140.7140816, 38.2754706 ], [ 140.7139651, 38.275514 ], [ 140.7136579, 38.2756604 ], [ 140.7133507, 38.2758123 ], [ 140.7130147, 38.2759872 ], [ 140.7122501, 38.276352 ], [ 140.711929, 38.2765054 ], [ 140.7117645, 38.2765843 ], [ 140.7114787, 38.2767307 ], [ 140.7110145, 38.2769557 ], [ 140.7103142, 38.2772882 ], [ 140.7095998, 38.2776429 ], [ 140.709522, 38.2776782 ], [ 140.709407, 38.2777107 ], [ 140.7092915, 38.2777437 ], [ 140.70915, 38.2777752 ], [ 140.7089428, 38.2778176 ], [ 140.7083647, 38.2779086 ], [ 140.708145, 38.2779432 ], [ 140.7078211, 38.2779863 ], [ 140.7063138, 38.2782174 ], [ 140.7061352, 38.2782399 ], [ 140.7056636, 38.2783413 ], [ 140.7050063, 38.278516 ], [ 140.7041637, 38.2787524 ], [ 140.7035635, 38.2789213 ], [ 140.703242, 38.2790113 ], [ 140.7028704, 38.2791296 ], [ 140.7026781, 38.2791887 ], [ 140.701992, 38.2793887 ], [ 140.7012273, 38.279631 ], [ 140.7008345, 38.2797438 ], [ 140.7007076, 38.2797827 ], [ 140.7002217, 38.2799305 ], [ 140.7000681, 38.2799766 ], [ 140.6997806, 38.2800524 ], [ 140.6993303, 38.280178 ], [ 140.698997, 38.2802522 ], [ 140.6987888, 38.2802923 ], [ 140.69812, 38.2804533 ], [ 140.6975911, 38.2805941 ], [ 140.6973983, 38.2806505 ], [ 140.6965197, 38.2808869 ], [ 140.6956908, 38.2811516 ], [ 140.6955266, 38.2812191 ], [ 140.6950903, 38.281423 ], [ 140.6949547, 38.2815009 ], [ 140.6948183, 38.281583 ], [ 140.694687, 38.2816756 ], [ 140.6945477, 38.281788 ], [ 140.6940804, 38.2822326 ], [ 140.6938263, 38.2824469 ], [ 140.6936332, 38.2826272 ], [ 140.6933046, 38.2829597 ], [ 140.6929944, 38.2833266 ], [ 140.692476, 38.2839397 ], [ 140.6921983, 38.2842649 ], [ 140.6919894, 38.2845026 ], [ 140.6916971, 38.2848294 ], [ 140.6914401, 38.2851055 ], [ 140.6904153, 38.2860568 ], [ 140.6901733, 38.2862782 ], [ 140.6891257, 38.2872346 ], [ 140.688854, 38.2874824 ], [ 140.6887398, 38.2875949 ], [ 140.6882612, 38.2880344 ], [ 140.6871723, 38.2889986 ], [ 140.6869527, 38.2891774 ], [ 140.6866401, 38.289534 ], [ 140.6865221, 38.2897827 ], [ 140.686471, 38.2898927 ], [ 140.6863876, 38.2901424 ], [ 140.686323, 38.2903986 ], [ 140.6863069, 38.2907222 ], [ 140.6864253, 38.2914481 ], [ 140.686447, 38.2916599 ], [ 140.6864556, 38.2917448 ], [ 140.6864874, 38.2920478 ], [ 140.6865509, 38.292391 ], [ 140.6865682, 38.2925361 ], [ 140.6865624, 38.2926704 ], [ 140.6865494, 38.2927598 ], [ 140.68644, 38.2932088 ], [ 140.6863675, 38.293453 ], [ 140.6863109, 38.2935515 ], [ 140.686193, 38.2937244 ], [ 140.6859961, 38.2939599 ], [ 140.6858316, 38.2941291 ], [ 140.6840855, 38.2957562 ], [ 140.6833641, 38.2964404 ], [ 140.6832599, 38.2965393 ], [ 140.6831837, 38.2966174 ], [ 140.6828096, 38.2970127 ], [ 140.6824604, 38.2973865 ], [ 140.6809464, 38.2982555 ], [ 140.6803234, 38.2986291 ], [ 140.6799662, 38.2988374 ], [ 140.6796662, 38.299063 ], [ 140.6792948, 38.2993671 ], [ 140.6788445, 38.2997446 ], [ 140.6785017, 38.2999638 ], [ 140.678468, 38.29998 ], [ 140.6782445, 38.3000879 ], [ 140.6777731, 38.3002454 ], [ 140.677421, 38.3003527 ], [ 140.6769115, 38.3005016 ], [ 140.6759098, 38.3007593 ], [ 140.6755039, 38.3008856 ], [ 140.6752756, 38.3009937 ], [ 140.6750368, 38.3011316 ], [ 140.6748198, 38.3012665 ], [ 140.6746262, 38.3013884 ], [ 140.6744088, 38.3014942 ], [ 140.6742083, 38.3016153 ], [ 140.673931, 38.3017462 ], [ 140.6736609, 38.301873 ], [ 140.6732152, 38.3020424 ], [ 140.6730294, 38.3021099 ], [ 140.6725339, 38.3022517 ], [ 140.6719935, 38.3023916 ], [ 140.6712863, 38.302566 ], [ 140.6711905, 38.3025846 ], [ 140.6709256, 38.3026525 ], [ 140.670765, 38.3026843 ], [ 140.6706238, 38.3027166 ], [ 140.6703199, 38.3027829 ], [ 140.6701718, 38.3028082 ], [ 140.6698431, 38.3028418 ], [ 140.6694287, 38.3028702 ], [ 140.6688322, 38.3028757 ], [ 140.6683873, 38.3028796 ], [ 140.6676336, 38.3028646 ], [ 140.6674645, 38.3028616 ], [ 140.6671209, 38.3028688 ], [ 140.6670609, 38.3028757 ], [ 140.6669785, 38.3028927 ], [ 140.6669037, 38.302913 ], [ 140.6668232, 38.3029452 ], [ 140.666742, 38.3029788 ], [ 140.6664673, 38.3030957 ], [ 140.666207, 38.3032305 ], [ 140.6657142, 38.3034952 ], [ 140.6653139, 38.3037429 ], [ 140.6645567, 38.3042952 ], [ 140.6643137, 38.3044811 ], [ 140.6636929, 38.3049589 ], [ 140.6633636, 38.3052188 ], [ 140.6627774, 38.305664 ], [ 140.6623991, 38.305951 ], [ 140.661906, 38.3063115 ], [ 140.6617233, 38.3064277 ], [ 140.6615002, 38.3065507 ], [ 140.6612455, 38.3066874 ], [ 140.6610127, 38.3067982 ], [ 140.6606988, 38.306931 ], [ 140.660613, 38.306976 ], [ 140.6602629, 38.3071279 ], [ 140.6600007, 38.3072463 ], [ 140.6597629, 38.3073871 ], [ 140.6597309, 38.3074046 ], [ 140.6596395, 38.3074698 ], [ 140.6595771, 38.3075224 ], [ 140.6594699, 38.3076293 ], [ 140.6594158, 38.3077023 ], [ 140.65922, 38.3079664 ], [ 140.6591485, 38.3080629 ], [ 140.6589604, 38.3083265 ], [ 140.6588912, 38.3084235 ], [ 140.6585985, 38.3088404 ], [ 140.6583698, 38.3090657 ], [ 140.6581554, 38.309229 ], [ 140.6580534, 38.3092979 ], [ 140.6578284, 38.3094029 ], [ 140.6577057, 38.3094429 ], [ 140.6573912, 38.3095502 ], [ 140.65728, 38.309578 ], [ 140.6569053, 38.3096624 ], [ 140.6565769, 38.3097132 ], [ 140.6560767, 38.3097977 ], [ 140.6554909, 38.309916 ], [ 140.6551764, 38.3099835 ], [ 140.655062, 38.3100096 ], [ 140.6546122, 38.3101132 ], [ 140.6542767, 38.3101921 ], [ 140.6535958, 38.3103332 ], [ 140.6533862, 38.3103756 ], [ 140.6528045, 38.3105363 ], [ 140.6526644, 38.3105821 ], [ 140.6525191, 38.3106424 ], [ 140.6523583, 38.3107243 ], [ 140.6521448, 38.3108565 ], [ 140.6520403, 38.3109293 ], [ 140.6519808, 38.310975 ], [ 140.6517333, 38.31116 ], [ 140.6510929, 38.311884 ], [ 140.6509457, 38.3120849 ], [ 140.6506386, 38.312447 ], [ 140.6505405, 38.3125743 ], [ 140.6502102, 38.3128457 ], [ 140.6500299, 38.3129631 ], [ 140.6499086, 38.313042 ], [ 140.6497776, 38.313122 ], [ 140.6495763, 38.3132171 ], [ 140.6493902, 38.3133065 ], [ 140.649326, 38.3133308 ], [ 140.6487757, 38.3134979 ], [ 140.6480732, 38.3136984 ], [ 140.6479328, 38.3137402 ], [ 140.6477257, 38.3137965 ], [ 140.6474326, 38.3138865 ], [ 140.6469759, 38.3140103 ], [ 140.6466471, 38.3140951 ], [ 140.6458614, 38.3143148 ], [ 140.6451967, 38.314489 ], [ 140.6445467, 38.3146638 ], [ 140.6439254, 38.3148496 ], [ 140.6438038, 38.314878 ], [ 140.6431253, 38.3150638 ], [ 140.6424467, 38.315244 ], [ 140.6423355, 38.3152724 ], [ 140.641918, 38.315379 ], [ 140.6416964, 38.3154373 ], [ 140.6415095, 38.3154864 ], [ 140.6412448, 38.315556 ], [ 140.6411181, 38.3155874 ], [ 140.6409741, 38.3156109 ], [ 140.6407291, 38.3156507 ], [ 140.6402798, 38.3157818 ], [ 140.6400894, 38.3158577 ], [ 140.6398542, 38.3159622 ], [ 140.6396348, 38.3160629 ], [ 140.6393507, 38.31622 ], [ 140.6389776, 38.3164266 ], [ 140.6385744, 38.3166599 ], [ 140.6384175, 38.3167506 ], [ 140.637792, 38.3170992 ], [ 140.6374782, 38.3172283 ], [ 140.6372611, 38.3173005 ], [ 140.6370746, 38.3173502 ], [ 140.6369846, 38.3173763 ], [ 140.6368818, 38.3173954 ], [ 140.6367807, 38.3174104 ], [ 140.6366818, 38.3174179 ], [ 140.636596, 38.3174204 ], [ 140.6365093, 38.317414 ], [ 140.6364101, 38.317401 ], [ 140.6359391, 38.3173277 ], [ 140.6357175, 38.3172996 ], [ 140.6352307, 38.3172261 ], [ 140.634867, 38.3171698 ], [ 140.6343459, 38.3170854 ], [ 140.6338453, 38.3170179 ], [ 140.633496, 38.316973 ], [ 140.6333628, 38.3169561 ], [ 140.6331328, 38.3169268 ], [ 140.6324816, 38.3168433 ], [ 140.6322386, 38.3168096 ], [ 140.631867, 38.3167702 ], [ 140.6314242, 38.3167307 ], [ 140.6306386, 38.3166855 ], [ 140.6300148, 38.3166805 ], [ 140.6295384, 38.3166852 ], [ 140.6294066, 38.3166905 ], [ 140.6292883, 38.3167077 ], [ 140.6291169, 38.3167416 ], [ 140.6283762, 38.3169271 ], [ 140.6276552, 38.3172095 ], [ 140.626573, 38.3179418 ], [ 140.6259151, 38.3183912 ], [ 140.6254699, 38.3185239 ], [ 140.624919, 38.3185897 ], [ 140.6240509, 38.3185047 ], [ 140.6233729, 38.3185702 ], [ 140.6227368, 38.3188027 ], [ 140.622152, 38.3192874 ], [ 140.6218562, 38.3196022 ], [ 140.621721, 38.3197215 ], [ 140.6213905, 38.3200757 ], [ 140.6211829, 38.3202918 ], [ 140.6209757, 38.3204979 ], [ 140.6207418, 38.3208283 ], [ 140.6205042, 38.3213043 ], [ 140.6203503, 38.3217105 ], [ 140.6202269, 38.3222222 ], [ 140.62014, 38.3224016 ], [ 140.6200346, 38.3226255 ], [ 140.61992, 38.3229057 ], [ 140.6197133, 38.3235134 ], [ 140.619545, 38.3239099 ], [ 140.6192194, 38.3244696 ], [ 140.6189619, 38.3247877 ], [ 140.6182178, 38.3258118 ], [ 140.6179188, 38.3262002 ], [ 140.6173038, 38.3269454 ], [ 140.616749, 38.3276055 ], [ 140.6166508, 38.3277224 ], [ 140.6165488, 38.3278326 ], [ 140.6164175, 38.328109 ], [ 140.616351, 38.3283835 ], [ 140.6163027, 38.3287476 ], [ 140.6162535, 38.3291196 ], [ 140.6162264, 38.3292271 ], [ 140.6161127, 38.3294546 ], [ 140.6159852, 38.3296626 ], [ 140.6156599, 38.330119 ], [ 140.6155456, 38.3303588 ], [ 140.6154569, 38.3304928 ], [ 140.6153588, 38.3306954 ], [ 140.6152738, 38.3308876 ], [ 140.6152213, 38.3311087 ], [ 140.6151896, 38.3312217 ], [ 140.6151241, 38.3315398 ], [ 140.6150238, 38.3318876 ], [ 140.6148368, 38.3321694 ], [ 140.6146645, 38.3323265 ], [ 140.614171, 38.3326468 ], [ 140.613851, 38.3329304 ], [ 140.6134021, 38.3334204 ], [ 140.6129604, 38.3341101 ], [ 140.6129369, 38.3341603 ], [ 140.612865, 38.3343406 ], [ 140.6128451, 38.3344098 ], [ 140.6127477, 38.3350646 ], [ 140.6127595, 38.3361612 ], [ 140.6126451, 38.3366724 ], [ 140.6126368, 38.3367092 ], [ 140.6124238, 38.3370902 ], [ 140.6121652, 38.3375188 ], [ 140.6117402, 38.3379471 ], [ 140.6110728, 38.3384703 ], [ 140.6105426, 38.3388551 ], [ 140.6098442, 38.3393619 ], [ 140.6094953, 38.3396592 ], [ 140.6091762, 38.3400519 ], [ 140.6088566, 38.3406473 ], [ 140.6087644, 38.3410881 ], [ 140.6087887, 38.3416598 ], [ 140.6087975, 38.3417606 ], [ 140.6088411, 38.3423667 ], [ 140.6088411, 38.3425915 ], [ 140.6088205, 38.3428526 ], [ 140.6087972, 38.3430628 ], [ 140.6087477, 38.343228 ], [ 140.6084989, 38.3439345 ], [ 140.6083622, 38.3442294 ], [ 140.6083172, 38.3443264 ], [ 140.608203, 38.3445345 ], [ 140.6080968, 38.3446915 ], [ 140.6078686, 38.3450573 ], [ 140.6076092, 38.3453103 ], [ 140.6072995, 38.3455254 ], [ 140.6070253, 38.3456903 ], [ 140.606634, 38.3458552 ], [ 140.6058261, 38.34617 ], [ 140.60546, 38.3463447 ], [ 140.6050076, 38.3465674 ], [ 140.6047095, 38.3467141 ], [ 140.6042937, 38.3469703 ], [ 140.6038204, 38.3472773 ], [ 140.6036373, 38.3473848 ], [ 140.6034415, 38.347498 ], [ 140.6031582, 38.3476402 ], [ 140.6029053, 38.34775 ], [ 140.6025347, 38.3478631 ], [ 140.6020443, 38.3479608 ], [ 140.6014733, 38.3480242 ], [ 140.6011659, 38.3480482 ], [ 140.6009152, 38.348074 ], [ 140.6006624, 38.3481374 ], [ 140.6004355, 38.3482272 ], [ 140.6002102, 38.3483621 ], [ 140.6000287, 38.3485129 ], [ 140.5999385, 38.3485877 ], [ 140.5998654, 38.3486485 ], [ 140.5995848, 38.3488564 ], [ 140.5993039, 38.3489993 ], [ 140.5990219, 38.3491286 ], [ 140.5989404, 38.3491585 ], [ 140.5988321, 38.349195 ], [ 140.5986828, 38.3492384 ], [ 140.5980967, 38.3493923 ], [ 140.5978689, 38.349459 ], [ 140.5976285, 38.3495812 ], [ 140.5974889, 38.3497381 ], [ 140.5973955, 38.3499006 ], [ 140.5973675, 38.3499961 ], [ 140.5973262, 38.350097 ], [ 140.5972846, 38.3501951 ], [ 140.5972738, 38.3503889 ], [ 140.5972685, 38.3506142 ], [ 140.5972372, 38.350797 ], [ 140.5970866, 38.3510295 ], [ 140.5970181, 38.35113 ], [ 140.596812, 38.3514459 ], [ 140.5967055, 38.3516642 ], [ 140.5966588, 38.3518726 ], [ 140.5966433, 38.3520234 ], [ 140.5966355, 38.3522337 ], [ 140.5966458, 38.3524665 ], [ 140.5967574, 38.3534812 ], [ 140.5967574, 38.3536323 ], [ 140.5967366, 38.3538281 ], [ 140.5966925, 38.3540707 ], [ 140.5966769, 38.3541567 ], [ 140.5966405, 38.3542834 ], [ 140.5965627, 38.3544137 ], [ 140.5963916, 38.3545892 ], [ 140.5961787, 38.3547609 ], [ 140.5960519, 38.3548853 ], [ 140.5959897, 38.3549712 ], [ 140.595668, 38.3554978 ], [ 140.5955749, 38.355612 ], [ 140.5954657, 38.3557223 ], [ 140.5952299, 38.3559081 ], [ 140.5946852, 38.3562798 ], [ 140.5943479, 38.3564834 ], [ 140.5940185, 38.3566367 ], [ 140.5938163, 38.3566978 ], [ 140.593619, 38.3567387 ], [ 140.5933804, 38.3567592 ], [ 140.5931054, 38.3567551 ], [ 140.5927787, 38.3567062 ], [ 140.5925248, 38.3566776 ], [ 140.5923743, 38.3566815 ], [ 140.5922548, 38.356702 ], [ 140.5921098, 38.3567631 ], [ 140.5916951, 38.3569636 ], [ 140.5915312, 38.3570429 ], [ 140.5905976, 38.3576265 ], [ 140.5904417, 38.3577409 ], [ 140.5904028, 38.3577752 ], [ 140.5903278, 38.3578512 ], [ 140.5902804, 38.3579153 ], [ 140.5902546, 38.357956 ], [ 140.5901558, 38.3581383 ], [ 140.5900605, 38.358311 ], [ 140.5898687, 38.3585676 ], [ 140.5897078, 38.3586981 ], [ 140.5895937, 38.3587554 ], [ 140.5894484, 38.3587962 ], [ 140.5888756, 38.358937 ], [ 140.5885589, 38.3590351 ], [ 140.588445, 38.3590881 ], [ 140.5884121, 38.3591123 ], [ 140.5880299, 38.3594313 ], [ 140.5877678, 38.3596206 ], [ 140.5875448, 38.3597595 ], [ 140.5870208, 38.360037 ], [ 140.5867458, 38.3601881 ], [ 140.5866058, 38.360282 ], [ 140.5864969, 38.3603679 ], [ 140.5864036, 38.3604701 ], [ 140.5863386, 38.3605862 ], [ 140.5862972, 38.3607129 ], [ 140.5862764, 38.3608518 ], [ 140.5862764, 38.3610315 ], [ 140.5862919, 38.3611498 ], [ 140.5863439, 38.3613417 ], [ 140.5864866, 38.3616337 ], [ 140.5866319, 38.3619559 ], [ 140.5867097, 38.3620907 ], [ 140.5868238, 38.3622253 ], [ 140.5869872, 38.362362 ], [ 140.5875522, 38.3628478 ], [ 140.5877442, 38.3630154 ], [ 140.5878505, 38.3631481 ], [ 140.5879389, 38.3632867 ], [ 140.5880322, 38.3634787 ], [ 140.5881411, 38.3637645 ], [ 140.5882189, 38.3640217 ], [ 140.5882372, 38.3641301 ], [ 140.5882475, 38.3642687 ], [ 140.5882475, 38.3644198 ], [ 140.5882267, 38.3645831 ], [ 140.5881592, 38.3647587 ], [ 140.5879672, 38.3651095 ], [ 140.5879025, 38.3652178 ], [ 140.5878558, 38.365332 ], [ 140.5877728, 38.3655484 ], [ 140.5877417, 38.3656751 ], [ 140.5877261, 38.3658056 ], [ 140.5877131, 38.3659384 ], [ 140.5877028, 38.3662162 ], [ 140.5876819, 38.3663426 ], [ 140.5875989, 38.3665426 ], [ 140.5875414, 38.3666598 ], [ 140.5875108, 38.3667223 ], [ 140.5873914, 38.3668898 ], [ 140.5872775, 38.3670203 ], [ 140.5871477, 38.3671225 ], [ 140.5870205, 38.3671939 ], [ 140.586865, 38.367247 ], [ 140.5864966, 38.3673203 ], [ 140.5860972, 38.3674142 ], [ 140.5858119, 38.3675039 ], [ 140.5855888, 38.3675773 ], [ 140.5854072, 38.3676551 ], [ 140.5849741, 38.3678531 ], [ 140.5847717, 38.3679715 ], [ 140.5842974, 38.3682756 ], [ 140.5840015, 38.3684921 ], [ 140.5833615, 38.36904 ], [ 140.5830601, 38.3692981 ], [ 140.5828061, 38.3694816 ], [ 140.5825413, 38.3696901 ], [ 140.5824348, 38.3697981 ], [ 140.5823624, 38.3699045 ], [ 140.5822949, 38.3700145 ], [ 140.5821912, 38.3702106 ], [ 140.5820097, 38.3706759 ], [ 140.5819347, 38.3708417 ], [ 140.5818512, 38.3709518 ], [ 140.5817165, 38.371037 ], [ 140.5813118, 38.3712412 ], [ 140.5800462, 38.3718251 ], [ 140.5798673, 38.3719048 ], [ 140.5797531, 38.3719701 ], [ 140.5795145, 38.3721253 ], [ 140.5786223, 38.3728681 ], [ 140.5784434, 38.3730006 ], [ 140.5782461, 38.3731151 ], [ 140.5779764, 38.3732662 ], [ 140.5777586, 38.3733601 ], [ 140.5776056, 38.3734028 ], [ 140.5772942, 38.3734478 ], [ 140.5770764, 38.3734723 ], [ 140.5769414, 38.3735212 ], [ 140.57676, 38.3736112 ], [ 140.5765109, 38.3737867 ], [ 140.5757175, 38.3743498 ], [ 140.5753983, 38.3746417 ], [ 140.575305, 38.3747601 ], [ 140.5752375, 38.3748704 ], [ 140.5751761, 38.3749931 ], [ 140.5750691, 38.3752073 ], [ 140.575043, 38.3753134 ], [ 140.5750377, 38.3754153 ], [ 140.5750483, 38.3755462 ], [ 140.5750794, 38.3757381 ], [ 140.5750925, 38.375879 ], [ 140.5750871, 38.3760139 ], [ 140.5750613, 38.376242 ], [ 140.5750558, 38.3765851 ], [ 140.5750738, 38.3773381 ], [ 140.5750999, 38.3776078 ], [ 140.5751544, 38.3779323 ], [ 140.5751647, 38.3781323 ], [ 140.5751749, 38.3785284 ], [ 140.5751699, 38.3787664 ], [ 140.5751672, 38.3790938 ], [ 140.5752139, 38.379645 ], [ 140.5752891, 38.3801203 ], [ 140.5752944, 38.3802798 ], [ 140.5752841, 38.3805656 ], [ 140.575258, 38.3806838 ], [ 140.5751569, 38.3809717 ], [ 140.5751155, 38.3811392 ], [ 140.5750791, 38.3813184 ], [ 140.5750636, 38.3814939 ], [ 140.5750661, 38.3817084 ], [ 140.5751024, 38.3821126 ], [ 140.5750816, 38.3824964 ], [ 140.5750829, 38.3826719 ], [ 140.5750844, 38.3828536 ], [ 140.5750583, 38.3829803 ], [ 140.575028, 38.3830784 ], [ 140.5749515, 38.3833264 ], [ 140.5749002, 38.3834925 ], [ 140.5745344, 38.3845273 ], [ 140.5744202, 38.3847764 ], [ 140.5743068, 38.3849748 ], [ 140.5742569, 38.3850534 ], [ 140.5739057, 38.3854425 ], [ 140.5716097, 38.3879083 ] ] } },
{ "type": "Feature", "properties": { "N12_001": "04", "N12_002": 1, "N12_003": 3, "N12_004": "一般国道108号", "N12_005": 8, "N12_006": 1 }, "geometry": { "type": "LineString", "coordinates": [ [ 141.2858008, 38.4429115 ], [ 141.2851543, 38.4432605 ], [ 141.2851047, 38.4432949 ], [ 141.2849169, 38.4434485 ], [ 141.2844447, 38.4437696 ], [ 141.2838433, 38.4441243 ], [ 141.2837961, 38.4441528 ], [ 141.2837499, 38.4441806 ], [ 141.2835366, 38.4442965 ], [ 141.2830568, 38.4445052 ], [ 141.2828751, 38.4445835 ], [ 141.2827711, 38.4446257 ], [ 141.2826618, 38.4446707 ], [ 141.2822177, 38.4448341 ], [ 141.2813729, 38.4451213 ], [ 141.2812798, 38.4451496 ], [ 141.2804272, 38.4454367 ], [ 141.2799909, 38.4455885 ], [ 141.2799087, 38.4456102 ], [ 141.2797834, 38.4456449 ], [ 141.2794109, 38.4457688 ], [ 141.2792526, 38.4458094 ], [ 141.2790761, 38.445853 ], [ 141.2788995, 38.4458875 ], [ 141.2787522, 38.4459155 ], [ 141.2777644, 38.4459999 ], [ 141.2776705, 38.4460138 ], [ 141.2774922, 38.4460449 ], [ 141.2770683, 38.4461763 ], [ 141.2770093, 38.4461967 ], [ 141.276948, 38.4462138 ], [ 141.2765254, 38.4463436 ], [ 141.2763034, 38.4463997 ], [ 141.2758238, 38.4465122 ], [ 141.2757379, 38.4465405 ], [ 141.275294, 38.4466419 ], [ 141.2750487, 38.4466987 ], [ 141.2748716, 38.4467544 ], [ 141.2745996, 38.4469011 ], [ 141.2744776, 38.4469855 ], [ 141.2743655, 38.4470469 ], [ 141.2742698, 38.4470994 ], [ 141.2740982, 38.4471939 ], [ 141.2738262, 38.4473178 ], [ 141.2736018, 38.447427 ], [ 141.2735522, 38.4474511 ], [ 141.273282, 38.4475825 ], [ 141.2724705, 38.4479797 ], [ 141.2722733, 38.4480734 ], [ 141.272066, 38.4481691 ], [ 141.2720168, 38.4481924 ], [ 141.2718573, 38.4482697 ], [ 141.2717479, 38.4483256 ], [ 141.2716082, 38.4484026 ], [ 141.2715594, 38.4484453 ], [ 141.271119, 38.4490827 ], [ 141.2707315, 38.449675 ], [ 141.2705559, 38.4499378 ], [ 141.2705109, 38.4500051 ], [ 141.27045, 38.4500964 ], [ 141.2703806, 38.4501597 ], [ 141.2703144, 38.4501961 ], [ 141.2702531, 38.4502209 ], [ 141.2701475, 38.4502586 ], [ 141.2696305, 38.45041 ], [ 141.269341, 38.4505034 ], [ 141.2687927, 38.4506803 ], [ 141.2684149, 38.4508256 ], [ 141.2681452, 38.450926 ], [ 141.2678052, 38.4510406 ], [ 141.2675532, 38.4510556 ], [ 141.2672741, 38.4509984 ], [ 141.2670551, 38.4508657 ], [ 141.2668175, 38.4506854 ], [ 141.2657758, 38.4515658 ], [ 141.2655086, 38.4517916 ], [ 141.2648545, 38.452286 ], [ 141.2646845, 38.452428 ], [ 141.2644112, 38.4526514 ], [ 141.264077, 38.4529343 ], [ 141.2640495, 38.4529576 ], [ 141.2635589, 38.4533725 ], [ 141.2634944, 38.45344 ], [ 141.2632222, 38.4536711 ], [ 141.2629875, 38.45389 ], [ 141.2629478, 38.453926 ], [ 141.2628714, 38.4539639 ], [ 141.2625993, 38.4540317 ], [ 141.2624153, 38.4540595 ], [ 141.2623549, 38.4540713 ], [ 141.2623042, 38.4540828 ], [ 141.2622744, 38.4540895 ], [ 141.2620049, 38.45415 ], [ 141.2618305, 38.4542049 ], [ 141.2617903, 38.4542177 ], [ 141.2616221, 38.4542714 ], [ 141.2613413, 38.4543589 ], [ 141.2610888, 38.4544373 ], [ 141.2608813, 38.4544992 ], [ 141.2602296, 38.4547076 ], [ 141.2600721, 38.4547581 ], [ 141.2592136, 38.4550251 ], [ 141.2589691, 38.4551074 ], [ 141.2588262, 38.4551526 ], [ 141.2584894, 38.4553554 ], [ 141.2584328, 38.4553976 ], [ 141.2579453, 38.4557609 ], [ 141.2579069, 38.4557856 ], [ 141.2576456, 38.4559926 ], [ 141.2574095, 38.4561861 ], [ 141.257374, 38.4562152 ], [ 141.2572343, 38.4563199 ], [ 141.2571291, 38.4563973 ], [ 141.2569072, 38.4564987 ], [ 141.2567353, 38.4565323 ], [ 141.2562372, 38.4566136 ], [ 141.256089, 38.4566387 ], [ 141.2559263, 38.4566676 ], [ 141.2556544, 38.4567126 ], [ 141.255482, 38.4567453 ], [ 141.2554257, 38.456756 ], [ 141.2552652, 38.4567865 ], [ 141.2552106, 38.456797 ], [ 141.2545516, 38.4569043 ], [ 141.2535993, 38.4570732 ], [ 141.2531768, 38.4571237 ], [ 141.2525496, 38.4571242 ], [ 141.2521318, 38.4571351 ], [ 141.2518811, 38.4571295 ], [ 141.2509747, 38.4571204 ], [ 141.2508395, 38.4571143 ], [ 141.2508042, 38.4571172 ], [ 141.2507455, 38.4571093 ], [ 141.2506261, 38.4571214 ], [ 141.2504756, 38.4571717 ], [ 141.2502773, 38.4572535 ], [ 141.2500489, 38.4573684 ], [ 141.2493723, 38.457709 ], [ 141.2489311, 38.4579404 ], [ 141.2484016, 38.458194 ], [ 141.2481367, 38.4583196 ], [ 141.247843, 38.4584588 ], [ 141.2473805, 38.4586742 ], [ 141.2469121, 38.4588924 ], [ 141.2465685, 38.4590649 ], [ 141.2452366, 38.4596388 ], [ 141.2448935, 38.459804 ], [ 141.244651, 38.4599193 ], [ 141.2445173, 38.4599861 ], [ 141.2443869, 38.4600513 ], [ 141.2443128, 38.4600949 ], [ 141.243905, 38.4603147 ], [ 141.2437117, 38.4604274 ], [ 141.2435468, 38.460512 ], [ 141.2433502, 38.4606148 ], [ 141.2432043, 38.4606987 ], [ 141.2430888, 38.4607651 ], [ 141.2429238, 38.4608552 ], [ 141.2427808, 38.4609566 ], [ 141.2425372, 38.4612102 ], [ 141.2422794, 38.4615425 ], [ 141.2419929, 38.4619366 ], [ 141.2418602, 38.4621187 ], [ 141.2417152, 38.4623176 ], [ 141.2414343, 38.4627025 ], [ 141.2409976, 38.4633277 ], [ 141.240747, 38.4637558 ], [ 141.2405336, 38.4641588 ], [ 141.2403638, 38.4644789 ], [ 141.2403413, 38.4645203 ], [ 141.2402242, 38.4647302 ], [ 141.2398375, 38.4654566 ], [ 141.2395836, 38.4659085 ], [ 141.2395117, 38.4660388 ], [ 141.2393292, 38.4663691 ], [ 141.239172, 38.466653 ], [ 141.2390642, 38.4668477 ], [ 141.2388708, 38.4670958 ], [ 141.2386344, 38.4673211 ], [ 141.2381618, 38.4676814 ], [ 141.2379613, 38.4677979 ], [ 141.2378408, 38.4678708 ], [ 141.2373799, 38.4680783 ], [ 141.2370878, 38.4681987 ], [ 141.2370306, 38.4682223 ], [ 141.2367944, 38.4683234 ], [ 141.2366943, 38.4683628 ], [ 141.2359976, 38.4686622 ], [ 141.2353265, 38.4689487 ], [ 141.2351014, 38.4690594 ], [ 141.2348651, 38.4691604 ], [ 141.2339875, 38.4695342 ], [ 141.2338441, 38.4695906 ], [ 141.2333813, 38.4697883 ], [ 141.2332641, 38.4698384 ], [ 141.2329422, 38.4699737 ], [ 141.2327416, 38.4700637 ], [ 141.232494, 38.4701683 ], [ 141.2306079, 38.4709648 ], [ 141.2305304, 38.4709972 ], [ 141.2304546, 38.4710296 ], [ 141.2293903, 38.4714887 ], [ 141.2292903, 38.4715223 ], [ 141.2282087, 38.4719845 ], [ 141.2280522, 38.4720494 ], [ 141.2275574, 38.4722549 ], [ 141.2274128, 38.4723176 ], [ 141.2273595, 38.4723347 ], [ 141.2271638, 38.4723841 ], [ 141.2267985, 38.4724685 ], [ 141.2264046, 38.4725418 ], [ 141.226331, 38.4725485 ], [ 141.2260896, 38.4725699 ], [ 141.2260257, 38.4725699 ], [ 141.2258064, 38.4725699 ], [ 141.2256098, 38.4725699 ], [ 141.2250264, 38.4725495 ], [ 141.2246504, 38.4725363 ], [ 141.2240746, 38.472521 ], [ 141.2239573, 38.4725182 ], [ 141.2220157, 38.4724769 ], [ 141.2218992, 38.4724744 ], [ 141.2206261, 38.4724475 ], [ 141.2205852, 38.4724468 ], [ 141.2192885, 38.472422 ], [ 141.2184736, 38.4724062 ], [ 141.2179221, 38.4723804 ], [ 141.2173006, 38.4723738 ], [ 141.2165567, 38.4723676 ], [ 141.2164519, 38.4723664 ], [ 141.2151514, 38.4723437 ], [ 141.2142468, 38.4723276 ], [ 141.2138329, 38.4723128 ], [ 141.213718, 38.4723164 ], [ 141.2131082, 38.4722998 ], [ 141.2128787, 38.4723056 ], [ 141.2125248, 38.4722657 ], [ 141.2123926, 38.4722296 ], [ 141.2122776, 38.4721926 ], [ 141.2118909, 38.4720124 ], [ 141.2103296, 38.4712822 ], [ 141.2101187, 38.471576 ], [ 141.2099722, 38.4717813 ], [ 141.209782, 38.4719979 ], [ 141.2097483, 38.4720344 ], [ 141.2095907, 38.4721951 ], [ 141.2095396, 38.4722481 ], [ 141.2093074, 38.4724978 ], [ 141.2091055, 38.472716 ], [ 141.2087977, 38.473088 ], [ 141.2087046, 38.4731838 ], [ 141.208417, 38.4735364 ], [ 141.2083874, 38.4735728 ], [ 141.2083604, 38.4736058 ], [ 141.2083399, 38.4736308 ], [ 141.2081318, 38.4738766 ], [ 141.2078119, 38.4743076 ], [ 141.20778, 38.4743509 ], [ 141.207652, 38.4745577 ], [ 141.2075301, 38.4747944 ], [ 141.2075075, 38.4748491 ], [ 141.2074446, 38.4750014 ], [ 141.2074198, 38.4750793 ], [ 141.2074012, 38.4751435 ], [ 141.2073656, 38.4752619 ], [ 141.2073024, 38.4754106 ], [ 141.2072867, 38.4754477 ], [ 141.2069859, 38.4758477 ], [ 141.2065922, 38.4763996 ], [ 141.2063128, 38.4768838 ], [ 141.2062597, 38.4770249 ], [ 141.206216, 38.4771207 ], [ 141.206189, 38.477206 ], [ 141.2061696, 38.4772751 ], [ 141.2059764, 38.4778641 ], [ 141.2058903, 38.4781116 ], [ 141.2057186, 38.4783877 ], [ 141.2055108, 38.4786524 ], [ 141.2053891, 38.4788497 ], [ 141.2051527, 38.4794072 ], [ 141.2050096, 38.4797508 ], [ 141.2048848, 38.4800258 ], [ 141.2048245, 38.4801589 ], [ 141.2047764, 38.4803015 ], [ 141.2047699, 38.4804083 ], [ 141.204766, 38.4805899 ], [ 141.2047876, 38.4807194 ], [ 141.2048735, 38.4809208 ], [ 141.2050096, 38.4811869 ], [ 141.205059, 38.4812733 ], [ 141.2051526, 38.4815869 ], [ 141.2053532, 38.482578 ], [ 141.2053952, 38.4829571 ], [ 141.2053964, 38.4829879 ], [ 141.2053818, 38.4831582 ], [ 141.2053532, 38.4832821 ], [ 141.205332, 38.4833321 ], [ 141.20531, 38.4833841 ], [ 141.2052529, 38.4835188 ], [ 141.2050023, 38.4839074 ], [ 141.2048018, 38.4841607 ], [ 141.2047159, 38.484268 ], [ 141.2045154, 38.4844705 ], [ 141.2043979, 38.4845757 ], [ 141.2038564, 38.4850619 ], [ 141.2036275, 38.4852816 ], [ 141.2033983, 38.4855799 ], [ 141.2033425, 38.4856787 ], [ 141.2033057, 38.485748 ], [ 141.2032264, 38.4859405 ], [ 141.2031619, 38.4862502 ], [ 141.2031619, 38.4866163 ], [ 141.2031905, 38.4868191 ], [ 141.2031833, 38.4869655 ], [ 141.2031475, 38.4870894 ], [ 141.2030475, 38.4872752 ], [ 141.2028325, 38.48763 ], [ 141.2024289, 38.4882339 ], [ 141.2017873, 38.4892294 ], [ 141.2016168, 38.4894749 ], [ 141.2013214, 38.4899001 ], [ 141.2011491, 38.4901196 ], [ 141.2010498, 38.490266 ], [ 141.2006924, 38.4907618 ], [ 141.2006182, 38.4909086 ], [ 141.2005701, 38.4910093 ], [ 141.2005342, 38.4911614 ], [ 141.2005342, 38.4913585 ], [ 141.2005592, 38.4916535 ], [ 141.2005628, 38.4916966 ], [ 141.2006243, 38.4922159 ], [ 141.2006343, 38.4922995 ], [ 141.2006989, 38.4926382 ], [ 141.2007128, 38.4927157 ], [ 141.2007456, 38.492808 ], [ 141.2007745, 38.4928782 ], [ 141.200807, 38.4929369 ], [ 141.2008648, 38.4930393 ], [ 141.2009276, 38.4931157 ], [ 141.2010306, 38.4932235 ], [ 141.2012645, 38.493409 ], [ 141.2015489, 38.4936325 ], [ 141.2015865, 38.4936621 ], [ 141.2017081, 38.4938199 ], [ 141.2017512, 38.4938988 ], [ 141.2018156, 38.4940677 ], [ 141.2019731, 38.4946196 ], [ 141.2020486, 38.4948916 ], [ 141.202059, 38.4949296 ], [ 141.2022306, 38.4956671 ], [ 141.2023023, 38.4960446 ], [ 141.2023317, 38.4962907 ], [ 141.2023451, 38.4964501 ], [ 141.2023523, 38.4966585 ], [ 141.2024095, 38.4969851 ], [ 141.2024598, 38.4971599 ], [ 141.2025887, 38.4975035 ], [ 141.2028392, 38.4980668 ], [ 141.2028838, 38.4981639 ], [ 141.2029323, 38.4982862 ], [ 141.2029323, 38.4987296 ], [ 141.2029285, 38.4988199 ], [ 141.2029203, 38.4989254 ], [ 141.2029086, 38.4990748 ], [ 141.2028892, 38.4993226 ], [ 141.202832, 38.4996323 ], [ 141.2027603, 38.4998576 ], [ 141.2027083, 38.4999868 ], [ 141.2026672, 38.5000887 ], [ 141.2024661, 38.5004099 ], [ 141.2022203, 38.5008029 ], [ 141.2019155, 38.5012882 ], [ 141.2017378, 38.5015729 ], [ 141.2013427, 38.5022062 ], [ 141.2009099, 38.5028762 ], [ 141.2008804, 38.5029218 ], [ 141.2007499, 38.5031327 ], [ 141.2006265, 38.503333 ], [ 141.2005335, 38.5035468 ], [ 141.2004818, 38.5037131 ], [ 141.2004654, 38.5039035 ], [ 141.2004618, 38.5040651 ], [ 141.2004755, 38.5042558 ], [ 141.2005548, 38.5046285 ], [ 141.2006337, 38.5049943 ], [ 141.2006334, 38.5054899 ], [ 141.2005976, 38.5056758 ], [ 141.2005618, 38.5057659 ], [ 141.2004684, 38.5059462 ], [ 141.2002716, 38.5061954 ], [ 141.2001795, 38.5062723 ], [ 141.1999963, 38.5063572 ], [ 141.1997162, 38.5064868 ], [ 141.1989275, 38.5067685 ], [ 141.1986913, 38.5068383 ], [ 141.1984831, 38.5068979 ], [ 141.1980172, 38.5070163 ], [ 141.1976947, 38.5071288 ], [ 141.1974149, 38.5072696 ], [ 141.1970135, 38.5074329 ], [ 141.1969133, 38.5074612 ], [ 141.196509, 38.5075265 ], [ 141.1959256, 38.5075363 ], [ 141.1956949, 38.5075457 ], [ 141.1955371, 38.5075793 ], [ 141.1951643, 38.5076977 ], [ 141.1949804, 38.5077695 ], [ 141.1945223, 38.5079385 ], [ 141.194452, 38.5079634 ], [ 141.1936669, 38.5082437 ], [ 141.1936045, 38.5082658 ], [ 141.1934474, 38.5083213 ], [ 141.1933798, 38.5083451 ], [ 141.1924175, 38.5087 ], [ 141.1923396, 38.5087285 ], [ 141.1921199, 38.5088122 ], [ 141.1919177, 38.5088836 ], [ 141.1916877, 38.5089649 ], [ 141.1915748, 38.5090067 ], [ 141.1905478, 38.5093874 ], [ 141.1904263, 38.5094325 ], [ 141.1902684, 38.5094833 ], [ 141.1894969, 38.5097596 ], [ 141.1885698, 38.5101025 ], [ 141.1884551, 38.5101419 ], [ 141.1880046, 38.5103138 ], [ 141.1876879, 38.5104237 ], [ 141.1863434, 38.5109233 ], [ 141.1855663, 38.511212 ], [ 141.185373, 38.5112739 ], [ 141.1846416, 38.5115442 ], [ 141.1844304, 38.5116182 ], [ 141.1843565, 38.5116462 ], [ 141.1838322, 38.5118423 ], [ 141.1836278, 38.5119265 ], [ 141.1833784, 38.5120159 ], [ 141.1829338, 38.5121756 ], [ 141.1829012, 38.5121866 ], [ 141.1822764, 38.5124287 ], [ 141.18171, 38.5126425 ], [ 141.1815635, 38.512704 ], [ 141.1813444, 38.512772 ], [ 141.1804555, 38.5131156 ], [ 141.1802547, 38.5131776 ], [ 141.1799177, 38.5133073 ], [ 141.1791368, 38.5136001 ], [ 141.1786707, 38.5138029 ], [ 141.1785083, 38.5139159 ], [ 141.1784286, 38.5139827 ], [ 141.1782407, 38.5141518 ], [ 141.1780973, 38.5143659 ], [ 141.1780471, 38.5144729 ], [ 141.1779898, 38.5147829 ], [ 141.1779836, 38.5150402 ], [ 141.1779792, 38.5151305 ], [ 141.1779612, 38.5153912 ], [ 141.1779395, 38.5156389 ], [ 141.1778991, 38.5157375 ], [ 141.1778456, 38.5158398 ], [ 141.1778034, 38.5159093 ], [ 141.177667, 38.5159881 ], [ 141.1771222, 38.5162079 ], [ 141.1769934, 38.5162695 ], [ 141.1768859, 38.5163484 ], [ 141.1767495, 38.5165007 ], [ 141.176685, 38.516602 ], [ 141.1766618, 38.5166537 ], [ 141.1765989, 38.5167934 ], [ 141.1764556, 38.5171709 ], [ 141.1763903, 38.5173761 ], [ 141.1763157, 38.5176106 ], [ 141.176305, 38.517644 ], [ 141.176294, 38.517771 ], [ 141.1762916, 38.5178174 ], [ 141.1763086, 38.5180282 ], [ 141.1764153, 38.5184115 ], [ 141.1765847, 38.5188323 ], [ 141.1766414, 38.5190273 ], [ 141.1766998, 38.5193417 ], [ 141.1766902, 38.5194442 ], [ 141.1766635, 38.519538 ], [ 141.1765971, 38.5196684 ], [ 141.17652, 38.5198123 ], [ 141.1762688, 38.5202743 ], [ 141.1760538, 38.5206404 ], [ 141.1759822, 38.5207306 ], [ 141.175925, 38.5207819 ], [ 141.1758243, 38.5208546 ], [ 141.1755882, 38.5209951 ], [ 141.1752824, 38.5211343 ], [ 141.1750446, 38.5212311 ], [ 141.1746418, 38.5213951 ], [ 141.1745129, 38.5214457 ], [ 141.1744054, 38.5214907 ], [ 141.1743815, 38.5214961 ], [ 141.1742381, 38.5215561 ], [ 141.1741085, 38.521616 ], [ 141.1738172, 38.5217527 ], [ 141.1737869, 38.5217689 ], [ 141.1735309, 38.5218737 ], [ 141.1731225, 38.5220989 ], [ 141.1728067, 38.5222851 ], [ 141.172735, 38.5223413 ], [ 141.1724198, 38.5225385 ], [ 141.1720368, 38.5227957 ], [ 141.1718247, 38.5229382 ], [ 141.171488, 38.523141 ], [ 141.1712802, 38.523231 ], [ 141.1710939, 38.5232818 ], [ 141.1709575, 38.5233099 ], [ 141.1707139, 38.5233099 ], [ 141.169911, 38.5232029 ], [ 141.1695625, 38.5231635 ], [ 141.1692157, 38.5231241 ], [ 141.1689146, 38.5230846 ], [ 141.1683771, 38.5230507 ], [ 141.1671226, 38.5230566 ], [ 141.1668869, 38.5230736 ], [ 141.1667358, 38.5230846 ], [ 141.1667109, 38.523086 ], [ 141.1662267, 38.5231127 ], [ 141.1658609, 38.5231127 ], [ 141.165417, 38.5230791 ], [ 141.1650799, 38.5230283 ], [ 141.1647862, 38.5229722 ], [ 141.1646354, 38.5229494 ], [ 141.1639975, 38.5228425 ], [ 141.1637539, 38.522848 ], [ 141.1636247, 38.5228764 ], [ 141.1632805, 38.5229778 ], [ 141.1631802, 38.5230114 ], [ 141.1630635, 38.5230572 ], [ 141.1630052, 38.5230795 ], [ 141.1627051, 38.5232044 ], [ 141.1624349, 38.5233267 ], [ 141.1617396, 38.5237153 ], [ 141.1616107, 38.5238056 ], [ 141.1609864, 38.5242001 ], [ 141.1603432, 38.5246157 ], [ 141.1597629, 38.5249872 ], [ 141.1594097, 38.5252134 ], [ 141.1583772, 38.525876 ], [ 141.1582775, 38.52594 ], [ 141.1582397, 38.5259593 ], [ 141.1581919, 38.5259848 ], [ 141.1578833, 38.5261542 ], [ 141.1575536, 38.526295 ], [ 141.1573383, 38.5263582 ], [ 141.1571461, 38.5264255 ], [ 141.1569299, 38.5264809 ], [ 141.1565068, 38.5265428 ], [ 141.1557255, 38.5265765 ], [ 141.1553674, 38.526582 ], [ 141.1539609, 38.5266227 ], [ 141.1531236, 38.5266496 ], [ 141.1529661, 38.5266665 ], [ 141.1527961, 38.526711 ], [ 141.1526722, 38.5267454 ], [ 141.152383, 38.5268136 ], [ 141.1521848, 38.5268468 ], [ 141.1515969, 38.5269201 ], [ 141.1508299, 38.5269537 ], [ 141.1504213, 38.5269821 ], [ 141.1502066, 38.5270101 ], [ 141.1500435, 38.5270529 ], [ 141.1499269, 38.5270835 ], [ 141.149461, 38.5272693 ], [ 141.1489376, 38.5275285 ], [ 141.1487518, 38.5276226 ], [ 141.1485865, 38.527714 ], [ 141.1484932, 38.527776 ], [ 141.1480415, 38.5280352 ], [ 141.1478327, 38.5281745 ], [ 141.1477891, 38.5282043 ], [ 141.1473751, 38.5284971 ], [ 141.1469306, 38.5287844 ], [ 141.1468448, 38.5288407 ], [ 141.1456189, 38.5295557 ], [ 141.1451244, 38.5298374 ], [ 141.1446083, 38.5301641 ], [ 141.1440491, 38.5306541 ], [ 141.1434221, 38.5312256 ], [ 141.1431565, 38.5314709 ], [ 141.1420964, 38.5324232 ], [ 141.141003, 38.5318208 ], [ 141.1408712, 38.5317454 ], [ 141.1398092, 38.5311799 ], [ 141.1395406, 38.5310369 ], [ 141.1388311, 38.5306428 ], [ 141.137499, 38.5299244 ], [ 141.1366593, 38.5295331 ], [ 141.1363055, 38.5294276 ], [ 141.1361146, 38.5293809 ], [ 141.1357776, 38.5293528 ], [ 141.1354693, 38.5293642 ], [ 141.1352401, 38.5293923 ], [ 141.1347171, 38.5295051 ], [ 141.1340072, 38.529702 ], [ 141.1333762, 38.529897 ], [ 141.1330037, 38.530012 ], [ 141.1313155, 38.5305656 ], [ 141.1301375, 38.5309262 ], [ 141.13007, 38.5309473 ], [ 141.128333, 38.5314879 ], [ 141.1266911, 38.5319992 ], [ 141.1252419, 38.5324548 ], [ 141.1245162, 38.5327078 ], [ 141.1235924, 38.5330307 ], [ 141.1231334, 38.5332453 ], [ 141.1229786, 38.533321 ], [ 141.122711, 38.5334529 ], [ 141.122077, 38.5339061 ], [ 141.1215712, 38.5342916 ], [ 141.1204173, 38.5351277 ], [ 141.1173707, 38.5375441 ], [ 141.1170768, 38.5377302 ], [ 141.1167179, 38.5379077 ], [ 141.1166251, 38.5379441 ], [ 141.1131555, 38.5394821 ], [ 141.112513, 38.539778 ], [ 141.1119085, 38.5400564 ], [ 141.1104821, 38.540755 ], [ 141.1100163, 38.5410194 ], [ 141.1097006, 38.5412278 ], [ 141.1095001, 38.5413911 ], [ 141.1092241, 38.5416544 ], [ 141.1090626, 38.5418419 ], [ 141.1088979, 38.5420897 ], [ 141.1087401, 38.5423714 ], [ 141.1085895, 38.5426981 ], [ 141.1085395, 38.5428503 ], [ 141.1084472, 38.5432625 ], [ 141.108375, 38.5437693 ], [ 141.10836, 38.5438753 ], [ 141.1083407, 38.544078 ], [ 141.1082095, 38.5454583 ], [ 141.108145, 38.545948 ], [ 141.1081192, 38.5461516 ], [ 141.1080332, 38.5464046 ], [ 141.1079235, 38.5466247 ], [ 141.1078972, 38.5466775 ], [ 141.10779, 38.5468286 ], [ 141.1075641, 38.5470987 ], [ 141.1075033, 38.5471714 ], [ 141.1072775, 38.5473619 ], [ 141.1071233, 38.5474719 ], [ 141.1070062, 38.5475495 ], [ 141.1066465, 38.5477447 ], [ 141.1063027, 38.5478911 ], [ 141.1061304, 38.547942 ], [ 141.1056646, 38.5480603 ], [ 141.1053779, 38.5481053 ], [ 141.1051054, 38.5481392 ], [ 141.1048257, 38.5481672 ], [ 141.1044322, 38.5481994 ], [ 141.1040231, 38.5482292 ], [ 141.1036576, 38.5482406 ], [ 141.1033351, 38.5482631 ], [ 141.1030626, 38.548325 ], [ 141.1023248, 38.5485726 ], [ 141.1012058, 38.5489386 ], [ 141.1009699, 38.5490119 ], [ 141.1007758, 38.5490739 ], [ 141.10031, 38.5492317 ], [ 141.1000413, 38.5493199 ], [ 141.0989821, 38.5496667 ], [ 141.0985959, 38.5497906 ], [ 141.0980732, 38.5499581 ], [ 141.0979585, 38.5499976 ], [ 141.0968762, 38.5503467 ], [ 141.0964658, 38.5504772 ], [ 141.0961884, 38.5505664 ], [ 141.0958584, 38.5506623 ], [ 141.0947043, 38.5510468 ], [ 141.093512, 38.5514442 ], [ 141.0934599, 38.5514612 ], [ 141.0920754, 38.5519062 ], [ 141.0916112, 38.5520547 ], [ 141.0911915, 38.5521887 ], [ 141.0908546, 38.5522901 ], [ 141.0903745, 38.5524479 ], [ 141.0894784, 38.5527241 ], [ 141.0882804, 38.553109 ], [ 141.0880017, 38.5531854 ], [ 141.0877078, 38.5532871 ], [ 141.0873531, 38.5533947 ], [ 141.0867186, 38.5535968 ], [ 141.0848835, 38.5541941 ], [ 141.0846467, 38.5542783 ], [ 141.0843174, 38.5543851 ], [ 141.0835571, 38.5546444 ], [ 141.083374, 38.5547092 ], [ 141.0829839, 38.5548472 ], [ 141.0825681, 38.5549936 ], [ 141.0823076, 38.555079 ], [ 141.0815431, 38.555343 ], [ 141.0811414, 38.5554838 ], [ 141.0807472, 38.5556188 ], [ 141.0798156, 38.5559397 ], [ 141.0794861, 38.5560523 ], [ 141.0787056, 38.5563297 ], [ 141.0786652, 38.5563419 ], [ 141.0777459, 38.5565731 ], [ 141.0773941, 38.5566539 ], [ 141.0770725, 38.556713 ], [ 141.0767159, 38.5567694 ], [ 141.076057, 38.5568436 ], [ 141.0757373, 38.5568796 ], [ 141.0751308, 38.5569397 ], [ 141.0747959, 38.5569705 ], [ 141.0738993, 38.5569759 ], [ 141.0733987, 38.5569543 ], [ 141.0726439, 38.5568782 ], [ 141.0719349, 38.5567827 ], [ 141.0714839, 38.5566998 ], [ 141.07071, 38.5565427 ], [ 141.0698263, 38.556324 ], [ 141.0690114, 38.5561105 ], [ 141.0682223, 38.5559034 ], [ 141.0677754, 38.555772 ], [ 141.0668434, 38.5555161 ], [ 141.0665054, 38.5554233 ], [ 141.0662897, 38.5553607 ], [ 141.0618135, 38.5539914 ], [ 141.0604575, 38.55357 ], [ 141.0595992, 38.5533308 ], [ 141.0585555, 38.5530378 ], [ 141.0583731, 38.5529856 ], [ 141.0577561, 38.5528102 ], [ 141.0571661, 38.5526631 ], [ 141.0564654, 38.5525084 ], [ 141.0559703, 38.5524089 ], [ 141.0558544, 38.5523919 ], [ 141.0553791, 38.5523473 ], [ 141.0548067, 38.5522992 ], [ 141.0540743, 38.5522687 ], [ 141.0535812, 38.5522827 ], [ 141.0530963, 38.5522948 ], [ 141.0524096, 38.5523439 ], [ 141.0519109, 38.5523978 ], [ 141.0512576, 38.5524925 ], [ 141.0505811, 38.5526031 ], [ 141.0500395, 38.5527083 ], [ 141.0491381, 38.5528862 ], [ 141.0484908, 38.5530559 ], [ 141.0475516, 38.5533262 ], [ 141.046419, 38.5536756 ], [ 141.0456478, 38.5539279 ], [ 141.0451791, 38.5540812 ], [ 141.0438884, 38.5545259 ], [ 141.0430642, 38.5548357 ], [ 141.0425767, 38.5550443 ], [ 141.0415877, 38.5555398 ], [ 141.0409208, 38.5559004 ], [ 141.0403761, 38.556216 ], [ 141.0394277, 38.5567895 ], [ 141.0381736, 38.5576316 ], [ 141.0374515, 38.558114 ], [ 141.0370888, 38.5583218 ], [ 141.0366843, 38.5585535 ], [ 141.0364548, 38.5586716 ], [ 141.036075, 38.5588399 ], [ 141.0356306, 38.5590152 ], [ 141.0347917, 38.5592913 ], [ 141.0339473, 38.5594905 ], [ 141.0335589, 38.5595391 ], [ 141.0333419, 38.5595604 ], [ 141.0331575, 38.5595785 ], [ 141.0326558, 38.5596069 ], [ 141.0315518, 38.559601 ], [ 141.031103, 38.5595803 ], [ 141.0301308, 38.5595355 ], [ 141.0281684, 38.5594491 ], [ 141.0276523, 38.5594492 ], [ 141.0272081, 38.5595164 ], [ 141.0271006, 38.5595278 ], [ 141.026527, 38.5596178 ], [ 141.0260192, 38.5597672 ], [ 141.0250386, 38.5600718 ], [ 141.0241537, 38.5603474 ], [ 141.0235448, 38.5605418 ], [ 141.0223338, 38.5609417 ], [ 141.0220399, 38.5610373 ], [ 141.0212984, 38.5612734 ], [ 141.0205493, 38.5615215 ], [ 141.0196314, 38.5618201 ], [ 141.0191725, 38.5619667 ], [ 141.0182672, 38.5622676 ], [ 141.0178816, 38.5623923 ], [ 141.0172372, 38.5626032 ], [ 141.0167049, 38.5627693 ], [ 141.0163407, 38.5628831 ], [ 141.0150359, 38.5632907 ], [ 141.0146713, 38.5634028 ], [ 141.0130369, 38.5639246 ], [ 141.0123056, 38.5641579 ], [ 141.0117178, 38.5643435 ], [ 141.0102051, 38.5648391 ], [ 141.0100354, 38.5648993 ], [ 141.0097964, 38.5649858 ], [ 141.0095245, 38.5650773 ], [ 141.009238, 38.5651716 ], [ 141.0084847, 38.5653689 ], [ 141.0083713, 38.5653978 ], [ 141.0081982, 38.5654419 ], [ 141.0075173, 38.5655827 ], [ 141.0072238, 38.5656335 ], [ 141.006944, 38.5656899 ], [ 141.0054959, 38.5659658 ], [ 141.0048927, 38.5660741 ], [ 141.0039334, 38.5662586 ], [ 141.002758, 38.5664783 ], [ 141.0018363, 38.5666555 ], [ 141.0010597, 38.5668049 ], [ 141.0000377, 38.5669966 ], [ 140.9997974, 38.5670417 ], [ 140.9993366, 38.56713 ], [ 140.9979587, 38.5673794 ], [ 140.997117, 38.5675317 ], [ 140.9965793, 38.5676139 ], [ 140.9955527, 38.5677963 ], [ 140.9934685, 38.5681862 ], [ 140.9926135, 38.5683415 ], [ 140.992264, 38.5684004 ], [ 140.9916108, 38.5685217 ], [ 140.9914685, 38.5685468 ], [ 140.9909596, 38.5686426 ], [ 140.9903718, 38.5687493 ], [ 140.9900923, 38.5688057 ], [ 140.9899463, 38.5688291 ], [ 140.9891964, 38.5689635 ], [ 140.9884653, 38.5691042 ], [ 140.9873897, 38.5693013 ], [ 140.986483, 38.5694745 ], [ 140.9862793, 38.5695151 ], [ 140.9857199, 38.5696165 ], [ 140.9854036, 38.5696839 ], [ 140.9850605, 38.5697404 ], [ 140.9836771, 38.570011 ], [ 140.9833118, 38.5700686 ], [ 140.9825945, 38.5701966 ], [ 140.9821291, 38.5702755 ], [ 140.9818276, 38.5703227 ], [ 140.9813763, 38.5704163 ], [ 140.9805127, 38.5705804 ], [ 140.9803279, 38.5706192 ], [ 140.979878, 38.5707144 ], [ 140.9793333, 38.5708216 ], [ 140.9781719, 38.5710587 ], [ 140.9780681, 38.5710754 ], [ 140.977828, 38.5711141 ], [ 140.9764874, 38.5713789 ], [ 140.9758387, 38.5714997 ], [ 140.9755042, 38.571568 ], [ 140.9751206, 38.5716364 ], [ 140.9747866, 38.5717026 ], [ 140.9744609, 38.5717669 ], [ 140.9740384, 38.5718547 ], [ 140.9736641, 38.5719281 ], [ 140.9734842, 38.5719589 ], [ 140.9731017, 38.5720336 ], [ 140.9729437, 38.5720606 ], [ 140.9728851, 38.5720719 ], [ 140.9724519, 38.5721559 ], [ 140.9716705, 38.5723079 ], [ 140.9709077, 38.5724644 ], [ 140.9705094, 38.5725331 ], [ 140.9693191, 38.5727754 ], [ 140.9688846, 38.5728589 ], [ 140.9686574, 38.5729014 ], [ 140.9681104, 38.5730013 ], [ 140.9677064, 38.5730795 ], [ 140.9673768, 38.5731412 ], [ 140.9668062, 38.573254 ], [ 140.9665913, 38.5733005 ], [ 140.9665137, 38.5733167 ], [ 140.9664237, 38.5733356 ], [ 140.9661581, 38.5733779 ], [ 140.9648197, 38.5736387 ], [ 140.9649969, 38.5741999 ], [ 140.9650328, 38.5743243 ], [ 140.965156, 38.574701 ], [ 140.9652509, 38.5749893 ], [ 140.9653187, 38.5751955 ], [ 140.9656703, 38.5763322 ], [ 140.9652601, 38.5764266 ], [ 140.9649052, 38.5764987 ], [ 140.9643913, 38.5766129 ], [ 140.9641213, 38.576737 ], [ 140.9636129, 38.5769589 ], [ 140.962725, 38.5773729 ], [ 140.9619289, 38.5777767 ], [ 140.9617495, 38.577861 ], [ 140.9616039, 38.5779543 ], [ 140.9611394, 38.5782967 ], [ 140.9609797, 38.5784115 ], [ 140.9602797, 38.5789593 ], [ 140.9601117, 38.5790798 ], [ 140.9599667, 38.5791968 ], [ 140.9593296, 38.5796636 ], [ 140.9589039, 38.579984 ], [ 140.9585865, 38.5802336 ], [ 140.9585366, 38.5802724 ], [ 140.9583694, 38.5804023 ], [ 140.9582321, 38.5804974 ], [ 140.9579141, 38.5806968 ], [ 140.9574494, 38.5810329 ], [ 140.9571592, 38.5812242 ], [ 140.9568409, 38.5814176 ], [ 140.9565305, 38.5815958 ], [ 140.956085, 38.5818301 ], [ 140.9558136, 38.5819631 ], [ 140.9556362, 38.5820404 ], [ 140.9553841, 38.5821526 ], [ 140.9551624, 38.5822381 ], [ 140.9549826, 38.5823215 ], [ 140.9545812, 38.5824793 ], [ 140.9543614, 38.5825455 ], [ 140.9540434, 38.5826541 ], [ 140.9533767, 38.5828227 ], [ 140.9529963, 38.5829038 ], [ 140.9527313, 38.5829691 ], [ 140.9522878, 38.5830627 ], [ 140.9520466, 38.5831104 ], [ 140.9516563, 38.5831608 ], [ 140.9509252, 38.5832677 ], [ 140.9504648, 38.583298 ], [ 140.9502601, 38.5833211 ], [ 140.949977, 38.5834622 ], [ 140.9487425, 38.5840773 ], [ 140.9482458, 38.5843229 ] ] } },
{ "type": "Feature", "properties": { "N12_001": "04", "N12_002": 2, "N12_003": 3, "N12_004": "一般国道108号", "N12_005": 8, "N12_006": 2 }, "geometry": { "type": "LineString", "coordinates": [ [ 140.7049672, 38.7366145 ], [ 140.7045987, 38.736994 ], [ 140.7042634, 38.7373273 ], [ 140.7037911, 38.7376486 ], [ 140.7013695, 38.7387662 ], [ 140.6995114, 38.7396103 ], [ 140.697319, 38.7401917 ], [ 140.6966947, 38.7404055 ], [ 140.6962224, 38.740691 ], [ 140.6958412, 38.74106 ], [ 140.6955206, 38.7416079 ], [ 140.6954435, 38.7421441 ], [ 140.6955944, 38.742776 ], [ 140.6962003, 38.7442903 ], [ 140.6962905, 38.7448387 ], [ 140.6962379, 38.7484737 ], [ 140.6962514, 38.7493914 ], [ 140.6964319, 38.7505 ], [ 140.6966133, 38.7511676 ], [ 140.6968859, 38.7518711 ], [ 140.6971738, 38.7525269 ], [ 140.697629, 38.7532664 ], [ 140.6983729, 38.7542922 ], [ 140.7035677, 38.7601857 ], [ 140.704008, 38.7608059 ], [ 140.7042356, 38.7611876 ], [ 140.7044627, 38.7618672 ], [ 140.7045684, 38.762344 ], [ 140.7045522, 38.7629041 ], [ 140.704459, 38.7639409 ], [ 140.7044582, 38.7643819 ], [ 140.7045181, 38.7649064 ], [ 140.7047597, 38.7660031 ], [ 140.7047739, 38.7666229 ], [ 140.7047426, 38.7670876 ], [ 140.7045894, 38.7676238 ], [ 140.7003526, 38.7783573 ], [ 140.6999553, 38.7790839 ], [ 140.69965, 38.7795364 ], [ 140.69794, 38.7820254 ], [ 140.697085, 38.7832043 ], [ 140.6967647, 38.7835376 ], [ 140.6961833, 38.7838131 ], [ 140.695513, 38.7839763 ], [ 140.6948673, 38.7839927 ], [ 140.6943724, 38.7839619 ], [ 140.6940263, 38.7839272 ], [ 140.6937425, 38.7838647 ], [ 140.6931481, 38.7836983 ], [ 140.692421, 38.7835177 ], [ 140.6920571, 38.7834411 ], [ 140.6916938, 38.7833889 ], [ 140.6914052, 38.7833475 ], [ 140.6911958, 38.7833244 ], [ 140.687937, 38.7829656 ], [ 140.6876531, 38.7829795 ], [ 140.6873381, 38.7830456 ], [ 140.6864588, 38.7833245 ], [ 140.6853692, 38.78367 ], [ 140.684473, 38.7840031 ], [ 140.6837812, 38.7843431 ], [ 140.6833603, 38.7846091 ], [ 140.6828441, 38.7849354 ], [ 140.6817989, 38.7855959 ], [ 140.6812105, 38.7860773 ], [ 140.6805406, 38.7866958 ], [ 140.6778123, 38.788338 ], [ 140.677554, 38.7883962 ], [ 140.6756337, 38.7883579 ], [ 140.6753057, 38.7884204 ], [ 140.6751459, 38.788476 ], [ 140.6750268, 38.7886252 ], [ 140.6749127, 38.7889218 ], [ 140.6748087, 38.7892115 ], [ 140.674729, 38.789399 ], [ 140.6745515, 38.7897251 ], [ 140.6744629, 38.7898015 ], [ 140.6743387, 38.7898362 ], [ 140.6738598, 38.7898015 ], [ 140.6736026, 38.7897946 ], [ 140.6734117, 38.7898468 ], [ 140.6732434, 38.7899646 ], [ 140.6727287, 38.7911515 ], [ 140.6726401, 38.7912901 ], [ 140.6721611, 38.7915192 ], [ 140.6718596, 38.791672 ], [ 140.6714822, 38.7918629 ], [ 140.6713225, 38.7919879 ], [ 140.6712161, 38.792189 ], [ 140.6710034, 38.7927999 ], [ 140.6708258, 38.7932371 ], [ 140.6706927, 38.7934385 ], [ 140.6703511, 38.7937543 ], [ 140.6700675, 38.7938863 ], [ 140.6696508, 38.7939138 ], [ 140.6688934, 38.7938197 ], [ 140.6681602, 38.7937263 ], [ 140.6674155, 38.793643 ], [ 140.66715, 38.793641 ], [ 140.6667086, 38.7937118 ], [ 140.6663633, 38.7937641 ], [ 140.6653666, 38.7940541 ], [ 140.6642185, 38.7943899 ], [ 140.6630249, 38.7947352 ], [ 140.6609971, 38.7953244 ], [ 140.660594, 38.7954119 ], [ 140.6602257, 38.7954753 ], [ 140.6599236, 38.7955178 ], [ 140.6593484, 38.795587 ], [ 140.6589584, 38.795628 ], [ 140.6583007, 38.7957036 ], [ 140.6579187, 38.7957516 ], [ 140.6565188, 38.7959133 ], [ 140.6557473, 38.7960097 ], [ 140.6551364, 38.7961642 ], [ 140.6547706, 38.7962967 ], [ 140.6541543, 38.7965987 ], [ 140.6526748, 38.7973802 ], [ 140.6502638, 38.798652 ], [ 140.6500263, 38.7987724 ], [ 140.6493024, 38.7991392 ], [ 140.6488828, 38.7994042 ], [ 140.6482257, 38.7999395 ], [ 140.6479612, 38.800227 ], [ 140.6477382, 38.8004692 ], [ 140.6473727, 38.8010734 ], [ 140.6471662, 38.8015927 ], [ 140.647127, 38.8017069 ], [ 140.6470628, 38.8025161 ], [ 140.647055, 38.8025998 ], [ 140.6472238, 38.8045817 ], [ 140.6472852, 38.8053959 ], [ 140.6473866, 38.8061514 ], [ 140.6475455, 38.8069531 ], [ 140.6475981, 38.8072623 ], [ 140.6476605, 38.8077632 ], [ 140.6476462, 38.8083247 ], [ 140.6476439, 38.8084179 ], [ 140.6475547, 38.8088891 ], [ 140.6475354, 38.8089797 ], [ 140.6474837, 38.8091907 ], [ 140.6472896, 38.8096875 ], [ 140.6471584, 38.8099571 ], [ 140.6468938, 38.8104403 ], [ 140.6466143, 38.8108669 ], [ 140.6464605, 38.8111596 ], [ 140.6464026, 38.8113298 ], [ 140.6462932, 38.8115494 ], [ 140.6462488, 38.8116274 ], [ 140.6461243, 38.8117806 ], [ 140.6457945, 38.8120315 ], [ 140.6456553, 38.8121262 ], [ 140.6451897, 38.8122962 ], [ 140.6448881, 38.8124559 ], [ 140.6447284, 38.8126295 ], [ 140.6446711, 38.8127238 ], [ 140.6442074, 38.8136148 ], [ 140.6440128, 38.8139542 ], [ 140.6439617, 38.8141142 ], [ 140.6439834, 38.8142467 ], [ 140.6440194, 38.8143553 ], [ 140.6441205, 38.8144789 ], [ 140.6443294, 38.8146452 ], [ 140.6454111, 38.8151628 ], [ 140.6459345, 38.8155861 ], [ 140.6460322, 38.815725 ], [ 140.6459967, 38.8160717 ], [ 140.6457661, 38.8164536 ], [ 140.6455329, 38.8166581 ], [ 140.6450297, 38.8170992 ], [ 140.6442447, 38.8177547 ], [ 140.6441792, 38.8178366 ], [ 140.644036, 38.8180153 ], [ 140.6433977, 38.8194103 ], [ 140.6433977, 38.8195836 ], [ 140.6435747, 38.8199586 ], [ 140.6438852, 38.8205 ], [ 140.643903, 38.8206806 ], [ 140.6438008, 38.8213247 ], [ 140.6437231, 38.8217086 ], [ 140.6433529, 38.8239356 ], [ 140.6432732, 38.8241439 ], [ 140.6431444, 38.8243139 ], [ 140.6424226, 38.8249914 ], [ 140.6423536, 38.8250562 ], [ 140.6416926, 38.8256771 ], [ 140.6416365, 38.8257297 ], [ 140.6414771, 38.8257922 ], [ 140.6412907, 38.82582 ], [ 140.6407014, 38.82582 ], [ 140.6403326, 38.8258201 ], [ 140.6400265, 38.8258581 ], [ 140.6385667, 38.8263345 ], [ 140.6370287, 38.8268367 ], [ 140.6368334, 38.8269334 ], [ 140.6367092, 38.8271001 ], [ 140.6361903, 38.8289501 ], [ 140.6361459, 38.8293384 ], [ 140.6361725, 38.8296787 ], [ 140.6363186, 38.8299945 ], [ 140.6366381, 38.8302584 ], [ 140.63725, 38.8307165 ], [ 140.6375872, 38.8310912 ], [ 140.637822, 38.8315251 ], [ 140.6380064, 38.8322221 ], [ 140.6380792, 38.832497 ], [ 140.6381375, 38.8326375 ], [ 140.6381945, 38.8327745 ], [ 140.6385807, 38.8333196 ], [ 140.638791, 38.8336221 ], [ 140.6389324, 38.8340184 ], [ 140.6389528, 38.8341245 ], [ 140.6390281, 38.8347111 ], [ 140.6390928, 38.8362225 ], [ 140.6391694, 38.8369878 ], [ 140.6392777, 38.8379392 ], [ 140.6392902, 38.8381053 ], [ 140.6392902, 38.8382389 ], [ 140.6392772, 38.8383275 ], [ 140.6392447, 38.8384014 ], [ 140.6391139, 38.8385942 ], [ 140.6385177, 38.8393622 ], [ 140.6382343, 38.8397409 ], [ 140.6379746, 38.8400873 ], [ 140.6376712, 38.8404927 ], [ 140.6375277, 38.8406634 ], [ 140.6374943, 38.8406967 ], [ 140.6374083, 38.8407739 ], [ 140.6373546, 38.8408195 ], [ 140.6365902, 38.8414206 ], [ 140.6362733, 38.8416581 ], [ 140.6358564, 38.8419706 ], [ 140.635294, 38.842392 ], [ 140.6351329, 38.8425337 ], [ 140.6350137, 38.8426448 ], [ 140.634904, 38.8427695 ], [ 140.6348024, 38.8428878 ], [ 140.6346993, 38.8430262 ], [ 140.6346113, 38.8431523 ], [ 140.6345346, 38.8432656 ], [ 140.6344662, 38.8433906 ], [ 140.6344387, 38.8434589 ], [ 140.6344264, 38.8434902 ], [ 140.6344046, 38.8435513 ], [ 140.6343938, 38.8435856 ], [ 140.6343832, 38.8436439 ], [ 140.6343754, 38.8437277 ], [ 140.6343715, 38.8437776 ], [ 140.6343715, 38.8438678 ], [ 140.6343765, 38.8439492 ], [ 140.6343923, 38.8440367 ], [ 140.6344387, 38.8442252 ], [ 140.6344762, 38.8443398 ], [ 140.6345085, 38.8444223 ], [ 140.6347035, 38.8447576 ], [ 140.6349882, 38.8452103 ], [ 140.635116, 38.8453881 ], [ 140.635165, 38.8454563 ], [ 140.6352501, 38.8455753 ], [ 140.6353826, 38.8456936 ], [ 140.635566, 38.8458414 ], [ 140.6356396, 38.8458848 ], [ 140.6357046, 38.845911 ], [ 140.6358648, 38.8459742 ], [ 140.6360129, 38.8460234 ], [ 140.636156, 38.8460578 ], [ 140.6362626, 38.8460745 ], [ 140.6364257, 38.8460822 ], [ 140.6365915, 38.8460744 ], [ 140.6367573, 38.8460527 ], [ 140.6373858, 38.8459712 ], [ 140.6379486, 38.8458419 ], [ 140.638283, 38.8457676 ], [ 140.6387811, 38.8456406 ], [ 140.6389385, 38.845609 ], [ 140.6391996, 38.8455801 ], [ 140.6395445, 38.8455758 ], [ 140.6397155, 38.8455737 ], [ 140.6399316, 38.8455564 ], [ 140.6400985, 38.8455233 ], [ 140.640243, 38.8454866 ], [ 140.6404421, 38.8454397 ], [ 140.6405946, 38.845393 ], [ 140.640763, 38.8453372 ], [ 140.6410427, 38.8452225 ], [ 140.6411122, 38.8451933 ], [ 140.6411452, 38.8451828 ], [ 140.6412036, 38.8451659 ], [ 140.6412889, 38.8451486 ], [ 140.6413371, 38.8451394 ], [ 140.6414736, 38.8451416 ], [ 140.6416372, 38.8451763 ], [ 140.6417054, 38.8452063 ], [ 140.6418449, 38.8452678 ], [ 140.6419141, 38.8453148 ], [ 140.6420683, 38.8454584 ], [ 140.6422067, 38.8456415 ], [ 140.6422633, 38.8458122 ], [ 140.6422633, 38.8459904 ], [ 140.6422287, 38.8462329 ], [ 140.6421752, 38.846426 ], [ 140.6420966, 38.8465868 ], [ 140.641999, 38.8467898 ], [ 140.6418699, 38.8469142 ], [ 140.6416924, 38.8471184 ], [ 140.6415127, 38.8473252 ], [ 140.6405497, 38.8483636 ], [ 140.6403585, 38.848578 ], [ 140.6400856, 38.8488667 ], [ 140.6400176, 38.84894 ], [ 140.6399321, 38.8490277 ], [ 140.6398079, 38.8491633 ], [ 140.6397282, 38.8492511 ], [ 140.6396065, 38.8493886 ], [ 140.6395221, 38.8494802 ], [ 140.6394226, 38.8496055 ], [ 140.639351, 38.8497136 ], [ 140.6393098, 38.8497947 ], [ 140.6392767, 38.8498725 ], [ 140.6392543, 38.8499332 ], [ 140.6392426, 38.8499664 ], [ 140.6392349, 38.8499904 ], [ 140.639214, 38.8500553 ], [ 140.6391529, 38.8503033 ], [ 140.6391423, 38.8503536 ], [ 140.6391131, 38.8504914 ], [ 140.6390985, 38.8505379 ], [ 140.6390873, 38.8505716 ], [ 140.6390379, 38.8507136 ], [ 140.6389581, 38.8509014 ], [ 140.6388682, 38.8510458 ], [ 140.6387751, 38.8511611 ], [ 140.6386715, 38.8512589 ], [ 140.6384657, 38.8514269 ], [ 140.638317, 38.8515045 ], [ 140.6380807, 38.8516011 ], [ 140.6379365, 38.85164 ], [ 140.6378132, 38.851668 ], [ 140.6376901, 38.8516891 ], [ 140.6376043, 38.8516978 ], [ 140.6374233, 38.851715 ], [ 140.6372351, 38.8517128 ], [ 140.6370195, 38.8516917 ], [ 140.6368114, 38.8516511 ], [ 140.6365745, 38.8515647 ], [ 140.6363926, 38.8514769 ], [ 140.6362356, 38.8513758 ], [ 140.6361187, 38.8512844 ], [ 140.636024, 38.8512006 ], [ 140.6359517, 38.8511325 ], [ 140.635897, 38.8510642 ], [ 140.6358473, 38.8509884 ], [ 140.635794, 38.850877 ], [ 140.6354751, 38.8502106 ], [ 140.6353623, 38.8500311 ], [ 140.6353119, 38.8499665 ], [ 140.6352304, 38.8498617 ], [ 140.6351084, 38.8497345 ], [ 140.6350026, 38.8496353 ], [ 140.6349095, 38.8495614 ], [ 140.634764, 38.8494703 ], [ 140.6346066, 38.849395 ], [ 140.6344036, 38.8493161 ], [ 140.6342701, 38.8492728 ], [ 140.6341387, 38.8492409 ], [ 140.6339642, 38.8492214 ], [ 140.633874, 38.8492167 ], [ 140.6335704, 38.8492184 ], [ 140.6333834, 38.8492295 ], [ 140.633291, 38.8492426 ], [ 140.6332459, 38.8492489 ], [ 140.6330848, 38.8492745 ], [ 140.6312842, 38.8497076 ], [ 140.6305354, 38.8499017 ], [ 140.6302544, 38.8499867 ], [ 140.6301039, 38.850038 ], [ 140.6299634, 38.8500859 ], [ 140.6295508, 38.8502559 ], [ 140.6290269, 38.8505465 ], [ 140.6289212, 38.8506203 ], [ 140.6285906, 38.850851 ], [ 140.6272753, 38.8517688 ], [ 140.6261374, 38.8525629 ], [ 140.6258902, 38.8527354 ], [ 140.6255047, 38.8529843 ], [ 140.6250618, 38.8532198 ], [ 140.6249874, 38.8532593 ], [ 140.6243922, 38.8535265 ], [ 140.6242359, 38.8535848 ], [ 140.6239096, 38.8536963 ], [ 140.6233854, 38.8538321 ], [ 140.6229533, 38.8538974 ], [ 140.6228384, 38.8539148 ], [ 140.6224279, 38.8539768 ], [ 140.6218287, 38.8540069 ], [ 140.6215916, 38.8539843 ], [ 140.6209012, 38.8539055 ], [ 140.6204879, 38.8538751 ], [ 140.6199339, 38.8538125 ], [ 140.6195717, 38.8537482 ], [ 140.6195129, 38.8537378 ], [ 140.6185668, 38.8535699 ], [ 140.6184543, 38.853553 ], [ 140.6171135, 38.8533512 ], [ 140.6169881, 38.8533322 ], [ 140.616692, 38.8532962 ], [ 140.6165087, 38.8532739 ], [ 140.6159612, 38.8532397 ], [ 140.6154043, 38.8532247 ], [ 140.614857, 38.8532247 ], [ 140.6142997, 38.8532361 ], [ 140.6137328, 38.8532664 ], [ 140.6131952, 38.8533136 ], [ 140.6126385, 38.8533742 ], [ 140.6125352, 38.8533846 ], [ 140.6120036, 38.8534386 ], [ 140.6112629, 38.8535378 ], [ 140.6082573, 38.8539014 ], [ 140.6080458, 38.853927 ], [ 140.6079722, 38.8539351 ], [ 140.6065393, 38.8540934 ], [ 140.6041104, 38.854404 ], [ 140.6035796, 38.8544587 ], [ 140.6033085, 38.854491 ], [ 140.6030371, 38.8545213 ], [ 140.6027465, 38.8545402 ], [ 140.6024993, 38.8545476 ], [ 140.6022134, 38.8545554 ], [ 140.6019374, 38.8545554 ], [ 140.6016079, 38.8545477 ], [ 140.6015241, 38.8545419 ], [ 140.6007829, 38.8544924 ], [ 140.6001354, 38.8544471 ], [ 140.6000259, 38.8544426 ], [ 140.5999512, 38.8544396 ], [ 140.5996801, 38.8544207 ], [ 140.5991665, 38.8544016 ], [ 140.5984834, 38.8544016 ], [ 140.5978245, 38.8544416 ], [ 140.5973356, 38.8544833 ], [ 140.5970401, 38.8545285 ], [ 140.5967784, 38.8545663 ], [ 140.5965505, 38.8546044 ], [ 140.5961923, 38.8546838 ], [ 140.5959501, 38.8547369 ], [ 140.5916917, 38.8557705 ], [ 140.5853291, 38.8573148 ], [ 140.5836843, 38.8577143 ], [ 140.5833582, 38.8578292 ], [ 140.5831465, 38.8579037 ], [ 140.5825796, 38.8581459 ], [ 140.5822199, 38.8583254 ], [ 140.5820223, 38.858424 ], [ 140.581349, 38.8588273 ], [ 140.5808743, 38.8591304 ], [ 140.580632, 38.8592893 ], [ 140.5803414, 38.8594635 ], [ 140.5801331, 38.8595657 ], [ 140.5798859, 38.8596946 ], [ 140.5795856, 38.8598229 ], [ 140.5783506, 38.8603021 ], [ 140.5781664, 38.8603891 ], [ 140.577992, 38.8604799 ], [ 140.5777739, 38.8606088 ], [ 140.5775123, 38.8608018 ], [ 140.5771781, 38.8611352 ], [ 140.5770231, 38.8613188 ], [ 140.5768583, 38.8615493 ], [ 140.5766839, 38.8618371 ], [ 140.5763642, 38.8623446 ], [ 140.576209, 38.8625606 ], [ 140.5760348, 38.8627762 ], [ 140.5758508, 38.8629502 ], [ 140.575715, 38.8630716 ], [ 140.5754825, 38.8632763 ], [ 140.5753516, 38.8633746 ], [ 140.5750247, 38.8635894 ], [ 140.5748188, 38.8637246 ], [ 140.5743051, 38.8640581 ], [ 140.5740143, 38.8642661 ], [ 140.5736366, 38.8645955 ], [ 140.5733994, 38.8648587 ], [ 140.573186, 38.8651541 ], [ 140.572973, 38.865506 ], [ 140.5727986, 38.8658448 ], [ 140.572663, 38.8661819 ], [ 140.5724807, 38.8666759 ], [ 140.571558, 38.8697914 ], [ 140.5700148, 38.8750951 ] ] } },
{ "type": "Feature", "properties": { "N12_001": "04", "N12_002": 2, "N12_003": 3, "N12_004": "一般国道113号", "N12_005": 9, "N12_006": 1 }, "geometry": { "type": "LineString", "coordinates": [ [ 140.6207008, 38.0071759 ], [ 140.6205845, 38.0071636 ], [ 140.6195568, 38.0070404 ], [ 140.6194999, 38.0070327 ], [ 140.6187983, 38.0069321 ], [ 140.6187419, 38.0069236 ], [ 140.6175498, 38.0067299 ], [ 140.6174381, 38.0067077 ], [ 140.6166956, 38.006533 ], [ 140.6162448, 38.0064269 ], [ 140.6158955, 38.0063427 ], [ 140.61533, 38.0061991 ], [ 140.6152757, 38.0061853 ], [ 140.6150017, 38.0061146 ], [ 140.614948, 38.0060983 ], [ 140.6148455, 38.0060642 ], [ 140.6139186, 38.0057194 ], [ 140.6123975, 38.0051337 ], [ 140.6122756, 38.0050897 ], [ 140.611771, 38.004902 ], [ 140.6110156, 38.0046209 ], [ 140.6108705, 38.0045671 ], [ 140.6106569, 38.0044879 ], [ 140.6106042, 38.0044679 ], [ 140.6101542, 38.0042957 ], [ 140.610047, 38.004251 ], [ 140.6099961, 38.0042303 ], [ 140.6090543, 38.0038595 ], [ 140.6089985, 38.0038379 ], [ 140.6087153, 38.0037285 ], [ 140.6085775, 38.0036752 ], [ 140.6084412, 38.0036226 ], [ 140.6083631, 38.0035924 ], [ 140.608319, 38.0035754 ], [ 140.6081699, 38.0035252 ], [ 140.6081124, 38.0035025 ], [ 140.6062409, 38.0027574 ], [ 140.6058258, 38.0025849 ], [ 140.6049061, 38.0022322 ], [ 140.6045453, 38.0021346 ], [ 140.6042866, 38.002095 ], [ 140.60413, 38.0020962 ], [ 140.6040031, 38.0021045 ], [ 140.6039017, 38.0021234 ], [ 140.6037822, 38.0021483 ], [ 140.6036107, 38.0022088 ], [ 140.603444, 38.0022898 ], [ 140.6033017, 38.0023843 ], [ 140.6032335, 38.0024412 ], [ 140.6030809, 38.0025733 ], [ 140.6027921, 38.0028151 ], [ 140.6026024, 38.0029296 ], [ 140.6024613, 38.0029897 ], [ 140.6023599, 38.0030231 ], [ 140.6022617, 38.0030475 ], [ 140.6021426, 38.0030751 ], [ 140.601898, 38.0030852 ], [ 140.6018119, 38.0030876 ], [ 140.6013001, 38.0030396 ], [ 140.6011075, 38.0030319 ], [ 140.6007873, 38.0030091 ], [ 140.6000995, 38.002938 ], [ 140.5998406, 38.0029112 ], [ 140.5980199, 38.0026461 ], [ 140.5979074, 38.0026301 ], [ 140.5970925, 38.0025173 ], [ 140.5970362, 38.0025098 ], [ 140.5961373, 38.0023935 ], [ 140.5953061, 38.0022706 ], [ 140.5948542, 38.0022354 ], [ 140.5928784, 38.0023152 ], [ 140.592685, 38.0023186 ], [ 140.5926303, 38.0023259 ], [ 140.5922613, 38.0023556 ], [ 140.5908686, 38.0025135 ], [ 140.5896459, 38.0026522 ], [ 140.5896158, 38.0026563 ], [ 140.5893631, 38.0026976 ], [ 140.5890472, 38.0027435 ], [ 140.5887896, 38.0028332 ], [ 140.588675, 38.0028985 ], [ 140.5885597, 38.0029739 ], [ 140.5884647, 38.003055 ], [ 140.5883975, 38.003114 ], [ 140.5882944, 38.0032059 ], [ 140.5877678, 38.0036652 ], [ 140.5876108, 38.0037795 ], [ 140.5874559, 38.003874 ], [ 140.5873109, 38.0039521 ], [ 140.5871563, 38.0040271 ], [ 140.5869689, 38.0041065 ], [ 140.5868507, 38.0041512 ], [ 140.5867719, 38.0041785 ], [ 140.5866512, 38.0042135 ], [ 140.5864532, 38.004263 ], [ 140.5862555, 38.0042952 ], [ 140.5862251, 38.0042989 ], [ 140.5842021, 38.0045663 ], [ 140.5834646, 38.0046641 ], [ 140.5833842, 38.0046683 ], [ 140.5831707, 38.0046794 ], [ 140.5826568, 38.0046783 ], [ 140.5823968, 38.0046878 ], [ 140.5820851, 38.0046767 ], [ 140.5814101, 38.0047948 ], [ 140.5811709, 38.0048226 ], [ 140.5809958, 38.0047925 ], [ 140.5806174, 38.0046337 ], [ 140.5805212, 38.0046052 ], [ 140.580373, 38.0045838 ], [ 140.5802381, 38.0045945 ], [ 140.5798675, 38.0046739 ], [ 140.5796147, 38.0046935 ], [ 140.5794327, 38.0046694 ], [ 140.5792367, 38.0046164 ], [ 140.579008, 38.0045052 ], [ 140.5788788, 38.004479 ], [ 140.5787508, 38.0044697 ], [ 140.5786788, 38.0044772 ], [ 140.578621, 38.0045042 ], [ 140.5785576, 38.0045564 ], [ 140.5784364, 38.0046855 ], [ 140.5783474, 38.0047808 ], [ 140.5782367, 38.0048921 ], [ 140.5779551, 38.0051431 ], [ 140.5778173, 38.0052373 ], [ 140.5776463, 38.0053277 ], [ 140.5774896, 38.0053936 ], [ 140.5773589, 38.0054426 ], [ 140.5770003, 38.0055117 ], [ 140.57688, 38.0055423 ], [ 140.576787, 38.0055737 ], [ 140.576719, 38.0056019 ], [ 140.5766645, 38.0056377 ], [ 140.5766068, 38.0056905 ], [ 140.5765604, 38.0057491 ], [ 140.5765144, 38.0058327 ], [ 140.5764735, 38.0058909 ], [ 140.5764161, 38.0059557 ], [ 140.576387, 38.0059867 ], [ 140.5763031, 38.0060556 ], [ 140.5759039, 38.0063114 ], [ 140.5758006, 38.0063659 ], [ 140.5757136, 38.006402 ], [ 140.5756206, 38.0064334 ], [ 140.5755481, 38.0064467 ], [ 140.5750566, 38.0064751 ], [ 140.5749962, 38.0064829 ], [ 140.5746034, 38.0064962 ], [ 140.5743334, 38.0065059 ], [ 140.5740488, 38.0065207 ], [ 140.5739411, 38.0065231 ], [ 140.5738364, 38.0065065 ], [ 140.5736988, 38.0064638 ], [ 140.5734864, 38.0064092 ], [ 140.5733368, 38.0063689 ], [ 140.5731561, 38.0063383 ], [ 140.5729419, 38.0063024 ], [ 140.5726449, 38.0062331 ], [ 140.5725886, 38.0061973 ], [ 140.5725536, 38.0061726 ], [ 140.5724227, 38.0060581 ], [ 140.5721521, 38.0057765 ], [ 140.5720877, 38.0057115 ], [ 140.5717458, 38.0053432 ], [ 140.5710788, 38.0046242 ], [ 140.5709066, 38.004447 ], [ 140.5708211, 38.0043682 ], [ 140.5707213, 38.0042612 ], [ 140.5706599, 38.0041745 ], [ 140.5706157, 38.0040906 ], [ 140.5705458, 38.0038682 ], [ 140.5705144, 38.0035618 ], [ 140.5704836, 38.0034059 ], [ 140.5704499, 38.0032962 ], [ 140.5703516, 38.003016 ], [ 140.5703315, 38.0029719 ], [ 140.5701888, 38.0025012 ], [ 140.5700841, 38.0023775 ], [ 140.5698032, 38.0022307 ], [ 140.5695891, 38.0021824 ], [ 140.5693559, 38.002092 ], [ 140.5689943, 38.0019064 ], [ 140.5688753, 38.00144 ], [ 140.568742, 38.0012401 ], [ 140.5684565, 38.0009593 ], [ 140.568037, 38.000611 ], [ 140.567454, 38.0001172 ], [ 140.5668789, 37.9996852 ], [ 140.5666212, 37.9995164 ], [ 140.5662346, 37.9993023 ], [ 140.5660799, 37.9989811 ], [ 140.5660561, 37.9988026 ], [ 140.565949, 37.9986182 ], [ 140.5658658, 37.9983683 ], [ 140.5658717, 37.9973928 ], [ 140.565955, 37.9952334 ], [ 140.5660184, 37.9940823 ], [ 140.566066, 37.9936838 ], [ 140.5661315, 37.993196 ], [ 140.5663159, 37.9929283 ], [ 140.566875, 37.9921371 ], [ 140.5670713, 37.9919408 ], [ 140.5673747, 37.9906619 ], [ 140.5673926, 37.9904061 ], [ 140.5673807, 37.9901205 ], [ 140.5672082, 37.9890855 ], [ 140.5663981, 37.9866192 ], [ 140.5660745, 37.9856901 ], [ 140.56592, 37.9851081 ], [ 140.5657544, 37.9842781 ], [ 140.5635998, 37.9804303 ], [ 140.5629565, 37.979582 ], [ 140.5619908, 37.9788257 ], [ 140.561277, 37.9781952 ], [ 140.5608011, 37.9776598 ], [ 140.5605048, 37.9768472 ], [ 140.5603371, 37.9756491 ], [ 140.5601518, 37.9745864 ], [ 140.5597943, 37.9735366 ], [ 140.5592522, 37.9724404 ], [ 140.5592522, 37.9721421 ], [ 140.5592878, 37.9719843 ], [ 140.5593611, 37.9717746 ], [ 140.5594489, 37.9716036 ], [ 140.5597803, 37.9712247 ], [ 140.5598146, 37.9711859 ], [ 140.5599928, 37.9709879 ], [ 140.5601125, 37.9708351 ], [ 140.5602358, 37.9706473 ], [ 140.5602716, 37.9705881 ], [ 140.5603166, 37.9704894 ], [ 140.5603795, 37.9703261 ], [ 140.5603881, 37.9702816 ], [ 140.5603896, 37.9700624 ], [ 140.560261, 37.9689792 ], [ 140.5602172, 37.9686854 ], [ 140.5599989, 37.9669825 ], [ 140.5599285, 37.9664366 ], [ 140.5598574, 37.9659161 ], [ 140.5597731, 37.9652353 ], [ 140.5597555, 37.9650858 ], [ 140.5597482, 37.9648959 ], [ 140.5597986, 37.9644288 ], [ 140.5598235, 37.9642881 ], [ 140.5598777, 37.963937 ], [ 140.5598545, 37.9637888 ], [ 140.5598069, 37.9636476 ], [ 140.5594923, 37.96295 ], [ 140.5594798, 37.9629207 ], [ 140.5589682, 37.9619465 ], [ 140.5588827, 37.9617493 ], [ 140.5588613, 37.9617212 ], [ 140.5585202, 37.9610057 ], [ 140.5584107, 37.9607517 ], [ 140.5583668, 37.9602689 ], [ 140.5588427, 37.9593647 ], [ 140.5590806, 37.9589554 ], [ 140.5589206, 37.9573881 ], [ 140.5589478, 37.9572085 ], [ 140.5589451, 37.9571635 ], [ 140.5588509, 37.9554905 ], [ 140.5588393, 37.9552832 ], [ 140.5588359, 37.955238 ], [ 140.5587815, 37.9546964 ], [ 140.5587731, 37.9544661 ], [ 140.5587715, 37.9544211 ], [ 140.55872, 37.952986 ], [ 140.5587155, 37.9529357 ], [ 140.558687, 37.9526221 ], [ 140.5586393, 37.9523845 ], [ 140.5584316, 37.9517764 ], [ 140.5583781, 37.9516732 ], [ 140.5583579, 37.9516401 ], [ 140.5582693, 37.951495 ], [ 140.5581406, 37.9512801 ], [ 140.5576408, 37.9506168 ], [ 140.5576073, 37.9505737 ], [ 140.557409, 37.9503563 ], [ 140.5573112, 37.9502354 ], [ 140.5571231, 37.9499959 ], [ 140.5564468, 37.9491328 ], [ 140.5561412, 37.94871 ], [ 140.5560357, 37.9485767 ], [ 140.5558915, 37.9484128 ], [ 140.555719, 37.9482315 ], [ 140.555467, 37.9480401 ], [ 140.5552209, 37.9479035 ], [ 140.5549026, 37.9477701 ], [ 140.5544006, 37.9476608 ], [ 140.5542305, 37.9476403 ], [ 140.5540974, 37.9476332 ], [ 140.5539021, 37.9476341 ], [ 140.5537069, 37.9476476 ], [ 140.553505, 37.9476647 ], [ 140.5522482, 37.9477828 ], [ 140.5509524, 37.9479504 ], [ 140.550839, 37.9479636 ], [ 140.5500271, 37.948049 ], [ 140.5498939, 37.9480631 ], [ 140.5496112, 37.9480937 ], [ 140.5493914, 37.9481074 ], [ 140.5491005, 37.9481138 ], [ 140.5488856, 37.9481001 ], [ 140.5486435, 37.9480677 ], [ 140.5484151, 37.9480237 ], [ 140.5481553, 37.9479536 ], [ 140.5479828, 37.9478955 ], [ 140.5476839, 37.9477799 ], [ 140.5473316, 37.947619 ], [ 140.5471625, 37.947546 ], [ 140.545468, 37.9467837 ], [ 140.5454085, 37.946757 ], [ 140.544668, 37.9464238 ], [ 140.5443338, 37.9462727 ], [ 140.5434966, 37.9459399 ], [ 140.5432014, 37.9458403 ], [ 140.542861, 37.9457515 ], [ 140.5425402, 37.9456879 ], [ 140.5422851, 37.945655 ], [ 140.5422266, 37.9456489 ], [ 140.5417794, 37.9456336 ], [ 140.5416936, 37.9456366 ], [ 140.5414768, 37.9456442 ], [ 140.54122, 37.9456734 ], [ 140.5409241, 37.9457191 ], [ 140.5407548, 37.9457573 ], [ 140.5404535, 37.9458503 ], [ 140.5400929, 37.9459671 ], [ 140.5397469, 37.9461067 ], [ 140.5395673, 37.9462 ], [ 140.5393191, 37.9463425 ], [ 140.5392739, 37.9463699 ], [ 140.539173, 37.9464344 ], [ 140.5389874, 37.9465754 ], [ 140.5387579, 37.9467938 ], [ 140.5385894, 37.9470113 ], [ 140.5384331, 37.94727 ], [ 140.5383154, 37.9476042 ], [ 140.5382809, 37.9477424 ], [ 140.5382567, 37.9479202 ], [ 140.5382438, 37.9480915 ], [ 140.5382946, 37.9484093 ], [ 140.5385341, 37.9496152 ], [ 140.5385415, 37.9496523 ], [ 140.5386098, 37.9499961 ], [ 140.5386381, 37.9501387 ], [ 140.5386488, 37.9503612 ], [ 140.5386163, 37.9506852 ], [ 140.5385794, 37.9508813 ], [ 140.538535, 37.9510431 ], [ 140.5384196, 37.9513372 ], [ 140.5383195, 37.9515391 ], [ 140.5382452, 37.9516644 ], [ 140.5381088, 37.9518658 ], [ 140.5379565, 37.9520504 ], [ 140.5377713, 37.9522487 ], [ 140.5375278, 37.9524636 ], [ 140.5373389, 37.952616 ], [ 140.5370622, 37.9527873 ], [ 140.5368294, 37.9529211 ], [ 140.5365966, 37.9530175 ], [ 140.5360016, 37.9531972 ], [ 140.5358963, 37.9532269 ], [ 140.534066, 37.9537693 ], [ 140.5340289, 37.9537803 ], [ 140.533227, 37.9540179 ], [ 140.5330389, 37.9540736 ], [ 140.5326803, 37.9542064 ], [ 140.5326149, 37.9542295 ], [ 140.5322397, 37.9544091 ], [ 140.5320174, 37.9545468 ], [ 140.5317613, 37.9547519 ], [ 140.5315313, 37.9550037 ], [ 140.5313557, 37.9552435 ], [ 140.5312947, 37.9553462 ], [ 140.5311893, 37.9555235 ], [ 140.531013, 37.9558076 ], [ 140.5300825, 37.9574824 ], [ 140.5296898, 37.9581196 ], [ 140.5295096, 37.9583295 ], [ 140.5294397, 37.9584108 ], [ 140.5291578, 37.9586435 ], [ 140.5288102, 37.9588587 ], [ 140.5285534, 37.958978 ], [ 140.5282257, 37.9591004 ], [ 140.5277424, 37.95921 ], [ 140.5273734, 37.959242 ], [ 140.5271203, 37.9592374 ], [ 140.5269042, 37.9592195 ], [ 140.5262784, 37.9591065 ], [ 140.525951, 37.9590445 ], [ 140.5258162, 37.959022 ], [ 140.5255114, 37.9589616 ], [ 140.5253891, 37.9589375 ], [ 140.5250266, 37.9588745 ], [ 140.5241599, 37.9587236 ], [ 140.5237538, 37.958667 ], [ 140.5235085, 37.9586437 ], [ 140.5230709, 37.958667 ], [ 140.5229541, 37.9586747 ], [ 140.5228152, 37.9586839 ], [ 140.5227627, 37.958687 ], [ 140.5226599, 37.958694 ], [ 140.5226009, 37.9587014 ], [ 140.5224734, 37.9587278 ], [ 140.522148, 37.9588294 ], [ 140.5219707, 37.9588881 ], [ 140.5211047, 37.9592636 ], [ 140.5197384, 37.9599857 ], [ 140.5188607, 37.9604495 ], [ 140.5184559, 37.9606634 ], [ 140.5180862, 37.960852 ], [ 140.5166931, 37.961596 ], [ 140.5133252, 37.9633945 ], [ 140.5131505, 37.9634881 ], [ 140.5130813, 37.9635277 ], [ 140.5130331, 37.9635547 ], [ 140.5121634, 37.9640016 ], [ 140.5118914, 37.9641415 ], [ 140.5112993, 37.9644566 ], [ 140.5110607, 37.9645836 ], [ 140.5105208, 37.964897 ], [ 140.5101722, 37.9651504 ], [ 140.509931, 37.965329 ], [ 140.5098814, 37.9653754 ], [ 140.5097963, 37.9654551 ], [ 140.5097732, 37.9654768 ], [ 140.5096599, 37.9655838 ], [ 140.5089555, 37.9662882 ], [ 140.5087635, 37.966519 ], [ 140.5086863, 37.9666384 ], [ 140.5083596, 37.9671437 ], [ 140.5079632, 37.9677567 ], [ 140.5075403, 37.9684035 ], [ 140.5070703, 37.9691199 ], [ 140.506593, 37.9698403 ], [ 140.5063751, 37.9700906 ], [ 140.5062036, 37.9702875 ], [ 140.5057485, 37.9707326 ], [ 140.5052868, 37.9711237 ], [ 140.5051687, 37.9712013 ], [ 140.5046693, 37.971541 ], [ 140.5042954, 37.9717499 ], [ 140.503089, 37.9723435 ], [ 140.5025056, 37.9726252 ], [ 140.5023137, 37.9727265 ], [ 140.5013925, 37.9731746 ], [ 140.5012826, 37.9732228 ], [ 140.5006694, 37.9735272 ], [ 140.5000487, 37.973836 ], [ 140.4999944, 37.9738627 ], [ 140.49964, 37.9740896 ], [ 140.4993269, 37.9743377 ], [ 140.4990994, 37.9745404 ], [ 140.4988436, 37.9747996 ], [ 140.4987891, 37.9748749 ], [ 140.4986761, 37.9749963 ], [ 140.4985236, 37.9751602 ], [ 140.4983936, 37.9753264 ], [ 140.4981533, 37.9756338 ], [ 140.4980281, 37.9757939 ], [ 140.4979309, 37.9759181 ], [ 140.4977838, 37.9761063 ], [ 140.4975849, 37.9763091 ], [ 140.4975345, 37.9763521 ], [ 140.4974457, 37.9764187 ], [ 140.4973891, 37.9764551 ], [ 140.4973752, 37.9764635 ], [ 140.4972008, 37.9765682 ], [ 140.4969374, 37.9766696 ], [ 140.4966391, 37.9767157 ], [ 140.495773, 37.9768807 ], [ 140.4951924, 37.9769299 ], [ 140.4947221, 37.9769813 ], [ 140.4941738, 37.9770782 ], [ 140.4937266, 37.9771754 ], [ 140.4924609, 37.9774843 ], [ 140.4917878, 37.9776443 ], [ 140.4914913, 37.9777148 ], [ 140.4911853, 37.9778019 ], [ 140.4905809, 37.9779821 ], [ 140.4900973, 37.9781455 ], [ 140.4894645, 37.9783538 ], [ 140.4883194, 37.9787821 ], [ 140.4876476, 37.9790371 ], [ 140.4867266, 37.9794183 ], [ 140.4852691, 37.9800494 ], [ 140.4851091, 37.9801191 ], [ 140.4849521, 37.9801708 ], [ 140.4848147, 37.9802044 ], [ 140.4846627, 37.9802147 ], [ 140.4844777, 37.9802121 ], [ 140.4839869, 37.9801591 ], [ 140.4834356, 37.9800728 ], [ 140.482871, 37.9799844 ], [ 140.4827596, 37.9799766 ], [ 140.4825863, 37.9799869 ], [ 140.4824246, 37.9800155 ], [ 140.4821404, 37.9801169 ], [ 140.481906, 37.9802408 ], [ 140.4806329, 37.9811986 ], [ 140.4799645, 37.9816941 ], [ 140.4797298, 37.9818294 ], [ 140.4794951, 37.981936 ], [ 140.479289, 37.9820149 ], [ 140.4791786, 37.982039 ], [ 140.4789828, 37.9820824 ], [ 140.4783862, 37.9820824 ], [ 140.4779381, 37.9820602 ], [ 140.477625, 37.9820602 ], [ 140.4773192, 37.9821108 ], [ 140.4770847, 37.9821841 ], [ 140.4769267, 37.9822432 ], [ 140.4767918, 37.9823094 ], [ 140.4764509, 37.9825531 ], [ 140.4762638, 37.9826827 ], [ 140.4760206, 37.982815 ], [ 140.4757366, 37.9829235 ], [ 140.4754259, 37.9829896 ], [ 140.4751437, 37.9830051 ], [ 140.4750255, 37.9830005 ], [ 140.4748938, 37.9829953 ], [ 140.4746275, 37.9829488 ], [ 140.4741766, 37.9828432 ], [ 140.4738855, 37.982777 ], [ 140.4735322, 37.982739 ], [ 140.4730247, 37.9827413 ], [ 140.4719367, 37.9827808 ], [ 140.4708626, 37.9828091 ], [ 140.4701447, 37.9828316 ], [ 140.4691137, 37.9828652 ], [ 140.4686374, 37.9829499 ], [ 140.4683173, 37.9830344 ], [ 140.4680611, 37.9831189 ], [ 140.4674926, 37.9833297 ], [ 140.4671797, 37.9834457 ], [ 140.4669922, 37.9835208 ], [ 140.4666604, 37.9836538 ], [ 140.4666317, 37.9836652 ], [ 140.4662706, 37.9838091 ], [ 140.4661094, 37.9838709 ], [ 140.466074, 37.9838845 ], [ 140.4660304, 37.9839012 ], [ 140.4655584, 37.9840649 ], [ 140.4648683, 37.9842511 ], [ 140.464257, 37.9843691 ], [ 140.4636556, 37.9844582 ], [ 140.4635991, 37.9844651 ], [ 140.4627279, 37.9845553 ], [ 140.4623586, 37.9845889 ], [ 140.4611849, 37.9846736 ], [ 140.4608993, 37.9847169 ], [ 140.4606518, 37.9847694 ], [ 140.4602651, 37.9849114 ], [ 140.4601541, 37.9849775 ], [ 140.4599835, 37.9851127 ], [ 140.4597485, 37.9853661 ], [ 140.4592866, 37.9859466 ], [ 140.4590588, 37.9861886 ], [ 140.4588457, 37.9863578 ], [ 140.4585757, 37.9864986 ], [ 140.4584656, 37.9865407 ], [ 140.4583585, 37.9865802 ], [ 140.4581487, 37.9866336 ], [ 140.4576355, 37.9867005 ], [ 140.4575059, 37.986713 ], [ 140.4573566, 37.986713 ], [ 140.4561336, 37.9866458 ], [ 140.4555959, 37.9866278 ], [ 140.4550332, 37.9866055 ], [ 140.4550059, 37.9866052 ], [ 140.4545564, 37.986587 ], [ 140.4544139, 37.986583 ], [ 140.4542686, 37.9865794 ], [ 140.4540959, 37.9865886 ], [ 140.4538539, 37.9866167 ], [ 140.4535408, 37.9866841 ], [ 140.4533703, 37.9867405 ], [ 140.4530361, 37.9868983 ], [ 140.4528014, 37.9870672 ], [ 140.4525597, 37.9872589 ], [ 140.4523108, 37.9875011 ], [ 140.4520264, 37.9878222 ], [ 140.4518483, 37.9880642 ], [ 140.4515003, 37.988605 ], [ 140.4512011, 37.9891807 ], [ 140.4510052, 37.9895681 ], [ 140.4509204, 37.989736 ], [ 140.4508295, 37.9899203 ], [ 140.4507301, 37.9901653 ], [ 140.4506022, 37.9903653 ], [ 140.4505135, 37.9904751 ], [ 140.4503198, 37.9906144 ], [ 140.4502668, 37.990641 ], [ 140.4501669, 37.9906768 ], [ 140.4500722, 37.990705 ], [ 140.4499964, 37.9907218 ], [ 140.4499245, 37.9907321 ], [ 140.4498234, 37.9907335 ], [ 140.449719, 37.9907361 ], [ 140.449652, 37.9907192 ], [ 140.4491299, 37.9905376 ], [ 140.4486146, 37.9903616 ], [ 140.4485455, 37.9903393 ], [ 140.4484227, 37.9902975 ], [ 140.448293, 37.9902811 ], [ 140.448151, 37.9902892 ], [ 140.4480141, 37.9903144 ], [ 140.4477955, 37.9903739 ], [ 140.4476731, 37.9904163 ], [ 140.4476207, 37.9904346 ], [ 140.4467146, 37.9907567 ], [ 140.4465157, 37.990858 ], [ 140.4464161, 37.9909088 ], [ 140.4460107, 37.9911455 ], [ 140.4457108, 37.9914088 ], [ 140.4450598, 37.992058 ], [ 140.4434424, 37.9936381 ], [ 140.443385, 37.9936948 ], [ 140.4418398, 37.9952235 ], [ 140.4418039, 37.9952585 ], [ 140.4416915, 37.9953664 ], [ 140.4410828, 37.9959506 ], [ 140.4408339, 37.9961869 ], [ 140.4405686, 37.9964102 ], [ 140.4403356, 37.9965583 ], [ 140.4401543, 37.9966408 ], [ 140.4398659, 37.99672 ], [ 140.4388976, 37.9967926 ], [ 140.4382835, 37.996846 ], [ 140.4382224, 37.9968516 ], [ 140.4379623, 37.9968841 ], [ 140.4378465, 37.9969044 ], [ 140.4375035, 37.9969734 ], [ 140.4374251, 37.9969965 ], [ 140.4371784, 37.9970841 ], [ 140.4367692, 37.997233 ], [ 140.4366386, 37.9972967 ], [ 140.4364006, 37.9974067 ], [ 140.4351599, 37.997978 ], [ 140.4349747, 37.9980684 ], [ 140.4347686, 37.9981584 ], [ 140.4343497, 37.9982933 ], [ 140.4343173, 37.9983038 ], [ 140.4335097, 37.998564 ], [ 140.4334354, 37.9985924 ], [ 140.433326, 37.9986344 ], [ 140.4332894, 37.9986484 ], [ 140.4328627, 37.9988512 ], [ 140.4325779, 37.9990598 ], [ 140.4323294, 37.9992343 ], [ 140.4313104, 37.9999965 ], [ 140.4312416, 38.000048 ], [ 140.431153, 38.0001108 ], [ 140.4310085, 38.000198 ], [ 140.4305177, 38.0004837 ], [ 140.4301452, 38.0007004 ], [ 140.4297224, 38.0009465 ], [ 140.4294165, 38.0011223 ], [ 140.4289682, 38.0013748 ], [ 140.4288058, 38.0014418 ], [ 140.4284809, 38.0015346 ], [ 140.4281155, 38.0016312 ], [ 140.427771, 38.001716 ], [ 140.427357, 38.0017839 ], [ 140.4269645, 38.0018291 ], [ 140.4266785, 38.0018291 ], [ 140.4263935, 38.0018291 ], [ 140.4260228, 38.0018065 ], [ 140.4257659, 38.0017916 ], [ 140.4253748, 38.0018479 ], [ 140.4250246, 38.0019298 ], [ 140.4248698, 38.001966 ], [ 140.4247349, 38.002011 ], [ 140.4245784, 38.0020563 ], [ 140.4240596, 38.0022705 ], [ 140.4229929, 38.0028224 ], [ 140.4227066, 38.0029803 ], [ 140.4212329, 38.0038624 ], [ 140.4201117, 38.0048677 ], [ 140.4194262, 38.0053905 ], [ 140.4191173, 38.0055347 ], [ 140.417275, 38.0060639 ], [ 140.4171403, 38.0061455 ], [ 140.417024, 38.006557 ], [ 140.4170098, 38.0066005 ], [ 140.4168276, 38.0071003 ], [ 140.4167604, 38.0072111 ], [ 140.4166889, 38.0073292 ], [ 140.4164748, 38.0075544 ], [ 140.4161817, 38.0077864 ], [ 140.4158173, 38.0079806 ], [ 140.4151956, 38.0082217 ], [ 140.4150734, 38.00833 ], [ 140.4141573, 38.0091423 ], [ 140.4141097, 38.0091844 ], [ 140.4133772, 38.0098345 ], [ 140.4130842, 38.0100472 ], [ 140.4127385, 38.0101973 ], [ 140.41268, 38.0102228 ], [ 140.4117806, 38.01047 ], [ 140.41144, 38.0106206 ], [ 140.4107744, 38.0110837 ], [ 140.4103347, 38.0114628 ], [ 140.4085105, 38.0134169 ], [ 140.4084322, 38.0135008 ], [ 140.4083578, 38.0135806 ], [ 140.4076805, 38.0143062 ], [ 140.4075124, 38.0144725 ], [ 140.4074903, 38.0144943 ], [ 140.4071972, 38.0146257 ], [ 140.4068934, 38.0147093 ], [ 140.4068394, 38.0147241 ], [ 140.4056343, 38.0150545 ], [ 140.4050825, 38.0152061 ], [ 140.4030458, 38.0157657 ], [ 140.4028794, 38.0157529 ], [ 140.4021819, 38.0155276 ], [ 140.402096, 38.0154978 ], [ 140.401968, 38.0154963 ], [ 140.4013715, 38.0155823 ], [ 140.4013149, 38.0155897 ], [ 140.4006727, 38.0156621 ], [ 140.4003319, 38.0156246 ], [ 140.4000244, 38.015528 ], [ 140.3997932, 38.0154555 ], [ 140.3989952, 38.0153036 ], [ 140.3938418, 38.0143233 ], [ 140.3934315, 38.0142713 ], [ 140.392964, 38.0143091 ], [ 140.3926865, 38.0143841 ], [ 140.3923062, 38.0145408 ], [ 140.3916909, 38.0147236 ], [ 140.3914684, 38.0147897 ], [ 140.3911515, 38.0148619 ], [ 140.3908587, 38.0148714 ], [ 140.3905298, 38.01484 ], [ 140.3902758, 38.0147609 ], [ 140.3901194, 38.0147121 ], [ 140.3900029, 38.0146737 ], [ 140.3898622, 38.0146167 ], [ 140.3898023, 38.0145924 ], [ 140.3890915, 38.0143044 ], [ 140.3882988, 38.0140045 ], [ 140.3882706, 38.0139938 ], [ 140.3870422, 38.0135293 ], [ 140.3859318, 38.0130839 ], [ 140.3858528, 38.0130523 ], [ 140.3846729, 38.012579 ], [ 140.3830036, 38.0119092 ], [ 140.3817493, 38.0114058 ], [ 140.3815038, 38.0112492 ], [ 140.3813216, 38.0110425 ], [ 140.3810879, 38.0105883 ], [ 140.3809057, 38.0104003 ], [ 140.3790398, 38.0095956 ], [ 140.378834, 38.0095578 ], [ 140.3776773, 38.0096331 ], [ 140.3774237, 38.0096831 ], [ 140.3754236, 38.0109898 ], [ 140.375142, 38.0111736 ], [ 140.3747471, 38.0113205 ], [ 140.3728464, 38.012027 ], [ 140.3726464, 38.0120881 ], [ 140.3724445, 38.0121067 ], [ 140.3722462, 38.0120723 ], [ 140.3716568, 38.0117221 ], [ 140.3715624, 38.0116504 ], [ 140.3712206, 38.0113939 ], [ 140.3702339, 38.0105798 ], [ 140.3691286, 38.0097345 ], [ 140.3683906, 38.0091457 ], [ 140.3683144, 38.0090848 ], [ 140.3679327, 38.0088287 ], [ 140.3673277, 38.0084811 ], [ 140.3670624, 38.0083303 ], [ 140.3668408, 38.0082043 ], [ 140.3667621, 38.0081595 ], [ 140.3665736, 38.0080727 ], [ 140.3662796, 38.0079373 ], [ 140.3656954, 38.0077564 ], [ 140.365545, 38.0077137 ], [ 140.3642935, 38.0073595 ], [ 140.3639485, 38.0072425 ], [ 140.3635913, 38.0070087 ], [ 140.3634318, 38.0068686 ], [ 140.3633108, 38.0067624 ], [ 140.362929, 38.0064264 ], [ 140.3627254, 38.0062265 ], [ 140.3624854, 38.006027 ], [ 140.3622696, 38.0059442 ], [ 140.3619831, 38.0058395 ], [ 140.3614057, 38.0056413 ], [ 140.3600206, 38.0051662 ], [ 140.3599921, 38.0051564 ], [ 140.3596756, 38.0050478 ], [ 140.3593675, 38.0049892 ], [ 140.3589762, 38.0049575 ], [ 140.3583216, 38.0049544 ], [ 140.3580028, 38.0049528 ], [ 140.3576456, 38.0049187 ], [ 140.3574175, 38.0048553 ], [ 140.3571711, 38.0048114 ], [ 140.3568475, 38.0048042 ], [ 140.3566895, 38.0048095 ], [ 140.3559964, 38.0048328 ], [ 140.3540286, 38.0048989 ], [ 140.3537103, 38.0048895 ], [ 140.3533724, 38.0048184 ], [ 140.3524897, 38.0045597 ], [ 140.3520602, 38.0044336 ], [ 140.3518013, 38.0043848 ], [ 140.3514163, 38.0043923 ], [ 140.3511452, 38.0044603 ], [ 140.3502393, 38.0047964 ], [ 140.3500235, 38.004856 ], [ 140.349851, 38.0049037 ], [ 140.3494752, 38.004967 ], [ 140.3489609, 38.0049353 ], [ 140.3486844, 38.0049247 ], [ 140.3486536, 38.0049235 ], [ 140.3484618, 38.0049159 ], [ 140.3481599, 38.0049403 ], [ 140.3479318, 38.0050181 ], [ 140.3476854, 38.0051303 ], [ 140.3474676, 38.0052478 ], [ 140.3466348, 38.0056975 ], [ 140.3463515, 38.0058487 ], [ 140.345914, 38.0060142 ], [ 140.3451101, 38.0061873 ], [ 140.3436556, 38.0063917 ], [ 140.3427098, 38.0064428 ], [ 140.3423895, 38.0064187 ], [ 140.3420628, 38.006365 ], [ 140.3418476, 38.0062967 ], [ 140.3418155, 38.0062822 ], [ 140.3416443, 38.0062042 ], [ 140.3414284, 38.0060725 ], [ 140.3408332, 38.0056314 ], [ 140.3404642, 38.0053589 ], [ 140.3402484, 38.0052859 ], [ 140.3399403, 38.0052176 ], [ 140.3390349, 38.0050667 ], [ 140.337824, 38.0048792 ], [ 140.3372266, 38.0048014 ], [ 140.3366722, 38.0047845 ], [ 140.3362662, 38.0048245 ], [ 140.3355055, 38.0048984 ], [ 140.3349606, 38.004946 ], [ 140.3345722, 38.0049798 ], [ 140.3342887, 38.0049932 ], [ 140.3340274, 38.0050053 ], [ 140.3338529, 38.0049925 ], [ 140.333526, 38.0049684 ], [ 140.3334268, 38.004976 ], [ 140.3332311, 38.0049911 ], [ 140.3329843, 38.0050098 ], [ 140.3325796, 38.0050708 ], [ 140.3324949, 38.0050837 ], [ 140.3321143, 38.0051439 ], [ 140.3320639, 38.0051561 ], [ 140.3315857, 38.0052725 ], [ 140.3312846, 38.0054067 ], [ 140.3310015, 38.0055887 ], [ 140.3309854, 38.0057378 ], [ 140.331022, 38.005987 ], [ 140.3309124, 38.0062148 ], [ 140.3307026, 38.0065098 ], [ 140.3304929, 38.0067492 ], [ 140.3302074, 38.0069334 ], [ 140.3297893, 38.0070604 ], [ 140.3295282, 38.0071659 ], [ 140.3293535, 38.0073456 ], [ 140.3292021, 38.0075622 ], [ 140.3289804, 38.0078481 ], [ 140.3288115, 38.0081245 ], [ 140.3287014, 38.0083303 ], [ 140.3286279, 38.0084678 ], [ 140.3284704, 38.0088042 ], [ 140.3282579, 38.009115 ], [ 140.3279607, 38.0094514 ], [ 140.3274973, 38.0098636 ], [ 140.3269932, 38.0102528 ], [ 140.3264104, 38.0106122 ], [ 140.3259615, 38.0108428 ], [ 140.3254398, 38.0110753 ], [ 140.3251717, 38.0111266 ], [ 140.3250041, 38.0111584 ], [ 140.3249799, 38.011163 ], [ 140.3246531, 38.0112228 ], [ 140.3240995, 38.0113333 ], [ 140.3237326, 38.0114347 ], [ 140.3233684, 38.0115611 ], [ 140.3230004, 38.0117133 ], [ 140.3229499, 38.0117342 ], [ 140.3227214, 38.0118286 ], [ 140.3221648, 38.0120381 ], [ 140.321378, 38.0123008 ], [ 140.3211012, 38.0123636 ], [ 140.3210448, 38.0123764 ], [ 140.3209207, 38.0124044 ], [ 140.3203961, 38.0125058 ], [ 140.3199356, 38.0126164 ], [ 140.3195744, 38.0127408 ], [ 140.3193589, 38.012833 ], [ 140.3188839, 38.0131255 ], [ 140.3185692, 38.0133464 ], [ 140.3182253, 38.0136 ], [ 140.3178642, 38.0138947 ], [ 140.317628, 38.0141275 ], [ 140.3173425, 38.0144039 ], [ 140.3170278, 38.0147311 ], [ 140.3168864, 38.014916 ], [ 140.3168033, 38.015033 ], [ 140.3167029, 38.0152528 ], [ 140.3166837, 38.0153043 ], [ 140.3166201, 38.0153907 ], [ 140.3165878, 38.0154291 ], [ 140.3162847, 38.0157194 ], [ 140.3157339, 38.0161039 ], [ 140.31539, 38.0162927 ], [ 140.3146061, 38.0166086 ], [ 140.3144842, 38.0166636 ], [ 140.3142799, 38.0167558 ], [ 140.3140119, 38.0169311 ], [ 140.3137819, 38.0171452 ], [ 140.3135136, 38.0174172 ], [ 140.3132455, 38.017583 ], [ 140.3129774, 38.0176983 ], [ 140.3125638, 38.017818 ], [ 140.3122141, 38.0179147 ], [ 140.3117885, 38.018053 ], [ 140.3115465, 38.0181391 ], [ 140.3113833, 38.0181971 ], [ 140.3107399, 38.018426 ], [ 140.3102291, 38.0185851 ], [ 140.3099537, 38.0186449 ], [ 140.3096305, 38.0187054 ], [ 140.308406, 38.0188935 ], [ 140.3083493, 38.0188957 ], [ 140.3080446, 38.0189074 ], [ 140.3078796, 38.0188844 ], [ 140.3077182, 38.0188338 ], [ 140.3074314, 38.0187044 ], [ 140.3068696, 38.0184705 ], [ 140.3066507, 38.0184146 ], [ 140.3065424, 38.0184147 ], [ 140.3063257, 38.0184144 ], [ 140.3052154, 38.0184352 ], [ 140.3046851, 38.0183982 ], [ 140.3043823, 38.0183382 ], [ 140.3040034, 38.0182002 ], [ 140.3034468, 38.017963 ], [ 140.3029607, 38.0176869 ], [ 140.3028056, 38.0175988 ], [ 140.302092, 38.0172924 ], [ 140.301352, 38.0170713 ], [ 140.3005945, 38.0168593 ], [ 140.3000228, 38.0167534 ], [ 140.2997117, 38.0166957 ], [ 140.2993113, 38.0166652 ], [ 140.2991694, 38.0166543 ], [ 140.2990463, 38.016662 ], [ 140.2986511, 38.0166866 ], [ 140.2985021, 38.0167149 ], [ 140.298045, 38.0168016 ], [ 140.2972611, 38.0170432 ], [ 140.2960724, 38.0174257 ], [ 140.2957636, 38.0174763 ], [ 140.2954138, 38.0174949 ], [ 140.2948867, 38.0174788 ], [ 140.293925, 38.0174143 ], [ 140.292978, 38.0173427 ], [ 140.2923517, 38.0173395 ], [ 140.291658, 38.017336 ], [ 140.2912965, 38.0173771 ], [ 140.2910259, 38.0174438 ], [ 140.2899944, 38.0177665 ], [ 140.2894729, 38.0177918 ], [ 140.2884474, 38.017741 ], [ 140.2876949, 38.0176742 ], [ 140.2870749, 38.017619 ], [ 140.2860609, 38.0174807 ], [ 140.2858219, 38.0174556 ], [ 140.2856869, 38.0174446 ], [ 140.2852131, 38.0174093 ], [ 140.2846943, 38.0174001 ], [ 140.284269, 38.0174321 ], [ 140.2839181, 38.0174762 ], [ 140.2836014, 38.0175218 ], [ 140.2835113, 38.0175419 ] ] } },
{ "type": "Feature", "properties": { "N12_001": "04", "N12_002": 2, "N12_003": 3, "N12_004": "一般国道284号", "N12_005": 10, "N12_006": 1 }, "geometry": { "type": "LineString", "coordinates": [ [ 141.4894141, 38.9175246 ], [ 141.4905194, 38.9174261 ], [ 141.4914704, 38.9173141 ], [ 141.492626, 38.9174293 ], [ 141.4929429, 38.9174518 ], [ 141.4945846, 38.9175476 ], [ 141.4949736, 38.9175757 ], [ 141.4961887, 38.9175702 ], [ 141.4962457, 38.9175663 ], [ 141.4965216, 38.9175609 ], [ 141.4967666, 38.9175418 ], [ 141.4968573, 38.9175277 ], [ 141.4971122, 38.917473 ], [ 141.4975081, 38.9173898 ], [ 141.4979259, 38.9172601 ], [ 141.4980414, 38.917232 ], [ 141.4982358, 38.9171587 ], [ 141.498495, 38.9170687 ], [ 141.4987037, 38.9169842 ], [ 141.4989198, 38.9169167 ], [ 141.499352, 38.9167531 ], [ 141.4994242, 38.916714 ], [ 141.49951, 38.9166803 ], [ 141.4996192, 38.9166375 ], [ 141.4996545, 38.9166237 ], [ 141.4997695, 38.9165673 ], [ 141.5000439, 38.9165054 ], [ 141.5000934, 38.9164942 ], [ 141.5003312, 38.9164548 ], [ 141.500504, 38.9164548 ], [ 141.5010257, 38.9164774 ], [ 141.5018347, 38.9165131 ], [ 141.5019154, 38.9165167 ], [ 141.5023557, 38.9165338 ], [ 141.5027729, 38.9165503 ], [ 141.5036652, 38.9165941 ], [ 141.5043421, 38.916618 ], [ 141.5047561, 38.916618 ], [ 141.5048202, 38.9166179 ], [ 141.5049185, 38.9166125 ], [ 141.5051346, 38.9165955 ], [ 141.5054588, 38.9165222 ], [ 141.5058619, 38.9163533 ], [ 141.5079144, 38.9151988 ], [ 141.5083775, 38.9149267 ], [ 141.5089922, 38.9145653 ], [ 141.5094842, 38.9143258 ], [ 141.5097004, 38.9142413 ], [ 141.5100387, 38.9141341 ], [ 141.5103918, 38.9140496 ], [ 141.5107015, 38.9140104 ], [ 141.5114215, 38.9140107 ], [ 141.5117457, 38.9140385 ], [ 141.5118515, 38.9140551 ], [ 141.5119717, 38.9140794 ], [ 141.5129699, 38.9143032 ], [ 141.5136229, 38.9144704 ], [ 141.516907, 38.9152254 ], [ 141.5172135, 38.9152959 ], [ 141.5186671, 38.9156301 ], [ 141.5190619, 38.9157562 ], [ 141.5199116, 38.9159478 ], [ 141.5202511, 38.9160095 ], [ 141.5203662, 38.9160206 ], [ 141.5207677, 38.9160309 ], [ 141.5210563, 38.9160209 ], [ 141.521395, 38.9159817 ], [ 141.5217117, 38.9159253 ], [ 141.5220433, 38.9158464 ], [ 141.522295, 38.915762 ], [ 141.522787, 38.9155558 ], [ 141.5230008, 38.9154464 ], [ 141.5234796, 38.9152095 ], [ 141.5245134, 38.9146978 ], [ 141.5248334, 38.9145562 ], [ 141.5250445, 38.9144629 ], [ 141.5254433, 38.9142866 ], [ 141.526383, 38.9138711 ], [ 141.5268827, 38.9136502 ], [ 141.5273435, 38.9134755 ], [ 141.528096, 38.9132302 ], [ 141.5297705, 38.9128333 ], [ 141.5319595, 38.9122616 ], [ 141.5326183, 38.9122481 ], [ 141.5332303, 38.9124351 ], [ 141.5344319, 38.9130095 ], [ 141.5350684, 38.9132059 ], [ 141.5357769, 38.9132779 ], [ 141.5366793, 38.9132153 ], [ 141.5376282, 38.912914 ], [ 141.5390754, 38.9124095 ], [ 141.5395628, 38.9123398 ], [ 141.5400995, 38.9123079 ], [ 141.543777, 38.9125128 ], [ 141.5443611, 38.9125418 ], [ 141.5445909, 38.9125578 ], [ 141.5460096, 38.9126367 ], [ 141.5469283, 38.9126898 ], [ 141.5474552, 38.9127202 ], [ 141.5477246, 38.9127358 ], [ 141.5487552, 38.9128003 ], [ 141.5517164, 38.9129857 ] ] } },
{ "type": "Feature", "properties": { "N12_001": "04", "N12_002": 2, "N12_003": 3, "N12_004": "一般国道346号", "N12_005": 11, "N12_006": 1 }, "geometry": { "type": "LineString", "coordinates": [ [ 141.3157423, 38.7427582 ], [ 141.3153076, 38.7425548 ], [ 141.3139351, 38.7418731 ], [ 141.3136087, 38.741687 ], [ 141.3134612, 38.7416029 ], [ 141.3128726, 38.7412473 ], [ 141.3119596, 38.740696 ], [ 141.311634, 38.7405274 ], [ 141.3088317, 38.7394179 ], [ 141.3073864, 38.739009 ], [ 141.3053563, 38.738531 ], [ 141.3033451, 38.7381386 ], [ 141.3027608, 38.738141 ], [ 141.3019582, 38.7382729 ], [ 141.3008989, 38.7382485 ], [ 141.3000946, 38.738123 ], [ 141.2989972, 38.7377998 ], [ 141.2989329, 38.7377778 ], [ 141.2987543, 38.7377164 ], [ 141.2985101, 38.7375925 ], [ 141.2981671, 38.7373651 ], [ 141.2981362, 38.7373447 ], [ 141.2976265, 38.7370067 ], [ 141.2975459, 38.7369527 ], [ 141.2975013, 38.7369241 ], [ 141.2970731, 38.7366631 ], [ 141.2967057, 38.7363957 ], [ 141.2964698, 38.7362239 ], [ 141.2962254, 38.7360098 ], [ 141.2958376, 38.7355817 ], [ 141.2957989, 38.7355331 ], [ 141.2954354, 38.7350807 ], [ 141.2932508, 38.7330301 ], [ 141.2871304, 38.7295787 ], [ 141.2867583, 38.729875 ], [ 141.2809667, 38.7315292 ], [ 141.2747208, 38.7320083 ], [ 141.2735958, 38.7314375 ], [ 141.2726958, 38.73065 ], [ 141.2720292, 38.7299417 ], [ 141.2708417, 38.7247917 ], [ 141.2708208, 38.7244583 ], [ 141.2711375, 38.7239667 ], [ 141.271098, 38.7237835 ], [ 141.2705598, 38.7238355 ], [ 141.2636581, 38.723596 ], [ 141.2634837, 38.7235767 ], [ 141.2633667, 38.7235638 ], [ 141.2628178, 38.7234891 ], [ 141.2626381, 38.7234327 ], [ 141.2624295, 38.7233367 ], [ 141.2620848, 38.7231849 ], [ 141.261855, 38.7230891 ], [ 141.260803, 38.722643 ], [ 141.2606948, 38.7225976 ], [ 141.259635, 38.7221427 ], [ 141.2590178, 38.721873 ], [ 141.2582927, 38.7215872 ], [ 141.2570879, 38.7211482 ], [ 141.2566268, 38.7209483 ], [ 141.2562832, 38.7207744 ], [ 141.2551131, 38.7202355 ], [ 141.2545868, 38.7199964 ], [ 141.25403, 38.7197574 ], [ 141.2535907, 38.7195835 ], [ 141.2515951, 38.7187011 ], [ 141.2507356, 38.7183525 ], [ 141.2504582, 38.7182439 ], [ 141.2500793, 38.7180253 ], [ 141.2490015, 38.7174001 ], [ 141.247967, 38.7168087 ], [ 141.2476965, 38.7166523 ], [ 141.2474457, 38.7165073 ], [ 141.2469909, 38.716246 ], [ 141.2465525, 38.7160061 ], [ 141.2455855, 38.7154666 ], [ 141.2453832, 38.7153502 ], [ 141.2441215, 38.7146418 ], [ 141.2435865, 38.7143245 ], [ 141.2425165, 38.7137247 ], [ 141.2423164, 38.7136204 ], [ 141.2416833, 38.7132582 ], [ 141.2414106, 38.7131086 ], [ 141.2409795, 38.7128609 ], [ 141.2405218, 38.7125931 ], [ 141.2404572, 38.7125554 ], [ 141.2401892, 38.7123989 ], [ 141.2396805, 38.7121165 ], [ 141.2391107, 38.7117775 ], [ 141.238928, 38.7116906 ], [ 141.2381407, 38.7112516 ], [ 141.2379972, 38.711169 ], [ 141.2376101, 38.7109517 ], [ 141.2373447, 38.7107952 ], [ 141.2368054, 38.7104736 ], [ 141.2365053, 38.7102998 ], [ 141.2363983, 38.7101853 ], [ 141.236308, 38.7101331 ], [ 141.2357711, 38.7098321 ], [ 141.235724, 38.7098062 ], [ 141.2351935, 38.7095202 ], [ 141.2335774, 38.7086075 ], [ 141.233254, 38.7084216 ], [ 141.2325052, 38.7080044 ], [ 141.2321837, 38.7078193 ], [ 141.2314435, 38.7074136 ], [ 141.2311925, 38.7072691 ], [ 141.2305457, 38.7069011 ], [ 141.230207, 38.7067133 ], [ 141.2290004, 38.7060303 ], [ 141.2285626, 38.7057859 ], [ 141.2279231, 38.7054308 ], [ 141.2273917, 38.7051325 ], [ 141.2265584, 38.7046648 ], [ 141.2263139, 38.7045353 ], [ 141.2259259, 38.7043156 ], [ 141.2250425, 38.7038174 ], [ 141.2246906, 38.7036284 ], [ 141.2237925, 38.7031215 ], [ 141.2231028, 38.702744 ], [ 141.2225566, 38.7024343 ], [ 141.2221183, 38.7021751 ], [ 141.2211133, 38.7016114 ], [ 141.2192663, 38.7005646 ], [ 141.2182436, 38.699986 ], [ 141.216098, 38.6987732 ], [ 141.2140533, 38.6976237 ], [ 141.2125264, 38.6967592 ], [ 141.2116367, 38.6962555 ], [ 141.2101926, 38.6954444 ], [ 141.2083756, 38.6944284 ], [ 141.2074697, 38.6939181 ], [ 141.2070496, 38.6936841 ], [ 141.2063854, 38.6933098 ], [ 141.2063457, 38.6925752 ], [ 141.2063051, 38.6918912 ], [ 141.2062898, 38.6916528 ], [ 141.2062631, 38.691237 ], [ 141.2061853, 38.6909984 ], [ 141.2061455, 38.6908646 ], [ 141.2060515, 38.6907056 ], [ 141.2056283, 38.6899826 ], [ 141.2055053, 38.689791 ], [ 141.2051978, 38.6892814 ], [ 141.2050337, 38.6890165 ], [ 141.2049244, 38.6889037 ], [ 141.2047981, 38.6887745 ], [ 141.2040766, 38.6882433 ], [ 141.2038584, 38.6880813 ], [ 141.2034531, 38.6878009 ], [ 141.2031413, 38.687533 ], [ 141.202973, 38.6873897 ], [ 141.2025412, 38.6870376 ], [ 141.2023463, 38.6868784 ], [ 141.2019706, 38.6866513 ], [ 141.2018054, 38.686561 ], [ 141.2012348, 38.6861871 ], [ 141.2009168, 38.6859815 ], [ 141.2004425, 38.6856062 ], [ 141.2010334, 38.685092 ], [ 141.2017448, 38.6845906 ], [ 141.2021224, 38.6843591 ], [ 141.2028956, 38.683882 ], [ 141.2036934, 38.6833552 ], [ 141.2037844, 38.6832903 ], [ 141.2039721, 38.6831489 ], [ 141.2041949, 38.6829292 ], [ 141.2048052, 38.6823264 ], [ 141.2049922, 38.6821406 ], [ 141.2053005, 38.6818423 ], [ 141.2057033, 38.6814589 ], [ 141.2062167, 38.6810171 ], [ 141.2066303, 38.6806875 ], [ 141.2079596, 38.6796906 ], [ 141.208376, 38.6793591 ], [ 141.2084014, 38.6793388 ], [ 141.2084933, 38.6792458 ], [ 141.2085632, 38.6791669 ], [ 141.208668, 38.6790026 ], [ 141.2087427, 38.6788119 ], [ 141.2087788, 38.6786825 ], [ 141.2087644, 38.6784572 ], [ 141.2086852, 38.6782544 ], [ 141.208376, 38.6776385 ], [ 141.2078738, 38.6766378 ], [ 141.2077732, 38.6763955 ], [ 141.2074858, 38.6752917 ], [ 141.2074499, 38.6750156 ], [ 141.2074499, 38.6749861 ], [ 141.20745, 38.6745481 ], [ 141.2074786, 38.6743622 ], [ 141.2075864, 38.6740975 ], [ 141.2080964, 38.6731117 ], [ 141.2081828, 38.6728981 ], [ 141.2082545, 38.6726334 ], [ 141.208312, 38.6722953 ], [ 141.2083553, 38.6718222 ], [ 141.2083762, 38.6716987 ], [ 141.2083915, 38.6716081 ], [ 141.208449, 38.6714559 ], [ 141.208564, 38.671242 ], [ 141.2089087, 38.6707181 ], [ 141.209004, 38.670592 ], [ 141.2091454, 38.6704275 ], [ 141.2092393, 38.6703239 ], [ 141.2094832, 38.67011 ], [ 141.2096846, 38.6699692 ], [ 141.2097924, 38.6699128 ], [ 141.2099646, 38.6698622 ], [ 141.2102593, 38.6698114 ], [ 141.2108055, 38.6697439 ], [ 141.2111503, 38.6696819 ], [ 141.2112933, 38.6696469 ], [ 141.2113855, 38.669602 ], [ 141.2116483, 38.6694789 ], [ 141.2117102, 38.6694187 ], [ 141.2117382, 38.6693764 ], [ 141.2117625, 38.6693353 ], [ 141.2121075, 38.6687016 ], [ 141.2124211, 38.6680711 ], [ 141.2126675, 38.6675922 ], [ 141.2127034, 38.667519 ], [ 141.2128755, 38.6672317 ], [ 141.2133155, 38.6666528 ], [ 141.2135862, 38.6662966 ], [ 141.2138596, 38.6659569 ], [ 141.2139521, 38.6658408 ], [ 141.2147846, 38.6647422 ], [ 141.2149499, 38.664483 ], [ 141.214993, 38.6643536 ], [ 141.2150216, 38.6641452 ], [ 141.215043, 38.6628216 ], [ 141.2150575, 38.6625963 ], [ 141.2150647, 38.662033 ], [ 141.2150443, 38.6618659 ], [ 141.2150391, 38.6616684 ], [ 141.2150361, 38.661543 ], [ 141.2150361, 38.6615036 ], [ 141.2150144, 38.6614077 ], [ 141.2149411, 38.6611981 ], [ 141.2148773, 38.6610906 ], [ 141.214828, 38.6610136 ], [ 141.2145266, 38.6606418 ], [ 141.2143603, 38.6604036 ], [ 141.2141773, 38.6601569 ], [ 141.2136225, 38.6594311 ], [ 141.2127606, 38.6583194 ], [ 141.212618, 38.6581355 ], [ 141.2125175, 38.6580114 ], [ 141.2122592, 38.6576736 ], [ 141.2121803, 38.6574989 ], [ 141.2121442, 38.6572456 ], [ 141.2121083, 38.6569525 ], [ 141.2121093, 38.656803 ], [ 141.2121156, 38.6566431 ], [ 141.2121514, 38.6565077 ], [ 141.212172, 38.656469 ], [ 141.2122897, 38.6562708 ], [ 141.2123884, 38.6561078 ], [ 141.2125964, 38.655843 ], [ 141.2139128, 38.6542962 ], [ 141.2145982, 38.6535037 ], [ 141.2153112, 38.6526736 ], [ 141.2159555, 38.6519514 ], [ 141.2161422, 38.6517597 ], [ 141.2167103, 38.651246 ], [ 141.2169458, 38.651033 ], [ 141.2171253, 38.6508361 ], [ 141.2174195, 38.6504471 ], [ 141.2174415, 38.6504104 ], [ 141.2174844, 38.6503219 ], [ 141.217512, 38.650193 ], [ 141.2175059, 38.6501392 ], [ 141.2174691, 38.6499917 ], [ 141.2173909, 38.6494224 ], [ 141.2173623, 38.6493041 ], [ 141.2171684, 38.6481269 ], [ 141.2170679, 38.6478339 ], [ 141.2161931, 38.6475354 ], [ 141.2155035, 38.6472933 ], [ 141.2151806, 38.6471916 ], [ 141.2142548, 38.6469439 ], [ 141.2138964, 38.6468539 ], [ 141.2134297, 38.6467356 ], [ 141.213358, 38.646713 ], [ 141.2132647, 38.6466681 ], [ 141.2131283, 38.6465497 ], [ 141.2128196, 38.6461271 ], [ 141.2126258, 38.6458005 ], [ 141.2120808, 38.6447531 ], [ 141.2117075, 38.6439531 ], [ 141.2115353, 38.6436884 ], [ 141.2112125, 38.6432659 ], [ 141.2110761, 38.64308 ], [ 141.210875, 38.6428323 ], [ 141.2106186, 38.6425453 ], [ 141.2104286, 38.6423264 ], [ 141.2103003, 38.6423495 ], [ 141.2083442, 38.6432165 ], [ 141.2081337, 38.6429414 ], [ 141.207861, 38.6425506 ], [ 141.2073302, 38.641869 ], [ 141.2071658, 38.6416529 ], [ 141.2067991, 38.6411706 ], [ 141.2067632, 38.6411367 ], [ 141.2064688, 38.6407367 ], [ 141.2064188, 38.6406862 ], [ 141.2063255, 38.6405454 ], [ 141.2057445, 38.6397344 ], [ 141.2054573, 38.6392842 ], [ 141.2052277, 38.638884 ], [ 141.2050628, 38.6385581 ], [ 141.205001, 38.6384514 ], [ 141.2049046, 38.6381829 ], [ 141.2047827, 38.6378926 ], [ 141.2046035, 38.637239 ], [ 141.2044599, 38.6365687 ], [ 141.2044241, 38.6362929 ], [ 141.2043594, 38.635741 ], [ 141.2043594, 38.6350032 ], [ 141.2044169, 38.6341132 ], [ 141.204411, 38.6336618 ], [ 141.2028881, 38.6334224 ], [ 141.2026882, 38.6333225 ], [ 141.2022599, 38.6323231 ], [ 141.2018601, 38.6309954 ], [ 141.2017459, 38.6307812 ], [ 141.1991904, 38.6286255 ], [ 141.1953356, 38.6300103 ], [ 141.1949644, 38.6292679 ], [ 141.1946504, 38.6292394 ], [ 141.1927944, 38.6293964 ], [ 141.1914524, 38.6295106 ], [ 141.1901216, 38.6281612 ], [ 141.1894073, 38.6274326 ], [ 141.1889642, 38.6269959 ] ] } },
{ "type": "Feature", "properties": { "N12_001": "04", "N12_002": 1, "N12_003": 4, "N12_004": "宮城県道　塩釜亘理線", "N12_005": 12, "N12_006": 1 }, "geometry": { "type": "LineString", "coordinates": [ [ 140.9075588, 38.1350949 ], [ 140.9076222, 38.1355679 ], [ 140.9075294, 38.1361675 ], [ 140.9072725, 38.1368457 ], [ 140.9068727, 38.1376666 ], [ 140.9064944, 38.1389015 ], [ 140.9063588, 38.1396868 ], [ 140.9064801, 38.1402221 ], [ 140.9068513, 38.1409003 ], [ 140.9071797, 38.1412215 ], [ 140.9075794, 38.1415213 ], [ 140.9094497, 38.1424707 ], [ 140.9131188, 38.1442696 ], [ 140.9136256, 38.144598 ], [ 140.9140825, 38.1449477 ], [ 140.9146393, 38.1454617 ], [ 140.9152103, 38.1459614 ], [ 140.9154887, 38.146354 ], [ 140.9157671, 38.1471749 ], [ 140.9161954, 38.1488953 ], [ 140.9162954, 38.1503943 ], [ 140.9163953, 38.1508155 ], [ 140.916531, 38.151151 ], [ 140.9168165, 38.1516007 ], [ 140.9177516, 38.1526715 ], [ 140.9181799, 38.1532854 ], [ 140.9183655, 38.1536352 ], [ 140.9185654, 38.1541206 ], [ 140.919579, 38.1574042 ], [ 140.9207712, 38.1611661 ], [ 140.9219704, 38.1649352 ], [ 140.9222131, 38.1654063 ], [ 140.9224415, 38.1657704 ], [ 140.9227556, 38.1661345 ], [ 140.9232053, 38.1665271 ], [ 140.9236336, 38.1668126 ], [ 140.9242832, 38.1671338 ], [ 140.926903, 38.1680761 ], [ 140.9272528, 38.168276 ], [ 140.9276454, 38.1686186 ], [ 140.928138, 38.1694538 ], [ 140.9293586, 38.1718452 ], [ 140.9295942, 38.1721378 ], [ 140.9298012, 38.1723306 ], [ 140.930101, 38.1725162 ], [ 140.9309933, 38.1730016 ], [ 140.9322996, 38.1735727 ], [ 140.9351264, 38.174879 ], [ 140.9379604, 38.1761353 ], [ 140.9400091, 38.1768563 ], [ 140.9408657, 38.1772061 ], [ 140.9415367, 38.1775702 ], [ 140.9422273, 38.1779998 ], [ 140.9428644, 38.1784839 ], [ 140.9451559, 38.1807824 ], [ 140.9492033, 38.1847871 ], [ 140.9497601, 38.1852939 ], [ 140.9502289, 38.1856413 ], [ 140.9508395, 38.186164 ], [ 140.9515533, 38.1868017 ], [ 140.9538115, 38.1890491 ], [ 140.955025, 38.1902507 ], [ 140.9577376, 38.1929752 ], [ 140.9604186, 38.1955778 ], [ 140.9610253, 38.1962917 ], [ 140.9615369, 38.1969936 ], [ 140.9633045, 38.1995595 ], [ 140.9642087, 38.2011062 ], [ 140.9647203, 38.2019747 ], [ 140.9650653, 38.2027837 ], [ 140.9654225, 38.2035347 ], [ 140.9656982, 38.204012 ], [ 140.966183, 38.2047745 ], [ 140.9665844, 38.2056816 ], [ 140.9676076, 38.2071331 ], [ 140.9690283, 38.2086579 ], [ 140.9702372, 38.2104856 ], [ 140.9719647, 38.2130983 ], [ 140.973819, 38.2157754 ], [ 140.9777302, 38.2215277 ], [ 140.9781109, 38.2222773 ], [ 140.9784083, 38.2230863 ], [ 140.9790204, 38.2264145 ], [ 140.9795915, 38.2285322 ], [ 140.9810905, 38.2318634 ], [ 140.9821419, 38.2336109 ], [ 140.9833227, 38.2353199 ], [ 140.9847932, 38.2372528 ], [ 140.9851929, 38.238295 ], [ 140.9852818, 38.2388688 ], [ 140.9855317, 38.2421525 ], [ 140.9857934, 38.2467805 ], [ 140.9860551, 38.2510636 ], [ 140.9861384, 38.2516227 ], [ 140.9862693, 38.2520629 ], [ 140.9875423, 38.2548826 ], [ 140.9884584, 38.2570598 ], [ 140.9895648, 38.2597367 ], [ 140.9904333, 38.2616403 ], [ 140.9907427, 38.2624493 ], [ 140.9908735, 38.2628895 ], [ 140.990946, 38.2633152 ], [ 140.9903316, 38.2634196 ], [ 140.9898355, 38.2634841 ], [ 140.9893769, 38.2635564 ], [ 140.9890872, 38.2636208 ], [ 140.9887251, 38.2637173 ], [ 140.9885883, 38.2637735 ], [ 140.9883871, 38.2638298 ], [ 140.9875905, 38.2641113 ], [ 140.9869318, 38.2643485 ], [ 140.9866324, 38.2644681 ], [ 140.9865342, 38.2645049 ], [ 140.9848567, 38.2651759 ], [ 140.9839256, 38.265545 ], [ 140.983733, 38.2656178 ], [ 140.9835898, 38.2656744 ], [ 140.9833734, 38.2657606 ], [ 140.9822132, 38.266223 ], [ 140.9820793, 38.2662759 ], [ 140.9819927, 38.2663098 ], [ 140.9815023, 38.2665032 ], [ 140.9809003, 38.2667405 ], [ 140.9801866, 38.2670218 ], [ 140.9790793, 38.2674584 ], [ 140.9789324, 38.2675161 ], [ 140.9781538, 38.2678286 ], [ 140.9777713, 38.268005 ], [ 140.977406, 38.2681814 ], [ 140.9770514, 38.2683965 ], [ 140.9770148, 38.2684172 ], [ 140.976672, 38.2686336 ], [ 140.9770716, 38.2690149 ], [ 140.9779376, 38.2698799 ], [ 140.9785206, 38.2704378 ], [ 140.9790127, 38.2708638 ], [ 140.9795827, 38.2713288 ], [ 140.9800617, 38.2716948 ], [ 140.9807407, 38.2721558 ], [ 140.9816617, 38.2726718 ], [ 140.9824508, 38.2730538 ], [ 140.9840418, 38.2738068 ], [ 140.9853728, 38.2744387 ], [ 140.9869229, 38.2752027 ], [ 140.9876749, 38.2755697 ], [ 140.9888649, 38.2761907 ], [ 140.9892428, 38.2763706 ], [ 140.9898218, 38.2766677 ], [ 140.9916569, 38.277594 ], [ 140.9950556, 38.2792193 ], [ 140.9965655, 38.2799452 ], [ 140.9964462, 38.2801557 ], [ 140.9963605, 38.2804983 ], [ 140.995683, 38.2841956 ] ] } },
{ "type": "Feature", "properties": { "N12_001": "04", "N12_002": 1, "N12_003": 4, "N12_004": "宮城県道　塩釜港線", "N12_005": 13, "N12_006": 1 }, "geometry": { "type": "LineString", "coordinates": [ [ 141.02794, 38.3181104 ], [ 141.0282842, 38.3180921 ], [ 141.0295061, 38.3180159 ], [ 141.0309556, 38.3179377 ], [ 141.0324658, 38.3178603 ], [ 141.0326376, 38.3178517 ], [ 141.0332439, 38.3178222 ], [ 141.0341048, 38.3178474 ], [ 141.0347797, 38.3178074 ], [ 141.0352011, 38.317785 ], [ 141.0352577, 38.3177738 ], [ 141.035484, 38.3177155 ], [ 141.0357127, 38.3176252 ], [ 141.0361713, 38.3173972 ], [ 141.0366983, 38.3171181 ], [ 141.0375469, 38.3166569 ], [ 141.0377364, 38.3165534 ], [ 141.0383409, 38.316212 ], [ 141.038751, 38.3159761 ], [ 141.0389673, 38.3158893 ] ] } },
{ "type": "Feature", "properties": { "N12_001": "04", "N12_002": 1, "N12_003": 4, "N12_004": "宮城県道　仙台空港線", "N12_005": 14, "N12_006": 1 }, "geometry": { "type": "LineString", "coordinates": [ [ 140.9300436, 38.1358766 ], [ 140.9305428, 38.1355529 ], [ 140.9306457, 38.1354649 ], [ 140.930716, 38.1353446 ], [ 140.9307712, 38.1351741 ], [ 140.9308162, 38.1346969 ], [ 140.9308162, 38.1345087 ], [ 140.9308173, 38.1344586 ], [ 140.9308083, 38.1343218 ], [ 140.9308049, 38.1342694 ], [ 140.9307501, 38.1337477 ], [ 140.930726, 38.1335191 ], [ 140.9306954, 38.1333255 ], [ 140.9306307, 38.1329141 ], [ 140.9304854, 38.1322208 ], [ 140.9302604, 38.1313526 ], [ 140.930224, 38.1312369 ], [ 140.9301852, 38.1311287 ], [ 140.9301316, 38.1310085 ], [ 140.9300462, 38.130873 ], [ 140.9299351, 38.1307442 ], [ 140.9297813, 38.130629 ], [ 140.929636, 38.1305273 ], [ 140.9295297, 38.1304655 ], [ 140.9293723, 38.1303882 ], [ 140.9292604, 38.1303503 ], [ 140.9290635, 38.13029 ], [ 140.9288926, 38.1302494 ], [ 140.9286789, 38.1302223 ], [ 140.9284824, 38.1302087 ], [ 140.9282517, 38.1301952 ], [ 140.9281934, 38.1301973 ], [ 140.9280986, 38.1302008 ], [ 140.927983, 38.1302102 ], [ 140.9276799, 38.1302431 ], [ 140.9269886, 38.1303181 ], [ 140.9268004, 38.1303386 ], [ 140.9263287, 38.1303898 ], [ 140.9259571, 38.1304302 ], [ 140.9254965, 38.1304802 ], [ 140.9250342, 38.1305304 ], [ 140.9246535, 38.1305714 ], [ 140.9244416, 38.1305929 ], [ 140.9235597, 38.1306521 ], [ 140.9235246, 38.130657 ], [ 140.9225079, 38.1307586 ], [ 140.9223689, 38.1307757 ], [ 140.9218629, 38.1308372 ], [ 140.9210995, 38.1309678 ], [ 140.9210237, 38.1309887 ], [ 140.9208172, 38.1310455 ], [ 140.9201855, 38.1312189 ], [ 140.9194371, 38.1314407 ], [ 140.9184634, 38.1317297 ], [ 140.918373, 38.1317576 ], [ 140.9171174, 38.1321431 ], [ 140.9167037, 38.1322711 ], [ 140.9159064, 38.1325178 ], [ 140.915853, 38.132534 ], [ 140.9147466, 38.13286 ], [ 140.9139913, 38.1330836 ], [ 140.913938, 38.1330998 ], [ 140.9132184, 38.1333256 ], [ 140.9127006, 38.1334881 ], [ 140.9124944, 38.1335528 ], [ 140.9116821, 38.1338076 ], [ 140.9108033, 38.1340834 ], [ 140.909146, 38.1346127 ], [ 140.9083701, 38.1348598 ], [ 140.9078295, 38.1350321 ], [ 140.9077813, 38.1350454 ], [ 140.9076822, 38.1350674 ], [ 140.9075588, 38.1350949 ], [ 140.9074878, 38.1351076 ], [ 140.9073273, 38.1351426 ], [ 140.9071565, 38.1351576 ], [ 140.907051, 38.1351515 ], [ 140.9066492, 38.1351276 ], [ 140.9062975, 38.1350874 ], [ 140.9041633, 38.134746 ], [ 140.9035284, 38.1346654 ], [ 140.9027318, 38.1345788 ], [ 140.902312, 38.1345422 ], [ 140.901811, 38.1345396 ], [ 140.9015668, 38.1345602 ], [ 140.9012254, 38.1346205 ], [ 140.9008012, 38.1347385 ], [ 140.9002848, 38.1349054 ], [ 140.9002385, 38.1349211 ], [ 140.9001371, 38.1349565 ], [ 140.9000175, 38.1349991 ], [ 140.898335, 38.1356272 ], [ 140.8972319, 38.1360374 ], [ 140.8968789, 38.1361827 ], [ 140.8966621, 38.1362595 ], [ 140.8955627, 38.1365888 ], [ 140.8947799, 38.1367725 ], [ 140.8937192, 38.1370036 ], [ 140.8917059, 38.1373834 ], [ 140.8913578, 38.1374491 ], [ 140.8901927, 38.1376694 ], [ 140.8889464, 38.1379196 ], [ 140.8859027, 38.1385481 ], [ 140.8833007, 38.139072 ], [ 140.8823377, 38.1392664 ], [ 140.8797671, 38.1398303 ], [ 140.87963, 38.1398632 ] ] } },
{ "type": "Feature", "properties": { "N12_001": "04", "N12_002": 1, "N12_003": 4, "N12_004": "宮城県道　仙台塩釜線", "N12_005": 15, "N12_006": 1 }, "geometry": { "type": "LineString", "coordinates": [ [ 140.9283821, 38.2511791 ], [ 140.9287661, 38.2511559 ], [ 140.9290673, 38.251154 ], [ 140.9294648, 38.2511251 ], [ 140.9307175, 38.2510729 ], [ 140.9320981, 38.2510105 ], [ 140.9334154, 38.2509637 ], [ 140.9356752, 38.2508937 ], [ 140.9357316, 38.2508915 ], [ 140.9379468, 38.2508052 ], [ 140.9389594, 38.2507656 ], [ 140.9408254, 38.2506977 ], [ 140.9429665, 38.2506123 ], [ 140.9429938, 38.2506114 ], [ 140.9455712, 38.2505138 ], [ 140.9458665, 38.2505028 ], [ 140.9488184, 38.2503936 ], [ 140.9518754, 38.2502446 ], [ 140.9520747, 38.2502345 ], [ 140.9546153, 38.2501053 ], [ 140.9555159, 38.2500611 ], [ 140.9556942, 38.2500636 ], [ 140.9558539, 38.2500772 ], [ 140.9559948, 38.2501083 ], [ 140.9562195, 38.2501888 ], [ 140.9563958, 38.2502496 ], [ 140.9565858, 38.2503392 ], [ 140.9567302, 38.2504182 ], [ 140.9569309, 38.250561 ], [ 140.9571027, 38.250725 ], [ 140.9572843, 38.2508724 ], [ 140.9576309, 38.2511974 ], [ 140.9586373, 38.2521544 ], [ 140.9589383, 38.2524218 ], [ 140.9597926, 38.2532208 ], [ 140.9611851, 38.2544785 ], [ 140.9620455, 38.2552289 ], [ 140.9626657, 38.2558092 ], [ 140.963593, 38.2566294 ], [ 140.9643804, 38.2573434 ], [ 140.9651611, 38.258074 ], [ 140.9659895, 38.2588001 ], [ 140.9670689, 38.259786 ], [ 140.9677408, 38.2603981 ], [ 140.9683519, 38.2609602 ], [ 140.9691347, 38.261665 ], [ 140.969834, 38.2623136 ], [ 140.9705439, 38.2629729 ], [ 140.9712645, 38.2635957 ], [ 140.9720048, 38.2642807 ], [ 140.9727117, 38.2649658 ], [ 140.9734353, 38.2656236 ], [ 140.9741558, 38.266295 ], [ 140.9747107, 38.2668251 ], [ 140.9753598, 38.2673841 ], [ 140.97636, 38.2683289 ], [ 140.976672, 38.2686336 ] ] } },
{ "type": "Feature", "properties": { "N12_001": "04", "N12_002": 2, "N12_003": 4, "N12_004": "宮城県道　気仙沼唐桑線", "N12_005": 16, "N12_006": 1 }, "geometry": { "type": "LineString", "coordinates": [ [ 141.566553, 38.9062622 ], [ 141.566699, 38.9063064 ], [ 141.5674911, 38.9065486 ], [ 141.5678942, 38.9066669 ], [ 141.5682255, 38.9067627 ], [ 141.5685927, 38.9068811 ], [ 141.5689842, 38.9070004 ], [ 141.5696155, 38.9071908 ], [ 141.5702233, 38.9073645 ], [ 141.5710817, 38.9076099 ], [ 141.5711198, 38.9076195 ], [ 141.5714299, 38.9076977 ], [ 141.5719619, 38.9078254 ], [ 141.5720414, 38.9078005 ], [ 141.57261, 38.9067419 ], [ 141.5746974, 38.9069693 ], [ 141.576018, 38.9072549 ], [ 141.5772743, 38.9079402 ], [ 141.5778953, 38.9079901 ], [ 141.5781816, 38.9078076 ], [ 141.5784846, 38.9077049 ], [ 141.5785706, 38.9076548 ], [ 141.5786465, 38.9076012 ], [ 141.5788297, 38.9074747 ], [ 141.5789338, 38.907399 ], [ 141.5790852, 38.9073595 ], [ 141.5793227, 38.9073595 ], [ 141.5794955, 38.9074048 ], [ 141.5795819, 38.9074609 ], [ 141.5797116, 38.9076412 ], [ 141.5797474, 38.9077201 ], [ 141.5799077, 38.908149 ], [ 141.5799608, 38.9083151 ], [ 141.5802013, 38.9090662 ], [ 141.580273, 38.909292 ], [ 141.5803376, 38.9094945 ], [ 141.580381, 38.9096406 ], [ 141.580374, 38.9097417 ], [ 141.5803222, 38.9099733 ], [ 141.5802729, 38.9102826 ], [ 141.5802473, 38.9103888 ], [ 141.5802079, 38.9105642 ], [ 141.5802009, 38.9106487 ], [ 141.5801672, 38.9108433 ], [ 141.5801535, 38.9111401 ], [ 141.5802188, 38.9118847 ], [ 141.5802656, 38.9122762 ], [ 141.5803767, 38.9131143 ] ] } },
{ "type": "Feature", "properties": { "N12_001": "04", "N12_002": 2, "N12_003": 4, "N12_004": "宮城県道　気仙沼陸前高田線", "N12_005": 17, "N12_006": 1 }, "geometry": { "type": "LineString", "coordinates": [ [ 141.5824451, 38.9205901 ], [ 141.5823029, 38.9200422 ], [ 141.5822649, 38.9198959 ], [ 141.5821841, 38.9195636 ], [ 141.5820494, 38.9190544 ], [ 141.5819431, 38.9187025 ], [ 141.5816756, 38.9178221 ], [ 141.5813736, 38.9169029 ], [ 141.5812947, 38.9166484 ], [ 141.5811441, 38.9161567 ], [ 141.5809648, 38.9156299 ], [ 141.5809143, 38.915454 ], [ 141.5805918, 38.9140789 ], [ 141.5805464, 38.9139098 ], [ 141.5805319, 38.9138196 ], [ 141.5804238, 38.9134194 ], [ 141.5803767, 38.9131143 ] ] } },
{ "type": "Feature", "properties": { "N12_001": "04", "N12_002": 2, "N12_003": 7, "N12_004": "白石市道　八幡町兎作線", "N12_005": 18, "N12_006": 1 }, "geometry": { "type": "LineString", "coordinates": [ [ 140.6211848, 38.0022372 ], [ 140.6211771, 38.0022874 ], [ 140.6210277, 38.003221 ], [ 140.6210056, 38.0033549 ], [ 140.6208448, 38.0041109 ], [ 140.620753, 38.0046729 ], [ 140.6207546, 38.0057355 ], [ 140.6207528, 38.005826 ], [ 140.6207008, 38.0071759 ] ] } },
{ "type": "Feature", "properties": { "N12_001": "04", "N12_002": 2, "N12_003": 7, "N12_004": "白石市道　桜小路線", "N12_005": 19, "N12_006": 1 }, "geometry": { "type": "LineString", "coordinates": [ [ 140.6211848, 38.0022372 ], [ 140.6208617, 38.0022188 ], [ 140.6203946, 38.002197 ] ] } },
{ "type": "Feature", "properties": { "N12_001": "04", "N12_002": 2, "N12_003": 7, "N12_004": "大崎市道　会所小路線", "N12_005": 20, "N12_006": 1 }, "geometry": { "type": "LineString", "coordinates": [ [ 140.9563189, 38.5765179 ], [ 140.9562324, 38.576541 ], [ 140.9561341, 38.5765583 ], [ 140.9560328, 38.5765728 ], [ 140.9558997, 38.5765872 ], [ 140.9557811, 38.5765959 ], [ 140.9556712, 38.5766046 ], [ 140.9555236, 38.5766161 ], [ 140.9553992, 38.5766219 ], [ 140.9552199, 38.576619 ] ] } },
{ "type": "Feature", "properties": { "N12_001": "04", "N12_002": 2, "N12_003": 7, "N12_004": "登米市道　山下前・一本杉線", "N12_005": 21, "N12_006": 1 }, "geometry": { "type": "LineString", "coordinates": [ [ 141.1859168, 38.6918267 ], [ 141.1862976, 38.6915898 ], [ 141.1868651, 38.6913098 ], [ 141.1877847, 38.6908504 ] ] } },
{ "type": "Feature", "properties": { "N12_001": "04", "N12_002": 2, "N12_003": 7, "N12_004": "登米市道　北方・中田線", "N12_005": 22, "N12_006": 1 }, "geometry": { "type": "LineString", "coordinates": [ [ 141.1798761, 38.6909512 ], [ 141.1808292, 38.6907375 ], [ 141.1819282, 38.6906368 ], [ 141.1823238, 38.6906703 ], [ 141.1826457, 38.6907306 ], [ 141.1831554, 38.6908043 ], [ 141.1836382, 38.6908981 ], [ 141.1841545, 38.6910456 ], [ 141.1846642, 38.6912466 ], [ 141.1852141, 38.6915079 ], [ 141.1859168, 38.6918267 ] ] } },
{ "type": "Feature", "properties": { "N12_001": "04", "N12_002": 2, "N12_003": 7, "N12_004": "気仙沼市道　八日町2号線", "N12_005": 23, "N12_006": 1 }, "geometry": { "type": "LineString", "coordinates": [ [ 141.5702233, 38.9073645 ], [ 141.5699871, 38.907882 ] ] } },
{ "type": "Feature", "properties": { "N12_001": "04", "N12_002": 2, "N12_003": 7, "N12_004": "気仙沼市道　三日町古町線", "N12_005": 24, "N12_006": 1 }, "geometry": { "type": "LineString", "coordinates": [ [ 141.5517164, 38.9129857 ], [ 141.5519178, 38.9129734 ], [ 141.5520838, 38.9129445 ], [ 141.5522065, 38.9128652 ], [ 141.5523365, 38.9127281 ], [ 141.5525819, 38.9124901 ], [ 141.5527841, 38.9123314 ], [ 141.5530151, 38.912216 ], [ 141.5533255, 38.9120933 ], [ 141.5537514, 38.9120068 ], [ 141.5540907, 38.9119491 ], [ 141.554531, 38.9118697 ], [ 141.5549569, 38.9117471 ], [ 141.5550364, 38.9111844 ], [ 141.5552385, 38.9111123 ], [ 141.5554623, 38.9110257 ], [ 141.5556139, 38.9109608 ], [ 141.5562491, 38.9106795 ], [ 141.5565668, 38.9105136 ], [ 141.5571515, 38.9102034 ], [ 141.5574691, 38.9100447 ], [ 141.5578878, 38.9098139 ], [ 141.5589028, 38.9092964 ], [ 141.558949, 38.9092729 ], [ 141.5594832, 38.9089771 ], [ 141.559873, 38.9087463 ], [ 141.5615911, 38.907859 ], [ 141.562248, 38.9075055 ], [ 141.5623924, 38.907419 ], [ 141.5635402, 38.9068203 ], [ 141.5636341, 38.9067842 ], [ 141.5637062, 38.9067625 ], [ 141.5638073, 38.9067481 ], [ 141.5645725, 38.9066832 ], [ 141.5650706, 38.9066327 ], [ 141.5655398, 38.9065894 ], [ 141.5660018, 38.9065461 ], [ 141.56637, 38.9065028 ], [ 141.566553, 38.9062622 ] ] } },
{ "type": "Feature", "properties": { "N12_001": "04", "N12_002": 2, "N12_003": 3, "N12_004": "一般国道347号", "N12_005": 25, "N12_006": 1 }, "geometry": { "type": "LineString", "coordinates": [ [ 140.5607459, 38.6082605 ], [ 140.5621867, 38.6083496 ], [ 140.5629281, 38.6085731 ], [ 140.5631917, 38.6087501 ], [ 140.5632515, 38.6090267 ], [ 140.5632384, 38.6092555 ], [ 140.5631528, 38.6093984 ], [ 140.5628355, 38.60976 ], [ 140.5626884, 38.6101124 ], [ 140.5627356, 38.6104748 ], [ 140.562832, 38.6106944 ], [ 140.5630868, 38.6108189 ], [ 140.563864, 38.6109446 ], [ 140.5640223, 38.6108783 ], [ 140.5653045, 38.6091936 ], [ 140.5653906, 38.6089077 ], [ 140.5654187, 38.6078971 ], [ 140.5655413, 38.6076113 ], [ 140.5657852, 38.607364 ], [ 140.56609, 38.6071072 ], [ 140.5661881, 38.6068595 ], [ 140.5661402, 38.6066783 ], [ 140.5656582, 38.6055807 ], [ 140.5656953, 38.6053901 ], [ 140.5658053, 38.6052378 ], [ 140.5663298, 38.6046764 ], [ 140.5664764, 38.6044765 ], [ 140.566882, 38.6032188 ], [ 140.5670285, 38.6030285 ], [ 140.56726, 38.6028669 ], [ 140.5675884, 38.6027914 ], [ 140.5684876, 38.6027743 ], [ 140.5693626, 38.6027191 ], [ 140.5697398, 38.602596 ], [ 140.5698739, 38.6024533 ], [ 140.5699718, 38.6022819 ], [ 140.569936, 38.6021006 ], [ 140.5698638, 38.6018907 ], [ 140.5695131, 38.6014513 ], [ 140.5694655, 38.6011652 ], [ 140.569661, 38.6008796 ], [ 140.5699044, 38.6007752 ], [ 140.570269, 38.6007379 ], [ 140.5705966, 38.6008721 ], [ 140.5709114, 38.6011684 ], [ 140.5711052, 38.6013309 ], [ 140.5713236, 38.6014268 ], [ 140.5716273, 38.6014465 ], [ 140.5724055, 38.6013053 ], [ 140.5728679, 38.6011156 ], [ 140.5732454, 38.6008685 ], [ 140.5736592, 38.6006883 ], [ 140.5746806, 38.6004712 ], [ 140.5753496, 38.6002534 ], [ 140.5759825, 38.5999592 ], [ 140.5762864, 38.5999218 ], [ 140.5771974, 38.5999905 ], [ 140.5775863, 38.5999723 ], [ 140.5780849, 38.5998399 ], [ 140.5787542, 38.5995458 ], [ 140.5793631, 38.5991562 ], [ 140.5797537, 38.5986421 ], [ 140.5800095, 38.5984615 ], [ 140.5812748, 38.597997 ], [ 140.5814941, 38.5978259 ], [ 140.5817869, 38.5974833 ], [ 140.5820426, 38.5973217 ], [ 140.5827477, 38.5971897 ], [ 140.582979, 38.5970758 ], [ 140.5831134, 38.5968377 ], [ 140.5833969, 38.5956846 ], [ 140.5835068, 38.5955228 ], [ 140.5837019, 38.595323 ], [ 140.5845181, 38.5946954 ], [ 140.5854322, 38.5938487 ], [ 140.5861137, 38.5934974 ], [ 140.5864305, 38.5932406 ], [ 140.587309, 38.5921269 ], [ 140.5877231, 38.5918322 ], [ 140.5887193, 38.5918438 ], [ 140.5892543, 38.5917019 ], [ 140.5898381, 38.5915029 ], [ 140.5903486, 38.5914467 ], [ 140.5912719, 38.5914582 ], [ 140.5915874, 38.5915447 ], [ 140.5940269, 38.5922838 ], [ 140.5942328, 38.5924654 ], [ 140.5944015, 38.5929044 ], [ 140.5945707, 38.5931717 ], [ 140.5947766, 38.5933533 ], [ 140.5950558, 38.5934301 ], [ 140.595323, 38.5934402 ], [ 140.5956877, 38.5933933 ], [ 140.5961987, 38.5931559 ], [ 140.5966375, 38.5927182 ], [ 140.5971972, 38.592481 ], [ 140.5979267, 38.5923013 ], [ 140.5982669, 38.592302 ], [ 140.6014977, 38.5925563 ], [ 140.6026524, 38.5923774 ], [ 140.6028223, 38.5924445 ], [ 140.6036588, 38.5929897 ], [ 140.6039259, 38.5930569 ], [ 140.604667, 38.5930584 ], [ 140.6048611, 38.5931541 ], [ 140.6052852, 38.5935077 ], [ 140.6054907, 38.5938323 ], [ 140.6059012, 38.5946531 ], [ 140.606119, 38.59493 ], [ 140.6064462, 38.5952072 ], [ 140.6068226, 38.5952746 ], [ 140.60726, 38.5952755 ], [ 140.6074668, 38.5951901 ], [ 140.6081852, 38.5946861 ], [ 140.6084039, 38.5946675 ], [ 140.6092055, 38.5947453 ], [ 140.6096674, 38.5946985 ], [ 140.6103727, 38.5944901 ], [ 140.6113208, 38.5943393 ], [ 140.6123061, 38.5939598 ], [ 140.6125862, 38.593741 ], [ 140.6127571, 38.5934553 ], [ 140.6128201, 38.5927403 ], [ 140.6129181, 38.592464 ], [ 140.6131373, 38.5922928 ], [ 140.6134048, 38.5922074 ], [ 140.6141339, 38.5921611 ], [ 140.6144138, 38.5919996 ], [ 140.6146335, 38.5916758 ], [ 140.6150241, 38.5910568 ], [ 140.6152921, 38.590838 ], [ 140.6155596, 38.5907526 ], [ 140.6159605, 38.5907629 ], [ 140.6164342, 38.5907829 ], [ 140.616884, 38.5907074 ], [ 140.6172247, 38.5905078 ], [ 140.617444, 38.5902985 ], [ 140.6177978, 38.5898128 ], [ 140.618029, 38.5896798 ], [ 140.6183329, 38.5896231 ], [ 140.6186365, 38.5896618 ], [ 140.6188911, 38.5898244 ], [ 140.6197622, 38.5910369 ], [ 140.6200291, 38.5911804 ], [ 140.6203084, 38.5912191 ], [ 140.6209038, 38.5911915 ], [ 140.6211957, 38.5910777 ], [ 140.6218045, 38.5906211 ], [ 140.6222303, 38.5904025 ], [ 140.6227166, 38.5902985 ], [ 140.6237008, 38.590224 ], [ 140.6243576, 38.5899678 ], [ 140.6247837, 38.5896634 ], [ 140.6253561, 38.5891781 ], [ 140.6258187, 38.5888262 ], [ 140.6262568, 38.5885695 ], [ 140.6292248, 38.5872303 ], [ 140.6296016, 38.5871642 ], [ 140.6299417, 38.5871839 ], [ 140.6323339, 38.5875122 ], [ 140.6327464, 38.5877227 ], [ 140.6334495, 38.5882674 ], [ 140.6336074, 38.5882772 ], [ 140.6340454, 38.5880205 ], [ 140.6343737, 38.5879448 ], [ 140.6350418, 38.5879364 ], [ 140.6353336, 38.5878606 ], [ 140.6355893, 38.5876608 ], [ 140.6357236, 38.587394 ], [ 140.6363574, 38.5866418 ], [ 140.6365528, 38.5862703 ], [ 140.6367728, 38.5857558 ], [ 140.6371876, 38.5851272 ], [ 140.6374312, 38.5848702 ], [ 140.6377606, 38.5843558 ], [ 140.6380406, 38.5841561 ], [ 140.6384054, 38.5839946 ], [ 140.6390741, 38.5837764 ], [ 140.6395114, 38.5837771 ], [ 140.6399124, 38.5837587 ], [ 140.6402285, 38.5836353 ], [ 140.6410078, 38.5829596 ], [ 140.6414946, 38.5826076 ], [ 140.6417865, 38.5824937 ], [ 140.6421022, 38.5825132 ], [ 140.6424177, 38.5826568 ], [ 140.6426842, 38.5829433 ], [ 140.6430112, 38.5832966 ], [ 140.6432781, 38.583421 ], [ 140.643618, 38.5835169 ], [ 140.6438731, 38.5835364 ], [ 140.6456587, 38.5835678 ], [ 140.6465695, 38.5836456 ], [ 140.6472742, 38.5836086 ], [ 140.6476627, 38.5836759 ], [ 140.6504429, 38.5843382 ], [ 140.6509525, 38.5845488 ], [ 140.6511826, 38.5848352 ], [ 140.6513519, 38.5851596 ], [ 140.6515209, 38.5855794 ], [ 140.651931, 38.5867433 ], [ 140.6527404, 38.5885562 ], [ 140.6530797, 38.5888713 ], [ 140.6535164, 38.5891199 ], [ 140.6539898, 38.5892827 ], [ 140.6546697, 38.5894554 ], [ 140.6556293, 38.5895331 ], [ 140.656504, 38.5895059 ], [ 140.6569293, 38.5894874 ], [ 140.6572935, 38.5895929 ], [ 140.6584829, 38.5900523 ], [ 140.6593201, 38.5905112 ], [ 140.6616128, 38.5919163 ], [ 140.661892, 38.592012 ], [ 140.6623049, 38.5920889 ], [ 140.663811, 38.5922627 ], [ 140.6642602, 38.5924064 ], [ 140.6646241, 38.5926453 ], [ 140.666686, 38.5941071 ], [ 140.6672199, 38.594432 ], [ 140.6677783, 38.594614 ], [ 140.6684462, 38.5947579 ], [ 140.6706323, 38.5950947 ], [ 140.6714578, 38.5954105 ], [ 140.6716401, 38.5954012 ], [ 140.6724667, 38.5951926 ], [ 140.6728676, 38.5952122 ], [ 140.6733169, 38.5953272 ], [ 140.6735838, 38.5954706 ], [ 140.6738746, 38.5958429 ], [ 140.6753631, 38.5985337 ], [ 140.6755445, 38.598944 ], [ 140.6756888, 38.5996211 ], [ 140.6758459, 38.6000123 ], [ 140.6760153, 38.6003081 ], [ 140.6765971, 38.6009954 ], [ 140.6769239, 38.6015774 ], [ 140.6771779, 38.6021022 ], [ 140.677748, 38.6025797 ], [ 140.6782699, 38.6028378 ], [ 140.6797389, 38.6034214 ], [ 140.6805159, 38.603718 ], [ 140.6809772, 38.6039283 ], [ 140.6823482, 38.6049217 ], [ 140.6827366, 38.6051415 ], [ 140.6830038, 38.6052086 ], [ 140.6853858, 38.6050305 ], [ 140.6867956, 38.6048988 ], [ 140.6876098, 38.6048521 ], [ 140.688108, 38.6048432 ], [ 140.6883998, 38.6047482 ], [ 140.6888012, 38.604558 ], [ 140.6893484, 38.604368 ], [ 140.6910135, 38.6041507 ], [ 140.6985129, 38.6029678 ], [ 140.6992057, 38.6028351 ], [ 140.7004578, 38.60256 ], [ 140.7024268, 38.6022285 ], [ 140.7046035, 38.6012965 ], [ 140.7067069, 38.6005074 ], [ 140.7087253, 38.5996896 ], [ 140.7103912, 38.5989095 ], [ 140.7112788, 38.5985004 ], [ 140.7134922, 38.5972918 ], [ 140.716811, 38.5960937 ], [ 140.717808, 38.5956752 ], [ 140.7189144, 38.5951519 ], [ 140.719486, 38.5948187 ], [ 140.7198997, 38.59439 ], [ 140.7203258, 38.593866 ], [ 140.7207276, 38.5932657 ], [ 140.7222962, 38.59239 ], [ 140.7237064, 38.5918193 ], [ 140.7240468, 38.5916479 ], [ 140.7255551, 38.5904384 ], [ 140.7259443, 38.5901718 ], [ 140.7275364, 38.589687 ], [ 140.7287397, 38.5893353 ], [ 140.7303194, 38.5890697 ], [ 140.7311823, 38.5888225 ], [ 140.7318142, 38.5886801 ], [ 140.7327986, 38.5883567 ], [ 140.738341, 38.5862828 ], [ 140.7392406, 38.5858354 ], [ 140.7398603, 38.5856642 ], [ 140.7406137, 38.5855504 ], [ 140.7412454, 38.5855318 ], [ 140.7427029, 38.5857046 ], [ 140.7433344, 38.585829 ], [ 140.7436501, 38.5860104 ], [ 140.7440018, 38.5864589 ], [ 140.7442445, 38.5866593 ], [ 140.7444631, 38.5867357 ], [ 140.7448883, 38.5867074 ], [ 140.7466015, 38.5864703 ], [ 140.747367, 38.5862993 ], [ 140.7492868, 38.5859574 ], [ 140.7506477, 38.5856342 ], [ 140.751863, 38.5852251 ], [ 140.7523248, 38.5851014 ], [ 140.7539047, 38.5844446 ], [ 140.7544274, 38.5841589 ], [ 140.7555093, 38.5834064 ], [ 140.7560563, 38.583054 ], [ 140.7567369, 38.582797 ], [ 140.7601545, 38.5816311 ], [ 140.7606945, 38.5815586 ], [ 140.7626736, 38.5813721 ], [ 140.7628732, 38.5813502 ], [ 140.7630751, 38.5813157 ], [ 140.7635001, 38.5812061 ], [ 140.7637463, 38.5811431 ], [ 140.7648315, 38.5808649 ], [ 140.7659994, 38.5805774 ], [ 140.7664631, 38.5804826 ], [ 140.7670105, 38.5803582 ], [ 140.767591, 38.5802512 ], [ 140.7680069, 38.5801948 ], [ 140.7683724, 38.5801612 ], [ 140.7688309, 38.5800879 ], [ 140.7689984, 38.5800585 ], [ 140.7694251, 38.5799701 ], [ 140.7698272, 38.5798965 ], [ 140.7709598, 38.5796485 ], [ 140.7714341, 38.5795368 ], [ 140.7718703, 38.5794179 ], [ 140.7721744, 38.5793326 ], [ 140.7724129, 38.579266 ], [ 140.7727445, 38.5791417 ], [ 140.7728589, 38.5790812 ], [ 140.7729739, 38.5790123 ], [ 140.7731353, 38.5788971 ], [ 140.7736475, 38.5785111 ], [ 140.7738532, 38.578349 ], [ 140.7741354, 38.5781337 ], [ 140.7742284, 38.5780776 ], [ 140.7743287, 38.5780156 ], [ 140.7749096, 38.5777281 ], [ 140.7750307, 38.5776709 ], [ 140.7762568, 38.5770917 ], [ 140.7768302, 38.5768217 ], [ 140.7771243, 38.576675 ], [ 140.7773607, 38.5765736 ], [ 140.7778198, 38.5763088 ], [ 140.7779163, 38.5762392 ], [ 140.778006, 38.5761625 ], [ 140.7782927, 38.5758639 ], [ 140.7784434, 38.575706 ], [ 140.7787587, 38.5754132 ], [ 140.7788447, 38.57534 ], [ 140.7789805, 38.5752333 ], [ 140.7790979, 38.5751655 ], [ 140.779164, 38.5751305 ], [ 140.7793102, 38.5750531 ], [ 140.7794454, 38.5749908 ], [ 140.7796041, 38.5749178 ], [ 140.7805992, 38.5745389 ], [ 140.7804271, 38.574103 ], [ 140.7804292, 38.5740607 ], [ 140.7804515, 38.5740203 ], [ 140.7804938, 38.5739829 ], [ 140.7814106, 38.5736958 ], [ 140.7823534, 38.573385 ], [ 140.7822745, 38.5730894 ], [ 140.7821584, 38.5724836 ], [ 140.7821491, 38.5722891 ], [ 140.7821778, 38.572203 ], [ 140.7823456, 38.5719864 ], [ 140.7824391, 38.5718923 ], [ 140.7824961, 38.5718849 ], [ 140.7834549, 38.5718054 ], [ 140.7851921, 38.5716614 ], [ 140.7858296, 38.5716392 ], [ 140.7859159, 38.57164 ], [ 140.7860338, 38.5716458 ], [ 140.7861693, 38.571665 ], [ 140.7862846, 38.5716908 ], [ 140.7864638, 38.5717472 ], [ 140.7865914, 38.5717963 ], [ 140.7867068, 38.5718463 ], [ 140.7869154, 38.57195 ], [ 140.7872867, 38.5721555 ], [ 140.7876614, 38.5723528 ], [ 140.7883202, 38.5726088 ], [ 140.7894031, 38.5730259 ], [ 140.790405, 38.573399 ], [ 140.7906855, 38.5735044 ], [ 140.7909721, 38.5736115 ], [ 140.7913808, 38.5737466 ], [ 140.7915269, 38.5737841 ], [ 140.7916389, 38.5737974 ], [ 140.7916817, 38.573801 ], [ 140.7917892, 38.5737993 ], [ 140.7919187, 38.5737918 ], [ 140.7923056, 38.573758 ], [ 140.7924622, 38.5737516 ], [ 140.7926078, 38.5737522 ], [ 140.7927261, 38.573762 ], [ 140.792807, 38.5737732 ], [ 140.7930542, 38.573819 ], [ 140.7932158, 38.5738607 ], [ 140.7936323, 38.573999 ], [ 140.7939253, 38.5741185 ], [ 140.7942785, 38.57427 ], [ 140.795144, 38.5746365 ], [ 140.7958787, 38.5749907 ], [ 140.7960326, 38.5750649 ], [ 140.7967863, 38.575437 ], [ 140.7971943, 38.5756351 ], [ 140.7974362, 38.5757484 ], [ 140.7976804, 38.5758459 ], [ 140.797964, 38.5759348 ], [ 140.798237, 38.5759948 ], [ 140.7985079, 38.5760415 ], [ 140.7988986, 38.5760834 ], [ 140.7991077, 38.5761012 ], [ 140.7998594, 38.5761172 ], [ 140.8000494, 38.5761123 ], [ 140.80064, 38.5761072 ], [ 140.8007571, 38.5761022 ], [ 140.8012077, 38.5760673 ], [ 140.8034169, 38.5758149 ], [ 140.804488, 38.5756906 ], [ 140.8053505, 38.5755662 ], [ 140.8055473, 38.5755414 ], [ 140.8057692, 38.5755331 ], [ 140.8059742, 38.5755436 ], [ 140.8070065, 38.5757014 ], [ 140.8072637, 38.5757482 ], [ 140.8074907, 38.5757799 ], [ 140.8083251, 38.5758931 ], [ 140.8098375, 38.5760339 ], [ 140.8100306, 38.5760505 ], [ 140.8111205, 38.5761464 ], [ 140.8111874, 38.5761561 ], [ 140.8112888, 38.5761747 ], [ 140.8114563, 38.5762289 ], [ 140.8116366, 38.5762928 ], [ 140.8119656, 38.5764285 ], [ 140.8121913, 38.576521 ], [ 140.8124597, 38.5766311 ], [ 140.8130106, 38.5768352 ], [ 140.8131991, 38.5769011 ], [ 140.8134291, 38.5769785 ], [ 140.8136366, 38.5770366 ], [ 140.8139461, 38.5771036 ], [ 140.8149122, 38.5772447 ], [ 140.8156006, 38.5773527 ], [ 140.8157034, 38.5773594 ], [ 140.8157917, 38.5773568 ], [ 140.8159393, 38.577354 ], [ 140.8161693, 38.5773072 ], [ 140.8163518, 38.5771947 ], [ 140.8166984, 38.5769781 ], [ 140.8170195, 38.5767774 ], [ 140.8171867, 38.5766885 ], [ 140.817342, 38.5766199 ], [ 140.8174326, 38.5765913 ], [ 140.8175285, 38.5765746 ], [ 140.817679, 38.5765577 ], [ 140.8178967, 38.5765502 ], [ 140.8181521, 38.5765577 ], [ 140.8186536, 38.5765577 ], [ 140.8192774, 38.5765805 ], [ 140.8197227, 38.5765942 ], [ 140.8200877, 38.576603 ], [ 140.8204462, 38.5766127 ], [ 140.8210088, 38.5766577 ], [ 140.8220944, 38.5767154 ], [ 140.8224069, 38.57674 ], [ 140.8230479, 38.5767663 ], [ 140.8238575, 38.576806 ], [ 140.8241297, 38.576834 ], [ 140.8243592, 38.5768735 ], [ 140.8249038, 38.5770198 ], [ 140.8250158, 38.577045 ], [ 140.8251348, 38.5770717 ], [ 140.8252408, 38.5770987 ], [ 140.8255564, 38.5771721 ], [ 140.8257655, 38.5772333 ], [ 140.8265156, 38.5774821 ], [ 140.8268345, 38.5775785 ], [ 140.8271441, 38.5776422 ], [ 140.8273548, 38.5776798 ], [ 140.8276062, 38.5777015 ], [ 140.828144, 38.5777071 ], [ 140.8284737, 38.5776846 ], [ 140.829054, 38.5776226 ], [ 140.8296378, 38.5775281 ], [ 140.8299571, 38.5774818 ], [ 140.8305379, 38.5773804 ], [ 140.8311246, 38.5772848 ], [ 140.8314518, 38.5772029 ], [ 140.8317991, 38.5771045 ], [ 140.8322076, 38.576992 ], [ 140.8324302, 38.5769443 ], [ 140.8329963, 38.5768568 ], [ 140.8332652, 38.5768218 ], [ 140.8334168, 38.5768053 ], [ 140.8334622, 38.5768003 ], [ 140.8337205, 38.576794 ], [ 140.8338997, 38.5768003 ], [ 140.8342794, 38.5768398 ], [ 140.8350822, 38.5769473 ], [ 140.835656, 38.5770429 ], [ 140.8361145, 38.5771217 ], [ 140.8367381, 38.5772175 ], [ 140.8372226, 38.5772884 ], [ 140.8375272, 38.5773422 ], [ 140.8377645, 38.5773917 ], [ 140.8379276, 38.5774428 ], [ 140.8382873, 38.5775659 ], [ 140.8386087, 38.577685 ], [ 140.8387508, 38.5777405 ], [ 140.839949, 38.5781695 ], [ 140.8403644, 38.5783078 ], [ 140.8408162, 38.5784681 ], [ 140.8417175, 38.5787785 ], [ 140.841995, 38.578864 ], [ 140.842343, 38.5789694 ], [ 140.8425522, 38.5790163 ], [ 140.8426441, 38.5790369 ], [ 140.8427283, 38.5790528 ], [ 140.8428663, 38.5790708 ], [ 140.8429908, 38.5790736 ], [ 140.8431294, 38.5790725 ], [ 140.8432313, 38.579068 ], [ 140.8433006, 38.579059 ], [ 140.8434362, 38.5790377 ], [ 140.8438195, 38.5789639 ], [ 140.8440919, 38.5789133 ], [ 140.8450481, 38.5786986 ], [ 140.8456186, 38.5785697 ], [ 140.8463427, 38.5784008 ], [ 140.8466795, 38.5783219 ], [ 140.8472817, 38.5782038 ], [ 140.8479126, 38.5780966 ], [ 140.8483567, 38.5780347 ], [ 140.84911, 38.5779578 ], [ 140.8500326, 38.5778506 ], [ 140.8506291, 38.5777813 ], [ 140.8514963, 38.5776688 ], [ 140.8516295, 38.5776567 ], [ 140.8519119, 38.5776183 ], [ 140.8533898, 38.5774508 ], [ 140.8539477, 38.5773816 ], [ 140.8547995, 38.5772877 ], [ 140.8554169, 38.5772071 ], [ 140.8557039, 38.5771846 ], [ 140.8568657, 38.577035 ], [ 140.8570946, 38.5770114 ], [ 140.8573881, 38.5769877 ], [ 140.8576101, 38.5769557 ], [ 140.858277, 38.5768693 ], [ 140.8589579, 38.5768076 ], [ 140.8597321, 38.5767457 ], [ 140.8600688, 38.5767288 ], [ 140.8600404, 38.5758596 ], [ 140.8600161, 38.5752849 ], [ 140.8600011, 38.5749901 ], [ 140.8599833, 38.574639 ], [ 140.8599616, 38.5744307 ], [ 140.8598825, 38.5737198 ], [ 140.8603488, 38.5736818 ], [ 140.8614741, 38.5736143 ], [ 140.8620901, 38.5735635 ], [ 140.8628861, 38.5735015 ], [ 140.8632445, 38.5734621 ], [ 140.8634164, 38.573434 ], [ 140.8634791, 38.5734178 ], [ 140.8640506, 38.5731795 ], [ 140.86448, 38.5729771 ], [ 140.8648429, 38.5727973 ], [ 140.8651582, 38.572634 ], [ 140.8655954, 38.5724312 ], [ 140.8664988, 38.5719923 ], [ 140.8666999, 38.5720073 ], [ 140.8672515, 38.5720484 ], [ 140.8674739, 38.5720677 ], [ 140.8679054, 38.572105 ], [ 140.8684328, 38.5721512 ], [ 140.868684, 38.5721701 ], [ 140.8699966, 38.5722737 ], [ 140.8700611, 38.5722848 ], [ 140.8706606, 38.5723319 ], [ 140.8708994, 38.5723523 ], [ 140.8715879, 38.5724056 ], [ 140.8719781, 38.5724431 ], [ 140.8723835, 38.572482 ], [ 140.8727706, 38.5725101 ], [ 140.8731073, 38.5725439 ], [ 140.87399, 38.5726241 ], [ 140.8746343, 38.5726734 ], [ 140.8750087, 38.5727056 ], [ 140.8752219, 38.5727239 ], [ 140.8760793, 38.5727978 ], [ 140.8773749, 38.5729061 ], [ 140.8780288, 38.572959 ], [ 140.878326, 38.5729831 ], [ 140.8790065, 38.573045 ], [ 140.879817, 38.5731125 ], [ 140.8804764, 38.5731689 ], [ 140.8806977, 38.5731924 ], [ 140.8814153, 38.5732417 ], [ 140.8818309, 38.5732811 ], [ 140.8822669, 38.5733352 ], [ 140.8826627, 38.5733825 ], [ 140.8828868, 38.5734211 ], [ 140.8830571, 38.5734503 ], [ 140.8833843, 38.5735108 ], [ 140.8838312, 38.5736037 ], [ 140.88439, 38.5737293 ], [ 140.884856, 38.5738333 ], [ 140.8850782, 38.5738727 ], [ 140.8854582, 38.5739063 ], [ 140.885803, 38.5739147 ], [ 140.8862539, 38.5739005 ], [ 140.8866739, 38.5738713 ], [ 140.8870308, 38.5738235 ], [ 140.8871441, 38.5738124 ], [ 140.8872602, 38.573801 ], [ 140.8877663, 38.5737483 ], [ 140.8885906, 38.5736413 ], [ 140.8896945, 38.5735174 ], [ 140.8900732, 38.5734711 ], [ 140.890476, 38.5734216 ], [ 140.8906142, 38.5734063 ], [ 140.8916441, 38.5732922 ], [ 140.8923391, 38.5732196 ], [ 140.8924829, 38.5732077 ], [ 140.8926359, 38.5731923 ], [ 140.8929309, 38.5732144 ], [ 140.8933475, 38.5732397 ], [ 140.8937308, 38.5732325 ], [ 140.8941851, 38.5732245 ], [ 140.8945957, 38.5731933 ], [ 140.8947711, 38.5731783 ], [ 140.895507, 38.5731075 ], [ 140.8960407, 38.573056 ], [ 140.8966277, 38.5729925 ], [ 140.8978897, 38.5728695 ], [ 140.899222, 38.5727277 ], [ 140.8999382, 38.5726555 ], [ 140.9005975, 38.5725926 ], [ 140.9019883, 38.5724559 ], [ 140.9031795, 38.5723335 ], [ 140.9041502, 38.5722382 ], [ 140.9045195, 38.5722 ], [ 140.9058791, 38.5720588 ], [ 140.9061977, 38.5720289 ], [ 140.9071485, 38.5719307 ], [ 140.9081968, 38.571846 ], [ 140.908301, 38.5718422 ], [ 140.9083743, 38.5718355 ], [ 140.9086941, 38.571806 ], [ 140.9094043, 38.5717333 ], [ 140.9100171, 38.5716709 ], [ 140.9106522, 38.5716269 ], [ 140.9109891, 38.5716194 ], [ 140.91141, 38.5716398 ], [ 140.911655, 38.5716586 ], [ 140.9138864, 38.5718179 ], [ 140.9160251, 38.5719744 ], [ 140.916255, 38.5719913 ], [ 140.9167003, 38.572024 ], [ 140.917058, 38.5720504 ], [ 140.9172928, 38.5720589 ], [ 140.9180391, 38.5720949 ], [ 140.9187142, 38.5721374 ], [ 140.9198811, 38.5722178 ], [ 140.9205813, 38.572273 ], [ 140.9209375, 38.572291 ], [ 140.9219872, 38.572363 ], [ 140.9235691, 38.5724736 ], [ 140.9239232, 38.5724798 ], [ 140.9243653, 38.5724699 ], [ 140.924817, 38.5724085 ], [ 140.9253051, 38.5722727 ], [ 140.926054, 38.5718845 ], [ 140.9265374, 38.572399 ], [ 140.9267836, 38.5725633 ], [ 140.9270752, 38.5726775 ], [ 140.9275541, 38.572761 ], [ 140.9278538, 38.5727735 ], [ 140.9280119, 38.5727778 ], [ 140.9281438, 38.5727813 ], [ 140.9284862, 38.5727906 ], [ 140.9286003, 38.5727877 ], [ 140.928876, 38.5727636 ], [ 140.9289891, 38.5727515 ], [ 140.9291805, 38.5727247 ], [ 140.9293232, 38.5727049 ], [ 140.9295797, 38.5726752 ], [ 140.9297537, 38.5726538 ], [ 140.929868, 38.5726407 ], [ 140.9299665, 38.5726246 ], [ 140.9300883, 38.5726236 ], [ 140.9301867, 38.5726282 ], [ 140.9303452, 38.5726463 ], [ 140.930453, 38.5726718 ], [ 140.9305793, 38.572713 ], [ 140.9307456, 38.5727832 ], [ 140.9308364, 38.5728413 ], [ 140.9312051, 38.5730716 ], [ 140.9312662, 38.5731098 ], [ 140.931379, 38.5731692 ], [ 140.9314781, 38.5732046 ], [ 140.9315373, 38.5732282 ], [ 140.9316729, 38.5732635 ], [ 140.931775, 38.5732803 ], [ 140.9319159, 38.5732875 ], [ 140.9320761, 38.5732882 ], [ 140.9322751, 38.57327 ], [ 140.932401, 38.5732552 ], [ 140.9325305, 38.5732371 ], [ 140.9328156, 38.573203 ], [ 140.9332153, 38.5731683 ], [ 140.9333706, 38.5731637 ], [ 140.9335217, 38.573166 ], [ 140.9339464, 38.5731969 ], [ 140.9344923, 38.5732466 ], [ 140.934845, 38.5732825 ], [ 140.9360986, 38.5733981 ], [ 140.9381073, 38.5736024 ], [ 140.9391286, 38.5736962 ], [ 140.9397868, 38.5737618 ], [ 140.940446, 38.5738287 ], [ 140.9417023, 38.5739475 ], [ 140.9430187, 38.5740721 ], [ 140.9444175, 38.5742163 ], [ 140.9453415, 38.5743353 ], [ 140.9463636, 38.5744393 ] ] } },
{ "type": "Feature", "properties": { "N12_001": "04", "N12_002": 2, "N12_003": 3, "N12_004": "一般国道457号", "N12_005": 26, "N12_006": 1 }, "geometry": { "type": "LineString", "coordinates": [ [ 140.8515773, 38.5475892 ], [ 140.8512815, 38.5469537 ], [ 140.8510234, 38.5462148 ], [ 140.8508562, 38.5453924 ], [ 140.8508865, 38.5450468 ], [ 140.8510078, 38.5448322 ], [ 140.8511596, 38.544713 ], [ 140.8524342, 38.5441884 ], [ 140.8526315, 38.5440215 ], [ 140.8527528, 38.5437116 ], [ 140.8528586, 38.5421145 ], [ 140.8531313, 38.5403624 ], [ 140.8533283, 38.5394208 ], [ 140.8534799, 38.538801 ], [ 140.8539653, 38.5380143 ], [ 140.854845, 38.5367865 ], [ 140.8591372, 38.530421 ], [ 140.8596831, 38.5294197 ], [ 140.8598195, 38.5289787 ], [ 140.8624701, 38.5175838 ], [ 140.8626824, 38.5171666 ], [ 140.863122, 38.5164752 ], [ 140.8660936, 38.5124101 ], [ 140.8674278, 38.5108722 ], [ 140.86764, 38.5105146 ], [ 140.8677157, 38.5102047 ], [ 140.8676395, 38.5095611 ], [ 140.8675176, 38.5084766 ], [ 140.8669252, 38.5067008 ], [ 140.8660599, 38.5049848 ], [ 140.8654072, 38.5040195 ], [ 140.8645119, 38.5030067 ], [ 140.8638745, 38.5020653 ], [ 140.8637378, 38.501815 ], [ 140.8629787, 38.4998129 ], [ 140.8627812, 38.4991931 ], [ 140.8629141, 38.4902064 ], [ 140.8629591, 38.4891217 ], [ 140.8630795, 38.4869287 ], [ 140.862988, 38.4855223 ], [ 140.8638057, 38.4827807 ], [ 140.8640633, 38.4824231 ], [ 140.8643361, 38.4821608 ], [ 140.8651092, 38.4816004 ], [ 140.8663522, 38.48073 ], [ 140.866822, 38.480277 ], [ 140.8670644, 38.4798359 ], [ 140.8672916, 38.4793233 ], [ 140.867352, 38.4788704 ], [ 140.8673659, 38.4761172 ], [ 140.8672895, 38.4747704 ], [ 140.8670308, 38.4728396 ], [ 140.8669395, 38.4720887 ], [ 140.8669241, 38.4715643 ], [ 140.8669996, 38.4708372 ], [ 140.8671659, 38.4700148 ], [ 140.8674839, 38.4692042 ], [ 140.8680595, 38.4680837 ], [ 140.8688168, 38.4667247 ], [ 140.8701814, 38.4647999 ], [ 140.8703834, 38.4645137 ], [ 140.8706602, 38.464136 ], [ 140.8707332, 38.4640366 ], [ 140.8707796, 38.4639733 ], [ 140.8712093, 38.4633879 ], [ 140.8715289, 38.462943 ], [ 140.8717332, 38.4627086 ], [ 140.8719381, 38.4624511 ], [ 140.8721757, 38.4621431 ], [ 140.8725419, 38.4616731 ], [ 140.8728698, 38.4613162 ], [ 140.8729393, 38.4612444 ], [ 140.8733724, 38.4608136 ], [ 140.873418, 38.4607689 ], [ 140.8737856, 38.4604126 ], [ 140.8741491, 38.4600683 ], [ 140.8745356, 38.4596849 ], [ 140.8748273, 38.4592962 ], [ 140.8748644, 38.4592471 ], [ 140.8750352, 38.4589581 ], [ 140.8750556, 38.4589236 ], [ 140.8752271, 38.4586296 ], [ 140.875377, 38.4583721 ], [ 140.8754423, 38.4582722 ], [ 140.8754942, 38.4581927 ], [ 140.8756126, 38.4579837 ], [ 140.8758169, 38.4576381 ], [ 140.8758288, 38.4576175 ], [ 140.8761225, 38.4570994 ], [ 140.8764463, 38.4566023 ], [ 140.876489, 38.4565425 ], [ 140.8766337, 38.4563598 ], [ 140.8767531, 38.456237 ], [ 140.8768273, 38.4561683 ], [ 140.8769347, 38.4560784 ], [ 140.8771338, 38.4559308 ], [ 140.8774006, 38.4557536 ], [ 140.8775114, 38.4556784 ], [ 140.8776355, 38.4555756 ], [ 140.8783672, 38.4551464 ], [ 140.8789446, 38.4547871 ], [ 140.8791197, 38.4547634 ], [ 140.8793475, 38.4547853 ] ] } },
{ "type": "Feature", "properties": { "N12_001": "04", "N12_002": 2, "N12_003": 3, "N12_004": "一般国道457号", "N12_005": 26, "N12_006": 2 }, "geometry": { "type": "LineString", "coordinates": [ [ 140.8776355, 38.4555756 ], [ 140.8775108, 38.4553826 ], [ 140.8773855, 38.4551991 ], [ 140.8773323, 38.4550216 ], [ 140.8773238, 38.4548543 ], [ 140.8773621, 38.4546701 ], [ 140.877511, 38.4541814 ], [ 140.8775664, 38.4539856 ], [ 140.8775959, 38.4538826 ], [ 140.8776105, 38.4537961 ], [ 140.8776169, 38.4537215 ], [ 140.8776072, 38.4536293 ], [ 140.8775876, 38.4535616 ], [ 140.8775254, 38.4534089 ], [ 140.8773656, 38.4530152 ], [ 140.8771006, 38.4524124 ], [ 140.8770419, 38.4522908 ], [ 140.8770197, 38.4522448 ], [ 140.8769711, 38.452141 ], [ 140.8769329, 38.4520561 ], [ 140.8765814, 38.4512373 ] ] } },
{ "type": "Feature", "properties": { "N12_001": "04", "N12_002": 2, "N12_003": 3, "N12_004": "一般国道457号", "N12_005": 26, "N12_006": 3 }, "geometry": { "type": "LineString", "coordinates": [ [ 140.6904153, 38.2860568 ], [ 140.6901984, 38.2859547 ], [ 140.689938, 38.2858541 ], [ 140.6895548, 38.2857033 ], [ 140.6893211, 38.2856412 ], [ 140.6891257, 38.2856056 ], [ 140.6889756, 38.2855786 ], [ 140.6887587, 38.2855519 ], [ 140.6885498, 38.2855386 ], [ 140.6884734, 38.2855408 ], [ 140.6883539, 38.2855561 ], [ 140.6879967, 38.2856291 ], [ 140.6877895, 38.2856741 ], [ 140.6875822, 38.2857081 ], [ 140.6874678, 38.2857186 ], [ 140.6874203, 38.2857175 ], [ 140.6873359, 38.2857153 ], [ 140.6872467, 38.2857025 ], [ 140.6870608, 38.2856686 ], [ 140.6868964, 38.2856292 ], [ 140.6868631, 38.2856147 ], [ 140.6866217, 38.2855105 ], [ 140.6865055, 38.2854565 ], [ 140.685468, 38.2849644 ], [ 140.6852322, 38.2848236 ], [ 140.6847891, 38.2844689 ], [ 140.683768, 38.2836406 ], [ 140.6836894, 38.2835617 ], [ 140.6836394, 38.2834942 ], [ 140.6835556, 38.2833293 ], [ 140.6833676, 38.2827787 ], [ 140.6833074, 38.2826362 ], [ 140.6832569, 38.2825286 ], [ 140.6831924, 38.2824 ], [ 140.6831616, 38.2823514 ], [ 140.6830749, 38.2822553 ], [ 140.6828962, 38.2821255 ], [ 140.6826749, 38.2820017 ], [ 140.6823963, 38.2818664 ], [ 140.6822125, 38.2817939 ], [ 140.6819391, 38.2817031 ], [ 140.6817604, 38.2816525 ], [ 140.6811601, 38.2815059 ], [ 140.6808888, 38.2814553 ], [ 140.6806529, 38.281382 ], [ 140.6805315, 38.2813089 ], [ 140.6803818, 38.2811736 ], [ 140.6799887, 38.280785 ], [ 140.6797746, 38.2805764 ], [ 140.6796732, 38.2804898 ], [ 140.6795887, 38.2804356 ], [ 140.6790819, 38.2802357 ], [ 140.6787173, 38.280092 ], [ 140.6786243, 38.2800581 ], [ 140.6785024, 38.2799985 ], [ 140.678417, 38.2799567 ], [ 140.6774741, 38.2794782 ], [ 140.6773739, 38.2794328 ], [ 140.6773098, 38.2793992 ], [ 140.6772732, 38.2793847 ], [ 140.6772207, 38.2793623 ], [ 140.6771808, 38.2793429 ], [ 140.6766239, 38.2790723 ], [ 140.6763739, 38.2788753 ], [ 140.6759172, 38.2784305 ], [ 140.6757311, 38.2782612 ], [ 140.6754383, 38.2779851 ], [ 140.6754097, 38.2779684 ], [ 140.6752525, 38.2778106 ], [ 140.6751739, 38.2777206 ], [ 140.6750327, 38.2775014 ], [ 140.6749096, 38.2772533 ], [ 140.6747811, 38.2770448 ], [ 140.6746239, 38.2768815 ], [ 140.6742953, 38.2766559 ], [ 140.6741385, 38.2765239 ], [ 140.6741032, 38.2764899 ], [ 140.6740455, 38.2764344 ], [ 140.6740086, 38.2763898 ], [ 140.6739942, 38.2763264 ], [ 140.673973, 38.2762536 ], [ 140.6739666, 38.2761998 ], [ 140.6739736, 38.2760306 ], [ 140.6740094, 38.2759237 ], [ 140.6742953, 38.2755292 ], [ 140.6743522, 38.2754167 ], [ 140.6743808, 38.2752929 ], [ 140.6743808, 38.275017 ], [ 140.6743814, 38.2749935 ], [ 140.6743953, 38.2744198 ], [ 140.6744167, 38.274262 ], [ 140.6744167, 38.273772 ], [ 140.674388, 38.2735862 ], [ 140.6743808, 38.2732201 ], [ 140.6744239, 38.2728481 ], [ 140.6744953, 38.2726681 ], [ 140.6746166, 38.2725104 ], [ 140.6747308, 38.2724034 ], [ 140.6748834, 38.2722927 ], [ 140.6750584, 38.2721658 ], [ 140.6750881, 38.2721443 ], [ 140.6752097, 38.2720484 ], [ 140.6752332, 38.2720114 ], [ 140.6752776, 38.2719376 ], [ 140.6752936, 38.2719068 ], [ 140.6753097, 38.2718515 ], [ 140.6753217, 38.2717562 ], [ 140.6753097, 38.2716428 ], [ 140.675217, 38.2714515 ], [ 140.6750306, 38.2711645 ], [ 140.674917, 38.2709897 ], [ 140.6748169, 38.2708597 ], [ 140.6746383, 38.2705671 ], [ 140.6745955, 38.2705107 ], [ 140.6745455, 38.2703195 ], [ 140.6745025, 38.2700209 ], [ 140.6745025, 38.2695196 ], [ 140.6745311, 38.2693393 ], [ 140.6745455, 38.2692603 ], [ 140.6745597, 38.2690801 ], [ 140.6745556, 38.2690309 ], [ 140.6745428, 38.2689382 ], [ 140.6745178, 38.2688671 ], [ 140.6744619, 38.2687204 ], [ 140.6743242, 38.2684548 ], [ 140.6741455, 38.2682071 ], [ 140.6740305, 38.2680655 ], [ 140.6737221, 38.2676772 ], [ 140.6736739, 38.2676157 ], [ 140.67363, 38.2675315 ], [ 140.6735666, 38.2673454 ], [ 140.6735525, 38.2672429 ], [ 140.6735555, 38.2671401 ], [ 140.6735666, 38.2670412 ], [ 140.673631, 38.2667203 ], [ 140.6736386, 38.2666601 ], [ 140.6736953, 38.2662072 ], [ 140.6736953, 38.2658637 ], [ 140.6736811, 38.2657454 ], [ 140.6736311, 38.2655651 ], [ 140.6734739, 38.2651882 ], [ 140.6733597, 38.2648837 ], [ 140.6732452, 38.2645121 ], [ 140.673238, 38.2643712 ], [ 140.6732669, 38.2641965 ], [ 140.6732883, 38.2639149 ], [ 140.6733027, 38.2638249 ], [ 140.6733822, 38.2628619 ], [ 140.6733964, 38.2627107 ], [ 140.67341, 38.2625802 ], [ 140.6734089, 38.2625517 ], [ 140.6733955, 38.2621871 ], [ 140.6733936, 38.262136 ], [ 140.6733741, 38.2618646 ], [ 140.6733169, 38.2617238 ], [ 140.6729756, 38.2610281 ], [ 140.6729435, 38.2609612 ], [ 140.6724231, 38.2598653 ], [ 140.6729461, 38.259734 ], [ 140.6732261, 38.2596518 ], [ 140.6735921, 38.2595303 ], [ 140.6736973, 38.2594928 ], [ 140.6741741, 38.2593074 ], [ 140.6744789, 38.2591799 ], [ 140.6747736, 38.2590257 ], [ 140.6748688, 38.2589614 ], [ 140.674949, 38.2589047 ], [ 140.6749935, 38.258877 ], [ 140.6750306, 38.2588542 ], [ 140.6751458, 38.2587835 ], [ 140.6758121, 38.2583268 ], [ 140.6761889, 38.2580685 ], [ 140.6771034, 38.2574488 ], [ 140.6772309, 38.25736 ], [ 140.6773788, 38.2572531 ], [ 140.6774117, 38.2572182 ], [ 140.6774867, 38.2570688 ], [ 140.6775587, 38.2569104 ], [ 140.6775896, 38.2568586 ], [ 140.6776204, 38.2568234 ], [ 140.677682, 38.2567674 ], [ 140.677832, 38.2566774 ], [ 140.6780179, 38.2565535 ], [ 140.6804125, 38.2551635 ], [ 140.6801254, 38.2548022 ], [ 140.6796301, 38.2541943 ], [ 140.6793145, 38.2540061 ], [ 140.6789517, 38.2540414 ], [ 140.6773784, 38.2546115 ], [ 140.6768343, 38.2545988 ], [ 140.6764112, 38.2545148 ], [ 140.675188, 38.2540006 ], [ 140.6748862, 38.2537619 ], [ 140.6747507, 38.2535233 ], [ 140.6746757, 38.2532371 ], [ 140.6746249, 38.2526731 ], [ 140.6745816, 38.2518761 ], [ 140.6745586, 38.2515716 ], [ 140.6745429, 38.2514629 ], [ 140.6745166, 38.2513112 ], [ 140.6744116, 38.2510661 ], [ 140.67429, 38.2508583 ], [ 140.6741517, 38.2505919 ], [ 140.6738484, 38.2503313 ], [ 140.6736558, 38.2501724 ], [ 140.6734907, 38.250028 ], [ 140.673449, 38.2499936 ], [ 140.6732681, 38.2498437 ], [ 140.6730234, 38.2495864 ], [ 140.6728017, 38.2493729 ], [ 140.6726507, 38.2492767 ], [ 140.672468, 38.2492003 ], [ 140.6722845, 38.24915 ], [ 140.6720739, 38.2491093 ], [ 140.6715457, 38.2490073 ], [ 140.6712248, 38.2489183 ], [ 140.6710371, 38.2488484 ], [ 140.6706438, 38.2486841 ], [ 140.6703102, 38.2485626 ], [ 140.6700463, 38.2484248 ], [ 140.6698582, 38.2482964 ], [ 140.6696395, 38.2481423 ], [ 140.6695606, 38.2480937 ], [ 140.669433, 38.2480426 ], [ 140.6692998, 38.2480022 ], [ 140.6690857, 38.2479509 ], [ 140.6685337, 38.2478223 ], [ 140.6683159, 38.2477564 ], [ 140.6681802, 38.2476991 ], [ 140.6679697, 38.2475783 ], [ 140.6677403, 38.2474572 ], [ 140.6674056, 38.2473195 ], [ 140.6671098, 38.2472157 ], [ 140.6669115, 38.2470849 ], [ 140.6668347, 38.2470008 ], [ 140.666697, 38.2467643 ], [ 140.6666, 38.2465975 ], [ 140.6665126, 38.2464955 ], [ 140.6664365, 38.2464357 ], [ 140.6662959, 38.2463548 ], [ 140.6661415, 38.2463178 ], [ 140.6660203, 38.2462783 ], [ 140.6659345, 38.2462333 ], [ 140.665585, 38.2459686 ], [ 140.6653923, 38.2458617 ], [ 140.6650535, 38.2457732 ], [ 140.6649116, 38.2457189 ], [ 140.6647194, 38.245598 ], [ 140.664631, 38.2455131 ], [ 140.6644647, 38.2453319 ], [ 140.6642506, 38.2450953 ], [ 140.6641439, 38.2450053 ], [ 140.6633206, 38.2443583 ], [ 140.6632045, 38.2442639 ], [ 140.6630925, 38.2441542 ], [ 140.6630378, 38.2440647 ], [ 140.6629808, 38.243935 ], [ 140.6627444, 38.2431902 ], [ 140.6626905, 38.2429369 ], [ 140.6626473, 38.242743 ], [ 140.6626107, 38.2426291 ], [ 140.6625552, 38.2425376 ], [ 140.6624957, 38.2424669 ], [ 140.6624159, 38.2424009 ], [ 140.6621355, 38.2422551 ], [ 140.661625, 38.2420142 ], [ 140.6614894, 38.2419803 ], [ 140.6613294, 38.2419741 ], [ 140.6612023, 38.2419803 ], [ 140.6606953, 38.241971 ], [ 140.6606092, 38.2419291 ], [ 140.6605447, 38.2418708 ], [ 140.6605191, 38.2418225 ], [ 140.6604897, 38.2416603 ], [ 140.6604691, 38.2415464 ], [ 140.6604427, 38.2414673 ], [ 140.6604148, 38.2414413 ], [ 140.6603644, 38.2414261 ], [ 140.6603194, 38.241417 ], [ 140.6600126, 38.2413921 ], [ 140.6599309, 38.2413325 ], [ 140.6598823, 38.2412488 ], [ 140.6598879, 38.2411949 ], [ 140.6600055, 38.2410845 ], [ 140.6602799, 38.240865 ], [ 140.660616, 38.2405917 ], [ 140.6606601, 38.2404687 ], [ 140.6606509, 38.2403956 ], [ 140.6606446, 38.2403557 ], [ 140.660614, 38.2402912 ], [ 140.6605665, 38.2402317 ], [ 140.660398, 38.240127 ], [ 140.6601625, 38.2400481 ], [ 140.6600055, 38.24002 ], [ 140.6597771, 38.2399859 ], [ 140.6587852, 38.2399859 ], [ 140.6583635, 38.2399931 ], [ 140.6579743, 38.2399998 ], [ 140.6574247, 38.2400039 ], [ 140.6572979, 38.240005 ], [ 140.6571749, 38.240005 ], [ 140.6570421, 38.2400262 ], [ 140.6569626, 38.2400495 ], [ 140.6566663, 38.2401642 ], [ 140.6566146, 38.2401851 ], [ 140.6563954, 38.2402825 ], [ 140.6562042, 38.2403715 ], [ 140.6557984, 38.24056 ], [ 140.6556958, 38.2406 ], [ 140.6551035, 38.2408645 ], [ 140.6549179, 38.2409039 ], [ 140.6539834, 38.2410112 ], [ 140.6538479, 38.2410337 ], [ 140.653534, 38.2410617 ], [ 140.6534698, 38.2410787 ], [ 140.6532842, 38.2410898 ], [ 140.6529131, 38.2410898 ], [ 140.6526919, 38.2410617 ], [ 140.6525206, 38.2410278 ], [ 140.6524778, 38.2410111 ], [ 140.6519711, 38.2408928 ], [ 140.6516215, 38.2408195 ], [ 140.6514431, 38.2407745 ], [ 140.651315, 38.240752 ], [ 140.6505055, 38.2405563 ], [ 140.6504606, 38.2405454 ], [ 140.6503516, 38.2405209 ], [ 140.6501019, 38.2404476 ], [ 140.65003, 38.2404166 ], [ 140.649945, 38.2403801 ], [ 140.649671, 38.2402206 ], [ 140.6496234, 38.2401945 ], [ 140.6493614, 38.240063 ], [ 140.6491456, 38.2399727 ], [ 140.6489297, 38.239908 ], [ 140.6486988, 38.2398651 ], [ 140.6481717, 38.2398776 ], [ 140.6477856, 38.2398763 ], [ 140.6474438, 38.2398962 ], [ 140.6471513, 38.2399059 ], [ 140.6467948, 38.2399531 ], [ 140.6464283, 38.2400097 ], [ 140.6461241, 38.2400782 ], [ 140.6460695, 38.2400936 ], [ 140.6457739, 38.2401944 ], [ 140.6454562, 38.2403064 ], [ 140.6452676, 38.2403622 ], [ 140.6451346, 38.2403564 ], [ 140.6446297, 38.2401945 ], [ 140.6443245, 38.2401295 ], [ 140.6440997, 38.2400984 ], [ 140.6438228, 38.2400761 ], [ 140.6434344, 38.2400811 ], [ 140.643119, 38.2401196 ], [ 140.6427845, 38.2401808 ], [ 140.6423221, 38.2402669 ], [ 140.6416965, 38.2404083 ], [ 140.6407779, 38.2406172 ], [ 140.6407503, 38.2406233 ], [ 140.6393346, 38.2409283 ], [ 140.6389855, 38.2409959 ], [ 140.6388186, 38.2410124 ], [ 140.6387145, 38.2410162 ], [ 140.6385048, 38.2409919 ], [ 140.6378563, 38.2408537 ], [ 140.6376555, 38.2408437 ], [ 140.6374546, 38.2408657 ], [ 140.636441, 38.2410793 ], [ 140.6363307, 38.2411249 ], [ 140.6362132, 38.2411966 ], [ 140.6359846, 38.2413966 ], [ 140.6357392, 38.2416098 ], [ 140.6356416, 38.2416837 ], [ 140.6356165, 38.2417027 ], [ 140.6354444, 38.2418012 ], [ 140.6353244, 38.2418491 ], [ 140.6351232, 38.2418899 ], [ 140.6349201, 38.2419085 ], [ 140.6343007, 38.2418746 ], [ 140.6338545, 38.2418591 ], [ 140.6333953, 38.2418853 ], [ 140.6333567, 38.2418875 ], [ 140.6331542, 38.2419059 ], [ 140.6324989, 38.2419651 ], [ 140.631959, 38.2420145 ], [ 140.6317005, 38.2420644 ], [ 140.6315547, 38.2421323 ], [ 140.6312508, 38.2423515 ], [ 140.6311211, 38.2424194 ], [ 140.6309776, 38.2424542 ], [ 140.6307782, 38.2424776 ], [ 140.630198, 38.2424936 ], [ 140.6300755, 38.2425103 ], [ 140.6299795, 38.2425338 ], [ 140.6298303, 38.242574 ], [ 140.6289663, 38.2428864 ], [ 140.6285753, 38.2430299 ], [ 140.6284517, 38.2430969 ], [ 140.6282207, 38.2432147 ], [ 140.6279484, 38.2433816 ], [ 140.6276459, 38.2435225 ], [ 140.6273944, 38.2435957 ], [ 140.6269461, 38.2436739 ], [ 140.6267378, 38.2436936 ], [ 140.6266791, 38.2436923 ], [ 140.6259254, 38.2436497 ], [ 140.6257604, 38.2436398 ], [ 140.6255242, 38.2436146 ], [ 140.6253657, 38.2435675 ], [ 140.6252194, 38.243478 ], [ 140.6251649, 38.2434253 ], [ 140.6250294, 38.2432203 ], [ 140.6249664, 38.243125 ], [ 140.6248915, 38.2430216 ], [ 140.6244366, 38.2421896 ], [ 140.624389, 38.2420639 ], [ 140.6243879, 38.2418699 ], [ 140.6244036, 38.2417967 ], [ 140.624436, 38.2416961 ], [ 140.6244525, 38.2416604 ], [ 140.6244819, 38.241597 ], [ 140.6246046, 38.2414474 ], [ 140.6247365, 38.24135 ], [ 140.6249251, 38.2412512 ], [ 140.6249813, 38.2412307 ], [ 140.6250616, 38.2412014 ], [ 140.6250918, 38.2411904 ], [ 140.6256726, 38.240996 ], [ 140.6261349, 38.2408324 ], [ 140.6268056, 38.2405053 ], [ 140.6274783, 38.2401211 ], [ 140.6278571, 38.2399022 ], [ 140.6280185, 38.2397822 ], [ 140.6281988, 38.2396182 ], [ 140.6282936, 38.239439 ], [ 140.6283483, 38.2393033 ], [ 140.6283617, 38.2391849 ], [ 140.6283331, 38.2390724 ], [ 140.6283046, 38.2389628 ], [ 140.6282471, 38.2388549 ], [ 140.6280945, 38.2386897 ], [ 140.62789, 38.2385545 ], [ 140.6272394, 38.2383491 ], [ 140.6268697, 38.2382452 ], [ 140.6265786, 38.2381208 ], [ 140.6257424, 38.2376063 ], [ 140.6253384, 38.237389 ], [ 140.6252025, 38.2373536 ], [ 140.6250754, 38.2373348 ], [ 140.6250338, 38.2373424 ], [ 140.624828, 38.2373797 ], [ 140.6246598, 38.2374297 ], [ 140.6242836, 38.2377301 ], [ 140.6240654, 38.237878 ], [ 140.6239661, 38.2379227 ], [ 140.6238182, 38.2379675 ], [ 140.6236741, 38.237983 ], [ 140.6234989, 38.2379644 ], [ 140.6232187, 38.2378934 ], [ 140.622868, 38.2377667 ], [ 140.6216675, 38.2373494 ], [ 140.6213343, 38.2372327 ], [ 140.6206801, 38.2370049 ], [ 140.6204463, 38.2369235 ], [ 140.6201229, 38.2367948 ], [ 140.6199098, 38.2367057 ], [ 140.6196578, 38.23658 ], [ 140.619484, 38.2364843 ], [ 140.6193135, 38.2363764 ], [ 140.6191676, 38.2362738 ], [ 140.6190445, 38.2361788 ], [ 140.6188945, 38.2360534 ], [ 140.618785, 38.2359436 ], [ 140.6186521, 38.2358005 ], [ 140.6184968, 38.2356339 ], [ 140.6183103, 38.2354038 ], [ 140.6181868, 38.235244 ], [ 140.6180874, 38.2351099 ], [ 140.6180208, 38.2349843 ], [ 140.6179827, 38.234882 ], [ 140.6179449, 38.2347057 ], [ 140.6178994, 38.2343465 ], [ 140.6178521, 38.2341149 ], [ 140.6177846, 38.2338502 ], [ 140.6177336, 38.23343 ], [ 140.6177279, 38.2333272 ], [ 140.617657, 38.2320515 ], [ 140.6176496, 38.2318103 ], [ 140.617614, 38.2315136 ], [ 140.6175078, 38.2310377 ], [ 140.6174889, 38.2308377 ], [ 140.6174675, 38.2305111 ], [ 140.6174367, 38.2302058 ], [ 140.6174192, 38.2299765 ], [ 140.6173961, 38.2296775 ], [ 140.6173803, 38.2295319 ], [ 140.6173622, 38.229411 ], [ 140.6173358, 38.2293027 ], [ 140.6173169, 38.2292247 ], [ 140.6173045, 38.2291764 ], [ 140.6172805, 38.229103 ], [ 140.6172088, 38.2289709 ], [ 140.6171085, 38.2288311 ], [ 140.616996, 38.2286898 ], [ 140.6168598, 38.2285128 ], [ 140.6166958, 38.2283049 ], [ 140.6162292, 38.2277133 ], [ 140.6160498, 38.2275211 ], [ 140.6159764, 38.2274411 ], [ 140.6159104, 38.2273726 ], [ 140.615838, 38.2273064 ], [ 140.6157481, 38.2272328 ], [ 140.6156769, 38.227183 ], [ 140.6155911, 38.2271258 ], [ 140.6155169, 38.2270853 ], [ 140.6153014, 38.2269906 ], [ 140.6150717, 38.2268827 ], [ 140.61489, 38.2267706 ], [ 140.6147594, 38.2266787 ], [ 140.6145207, 38.2264925 ], [ 140.6144086, 38.2263942 ], [ 140.6143657, 38.2263583 ], [ 140.6142851, 38.2262814 ], [ 140.6142347, 38.2262252 ], [ 140.6141846, 38.2260732 ], [ 140.6141336, 38.2258848 ], [ 140.6140752, 38.2256869 ], [ 140.6140381, 38.2255259 ], [ 140.6140394, 38.2253507 ], [ 140.6140333, 38.2250628 ], [ 140.6140383, 38.2249985 ], [ 140.614053, 38.2248106 ], [ 140.614109, 38.2245805 ], [ 140.6142049, 38.2242255 ], [ 140.6142909, 38.2238785 ], [ 140.6143561, 38.2236356 ], [ 140.6144661, 38.2232425 ], [ 140.6145475, 38.2228631 ], [ 140.6146043, 38.2225846 ], [ 140.6146406, 38.2222539 ], [ 140.6146604, 38.2217289 ], [ 140.6146881, 38.2212727 ], [ 140.614716, 38.2208988 ], [ 140.6147439, 38.2204412 ], [ 140.6148009, 38.2202343 ], [ 140.6148812, 38.2200635 ], [ 140.6150144, 38.2198175 ], [ 140.6151806, 38.2195221 ], [ 140.6153285, 38.2192696 ], [ 140.6154625, 38.2190569 ], [ 140.6155428, 38.2189683 ], [ 140.6157139, 38.2188201 ], [ 140.6159471, 38.2186551 ], [ 140.6162503, 38.2184258 ], [ 140.6166296, 38.2180489 ], [ 140.6167815, 38.2178845 ], [ 140.6171295, 38.2175078 ], [ 140.6173169, 38.2173334 ], [ 140.6178516, 38.2169203 ], [ 140.6179916, 38.2167995 ], [ 140.6180987, 38.2166785 ], [ 140.6181584, 38.2166111 ], [ 140.6182389, 38.2164807 ], [ 140.6183265, 38.2163564 ], [ 140.6184111, 38.2162205 ], [ 140.6185211, 38.21604 ], [ 140.6186849, 38.2158142 ], [ 140.6187185, 38.2157686 ], [ 140.6189637, 38.2155377 ], [ 140.6192447, 38.215335 ], [ 140.6194918, 38.2151863 ], [ 140.6202067, 38.2148334 ], [ 140.620553, 38.2146597 ], [ 140.6208638, 38.214515 ], [ 140.6212004, 38.2143509 ], [ 140.6216146, 38.2141651 ], [ 140.621807, 38.2140782 ], [ 140.6220004, 38.2140111 ], [ 140.6223492, 38.2139221 ], [ 140.6228306, 38.2138705 ], [ 140.6230513, 38.2138342 ], [ 140.6232242, 38.2137919 ], [ 140.6239742, 38.2135156 ], [ 140.6243718, 38.2133695 ], [ 140.6248106, 38.213213 ], [ 140.6250294, 38.2131327 ], [ 140.625097, 38.2131079 ], [ 140.6254431, 38.2129698 ], [ 140.6256544, 38.2128217 ], [ 140.6257924, 38.2125898 ], [ 140.626136, 38.2119025 ], [ 140.626233, 38.2117153 ], [ 140.6263079, 38.2116175 ], [ 140.6263813, 38.2115189 ], [ 140.6265365, 38.211403 ], [ 140.6266628, 38.2113269 ], [ 140.6268394, 38.2112594 ], [ 140.6270707, 38.2112159 ], [ 140.6272381, 38.2112123 ], [ 140.6273995, 38.2112302 ], [ 140.6275949, 38.2112794 ], [ 140.6286515, 38.2116936 ], [ 140.6288413, 38.2117267 ], [ 140.6289382, 38.2117262 ], [ 140.6290282, 38.211702 ], [ 140.629122, 38.2116383 ], [ 140.6291718, 38.2115713 ], [ 140.6291983, 38.2114947 ], [ 140.629193, 38.2114248 ], [ 140.6289174, 38.2105042 ], [ 140.628772, 38.2099387 ], [ 140.6287661, 38.2098927 ], [ 140.6287725, 38.2097771 ], [ 140.6287948, 38.2096788 ], [ 140.6288465, 38.209554 ], [ 140.6289196, 38.2094635 ], [ 140.6289583, 38.2094303 ], [ 140.6290381, 38.2093764 ], [ 140.6292554, 38.2093409 ], [ 140.6303402, 38.2093871 ], [ 140.6306184, 38.2093317 ], [ 140.6307657, 38.2092752 ], [ 140.630964, 38.2091843 ], [ 140.6311116, 38.2090885 ], [ 140.631275, 38.2089427 ], [ 140.6316398, 38.2086116 ], [ 140.6318133, 38.2084614 ], [ 140.6320033, 38.2083273 ], [ 140.6320652, 38.2082835 ], [ 140.6322807, 38.2081861 ], [ 140.632442, 38.2081397 ], [ 140.6326878, 38.2080821 ], [ 140.6328941, 38.2080286 ], [ 140.6330847, 38.207984 ], [ 140.6333359, 38.2079223 ], [ 140.6335729, 38.2078277 ], [ 140.633786, 38.2076902 ], [ 140.6341765, 38.2073596 ], [ 140.6354171, 38.2063093 ], [ 140.6355886, 38.2061823 ], [ 140.6357101, 38.2061025 ], [ 140.6360174, 38.2059972 ], [ 140.6365454, 38.2058907 ], [ 140.636604, 38.2058845 ], [ 140.6370722, 38.2058522 ], [ 140.6371291, 38.2058467 ], [ 140.6379101, 38.2057417 ], [ 140.6387983, 38.2055735 ], [ 140.6388373, 38.2055697 ], [ 140.6392373, 38.2055164 ], [ 140.6395942, 38.2054378 ], [ 140.6400862, 38.2053814 ], [ 140.640757, 38.2053589 ], [ 140.6414878, 38.2053162 ], [ 140.6427978, 38.2052395 ], [ 140.6428556, 38.2052355 ], [ 140.6430806, 38.2052154 ], [ 140.6431884, 38.2052035 ], [ 140.643318, 38.205175 ], [ 140.6434541, 38.20511 ], [ 140.6435465, 38.2050487 ], [ 140.6436797, 38.2049496 ], [ 140.6437205, 38.2049152 ], [ 140.6440107, 38.2046606 ], [ 140.6441532, 38.2045534 ], [ 140.6448192, 38.2041388 ], [ 140.6460519, 38.2033761 ], [ 140.646475, 38.2031047 ], [ 140.6466606, 38.2029668 ], [ 140.6468214, 38.2028323 ], [ 140.6469504, 38.2027144 ], [ 140.647294, 38.2024141 ], [ 140.6474941, 38.2022802 ], [ 140.6477799, 38.2021357 ], [ 140.6481972, 38.2020049 ], [ 140.6488123, 38.2018145 ], [ 140.6494387, 38.2015933 ], [ 140.65003, 38.2013573 ], [ 140.6504608, 38.2011853 ], [ 140.6512079, 38.200836 ], [ 140.6520827, 38.2004351 ], [ 140.6525319, 38.2002351 ], [ 140.6525828, 38.2002144 ], [ 140.6528364, 38.2001198 ], [ 140.6529324, 38.2000689 ], [ 140.653054, 38.2000039 ], [ 140.6531105, 38.1999725 ], [ 140.6531578, 38.1999462 ], [ 140.653372, 38.1997717 ], [ 140.6535003, 38.1996478 ], [ 140.6537218, 38.1994511 ], [ 140.653764, 38.1994166 ], [ 140.6540712, 38.1991692 ], [ 140.6544996, 38.1989042 ], [ 140.6549564, 38.1986508 ], [ 140.6554343, 38.1983637 ], [ 140.6555626, 38.1982623 ], [ 140.6556481, 38.1981609 ], [ 140.6558123, 38.1979187 ], [ 140.6560479, 38.1975862 ], [ 140.6561406, 38.1974398 ], [ 140.6561783, 38.1973636 ], [ 140.6562687, 38.1971952 ], [ 140.6562609, 38.1971836 ], [ 140.6561831, 38.1971345 ], [ 140.6561337, 38.197109 ], [ 140.6558721, 38.1969531 ], [ 140.6549434, 38.1963862 ], [ 140.6547344, 38.1962515 ], [ 140.6545939, 38.1961376 ], [ 140.6543927, 38.1959833 ], [ 140.6541276, 38.1957932 ], [ 140.6540003, 38.1957104 ], [ 140.6533028, 38.1953413 ], [ 140.6530219, 38.195168 ], [ 140.6525875, 38.1948595 ], [ 140.6525563, 38.1948294 ], [ 140.6524904, 38.1947706 ], [ 140.652366, 38.1946231 ], [ 140.652337, 38.19451 ], [ 140.6523418, 38.1944154 ], [ 140.65245, 38.1939913 ], [ 140.6524693, 38.193869 ], [ 140.6524365, 38.1937225 ], [ 140.6523614, 38.1936031 ], [ 140.6521228, 38.1932944 ], [ 140.6519684, 38.1931042 ], [ 140.6518358, 38.1929611 ], [ 140.6517996, 38.1929261 ], [ 140.6516625, 38.1928126 ], [ 140.6511404, 38.1925537 ], [ 140.6509965, 38.1924826 ], [ 140.6506131, 38.192268 ], [ 140.6503381, 38.1921051 ], [ 140.6501443, 38.1919407 ], [ 140.6500299, 38.1918304 ], [ 140.6498949, 38.1917002 ], [ 140.6498346, 38.1916421 ], [ 140.6493884, 38.1911987 ], [ 140.649124, 38.190932 ], [ 140.6489211, 38.1907451 ], [ 140.6484485, 38.1903147 ], [ 140.6481847, 38.1901179 ], [ 140.6478887, 38.1898814 ], [ 140.6464953, 38.188426 ], [ 140.6448562, 38.1868742 ], [ 140.6439566, 38.1860321 ], [ 140.6435121, 38.1856161 ], [ 140.6430235, 38.1851587 ], [ 140.6429421, 38.1850779 ], [ 140.6425943, 38.1846669 ] ] } },
{ "type": "Feature", "properties": { "N12_001": "04", "N12_002": 2, "N12_003": 4, "N12_004": "宮城県道　仙台松島線", "N12_005": 27, "N12_006": 1 }, "geometry": { "type": "LineString", "coordinates": [ [ 141.0573247, 38.3978066 ], [ 141.0565468, 38.3984232 ], [ 141.0558459, 38.3990539 ], [ 141.0546624, 38.4003338 ], [ 141.0541892, 38.4007908 ], [ 141.0538628, 38.4010179 ], [ 141.0535299, 38.401152 ], [ 141.0532706, 38.4012145 ], [ 141.0519259, 38.4012933 ], [ 141.049285, 38.4014889 ], [ 141.048558, 38.4015188 ], [ 141.0474389, 38.4014091 ], [ 141.0472013, 38.40136 ], [ 141.0469757, 38.4012803 ], [ 141.0466918, 38.401174 ], [ 141.046102, 38.4008681 ], [ 141.0458545, 38.4007694 ], [ 141.044883, 38.4005547 ], [ 141.0446106, 38.400641 ], [ 141.0435203, 38.4007145 ], [ 141.0419331, 38.4007554 ], [ 141.0411396, 38.4008222 ] ] } },
{ "type": "Feature", "properties": { "N12_001": "04", "N12_002": 2, "N12_003": 4, "N12_004": "宮城県道　白石上山線", "N12_005": 28, "N12_006": 1 }, "geometry": { "type": "LineString", "coordinates": [ [ 140.6584928, 38.0972723 ], [ 140.6592923, 38.0969064 ], [ 140.6598844, 38.0966503 ], [ 140.6600858, 38.0964368 ], [ 140.6601285, 38.0961197 ], [ 140.6600169, 38.0952373 ], [ 140.6598596, 38.0934437 ], [ 140.6598405, 38.0932897 ], [ 140.6598173, 38.0931807 ], [ 140.6597784, 38.093114 ], [ 140.6593581, 38.0924718 ], [ 140.6592334, 38.0922899 ], [ 140.6588, 38.0916616 ], [ 140.6587042, 38.0915226 ], [ 140.6586622, 38.0914635 ], [ 140.6583634, 38.0910324 ], [ 140.6582899, 38.0909264 ], [ 140.658257, 38.0908671 ], [ 140.6576178, 38.0899091 ], [ 140.6573049, 38.0894157 ], [ 140.6572246, 38.0892779 ], [ 140.6569064, 38.0887147 ], [ 140.6566711, 38.0883033 ], [ 140.6564151, 38.0878362 ], [ 140.6561639, 38.0873791 ], [ 140.6560103, 38.0871116 ], [ 140.6559017, 38.0868841 ], [ 140.6558689, 38.0867546 ], [ 140.6558592, 38.0865986 ], [ 140.6558689, 38.0863094 ], [ 140.6558875, 38.086174 ], [ 140.6559015, 38.0860774 ], [ 140.6559889, 38.0855938 ], [ 140.6561611, 38.084536 ], [ 140.6562995, 38.0838421 ], [ 140.656307, 38.0838042 ], [ 140.6564044, 38.0833283 ], [ 140.6564655, 38.0830294 ], [ 140.6566939, 38.0821411 ], [ 140.6569217, 38.0812792 ], [ 140.6570501, 38.0807328 ], [ 140.6570854, 38.0805471 ], [ 140.6572067, 38.0797684 ], [ 140.6574535, 38.0782749 ], [ 140.6574792, 38.0781192 ], [ 140.6575415, 38.0777475 ], [ 140.6576085, 38.0774213 ], [ 140.6576665, 38.0771383 ], [ 140.6578048, 38.0766433 ], [ 140.6582036, 38.0754948 ], [ 140.6582827, 38.0752563 ], [ 140.6583694, 38.0749945 ], [ 140.6584315, 38.0748073 ], [ 140.6585454, 38.0744353 ], [ 140.6586697, 38.0740228 ], [ 140.6587345, 38.0737898 ], [ 140.6587804, 38.0736242 ], [ 140.6590368, 38.07274 ], [ 140.6591721, 38.0721281 ], [ 140.659256, 38.0717112 ], [ 140.6593057, 38.0714674 ], [ 140.6593142, 38.0714222 ], [ 140.6593678, 38.0710799 ], [ 140.6594143, 38.0707853 ], [ 140.6595246, 38.0699162 ], [ 140.6595569, 38.0694715 ], [ 140.6595628, 38.0693872 ], [ 140.6595704, 38.0692774 ], [ 140.6595794, 38.0691469 ], [ 140.6595993, 38.0688589 ], [ 140.6596207, 38.0684478 ], [ 140.6595996, 38.0677042 ], [ 140.6595854, 38.0675126 ], [ 140.6595368, 38.0671395 ], [ 140.6594815, 38.0666617 ], [ 140.6594743, 38.0665998 ], [ 140.6594351, 38.0663653 ], [ 140.6592862, 38.0655467 ], [ 140.6591796, 38.065192 ], [ 140.6590798, 38.0648765 ], [ 140.6589017, 38.0643579 ], [ 140.6586964, 38.0636538 ], [ 140.6586826, 38.0636101 ], [ 140.6583682, 38.062682 ], [ 140.6583583, 38.0626502 ], [ 140.6583054, 38.0624718 ], [ 140.6580734, 38.0617443 ], [ 140.6578667, 38.0609949 ], [ 140.6578431, 38.0609063 ], [ 140.657678, 38.0602636 ], [ 140.6572601, 38.0585871 ], [ 140.6571901, 38.0583285 ], [ 140.6570831, 38.0579354 ], [ 140.6569589, 38.0575032 ], [ 140.656784, 38.0569043 ], [ 140.6566297, 38.0563854 ], [ 140.6566165, 38.0563417 ], [ 140.6564137, 38.0556742 ], [ 140.6564007, 38.0556297 ], [ 140.656162, 38.0547938 ], [ 140.6560695, 38.0544332 ], [ 140.6558559, 38.0536602 ], [ 140.6557946, 38.0535113 ], [ 140.6555731, 38.0529682 ], [ 140.6554108, 38.0526595 ], [ 140.6551333, 38.0522098 ], [ 140.6550017, 38.051938 ], [ 140.6547881, 38.0516113 ], [ 140.6545768, 38.0513088 ], [ 140.6545481, 38.0512672 ], [ 140.6544192, 38.0510696 ], [ 140.6537436, 38.0499952 ], [ 140.6532933, 38.0492791 ], [ 140.6529943, 38.0487889 ], [ 140.6528986, 38.0486144 ], [ 140.6528439, 38.0484876 ], [ 140.6528268, 38.0484522 ], [ 140.652733, 38.0482127 ], [ 140.6526764, 38.0480377 ], [ 140.6526316, 38.0478669 ], [ 140.6525961, 38.04755 ], [ 140.6525867, 38.0474273 ], [ 140.6525832, 38.0473819 ], [ 140.6525503, 38.0469454 ], [ 140.6525098, 38.0466417 ], [ 140.6524788, 38.0463952 ], [ 140.6523111, 38.0451006 ], [ 140.6522399, 38.0444463 ], [ 140.6521787, 38.0439717 ], [ 140.6521727, 38.043927 ], [ 140.6521434, 38.043713 ], [ 140.6521366, 38.0436684 ], [ 140.6521121, 38.0435225 ], [ 140.6520694, 38.0433536 ], [ 140.6520124, 38.0432691 ], [ 140.6518558, 38.043083 ], [ 140.6513673, 38.0426181 ], [ 140.6512065, 38.0424648 ], [ 140.6510542, 38.0422667 ], [ 140.6514442, 38.0420437 ] ] } },
{ "type": "Feature", "properties": { "N12_001": "04", "N12_002": 2, "N12_003": 4, "N12_004": "宮城県道　亘理大河原川崎線", "N12_005": 29, "N12_006": 1 }, "geometry": { "type": "LineString", "coordinates": [ [ 140.6438056, 38.1759711 ], [ 140.6436125, 38.1755998 ], [ 140.6432842, 38.1756728 ], [ 140.6428274, 38.1757801 ], [ 140.6425508, 38.1758528 ], [ 140.6424959, 38.1758659 ], [ 140.6421425, 38.1759431 ], [ 140.6416964, 38.1760621 ], [ 140.6414254, 38.1761344 ], [ 140.641371, 38.1761482 ], [ 140.6397341, 38.1765423 ], [ 140.6391404, 38.1766799 ], [ 140.6390855, 38.1766931 ], [ 140.6381858, 38.1769152 ], [ 140.6371482, 38.1771951 ], [ 140.6367479, 38.177306 ], [ 140.636556, 38.1773703 ], [ 140.6363259, 38.1774941 ], [ 140.636199, 38.1775764 ], [ 140.6360671, 38.1776863 ], [ 140.6358027, 38.1778426 ], [ 140.6355893, 38.1779732 ], [ 140.6355402, 38.1779989 ], [ 140.6352573, 38.1781398 ], [ 140.6346792, 38.178365 ], [ 140.6340809, 38.1786124 ], [ 140.6334525, 38.1788663 ], [ 140.6333858, 38.178894 ], [ 140.6331951, 38.1789731 ], [ 140.631975, 38.1794575 ], [ 140.6319109, 38.1794914 ], [ 140.6301127, 38.1802123 ], [ 140.629235, 38.1805617 ], [ 140.6287644, 38.1807587 ], [ 140.6284866, 38.1808939 ], [ 140.6280024, 38.1810763 ], [ 140.6278976, 38.1811158 ], [ 140.6272158, 38.1813725 ] ] } },
{ "type": "Feature", "properties": { "N12_001": "04", "N12_002": 2, "N12_003": 4, "N12_004": "宮城県道　白石柴田線", "N12_005": 30, "N12_006": 1 }, "geometry": { "type": "LineString", "coordinates": [ [ 140.7716207, 38.0578116 ], [ 140.7715031, 38.0577891 ], [ 140.7713725, 38.0577642 ], [ 140.7704329, 38.0576061 ], [ 140.7701109, 38.0575467 ], [ 140.7696907, 38.0574803 ], [ 140.7694598, 38.0574359 ], [ 140.7693454, 38.0574259 ], [ 140.7689306, 38.0574259 ], [ 140.7681409, 38.057437 ], [ 140.7680057, 38.0574383 ], [ 140.7653968, 38.0574639 ] ] } },
{ "type": "Feature", "properties": { "N12_001": "04", "N12_002": 2, "N12_003": 4, "N12_004": "宮城県道　塩釜七ヶ浜多賀城線", "N12_005": 31, "N12_006": 1 }, "geometry": { "type": "LineString", "coordinates": [ [ 141.0078424, 38.2879606 ], [ 141.0081065, 38.2879959 ], [ 141.0083866, 38.2881554 ], [ 141.0091962, 38.2886165 ], [ 141.0094747, 38.288763 ], [ 141.009636, 38.2888606 ], [ 141.0098201, 38.2889719 ], [ 141.0103604, 38.2892982 ], [ 141.0105536, 38.2894052 ], [ 141.0110942, 38.289718 ], [ 141.0115695, 38.2899833 ], [ 141.0119366, 38.2901916 ], [ 141.0124395, 38.2904754 ], [ 141.0126395, 38.2905938 ], [ 141.012875, 38.2907232 ], [ 141.0135203, 38.2911083 ], [ 141.0136421, 38.2911816 ], [ 141.0137706, 38.2912716 ], [ 141.0140105, 38.2914089 ], [ 141.0143171, 38.2916085 ], [ 141.0143684, 38.291632 ], [ 141.0145206, 38.2917394 ], [ 141.0146206, 38.2918294 ], [ 141.0148137, 38.2920491 ], [ 141.0152723, 38.292543 ], [ 141.0194119, 38.2928697 ], [ 141.0198294, 38.2928833 ], [ 141.0201922, 38.2928446 ], [ 141.0205369, 38.2927773 ], [ 141.0211171, 38.2925857 ], [ 141.0234139, 38.2918287 ], [ 141.0240182, 38.2915607 ], [ 141.025468, 38.2908098 ], [ 141.0257457, 38.2905853 ], [ 141.025942, 38.2902484 ] ] } },
{ "type": "Feature", "properties": { "N12_001": "04", "N12_002": 2, "N12_003": 4, "N12_004": "宮城県道　塩釜七ヶ浜多賀城線", "N12_005": 31, "N12_006": 2 }, "geometry": { "type": "LineString", "coordinates": [ [ 141.0167472, 38.3026289 ], [ 141.0176131, 38.302649 ], [ 141.0192293, 38.3026599 ], [ 141.0198254, 38.3026995 ], [ 141.0212101, 38.3029778 ], [ 141.0218547, 38.3030816 ], [ 141.0229159, 38.3032101 ], [ 141.0245152, 38.3033451 ], [ 141.0247224, 38.3033463 ], [ 141.0250411, 38.3033482 ], [ 141.0253955, 38.3033502 ], [ 141.0278644, 38.3033085 ], [ 141.0293879, 38.3030733 ], [ 141.0332734, 38.302374 ], [ 141.0336825, 38.3023415 ], [ 141.0353607, 38.3024515 ], [ 141.0356067, 38.30247 ], [ 141.0358959, 38.3024986 ], [ 141.0360425, 38.3025029 ], [ 141.0361125, 38.3025051 ], [ 141.0365391, 38.3025125 ], [ 141.0370118, 38.3025125 ], [ 141.0373269, 38.302505 ], [ 141.0376377, 38.3024751 ], [ 141.0378185, 38.3024512 ], [ 141.038297, 38.3018954 ], [ 141.0384398, 38.3018054 ], [ 141.0385756, 38.3017379 ], [ 141.0389328, 38.3015296 ], [ 141.0392042, 38.3012816 ], [ 141.03927, 38.3012052 ], [ 141.0393256, 38.3011407 ], [ 141.0394401, 38.3009829 ], [ 141.0395988, 38.3008699 ], [ 141.0396413, 38.3008331 ], [ 141.0398263, 38.3006116 ], [ 141.0401049, 38.3004708 ], [ 141.0402266, 38.3004424 ], [ 141.0405836, 38.3003694 ], [ 141.0410865, 38.3002691 ], [ 141.0411485, 38.3002568 ], [ 141.041398, 38.3002063 ], [ 141.0416789, 38.3001559 ], [ 141.0417387, 38.3001434 ], [ 141.0419836, 38.3000821 ], [ 141.0420767, 38.300071 ], [ 141.0423718, 38.3000506 ], [ 141.0426161, 38.300155 ], [ 141.0427131, 38.300206 ], [ 141.0430203, 38.3003694 ], [ 141.0432753, 38.3004441 ], [ 141.0436887, 38.3005538 ], [ 141.0439921, 38.3005946 ], [ 141.0440562, 38.3005946 ], [ 141.0442493, 38.300623 ], [ 141.0445059, 38.300651 ], [ 141.0446704, 38.3006229 ], [ 141.044949, 38.3004877 ], [ 141.0453204, 38.3003579 ], [ 141.0456031, 38.3002665 ], [ 141.0459245, 38.3002609 ], [ 141.0461176, 38.3003173 ], [ 141.0464604, 38.3004526 ], [ 141.0465534, 38.3004637 ], [ 141.0469821, 38.3005315 ], [ 141.0473532, 38.3005481 ], [ 141.0477104, 38.3005876 ], [ 141.0479176, 38.3006384 ], [ 141.0481126, 38.3007084 ], [ 141.0481676, 38.3007284 ], [ 141.0484248, 38.3008581 ], [ 141.0486749, 38.301027 ], [ 141.048789, 38.3011173 ], [ 141.0490321, 38.3012917 ], [ 141.0493535, 38.3014664 ], [ 141.0494995, 38.3015241 ], [ 141.0495615, 38.3015486 ], [ 141.049639, 38.3015792 ], [ 141.0499035, 38.3016581 ], [ 141.0500785, 38.3016885 ], [ 141.0503557, 38.3018203 ], [ 141.0505557, 38.3018203 ], [ 141.0508271, 38.3017922 ], [ 141.050963, 38.3017583 ], [ 141.0512806, 38.3016525 ], [ 141.0513876, 38.3016581 ], [ 141.0515701, 38.3016853 ], [ 141.0517306, 38.3017144 ], [ 141.0518448, 38.3017369 ], [ 141.0519807, 38.3017764 ], [ 141.0521948, 38.3018439 ], [ 141.0523234, 38.3018722 ], [ 141.0528448, 38.302013 ], [ 141.0530876, 38.3020694 ], [ 141.0533517, 38.3020787 ], [ 141.0535322, 38.3020665 ], [ 141.0537415, 38.3019986 ], [ 141.0539377, 38.3019287 ], [ 141.0541593, 38.3018552 ], [ 141.0543593, 38.3017988 ], [ 141.0546237, 38.3017819 ], [ 141.0549096, 38.3017708 ], [ 141.055088, 38.3017483 ], [ 141.0552307, 38.3017144 ], [ 141.0552879, 38.3016864 ], [ 141.0555131, 38.30152 ], [ 141.0558799, 38.3015393 ], [ 141.0560085, 38.3014887 ], [ 141.0563944, 38.3012856 ], [ 141.0567944, 38.3010212 ], [ 141.0568946, 38.3009818 ], [ 141.0571516, 38.3009423 ], [ 141.0574066, 38.3009409 ], [ 141.0575233, 38.3009481 ], [ 141.057616, 38.3009931 ], [ 141.0577089, 38.3010551 ], [ 141.0577536, 38.301094 ], [ 141.0578339, 38.3012273 ], [ 141.0578519, 38.3012704 ], [ 141.0579161, 38.3014777 ], [ 141.0580302, 38.3017312 ], [ 141.0581302, 38.3019336 ], [ 141.0582588, 38.3021195 ], [ 141.0583752, 38.3022589 ], [ 141.0584516, 38.3023504 ], [ 141.0587375, 38.3025815 ], [ 141.0590019, 38.3027842 ], [ 141.0590739, 38.3028615 ], [ 141.0591212, 38.3029263 ], [ 141.0591721, 38.302983 ], [ 141.0591782, 38.3031031 ], [ 141.0591757, 38.3032073 ], [ 141.0591912, 38.3033045 ], [ 141.0592454, 38.3035255 ], [ 141.0592955, 38.3036381 ], [ 141.0593414, 38.3037548 ], [ 141.0594582, 38.3039772 ], [ 141.0595368, 38.30409 ], [ 141.0596082, 38.3042419 ], [ 141.0597441, 38.3043886 ], [ 141.059801, 38.3044336 ], [ 141.0601192, 38.3047226 ] ] } },
{ "type": "Feature", "properties": { "N12_001": "04", "N12_002": 2, "N12_003": 6, "N12_004": "宮城県道　角田柴田線", "N12_005": 32, "N12_006": 1 }, "geometry": { "type": "LineString", "coordinates": [ [ 140.780606, 38.0474241 ], [ 140.7832509, 38.0502194 ], [ 140.7835036, 38.0505155 ], [ 140.7835733, 38.0506548 ], [ 140.7835733, 38.050916 ], [ 140.7835995, 38.0554181 ], [ 140.7835908, 38.0582744 ], [ 140.7835733, 38.0588491 ], [ 140.7834077, 38.0605733 ], [ 140.7833626, 38.061059 ], [ 140.782985, 38.0639674 ], [ 140.7829515, 38.0643845 ], [ 140.7829483, 38.0646587 ], [ 140.7829601, 38.0649829 ], [ 140.78302, 38.0655932 ], [ 140.7830379, 38.0658721 ], [ 140.7829955, 38.0662178 ], [ 140.7829018, 38.06648 ], [ 140.7827811, 38.0666969 ], [ 140.782364, 38.0672576 ] ] } },
{ "type": "Feature", "properties": { "N12_001": "04", "N12_002": 2, "N12_003": 6, "N12_004": "宮城県道　船岡停車場船迫線", "N12_005": 33, "N12_006": 1 }, "geometry": { "type": "LineString", "coordinates": [ [ 140.7697451, 38.0666167 ], [ 140.7694678, 38.0659175 ], [ 140.7693465, 38.0655054 ], [ 140.7693586, 38.0652024 ], [ 140.7694314, 38.0648873 ], [ 140.7697468, 38.0643177 ], [ 140.770802, 38.0624876 ], [ 140.7712265, 38.0616755 ], [ 140.7714691, 38.061118 ], [ 140.7715964, 38.0605969 ], [ 140.7716692, 38.0600394 ], [ 140.7716207, 38.0578116 ] ] } },
{ "type": "Feature", "properties": { "N12_001": "04", "N12_002": 1, "N12_003": 6, "N12_004": "宮城県道　岩沼海浜緑地線", "N12_005": 34, "N12_006": 1 }, "geometry": { "type": "LineString", "coordinates": [ [ 140.9223134, 38.1018159 ], [ 140.9199624, 38.1023024 ], [ 140.9150654, 38.1041727 ], [ 140.9142374, 38.1044439 ], [ 140.9135378, 38.1045867 ], [ 140.9119103, 38.1047866 ], [ 140.9041159, 38.1060433 ], [ 140.8949216, 38.1073139 ], [ 140.8886581, 38.108388 ], [ 140.8838836, 38.1092908 ], [ 140.8821885, 38.1094844 ], [ 140.8819012, 38.1095052 ], [ 140.8816528, 38.1095232 ], [ 140.8810714, 38.109565 ], [ 140.8804661, 38.1095996 ], [ 140.8787259, 38.1097009 ], [ 140.8785539, 38.1097109 ], [ 140.8770108, 38.1098262 ], [ 140.8768521, 38.109838 ], [ 140.876096, 38.1098927 ], [ 140.876039, 38.1098968 ], [ 140.875683, 38.1099209 ], [ 140.8750853, 38.110209 ], [ 140.8748371, 38.1103593 ] ] } },
{ "type": "Feature", "properties": { "N12_001": "04", "N12_002": 2, "N12_003": 6, "N12_004": "宮城県道　小野田三本木線", "N12_005": 35, "N12_006": 1 }, "geometry": { "type": "LineString", "coordinates": [ [ 140.8515773, 38.5475892 ], [ 140.8512703, 38.5476876 ], [ 140.8507417, 38.5478235 ], [ 140.850276, 38.5479038 ], [ 140.850038, 38.5479382 ], [ 140.8497849, 38.547959 ], [ 140.8494157, 38.5479847 ], [ 140.8492281, 38.5479778 ] ] } },
{ "type": "Feature", "properties": { "N12_001": "04", "N12_002": 2, "N12_003": 6, "N12_004": "宮城県道　涌谷田尻線", "N12_005": 36, "N12_006": 1 }, "geometry": { "type": "LineString", "coordinates": [ [ 141.1313155, 38.5305656 ], [ 141.1312261, 38.5310651 ], [ 141.131133, 38.5314987 ], [ 141.1309824, 38.5322929 ], [ 141.1308963, 38.5326756 ], [ 141.1308849, 38.5327433 ], [ 141.1308174, 38.5331431 ], [ 141.1307966, 38.5333209 ], [ 141.130707, 38.5340862 ], [ 141.1307018, 38.5341329 ], [ 141.1306741, 38.5344331 ], [ 141.1305738, 38.5353342 ], [ 141.1305597, 38.5356786 ], [ 141.130563, 38.535725 ], [ 141.1305738, 38.5358298 ], [ 141.1306023, 38.5358975 ], [ 141.1307409, 38.5361202 ], [ 141.1307701, 38.5361597 ], [ 141.1308082, 38.5362073 ], [ 141.1310993, 38.5364398 ], [ 141.1313857, 38.5367681 ], [ 141.131504, 38.5370303 ], [ 141.1315501, 38.5372973 ], [ 141.1315549, 38.5373433 ], [ 141.1315493, 38.5374926 ], [ 141.1315429, 38.5375373 ], [ 141.1315268, 38.5376042 ], [ 141.1315116, 38.53764 ], [ 141.1314121, 38.5378956 ], [ 141.1312616, 38.538281 ], [ 141.1311254, 38.5386068 ], [ 141.1311182, 38.5386517 ], [ 141.1310682, 38.53877 ], [ 141.1307884, 38.5394967 ], [ 141.1305879, 38.54002 ], [ 141.1305376, 38.5401159 ], [ 141.1304946, 38.5402342 ] ] } },
{ "type": "Feature", "properties": { "N12_001": "04", "N12_002": 2, "N12_003": 6, "N12_004": "宮城県道　南蔵王白石線", "N12_005": 37, "N12_006": 1 }, "geometry": { "type": "LineString", "coordinates": [ [ 140.6122341, 38.0107693 ], [ 140.6117986, 38.0108934 ], [ 140.6117192, 38.0109161 ], [ 140.6116889, 38.0109239 ], [ 140.6111786, 38.0110565 ], [ 140.611138, 38.0110506 ], [ 140.6110697, 38.0110484 ], [ 140.6109827, 38.0110345 ], [ 140.6109014, 38.0110115 ], [ 140.6108317, 38.0109796 ], [ 140.6108049, 38.0109641 ], [ 140.6107395, 38.0109218 ], [ 140.6107052, 38.0108967 ], [ 140.6105952, 38.0108126 ], [ 140.6101752, 38.0104465 ], [ 140.6100116, 38.0103226 ], [ 140.6099258, 38.010272 ], [ 140.6098358, 38.0102273 ], [ 140.609741, 38.0101873 ], [ 140.60966, 38.0101687 ], [ 140.6095946, 38.0101562 ], [ 140.6094978, 38.0101502 ], [ 140.6093139, 38.0101648 ], [ 140.6090502, 38.0102043 ], [ 140.6089268, 38.010232 ], [ 140.6088155, 38.0102662 ], [ 140.608784, 38.0102809 ], [ 140.6087111, 38.010317 ], [ 140.6086669, 38.0103409 ], [ 140.6085913, 38.0104076 ], [ 140.6085235, 38.0104915 ], [ 140.6084796, 38.0105684 ], [ 140.6084452, 38.0106437 ], [ 140.6084099, 38.0107304 ], [ 140.6083866, 38.0108268 ], [ 140.6083663, 38.0109406 ], [ 140.6083527, 38.0110604 ], [ 140.608346, 38.0111643 ], [ 140.6083505, 38.0117507 ], [ 140.6083455, 38.011984 ], [ 140.6083464, 38.0125049 ], [ 140.6083682, 38.0126663 ] ] } },
{ "type": "Feature", "properties": { "N12_001": "04", "N12_002": 2, "N12_003": 7, "N12_004": "仙台市道　銀杏町5号線", "N12_005": 38, "N12_006": 1 }, "geometry": { "type": "LineString", "coordinates": [ [ 140.9126904, 38.2615326 ], [ 140.9120862, 38.2615956 ], [ 140.9108219, 38.2618394 ], [ 140.9103006, 38.2619502 ], [ 140.9092249, 38.2621164 ] ] } },
{ "type": "Feature", "properties": { "N12_001": "04", "N12_002": 2, "N12_003": 7, "N12_004": "仙台市道　元寺小路福室（その1）線", "N12_005": 39, "N12_006": 1 }, "geometry": { "type": "LineString", "coordinates": [ [ 140.9126904, 38.2615326 ], [ 140.9154719, 38.2611811 ], [ 140.9167358, 38.2610952 ], [ 140.9207768, 38.2610641 ] ] } },
{ "type": "Feature", "properties": { "N12_001": "04", "N12_002": 1, "N12_003": 7, "N12_004": "仙台市道　元寺小路福室（その2）線", "N12_005": 40, "N12_006": 1 }, "geometry": { "type": "LineString", "coordinates": [ [ 140.9379323, 38.2610981 ], [ 140.9340782, 38.2610967 ], [ 140.930984, 38.2611078 ], [ 140.930119, 38.2611411 ], [ 140.9289102, 38.26113 ], [ 140.9284933, 38.2611232 ] ] } },
{ "type": "Feature", "properties": { "N12_001": "04", "N12_002": 2, "N12_003": 7, "N12_004": "仙台市道　台の原街道線", "N12_005": 41, "N12_006": 1 }, "geometry": { "type": "LineString", "coordinates": [ [ 140.8720599, 38.2846114 ], [ 140.8723549, 38.2846278 ], [ 140.8725749, 38.2845928 ], [ 140.8727773, 38.2845461 ], [ 140.8730927, 38.2844761 ], [ 140.8732796, 38.2844178 ], [ 140.8735482, 38.2843205 ], [ 140.8738947, 38.2841882 ], [ 140.874249, 38.2840287 ], [ 140.8744008, 38.2839587 ], [ 140.8745721, 38.2838731 ], [ 140.8747162, 38.2837797 ], [ 140.8750393, 38.2835658 ] ] } },
{ "type": "Feature", "properties": { "N12_001": "04", "N12_002": 2, "N12_003": 7, "N12_004": "仙台市道　霞目飛行場北線", "N12_005": 42, "N12_006": 1 }, "geometry": { "type": "LineString", "coordinates": [ [ 140.918138, 38.2401599 ], [ 140.919716, 38.2401443 ], [ 140.9210713, 38.2401337 ], [ 140.9218124, 38.2395466 ], [ 140.9235701, 38.2381553 ], [ 140.9245601, 38.2373935 ], [ 140.9260265, 38.2362561 ] ] } },
{ "type": "Feature", "properties": { "N12_001": "04", "N12_002": 2, "N12_003": 7, "N12_004": "名取市道　市役所通り線", "N12_005": 43, "N12_006": 1 }, "geometry": { "type": "LineString", "coordinates": [ [ 140.8928204, 38.1728938 ], [ 140.8927857, 38.172593 ], [ 140.8927703, 38.172031 ], [ 140.892701, 38.1712074 ], [ 140.89257, 38.1702683 ] ] } },
{ "type": "Feature", "properties": { "N12_001": "04", "N12_002": 2, "N12_003": 7, "N12_004": "岩沼市道　二木大通線", "N12_005": 44, "N12_006": 1 }, "geometry": { "type": "LineString", "coordinates": [ [ 140.8698538, 38.1051469 ], [ 140.8700831, 38.105126 ], [ 140.8707954, 38.1051152 ], [ 140.8716119, 38.1051132 ], [ 140.8725164, 38.1051011 ] ] } },
{ "type": "Feature", "properties": { "N12_001": "04", "N12_002": 2, "N12_003": 7, "N12_004": "塩竈市道　南町尾島町線", "N12_005": 45, "N12_006": 1 }, "geometry": { "type": "LineString", "coordinates": [ [ 141.0215875, 38.314145 ], [ 141.0220352, 38.3140361 ], [ 141.0223968, 38.31395 ], [ 141.0226012, 38.3139501 ] ] } },
{ "type": "Feature", "properties": { "N12_001": "04", "N12_002": 2, "N12_003": 7, "N12_004": "多賀城市道　東田中住宅線", "N12_005": 46, "N12_006": 1 }, "geometry": { "type": "LineString", "coordinates": [ [ 141.0040632, 38.2923399 ], [ 141.0039856, 38.2927714 ], [ 141.0039177, 38.2930236 ], [ 141.0038837, 38.2931981 ], [ 141.0038594, 38.2934454 ], [ 141.0038837, 38.2936054 ], [ 141.0039225, 38.2937266 ] ] } },
{ "type": "Feature", "properties": { "N12_001": "04", "N12_002": 2, "N12_003": 7, "N12_004": "多賀城市道　東田中八幡線", "N12_005": 47, "N12_006": 1 }, "geometry": { "type": "LineString", "coordinates": [ [ 141.0065591, 38.287154 ], [ 141.0062565, 38.2874912 ], [ 141.0058392, 38.287947 ], [ 141.0054364, 38.2883543 ], [ 141.0050337, 38.2887858 ], [ 141.0048736, 38.2890622 ], [ 141.0047959, 38.2893337 ], [ 141.0046504, 38.2899495 ], [ 141.0045193, 38.290478 ], [ 141.0043301, 38.2912053 ], [ 141.0041942, 38.2915932 ], [ 141.0041263, 38.2920199 ], [ 141.0040632, 38.2923399 ] ] } },
{ "type": "Feature", "properties": { "N12_001": "04", "N12_002": 2, "N12_003": 7, "N12_004": "大崎市道　蓑口沼線", "N12_005": 48, "N12_006": 1 }, "geometry": { "type": "LineString", "coordinates": [ [ 140.9762474, 38.5654848 ], [ 140.9759517, 38.5645561 ] ] } },
{ "type": "Feature", "properties": { "N12_001": "04", "N12_002": 2, "N12_003": 7, "N12_004": "栗原市道　沢入留場線", "N12_005": 49, "N12_006": 1 }, "geometry": { "type": "LineString", "coordinates": [ [ 141.024241, 38.7209439 ], [ 141.0237941, 38.7212783 ], [ 141.0231967, 38.7217992 ], [ 141.0225993, 38.7223093 ], [ 141.021524, 38.7231667 ], [ 141.0207746, 38.723742 ] ] } },
{ "type": "Feature", "properties": { "N12_001": "04", "N12_002": 2, "N12_003": 7, "N12_004": "栗原市道　栗原中央線", "N12_005": 50, "N12_006": 1 }, "geometry": { "type": "LineString", "coordinates": [ [ 141.0147738, 38.7463595 ], [ 141.0153083, 38.7463766 ], [ 141.0160491, 38.7464708 ], [ 141.0169516, 38.7465919 ], [ 141.0175982, 38.7466996 ], [ 141.0184063, 38.7468072 ], [ 141.0190125, 38.7469015 ] ] } },
{ "type": "Feature", "properties": { "N12_001": "04", "N12_002": 2, "N12_003": 7, "N12_004": "登米市道　下田中線", "N12_005": 51, "N12_006": 1 }, "geometry": { "type": "LineString", "coordinates": [ [ 141.1925708, 38.6853992 ], [ 141.1927093, 38.6858258 ], [ 141.1928215, 38.6862558 ], [ 141.1929253, 38.686604 ], [ 141.1930397, 38.6869723 ], [ 141.1932083, 38.6875355 ] ] } },
{ "type": "Feature", "properties": { "N12_001": "04", "N12_002": 2, "N12_003": 7, "N12_004": "大河原町道　駅前大通り線", "N12_005": 52, "N12_006": 1 }, "geometry": { "type": "LineString", "coordinates": [ [ 140.7299376, 38.051931 ], [ 140.7304349, 38.0516366 ], [ 140.7310448, 38.0513012 ], [ 140.731498, 38.0510426 ] ] } },
{ "type": "Feature", "properties": { "N12_001": "04", "N12_002": 2, "N12_003": 7, "N12_004": "大河原町道　小島10号線", "N12_005": 53, "N12_006": 1 }, "geometry": { "type": "LineString", "coordinates": [ [ 140.7369005, 38.0644544 ], [ 140.7364158, 38.0643543 ], [ 140.7355551, 38.0641836 ], [ 140.7345905, 38.063981 ], [ 140.73466, 38.0637453 ], [ 140.734731, 38.0634578 ], [ 140.7347552, 38.063277 ], [ 140.7347472, 38.0631655 ], [ 140.7346944, 38.0629952 ], [ 140.7345857, 38.0628393 ] ] } },
{ "type": "Feature", "properties": { "N12_001": "04", "N12_002": 2, "N12_003": 7, "N12_004": "大和町道　吉田落合線", "N12_005": 54, "N12_006": 1 }, "geometry": { "type": "LineString", "coordinates": [ [ 140.8911386, 38.4360416 ], [ 140.8906915, 38.4360831 ], [ 140.8901697, 38.4361246 ], [ 140.8892876, 38.4362123 ], [ 140.8884887, 38.4363092 ], [ 140.8854432, 38.4365275 ] ] } },
{ "type": "Feature", "properties": { "N12_001": "04", "N12_002": 2, "N12_003": 7, "N12_004": "富谷市道　穀田三ノ関線", "N12_005": 55, "N12_006": 1 }, "geometry": { "type": "LineString", "coordinates": [ [ 140.8971545, 38.3955223 ], [ 140.8973425, 38.3959518 ], [ 140.8974573, 38.3964795 ], [ 140.8974573, 38.3970301 ], [ 140.8974343, 38.3977183 ], [ 140.8972966, 38.398246 ], [ 140.8971358, 38.3987507 ], [ 140.8968374, 38.3995996 ], [ 140.8966766, 38.4000813 ] ] } },
{ "type": "Feature", "properties": { "N12_001": "04", "N12_002": 2, "N12_003": 7, "N12_004": "大郷町道　愛宕下丸山線", "N12_005": 56, "N12_006": 1 }, "geometry": { "type": "LineString", "coordinates": [ [ 141.0039605, 38.4226856 ], [ 141.0040778, 38.4227659 ], [ 141.0041938, 38.4228492 ], [ 141.0041198, 38.4230492 ], [ 141.0040483, 38.4232702 ], [ 141.0038957, 38.423654 ], [ 141.0038115, 38.4239763 ], [ 141.0038042, 38.424175 ], [ 141.0038543, 38.4244153 ], [ 141.0039833, 38.4247583 ] ] } },
{ "type": "Feature", "properties": { "N12_001": "04", "N12_002": 2, "N12_003": 7, "N12_004": "加美町道　寺前線", "N12_005": 57, "N12_006": 1 }, "geometry": { "type": "LineString", "coordinates": [ [ 140.8598825, 38.5737198 ], [ 140.859277, 38.5737539 ], [ 140.8584624, 38.5737865 ], [ 140.8570288, 38.5738299 ] ] } },
{ "type": "Feature", "properties": { "N12_001": "04", "N12_002": 2, "N12_003": 7, "N12_004": "加美町道　新丁西町大通線", "N12_005": 58, "N12_006": 1 }, "geometry": { "type": "LineString", "coordinates": [ [ 140.8570288, 38.5738299 ], [ 140.8563662, 38.5738733 ], [ 140.8558992, 38.5739384 ], [ 140.8549977, 38.5740687 ] ] } },
{ "type": "Feature", "properties": { "N12_001": "04", "N12_002": 2, "N12_003": 7, "N12_004": "加美町道　西田グランド線", "N12_005": 59, "N12_006": 1 }, "geometry": { "type": "LineString", "coordinates": [ [ 140.8549977, 38.5740687 ], [ 140.8548674, 38.5735477 ], [ 140.8546828, 38.57294 ], [ 140.8545155, 38.5722818 ], [ 140.8543352, 38.5715725 ] ] } },
{ "type": "Feature", "properties": { "N12_001": "04", "N12_002": 2, "N12_003": 7, "N12_004": "美里町道　庁舎前線", "N12_005": 60, "N12_006": 1 }, "geometry": { "type": "LineString", "coordinates": [ [ 141.059484, 38.5431585 ], [ 141.0581189, 38.5435864 ], [ 141.0572722, 38.544469 ] ] } },
{ "type": "Feature", "properties": { "N12_001": "04", "N12_002": 2, "N12_003": 4, "N12_004": "宮城県道　角田山元線", "N12_005": 61, "N12_006": 1 }, "geometry": { "type": "LineString", "coordinates": [ [ 140.7889726, 37.9771728 ], [ 140.7913052, 37.9761152 ], [ 140.7917291, 37.9759238 ], [ 140.7929194, 37.9754204 ], [ 140.7931052, 37.975314 ], [ 140.7939135, 37.9749072 ], [ 140.7958405, 37.9739719 ], [ 140.79723, 37.9733907 ], [ 140.8009918, 37.971615 ], [ 140.8026715, 37.9707957 ], [ 140.8031943, 37.9704867 ], [ 140.803695, 37.9702512 ], [ 140.8040509, 37.969935 ], [ 140.8043133, 37.9695752 ], [ 140.8045025, 37.9690995 ], [ 140.8048199, 37.9681359 ] ] } },
{ "type": "Feature", "properties": { "N12_001": "04", "N12_002": 2, "N12_003": 6, "N12_004": "宮城県道　涌谷停車場線", "N12_005": 62, "N12_006": 1 }, "geometry": { "type": "LineString", "coordinates": [ [ 141.1285487, 38.5393531 ], [ 141.1286924, 38.5394784 ], [ 141.1287898, 38.539559 ], [ 141.1291682, 38.5399035 ], [ 141.1292686, 38.5399507 ], [ 141.1297882, 38.5400427 ], [ 141.1299281, 38.5400709 ], [ 141.1304946, 38.5402342 ] ] } },
{ "type": "Feature", "properties": { "N12_001": "04", "N12_002": 2, "N12_003": 7, "N12_004": "栗原市道　荒田沢線", "N12_005": 63, "N12_006": 1 }, "geometry": { "type": "LineString", "coordinates": [ [ 141.0074996, 38.7249577 ], [ 141.0074779, 38.7247243 ], [ 141.0075268, 38.7245724 ], [ 141.007592, 38.7243825 ], [ 141.0077332, 38.7242034 ], [ 141.0079504, 38.7239809 ], [ 141.0079993, 38.7238506 ], [ 141.0079667, 38.7236282 ], [ 141.0079178, 38.7232754 ], [ 141.0078635, 38.7229661 ], [ 141.0078147, 38.7227165 ] ] } },
{ "type": "Feature", "properties": { "N12_001": "04", "N12_002": 2, "N12_003": 7, "N12_004": "栗原市道　赤坂線", "N12_005": 64, "N12_006": 1 }, "geometry": { "type": "LineString", "coordinates": [ [ 141.0207746, 38.723742 ], [ 141.0196641, 38.7231451 ] ] } },
{ "type": "Feature", "properties": { "N12_001": "04", "N12_002": 2, "N12_003": 7, "N12_004": "栗原市道　萩沢線", "N12_005": 65, "N12_006": 1 }, "geometry": { "type": "LineString", "coordinates": [ [ 141.0196641, 38.7231451 ], [ 141.0194523, 38.723221 ], [ 141.0191971, 38.7234001 ], [ 141.0189581, 38.7235955 ], [ 141.0186649, 38.7237854 ], [ 141.0183988, 38.7238994 ], [ 141.0180566, 38.7240025 ], [ 141.0176059, 38.7241436 ], [ 141.0170628, 38.7243172 ], [ 141.0165632, 38.7244583 ], [ 141.0160582, 38.7245831 ], [ 141.0157269, 38.7246266 ], [ 141.015135, 38.7246266 ], [ 141.0145485, 38.724632 ], [ 141.0140923, 38.7246754 ], [ 141.0136307, 38.7247243 ], [ 141.0132017, 38.7248165 ], [ 141.0128161, 38.7249142 ], [ 141.0124957, 38.7249847 ], [ 141.0121808, 38.7249793 ], [ 141.0117137, 38.7249034 ], [ 141.0113119, 38.7248165 ], [ 141.0109209, 38.7247351 ], [ 141.0104701, 38.7246429 ], [ 141.0101986, 38.7245995 ], [ 141.009976, 38.7245832 ], [ 141.0097207, 38.7246103 ], [ 141.0092917, 38.7247026 ], [ 141.0089767, 38.7247623 ], [ 141.0085477, 38.724822 ], [ 141.0081676, 38.7248328 ], [ 141.0078472, 38.7248763 ], [ 141.0074996, 38.7249577 ] ] } },
{ "type": "Feature", "properties": { "N12_001": "04", "N12_002": 2, "N12_003": 7, "N12_004": "蔵王町道　運動公園線", "N12_005": 66, "N12_006": 1 }, "geometry": { "type": "LineString", "coordinates": [ [ 140.6562995, 38.0838421 ], [ 140.6570101, 38.0838502 ], [ 140.6575524, 38.0838464 ], [ 140.6580095, 38.0838463 ], [ 140.6585341, 38.0839351 ] ] } },
{ "type": "Feature", "properties": { "N12_001": "04", "N12_002": 2, "N12_003": 7, "N12_004": "南三陸町道　東浜中央線", "N12_005": 67, "N12_006": 1 }, "geometry": { "type": "LineString", "coordinates": [ [ 141.4642806, 38.6896996 ], [ 141.4643199, 38.6892376 ], [ 141.4643411, 38.6887508 ], [ 141.4643976, 38.6878265 ], [ 141.4644118, 38.6875796 ], [ 141.4644047, 38.6870716 ], [ 141.4643906, 38.6867823 ], [ 141.464313, 38.6862038 ], [ 141.4641718, 38.685463 ], [ 141.4636352, 38.6836356 ], [ 141.4636253, 38.6835962 ], [ 141.4635999, 38.6834945 ], [ 141.4635081, 38.6832123 ], [ 141.4634234, 38.6830218 ], [ 141.462442, 38.6812792 ], [ 141.462322, 38.6810675 ], [ 141.4622514, 38.6808841 ], [ 141.461897, 38.6800744 ] ] } },
{ "type": "Feature", "properties": { "N12_001": "04", "N12_002": 1, "N12_003": 7, "N12_004": "仙台市道　原町岡田（その2）線", "N12_005": 68, "N12_006": 1 }, "geometry": { "type": "LineString", "coordinates": [ [ 140.9357517, 38.256859 ], [ 140.9330512, 38.2568604 ] ] } },
{ "type": "Feature", "properties": { "N12_001": "04", "N12_002": 1, "N12_003": 3, "N12_004": "一般国道398号", "N12_005": 69, "N12_006": 1 }, "geometry": { "type": "LineString", "coordinates": [ [ 141.0224351, 38.7350152 ], [ 141.0239259, 38.7349814 ], [ 141.02412, 38.7349914 ], [ 141.0244361, 38.7350253 ], [ 141.0248026, 38.7350814 ], [ 141.0250538, 38.7351097 ], [ 141.0260329, 38.7352313 ], [ 141.0265265, 38.7352954 ], [ 141.0267926, 38.7353294 ], [ 141.0271734, 38.735363 ], [ 141.0275257, 38.7353744 ], [ 141.0278704, 38.7353575 ], [ 141.0282729, 38.7352955 ], [ 141.0286382, 38.7352199 ], [ 141.0298535, 38.7354983 ], [ 141.0299469, 38.7355263 ], [ 141.030687, 38.7357066 ], [ 141.031125, 38.7358245 ], [ 141.0313694, 38.7358982 ], [ 141.0317141, 38.7360166 ], [ 141.0318866, 38.7360785 ], [ 141.0321811, 38.736191 ], [ 141.0325261, 38.7363882 ], [ 141.0327344, 38.7365571 ], [ 141.0329427, 38.7367639 ], [ 141.0330577, 38.7368782 ], [ 141.0333688, 38.7372006 ], [ 141.0336394, 38.737481 ], [ 141.0338408, 38.7376782 ], [ 141.0341142, 38.7379613 ], [ 141.0343794, 38.7382355 ], [ 141.0345305, 38.7383824 ], [ 141.0346958, 38.7385565 ], [ 141.0350475, 38.7389396 ], [ 141.0352072, 38.7390976 ], [ 141.0357805, 38.7396776 ], [ 141.0364703, 38.7403815 ], [ 141.0365847, 38.7404969 ], [ 141.0370519, 38.7409618 ], [ 141.0372244, 38.7411026 ], [ 141.0375261, 38.7413107 ], [ 141.0379382, 38.7415692 ], [ 141.0382613, 38.7417451 ], [ 141.0385389, 38.7418629 ], [ 141.0389773, 38.7420036 ] ] } },
{ "type": "Feature", "properties": { "N12_001": "04", "N12_002": 2, "N12_003": 3, "N12_004": "一般国道349号", "N12_005": 70, "N12_006": 1 }, "geometry": { "type": "LineString", "coordinates": [ [ 140.6440347, 37.895622 ], [ 140.6441633, 37.8963184 ], [ 140.6444324, 37.8969911 ], [ 140.6446839, 37.8974707 ], [ 140.6450075, 37.8979862 ], [ 140.6452506, 37.8982226 ], [ 140.6459173, 37.8986957 ], [ 140.6471161, 37.8992983 ], [ 140.6476483, 37.8994494 ], [ 140.6482979, 37.8995434 ], [ 140.6490379, 37.8996017 ], [ 140.6495971, 37.8997313 ], [ 140.6501112, 37.8998966 ], [ 140.6514913, 37.9002206 ], [ 140.6531423, 37.9005235 ], [ 140.6540897, 37.9006394 ], [ 140.655678, 37.9007706 ], [ 140.656788, 37.9008223 ], [ 140.6573806, 37.9008518 ], [ 140.6576514, 37.9008474 ], [ 140.6579912, 37.9009338 ], [ 140.6589587, 37.9010655 ], [ 140.6592232, 37.9011803 ], [ 140.6594393, 37.9013714 ], [ 140.6597033, 37.9017151 ], [ 140.6597991, 37.9019059 ], [ 140.6598223, 37.9022779 ], [ 140.6596764, 37.9028975 ], [ 140.6596635, 37.9032598 ], [ 140.6597951, 37.9036033 ], [ 140.6601192, 37.9039757 ], [ 140.6602748, 37.9043192 ], [ 140.6604179, 37.9049107 ], [ 140.6606569, 37.9056453 ], [ 140.6610412, 37.9059891 ], [ 140.6612333, 37.9061992 ], [ 140.661305, 37.9064091 ], [ 140.6613286, 37.9066189 ], [ 140.6612517, 37.9086404 ], [ 140.6613588, 37.9091365 ], [ 140.6615982, 37.9097185 ], [ 140.6619938, 37.9104152 ], [ 140.6623057, 37.9108543 ], [ 140.6630976, 37.9119139 ], [ 140.6632535, 37.9121716 ], [ 140.663349, 37.9125151 ], [ 140.663445, 37.9126583 ], [ 140.6638058, 37.9127827 ], [ 140.6640944, 37.9128881 ], [ 140.6643888, 37.9131126 ], [ 140.6646923, 37.9132775 ], [ 140.6652095, 37.9134499 ], [ 140.6660254, 37.913699 ], [ 140.6666748, 37.9139669 ], [ 140.6679379, 37.9142738 ], [ 140.6695627, 37.9143715 ], [ 140.6698877, 37.9143529 ], [ 140.6711285, 37.9138778 ], [ 140.6716464, 37.9137545 ], [ 140.6721881, 37.9137267 ], [ 140.6728741, 37.9137657 ], [ 140.6735, 37.913738 ], [ 140.6743067, 37.9136532 ], [ 140.6749691, 37.9134444 ], [ 140.6753065, 37.9132827 ], [ 140.675728, 37.913207 ], [ 140.6762816, 37.9132077 ], [ 140.6769195, 37.9132276 ], [ 140.6775577, 37.9131331 ], [ 140.6780875, 37.9130289 ], [ 140.6785449, 37.9130295 ], [ 140.6790141, 37.913135 ], [ 140.679772, 37.9132886 ], [ 140.6806385, 37.9133851 ], [ 140.6816252, 37.9135008 ], [ 140.6825393, 37.9138357 ], [ 140.6833213, 37.9140561 ], [ 140.683971, 37.9141522 ], [ 140.6842597, 37.914267 ], [ 140.6851374, 37.9147545 ], [ 140.6856424, 37.9150031 ], [ 140.6859789, 37.9153086 ], [ 140.6866273, 37.9161009 ], [ 140.6870238, 37.9164733 ], [ 140.6870955, 37.9167023 ], [ 140.6875743, 37.9180951 ], [ 140.6877897, 37.9187152 ], [ 140.6878968, 37.9193733 ], [ 140.6880285, 37.9196882 ], [ 140.6889172, 37.9207668 ], [ 140.6893133, 37.9213776 ], [ 140.6894088, 37.9217687 ], [ 140.6893838, 37.9222264 ], [ 140.6893824, 37.9229797 ], [ 140.6894417, 37.9234471 ], [ 140.6895614, 37.9237714 ], [ 140.6899458, 37.9242105 ], [ 140.6901495, 37.9246876 ], [ 140.6905099, 37.9250695 ], [ 140.6910627, 37.925566 ], [ 140.6912187, 37.9258523 ], [ 140.6912423, 37.9261002 ], [ 140.6910371, 37.926367 ], [ 140.6909644, 37.9265862 ], [ 140.6910362, 37.9268152 ], [ 140.6915285, 37.9275214 ], [ 140.6917924, 37.9280176 ], [ 140.6929194, 37.9304411 ], [ 140.6934942, 37.9320915 ], [ 140.6938049, 37.9333029 ], [ 140.6941991, 37.9349436 ], [ 140.6945588, 37.9357736 ], [ 140.6948949, 37.936308 ], [ 140.6953753, 37.936957 ], [ 140.6957358, 37.9373198 ], [ 140.6960967, 37.9375205 ], [ 140.6966623, 37.9376928 ], [ 140.6971197, 37.9377601 ], [ 140.6978059, 37.9377895 ], [ 140.6996723, 37.9377535 ], [ 140.7005273, 37.9376877 ], [ 140.7014909, 37.937479 ], [ 140.7033221, 37.9368516 ], [ 140.7050207, 37.9363672 ], [ 140.7066107, 37.9359779 ], [ 140.7071287, 37.9357973 ], [ 140.7079239, 37.9354453 ], [ 140.7087311, 37.9351506 ], [ 140.7092008, 37.9350938 ], [ 140.711019, 37.9349909 ], [ 140.7115249, 37.934896 ], [ 140.7121995, 37.9346679 ], [ 140.7127413, 37.9346303 ], [ 140.7136803, 37.934717 ], [ 140.7149325, 37.9346802 ], [ 140.7160162, 37.9346336 ], [ 140.7168713, 37.9344628 ], [ 140.7181841, 37.9341685 ], [ 140.7197139, 37.9337218 ], [ 140.7221954, 37.932885 ], [ 140.7230987, 37.9326188 ], [ 140.7236166, 37.9324953 ], [ 140.724604, 37.9324009 ], [ 140.7250738, 37.9322487 ], [ 140.7267361, 37.9316495 ], [ 140.7272539, 37.9315641 ], [ 140.7279763, 37.9315648 ], [ 140.7328403, 37.9315214 ], [ 140.7345259, 37.9315133 ], [ 140.735441, 37.9314091 ], [ 140.7360794, 37.9311903 ], [ 140.7365973, 37.9309905 ], [ 140.7370672, 37.9307525 ], [ 140.7374769, 37.9304858 ], [ 140.7379591, 37.9299617 ], [ 140.7383209, 37.9295329 ], [ 140.7385743, 37.9290277 ], [ 140.7387193, 37.9286273 ], [ 140.7389846, 37.9283224 ], [ 140.7394786, 37.9279318 ], [ 140.7400931, 37.9275985 ], [ 140.7405027, 37.9273605 ], [ 140.7411049, 37.9271607 ], [ 140.7417189, 37.9270849 ], [ 140.7450417, 37.9270016 ], [ 140.7458483, 37.9270403 ], [ 140.7462576, 37.9270025 ], [ 140.7467393, 37.926898 ], [ 140.7477027, 37.9266698 ], [ 140.7489549, 37.92648 ], [ 140.7499542, 37.9263949 ], [ 140.7512426, 37.926186 ], [ 140.7522058, 37.9261199 ], [ 140.7532531, 37.9261397 ], [ 140.7546134, 37.9262264 ], [ 140.7557449, 37.926313 ], [ 140.7562867, 37.9263134 ], [ 140.7568405, 37.9262184 ], [ 140.7587432, 37.9256665 ], [ 140.7605266, 37.9239798 ], [ 140.7609362, 37.9236749 ], [ 140.7613337, 37.9234081 ], [ 140.7615385, 37.9231889 ], [ 140.7618155, 37.9230651 ], [ 140.7621407, 37.9229413 ], [ 140.7630144, 37.9224334 ], [ 140.763618, 37.9221339 ], [ 140.764184, 37.9219053 ], [ 140.7649547, 37.9216579 ], [ 140.7660623, 37.9214678 ], [ 140.7665318, 37.9214108 ], [ 140.7667966, 37.9214587 ], [ 140.7670252, 37.9216304 ], [ 140.770128, 37.9251128 ], [ 140.7726658, 37.9279558 ], [ 140.7732071, 37.9285187 ], [ 140.7734357, 37.9286714 ], [ 140.773745, 37.928644 ] ] } },
{ "type": "Feature", "properties": { "N12_001": "04", "N12_002": 1, "N12_003": 3, "N12_004": "一般国道115号", "N12_005": 71, "N12_006": 1 }, "geometry": { "type": "LineString", "coordinates": [ [ 140.7581989, 37.7854471 ], [ 140.758995, 37.7867177 ], [ 140.7596268, 37.787481 ], [ 140.7603111, 37.7880607 ], [ 140.7610856, 37.7886191 ], [ 140.7618963, 37.7891059 ], [ 140.7629232, 37.7896 ], [ 140.7638692, 37.7899582 ], [ 140.7701224, 37.7915566 ], [ 140.7773581, 37.7933126 ], [ 140.778049, 37.7934535 ], [ 140.7782803, 37.793487 ], [ 140.7786714, 37.7935299 ] ] } },
{ "type": "Feature", "properties": { "N12_001": "04", "N12_002": 2, "N12_003": 9, "N12_004": "-", "N12_005": 72, "N12_006": 1 }, "geometry": { "type": "LineString", "coordinates": [ [ 140.7694762, 37.9128742 ], [ 140.7694, 37.9123595 ], [ 140.7692198, 37.9119661 ], [ 140.7683538, 37.9112361 ], [ 140.7681011, 37.9111072 ], [ 140.7678123, 37.9110498 ], [ 140.767379, 37.9110424 ], [ 140.7661182, 37.9109926 ] ] } },
{ "type": "Feature", "properties": { "N12_001": "04", "N12_002": 2, "N12_003": 7, "N12_004": "柴田町道　船岡南11号線", "N12_005": 73, "N12_006": 1 }, "geometry": { "type": "LineString", "coordinates": [ [ 140.7791903, 38.0483356 ], [ 140.780606, 38.0474241 ] ] } },
{ "type": "Feature", "properties": { "N12_001": "04", "N12_002": 2, "N12_003": 9, "N12_004": "-", "N12_005": 74, "N12_006": 1 }, "geometry": { "type": "LineString", "coordinates": [ [ 140.731498, 38.0510426 ], [ 140.7301711, 38.0494894 ] ] } },
{ "type": "Feature", "properties": { "N12_001": "04", "N12_002": 2, "N12_003": 6, "N12_004": "宮城県道　白川犬卒都婆向山線", "N12_005": 75, "N12_006": 1 }, "geometry": { "type": "LineString", "coordinates": [ [ 140.6945037, 38.0380724 ], [ 140.694544, 38.0374956 ], [ 140.6945891, 38.0353064 ] ] } },
{ "type": "Feature", "properties": { "N12_001": "04", "N12_002": 2, "N12_003": 4, "N12_004": "宮城県道　白石柴田線", "N12_005": 30, "N12_006": 2 }, "geometry": { "type": "LineString", "coordinates": [ [ 140.6945891, 38.0353064 ], [ 140.6945849, 38.0350108 ], [ 140.6946552, 38.0347915 ], [ 140.6946676, 38.0346218 ], [ 140.6946222, 38.0344024 ], [ 140.6944542, 38.0339655 ], [ 140.6942861, 38.0336172 ], [ 140.6940996, 38.0334072 ], [ 140.6933289, 38.0329581 ], [ 140.6925759, 38.0326759 ], [ 140.691913, 38.0325845 ], [ 140.6915636, 38.032484 ], [ 140.6910031, 38.0324356 ], [ 140.6904967, 38.0324541 ], [ 140.6902142, 38.032107 ], [ 140.6899703, 38.0319923 ], [ 140.689428, 38.0318629 ], [ 140.6890862, 38.0309542 ], [ 140.6890775, 38.0307754 ], [ 140.6884609, 38.0307475 ], [ 140.6881524, 38.0306975 ], [ 140.6879307, 38.0306171 ], [ 140.6877091, 38.0305329 ], [ 140.6874319, 38.030462 ], [ 140.6870222, 38.0304081 ], [ 140.6868727, 38.0304136 ], [ 140.6867906, 38.0304612 ], [ 140.6865103, 38.0307679 ] ] } },
{ "type": "Feature", "properties": { "N12_001": "04", "N12_002": 2, "N12_003": 6, "N12_004": "宮城県道　角田山下線", "N12_005": 76, "N12_006": 1 }, "geometry": { "type": "LineString", "coordinates": [ [ 140.8048199, 37.9681359 ], [ 140.8056405, 37.9682043 ], [ 140.8093866, 37.9681669 ], [ 140.8225734, 37.9679972 ], [ 140.8252385, 37.9681762 ], [ 140.8271206, 37.9684624 ], [ 140.8434728, 37.9718593 ], [ 140.845325, 37.9723598 ], [ 140.8537731, 37.9749214 ], [ 140.8551435, 37.9754218 ], [ 140.8569207, 37.9763154 ], [ 140.8668023, 37.983298 ], [ 140.8680375, 37.9840009 ], [ 140.868881, 37.9843225 ], [ 140.8698511, 37.984555 ] ] } },
{ "type": "Feature", "properties": { "N12_001": "04", "N12_002": 1, "N12_003": 1, "N12_004": "常磐自動車道", "N12_005": 77, "N12_006": 1 }, "geometry": { "type": "LineString", "coordinates": [ [ 140.8698511, 37.984555 ], [ 140.870659, 37.984649 ], [ 140.8735989, 37.984958 ], [ 140.8743038, 37.9850006 ], [ 140.8748158, 37.9849909 ], [ 140.8753887, 37.9849519 ] ] } },
{ "type": "Feature", "properties": { "N12_001": "04", "N12_002": 1, "N12_003": 3, "N12_004": "一般国道45号", "N12_005": 4, "N12_006": 3 }, "geometry": { "type": "LineString", "coordinates": [ [ 141.6296315, 38.9529371 ], [ 141.6291303, 38.9528898 ], [ 141.6280998, 38.9528987 ] ] } },
{ "type": "Feature", "properties": { "N12_001": "04", "N12_002": 1, "N12_003": 3, "N12_004": "一般国道45号", "N12_005": 4, "N12_006": 4 }, "geometry": { "type": "LineString", "coordinates": [ [ 141.4660527, 38.6903929 ], [ 141.4655807, 38.6910998 ], [ 141.4653152, 38.6913349 ], [ 141.4650914, 38.6914791 ], [ 141.4648127, 38.6916093 ], [ 141.4643822, 38.6917642 ], [ 141.4640187, 38.6919378 ], [ 141.4634438, 38.6922698 ], [ 141.4628876, 38.6926637 ], [ 141.4626219, 38.6928844 ] ] } },
{ "type": "Feature", "properties": { "N12_001": "04", "N12_002": 2, "N12_003": 4, "N12_004": "宮城県道　石巻鹿島台色麻線", "N12_005": 78, "N12_006": 1 }, "geometry": { "type": "LineString", "coordinates": [ [ 141.2691259, 38.4487793 ], [ 141.2715503, 38.4466821 ], [ 141.2740473, 38.4444988 ], [ 141.2749983, 38.4438778 ], [ 141.2766691, 38.4430038 ], [ 141.2781514, 38.442531 ], [ 141.2846116, 38.4405353 ], [ 141.2853065, 38.4403816 ] ] } },
{ "type": "Feature", "properties": { "N12_001": "04", "N12_002": 1, "N12_003": 3, "N12_004": "一般国道45号", "N12_005": 4, "N12_006": 5 }, "geometry": { "type": "LineString", "coordinates": [ [ 141.2673646, 38.4456562 ], [ 141.2667626, 38.4461429 ], [ 141.2666548, 38.4463578 ], [ 141.2666378, 38.446551 ], [ 141.2667483, 38.4467937 ], [ 141.2691259, 38.4487793 ] ] } },
{ "type": "Feature", "properties": { "N12_001": "04", "N12_002": 1, "N12_003": 6, "N12_004": "宮城県道　石巻港インター線", "N12_005": 79, "N12_006": 1 }, "geometry": { "type": "LineString", "coordinates": [ [ 141.2487242, 38.4212104 ], [ 141.2485827, 38.4216658 ], [ 141.2484685, 38.4221084 ], [ 141.2484685, 38.4226509 ], [ 141.2489682, 38.4250494 ], [ 141.249425, 38.426991 ], [ 141.2495678, 38.4280332 ], [ 141.2495821, 38.4288756 ], [ 141.2494393, 38.4295466 ], [ 141.2487233, 38.4312089 ], [ 141.2480203, 38.4327406 ], [ 141.2479962, 38.4328369 ], [ 141.2473614, 38.4341457 ], [ 141.2472649, 38.4343384 ], [ 141.2472087, 38.4344268 ], [ 141.2468712, 38.4352056 ], [ 141.2466542, 38.435848 ], [ 141.2464855, 38.4366991 ], [ 141.2464614, 38.43694 ], [ 141.2462042, 38.4389876 ], [ 141.2462042, 38.4390598 ], [ 141.246196, 38.4391252 ], [ 141.2461881, 38.4391883 ], [ 141.2461721, 38.4392525 ], [ 141.2460837, 38.4400073 ], [ 141.2460756, 38.4401839 ], [ 141.2460114, 38.4409548 ], [ 141.2459717, 38.4412135 ] ] } },
{ "type": "Feature", "properties": { "N12_001": "04", "N12_002": 1, "N12_003": 3, "N12_004": "一般国道45号", "N12_005": 4, "N12_006": 6 }, "geometry": { "type": "LineString", "coordinates": [ [ 141.1963508, 38.4285775 ], [ 141.196814, 38.4281506 ], [ 141.197213, 38.4279491 ], [ 141.1976223, 38.4279836 ], [ 141.1999213, 38.4288784 ] ] } },
{ "type": "Feature", "properties": { "N12_001": "04", "N12_002": 2, "N12_003": 9, "N12_004": "-", "N12_005": 80, "N12_006": 1 }, "geometry": { "type": "LineString", "coordinates": [ [ 141.203231, 38.424366 ], [ 141.2065049, 38.425258 ], [ 141.2088843, 38.4259679 ], [ 141.2106263, 38.4264629 ] ] } },
{ "type": "Feature", "properties": { "N12_001": "04", "N12_002": 1, "N12_003": 3, "N12_004": "一般国道45号", "N12_005": 4, "N12_006": 7 }, "geometry": { "type": "LineString", "coordinates": [ [ 141.4494947, 38.6770428 ], [ 141.448175, 38.6766958 ], [ 141.4473375, 38.676475 ], [ 141.446, 38.6761417 ], [ 141.4456375, 38.6760542 ], [ 141.4454375, 38.6760042 ], [ 141.4449708, 38.675875 ], [ 141.4447708, 38.6757958 ], [ 141.4445417, 38.6757042 ], [ 141.4443292, 38.6755875 ], [ 141.4441208, 38.6754542 ], [ 141.44395, 38.6753083 ], [ 141.4438208, 38.675175 ], [ 141.4437167, 38.6750583 ], [ 141.4436125, 38.6749292 ], [ 141.4435208, 38.6747708 ], [ 141.4434208, 38.6745875 ], [ 141.4433583, 38.6743833 ], [ 141.4432792, 38.6739875 ], [ 141.4431792, 38.6735125 ], [ 141.4431208, 38.6733167 ], [ 141.4430333, 38.6730542 ], [ 141.4429125, 38.672825 ], [ 141.4428, 38.6726458 ], [ 141.4425958, 38.6723875 ], [ 141.4424125, 38.6722208 ], [ 141.442275, 38.6721 ], [ 141.4414167, 38.6713875 ], [ 141.4412667, 38.6712583 ], [ 141.4411042, 38.6711167 ], [ 141.4409625, 38.6709583 ], [ 141.4409042, 38.6708792 ], [ 141.4408417, 38.6707792 ], [ 141.4407792, 38.6706583 ], [ 141.4407292, 38.6705292 ], [ 141.4407083, 38.6703625 ], [ 141.4407083, 38.6702083 ], [ 141.4407125, 38.6701042 ], [ 141.4407375, 38.6699542 ], [ 141.4408417, 38.6695917 ], [ 141.4408958, 38.6693875 ], [ 141.4409375, 38.6692333 ], [ 141.440975, 38.6690542 ], [ 141.441, 38.6688792 ], [ 141.4410042, 38.6686958 ], [ 141.4410167, 38.6684 ], [ 141.441075, 38.6680583 ], [ 141.4411292, 38.6678208 ], [ 141.4412125, 38.66765 ], [ 141.4413292, 38.6674667 ], [ 141.4414417, 38.6673458 ], [ 141.4416167, 38.6672083 ], [ 141.4417875, 38.6670833 ], [ 141.4424042, 38.6667708 ], [ 141.4426375, 38.6666667 ], [ 141.4432208, 38.6663792 ], [ 141.4436958, 38.6661458 ], [ 141.4442708, 38.665875 ], [ 141.4443708, 38.6658125 ], [ 141.4444625, 38.6657375 ], [ 141.4445292, 38.6656708 ], [ 141.4445708, 38.6656083 ], [ 141.4446167, 38.6655208 ], [ 141.4446458, 38.66545 ], [ 141.4446667, 38.6653625 ], [ 141.4446667, 38.665275 ], [ 141.44465, 38.665175 ], [ 141.4446208, 38.6650542 ], [ 141.4445333, 38.664825 ], [ 141.4445083, 38.664725 ], [ 141.4444958, 38.6646375 ], [ 141.4444917, 38.6645208 ], [ 141.4444917, 38.6644417 ], [ 141.4445, 38.6643875 ], [ 141.4445292, 38.6642958 ], [ 141.4445833, 38.6642042 ], [ 141.44465, 38.6641208 ], [ 141.4450542, 38.6636958 ], [ 141.4451083, 38.6636292 ], [ 141.4451583, 38.66355 ], [ 141.4452083, 38.6634292 ], [ 141.4452375, 38.66335 ], [ 141.4452583, 38.66325 ], [ 141.4453, 38.6629708 ], [ 141.4453583, 38.6627125 ], [ 141.4454, 38.6625917 ], [ 141.4454625, 38.6624708 ], [ 141.4455542, 38.6623375 ], [ 141.4457167, 38.66215 ], [ 141.4460458, 38.6618917 ], [ 141.4462083, 38.661775 ], [ 141.4463708, 38.6616458 ], [ 141.4464792, 38.6615625 ], [ 141.4465458, 38.6615 ], [ 141.4466667, 38.6613667 ], [ 141.4467208, 38.6613 ], [ 141.44675, 38.6612417 ], [ 141.4467875, 38.6611542 ], [ 141.4468167, 38.6610625 ], [ 141.446825, 38.660975 ], [ 141.4468375, 38.6607667 ], [ 141.4468208, 38.6604917 ], [ 141.4468292, 38.6603333 ], [ 141.4468333, 38.6602583 ], [ 141.4468542, 38.66015 ], [ 141.4469, 38.6600333 ], [ 141.4469792, 38.6599042 ], [ 141.4473458, 38.6595625 ], [ 141.4479125, 38.6590542 ], [ 141.4482292, 38.6587667 ], [ 141.4483833, 38.6586125 ], [ 141.4484542, 38.6585375 ], [ 141.4486083, 38.6583417 ], [ 141.448675, 38.6582333 ], [ 141.4487375, 38.6580833 ], [ 141.4487792, 38.6579292 ], [ 141.4487958, 38.6577958 ], [ 141.4488, 38.6576667 ], [ 141.4487875, 38.6575208 ], [ 141.44875, 38.6573792 ], [ 141.448675, 38.6571958 ], [ 141.4485583, 38.6570208 ], [ 141.44845, 38.6568917 ], [ 141.4483375, 38.6567708 ], [ 141.4481667, 38.656625 ], [ 141.4478833, 38.6564083 ], [ 141.4476958, 38.6562458 ], [ 141.4475875, 38.6561458 ], [ 141.4474708, 38.6560208 ], [ 141.447375, 38.6559083 ], [ 141.4470917, 38.6555208 ], [ 141.4469583, 38.65535 ], [ 141.4468208, 38.6552 ], [ 141.4466833, 38.6550708 ], [ 141.4464583, 38.6548958 ], [ 141.4461917, 38.6547208 ], [ 141.4459333, 38.6545542 ], [ 141.4458, 38.6544542 ], [ 141.4456833, 38.6543625 ], [ 141.44555, 38.6542333 ], [ 141.4454083, 38.6540792 ], [ 141.4452958, 38.6539292 ], [ 141.4452042, 38.6537625 ], [ 141.4451333, 38.6536125 ], [ 141.4450875, 38.6534833 ], [ 141.4450125, 38.6532042 ], [ 141.4449458, 38.6530292 ], [ 141.4448167, 38.6527708 ], [ 141.4446708, 38.6525292 ], [ 141.4444542, 38.6522375 ], [ 141.4443333, 38.6520917 ], [ 141.4441458, 38.6519083 ], [ 141.4435625, 38.6513875 ], [ 141.44335, 38.6511833 ], [ 141.4432958, 38.6511208 ], [ 141.4432583, 38.6510625 ], [ 141.4432208, 38.6509875 ], [ 141.4431958, 38.6509042 ], [ 141.4431583, 38.65055 ], [ 141.4431458, 38.6499125 ], [ 141.4431333, 38.6497875 ], [ 141.4431042, 38.6496375 ], [ 141.4430542, 38.6494792 ], [ 141.4429708, 38.6492958 ], [ 141.4428708, 38.6491417 ], [ 141.4426875, 38.6488875 ], [ 141.4425708, 38.6487333 ], [ 141.4424375, 38.6485833 ], [ 141.4422583, 38.6484333 ], [ 141.4420417, 38.6483042 ], [ 141.4418833, 38.6482375 ], [ 141.4416792, 38.648175 ], [ 141.4398583, 38.6477 ], [ 141.4396417, 38.64765 ], [ 141.4394208, 38.6476083 ], [ 141.4391792, 38.6475875 ], [ 141.4389875, 38.6475792 ], [ 141.4385602, 38.6475702 ], [ 141.4375227, 38.6475577 ], [ 141.434527, 38.6475285 ], [ 141.4334088, 38.647519 ], [ 141.4333084, 38.6475186 ], [ 141.4328957, 38.6475202 ], [ 141.4327841, 38.6475124 ], [ 141.4324437, 38.6474896 ], [ 141.4321883, 38.6474689 ], [ 141.432025, 38.6474358 ], [ 141.4317352, 38.6473819 ], [ 141.4314177, 38.6473013 ], [ 141.4312172, 38.6472364 ], [ 141.4309043, 38.6471158 ], [ 141.4302135, 38.6468064 ], [ 141.4299214, 38.6467292 ], [ 141.4297564, 38.646707 ], [ 141.4296005, 38.6466993 ], [ 141.4294663, 38.6467078 ], [ 141.4293676, 38.6467172 ], [ 141.4291607, 38.6467682 ], [ 141.4289676, 38.6468375 ], [ 141.4287299, 38.6469173 ], [ 141.4284706, 38.64698 ], [ 141.4282912, 38.6470012 ], [ 141.4280976, 38.6470071 ], [ 141.4279094, 38.6469921 ], [ 141.4274815, 38.64695 ], [ 141.4271133, 38.6469414 ], [ 141.426661, 38.6469527 ], [ 141.4264914, 38.6469593 ], [ 141.4261486, 38.6469951 ], [ 141.425831, 38.6470444 ], [ 141.4254877, 38.6471091 ], [ 141.4251804, 38.6471848 ], [ 141.4249875, 38.6472322 ], [ 141.424631, 38.6473277 ], [ 141.424018, 38.6474954 ], [ 141.4236979, 38.6475716 ], [ 141.4232672, 38.6476603 ], [ 141.4229265, 38.6476904 ], [ 141.4224381, 38.6477017 ], [ 141.4222779, 38.64769 ], [ 141.4220102, 38.647668 ], [ 141.4216189, 38.6475896 ], [ 141.4213185, 38.6475055 ], [ 141.420915, 38.6473718 ], [ 141.4205644, 38.6472409 ], [ 141.4201385, 38.6470977 ], [ 141.4194735, 38.6468626 ], [ 141.4190737, 38.6467297 ], [ 141.4187469, 38.6466126 ], [ 141.4184496, 38.6464997 ], [ 141.4181547, 38.6463593 ], [ 141.4179126, 38.6462115 ], [ 141.4175101, 38.6459115 ], [ 141.4171852, 38.6456847 ], [ 141.4169097, 38.645539 ], [ 141.4167172, 38.6454691 ], [ 141.416573, 38.6454167 ], [ 141.4161662, 38.645289 ], [ 141.4159088, 38.645223 ], [ 141.4156222, 38.6451767 ], [ 141.4150881, 38.6450976 ], [ 141.4147146, 38.6450409 ], [ 141.4139908, 38.6449686 ], [ 141.4134188, 38.644884 ], [ 141.41232, 38.6447548 ], [ 141.4117763, 38.6446632 ], [ 141.4116832, 38.6446468 ], [ 141.4114983, 38.6445913 ], [ 141.4110142, 38.6445071 ], [ 141.4106904, 38.6444625 ], [ 141.4105416, 38.6444553 ], [ 141.4103703, 38.6444624 ], [ 141.4102174, 38.6444876 ], [ 141.4101205, 38.6445127 ], [ 141.4098841, 38.6445826 ], [ 141.409125, 38.6448745 ], [ 141.4083836, 38.6451609 ], [ 141.4072704, 38.6455909 ], [ 141.4068339, 38.6457555 ], [ 141.4065075, 38.6458735 ], [ 141.406176, 38.6459706 ], [ 141.4059795, 38.6460136 ], [ 141.4056302, 38.6460697 ], [ 141.4051901, 38.6461158 ], [ 141.4034006, 38.6462608 ], [ 141.4026887, 38.6463058 ], [ 141.4022741, 38.6463443 ], [ 141.401785, 38.6463778 ], [ 141.4014913, 38.6464072 ], [ 141.401256, 38.6464219 ], [ 141.401033, 38.6464357 ], [ 141.4006982, 38.6464566 ], [ 141.4004673, 38.6464735 ], [ 141.4001445, 38.6465025 ], [ 141.40005, 38.6465093 ], [ 141.3997032, 38.646534 ], [ 141.399397, 38.6465268 ], [ 141.3992143, 38.6465225 ], [ 141.3988947, 38.6464735 ], [ 141.3987441, 38.6464357 ], [ 141.3986163, 38.6463936 ], [ 141.3984918, 38.6463565 ], [ 141.3983206, 38.6462958 ], [ 141.398099, 38.6461906 ], [ 141.3977989, 38.6460571 ], [ 141.3973643, 38.6458657 ], [ 141.397209, 38.6457927 ], [ 141.3970378, 38.6457122 ], [ 141.3967374, 38.6455724 ], [ 141.3963704, 38.6454061 ], [ 141.3958181, 38.6451431 ], [ 141.395024, 38.6447882 ], [ 141.3947004, 38.6446614 ], [ 141.3943869, 38.6445376 ], [ 141.3940578, 38.6444324 ], [ 141.3936955, 38.6443248 ], [ 141.3933533, 38.6442351 ], [ 141.3930288, 38.6441513 ], [ 141.39275, 38.6440756 ], [ 141.3924366, 38.6439721 ], [ 141.3921817, 38.6438633 ], [ 141.3919739, 38.6437463 ], [ 141.3918776, 38.6436846 ], [ 141.391741, 38.6435813 ], [ 141.3916871, 38.6435405 ], [ 141.3915397, 38.6434265 ], [ 141.3912686, 38.6432276 ], [ 141.3909748, 38.6430422 ], [ 141.3905925, 38.6428458 ], [ 141.3902335, 38.6427025 ], [ 141.3899714, 38.6426155 ], [ 141.3897092, 38.6425285 ], [ 141.3894212, 38.6424397 ], [ 141.3892493, 38.642394 ], [ 141.3889228, 38.6423243 ], [ 141.3887407, 38.6422748 ], [ 141.3884948, 38.6422335 ], [ 141.3883209, 38.6422226 ], [ 141.3882062, 38.6422026 ], [ 141.3880865, 38.6421999 ], [ 141.3874856, 38.6421684 ], [ 141.386583, 38.6421654 ], [ 141.3862885, 38.6421648 ], [ 141.3857521, 38.6421425 ], [ 141.3855426, 38.6421286 ], [ 141.3851965, 38.642094 ], [ 141.3847765, 38.6420427 ], [ 141.3843408, 38.6419709 ], [ 141.3837107, 38.6418368 ], [ 141.3834243, 38.6417836 ], [ 141.3829994, 38.6417048 ], [ 141.3826391, 38.6416582 ], [ 141.3825407, 38.6416513 ], [ 141.3823566, 38.6416384 ], [ 141.3822428, 38.6416343 ], [ 141.3816375, 38.6416419 ], [ 141.3814892, 38.6416517 ], [ 141.3798333, 38.6417607 ], [ 141.3792575, 38.641749 ], [ 141.3783288, 38.6417057 ], [ 141.3782711, 38.6417037 ], [ 141.3776049, 38.6416928 ], [ 141.3769401, 38.6417188 ], [ 141.3751898, 38.6419607 ], [ 141.3750202, 38.6419779 ], [ 141.3748229, 38.6419979 ], [ 141.3745851, 38.6419959 ], [ 141.3742255, 38.6419886 ], [ 141.3738717, 38.6419479 ], [ 141.3735301, 38.6418717 ], [ 141.3731353, 38.6417412 ], [ 141.3729307, 38.6416509 ], [ 141.3727836, 38.6415859 ], [ 141.3724176, 38.641389 ], [ 141.3720994, 38.6412185 ], [ 141.3715171, 38.6408951 ], [ 141.3712836, 38.6407414 ], [ 141.3709448, 38.6404613 ], [ 141.3703235, 38.6398745 ], [ 141.3701086, 38.6397 ], [ 141.3700651, 38.6396656 ], [ 141.3699911, 38.6396204 ], [ 141.369663, 38.6394204 ], [ 141.3692093, 38.6391926 ], [ 141.3686945, 38.6389522 ], [ 141.3686277, 38.6389218 ], [ 141.3683788, 38.6387872 ], [ 141.3680948, 38.6385995 ], [ 141.3678394, 38.6383974 ], [ 141.3675853, 38.6381651 ], [ 141.3673861, 38.637969 ], [ 141.3673494, 38.6379337 ], [ 141.3670237, 38.6376351 ], [ 141.3668146, 38.637473 ], [ 141.3667506, 38.6374352 ], [ 141.3666487, 38.6373749 ], [ 141.3665236, 38.6373274 ], [ 141.3662618, 38.6372698 ], [ 141.3653419, 38.6371227 ], [ 141.3647832, 38.6370388 ], [ 141.3645233, 38.6369715 ], [ 141.3638168, 38.6367231 ], [ 141.3635336, 38.6366214 ], [ 141.3631797, 38.6364665 ], [ 141.3627133, 38.6362082 ], [ 141.3625321, 38.6360933 ], [ 141.3622475, 38.6359001 ], [ 141.3618595, 38.6356365 ], [ 141.3617261, 38.635539 ], [ 141.3615754, 38.6354188 ], [ 141.3614874, 38.6353391 ], [ 141.3612952, 38.6351649 ], [ 141.3610625, 38.6349708 ], [ 141.3609054, 38.6348515 ], [ 141.3607734, 38.6347517 ], [ 141.3604287, 38.6345517 ], [ 141.3600708, 38.6343918 ], [ 141.359964, 38.6343569 ], [ 141.3592183, 38.634144 ], [ 141.3589793, 38.6340756 ], [ 141.3583815, 38.6338555 ], [ 141.3580889, 38.6337322 ], [ 141.3578189, 38.6336193 ], [ 141.3577169, 38.6335739 ], [ 141.3572293, 38.6333394 ], [ 141.3569478, 38.633222 ], [ 141.3542721, 38.6322452 ], [ 141.3541223, 38.6321938 ], [ 141.3538657, 38.632069 ], [ 141.3532308, 38.6317891 ], [ 141.352844, 38.6316078 ], [ 141.3522904, 38.6313525 ], [ 141.3519912, 38.6312149 ], [ 141.3516929, 38.6310793 ], [ 141.3513438, 38.6309009 ], [ 141.3512484, 38.6308408 ], [ 141.3511048, 38.6307231 ], [ 141.3509747, 38.6305558 ], [ 141.3508337, 38.6303419 ], [ 141.3507566, 38.630146 ], [ 141.3506939, 38.6298136 ], [ 141.3506809, 38.6296835 ], [ 141.3506733, 38.6296144 ], [ 141.3506361, 38.6293047 ], [ 141.3505894, 38.6291354 ], [ 141.3505224, 38.6289742 ], [ 141.350417, 38.628798 ], [ 141.3503209, 38.6286885 ], [ 141.3502857, 38.6286517 ], [ 141.3502188, 38.6285839 ], [ 141.3500729, 38.6284536 ], [ 141.3498839, 38.6283441 ], [ 141.3497806, 38.6282911 ], [ 141.3495193, 38.62819 ], [ 141.3493207, 38.6281342 ], [ 141.3492655, 38.6281206 ], [ 141.3479441, 38.6278248 ], [ 141.3478184, 38.6277964 ], [ 141.3474098, 38.6277002 ], [ 141.3472375, 38.6276667 ], [ 141.346892, 38.6275847 ], [ 141.3461604, 38.6273807 ], [ 141.3450795, 38.6270358 ], [ 141.3448214, 38.6269655 ], [ 141.3444833, 38.626888 ], [ 141.3440109, 38.6268018 ], [ 141.3431691, 38.6267059 ], [ 141.3424353, 38.626616 ], [ 141.3417978, 38.6265173 ], [ 141.3416842, 38.626496 ], [ 141.341354, 38.6264338 ], [ 141.3403652, 38.6262117 ], [ 141.3396145, 38.6260229 ], [ 141.3380173, 38.6256142 ], [ 141.3374508, 38.6254329 ], [ 141.3367136, 38.6251712 ], [ 141.3362501, 38.6249794 ], [ 141.3359093, 38.6248252 ], [ 141.3340246, 38.6239864 ], [ 141.333733, 38.6238622 ], [ 141.3333817, 38.6237291 ], [ 141.3332724, 38.6236878 ], [ 141.3324487, 38.6234196 ], [ 141.3308031, 38.6228989 ], [ 141.3307484, 38.6228808 ], [ 141.3304287, 38.622764 ], [ 141.3298512, 38.62255 ], [ 141.329505, 38.6224148 ], [ 141.3291975, 38.6222967 ], [ 141.3288054, 38.6221142 ], [ 141.3286945, 38.6220528 ], [ 141.3284518, 38.6219119 ], [ 141.3282639, 38.6217781 ], [ 141.3281112, 38.6216455 ], [ 141.3278805, 38.621418 ], [ 141.3276999, 38.6211982 ], [ 141.3273236, 38.6206257 ], [ 141.3272972, 38.6205855 ], [ 141.3272497, 38.6205132 ], [ 141.3272206, 38.6204696 ], [ 141.3260557, 38.618918 ], [ 141.3259352, 38.6187769 ], [ 141.3250482, 38.6179087 ], [ 141.323941, 38.6168249 ], [ 141.323864, 38.6167573 ], [ 141.3236933, 38.6166514 ], [ 141.3236118, 38.6166221 ], [ 141.3235482, 38.6165996 ], [ 141.3234335, 38.6165713 ], [ 141.3230657, 38.6165391 ], [ 141.3224834, 38.6165249 ], [ 141.3218449, 38.6165142 ], [ 141.3214415, 38.616476 ], [ 141.3212462, 38.6164424 ], [ 141.3210304, 38.6163811 ], [ 141.3208152, 38.6163014 ], [ 141.320637, 38.6162123 ], [ 141.3205817, 38.6161773 ], [ 141.3202996, 38.6160002 ], [ 141.3200648, 38.6158247 ], [ 141.3197493, 38.6155941 ], [ 141.3191193, 38.6151235 ], [ 141.3188963, 38.6149524 ], [ 141.318718, 38.6148176 ], [ 141.3186367, 38.6147509 ], [ 141.3185598, 38.6146915 ], [ 141.3183775, 38.6145508 ], [ 141.3180866, 38.6142997 ], [ 141.3178683, 38.6141138 ], [ 141.3176629, 38.6139213 ], [ 141.3175975, 38.6138473 ], [ 141.3173477, 38.613565 ], [ 141.3170833, 38.613233 ], [ 141.3168547, 38.612998 ], [ 141.3168051, 38.612961 ], [ 141.3166968, 38.6128798 ], [ 141.3164949, 38.612757 ], [ 141.3163724, 38.6126962 ], [ 141.3161737, 38.6126063 ], [ 141.3158677, 38.6124854 ], [ 141.3155197, 38.6123882 ], [ 141.3152211, 38.6123404 ], [ 141.3149767, 38.6123128 ], [ 141.3145577, 38.6123079 ], [ 141.3142124, 38.6123046 ], [ 141.3139395, 38.6122925 ], [ 141.3137001, 38.6122653 ], [ 141.3134411, 38.6122149 ], [ 141.3132663, 38.6121622 ], [ 141.3130487, 38.6120635 ], [ 141.3128516, 38.6119547 ], [ 141.3126516, 38.6118132 ], [ 141.3124254, 38.6116122 ], [ 141.3122608, 38.6114633 ], [ 141.3117901, 38.6111122 ], [ 141.3115046, 38.6109455 ], [ 141.3112587, 38.6108323 ], [ 141.3109251, 38.6106576 ], [ 141.3106722, 38.6104996 ], [ 141.3106079, 38.6104639 ], [ 141.3105658, 38.6104404 ], [ 141.3102237, 38.610258 ], [ 141.3093249, 38.6097789 ], [ 141.3089733, 38.6096098 ], [ 141.3084064, 38.6093734 ], [ 141.3083604, 38.6093578 ], [ 141.3076457, 38.6091146 ], [ 141.3066913, 38.608844 ], [ 141.3061602, 38.6086696 ], [ 141.3057366, 38.6084609 ], [ 141.3055109, 38.6083185 ], [ 141.3054066, 38.6082526 ], [ 141.3051052, 38.6080104 ], [ 141.3048899, 38.6077852 ], [ 141.3047247, 38.6075768 ], [ 141.3045096, 38.6072162 ], [ 141.304438, 38.6070303 ], [ 141.3043733, 38.6067824 ], [ 141.3042658, 38.6062193 ], [ 141.3042011, 38.6058196 ], [ 141.3041366, 38.605521 ], [ 141.3040936, 38.6053857 ], [ 141.3039141, 38.605059 ], [ 141.3037202, 38.6047999 ], [ 141.3036557, 38.6047421 ], [ 141.3034594, 38.6045674 ], [ 141.3031926, 38.6043434 ], [ 141.3027678, 38.6039923 ], [ 141.3024973, 38.6037267 ], [ 141.3023796, 38.6035067 ], [ 141.3023218, 38.603293 ], [ 141.3023052, 38.603199 ], [ 141.3023055, 38.6030968 ], [ 141.3023059, 38.6029694 ], [ 141.3023971, 38.6026626 ], [ 141.3024933, 38.6024232 ], [ 141.3025606, 38.6022702 ], [ 141.3026369, 38.6020966 ], [ 141.3031223, 38.600863 ], [ 141.3031594, 38.6007495 ], [ 141.3033122, 38.6002908 ], [ 141.303412, 38.6000691 ], [ 141.3034435, 38.5999852 ], [ 141.3035666, 38.5996576 ], [ 141.3036474, 38.5994132 ], [ 141.3037637, 38.5990244 ], [ 141.3038209, 38.5987319 ], [ 141.3038686, 38.5984967 ], [ 141.3039, 38.5979616 ], [ 141.303889, 38.5973726 ], [ 141.3038646, 38.5968138 ], [ 141.3039052, 38.5964269 ], [ 141.3039238, 38.5962018 ], [ 141.3040871, 38.5958224 ], [ 141.3041967, 38.595673 ], [ 141.3043746, 38.5954218 ], [ 141.3046479, 38.5949967 ], [ 141.304719, 38.5948117 ], [ 141.3047703, 38.594678 ], [ 141.3048785, 38.5942492 ], [ 141.3049226, 38.5938977 ], [ 141.304909, 38.5936016 ], [ 141.3048674, 38.5934379 ], [ 141.304805, 38.5931921 ], [ 141.3047658, 38.592931 ], [ 141.3046899, 38.5924246 ], [ 141.3047012, 38.59192 ], [ 141.3047174, 38.5916519 ], [ 141.3047395, 38.5912839 ], [ 141.3048476, 38.5907601 ], [ 141.3048067, 38.5904161 ], [ 141.3047932, 38.5902777 ], [ 141.3047692, 38.5900269 ], [ 141.3047048, 38.5897058 ], [ 141.3046903, 38.5895933 ], [ 141.3046689, 38.5895369 ], [ 141.3046263, 38.5893141 ], [ 141.304597, 38.5891649 ], [ 141.3044609, 38.5886863 ], [ 141.3044106, 38.5885172 ], [ 141.3042312, 38.5880388 ], [ 141.3041387, 38.5877313 ], [ 141.3041092, 38.5876333 ], [ 141.304059, 38.5873066 ], [ 141.304059, 38.5867658 ], [ 141.3040782, 38.5862644 ], [ 141.3041793, 38.5850197 ], [ 141.3041721, 38.5849519 ], [ 141.304201, 38.5843407 ], [ 141.3042154, 38.5840733 ], [ 141.3042013, 38.5838141 ], [ 141.304151, 38.5834761 ], [ 141.3040989, 38.5833245 ], [ 141.3040686, 38.5832363 ], [ 141.304039, 38.5831503 ], [ 141.3039553, 38.5829066 ], [ 141.303721, 38.5823216 ], [ 141.303669, 38.5822233 ], [ 141.3034557, 38.5818203 ], [ 141.3032405, 38.5814822 ], [ 141.3028709, 38.5810825 ], [ 141.3025124, 38.5806782 ], [ 141.3023054, 38.5804502 ], [ 141.3021266, 38.5802168 ], [ 141.3020365, 38.5800686 ], [ 141.3019863, 38.5798883 ], [ 141.301823, 38.5787608 ], [ 141.3018071, 38.5780348 ], [ 141.3017857, 38.5777758 ], [ 141.3017857, 38.5776584 ], [ 141.301664, 38.5769191 ], [ 141.3016211, 38.5766946 ], [ 141.3015514, 38.5764888 ], [ 141.3014991, 38.5763339 ], [ 141.3014274, 38.5760411 ], [ 141.3011263, 38.5750159 ], [ 141.3010833, 38.5748414 ], [ 141.3009975, 38.5745598 ], [ 141.3008111, 38.5741428 ], [ 141.3007536, 38.5739234 ], [ 141.3007177, 38.5736473 ], [ 141.300725, 38.5732528 ], [ 141.3007611, 38.5729881 ], [ 141.3009189, 38.5722278 ], [ 141.3009475, 38.5720081 ], [ 141.301055, 38.5715237 ], [ 141.3011212, 38.5711818 ], [ 141.3011556, 38.5710056 ], [ 141.301177, 38.5706956 ], [ 141.3011698, 38.570352 ], [ 141.3011556, 38.570262 ], [ 141.3011412, 38.5699803 ], [ 141.3010623, 38.5695356 ], [ 141.3009978, 38.568927 ], [ 141.3009476, 38.5685834 ], [ 141.3009334, 38.5684315 ], [ 141.3008759, 38.5682062 ], [ 141.3007512, 38.5677315 ], [ 141.30048, 38.5671033 ], [ 141.300392, 38.566646 ], [ 141.3000447, 38.56543 ], [ 141.3000002, 38.5652441 ], [ 141.2999729, 38.5651307 ], [ 141.2999157, 38.564922 ], [ 141.2998726, 38.564714 ], [ 141.2996076, 38.5636842 ], [ 141.2995143, 38.5633395 ], [ 141.2994857, 38.5631537 ], [ 141.2995073, 38.5627932 ], [ 141.2996714, 38.5622628 ], [ 141.2999844, 38.561842 ], [ 141.3004434, 38.5614588 ], [ 141.3007902, 38.5613004 ], [ 141.3016863, 38.5610357 ], [ 141.3022813, 38.5608274 ], [ 141.3024252, 38.5607709 ], [ 141.3025967, 38.5607034 ], [ 141.3026256, 38.560692 ], [ 141.302855, 38.5605681 ], [ 141.3032061, 38.5603487 ], [ 141.3033567, 38.5602417 ], [ 141.3040234, 38.5597628 ], [ 141.3042029, 38.559639 ], [ 141.3045254, 38.5593684 ], [ 141.3047476, 38.5591489 ], [ 141.3052565, 38.5586645 ], [ 141.3053642, 38.5585405 ], [ 141.3055786, 38.5583187 ], [ 141.3060449, 38.5578364 ], [ 141.3062173, 38.5576107 ], [ 141.3063246, 38.5574648 ], [ 141.3067188, 38.556952 ], [ 141.3069939, 38.5565954 ], [ 141.3071919, 38.5563384 ], [ 141.3074428, 38.5559834 ], [ 141.3076989, 38.5556239 ], [ 141.3078438, 38.5553794 ], [ 141.3078545, 38.5552965 ], [ 141.3079017, 38.554992 ], [ 141.3079017, 38.5548009 ], [ 141.3078803, 38.554705 ], [ 141.3078086, 38.5544684 ], [ 141.3074623, 38.5535112 ], [ 141.307197, 38.5528465 ], [ 141.3071483, 38.5527531 ], [ 141.3070278, 38.5525695 ], [ 141.3069823, 38.5525001 ], [ 141.3069274, 38.5524408 ], [ 141.3067766, 38.5522827 ], [ 141.3064467, 38.5519676 ], [ 141.3060756, 38.551631 ], [ 141.3058375, 38.5514154 ], [ 141.3058086, 38.5513759 ], [ 141.3055509, 38.5511282 ], [ 141.3055008, 38.5510493 ], [ 141.3053312, 38.5506479 ], [ 141.3051093, 38.5501339 ], [ 141.3049004, 38.5497533 ], [ 141.3045077, 38.5491161 ], [ 141.3043836, 38.5487066 ], [ 141.3043761, 38.5481337 ], [ 141.3043542, 38.5479626 ], [ 141.3042681, 38.5474557 ], [ 141.304182, 38.5469879 ], [ 141.3039384, 38.5459293 ], [ 141.3038309, 38.5453771 ], [ 141.3037878, 38.5451124 ], [ 141.3037792, 38.5445735 ], [ 141.3037448, 38.5442282 ], [ 141.3036662, 38.5436649 ], [ 141.3036376, 38.5433659 ], [ 141.3035946, 38.5425607 ], [ 141.3035801, 38.5424199 ], [ 141.3035801, 38.5420775 ], [ 141.3035801, 38.5419527 ], [ 141.3036309, 38.5416521 ], [ 141.3036448, 38.5415696 ], [ 141.3037451, 38.5412993 ], [ 141.3039388, 38.5409105 ], [ 141.3041752, 38.5404878 ], [ 141.3042255, 38.540381 ], [ 141.304548, 38.539728 ], [ 141.3048277, 38.5391701 ], [ 141.3048655, 38.5391173 ], [ 141.3049385, 38.5390423 ], [ 141.3049736, 38.5390138 ], [ 141.3051719, 38.5388605 ], [ 141.305688, 38.5385393 ], [ 141.3058886, 38.5383927 ], [ 141.3060583, 38.5382349 ], [ 141.3061295, 38.5381542 ], [ 141.3062348, 38.5380346 ], [ 141.3062615, 38.5380042 ], [ 141.3063833, 38.5378355 ], [ 141.3065195, 38.5375874 ], [ 141.3067131, 38.5372382 ], [ 141.3071287, 38.5365621 ], [ 141.3075015, 38.5359541 ], [ 141.3079604, 38.5352724 ], [ 141.308204, 38.5348668 ], [ 141.3082924, 38.5346771 ], [ 141.3083904, 38.5344668 ], [ 141.3084118, 38.5343656 ], [ 141.3084291, 38.5342865 ], [ 141.308483, 38.5340574 ], [ 141.30854, 38.5335279 ], [ 141.3085613, 38.5333188 ], [ 141.308582, 38.5331161 ], [ 141.3085941, 38.5329975 ], [ 141.3086281, 38.5326113 ], [ 141.3086605, 38.5323338 ], [ 141.3087162, 38.5318574 ], [ 141.3087645, 38.5314603 ], [ 141.3089242, 38.5308395 ], [ 141.3090173, 38.5306543 ], [ 141.3091197, 38.5304784 ], [ 141.309251, 38.5303065 ], [ 141.3097072, 38.5297568 ], [ 141.3097358, 38.5297244 ], [ 141.3099479, 38.5294755 ], [ 141.3100993, 38.5292302 ], [ 141.31022, 38.5290111 ], [ 141.3103462, 38.5287668 ], [ 141.310365, 38.5287241 ], [ 141.3110503, 38.5269589 ], [ 141.3114449, 38.5261421 ], [ 141.3117799, 38.5253662 ], [ 141.3118686, 38.5251669 ], [ 141.3119537, 38.5249855 ], [ 141.3120902, 38.5246946 ], [ 141.312176, 38.5244579 ], [ 141.3121905, 38.5244071 ], [ 141.3122744, 38.5241505 ], [ 141.3123344, 38.5238776 ], [ 141.3123552, 38.5236074 ], [ 141.3123635, 38.5234584 ], [ 141.3123498, 38.5231471 ], [ 141.3123389, 38.5230555 ], [ 141.3123307, 38.5230068 ], [ 141.312305, 38.5228835 ], [ 141.3122411, 38.5226769 ], [ 141.3121636, 38.5225062 ], [ 141.3120686, 38.5223119 ], [ 141.3116708, 38.5216799 ], [ 141.3116413, 38.5216395 ], [ 141.3107947, 38.5205408 ], [ 141.3106733, 38.5203777 ], [ 141.3105703, 38.5202175 ], [ 141.3105215, 38.5201388 ], [ 141.310413, 38.5199316 ], [ 141.3103393, 38.519702 ], [ 141.3102781, 38.5194266 ], [ 141.3102606, 38.5192122 ], [ 141.3102625, 38.5190167 ], [ 141.3102914, 38.5187 ], [ 141.3103641, 38.5183765 ], [ 141.3106079, 38.5175619 ], [ 141.3106529, 38.5172974 ], [ 141.310648, 38.5169802 ], [ 141.3106223, 38.5168264 ], [ 141.3105761, 38.5166548 ], [ 141.3104525, 38.5163605 ], [ 141.3103459, 38.5161661 ], [ 141.3102143, 38.5159886 ], [ 141.3101814, 38.5159488 ], [ 141.3100501, 38.5158064 ], [ 141.3100143, 38.5157675 ], [ 141.3099114, 38.5156682 ], [ 141.3097608, 38.515556 ], [ 141.3096796, 38.515492 ], [ 141.3095984, 38.5154279 ], [ 141.3089935, 38.5149358 ], [ 141.308383, 38.5144393 ], [ 141.3060892, 38.5125736 ], [ 141.3059858, 38.5124948 ], [ 141.3058005, 38.5123655 ], [ 141.3054817, 38.5121174 ], [ 141.3052756, 38.511957 ], [ 141.3050092, 38.511745 ], [ 141.3049152, 38.5116691 ], [ 141.3039805, 38.5109142 ], [ 141.3035314, 38.5105277 ], [ 141.3033508, 38.5103722 ], [ 141.3032173, 38.5102335 ], [ 141.3030691, 38.5100491 ], [ 141.3029444, 38.5098627 ], [ 141.3028719, 38.5097409 ], [ 141.3028119, 38.5096172 ], [ 141.3027647, 38.5095133 ], [ 141.3026947, 38.5093071 ], [ 141.302637, 38.5090767 ], [ 141.3026099, 38.5089296 ], [ 141.3026026, 38.5083883 ], [ 141.3026096, 38.5083191 ], [ 141.3027413, 38.5070218 ], [ 141.3027518, 38.5067979 ], [ 141.3027358, 38.5064734 ], [ 141.3026681, 38.5061344 ], [ 141.3025363, 38.5058176 ], [ 141.3024414, 38.5056224 ], [ 141.3022602, 38.5053381 ], [ 141.3021625, 38.5052002 ], [ 141.3015027, 38.5042687 ], [ 141.3008, 38.5032762 ], [ 141.300638, 38.5030389 ], [ 141.3001951, 38.5023591 ], [ 141.300027, 38.5021651 ], [ 141.2998925, 38.5020126 ], [ 141.2998254, 38.5019574 ], [ 141.2996249, 38.5017923 ], [ 141.2995111, 38.501708 ], [ 141.2993304, 38.5015916 ], [ 141.2991186, 38.5014692 ], [ 141.2988483, 38.5013497 ], [ 141.2986237, 38.5012619 ], [ 141.2983073, 38.5011712 ], [ 141.2977896, 38.5010501 ], [ 141.2974111, 38.5009675 ], [ 141.2954775, 38.5005454 ], [ 141.2941733, 38.500235 ], [ 141.2935429, 38.500104 ], [ 141.2929571, 38.499983 ], [ 141.2925709, 38.4998955 ], [ 141.2916656, 38.4996891 ], [ 141.291343, 38.4996175 ], [ 141.2910044, 38.4995146 ], [ 141.2907661, 38.4994346 ], [ 141.290448, 38.4992986 ], [ 141.2903652, 38.4992533 ], [ 141.2902535, 38.4991915 ], [ 141.2901296, 38.4991199 ], [ 141.2900436, 38.4990697 ], [ 141.2897996, 38.4988958 ], [ 141.2895421, 38.4986564 ], [ 141.2894213, 38.4985201 ], [ 141.2893292, 38.4983953 ], [ 141.2891943, 38.4981865 ], [ 141.2890228, 38.4978248 ], [ 141.2889568, 38.497622 ], [ 141.288916, 38.4973915 ], [ 141.2889054, 38.4971726 ], [ 141.2889176, 38.4969267 ], [ 141.288967, 38.4966793 ], [ 141.288992, 38.496554 ], [ 141.2890226, 38.496457 ], [ 141.2891425, 38.4958127 ], [ 141.2892733, 38.4953927 ], [ 141.2893741, 38.4950347 ], [ 141.290411, 38.4920748 ], [ 141.2906086, 38.4916688 ], [ 141.2909863, 38.4909666 ], [ 141.2913225, 38.4901312 ], [ 141.2914039, 38.4898509 ], [ 141.2915324, 38.4893329 ], [ 141.2915863, 38.4888544 ], [ 141.2916581, 38.4883447 ], [ 141.2916512, 38.4879758 ], [ 141.2916459, 38.4877126 ], [ 141.2916346, 38.4873893 ], [ 141.2915768, 38.4870652 ], [ 141.2915154, 38.4867694 ], [ 141.2914012, 38.4863198 ], [ 141.2913304, 38.4861403 ], [ 141.291274, 38.4860078 ], [ 141.2910504, 38.4855043 ], [ 141.2910145, 38.4854289 ], [ 141.290701, 38.4848394 ], [ 141.2906485, 38.4847586 ], [ 141.2897228, 38.4835804 ], [ 141.2894888, 38.4833191 ], [ 141.2886655, 38.4824064 ], [ 141.2881115, 38.4817874 ], [ 141.2876429, 38.4812653 ], [ 141.2874716, 38.4810748 ], [ 141.2868652, 38.4803992 ], [ 141.2864848, 38.4799635 ], [ 141.2862837, 38.4797332 ], [ 141.2862554, 38.4797015 ], [ 141.285654, 38.4789983 ], [ 141.2856075, 38.478941 ], [ 141.2852397, 38.478467 ], [ 141.2850496, 38.4782107 ], [ 141.284722, 38.477726 ], [ 141.2845051, 38.4773472 ], [ 141.28441, 38.4771618 ], [ 141.2842105, 38.4767256 ], [ 141.2840568, 38.4763237 ], [ 141.2838254, 38.4755903 ], [ 141.2837825, 38.4753826 ], [ 141.2837267, 38.4750972 ], [ 141.2836837, 38.4748609 ], [ 141.2836211, 38.4744813 ], [ 141.2835754, 38.4742032 ], [ 141.2835315, 38.4739015 ], [ 141.2835261, 38.473855 ], [ 141.2835263, 38.4736754 ], [ 141.2835406, 38.473307 ], [ 141.2835978, 38.4728564 ], [ 141.283637, 38.4726138 ], [ 141.2836637, 38.4724656 ], [ 141.2836713, 38.4723661 ], [ 141.2837626, 38.4716228 ], [ 141.2840276, 38.4702823 ], [ 141.2842282, 38.4692795 ], [ 141.2843499, 38.468615 ], [ 141.2845313, 38.4677275 ], [ 141.2848821, 38.4666525 ], [ 141.2849927, 38.4663133 ], [ 141.2850635, 38.4659141 ], [ 141.2851079, 38.4655626 ], [ 141.285142, 38.4653176 ], [ 141.2851629, 38.4651396 ], [ 141.2851734, 38.4648567 ], [ 141.2851595, 38.4644385 ], [ 141.2850987, 38.464016 ], [ 141.2850297, 38.4636696 ], [ 141.2849233, 38.4633276 ], [ 141.2847503, 38.4628784 ], [ 141.284493, 38.4623469 ], [ 141.2840004, 38.4614747 ], [ 141.2838238, 38.4611887 ], [ 141.2835865, 38.4607686 ], [ 141.2833984, 38.460406 ], [ 141.2833675, 38.4603464 ], [ 141.2832132, 38.4600626 ], [ 141.2831715, 38.4599522 ], [ 141.2830004, 38.4595757 ], [ 141.2828709, 38.4592147 ], [ 141.2827006, 38.4586193 ], [ 141.2826537, 38.4583193 ], [ 141.2825704, 38.4577857 ], [ 141.2824764, 38.4571837 ], [ 141.2824917, 38.4563755 ], [ 141.2825118, 38.4559027 ], [ 141.2826042, 38.4554436 ], [ 141.2826797, 38.4550782 ], [ 141.2828343, 38.4545644 ], [ 141.2830058, 38.4540746 ], [ 141.2833834, 38.4532313 ], [ 141.2837155, 38.4524897 ], [ 141.2838199, 38.4521031 ], [ 141.283878, 38.4518363 ], [ 141.2839176, 38.4514862 ], [ 141.2839313, 38.4512345 ], [ 141.2838904, 38.450755 ], [ 141.2838031, 38.450078 ], [ 141.2837963, 38.449986 ], [ 141.2837909, 38.4499119 ], [ 141.2837798, 38.4495493 ], [ 141.2838121, 38.4491906 ], [ 141.2839024, 38.4489043 ], [ 141.2840085, 38.4486267 ], [ 141.284106, 38.448433 ], [ 141.2841185, 38.4484117 ], [ 141.284257, 38.4481857 ], [ 141.2843766, 38.4480199 ], [ 141.2848905, 38.4473085 ], [ 141.2851551, 38.447003 ], [ 141.2852995, 38.446773 ], [ 141.2853818, 38.4465968 ], [ 141.2855233, 38.4462965 ], [ 141.2855805, 38.4460513 ], [ 141.2856941, 38.4457156 ], [ 141.285769, 38.4450293 ], [ 141.2857931, 38.4444105 ], [ 141.28581, 38.4439411 ], [ 141.2858041, 38.4431603 ], [ 141.2858008, 38.4429115 ], [ 141.285851, 38.4420084 ], [ 141.2858147, 38.4416829 ], [ 141.2858001, 38.4415581 ], [ 141.2857501, 38.4412983 ], [ 141.2856396, 38.440959 ], [ 141.28547, 38.44062 ], [ 141.2853898, 38.4404875 ], [ 141.2853065, 38.4403816 ], [ 141.2852368, 38.440293 ], [ 141.2850581, 38.4401129 ], [ 141.2848548, 38.4399359 ], [ 141.2845721, 38.4397164 ], [ 141.2843936, 38.4396027 ], [ 141.2842084, 38.439511 ], [ 141.2835425, 38.4391732 ], [ 141.2834208, 38.4391113 ], [ 141.2833928, 38.4390972 ], [ 141.2829486, 38.4388746 ], [ 141.2822247, 38.4385139 ], [ 141.281947, 38.4383793 ], [ 141.2806644, 38.437748 ], [ 141.2801522, 38.437486 ], [ 141.2792042, 38.4370325 ], [ 141.2789821, 38.4369144 ], [ 141.2788101, 38.43683 ], [ 141.2782446, 38.4365428 ], [ 141.2773351, 38.4360753 ], [ 141.2768554, 38.4358386 ], [ 141.2766676, 38.435742 ], [ 141.2762771, 38.4355391 ], [ 141.2754737, 38.4351345 ], [ 141.27505, 38.4349179 ], [ 141.2747792, 38.4347795 ], [ 141.274139, 38.4344532 ], [ 141.2731966, 38.4339684 ], [ 141.272538, 38.4336362 ], [ 141.272166, 38.4334445 ], [ 141.2716219, 38.4331684 ], [ 141.27092, 38.4328193 ], [ 141.2702685, 38.4324982 ], [ 141.2698413, 38.4322761 ], [ 141.2670178, 38.430796 ], [ 141.2665956, 38.4306566 ], [ 141.2664677, 38.430604 ], [ 141.2663045, 38.4305395 ], [ 141.2661838, 38.4305268 ], [ 141.2659318, 38.4305276 ], [ 141.2641217, 38.4305729 ], [ 141.2613368, 38.4306628 ], [ 141.2578598, 38.4307638 ], [ 141.2553418, 38.4308613 ], [ 141.2529553, 38.4309863 ], [ 141.2501922, 38.431101 ], [ 141.2487233, 38.4312089 ], [ 141.2466665, 38.4314091 ], [ 141.2460485, 38.431459 ], [ 141.245394, 38.4314613 ], [ 141.2450424, 38.4314625 ], [ 141.2446179, 38.4314163 ], [ 141.2439492, 38.4312864 ], [ 141.2435196, 38.4311964 ], [ 141.2429823, 38.4310497 ], [ 141.2423885, 38.4308528 ], [ 141.2419659, 38.4306836 ], [ 141.2419541, 38.4306776 ], [ 141.2416774, 38.4305374 ], [ 141.2413359, 38.4303345 ], [ 141.2412929, 38.4303175 ], [ 141.2410419, 38.4301682 ], [ 141.2405267, 38.4298501 ], [ 141.2401401, 38.4296418 ], [ 141.2398181, 38.4295151 ], [ 141.239682, 38.4294615 ], [ 141.2391664, 38.4293151 ], [ 141.2389658, 38.4292757 ], [ 141.2387298, 38.4292418 ], [ 141.2384789, 38.4292193 ], [ 141.2380995, 38.4292137 ], [ 141.2375845, 38.4291985 ], [ 141.2374691, 38.4291872 ], [ 141.2373738, 38.4291686 ], [ 141.2372349, 38.4291414 ], [ 141.2370393, 38.4290744 ], [ 141.2368724, 38.4289967 ], [ 141.2361657, 38.4283976 ], [ 141.2360302, 38.4282714 ], [ 141.2356036, 38.4277777 ], [ 141.2353596, 38.4274451 ], [ 141.2352707, 38.427325 ], [ 141.2351643, 38.4272167 ], [ 141.2350301, 38.4270985 ], [ 141.2348807, 38.4270224 ], [ 141.2346951, 38.4269746 ], [ 141.2344501, 38.4269259 ], [ 141.2341278, 38.4268623 ], [ 141.2334461, 38.4267434 ], [ 141.2330408, 38.4266622 ], [ 141.2315394, 38.4263423 ], [ 141.2308085, 38.4262116 ], [ 141.2297378, 38.4259555 ], [ 141.2279038, 38.4254754 ], [ 141.2260726, 38.4249484 ], [ 141.2234376, 38.4240609 ], [ 141.2222112, 38.4236454 ], [ 141.2200304, 38.4230612 ], [ 141.2179227, 38.4223536 ], [ 141.2168058, 38.421988 ], [ 141.2151719, 38.4214517 ], [ 141.2114804, 38.420233 ], [ 141.2108844, 38.420039 ], [ 141.2103549, 38.4198643 ], [ 141.2100402, 38.4197356 ], [ 141.2097571, 38.4196165 ], [ 141.209018, 38.4193349 ], [ 141.2088035, 38.4192504 ], [ 141.2084023, 38.4191035 ], [ 141.2080171, 38.4189688 ], [ 141.207781, 38.4188505 ], [ 141.2076307, 38.4187491 ], [ 141.2074162, 38.4185744 ], [ 141.2072731, 38.4184498 ], [ 141.207191, 38.4183784 ], [ 141.2071089, 38.418307 ], [ 141.2069359, 38.4181557 ], [ 141.2055495, 38.4169037 ], [ 141.197204, 38.4094343 ], [ 141.1928162, 38.4055599 ], [ 141.1923046, 38.4050275 ], [ 141.1916464, 38.4042571 ], [ 141.1911132, 38.4033447 ], [ 141.1908908, 38.4030227 ], [ 141.190619, 38.4026847 ], [ 141.190383, 38.4024257 ], [ 141.1901038, 38.4021721 ], [ 141.189778, 38.4019153 ], [ 141.1897179, 38.4018688 ], [ 141.1897035, 38.4018602 ], [ 141.189693, 38.4018537 ], [ 141.1893174, 38.4016202 ], [ 141.1888599, 38.4014063 ], [ 141.1885666, 38.401316 ], [ 141.1884881, 38.4013049 ], [ 141.1882837, 38.401273 ], [ 141.1876538, 38.4011957 ], [ 141.1862969, 38.4010222 ], [ 141.1859373, 38.4009579 ], [ 141.1857559, 38.4009161 ], [ 141.1856273, 38.4008877 ], [ 141.1853684, 38.4007935 ], [ 141.1851911, 38.4007302 ], [ 141.1849839, 38.4006347 ], [ 141.1846093, 38.4004533 ], [ 141.1842831, 38.4003022 ], [ 141.1839611, 38.4001502 ], [ 141.1836964, 38.4000319 ], [ 141.1836065, 38.3999878 ], [ 141.18338, 38.3998765 ], [ 141.1831311, 38.3997542 ], [ 141.1825307, 38.3994391 ], [ 141.1820874, 38.3992264 ], [ 141.1813735, 38.3989106 ], [ 141.1813152, 38.3988883 ], [ 141.1810956, 38.3988095 ], [ 141.1808435, 38.3987192 ], [ 141.1804143, 38.3985897 ], [ 141.1798081, 38.3983778 ], [ 141.1792057, 38.3981673 ], [ 141.1784539, 38.3978987 ], [ 141.1758678, 38.397123 ], [ 141.1757023, 38.397073 ], [ 141.1750936, 38.3968831 ], [ 141.1750464, 38.3968679 ], [ 141.1746575, 38.3967423 ], [ 141.1743071, 38.3966579 ], [ 141.174238, 38.3966449 ], [ 141.1740466, 38.396619 ], [ 141.1738503, 38.3965936 ], [ 141.1736635, 38.396577 ], [ 141.1734443, 38.3965671 ], [ 141.1732257, 38.3965615 ], [ 141.1729086, 38.3965684 ], [ 141.1724756, 38.3965933 ], [ 141.1706428, 38.3967788 ], [ 141.1679523, 38.3970497 ], [ 141.1667024, 38.3971749 ], [ 141.1666913, 38.397176 ], [ 141.1659523, 38.3972575 ], [ 141.1658849, 38.397265 ], [ 141.1651604, 38.3973449 ], [ 141.1650387, 38.3973597 ], [ 141.1648387, 38.3973733 ], [ 141.1643552, 38.3973752 ], [ 141.1640448, 38.3973733 ], [ 141.1633294, 38.397328 ], [ 141.1631181, 38.397308 ], [ 141.162845, 38.397268 ], [ 141.1626789, 38.3972436 ], [ 141.1619555, 38.3971065 ], [ 141.1619064, 38.3970972 ], [ 141.1618442, 38.3970845 ], [ 141.1613272, 38.3969789 ], [ 141.1609919, 38.3969173 ], [ 141.1609356, 38.3969069 ], [ 141.1608782, 38.3968964 ], [ 141.1605244, 38.3968314 ], [ 141.1583554, 38.3963339 ], [ 141.1572977, 38.3961153 ], [ 141.1559548, 38.3957911 ], [ 141.155416, 38.3956428 ], [ 141.1553203, 38.3959031 ], [ 141.1552917, 38.3960212 ], [ 141.1552914, 38.3963481 ], [ 141.15532, 38.3965959 ], [ 141.1553342, 38.3969281 ], [ 141.1552983, 38.3971081 ], [ 141.1551911, 38.3974125 ], [ 141.1550053, 38.3978687 ], [ 141.1548764, 38.3981334 ], [ 141.1541901, 38.399282 ], [ 141.1537923, 38.3999004 ], [ 141.1537218, 38.4000099 ], [ 141.1536068, 38.4001781 ], [ 141.1530314, 38.4010337 ], [ 141.152817, 38.4013319 ], [ 141.1524804, 38.4016987 ], [ 141.1522363, 38.4019321 ], [ 141.1520797, 38.4020818 ], [ 141.1515864, 38.4024534 ], [ 141.1510786, 38.4027745 ], [ 141.1505646, 38.4030643 ], [ 141.1500462, 38.4033297 ], [ 141.1500438, 38.403331 ], [ 141.149448, 38.4036418 ], [ 141.1491188, 38.403839 ], [ 141.1487402, 38.4041262 ], [ 141.1483324, 38.4044865 ], [ 141.1480965, 38.4047232 ], [ 141.1476093, 38.4052535 ], [ 141.14746, 38.4054158 ], [ 141.147237, 38.4056923 ], [ 141.1471626, 38.4057812 ], [ 141.147136, 38.4058124 ], [ 141.1470771, 38.4058759 ], [ 141.1469495, 38.4060057 ], [ 141.1467429, 38.4062248 ], [ 141.1466659, 38.4063001 ], [ 141.1465015, 38.4065028 ], [ 141.1463656, 38.4067509 ], [ 141.1461795, 38.4072184 ], [ 141.1459795, 38.4078323 ], [ 141.1458509, 38.4083215 ], [ 141.1458078, 38.4084857 ], [ 141.1455716, 38.4093643 ], [ 141.1454358, 38.4098207 ], [ 141.1453572, 38.4100009 ], [ 141.1451283, 38.4103331 ], [ 141.1449708, 38.4105076 ], [ 141.1447805, 38.4106918 ], [ 141.144277, 38.4111444 ], [ 141.1439196, 38.4114315 ], [ 141.1436819, 38.4115541 ], [ 141.1433043, 38.4117751 ], [ 141.1429682, 38.4119776 ], [ 141.1426534, 38.4122087 ], [ 141.1423104, 38.4125015 ], [ 141.1418992, 38.4129046 ], [ 141.1417114, 38.4131034 ], [ 141.1413806, 38.4134537 ], [ 141.1412184, 38.413651 ], [ 141.1409936, 38.4138876 ], [ 141.1408042, 38.4140733 ], [ 141.1400932, 38.4146702 ], [ 141.1400388, 38.4147101 ], [ 141.1399553, 38.4147722 ], [ 141.1394569, 38.415149 ], [ 141.1390276, 38.4154307 ], [ 141.1385625, 38.4156838 ], [ 141.1380193, 38.4159318 ], [ 141.1375901, 38.4161063 ], [ 141.1371971, 38.4162416 ], [ 141.1365961, 38.4163938 ], [ 141.1364245, 38.4164333 ], [ 141.136024, 38.4165007 ], [ 141.1359953, 38.4165121 ], [ 141.1358667, 38.4165288 ], [ 141.1357951, 38.4165513 ], [ 141.1356527, 38.4165729 ], [ 141.1354162, 38.4166135 ], [ 141.1351418, 38.4166549 ], [ 141.1350442, 38.4166696 ], [ 141.1344436, 38.4167205 ], [ 141.1340504, 38.4167372 ], [ 141.1335019, 38.4167479 ], [ 141.1332849, 38.4166863 ], [ 141.1332031, 38.4166549 ], [ 141.133006, 38.4165794 ], [ 141.1328345, 38.4164895 ], [ 141.1324052, 38.4162416 ], [ 141.1317463, 38.4158093 ], [ 141.1312827, 38.4155094 ], [ 141.1310896, 38.4153741 ], [ 141.1308179, 38.4152164 ], [ 141.1306604, 38.415143 ], [ 141.1301243, 38.4149855 ], [ 141.1298166, 38.4149177 ], [ 141.1296443, 38.414884 ], [ 141.1284939, 38.4146586 ], [ 141.1282437, 38.4146025 ], [ 141.1278431, 38.4144842 ], [ 141.1274691, 38.4143256 ], [ 141.1273272, 38.414244 ], [ 141.1272353, 38.4141911 ], [ 141.1271208, 38.4141067 ], [ 141.1266919, 38.4136503 ], [ 141.1264565, 38.4133918 ], [ 141.1260695, 38.4129577 ], [ 141.1259266, 38.4128114 ], [ 141.125729, 38.4126443 ], [ 141.1252477, 38.4123329 ], [ 141.1251219, 38.4122534 ], [ 141.1245966, 38.4119212 ], [ 141.1240102, 38.4115776 ], [ 141.1238257, 38.4114809 ], [ 141.1237352, 38.4114433 ], [ 141.1235954, 38.4113834 ], [ 141.1234319, 38.4113177 ], [ 141.1233882, 38.4113001 ], [ 141.1229172, 38.4111718 ], [ 141.122778, 38.4111604 ], [ 141.1223882, 38.4111304 ], [ 141.1219315, 38.4110679 ], [ 141.1217623, 38.4110173 ], [ 141.1215787, 38.4109443 ], [ 141.1210067, 38.410716 ], [ 141.1205937, 38.410553 ], [ 141.1200339, 38.4103274 ], [ 141.1194422, 38.4100901 ], [ 141.1194011, 38.4100736 ], [ 141.1192333, 38.4100063 ], [ 141.1188969, 38.4098938 ], [ 141.1183877, 38.4097525 ], [ 141.1182605, 38.4097305 ], [ 141.1176959, 38.4096007 ], [ 141.1170739, 38.4094825 ], [ 141.1166873, 38.4094117 ], [ 141.1165514, 38.4093869 ], [ 141.1160933, 38.4093163 ], [ 141.1159218, 38.4092852 ], [ 141.115679, 38.4092346 ], [ 141.1151282, 38.4091838 ], [ 141.1146124, 38.4091803 ], [ 141.1143993, 38.4091888 ], [ 141.11416, 38.4092175 ], [ 141.1133948, 38.4093061 ], [ 141.1131317, 38.4093475 ], [ 141.1129314, 38.4093852 ], [ 141.1118383, 38.4095725 ], [ 141.1114645, 38.4096405 ], [ 141.1114123, 38.4096493 ], [ 141.1106699, 38.4097931 ], [ 141.1099789, 38.4099106 ], [ 141.1092739, 38.4100169 ], [ 141.1090135, 38.4100456 ], [ 141.1086132, 38.410085 ], [ 141.1083734, 38.4101 ], [ 141.1082498, 38.41011 ], [ 141.108022, 38.410102 ], [ 141.1077177, 38.4100604 ], [ 141.1076623, 38.4100485 ], [ 141.1073018, 38.4099432 ], [ 141.107238, 38.4099225 ], [ 141.1069016, 38.4098135 ], [ 141.1066678, 38.4097359 ], [ 141.1062531, 38.4095837 ], [ 141.1059239, 38.4094259 ], [ 141.1054395, 38.4091453 ], [ 141.1053933, 38.4091177 ], [ 141.1050115, 38.4088756 ], [ 141.104947, 38.4088279 ], [ 141.10488, 38.4087781 ], [ 141.1047942, 38.4086992 ], [ 141.1045599, 38.408322 ], [ 141.104315, 38.4079276 ], [ 141.1040575, 38.4074937 ], [ 141.1038719, 38.4072687 ], [ 141.103793, 38.4071957 ], [ 141.103643, 38.4070884 ], [ 141.1034141, 38.4069646 ], [ 141.1031066, 38.4068293 ], [ 141.1028561, 38.4067393 ], [ 141.1026988, 38.4066943 ], [ 141.1022271, 38.4065251 ], [ 141.1019552, 38.4064182 ], [ 141.1013329, 38.4061874 ], [ 141.1008251, 38.4060182 ], [ 141.1004748, 38.4059113 ], [ 141.100339, 38.4058718 ], [ 141.1001748, 38.4058161 ], [ 141.1000282, 38.4057663 ], [ 141.099774, 38.4056802 ], [ 141.0996523, 38.4056352 ], [ 141.0985298, 38.405303 ], [ 141.0982723, 38.405241 ], [ 141.0982078, 38.4052296 ], [ 141.0970484, 38.40509 ], [ 141.0957549, 38.4048241 ], [ 141.0951398, 38.4045989 ], [ 141.0946285, 38.404432 ], [ 141.0945984, 38.4044221 ], [ 141.0944677, 38.4043791 ], [ 141.0937382, 38.4041705 ], [ 141.0933304, 38.4040916 ], [ 141.0930871, 38.404058 ], [ 141.0927729, 38.4040297 ], [ 141.0918714, 38.4040186 ], [ 141.0916948, 38.4040248 ], [ 141.0909131, 38.4040525 ], [ 141.0906481, 38.4040836 ], [ 141.0903197, 38.4041595 ], [ 141.0900479, 38.4042326 ], [ 141.0899116, 38.4042779 ], [ 141.0897542, 38.4043278 ], [ 141.0886747, 38.4050323 ], [ 141.0884313, 38.4051395 ], [ 141.0881238, 38.4051731 ], [ 141.0878024, 38.4052351 ], [ 141.0873446, 38.4053478 ], [ 141.0868796, 38.4054942 ], [ 141.0868151, 38.4055226 ], [ 141.086752, 38.4055468 ], [ 141.0863402, 38.4057048 ], [ 141.0862816, 38.4057273 ], [ 141.0856279, 38.4059784 ], [ 141.085342, 38.4060912 ], [ 141.0851131, 38.4061362 ], [ 141.0850059, 38.4061476 ], [ 141.0848905, 38.4061439 ], [ 141.0848415, 38.4061417 ], [ 141.0846698, 38.4061137 ], [ 141.0843479, 38.405984 ], [ 141.0837828, 38.4057137 ], [ 141.0834396, 38.4055389 ], [ 141.0833663, 38.4055044 ], [ 141.0833332, 38.4054888 ], [ 141.0829464, 38.4053026 ], [ 141.0827461, 38.4052296 ], [ 141.08256, 38.4051901 ], [ 141.0824456, 38.4051785 ], [ 141.0820594, 38.4051109 ], [ 141.0819164, 38.405094 ], [ 141.0816302, 38.4050151 ], [ 141.0805146, 38.4045254 ], [ 141.0801286, 38.4044071 ], [ 141.0798566, 38.4043396 ], [ 141.079399, 38.4042099 ], [ 141.0792915, 38.4041763 ], [ 141.0790415, 38.4040635 ], [ 141.0788626, 38.4039566 ], [ 141.0787699, 38.4039058 ], [ 141.0786268, 38.4038099 ], [ 141.0783048, 38.4035396 ], [ 141.0779759, 38.4032241 ], [ 141.0775968, 38.402796 ], [ 141.077466, 38.4025965 ], [ 141.0773788, 38.4024667 ], [ 141.0771536, 38.4021211 ], [ 141.0770048, 38.4018927 ], [ 141.0767959, 38.4017091 ], [ 141.0766529, 38.4016077 ], [ 141.0762882, 38.4014558 ], [ 141.0723951, 38.4004937 ], [ 141.0719133, 38.4004446 ], [ 141.0708863, 38.4003967 ], [ 141.0701681, 38.4003195 ], [ 141.0694132, 38.4001136 ], [ 141.0688854, 38.3999001 ], [ 141.0680088, 38.3994625 ], [ 141.0676909, 38.3986582 ], [ 141.0675239, 38.3982867 ], [ 141.0674157, 38.3977757 ], [ 141.0673301, 38.3970571 ], [ 141.0672635, 38.3953534 ], [ 141.0671175, 38.3940661 ], [ 141.0670842, 38.3936664 ], [ 141.0670991, 38.3932662 ], [ 141.0671937, 38.3930239 ], [ 141.0675458, 38.3924719 ], [ 141.0678647, 38.3919912 ], [ 141.0680987, 38.3914186 ], [ 141.0681605, 38.3910379 ], [ 141.0680796, 38.390719 ], [ 141.0679131, 38.3903002 ], [ 141.0676789, 38.3897424 ], [ 141.0675742, 38.3894892 ], [ 141.0674779, 38.3890527 ], [ 141.0674493, 38.3888104 ], [ 141.0674637, 38.3884782 ], [ 141.0674999, 38.3882191 ], [ 141.067572, 38.3880048 ], [ 141.0676213, 38.3878585 ], [ 141.0677501, 38.3875657 ], [ 141.0679074, 38.3872391 ], [ 141.0679646, 38.3870532 ], [ 141.0679768, 38.3869607 ], [ 141.0679896, 38.386878 ], [ 141.0679718, 38.3866193 ], [ 141.0678647, 38.3860116 ], [ 141.0678577, 38.3859713 ], [ 141.0678342, 38.3858354 ], [ 141.0678267, 38.3857922 ], [ 141.0676068, 38.3845177 ], [ 141.0675501, 38.3839456 ], [ 141.0675529, 38.3838322 ], [ 141.0675503, 38.3837458 ], [ 141.0675574, 38.3836116 ], [ 141.067576, 38.3833227 ], [ 141.0675812, 38.3832415 ], [ 141.0676002, 38.3831105 ], [ 141.067636, 38.3825922 ], [ 141.0674788, 38.3822223 ], [ 141.0677452, 38.3802909 ], [ 141.0678805, 38.3799926 ], [ 141.0681225, 38.3794489 ], [ 141.0681257, 38.3793426 ], [ 141.0681315, 38.3791553 ], [ 141.0681507, 38.3785422 ], [ 141.0681566, 38.378496 ], [ 141.0681652, 38.3784411 ], [ 141.0681797, 38.3781708 ], [ 141.0682211, 38.3775889 ], [ 141.0682872, 38.3766555 ], [ 141.0683, 38.3764472 ], [ 141.0683041, 38.3761889 ], [ 141.068283, 38.3760133 ], [ 141.0682086, 38.375653 ], [ 141.0680893, 38.375255 ], [ 141.0680797, 38.3752247 ], [ 141.067982, 38.3749894 ], [ 141.0679511, 38.374915 ], [ 141.0676133, 38.3742526 ], [ 141.0675913, 38.3742109 ], [ 141.0673341, 38.3737437 ], [ 141.0672997, 38.3736796 ], [ 141.0672305, 38.3735515 ], [ 141.0672078, 38.3735093 ], [ 141.0667496, 38.3726564 ], [ 141.0666964, 38.3725561 ], [ 141.0665494, 38.3722789 ], [ 141.0664395, 38.372082 ], [ 141.0662776, 38.3717917 ], [ 141.0662135, 38.3716764 ], [ 141.0660632, 38.3714737 ], [ 141.065863, 38.3712484 ], [ 141.0656127, 38.3710681 ], [ 141.0652719, 38.3709036 ], [ 141.0652188, 38.3708818 ], [ 141.0649759, 38.3707863 ], [ 141.0642754, 38.3705104 ], [ 141.063872, 38.3703595 ], [ 141.0638201, 38.3703395 ], [ 141.0635676, 38.3702402 ], [ 141.0631667, 38.3700823 ], [ 141.0628928, 38.3699853 ], [ 141.062702, 38.3699021 ], [ 141.06223, 38.3697387 ], [ 141.0620942, 38.3697104 ], [ 141.0619011, 38.3697104 ], [ 141.0617939, 38.3697329 ], [ 141.0616864, 38.3697782 ], [ 141.0613789, 38.3699301 ], [ 141.0609819, 38.3701476 ], [ 141.0606741, 38.3697078 ], [ 141.0606458, 38.3696684 ], [ 141.0601752, 38.3690405 ], [ 141.0600989, 38.3689388 ], [ 141.0597627, 38.3684599 ], [ 141.0597177, 38.3683888 ], [ 141.0596983, 38.3683585 ], [ 141.0595465, 38.3681667 ], [ 141.0594734, 38.3680238 ], [ 141.0594318, 38.3678942 ], [ 141.0594192, 38.367734 ], [ 141.0594478, 38.3675909 ], [ 141.0595322, 38.3673966 ], [ 141.0596608, 38.3670007 ], [ 141.0597394, 38.3666563 ], [ 141.059753, 38.3665966 ], [ 141.0598414, 38.3663421 ], [ 141.0599893, 38.3658158 ], [ 141.0600049, 38.3657623 ], [ 141.0600347, 38.3656099 ], [ 141.0603208, 38.3646919 ], [ 141.0604208, 38.3643143 ], [ 141.0604708, 38.3640777 ], [ 141.0605139, 38.3638654 ], [ 141.0605228, 38.3638192 ], [ 141.0605928, 38.3633624 ], [ 141.0606637, 38.3623102 ], [ 141.0606652, 38.3622618 ], [ 141.0606714, 38.3619995 ], [ 141.0607145, 38.3617066 ], [ 141.0607859, 38.3615263 ], [ 141.0609148, 38.3613515 ], [ 141.0610006, 38.3612672 ], [ 141.0615942, 38.3607769 ], [ 141.0618445, 38.3605519 ], [ 141.0620017, 38.360366 ], [ 141.0622165, 38.3600279 ], [ 141.0622951, 38.3598306 ], [ 141.0623451, 38.359628 ], [ 141.0623737, 38.3594535 ], [ 141.0623667, 38.3590874 ], [ 141.0623095, 38.358721 ], [ 141.0622951, 38.3586649 ], [ 141.062202, 38.3583605 ], [ 141.0621754, 38.358272 ], [ 141.062059, 38.357961 ], [ 141.062052, 38.3579158 ], [ 141.0617945, 38.3572455 ], [ 141.0616657, 38.3567951 ], [ 141.061637, 38.3566258 ], [ 141.061587, 38.3562033 ], [ 141.0615587, 38.3557302 ], [ 141.0615442, 38.3556569 ], [ 141.0615373, 38.355488 ], [ 141.0614942, 38.3551052 ], [ 141.0614412, 38.35485 ], [ 141.0613856, 38.3547058 ], [ 141.0613507, 38.354651 ], [ 141.0612653, 38.3545025 ], [ 141.0611295, 38.3543222 ], [ 141.0609506, 38.3541475 ], [ 141.0607362, 38.3539897 ], [ 141.0604428, 38.3538264 ], [ 141.059835, 38.3535786 ], [ 141.0591271, 38.353308 ], [ 141.0588983, 38.3532011 ], [ 141.0588314, 38.3531748 ], [ 141.0585869, 38.3530527 ], [ 141.0584005, 38.3529562 ], [ 141.0583188, 38.3529139 ], [ 141.0581544, 38.3527956 ], [ 141.0577966, 38.3525084 ], [ 141.057708, 38.3524149 ], [ 141.0576585, 38.3523728 ], [ 141.0574819, 38.3522209 ], [ 141.0573094, 38.3520268 ], [ 141.0571319, 38.3518267 ], [ 141.0569621, 38.3516803 ], [ 141.0568365, 38.3515858 ], [ 141.0563349, 38.3512928 ], [ 141.0561841, 38.3512384 ], [ 141.0560141, 38.3512034 ], [ 141.055801, 38.3512034 ], [ 141.0555818, 38.351219 ], [ 141.0554726, 38.3512409 ], [ 141.0550579, 38.3513423 ], [ 141.054829, 38.3514042 ], [ 141.0544929, 38.3514662 ], [ 141.0542354, 38.3514942 ], [ 141.0539565, 38.3515001 ], [ 141.0536134, 38.3514773 ], [ 141.0532137, 38.3514213 ], [ 141.0529695, 38.3513873 ], [ 141.0517634, 38.3511598 ], [ 141.0516882, 38.3511432 ], [ 141.0511244, 38.3510212 ], [ 141.0508887, 38.3509874 ], [ 141.0506739, 38.3509535 ], [ 141.0501519, 38.350914 ], [ 141.0499994, 38.3509156 ], [ 141.048546, 38.3508818 ], [ 141.0476379, 38.3508835 ], [ 141.0468812, 38.3509087 ], [ 141.0453683, 38.3511379 ], [ 141.0441587, 38.3513477 ], [ 141.0438369, 38.3513591 ], [ 141.0431381, 38.3513674 ], [ 141.0429108, 38.3513266 ], [ 141.0427397, 38.351266 ], [ 141.0426004, 38.3511994 ], [ 141.0425456, 38.3511726 ], [ 141.0425014, 38.3511447 ], [ 141.0423767, 38.3510526 ], [ 141.0422495, 38.3509108 ], [ 141.0421061, 38.3507619 ], [ 141.041708, 38.3503251 ], [ 141.0415414, 38.3501422 ], [ 141.0414144, 38.34999 ], [ 141.0413627, 38.3499264 ], [ 141.041148, 38.3496466 ], [ 141.0411194, 38.3496075 ], [ 141.0411055, 38.349569 ], [ 141.0411061, 38.3494869 ], [ 141.0411188, 38.349426 ], [ 141.0411199, 38.3493758 ], [ 141.0411119, 38.3491949 ], [ 141.0411429, 38.3490405 ], [ 141.0413622, 38.3486204 ], [ 141.0414329, 38.3484883 ], [ 141.0414802, 38.3483689 ], [ 141.0414911, 38.348197 ], [ 141.0414869, 38.3481119 ], [ 141.0414447, 38.347921 ], [ 141.0413675, 38.3477886 ], [ 141.0411393, 38.3474909 ], [ 141.0409748, 38.3473184 ], [ 141.0405881, 38.3468818 ], [ 141.0405602, 38.3468595 ], [ 141.0404017, 38.3467062 ], [ 141.0399083, 38.3461722 ], [ 141.0395687, 38.345862 ], [ 141.0395372, 38.3458404 ], [ 141.039458, 38.3457862 ], [ 141.0391488, 38.3455748 ], [ 141.0388935, 38.3452925 ], [ 141.0386194, 38.3449939 ], [ 141.038582, 38.3449531 ], [ 141.0383696, 38.3447217 ], [ 141.0379521, 38.3442284 ], [ 141.0377994, 38.3440657 ], [ 141.0376593, 38.3438697 ], [ 141.0375804, 38.3436987 ], [ 141.037501, 38.343417 ], [ 141.0373522, 38.3426694 ], [ 141.0372507, 38.3421945 ], [ 141.0372245, 38.3421096 ], [ 141.0370853, 38.3416567 ], [ 141.0364185, 38.3397523 ], [ 141.0363769, 38.3396216 ], [ 141.036334, 38.3394873 ], [ 141.0362568, 38.3392543 ], [ 141.036221, 38.3390404 ], [ 141.036171, 38.338567 ], [ 141.036171, 38.3382407 ], [ 141.0361711, 38.3381527 ], [ 141.0361837, 38.3378748 ], [ 141.0361854, 38.3377915 ], [ 141.0361996, 38.3376265 ], [ 141.036314, 38.3371479 ], [ 141.0364071, 38.3368943 ], [ 141.0365357, 38.3366237 ], [ 141.0366107, 38.3364589 ], [ 141.0367379, 38.3361589 ], [ 141.0368329, 38.3358237 ], [ 141.0368829, 38.3356607 ], [ 141.0368829, 38.3356212 ], [ 141.0369688, 38.3353848 ], [ 141.0370332, 38.3351537 ], [ 141.0370691, 38.3350579 ], [ 141.0371477, 38.3348101 ], [ 141.0372835, 38.3344101 ], [ 141.0373621, 38.3342298 ], [ 141.0376907, 38.3336332 ], [ 141.0378577, 38.3333234 ], [ 141.0379761, 38.3331037 ], [ 141.0381485, 38.3327533 ], [ 141.0382786, 38.3324961 ], [ 141.0383694, 38.3322753 ], [ 141.0384266, 38.3320782 ], [ 141.038448, 38.331949 ], [ 141.038448, 38.3315379 ], [ 141.0384266, 38.3314251 ], [ 141.0383317, 38.3311524 ], [ 141.0381335, 38.3306985 ], [ 141.037506, 38.329123 ], [ 141.0373266, 38.3286821 ], [ 141.0365752, 38.3267485 ], [ 141.0364957, 38.3265486 ], [ 141.0363835, 38.3262713 ], [ 141.0362193, 38.3259896 ], [ 141.036141, 38.3259052 ], [ 141.036041, 38.3258149 ], [ 141.0359227, 38.3257446 ], [ 141.0358018, 38.3256546 ], [ 141.035636, 38.3255506 ], [ 141.0354221, 38.3255006 ], [ 141.0351235, 38.3254615 ], [ 141.0350476, 38.3254512 ], [ 141.0347985, 38.3254248 ], [ 141.0347421, 38.3254164 ], [ 141.0346504, 38.3253992 ], [ 141.0341218, 38.3253487 ], [ 141.0336362, 38.3252753 ], [ 141.0335148, 38.3252698 ], [ 141.0333773, 38.3252511 ], [ 141.0332648, 38.3252359 ], [ 141.0330648, 38.3251909 ], [ 141.0329576, 38.3251798 ], [ 141.032612, 38.3251558 ], [ 141.0323903, 38.3250658 ], [ 141.0322386, 38.3249902 ], [ 141.0319262, 38.3248347 ], [ 141.0318545, 38.3248121 ], [ 141.0313406, 38.3245699 ], [ 141.030762, 38.3242941 ], [ 141.0306056, 38.3242325 ], [ 141.030045, 38.3240152 ], [ 141.0296939, 38.3238143 ], [ 141.0294785, 38.3237787 ], [ 141.0287681, 38.3237918 ], [ 141.0284538, 38.3238032 ], [ 141.0278191, 38.3238651 ], [ 141.0277035, 38.3238766 ], [ 141.027123, 38.3239823 ], [ 141.0268672, 38.3240298 ], [ 141.0268108, 38.3240387 ], [ 141.0265248, 38.3241016 ], [ 141.0262248, 38.3241466 ], [ 141.0258607, 38.3241749 ], [ 141.0257248, 38.3241521 ], [ 141.0255321, 38.3241016 ], [ 141.0254236, 38.3240506 ], [ 141.025351, 38.3239952 ], [ 141.0250629, 38.3237594 ], [ 141.0248833, 38.3236135 ], [ 141.0242034, 38.3230607 ], [ 141.0240527, 38.3229418 ], [ 141.023025, 38.3220411 ], [ 141.0229735, 38.3219967 ], [ 141.0223527, 38.3214608 ], [ 141.0222639, 38.3213758 ], [ 141.0215569, 38.3207545 ], [ 141.0215149, 38.320721 ], [ 141.021424, 38.3206493 ], [ 141.0213598, 38.3205763 ], [ 141.0212173, 38.3204125 ], [ 141.0210967, 38.3202101 ], [ 141.0210395, 38.3200973 ], [ 141.0209854, 38.3199517 ], [ 141.0209244, 38.3198144 ], [ 141.0207489, 38.3194177 ], [ 141.0207287, 38.3193703 ], [ 141.0206503, 38.3192356 ], [ 141.0205814, 38.3190828 ], [ 141.0205484, 38.3189409 ], [ 141.0205435, 38.3188912 ], [ 141.0205403, 38.3187978 ], [ 141.020547, 38.3183345 ], [ 141.0205628, 38.3181017 ], [ 141.0205497, 38.3179173 ], [ 141.0205419, 38.3178074 ], [ 141.0204023, 38.3173745 ], [ 141.0202866, 38.3167249 ], [ 141.0212836, 38.3169372 ], [ 141.0218363, 38.3169314 ], [ 141.0229051, 38.3171288 ], [ 141.023484, 38.3172579 ], [ 141.0250419, 38.3176472 ], [ 141.0260883, 38.3179086 ], [ 141.0269411, 38.3181202 ], [ 141.0270125, 38.3181316 ], [ 141.0271446, 38.318136 ], [ 141.027202, 38.3181362 ], [ 141.02794, 38.3181104 ], [ 141.0278315, 38.3163739 ], [ 141.0277944, 38.3160951 ], [ 141.0276572, 38.3158386 ], [ 141.0274753, 38.3156952 ], [ 141.0273747, 38.3156259 ], [ 141.0273064, 38.3155788 ], [ 141.0267355, 38.3151458 ], [ 141.0261998, 38.3147627 ], [ 141.0260499, 38.314667 ], [ 141.0259293, 38.3145742 ], [ 141.0257362, 38.3144394 ], [ 141.0254427, 38.3142331 ], [ 141.0252707, 38.3141166 ], [ 141.0248086, 38.3138038 ], [ 141.0240358, 38.3132534 ], [ 141.0239618, 38.3131864 ], [ 141.0238713, 38.3131292 ], [ 141.0237713, 38.3130448 ], [ 141.0236263, 38.3129438 ], [ 141.0235426, 38.3128808 ], [ 141.0232212, 38.3126223 ], [ 141.0229141, 38.3123801 ], [ 141.0228996, 38.3123576 ], [ 141.0227071, 38.3122112 ], [ 141.0217526, 38.3113788 ], [ 141.0216576, 38.3112914 ], [ 141.0213669, 38.3110465 ], [ 141.0212601, 38.3109449 ], [ 141.0210753, 38.3107877 ], [ 141.0210271, 38.3107429 ], [ 141.020867, 38.3105958 ], [ 141.0203884, 38.3101169 ], [ 141.0202098, 38.3099366 ], [ 141.0200702, 38.3097963 ], [ 141.0198459, 38.3095424 ], [ 141.0196432, 38.3093302 ], [ 141.0195831, 38.309267 ], [ 141.0192398, 38.3089061 ], [ 141.0189084, 38.3085528 ], [ 141.0188744, 38.3085166 ], [ 141.0186347, 38.3082625 ], [ 141.0183386, 38.3079486 ], [ 141.0181976, 38.3077661 ], [ 141.0181173, 38.307678 ], [ 141.0180011, 38.3075298 ], [ 141.0179661, 38.3074852 ], [ 141.0176384, 38.3070641 ], [ 141.0176105, 38.3069983 ], [ 141.0175296, 38.306827 ], [ 141.0174115, 38.3066122 ], [ 141.0171656, 38.3060697 ], [ 141.0171255, 38.3059813 ], [ 141.0170966, 38.3059194 ], [ 141.0168456, 38.3054611 ], [ 141.0168128, 38.3053895 ], [ 141.0167156, 38.3051769 ], [ 141.0166478, 38.3049525 ], [ 141.0165285, 38.3045962 ], [ 141.0165184, 38.3041958 ], [ 141.0165632, 38.303974 ], [ 141.0167697, 38.3030654 ], [ 141.0167472, 38.3026289 ], [ 141.0165679, 38.3022505 ], [ 141.014964, 38.299564 ], [ 141.0135477, 38.2973595 ], [ 141.0134194, 38.2971389 ], [ 141.0130477, 38.2965306 ], [ 141.0127338, 38.2960011 ], [ 141.012598, 38.2957645 ], [ 141.012298, 38.2952745 ], [ 141.0120047, 38.2947671 ], [ 141.0116189, 38.2941367 ], [ 141.0114338, 38.29381 ], [ 141.0110335, 38.2931173 ], [ 141.0109766, 38.2930384 ], [ 141.0107854, 38.2927299 ], [ 141.0106113, 38.2924648 ], [ 141.0103371, 38.2920332 ], [ 141.010141, 38.2917148 ], [ 141.0100197, 38.291541 ], [ 141.0099377, 38.2914224 ], [ 141.0098725, 38.291328 ], [ 141.0097514, 38.2911293 ], [ 141.0096121, 38.2909148 ], [ 141.0092922, 38.2903766 ], [ 141.0091335, 38.2901092 ], [ 141.0089022, 38.2897326 ], [ 141.0088621, 38.2896534 ], [ 141.0086696, 38.289349 ], [ 141.0085781, 38.2891995 ], [ 141.0085226, 38.2891067 ], [ 141.008374, 38.2888506 ], [ 141.0083226, 38.288762 ], [ 141.0081135, 38.2884015 ], [ 141.0079908, 38.2882066 ], [ 141.0078424, 38.2879606 ], [ 141.0077027, 38.2878525 ], [ 141.0075697, 38.2877719 ], [ 141.0073051, 38.2876118 ], [ 141.0070224, 38.2874406 ], [ 141.006784, 38.287294 ], [ 141.0066236, 38.2871942 ], [ 141.0065591, 38.287154 ], [ 141.0064285, 38.2870728 ], [ 141.006039, 38.2868304 ], [ 141.0053924, 38.2864427 ], [ 141.005338, 38.2864101 ], [ 141.004627, 38.2859824 ], [ 141.0039195, 38.2855607 ], [ 141.0038682, 38.2855321 ], [ 141.0037562, 38.2854752 ], [ 141.003305, 38.285271 ], [ 141.0031619, 38.2852146 ], [ 141.0027264, 38.2850907 ], [ 141.0025675, 38.2850437 ], [ 141.0023978, 38.2849949 ], [ 141.0022333, 38.2849613 ], [ 141.0016402, 38.284888 ], [ 141.0013116, 38.2848596 ], [ 141.0012688, 38.2848485 ], [ 141.0009834, 38.2848202 ], [ 141.000862, 38.2848091 ], [ 141.0006218, 38.2847819 ], [ 141.0005086, 38.2847678 ], [ 141.0000405, 38.2847049 ], [ 140.999726, 38.2846627 ], [ 140.9993329, 38.2846119 ], [ 140.998783, 38.2845555 ], [ 140.9986757, 38.2845499 ], [ 140.9983832, 38.284516 ], [ 140.998083, 38.2844824 ], [ 140.997876, 38.2844541 ], [ 140.9976104, 38.2844269 ], [ 140.997494, 38.2844147 ], [ 140.9967685, 38.2843358 ], [ 140.9965971, 38.2843008 ], [ 140.995683, 38.2841956 ], [ 140.9953759, 38.2841602 ], [ 140.9949825, 38.2841055 ], [ 140.9949143, 38.2840934 ], [ 140.9947801, 38.2840696 ], [ 140.994674, 38.2840508 ], [ 140.9945153, 38.2840191 ], [ 140.9943742, 38.2839833 ], [ 140.994212, 38.2839336 ], [ 140.9941028, 38.2838975 ], [ 140.9939676, 38.2838503 ], [ 140.9938898, 38.2838178 ], [ 140.9936762, 38.2837269 ], [ 140.9933443, 38.2835535 ], [ 140.9932143, 38.2834827 ], [ 140.9929981, 38.2833653 ], [ 140.9929491, 38.2833388 ], [ 140.9929009, 38.2833126 ], [ 140.992779, 38.2832384 ], [ 140.9923156, 38.2829461 ], [ 140.9918186, 38.2826068 ], [ 140.9917069, 38.2825256 ], [ 140.9914122, 38.2823111 ], [ 140.9910539, 38.2820545 ], [ 140.9907533, 38.2818645 ], [ 140.9905219, 38.2817164 ], [ 140.99028, 38.2815878 ], [ 140.9899863, 38.2814506 ], [ 140.9897059, 38.2813326 ], [ 140.9896035, 38.2812923 ], [ 140.9893944, 38.2812156 ], [ 140.9891749, 38.2811389 ], [ 140.9890075, 38.2810838 ], [ 140.9889514, 38.2810685 ], [ 140.9881793, 38.2808636 ], [ 140.9881247, 38.2808492 ], [ 140.9878627, 38.2807806 ], [ 140.9856612, 38.2801662 ], [ 140.985174, 38.2800154 ], [ 140.9850823, 38.279987 ], [ 140.9845234, 38.2797976 ], [ 140.9843583, 38.2797359 ], [ 140.9838287, 38.2795204 ], [ 140.9830796, 38.2792118 ], [ 140.9821537, 38.2788033 ], [ 140.9797538, 38.2777451 ], [ 140.9787788, 38.2773061 ], [ 140.9786876, 38.2772647 ], [ 140.978001, 38.2769734 ], [ 140.9777874, 38.2768808 ], [ 140.9761424, 38.2761537 ], [ 140.9758082, 38.2760061 ], [ 140.9750398, 38.2756665 ], [ 140.9735112, 38.274991 ], [ 140.9728339, 38.2746918 ], [ 140.9726278, 38.2746018 ], [ 140.9724139, 38.2745083 ], [ 140.9713106, 38.2740214 ], [ 140.9709978, 38.2738853 ], [ 140.970806, 38.2737959 ], [ 140.9706469, 38.2737254 ], [ 140.9692961, 38.2731258 ], [ 140.9685385, 38.2727915 ], [ 140.9684169, 38.2727378 ], [ 140.9670669, 38.2721415 ], [ 140.9667063, 38.2719803 ], [ 140.965816, 38.2715817 ], [ 140.9657087, 38.271537 ], [ 140.9654825, 38.2714549 ], [ 140.9651947, 38.2713703 ], [ 140.9649787, 38.2713442 ], [ 140.9644945, 38.2712556 ], [ 140.9642406, 38.271215 ], [ 140.9640578, 38.2711931 ], [ 140.9638815, 38.2711781 ], [ 140.9637731, 38.2711734 ], [ 140.9635914, 38.2711753 ], [ 140.9634887, 38.2711823 ], [ 140.9633123, 38.2712011 ], [ 140.9630242, 38.2712439 ], [ 140.9626509, 38.2713064 ], [ 140.9624996, 38.2713283 ], [ 140.9623861, 38.2713446 ], [ 140.9622386, 38.2713659 ], [ 140.962054, 38.2713954 ], [ 140.9607862, 38.2715892 ], [ 140.9607, 38.2715986 ], [ 140.9602693, 38.2716728 ], [ 140.9601571, 38.2716922 ], [ 140.9596369, 38.2717831 ], [ 140.9595511, 38.2717939 ], [ 140.9594369, 38.2718035 ], [ 140.9590644, 38.2718089 ], [ 140.9588346, 38.2718042 ], [ 140.9586291, 38.2717767 ], [ 140.9584096, 38.2717109 ], [ 140.9582835, 38.2716689 ], [ 140.9581549, 38.2716262 ], [ 140.9579902, 38.271564 ], [ 140.9577524, 38.2714745 ], [ 140.9573656, 38.2713192 ], [ 140.9572414, 38.271278 ], [ 140.9565468, 38.2710237 ], [ 140.956316, 38.2709412 ], [ 140.9561448, 38.2708844 ], [ 140.9558641, 38.2707951 ], [ 140.9555232, 38.2706974 ], [ 140.9553659, 38.270654 ], [ 140.9551698, 38.2706092 ], [ 140.9547026, 38.2705331 ], [ 140.9544214, 38.2704952 ], [ 140.9542782, 38.2704759 ], [ 140.9540452, 38.2704446 ], [ 140.9526879, 38.2702472 ], [ 140.9517216, 38.2701151 ], [ 140.9512259, 38.2700317 ], [ 140.9509123, 38.2699831 ], [ 140.9506613, 38.2699454 ], [ 140.9503854, 38.2699083 ], [ 140.9503241, 38.269899 ], [ 140.9500391, 38.2698569 ], [ 140.9492301, 38.2697374 ], [ 140.9491737, 38.2697293 ], [ 140.948484, 38.2696307 ], [ 140.9483087, 38.269606 ], [ 140.9481011, 38.2695757 ], [ 140.9479298, 38.2695529 ], [ 140.9475851, 38.2694994 ], [ 140.9470299, 38.2694107 ], [ 140.946749, 38.2693692 ], [ 140.9455072, 38.2691879 ], [ 140.9450581, 38.2691193 ], [ 140.944513, 38.2690402 ], [ 140.9437905, 38.2689338 ], [ 140.9434632, 38.2688908 ], [ 140.9432414, 38.2688652 ], [ 140.9427064, 38.2687889 ], [ 140.9425181, 38.2687619 ], [ 140.9421641, 38.2687182 ], [ 140.9418231, 38.2686785 ], [ 140.9416432, 38.268659 ], [ 140.9413117, 38.268623 ], [ 140.9407673, 38.2685724 ], [ 140.9404642, 38.2685751 ], [ 140.9401514, 38.2685742 ], [ 140.9397465, 38.2686224 ], [ 140.9396042, 38.2686314 ], [ 140.9394582, 38.2686408 ], [ 140.9390556, 38.2687012 ], [ 140.9386878, 38.2687442 ], [ 140.9385452, 38.2687602 ], [ 140.9380944, 38.2688108 ], [ 140.9379757, 38.2688241 ], [ 140.9373591, 38.2688941 ], [ 140.9370427, 38.2689282 ], [ 140.936789, 38.2689525 ], [ 140.9365337, 38.2689881 ], [ 140.9361205, 38.2690412 ], [ 140.9358792, 38.2690711 ], [ 140.9352191, 38.2691458 ], [ 140.9346583, 38.2692213 ], [ 140.9344314, 38.2692506 ], [ 140.9342107, 38.2692777 ], [ 140.9339377, 38.2693114 ], [ 140.9335764, 38.2693472 ], [ 140.9333675, 38.2693642 ], [ 140.9331664, 38.2693787 ], [ 140.9329924, 38.2693911 ], [ 140.9328238, 38.2693988 ], [ 140.9325643, 38.2694114 ], [ 140.9324493, 38.2694144 ], [ 140.9302711, 38.2694344 ], [ 140.9300997, 38.2694367 ], [ 140.9299561, 38.2694386 ], [ 140.9295069, 38.2694467 ], [ 140.9279993, 38.2694644 ], [ 140.9269924, 38.2694694 ], [ 140.9259602, 38.2694825 ], [ 140.9254246, 38.2694912 ], [ 140.9250772, 38.2694997 ], [ 140.9246327, 38.2695105 ], [ 140.9241788, 38.269522 ], [ 140.9239194, 38.2695172 ], [ 140.9236791, 38.2695028 ], [ 140.9230732, 38.2694456 ], [ 140.9224117, 38.2693597 ], [ 140.9209207, 38.2691771 ], [ 140.9207444, 38.2691558 ], [ 140.9200371, 38.2690717 ], [ 140.9197329, 38.2690299 ], [ 140.9196607, 38.2690201 ], [ 140.918937, 38.2689359 ], [ 140.9187603, 38.268909 ], [ 140.9182789, 38.2688323 ], [ 140.918105, 38.2688054 ], [ 140.9178522, 38.2687595 ], [ 140.9175733, 38.2687026 ], [ 140.9172471, 38.2686304 ], [ 140.9171376, 38.2686038 ], [ 140.9167046, 38.2684899 ], [ 140.916101, 38.268331 ], [ 140.9158145, 38.268256 ], [ 140.9155724, 38.2681882 ], [ 140.9150968, 38.268062 ], [ 140.9146726, 38.2679568 ], [ 140.9145105, 38.2679201 ], [ 140.9143203, 38.2678803 ], [ 140.9141044, 38.2678398 ], [ 140.9137662, 38.2677798 ], [ 140.9135377, 38.2677401 ], [ 140.9132896, 38.2677031 ], [ 140.9129795, 38.2676568 ], [ 140.9126045, 38.267584 ], [ 140.912304, 38.2675291 ], [ 140.9121805, 38.2674914 ], [ 140.9120321, 38.267446 ], [ 140.9119495, 38.2674193 ], [ 140.9117102, 38.267325 ], [ 140.9116179, 38.2672927 ], [ 140.910575, 38.2669216 ], [ 140.9104698, 38.2668836 ], [ 140.9098531, 38.2666582 ], [ 140.9090118, 38.2663507 ], [ 140.9089034, 38.2663071 ], [ 140.9078806, 38.2659611 ], [ 140.9077082, 38.2659019 ], [ 140.906661, 38.2655554 ], [ 140.9065504, 38.2655194 ], [ 140.9047541, 38.2649484 ], [ 140.9023272, 38.2641779 ], [ 140.9010814, 38.2637731 ], [ 140.9000374, 38.2634453 ], [ 140.8991126, 38.2631526 ], [ 140.8985419, 38.26298 ], [ 140.898319, 38.2629195 ], [ 140.8981487, 38.2628809 ], [ 140.897955, 38.2628463 ], [ 140.8976501, 38.2629539 ], [ 140.897437, 38.2630236 ], [ 140.8971281, 38.2631203 ], [ 140.8969699, 38.2631661 ], [ 140.8968941, 38.2631905 ], [ 140.8967392, 38.2632284 ], [ 140.8966678, 38.2632353 ], [ 140.8965084, 38.2632462 ], [ 140.896286, 38.2632532 ], [ 140.8960912, 38.2632593 ], [ 140.8960338, 38.2632595 ], [ 140.8957775, 38.2632553 ], [ 140.8956929, 38.2632652 ], [ 140.8956048, 38.2632817 ], [ 140.895587, 38.2632896 ], [ 140.8955069, 38.2633214 ], [ 140.8953848, 38.2633896 ], [ 140.8953186, 38.2634317 ], [ 140.8948444, 38.2637941 ], [ 140.8944115, 38.2641247 ], [ 140.8940672, 38.2643904 ], [ 140.8927301, 38.2644628 ], [ 140.8924269, 38.2644792 ], [ 140.8916145, 38.2645237 ], [ 140.8912498, 38.2645456 ], [ 140.8910909, 38.2645577 ], [ 140.8909771, 38.2645681 ], [ 140.8897558, 38.2646976 ], [ 140.8883752, 38.2648572 ], [ 140.8875881, 38.264936 ], [ 140.8871061, 38.2649845 ], [ 140.8866078, 38.2650404 ], [ 140.8858556, 38.2651226 ], [ 140.8857856, 38.2651201 ], [ 140.8856328, 38.2651064 ], [ 140.8855672, 38.2650968 ], [ 140.8853021, 38.2650701 ], [ 140.8850731, 38.2650505 ], [ 140.8849396, 38.265039 ], [ 140.8845997, 38.2649599 ], [ 140.8843994, 38.2649288 ], [ 140.8842563, 38.2649296 ], [ 140.8837666, 38.2651146 ], [ 140.8832745, 38.2652781 ], [ 140.8826645, 38.2654262 ], [ 140.8811657, 38.2656947 ], [ 140.8797947, 38.2659343 ], [ 140.8796411, 38.2659595 ], [ 140.8789158, 38.2660783 ], [ 140.8780312, 38.2662409 ], [ 140.8764136, 38.2665344 ], [ 140.8759318, 38.2665924 ], [ 140.875682, 38.2670177 ], [ 140.8741527, 38.2666788 ], [ 140.8729354, 38.2664092 ], [ 140.8715886, 38.2660917 ] ] } },
{ "type": "Feature", "properties": { "N12_001": "04", "N12_002": 1, "N12_003": 3, "N12_004": "一般国道45号", "N12_005": 4, "N12_006": 8 }, "geometry": { "type": "LineString", "coordinates": [ [ 141.5105187, 38.7077344 ], [ 141.5097668, 38.7079771 ], [ 141.5094204, 38.7080221 ], [ 141.5091224, 38.7080333 ], [ 141.5086478, 38.7080313 ], [ 141.5082769, 38.7080573 ], [ 141.5079429, 38.7081259 ], [ 141.5076943, 38.7082084 ], [ 141.5074157, 38.7083483 ], [ 141.5071737, 38.7084927 ], [ 141.5065639, 38.7089968 ] ] } },
{ "type": "Feature", "properties": { "N12_001": "04", "N12_002": 1, "N12_003": 3, "N12_004": "一般国道45号", "N12_005": 4, "N12_006": 9 }, "geometry": { "type": "LineString", "coordinates": [ [ 141.2870043, 38.4989029 ], [ 141.2877303, 38.4989495 ], [ 141.2881542, 38.4988406 ], [ 141.2884411, 38.4986369 ], [ 141.2885458, 38.4983981 ], [ 141.2885591, 38.498112 ], [ 141.2883738, 38.4975764 ], [ 141.2881871, 38.4968262 ], [ 141.2883067, 38.4965636 ], [ 141.2884536, 38.4964766 ], [ 141.2890226, 38.496457 ] ] } },
{ "type": "Feature", "properties": { "N12_001": "04", "N12_002": 2, "N12_003": 4, "N12_004": "宮城県道　気仙沼本吉線", "N12_005": 81, "N12_006": 1 }, "geometry": { "type": "LineString", "coordinates": [ [ 141.5579485, 38.889562 ], [ 141.5559891, 38.8886008 ] ] } },
{ "type": "Feature", "properties": { "N12_001": "04", "N12_002": 2, "N12_003": 9, "N12_004": "-", "N12_005": 82, "N12_006": 1 }, "geometry": { "type": "LineString", "coordinates": [ [ 141.5559891, 38.8886008 ], [ 141.5582643, 38.885106 ], [ 141.5583602, 38.8849409 ], [ 141.5584074, 38.8847881 ], [ 141.5584168, 38.8845115 ], [ 141.5577596, 38.882256 ], [ 141.5577193, 38.8818939 ], [ 141.5576903, 38.8814365 ], [ 141.5577582, 38.8809212 ], [ 141.5570796, 38.8808595 ], [ 141.556597, 38.8808815 ], [ 141.5561469, 38.8809987 ], [ 141.5557705, 38.8811727 ], [ 141.5555406, 38.8813552 ], [ 141.5552876, 38.8816714 ], [ 141.5549755, 38.8821691 ], [ 141.5548185, 38.8823226 ], [ 141.5545762, 38.8824862 ], [ 141.5542605, 38.8826312 ], [ 141.5539437, 38.8826713 ], [ 141.5528205, 38.8825733 ], [ 141.551648, 38.882428 ], [ 141.5505477, 38.8821773 ], [ 141.5492274, 38.8818899 ], [ 141.548872, 38.8817204 ], [ 141.5486619, 38.8814452 ], [ 141.5485981, 38.8811691 ], [ 141.5486325, 38.8809496 ], [ 141.5488127, 38.880672 ], [ 141.5490668, 38.8804703 ], [ 141.5500251, 38.87994 ], [ 141.5504672, 38.879022 ], [ 141.5504646, 38.8787646 ], [ 141.5498466, 38.877958 ], [ 141.5496749, 38.8778637 ], [ 141.5492237, 38.877876 ], [ 141.5489668, 38.8777918 ], [ 141.5479855, 38.8772448 ] ] } },
{ "type": "Feature", "properties": { "N12_001": "04", "N12_002": 1, "N12_003": 3, "N12_004": "一般国道45号", "N12_005": 4, "N12_006": 10 }, "geometry": { "type": "LineString", "coordinates": [ [ 141.5564819, 38.8153834 ], [ 141.5574023, 38.8148151 ], [ 141.5577044, 38.8145558 ], [ 141.5578595, 38.8142307 ], [ 141.5580261, 38.8138388 ], [ 141.5583338, 38.8135153 ] ] } },
{ "type": "Feature", "properties": { "N12_001": "04", "N12_002": 2, "N12_003": 4, "N12_004": "宮城県道　築館登米線", "N12_005": 83, "N12_006": 1 }, "geometry": { "type": "LineString", "coordinates": [ [ 141.2601274, 38.6778026 ], [ 141.2584907, 38.6787144 ], [ 141.2503455, 38.6836636 ], [ 141.2490963, 38.6842973 ], [ 141.2476881, 38.6847981 ], [ 141.2466193, 38.6850975 ], [ 141.2454769, 38.6852922 ], [ 141.2434831, 38.6854899 ], [ 141.2353117, 38.6860808 ], [ 141.2302286, 38.6864033 ], [ 141.2287211, 38.6865895 ], [ 141.226959, 38.6869197 ], [ 141.2251735, 38.6874119 ], [ 141.2235225, 38.6880467 ], [ 141.2219088, 38.6888339 ], [ 141.2206357, 38.6896295 ], [ 141.2198359, 38.6902043 ], [ 141.2189517, 38.6909318 ], [ 141.2158764, 38.693707 ], [ 141.2148948, 38.6944443 ], [ 141.2152138, 38.695114 ], [ 141.2152394, 38.6953427 ], [ 141.2151609, 38.6954622 ], [ 141.2149791, 38.6955819 ], [ 141.2133092, 38.6961499 ], [ 141.2128725, 38.696404 ], [ 141.2125264, 38.6967592 ] ] } },
{ "type": "Feature", "properties": { "N12_001": "04", "N12_002": 1, "N12_003": 4, "N12_004": "宮城県道　築館登米線", "N12_005": 83, "N12_006": 2 }, "geometry": { "type": "LineString", "coordinates": [ [ 141.1485103, 38.7273824 ], [ 141.1442416, 38.7274326 ], [ 141.1429274, 38.7275028 ], [ 141.1419176, 38.7276199 ], [ 141.1407136, 38.7278519 ], [ 141.1393155, 38.7282465 ], [ 141.1382339, 38.7286593 ], [ 141.1373592, 38.7290429 ], [ 141.1293686, 38.7335638 ], [ 141.126296, 38.7353354 ], [ 141.1248143, 38.7361591 ], [ 141.1238181, 38.7366669 ], [ 141.1230528, 38.7370597 ], [ 141.121801, 38.7375872 ], [ 141.1205491, 38.738067 ], [ 141.1191508, 38.738509 ], [ 141.1178132, 38.7388746 ], [ 141.1164143, 38.7391641 ], [ 141.1148204, 38.7393872 ], [ 141.1136035, 38.739495 ], [ 141.1123739, 38.7394979 ], [ 141.1111318, 38.7394056 ], [ 141.1100842, 38.7392364 ], [ 141.1088536, 38.7389533 ], [ 141.1071106, 38.7384139 ], [ 141.0863301, 38.73151 ], [ 141.0833933, 38.7305915 ], [ 141.0804084, 38.7298255 ], [ 141.0782766, 38.7293533 ], [ 141.0760599, 38.7289384 ], [ 141.0742818, 38.728656 ], [ 141.0682053, 38.7278389 ], [ 141.0665371, 38.727642 ], [ 141.0655024, 38.7276059 ], [ 141.0644677, 38.7275984 ], [ 141.0635552, 38.7277051 ], [ 141.0622048, 38.7279366 ], [ 141.0609159, 38.7283491 ], [ 141.0600043, 38.7287608 ], [ 141.0586313, 38.7295453 ], [ 141.0581942, 38.7298799 ], [ 141.0570888, 38.7306352 ], [ 141.0554106, 38.7317959 ], [ 141.0546724, 38.7314679 ], [ 141.0543973, 38.7310632 ] ] } },
{ "type": "Feature", "properties": { "N12_001": "04", "N12_002": 1, "N12_003": 3, "N12_004": "一般国道4号", "N12_005": 6, "N12_006": 2 }, "geometry": { "type": "LineString", "coordinates": [ [ 141.024241, 38.7209439 ], [ 141.0246996, 38.7211247 ], [ 141.0248918, 38.7213103 ], [ 141.0250569, 38.7216104 ], [ 141.0252772, 38.7220891 ], [ 141.0257536, 38.7227033 ], [ 141.0262112, 38.7231459 ], [ 141.0269064, 38.7236954 ], [ 141.0276654, 38.7242019 ], [ 141.0296499, 38.7255143 ], [ 141.0306377, 38.726192 ], [ 141.0312872, 38.7266986 ], [ 141.0319829, 38.7273696 ], [ 141.0324866, 38.7279694 ], [ 141.032954, 38.7286051 ], [ 141.0334493, 38.7294409 ], [ 141.0354835, 38.7335478 ], [ 141.0382271, 38.7392016 ], [ 141.0386899, 38.7401458 ], [ 141.0388931, 38.7409464 ], [ 141.0389773, 38.7420036 ], [ 141.0388569, 38.7426892 ], [ 141.0385713, 38.7435458 ], [ 141.0380217, 38.7444238 ], [ 141.0373078, 38.7452804 ], [ 141.0355161, 38.7473505 ] ] } },
{ "type": "Feature", "properties": { "N12_001": "04", "N12_002": 1, "N12_003": 6, "N12_004": "宮城県道　若柳築館線", "N12_005": 84, "N12_006": 1 }, "geometry": { "type": "LineString", "coordinates": [ [ 141.0543973, 38.7310632 ], [ 141.0536451, 38.731344 ], [ 141.0525651, 38.7316511 ], [ 141.0516588, 38.731834 ], [ 141.0508557, 38.7319356 ], [ 141.0498152, 38.732009 ], [ 141.0493133, 38.7320743 ], [ 141.0464847, 38.7326015 ], [ 141.045928, 38.7326883 ], [ 141.0456633, 38.732696 ], [ 141.0446953, 38.7326048 ], [ 141.0443941, 38.7326339 ], [ 141.0434911, 38.7329073 ], [ 141.0430438, 38.7329438 ], [ 141.0416055, 38.732943 ], [ 141.0406886, 38.7330052 ], [ 141.0396482, 38.7331573 ], [ 141.0370284, 38.7332977 ], [ 141.0363713, 38.7333561 ], [ 141.0354835, 38.7335478 ] ] } },
{ "type": "Feature", "properties": { "N12_001": "04", "N12_002": 2, "N12_003": 9, "N12_004": "-", "N12_005": 85, "N12_006": 1 }, "geometry": { "type": "LineString", "coordinates": [ [ 140.9582321, 38.5804974 ], [ 140.9575662, 38.5801864 ], [ 140.9573813, 38.5800264 ], [ 140.9572985, 38.5798968 ], [ 140.957269, 38.5797252 ], [ 140.9572762, 38.5796546 ], [ 140.9574484, 38.5791463 ], [ 140.9574694, 38.5789675 ], [ 140.9574539, 38.5788125 ], [ 140.9573186, 38.5785069 ], [ 140.9565926, 38.5772839 ] ] } },
{ "type": "Feature", "properties": { "N12_001": "04", "N12_002": 2, "N12_003": 7, "N12_004": "大崎市道　七日町諏訪線", "N12_005": 86, "N12_006": 1 }, "geometry": { "type": "LineString", "coordinates": [ [ 140.9565926, 38.5772839 ], [ 140.9565405, 38.5771683 ], [ 140.9564132, 38.5767578 ], [ 140.9563189, 38.5765179 ] ] } },
{ "type": "Feature", "properties": { "N12_001": "04", "N12_002": 2, "N12_003": 6, "N12_004": "宮城県道　坂本古川線", "N12_005": 87, "N12_006": 1 }, "geometry": { "type": "LineString", "coordinates": [ [ 140.9475872, 38.5670369 ], [ 140.944914, 38.5667568 ], [ 140.9428901, 38.5665468 ] ] } },
{ "type": "Feature", "properties": { "N12_001": "04", "N12_002": 2, "N12_003": 4, "N12_004": "宮城県道　石巻停車場線", "N12_005": 88, "N12_006": 1 }, "geometry": { "type": "LineString", "coordinates": [ [ 141.3037143, 38.4333779 ], [ 141.3039692, 38.4347027 ] ] } },
{ "type": "Feature", "properties": { "N12_001": "04", "N12_002": 2, "N12_003": 9, "N12_004": "-", "N12_005": 89, "N12_006": 1 }, "geometry": { "type": "LineString", "coordinates": [ [ 141.2904136, 38.4402595 ], [ 141.2928148, 38.4387964 ], [ 141.2948344, 38.4375441 ], [ 141.2978908, 38.4356794 ], [ 141.2985995, 38.4354115 ] ] } },
{ "type": "Feature", "properties": { "N12_001": "04", "N12_002": 2, "N12_003": 3, "N12_004": "一般国道398号", "N12_005": 69, "N12_006": 2 }, "geometry": { "type": "LineString", "coordinates": [ [ 141.2832132, 38.4600626 ], [ 141.2856126, 38.459105 ], [ 141.2874576, 38.4584185 ], [ 141.2888043, 38.4580319 ], [ 141.2908168, 38.4574758 ], [ 141.2924518, 38.4571595 ], [ 141.2942841, 38.4568782 ], [ 141.2961171, 38.4567041 ], [ 141.298177, 38.4564695 ], [ 141.2995247, 38.4562496 ], [ 141.3020792, 38.455725 ], [ 141.3061007, 38.4548966 ], [ 141.3073721, 38.4546244 ], [ 141.3087068, 38.4542853 ], [ 141.3093523, 38.4540799 ], [ 141.3126358, 38.4526212 ], [ 141.3167689, 38.4506846 ], [ 141.3180027, 38.4502361 ], [ 141.3191107, 38.4500313 ], [ 141.3203476, 38.4500404 ], [ 141.3218402, 38.4502344 ], [ 141.3332379, 38.4520028 ], [ 141.3344203, 38.4520263 ], [ 141.3355286, 38.4518643 ], [ 141.3365451, 38.4515596 ], [ 141.3373243, 38.4511557 ], [ 141.3387005, 38.4502774 ], [ 141.339625, 38.4498443 ], [ 141.3404596, 38.4495546 ], [ 141.3412766, 38.4493509 ], [ 141.3498515, 38.4480118 ] ] } },
{ "type": "Feature", "properties": { "N12_001": "04", "N12_002": 2, "N12_003": 9, "N12_004": "-", "N12_005": 90, "N12_006": 1 }, "geometry": { "type": "LineString", "coordinates": [ [ 141.3020792, 38.455725 ], [ 141.3053665, 38.45823 ] ] } },
{ "type": "Feature", "properties": { "N12_001": "04", "N12_002": 2, "N12_003": 6, "N12_004": "宮城県道　稲井沢田線", "N12_005": 91, "N12_006": 1 }, "geometry": { "type": "LineString", "coordinates": [ [ 141.3498515, 38.4480118 ], [ 141.3509289, 38.447955 ], [ 141.3522254, 38.4478349 ], [ 141.3615389, 38.4464107 ], [ 141.3662277, 38.4459509 ], [ 141.3669179, 38.4458333 ], [ 141.3694356, 38.4452688 ], [ 141.3741671, 38.4440552 ], [ 141.3748443, 38.4438232 ], [ 141.3765964, 38.4430332 ], [ 141.3774189, 38.4427815 ], [ 141.3808573, 38.4421552 ], [ 141.3812927, 38.4420197 ], [ 141.3816063, 38.4417989 ], [ 141.3819545, 38.4413492 ], [ 141.3823043, 38.4411187 ], [ 141.3836337, 38.4405689 ], [ 141.3838988, 38.4403579 ], [ 141.3840058, 38.4400714 ], [ 141.3838666, 38.4393092 ], [ 141.383682, 38.4389382 ], [ 141.3836561, 38.4387191 ], [ 141.3838245, 38.4385562 ], [ 141.3840303, 38.4385171 ], [ 141.3842612, 38.4385827 ], [ 141.3844076, 38.438706 ], [ 141.3844583, 38.4389918 ], [ 141.384545, 38.4392393 ], [ 141.3851204, 38.4399803 ], [ 141.3854726, 38.4400549 ], [ 141.3858236, 38.4399865 ], [ 141.3860284, 38.4398139 ], [ 141.3861237, 38.4395847 ], [ 141.3860248, 38.4393372 ], [ 141.3857922, 38.4390427 ], [ 141.3857298, 38.4388046 ], [ 141.3857999, 38.4384611 ], [ 141.3862081, 38.4379347 ], [ 141.3865689, 38.4375611 ], [ 141.3868737, 38.4373301 ], [ 141.3871012, 38.43722 ] ] } },
{ "type": "Feature", "properties": { "N12_001": "04", "N12_002": 1, "N12_003": 3, "N12_004": "一般国道108号", "N12_005": 8, "N12_006": 3 }, "geometry": { "type": "LineString", "coordinates": [ [ 140.9703539, 38.5564886 ], [ 140.9714307, 38.5570443 ], [ 140.9725615, 38.5578153 ], [ 140.9732791, 38.5584437 ], [ 140.9739726, 38.5591294 ], [ 140.9745206, 38.5598916 ], [ 140.9750323, 38.5607395 ], [ 140.9754715, 38.5617974 ], [ 140.9756183, 38.5623312 ], [ 140.9761683, 38.5640849 ], [ 140.9766558, 38.5649711 ], [ 140.9769359, 38.565358 ], [ 140.9775807, 38.5659388 ], [ 140.9782739, 38.5664052 ], [ 140.9787845, 38.5666811 ], [ 140.9798055, 38.5670993 ], [ 140.9858447, 38.5686267 ], [ 140.9869138, 38.5687969 ], [ 140.9880557, 38.5688813 ], [ 140.9887235, 38.5688136 ], [ 140.9893425, 38.5686126 ], [ 140.9898763, 38.5683449 ], [ 140.9901797, 38.5682682 ], [ 140.9905198, 38.5682868 ], [ 140.9907629, 38.5683818 ], [ 140.9909596, 38.5686426 ] ] } },
{ "type": "Feature", "properties": { "N12_001": "04", "N12_002": 1, "N12_003": 4, "N12_004": "宮城県道　大衡落合線", "N12_005": 92, "N12_006": 1 }, "geometry": { "type": "LineString", "coordinates": [ [ 140.8766355, 38.4657563 ], [ 140.878045, 38.4666858 ], [ 140.8791277, 38.4673997 ], [ 140.8798192, 38.4677617 ], [ 140.8804492, 38.4679856 ], [ 140.8809829, 38.4680521 ], [ 140.8814559, 38.4680805 ], [ 140.8879201, 38.4678584 ], [ 140.8887207, 38.4680106 ], [ 140.8894364, 38.4682486 ], [ 140.8900673, 38.4685915 ], [ 140.8905649, 38.4689727 ], [ 140.8910505, 38.4695446 ], [ 140.8915364, 38.470536 ], [ 140.8922291, 38.4721375 ], [ 140.892715, 38.4731575 ], [ 140.8929822, 38.4735197 ], [ 140.8933463, 38.4738246 ], [ 140.8936861, 38.4740152 ], [ 140.8942078, 38.4742151 ], [ 140.8950934, 38.4744531 ], [ 140.8962702, 38.4747003 ], [ 140.8975923, 38.4747473 ], [ 140.8984777, 38.474661 ], [ 140.8992781, 38.4745175 ], [ 140.9000542, 38.4743264 ], [ 140.9012788, 38.4738108 ], [ 140.9029883, 38.4731709 ], [ 140.9041401, 38.472703 ], [ 140.9047221, 38.4724929 ], [ 140.9051949, 38.4722447 ], [ 140.9057888, 38.4717771 ], [ 140.9063582, 38.4711474 ], [ 140.9081138, 38.4682095 ], [ 140.90855, 38.4677611 ], [ 140.9090105, 38.4674271 ], [ 140.9098171, 38.4671128 ], [ 140.9105034, 38.4669039 ], [ 140.912023, 38.4664673 ], [ 140.9130048, 38.4659947 ], [ 140.9138045, 38.4653219 ], [ 140.915403, 38.4632755 ], [ 140.9160401, 38.4624699 ], [ 140.9164278, 38.4621168 ], [ 140.9169368, 38.4617827 ], [ 140.9213848, 38.4596627 ], [ 140.9224635, 38.4591374 ], [ 140.9231301, 38.4588699 ], [ 140.9238818, 38.4587168 ], [ 140.9250579, 38.4585824 ], [ 140.9270949, 38.4583996 ], [ 140.9278102, 38.458256 ], [ 140.9283314, 38.4580458 ], [ 140.9289494, 38.4577211 ], [ 140.9324735, 38.4542951 ], [ 140.9325865, 38.4541247 ], [ 140.9327518, 38.4538753 ], [ 140.9329452, 38.4534556 ], [ 140.9330417, 38.4530646 ], [ 140.933029, 38.4526641 ], [ 140.9329194, 38.4523305 ], [ 140.9325062, 38.4516539 ], [ 140.9307697, 38.4497102 ], [ 140.9304297, 38.449329 ], [ 140.9301866, 38.4489097 ], [ 140.9301012, 38.4485188 ], [ 140.9300764, 38.4480898 ], [ 140.9301849, 38.4476511 ], [ 140.9303542, 38.4472791 ], [ 140.930971, 38.446163 ], [ 140.9311402, 38.4457433 ], [ 140.9311761, 38.4453714 ], [ 140.9311513, 38.4449423 ], [ 140.9310072, 38.4446098 ] ] } },
{ "type": "Feature", "properties": { "N12_001": "04", "N12_002": 2, "N12_003": 6, "N12_004": "宮城県道　西成田宮床線", "N12_005": 93, "N12_006": 1 }, "geometry": { "type": "LineString", "coordinates": [ [ 140.8971545, 38.3955223 ], [ 140.8969349, 38.3955697 ], [ 140.8968721, 38.3955832 ], [ 140.8966138, 38.3956386 ], [ 140.8961489, 38.3957569 ], [ 140.8957347, 38.3958806 ], [ 140.8948874, 38.3962411 ], [ 140.8948379, 38.3962639 ], [ 140.8944252, 38.3964692 ], [ 140.8937066, 38.3968842 ], [ 140.8933459, 38.3971193 ], [ 140.8931391, 38.3973076 ], [ 140.8929851, 38.3975078 ], [ 140.8928034, 38.3978314 ], [ 140.8926177, 38.3981564 ], [ 140.8925892, 38.3981954 ], [ 140.8924155, 38.3983841 ], [ 140.8921366, 38.3985754 ], [ 140.89179, 38.3987825 ], [ 140.891703, 38.3988375 ], [ 140.8915631, 38.3989258 ], [ 140.8913827, 38.399028 ], [ 140.8912359, 38.3991197 ] ] } },
{ "type": "Feature", "properties": { "N12_001": "04", "N12_002": 2, "N12_003": 6, "N12_004": "宮城県道　西成田宮床線", "N12_005": 93, "N12_006": 2 }, "geometry": { "type": "LineString", "coordinates": [ [ 140.8852058, 38.3993817 ], [ 140.8849931, 38.3996191 ], [ 140.8849762, 38.3996456 ], [ 140.8849472, 38.3996822 ], [ 140.8849018, 38.3997155 ], [ 140.8848542, 38.3997224 ], [ 140.8846029, 38.3997417 ] ] } },
{ "type": "Feature", "properties": { "N12_001": "04", "N12_002": 2, "N12_003": 7, "N12_004": "富谷市道　仏所太子堂中線", "N12_005": 94, "N12_006": 1 }, "geometry": { "type": "LineString", "coordinates": [ [ 140.8852058, 38.3993817 ], [ 140.8861453, 38.3998098 ], [ 140.8901271, 38.4015886 ], [ 140.891318, 38.4021173 ] ] } },
{ "type": "Feature", "properties": { "N12_001": "04", "N12_002": 2, "N12_003": 6, "N12_004": "宮城県道　利府岩切停車場線", "N12_005": 95, "N12_006": 1 }, "geometry": { "type": "LineString", "coordinates": [ [ 140.955309, 38.3343647 ], [ 140.9579012, 38.3345578 ], [ 140.9618059, 38.3348599 ], [ 140.9627776, 38.3349661 ], [ 140.9631137, 38.3350659 ], [ 140.9633592, 38.3352372 ], [ 140.9635593, 38.3354659 ], [ 140.9636599, 38.3358448 ], [ 140.9636522, 38.3365957 ], [ 140.9635578, 38.3395253 ], [ 140.9636795, 38.3398398 ], [ 140.9638857, 38.3400589 ], [ 140.9642129, 38.3402397 ], [ 140.9645278, 38.3403347 ], [ 140.9651939, 38.3404293 ] ] } },
{ "type": "Feature", "properties": { "N12_001": "04", "N12_002": 2, "N12_003": 4, "N12_004": "宮城県道　塩釜吉岡線", "N12_005": 96, "N12_006": 1 }, "geometry": { "type": "LineString", "coordinates": [ [ 140.9651939, 38.3404293 ], [ 140.9644381, 38.3419928 ], [ 140.9640758, 38.3424819 ], [ 140.9634864, 38.3429593 ], [ 140.9630935, 38.3432696 ], [ 140.9614758, 38.344213 ], [ 140.9566537, 38.346979 ] ] } },
{ "type": "Feature", "properties": { "N12_001": "04", "N12_002": 2, "N12_003": 4, "N12_004": "宮城県道　塩釜吉岡線", "N12_005": 96, "N12_006": 2 }, "geometry": { "type": "LineString", "coordinates": [ [ 140.9732584, 38.3289815 ], [ 140.9737647, 38.3277515 ], [ 140.9740061, 38.3273793 ], [ 140.9742961, 38.3271215 ], [ 140.9757324, 38.3265903 ], [ 140.9822903, 38.3242407 ], [ 140.9828894, 38.3239483 ], [ 140.9833729, 38.3236497 ], [ 140.983926, 38.3233177 ], [ 140.9867725, 38.3212732 ], [ 140.9880714, 38.3203373 ] ] } },
{ "type": "Feature", "properties": { "N12_001": "04", "N12_002": 1, "N12_003": 3, "N12_004": "一般国道45号", "N12_005": 4, "N12_006": 11 }, "geometry": { "type": "LineString", "coordinates": [ [ 140.9880714, 38.3203373 ], [ 140.9897678, 38.3213526 ], [ 140.9898956, 38.3216528 ], [ 140.9897875, 38.3220677 ], [ 140.9895341, 38.3225845 ] ] } },
{ "type": "Feature", "properties": { "N12_001": "04", "N12_002": 1, "N12_003": 6, "N12_004": "宮城県道　今市福田線", "N12_005": 97, "N12_006": 1 }, "geometry": { "type": "LineString", "coordinates": [ [ 140.976672, 38.2686336 ], [ 140.9765933, 38.2686869 ], [ 140.9757574, 38.2692272 ], [ 140.9748371, 38.2702653 ], [ 140.9726278, 38.2746018 ], [ 140.9716118, 38.2764948 ], [ 140.9712048, 38.2771627 ], [ 140.9707374, 38.2778427 ], [ 140.9702244, 38.2784631 ], [ 140.9697112, 38.2789404 ], [ 140.969047, 38.2795372 ], [ 140.964652, 38.2824147 ], [ 140.9637457, 38.2829878 ], [ 140.9611025, 38.2847071 ], [ 140.9602267, 38.2854709 ], [ 140.9595173, 38.2862225 ], [ 140.9569376, 38.2892947 ], [ 140.9542612, 38.2925457 ], [ 140.9539855, 38.2928806 ], [ 140.9535325, 38.2933388 ], [ 140.9531792, 38.2936681 ], [ 140.9525539, 38.2941765 ], [ 140.9518559, 38.2946635 ], [ 140.9511155, 38.2950862 ], [ 140.9504325, 38.2954302 ], [ 140.949834, 38.2956954 ], [ 140.9490631, 38.2959679 ], [ 140.9438376, 38.2976545 ] ] } },
{ "type": "Feature", "properties": { "N12_001": "04", "N12_002": 1, "N12_003": 7, "N12_004": "仙台市道　元寺小路福室（その4）線", "N12_005": 98, "N12_006": 1 }, "geometry": { "type": "LineString", "coordinates": [ [ 140.9379323, 38.2610981 ], [ 140.9672932, 38.2610852 ], [ 140.9683519, 38.2609602 ] ] } },
{ "type": "Feature", "properties": { "N12_001": "04", "N12_002": 2, "N12_003": 7, "N12_004": "仙台市道　高砂駅蒲生（その2）線", "N12_005": 99, "N12_006": 1 }, "geometry": { "type": "LineString", "coordinates": [ [ 140.9684169, 38.2727378 ], [ 140.9682336, 38.2711397 ], [ 140.9682577, 38.2709138 ] ] } },
{ "type": "Feature", "properties": { "N12_001": "04", "N12_002": 1, "N12_003": 7, "N12_004": "仙台市道　扇町25号線", "N12_005": 100, "N12_006": 1 }, "geometry": { "type": "LineString", "coordinates": [ [ 140.9544214, 38.2704952 ], [ 140.954259, 38.2680403 ] ] } },
{ "type": "Feature", "properties": { "N12_001": "04", "N12_002": 2, "N12_003": 7, "N12_004": "仙台市道　元寺小路福室（その9）線", "N12_005": 101, "N12_006": 1 }, "geometry": { "type": "LineString", "coordinates": [ [ 140.9092249, 38.2621164 ], [ 140.9075161, 38.2624619 ], [ 140.9063976, 38.2625579 ], [ 140.9052486, 38.2625348 ], [ 140.9033588, 38.2623691 ], [ 140.9007732, 38.2618342 ], [ 140.8991063, 38.261659 ] ] } },
{ "type": "Feature", "properties": { "N12_001": "04", "N12_002": 2, "N12_003": 7, "N12_004": "仙台市道　八軒小路原町坂下線", "N12_005": 102, "N12_006": 1 }, "geometry": { "type": "LineString", "coordinates": [ [ 140.9108219, 38.2618394 ], [ 140.9097771, 38.2602855 ], [ 140.9089384, 38.2596219 ], [ 140.9073572, 38.2584324 ], [ 140.9049675, 38.2572062 ], [ 140.9044893, 38.256365 ] ] } },
{ "type": "Feature", "properties": { "N12_001": "04", "N12_002": 2, "N12_003": 7, "N12_004": "仙台市道　郡山折立（その3）線", "N12_005": 103, "N12_006": 1 }, "geometry": { "type": "LineString", "coordinates": [ [ 140.8453542, 38.2206529 ], [ 140.8449847, 38.2211414 ], [ 140.8428727, 38.2226001 ], [ 140.8408785, 38.2248768 ], [ 140.8374187, 38.230634 ], [ 140.8367841, 38.2314684 ], [ 140.8362719, 38.2319677 ] ] } },
{ "type": "Feature", "properties": { "N12_001": "04", "N12_002": 2, "N12_003": 7, "N12_004": "富谷市道　学校前線", "N12_005": 104, "N12_006": 1 }, "geometry": { "type": "LineString", "coordinates": [ [ 140.891318, 38.4021173 ], [ 140.8915722, 38.4004029 ], [ 140.8915871, 38.4001336 ], [ 140.8915747, 38.3998451 ], [ 140.8915049, 38.3996211 ], [ 140.8914047, 38.3993852 ], [ 140.8912359, 38.3991197 ] ] } },
{ "type": "Feature", "properties": { "N12_001": "04", "N12_002": 2, "N12_003": 7, "N12_004": "仙台市道　高砂駅蒲生（その1）線", "N12_005": 105, "N12_006": 1 }, "geometry": { "type": "LineString", "coordinates": [ [ 140.9682577, 38.2709138 ], [ 140.9682871, 38.270639 ], [ 140.9684769, 38.2702526 ], [ 140.9688088, 38.2699431 ], [ 140.9700293, 38.2693492 ] ] } },
{ "type": "Feature", "properties": { "N12_001": "04", "N12_002": 1, "N12_003": 7, "N12_004": "仙台市道　扇町23号線", "N12_005": 106, "N12_006": 1 }, "geometry": { "type": "LineString", "coordinates": [ [ 140.954259, 38.2680403 ], [ 140.9563151, 38.2680334 ] ] } },
{ "type": "Feature", "properties": { "N12_001": "04", "N12_002": 2, "N12_003": 7, "N12_004": "仙台市道　東仙台泉（その3）線", "N12_005": 107, "N12_006": 1 }, "geometry": { "type": "LineString", "coordinates": [ [ 140.9203004, 38.3025261 ], [ 140.9199007, 38.2998989 ], [ 140.9197179, 38.2988621 ], [ 140.9193231, 38.2975512 ], [ 140.918394, 38.2952791 ] ] } },
{ "type": "Feature", "properties": { "N12_001": "04", "N12_002": 2, "N12_003": 7, "N12_004": "仙台市道　郡山折立（その1）線", "N12_005": 108, "N12_006": 1 }, "geometry": { "type": "LineString", "coordinates": [ [ 140.8362719, 38.2319677 ], [ 140.8346686, 38.2335305 ] ] } },
{ "type": "Feature", "properties": { "N12_001": "04", "N12_002": 2, "N12_003": 7, "N12_004": "仙台市道　川内旗立線（その1）線", "N12_005": 109, "N12_006": 1 }, "geometry": { "type": "LineString", "coordinates": [ [ 140.8346686, 38.2335305 ], [ 140.8369603, 38.2350554 ], [ 140.8375592, 38.2354987 ], [ 140.8379585, 38.2358422 ], [ 140.8384797, 38.2365847 ] ] } },
{ "type": "Feature", "properties": { "N12_001": "04", "N12_002": 2, "N12_003": 3, "N12_004": "一般国道398号", "N12_005": 69, "N12_006": 3 }, "geometry": { "type": "LineString", "coordinates": [ [ 141.4463245, 38.4448418 ], [ 141.4465141, 38.4428909 ], [ 141.4459581, 38.4427349 ], [ 141.4455689, 38.4425891 ], [ 141.4451977, 38.4424242 ], [ 141.444735, 38.4421834 ], [ 141.4445704, 38.4420794 ], [ 141.443845, 38.4415921 ], [ 141.4432174, 38.441214 ], [ 141.4427426, 38.4409733 ], [ 141.4420737, 38.4407194 ], [ 141.4408214, 38.4402968 ], [ 141.4403294, 38.4401802 ], [ 141.4399654, 38.4401439 ], [ 141.4390017, 38.4401489 ], [ 141.4385106, 38.4401419 ], [ 141.4382134, 38.4401148 ], [ 141.4379704, 38.4400589 ], [ 141.436893, 38.4397097 ], [ 141.4366435, 38.439623 ], [ 141.4357303, 38.4393433 ], [ 141.4351779, 38.4391998 ], [ 141.4342426, 38.4391483 ], [ 141.432777, 38.4390747 ], [ 141.4315581, 38.4390196 ], [ 141.4307364, 38.4389233 ], [ 141.4300447, 38.4389626 ], [ 141.4296846, 38.4388879 ], [ 141.4288827, 38.4386626 ], [ 141.428763, 38.438631 ], [ 141.428131, 38.4384598 ], [ 141.4279664, 38.438409 ], [ 141.4277157, 38.4383415 ], [ 141.4273355, 38.4382399 ], [ 141.4261478, 38.437919 ], [ 141.4250752, 38.4376238 ], [ 141.4248381, 38.4375585 ], [ 141.4239858, 38.4373107 ], [ 141.423735, 38.4372374 ], [ 141.423585, 38.4372038 ], [ 141.423098, 38.4370796 ], [ 141.4229191, 38.4370402 ], [ 141.4226886, 38.437002 ], [ 141.4225108, 38.4369727 ], [ 141.4224009, 38.4369485 ], [ 141.4223443, 38.4369376 ], [ 141.4212511, 38.4367417 ], [ 141.4207788, 38.4366571 ], [ 141.4205135, 38.4365955 ], [ 141.4203704, 38.4365447 ], [ 141.4202271, 38.4365052 ], [ 141.420041, 38.4364208 ], [ 141.4185417, 38.4353901 ], [ 141.4165032, 38.4340272 ], [ 141.4160104, 38.4337866 ], [ 141.4155727, 38.4336314 ], [ 141.4149899, 38.4335127 ], [ 141.4144896, 38.4334795 ], [ 141.4140079, 38.4335033 ], [ 141.412682, 38.4336886 ], [ 141.4121912, 38.4337054 ], [ 141.4117272, 38.4336648 ], [ 141.411081, 38.4335821 ], [ 141.4106538, 38.4335914 ], [ 141.4103002, 38.4337147 ], [ 141.4100014, 38.4338735 ], [ 141.4091082, 38.434736 ], [ 141.4084885, 38.4356973 ], [ 141.4082092, 38.4360205 ], [ 141.4078206, 38.4363228 ], [ 141.4071506, 38.4366765 ], [ 141.4068244, 38.4368139 ], [ 141.4060797, 38.4369177 ], [ 141.4057342, 38.4369265 ], [ 141.4053977, 38.4369139 ], [ 141.4048965, 38.4367733 ], [ 141.4043764, 38.4365398 ], [ 141.403784, 38.4363497 ], [ 141.4033017, 38.4363019 ], [ 141.4028473, 38.4363256 ], [ 141.4023482, 38.4364424 ], [ 141.3987729, 38.4373465 ], [ 141.3982553, 38.4374205 ], [ 141.3978189, 38.4374298 ], [ 141.3974457, 38.4373815 ], [ 141.3969354, 38.4372293 ], [ 141.3965219, 38.4370002 ], [ 141.3963286, 38.4368536 ], [ 141.396028, 38.4366003 ], [ 141.3958346, 38.436448 ], [ 141.3955627, 38.4362677 ], [ 141.3952691, 38.4361439 ], [ 141.3950186, 38.4360708 ], [ 141.3947677, 38.4360256 ], [ 141.3943669, 38.4359864 ], [ 141.3933004, 38.4359864 ], [ 141.3929852, 38.4359975 ], [ 141.3928135, 38.4360145 ], [ 141.3924482, 38.436082 ], [ 141.3922438, 38.4361534 ], [ 141.3921722, 38.4361903 ], [ 141.3919668, 38.4363339 ], [ 141.391779, 38.4364734 ], [ 141.3917406, 38.4364978 ], [ 141.3916817, 38.4365439 ], [ 141.3912237, 38.4368989 ], [ 141.3909802, 38.4370618 ], [ 141.3907584, 38.4371859 ], [ 141.3905006, 38.4373042 ], [ 141.3899272, 38.4374747 ], [ 141.3893549, 38.4375346 ], [ 141.3881271, 38.4374975 ], [ 141.3874896, 38.4373575 ], [ 141.3871012, 38.43722 ] ] } },
{ "type": "Feature", "properties": { "N12_001": "04", "N12_002": 1, "N12_003": 3, "N12_004": "一般国道45号", "N12_005": 4, "N12_006": 12 }, "geometry": { "type": "LineString", "coordinates": [ [ 141.6309081, 38.9706596 ], [ 141.6312127, 38.9700145 ], [ 141.6312821, 38.9696708 ], [ 141.6313017, 38.9692416 ], [ 141.6314086, 38.9689739 ], [ 141.6315772, 38.968763 ], [ 141.6317591, 38.9686474 ], [ 141.632232, 38.9683486 ], [ 141.632425, 38.968128 ], [ 141.6329071, 38.9675621 ], [ 141.6331252, 38.9674081 ], [ 141.6336601, 38.9671852 ], [ 141.633987, 38.966935 ], [ 141.6341552, 38.966686 ], [ 141.6341886, 38.9663997 ], [ 141.6341123, 38.9661333 ], [ 141.633877, 38.9658394 ], [ 141.63368, 38.9656977 ], [ 141.6333733, 38.9655759 ], [ 141.632417, 38.9652487 ], [ 141.6320598, 38.9649747 ], [ 141.6318124, 38.9646904 ], [ 141.6316747, 38.9643957 ], [ 141.6316225, 38.964091 ], [ 141.6315454, 38.9626614 ], [ 141.6315734, 38.9618985 ], [ 141.6316591, 38.9608301 ], [ 141.6316035, 38.9602203 ], [ 141.6314632, 38.9596874 ], [ 141.6309372, 38.9585183 ], [ 141.6308605, 38.9582137 ], [ 141.630882, 38.9579562 ], [ 141.6310128, 38.9576406 ], [ 141.6312151, 38.9571721 ], [ 141.6312963, 38.9567902 ], [ 141.6312927, 38.956466 ], [ 141.6312408, 38.9561899 ], [ 141.6311184, 38.9558695 ], [ 141.6310752, 38.9557442 ], [ 141.6309274, 38.955485 ], [ 141.6307688, 38.955239 ], [ 141.6306656, 38.9551178 ], [ 141.6299885, 38.9544919 ], [ 141.6297025, 38.9540362 ], [ 141.6295762, 38.9536557 ], [ 141.6295723, 38.9533125 ], [ 141.6296315, 38.9529371 ], [ 141.6298245, 38.9524336 ], [ 141.6298097, 38.9522049 ], [ 141.6296663, 38.9519342 ], [ 141.6294252, 38.9516641 ], [ 141.6292208, 38.9514033 ], [ 141.6291327, 38.9511655 ], [ 141.6291377, 38.9509794 ], [ 141.6291487, 38.9508438 ], [ 141.6291802, 38.9507254 ], [ 141.6292479, 38.9505791 ], [ 141.629296, 38.9504998 ], [ 141.6294125, 38.9503567 ], [ 141.62955, 38.95023 ], [ 141.6298262, 38.9500569 ], [ 141.6299764, 38.9499739 ], [ 141.6300327, 38.949943 ], [ 141.630253, 38.9498004 ], [ 141.630318, 38.9497559 ], [ 141.630473, 38.9496214 ], [ 141.6306293, 38.9494217 ], [ 141.6308538, 38.9491368 ], [ 141.6309808, 38.9490285 ], [ 141.6311011, 38.9489423 ], [ 141.6312721, 38.9488646 ], [ 141.6314565, 38.9488004 ], [ 141.6316363, 38.948768 ], [ 141.6316938, 38.9487624 ], [ 141.6319403, 38.9487536 ], [ 141.6323259, 38.9487397 ], [ 141.6326221, 38.9486937 ], [ 141.6328684, 38.9486497 ], [ 141.6331084, 38.94855 ], [ 141.6332571, 38.9484756 ], [ 141.6334969, 38.9483074 ], [ 141.633651, 38.9481526 ], [ 141.6337275, 38.9480747 ], [ 141.6338099, 38.9479654 ], [ 141.6338617, 38.9478904 ], [ 141.633975, 38.9476906 ], [ 141.6341968, 38.9472975 ], [ 141.6343002, 38.9471302 ], [ 141.6344816, 38.9468951 ], [ 141.6346708, 38.9466532 ], [ 141.6347066, 38.9466156 ], [ 141.6348905, 38.9464223 ], [ 141.6350862, 38.946178 ], [ 141.6351514, 38.9460968 ], [ 141.6352305, 38.9459944 ], [ 141.6353544, 38.9457425 ], [ 141.6354192, 38.9455525 ], [ 141.6354764, 38.9451912 ], [ 141.6354786, 38.9449297 ], [ 141.6355674, 38.9446812 ], [ 141.6356698, 38.9445444 ], [ 141.6357668, 38.9444072 ], [ 141.6358448, 38.9443084 ], [ 141.6359388, 38.944205 ], [ 141.6361295, 38.9439953 ], [ 141.6362886, 38.9438262 ], [ 141.6364918, 38.943606 ], [ 141.636816, 38.9431913 ], [ 141.6369371, 38.9430475 ], [ 141.6369773, 38.9429739 ], [ 141.6370434, 38.9428626 ], [ 141.6373316, 38.9424525 ], [ 141.6375164, 38.9421908 ], [ 141.6375835, 38.9421067 ], [ 141.6376927, 38.9419684 ], [ 141.6379423, 38.9417432 ], [ 141.6379787, 38.9417117 ], [ 141.6380354, 38.9416648 ], [ 141.6381798, 38.9415682 ], [ 141.6385846, 38.9413094 ], [ 141.6388587, 38.9411707 ], [ 141.6389738, 38.9411116 ], [ 141.6392845, 38.9409482 ], [ 141.6395106, 38.9408381 ], [ 141.6397581, 38.9406433 ], [ 141.6399571, 38.9404322 ], [ 141.6400589, 38.9402598 ], [ 141.6400935, 38.9400784 ], [ 141.6401103, 38.9399449 ], [ 141.6400936, 38.9398115 ], [ 141.6400668, 38.9397107 ], [ 141.6400466, 38.9396508 ], [ 141.6399214, 38.9394638 ], [ 141.6398266, 38.9393625 ], [ 141.6397682, 38.9392993 ], [ 141.6395632, 38.9391408 ], [ 141.6392854, 38.939024 ], [ 141.6390664, 38.9389437 ], [ 141.6388273, 38.9388533 ], [ 141.6387039, 38.938797 ], [ 141.6385061, 38.9386828 ], [ 141.6384155, 38.9386075 ], [ 141.6383173, 38.9385012 ], [ 141.6382976, 38.9384764 ], [ 141.6382547, 38.9384185 ], [ 141.6382149, 38.9383553 ], [ 141.6381876, 38.9383027 ], [ 141.6381491, 38.9381832 ], [ 141.6381402, 38.9381292 ], [ 141.6381305, 38.9380355 ], [ 141.6381455, 38.9379131 ], [ 141.6381605, 38.937849 ], [ 141.6381827, 38.9377906 ], [ 141.6382174, 38.9376994 ], [ 141.6382623, 38.937615 ], [ 141.6383084, 38.9375386 ], [ 141.6383357, 38.9375029 ], [ 141.6383761, 38.9374567 ], [ 141.638436, 38.9374023 ], [ 141.6384788, 38.9373642 ], [ 141.6387044, 38.9371795 ], [ 141.6390413, 38.9369205 ], [ 141.6391423, 38.9368035 ], [ 141.6392603, 38.9366667 ], [ 141.6393206, 38.9365747 ], [ 141.6393912, 38.936443 ], [ 141.6394396, 38.9363479 ], [ 141.6394497, 38.936193 ], [ 141.6394354, 38.9360069 ], [ 141.6394043, 38.9358511 ], [ 141.6393005, 38.9356242 ], [ 141.6391997, 38.9355051 ], [ 141.6388189, 38.9351862 ], [ 141.6384776, 38.9349593 ], [ 141.6382362, 38.9347905 ], [ 141.637867, 38.9345323 ], [ 141.6376316, 38.9342706 ], [ 141.6374306, 38.9339952 ], [ 141.6372974, 38.933811 ], [ 141.6371405, 38.9336049 ], [ 141.6369897, 38.9334791 ], [ 141.6367748, 38.9333276 ], [ 141.6365418, 38.9332121 ], [ 141.6364151, 38.9331715 ], [ 141.6360361, 38.9330936 ], [ 141.6358651, 38.9330761 ], [ 141.6357169, 38.9330908 ], [ 141.6353121, 38.9331411 ], [ 141.635124, 38.9331727 ], [ 141.63462, 38.933256 ], [ 141.6345303, 38.9332749 ], [ 141.6343918, 38.9333143 ], [ 141.6342866, 38.9333443 ], [ 141.6339856, 38.9333516 ], [ 141.6337565, 38.9333518 ], [ 141.6334842, 38.933301 ], [ 141.6334811, 38.9333005 ], [ 141.6332437, 38.9331644 ], [ 141.6330639, 38.9330369 ], [ 141.6329281, 38.9328526 ], [ 141.6327763, 38.9325866 ], [ 141.6326044, 38.9322832 ], [ 141.6322692, 38.9318407 ], [ 141.6319468, 38.9315538 ], [ 141.6316639, 38.931365 ], [ 141.6310497, 38.9310165 ], [ 141.6296188, 38.9302254 ], [ 141.6291581, 38.9299616 ], [ 141.6288268, 38.9298065 ], [ 141.6284592, 38.9296803 ], [ 141.6281594, 38.9296156 ], [ 141.6276213, 38.9295192 ], [ 141.6272435, 38.929481 ], [ 141.6271577, 38.9293148 ], [ 141.626606, 38.9292327 ], [ 141.6263488, 38.9291534 ], [ 141.6261093, 38.9290168 ], [ 141.6255626, 38.9287059 ], [ 141.6252241, 38.9285529 ], [ 141.6249273, 38.9284361 ], [ 141.6246978, 38.9283714 ], [ 141.6242499, 38.9282835 ], [ 141.6238426, 38.9281937 ], [ 141.6235417, 38.9281815 ], [ 141.6232444, 38.9281802 ], [ 141.6228046, 38.9282317 ], [ 141.6226393, 38.9282525 ], [ 141.6225432, 38.9282725 ], [ 141.6223433, 38.9283374 ], [ 141.6218673, 38.9285134 ], [ 141.6215139, 38.9286498 ], [ 141.6212115, 38.928795 ], [ 141.6206561, 38.9290823 ], [ 141.62031, 38.9293415 ], [ 141.6200217, 38.9295951 ], [ 141.6195067, 38.9300081 ], [ 141.6182349, 38.9314421 ], [ 141.617993, 38.9316804 ], [ 141.6176344, 38.9320237 ], [ 141.6172245, 38.9324111 ], [ 141.616817, 38.9329721 ], [ 141.6167128, 38.9331376 ], [ 141.6166013, 38.9333146 ], [ 141.6165353, 38.9334192 ], [ 141.6164147, 38.9335905 ], [ 141.6163175, 38.9336648 ], [ 141.6161812, 38.9337555 ], [ 141.6160543, 38.9337721 ], [ 141.6158088, 38.933786 ], [ 141.6156815, 38.9337264 ], [ 141.6156132, 38.9336901 ], [ 141.6155479, 38.9336296 ], [ 141.6155127, 38.9334949 ], [ 141.6155451, 38.9333429 ], [ 141.6157207, 38.9331291 ], [ 141.6159354, 38.9329474 ], [ 141.6163021, 38.9326199 ], [ 141.6164362, 38.932369 ], [ 141.6165043, 38.9321755 ], [ 141.616542, 38.9319941 ], [ 141.6164847, 38.9317847 ], [ 141.616258, 38.9314612 ], [ 141.6160059, 38.9313182 ], [ 141.6157268, 38.9311758 ], [ 141.6155851, 38.9310849 ], [ 141.6152706, 38.9309467 ], [ 141.6151182, 38.9308828 ], [ 141.6144227, 38.9306206 ], [ 141.610814, 38.9292279 ], [ 141.6081001, 38.9280691 ], [ 141.6064067, 38.9272413 ], [ 141.6044841, 38.9266534 ], [ 141.6037904, 38.9263755 ], [ 141.6031554, 38.9260651 ], [ 141.6028064, 38.9259601 ], [ 141.6023292, 38.9258812 ], [ 141.6021332, 38.9258759 ], [ 141.6016658, 38.9259039 ], [ 141.6011581, 38.9260326 ], [ 141.6003584, 38.9263266 ], [ 141.6002425, 38.9263781 ], [ 141.600049, 38.9264363 ], [ 141.5998265, 38.9264966 ], [ 141.599271, 38.9266269 ], [ 141.5987772, 38.9266802 ], [ 141.5983007, 38.9266333 ], [ 141.5978879, 38.9265502 ], [ 141.5975016, 38.9263811 ], [ 141.5967746, 38.9260283 ], [ 141.596057, 38.9256898 ], [ 141.5949662, 38.925232 ], [ 141.5944602, 38.9249819 ], [ 141.5941355, 38.9247682 ], [ 141.5938116, 38.9245163 ], [ 141.593712, 38.924402 ], [ 141.5936016, 38.9242754 ], [ 141.5931925, 38.9237041 ], [ 141.5929613, 38.9234201 ], [ 141.5927403, 38.9231951 ], [ 141.5922541, 38.922792 ], [ 141.5918849, 38.9225019 ], [ 141.591708, 38.9223444 ], [ 141.5913713, 38.9219145 ], [ 141.5912572, 38.9217208 ], [ 141.591093, 38.9214995 ], [ 141.5908317, 38.9212031 ], [ 141.5905122, 38.9209151 ], [ 141.5902618, 38.9207743 ], [ 141.5900522, 38.9206918 ], [ 141.5899808, 38.9206636 ], [ 141.5897805, 38.9206002 ], [ 141.5894884, 38.9205406 ], [ 141.5890796, 38.9205014 ], [ 141.5888835, 38.9205161 ], [ 141.5884736, 38.9205457 ], [ 141.588022, 38.9206707 ], [ 141.5874526, 38.9208542 ], [ 141.5871699, 38.9209168 ], [ 141.5868888, 38.9209661 ], [ 141.5865653, 38.921002 ], [ 141.5862102, 38.9210098 ], [ 141.5856789, 38.9209758 ], [ 141.584824, 38.9208797 ], [ 141.5846227, 38.9208611 ], [ 141.5841484, 38.9207943 ], [ 141.5839174, 38.9207596 ], [ 141.5836016, 38.9207206 ], [ 141.582909, 38.9206438 ], [ 141.582813, 38.9206342 ], [ 141.5824451, 38.9205901 ], [ 141.5801508, 38.9204018 ], [ 141.5771961, 38.9202872 ], [ 141.5760728, 38.9202372 ], [ 141.575144, 38.9201263 ], [ 141.5734832, 38.919873 ], [ 141.5712185, 38.9194991 ], [ 141.5527692, 38.9162487 ], [ 141.5521204, 38.9160429 ], [ 141.5513973, 38.9157423 ], [ 141.5507959, 38.9154028 ], [ 141.5501078, 38.9149398 ], [ 141.5493302, 38.9141541 ], [ 141.5489807, 38.9138013 ], [ 141.5488154, 38.9135949 ], [ 141.5485936, 38.913304 ], [ 141.5483969, 38.9130124 ], [ 141.548156, 38.9125686 ], [ 141.5481559, 38.9125684 ], [ 141.5479845, 38.9122524 ], [ 141.5479046, 38.9120684 ], [ 141.5478551, 38.9119547 ], [ 141.5477634, 38.9117047 ], [ 141.547634, 38.9113233 ], [ 141.5475732, 38.9110152 ], [ 141.5475565, 38.9108635 ], [ 141.5475274, 38.9105983 ], [ 141.5475274, 38.9105061 ], [ 141.5475274, 38.9102052 ], [ 141.5475582, 38.9096752 ], [ 141.547623, 38.9092519 ], [ 141.5477166, 38.9088072 ], [ 141.5477816, 38.9085422 ], [ 141.5478301, 38.9083715 ], [ 141.5478786, 38.9082007 ], [ 141.5479111, 38.9080863 ], [ 141.5479975, 38.9077541 ], [ 141.5482712, 38.9067627 ], [ 141.5483145, 38.9065769 ], [ 141.5484585, 38.9060485 ], [ 141.5485306, 38.905766 ], [ 141.5485774, 38.9055665 ], [ 141.5486532, 38.905276 ], [ 141.548826, 38.9046283 ], [ 141.5490317, 38.9039178 ], [ 141.5490852, 38.903733 ], [ 141.549193, 38.9034288 ], [ 141.5492291, 38.9033049 ], [ 141.5492869, 38.9031187 ], [ 141.5493227, 38.9030402 ], [ 141.549575, 38.9023585 ], [ 141.54982, 38.9017899 ], [ 141.5498847, 38.9016491 ], [ 141.5499351, 38.9015455 ], [ 141.5500456, 38.9013182 ], [ 141.550696, 38.8999821 ], [ 141.5507487, 38.8998752 ], [ 141.5508137, 38.8997513 ], [ 141.5510082, 38.8993963 ], [ 141.5520527, 38.8973521 ], [ 141.5521615, 38.897154 ], [ 141.5523394, 38.8968301 ], [ 141.5524258, 38.8966726 ], [ 141.5533162, 38.8952685 ], [ 141.5534548, 38.8950498 ], [ 141.5539278, 38.8943515 ], [ 141.5539972, 38.8942491 ], [ 141.5545633, 38.8935561 ], [ 141.554688, 38.8934038 ], [ 141.555151, 38.8928383 ], [ 141.5553369, 38.8926112 ], [ 141.5561757, 38.8916487 ], [ 141.5562803, 38.8915287 ], [ 141.5564459, 38.8913373 ], [ 141.5568209, 38.8909311 ], [ 141.557267, 38.8904417 ], [ 141.557591, 38.8900703 ], [ 141.5579485, 38.889562 ], [ 141.5580031, 38.8894797 ], [ 141.5583796, 38.8889814 ], [ 141.5584339, 38.8889097 ], [ 141.5586644, 38.8886509 ], [ 141.5588588, 38.8884537 ], [ 141.5590426, 38.8882952 ], [ 141.55915, 38.8882121 ], [ 141.5595622, 38.8879078 ], [ 141.559919, 38.8877066 ], [ 141.5602122, 38.8875528 ], [ 141.5604352, 38.8874517 ], [ 141.5608461, 38.8872936 ], [ 141.5611198, 38.8871978 ], [ 141.5614871, 38.8870795 ], [ 141.561725, 38.8869949 ], [ 141.5619843, 38.8869105 ], [ 141.5621498, 38.8868656 ], [ 141.5621929, 38.886843 ], [ 141.5623515, 38.8867978 ], [ 141.5629201, 38.8866064 ], [ 141.5631146, 38.8865444 ], [ 141.563309, 38.8864825 ], [ 141.5636549, 38.8863641 ], [ 141.5636896, 38.8863561 ], [ 141.5640363, 38.8862291 ], [ 141.5643605, 38.8861052 ], [ 141.5649582, 38.8858125 ], [ 141.5650808, 38.8857336 ], [ 141.5652608, 38.8856266 ], [ 141.5653971, 38.8855467 ], [ 141.5657864, 38.885283 ], [ 141.5661681, 38.8849899 ], [ 141.5664561, 38.8847255 ], [ 141.5667079, 38.8844234 ], [ 141.5668236, 38.8842669 ], [ 141.5669025, 38.8841603 ], [ 141.567097, 38.8837905 ], [ 141.5672698, 38.8833849 ], [ 141.5672907, 38.8833152 ], [ 141.5674215, 38.8828782 ], [ 141.5675224, 38.8823432 ], [ 141.5675654, 38.8819207 ], [ 141.5675802, 38.8816507 ], [ 141.5675802, 38.8811718 ], [ 141.5675586, 38.8806593 ], [ 141.5675511, 38.8803918 ], [ 141.5675297, 38.8796232 ], [ 141.567547, 38.8794523 ], [ 141.5675518, 38.8794033 ], [ 141.5675656, 38.8792007 ], [ 141.5676523, 38.8786993 ], [ 141.5676953, 38.8785754 ], [ 141.5677962, 38.8782149 ], [ 141.5678327, 38.8781229 ], [ 141.5679256, 38.8778938 ], [ 141.5681562, 38.8774713 ], [ 141.568251, 38.8773313 ], [ 141.5683797, 38.877145 ], [ 141.5685379, 38.8769424 ], [ 141.5687902, 38.8766551 ], [ 141.5690924, 38.876379 ], [ 141.5693305, 38.8761932 ], [ 141.5695752, 38.8760185 ], [ 141.5699497, 38.8757987 ], [ 141.5702091, 38.8756579 ], [ 141.5702536, 38.8756405 ], [ 141.5704624, 38.8755387 ], [ 141.5708645, 38.8753651 ], [ 141.5713181, 38.875202 ], [ 141.5714477, 38.8751571 ], [ 141.5720237, 38.8749769 ], [ 141.5721677, 38.8749318 ], [ 141.5724056, 38.8748473 ], [ 141.5726809, 38.8747627 ], [ 141.5728009, 38.8747275 ], [ 141.5729907, 38.8746805 ], [ 141.5732381, 38.8746105 ], [ 141.5735073, 38.874532 ], [ 141.5739613, 38.8743663 ], [ 141.5742993, 38.8742106 ], [ 141.5744218, 38.8741542 ], [ 141.5745291, 38.8741064 ], [ 141.5746741, 38.8740417 ], [ 141.5748599, 38.8739527 ], [ 141.5751205, 38.8738278 ], [ 141.5755958, 38.8735573 ], [ 141.5756966, 38.8734901 ], [ 141.5758968, 38.8733547 ], [ 141.5761213, 38.8732029 ], [ 141.5765464, 38.8728647 ], [ 141.5768056, 38.8726339 ], [ 141.5771009, 38.8723072 ], [ 141.5774327, 38.8718901 ], [ 141.5776558, 38.8715775 ], [ 141.5778215, 38.8713106 ], [ 141.577922, 38.8711303 ], [ 141.5780448, 38.8708822 ], [ 141.5781345, 38.8706668 ], [ 141.5781887, 38.8705444 ], [ 141.578232, 38.8704031 ], [ 141.5783254, 38.8701219 ], [ 141.5784118, 38.8698122 ], [ 141.5784552, 38.8697053 ], [ 141.5785488, 38.8693614 ], [ 141.5785937, 38.8691656 ], [ 141.5786607, 38.8688751 ], [ 141.578725, 38.8685997 ], [ 141.5787921, 38.868312 ], [ 141.5788657, 38.8680043 ], [ 141.5789299, 38.8677459 ], [ 141.5790745, 38.8671033 ], [ 141.5791034, 38.8669794 ], [ 141.5791828, 38.8666472 ], [ 141.5792332, 38.8664411 ], [ 141.5793433, 38.8659703 ], [ 141.5794637, 38.8654644 ], [ 141.5795341, 38.8651517 ], [ 141.5796637, 38.8646406 ], [ 141.5797449, 38.8643214 ], [ 141.5799743, 38.8633468 ], [ 141.5800472, 38.8630369 ], [ 141.5801143, 38.8626596 ], [ 141.5802131, 38.8620966 ], [ 141.5802637, 38.8618078 ], [ 141.5803101, 38.8615833 ], [ 141.5803479, 38.8612827 ], [ 141.58035, 38.8611884 ], [ 141.5803235, 38.8608836 ], [ 141.5802853, 38.860518 ], [ 141.5802109, 38.8600354 ], [ 141.5801583, 38.8596709 ], [ 141.5801006, 38.8592711 ], [ 141.5800618, 38.8589219 ], [ 141.5800134, 38.8583101 ], [ 141.5800111, 38.8582454 ], [ 141.5800263, 38.8579855 ], [ 141.5800504, 38.8578776 ], [ 141.5800534, 38.8578198 ], [ 141.5800766, 38.857535 ], [ 141.5801012, 38.8573945 ], [ 141.5801125, 38.8572758 ], [ 141.5801537, 38.8567803 ], [ 141.5801631, 38.8567297 ], [ 141.5801846, 38.8564807 ], [ 141.5801991, 38.8562506 ], [ 141.580228, 38.8561048 ], [ 141.5802498, 38.8557495 ], [ 141.5802639, 38.8556537 ], [ 141.5802711, 38.8554963 ], [ 141.5802856, 38.855406 ], [ 141.5803145, 38.8551922 ], [ 141.5803237, 38.8550214 ], [ 141.5803576, 38.8547133 ], [ 141.580372, 38.854471 ], [ 141.5803937, 38.8542344 ], [ 141.5804268, 38.8539745 ], [ 141.5804364, 38.8538218 ], [ 141.5804443, 38.8536716 ], [ 141.5804801, 38.8533955 ], [ 141.5804945, 38.853215 ], [ 141.580516, 38.8529481 ], [ 141.5805452, 38.8526519 ], [ 141.5805807, 38.8522162 ], [ 141.5806171, 38.8517906 ], [ 141.5806388, 38.8516891 ], [ 141.580646, 38.8514755 ], [ 141.5807611, 38.8502696 ], [ 141.5807828, 38.8501124 ], [ 141.5807937, 38.8499816 ], [ 141.580862, 38.8491607 ], [ 141.5808938, 38.8487687 ], [ 141.580983, 38.8476745 ], [ 141.5810204, 38.8472624 ], [ 141.5810982, 38.8463586 ], [ 141.5811213, 38.8461869 ], [ 141.5811289, 38.8460672 ], [ 141.5811647, 38.845573 ], [ 141.5812366, 38.8448913 ], [ 141.5812438, 38.8447394 ], [ 141.5812583, 38.8446494 ], [ 141.5812728, 38.8445141 ], [ 141.5812728, 38.8443563 ], [ 141.5812521, 38.8441561 ], [ 141.5812225, 38.8438666 ], [ 141.5812078, 38.8436808 ], [ 141.5811861, 38.8436019 ], [ 141.5811647, 38.8434105 ], [ 141.5811073, 38.8431513 ], [ 141.5809559, 38.8427683 ], [ 141.5808575, 38.8425326 ], [ 141.5807256, 38.8422274 ], [ 141.5806753, 38.8420924 ], [ 141.5805029, 38.8416483 ], [ 141.5803584, 38.841276 ], [ 141.5801929, 38.8408819 ], [ 141.5801246, 38.8407098 ], [ 141.5797465, 38.8397666 ], [ 141.5794152, 38.8389219 ], [ 141.5793646, 38.838798 ], [ 141.5791054, 38.8381672 ], [ 141.5789395, 38.8377491 ], [ 141.578852, 38.8374972 ], [ 141.578796, 38.8372997 ], [ 141.5786777, 38.8366783 ], [ 141.5786225, 38.8362411 ], [ 141.5785368, 38.8358885 ], [ 141.5784495, 38.8355274 ], [ 141.5784107, 38.8353533 ], [ 141.5781214, 38.8338475 ], [ 141.5780195, 38.833315 ], [ 141.5778793, 38.8325824 ], [ 141.5778048, 38.8321972 ], [ 141.5777638, 38.8319689 ], [ 141.5775243, 38.8307891 ], [ 141.5774371, 38.8303616 ], [ 141.5773877, 38.8301358 ], [ 141.5773244, 38.8298432 ], [ 141.5772583, 38.829533 ], [ 141.5771276, 38.8288906 ], [ 141.5770711, 38.8286094 ], [ 141.5769043, 38.8278938 ], [ 141.5768541, 38.8276794 ], [ 141.5767478, 38.8272242 ], [ 141.5765354, 38.826809 ], [ 141.5761642, 38.8263379 ], [ 141.5751649, 38.8249816 ], [ 141.5748651, 38.8245676 ], [ 141.5743511, 38.8239108 ], [ 141.5731116, 38.8217638 ], [ 141.5729783, 38.8212498 ], [ 141.5731195, 38.8189893 ], [ 141.5733455, 38.8160989 ], [ 141.5733023, 38.8154556 ], [ 141.5730777, 38.8149565 ], [ 141.5727632, 38.8145867 ], [ 141.5724318, 38.8143599 ], [ 141.5719836, 38.8141518 ], [ 141.5715179, 38.8140378 ], [ 141.5712248, 38.8139992 ], [ 141.5706854, 38.8139487 ], [ 141.5703545, 38.8139317 ], [ 141.56947, 38.8139317 ], [ 141.5692058, 38.8139449 ], [ 141.5691317, 38.8139487 ], [ 141.5688872, 38.8139826 ], [ 141.5683767, 38.8140501 ], [ 141.567557, 38.8141757 ], [ 141.5670103, 38.814247 ], [ 141.5667164, 38.8142706 ], [ 141.5664488, 38.8142921 ], [ 141.5659313, 38.8143257 ], [ 141.5653775, 38.814354 ], [ 141.5646778, 38.8143426 ], [ 141.5640034, 38.8143146 ], [ 141.5634137, 38.8142751 ], [ 141.5631046, 38.814264 ], [ 141.5628674, 38.8142413 ], [ 141.5626515, 38.8142302 ], [ 141.5626157, 38.8142188 ], [ 141.5615725, 38.8141457 ], [ 141.5610895, 38.814108 ], [ 141.5605515, 38.8140613 ], [ 141.5604362, 38.8140443 ], [ 141.5598967, 38.8140046 ], [ 141.5596592, 38.8139824 ], [ 141.559307, 38.8139202 ], [ 141.5590987, 38.8138696 ], [ 141.5588078, 38.8137714 ], [ 141.55871, 38.8137402 ], [ 141.5584584, 38.8136105 ], [ 141.5583338, 38.8135153 ], [ 141.5581781, 38.8133963 ], [ 141.5578326, 38.813036 ], [ 141.5575976, 38.8127671 ], [ 141.5574301, 38.8125797 ], [ 141.5571996, 38.8123939 ], [ 141.5566028, 38.8120166 ], [ 141.5565128, 38.8119486 ], [ 141.5563945, 38.8118699 ], [ 141.5561714, 38.811673 ], [ 141.5559987, 38.8115041 ], [ 141.5558189, 38.8113069 ], [ 141.5556101, 38.8110366 ], [ 141.5553658, 38.8106365 ], [ 141.5552365, 38.8103663 ], [ 141.5551702, 38.8102198 ], [ 141.5550776, 38.8100169 ], [ 141.5549273, 38.8097411 ], [ 141.5547476, 38.8094819 ], [ 141.554582, 38.8092736 ], [ 141.5544465, 38.8091244 ], [ 141.5543518, 38.8090202 ], [ 141.5538294, 38.8085275 ], [ 141.5536543, 38.8084008 ], [ 141.5535308, 38.8083152 ], [ 141.5534368, 38.8082462 ], [ 141.5532876, 38.8081527 ], [ 141.5526976, 38.8078372 ], [ 141.5520576, 38.8075444 ], [ 141.5512819, 38.8071956 ], [ 141.5510734, 38.8071038 ], [ 141.5507148, 38.8069297 ], [ 141.550378, 38.8067927 ], [ 141.5501323, 38.8067013 ], [ 141.5498854, 38.8066094 ], [ 141.5495256, 38.8064744 ], [ 141.5493963, 38.8064346 ], [ 141.5487709, 38.8062489 ], [ 141.5487131, 38.8062208 ], [ 141.548332, 38.8060745 ], [ 141.5480445, 38.8059167 ], [ 141.5477894, 38.8057288 ], [ 141.5473825, 38.8053759 ], [ 141.5466132, 38.804762 ], [ 141.5462464, 38.80452 ], [ 141.5459661, 38.8043682 ], [ 141.5455703, 38.804182 ], [ 141.54552, 38.8041706 ], [ 141.5451748, 38.8040298 ], [ 141.5450164, 38.8039792 ], [ 141.5449086, 38.8039509 ], [ 141.5446061, 38.8038664 ], [ 141.5443012, 38.8038035 ], [ 141.5441782, 38.8037794 ], [ 141.543995, 38.8037539 ], [ 141.5438803, 38.8037312 ], [ 141.5436235, 38.8036767 ], [ 141.5429808, 38.8035453 ], [ 141.5427292, 38.8034779 ], [ 141.54219, 38.8033201 ], [ 141.5419236, 38.8032076 ], [ 141.5418375, 38.8031398 ], [ 141.5418025, 38.803117 ], [ 141.5417053, 38.8030539 ], [ 141.5416644, 38.8030273 ], [ 141.5413627, 38.8027962 ], [ 141.5402769, 38.8018162 ], [ 141.5400034, 38.8015966 ], [ 141.5396941, 38.8013823 ], [ 141.5392697, 38.8010781 ], [ 141.5392414, 38.801067 ], [ 141.538718, 38.8007002 ], [ 141.5385505, 38.8005826 ], [ 141.5384224, 38.8004927 ], [ 141.5381886, 38.8003232 ], [ 141.5380903, 38.8002279 ], [ 141.537975, 38.8001043 ], [ 141.537892, 38.799994 ], [ 141.5378096, 38.7998844 ], [ 141.537558, 38.799479 ], [ 141.537365, 38.7991242 ], [ 141.5373067, 38.7990168 ], [ 141.5371483, 38.7988029 ], [ 141.5367669, 38.7983523 ], [ 141.5365086, 38.7981144 ], [ 141.5362565, 38.797885 ], [ 141.5360261, 38.797699 ], [ 141.5357315, 38.7974852 ], [ 141.5355731, 38.7973893 ], [ 141.5351486, 38.7971415 ], [ 141.5349205, 38.7969942 ], [ 141.5348108, 38.7969332 ], [ 141.5341203, 38.7964993 ], [ 141.5335569, 38.796154 ], [ 141.5333828, 38.7960477 ], [ 141.5329767, 38.795801 ], [ 141.5327247, 38.7956713 ], [ 141.5324303, 38.7955249 ], [ 141.532013, 38.7953896 ], [ 141.5314233, 38.7952938 ], [ 141.5303803, 38.7952088 ], [ 141.5298335, 38.7951644 ], [ 141.5295099, 38.795108 ], [ 141.529292, 38.7950508 ], [ 141.5291935, 38.7950291 ], [ 141.5290499, 38.794973 ], [ 141.5289275, 38.7948997 ], [ 141.5288171, 38.7948074 ], [ 141.528388, 38.794466 ], [ 141.5279853, 38.7940717 ], [ 141.527578, 38.7936336 ], [ 141.5274313, 38.7934805 ], [ 141.5272946, 38.7933508 ], [ 141.5269857, 38.7930805 ], [ 141.5268401, 38.7929726 ], [ 141.5266828, 38.7928737 ], [ 141.5266252, 38.7928475 ], [ 141.5260074, 38.792613 ], [ 141.525075, 38.7922752 ], [ 141.5247103, 38.7921388 ], [ 141.5244393, 38.7920383 ], [ 141.5243746, 38.7920102 ], [ 141.524278, 38.7919873 ], [ 141.5242093, 38.7919708 ], [ 141.5241374, 38.7919427 ], [ 141.5240509, 38.79192 ], [ 141.5238568, 38.7918583 ], [ 141.5231631, 38.7916489 ], [ 141.5230727, 38.7916216 ], [ 141.5229793, 38.7915933 ], [ 141.5227634, 38.7915597 ], [ 141.5222384, 38.7915653 ], [ 141.5219121, 38.7915731 ], [ 141.5208607, 38.7916595 ], [ 141.5206348, 38.7916781 ], [ 141.5204866, 38.7916781 ], [ 141.5202245, 38.7916781 ], [ 141.5198839, 38.7916489 ], [ 141.5196925, 38.7916325 ], [ 141.5188795, 38.7916045 ], [ 141.5184191, 38.7915782 ], [ 141.5181892, 38.7915651 ], [ 141.5169809, 38.7915022 ], [ 141.5166981, 38.7914816 ], [ 141.516463, 38.7914637 ], [ 141.516031, 38.7914017 ], [ 141.5155188, 38.791294 ], [ 141.5153754, 38.7912512 ], [ 141.5151249, 38.7911765 ], [ 141.5147868, 38.7910356 ], [ 141.5144995, 38.7908987 ], [ 141.5142002, 38.7907374 ], [ 141.5140697, 38.7906559 ], [ 141.5139671, 38.7905848 ], [ 141.5136066, 38.7902743 ], [ 141.5135638, 38.7902307 ], [ 141.5135287, 38.790195 ], [ 141.513104, 38.7897629 ], [ 141.5128163, 38.7894306 ], [ 141.5124996, 38.7889518 ], [ 141.5116655, 38.7875661 ], [ 141.5108672, 38.7861582 ], [ 141.5108161, 38.7860522 ], [ 141.5107754, 38.7859678 ], [ 141.5105577, 38.7855162 ], [ 141.5104358, 38.7852346 ], [ 141.5103352, 38.7849473 ], [ 141.5103062, 38.7848338 ], [ 141.510295, 38.7847895 ], [ 141.5102561, 38.7846373 ], [ 141.5102125, 38.7843428 ], [ 141.5101986, 38.7842487 ], [ 141.5102055, 38.783849 ], [ 141.51025, 38.7833141 ], [ 141.5102561, 38.7832409 ], [ 141.5102992, 38.782993 ], [ 141.5104362, 38.7825084 ], [ 141.510664, 38.7819959 ], [ 141.510698, 38.7819326 ], [ 141.5107959, 38.7817426 ], [ 141.5109561, 38.7814791 ], [ 141.5109963, 38.7814129 ], [ 141.5113639, 38.7808622 ] ] } },
{ "type": "Feature", "properties": { "N12_001": "04", "N12_002": 1, "N12_003": 3, "N12_004": "一般国道346号", "N12_005": 11, "N12_006": 2 }, "geometry": { "type": "LineString", "coordinates": [ [ 141.5172329, 38.7920604 ], [ 141.5171029, 38.7919658 ], [ 141.5170091, 38.7918386 ], [ 141.5169686, 38.7916844 ], [ 141.5169809, 38.7915022 ] ] } },
{ "type": "Feature", "properties": { "N12_001": "04", "N12_002": 2, "N12_003": 9, "N12_004": "-", "N12_005": 110, "N12_006": 1 }, "geometry": { "type": "LineString", "coordinates": [ [ 141.3020237, 38.4340952 ], [ 141.3024077, 38.4347871 ], [ 141.3039692, 38.4347027 ] ] } },
{ "type": "Feature", "properties": { "N12_001": "04", "N12_002": 2, "N12_003": 3, "N12_004": "一般国道398号", "N12_005": 69, "N12_006": 4 }, "geometry": { "type": "LineString", "coordinates": [ [ 141.2985995, 38.4354115 ], [ 141.3000509, 38.4348706 ], [ 141.300247, 38.4347914 ], [ 141.3005693, 38.4346617 ], [ 141.3006765, 38.4346111 ], [ 141.3014835, 38.4343059 ], [ 141.301535, 38.4342861 ], [ 141.3020237, 38.4340952 ], [ 141.302126, 38.4340543 ], [ 141.3030633, 38.4336697 ], [ 141.3031136, 38.433648 ], [ 141.3036592, 38.433402 ], [ 141.3037143, 38.4333779 ] ] } },
{ "type": "Feature", "properties": { "N12_001": "04", "N12_002": 2, "N12_003": 7, "N12_004": "石巻市道　中埣橋石巻大橋伊原津一丁目線", "N12_005": 111, "N12_006": 1 }, "geometry": { "type": "LineString", "coordinates": [ [ 141.2853065, 38.4403816 ], [ 141.2857593, 38.4401964 ], [ 141.2864301, 38.4401325 ], [ 141.2873353, 38.4401112 ], [ 141.2885599, 38.4401644 ], [ 141.2902637, 38.4402495 ], [ 141.2904136, 38.4402595 ] ] } },
{ "type": "Feature", "properties": { "N12_001": "04", "N12_002": 2, "N12_003": 4, "N12_004": "宮城県道　大和松島線", "N12_005": 112, "N12_006": 1 }, "geometry": { "type": "LineString", "coordinates": [ [ 140.9920287, 38.4236933 ], [ 140.992341, 38.4236696 ], [ 140.993073, 38.4236398 ], [ 140.9938891, 38.4236287 ], [ 140.9951667, 38.4236047 ], [ 140.9954156, 38.4236055 ], [ 140.9965807, 38.4236361 ], [ 140.9973475, 38.4236578 ], [ 140.9979582, 38.4236628 ], [ 140.9980873, 38.4236619 ], [ 140.9982045, 38.4236632 ], [ 140.9989177, 38.4236845 ], [ 140.9998878, 38.4236962 ], [ 141.0000397, 38.4236994 ], [ 141.0005346, 38.4237096 ], [ 141.0009283, 38.4237062 ], [ 141.0011478, 38.4237097 ], [ 141.0013176, 38.4236912 ], [ 141.0016237, 38.4236596 ], [ 141.0017989, 38.4236374 ], [ 141.0021941, 38.4235614 ], [ 141.002583, 38.4234411 ], [ 141.0028463, 38.4233547 ], [ 141.0029502, 38.4233149 ], [ 141.0032177, 38.4231954 ], [ 141.0035469, 38.4230209 ], [ 141.0037333, 38.4229025 ], [ 141.0039605, 38.4226856 ], [ 141.0042738, 38.4223865 ], [ 141.00444, 38.4221137 ], [ 141.0045468, 38.421918 ], [ 141.0049186, 38.421348 ], [ 141.0051047, 38.4210046 ], [ 141.0054312, 38.4204116 ], [ 141.005467, 38.4203327 ], [ 141.0057336, 38.4199868 ], [ 141.005917, 38.4196131 ], [ 141.006064, 38.4194045 ], [ 141.0063859, 38.4189767 ], [ 141.0065178, 38.4188484 ], [ 141.0065934, 38.4187684 ], [ 141.0071726, 38.41825 ], [ 141.0074685, 38.4179898 ], [ 141.0076018, 38.4178725 ], [ 141.0077593, 38.4177431 ], [ 141.0079785, 38.4175512 ], [ 141.0080369, 38.4174992 ], [ 141.0083732, 38.417202 ], [ 141.008582, 38.4170175 ], [ 141.0090162, 38.4166338 ], [ 141.0091001, 38.4165594 ], [ 141.0093616, 38.416325 ], [ 141.0093983, 38.4162899 ], [ 141.0096758, 38.4160139 ], [ 141.0097688, 38.415862 ], [ 141.0099619, 38.4154789 ], [ 141.0101911, 38.4149326 ], [ 141.0103269, 38.4146003 ], [ 141.0103768, 38.4144653 ], [ 141.0104844, 38.4142173 ], [ 141.0105131, 38.4141387 ], [ 141.0107027, 38.4137733 ], [ 141.0107945, 38.4136588 ], [ 141.0108633, 38.4135753 ], [ 141.0110709, 38.413412 ], [ 141.0113642, 38.4132092 ], [ 141.0119434, 38.4128598 ], [ 141.012387, 38.4126462 ], [ 141.0125084, 38.4125953 ], [ 141.0126622, 38.4125459 ], [ 141.0130556, 38.412431 ], [ 141.0132665, 38.4123756 ], [ 141.0134096, 38.412325 ], [ 141.0137384, 38.4121614 ], [ 141.0140387, 38.4119475 ], [ 141.0143035, 38.4117278 ], [ 141.0146899, 38.4113561 ], [ 141.0152781, 38.4107259 ], [ 141.0153498, 38.4106523 ], [ 141.0154907, 38.4105111 ], [ 141.0157031, 38.4103574 ], [ 141.0159844, 38.4101959 ], [ 141.0162776, 38.410072 ], [ 141.0166424, 38.409965 ], [ 141.0167069, 38.4099521 ], [ 141.0170069, 38.409892 ], [ 141.0174074, 38.4098242 ], [ 141.0178866, 38.4097622 ], [ 141.0181228, 38.4097453 ], [ 141.0184516, 38.4097058 ], [ 141.0189809, 38.4096553 ], [ 141.0192056, 38.4096401 ], [ 141.0192631, 38.4096385 ], [ 141.0194935, 38.4096396 ], [ 141.0195508, 38.4096373 ], [ 141.019662, 38.4096283 ], [ 141.0200791, 38.4096117 ], [ 141.0206758, 38.4095989 ], [ 141.0211051, 38.4095936 ], [ 141.021591, 38.4095653 ], [ 141.0222993, 38.4094977 ], [ 141.0228713, 38.4094244 ], [ 141.0236365, 38.4093064 ], [ 141.0247743, 38.409112 ], [ 141.024932, 38.4090844 ], [ 141.0256563, 38.4089565 ], [ 141.0261245, 38.4088736 ], [ 141.0270983, 38.408698 ], [ 141.0288073, 38.4083602 ], [ 141.028985, 38.408323 ], [ 141.029587, 38.4081969 ], [ 141.0304784, 38.4079784 ], [ 141.0307069, 38.4079199 ], [ 141.0310887, 38.4078196 ], [ 141.031339, 38.4077352 ], [ 141.0323046, 38.4073688 ], [ 141.0330771, 38.4070313 ], [ 141.0333741, 38.4068952 ], [ 141.0339138, 38.4066479 ], [ 141.0345216, 38.4063326 ], [ 141.0348332, 38.4061608 ], [ 141.0349261, 38.406108 ], [ 141.0355231, 38.4057581 ], [ 141.0357846, 38.4055689 ], [ 141.0358308, 38.4055358 ], [ 141.0364433, 38.4050975 ], [ 141.0374543, 38.404384 ], [ 141.0381696, 38.4039107 ], [ 141.0385848, 38.4036239 ], [ 141.0387292, 38.4035182 ], [ 141.0388604, 38.4033924 ], [ 141.0389779, 38.403259 ], [ 141.0391077, 38.4030812 ], [ 141.0392135, 38.4029026 ], [ 141.039364, 38.40261 ], [ 141.0394713, 38.4023393 ], [ 141.0396284, 38.4019959 ], [ 141.039743, 38.4017818 ], [ 141.0398719, 38.4016126 ], [ 141.040065, 38.4014212 ], [ 141.040308, 38.4012357 ], [ 141.0404107, 38.4011771 ], [ 141.0405043, 38.4011312 ], [ 141.0406511, 38.401061 ], [ 141.0407712, 38.4010161 ], [ 141.0408634, 38.4009789 ], [ 141.0411396, 38.4008222 ] ] } },
{ "type": "Feature", "properties": { "N12_001": "04", "N12_002": 2, "N12_003": 6, "N12_004": "宮城県道　利府停車場総合運動公園線", "N12_005": 113, "N12_006": 1 }, "geometry": { "type": "LineString", "coordinates": [ [ 140.9732584, 38.3289815 ], [ 140.9746862, 38.329376 ], [ 140.9751355, 38.3294192 ] ] } },
{ "type": "Feature", "properties": { "N12_001": "04", "N12_002": 2, "N12_003": 7, "N12_004": "塩竈市道　旭町4号線", "N12_005": 114, "N12_006": 1 }, "geometry": { "type": "LineString", "coordinates": [ [ 141.0226012, 38.3139501 ], [ 141.022665, 38.3134175 ] ] } },
{ "type": "Feature", "properties": { "N12_001": "04", "N12_002": 2, "N12_003": 7, "N12_004": "塩竈市道　南町旭町線", "N12_005": 115, "N12_006": 1 }, "geometry": { "type": "LineString", "coordinates": [ [ 141.0235426, 38.3128808 ], [ 141.0233783, 38.3130151 ], [ 141.0231315, 38.3131757 ], [ 141.0228961, 38.3133134 ], [ 141.0227412, 38.3133937 ], [ 141.022665, 38.3134175 ] ] } },
{ "type": "Feature", "properties": { "N12_001": "04", "N12_002": 2, "N12_003": 4, "N12_004": "宮城県道　仙台塩釜線", "N12_005": 15, "N12_006": 2 }, "geometry": { "type": "LineString", "coordinates": [ [ 141.025942, 38.2902484 ], [ 141.0260601, 38.2902828 ], [ 141.0262667, 38.2903447 ], [ 141.026527, 38.2904272 ], [ 141.0270086, 38.2905785 ], [ 141.0275156, 38.2907316 ], [ 141.0277542, 38.2908077 ], [ 141.0281818, 38.2909716 ], [ 141.0282337, 38.2909922 ], [ 141.0285751, 38.2911402 ], [ 141.0287729, 38.2912421 ], [ 141.0291783, 38.2914175 ], [ 141.0292948, 38.291478 ], [ 141.0295679, 38.2916244 ], [ 141.0296016, 38.2916413 ], [ 141.0296762, 38.2916787 ] ] } },
{ "type": "Feature", "properties": { "N12_001": "04", "N12_002": 1, "N12_003": 3, "N12_004": "一般国道45号", "N12_005": 4, "N12_006": 13 }, "geometry": { "type": "LineString", "coordinates": [ [ 141.4494947, 38.6770428 ], [ 141.4497305, 38.6771072 ], [ 141.4505965, 38.677341 ], [ 141.4509682, 38.6774806 ], [ 141.4514431, 38.6778952 ], [ 141.4517353, 38.6782751 ], [ 141.451862, 38.6788703 ], [ 141.4518367, 38.6794544 ], [ 141.4516527, 38.6810405 ], [ 141.4515396, 38.6820422 ], [ 141.4515293, 38.6826144 ], [ 141.4516395, 38.6830428 ], [ 141.4518261, 38.6835305 ], [ 141.4521342, 38.6839937 ], [ 141.4525945, 38.684468 ], [ 141.4531913, 38.6849058 ], [ 141.4547182, 38.6856366 ], [ 141.4552225, 38.685987 ], [ 141.4554094, 38.6861895 ], [ 141.4557006, 38.6865806 ], [ 141.4557683, 38.6866515 ], [ 141.4559122, 38.6868259 ], [ 141.4561952, 38.6870892 ], [ 141.4565919, 38.6872756 ], [ 141.4573066, 38.6874828 ], [ 141.4575303, 38.6875671 ], [ 141.4576935, 38.6876514 ], [ 141.4579464, 38.6878814 ], [ 141.4581404, 38.6880935 ], [ 141.4583836, 38.6883547 ], [ 141.4588261, 38.68883 ], [ 141.4589159, 38.688898 ], [ 141.4590809, 38.6889702 ], [ 141.4592852, 38.6890275 ], [ 141.4595543, 38.6890951 ], [ 141.4598045, 38.6891421 ], [ 141.4599952, 38.6891656 ], [ 141.4602306, 38.6891627 ], [ 141.460522, 38.6891216 ], [ 141.4606864, 38.689098 ], [ 141.4609218, 38.6890598 ], [ 141.4613516, 38.6889775 ], [ 141.4615122, 38.6889569 ], [ 141.4617289, 38.6889334 ], [ 141.4618895, 38.6889276 ], [ 141.4621138, 38.6889482 ], [ 141.4623158, 38.6889779 ], [ 141.462458, 38.6890201 ], [ 141.4625089, 38.6890412 ], [ 141.4626171, 38.6891009 ], [ 141.4627964, 38.6891999 ], [ 141.4631152, 38.6893625 ], [ 141.4633504, 38.6894853 ], [ 141.4636079, 38.6895791 ], [ 141.4637879, 38.6896246 ], [ 141.4639939, 38.6896526 ], [ 141.4641944, 38.6896798 ], [ 141.4642806, 38.6896996 ], [ 141.464892, 38.6898859 ], [ 141.4653192, 38.6900504 ], [ 141.4660527, 38.6903929 ], [ 141.4663195, 38.6904845 ], [ 141.4667857, 38.6905893 ], [ 141.4672787, 38.6906152 ], [ 141.4680446, 38.690561 ], [ 141.4682912, 38.6905882 ], [ 141.4686844, 38.6906791 ], [ 141.4691147, 38.6908483 ], [ 141.4696204, 38.6912818 ], [ 141.4699417, 38.6915089 ], [ 141.4703353, 38.6916498 ], [ 141.4708198, 38.6917544 ], [ 141.4714132, 38.6917869 ], [ 141.4719611, 38.691834 ], [ 141.4723906, 38.6919174 ], [ 141.472995, 38.6921644 ], [ 141.4732889, 38.6923702 ], [ 141.4736111, 38.6926902 ], [ 141.473861, 38.6930964 ], [ 141.4739381, 38.6935465 ], [ 141.4738876, 38.6940259 ], [ 141.4736715, 38.6946893 ], [ 141.4736787, 38.6949823 ], [ 141.4737362, 38.6951851 ], [ 141.4738368, 38.6954329 ], [ 141.4739229, 38.6955962 ], [ 141.4740018, 38.6957145 ], [ 141.4742462, 38.6960073 ], [ 141.4747132, 38.6964409 ], [ 141.4748497, 38.6965478 ], [ 141.4748817, 38.6965727 ], [ 141.4750054, 38.6966606 ], [ 141.4750799, 38.6967136 ], [ 141.4751082, 38.6967337 ], [ 141.4752593, 38.6968351 ], [ 141.4754601, 38.6969704 ], [ 141.4757476, 38.6971337 ], [ 141.4759921, 38.6972351 ], [ 141.4761571, 38.6972856 ], [ 141.4764982, 38.6973703 ], [ 141.4768154, 38.6973814 ], [ 141.4770968, 38.6973023 ], [ 141.4772277, 38.6972126 ], [ 141.4774574, 38.6970201 ], [ 141.4776732, 38.6967904 ], [ 141.477896, 38.6965537 ], [ 141.4783053, 38.6962045 ], [ 141.4787365, 38.6959398 ], [ 141.4799813, 38.6952568 ], [ 141.4806904, 38.6948585 ], [ 141.4808271, 38.6947853 ], [ 141.4812509, 38.69456 ], [ 141.4821638, 38.69416 ], [ 141.4828533, 38.6938728 ], [ 141.4829397, 38.6938333 ], [ 141.4832619, 38.6937204 ], [ 141.4835676, 38.6935846 ], [ 141.4838953, 38.6934447 ], [ 141.4840749, 38.6933658 ], [ 141.4842978, 38.6932866 ], [ 141.4847503, 38.6931633 ], [ 141.4855834, 38.6929661 ], [ 141.4858279, 38.6929211 ], [ 141.4861798, 38.6928591 ], [ 141.4866538, 38.6927688 ], [ 141.4870349, 38.6926619 ], [ 141.4874945, 38.6924872 ], [ 141.488141, 38.6921886 ], [ 141.4885938, 38.6919297 ], [ 141.4886947, 38.6918788 ], [ 141.4889247, 38.6917436 ], [ 141.4891301, 38.6916494 ], [ 141.4892325, 38.6916024 ], [ 141.4895494, 38.6915019 ], [ 141.4897575, 38.6914622 ], [ 141.4900953, 38.6914566 ], [ 141.4904042, 38.6914791 ], [ 141.4906703, 38.6915185 ], [ 141.4909214, 38.6916088 ], [ 141.49099, 38.6916494 ], [ 141.4911589, 38.6917494 ], [ 141.4913239, 38.691896 ], [ 141.4914389, 38.6920763 ], [ 141.4915181, 38.6922341 ], [ 141.4916761, 38.6926393 ], [ 141.4916871, 38.6927176 ], [ 141.4916916, 38.6928087 ], [ 141.4916882, 38.6928563 ], [ 141.49164, 38.6930618 ], [ 141.4915247, 38.6935574 ], [ 141.4913806, 38.6940419 ], [ 141.4913236, 38.6943235 ], [ 141.4913236, 38.6946952 ], [ 141.4913738, 38.6949488 ], [ 141.4915188, 38.695357 ], [ 141.4916251, 38.6956241 ], [ 141.491718, 38.6957993 ], [ 141.4918194, 38.6959904 ], [ 141.492006, 38.6962721 ], [ 141.4920566, 38.6963343 ], [ 141.4921495, 38.6964454 ], [ 141.492352, 38.6966876 ], [ 141.4924805, 38.6968413 ], [ 141.4926097, 38.6969707 ], [ 141.4928178, 38.697151 ], [ 141.4932996, 38.6974814 ], [ 141.493653, 38.6976916 ], [ 141.4939804, 38.697844 ], [ 141.4943682, 38.6979796 ], [ 141.4947085, 38.6980745 ], [ 141.4951006, 38.6981388 ], [ 141.4955228, 38.6981795 ], [ 141.4958718, 38.6981795 ], [ 141.4960795, 38.6981648 ], [ 141.4965392, 38.6981204 ], [ 141.4966003, 38.6981127 ], [ 141.4980554, 38.6979281 ], [ 141.4988741, 38.6978326 ], [ 141.4989677, 38.6978215 ], [ 141.4993124, 38.6978045 ], [ 141.4996357, 38.6978156 ], [ 141.499808, 38.6978326 ], [ 141.5000738, 38.6979003 ], [ 141.500153, 38.6979339 ], [ 141.5003113, 38.6980128 ], [ 141.5005124, 38.6981367 ], [ 141.5007519, 38.6983542 ], [ 141.5008182, 38.6984105 ], [ 141.500936, 38.6985366 ], [ 141.5010583, 38.6987056 ], [ 141.5013691, 38.6990831 ], [ 141.5015787, 38.6993595 ], [ 141.5016515, 38.6994103 ], [ 141.5018345, 38.6995347 ], [ 141.501994, 38.6996127 ], [ 141.5020519, 38.6996333 ], [ 141.5022068, 38.6996883 ], [ 141.5023633, 38.6997195 ], [ 141.5026716, 38.699725 ], [ 141.5028293, 38.6997089 ], [ 141.503058, 38.699633 ], [ 141.5032447, 38.6995549 ], [ 141.5034631, 38.6994636 ], [ 141.5039247, 38.6992464 ], [ 141.5042267, 38.6991394 ], [ 141.5046575, 38.6990436 ], [ 141.5049237, 38.6990155 ], [ 141.5050384, 38.6990028 ], [ 141.5053618, 38.6990381 ], [ 141.5055915, 38.6990889 ], [ 141.505922, 38.6992239 ], [ 141.5062693, 38.6993975 ], [ 141.5064968, 38.6995114 ], [ 141.5070162, 38.6998552 ], [ 141.5071895, 38.6999853 ], [ 141.5075715, 38.7003202 ], [ 141.5077465, 38.7005169 ], [ 141.5078744, 38.7006971 ], [ 141.5079551, 38.7008066 ], [ 141.5081996, 38.7011558 ], [ 141.5083851, 38.7015287 ], [ 141.5084293, 38.7016174 ], [ 141.5085798, 38.7020119 ], [ 141.5087454, 38.7025808 ], [ 141.5088085, 38.7028797 ], [ 141.5089465, 38.7035327 ], [ 141.509047, 38.7040396 ], [ 141.5091692, 38.7045577 ], [ 141.5092123, 38.7047155 ], [ 141.5094278, 38.7053969 ], [ 141.5096792, 38.7060674 ], [ 141.5098231, 38.7063771 ], [ 141.510067, 38.7068671 ], [ 141.5105187, 38.7077344 ], [ 141.5106042, 38.707925 ], [ 141.5106542, 38.7081083 ], [ 141.5106875, 38.7082875 ], [ 141.5107083, 38.7084667 ], [ 141.5107125, 38.7087375 ], [ 141.5106792, 38.7090083 ], [ 141.5106292, 38.7092208 ], [ 141.5105375, 38.7094917 ], [ 141.510175, 38.7102833 ], [ 141.5100917, 38.7105167 ], [ 141.5100417, 38.7106875 ], [ 141.5100208, 38.7108458 ], [ 141.5100333, 38.7109583 ], [ 141.5100625, 38.7110542 ], [ 141.5101, 38.7111542 ], [ 141.5101417, 38.7112333 ], [ 141.5102042, 38.7113167 ], [ 141.5102542, 38.711375 ], [ 141.510325, 38.7114417 ], [ 141.510425, 38.7115167 ], [ 141.5105958, 38.7116208 ], [ 141.5108167, 38.7117 ], [ 141.5109, 38.7117208 ], [ 141.5110333, 38.7117417 ], [ 141.5112833, 38.7117625 ], [ 141.511725, 38.7117917 ], [ 141.5119625, 38.7118042 ], [ 141.5121708, 38.7118292 ], [ 141.5124083, 38.7118708 ], [ 141.5126333, 38.7119333 ], [ 141.5128042, 38.712 ], [ 141.5129458, 38.7120833 ], [ 141.5130708, 38.7121708 ], [ 141.513175, 38.71225 ], [ 141.5133042, 38.7123625 ], [ 141.5134417, 38.7124958 ], [ 141.5136, 38.712675 ], [ 141.5136833, 38.7127708 ], [ 141.5137792, 38.7128833 ], [ 141.5138333, 38.7129458 ], [ 141.5139125, 38.7130292 ], [ 141.5139917, 38.7131083 ], [ 141.5140583, 38.7131667 ], [ 141.5141167, 38.7132125 ], [ 141.5142208, 38.7132917 ], [ 141.5143958, 38.7134083 ], [ 141.5144667, 38.7134542 ], [ 141.5151083, 38.7138667 ], [ 141.5156625, 38.7142208 ], [ 141.5161792, 38.71455 ], [ 141.5163542, 38.7146625 ], [ 141.5166125, 38.7148208 ], [ 141.5169125, 38.7149875 ], [ 141.5171833, 38.7151292 ], [ 141.5174958, 38.7152792 ], [ 141.5178917, 38.7154583 ], [ 141.5185458, 38.7157375 ], [ 141.5189042, 38.7158917 ], [ 141.5193333, 38.7160708 ], [ 141.5203708, 38.7164875 ], [ 141.5204, 38.7165 ], [ 141.5213708, 38.7168542 ], [ 141.521925, 38.7170583 ], [ 141.5228292, 38.7173833 ], [ 141.5232542, 38.717525 ], [ 141.5235417, 38.7176042 ], [ 141.5236917, 38.7176458 ], [ 141.5241292, 38.7177417 ], [ 141.5245875, 38.7178167 ], [ 141.5250375, 38.7178667 ], [ 141.5254958, 38.7179042 ], [ 141.5259542, 38.7179292 ], [ 141.5260208, 38.7179333 ], [ 141.5264125, 38.7179542 ], [ 141.5265292, 38.7179625 ], [ 141.5268625, 38.7179917 ], [ 141.527325, 38.7180458 ], [ 141.5275542, 38.7180708 ], [ 141.5277792, 38.7180833 ], [ 141.5282292, 38.7180875 ], [ 141.5284542, 38.7180833 ], [ 141.5287042, 38.718075 ], [ 141.5289417, 38.7180833 ], [ 141.5291583, 38.7181042 ], [ 141.5293625, 38.71815 ], [ 141.5295542, 38.7182167 ], [ 141.5296917, 38.7182917 ], [ 141.5298125, 38.718375 ], [ 141.5298958, 38.71845 ], [ 141.5299667, 38.718525 ], [ 141.5300417, 38.7186292 ], [ 141.5301375, 38.7187792 ], [ 141.530175, 38.71885 ], [ 141.5303042, 38.7191083 ], [ 141.5303708, 38.7192583 ], [ 141.5303958, 38.7193125 ], [ 141.5304958, 38.7194833 ], [ 141.5306167, 38.7196542 ], [ 141.5306958, 38.7197458 ], [ 141.5308, 38.7198417 ], [ 141.5309208, 38.7199458 ], [ 141.5310375, 38.7200542 ], [ 141.5311625, 38.7201542 ], [ 141.5317, 38.7205083 ], [ 141.5318167, 38.7205917 ], [ 141.5318917, 38.7206583 ], [ 141.5319625, 38.720725 ], [ 141.5320208, 38.7207875 ], [ 141.5320958, 38.7208833 ], [ 141.5321542, 38.7209667 ], [ 141.5322, 38.72105 ], [ 141.5322708, 38.7212167 ], [ 141.5323833, 38.7215792 ], [ 141.5324333, 38.7217167 ], [ 141.5324792, 38.7218208 ], [ 141.5325417, 38.7219375 ], [ 141.5326167, 38.7220333 ], [ 141.5326792, 38.7221083 ], [ 141.5327542, 38.7221833 ], [ 141.5328875, 38.7222833 ], [ 141.5329708, 38.7223375 ], [ 141.5330625, 38.7223833 ], [ 141.5332375, 38.7224708 ], [ 141.5335583, 38.7226125 ], [ 141.5339542, 38.7227667 ], [ 141.5341958, 38.72285 ], [ 141.5343792, 38.7229042 ], [ 141.5345542, 38.7229417 ], [ 141.5347167, 38.7229792 ], [ 141.534875, 38.7230042 ], [ 141.5350208, 38.723025 ], [ 141.5351833, 38.7230375 ], [ 141.5354333, 38.7230542 ], [ 141.536325, 38.7230958 ], [ 141.5368042, 38.7231083 ], [ 141.5372375, 38.7231292 ], [ 141.5374458, 38.72315 ], [ 141.5377833, 38.7232042 ], [ 141.5380292, 38.72325 ], [ 141.5384667, 38.7233708 ], [ 141.5387958, 38.7235 ], [ 141.5392208, 38.7236792 ], [ 141.5396417, 38.7238792 ], [ 141.5397958, 38.7239708 ], [ 141.5399417, 38.7240542 ], [ 141.5400625, 38.7241292 ], [ 141.5402042, 38.7242292 ], [ 141.5403375, 38.7243375 ], [ 141.5404958, 38.7244875 ], [ 141.5407167, 38.7247042 ], [ 141.5408042, 38.7247917 ], [ 141.540875, 38.7248792 ], [ 141.5409625, 38.725 ], [ 141.5410333, 38.7251083 ], [ 141.5410708, 38.7251792 ], [ 141.5410958, 38.7252542 ], [ 141.5411417, 38.7254042 ], [ 141.5411667, 38.7255417 ], [ 141.541175, 38.7256917 ], [ 141.5411625, 38.7258167 ], [ 141.5411417, 38.7259167 ], [ 141.5411042, 38.7260375 ], [ 141.5410542, 38.7261542 ], [ 141.541, 38.72625 ], [ 141.5409292, 38.7263583 ], [ 141.5408333, 38.7264792 ], [ 141.540675, 38.7266542 ], [ 141.5405208, 38.7268167 ], [ 141.5397375, 38.727625 ], [ 141.539, 38.7283833 ], [ 141.5387708, 38.7286625 ], [ 141.5386875, 38.728775 ], [ 141.5386, 38.7289292 ], [ 141.53855, 38.7290458 ], [ 141.5385125, 38.72915 ], [ 141.538475, 38.7293 ], [ 141.5384542, 38.7294333 ], [ 141.5384542, 38.7296292 ], [ 141.5384625, 38.7297417 ], [ 141.5385042, 38.7299542 ], [ 141.5385292, 38.7300625 ], [ 141.5385875, 38.7302125 ], [ 141.5386875, 38.7304042 ], [ 141.5387417, 38.7304917 ], [ 141.538875, 38.7307292 ], [ 141.5389542, 38.7308708 ], [ 141.5390625, 38.7310792 ], [ 141.53915, 38.7313167 ], [ 141.539175, 38.7314542 ], [ 141.5392, 38.7316042 ], [ 141.5391958, 38.7317208 ], [ 141.539175, 38.7319 ], [ 141.5391333, 38.7320917 ], [ 141.5390792, 38.7322375 ], [ 141.5390042, 38.7323708 ], [ 141.5389333, 38.7324917 ], [ 141.5388333, 38.7326125 ], [ 141.5387375, 38.7327042 ], [ 141.538675, 38.7327542 ], [ 141.5385458, 38.7328625 ], [ 141.5384167, 38.73295 ], [ 141.5382583, 38.7330417 ], [ 141.5380583, 38.7331292 ], [ 141.5378417, 38.7332125 ], [ 141.5375542, 38.733325 ], [ 141.5372042, 38.7334458 ], [ 141.5370458, 38.7334958 ], [ 141.5367292, 38.733575 ], [ 141.5365375, 38.7335958 ], [ 141.5363708, 38.7335917 ], [ 141.5361708, 38.7335917 ], [ 141.5360083, 38.7335708 ], [ 141.53585, 38.7335333 ], [ 141.535625, 38.7334458 ], [ 141.5354708, 38.7333708 ], [ 141.5349333, 38.7330542 ], [ 141.5347958, 38.7329917 ], [ 141.5345292, 38.7329167 ], [ 141.5343875, 38.7328958 ], [ 141.5342458, 38.7328958 ], [ 141.5340917, 38.7329042 ], [ 141.5339625, 38.732925 ], [ 141.5337917, 38.7329708 ], [ 141.5336667, 38.733025 ], [ 141.5335208, 38.7331083 ], [ 141.5334208, 38.7331792 ], [ 141.5333, 38.7333 ], [ 141.5331667, 38.7334583 ], [ 141.5330208, 38.7336583 ], [ 141.5328208, 38.7339875 ], [ 141.5327, 38.7341458 ], [ 141.5326542, 38.7342042 ], [ 141.5325375, 38.73435 ], [ 141.5324125, 38.7344708 ], [ 141.5322417, 38.7346292 ], [ 141.5320833, 38.7347333 ], [ 141.5318708, 38.7348625 ], [ 141.5313667, 38.7351833 ], [ 141.531175, 38.7353208 ], [ 141.5310458, 38.7354583 ], [ 141.5309417, 38.7356042 ], [ 141.5308542, 38.7357625 ], [ 141.5308167, 38.7359417 ], [ 141.5308167, 38.7361292 ], [ 141.5308625, 38.73635 ], [ 141.5309167, 38.7366792 ], [ 141.530975, 38.7368958 ], [ 141.531075, 38.7371667 ], [ 141.5311625, 38.73745 ], [ 141.5312125, 38.7376833 ], [ 141.5312625, 38.7380417 ], [ 141.5312833, 38.7382333 ], [ 141.5313042, 38.7385333 ], [ 141.5313417, 38.7387375 ], [ 141.5314167, 38.7390417 ], [ 141.5314917, 38.7393375 ], [ 141.5315042, 38.739525 ], [ 141.5314792, 38.739675 ], [ 141.5314333, 38.7398042 ], [ 141.5313667, 38.7398875 ], [ 141.5312875, 38.7399833 ], [ 141.5311875, 38.7400833 ], [ 141.5310042, 38.7402125 ], [ 141.5308, 38.740325 ], [ 141.5305833, 38.7404167 ], [ 141.5303833, 38.7404792 ], [ 141.530225, 38.7405042 ], [ 141.5300583, 38.7405292 ], [ 141.5298667, 38.7405375 ], [ 141.5296542, 38.7405333 ], [ 141.529425, 38.7405083 ], [ 141.5291792, 38.7404708 ], [ 141.5286, 38.7403667 ], [ 141.5283292, 38.7403375 ], [ 141.5280708, 38.7403333 ], [ 141.5277833, 38.7403542 ], [ 141.5275333, 38.7403958 ], [ 141.527325, 38.740475 ], [ 141.5271458, 38.7405708 ], [ 141.5269708, 38.7406917 ], [ 141.5268, 38.7408583 ], [ 141.5266833, 38.74105 ], [ 141.5266208, 38.7412458 ], [ 141.5266083, 38.7414458 ], [ 141.526625, 38.7416667 ], [ 141.5266625, 38.7418708 ], [ 141.5267583, 38.7421667 ], [ 141.5268042, 38.7422958 ], [ 141.5271042, 38.7432708 ], [ 141.5271625, 38.7434708 ], [ 141.5271958, 38.743625 ], [ 141.5272125, 38.74375 ], [ 141.5272083, 38.7439458 ], [ 141.5271958, 38.7441042 ], [ 141.5271792, 38.7442333 ], [ 141.5271458, 38.7443833 ], [ 141.5269167, 38.74515 ], [ 141.5269, 38.7452583 ], [ 141.5268917, 38.7453417 ], [ 141.5268958, 38.7455083 ], [ 141.5269042, 38.7456125 ], [ 141.5269292, 38.7457 ], [ 141.5269625, 38.7458042 ], [ 141.5270208, 38.7459458 ], [ 141.527075, 38.7460292 ], [ 141.5271375, 38.7461292 ], [ 141.5272083, 38.7462167 ], [ 141.5272625, 38.7462708 ], [ 141.5274167, 38.7464167 ], [ 141.527575, 38.7465708 ], [ 141.5277, 38.7467083 ], [ 141.5278042, 38.7468417 ], [ 141.5278792, 38.7469792 ], [ 141.5279333, 38.747125 ], [ 141.5279625, 38.7472667 ], [ 141.5279708, 38.7474208 ], [ 141.5279375, 38.7477167 ], [ 141.527925, 38.7478583 ], [ 141.5279042, 38.7480792 ], [ 141.5279125, 38.7481958 ], [ 141.5279333, 38.7483042 ], [ 141.5279708, 38.7484333 ], [ 141.5280208, 38.748525 ], [ 141.5281292, 38.7486917 ], [ 141.52845, 38.749025 ], [ 141.52855, 38.7491208 ], [ 141.52865, 38.7492458 ], [ 141.5287208, 38.7493542 ], [ 141.5287542, 38.749425 ], [ 141.528775, 38.7494917 ], [ 141.5287917, 38.7496208 ], [ 141.5287958, 38.7497375 ], [ 141.5287875, 38.74985 ], [ 141.5287583, 38.75 ], [ 141.5287375, 38.7500708 ], [ 141.5286375, 38.7502375 ], [ 141.5284375, 38.7505708 ], [ 141.5283375, 38.7507792 ], [ 141.5283083, 38.7509083 ], [ 141.5283042, 38.7509792 ], [ 141.5283, 38.7510708 ], [ 141.5283042, 38.7512125 ], [ 141.5283625, 38.7516458 ], [ 141.5283792, 38.7518292 ], [ 141.5283875, 38.7519417 ], [ 141.5283917, 38.7519833 ], [ 141.5283875, 38.7521292 ], [ 141.5283708, 38.7522708 ], [ 141.5283458, 38.752375 ], [ 141.5282375, 38.7526458 ], [ 141.5281792, 38.7527667 ], [ 141.5280625, 38.7529208 ], [ 141.52795, 38.7530375 ], [ 141.5278042, 38.7532042 ], [ 141.5276083, 38.7534208 ], [ 141.5274792, 38.7535583 ], [ 141.5273375, 38.7536792 ], [ 141.5271542, 38.7538167 ], [ 141.527, 38.7539125 ], [ 141.5268708, 38.754 ], [ 141.5263292, 38.7542625 ], [ 141.5259542, 38.7544417 ], [ 141.5257333, 38.7545708 ], [ 141.5256, 38.7546667 ], [ 141.5254583, 38.7547833 ], [ 141.5252083, 38.7550583 ], [ 141.52485, 38.7555542 ], [ 141.5247375, 38.755675 ], [ 141.5246125, 38.7557833 ], [ 141.5244542, 38.7559125 ], [ 141.5242625, 38.7560333 ], [ 141.5232, 38.75655 ], [ 141.5229083, 38.7567167 ], [ 141.52285, 38.7567542 ], [ 141.5227, 38.756875 ], [ 141.52255, 38.7570167 ], [ 141.5224375, 38.7571375 ], [ 141.5219292, 38.7578667 ], [ 141.5217625, 38.75805 ], [ 141.5216708, 38.7581375 ], [ 141.5215125, 38.758275 ], [ 141.5212625, 38.7584458 ], [ 141.521, 38.7585917 ], [ 141.5207667, 38.7586917 ], [ 141.5204042, 38.7588292 ], [ 141.519675, 38.7590958 ], [ 141.5194667, 38.7591708 ], [ 141.5186875, 38.7594583 ], [ 141.5184708, 38.7595292 ], [ 141.5182292, 38.7595958 ], [ 141.5177042, 38.7597125 ], [ 141.5175417, 38.7597458 ], [ 141.5171792, 38.759825 ], [ 141.516875, 38.7599167 ], [ 141.5165792, 38.7600208 ], [ 141.516275, 38.7601458 ], [ 141.5156875, 38.7603875 ], [ 141.5154458, 38.760475 ], [ 141.5152417, 38.760525 ], [ 141.515025, 38.7605667 ], [ 141.5148083, 38.7605875 ], [ 141.5145542, 38.7606083 ], [ 141.5142708, 38.7606083 ], [ 141.5140375, 38.7605917 ], [ 141.5134042, 38.7605292 ], [ 141.5130542, 38.7605083 ], [ 141.5128583, 38.7605167 ], [ 141.5126625, 38.7605375 ], [ 141.5124708, 38.7605833 ], [ 141.5122875, 38.7606375 ], [ 141.5121083, 38.7607 ], [ 141.5119083, 38.7608042 ], [ 141.5117042, 38.760925 ], [ 141.5115333, 38.7610583 ], [ 141.5114167, 38.761175 ], [ 141.5110792, 38.7615542 ], [ 141.5101917, 38.7626083 ], [ 141.5100625, 38.7628042 ], [ 141.5099708, 38.7630125 ], [ 141.5099083, 38.7632042 ], [ 141.5098458, 38.7634667 ], [ 141.5097958, 38.7638125 ], [ 141.5097292, 38.7641792 ], [ 141.5096792, 38.76435 ], [ 141.5095917, 38.7646292 ], [ 141.5094583, 38.7649417 ], [ 141.5093167, 38.7652292 ], [ 141.509075, 38.7656167 ], [ 141.5088375, 38.7660333 ], [ 141.5087292, 38.7663 ], [ 141.5086833, 38.7664625 ], [ 141.5086458, 38.7666625 ], [ 141.5086333, 38.7667625 ], [ 141.5086292, 38.7668167 ], [ 141.5086208, 38.7670458 ], [ 141.5086458, 38.7673042 ], [ 141.5087125, 38.7676792 ], [ 141.5088458, 38.7683458 ], [ 141.50915, 38.7698792 ], [ 141.5092833, 38.7705583 ], [ 141.5093125, 38.7708167 ], [ 141.5093167, 38.7711125 ], [ 141.5092708, 38.7714625 ], [ 141.509125, 38.7718917 ], [ 141.5089042, 38.7723083 ], [ 141.5087625, 38.7725208 ], [ 141.5083125, 38.7733042 ], [ 141.5080333, 38.7737958 ], [ 141.5078917, 38.7741542 ], [ 141.5078125, 38.7746083 ], [ 141.5078125, 38.7749375 ], [ 141.5078417, 38.7752792 ], [ 141.5078708, 38.7754958 ], [ 141.5079292, 38.7757667 ], [ 141.5080167, 38.7760583 ], [ 141.5080792, 38.7762375 ], [ 141.5081542, 38.7764167 ], [ 141.5082583, 38.7766417 ], [ 141.5083458, 38.7768333 ], [ 141.5084667, 38.7770167 ], [ 141.5085833, 38.7771708 ], [ 141.5086792, 38.7772667 ], [ 141.5088, 38.7773708 ], [ 141.5089333, 38.777475 ], [ 141.5090583, 38.7775583 ], [ 141.5092958, 38.7776833 ], [ 141.509525, 38.7777667 ], [ 141.5097417, 38.777825 ], [ 141.5099625, 38.7778667 ], [ 141.5101625, 38.7778917 ], [ 141.5107208, 38.7779458 ], [ 141.5109833, 38.7779792 ], [ 141.5112208, 38.7780333 ], [ 141.5112667, 38.7780417 ], [ 141.5114625, 38.7781 ], [ 141.5116583, 38.7781833 ], [ 141.5117917, 38.7782625 ], [ 141.5119667, 38.7784 ], [ 141.5121625, 38.7786208 ], [ 141.5122417, 38.7787417 ], [ 141.5122833, 38.7788333 ], [ 141.5123167, 38.7789208 ], [ 141.5123417, 38.7790083 ], [ 141.5123542, 38.7790917 ], [ 141.5123625, 38.779175 ], [ 141.5123667, 38.7792708 ], [ 141.5123375, 38.7794667 ], [ 141.5122833, 38.7796292 ], [ 141.5122, 38.7797917 ], [ 141.5121, 38.77995 ], [ 141.5119458, 38.7801917 ], [ 141.5113639, 38.7808622 ] ] } },
{ "type": "Feature", "properties": { "N12_001": "04", "N12_002": 2, "N12_003": 9, "N12_004": "-", "N12_005": 116, "N12_006": 1 }, "geometry": { "type": "LineString", "coordinates": [ [ 141.461897, 38.6800744 ], [ 141.4625786, 38.6799153 ] ] } },
{ "type": "Feature", "properties": { "N12_001": "04", "N12_002": 1, "N12_003": 3, "N12_004": "一般国道398号", "N12_005": 69, "N12_006": 5 }, "geometry": { "type": "LineString", "coordinates": [ [ 141.4494947, 38.6770428 ], [ 141.4492991, 38.6774822 ], [ 141.4488074, 38.6786097 ], [ 141.4485072, 38.6790642 ], [ 141.4481156, 38.6794953 ], [ 141.4476168, 38.6798435 ], [ 141.4471779, 38.6800842 ], [ 141.4466932, 38.6803013 ], [ 141.4462076, 38.6804111 ], [ 141.44513, 38.6806313 ], [ 141.4444326, 38.6808733 ], [ 141.4439479, 38.6810903 ], [ 141.443404, 38.6814984 ], [ 141.4430272, 38.6818937 ], [ 141.4426665, 38.6823961 ], [ 141.4418049, 38.6847842 ], [ 141.4412853, 38.6862767 ], [ 141.4411396, 38.686666 ], [ 141.4410178, 38.6867933 ], [ 141.44087, 38.6869075 ], [ 141.4405901, 38.6871068 ], [ 141.4402654, 38.6872874 ], [ 141.4401731, 38.6873373 ], [ 141.4400384, 38.6874016 ], [ 141.4397638, 38.6875304 ], [ 141.4389028, 38.6878711 ], [ 141.4382276, 38.6881511 ], [ 141.4379425, 38.6882466 ], [ 141.4377709, 38.6882964 ], [ 141.4375412, 38.6883193 ], [ 141.437283, 38.6882845 ], [ 141.436888, 38.6881831 ], [ 141.4363498, 38.6879916 ], [ 141.4359397, 38.687862 ], [ 141.4357169, 38.6878059 ], [ 141.4355588, 38.687755 ], [ 141.4352497, 38.6876931 ], [ 141.4350127, 38.6876931 ], [ 141.4347899, 38.6877381 ], [ 141.4345816, 38.687817 ], [ 141.4343805, 38.6879242 ], [ 141.4342835, 38.6879997 ], [ 141.4335015, 38.6886682 ], [ 141.4333536, 38.6887967 ], [ 141.4328551, 38.6892145 ], [ 141.4323115, 38.6896701 ], [ 141.4316073, 38.6902503 ] ] } },
{ "type": "Feature", "properties": { "N12_001": "04", "N12_002": 2, "N12_003": 4, "N12_004": "宮城県道　古川佐沼線", "N12_005": 117, "N12_006": 1 }, "geometry": { "type": "LineString", "coordinates": [ [ 141.1353828, 38.6887622 ], [ 141.135857, 38.6887511 ], [ 141.1360223, 38.6887397 ], [ 141.1366259, 38.6887172 ], [ 141.1367623, 38.6887452 ], [ 141.1369062, 38.6887961 ], [ 141.1370281, 38.6888635 ], [ 141.137488, 38.6892242 ], [ 141.137732, 38.689393 ], [ 141.1380268, 38.6895621 ], [ 141.1384035, 38.6897555 ], [ 141.1387307, 38.6899282 ], [ 141.1388099, 38.6899902 ], [ 141.1389176, 38.6901085 ], [ 141.1391187, 38.6904071 ], [ 141.1395568, 38.6911338 ], [ 141.1397293, 38.6913421 ], [ 141.1398873, 38.6914716 ], [ 141.1400382, 38.691556 ], [ 141.140232, 38.6916238 ], [ 141.1403653, 38.6916535 ], [ 141.1417068, 38.6919528 ], [ 141.1420496, 38.6920293 ], [ 141.1424734, 38.6921476 ], [ 141.1440122, 38.6926312 ], [ 141.1441186, 38.6926715 ], [ 141.1442191, 38.6926882 ], [ 141.1446262, 38.69269 ], [ 141.14483, 38.6926882 ], [ 141.1451388, 38.6926487 ], [ 141.1452969, 38.6926151 ], [ 141.1454622, 38.6925926 ], [ 141.1456633, 38.6925532 ], [ 141.1459006, 38.6925193 ], [ 141.1461372, 38.6925137 ], [ 141.1462164, 38.6925473 ], [ 141.1463673, 38.6926545 ], [ 141.1465829, 38.6928405 ], [ 141.1468414, 38.6930937 ], [ 141.1478762, 38.6940515 ], [ 141.1486445, 38.6947612 ], [ 141.1487884, 38.6948795 ], [ 141.1489392, 38.6949639 ], [ 141.1490972, 38.6950314 ], [ 141.1492768, 38.6950878 ], [ 141.1495715, 38.6951442 ], [ 141.1496937, 38.6951667 ], [ 141.1500404, 38.6951617 ], [ 141.150254, 38.6951213 ], [ 141.1504479, 38.6950764 ], [ 141.1505987, 38.6950259 ], [ 141.1508287, 38.6949131 ], [ 141.1514896, 38.6945584 ], [ 141.1518281, 38.6943672 ], [ 141.1520788, 38.6942259 ], [ 141.1525191, 38.6940333 ], [ 141.1530484, 38.6939559 ], [ 141.1534008, 38.6939109 ], [ 141.1542487, 38.6937644 ], [ 141.1544928, 38.6937136 ], [ 141.1546722, 38.6936911 ], [ 141.154825, 38.6936847 ], [ 141.1551569, 38.6936208 ], [ 141.1554914, 38.6935672 ], [ 141.1558864, 38.6935447 ], [ 141.1561812, 38.6935447 ], [ 141.1567917, 38.6935672 ], [ 141.1571581, 38.6935728 ], [ 141.1574457, 38.6935278 ], [ 141.1580704, 38.6933647 ], [ 141.158374, 38.693281 ], [ 141.1592632, 38.6930322 ], [ 141.1594069, 38.6929986 ], [ 141.159675, 38.6929758 ], [ 141.1599159, 38.6929678 ], [ 141.1599888, 38.6929591 ], [ 141.1604557, 38.6929252 ], [ 141.1612245, 38.6928688 ], [ 141.1614111, 38.6928519 ], [ 141.1617633, 38.6928352 ], [ 141.1622519, 38.6927958 ], [ 141.1624028, 38.6927899 ], [ 141.1627557, 38.6927559 ], [ 141.1633059, 38.6927302 ], [ 141.1637031, 38.6927566 ], [ 141.1638467, 38.692796 ], [ 141.1640406, 38.692886 ], [ 141.1642059, 38.692993 ], [ 141.1644717, 38.6932296 ], [ 141.1648956, 38.6936574 ], [ 141.1650162, 38.6937407 ], [ 141.1652262, 38.6938321 ], [ 141.1654559, 38.6938996 ], [ 141.1656932, 38.6939054 ], [ 141.1658584, 38.693866 ], [ 141.1660475, 38.6938019 ], [ 141.1663143, 38.6937085 ], [ 141.1665335, 38.6936407 ], [ 141.1667076, 38.6935826 ], [ 141.1672591, 38.6933986 ], [ 141.1678588, 38.6931824 ], [ 141.1686602, 38.6929085 ], [ 141.1696875, 38.6925596 ], [ 141.1699966, 38.6924525 ], [ 141.1703917, 38.6923229 ], [ 141.1706108, 38.6922744 ], [ 141.1708228, 38.6922329 ], [ 141.1710023, 38.6922104 ], [ 141.1716419, 38.6922159 ], [ 141.1721376, 38.6922159 ], [ 141.1725758, 38.6921709 ], [ 141.1731504, 38.692092 ], [ 141.1736676, 38.692092 ], [ 141.1741706, 38.6921259 ], [ 141.1745585, 38.6921484 ], [ 141.1750185, 38.6921879 ], [ 141.1756431, 38.692214 ], [ 141.1759592, 38.6922273 ], [ 141.1765485, 38.6922387 ], [ 141.1766641, 38.6922288 ], [ 141.1767785, 38.6922106 ], [ 141.1770287, 38.6921432 ], [ 141.1774568, 38.6920268 ], [ 141.1777124, 38.6919625 ], [ 141.1779927, 38.6918612 ], [ 141.1782445, 38.6917488 ], [ 141.17851, 38.6916303 ], [ 141.1794153, 38.6911797 ], [ 141.1798761, 38.6909512 ], [ 141.1800704, 38.690856 ], [ 141.181929, 38.6899459 ], [ 141.1823896, 38.6897211 ], [ 141.1833749, 38.689237 ], [ 141.1837526, 38.6890514 ], [ 141.1838911, 38.6889889 ], [ 141.1851378, 38.6883701 ], [ 141.1855509, 38.6881666 ], [ 141.1863348, 38.6877751 ], [ 141.1867579, 38.6875641 ], [ 141.1869159, 38.6874966 ], [ 141.1875033, 38.687195 ], [ 141.1876704, 38.6871136 ], [ 141.1881294, 38.6868826 ], [ 141.18854, 38.6866841 ], [ 141.1889053, 38.6865069 ], [ 141.1889632, 38.6864732 ], [ 141.1889995, 38.6864521 ], [ 141.1904115, 38.6857947 ], [ 141.1907544, 38.6856452 ], [ 141.1910187, 38.6855909 ], [ 141.1911478, 38.6855626 ], [ 141.1913793, 38.6855318 ], [ 141.1918957, 38.6854718 ], [ 141.1921323, 38.6854442 ], [ 141.1925708, 38.6853992 ], [ 141.1928653, 38.6853586 ], [ 141.1946044, 38.6851569 ], [ 141.1948899, 38.6851256 ], [ 141.1957584, 38.6850357 ], [ 141.1968145, 38.6849104 ], [ 141.1970711, 38.6848912 ], [ 141.1977944, 38.6848164 ], [ 141.1982808, 38.6847479 ], [ 141.19863, 38.6847416 ], [ 141.1987968, 38.6847634 ], [ 141.1989371, 38.6847852 ], [ 141.1990774, 38.6848413 ], [ 141.1991709, 38.684888 ], [ 141.1992769, 38.6849503 ], [ 141.2000096, 38.6853958 ], [ 141.2004425, 38.6856062 ] ] } },
{ "type": "Feature", "properties": { "N12_001": "04", "N12_002": 2, "N12_003": 4, "N12_004": "宮城県道　古川佐沼線", "N12_005": 117, "N12_006": 2 }, "geometry": { "type": "LineString", "coordinates": [ [ 141.1615388, 38.6646972 ], [ 141.1621163, 38.6653269 ], [ 141.1631065, 38.6664126 ], [ 141.1635342, 38.6668718 ], [ 141.1641471, 38.6675291 ], [ 141.1649007, 38.6683402 ], [ 141.165105, 38.6685568 ], [ 141.165568, 38.6690497 ], [ 141.1660637, 38.6696068 ], [ 141.1664779, 38.6700413 ], [ 141.1667082, 38.670282 ], [ 141.1671579, 38.670752 ], [ 141.1674828, 38.6710939 ], [ 141.1677996, 38.6714213 ], [ 141.168374, 38.6720295 ], [ 141.1685038, 38.6721649 ], [ 141.1695166, 38.6732121 ], [ 141.1697249, 38.6734207 ], [ 141.1700984, 38.6737582 ], [ 141.1704005, 38.6739952 ], [ 141.1709174, 38.6743388 ], [ 141.1711699, 38.6745104 ], [ 141.1718441, 38.674874 ], [ 141.1720917, 38.6750033 ], [ 141.1721674, 38.6750429 ], [ 141.1725387, 38.6752236 ], [ 141.1734752, 38.6756794 ], [ 141.1736258, 38.6757582 ], [ 141.1739491, 38.675916 ], [ 141.1750127, 38.6764384 ], [ 141.1753365, 38.6765945 ], [ 141.1759822, 38.6769073 ], [ 141.1765067, 38.6771609 ], [ 141.1770115, 38.6774097 ], [ 141.1772876, 38.6775448 ], [ 141.1779362, 38.6778593 ], [ 141.1784462, 38.6781128 ], [ 141.1790498, 38.6784056 ], [ 141.1793616, 38.6785554 ], [ 141.1799334, 38.6788337 ], [ 141.181054, 38.6793745 ], [ 141.1814899, 38.6795919 ], [ 141.1833192, 38.680479 ], [ 141.1835584, 38.6805991 ], [ 141.1836866, 38.6806677 ], [ 141.1840214, 38.6808389 ], [ 141.1842346, 38.6809646 ], [ 141.1846318, 38.6811994 ], [ 141.1848546, 38.6813569 ], [ 141.1850416, 38.6815147 ], [ 141.1851921, 38.6817061 ], [ 141.1852135, 38.68174 ], [ 141.1853137, 38.6820028 ], [ 141.1853574, 38.6821175 ], [ 141.1855069, 38.682599 ], [ 141.1857181, 38.6832895 ], [ 141.1858964, 38.6838727 ], [ 141.1859673, 38.6841043 ], [ 141.1862243, 38.6849249 ], [ 141.1863781, 38.6854418 ], [ 141.1864418, 38.6856713 ], [ 141.186547, 38.6859818 ], [ 141.1865851, 38.6860676 ], [ 141.1866573, 38.6861897 ], [ 141.1868651, 38.686466 ], [ 141.1869322, 38.6865479 ], [ 141.1875033, 38.687195 ] ] } },
{ "type": "Feature", "properties": { "N12_001": "04", "N12_002": 2, "N12_003": 9, "N12_004": "-", "N12_005": 118, "N12_006": 1 }, "geometry": { "type": "LineString", "coordinates": [ [ 141.1877847, 38.6908504 ], [ 141.1890329, 38.6924004 ] ] } },
{ "type": "Feature", "properties": { "N12_001": "04", "N12_002": 1, "N12_003": 9, "N12_004": "-", "N12_005": 119, "N12_006": 1 }, "geometry": { "type": "LineString", "coordinates": [ [ 141.1738894, 38.7121638 ], [ 141.1720182, 38.710589 ], [ 141.1694365, 38.7083999 ], [ 141.1688773, 38.7075195 ], [ 141.1683419, 38.7071031 ], [ 141.1667596, 38.7058182 ], [ 141.1660696, 38.7050211 ] ] } },
{ "type": "Feature", "properties": { "N12_001": "04", "N12_002": 1, "N12_003": 3, "N12_004": "一般国道398号", "N12_005": 69, "N12_006": 6 }, "geometry": { "type": "LineString", "coordinates": [ [ 141.1485103, 38.7273824 ], [ 141.1483895, 38.7269084 ], [ 141.1483639, 38.7266129 ], [ 141.1483901, 38.7263553 ], [ 141.1484612, 38.7259189 ], [ 141.1486683, 38.7252605 ], [ 141.1487509, 38.7251078 ], [ 141.1488032, 38.7249867 ], [ 141.1489307, 38.7246911 ], [ 141.1490433, 38.7244745 ], [ 141.1491621, 38.7242776 ], [ 141.1492468, 38.724145 ], [ 141.1493532, 38.7239969 ], [ 141.1494782, 38.723865 ], [ 141.1496102, 38.7237367 ], [ 141.1497829, 38.7236192 ], [ 141.1500392, 38.7234609 ], [ 141.1510931, 38.7229122 ], [ 141.1515386, 38.7226803 ], [ 141.1517686, 38.7225619 ], [ 141.1518816, 38.7225061 ], [ 141.1520146, 38.7224404 ], [ 141.1520884, 38.7224051 ], [ 141.1534361, 38.7217721 ], [ 141.1535638, 38.721714 ], [ 141.1542483, 38.7213904 ], [ 141.154901, 38.7210808 ], [ 141.156946, 38.7200994 ], [ 141.1583733, 38.7194151 ], [ 141.1589738, 38.7191272 ], [ 141.1597255, 38.7187676 ], [ 141.1599217, 38.7186728 ], [ 141.161726, 38.7177921 ], [ 141.1627445, 38.717313 ], [ 141.163896, 38.7167735 ], [ 141.1658508, 38.7158542 ], [ 141.1665543, 38.7155221 ], [ 141.1668504, 38.7153791 ], [ 141.1676388, 38.7149984 ], [ 141.168442, 38.7146185 ], [ 141.1691729, 38.7142691 ], [ 141.1697305, 38.7140008 ], [ 141.171612, 38.7131231 ], [ 141.1733588, 38.7123735 ], [ 141.1737911, 38.7122019 ], [ 141.1738894, 38.7121638 ] ] } },
{ "type": "Feature", "properties": { "N12_001": "04", "N12_002": 1, "N12_003": 6, "N12_004": "宮城県道　石巻女川インター線", "N12_005": 120, "N12_006": 1 }, "geometry": { "type": "LineString", "coordinates": [ [ 141.2799616, 38.4612964 ], [ 141.2832132, 38.4600626 ] ] } },
{ "type": "Feature", "properties": { "N12_001": "04", "N12_002": 1, "N12_003": 9, "N12_004": "-", "N12_005": 121, "N12_006": 1 }, "geometry": { "type": "LineString", "coordinates": [ [ 141.2678052, 38.4510406 ], [ 141.266619, 38.4514479 ], [ 141.2659004, 38.4516858 ], [ 141.2657758, 38.4515658 ] ] } },
{ "type": "Feature", "properties": { "N12_001": "04", "N12_002": 2, "N12_003": 4, "N12_004": "宮城県道　矢本河南線", "N12_005": 122, "N12_006": 1 }, "geometry": { "type": "LineString", "coordinates": [ [ 141.203231, 38.424366 ], [ 141.2031964, 38.4244113 ], [ 141.202914, 38.4247919 ], [ 141.2027662, 38.4249874 ], [ 141.2024371, 38.425423 ], [ 141.2022666, 38.4256504 ], [ 141.2020968, 38.4258837 ], [ 141.2016129, 38.4265486 ], [ 141.2015562, 38.4266268 ], [ 141.2011858, 38.42714 ], [ 141.2000469, 38.4287057 ], [ 141.1999213, 38.4288784 ] ] } },
{ "type": "Feature", "properties": { "N12_001": "04", "N12_002": 2, "N12_003": 6, "N12_004": "宮城県道　石巻工業港矢本線", "N12_005": 123, "N12_006": 1 }, "geometry": { "type": "LineString", "coordinates": [ [ 141.2220408, 38.4193291 ], [ 141.222306, 38.4188326 ], [ 141.2229919, 38.4174986 ], [ 141.2231576, 38.4171671 ], [ 141.2234139, 38.4166538 ], [ 141.2236642, 38.4161524 ], [ 141.2238624, 38.4157465 ], [ 141.2239825, 38.4155172 ], [ 141.2242292, 38.4150147 ], [ 141.2243941, 38.4147047 ], [ 141.2246039, 38.4143326 ], [ 141.2247109, 38.414143 ], [ 141.2247995, 38.4139958 ] ] } },
{ "type": "Feature", "properties": { "N12_001": "04", "N12_002": 2, "N12_003": 9, "N12_004": "-", "N12_005": 124, "N12_006": 1 }, "geometry": { "type": "LineString", "coordinates": [ [ 141.2220408, 38.4193291 ], [ 141.2200304, 38.4230612 ] ] } },
{ "type": "Feature", "properties": { "N12_001": "04", "N12_002": 2, "N12_003": 9, "N12_004": "-", "N12_005": 125, "N12_006": 1 }, "geometry": { "type": "LineString", "coordinates": [ [ 141.2247995, 38.4139958 ], [ 141.2251611, 38.413323 ] ] } },
{ "type": "Feature", "properties": { "N12_001": "04", "N12_002": 1, "N12_003": 4, "N12_004": "宮城県道　塩釜吉岡線", "N12_005": 96, "N12_006": 3 }, "geometry": { "type": "LineString", "coordinates": [ [ 140.9055023, 38.4393832 ], [ 140.9063636, 38.4385837 ], [ 140.9098377, 38.4365135 ], [ 140.9119078, 38.4353476 ], [ 140.9129795, 38.4349314 ], [ 140.9180435, 38.4329623 ] ] } },
{ "type": "Feature", "properties": { "N12_001": "04", "N12_002": 2, "N12_003": 9, "N12_004": "-", "N12_005": 126, "N12_006": 1 }, "geometry": { "type": "LineString", "coordinates": [ [ 140.878045, 38.4666858 ], [ 140.8781172, 38.466531 ], [ 140.8783456, 38.4663953 ], [ 140.8785812, 38.4663311 ], [ 140.8791095, 38.4667808 ] ] } },
{ "type": "Feature", "properties": { "N12_001": "04", "N12_002": 1, "N12_003": 9, "N12_004": "-", "N12_005": 127, "N12_006": 1 }, "geometry": { "type": "LineString", "coordinates": [ [ 140.9213848, 38.4596627 ], [ 140.9229712, 38.4617463 ], [ 140.9244491, 38.4649897 ] ] } },
{ "type": "Feature", "properties": { "N12_001": "04", "N12_002": 1, "N12_003": 9, "N12_004": "-", "N12_005": 128, "N12_006": 1 }, "geometry": { "type": "LineString", "coordinates": [ [ 140.9325865, 38.4541247 ], [ 140.9352709, 38.4560881 ], [ 140.9357563, 38.4566021 ], [ 140.9364345, 38.4575658 ], [ 140.9365701, 38.4578942 ], [ 140.9366486, 38.4583653 ], [ 140.9366344, 38.458658 ], [ 140.9365344, 38.4590577 ], [ 140.9363131, 38.4595146 ], [ 140.9360205, 38.4598429 ], [ 140.9338575, 38.4615347 ], [ 140.9327796, 38.4623271 ], [ 140.9321586, 38.4627054 ], [ 140.9314662, 38.4630623 ], [ 140.9309522, 38.4632622 ], [ 140.9292675, 38.4636977 ], [ 140.9244491, 38.4649897 ], [ 140.9220935, 38.4656536 ], [ 140.921401, 38.4657392 ] ] } },
{ "type": "Feature", "properties": { "N12_001": "04", "N12_002": 2, "N12_003": 9, "N12_004": "-", "N12_005": 129, "N12_006": 1 }, "geometry": { "type": "LineString", "coordinates": [ [ 140.8854432, 38.4365275 ], [ 140.8855859, 38.4374792 ] ] } },
{ "type": "Feature", "properties": { "N12_001": "04", "N12_002": 2, "N12_003": 4, "N12_004": "宮城県道　鹿島台高清水線", "N12_005": 130, "N12_006": 1 }, "geometry": { "type": "LineString", "coordinates": [ [ 141.0604575, 38.55357 ], [ 141.0606049, 38.5533035 ], [ 141.0607639, 38.5530162 ], [ 141.0610578, 38.5524847 ], [ 141.0611927, 38.5522055 ], [ 141.0612282, 38.5521188 ], [ 141.0612216, 38.551766 ], [ 141.0612074, 38.551473 ], [ 141.0611619, 38.5510659 ], [ 141.0611571, 38.5509777 ], [ 141.0610506, 38.5499883 ], [ 141.061028, 38.5497777 ], [ 141.0609124, 38.5487736 ], [ 141.0608841, 38.5485447 ], [ 141.0608913, 38.5481177 ], [ 141.0609024, 38.548018 ], [ 141.0612112, 38.5470657 ], [ 141.0611802, 38.5467419 ], [ 141.0611398, 38.5465184 ], [ 141.0604748, 38.5451232 ], [ 141.0602443, 38.5446095 ], [ 141.060222, 38.5445655 ], [ 141.0600108, 38.5441508 ], [ 141.059484, 38.5431585 ] ] } },
{ "type": "Feature", "properties": { "N12_001": "04", "N12_002": 2, "N12_003": 4, "N12_004": "宮城県道　仙台泉線", "N12_005": 131, "N12_006": 1 }, "geometry": { "type": "LineString", "coordinates": [ [ 140.8715886, 38.2660917 ], [ 140.8707034, 38.2674463 ], [ 140.8704757, 38.2677946 ], [ 140.870075, 38.2686656 ], [ 140.8691161, 38.2721692 ], [ 140.8688107, 38.2733104 ], [ 140.8685333, 38.2743341 ], [ 140.8681881, 38.2756764 ], [ 140.8678436, 38.2770244 ], [ 140.867537, 38.2781827 ], [ 140.8673664, 38.278824 ], [ 140.8672496, 38.2793154 ], [ 140.8675402, 38.2793752 ], [ 140.8681968, 38.2794426 ], [ 140.8693472, 38.2795613 ], [ 140.8703114, 38.2796627 ], [ 140.8716045, 38.2797807 ], [ 140.8717344, 38.2797924 ], [ 140.8718598, 38.2798054 ], [ 140.8719817, 38.2798221 ], [ 140.872055, 38.2798369 ], [ 140.8721451, 38.2798541 ], [ 140.8722379, 38.2798796 ], [ 140.8723098, 38.2799035 ], [ 140.872461, 38.2799681 ], [ 140.8725254, 38.2800288 ], [ 140.872533, 38.2801032 ], [ 140.8725379, 38.2801457 ], [ 140.8725687, 38.2803564 ], [ 140.8725687, 38.2806246 ], [ 140.8725377, 38.2812243 ], [ 140.8722813, 38.2831537 ], [ 140.872263, 38.2833251 ], [ 140.872229, 38.2836397 ], [ 140.8721684, 38.2840507 ], [ 140.8721162, 38.2844097 ], [ 140.8720599, 38.2846114 ] ] } },
{ "type": "Feature", "properties": { "N12_001": "04", "N12_002": 1, "N12_003": 4, "N12_004": "宮城県道　仙台松島線", "N12_005": 27, "N12_006": 2 }, "geometry": { "type": "LineString", "coordinates": [ [ 140.9355038, 38.2896351 ], [ 140.9357986, 38.2899326 ], [ 140.9365819, 38.2906765 ], [ 140.9366184, 38.2907113 ], [ 140.9375941, 38.2916477 ], [ 140.9377356, 38.2917756 ], [ 140.9388096, 38.2927621 ], [ 140.9389482, 38.2928913 ], [ 140.9399943, 38.2938824 ], [ 140.9400306, 38.2939172 ], [ 140.9410155, 38.2948682 ], [ 140.9410801, 38.2949323 ], [ 140.94118, 38.2950313 ], [ 140.9417056, 38.2955441 ], [ 140.9424702, 38.2962902 ], [ 140.9425248, 38.2963431 ], [ 140.942957, 38.2967579 ], [ 140.9435451, 38.2973438 ], [ 140.943581, 38.2973793 ], [ 140.9437112, 38.2975051 ], [ 140.9438376, 38.2976545 ] ] } },
{ "type": "Feature", "properties": { "N12_001": "04", "N12_002": 2, "N12_003": 6, "N12_004": "宮城県道　荒浜原町線", "N12_005": 132, "N12_006": 1 }, "geometry": { "type": "LineString", "coordinates": [ [ 140.8991126, 38.2631526 ], [ 140.8991182, 38.2627886 ], [ 140.8991132, 38.262465 ], [ 140.8991132, 38.2622217 ], [ 140.8991046, 38.261905 ], [ 140.8991046, 38.2618403 ], [ 140.8991047, 38.2617743 ], [ 140.8991063, 38.261659 ] ] } },
{ "type": "Feature", "properties": { "N12_001": "04", "N12_002": 2, "N12_003": 7, "N12_004": "仙台市道　元寺小路福室（その2）線", "N12_005": 40, "N12_006": 2 }, "geometry": { "type": "LineString", "coordinates": [ [ 140.9284933, 38.2611232 ], [ 140.9268585, 38.2610968 ], [ 140.9254611, 38.26113 ], [ 140.9222338, 38.2610746 ], [ 140.9207768, 38.2610641 ] ] } },
{ "type": "Feature", "properties": { "N12_001": "04", "N12_002": 2, "N12_003": 4, "N12_004": "宮城県道　仙台村田線", "N12_005": 133, "N12_006": 1 }, "geometry": { "type": "LineString", "coordinates": [ [ 140.8618341, 38.2707989 ], [ 140.8628716, 38.2709739 ], [ 140.8649886, 38.2713309 ], [ 140.8691161, 38.2721692 ] ] } },
{ "type": "Feature", "properties": { "N12_001": "04", "N12_002": 2, "N12_003": 3, "N12_004": "一般国道286号", "N12_005": 134, "N12_006": 1 }, "geometry": { "type": "LineString", "coordinates": [ [ 140.8331657, 38.2138304 ], [ 140.8333386, 38.2139831 ], [ 140.8333766, 38.2140173 ], [ 140.8335719, 38.2141926 ], [ 140.8343002, 38.2148228 ], [ 140.8345702, 38.2150673 ], [ 140.8363343, 38.2166021 ], [ 140.8364008, 38.2166593 ], [ 140.8372033, 38.21735 ], [ 140.8373782, 38.2174959 ], [ 140.8375197, 38.2176248 ], [ 140.8375902, 38.2176872 ], [ 140.8379681, 38.2180213 ], [ 140.8383841, 38.2183982 ], [ 140.8389964, 38.2188876 ], [ 140.8394556, 38.219216 ], [ 140.8398378, 38.219436 ], [ 140.8401439, 38.2195923 ], [ 140.8405224, 38.2197453 ], [ 140.8407507, 38.219825 ], [ 140.8410367, 38.2199184 ], [ 140.8412917, 38.219987 ], [ 140.8416431, 38.2200751 ], [ 140.8421913, 38.2201931 ], [ 140.8427531, 38.2203095 ], [ 140.843244, 38.2203888 ], [ 140.8441613, 38.2205209 ], [ 140.8449841, 38.2206223 ], [ 140.8453542, 38.2206529 ] ] } },
{ "type": "Feature", "properties": { "N12_001": "04", "N12_002": 2, "N12_003": 7, "N12_004": "仙台市道　元寺小路郡山線", "N12_005": 135, "N12_006": 1 }, "geometry": { "type": "LineString", "coordinates": [ [ 140.8904505, 38.2309818 ], [ 140.8908247, 38.2307428 ], [ 140.891226, 38.2304929 ], [ 140.8916923, 38.2302081 ], [ 140.8919705, 38.2300262 ], [ 140.8922348, 38.2298534 ], [ 140.8926033, 38.2296322 ], [ 140.892649, 38.2296045 ], [ 140.8928409, 38.2294872 ], [ 140.8941181, 38.2286987 ], [ 140.8941601, 38.2286653 ], [ 140.8942435, 38.2285945 ], [ 140.8942824, 38.2285578 ], [ 140.894379, 38.228447 ], [ 140.8946693, 38.2280753 ], [ 140.8948182, 38.2278775 ], [ 140.8951038, 38.2275161 ], [ 140.8957868, 38.2266434 ], [ 140.8960702, 38.2262526 ], [ 140.8961087, 38.2262052 ], [ 140.8961746, 38.2261259 ], [ 140.8963018, 38.2259725 ], [ 140.8966444, 38.2254995 ], [ 140.8967686, 38.2253004 ], [ 140.8968582, 38.2251278 ], [ 140.8968858, 38.2250653 ], [ 140.8969223, 38.2249823 ], [ 140.8969726, 38.2248567 ], [ 140.8972152, 38.2242153 ], [ 140.8973052, 38.2239135 ], [ 140.8975816, 38.223027 ], [ 140.8976662, 38.2226459 ], [ 140.8978778, 38.2219562 ] ] } },
{ "type": "Feature", "properties": { "N12_001": "04", "N12_002": 2, "N12_003": 4, "N12_004": "宮城県道　蔵王川崎線", "N12_005": 136, "N12_006": 1 }, "geometry": { "type": "LineString", "coordinates": [ [ 140.6438056, 38.1759711 ], [ 140.6438483, 38.1760654 ], [ 140.6438423, 38.1760828 ], [ 140.6438687, 38.1761992 ], [ 140.6440374, 38.1766217 ], [ 140.6440471, 38.1766663 ], [ 140.6440471, 38.1766908 ], [ 140.6440312, 38.1767681 ], [ 140.6440084, 38.1767894 ], [ 140.6439783, 38.1768165 ], [ 140.6439112, 38.1768478 ], [ 140.6438115, 38.1768808 ], [ 140.643626, 38.1769256 ], [ 140.6436545, 38.1770738 ], [ 140.6438109, 38.1776444 ] ] } },
{ "type": "Feature", "properties": { "N12_001": "04", "N12_002": 2, "N12_003": 3, "N12_004": "一般国道286号", "N12_005": 134, "N12_006": 2 }, "geometry": { "type": "LineString", "coordinates": [ [ 140.6272158, 38.1813725 ], [ 140.6276724, 38.1817096 ], [ 140.6283566, 38.1821947 ], [ 140.6287925, 38.1825839 ], [ 140.6288997, 38.1827078 ], [ 140.6292062, 38.1830721 ], [ 140.6292367, 38.1831103 ], [ 140.6293265, 38.1832297 ], [ 140.6293977, 38.1833275 ], [ 140.6299102, 38.1840316 ], [ 140.6300153, 38.1841349 ], [ 140.6301439, 38.1842513 ], [ 140.6303695, 38.1844171 ], [ 140.6306971, 38.1845847 ], [ 140.6309829, 38.1846877 ], [ 140.6311956, 38.1847415 ], [ 140.6314147, 38.1847783 ], [ 140.6314718, 38.1847851 ], [ 140.6318263, 38.1848083 ], [ 140.6334561, 38.1847884 ], [ 140.6346269, 38.184774 ], [ 140.6370565, 38.1847221 ], [ 140.6371709, 38.1847202 ], [ 140.6377958, 38.184713 ], [ 140.6399833, 38.1847016 ], [ 140.6400405, 38.1847011 ], [ 140.6407515, 38.1846922 ], [ 140.6419016, 38.1846752 ], [ 140.6425005, 38.1846664 ], [ 140.6425943, 38.1846669 ] ] } },
{ "type": "Feature", "properties": { "N12_001": "04", "N12_002": 2, "N12_003": 7, "N12_004": "角田市道　大町一本柳線", "N12_005": 137, "N12_006": 1 }, "geometry": { "type": "LineString", "coordinates": [ [ 140.7833463, 37.9801508 ], [ 140.7829767, 37.9796911 ], [ 140.7823778, 37.9789798 ], [ 140.782206, 37.9787296 ] ] } },
{ "type": "Feature", "properties": { "N12_001": "04", "N12_002": 2, "N12_003": 6, "N12_004": "宮城県道　閖上港線", "N12_005": 138, "N12_006": 1 }, "geometry": { "type": "LineString", "coordinates": [ [ 140.8901607, 38.1730628 ], [ 140.8916379, 38.1729779 ], [ 140.8928204, 38.1728938 ], [ 140.89291, 38.1728874 ], [ 140.8939412, 38.1727931 ], [ 140.8943558, 38.1728594 ], [ 140.8946026, 38.1728942 ], [ 140.8961231, 38.1731316 ], [ 140.8966404, 38.1732158 ], [ 140.8972646, 38.1732916 ] ] } },
{ "type": "Feature", "properties": { "N12_001": "04", "N12_002": 2, "N12_003": 3, "N12_004": "一般国道113号", "N12_005": 9, "N12_006": 2 }, "geometry": { "type": "LineString", "coordinates": [ [ 140.7833463, 37.9801508 ], [ 140.7835108, 37.9801198 ], [ 140.7836846, 37.9800785 ], [ 140.7838511, 37.9800384 ], [ 140.784178, 37.9799484 ], [ 140.7847897, 37.9797737 ], [ 140.7851158, 37.9796335 ], [ 140.7852319, 37.9795788 ], [ 140.7852995, 37.9795446 ], [ 140.7856147, 37.9793737 ], [ 140.786193, 37.9789935 ], [ 140.7863694, 37.9788755 ], [ 140.7869442, 37.9784839 ], [ 140.7871575, 37.9783431 ], [ 140.7874368, 37.9781386 ], [ 140.7875799, 37.9780356 ], [ 140.7882031, 37.9776053 ], [ 140.7889726, 37.9771728 ], [ 140.7886161, 37.9767264 ], [ 140.788441, 37.9764786 ], [ 140.7883873, 37.976399 ], [ 140.7881462, 37.9760223 ], [ 140.7880458, 37.9758612 ], [ 140.7879831, 37.9757607 ], [ 140.7879177, 37.9756559 ], [ 140.7878475, 37.9755434 ], [ 140.7877068, 37.9752934 ], [ 140.7876849, 37.9752513 ], [ 140.7875936, 37.9750675 ], [ 140.7875347, 37.9749464 ], [ 140.7874139, 37.9746028 ], [ 140.7873537, 37.9744242 ], [ 140.7873097, 37.9742735 ], [ 140.7872717, 37.9741295 ], [ 140.7871722, 37.9736845 ], [ 140.7870603, 37.9730533 ], [ 140.7870525, 37.9730072 ], [ 140.7869674, 37.9724944 ], [ 140.7869612, 37.9724478 ], [ 140.7869444, 37.9723159 ], [ 140.7868883, 37.9719935 ], [ 140.786882, 37.9719444 ], [ 140.7867953, 37.9712342 ], [ 140.7867739, 37.9711215 ], [ 140.7867676, 37.9709663 ], [ 140.7867621, 37.9709215 ], [ 140.7867525, 37.9708793 ], [ 140.7867383, 37.9704343 ], [ 140.786744, 37.9703605 ], [ 140.7867446, 37.9703151 ], [ 140.7867314, 37.969702 ], [ 140.7867178, 37.9696157 ], [ 140.7867199, 37.9695642 ], [ 140.7867943, 37.9682387 ], [ 140.7867973, 37.9681937 ], [ 140.7868239, 37.9678595 ], [ 140.7868152, 37.9677011 ], [ 140.7867689, 37.9675507 ], [ 140.7866905, 37.967423 ], [ 140.7865735, 37.9672913 ], [ 140.7863839, 37.9671719 ], [ 140.7861052, 37.9670497 ], [ 140.7858576, 37.9669429 ], [ 140.785735, 37.9666787 ], [ 140.7856979, 37.9665987 ], [ 140.7855305, 37.9661984 ], [ 140.7853525, 37.9657011 ], [ 140.7849435, 37.9646054 ], [ 140.78463, 37.9637288 ], [ 140.7844892, 37.9633116 ], [ 140.7843006, 37.9627504 ], [ 140.7842555, 37.9626036 ], [ 140.7842103, 37.9624391 ], [ 140.7839181, 37.9616217 ], [ 140.7837297, 37.9610587 ], [ 140.7834297, 37.9599593 ], [ 140.7833828, 37.9596616 ], [ 140.7833434, 37.9594845 ], [ 140.7833006, 37.9592509 ], [ 140.7832064, 37.9584513 ], [ 140.7831817, 37.9583279 ], [ 140.7831631, 37.9582347 ], [ 140.7830913, 37.95779 ], [ 140.7829388, 37.9567705 ], [ 140.782718, 37.9553538 ], [ 140.7826483, 37.954893 ], [ 140.7825854, 37.9544004 ], [ 140.7824894, 37.9539248 ], [ 140.782411, 37.9534735 ], [ 140.7823692, 37.9531415 ], [ 140.7822378, 37.9524691 ], [ 140.7820146, 37.9511527 ], [ 140.7820078, 37.951108 ], [ 140.7819539, 37.9507135 ], [ 140.7818969, 37.9506066 ], [ 140.7813482, 37.9499823 ], [ 140.7812997, 37.949936 ], [ 140.7810974, 37.9497094 ], [ 140.7807874, 37.9493619 ], [ 140.7806597, 37.9492266 ], [ 140.7800042, 37.9484717 ], [ 140.779976, 37.9484321 ], [ 140.7799202, 37.9483027 ], [ 140.7799073, 37.9482554 ], [ 140.7798991, 37.9482151 ], [ 140.779906, 37.9479872 ], [ 140.7799202, 37.9478577 ], [ 140.7799485, 37.9474466 ], [ 140.7799771, 37.9466306 ], [ 140.7799841, 37.9462916 ], [ 140.7799629, 37.945903 ], [ 140.7799274, 37.9453239 ], [ 140.7799132, 37.9450133 ], [ 140.779899, 37.9449174 ], [ 140.7798777, 37.9446244 ], [ 140.7798635, 37.94454 ], [ 140.7798575, 37.9444123 ], [ 140.7797725, 37.9433378 ], [ 140.7796868, 37.9422318 ], [ 140.7796812, 37.9420107 ], [ 140.7796698, 37.9419542 ], [ 140.7796288, 37.941752 ], [ 140.7796123, 37.9416613 ], [ 140.7795863, 37.9415187 ], [ 140.7795756, 37.9414729 ], [ 140.7794717, 37.9411973 ], [ 140.7792617, 37.9407021 ], [ 140.7791662, 37.9405255 ], [ 140.77883, 37.9397446 ], [ 140.7787404, 37.9395436 ], [ 140.7786551, 37.9393352 ], [ 140.7785553, 37.9391269 ], [ 140.7783492, 37.9386705 ], [ 140.7782437, 37.9384477 ], [ 140.7778728, 37.9376508 ], [ 140.7777722, 37.9374478 ], [ 140.7777313, 37.9373591 ], [ 140.7776739, 37.9372286 ], [ 140.7774999, 37.9368417 ], [ 140.7774533, 37.9367383 ], [ 140.7772258, 37.9362483 ], [ 140.7770916, 37.9359434 ], [ 140.7770727, 37.9359008 ], [ 140.7770303, 37.9358061 ], [ 140.7766569, 37.9350261 ], [ 140.7764822, 37.9346558 ], [ 140.776138, 37.9339275 ], [ 140.7760917, 37.9338258 ], [ 140.7758651, 37.933328 ], [ 140.7756969, 37.9329586 ], [ 140.7756685, 37.9329025 ], [ 140.7755631, 37.9326892 ], [ 140.7752192, 37.9319107 ], [ 140.7751042, 37.9316491 ], [ 140.7750502, 37.9315336 ], [ 140.7749728, 37.9313633 ], [ 140.7747448, 37.9308615 ], [ 140.7745168, 37.9303675 ], [ 140.7744171, 37.9301703 ], [ 140.7742251, 37.9298492 ], [ 140.7739553, 37.9291566 ], [ 140.773745, 37.928644 ], [ 140.7734899, 37.9277618 ], [ 140.773235, 37.9266769 ], [ 140.7731155, 37.9255922 ], [ 140.773049, 37.9148284 ], [ 140.773155, 37.9140656 ], [ 140.773472, 37.9133388 ] ] } },
{ "type": "Feature", "properties": { "N12_001": "04", "N12_002": 2, "N12_003": 9, "N12_004": "-", "N12_005": 139, "N12_006": 1 }, "geometry": { "type": "LineString", "coordinates": [ [ 140.773472, 37.9133388 ], [ 140.7721362, 37.9130425 ], [ 140.7714021, 37.9128896 ], [ 140.7708966, 37.9128082 ], [ 140.7704092, 37.9127746 ], [ 140.77003, 37.9127649 ], [ 140.7694762, 37.9128742 ] ] } },
{ "type": "Feature", "properties": { "N12_001": "04", "N12_002": 1, "N12_003": 9, "N12_004": "-", "N12_005": 140, "N12_006": 1 }, "geometry": { "type": "LineString", "coordinates": [ [ 140.9469572, 38.5990367 ], [ 140.9533389, 38.5999361 ], [ 140.9549664, 38.6002074 ], [ 140.9560943, 38.6002216 ], [ 140.9578503, 38.5998933 ], [ 140.9583357, 38.5996934 ], [ 140.9607771, 38.5981515 ], [ 140.9614909, 38.5975804 ], [ 140.9619478, 38.5973092 ], [ 140.9626188, 38.5971664 ], [ 140.9636895, 38.5970522 ], [ 140.9653028, 38.5970665 ], [ 140.9664878, 38.5968952 ], [ 140.9669446, 38.5967381 ], [ 140.9672441, 38.5966378 ] ] } },
{ "type": "Feature", "properties": { "N12_001": "04", "N12_002": 2, "N12_003": 9, "N12_004": "-", "N12_005": 141, "N12_006": 1 }, "geometry": { "type": "LineString", "coordinates": [ [ 140.9762474, 38.5654848 ], [ 140.9769359, 38.565358 ] ] } },
{ "type": "Feature", "properties": { "N12_001": "04", "N12_002": 2, "N12_003": 9, "N12_004": "-", "N12_005": 142, "N12_006": 1 }, "geometry": { "type": "LineString", "coordinates": [ [ 140.6083682, 38.0126663 ], [ 140.6104099, 38.0126238 ] ] } },
{ "type": "Feature", "properties": { "N12_001": "04", "N12_002": 2, "N12_003": 9, "N12_004": "-", "N12_005": 143, "N12_006": 1 }, "geometry": { "type": "LineString", "coordinates": [ [ 140.782206, 37.9787296 ], [ 140.7814248, 37.9777173 ] ] } },
{ "type": "Feature", "properties": { "N12_001": "04", "N12_002": 2, "N12_003": 9, "N12_004": "-", "N12_005": 144, "N12_006": 1 }, "geometry": { "type": "LineString", "coordinates": [ [ 141.0190125, 38.7469015 ], [ 141.0192402, 38.7457182 ] ] } },
{ "type": "Feature", "properties": { "N12_001": "04", "N12_002": 2, "N12_003": 9, "N12_004": "-", "N12_005": 145, "N12_006": 1 }, "geometry": { "type": "LineString", "coordinates": [ [ 140.9428901, 38.5665468 ], [ 140.9434612, 38.5633916 ] ] } },
{ "type": "Feature", "properties": { "N12_001": "04", "N12_002": 2, "N12_003": 4, "N12_004": "宮城県道　塩釜七ヶ浜多賀城線", "N12_005": 31, "N12_006": 3 }, "geometry": { "type": "LineString", "coordinates": [ [ 141.0171656, 38.3060697 ], [ 141.0171013, 38.3061823 ], [ 141.0170359, 38.3065094 ], [ 141.016792, 38.3066998 ], [ 141.0161555, 38.3070032 ] ] } },
{ "type": "Feature", "properties": { "N12_001": "04", "N12_002": 2, "N12_003": 9, "N12_004": "-", "N12_005": 146, "N12_006": 1 }, "geometry": { "type": "LineString", "coordinates": [ [ 140.8479212, 38.0376511 ], [ 140.8531173, 38.0381442 ] ] } },
{ "type": "Feature", "properties": { "N12_001": "04", "N12_002": 2, "N12_003": 9, "N12_004": "-", "N12_005": 147, "N12_006": 1 }, "geometry": { "type": "LineString", "coordinates": [ [ 140.8792174, 37.9629775 ], [ 140.8780878, 37.9622778 ] ] } },
{ "type": "Feature", "properties": { "N12_001": "04", "N12_002": 2, "N12_003": 9, "N12_004": "-", "N12_005": 148, "N12_006": 1 }, "geometry": { "type": "LineString", "coordinates": [ [ 141.4463245, 38.4448418 ], [ 141.4441563, 38.4447943 ] ] } },
{ "type": "Feature", "properties": { "N12_001": "04", "N12_002": 2, "N12_003": 7, "N12_004": "仙台市道　高砂駅二丁目2号線", "N12_005": 149, "N12_006": 1 }, "geometry": { "type": "LineString", "coordinates": [ [ 140.9700293, 38.2693492 ], [ 140.9692257, 38.2682629 ], [ 140.9677838, 38.2684841 ] ] } },
{ "type": "Feature", "properties": { "N12_001": "04", "N12_002": 2, "N12_003": 4, "N12_004": "宮城県道　亘理大河原川崎線", "N12_005": 29, "N12_006": 2 }, "geometry": { "type": "LineString", "coordinates": [ [ 140.7380282, 38.060909 ], [ 140.7376653, 38.0620745 ], [ 140.7375244, 38.0625131 ], [ 140.7372513, 38.0633778 ], [ 140.7369005, 38.0644544 ] ] } },
{ "type": "Feature", "properties": { "N12_001": "04", "N12_002": 2, "N12_003": 9, "N12_004": "-", "N12_005": 150, "N12_006": 1 }, "geometry": { "type": "LineString", "coordinates": [ [ 140.7345857, 38.0628393 ], [ 140.733091, 38.0611349 ], [ 140.7339357, 38.0606709 ] ] } },
{ "type": "Feature", "properties": { "N12_001": "04", "N12_002": 2, "N12_003": 9, "N12_004": "-", "N12_005": 151, "N12_006": 1 }, "geometry": { "type": "LineString", "coordinates": [ [ 140.443385, 37.9936948 ], [ 140.4428814, 37.9932789 ], [ 140.4426529, 37.9930409 ] ] } },
{ "type": "Feature", "properties": { "N12_001": "04", "N12_002": 2, "N12_003": 9, "N12_004": "-", "N12_005": 152, "N12_006": 1 }, "geometry": { "type": "LineString", "coordinates": [ [ 140.7168735, 38.1203483 ], [ 140.7172405, 38.1202101 ], [ 140.7173643, 38.1200578 ], [ 140.7174023, 38.1199151 ], [ 140.7173738, 38.1197533 ], [ 140.7172215, 38.1196105 ], [ 140.7171263, 38.1195058 ], [ 140.7171263, 38.119325 ], [ 140.7171834, 38.1191917 ], [ 140.7173452, 38.1191156 ], [ 140.7175546, 38.1190775 ], [ 140.7177545, 38.1191251 ], [ 140.7184778, 38.1194392 ], [ 140.7187253, 38.1195153 ], [ 140.7189918, 38.1195248 ], [ 140.7194201, 38.1194868 ], [ 140.7209715, 38.119601 ], [ 140.7211999, 38.1195724 ], [ 140.7216854, 38.1194201 ], [ 140.7218567, 38.1194201 ], [ 140.7228085, 38.1196581 ], [ 140.7230305, 38.1196667 ] ] } },
{ "type": "Feature", "properties": { "N12_001": "04", "N12_002": 2, "N12_003": 9, "N12_004": "-", "N12_005": 153, "N12_006": 1 }, "geometry": { "type": "LineString", "coordinates": [ [ 140.7230305, 38.1196667 ], [ 140.7230685, 38.1185173 ], [ 140.7227673, 38.118513 ] ] } },
{ "type": "Feature", "properties": { "N12_001": "04", "N12_002": 1, "N12_003": 7, "N12_004": "仙台市道　余目高江線", "N12_005": 154, "N12_006": 1 }, "geometry": { "type": "LineString", "coordinates": [ [ 140.9427027, 38.2939306 ], [ 140.9531095, 38.2905627 ] ] } },
{ "type": "Feature", "properties": { "N12_001": "04", "N12_002": 1, "N12_003": 7, "N12_004": "仙台市道　高江1号線", "N12_005": 155, "N12_006": 1 }, "geometry": { "type": "LineString", "coordinates": [ [ 140.9531095, 38.2905627 ], [ 140.9541089, 38.2924186 ], [ 140.9542612, 38.2925457 ] ] } },
{ "type": "Feature", "properties": { "N12_001": "04", "N12_002": 1, "N12_003": 7, "N12_004": "仙台市道　岩切山崎1号線", "N12_005": 156, "N12_006": 1 }, "geometry": { "type": "LineString", "coordinates": [ [ 140.9410801, 38.2949323 ], [ 140.9417819, 38.2944659 ], [ 140.9427027, 38.2939306 ] ] } },
{ "type": "Feature", "properties": { "N12_001": "04", "N12_002": 2, "N12_003": 9, "N12_004": "-", "N12_005": 157, "N12_006": 1 }, "geometry": { "type": "LineString", "coordinates": [ [ 140.8531173, 38.0381442 ], [ 140.8529365, 38.0375541 ] ] } },
{ "type": "Feature", "properties": { "N12_001": "04", "N12_002": 2, "N12_003": 9, "N12_004": "-", "N12_005": 158, "N12_006": 1 }, "geometry": { "type": "LineString", "coordinates": [ [ 140.7653968, 38.0574639 ], [ 140.7653682, 38.0569023 ] ] } },
{ "type": "Feature", "properties": { "N12_001": "04", "N12_002": 2, "N12_003": 9, "N12_004": "-", "N12_005": 159, "N12_006": 1 }, "geometry": { "type": "LineString", "coordinates": [ [ 140.7653682, 38.0569023 ], [ 140.7659393, 38.0568262 ] ] } },
{ "type": "Feature", "properties": { "N12_001": "04", "N12_002": 2, "N12_003": 9, "N12_004": "-", "N12_005": 160, "N12_006": 1 }, "geometry": { "type": "LineString", "coordinates": [ [ 140.4426529, 37.9930409 ], [ 140.4422549, 37.993443 ] ] } },
{ "type": "Feature", "properties": { "N12_001": "04", "N12_002": 1, "N12_003": 4, "N12_004": "宮城県道　古川一迫線", "N12_005": 161, "N12_006": 1 }, "geometry": { "type": "LineString", "coordinates": [ [ 140.9486306, 38.5846931 ], [ 140.9486418, 38.5864446 ], [ 140.9485419, 38.5867872 ], [ 140.947, 38.589871 ], [ 140.9466145, 38.5901708 ], [ 140.9453867, 38.590956 ], [ 140.9450012, 38.5914129 ], [ 140.944987, 38.5916128 ], [ 140.946229, 38.595496 ], [ 140.9469572, 38.5990367 ] ] } },
{ "type": "Feature", "properties": { "N12_001": "04", "N12_002": 1, "N12_003": 4, "N12_004": "宮城県道　仙台塩釜線", "N12_005": 15, "N12_006": 3 }, "geometry": { "type": "LineString", "coordinates": [ [ 141.0068484, 38.2848147 ], [ 141.0036514, 38.2833134 ], [ 141.0000243, 38.2815528 ], [ 140.9966117, 38.2799673 ], [ 140.9965655, 38.2799452 ] ] } },
{ "type": "Feature", "properties": { "N12_001": "04", "N12_002": 1, "N12_003": 7, "N12_004": "多賀城市道　町前三号線", "N12_005": 162, "N12_006": 1 }, "geometry": { "type": "LineString", "coordinates": [ [ 141.0065591, 38.287154 ], [ 141.0065794, 38.2870233 ], [ 141.0066273, 38.286716 ], [ 141.0068484, 38.2848147 ] ] } },
{ "type": "Feature", "properties": { "N12_001": "04", "N12_002": 1, "N12_003": 3, "N12_004": "一般国道47号", "N12_005": 5, "N12_006": 3 }, "geometry": { "type": "LineString", "coordinates": [ [ 140.953717, 38.3531761 ], [ 140.9542742, 38.3532709 ], [ 140.9548432, 38.3532035 ], [ 140.9553878, 38.3530313 ], [ 140.9558596, 38.3527543 ], [ 140.9563069, 38.3523438 ], [ 140.95678, 38.3516649 ], [ 140.95695, 38.3514035 ], [ 140.9570879, 38.3511915 ], [ 140.9572458, 38.3509154 ], [ 140.9573484, 38.3507182 ], [ 140.9573958, 38.3505447 ], [ 140.957451, 38.3502607 ], [ 140.9574589, 38.350024 ], [ 140.9574668, 38.3499294 ], [ 140.957451, 38.3497716 ], [ 140.9574194, 38.3495034 ], [ 140.9573247, 38.3491878 ], [ 140.95723, 38.3489985 ], [ 140.9571668, 38.3488802 ], [ 140.9569063, 38.3484936 ], [ 140.9565826, 38.348186 ], [ 140.9562748, 38.3478941 ], [ 140.9561958, 38.34776 ], [ 140.9561642, 38.3476259 ], [ 140.9561406, 38.3475154 ], [ 140.9561879, 38.3473655 ], [ 140.9562669, 38.3472314 ], [ 140.9563458, 38.3471683 ], [ 140.9566537, 38.346979 ] ] } },
{ "type": "Feature", "properties": { "N12_001": "04", "N12_002": 2, "N12_003": 6, "N12_004": "宮城県道　仙台名取線", "N12_005": 163, "N12_006": 1 }, "geometry": { "type": "LineString", "coordinates": [ [ 140.8896329, 38.2322732 ], [ 140.8900225, 38.2314584 ], [ 140.8900964, 38.2313309 ], [ 140.8901793, 38.2312257 ], [ 140.8902544, 38.23114 ], [ 140.8903122, 38.2310855 ], [ 140.8903755, 38.2310335 ], [ 140.8904175, 38.2310045 ], [ 140.8904505, 38.2309818 ] ] } },
{ "type": "Feature", "properties": { "N12_001": "04", "N12_002": 1, "N12_003": 9, "N12_004": "-", "N12_005": 164, "N12_006": 1 }, "geometry": { "type": "LineString", "coordinates": [ [ 141.523851, 38.7422623 ], [ 141.5244958, 38.7423708 ], [ 141.5251667, 38.7424458 ], [ 141.5255208, 38.7425792 ], [ 141.5260375, 38.7426 ], [ 141.5262292, 38.7425125 ], [ 141.5267583, 38.7421667 ] ] } },
{ "type": "Feature", "properties": { "N12_001": "04", "N12_002": 2, "N12_003": 9, "N12_004": "-", "N12_005": 165, "N12_006": 1 }, "geometry": { "type": "LineString", "coordinates": [ [ 140.4661094, 37.9838709 ], [ 140.4659875, 37.9836792 ], [ 140.4656375, 37.9827333 ], [ 140.4655238, 37.9823151 ] ] } },
{ "type": "Feature", "properties": { "N12_001": "04", "N12_002": 1, "N12_003": 3, "N12_004": "一般国道48号", "N12_005": 7, "N12_006": 2 }, "geometry": { "type": "LineString", "coordinates": [ [ 140.6105426, 38.3388551 ], [ 140.6104625, 38.3387583 ], [ 140.6104667, 38.3386958 ], [ 140.6105042, 38.3386375 ], [ 140.6105833, 38.3386 ], [ 140.610775, 38.3385625 ], [ 140.6108917, 38.3384125 ], [ 140.6108875, 38.3383542 ], [ 140.6108333, 38.3382125 ], [ 140.6107, 38.3380083 ], [ 140.6106208, 38.3378083 ], [ 140.6105833, 38.3376583 ], [ 140.6105833, 38.3375167 ], [ 140.6106125, 38.3373833 ], [ 140.6106917, 38.3372333 ], [ 140.6108083, 38.3371125 ], [ 140.6109417, 38.3370167 ], [ 140.6110958, 38.3369333 ], [ 140.6112625, 38.3368833 ], [ 140.6113458, 38.3368667 ], [ 140.6118667, 38.3367542 ], [ 140.6120458, 38.3367208 ], [ 140.6123167, 38.3366667 ], [ 140.6124167, 38.3366583 ], [ 140.612525, 38.3366583 ], [ 140.6126451, 38.3366724 ] ] } },
{ "type": "Feature", "properties": { "N12_001": "04", "N12_002": 2, "N12_003": 4, "N12_004": "宮城県道　塩釜亘理線", "N12_005": 12, "N12_006": 2 }, "geometry": { "type": "LineString", "coordinates": [ [ 140.8474111, 38.0347635 ], [ 140.8501542, 38.034325 ], [ 140.8510708, 38.0341833 ], [ 140.85145, 38.0341292 ], [ 140.8519167, 38.0340833 ], [ 140.8525042, 38.03405 ], [ 140.8542417, 38.0340125 ], [ 140.8550667, 38.0339917 ], [ 140.85685, 38.0339667 ], [ 140.857225, 38.0339875 ], [ 140.8575708, 38.034025 ], [ 140.8579333, 38.0340917 ], [ 140.85855, 38.0342292 ], [ 140.8598417, 38.0346583 ], [ 140.8604292, 38.0348833 ], [ 140.8610083, 38.03515 ], [ 140.8612125, 38.0352917 ], [ 140.8616917, 38.0356333 ], [ 140.8618875, 38.0358 ], [ 140.863075, 38.0369375 ], [ 140.8631042, 38.0369583 ], [ 140.8635333, 38.0373458 ], [ 140.8637833, 38.0376042 ], [ 140.8641375, 38.0379375 ], [ 140.8649417, 38.0387083 ], [ 140.8656292, 38.03935 ] ] } },
{ "type": "Feature", "properties": { "N12_001": "04", "N12_002": 1, "N12_003": 1, "N12_004": "東北縦貫自動車道弘前線", "N12_005": 1, "N12_006": 5 }, "geometry": { "type": "LineString", "coordinates": [ [ 140.9161508, 38.4362236 ], [ 140.9148697, 38.4360229 ], [ 140.9137656, 38.435566 ], [ 140.9132326, 38.4352614 ], [ 140.9129795, 38.4349314 ] ] } },
{ "type": "Feature", "properties": { "N12_001": "04", "N12_002": 1, "N12_003": 3, "N12_004": "一般国道6号", "N12_005": 3, "N12_006": 9 }, "geometry": { "type": "LineString", "coordinates": [ [ 140.9809003, 38.2667405 ], [ 140.9810114, 38.2669276 ], [ 140.9811087, 38.267122 ], [ 140.981126, 38.267247 ], [ 140.9810878, 38.2673338 ], [ 140.9809731, 38.267431 ], [ 140.9808029, 38.2675179 ], [ 140.9802712, 38.2677227 ], [ 140.9793121, 38.2681498 ], [ 140.9791905, 38.2682366 ], [ 140.9789959, 38.2684206 ], [ 140.9788465, 38.2686498 ], [ 140.9786276, 38.2689797 ], [ 140.9784539, 38.2692297 ], [ 140.9782836, 38.2694727 ], [ 140.9781394, 38.2696099 ], [ 140.9778222, 38.2698964 ] ] } },
{ "type": "Feature", "properties": { "N12_001": "04", "N12_002": 1, "N12_003": 3, "N12_004": "一般国道45号", "N12_005": 4, "N12_006": 14 }, "geometry": { "type": "LineString", "coordinates": [ [ 141.5172329, 38.7920604 ], [ 141.517516, 38.7921482 ], [ 141.517869, 38.7921175 ], [ 141.5185364, 38.7918467 ], [ 141.5190715, 38.7917482 ], [ 141.5196929, 38.7917541 ], [ 141.520083, 38.7917804 ], [ 141.5210348, 38.7920833 ] ] } },
{ "type": "Feature", "properties": { "N12_001": "04", "N12_002": 2, "N12_003": 3, "N12_004": "一般国道346号", "N12_005": 11, "N12_006": 3 }, "geometry": { "type": "LineString", "coordinates": [ [ 141.2871304, 38.7295787 ], [ 141.2774909, 38.7241789 ], [ 141.2754537, 38.723021 ], [ 141.2747825, 38.7227375 ], [ 141.2741277, 38.7226446 ], [ 141.2734891, 38.7226947 ], [ 141.2726997, 38.7229837 ], [ 141.2716081, 38.7236075 ], [ 141.271098, 38.7237835 ] ] } },
{ "type": "Feature", "properties": { "N12_001": "04", "N12_002": 1, "N12_003": 4, "N12_004": "宮城県道　仙台三本木線", "N12_005": 166, "N12_006": 1 }, "geometry": { "type": "LineString", "coordinates": [ [ 140.9310072, 38.4446098 ], [ 140.9309323, 38.4444371 ], [ 140.9306893, 38.4440559 ], [ 140.9300945, 38.4434843 ], [ 140.9280549, 38.4413978 ], [ 140.9263189, 38.4395971 ], [ 140.9258699, 38.4392351 ], [ 140.9252875, 38.4388637 ], [ 140.9234556, 38.4378067 ], [ 140.9230308, 38.4374542 ], [ 140.9218901, 38.4364921 ], [ 140.9205432, 38.4354728 ], [ 140.9202642, 38.4353109 ], [ 140.9198274, 38.4349584 ], [ 140.9190873, 38.4344822 ], [ 140.9187597, 38.4341678 ], [ 140.9184925, 38.4337771 ], [ 140.918298, 38.4333291 ], [ 140.9180435, 38.4329623 ] ] } },
{ "type": "Feature", "properties": { "N12_001": "04", "N12_002": 2, "N12_003": 4, "N12_004": "宮城県道　中田栗駒線", "N12_005": 167, "N12_006": 1 }, "geometry": { "type": "LineString", "coordinates": [ [ 141.2657459, 38.6766248 ], [ 141.2642565, 38.6767196 ], [ 141.2629437, 38.6768674 ], [ 141.2621665, 38.6770705 ], [ 141.2610131, 38.6774275 ], [ 141.2601274, 38.6778026 ] ] } },
{ "type": "Feature", "properties": { "N12_001": "04", "N12_002": 2, "N12_003": 4, "N12_004": "宮城県道　古川登米線", "N12_005": 168, "N12_006": 1 }, "geometry": { "type": "LineString", "coordinates": [ [ 141.1901216, 38.6281612 ], [ 141.1910582, 38.6282124 ], [ 141.1933782, 38.6283075 ], [ 141.1938184, 38.6282362 ], [ 141.1944013, 38.6281053 ], [ 141.1983274, 38.6269275 ], [ 141.2028603, 38.625595 ], [ 141.2033362, 38.6255117 ], [ 141.2039668, 38.6256188 ], [ 141.204514, 38.6257853 ], [ 141.204871, 38.6260471 ], [ 141.2053944, 38.6264397 ], [ 141.2056681, 38.6266419 ] ] } },
{ "type": "Feature", "properties": { "N12_001": "04", "N12_002": 1, "N12_003": 1, "N12_004": "常磐自動車道", "N12_005": 77, "N12_006": 2 }, "geometry": { "type": "LineString", "coordinates": [ [ 140.8732327, 37.8964833 ], [ 140.8727124, 37.8976597 ], [ 140.8707293, 37.9027382 ], [ 140.8704771, 37.9036538 ], [ 140.8697024, 37.9068152 ], [ 140.8693962, 37.9084459 ], [ 140.8691443, 37.9101196 ], [ 140.8690545, 37.9111209 ], [ 140.868947, 37.912866 ], [ 140.8688937, 37.9145109 ], [ 140.8689493, 37.9175004 ], [ 140.8688777, 37.9188164 ], [ 140.8686618, 37.9204948 ], [ 140.8683495, 37.9218681 ], [ 140.8678688, 37.9236038 ], [ 140.8671476, 37.9260452 ], [ 140.8665708, 37.9283721 ], [ 140.8661625, 37.9307371 ], [ 140.8659467, 37.932816 ], [ 140.8658273, 37.9351047 ], [ 140.8658765, 37.9372979 ], [ 140.8660701, 37.9395865 ], [ 140.8663359, 37.941589 ], [ 140.8666738, 37.9432672 ], [ 140.8671805, 37.9453077 ], [ 140.8676629, 37.9469096 ], [ 140.868724, 37.9498845 ], [ 140.8691584, 37.9516008 ], [ 140.8694243, 37.9536414 ], [ 140.8694012, 37.9554914 ], [ 140.8692333, 37.9569218 ], [ 140.8688009, 37.9593631 ], [ 140.8683925, 37.9618617 ], [ 140.8682969, 37.9634256 ], [ 140.8682013, 37.9650276 ], [ 140.8683227, 37.9670301 ], [ 140.8685404, 37.9688228 ], [ 140.8689509, 37.970768 ], [ 140.8697471, 37.9731708 ], [ 140.8706396, 37.9752302 ], [ 140.8716534, 37.9773218 ], [ 140.8745203, 37.9831929 ], [ 140.8753887, 37.9849519 ], [ 140.8758837, 37.9859472 ], [ 140.8771504, 37.9886501 ], [ 140.8778021, 37.9903091 ], [ 140.878454, 37.99234 ], [ 140.8788526, 37.994042 ], [ 140.8806122, 38.0038394 ], [ 140.8808842, 38.0052553 ], [ 140.8812649, 38.0068 ], [ 140.8816815, 38.0081157 ], [ 140.8822248, 38.0095602 ], [ 140.8828946, 38.0109187 ], [ 140.883673, 38.012406 ], [ 140.8844694, 38.013693 ], [ 140.8864965, 38.0167674 ], [ 140.887456, 38.0184834 ], [ 140.8881442, 38.0199993 ], [ 140.8887602, 38.0215867 ], [ 140.8892497, 38.0233458 ], [ 140.8914638, 38.0335861 ], [ 140.8919356, 38.0356885 ], [ 140.8923355, 38.0382201 ], [ 140.8924993, 38.0394501 ], [ 140.8930262, 38.0423964 ], [ 140.8932596, 38.0442786 ], [ 140.8936004, 38.0481786 ], [ 140.8937965, 38.0520404 ], [ 140.8937992, 38.0553016 ], [ 140.8938136, 38.0580861 ], [ 140.8936944, 38.0597644 ], [ 140.8934799, 38.0629208 ], [ 140.8932524, 38.0649902 ], [ 140.8930486, 38.0665542 ], [ 140.8928085, 38.0679846 ], [ 140.8925923, 38.0690432 ], [ 140.8920027, 38.070922 ], [ 140.8910997, 38.0730489 ], [ 140.8888595, 38.0775699 ], [ 140.8882093, 38.0791627 ], [ 140.8876556, 38.0808126 ], [ 140.8873909, 38.0818045 ], [ 140.8870663, 38.0833685 ], [ 140.8869462, 38.0841504 ], [ 140.8868743, 38.0848466 ], [ 140.8867931, 38.086171 ] ] } },
{ "type": "Feature", "properties": { "N12_001": "04", "N12_002": 1, "N12_003": 7, "N12_004": "仙台市道　元寺小路郡山線", "N12_005": 135, "N12_006": 2 }, "geometry": { "type": "LineString", "coordinates": [ [ 140.8978778, 38.2219562 ], [ 140.8979298, 38.2217867 ], [ 140.8980757, 38.2213965 ], [ 140.8982386, 38.2211305 ], [ 140.8984134, 38.2209268 ], [ 140.8987536, 38.2206047 ], [ 140.8989729, 38.2204308 ], [ 140.8991659, 38.2202985 ], [ 140.8993128, 38.2201992 ], [ 140.8995236, 38.2200788 ], [ 140.8996747, 38.2199985 ], [ 140.8998138, 38.219929 ], [ 140.9000372, 38.2198214 ], [ 140.9006708, 38.2195159 ], [ 140.901354, 38.2191999 ], [ 140.9015848, 38.2191017 ], [ 140.9020326, 38.218875 ], [ 140.9023976, 38.2186545 ], [ 140.9027106, 38.2184278 ], [ 140.902959, 38.2182267 ], [ 140.9032365, 38.2179406 ], [ 140.9034198, 38.2177283 ], [ 140.9036207, 38.2174456 ], [ 140.9037956, 38.2171525 ], [ 140.9038412, 38.2170744 ] ] } },
{ "type": "Feature", "properties": { "N12_001": "00", "N12_002": 1, "N12_003": 4, "N12_004": "宮城県道　大和松島線", "N12_005": 112, "N12_006": 2 }, "geometry": { "type": "LineString", "coordinates": [ [ 140.8911386, 38.4360416 ], [ 140.8938667, 38.4357854 ], [ 140.8944092, 38.4357569 ], [ 140.8948946, 38.4357569 ], [ 140.8956228, 38.4359139 ], [ 140.8995631, 38.4370989 ], [ 140.903375, 38.4382696 ], [ 140.9041317, 38.4385551 ], [ 140.90456, 38.4387978 ], [ 140.9055023, 38.4393832 ] ] } },
{ "type": "Feature", "properties": { "N12_001": "04", "N12_002": 2, "N12_003": 9, "N12_004": "-", "N12_005": 169, "N12_006": 1 }, "geometry": { "type": "LineString", "coordinates": [ [ 140.8656292, 38.03935 ], [ 140.8655167, 38.0394125 ], [ 140.8654542, 38.0394292 ], [ 140.8653833, 38.0394333 ], [ 140.8652083, 38.0394208 ], [ 140.8651667, 38.0395167 ], [ 140.86515, 38.0396042 ], [ 140.8650708, 38.0404042 ], [ 140.865, 38.0410458 ], [ 140.8648583, 38.0424458 ], [ 140.8669125, 38.042575 ], [ 140.8668083, 38.0435458 ], [ 140.8678708, 38.0436151 ] ] } }
]
}
