{
"type": "FeatureCollection",
"name": "N12-21_20",
"features": [
{ "type": "Feature", "properties": { "N12_001": "20", "N12_002": 1, "N12_003": 1, "N12_004": "中央自動車道西宮線", "N12_005": 1, "N12_006": 1 }, "geometry": { "type": "LineString", "coordinates": [ [ 137.6295955, 35.4827974 ], [ 137.6501668, 35.4705868 ], [ 137.6627309, 35.4631848 ], [ 137.6678009, 35.4603258 ], [ 137.6702819, 35.4590868 ], [ 137.6712119, 35.4586758 ], [ 137.6723579, 35.4582618 ], [ 137.6731529, 35.4580238 ], [ 137.6738889, 35.4578518 ], [ 137.6744459, 35.4577528 ], [ 137.6749969, 35.4576728 ], [ 137.6753809, 35.4576448 ], [ 137.6756979, 35.4576124 ], [ 137.6760759, 35.4575738 ], [ 137.6769469, 35.4574998 ], [ 137.6776319, 35.4574458 ], [ 137.6788639, 35.4573508 ], [ 137.6797799, 35.4572908 ], [ 137.6806479, 35.4572108 ], [ 137.6813269, 35.4570968 ], [ 137.6819399, 35.4569418 ], [ 137.6825039, 35.4567778 ], [ 137.6835359, 35.4563938 ], [ 137.6843729, 35.4560698 ], [ 137.6850949, 35.4558208 ], [ 137.6858709, 35.4555758 ], [ 137.686399, 35.4554068 ], [ 137.687473, 35.4551478 ], [ 137.688602, 35.4549378 ], [ 137.690058, 35.4547288 ], [ 137.691065, 35.4545998 ], [ 137.692557, 35.4543348 ], [ 137.693959, 35.4541008 ], [ 137.695342, 35.4538418 ], [ 137.696768, 35.4536078 ], [ 137.698279, 35.4533228 ], [ 137.699717, 35.4530888 ], [ 137.700985, 35.4528598 ], [ 137.702107, 35.4526558 ], [ 137.703302, 35.4524508 ], [ 137.70451, 35.4522468 ], [ 137.705481, 35.4521068 ], [ 137.706397, 35.4519778 ], [ 137.70758, 35.4518628 ], [ 137.708933, 35.4517628 ], [ 137.7100861, 35.4517627 ], [ 137.7110561, 35.4517927 ], [ 137.7116451, 35.4517477 ], [ 137.7126581, 35.4515537 ], [ 137.7133801, 35.4513597 ], [ 137.7138131, 35.4511847 ], [ 137.7142751, 35.4509727 ], [ 137.7149451, 35.4505517 ], [ 137.7154131, 35.4502227 ], [ 137.7158551, 35.4497197 ], [ 137.7161711, 35.4491907 ], [ 137.7165711, 35.4485137 ], [ 137.7169721, 35.4477807 ], [ 137.7172021, 35.4475167 ], [ 137.7174681, 35.4472887 ], [ 137.7181671, 35.4468487 ], [ 137.7188471, 35.4465447 ], [ 137.7199261, 35.4462897 ], [ 137.7208181, 35.4462257 ], [ 137.7213521, 35.4462507 ], [ 137.7219291, 35.4463147 ], [ 137.7223961, 35.4464197 ], [ 137.7229481, 35.4466287 ], [ 137.7239131, 35.4471477 ], [ 137.7246351, 35.4477057 ], [ 137.7253021, 35.4482787 ], [ 137.7257271, 35.4486477 ], [ 137.7261761, 35.4489367 ], [ 137.7271041, 35.4494407 ], [ 137.7280811, 35.4497847 ], [ 137.7286091, 35.4499087 ], [ 137.7291731, 35.4499737 ], [ 137.7302952, 35.4499837 ], [ 137.7314552, 35.4499187 ], [ 137.7324842, 35.4497387 ], [ 137.7334432, 35.4494637 ], [ 137.7345672, 35.4490267 ], [ 137.7355192, 35.4485827 ], [ 137.7364172, 35.4480647 ], [ 137.7372062, 35.4475017 ], [ 137.7379582, 35.4469627 ], [ 137.7384012, 35.4466387 ], [ 137.7389652, 35.4463147 ], [ 137.7395722, 35.4460257 ], [ 137.7400942, 35.4458067 ], [ 137.7407072, 35.4456177 ], [ 137.7412402, 35.4455527 ], [ 137.7418112, 35.4455627 ], [ 137.7422392, 35.4456027 ], [ 137.7427052, 35.4457337 ], [ 137.7430642, 35.4458437 ], [ 137.7434102, 35.4460147 ], [ 137.7437432, 35.4462667 ], [ 137.7440762, 35.4465467 ], [ 137.7443962, 35.4469307 ], [ 137.7446722, 35.4473427 ], [ 137.7449432, 35.4478907 ], [ 137.7450742, 35.4482167 ], [ 137.7453042, 35.4486707 ], [ 137.7455892, 35.4490937 ], [ 137.7460522, 35.4495837 ], [ 137.7463672, 35.4498857 ], [ 137.7469832, 35.4503087 ], [ 137.7476093, 35.4506657 ], [ 137.7481173, 35.4510287 ], [ 137.7485713, 35.4514447 ], [ 137.7493163, 35.4521867 ], [ 137.7495793, 35.4526037 ], [ 137.7497843, 35.4531017 ], [ 137.7499493, 35.4539247 ], [ 137.7502303, 35.4553147 ], [ 137.7504493, 35.4560897 ], [ 137.7507463, 35.4567447 ], [ 137.7510773, 35.4571507 ], [ 137.7510953, 35.4571727 ], [ 137.7516493, 35.4579147 ], [ 137.7520243, 35.4584397 ], [ 137.7522883, 35.4589647 ], [ 137.7524593, 35.4594087 ], [ 137.7526573, 35.4601667 ], [ 137.7529013, 35.4610437 ], [ 137.7533293, 35.4622077 ], [ 137.7535863, 35.4626517 ], [ 137.7541883, 35.4634797 ], [ 137.7548843, 35.4641567 ], [ 137.7559853, 35.4650277 ], [ 137.7564913, 35.4654947 ], [ 137.7573253, 35.4663307 ], [ 137.7576033, 35.4666287 ], [ 137.7578443, 35.4670157 ], [ 137.7583953, 35.4678887 ], [ 137.7584973, 35.4680447 ], [ 137.7586283, 35.4682867 ], [ 137.7587103, 35.4684567 ], [ 137.7590242, 35.4693727 ], [ 137.7590732, 35.4695777 ], [ 137.7593262, 35.4708737 ], [ 137.7593372, 35.4709557 ], [ 137.7595172, 35.4731727 ], [ 137.7596422, 35.4745717 ], [ 137.7597542, 35.4753087 ], [ 137.7599852, 35.4761367 ], [ 137.7602662, 35.4769907 ], [ 137.7606372, 35.4777767 ], [ 137.7611822, 35.4786057 ], [ 137.7617512, 35.4792657 ], [ 137.7623702, 35.4797747 ], [ 137.7630092, 35.4801857 ], [ 137.7636022, 35.4804837 ], [ 137.7643012, 35.4807387 ], [ 137.7658056, 35.4812933 ], [ 137.7662652, 35.4814627 ], [ 137.7683262, 35.4822307 ], [ 137.7700112, 35.4828867 ], [ 137.7722712, 35.4838427 ], [ 137.7738022, 35.4845237 ], [ 137.7754001, 35.4852367 ], [ 137.7765711, 35.4857947 ], [ 137.7775261, 35.4861787 ], [ 137.7785871, 35.4865257 ], [ 137.7795101, 35.4866987 ], [ 137.7800891, 35.4867797 ], [ 137.7808521, 35.4868427 ], [ 137.7824011, 35.4870327 ], [ 137.7837231, 35.4872827 ], [ 137.7845311, 35.4875647 ], [ 137.7852101, 35.4878507 ], [ 137.7862921, 35.4884797 ], [ 137.7875061, 35.4894597 ], [ 137.7886711, 35.4905277 ], [ 137.790166, 35.4916697 ], [ 137.790868, 35.4921427 ], [ 137.791479, 35.4925557 ], [ 137.792437, 35.4934607 ], [ 137.793189, 35.4943467 ], [ 137.793414, 35.4946457 ], [ 137.793627, 35.4950757 ], [ 137.794349, 35.4967687 ], [ 137.794552, 35.4972457 ], [ 137.794618, 35.4974207 ], [ 137.794979, 35.4983548 ], [ 137.795088, 35.4986168 ], [ 137.795224, 35.4989158 ], [ 137.79551, 35.4995498 ], [ 137.7960652, 35.5006571 ], [ 137.7968669, 35.5023008 ], [ 137.7971039, 35.5028738 ], [ 137.7972119, 35.5030828 ], [ 137.7972849, 35.5032078 ], [ 137.7978719, 35.5041428 ], [ 137.7989539, 35.5059508 ], [ 137.7994959, 35.5068698 ], [ 137.8000489, 35.5077418 ], [ 137.8003579, 35.5083728 ], [ 137.8006099, 35.5088948 ], [ 137.8010349, 35.5100018 ], [ 137.8014729, 35.5113198 ], [ 137.8018018, 35.5126248 ], [ 137.8022648, 35.5144148 ], [ 137.8028428, 35.5157598 ], [ 137.8033638, 35.5167048 ], [ 137.8039468, 35.5174818 ], [ 137.8048378, 35.5184188 ], [ 137.8054708, 35.5189488 ], [ 137.8065988, 35.5197548 ], [ 137.8082008, 35.5206528 ], [ 137.8095517, 35.5213948 ], [ 137.8103887, 35.5217688 ], [ 137.8116117, 35.5223138 ], [ 137.8131827, 35.5228818 ], [ 137.8150497, 35.5234358 ], [ 137.8163147, 35.5237808 ], [ 137.8176957, 35.5241938 ], [ 137.8186317, 35.5245238 ], [ 137.8193167, 35.5248108 ], [ 137.8206347, 35.5254168 ], [ 137.8211557, 35.5257038 ], [ 137.8218147, 35.5260508 ], [ 137.8226137, 35.5265308 ], [ 137.8235057, 35.5271048 ], [ 137.8243388, 35.5276798 ], [ 137.8252068, 35.5283688 ], [ 137.8259148, 35.5290048 ], [ 137.8266548, 35.5297048 ], [ 137.8274458, 35.5303708 ], [ 137.8281988, 35.5309678 ], [ 137.8287688, 35.5313328 ], [ 137.8298098, 35.5319338 ], [ 137.8307108, 35.5324498 ], [ 137.8316268, 35.5330668 ], [ 137.8325248, 35.5337658 ], [ 137.8335878, 35.5346558 ], [ 137.8342148, 35.5352708 ], [ 137.8345788, 35.5356488 ], [ 137.8352308, 35.5364938 ], [ 137.8359738, 35.5374778 ], [ 137.8367508, 35.5385628 ], [ 137.8375108, 35.5394748 ], [ 137.8380568, 35.5400358 ], [ 137.8388508, 35.5407518 ], [ 137.8403888, 35.5420288 ], [ 137.8414638, 35.5429138 ], [ 137.8418738, 35.5432338 ], [ 137.8423658, 35.5436368 ], [ 137.8428698, 35.5440888 ], [ 137.8431838, 35.5444338 ], [ 137.8435478, 35.5448248 ], [ 137.8439098, 35.5451838 ], [ 137.8443418, 35.5457848 ], [ 137.8451608, 35.5469938 ], [ 137.8460299, 35.5482978 ], [ 137.8464259, 35.5488398 ], [ 137.8467989, 35.5493518 ], [ 137.8476839, 35.5504868 ], [ 137.8487759, 35.5517088 ], [ 137.8497019, 35.5525058 ], [ 137.8505459, 35.5532158 ], [ 137.8514059, 35.5538508 ], [ 137.8523739, 35.5545058 ], [ 137.8534369, 35.5551538 ], [ 137.8546569, 35.5558428 ], [ 137.8559059, 35.5565718 ], [ 137.8573609, 35.5575038 ], [ 137.8587509, 35.5584558 ], [ 137.8593629, 35.5589488 ], [ 137.8599089, 35.5595708 ], [ 137.8605209, 35.5603468 ], [ 137.8612829, 35.5614888 ], [ 137.8621189, 35.5625898 ], [ 137.8628799, 35.5633128 ], [ 137.8637649, 35.5639248 ], [ 137.8646559, 35.5643228 ], [ 137.8655599, 35.5646038 ], [ 137.8664369, 35.5648518 ], [ 137.8670769, 35.5650848 ], [ 137.8677499, 35.5653318 ], [ 137.8684879, 35.5657298 ], [ 137.8689309, 35.5660298 ], [ 137.8693319, 35.5663638 ], [ 137.8698619, 35.5670188 ], [ 137.8702919, 35.5677218 ], [ 137.8708629, 35.5683228 ], [ 137.8714049, 35.5688048 ], [ 137.8719599, 35.5692118 ], [ 137.872716, 35.5698018 ], [ 137.873149, 35.5701798 ], [ 137.873648, 35.5707268 ], [ 137.87474, 35.5721758 ], [ 137.875026, 35.5726898 ], [ 137.875319, 35.5731898 ], [ 137.875502, 35.5735978 ], [ 137.875821, 35.5744458 ], [ 137.876027, 35.5755318 ], [ 137.876163, 35.5762208 ], [ 137.876388, 35.5769918 ], [ 137.8765, 35.5773458 ], [ 137.876919, 35.5782148 ], [ 137.877397, 35.5790288 ], [ 137.877999, 35.5796938 ], [ 137.878944, 35.5806738 ], [ 137.879552, 35.5813038 ], [ 137.880113, 35.5820368 ], [ 137.880794, 35.5831118 ], [ 137.881199, 35.5839618 ], [ 137.881678, 35.5851208 ], [ 137.881931, 35.5859408 ], [ 137.882025, 35.5865338 ], [ 137.882144, 35.5874298 ], [ 137.882283, 35.5881238 ], [ 137.882719, 35.5890648 ], [ 137.883136, 35.5897528 ], [ 137.883384, 35.5902288 ], [ 137.883621, 35.5908248 ], [ 137.883779, 35.5914168 ], [ 137.883821, 35.5918878 ], [ 137.883829, 35.5924058 ], [ 137.883862, 35.5931148 ], [ 137.883892, 35.5933628 ], [ 137.883966, 35.5939708 ], [ 137.884115, 35.5945378 ], [ 137.884283, 35.5950978 ], [ 137.884503, 35.5956538 ], [ 137.884671, 35.5959958 ], [ 137.884807, 35.5964808 ], [ 137.884978, 35.5974358 ], [ 137.885007, 35.5981058 ], [ 137.884996, 35.5990218 ], [ 137.884872, 35.5998998 ], [ 137.884748, 35.6007438 ], [ 137.884582, 35.6017338 ], [ 137.884464, 35.6024558 ], [ 137.8844111, 35.6029078 ], [ 137.8843701, 35.6035908 ], [ 137.8844111, 35.6041728 ], [ 137.8844701, 35.6050418 ], [ 137.8845141, 35.6057838 ], [ 137.8846131, 35.6063998 ], [ 137.8846881, 35.6067798 ], [ 137.8847531, 35.6070558 ], [ 137.8848771, 35.6076078 ], [ 137.8850701, 35.6083187 ], [ 137.8850791, 35.6083518 ], [ 137.8852491, 35.6090038 ], [ 137.8855431, 35.6101708 ], [ 137.8856621, 35.6108438 ], [ 137.8857511, 35.6115818 ], [ 137.8858101, 35.6123928 ], [ 137.8858391, 35.6132928 ], [ 137.8859571, 35.6148248 ], [ 137.8861051, 35.6158308 ], [ 137.8864121, 35.6170718 ], [ 137.8868281, 35.6184088 ], [ 137.8871851, 35.6193098 ], [ 137.8875921, 35.6200958 ], [ 137.8881971, 35.6211418 ], [ 137.8886631, 35.6218888 ], [ 137.8891791, 35.6225458 ], [ 137.8898931, 35.6233808 ], [ 137.8906181, 35.6242238 ], [ 137.8914711, 35.6252468 ], [ 137.8922451, 35.6262028 ], [ 137.8929301, 35.6271608 ], [ 137.8933271, 35.6278168 ], [ 137.8939021, 35.6289198 ], [ 137.8945371, 35.6302828 ], [ 137.8949731, 35.6315478 ], [ 137.8952111, 35.6324068 ], [ 137.8954291, 35.6335418 ], [ 137.8955671, 35.6347748 ], [ 137.8955861, 35.6357718 ], [ 137.8955361, 35.6368018 ], [ 137.8954661, 35.6375958 ], [ 137.8953371, 35.6385688 ], [ 137.8951771, 35.6394688 ], [ 137.8951641, 35.6395308 ], [ 137.8950281, 35.6401828 ], [ 137.8948481, 35.6410178 ], [ 137.8947691, 35.6418358 ], [ 137.8947481, 35.6425498 ], [ 137.8948671, 35.6431738 ], [ 137.8950461, 35.6439118 ], [ 137.8952241, 35.6444718 ], [ 137.8954221, 35.6448688 ], [ 137.8957401, 35.6454368 ], [ 137.8962171, 35.6463368 ], [ 137.8965411, 35.6471148 ], [ 137.8966941, 35.6477458 ], [ 137.8968012, 35.6484528 ], [ 137.8969302, 35.6492398 ], [ 137.8971082, 35.6504318 ], [ 137.8972972, 35.6510968 ], [ 137.8974752, 35.6515828 ], [ 137.8977632, 35.6521888 ], [ 137.8981132, 35.6527808 ], [ 137.8985252, 35.6534138 ], [ 137.8990142, 35.6541458 ], [ 137.8997182, 35.6551508 ], [ 137.9004232, 35.6560998 ], [ 137.9009792, 35.6569028 ], [ 137.9013962, 35.6575758 ], [ 137.9018132, 35.6583218 ], [ 137.9022502, 35.6591738 ], [ 137.9026272, 35.6601058 ], [ 137.9029542, 35.6612168 ], [ 137.9031632, 35.6624088 ], [ 137.9033112, 35.6633738 ], [ 137.9034102, 35.6644928 ], [ 137.9034492, 35.6655788 ], [ 137.9035182, 35.6668928 ], [ 137.9036082, 35.6680208 ], [ 137.9037512, 35.6687908 ], [ 137.9038702, 35.6693078 ], [ 137.9040292, 35.6698578 ], [ 137.9044042, 35.6711398 ], [ 137.9047612, 35.6719908 ], [ 137.9050492, 35.6726638 ], [ 137.9054362, 35.6735078 ], [ 137.9059232, 35.6743988 ], [ 137.9065982, 35.6756478 ], [ 137.9070452, 35.6764428 ], [ 137.9075412, 35.6772128 ], [ 137.9079382, 35.6779108 ], [ 137.9082162, 35.6784948 ], [ 137.9085442, 35.6793378 ], [ 137.9087822, 35.6800598 ], [ 137.9089012, 35.6805538 ], [ 137.9090402, 35.6811458 ], [ 137.9091692, 35.6816568 ], [ 137.9092682, 35.6823788 ], [ 137.9093172, 35.6829048 ], [ 137.9093572, 35.6834248 ], [ 137.9093672, 35.6838948 ], [ 137.9093362, 35.6848508 ], [ 137.9092762, 35.6863838 ], [ 137.9092362, 35.6878028 ], [ 137.9092452, 35.6885478 ], [ 137.9093152, 35.6892698 ], [ 137.9094732, 35.6900158 ], [ 137.9096522, 35.6907698 ], [ 137.9098512, 35.6914838 ], [ 137.9100992, 35.6922218 ], [ 137.9103472, 35.6929188 ], [ 137.9106052, 35.6935998 ], [ 137.9108332, 35.6943538 ], [ 137.9109532, 35.6949538 ], [ 137.9110522, 35.6953998 ], [ 137.9111712, 35.6960078 ], [ 137.9112502, 35.6965678 ], [ 137.9112802, 35.6969888 ], [ 137.9112992, 35.6976868 ], [ 137.9112692, 35.6983348 ], [ 137.9111102, 35.6991288 ], [ 137.9109612, 35.6997128 ], [ 137.9106722, 35.7004998 ], [ 137.9104132, 35.7010748 ], [ 137.9100552, 35.7017318 ], [ 137.9096372, 35.7025098 ], [ 137.9092302, 35.7034178 ], [ 137.9090312, 35.7038558 ], [ 137.9088612, 35.7045038 ], [ 137.9087622, 35.7051038 ], [ 137.9086822, 35.7058748 ], [ 137.9086712, 35.7059918 ], [ 137.9086322, 35.7064178 ], [ 137.9086222, 35.7068228 ], [ 137.9086612, 35.7075528 ], [ 137.9086472, 35.7083548 ], [ 137.9085712, 35.7089558 ], [ 137.9085072, 35.7092948 ], [ 137.9083632, 35.7099008 ], [ 137.9082282, 35.7103568 ], [ 137.9080342, 35.7109258 ], [ 137.9077452, 35.7118088 ], [ 137.9074172, 35.7128548 ], [ 137.9071682, 35.7138848 ], [ 137.9071452, 35.7139988 ], [ 137.9070682, 35.7144848 ], [ 137.9070382, 35.7147358 ], [ 137.9069762, 35.7154898 ], [ 137.9069412, 35.7163458 ], [ 137.9069692, 35.7172478 ], [ 137.9070412, 35.7180588 ], [ 137.9071462, 35.7189358 ], [ 137.9072552, 35.7195358 ], [ 137.9073542, 35.7199648 ], [ 137.9075782, 35.7206398 ], [ 137.9080032, 35.7218568 ], [ 137.9085762, 35.7236058 ], [ 137.9087832, 35.7240978 ], [ 137.9092842, 35.7254218 ], [ 137.9096482, 35.7265498 ], [ 137.9099562, 35.7275148 ], [ 137.9101462, 35.7283178 ], [ 137.9103232, 35.7291998 ], [ 137.9104472, 35.7300978 ], [ 137.9105602, 35.7309318 ], [ 137.9106252, 35.7317608 ], [ 137.9106662, 35.7324018 ], [ 137.9106422, 35.7334487 ], [ 137.9105772, 35.7342977 ], [ 137.9104952, 35.7353797 ], [ 137.9104592, 35.7361987 ], [ 137.9103822, 35.7373587 ], [ 137.9104122, 35.7381487 ], [ 137.9104712, 35.7385997 ], [ 137.9105662, 35.7394297 ], [ 137.9106952, 35.7401957 ], [ 137.9108672, 35.7411997 ], [ 137.9109384, 35.7414855 ], [ 137.9109432, 35.7415047 ], [ 137.9111322, 35.7421307 ], [ 137.9113442, 35.7431117 ], [ 137.9113922, 35.7433407 ], [ 137.9115462, 35.7442317 ], [ 137.9116402, 35.7449447 ], [ 137.9117112, 35.7455607 ], [ 137.9117702, 35.7464137 ], [ 137.9117492, 35.7473707 ], [ 137.9117692, 35.7481647 ], [ 137.9117773, 35.7486947 ], [ 137.9117783, 35.7489917 ], [ 137.9118113, 35.7497707 ], [ 137.9118183, 35.7499327 ], [ 137.9118773, 35.7504267 ], [ 137.9120463, 35.7511487 ], [ 137.9124003, 35.7520627 ], [ 137.9126503, 35.7525107 ], [ 137.9128923, 35.7529227 ], [ 137.9131223, 35.7532237 ], [ 137.9136343, 35.7537337 ], [ 137.9143693, 35.7544077 ], [ 137.9153733, 35.7553327 ], [ 137.9159993, 35.7560787 ], [ 137.9164373, 35.7567837 ], [ 137.9166953, 35.7574327 ], [ 137.9170133, 35.7584547 ], [ 137.9172323, 35.7591107 ], [ 137.9174203, 35.7594707 ], [ 137.9176303, 35.7597927 ], [ 137.9179583, 35.7601657 ], [ 137.9188933, 35.7610327 ], [ 137.9195593, 35.7617707 ], [ 137.9200593, 35.7625027 ], [ 137.9202243, 35.7628467 ], [ 137.9203423, 35.7632737 ], [ 137.9203643, 35.7637007 ], [ 137.9203933, 35.7643977 ], [ 137.9204533, 35.7653057 ], [ 137.9205923, 35.7661577 ], [ 137.9208313, 35.7668307 ], [ 137.9211593, 35.7675037 ], [ 137.9216763, 35.7683627 ], [ 137.9222833, 35.7692067 ], [ 137.9228293, 35.7697977 ], [ 137.9231773, 35.7701307 ], [ 137.9239633, 35.7708277 ], [ 137.9248093, 35.7714447 ], [ 137.9257273, 35.7719707 ], [ 137.9264903, 35.7723767 ], [ 137.9275143, 35.7727907 ], [ 137.9289773, 35.7732937 ], [ 137.9303203, 35.7737457 ], [ 137.9308223, 35.7739587 ], [ 137.9311413, 35.7741577 ], [ 137.9315543, 35.7744727 ], [ 137.9318793, 35.7747837 ], [ 137.9323573, 35.7753607 ], [ 137.9326523, 35.7758987 ], [ 137.9327883, 35.7762827 ], [ 137.9328583, 35.7765327 ], [ 137.9329063, 35.7767047 ], [ 137.9329063, 35.7772867 ], [ 137.9328473, 35.7785427 ], [ 137.9328063, 35.7795947 ], [ 137.9328533, 35.7800317 ], [ 137.9329533, 35.7804677 ], [ 137.9331783, 35.7809917 ], [ 137.9335333, 35.7816767 ], [ 137.9340103, 35.7824667 ], [ 137.9346653, 35.7835677 ], [ 137.9349233, 35.7842897 ], [ 137.9350613, 35.7848427 ], [ 137.9351263, 35.7853767 ], [ 137.9351263, 35.7862057 ], [ 137.9350793, 35.7868367 ], [ 137.9349753, 35.7875547 ], [ 137.9348803, 35.7880397 ], [ 137.9348153, 35.7883737 ], [ 137.9346893, 35.7888687 ], [ 137.9346123, 35.7891747 ], [ 137.9342113, 35.7903527 ], [ 137.9339863, 35.7907797 ], [ 137.9337033, 35.7913137 ], [ 137.9333624, 35.7918437 ], [ 137.9328654, 35.7925737 ], [ 137.9321984, 35.7934897 ], [ 137.9315814, 35.7943247 ], [ 137.9309104, 35.7953587 ], [ 137.9305334, 35.7960087 ], [ 137.9302614, 35.7965907 ], [ 137.9300844, 35.7969887 ], [ 137.9298244, 35.7977257 ], [ 137.9295644, 35.7985887 ], [ 137.9293874, 35.7994767 ], [ 137.9292934, 35.8003837 ], [ 137.9292754, 35.8012567 ], [ 137.9292754, 35.8021297 ], [ 137.9292574, 35.8030177 ], [ 137.9292514, 35.8039147 ], [ 137.9292224, 35.8045987 ], [ 137.9291574, 35.8053017 ], [ 137.9290634, 35.8059757 ], [ 137.9289444, 35.8065237 ], [ 137.9286794, 35.8073537 ], [ 137.9284784, 35.8079597 ], [ 137.9282664, 35.8084307 ], [ 137.9279594, 35.8090657 ], [ 137.9275574, 35.8098227 ], [ 137.9272684, 35.8104047 ], [ 137.9268724, 35.8112387 ], [ 137.9266954, 35.8116027 ], [ 137.9263474, 35.8124657 ], [ 137.9261054, 35.8133047 ], [ 137.9259044, 35.8141727 ], [ 137.9257984, 35.8150607 ], [ 137.9257504, 35.8159287 ], [ 137.9257684, 35.8168217 ], [ 137.9258514, 35.8175927 ], [ 137.9259574, 35.8184947 ], [ 137.9260404, 35.8189267 ], [ 137.9261934, 35.8194597 ], [ 137.9264714, 35.8201877 ], [ 137.9266244, 35.8205657 ], [ 137.9269254, 35.8211677 ], [ 137.9273444, 35.8219777 ], [ 137.9278174, 35.8228217 ], [ 137.9282304, 35.8236317 ], [ 137.9286794, 35.8244897 ], [ 137.9289804, 35.8253437 ], [ 137.9291164, 35.8259447 ], [ 137.9291984, 35.8264107 ], [ 137.9291694, 35.8270507 ], [ 137.9289924, 35.8279967 ], [ 137.9287914, 35.8288167 ], [ 137.9285554, 35.8295437 ], [ 137.9283545, 35.8302617 ], [ 137.9281125, 35.8309507 ], [ 137.9280065, 35.8314357 ], [ 137.9279645, 35.8320997 ], [ 137.9279295, 35.8329927 ], [ 137.9279885, 35.8333267 ], [ 137.9281425, 35.8340647 ], [ 137.9283305, 35.8345297 ], [ 137.9285965, 35.8351797 ], [ 137.9288745, 35.8357817 ], [ 137.9291515, 35.8363097 ], [ 137.9293525, 35.8365327 ], [ 137.9297655, 35.8371297 ], [ 137.9304445, 35.8379007 ], [ 137.9311415, 35.8386967 ], [ 137.9317495, 35.8393467 ], [ 137.9322805, 35.8398407 ], [ 137.9328005, 35.8404477 ], [ 137.9333025, 35.8410927 ], [ 137.9337685, 35.8417477 ], [ 137.9341285, 35.8423637 ], [ 137.9344825, 35.8430327 ], [ 137.9348435, 35.8438427 ], [ 137.9351325, 35.8446137 ], [ 137.9354035, 35.8452737 ], [ 137.9356515, 35.8460687 ], [ 137.9358995, 35.8467767 ], [ 137.9361005, 35.8474557 ], [ 137.9362125, 35.8479657 ], [ 137.9363665, 35.8489887 ], [ 137.9364195, 35.8498767 ], [ 137.9364255, 35.8507547 ], [ 137.9364665, 35.8520837 ], [ 137.9364725, 35.8530047 ], [ 137.9365016, 35.8534523 ], [ 137.9365315, 35.8539067 ], [ 137.9366795, 35.8547797 ], [ 137.9367915, 35.8554497 ], [ 137.9369035, 35.8560077 ], [ 137.9371105, 35.8566527 ], [ 137.9374525, 35.8574667 ], [ 137.9376945, 35.8579477 ], [ 137.9381015, 35.8586607 ], [ 137.9385625, 35.8593637 ], [ 137.9389636, 35.8599457 ], [ 137.9394246, 35.8606097 ], [ 137.9398616, 35.8612257 ], [ 137.9402866, 35.8617887 ], [ 137.9409006, 35.8625167 ], [ 137.9414736, 35.8632347 ], [ 137.9418566, 35.8637097 ], [ 137.9422056, 35.8641747 ], [ 137.9426536, 35.8647577 ], [ 137.9433772, 35.8656938 ], [ 137.9433856, 35.8657047 ], [ 137.9438936, 35.8664307 ], [ 137.9442186, 35.8669547 ], [ 137.9445726, 35.8675707 ], [ 137.9449216, 35.8681957 ], [ 137.9450806, 35.8685646 ], [ 137.9454046, 35.8692496 ], [ 137.9456706, 35.8698786 ], [ 137.9459606, 35.8705826 ], [ 137.9461666, 35.8710236 ], [ 137.9465266, 35.8718536 ], [ 137.9469346, 35.8727646 ], [ 137.9474066, 35.8738026 ], [ 137.9478436, 35.8747146 ], [ 137.9482866, 35.8755586 ], [ 137.9487236, 35.8763736 ], [ 137.9490066, 35.8768636 ], [ 137.9490686, 35.8769846 ], [ 137.9493256, 35.8774896 ], [ 137.9497326, 35.8781436 ], [ 137.9500336, 35.8786676 ], [ 137.9502106, 35.8789536 ], [ 137.9505176, 35.8794096 ], [ 137.9509256, 35.8799916 ], [ 137.9514986, 35.8807146 ], [ 137.9518406, 35.8811996 ], [ 137.9523126, 35.8817816 ], [ 137.9529266, 35.8825526 ], [ 137.9536236, 35.8834406 ], [ 137.9541546, 35.8840126 ], [ 137.9548106, 35.8847646 ], [ 137.9553596, 35.8854336 ], [ 137.9560386, 35.8862826 ], [ 137.9565876, 35.8869956 ], [ 137.9570067, 35.8875346 ], [ 137.9576797, 35.8885186 ], [ 137.9581877, 35.8893676 ], [ 137.9586007, 35.8901586 ], [ 137.9592267, 35.8915016 ], [ 137.9596637, 35.8924236 ], [ 137.9600467, 35.8933406 ], [ 137.9603487, 35.8940776 ], [ 137.9607197, 35.8949896 ], [ 137.9609207, 35.8954746 ], [ 137.9612747, 35.8965076 ], [ 137.9616947, 35.8977786 ], [ 137.9619737, 35.8985826 ], [ 137.9621257, 35.8990196 ], [ 137.9623847, 35.8997816 ], [ 137.9627097, 35.9008826 ], [ 137.9630107, 35.9020076 ], [ 137.9632057, 35.9027936 ], [ 137.9634597, 35.9038796 ], [ 137.9637137, 35.9049466 ], [ 137.9639257, 35.9058396 ], [ 137.9642157, 35.9069936 ], [ 137.9644457, 35.9079586 ], [ 137.9646347, 35.9087936 ], [ 137.9648467, 35.9095356 ], [ 137.9651477, 35.9104956 ], [ 137.9653137, 35.9108936 ], [ 137.9656797, 35.9117666 ], [ 137.9659867, 35.9124306 ], [ 137.9663467, 35.9132556 ], [ 137.9667897, 35.9142546 ], [ 137.9670198, 35.9148366 ], [ 137.9674208, 35.9157386 ], [ 137.9679468, 35.9168596 ], [ 137.9683958, 35.9177956 ], [ 137.9688558, 35.9187756 ], [ 137.9693228, 35.9199446 ], [ 137.9695818, 35.9206376 ], [ 137.9698418, 35.9214426 ], [ 137.9701198, 35.9223116 ], [ 137.9703258, 35.9230386 ], [ 137.9705088, 35.9238296 ], [ 137.9707568, 35.9247506 ], [ 137.9709638, 35.9256726 ], [ 137.9712288, 35.9264386 ], [ 137.9715358, 35.9273556 ], [ 137.9719078, 35.9282286 ], [ 137.9723098, 35.9289606 ], [ 137.9727758, 35.9297326 ], [ 137.9731898, 35.9304116 ], [ 137.9736908, 35.9310806 ], [ 137.9741808, 35.9316676 ], [ 137.9745468, 35.9320696 ], [ 137.9750668, 35.9325986 ], [ 137.9757278, 35.9332046 ], [ 137.9765608, 35.9338646 ], [ 137.9772808, 35.9344466 ], [ 137.9780068, 35.9350436 ], [ 137.9786978, 35.9356396 ], [ 137.9793298, 35.9362416 ], [ 137.9800318, 35.9369886 ], [ 137.9801479, 35.9371476 ], [ 137.9804458, 35.9375556 ], [ 137.9807528, 35.9379536 ], [ 137.9810648, 35.9385306 ], [ 137.9814958, 35.9397386 ], [ 137.9816619, 35.9402286 ], [ 137.9818919, 35.9410916 ], [ 137.9820749, 35.9417226 ], [ 137.9822049, 35.9421486 ], [ 137.9823849, 35.9427826 ], [ 137.9827479, 35.9436206 ], [ 137.9828599, 35.9438566 ], [ 137.9830639, 35.9443456 ], [ 137.9832689, 35.9447646 ], [ 137.9833599, 35.9449016 ], [ 137.9835319, 35.9451596 ], [ 137.9840529, 35.9458306 ], [ 137.9847379, 35.9466116 ], [ 137.9852689, 35.9472616 ], [ 137.9857889, 35.9479546 ], [ 137.9863789, 35.9487166 ], [ 137.9868989, 35.9495796 ], [ 137.9873179, 35.9503026 ], [ 137.9877309, 35.9510446 ], [ 137.9882089, 35.9518986 ], [ 137.9885989, 35.9526256 ], [ 137.9890059, 35.9533436 ], [ 137.9894369, 35.9540956 ], [ 137.9897029, 35.9545946 ], [ 137.9899689, 35.9550556 ], [ 137.9903879, 35.9558126 ], [ 137.9908659, 35.9565686 ], [ 137.9916329, 35.9578836 ], [ 137.9921879, 35.9588636 ], [ 137.9927019, 35.9598186 ], [ 137.9930449, 35.9604346 ], [ 137.9934759, 35.9612546 ], [ 137.9938829, 35.9620256 ], [ 137.9942839, 35.9627876 ], [ 137.9946919, 35.9635776 ], [ 137.9950989, 35.9643976 ], [ 137.9953589, 35.9651686 ], [ 137.9956719, 35.9659886 ], [ 137.995979, 35.9667936 ], [ 137.996244, 35.9675506 ], [ 137.996611, 35.9685106 ], [ 137.996853, 35.9691076 ], [ 137.997177, 35.9697526 ], [ 137.997508, 35.9703006 ], [ 137.997868, 35.9707806 ], [ 137.998116, 35.9711446 ], [ 137.99876, 35.9718476 ], [ 137.999114, 35.9722166 ], [ 137.999917, 35.9729486 ], [ 138.000861, 35.9737876 ], [ 138.001533, 35.9743394 ], [ 138.0018, 35.9745586 ], [ 138.002479, 35.9751456 ], [ 138.003294, 35.9758106 ], [ 138.004203, 35.9765716 ], [ 138.00497, 35.9772706 ], [ 138.005708, 35.9779876 ], [ 138.006116, 35.9784246 ], [ 138.0065, 35.9788906 ], [ 138.006848, 35.9795596 ], [ 138.007114, 35.9800976 ], [ 138.007279, 35.9806606 ], [ 138.007379, 35.9815286 ], [ 138.007391, 35.9820476 ], [ 138.007314, 35.9828526 ], [ 138.007208, 35.9834306 ], [ 138.006931, 35.9842446 ], [ 138.006677, 35.9848806 ], [ 138.006529, 35.9852006 ], [ 138.006258, 35.9858166 ], [ 138.006069, 35.9862776 ], [ 138.00598, 35.9865876 ], [ 138.005921, 35.9870196 ], [ 138.005939, 35.9881306 ], [ 138.006039, 35.9886876 ], [ 138.006258, 35.9892656 ], [ 138.006529, 35.9898516 ], [ 138.006724, 35.9902496 ], [ 138.006942, 35.9906236 ], [ 138.007249, 35.9911036 ], [ 138.007669, 35.9915886 ], [ 138.008336, 35.9924176 ], [ 138.008897, 35.9931936 ], [ 138.0093931, 35.9939746 ], [ 138.0097591, 35.9946876 ], [ 138.0098711, 35.9950806 ], [ 138.0099771, 35.9956336 ], [ 138.0100181, 35.9962106 ], [ 138.0099951, 35.9967006 ], [ 138.0099361, 35.9971856 ], [ 138.0098181, 35.9977286 ], [ 138.0097051, 35.9981706 ], [ 138.0094691, 35.9989466 ], [ 138.0092801, 35.9996396 ], [ 138.0090441, 36.0003486 ], [ 138.0088791, 36.0007846 ], [ 138.0086551, 36.0015026 ], [ 138.0085251, 36.0018516 ], [ 138.0083831, 36.0024676 ], [ 138.0082941, 36.0028996 ], [ 138.0082591, 36.0032636 ], [ 138.0082771, 36.0041026 ], [ 138.0083951, 36.0049316 ], [ 138.0085251, 36.0054846 ], [ 138.0087141, 36.0062416 ], [ 138.0089321, 36.0072016 ], [ 138.0092101, 36.0082586 ], [ 138.0095051, 36.0091176 ], [ 138.0098121, 36.0098886 ], [ 138.0100771, 36.0105626 ], [ 138.0103551, 36.0112326 ], [ 138.0105031, 36.0115176 ], [ 138.0106321, 36.0117656 ], [ 138.0110521, 36.0123816 ], [ 138.0117131, 36.0131726 ], [ 138.0124331, 36.0139196 ], [ 138.0131951, 36.0146466 ], [ 138.0139211, 36.0154176 ], [ 138.0144991, 36.0161986 ], [ 138.0148771, 36.0168196 ], [ 138.0151081, 36.0173096 ], [ 138.0152791, 36.0179496 ], [ 138.0153381, 36.0182996 ], [ 138.0154741, 36.0190166 ], [ 138.0156861, 36.0197496 ], [ 138.0158691, 36.0201956 ], [ 138.0162231, 36.0207676 ], [ 138.0165601, 36.0212676 ], [ 138.0169321, 36.0216556 ], [ 138.0173811, 36.0220196 ], [ 138.0183071, 36.0226306 ], [ 138.0192642, 36.0232176 ], [ 138.0200312, 36.0237996 ], [ 138.0205042, 36.0242746 ], [ 138.0208762, 36.0247546 ], [ 138.0212362, 36.0253806 ], [ 138.0215312, 36.0262246 ], [ 138.0217382, 36.0271166 ], [ 138.0218442, 36.0277376 ], [ 138.0219152, 36.0283826 ], [ 138.0220032, 36.0289116 ], [ 138.0221632, 36.0298236 ], [ 138.0223462, 36.0305176 ], [ 138.0224342, 36.0307646 ], [ 138.0227002, 36.0314286 ], [ 138.0228952, 36.0318656 ], [ 138.0232432, 36.0324136 ], [ 138.0237982, 36.0331946 ], [ 138.0241052, 36.0335926 ], [ 138.0245832, 36.0340916 ], [ 138.0251442, 36.0346936 ], [ 138.0257582, 36.0352896 ], [ 138.0262312, 36.0357746 ], [ 138.0267502, 36.0363276 ], [ 138.0271812, 36.0368126 ], [ 138.0275772, 36.0373226 ], [ 138.0278192, 36.0376516 ], [ 138.0282852, 36.0384376 ], [ 138.0286042, 36.0390536 ], [ 138.0288462, 36.0396216 ], [ 138.0290762, 36.0401986 ], [ 138.0293712, 36.0411106 ], [ 138.0295902, 36.0420566 ], [ 138.0298792, 36.0429386 ], [ 138.0301922, 36.0437486 ], [ 138.0305172, 36.0444956 ], [ 138.0307412, 36.0449616 ], [ 138.0310542, 36.0454856 ], [ 138.0316332, 36.0463436 ], [ 138.0321992, 36.0470566 ], [ 138.0329372, 36.0478186 ], [ 138.0336522, 36.0484346 ], [ 138.0343662, 36.0489626 ], [ 138.0354762, 36.0496566 ], [ 138.0364212, 36.0501656 ], [ 138.0372712, 36.0505636 ], [ 138.0378913, 36.0508106 ], [ 138.0391903, 36.0512576 ], [ 138.0401993, 36.0515336 ], [ 138.0407843, 36.0516696 ], [ 138.0417873, 36.0518776 ], [ 138.0427973, 36.0520186 ], [ 138.0435203, 36.0520716 ], [ 138.0444913, 36.0520816 ], [ 138.0450823, 36.0520526 ], [ 138.0456073, 36.0519896 ], [ 138.0460093, 36.0519216 ], [ 138.0467643, 36.0517716 ], [ 138.0473733, 36.0516356 ], [ 138.0478393, 36.0514516 ], [ 138.0484233, 36.0512036 ], [ 138.0489193, 36.0509366 ], [ 138.0493033, 36.0506706 ], [ 138.0495573, 36.0504516 ], [ 138.0500533, 36.0500396 ], [ 138.0504253, 36.0497146 ], [ 138.0510093, 36.0491666 ], [ 138.0514943, 36.0486476 ], [ 138.0519723, 36.0481096 ], [ 138.0526213, 36.0473626 ], [ 138.0531533, 36.0467416 ], [ 138.0536903, 36.0460726 ], [ 138.0542512, 36.0453976 ], [ 138.0546292, 36.0449716 ], [ 138.0551072, 36.0444906 ], [ 138.0556142, 36.0440346 ], [ 138.0561642, 36.0435796 ], [ 138.0568542, 36.0430556 ], [ 138.0572912, 36.0427396 ], [ 138.0580762, 36.0421866 ], [ 138.0589742, 36.0415616 ], [ 138.0596292, 36.0411056 ], [ 138.0603382, 36.0405426 ], [ 138.0608342, 36.0401156 ], [ 138.0612412, 36.0397086 ], [ 138.0616422, 36.0392626 ], [ 138.0621972, 36.0385396 ], [ 138.0627052, 36.0378266 ], [ 138.0631602, 36.0370796 ], [ 138.0636442, 36.0362016 ], [ 138.0641522, 36.0354066 ], [ 138.0646242, 36.0347276 ], [ 138.0650142, 36.0342426 ], [ 138.0655452, 36.0336166 ], [ 138.0660052, 36.0331116 ], [ 138.0666372, 36.0325496 ], [ 138.0671212, 36.0321566 ], [ 138.0675992, 36.0317976 ], [ 138.0682372, 36.0314146 ], [ 138.0690462, 36.0309246 ], [ 138.0699552, 36.0304546 ], [ 138.0708642, 36.0300227 ], [ 138.0718392, 36.0295327 ], [ 138.0728012, 36.0290617 ], [ 138.0734212, 36.0287617 ], [ 138.0745542, 36.0281307 ], [ 138.0753872, 36.0275927 ], [ 138.0762072, 36.0270057 ], [ 138.0765702, 36.0267077 ], [ 138.0770042, 36.0263507 ], [ 138.0776662, 36.0257737 ], [ 138.0784102, 36.0249827 ], [ 138.0789702, 36.0243377 ], [ 138.0795792, 36.0236107 ], [ 138.0799212, 36.0231597 ], [ 138.0802992, 36.0225817 ], [ 138.0806942, 36.0219177 ], [ 138.0811612, 36.0211417 ], [ 138.0815452, 36.0205357 ], [ 138.0818932, 36.0200067 ], [ 138.0821652, 36.0195217 ], [ 138.0826662, 36.0189737 ], [ 138.0832212, 36.0184157 ], [ 138.0836052, 36.0180377 ], [ 138.0840832, 36.0176157 ], [ 138.0845672, 36.0171937 ], [ 138.0852702, 36.0166207 ], [ 138.0859082, 36.0161167 ], [ 138.0866872, 36.0155487 ], [ 138.0873252, 36.0150837 ], [ 138.0878322, 36.0146757 ], [ 138.0885822, 36.0138947 ], [ 138.0891842, 36.0131777 ], [ 138.0897042, 36.0124397 ], [ 138.0902172, 36.0116837 ], [ 138.0907842, 36.0109367 ], [ 138.0913272, 36.0102087 ], [ 138.0919122, 36.0095397 ], [ 138.0926382, 36.0088457 ], [ 138.0934122, 36.0081527 ], [ 138.0941442, 36.0075757 ], [ 138.0949582, 36.0070267 ], [ 138.0958322, 36.0065077 ], [ 138.0967772, 36.0060087 ], [ 138.0976922, 36.0056107 ], [ 138.0983892, 36.0053487 ], [ 138.0990852, 36.0051257 ], [ 138.0997822, 36.0049417 ], [ 138.1004192, 36.0047957 ], [ 138.1010632, 36.0046897 ], [ 138.1017662, 36.0046017 ], [ 138.1026282, 36.0044907 ], [ 138.1031942, 36.0043887 ], [ 138.1037852, 36.0042427 ], [ 138.1043932, 36.0040827 ], [ 138.1048952, 36.0039227 ], [ 138.1056682, 36.0035687 ], [ 138.1065012, 36.0030987 ], [ 138.1073032, 36.0026517 ], [ 138.1080002, 36.0023077 ], [ 138.1086732, 36.0020167 ], [ 138.1092992, 36.0018327 ], [ 138.1098482, 36.0016817 ], [ 138.1103262, 36.0015947 ], [ 138.1109822, 36.0014977 ], [ 138.1117312, 36.0014347 ], [ 138.1128242, 36.0014247 ], [ 138.1136032, 36.0015027 ], [ 138.1141822, 36.0015897 ], [ 138.1147364, 36.0017321 ], [ 138.1151082, 36.0018277 ], [ 138.1162952, 36.0021957 ], [ 138.1171452, 36.0024827 ], [ 138.1181142, 36.0028217 ], [ 138.1189582, 36.0030597 ], [ 138.1203752, 36.0033217 ], [ 138.1212542, 36.0034327 ], [ 138.1220632, 36.0034767 ], [ 138.1235332, 36.0035737 ], [ 138.1248502, 36.0035787 ], [ 138.1256772, 36.0035447 ], [ 138.1269282, 36.0033987 ], [ 138.1280072, 36.0032137 ], [ 138.1287292, 36.0030547 ], [ 138.1295022, 36.0028167 ], [ 138.1299072, 36.0026747 ], [ 138.1300932, 36.0026087 ], [ 138.1307072, 36.0023857 ], [ 138.1313502, 36.0021037 ], [ 138.1318282, 36.0018857 ], [ 138.1323362, 36.0016097 ], [ 138.1329152, 36.0012697 ], [ 138.1333402, 36.0009937 ], [ 138.1337002, 36.0007697 ], [ 138.1343022, 36.0003287 ], [ 138.1347632, 35.9999307 ], [ 138.1353352, 35.9993487 ], [ 138.1357252, 35.9989177 ], [ 138.1360562, 35.9985247 ], [ 138.1363452, 35.9981367 ], [ 138.1367462, 35.9975837 ], [ 138.1369621, 35.9972637 ], [ 138.1372602, 35.9968217 ], [ 138.1376792, 35.9961527 ], [ 138.1379982, 35.9956777 ], [ 138.1384472, 35.9950807 ], [ 138.1389192, 35.9945327 ], [ 138.1395862, 35.9938197 ], [ 138.1404132, 35.9929907 ], [ 138.1410622, 35.9923697 ], [ 138.1417942, 35.9917197 ], [ 138.1423852, 35.9912537 ], [ 138.1431702, 35.9906377 ], [ 138.1438132, 35.9901137 ], [ 138.1444862, 35.9896337 ], [ 138.1451062, 35.9892117 ], [ 138.1453355, 35.9890591 ], [ 138.1458502, 35.9887167 ], [ 138.1468422, 35.9880967 ], [ 138.1475622, 35.9876497 ], [ 138.1480822, 35.9873447 ], [ 138.1488142, 35.9869317 ], [ 138.1496352, 35.9865487 ], [ 138.1504082, 35.9862487 ], [ 138.1514772, 35.9858647 ], [ 138.1522152, 35.9856177 ], [ 138.1530772, 35.9853417 ], [ 138.1541692, 35.9850797 ], [ 138.1554972, 35.9848267 ], [ 138.1564892, 35.9846717 ], [ 138.1571032, 35.9845747 ], [ 138.1579592, 35.9845267 ], [ 138.1590932, 35.9844927 ], [ 138.1603092, 35.9844827 ], [ 138.1610328, 35.9844827 ], [ 138.1614782, 35.9844827 ], [ 138.1623992, 35.9844487 ], [ 138.1636572, 35.9844437 ], [ 138.1644062, 35.9844097 ], [ 138.1652452, 35.9843717 ], [ 138.1661132, 35.9842787 ], [ 138.1670162, 35.9841237 ], [ 138.1679492, 35.9839347 ], [ 138.1691472, 35.9836727 ], [ 138.1699502, 35.9834647 ], [ 138.1707302, 35.9831977 ], [ 138.1712312, 35.9829697 ], [ 138.1718162, 35.9826877 ], [ 138.1724302, 35.9822567 ], [ 138.1730202, 35.9818347 ], [ 138.1734512, 35.9813927 ], [ 138.1737412, 35.9810247 ], [ 138.1739832, 35.9806897 ], [ 138.1741832, 35.9801997 ], [ 138.1743312, 35.9797727 ], [ 138.1744612, 35.9791717 ], [ 138.1745972, 35.9782357 ], [ 138.1747092, 35.9772847 ], [ 138.1747741, 35.9764987 ], [ 138.1748031, 35.9758107 ], [ 138.1749391, 35.9752187 ], [ 138.1751161, 35.9746127 ], [ 138.1753821, 35.9739917 ], [ 138.1756891, 35.9735307 ], [ 138.1761201, 35.9730507 ], [ 138.1763741, 35.9727357 ], [ 138.1766921, 35.9724447 ], [ 138.1770821, 35.9721287 ], [ 138.1775131, 35.9718817 ], [ 138.1783341, 35.9714887 ], [ 138.1791721, 35.9711637 ], [ 138.1800991, 35.9708627 ], [ 138.1804791, 35.9707447 ], [ 138.1810081, 35.9705817 ], [ 138.1816811, 35.9703587 ], [ 138.1824431, 35.9700627 ], [ 138.1829861, 35.9698107 ], [ 138.1837591, 35.9694227 ], [ 138.1842851, 35.9690777 ], [ 138.1846571, 35.9687827 ], [ 138.1851941, 35.9683307 ], [ 138.1856841, 35.9678267 ], [ 138.1861271, 35.9673127 ], [ 138.1867531, 35.9664737 ], [ 138.1873851, 35.9656247 ], [ 138.1879161, 35.9649557 ], [ 138.1883291, 35.9644367 ], [ 138.1888071, 35.9639367 ], [ 138.1893801, 35.9633597 ], [ 138.1899291, 35.9628937 ], [ 138.1904311, 35.9624817 ], [ 138.1913401, 35.9618078 ], [ 138.1921901, 35.9611628 ], [ 138.1927451, 35.9607118 ], [ 138.1932591, 35.9603038 ], [ 138.1939201, 35.9597078 ], [ 138.1945811, 35.9590868 ], [ 138.1949831, 35.9586498 ], [ 138.1953841, 35.9582088 ], [ 138.1958631, 35.9576068 ], [ 138.1963351, 35.9569478 ], [ 138.1968071, 35.9562298 ], [ 138.1975921, 35.9548618 ], [ 138.1978641, 35.9543718 ], [ 138.1982831, 35.9536448 ], [ 138.1983671, 35.9534968 ], [ 138.1987021, 35.9529028 ], [ 138.1991691, 35.9520388 ], [ 138.1995941, 35.9513598 ], [ 138.2001841, 35.9505208 ], [ 138.2006921, 35.9499198 ], [ 138.2010701, 35.9494348 ], [ 138.2018141, 35.9485418 ], [ 138.2030481, 35.9472758 ], [ 138.2036091, 35.9467038 ], [ 138.2042281, 35.9460978 ], [ 138.2049781, 35.9453018 ], [ 138.2056991, 35.9445208 ], [ 138.2062121, 35.9439438 ], [ 138.2065961, 35.9434778 ], [ 138.2072511, 35.9426778 ], [ 138.2080961, 35.9414848 ], [ 138.2086211, 35.9406888 ], [ 138.2092591, 35.9397388 ], [ 138.2098021, 35.9389048 ], [ 138.2101381, 35.9383818 ], [ 138.2103101, 35.9381138 ], [ 138.2107351, 35.9375138 ], [ 138.21074, 35.9375072 ], [ 138.2116201, 35.9363338 ], [ 138.2121991, 35.9356058 ], [ 138.2126891, 35.9350388 ], [ 138.2132081, 35.9344808 ], [ 138.2136161, 35.9340928 ], [ 138.2143601, 35.9334478 ], [ 138.215039, 35.9328608 ], [ 138.215723, 35.9322978 ], [ 138.216402, 35.9317748 ], [ 138.217176, 35.9312408 ], [ 138.218026, 35.9306928 ], [ 138.218982, 35.9301498 ], [ 138.219957, 35.9296258 ], [ 138.220931, 35.9291358 ], [ 138.22184, 35.9287288 ], [ 138.223021, 35.9282338 ], [ 138.223694, 35.9279818 ], [ 138.224473, 35.9277198 ], [ 138.225193, 35.9275058 ], [ 138.226333, 35.9272058 ], [ 138.227596, 35.9268848 ], [ 138.228877, 35.9266528 ], [ 138.229739, 35.9264928 ], [ 138.230832, 35.9263618 ], [ 138.232036, 35.9262208 ], [ 138.233116, 35.9260998 ], [ 138.233967, 35.9260168 ], [ 138.2353541, 35.9259008 ], [ 138.2365701, 35.9257938 ], [ 138.2373851, 35.9256968 ], [ 138.2381291, 35.9256048 ], [ 138.2390141, 35.9254738 ], [ 138.2401011, 35.9252508 ], [ 138.2412401, 35.9249788 ], [ 138.2423971, 35.9246448 ], [ 138.2432771, 35.9243148 ], [ 138.2437671, 35.9241208 ], [ 138.2444581, 35.9237618 ], [ 138.2451311, 35.9233298 ], [ 138.2456271, 35.9229318 ], [ 138.2461881, 35.9224228 ], [ 138.246725, 35.9218268 ], [ 138.247245, 35.9213218 ], [ 138.247605, 35.9210208 ], [ 138.248001, 35.9207496 ], [ 138.248284, 35.9205558 ], [ 138.249176, 35.9201188 ], [ 138.249934, 35.9197838 ], [ 138.250751, 35.9194458 ], [ 138.251599, 35.9190558 ], [ 138.252509, 35.9185288 ], [ 138.253313, 35.9179288 ], [ 138.253781, 35.9174838 ], [ 138.25418, 35.9170538 ], [ 138.254598, 35.9165208 ], [ 138.255072, 35.9157628 ], [ 138.255415, 35.9149478 ], [ 138.255527, 35.9144508 ], [ 138.255639, 35.9138008 ], [ 138.25572, 35.9130678 ], [ 138.255745, 35.9122028 ], [ 138.255782, 35.9113008 ], [ 138.255895, 35.9104818 ], [ 138.256026, 35.9098358 ], [ 138.256206, 35.9093038 ], [ 138.25645, 35.9086938 ], [ 138.256792, 35.9081608 ], [ 138.257092, 35.9077618 ], [ 138.257478, 35.9072958 ], [ 138.257821, 35.9069368 ], [ 138.258226, 35.9066088 ], [ 138.258781, 35.9062148 ], [ 138.259143, 35.9059788 ], [ 138.259816, 35.9055638 ], [ 138.260608, 35.9051848 ], [ 138.261487, 35.9047648 ], [ 138.26208, 35.9045188 ], [ 138.263046, 35.9040688 ], [ 138.263844, 35.9036178 ], [ 138.264486, 35.9032288 ], [ 138.265166, 35.9027678 ], [ 138.265708, 35.9023368 ], [ 138.266145, 35.9019278 ], [ 138.26665, 35.9014968 ], [ 138.267068, 35.9011588 ], [ 138.267598, 35.9007138 ], [ 138.268383, 35.9001498 ], [ 138.269025, 35.8997508 ], [ 138.26953, 35.8994688 ], [ 138.27021, 35.8991258 ], [ 138.270983, 35.8987568 ], [ 138.272031, 35.8983158 ], [ 138.273047, 35.8979368 ], [ 138.273857, 35.8976398 ], [ 138.274917, 35.8973228 ], [ 138.276046, 35.8969638 ], [ 138.276763, 35.8967288 ], [ 138.277966, 35.8963238 ], [ 138.278883, 35.8959858 ], [ 138.279837, 35.8956118 ], [ 138.281034, 35.8950538 ], [ 138.281931, 35.8945718 ], [ 138.282798, 35.8940338 ], [ 138.283827, 35.8933988 ], [ 138.284606, 35.8929429 ], [ 138.285691, 35.8923029 ], [ 138.286508, 35.8918269 ], [ 138.287449, 35.8913709 ], [ 138.288347, 35.8909149 ], [ 138.289382, 35.8904639 ], [ 138.290324, 35.8901059 ], [ 138.291352, 35.8897729 ], [ 138.292531, 35.8894549 ], [ 138.293553, 35.8891479 ], [ 138.294613, 35.8887639 ], [ 138.295542, 35.8883129 ], [ 138.295923, 35.8881129 ], [ 138.296546, 35.8877339 ], [ 138.297064, 35.8873399 ], [ 138.297594, 35.8868379 ], [ 138.297999, 35.8863409 ], [ 138.298541, 35.8855369 ], [ 138.29899, 35.8847319 ], [ 138.29937, 35.8839129 ], [ 138.299782, 35.8830519 ], [ 138.300206, 35.8822529 ], [ 138.300592, 35.8816539 ], [ 138.300867, 35.8812699 ], [ 138.301272, 35.8808959 ], [ 138.301839, 35.8803729 ], [ 138.302201, 35.8800149 ], [ 138.302775, 35.8794869 ], [ 138.303006, 35.8792334 ] ] } },
{ "type": "Feature", "properties": { "N12_001": "20", "N12_002": 1, "N12_003": 1, "N12_004": "中央自動車道西宮線", "N12_005": 1, "N12_006": 2 }, "geometry": { "type": "LineString", "coordinates": [ [ 137.6756979, 35.4576124 ], [ 137.6756098, 35.4573824 ], [ 137.675553, 35.4573147 ], [ 137.6753572, 35.4571744 ], [ 137.6752775, 35.4571251 ], [ 137.6751092, 35.4570498 ], [ 137.6750009, 35.4570327 ], [ 137.6749978, 35.4570327 ], [ 137.6747608, 35.4570659 ], [ 137.6738666, 35.4571062 ], [ 137.6735098, 35.4570556 ], [ 137.6732425, 35.457067 ], [ 137.6729878, 35.4570914 ], [ 137.6727656, 35.4572967 ], [ 137.6725185, 35.4575537 ] ] } },
{ "type": "Feature", "properties": { "N12_001": "20", "N12_002": 1, "N12_003": 1, "N12_004": "中央自動車道西宮線", "N12_005": 1, "N12_006": 3 }, "geometry": { "type": "LineString", "coordinates": [ [ 137.8850701, 35.6083187 ], [ 137.8851898, 35.6083005 ], [ 137.8853691, 35.6082731 ], [ 137.8857069, 35.6081887 ], [ 137.8862023, 35.6080539 ], [ 137.8864793, 35.6079653 ], [ 137.8865524, 35.6079261 ], [ 137.8866479, 35.6078443 ], [ 137.8870481, 35.6073566 ], [ 137.8872644, 35.6071029 ], [ 137.8874143, 35.6068466 ], [ 137.8874451, 35.6067938 ], [ 137.8876302, 35.6064773 ], [ 137.887823, 35.6062351 ], [ 137.8881127, 35.6059876 ], [ 137.8881952, 35.6059256 ], [ 137.8885469, 35.6057454 ], [ 137.8888603, 35.6056115 ] ] } },
{ "type": "Feature", "properties": { "N12_001": "20", "N12_002": 1, "N12_003": 1, "N12_004": "中央自動車道西宮線", "N12_005": 1, "N12_006": 4 }, "geometry": { "type": "LineString", "coordinates": [ [ 137.9119343, 35.7388592 ], [ 137.9119571, 35.7389742 ], [ 137.9119835, 35.7391656 ], [ 137.9120607, 35.7396159 ], [ 137.9121346, 35.7401706 ], [ 137.9121712, 35.7404599 ], [ 137.9121796, 35.7406101 ], [ 137.9121734, 35.7408189 ], [ 137.9120179, 35.7410803 ], [ 137.9118357, 35.74126 ], [ 137.9115987, 35.7413745 ], [ 137.9113876, 35.7414239 ], [ 137.9111167, 35.7414628 ], [ 137.9110622, 35.7414697 ], [ 137.9109384, 35.7414855 ] ] } },
{ "type": "Feature", "properties": { "N12_001": "20", "N12_002": 1, "N12_003": 1, "N12_004": "中央自動車道西宮線", "N12_005": 1, "N12_006": 5 }, "geometry": { "type": "LineString", "coordinates": [ [ 137.9434806, 35.8630626 ], [ 137.9435476, 35.8631778 ], [ 137.9439402, 35.863908 ], [ 137.9440948, 35.8642239 ], [ 137.9442647, 35.8644911 ], [ 137.9443398, 35.8646699 ], [ 137.9443161, 35.8647835 ], [ 137.9442461, 35.8650012 ], [ 137.9442344, 35.8650206 ], [ 137.9441716, 35.8651247 ], [ 137.9439841, 35.8653193 ], [ 137.9438226, 35.8654444 ], [ 137.9436246, 35.8655616 ], [ 137.9434575, 35.8656509 ], [ 137.9433772, 35.8656938 ] ] } },
{ "type": "Feature", "properties": { "N12_001": "20", "N12_002": 1, "N12_003": 1, "N12_004": "中央自動車道西宮線", "N12_005": 1, "N12_006": 6 }, "geometry": { "type": "LineString", "coordinates": [ [ 138.2137731, 35.9362411 ], [ 138.2137067, 35.936319 ], [ 138.2131985, 35.9369001 ], [ 138.2131244, 35.9369824 ], [ 138.2126336, 35.9375204 ], [ 138.2126107, 35.9375539 ], [ 138.2125347, 35.9376242 ], [ 138.2124068, 35.9377081 ], [ 138.2122736, 35.9377523 ], [ 138.2122123, 35.9377689 ], [ 138.2120818, 35.9377821 ], [ 138.2119536, 35.937784 ], [ 138.2115993, 35.9377442 ], [ 138.2113641, 35.9376992 ], [ 138.2110804, 35.9376317 ], [ 138.2110056, 35.9376043 ], [ 138.2108577, 35.9375502 ], [ 138.21074, 35.9375072 ] ] } },
{ "type": "Feature", "properties": { "N12_001": "20", "N12_002": 1, "N12_003": 1, "N12_004": "中央自動車道長野線", "N12_005": 2, "N12_006": 1 }, "geometry": { "type": "LineString", "coordinates": [ [ 138.1416482, 36.5529163 ], [ 138.1415154, 36.5528682 ], [ 138.1414413, 36.5528443 ], [ 138.1413889, 36.5528275 ], [ 138.1413528, 36.5528159 ], [ 138.1413095, 36.5528051 ], [ 138.140982, 36.5527235 ], [ 138.1402111, 36.5525321 ], [ 138.1396661, 36.552407 ], [ 138.1388658, 36.5522464 ], [ 138.1384412, 36.5521573 ], [ 138.1378682, 36.5520663 ], [ 138.1373162, 36.5519923 ], [ 138.1367522, 36.5519413 ], [ 138.1360054, 36.5519204 ], [ 138.1355732, 36.5519083 ], [ 138.1346502, 36.5519033 ], [ 138.1336912, 36.5519203 ], [ 138.1329992, 36.5519653 ], [ 138.1323692, 36.5520293 ], [ 138.1318722, 36.5521033 ], [ 138.1311762, 36.5522403 ], [ 138.1305462, 36.5523683 ], [ 138.1299062, 36.5525213 ], [ 138.1294472, 36.5526263 ], [ 138.1289212, 36.5527663 ], [ 138.1285212, 36.5528993 ], [ 138.1284362, 36.5529283 ], [ 138.1276542, 36.5531963 ], [ 138.1272922, 36.5533503 ], [ 138.1268972, 36.5535043 ], [ 138.1264472, 36.5537043 ], [ 138.1257242, 36.5540583 ], [ 138.1252632, 36.5542953 ], [ 138.1248842, 36.5545003 ], [ 138.1244432, 36.5547643 ], [ 138.1238372, 36.5551283 ], [ 138.1233642, 36.5554413 ], [ 138.1227032, 36.5559493 ], [ 138.1223672, 36.5562043 ], [ 138.1220262, 36.5564283 ], [ 138.1215922, 36.5566883 ], [ 138.1211382, 36.5569613 ], [ 138.1206622, 36.5572143 ], [ 138.1202612, 36.5574043 ], [ 138.1197052, 36.5576283 ], [ 138.1193142, 36.5577513 ], [ 138.1188102, 36.5578793 ], [ 138.1182912, 36.5580073 ], [ 138.1178702, 36.5580683 ], [ 138.1173272, 36.5581343 ], [ 138.1167052, 36.5581403 ], [ 138.1161582, 36.5580913 ], [ 138.1156442, 36.5580293 ], [ 138.1150472, 36.5578983 ], [ 138.1145572, 36.5577743 ], [ 138.1142022, 36.5576713 ], [ 138.1137682, 36.5575023 ], [ 138.1134042, 36.5573483 ], [ 138.1130512, 36.5571833 ], [ 138.1126912, 36.5569983 ], [ 138.1123192, 36.5567563 ], [ 138.1120442, 36.5565543 ], [ 138.1115592, 36.5562043 ], [ 138.1111892, 36.5559283 ], [ 138.1105902, 36.5555073 ], [ 138.1101072, 36.5551533 ], [ 138.1097072, 36.5548653 ], [ 138.1092762, 36.5545643 ], [ 138.1086042, 36.5541303 ], [ 138.1082202, 36.5539083 ], [ 138.1077782, 36.5536803 ], [ 138.1072342, 36.5534273 ], [ 138.1065852, 36.5531863 ], [ 138.1058982, 36.5529643 ], [ 138.1052492, 36.5527893 ], [ 138.1044682, 36.5525673 ], [ 138.1039892, 36.5524393 ], [ 138.1034832, 36.5522983 ], [ 138.1029282, 36.5521513 ], [ 138.1021992, 36.5519523 ], [ 138.1014652, 36.5516843 ], [ 138.1009202, 36.5514193 ], [ 138.1004372, 36.5511163 ], [ 138.1000022, 36.5508163 ], [ 138.0996182, 36.5504853 ], [ 138.0992442, 36.5501433 ], [ 138.0989082, 36.5496993 ], [ 138.0985101, 36.5489763 ], [ 138.0981881, 36.5483883 ], [ 138.0980081, 36.5479453 ], [ 138.0978511, 36.5474043 ], [ 138.0977051, 36.5462403 ], [ 138.0977091, 36.5454583 ], [ 138.0977851, 36.5447313 ], [ 138.0978851, 36.5438473 ], [ 138.0979131, 36.5430463 ], [ 138.0979081, 36.5425913 ], [ 138.0978611, 36.5420233 ], [ 138.0977901, 36.5414743 ], [ 138.0976811, 36.5410773 ], [ 138.0975581, 36.5407543 ], [ 138.0973301, 36.5403073 ], [ 138.0970841, 36.5398873 ], [ 138.0968731, 36.5396043 ], [ 138.0967811, 36.5394823 ], [ 138.0964641, 36.5391013 ], [ 138.0960991, 36.5386963 ], [ 138.0957531, 36.5383813 ], [ 138.0953701, 36.5380693 ], [ 138.0947181, 36.5376283 ], [ 138.0937351, 36.5370453 ], [ 138.0927861, 36.5365333 ], [ 138.0917431, 36.5359963 ], [ 138.0906871, 36.5354553 ], [ 138.0897001, 36.5348233 ], [ 138.0888841, 36.5342893 ], [ 138.0884651, 36.5339553 ], [ 138.0881141, 36.5336463 ], [ 138.0877591, 36.5332603 ], [ 138.0872851, 36.5327403 ], [ 138.0868921, 36.5322843 ], [ 138.0865201, 36.5318803 ], [ 138.0862211, 36.5315113 ], [ 138.085964, 36.5311643 ], [ 138.085661, 36.5307603 ], [ 138.085404, 36.5304723 ], [ 138.085067, 36.5301313 ], [ 138.084695, 36.5297973 ], [ 138.08428, 36.5294953 ], [ 138.083686, 36.5291303 ], [ 138.083258, 36.5288883 ], [ 138.082579, 36.5285893 ], [ 138.082023, 36.5283193 ], [ 138.081497, 36.5280423 ], [ 138.08107, 36.5277963 ], [ 138.0806, 36.5274803 ], [ 138.080189, 36.5271993 ], [ 138.079818, 36.5268793 ], [ 138.079612, 36.5266863 ], [ 138.079392, 36.5264413 ], [ 138.07912, 36.5261363 ], [ 138.078753, 36.5256473 ], [ 138.078407, 36.5251483 ], [ 138.077997, 36.5245863 ], [ 138.077561, 36.5240033 ], [ 138.077219, 36.5235293 ], [ 138.076962, 36.5231643 ], [ 138.07665, 36.5227463 ], [ 138.07633, 36.5223253 ], [ 138.076022, 36.5218863 ], [ 138.075676, 36.5214123 ], [ 138.075274, 36.5208363 ], [ 138.075043, 36.5205163 ], [ 138.074718, 36.5200773 ], [ 138.074539, 36.5198073 ], [ 138.074171, 36.5194073 ], [ 138.073765, 36.5190623 ], [ 138.073303, 36.5187293 ], [ 138.073017, 36.5185503 ], [ 138.072765, 36.5183363 ], [ 138.072483, 36.5180653 ], [ 138.072247, 36.5177773 ], [ 138.071995, 36.5174233 ], [ 138.071824, 36.5171353 ], [ 138.071696, 36.5168963 ], [ 138.071598, 36.5166463 ], [ 138.071508, 36.5164043 ], [ 138.071465, 36.5161723 ], [ 138.071435, 36.5158393 ], [ 138.071418, 36.5154563 ], [ 138.071452, 36.5150983 ], [ 138.071542, 36.5146133 ], [ 138.0716829, 36.5140863 ], [ 138.0718839, 36.5136193 ], [ 138.0721749, 36.5131593 ], [ 138.0725379, 36.5126823 ], [ 138.0729909, 36.5121943 ], [ 138.0734309, 36.5117513 ], [ 138.0736879, 36.5115233 ], [ 138.0740299, 36.5112953 ], [ 138.0746329, 36.5110213 ], [ 138.0755259, 36.5106733 ], [ 138.0765219, 36.5103193 ], [ 138.0771759, 36.5100733 ], [ 138.0784409, 36.5096833 ], [ 138.0788599, 36.5095493 ], [ 138.0797419, 36.5092063 ], [ 138.0802635, 36.5089416 ], [ 138.0802779, 36.5089343 ], [ 138.0808909, 36.5085693 ], [ 138.0813659, 36.5083053 ], [ 138.0817379, 36.5081343 ], [ 138.0821799, 36.5079393 ], [ 138.0825559, 36.5078083 ], [ 138.0831739, 36.5076273 ], [ 138.0839929, 36.5073973 ], [ 138.0846379, 36.5072093 ], [ 138.0854439, 36.5069513 ], [ 138.0860169, 36.5067423 ], [ 138.0864139, 36.5065843 ], [ 138.0869799, 36.5063263 ], [ 138.0874829, 36.5060803 ], [ 138.0880109, 36.5057573 ], [ 138.0884529, 36.5054813 ], [ 138.0889079, 36.5052003 ], [ 138.0896389, 36.5047233 ], [ 138.0900669, 36.5044383 ], [ 138.0903119, 36.5042703 ], [ 138.0907399, 36.5039203 ], [ 138.0910409, 36.5036853 ], [ 138.0913319, 36.5034293 ], [ 138.0917529, 36.5030413 ], [ 138.0921289, 36.5026793 ], [ 138.0924989, 36.5023213 ], [ 138.0928639, 36.5019333 ], [ 138.0931179, 36.5015993 ], [ 138.0933259, 36.5013223 ], [ 138.0935049, 36.5010293 ], [ 138.0936609, 36.5007883 ], [ 138.0938299, 36.5004793 ], [ 138.0940699, 36.4999963 ], [ 138.0942449, 36.4996873 ], [ 138.0944329, 36.4994253 ], [ 138.0946529, 36.4991533 ], [ 138.0950609, 36.4987043 ], [ 138.0953839, 36.4983403 ], [ 138.0956319, 36.4981073 ], [ 138.0958779, 36.4978963 ], [ 138.0960809, 36.4977034 ], [ 138.0962409, 36.4975224 ], [ 138.0963949, 36.4973484 ], [ 138.0965339, 36.4971724 ], [ 138.0967029, 36.4969334 ], [ 138.0969349, 36.4965714 ], [ 138.0972228, 36.4959434 ], [ 138.0974428, 36.4954974 ], [ 138.0978638, 36.4948244 ], [ 138.0980888, 36.4944754 ], [ 138.0983368, 36.4941264 ], [ 138.0987658, 36.4935344 ], [ 138.0991358, 36.4931004 ], [ 138.0993558, 36.4928164 ], [ 138.0995888, 36.4924084 ], [ 138.0997298, 36.4920654 ], [ 138.0998558, 36.4917364 ], [ 138.0999348, 36.4914124 ], [ 138.0999818, 36.4910954 ], [ 138.0999778, 36.4904714 ], [ 138.0999548, 36.4900604 ], [ 138.0998998, 36.4896854 ], [ 138.0998008, 36.4893714 ], [ 138.0994698, 36.4886664 ], [ 138.0992378, 36.4882364 ], [ 138.0989428, 36.4877934 ], [ 138.0985338, 36.4872594 ], [ 138.0982068, 36.4868684 ], [ 138.0977298, 36.4863604 ], [ 138.0973208, 36.4859664 ], [ 138.0968758, 36.4855454 ], [ 138.0963598, 36.4850674 ], [ 138.0958408, 36.4846074 ], [ 138.0952618, 36.4841324 ], [ 138.0947498, 36.4837344 ], [ 138.0936398, 36.4830134 ], [ 138.0924868, 36.4822244 ], [ 138.0911088, 36.4813444 ], [ 138.0897148, 36.4804234 ], [ 138.0882227, 36.4794724 ], [ 138.0869987, 36.4786314 ], [ 138.0860277, 36.4779934 ], [ 138.0855457, 36.4776774 ], [ 138.0849047, 36.4772894 ], [ 138.0836957, 36.4765294 ], [ 138.0821527, 36.4755454 ], [ 138.0809127, 36.4747434 ], [ 138.0794247, 36.4737834 ], [ 138.0781417, 36.4729264 ], [ 138.0770077, 36.4722244 ], [ 138.0766137, 36.4719614 ], [ 138.0760077, 36.4715584 ], [ 138.0746407, 36.4706854 ], [ 138.0746337, 36.4706814 ], [ 138.0737877, 36.4701354 ], [ 138.0732797, 36.4697854 ], [ 138.0727837, 36.4694604 ], [ 138.0716617, 36.4687864 ], [ 138.0708667, 36.4683854 ], [ 138.0702837, 36.4680654 ], [ 138.0697917, 36.4677514 ], [ 138.0692127, 36.4673634 ], [ 138.0687017, 36.4669984 ], [ 138.0682567, 36.4665974 ], [ 138.0678787, 36.4661894 ], [ 138.0675947, 36.4658014 ], [ 138.0671937, 36.4651154 ], [ 138.0668287, 36.4643954 ], [ 138.0665777, 36.4639004 ], [ 138.0663827, 36.4635144 ], [ 138.0661467, 36.4629844 ], [ 138.0659537, 36.4625994 ], [ 138.0657876, 36.4622924 ], [ 138.0656146, 36.4620204 ], [ 138.0653316, 36.4616324 ], [ 138.0650356, 36.4612644 ], [ 138.0645716, 36.4607754 ], [ 138.0641936, 36.4603684 ], [ 138.0638716, 36.4599934 ], [ 138.0635756, 36.4596844 ], [ 138.0632896, 36.4593624 ], [ 138.0628116, 36.4588094 ], [ 138.0622256, 36.4581754 ], [ 138.0617256, 36.4575734 ], [ 138.0614986, 36.4572814 ], [ 138.0614816, 36.4572594 ], [ 138.0614646, 36.4572384 ], [ 138.0612376, 36.4569464 ], [ 138.0608986, 36.4565164 ], [ 138.0606706, 36.4562384 ], [ 138.0604186, 36.4559664 ], [ 138.0601506, 36.4557174 ], [ 138.0601391, 36.4557086 ], [ 138.0598316, 36.4554744 ], [ 138.0594896, 36.4552354 ], [ 138.0594206, 36.4551944 ], [ 138.0590406, 36.4549704 ], [ 138.0585086, 36.4546984 ], [ 138.0580686, 36.4545174 ], [ 138.0575056, 36.4543624 ], [ 138.0569776, 36.4542684 ], [ 138.0561316, 36.4542234 ], [ 138.0552886, 36.4542334 ], [ 138.0541706, 36.4543204 ], [ 138.0535526, 36.4543594 ], [ 138.0528466, 36.4543844 ], [ 138.0526436, 36.4543914 ], [ 138.0519896, 36.4543524 ], [ 138.0513566, 36.4542974 ], [ 138.0508006, 36.4542074 ], [ 138.0501676, 36.4540714 ], [ 138.0496166, 36.4539034 ], [ 138.0489386, 36.4536544 ], [ 138.0484216, 36.4534084 ], [ 138.0481516, 36.4532594 ], [ 138.0477696, 36.4530074 ], [ 138.0473526, 36.4526964 ], [ 138.0470456, 36.4523994 ], [ 138.0465496, 36.4518784 ], [ 138.0462066, 36.4514904 ], [ 138.0458606, 36.4510054 ], [ 138.0455496, 36.4504874 ], [ 138.0453366, 36.4500834 ], [ 138.0451126, 36.4495724 ], [ 138.0448926, 36.4491064 ], [ 138.0447036, 36.4486124 ], [ 138.0444786, 36.4481884 ], [ 138.0443056, 36.4479164 ], [ 138.0439516, 36.4475314 ], [ 138.0436126, 36.4471954 ], [ 138.0432746, 36.4469144 ], [ 138.0427796, 36.4465394 ], [ 138.0420776, 36.4460664 ], [ 138.0418196, 36.4458284 ], [ 138.0413646, 36.4453264 ], [ 138.0411326, 36.4449864 ], [ 138.0408966, 36.4445854 ], [ 138.0406796, 36.4441654 ], [ 138.0404716, 36.4436384 ], [ 138.0402316, 36.4431274 ], [ 138.0399316, 36.4425514 ], [ 138.0395696, 36.4420084 ], [ 138.0392585, 36.4416524 ], [ 138.0387785, 36.4412094 ], [ 138.0383375, 36.4408634 ], [ 138.0377945, 36.4405134 ], [ 138.0373495, 36.4402644 ], [ 138.0368575, 36.4400674 ], [ 138.0362155, 36.4398634 ], [ 138.0356805, 36.4397344 ], [ 138.0349595, 36.4396214 ], [ 138.0341095, 36.4394954 ], [ 138.0334525, 36.4394014 ], [ 138.0329635, 36.4392944 ], [ 138.0323615, 36.4390944 ], [ 138.0319055, 36.4388874 ], [ 138.0314915, 36.4386284 ], [ 138.0311415, 36.4383694 ], [ 138.0308225, 36.4381144 ], [ 138.0304725, 36.4377934 ], [ 138.0299835, 36.4373284 ], [ 138.0296295, 36.4369884 ], [ 138.0291415, 36.4365944 ], [ 138.0288025, 36.4363574 ], [ 138.0283545, 36.4360864 ], [ 138.0279405, 36.4358854 ], [ 138.0275355, 36.4357304 ], [ 138.0271295, 36.4355884 ], [ 138.0266225, 36.4354424 ], [ 138.0261695, 36.4353684 ], [ 138.0257205, 36.4353264 ], [ 138.0248935, 36.4353194 ], [ 138.0242525, 36.4353524 ], [ 138.0235905, 36.4354264 ], [ 138.0226535, 36.4355914 ], [ 138.0225355, 36.4356174 ], [ 138.0219135, 36.4357564 ], [ 138.0210435, 36.4359344 ], [ 138.0204335, 36.4360664 ], [ 138.0198985, 36.4361384 ], [ 138.0192685, 36.4361864 ], [ 138.0185515, 36.4361894 ], [ 138.0179535, 36.4361344 ], [ 138.0174295, 36.4360734 ], [ 138.0168275, 36.4359344 ], [ 138.0163395, 36.4358174 ], [ 138.0157645, 36.4356174 ], [ 138.0151585, 36.4353844 ], [ 138.0147095, 36.4351674 ], [ 138.0142015, 36.4348894 ], [ 138.0135795, 36.4345044 ], [ 138.0131075, 36.4341784 ], [ 138.0126505, 36.4337934 ], [ 138.0126095, 36.4337559 ], [ 138.0121665, 36.4333504 ], [ 138.0118395, 36.4330104 ], [ 138.0115095, 36.4326254 ], [ 138.0112535, 36.4322534 ], [ 138.0110015, 36.4318754 ], [ 138.0107805, 36.4314874 ], [ 138.0106075, 36.4311124 ], [ 138.0104775, 36.4306954 ], [ 138.0103435, 36.4302844 ], [ 138.0102765, 36.4299124 ], [ 138.0102065, 36.4292684 ], [ 138.0101515, 36.4287254 ], [ 138.0100645, 36.4282754 ], [ 138.0099105, 36.4277094 ], [ 138.0098005, 36.4273894 ], [ 138.0096945, 36.4271144 ], [ 138.0094035, 36.4266204 ], [ 138.0091995, 36.4262984 ], [ 138.0088285, 36.4256424 ], [ 138.0087105, 36.4254104 ], [ 138.0085445, 36.4249964 ], [ 138.0084345, 36.4246474 ], [ 138.0083555, 36.4243174 ], [ 138.0083165, 36.4238834 ], [ 138.0082605, 36.4233514 ], [ 138.0082145, 36.4227954 ], [ 138.0081275, 36.4225094 ], [ 138.0080095, 36.4221344 ], [ 138.0077895, 36.4216074 ], [ 138.0075335, 36.4210964 ], [ 138.0073485, 36.4207434 ], [ 138.0069805, 36.4201664 ], [ 138.0068085, 36.4199284 ], [ 138.0065075, 36.4195614 ], [ 138.0061715, 36.4190664 ], [ 138.0058345, 36.4186004 ], [ 138.0052525, 36.4177924 ], [ 138.0047815, 36.4171444 ], [ 138.0042145, 36.4163964 ], [ 138.0038285, 36.4158854 ], [ 138.0034075, 36.4153134 ], [ 138.0029984, 36.4147374 ], [ 138.0026794, 36.4142914 ], [ 138.0024114, 36.4139354 ], [ 138.0021754, 36.4135864 ], [ 138.0019864, 36.4133054 ], [ 138.0018014, 36.4129424 ], [ 138.0016394, 36.4125804 ], [ 138.0015574, 36.4122604 ], [ 138.0014514, 36.4117784 ], [ 138.0013484, 36.4110804 ], [ 138.0012934, 36.4105304 ], [ 138.0012344, 36.4100124 ], [ 138.0011754, 36.4091034 ], [ 138.0011124, 36.4083764 ], [ 138.0010534, 36.4074904 ], [ 138.0009864, 36.4066784 ], [ 138.0008884, 36.4058534 ], [ 138.0008054, 36.4052814 ], [ 138.0007624, 36.4047344 ], [ 138.0007504, 36.4041394 ], [ 138.0007584, 36.4034604 ], [ 138.0008094, 36.4030044 ], [ 138.0009034, 36.4025874 ], [ 138.0010064, 36.4022544 ], [ 138.0011164, 36.4019274 ], [ 138.0013134, 36.4014904 ], [ 138.0016434, 36.4007344 ], [ 138.0019394, 36.4000514 ], [ 138.0021554, 36.3995894 ], [ 138.0023444, 36.3991264 ], [ 138.0024984, 36.3987514 ], [ 138.0026084, 36.3983794 ], [ 138.0026834, 36.3979814 ], [ 138.0027184, 36.3974154 ], [ 138.0027144, 36.3968664 ], [ 138.0026754, 36.3963454 ], [ 138.0025534, 36.3954364 ], [ 138.0023724, 36.3944984 ], [ 138.0021744, 36.3934834 ], [ 138.0020253, 36.3927244 ], [ 138.0019143, 36.3921996 ], [ 138.0018863, 36.3920674 ], [ 138.0017623, 36.3915374 ], [ 138.0016533, 36.3910275 ], [ 138.0014543, 36.3904195 ], [ 138.0011863, 36.3897225 ], [ 138.0007993, 36.3888205 ], [ 138.0002883, 36.3876865 ], [ 137.9996673, 36.3863575 ], [ 137.9991903, 36.3853455 ], [ 137.9986293, 36.3841215 ], [ 137.9982823, 36.3834085 ], [ 137.9973383, 36.3813845 ], [ 137.9967283, 36.3799775 ], [ 137.9962663, 36.3789455 ], [ 137.9958893, 36.3781175 ], [ 137.9955613, 36.3773995 ], [ 137.9952663, 36.3767725 ], [ 137.9950743, 36.3763635 ], [ 137.9946233, 36.3753925 ], [ 137.9940373, 36.3740995 ], [ 137.9935053, 36.3729045 ], [ 137.9927313, 36.3712165 ], [ 137.9921853, 36.3700865 ], [ 137.9915893, 36.3687855 ], [ 137.9911973, 36.3678875 ], [ 137.9906653, 36.3667495 ], [ 137.9902043, 36.3657545 ], [ 137.9897823, 36.3647955 ], [ 137.9893303, 36.3638375 ], [ 137.9887653, 36.3626045 ], [ 137.9884153, 36.3618845 ], [ 137.9880133, 36.3610545 ], [ 137.9877852, 36.3605775 ], [ 137.9875962, 36.3602145 ], [ 137.9873802, 36.3598695 ], [ 137.9871762, 36.3595695 ], [ 137.9868442, 36.3591655 ], [ 137.9866332, 36.3589175 ], [ 137.9863122, 36.3585785 ], [ 137.9859972, 36.3582955 ], [ 137.9857342, 36.3580565 ], [ 137.9855032, 36.3578765 ], [ 137.9852402, 36.3576875 ], [ 137.9849072, 36.3574835 ], [ 137.9846842, 36.3573425 ], [ 137.9843042, 36.3571285 ], [ 137.9839712, 36.3569425 ], [ 137.9836042, 36.3567515 ], [ 137.9831102, 36.3565375 ], [ 137.9826282, 36.3563435 ], [ 137.9821792, 36.3561845 ], [ 137.9818272, 36.3560575 ], [ 137.9812562, 36.3558885 ], [ 137.9806772, 36.3557475 ], [ 137.9799672, 36.3555565 ], [ 137.9793912, 36.3554255 ], [ 137.9788482, 36.3552865 ], [ 137.9780312, 36.3550975 ], [ 137.9774872, 36.3549785 ], [ 137.9769392, 36.3548605 ], [ 137.9764022, 36.3547365 ], [ 137.9760032, 36.3546265 ], [ 137.9756102, 36.3545155 ], [ 137.9752502, 36.3543915 ], [ 137.9747612, 36.3542465 ], [ 137.9741832, 36.3540715 ], [ 137.9736192, 36.3538815 ], [ 137.9731382, 36.3537125 ], [ 137.9726862, 36.3535475 ], [ 137.9722342, 36.3533815 ], [ 137.9717872, 36.3532085 ], [ 137.9714152, 36.3530615 ], [ 137.9709232, 36.3528664 ], [ 137.9703482, 36.3526254 ], [ 137.9699682, 36.3524494 ], [ 137.9695982, 36.3522764 ], [ 137.9690522, 36.3520134 ], [ 137.9683842, 36.3516834 ], [ 137.9680812, 36.3514994 ], [ 137.9676692, 36.3512294 ], [ 137.9672992, 36.3509654 ], [ 137.9669442, 36.3506854 ], [ 137.9664902, 36.3503374 ], [ 137.9660882, 36.3500474 ], [ 137.9657452, 36.3497904 ], [ 137.9654222, 36.3495234 ], [ 137.9650572, 36.3492374 ], [ 137.9647492, 36.3489884 ], [ 137.9644392, 36.3487274 ], [ 137.9641042, 36.3484644 ], [ 137.9638242, 36.3482184 ], [ 137.9635482, 36.3479734 ], [ 137.9632032, 36.3476794 ], [ 137.9629672, 36.3474614 ], [ 137.9626722, 36.3471594 ], [ 137.9623892, 36.3468214 ], [ 137.9620292, 36.3463724 ], [ 137.9617902, 36.3460994 ], [ 137.9615222, 36.3457994 ], [ 137.9612472, 36.3455074 ], [ 137.9609512, 36.3452664 ], [ 137.9606982, 36.3450714 ], [ 137.9603282, 36.3448504 ], [ 137.9598792, 36.3446634 ], [ 137.9594152, 36.3445224 ], [ 137.9590602, 36.3444534 ], [ 137.9586552, 36.3444104 ], [ 137.9578432, 36.3443834 ], [ 137.9569792, 36.3443854 ], [ 137.9563662, 36.3443924 ], [ 137.9558352, 36.3443734 ], [ 137.9555172, 36.3443534 ], [ 137.9552322, 36.3443044 ], [ 137.9549312, 36.3442124 ], [ 137.9545892, 36.3440794 ], [ 137.9543012, 36.3439414 ], [ 137.9539782, 36.3437574 ], [ 137.9536492, 36.3435354 ], [ 137.9534952, 36.3434304 ], [ 137.9532072, 36.3432184 ], [ 137.9527502, 36.3428264 ], [ 137.9524032, 36.3424794 ], [ 137.9514942, 36.3415014 ], [ 137.9508442, 36.3408484 ], [ 137.9502632, 36.3403014 ], [ 137.9496402, 36.3397574 ], [ 137.9491132, 36.3393284 ], [ 137.9485212, 36.3388464 ], [ 137.9479312, 36.3384324 ], [ 137.9471292, 36.3379164 ], [ 137.9458482, 36.3371154 ], [ 137.9450862, 36.3366274 ], [ 137.9436362, 36.3358114 ], [ 137.9424842, 36.3351384 ], [ 137.9417292, 36.3346884 ], [ 137.9409052, 36.3342104 ], [ 137.9400462, 36.3337114 ], [ 137.9393462, 36.3332974 ], [ 137.9387602, 36.3329774 ], [ 137.9382442, 36.3326634 ], [ 137.9375662, 36.3322734 ], [ 137.9368982, 36.3318774 ], [ 137.9362162, 36.3314574 ], [ 137.9355682, 36.3311084 ], [ 137.9347782, 36.3306964 ], [ 137.9337512, 36.3302174 ], [ 137.9325142, 36.3297204 ], [ 137.9314722, 36.3294084 ], [ 137.9306752, 36.3292064 ], [ 137.9299052, 36.3290184 ], [ 137.9291632, 36.3288284 ], [ 137.9278102, 36.3284494 ], [ 137.9272542, 36.3282394 ], [ 137.9268542, 36.3280414 ], [ 137.9264842, 36.3278354 ], [ 137.9261272, 36.3275964 ], [ 137.9257522, 36.3272974 ], [ 137.9254842, 36.3270784 ], [ 137.9251812, 36.3267644 ], [ 137.9249582, 36.3265264 ], [ 137.9247292, 36.3262324 ], [ 137.9244192, 36.3257984 ], [ 137.9241182, 36.3253614 ], [ 137.9238702, 36.3249944 ], [ 137.9236152, 36.3245234 ], [ 137.9233592, 36.3241134 ], [ 137.9231212, 36.3236874 ], [ 137.9229122, 36.3232794 ], [ 137.9226512, 36.3228184 ], [ 137.9224322, 36.3223604 ], [ 137.9221392, 36.3217694 ], [ 137.9218902, 36.3212594 ], [ 137.9216922, 36.3207574 ], [ 137.9214782, 36.3202684 ], [ 137.9213192, 36.3198684 ], [ 137.9211412, 36.3193094 ], [ 137.9209722, 36.3187344 ], [ 137.9207872, 36.3179214 ], [ 137.9207142, 36.3175154 ], [ 137.9206432, 36.3171424 ], [ 137.9205892, 36.3166494 ], [ 137.9205292, 36.3156984 ], [ 137.9205022, 36.3148764 ], [ 137.9204872, 36.3138184 ], [ 137.9205092, 36.3133594 ], [ 137.9205492, 36.3128944 ], [ 137.9206132, 36.3124494 ], [ 137.9207352, 36.3118174 ], [ 137.9208422, 36.3111794 ], [ 137.9209332, 36.3106674 ], [ 137.9210682, 36.3100654 ], [ 137.9212092, 36.3095084 ], [ 137.9214322, 36.3086334 ], [ 137.9216242, 36.3079854 ], [ 137.9218922, 36.3071534 ], [ 137.9220981, 36.3065454 ], [ 137.9223881, 36.3057844 ], [ 137.9226691, 36.3049894 ], [ 137.9229191, 36.3043914 ], [ 137.9230931, 36.3039414 ], [ 137.9232841, 36.3035084 ], [ 137.9234511, 36.3031064 ], [ 137.9236221, 36.3027234 ], [ 137.9237591, 36.3024154 ], [ 137.9239571, 36.3019334 ], [ 137.9242371, 36.3012364 ], [ 137.9249341, 36.2996774 ], [ 137.9251541, 36.2991574 ], [ 137.9254271, 36.2985044 ], [ 137.9256771, 36.2979694 ], [ 137.9258681, 36.2975054 ], [ 137.9260811, 36.2970704 ], [ 137.9263621, 36.2963964 ], [ 137.9266141, 36.2958304 ], [ 137.9268201, 36.2953104 ], [ 137.9270441, 36.2947234 ], [ 137.9272681, 36.2941164 ], [ 137.9274031, 36.2936904 ], [ 137.9275271, 36.2932004 ], [ 137.9276691, 36.2925664 ], [ 137.9278361, 36.2914544 ], [ 137.9279291, 36.2904884 ], [ 137.9280031, 36.2899254 ], [ 137.9280991, 36.2893964 ], [ 137.9281991, 36.2888364 ], [ 137.928323, 36.2883344 ], [ 137.928451, 36.2878674 ], [ 137.928607, 36.2874674 ], [ 137.928767, 36.2870554 ], [ 137.929041, 36.2865124 ], [ 137.929201, 36.2861774 ], [ 137.92951, 36.2856024 ], [ 137.929894, 36.2848604 ], [ 137.93021, 36.2842474 ], [ 137.930419, 36.2837804 ], [ 137.930661, 36.2832344 ], [ 137.930935, 36.2825254 ], [ 137.93107, 36.2820324 ], [ 137.931247, 36.2813434 ], [ 137.93134, 36.2808584 ], [ 137.931432, 36.2803184 ], [ 137.931471, 36.2794634 ], [ 137.931471, 36.2785734 ], [ 137.931386, 36.2774844 ], [ 137.931276, 36.2767194 ], [ 137.931194, 36.2761244 ], [ 137.931105, 36.2756864 ], [ 137.931034, 36.2751084 ], [ 137.930974, 36.2746094 ], [ 137.930892, 36.2739265 ], [ 137.930857, 36.2732845 ], [ 137.9308534, 36.2730357 ], [ 137.930842, 36.2722475 ], [ 137.930864, 36.2715995 ], [ 137.930928, 36.2710075 ], [ 137.931016, 36.2703005 ], [ 137.931127, 36.2697225 ], [ 137.931262, 36.2691775 ], [ 137.9314069, 36.2687335 ], [ 137.9315669, 36.2682725 ], [ 137.9317269, 36.2678375 ], [ 137.9319689, 36.2672565 ], [ 137.9321499, 36.2668625 ], [ 137.9323809, 36.2663665 ], [ 137.9326179, 36.2659155 ], [ 137.9328369, 36.2655805 ], [ 137.9330559, 36.2652215 ], [ 137.9333399, 36.2647635 ], [ 137.9337419, 36.2641245 ], [ 137.9340539, 36.2635845 ], [ 137.9342959, 36.2631845 ], [ 137.9345159, 36.2626965 ], [ 137.9346869, 36.2622065 ], [ 137.9348679, 36.2614825 ], [ 137.9350139, 36.2605745 ], [ 137.9350529, 36.2600025 ], [ 137.9350559, 36.2594305 ], [ 137.9350099, 36.2587565 ], [ 137.9349959, 36.2580145 ], [ 137.9350059, 36.2575885 ], [ 137.9350529, 36.2571975 ], [ 137.9351309, 36.2567485 ], [ 137.9351979, 36.2564385 ], [ 137.9352939, 36.2561325 ], [ 137.9354079, 36.2558255 ], [ 137.9356029, 36.2552065 ], [ 137.9357739, 36.2546465 ], [ 137.9359199, 36.2541945 ], [ 137.9361189, 36.2535195 ], [ 137.9362069, 36.2530205 ], [ 137.9362679, 36.2526115 ], [ 137.9363569, 36.2518205 ], [ 137.9363499, 36.2511025 ], [ 137.9362749, 36.2502475 ], [ 137.9362359, 36.2496195 ], [ 137.9362498, 36.2487415 ], [ 137.9362708, 36.2480085 ], [ 137.9363098, 36.2475125 ], [ 137.9364058, 36.2469375 ], [ 137.9366048, 36.2460825 ], [ 137.9367398, 36.2455855 ], [ 137.9368718, 36.2451535 ], [ 137.9370638, 36.2445875 ], [ 137.9372628, 36.2440765 ], [ 137.9374938, 36.2435635 ], [ 137.9376998, 36.2430205 ], [ 137.9378518, 36.2425235 ], [ 137.9379518, 36.2421005 ], [ 137.9380188, 36.2414905 ], [ 137.9380688, 36.2409735 ], [ 137.9380908, 36.2401565 ], [ 137.9380438, 36.2394945 ], [ 137.9379798, 36.2388115 ], [ 137.9379238, 36.2380725 ], [ 137.9378918, 36.2375295 ], [ 137.9378838, 36.2370685 ], [ 137.9379158, 36.2365315 ], [ 137.9380088, 36.2357135 ], [ 137.9381148, 36.2351855 ], [ 137.9382678, 36.2346135 ], [ 137.9384178, 36.2340115 ], [ 137.9385148, 36.2336175 ], [ 137.9386498, 36.2330745 ], [ 137.9387858, 36.2324035 ], [ 137.9388428, 36.2318235 ], [ 137.9389038, 36.2308495 ], [ 137.9388828, 36.2303885 ], [ 137.9388508, 36.2300621 ], [ 137.9388398, 36.2299495 ], [ 137.9387347, 36.2293795 ], [ 137.9386377, 36.2289115 ], [ 137.9385287, 36.2284475 ], [ 137.9384117, 36.2280515 ], [ 137.9382877, 36.2276055 ], [ 137.9380857, 36.2271465 ], [ 137.9379287, 36.2267695 ], [ 137.9377417, 36.2263685 ], [ 137.9374467, 36.2258255 ], [ 137.9371987, 36.2254345 ], [ 137.9369397, 36.2250445 ], [ 137.9366887, 36.2247305 ], [ 137.9362877, 36.2242545 ], [ 137.9358897, 36.2237955 ], [ 137.9355907, 36.2234585 ], [ 137.9351267, 36.2229405 ], [ 137.9348487, 36.2226115 ], [ 137.9345047, 36.2221895 ], [ 137.9341887, 36.2218105 ], [ 137.9338357, 36.2213715 ], [ 137.9334797, 36.2208835 ], [ 137.9331237, 36.2203855 ], [ 137.9328157, 36.2199415 ], [ 137.9325617, 36.2195605 ], [ 137.9322187, 36.2190245 ], [ 137.9319167, 36.2184745 ], [ 137.9316787, 36.2180405 ], [ 137.9314727, 36.2176275 ], [ 137.9312137, 36.2170695 ], [ 137.9310477, 36.2166755 ], [ 137.9308937, 36.2162495 ], [ 137.9307337, 36.2157855 ], [ 137.9305647, 36.2153125 ], [ 137.9304327, 36.2148635 ], [ 137.9302727, 36.2143135 ], [ 137.9301367, 36.2138625 ], [ 137.9300337, 36.2134285 ], [ 137.9299227, 36.2129925 ], [ 137.9298287, 36.2123825 ], [ 137.9297357, 36.2118275 ], [ 137.9296747, 36.2113865 ], [ 137.9296507, 36.2109975 ], [ 137.9295936, 36.2101025 ], [ 137.9295936, 36.2090795 ], [ 137.9296146, 36.2083055 ], [ 137.9296876, 36.2077285 ], [ 137.9297716, 36.2072975 ], [ 137.9299016, 36.2067415 ], [ 137.9300496, 36.2062735 ], [ 137.9301816, 36.2059515 ], [ 137.9304296, 36.2054355 ], [ 137.9306166, 36.2050635 ], [ 137.9308846, 36.2046275 ], [ 137.9310896, 36.2043405 ], [ 137.9314006, 36.2039485 ], [ 137.9318746, 36.2033615 ], [ 137.9322336, 36.2029425 ], [ 137.9325656, 36.2025285 ], [ 137.9328666, 36.2021615 ], [ 137.9331296, 36.2017805 ], [ 137.9334216, 36.2013485 ], [ 137.9336636, 36.2010065 ], [ 137.9338866, 36.2005875 ], [ 137.9341096, 36.2002015 ], [ 137.9344956, 36.1994085 ], [ 137.9348306, 36.1986205 ], [ 137.9350416, 36.1980845 ], [ 137.9352776, 36.1974855 ], [ 137.9355306, 36.1966625 ], [ 137.9357326, 36.1960675 ], [ 137.9359766, 36.1952545 ], [ 137.9361576, 36.1946375 ], [ 137.9364176, 36.1935045 ], [ 137.9365536, 36.1928805 ], [ 137.9366859, 36.1921147 ], [ 137.9366976, 36.1920475 ], [ 137.9367766, 36.1913605 ], [ 137.9368396, 36.1909425 ], [ 137.9369546, 36.1903765 ], [ 137.9370816, 36.1897255 ], [ 137.9371925, 36.1892215 ], [ 137.9373915, 36.1885605 ], [ 137.9375305, 36.1880245 ], [ 137.9377475, 36.1873555 ], [ 137.9379555, 36.1866985 ], [ 137.9381525, 36.1861115 ], [ 137.9383725, 36.1855415 ], [ 137.9385925, 36.1849445 ], [ 137.9388705, 36.1841885 ], [ 137.9390395, 36.1837395 ], [ 137.9392385, 36.1831825 ], [ 137.9394855, 36.1825225 ], [ 137.9396755, 36.1819675 ], [ 137.9398685, 36.1814695 ], [ 137.9401285, 36.1807685 ], [ 137.9403995, 36.1800815 ], [ 137.9406195, 36.1794525 ], [ 137.9407945, 36.1789835 ], [ 137.9410305, 36.1783245 ], [ 137.9413075, 36.1775635 ], [ 137.9415035, 36.1770335 ], [ 137.9417025, 36.1765205 ], [ 137.9418985, 36.1760125 ], [ 137.9421255, 36.1755365 ], [ 137.9423635, 36.1750625 ], [ 137.9426015, 36.1746665 ], [ 137.9428645, 36.1742745 ], [ 137.9431475, 36.1738785 ], [ 137.9434585, 36.1735075 ], [ 137.9439265, 36.1730205 ], [ 137.9442455, 36.1727335 ], [ 137.9445715, 36.1724705 ], [ 137.9448825, 36.1722275 ], [ 137.9453415, 36.1719205 ], [ 137.9457335, 36.1716645 ], [ 137.9462095, 36.1713725 ], [ 137.9466265, 36.1711565 ], [ 137.9479415, 36.1705445 ], [ 137.9480005, 36.1705185 ], [ 137.9484515, 36.1703195 ], [ 137.9491365, 36.1700315 ], [ 137.9496855, 36.1698185 ], [ 137.9503035, 36.1696105 ], [ 137.9504755, 36.169545 ], [ 137.9507925, 36.1694245 ], [ 137.9513655, 36.1692135 ], [ 137.9519535, 36.1689905 ], [ 137.9525115, 36.1687875 ], [ 137.9528965, 36.1686325 ], [ 137.9534585, 36.1684485 ], [ 137.9540545, 36.1682755 ], [ 137.9560755, 36.1676925 ], [ 137.9569555, 36.1674555 ], [ 137.9578965, 36.1671915 ], [ 137.9588525, 36.1669135 ], [ 137.9595685, 36.1667175 ], [ 137.9601745, 36.1665445 ], [ 137.9607455, 36.1663925 ], [ 137.9614115, 36.1662015 ], [ 137.9620145, 36.1660265 ], [ 137.9625735, 36.1658185 ], [ 137.9631585, 36.1655985 ], [ 137.9637755, 36.1652995 ], [ 137.9641605, 36.1650715 ], [ 137.9645305, 36.1648605 ], [ 137.9648575, 36.1646225 ], [ 137.9651595, 36.1643705 ], [ 137.9654455, 36.1641065 ], [ 137.9656505, 36.1639085 ], [ 137.9659925, 36.1635665 ], [ 137.9662455, 36.1632615 ], [ 137.9664985, 36.1629075 ], [ 137.9667375, 36.1624885 ], [ 137.9669405, 36.1621365 ], [ 137.9671155, 36.1617215 ], [ 137.9672975, 36.1613165 ], [ 137.9674645, 36.1608105 ], [ 137.9675435, 36.1603945 ], [ 137.9676145, 36.1600075 ], [ 137.9677355, 36.1590945 ], [ 137.9678245, 36.1582385 ], [ 137.9678785, 36.1574925 ], [ 137.9679385, 36.1566285 ], [ 137.9679885, 36.1556355 ], [ 137.9680744, 36.1547685 ], [ 137.9680784, 36.1546405 ], [ 137.9681024, 36.1539335 ], [ 137.9681284, 36.1534815 ], [ 137.9681574, 36.1529785 ], [ 137.9682144, 36.1520505 ], [ 137.9682714, 36.1511925 ], [ 137.9683094, 36.1503845 ], [ 137.9683024, 36.1495705 ], [ 137.9682564, 36.1490605 ], [ 137.9682104, 36.1487705 ], [ 137.9681244, 36.1482205 ], [ 137.9679784, 36.1474095 ], [ 137.9679774, 36.1474005 ], [ 137.9679064, 36.1469115 ], [ 137.9677324, 36.1459605 ], [ 137.9675824, 36.1451775 ], [ 137.9674944, 36.1446145 ], [ 137.9673684, 36.1438025 ], [ 137.9672614, 36.1431925 ], [ 137.9671314, 36.1425165 ], [ 137.9670204, 36.1418815 ], [ 137.9669434, 36.1412775 ], [ 137.9668934, 36.1408315 ], [ 137.9668974, 36.1402835 ], [ 137.9668944, 36.1395015 ], [ 137.9669404, 36.1389685 ], [ 137.9670084, 36.1385175 ], [ 137.9671404, 36.1380175 ], [ 137.9673074, 36.1375685 ], [ 137.9674864, 36.1371735 ], [ 137.9678144, 36.1365795 ], [ 137.9680774, 36.1361545 ], [ 137.9683344, 36.1357825 ], [ 137.9686984, 36.1353085 ], [ 137.9688874, 36.1350625 ], [ 137.9692974, 36.1345455 ], [ 137.9697454, 36.1340895 ], [ 137.9701554, 36.1336995 ], [ 137.9707584, 36.1331525 ], [ 137.9712214, 36.1326895 ], [ 137.9715924, 36.1323355 ], [ 137.9718524, 36.1320635 ], [ 137.9722674, 36.1316245 ], [ 137.9725514, 36.1313195 ], [ 137.9729144, 36.1309235 ], [ 137.9733434, 36.1304385 ], [ 137.9738634, 36.1298495 ], [ 137.9741984, 36.1294405 ], [ 137.9746044, 36.1288945 ], [ 137.9749024, 36.1284845 ], [ 137.9752534, 36.1279335 ], [ 137.9756354, 36.1273715 ], [ 137.9759344, 36.1269295 ], [ 137.9762634, 36.1264145 ], [ 137.9765444, 36.1259835 ], [ 137.9768974, 36.1254405 ], [ 137.9772054, 36.1249505 ], [ 137.9775674, 36.1244195 ], [ 137.9778234, 36.1240015 ], [ 137.9783184, 36.1232345 ], [ 137.9788043, 36.1224725 ], [ 137.9791523, 36.1219375 ], [ 137.9796163, 36.1212915 ], [ 137.9800013, 36.1207145 ], [ 137.9803123, 36.1202525 ], [ 137.9805393, 36.1199145 ], [ 137.9808073, 36.1194785 ], [ 137.9810293, 36.1191265 ], [ 137.9813123, 36.1187095 ], [ 137.9815413, 36.1183445 ], [ 137.9820613, 36.1176145 ], [ 137.9823853, 36.1170925 ], [ 137.9828513, 36.1164055 ], [ 137.9831243, 36.1160335 ], [ 137.9833913, 36.1156405 ], [ 137.9837843, 36.1150375 ], [ 137.9841703, 36.1144575 ], [ 137.9845883, 36.1138285 ], [ 137.9850223, 36.1131645 ], [ 137.9854513, 36.1125355 ], [ 137.9858643, 36.1119105 ], [ 137.9861693, 36.1114095 ], [ 137.9864513, 36.1110065 ], [ 137.9869063, 36.1103015 ], [ 137.9871493, 36.1099365 ], [ 137.9875693, 36.1093165 ], [ 137.9879803, 36.1087085 ], [ 137.9882803, 36.1082375 ], [ 137.9887023, 36.1075915 ], [ 137.9891133, 36.1069755 ], [ 137.9894433, 36.1064855 ], [ 137.9897363, 36.1060385 ], [ 137.9899733, 36.1056555 ], [ 137.9905583, 36.1048755 ], [ 137.9909293, 36.1043615 ], [ 137.9912953, 36.1039185 ], [ 137.9916723, 36.1034605 ], [ 137.9918497, 36.1032605 ], [ 137.9919703, 36.1031245 ], [ 137.9923383, 36.1027205 ], [ 137.9926583, 36.1023695 ], [ 137.9930173, 36.1020205 ], [ 137.9935413, 36.1014905 ], [ 137.9939273, 36.1010895 ], [ 137.9943073, 36.1006705 ], [ 137.9947583, 36.1001755 ], [ 137.9951353, 36.0997875 ], [ 137.9954613, 36.0994445 ], [ 137.9958583, 36.0990415 ], [ 137.9961833, 36.0987285 ], [ 137.9963753, 36.0985125 ], [ 137.9967793, 36.0980125 ], [ 137.9971773, 36.0976135 ], [ 137.9975193, 36.0972235 ], [ 137.9977863, 36.0968935 ], [ 137.9981073, 36.0965155 ], [ 137.9984073, 36.0961845 ], [ 137.9987573, 36.0957895 ], [ 137.9990823, 36.0954405 ], [ 137.9994033, 36.0950535 ], [ 137.9997623, 36.0946675 ], [ 138.0002163, 36.0941445 ], [ 138.0006383, 36.0936955 ], [ 138.0010133, 36.0933355 ], [ 138.0013563, 36.0929865 ], [ 138.0016633, 36.0926585 ], [ 138.0020223, 36.0922985 ], [ 138.0023663, 36.0919815 ], [ 138.0027523, 36.0916915 ], [ 138.0031113, 36.0914545 ], [ 138.0035353, 36.0911815 ], [ 138.0038923, 36.0909755 ], [ 138.0042743, 36.0907645 ], [ 138.0048003, 36.0905065 ], [ 138.0051393, 36.0903465 ], [ 138.0055743, 36.0901785 ], [ 138.0060213, 36.0900115 ], [ 138.0064193, 36.0898735 ], [ 138.0069193, 36.0897095 ], [ 138.0075113, 36.0895615 ], [ 138.0081793, 36.0894205 ], [ 138.0087483, 36.0893015 ], [ 138.0093033, 36.0892015 ], [ 138.0099273, 36.0891085 ], [ 138.0105273, 36.0890235 ], [ 138.0111643, 36.0889385 ], [ 138.0119003, 36.0888785 ], [ 138.0131063, 36.0888005 ], [ 138.0141583, 36.0887485 ], [ 138.0148313, 36.0887565 ], [ 138.0156623, 36.0887825 ], [ 138.0168183, 36.0888045 ], [ 138.0177303, 36.0888345 ], [ 138.0185433, 36.0888865 ], [ 138.0192303, 36.0889455 ], [ 138.0205353, 36.0890785 ], [ 138.0215923, 36.0892085 ], [ 138.0223503, 36.0893315 ], [ 138.0233573, 36.0895135 ], [ 138.0244013, 36.0896505 ], [ 138.0253453, 36.0897175 ], [ 138.0262073, 36.0897466 ], [ 138.0271063, 36.0897246 ], [ 138.0277703, 36.0896836 ], [ 138.0283523, 36.0896206 ], [ 138.0289344, 36.0895196 ], [ 138.0295044, 36.0894206 ], [ 138.0308364, 36.0890416 ], [ 138.0314954, 36.0888346 ], [ 138.0322594, 36.0885156 ], [ 138.0327784, 36.0882776 ], [ 138.0332394, 36.0880476 ], [ 138.0336864, 36.0877656 ], [ 138.0343044, 36.0873616 ], [ 138.0347834, 36.0870306 ], [ 138.0351334, 36.0867176 ], [ 138.0356704, 36.0862156 ], [ 138.0361143, 36.0857576 ], [ 138.0364283, 36.0854126 ], [ 138.0368637, 36.084852 ], [ 138.0373128, 36.0842219 ], [ 138.0375101, 36.083905 ], [ 138.0375623, 36.0838117 ], [ 138.037761, 36.083481 ], [ 138.0378582, 36.0832774 ], [ 138.037863, 36.0832649 ], [ 138.0379119, 36.0831532 ], [ 138.0379383, 36.0830902 ], [ 138.0379445, 36.0830743 ], [ 138.0381052, 36.0825649 ], [ 138.0381757, 36.0823154 ], [ 138.0382108, 36.082168 ], [ 138.0382214, 36.0821235 ], [ 138.0382422, 36.0820369 ], [ 138.038253, 36.0819918 ], [ 138.038261, 36.0819583 ], [ 138.0383776, 36.0814704 ], [ 138.0384211, 36.0812711 ], [ 138.0384374, 36.0811887 ], [ 138.0384852, 36.0809913 ], [ 138.0386415, 36.0801974 ], [ 138.0388529, 36.0786926 ], [ 138.0389018, 36.0780724 ], [ 138.0389171, 36.0774513 ], [ 138.03892, 36.0773349 ], [ 138.0389262, 36.0770832 ], [ 138.0388609, 36.0764482 ], [ 138.0386987, 36.0754751 ], [ 138.0386494, 36.0752642 ], [ 138.0386285, 36.0751746 ], [ 138.0385995, 36.0750449 ], [ 138.0384147, 36.0743858 ], [ 138.0383351, 36.0741142 ], [ 138.038232, 36.07383 ], [ 138.0380251, 36.0733164 ], [ 138.0379723, 36.0731878 ], [ 138.0376881, 36.0726424 ], [ 138.0376667, 36.0726106 ], [ 138.0376301, 36.0725443 ], [ 138.0376072, 36.0725005 ], [ 138.0374453, 36.0722056 ], [ 138.0370549, 36.0713905 ], [ 138.0365647, 36.070222 ], [ 138.035946, 36.0685681 ], [ 138.0359298, 36.0685113 ], [ 138.035882, 36.0683435 ], [ 138.0355134, 36.0668736 ], [ 138.0354782, 36.0666796 ], [ 138.0354759, 36.0666669 ], [ 138.0354005, 36.0661736 ], [ 138.0353101, 36.0653235 ], [ 138.0352644, 36.0646146 ], [ 138.0353124, 36.0638376 ], [ 138.0353746, 36.0632977 ], [ 138.0354555, 36.0627767 ], [ 138.0355114, 36.0625709 ], [ 138.0358976, 36.061386 ], [ 138.0360618, 36.0610312 ], [ 138.0361434, 36.0608303 ], [ 138.0362954, 36.0605207 ], [ 138.0367514, 36.0597629 ], [ 138.0370584, 36.0592992 ], [ 138.0371886, 36.0591419 ], [ 138.0374537, 36.0588161 ], [ 138.0376215, 36.0586421 ], [ 138.0377596, 36.0584924 ], [ 138.0378072, 36.0584513 ], [ 138.0378671, 36.0583963 ], [ 138.0380461, 36.0582359 ], [ 138.0381917, 36.0581033 ], [ 138.0382663, 36.0580353 ], [ 138.0383506, 36.0579585 ], [ 138.0389834, 36.0574304 ], [ 138.0391607, 36.057288 ], [ 138.0395373, 36.0569856 ], [ 138.0396159, 36.0569224 ], [ 138.0396991, 36.0568556 ], [ 138.0402378, 36.0564229 ], [ 138.041495, 36.0553801 ], [ 138.0415592, 36.0553291 ], [ 138.0416689, 36.0552418 ], [ 138.0420216, 36.0549612 ], [ 138.0421055, 36.0548944 ], [ 138.0426471, 36.0544634 ], [ 138.0428228, 36.054321 ], [ 138.0428855, 36.0542586 ], [ 138.0430328, 36.0540833 ], [ 138.0431972, 36.0538327 ], [ 138.0432761, 36.0536684 ], [ 138.0433194, 36.0535714 ], [ 138.0433814, 36.0533902 ], [ 138.0434285, 36.0531371 ], [ 138.0434708, 36.0527979 ], [ 138.0435203, 36.0520716 ] ] } },
{ "type": "Feature", "properties": { "N12_001": "20", "N12_002": 1, "N12_003": 1, "N12_004": "中央自動車道長野線", "N12_005": 2, "N12_006": 2 }, "geometry": { "type": "LineString", "coordinates": [ [ 137.9505139, 36.1699138 ], [ 137.9504008, 36.1696815 ], [ 137.9502986, 36.1694718 ], [ 137.9502594, 36.1693914 ], [ 137.9501883, 36.1690803 ], [ 137.9501579, 36.168977 ], [ 137.9501594, 36.1689039 ], [ 137.9502276, 36.1687282 ], [ 137.9502838, 36.1685877 ], [ 137.9505999, 36.1683335 ], [ 137.9508723, 36.1681369 ], [ 137.9511573, 36.1680341 ], [ 137.951331, 36.1679768 ], [ 137.9515789, 36.1679191 ], [ 137.9517359, 36.1678874 ], [ 137.9521669, 36.1677914 ], [ 137.9527658, 36.1678557 ], [ 137.9531403, 36.1679726 ], [ 137.9533702, 36.1680778 ], [ 137.9535675, 36.1681595 ], [ 137.9537984, 36.1682288 ], [ 137.9540545, 36.1682755 ] ] } },
{ "type": "Feature", "properties": { "N12_001": "20", "N12_002": 1, "N12_003": 1, "N12_004": "関越自動車道上越線", "N12_005": 3, "N12_006": 1 }, "geometry": { "type": "LineString", "coordinates": [ [ 138.6034972, 36.2740925 ], [ 138.6021148, 36.2737437 ], [ 138.6009088, 36.2734447 ], [ 138.5997248, 36.2731697 ], [ 138.5982348, 36.2728417 ], [ 138.5965588, 36.2724017 ], [ 138.5948678, 36.2719917 ], [ 138.5937338, 36.2717227 ], [ 138.5910378, 36.2710487 ], [ 138.5899968, 36.2707557 ], [ 138.5886058, 36.2703927 ], [ 138.5871218, 36.2700177 ], [ 138.5847258, 36.2694257 ], [ 138.5821508, 36.2687757 ], [ 138.5800328, 36.2682477 ], [ 138.5785418, 36.2678787 ], [ 138.5776288, 36.2676617 ], [ 138.5766308, 36.2674917 ], [ 138.5757678, 36.2673337 ], [ 138.5749398, 36.2672757 ], [ 138.5731568, 36.2671877 ], [ 138.5725008, 36.2672167 ], [ 138.5718728, 36.2672757 ], [ 138.5712308, 36.2673687 ], [ 138.5703188, 36.2675507 ], [ 138.5699188, 36.2676617 ], [ 138.5690918, 36.2679077 ], [ 138.5682788, 36.2682007 ], [ 138.5677718, 36.2683947 ], [ 138.5669448, 36.2687757 ], [ 138.5662388, 36.2691617 ], [ 138.5656038, 36.2695667 ], [ 138.5649978, 36.2699297 ], [ 138.5643558, 36.2703167 ], [ 138.5636998, 36.2706797 ], [ 138.5629358, 36.2710367 ], [ 138.5619587, 36.2713707 ], [ 138.5612817, 36.2715527 ], [ 138.5608887, 36.2716517 ], [ 138.5599687, 36.2718047 ], [ 138.5591777, 36.2718807 ], [ 138.5584427, 36.2719217 ], [ 138.5575017, 36.2718987 ], [ 138.5562247, 36.2717397 ], [ 138.5552907, 36.2715697 ], [ 138.5544917, 36.2713297 ], [ 138.5538707, 36.2710957 ], [ 138.5530297, 36.2706677 ], [ 138.5521947, 36.2702637 ], [ 138.5514317, 36.2699587 ], [ 138.5507967, 36.2697417 ], [ 138.5501547, 36.2695307 ], [ 138.5496917, 36.2694077 ], [ 138.5489997, 36.2692497 ], [ 138.5482007, 36.2691387 ], [ 138.5473737, 36.2690737 ], [ 138.5464957, 36.2690507 ], [ 138.5453407, 36.2690037 ], [ 138.5435427, 36.2689807 ], [ 138.5416107, 36.2689687 ], [ 138.5395707, 36.2690097 ], [ 138.5369737, 36.2690217 ], [ 138.5348847, 36.2690567 ], [ 138.5336217, 36.2690737 ], [ 138.5313607, 36.2690797 ], [ 138.5292137, 36.2690797 ], [ 138.5280947, 36.2691097 ], [ 138.5265897, 36.2691737 ], [ 138.5253907, 36.2693557 ], [ 138.5249057, 36.2694547 ], [ 138.5243357, 36.2696187 ], [ 138.5237077, 36.2698127 ], [ 138.5230087, 36.2700587 ], [ 138.5222527, 36.2704097 ], [ 138.5216467, 36.2706967 ], [ 138.5211687, 36.2709847 ], [ 138.5207197, 36.2713067 ], [ 138.5202847, 36.2716347 ], [ 138.5194927, 36.2722437 ], [ 138.5185437, 36.2729587 ], [ 138.5175737, 36.2737147 ], [ 138.5168177, 36.2743067 ], [ 138.5155197, 36.2751447 ], [ 138.5142426, 36.2757887 ], [ 138.5129206, 36.2763337 ], [ 138.5115896, 36.2767447 ], [ 138.5109196, 36.2769197 ], [ 138.5098996, 36.2771717 ], [ 138.5089796, 36.2773947 ], [ 138.5082306, 36.2775527 ], [ 138.5068396, 36.2778157 ], [ 138.5056416, 36.2779857 ], [ 138.5039586, 36.2782147 ], [ 138.5027386, 36.2783667 ], [ 138.5016046, 36.2785077 ], [ 138.5002996, 36.2786367 ], [ 138.4991936, 36.2787657 ], [ 138.4981596, 36.2789177 ], [ 138.4971256, 36.2791047 ], [ 138.4965756, 36.2792457 ], [ 138.4957916, 36.2794917 ], [ 138.4947926, 36.2797907 ], [ 138.4934736, 36.2801537 ], [ 138.4920466, 36.2805527 ], [ 138.4910196, 36.2809277 ], [ 138.4901636, 36.2812557 ], [ 138.4892086, 36.2817187 ], [ 138.4882526, 36.2822457 ], [ 138.4878036, 36.2825267 ], [ 138.4871966, 36.2829667 ], [ 138.4866266, 36.2834407 ], [ 138.4858777, 36.2841557 ], [ 138.484894, 36.2852431 ], [ 138.4847332, 36.2854319 ], [ 138.4843437, 36.2859017 ], [ 138.4839157, 36.2866457 ], [ 138.4837177, 36.2870647 ], [ 138.4833317, 36.2878297 ], [ 138.4829537, 36.2886497 ], [ 138.4827247, 36.2892887 ], [ 138.4825187, 36.2899097 ], [ 138.4821187, 36.2911807 ], [ 138.4817047, 36.2927277 ], [ 138.4814837, 36.2936537 ], [ 138.4813057, 36.2947497 ], [ 138.4812047, 36.2955657 ], [ 138.4811057, 36.2963667 ], [ 138.4810207, 36.2972867 ], [ 138.4810287, 36.2986277 ], [ 138.4810377, 36.2998637 ], [ 138.4810507, 36.3004187 ], [ 138.4810627, 36.3012357 ], [ 138.4810988, 36.3024547 ], [ 138.4811418, 36.3033277 ], [ 138.4811548, 36.3038837 ], [ 138.4811698, 36.3045457 ], [ 138.4811848, 36.3054717 ], [ 138.4811918, 36.3065327 ], [ 138.4811918, 36.3072707 ], [ 138.4811918, 36.3079677 ], [ 138.4811418, 36.3084957 ], [ 138.4811338, 36.3085777 ], [ 138.4810918, 36.3090407 ], [ 138.4810278, 36.3095027 ], [ 138.4808498, 36.3105807 ], [ 138.4808068, 36.3108037 ], [ 138.4807488, 36.3111057 ], [ 138.4806898, 36.3114077 ], [ 138.4806708, 36.3115067 ], [ 138.4805798, 36.3118277 ], [ 138.4804218, 36.3123857 ], [ 138.4801508, 36.3134287 ], [ 138.4798078, 36.3143957 ], [ 138.4794938, 36.3151747 ], [ 138.4791728, 36.3159427 ], [ 138.4787238, 36.3168567 ], [ 138.4780999, 36.3179687 ], [ 138.4775609, 36.3188307 ], [ 138.4768199, 36.3199857 ], [ 138.4762209, 36.3207297 ], [ 138.4756499, 36.3213097 ], [ 138.4749719, 36.3218957 ], [ 138.4740879, 36.3225577 ], [ 138.4730469, 36.3231497 ], [ 138.4721049, 36.3236417 ], [ 138.4713129, 36.3239987 ], [ 138.4703649, 36.3244327 ], [ 138.4691739, 36.3249127 ], [ 138.4679039, 36.3253877 ], [ 138.4672839, 36.3255927 ], [ 138.4661779, 36.3259327 ], [ 138.4641669, 36.3265357 ], [ 138.4626189, 36.3269757 ], [ 138.4614919, 36.3273037 ], [ 138.4604649, 36.3275847 ], [ 138.4594809, 36.3278777 ], [ 138.4576759, 36.3283997 ], [ 138.4557079, 36.3289557 ], [ 138.4545589, 36.3292897 ], [ 138.4534039, 36.3296237 ], [ 138.4521559, 36.3299697 ], [ 138.4510999, 36.3303267 ], [ 138.4503439, 36.3306497 ], [ 138.4497309, 36.3309247 ], [ 138.4490959, 36.3312467 ], [ 138.4481759, 36.3317567 ], [ 138.4475839, 36.3321547 ], [ 138.4466569, 36.3328577 ], [ 138.4458579, 36.3335087 ], [ 138.4454089, 36.3338837 ], [ 138.4444309, 36.3346807 ], [ 138.443904, 36.3351077 ], [ 138.443069, 36.3358057 ], [ 138.441999, 36.3366607 ], [ 138.44083, 36.3376507 ], [ 138.439774, 36.3384777 ], [ 138.439068, 36.3390277 ], [ 138.438383, 36.3395377 ], [ 138.437698, 36.3399657 ], [ 138.436757, 36.3405107 ], [ 138.436051, 36.3408857 ], [ 138.435145, 36.3413247 ], [ 138.434574, 36.3415767 ], [ 138.433526, 36.3420106 ], [ 138.43277, 36.3422976 ], [ 138.431622, 36.3426896 ], [ 138.430773, 36.3429596 ], [ 138.429596, 36.3432876 ], [ 138.428405, 36.3435626 ], [ 138.427228, 36.3438556 ], [ 138.426301, 36.3440436 ], [ 138.424896, 36.3442716 ], [ 138.423305, 36.3444946 ], [ 138.421943, 36.3446706 ], [ 138.420053, 36.3448756 ], [ 138.41909, 36.3449636 ], [ 138.417906, 36.3450456 ], [ 138.416166, 36.3451686 ], [ 138.415509, 36.3452096 ], [ 138.41419, 36.3453146 ], [ 138.412728, 36.3454146 ], [ 138.411622, 36.3454906 ], [ 138.410538, 36.3455846 ], [ 138.409547, 36.3456426 ], [ 138.408427, 36.3457246 ], [ 138.407456, 36.3457966 ], [ 138.4074122, 36.3458001 ], [ 138.406444, 36.3458776 ], [ 138.405118, 36.3459946 ], [ 138.404133, 36.3460946 ], [ 138.403023, 36.3461876 ], [ 138.401972, 36.3463106 ], [ 138.400738, 36.3465216 ], [ 138.399583, 36.3467216 ], [ 138.397671, 36.3470496 ], [ 138.396473, 36.3473066 ], [ 138.395524, 36.3475236 ], [ 138.394497, 36.3477816 ], [ 138.393677, 36.3479926 ], [ 138.393085, 36.3481686 ], [ 138.391958, 36.3485136 ], [ 138.391174, 36.3487656 ], [ 138.390111, 36.3491296 ], [ 138.389105, 36.3495106 ], [ 138.38755, 36.3501136 ], [ 138.386309, 36.3505936 ], [ 138.385475, 36.3509636 ], [ 138.385446, 36.3509756 ], [ 138.384683, 36.3513026 ], [ 138.383164, 36.3519296 ], [ 138.382845, 36.3520606 ], [ 138.3820659, 36.3523816 ], [ 138.3818269, 36.3524705 ], [ 138.3812529, 36.3526855 ], [ 138.3806389, 36.3529205 ], [ 138.3799829, 36.3531665 ], [ 138.3787059, 36.3535645 ], [ 138.3778289, 36.3538345 ], [ 138.3766659, 36.3541915 ], [ 138.3757889, 36.3544495 ], [ 138.3743059, 36.3548715 ], [ 138.3736209, 36.3550585 ], [ 138.3720949, 36.3554865 ], [ 138.3708749, 36.3558325 ], [ 138.3698619, 36.3561195 ], [ 138.3682999, 36.3565525 ], [ 138.3675649, 36.3567575 ], [ 138.3669589, 36.3569455 ], [ 138.3660819, 36.3572205 ], [ 138.3653119, 36.3574665 ], [ 138.3645769, 36.3577305 ], [ 138.3635069, 36.3580995 ], [ 138.3624439, 36.3584685 ], [ 138.3614389, 36.3588485 ], [ 138.3605319, 36.3592255 ], [ 138.3595559, 36.3596235 ], [ 138.3586859, 36.3600505 ], [ 138.3585102, 36.3601302 ], [ 138.3577799, 36.3604615 ], [ 138.3568949, 36.3608945 ], [ 138.3560039, 36.3613515 ], [ 138.3552049, 36.3618265 ], [ 138.3543279, 36.3624065 ], [ 138.3536069, 36.3630975 ], [ 138.3530009, 36.3637015 ], [ 138.3525369, 36.3641815 ], [ 138.3521379, 36.3646095 ], [ 138.3515959, 36.3652535 ], [ 138.3508329, 36.3661735 ], [ 138.3503479, 36.3668125 ], [ 138.3497269, 36.3676215 ], [ 138.3491849, 36.3684235 ], [ 138.3487069, 36.3692034 ], [ 138.348044, 36.3705684 ], [ 138.347457, 36.3717214 ], [ 138.3470302, 36.372579 ], [ 138.347027, 36.3725854 ], [ 138.346475, 36.3737554 ], [ 138.346011, 36.3746634 ], [ 138.345705, 36.3751614 ], [ 138.34527, 36.3757004 ], [ 138.344449, 36.3765214 ], [ 138.343615, 36.3771954 ], [ 138.34293, 36.3777104 ], [ 138.342445, 36.3780324 ], [ 138.341739, 36.3784784 ], [ 138.34099, 36.3789114 ], [ 138.340006, 36.3793804 ], [ 138.338957, 36.3797904 ], [ 138.33813, 36.3800774 ], [ 138.336975, 36.3804174 ], [ 138.335926, 36.3806524 ], [ 138.334892, 36.3808684 ], [ 138.333793, 36.3810794 ], [ 138.332816, 36.3812324 ], [ 138.331818, 36.3813904 ], [ 138.330805, 36.3815254 ], [ 138.329771, 36.3816484 ], [ 138.3285149, 36.3817824 ], [ 138.3274239, 36.3818534 ], [ 138.3263539, 36.3819054 ], [ 138.3253059, 36.3819934 ], [ 138.3242289, 36.3821344 ], [ 138.3231519, 36.3823274 ], [ 138.3221319, 36.3825854 ], [ 138.3210759, 36.3828964 ], [ 138.3201279, 36.3832944 ], [ 138.3191929, 36.3837514 ], [ 138.3182949, 36.3842674 ], [ 138.3173459, 36.3849414 ], [ 138.3165039, 36.3856094 ], [ 138.3157409, 36.3863124 ], [ 138.3150989, 36.3871204 ], [ 138.3148399, 36.3874774 ], [ 138.3147919, 36.3875434 ], [ 138.3145719, 36.3879114 ], [ 138.3140869, 36.3887904 ], [ 138.3136929, 36.3896744 ], [ 138.3134269, 36.3905734 ], [ 138.3132519, 36.3915154 ], [ 138.3131519, 36.3924814 ], [ 138.3130449, 36.3934194 ], [ 138.3129729, 36.3942874 ], [ 138.3129449, 36.3952124 ], [ 138.3128989, 36.3961304 ], [ 138.3128309, 36.3970344 ], [ 138.3127679, 36.3979584 ], [ 138.312646, 36.3988744 ], [ 138.312446, 36.3998764 ], [ 138.312268, 36.4007664 ], [ 138.312068, 36.4016224 ], [ 138.311954, 36.4020944 ], [ 138.31181, 36.4025094 ], [ 138.311647, 36.4029114 ], [ 138.311405, 36.4033274 ], [ 138.310884, 36.4041024 ], [ 138.310328, 36.4048564 ], [ 138.309679, 36.4056304 ], [ 138.309108, 36.4063214 ], [ 138.308445, 36.4069894 ], [ 138.30761, 36.4076514 ], [ 138.306719, 36.4082254 ], [ 138.305699, 36.4087414 ], [ 138.30465, 36.4091574 ], [ 138.303545, 36.4094914 ], [ 138.3024389, 36.4097254 ], [ 138.3012979, 36.4098424 ], [ 138.3001639, 36.4098844 ], [ 138.2989519, 36.4098664 ], [ 138.2978099, 36.4097664 ], [ 138.2967119, 36.4096264 ], [ 138.2955989, 36.4094974 ], [ 138.2949079, 36.4094324 ], [ 138.2943369, 36.4094034 ], [ 138.2931459, 36.4094094 ], [ 138.2922039, 36.4094214 ], [ 138.2913979, 36.4094854 ], [ 138.2906849, 36.4095734 ], [ 138.2900289, 36.4096614 ], [ 138.2892589, 36.4098074 ], [ 138.2887309, 36.4099894 ], [ 138.2881529, 36.4102294 ], [ 138.2879952, 36.4103166 ], [ 138.2877389, 36.4104584 ], [ 138.2870549, 36.4109034 ], [ 138.2863199, 36.4114544 ], [ 138.2855569, 36.4120634 ], [ 138.2850429, 36.4124734 ], [ 138.2841769, 36.4131894 ], [ 138.2834669, 36.4138914 ], [ 138.2826749, 36.4147234 ], [ 138.2820909, 36.4154154 ], [ 138.2816199, 36.4159424 ], [ 138.2809779, 36.4166864 ], [ 138.2805569, 36.4171614 ], [ 138.2801509, 36.4175884 ], [ 138.2798009, 36.4179114 ], [ 138.2793949, 36.4182394 ], [ 138.2788309, 36.4186374 ], [ 138.2784959, 36.4188254 ], [ 138.2780179, 36.4191124 ], [ 138.2776969, 36.4192704 ], [ 138.2768129, 36.4196634 ], [ 138.2756079, 36.4201454 ], [ 138.2734559, 36.4208794 ], [ 138.2715749, 36.4213854 ], [ 138.2691069, 36.4219344 ], [ 138.2662968, 36.4224104 ], [ 138.2639508, 36.4226794 ], [ 138.2620388, 36.4229704 ], [ 138.2594218, 36.4234564 ], [ 138.2585378, 36.4236444 ], [ 138.2577268, 36.4238314 ], [ 138.2553468, 36.4245734 ], [ 138.2527058, 36.4255044 ], [ 138.2485658, 36.4270654 ], [ 138.2450448, 36.4284324 ], [ 138.2403488, 36.4302624 ], [ 138.2364548, 36.4317414 ], [ 138.2361518, 36.4318564 ], [ 138.2331808, 36.4330084 ], [ 138.2288148, 36.4347344 ], [ 138.2245778, 36.4364804 ], [ 138.2224658, 36.4375344 ], [ 138.2213447, 36.4381734 ], [ 138.2198497, 36.4391334 ], [ 138.2172877, 36.4410264 ], [ 138.2162577, 36.4416994 ], [ 138.2154027, 36.4422334 ], [ 138.2148457, 36.4425714 ], [ 138.2145177, 36.4427484 ], [ 138.2135547, 36.4431994 ], [ 138.2126917, 36.4434984 ], [ 138.2121637, 36.4437034 ], [ 138.2116717, 36.4438564 ], [ 138.2107237, 36.4441374 ], [ 138.2099457, 36.4443774 ], [ 138.2093107, 36.4445654 ], [ 138.2083697, 36.4448814 ], [ 138.2077637, 36.4451274 ], [ 138.2069997, 36.4454824 ], [ 138.2063587, 36.4458244 ], [ 138.2057017, 36.4462174 ], [ 138.2050527, 36.4466914 ], [ 138.2044449, 36.4471379 ], [ 138.2043257, 36.4472254 ], [ 138.2038767, 36.4476354 ], [ 138.2033627, 36.4481504 ], [ 138.2026497, 36.4489824 ], [ 138.2022147, 36.4495984 ], [ 138.2016937, 36.4505064 ], [ 138.2014867, 36.4509394 ], [ 138.2011657, 36.4516724 ], [ 138.2009238, 36.4524044 ], [ 138.2007668, 36.4532074 ], [ 138.2006098, 36.4540334 ], [ 138.2005098, 36.4549824 ], [ 138.2004238, 36.4556504 ], [ 138.2002888, 36.4564354 ], [ 138.2001388, 36.4571334 ], [ 138.1999538, 36.4577894 ], [ 138.1997608, 36.4583164 ], [ 138.1993758, 36.4591074 ], [ 138.1989618, 36.4598404 ], [ 138.1986558, 36.4604904 ], [ 138.1984768, 36.4609944 ], [ 138.1983168, 36.4614734 ], [ 138.1981778, 36.4619964 ], [ 138.1979988, 36.4629694 ], [ 138.1978918, 36.4641114 ], [ 138.1980068, 36.4653244 ], [ 138.1981488, 36.4662734 ], [ 138.1982488, 36.4671114 ], [ 138.1982848, 36.4680254 ], [ 138.1982058, 36.4688514 ], [ 138.1981578, 36.4694184 ], [ 138.1979028, 36.4705054 ], [ 138.1975888, 36.4713554 ], [ 138.1971918, 36.4721004 ], [ 138.1966578, 36.4729374 ], [ 138.1961108, 36.4736594 ], [ 138.1956528, 36.4741874 ], [ 138.1946728, 36.4752014 ], [ 138.1920249, 36.4778574 ], [ 138.1899089, 36.4799664 ], [ 138.1877789, 36.4820773 ], [ 138.1851379, 36.4846573 ], [ 138.1819419, 36.4878003 ], [ 138.1817499, 36.4879853 ], [ 138.1799399, 36.4897243 ], [ 138.1765609, 36.4930363 ], [ 138.1730219, 36.4965653 ], [ 138.1683999, 36.5011683 ], [ 138.1677379, 36.5018423 ], [ 138.1652709, 36.5042683 ], [ 138.1636109, 36.5056003 ], [ 138.161402, 36.5073363 ], [ 138.159901, 36.5083443 ], [ 138.156304, 36.5105553 ], [ 138.152198, 36.5130403 ], [ 138.150362, 36.5142213 ], [ 138.147664, 36.5162523 ], [ 138.146557, 36.5172903 ], [ 138.145372, 36.5185773 ], [ 138.144279, 36.5198463 ], [ 138.14309, 36.5216903 ], [ 138.142386, 36.5230233 ], [ 138.141796, 36.5246453 ], [ 138.141248, 36.5266783 ], [ 138.140995, 36.5283913 ], [ 138.1403981, 36.5329993 ], [ 138.1402841, 36.5340943 ], [ 138.1401201, 36.5361333 ], [ 138.1399701, 36.5378623 ], [ 138.1397991, 36.5394383 ], [ 138.1395781, 36.5413893 ], [ 138.1393851, 36.5431823 ], [ 138.1392071, 36.5449113 ], [ 138.1392431, 36.5457073 ], [ 138.1393506, 36.5463117 ], [ 138.1393921, 36.5465453 ], [ 138.1396631, 36.5472723 ], [ 138.1400061, 36.5480513 ], [ 138.1406898, 36.5492393 ], [ 138.1408832, 36.5495753 ], [ 138.1411902, 36.5504123 ], [ 138.1414682, 36.5517133 ], [ 138.1416482, 36.5529163 ], [ 138.1426382, 36.5531763 ], [ 138.1440582, 36.5535783 ], [ 138.1452542, 36.5539123 ], [ 138.1480462, 36.5547333 ], [ 138.1489141, 36.5549863 ], [ 138.1499672, 36.5552933 ], [ 138.1530682, 36.5562313 ], [ 138.1542252, 36.5565613 ], [ 138.1550232, 36.5567903 ], [ 138.1563852, 36.5571403 ], [ 138.1573752, 36.5573373 ], [ 138.1585512, 36.5575353 ], [ 138.1588142, 36.5575783 ], [ 138.1619072, 36.5580823 ], [ 138.1631462, 36.5583133 ], [ 138.1640192, 36.5585133 ], [ 138.1652292, 36.5589353 ], [ 138.1664682, 36.5595153 ], [ 138.1676102, 36.5601713 ], [ 138.1687222, 36.5609073 ], [ 138.1696192, 36.5616603 ], [ 138.1701722, 36.5621273 ], [ 138.1708882, 36.5626263 ], [ 138.1717842, 36.5631133 ], [ 138.1727792, 36.5634913 ], [ 138.1735382, 36.5636723 ], [ 138.1744002, 36.5638133 ], [ 138.1748916, 36.5638759 ], [ 138.1752242, 36.5639183 ], [ 138.1760372, 36.5639463 ], [ 138.1771732, 36.5639463 ], [ 138.1782462, 36.5638743 ], [ 138.1788832, 36.5638293 ], [ 138.1801232, 36.5637973 ], [ 138.1812652, 36.5638703 ], [ 138.1825332, 36.5640433 ], [ 138.1837143, 36.5643003 ], [ 138.1845323, 36.5645423 ], [ 138.1851843, 36.5648033 ], [ 138.1858653, 36.5651543 ], [ 138.1866443, 36.5655963 ], [ 138.1874723, 36.5661513 ], [ 138.1880103, 36.5665393 ], [ 138.1884453, 36.5669042 ], [ 138.1890903, 36.5673882 ], [ 138.1899713, 36.5679992 ], [ 138.1904463, 36.5683132 ], [ 138.1911073, 36.5686472 ], [ 138.1918523, 36.5689852 ], [ 138.1928223, 36.5693842 ], [ 138.1939053, 36.5698182 ], [ 138.1949093, 36.5702492 ], [ 138.1954433, 36.5705312 ], [ 138.1957673, 36.5706922 ], [ 138.1966003, 36.5711632 ], [ 138.1976143, 36.5717952 ], [ 138.1983983, 36.5723622 ], [ 138.1989373, 36.5728012 ], [ 138.199342, 36.5731558 ], [ 138.1997453, 36.5735092 ], [ 138.2002743, 36.5740692 ], [ 138.2008723, 36.5747852 ], [ 138.2011003, 36.5750732 ], [ 138.2016363, 36.5759402 ], [ 138.2022293, 36.5769382 ], [ 138.2029743, 36.5781342 ], [ 138.2032338, 36.5785217 ], [ 138.2035323, 36.5789672 ], [ 138.2038713, 36.5794202 ], [ 138.2044443, 36.5800982 ], [ 138.2048993, 36.5805692 ], [ 138.2054233, 36.5810562 ], [ 138.2062273, 36.5816882 ], [ 138.2067903, 36.5820982 ], [ 138.2074624, 36.5825292 ], [ 138.2081974, 36.5829272 ], [ 138.2091674, 36.5833862 ], [ 138.2100834, 36.5838212 ], [ 138.2110194, 36.5842442 ], [ 138.2118964, 36.5846262 ], [ 138.2129054, 36.5851732 ], [ 138.2137824, 36.5857212 ], [ 138.2142724, 36.5860752 ], [ 138.2147864, 36.5865172 ], [ 138.2149634, 36.5866702 ], [ 138.2152674, 36.5869662 ], [ 138.2156694, 36.5873772 ], [ 138.2163004, 36.5880912 ], [ 138.2168594, 36.5887592 ], [ 138.2174174, 36.5894842 ], [ 138.2179324, 36.5901682 ], [ 138.2184414, 36.5907282 ], [ 138.2188924, 36.5912512 ], [ 138.2194804, 36.5918022 ], [ 138.2202394, 36.5923702 ], [ 138.2209844, 36.5928412 ], [ 138.2217044, 36.5932312 ], [ 138.2225084, 36.5935852 ], [ 138.2240314, 36.5941692 ], [ 138.2250414, 36.5944592 ], [ 138.2263004, 36.5947522 ], [ 138.2273974, 36.5949862 ], [ 138.2294804, 36.5953922 ], [ 138.2308964, 36.5957352 ], [ 138.2320864, 36.5961012 ], [ 138.2339334, 36.5966842 ], [ 138.2349874, 36.5970672 ], [ 138.2362164, 36.5976342 ], [ 138.2374074, 36.5982422 ], [ 138.2382205, 36.5987052 ], [ 138.2390245, 36.5991842 ], [ 138.2401655, 36.5999692 ], [ 138.2414495, 36.6008782 ], [ 138.2425565, 36.6016752 ], [ 138.2436985, 36.6026052 ], [ 138.2445655, 36.6033542 ], [ 138.2452805, 36.6040422 ], [ 138.2459125, 36.6046902 ], [ 138.2462895, 36.6050322 ], [ 138.2471135, 36.6058452 ], [ 138.2478185, 36.6064892 ], [ 138.2485585, 36.6071132 ], [ 138.2491515, 36.6075682 ], [ 138.2501455, 36.6082722 ], [ 138.2507535, 36.6086912 ], [ 138.2517185, 36.6093432 ], [ 138.2525125, 36.6099182 ], [ 138.2534435, 36.6105862 ], [ 138.2541145, 36.6110892 ], [ 138.2548785, 36.6116532 ], [ 138.2556575, 36.6122692 ], [ 138.2563775, 36.6128802 ], [ 138.2569515, 36.6133882 ], [ 138.2575975, 36.6139632 ], [ 138.2586075, 36.6147962 ], [ 138.2594796, 36.6154642 ], [ 138.2601556, 36.6159272 ], [ 138.2606256, 36.6162252 ], [ 138.2614686, 36.6166162 ], [ 138.2624926, 36.6170342 ], [ 138.2638156, 36.6175012 ], [ 138.2650846, 36.6178832 ], [ 138.2664366, 36.6183142 ], [ 138.2669756, 36.6185192 ], [ 138.2680386, 36.6189302 ], [ 138.2687096, 36.6192042 ], [ 138.2702136, 36.6199882 ], [ 138.2709146, 36.6204112 ], [ 138.2713896, 36.6207652 ], [ 138.2718946, 36.6212122 ], [ 138.2722426, 36.6215502 ], [ 138.2725656, 36.6219322 ], [ 138.2728646, 36.6223232 ], [ 138.2731586, 36.6227622 ], [ 138.2733246, 36.6230752 ], [ 138.2735556, 36.6236432 ], [ 138.2737166, 36.6242232 ], [ 138.2738396, 36.6248022 ], [ 138.2739076, 36.6253822 ], [ 138.2739276, 36.6257762 ], [ 138.2739476, 36.6265092 ], [ 138.2738786, 36.6271852 ], [ 138.2738056, 36.6278292 ], [ 138.2734746, 36.6295672 ], [ 138.2733696, 36.6302282 ], [ 138.2733006, 36.6308192 ], [ 138.2732516, 36.6316442 ], [ 138.2732466, 36.6324132 ], [ 138.2733056, 36.6330572 ], [ 138.2733837, 36.6336472 ], [ 138.2734327, 36.6340192 ], [ 138.2734817, 36.6343912 ], [ 138.2734856, 36.6344099 ], [ 138.2736117, 36.6350072 ], [ 138.2736977, 36.6354882 ], [ 138.2739767, 36.6364822 ], [ 138.2742657, 36.6373242 ], [ 138.2745307, 36.6379112 ], [ 138.2749717, 36.6388212 ], [ 138.2754127, 36.6395692 ], [ 138.2759367, 36.6403262 ], [ 138.2765197, 36.6411112 ], [ 138.2770977, 36.6418922 ], [ 138.2777497, 36.6428052 ], [ 138.2782977, 36.6435862 ], [ 138.2786267, 36.6441422 ], [ 138.2788267, 36.6445722 ], [ 138.2790577, 36.6450352 ], [ 138.2792587, 36.6455422 ], [ 138.2794547, 36.6460942 ], [ 138.2795967, 36.6466772 ], [ 138.2797487, 36.6472492 ], [ 138.2798997, 36.6479692 ], [ 138.2800427, 36.6488472 ], [ 138.2801747, 36.6495392 ], [ 138.2802677, 36.6502192 ], [ 138.2803607, 36.6508352 ], [ 138.2804787, 36.6514992 ], [ 138.2806448, 36.6524372 ], [ 138.2807678, 36.6532302 ], [ 138.2809288, 36.6541152 ], [ 138.2811008, 36.6549732 ], [ 138.2812768, 36.6558862 ], [ 138.2814033, 36.6565479 ], [ 138.2816098, 36.6575522 ], [ 138.2817668, 36.6580962 ], [ 138.2820218, 36.6592032 ], [ 138.2822328, 36.6600762 ], [ 138.2825068, 36.6611022 ], [ 138.2828348, 36.6623222 ], [ 138.2830608, 36.6632072 ], [ 138.2832468, 36.6640162 ], [ 138.2833688, 36.6647012 ], [ 138.2835058, 36.6655622 ], [ 138.2836238, 36.6665282 ], [ 138.2837118, 36.6672322 ], [ 138.2838128, 36.6676712 ], [ 138.2840159, 36.6684122 ], [ 138.2841869, 36.6689392 ], [ 138.2843739, 36.6693782 ], [ 138.2846039, 36.6697881 ], [ 138.2848639, 36.6702271 ], [ 138.2853529, 36.6709191 ], [ 138.2857649, 36.6714261 ], [ 138.2861519, 36.6718131 ], [ 138.2868379, 36.6725531 ], [ 138.2873619, 36.6730801 ], [ 138.2876859, 36.6734311 ], [ 138.2882149, 36.6740261 ], [ 138.2887829, 36.6748961 ], [ 138.2890919, 36.6754111 ], [ 138.2893219, 36.6758331 ], [ 138.2895419, 36.6763451 ], [ 138.2897479, 36.6768801 ], [ 138.2899389, 36.6775161 ], [ 138.2901209, 36.6782241 ], [ 138.2902239, 36.6787471 ], [ 138.2903409, 36.6794281 ], [ 138.290473, 36.6802081 ], [ 138.29062, 36.6810301 ], [ 138.290833, 36.6820341 ], [ 138.291066, 36.6831751 ], [ 138.291301, 36.6841421 ], [ 138.291581, 36.6850751 ], [ 138.291791, 36.6859401 ], [ 138.291936, 36.6863891 ], [ 138.292061, 36.6867771 ], [ 138.292262, 36.6872761 ], [ 138.292595, 36.6882141 ], [ 138.292833, 36.6887551 ], [ 138.29306, 36.6893131 ], [ 138.293364, 36.6901261 ], [ 138.293722, 36.6909551 ], [ 138.293947, 36.6914541 ], [ 138.294138, 36.6918681 ], [ 138.294481, 36.6925731 ], [ 138.2948041, 36.6931731 ], [ 138.2951521, 36.6937841 ], [ 138.2954071, 36.6942111 ], [ 138.2956721, 36.6946621 ], [ 138.2960541, 36.6952171 ], [ 138.2964311, 36.6958371 ], [ 138.2968521, 36.6964411 ], [ 138.2973131, 36.6971091 ], [ 138.2977391, 36.6977131 ], [ 138.2981751, 36.6983321 ], [ 138.2987781, 36.6991091 ], [ 138.2993411, 36.6998621 ], [ 138.2999101, 36.7005461 ], [ 138.3005421, 36.7013431 ], [ 138.301149, 36.7020183 ], [ 138.3012621, 36.7021441 ], [ 138.3016691, 36.7025671 ], [ 138.3022071, 36.7030741 ], [ 138.3027371, 36.7035771 ], [ 138.3033252, 36.7041561 ], [ 138.3036582, 36.7044901 ], [ 138.3042212, 36.7050501 ], [ 138.3048632, 36.7057181 ], [ 138.3055242, 36.7064141 ], [ 138.3061712, 36.7071511 ], [ 138.3065532, 36.7075861 ], [ 138.3071222, 36.7082541 ], [ 138.3075332, 36.7087691 ], [ 138.3080622, 36.7094651 ], [ 138.3086552, 36.7102541 ], [ 138.3092092, 36.7110591 ], [ 138.3097482, 36.7118281 ], [ 138.3103262, 36.7126371 ], [ 138.3108502, 36.7134821 ], [ 138.3113152, 36.7142431 ], [ 138.3118542, 36.7151281 ], [ 138.3123203, 36.7159651 ], [ 138.3125803, 36.7165011 ], [ 138.3127563, 36.7168831 ], [ 138.3130693, 36.7176721 ], [ 138.3132853, 36.7182511 ], [ 138.3134813, 36.7187831 ], [ 138.3137113, 36.7194351 ], [ 138.3140543, 36.7203281 ], [ 138.3143873, 36.7212621 ], [ 138.3146963, 36.7220511 ], [ 138.3149663, 36.7227511 ], [ 138.3151863, 36.7233081 ], [ 138.3152303, 36.7234191 ], [ 138.3155493, 36.7243091 ], [ 138.3159363, 36.7252711 ], [ 138.3162983, 36.7262011 ], [ 138.3165923, 36.7271421 ], [ 138.3167983, 36.7277861 ], [ 138.3170433, 36.7286201 ], [ 138.3173903, 36.7298771 ], [ 138.3175924, 36.7306761 ], [ 138.3176994, 36.7311551 ], [ 138.3178274, 36.7318031 ], [ 138.3179169, 36.7325046 ], [ 138.3179844, 36.7333731 ], [ 138.3180034, 36.7341261 ], [ 138.3180134, 36.7350791 ], [ 138.3179744, 36.7356871 ], [ 138.3179104, 36.7364201 ], [ 138.3177584, 36.7371161 ], [ 138.3175574, 36.7378531 ], [ 138.3173474, 36.7383401 ], [ 138.3170874, 36.7389431 ], [ 138.3167244, 36.7396151 ], [ 138.3163284, 36.7403001 ], [ 138.3159704, 36.7407631 ], [ 138.3155444, 36.7413061 ], [ 138.3150644, 36.7418691 ], [ 138.3145744, 36.7423731 ], [ 138.3140544, 36.7429401 ], [ 138.3137114, 36.7433431 ], [ 138.3133444, 36.7437451 ], [ 138.3130164, 36.7441801 ], [ 138.3127024, 36.7447191 ], [ 138.3123394, 36.7454031 ], [ 138.3120605, 36.7460231 ], [ 138.3118595, 36.7465461 ], [ 138.3116985, 36.7470941 ], [ 138.3116055, 36.7476411 ], [ 138.3115215, 36.7481721 ], [ 138.3114925, 36.7486351 ], [ 138.3114675, 36.7491421 ], [ 138.3114925, 36.7496491 ], [ 138.3115805, 36.7503901 ], [ 138.3116885, 36.7508371 ], [ 138.3118505, 36.7513401 ], [ 138.3120505, 36.7518831 ], [ 138.3123935, 36.7526841 ], [ 138.3127565, 36.7534091 ], [ 138.3131335, 36.7541371 ], [ 138.3134035, 36.7546811 ], [ 138.3136525, 36.7552481 ], [ 138.3138935, 36.7557871 ], [ 138.3142135, 36.7566381 ], [ 138.3145395, 36.7576671 ], [ 138.3148385, 36.7585811 ], [ 138.3151865, 36.7594861 ], [ 138.3153285, 36.7599291 ], [ 138.3154415, 36.7603841 ], [ 138.3155395, 36.7608671 ], [ 138.3156225, 36.7614101 ], [ 138.3156965, 36.7619901 ], [ 138.3157895, 36.7628431 ], [ 138.3158576, 36.7635191 ], [ 138.3159366, 36.7641351 ], [ 138.3160686, 36.7647021 ], [ 138.3163186, 36.7657811 ], [ 138.3164556, 36.7662681 ], [ 138.3165926, 36.7667271 ], [ 138.3168186, 36.7674191 ], [ 138.3171166, 36.7681321 ], [ 138.3175386, 36.7691781 ], [ 138.3178126, 36.7698621 ], [ 138.3181656, 36.7707481 ], [ 138.3183716, 36.7712551 ], [ 138.3185276, 36.7717501 ], [ 138.3186996, 36.7723381 ], [ 138.3187926, 36.7727281 ], [ 138.3188416, 36.7731351 ], [ 138.3188806, 36.7736501 ], [ 138.3188616, 36.7744991 ], [ 138.3188126, 36.7751231 ], [ 138.3187146, 36.7756301 ], [ 138.3185376, 36.7761491 ], [ 138.3184056, 36.7765641 ], [ 138.3182336, 36.7769461 ], [ 138.3180576, 36.7773611 ], [ 138.3178516, 36.7777591 ], [ 138.3177046, 36.7781581 ], [ 138.3175486, 36.7786201 ], [ 138.3174056, 36.7792561 ], [ 138.3172786, 36.7799811 ], [ 138.3172326, 36.7807341 ], [ 138.3172466, 36.7813161 ], [ 138.3173276, 36.7818931 ], [ 138.3174256, 36.7823881 ], [ 138.3176266, 36.7830281 ], [ 138.3178956, 36.783623 ], [ 138.3181996, 36.784114 ], [ 138.3184396, 36.784444 ], [ 138.3186896, 36.784803 ], [ 138.3191356, 36.785427 ], [ 138.3198316, 36.786425 ], [ 138.3203506, 36.787234 ], [ 138.3207326, 36.787942 ], [ 138.3210516, 36.788574 ], [ 138.3214036, 36.789439 ], [ 138.3216296, 36.790196 ], [ 138.3217866, 36.790824 ], [ 138.3219286, 36.791633 ], [ 138.3220356, 36.792494 ], [ 138.3220846, 36.793211 ], [ 138.3221096, 36.793967 ], [ 138.3220406, 36.794627 ], [ 138.3219286, 36.795219 ], [ 138.3217616, 36.795799 ], [ 138.3215877, 36.7962764 ], [ 138.3215846, 36.796285 ], [ 138.3213796, 36.796773 ], [ 138.3210456, 36.797408 ], [ 138.3207136, 36.797924 ], [ 138.3203606, 36.798407 ], [ 138.3200816, 36.798721 ], [ 138.3197676, 36.799039 ], [ 138.3192486, 36.799526 ], [ 138.3187472, 36.7999403 ], [ 138.3185236, 36.800125 ], [ 138.3175626, 36.800777 ], [ 138.3164846, 36.801333 ], [ 138.3158966, 36.80161 ], [ 138.3149126, 36.802098 ], [ 138.3139276, 36.80252 ], [ 138.3128886, 36.802866 ], [ 138.3117966, 36.803144 ], [ 138.3107327, 36.803377 ], [ 138.3095767, 36.803579 ], [ 138.3089943, 36.8036443 ], [ 138.3083177, 36.80372 ], [ 138.3073037, 36.803816 ], [ 138.3065097, 36.803848 ], [ 138.3056717, 36.803844 ], [ 138.3045697, 36.803832 ], [ 138.3033157, 36.80374 ], [ 138.3023747, 36.803619 ], [ 138.3011647, 36.803438 ], [ 138.2997977, 36.8031721 ], [ 138.2984897, 36.8029111 ], [ 138.2977547, 36.8027461 ], [ 138.2959417, 36.8022951 ], [ 138.2942807, 36.8018961 ], [ 138.2929487, 36.8015461 ], [ 138.2912677, 36.8011231 ], [ 138.2902197, 36.8008261 ], [ 138.2889847, 36.8005041 ], [ 138.2863827, 36.7998151 ], [ 138.2851537, 36.7994371 ], [ 138.2843837, 36.7992081 ], [ 138.2830317, 36.7987651 ], [ 138.2821107, 36.7984071 ], [ 138.2802097, 36.7975741 ], [ 138.2792407, 36.7971401 ], [ 138.2783287, 36.7967321 ], [ 138.2773677, 36.7963501 ], [ 138.2764867, 36.7960281 ], [ 138.2758147, 36.7957911 ], [ 138.2750657, 36.7955891 ], [ 138.2743457, 36.7954481 ], [ 138.2737327, 36.7953441 ], [ 138.2728217, 36.7952031 ], [ 138.2719297, 36.7951141 ], [ 138.2710827, 36.7950621 ], [ 138.2698867, 36.7950021 ], [ 138.2688827, 36.7949491 ], [ 138.2672557, 36.7948531 ], [ 138.2657807, 36.7947921 ], [ 138.2645167, 36.7947601 ], [ 138.2635327, 36.7947401 ], [ 138.2624597, 36.7947641 ], [ 138.2616707, 36.7948491 ], [ 138.2612608, 36.7948957 ], [ 138.2602207, 36.7950141 ], [ 138.2589557, 36.7952151 ], [ 138.2579317, 36.7954401 ], [ 138.2565697, 36.7957301 ], [ 138.2553057, 36.7960241 ], [ 138.2543267, 36.7962531 ], [ 138.2525917, 36.7966481 ], [ 138.2514187, 36.7969111 ], [ 138.2509797, 36.7970101 ], [ 138.2490497, 36.7974371 ], [ 138.2471537, 36.7978391 ], [ 138.2452817, 36.7982541 ], [ 138.2435477, 36.7986681 ], [ 138.2423467, 36.7990061 ], [ 138.2411127, 36.7994251 ], [ 138.2402457, 36.7997671 ], [ 138.2393387, 36.8001451 ], [ 138.2386337, 36.8004961 ], [ 138.2380307, 36.8008021 ], [ 138.2375217, 36.8010911 ], [ 138.2366837, 36.8015981 ], [ 138.2360077, 36.8020331 ], [ 138.2352037, 36.8025891 ], [ 138.2343117, 36.8031881 ], [ 138.2334447, 36.8037761 ], [ 138.2326067, 36.8043841 ], [ 138.2317837, 36.8050031 ], [ 138.2308437, 36.8056681 ], [ 138.2300647, 36.8062271 ], [ 138.2290647, 36.8068511 ], [ 138.2282957, 36.8072731 ], [ 138.2275067, 36.8076281 ], [ 138.2267917, 36.8078811 ], [ 138.2262187, 36.8080541 ], [ 138.2255867, 36.8081831 ], [ 138.2251257, 36.8082391 ], [ 138.2240577, 36.8082921 ], [ 138.2231367, 36.8082881 ], [ 138.2221907, 36.8081471 ], [ 138.2213927, 36.8079901 ], [ 138.2206527, 36.8077891 ], [ 138.2195257, 36.8074751 ], [ 138.2185017, 36.8072051 ], [ 138.2177717, 36.807008 ], [ 138.2170957, 36.806843 ], [ 138.2164637, 36.806718 ], [ 138.2159097, 36.806674 ], [ 138.2153517, 36.80663 ], [ 138.2145817, 36.80663 ], [ 138.2140777, 36.80669 ], [ 138.2134747, 36.80677 ], [ 138.2127347, 36.806907 ], [ 138.2123037, 36.807036 ], [ 138.2118287, 36.807185 ], [ 138.2112457, 36.807398 ], [ 138.2107947, 36.807612 ], [ 138.2101928, 36.807942 ], [ 138.2095068, 36.80836 ], [ 138.2089818, 36.808686 ], [ 138.2084038, 36.809077 ], [ 138.2078508, 36.809479 ], [ 138.2072428, 36.809902 ], [ 138.2063368, 36.810554 ], [ 138.2055328, 36.811198 ], [ 138.2048518, 36.811789 ], [ 138.2037498, 36.812727 ], [ 138.2029758, 36.81344 ], [ 138.2025198, 36.813878 ], [ 138.2019908, 36.814414 ], [ 138.2011628, 36.815227 ], [ 138.2004228, 36.815923 ], [ 138.1994338, 36.816812 ], [ 138.1986008, 36.817497 ], [ 138.1978068, 36.818116 ], [ 138.1972778, 36.818491 ], [ 138.1965088, 36.81901 ], [ 138.1956758, 36.819521 ], [ 138.1947988, 36.820024 ], [ 138.1932009, 36.820934 ], [ 138.1920309, 36.821578 ], [ 138.1910295, 36.8221528 ], [ 138.1900809, 36.822681 ], [ 138.1892329, 36.823224 ], [ 138.1886009, 36.823691 ], [ 138.1881159, 36.824101 ], [ 138.1876059, 36.824597 ], [ 138.1872189, 36.825011 ], [ 138.1868909, 36.825442 ], [ 138.1865039, 36.826014 ], [ 138.1862099, 36.826573 ], [ 138.1860089, 36.827003 ], [ 138.1858379, 36.827543 ], [ 138.1856559, 36.828126 ], [ 138.1855729, 36.828714 ], [ 138.1855529, 36.829285 ], [ 138.1855779, 36.829938 ], [ 138.1856559, 36.830497 ], [ 138.1858079, 36.831064 ], [ 138.1860679, 36.832038 ], [ 138.1862829, 36.832843 ], [ 138.1864889, 36.83352 ], [ 138.1865679, 36.833874 ], [ 138.18668, 36.834848 ], [ 138.186729, 36.83577 ], [ 138.186597, 36.836736 ], [ 138.18644, 36.837677 ], [ 138.186337, 36.838611 ], [ 138.186293, 36.839279 ], [ 138.186264, 36.839794 ], [ 138.186274, 36.840116 ], [ 138.186386, 36.84101 ], [ 138.186622, 36.841916 ], [ 138.186871, 36.842777 ], [ 138.187116, 36.843654 ], [ 138.187366, 36.84454 ], [ 138.18758, 36.845444 ], [ 138.187624, 36.8463041 ], [ 138.1876145, 36.8472247 ], [ 138.1875814, 36.8480659 ], [ 138.1874884, 36.8489429 ], [ 138.1873514, 36.8498529 ], [ 138.1872725, 36.8507509 ], [ 138.1872285, 36.8516159 ], [ 138.1872056, 36.8519035 ], [ 138.187238, 36.8522763 ], [ 138.1873065, 36.8528829 ] ] } },
{ "type": "Feature", "properties": { "N12_001": "20", "N12_002": 1, "N12_003": 1, "N12_004": "関越自動車道上越線", "N12_005": 3, "N12_006": 2 }, "geometry": { "type": "LineString", "coordinates": [ [ 138.2756358, 36.6366953 ], [ 138.2748593, 36.6347168 ], [ 138.2747888, 36.6346238 ], [ 138.2747105, 36.6345357 ], [ 138.2746254, 36.6344802 ], [ 138.2745069, 36.6344184 ], [ 138.2743652, 36.6343764 ], [ 138.2741949, 36.6343531 ], [ 138.2738963, 36.6343589 ], [ 138.2737141, 36.6343823 ], [ 138.2736212, 36.6343935 ], [ 138.2734856, 36.6344099 ] ] } },
{ "type": "Feature", "properties": { "N12_001": "20", "N12_002": 1, "N12_003": 4, "N12_004": "長野県道 飯山妙高高原線", "N12_005": 4, "N12_006": 1 }, "geometry": { "type": "LineString", "coordinates": [ [ 138.319802, 36.7972851 ], [ 138.3196551, 36.7976567 ], [ 138.3195151, 36.798141 ], [ 138.3193542, 36.798631 ], [ 138.3192562, 36.7988279 ], [ 138.3191373, 36.798991 ], [ 138.3189134, 36.7992218 ], [ 138.318306, 36.7997591 ] ] } },
{ "type": "Feature", "properties": { "N12_001": "20", "N12_002": 1, "N12_003": 1, "N12_004": "関越自動車道上越線", "N12_005": 3, "N12_006": 3 }, "geometry": { "type": "LineString", "coordinates": [ [ 138.3470302, 36.372579 ], [ 138.346914, 36.3725416 ], [ 138.3467638, 36.3724934 ], [ 138.3466573, 36.3724592 ], [ 138.3465092, 36.3724116 ], [ 138.3459458, 36.3721388 ], [ 138.3458762, 36.3720994 ], [ 138.345772, 36.3719813 ], [ 138.3456956, 36.3718517 ], [ 138.3456537, 36.3716772 ], [ 138.3456537, 36.3714692 ], [ 138.3457165, 36.3712158 ], [ 138.3458334, 36.3709671 ], [ 138.3459201, 36.3707844 ], [ 138.346485, 36.3698792 ], [ 138.3471309, 36.3690061 ], [ 138.347133, 36.3690034 ], [ 138.347276, 36.3688121 ], [ 138.3474176, 36.3686225 ], [ 138.3475483, 36.3684323 ], [ 138.3476567, 36.3682747 ], [ 138.3479131, 36.3679017 ], [ 138.3483892, 36.367184 ] ] } },
{ "type": "Feature", "properties": { "N12_001": "20", "N12_002": 1, "N12_003": 1, "N12_004": "関越自動車道上越線", "N12_005": 3, "N12_006": 4 }, "geometry": { "type": "LineString", "coordinates": [ [ 138.2051104, 36.4471966 ], [ 138.2053909, 36.4471035 ], [ 138.2054557, 36.4470713 ], [ 138.2055889, 36.4470137 ], [ 138.205726, 36.4469652 ], [ 138.2058709, 36.4468945 ], [ 138.2070228, 36.4467284 ], [ 138.2071614, 36.4466681 ], [ 138.2072512, 36.4466008 ], [ 138.2073098, 36.4465236 ], [ 138.207355, 36.446432 ], [ 138.2073835, 36.446348 ], [ 138.2073765, 36.4461736 ], [ 138.2073416, 36.4460723 ], [ 138.207251, 36.4458752 ], [ 138.2072055, 36.4458142 ], [ 138.2069997, 36.4454824 ] ] } },
{ "type": "Feature", "properties": { "N12_001": "20", "N12_002": 1, "N12_003": 1, "N12_004": "関越自動車道上越線", "N12_005": 3, "N12_006": 5 }, "geometry": { "type": "LineString", "coordinates": [ [ 138.4111652, 36.3450809 ], [ 138.4100248, 36.3449255 ], [ 138.4094998, 36.3448431 ], [ 138.40871, 36.3447097 ], [ 138.4085884, 36.3446852 ], [ 138.4085227, 36.344672 ], [ 138.4082615, 36.3446613 ], [ 138.4081884, 36.3446665 ], [ 138.4078776, 36.3447331 ], [ 138.4077265, 36.3447674 ], [ 138.4076364, 36.344847 ], [ 138.4074829, 36.3450252 ], [ 138.4073992, 36.345149 ], [ 138.4073576, 36.3452729 ], [ 138.4073798, 36.3455877 ], [ 138.4073963, 36.3456958 ], [ 138.4074122, 36.3458001 ] ] } },
{ "type": "Feature", "properties": { "N12_001": "20", "N12_002": 1, "N12_003": 3, "N12_004": "一般国道18号", "N12_005": 5, "N12_006": 1 }, "geometry": { "type": "LineString", "coordinates": [ [ 138.220936, 36.4159524 ], [ 138.2211312, 36.4162922 ], [ 138.2212973, 36.4165021 ], [ 138.2215017, 36.416711 ], [ 138.2222486, 36.417357 ], [ 138.222548, 36.4175517 ], [ 138.222848, 36.417697 ], [ 138.2232574, 36.417852 ], [ 138.2235682, 36.4179478 ], [ 138.2238468, 36.418043 ], [ 138.2241795, 36.418129 ], [ 138.2247761, 36.4182094 ], [ 138.2254131, 36.4182094 ], [ 138.2260948, 36.418133 ], [ 138.2270644, 36.4178825 ], [ 138.2285937, 36.4174296 ], [ 138.2293126, 36.4172535 ], [ 138.2299789, 36.4171574 ], [ 138.2306824, 36.4170962 ], [ 138.2313194, 36.4170886 ], [ 138.2319944, 36.4171383 ], [ 138.2330687, 36.4172894 ], [ 138.2346712, 36.4175824 ], [ 138.2349806, 36.4176363 ], [ 138.2374889, 36.4180801 ], [ 138.2379569, 36.4181746 ], [ 138.2389067, 36.418313 ], [ 138.2397628, 36.4183562 ], [ 138.2403384, 36.4183582 ], [ 138.2407139, 36.4183467 ], [ 138.24108, 36.4183008 ], [ 138.2417351, 36.4182107 ], [ 138.2420445, 36.4181293 ], [ 138.2436935, 36.4177324 ], [ 138.2441346, 36.4175916 ], [ 138.2452907, 36.4173162 ], [ 138.2458459, 36.4172366 ], [ 138.2467662, 36.4172121 ], [ 138.2475268, 36.4172427 ], [ 138.2490554, 36.4172617 ], [ 138.2493093, 36.4172617 ], [ 138.2522652, 36.4172611 ], [ 138.2534737, 36.4172413 ], [ 138.2542305, 36.4171902 ], [ 138.2552573, 36.4168162 ], [ 138.2554253, 36.4167814 ], [ 138.2560853, 36.4165774 ], [ 138.256473, 36.4164129 ], [ 138.2569091, 36.4161885 ], [ 138.2575538, 36.4157411 ], [ 138.257708, 36.4156183 ], [ 138.2581805, 36.4151756 ], [ 138.258639, 36.4146996 ], [ 138.2597952, 36.4134128 ], [ 138.2606482, 36.4126295 ], [ 138.2611602, 36.4122132 ], [ 138.2619352, 36.4116308 ], [ 138.2621454, 36.4114747 ], [ 138.2624715, 36.4112653 ], [ 138.2629232, 36.4109817 ], [ 138.2634498, 36.4107051 ], [ 138.263834, 36.4105254 ], [ 138.2649967, 36.4099893 ], [ 138.266092, 36.4094763 ], [ 138.2672292, 36.4088822 ], [ 138.2679617, 36.4084317 ], [ 138.2680753, 36.4083556 ], [ 138.2684075, 36.4081332 ], [ 138.268635, 36.407991 ], [ 138.2693678, 36.4074224 ], [ 138.2695928, 36.4072422 ], [ 138.2703383, 36.4066094 ], [ 138.2710791, 36.4059557 ], [ 138.2711664, 36.4058641 ], [ 138.2717286, 36.4051488 ], [ 138.2720946, 36.4047394 ], [ 138.2726445, 36.4039364 ] ] } },
{ "type": "Feature", "properties": { "N12_001": "20", "N12_002": 1, "N12_003": 3, "N12_004": "一般国道19号", "N12_005": 6, "N12_006": 1 }, "geometry": { "type": "LineString", "coordinates": [ [ 137.5633653, 35.5852976 ], [ 137.563591, 35.5854376 ], [ 137.5638816, 35.5856106 ], [ 137.5642186, 35.5857713 ], [ 137.5645587, 35.5858948 ], [ 137.564998, 35.5860026 ], [ 137.5652805, 35.5860531 ], [ 137.5655906, 35.5861206 ], [ 137.5660278, 35.5862296 ], [ 137.5667787, 35.5864264 ], [ 137.5671189, 35.5865894 ], [ 137.5675269, 35.5867628 ], [ 137.5676797, 35.5868223 ], [ 137.5678003, 35.586859 ], [ 137.5684335, 35.5870162 ], [ 137.569061, 35.5871289 ], [ 137.5694472, 35.5871795 ], [ 137.5697025, 35.5872248 ], [ 137.5698691, 35.5872623 ], [ 137.5700124, 35.5873012 ], [ 137.5707493, 35.5875911 ], [ 137.5712821, 35.5878792 ], [ 137.571541, 35.5880645 ], [ 137.5719469, 35.5883198 ], [ 137.5721144, 35.5883814 ], [ 137.5722108, 35.5884062 ], [ 137.5748085, 35.5887809 ], [ 137.5754024, 35.5888851 ], [ 137.5754738, 35.5888873 ], [ 137.5757834, 35.5888595 ], [ 137.5760416, 35.5888345 ], [ 137.5764372, 35.5888137 ], [ 137.5768835, 35.5888098 ], [ 137.5775736, 35.5888342 ], [ 137.578817, 35.5888837 ], [ 137.5795575, 35.5889209 ], [ 137.580351, 35.5888826 ], [ 137.5809541, 35.5888737 ], [ 137.5816734, 35.5888145 ], [ 137.5822756, 35.5887734 ], [ 137.5829097, 35.5887442 ], [ 137.5833319, 35.5887151 ], [ 137.5839488, 35.5886615 ], [ 137.584315, 35.5886272 ], [ 137.5847224, 35.5885876 ], [ 137.5851486, 35.5885753 ], [ 137.5856661, 35.5886492 ], [ 137.5860566, 35.5887153 ], [ 137.5864016, 35.5888059 ], [ 137.5867266, 35.5889251 ], [ 137.5870816, 35.5890817 ], [ 137.5873964, 35.5891598 ], [ 137.5875933, 35.5891681 ], [ 137.5879175, 35.5891512 ], [ 137.5881864, 35.5890948 ], [ 137.5882622, 35.5890723 ], [ 137.588393, 35.5890159 ], [ 137.5885652, 35.5889203 ], [ 137.5886616, 35.5888526 ], [ 137.5890686, 35.5884756 ], [ 137.5895896, 35.5879802 ], [ 137.5901081, 35.5875104 ], [ 137.5908211, 35.5868837 ], [ 137.591095, 35.5866204 ], [ 137.591148, 35.5865384 ], [ 137.5914105, 35.5862848 ], [ 137.5916169, 35.5861553 ], [ 137.5918236, 35.586047 ], [ 137.5920577, 35.5859865 ], [ 137.592373, 35.5859781 ], [ 137.5923816, 35.585976 ], [ 137.5933319, 35.585964 ], [ 137.5936624, 35.5859806 ], [ 137.5938692, 35.5860315 ], [ 137.5943916, 35.586232 ], [ 137.5951011, 35.5865384 ], [ 137.5953438, 35.5865809 ], [ 137.595841, 35.5866584 ], [ 137.5961075, 35.5867142 ], [ 137.5964955, 35.5867656 ], [ 137.5966803, 35.586772 ], [ 137.5967844, 35.5867898 ], [ 137.5968667, 35.5868314 ], [ 137.5974366, 35.5872939 ], [ 137.5975908, 35.5875084 ], [ 137.59767, 35.5877526 ], [ 137.5977336, 35.5880939 ], [ 137.5978055, 35.588615 ], [ 137.5979428, 35.5895911 ], [ 137.5980661, 35.5903962 ], [ 137.5982452, 35.5915428 ], [ 137.5983869, 35.5923001 ], [ 137.5984191, 35.5925309 ], [ 137.5984639, 35.5927531 ], [ 137.5985036, 35.5928876 ], [ 137.5986828, 35.5932317 ], [ 137.5988846, 35.5934882 ], [ 137.5990633, 35.5937492 ], [ 137.5992264, 35.5938987 ], [ 137.5995778, 35.5941676 ], [ 137.5999755, 35.5944689 ], [ 137.6003397, 35.5946787 ], [ 137.6006117, 35.5947487 ], [ 137.6018631, 35.5947323 ], [ 137.6036563, 35.5946967 ], [ 137.6044547, 35.5947014 ], [ 137.6050706, 35.5947381 ], [ 137.6051608, 35.594767 ], [ 137.6053739, 35.5948509 ], [ 137.6055325, 35.5949467 ], [ 137.6056358, 35.5950312 ], [ 137.6057325, 35.5951267 ], [ 137.6058772, 35.5953184 ], [ 137.6065389, 35.5964728 ], [ 137.6069595, 35.5972334 ], [ 137.6071593, 35.5975761 ], [ 137.6072422, 35.5977398 ], [ 137.6073042, 35.5978806 ], [ 137.6074267, 35.5982828 ], [ 137.6076917, 35.5992025 ], [ 137.6078957, 35.6000037 ], [ 137.6079533, 35.6002501 ], [ 137.6080636, 35.6007456 ], [ 137.6081025, 35.6012432 ], [ 137.6080636, 35.6026659 ], [ 137.6080273, 35.6035563 ], [ 137.6080142, 35.6037939 ], [ 137.608097, 35.604267 ], [ 137.6082347, 35.6047231 ], [ 137.6084142, 35.6052128 ], [ 137.6087662, 35.6059952 ], [ 137.6092134, 35.6069979 ], [ 137.6093764, 35.607371 ], [ 137.6095318, 35.6077825 ], [ 137.609655, 35.6081526 ], [ 137.6098272, 35.6085301 ], [ 137.6099653, 35.6088848 ], [ 137.6100617, 35.6090989 ], [ 137.6103611, 35.609642 ], [ 137.6114478, 35.6115136 ], [ 137.611845, 35.6122087 ], [ 137.6119989, 35.6124664 ], [ 137.6121036, 35.6126856 ], [ 137.6121647, 35.6128055 ], [ 137.6122606, 35.6129395 ], [ 137.6125847, 35.6133167 ], [ 137.6128606, 35.6135928 ], [ 137.6134742, 35.6140884 ], [ 137.613757, 35.6143867 ], [ 137.6139225, 35.6146178 ], [ 137.6141775, 35.6150176 ], [ 137.6143153, 35.6153048 ], [ 137.6144256, 35.6155862 ], [ 137.6146667, 35.6164762 ], [ 137.6147335, 35.6169754 ], [ 137.6147289, 35.6171914 ], [ 137.6147081, 35.6172759 ], [ 137.6146224, 35.6176453 ], [ 137.6143289, 35.6188974 ], [ 137.614267, 35.6192187 ], [ 137.6141911, 35.6198323 ], [ 137.6141911, 35.6201307 ], [ 137.6142047, 35.6203053 ], [ 137.6142531, 35.6205306 ], [ 137.6143498, 35.6208292 ], [ 137.6144806, 35.6211109 ], [ 137.6145978, 35.6212853 ], [ 137.6148734, 35.6215389 ], [ 137.6150288, 35.6216674 ], [ 137.615475, 35.6220366 ], [ 137.6159009, 35.6223889 ], [ 137.6161903, 35.6226367 ], [ 137.6164328, 35.6228806 ], [ 137.6166064, 35.6230675 ], [ 137.6167897, 35.6232682 ], [ 137.6169007, 35.6234254 ], [ 137.617052, 35.6236957 ], [ 137.6171553, 35.6239434 ], [ 137.6172242, 35.6243095 ], [ 137.6173344, 35.6250037 ], [ 137.6173967, 35.6253964 ], [ 137.6174656, 35.6260161 ], [ 137.6174931, 35.6265056 ], [ 137.6174931, 35.6274012 ], [ 137.6174725, 35.6277109 ], [ 137.6173691, 35.6288824 ], [ 137.6172861, 35.6295748 ], [ 137.6171689, 35.6300028 ], [ 137.6169484, 35.6306056 ], [ 137.6166675, 35.6312589 ], [ 137.616486, 35.6316812 ], [ 137.6162921, 35.6320865 ], [ 137.6161695, 35.6323506 ], [ 137.616018, 35.63266 ], [ 137.6156934, 35.6333028 ], [ 137.6155209, 35.6336856 ], [ 137.6155003, 35.6338434 ], [ 137.6155347, 35.635054 ], [ 137.6155486, 35.6353864 ], [ 137.6155797, 35.6357744 ], [ 137.6156381, 35.6364509 ], [ 137.615652, 35.6366817 ], [ 137.6156311, 35.6369859 ], [ 137.6155831, 35.6372393 ], [ 137.6154865, 35.6374842 ], [ 137.6153622, 35.6377123 ], [ 137.615245, 35.6379037 ], [ 137.6148175, 35.6384331 ], [ 137.614342, 35.639047 ], [ 137.6141006, 35.6394412 ], [ 137.6139764, 35.6397112 ], [ 137.6137559, 35.6403364 ], [ 137.6137214, 35.6404998 ], [ 137.6137214, 35.6407195 ], [ 137.6137697, 35.6408884 ], [ 137.6138317, 35.6409842 ], [ 137.6139142, 35.6410967 ], [ 137.6140864, 35.6412376 ], [ 137.6141415, 35.6412713 ], [ 137.6143311, 35.6413881 ], [ 137.6146031, 35.6414959 ], [ 137.6148506, 35.6415926 ], [ 137.6149577, 35.6416703 ], [ 137.6153323, 35.6419423 ], [ 137.6159286, 35.6424798 ], [ 137.6166675, 35.6432459 ], [ 137.617157, 35.6437714 ], [ 137.6173575, 35.6440214 ], [ 137.6175442, 35.6443069 ], [ 137.6178159, 35.6446895 ], [ 137.6178989, 35.6448923 ], [ 137.6179703, 35.6451823 ], [ 137.6179936, 35.6453603 ], [ 137.6182087, 35.6481278 ], [ 137.61828, 35.6493985 ], [ 137.6183907, 35.6498142 ], [ 137.6186387, 35.6501495 ], [ 137.6190703, 35.6506334 ], [ 137.6194614, 35.6509937 ], [ 137.6199317, 35.6512251 ], [ 137.6203825, 35.6514237 ], [ 137.6205998, 35.6515375 ], [ 137.620807, 35.6516389 ], [ 137.6210017, 35.6517884 ], [ 137.621125, 35.6519545 ], [ 137.6212353, 35.6521631 ], [ 137.621332, 35.6524217 ], [ 137.6215053, 35.6532192 ], [ 137.6217042, 35.6543195 ], [ 137.6217386, 35.6545784 ], [ 137.6217317, 35.6552542 ], [ 137.6216764, 35.6557331 ], [ 137.6216764, 35.6563242 ], [ 137.6217317, 35.6565495 ], [ 137.6219659, 35.6571839 ], [ 137.6222145, 35.6577126 ], [ 137.6223878, 35.6580584 ], [ 137.6225543, 35.658337 ], [ 137.6226839, 35.658562 ], [ 137.6236731, 35.6600037 ], [ 137.6241496, 35.660712 ], [ 137.6248937, 35.6617379 ], [ 137.6252545, 35.6623912 ], [ 137.6256275, 35.663042 ], [ 137.6258106, 35.6633664 ], [ 137.6260098, 35.6637001 ], [ 137.6263314, 35.6641959 ], [ 137.6268256, 35.6649128 ], [ 137.6269634, 35.6650478 ], [ 137.6271909, 35.6651884 ], [ 137.6275356, 35.6653517 ], [ 137.6278759, 35.6655226 ], [ 137.628225, 35.6657347 ], [ 137.6283837, 35.6658303 ], [ 137.6290728, 35.6663092 ], [ 137.6297145, 35.6667374 ], [ 137.6307618, 35.6674637 ], [ 137.6323265, 35.6685334 ], [ 137.6328295, 35.6688917 ], [ 137.6331183, 35.669085 ], [ 137.6333343, 35.6692117 ], [ 137.6334579, 35.6692842 ], [ 137.6338404, 35.6694425 ], [ 137.6342373, 35.6695656 ], [ 137.6346779, 35.6697062 ], [ 137.6350762, 35.6697929 ], [ 137.6353959, 35.6698625 ], [ 137.6359379, 35.6699575 ], [ 137.6360498, 35.6700089 ], [ 137.6366776, 35.6702848 ], [ 137.6370298, 35.6704875 ], [ 137.6371252, 35.6705558 ], [ 137.6374111, 35.67076 ], [ 137.6380718, 35.6712306 ], [ 137.6384068, 35.6715017 ], [ 137.6387437, 35.6717739 ], [ 137.6396736, 35.6725211 ], [ 137.6399282, 35.6727287 ], [ 137.6401213, 35.6729032 ], [ 137.6404385, 35.6732749 ], [ 137.6406001, 35.673512 ], [ 137.6407076, 35.673697 ], [ 137.6408732, 35.6740067 ], [ 137.6410926, 35.6744447 ], [ 137.6413763, 35.6750036 ], [ 137.6416049, 35.6754084 ], [ 137.641817, 35.6757063 ], [ 137.6420235, 35.6759853 ], [ 137.6423601, 35.6763456 ], [ 137.642994, 35.6770045 ], [ 137.6431826, 35.6772019 ], [ 137.6433254, 35.677322 ], [ 137.6434881, 35.6774131 ], [ 137.6438093, 35.6775914 ], [ 137.6442256, 35.6777763 ], [ 137.6446135, 35.677937 ], [ 137.6451376, 35.6781511 ], [ 137.6460072, 35.678472 ], [ 137.6462075, 35.6785351 ], [ 137.6476782, 35.6789814 ], [ 137.6482708, 35.6791645 ], [ 137.6485571, 35.6792773 ], [ 137.6487813, 35.6793784 ], [ 137.6490849, 35.6795361 ], [ 137.6495471, 35.6798009 ], [ 137.650062, 35.680116 ], [ 137.6505577, 35.6804406 ], [ 137.6510999, 35.6808145 ], [ 137.6518519, 35.681355 ], [ 137.6524481, 35.6817395 ], [ 137.6530182, 35.6821095 ], [ 137.6532457, 35.6822503 ], [ 137.653998, 35.6827345 ], [ 137.6543777, 35.6829148 ], [ 137.6547505, 35.6830331 ], [ 137.6550332, 35.6830722 ], [ 137.6553713, 35.6830892 ], [ 137.6557508, 35.6830722 ], [ 137.6567033, 35.6829992 ], [ 137.6573035, 35.6829484 ], [ 137.6576902, 35.6829484 ], [ 137.6578558, 35.6829767 ], [ 137.658106, 35.6830384 ], [ 137.658332, 35.683133 ], [ 137.6585449, 35.6832459 ], [ 137.658916, 35.6834847 ], [ 137.6590766, 35.6835975 ], [ 137.6592305, 35.6836842 ], [ 137.6593652, 35.6837428 ], [ 137.659606, 35.6838256 ], [ 137.6600916, 35.6839284 ], [ 137.6608781, 35.6840523 ], [ 137.6616579, 35.6841647 ], [ 137.6622511, 35.6842445 ], [ 137.6630122, 35.6843625 ], [ 137.6635116, 35.684457 ], [ 137.6638416, 35.6845611 ], [ 137.6645013, 35.6848303 ], [ 137.664843, 35.684997 ], [ 137.6650201, 35.6850841 ], [ 137.6651744, 35.6851653 ], [ 137.6653808, 35.6852978 ], [ 137.6656119, 35.68546 ], [ 137.6660457, 35.6858267 ], [ 137.666262, 35.6860537 ], [ 137.6664644, 35.6862731 ], [ 137.6667101, 35.6865714 ], [ 137.6670886, 35.6870703 ], [ 137.6671872, 35.687202 ], [ 137.6675098, 35.6876014 ], [ 137.6676993, 35.6877475 ], [ 137.667865, 35.6878756 ], [ 137.6685542, 35.6884688 ], [ 137.6689325, 35.6888046 ], [ 137.6698005, 35.6897956 ], [ 137.67061, 35.6908189 ], [ 137.6708508, 35.6911006 ], [ 137.6710777, 35.691307 ], [ 137.6712741, 35.6914688 ], [ 137.6714541, 35.691617 ], [ 137.6715368, 35.6916703 ], [ 137.6716994, 35.6917753 ], [ 137.6719472, 35.691912 ], [ 137.6722651, 35.6920423 ], [ 137.6725983, 35.692157 ], [ 137.6730983, 35.6923025 ], [ 137.673368, 35.6923742 ], [ 137.6736003, 35.6924422 ], [ 137.6738736, 35.6925072 ], [ 137.67429, 35.6925636 ], [ 137.6744373, 35.6925736 ], [ 137.6751003, 35.6925939 ], [ 137.6757866, 35.692635 ], [ 137.6762447, 35.6926721 ], [ 137.6774193, 35.6927675 ], [ 137.6777233, 35.6927984 ], [ 137.6778967, 35.6928239 ], [ 137.6781002, 35.6928692 ], [ 137.6783522, 35.692937 ], [ 137.6786542, 35.6930389 ], [ 137.6799761, 35.6935936 ], [ 137.6803094, 35.6937353 ], [ 137.6805115, 35.6938765 ], [ 137.6808072, 35.6940636 ], [ 137.6814639, 35.6945253 ], [ 137.6817547, 35.6947195 ], [ 137.6826014, 35.6952236 ], [ 137.6832778, 35.6955842 ], [ 137.6841502, 35.6959803 ], [ 137.6846853, 35.6961864 ], [ 137.6852164, 35.6963892 ], [ 137.6855959, 35.6965075 ], [ 137.6857686, 35.6965414 ], [ 137.685853, 35.6965564 ], [ 137.6861347, 35.6965731 ], [ 137.6865033, 35.6965558 ], [ 137.6866739, 35.6965331 ], [ 137.6868878, 35.6964878 ], [ 137.6880525, 35.6963161 ], [ 137.68837, 35.6962936 ], [ 137.68886, 35.6962992 ], [ 137.689157, 35.6963272 ], [ 137.6896953, 35.6964231 ], [ 137.6909302, 35.6966594 ], [ 137.6916678, 35.696837 ], [ 137.6920295, 35.6969225 ], [ 137.6922831, 35.6969861 ], [ 137.6925775, 35.6970769 ], [ 137.6927314, 35.6971325 ], [ 137.6931453, 35.6973297 ], [ 137.6934042, 35.6974772 ], [ 137.6937792, 35.6976856 ], [ 137.6941738, 35.6979741 ], [ 137.6944359, 35.6982054 ], [ 137.6953606, 35.6991992 ], [ 137.6961055, 35.7000036 ], [ 137.6963895, 35.7003061 ], [ 137.6967612, 35.7007025 ], [ 137.6974998, 35.7015192 ], [ 137.6981479, 35.7022398 ], [ 137.6984173, 35.7025722 ], [ 137.6986072, 35.7028449 ], [ 137.6988175, 35.70309 ], [ 137.6990975, 35.7034044 ], [ 137.6994802, 35.703749 ], [ 137.6998734, 35.70407 ], [ 137.7002323, 35.7043397 ], [ 137.7004851, 35.7044987 ], [ 137.7007142, 35.7046419 ], [ 137.7009145, 35.7047958 ], [ 137.7011687, 35.7050275 ], [ 137.7014403, 35.7053186 ], [ 137.7015745, 35.7054772 ], [ 137.7018185, 35.7058609 ], [ 137.7019204, 35.7060354 ], [ 137.7019923, 35.7062128 ], [ 137.7020676, 35.7064911 ], [ 137.7021367, 35.7075328 ], [ 137.7021484, 35.7078097 ], [ 137.7021499, 35.7083369 ], [ 137.7021506, 35.70858 ], [ 137.7021298, 35.7088617 ], [ 137.7021437, 35.7091883 ], [ 137.7021712, 35.7094192 ], [ 137.7022264, 35.7096444 ], [ 137.7023414, 35.7099356 ], [ 137.7024748, 35.7101681 ], [ 137.7026889, 35.7104553 ], [ 137.7028681, 35.710658 ], [ 137.7030476, 35.7108322 ], [ 137.7033028, 35.711035 ], [ 137.7040342, 35.7115644 ], [ 137.7065273, 35.7133692 ], [ 137.7067834, 35.7135861 ], [ 137.7069828, 35.7137467 ], [ 137.7071226, 35.7139094 ], [ 137.7076501, 35.7147347 ], [ 137.7083345, 35.7160998 ], [ 137.7086263, 35.7166703 ], [ 137.7090992, 35.7176119 ], [ 137.7095409, 35.7184961 ], [ 137.7099756, 35.7193578 ], [ 137.7101548, 35.7196503 ], [ 137.7102723, 35.7198136 ], [ 137.7103551, 35.7198981 ], [ 137.7105128, 35.7200567 ], [ 137.7107017, 35.7201869 ], [ 137.7110106, 35.7203486 ], [ 137.7113006, 35.720495 ], [ 137.7116386, 35.7206528 ], [ 137.712322, 35.7208667 ], [ 137.7125748, 35.7209511 ], [ 137.7130274, 35.721105 ], [ 137.7133642, 35.7211917 ], [ 137.7137047, 35.7212894 ], [ 137.714267, 35.7214956 ], [ 137.7144617, 35.7216097 ], [ 137.714597, 35.7217158 ], [ 137.7147387, 35.7218514 ], [ 137.7148512, 35.7219806 ], [ 137.7149429, 35.7221117 ], [ 137.7150409, 35.7223254 ], [ 137.7152406, 35.72295 ], [ 137.7153512, 35.7233892 ], [ 137.7154478, 35.7239806 ], [ 137.7154478, 35.7242678 ], [ 137.7153717, 35.7246675 ], [ 137.7152655, 35.7249853 ], [ 137.7148884, 35.7257739 ], [ 137.714592, 35.7261878 ], [ 137.7140537, 35.7268464 ], [ 137.7137362, 35.7272125 ], [ 137.7131984, 35.727885 ], [ 137.7130237, 35.7280639 ], [ 137.7126459, 35.7284566 ], [ 137.7125179, 35.7285922 ], [ 137.7124045, 35.7287494 ], [ 137.7122595, 35.7290355 ], [ 137.7120719, 35.7294186 ], [ 137.7119659, 35.7295969 ], [ 137.7119203, 35.7297653 ], [ 137.7119156, 35.7298953 ], [ 137.711932, 35.7300244 ], [ 137.7120729, 35.7304069 ], [ 137.7121999, 35.7307851 ], [ 137.7123825, 35.7312297 ], [ 137.7125676, 35.7315658 ], [ 137.7127801, 35.7318233 ], [ 137.7129548, 35.7320297 ], [ 137.7131448, 35.7322166 ], [ 137.7134059, 35.7324541 ], [ 137.7143455, 35.7333369 ], [ 137.7149356, 35.7338861 ], [ 137.7152373, 35.734203 ], [ 137.715827, 35.7348478 ], [ 137.7159445, 35.7350053 ], [ 137.7160373, 35.7351453 ], [ 137.7160892, 35.7352586 ], [ 137.7161995, 35.7355514 ], [ 137.7162931, 35.7358091 ], [ 137.7163365, 35.7359966 ], [ 137.716369, 35.7361766 ], [ 137.7163581, 35.7368016 ], [ 137.7163384, 35.7376239 ], [ 137.716296, 35.7390135 ], [ 137.7162823, 35.7397686 ], [ 137.7162548, 35.7404614 ], [ 137.7162237, 35.7408483 ], [ 137.7161589, 35.741438 ], [ 137.7161094, 35.7416703 ], [ 137.7160195, 35.7420916 ], [ 137.7159303, 35.7423419 ], [ 137.7157973, 35.7426922 ], [ 137.7156281, 35.743025 ], [ 137.7155023, 35.7432205 ], [ 137.7153438, 35.7434492 ], [ 137.7148076, 35.7442253 ], [ 137.7145895, 35.7445589 ], [ 137.7144723, 35.7447539 ], [ 137.714329, 35.7450189 ], [ 137.7142423, 35.7452966 ], [ 137.714212, 35.7455522 ], [ 137.7141684, 35.7458691 ], [ 137.7141423, 35.7465247 ], [ 137.7141204, 35.7470586 ], [ 137.7140554, 35.7476141 ], [ 137.7139425, 35.7480479 ], [ 137.7137384, 35.7484341 ], [ 137.7134287, 35.7487927 ], [ 137.7130615, 35.7491591 ], [ 137.7126795, 35.7495669 ], [ 137.7122642, 35.7500036 ], [ 137.7116243, 35.7507048 ], [ 137.7111023, 35.7513114 ], [ 137.7105279, 35.7520019 ], [ 137.7105154, 35.7521858 ], [ 137.7103976, 35.7523366 ], [ 137.7101501, 35.7527122 ], [ 137.709829, 35.7531866 ], [ 137.7093149, 35.7538544 ], [ 137.7091476, 35.754108 ], [ 137.7090184, 35.7542913 ], [ 137.7088059, 35.7546872 ], [ 137.7087393, 35.754858 ], [ 137.7086934, 35.7551413 ], [ 137.7087226, 35.7553164 ], [ 137.7087706, 35.7555271 ], [ 137.7093057, 35.7572577 ], [ 137.7093265, 35.7574035 ], [ 137.7093056, 35.7575827 ], [ 137.709214, 35.7579158 ], [ 137.70907, 35.7583396 ], [ 137.7088598, 35.7587575 ], [ 137.7085555, 35.7593243 ], [ 137.7083345, 35.7596883 ], [ 137.708189, 35.759928 ], [ 137.7076643, 35.7607197 ], [ 137.7072018, 35.7613091 ], [ 137.7062809, 35.7624633 ], [ 137.7060359, 35.7627334 ], [ 137.7059143, 35.762855 ], [ 137.7056995, 35.7630444 ], [ 137.7054537, 35.7632319 ], [ 137.7052193, 35.7633841 ], [ 137.704542, 35.7637783 ], [ 137.7025899, 35.7648936 ], [ 137.70165, 35.7654413 ], [ 137.7010677, 35.7657716 ], [ 137.7007773, 35.7659574 ], [ 137.7006268, 35.7660876 ], [ 137.7002695, 35.7666011 ], [ 137.7002206, 35.7666875 ], [ 137.7001812, 35.7667875 ], [ 137.7001618, 35.7668775 ], [ 137.700179, 35.767008 ], [ 137.7002245, 35.7671344 ], [ 137.7005751, 35.7678333 ], [ 137.7014679, 35.7685816 ], [ 137.7017206, 35.76885 ], [ 137.7018101, 35.7689916 ], [ 137.7018809, 35.7691413 ], [ 137.7019473, 35.7693583 ], [ 137.7020665, 35.7697662 ], [ 137.7021312, 35.769995 ], [ 137.702219, 35.7703479 ], [ 137.7022485, 35.7704796 ], [ 137.702306, 35.7708747 ], [ 137.7023334, 35.7711978 ], [ 137.7023795, 35.7719038 ], [ 137.7023587, 35.7721011 ], [ 137.7023243, 35.7722475 ], [ 137.7022481, 35.7724388 ], [ 137.7020949, 35.772661 ], [ 137.701917, 35.7728555 ], [ 137.701399, 35.7734264 ], [ 137.7004929, 35.7744111 ], [ 137.7000012, 35.7749842 ], [ 137.6997189, 35.7753398 ], [ 137.6992746, 35.7759262 ], [ 137.6989032, 35.7764261 ], [ 137.6981741, 35.7776901 ], [ 137.6973569, 35.7788767 ], [ 137.6972263, 35.7791047 ], [ 137.6971433, 35.7792683 ], [ 137.6970754, 35.7794148 ], [ 137.697011, 35.7795852 ], [ 137.6969684, 35.7797321 ], [ 137.6969185, 35.7799787 ], [ 137.6968879, 35.7802542 ], [ 137.6968923, 35.7805473 ], [ 137.6969185, 35.7808097 ], [ 137.6969976, 35.781079 ], [ 137.6972322, 35.7818414 ], [ 137.6974879, 35.7827491 ], [ 137.6976345, 35.7833369 ], [ 137.6978412, 35.7841662 ], [ 137.6981471, 35.785282 ], [ 137.6982095, 35.785537 ], [ 137.6982448, 35.7859314 ], [ 137.6982365, 35.7861966 ], [ 137.6981953, 35.7866556 ], [ 137.69815, 35.7868872 ], [ 137.698071, 35.7871108 ], [ 137.6979565, 35.7873778 ], [ 137.6978121, 35.7876564 ], [ 137.6975469, 35.7880726 ], [ 137.697454, 35.7882183 ], [ 137.6966355, 35.7893619 ], [ 137.696415, 35.7896748 ], [ 137.6961427, 35.789984 ], [ 137.6959431, 35.7901778 ], [ 137.6957518, 35.7903546 ], [ 137.695548, 35.7905314 ], [ 137.6951672, 35.7907832 ], [ 137.6949014, 35.7909666 ], [ 137.6945645, 35.7911264 ], [ 137.6938512, 35.7913916 ], [ 137.6923029, 35.7918502 ], [ 137.6916514, 35.7920391 ], [ 137.6909571, 35.792241 ], [ 137.6894729, 35.7926292 ], [ 137.6882599, 35.7928619 ], [ 137.6872331, 35.7931765 ], [ 137.6865885, 35.7935281 ], [ 137.6860922, 35.793977 ], [ 137.6857138, 35.794378 ], [ 137.6853792, 35.7950319 ], [ 137.6852727, 35.7954637 ], [ 137.6852439, 35.7957533 ], [ 137.6852423, 35.7961547 ], [ 137.6857062, 35.7980855 ], [ 137.6858279, 35.7988382 ], [ 137.6859268, 35.7996894 ], [ 137.6858964, 35.8006024 ], [ 137.685904, 35.8009725 ], [ 137.6855693, 35.8023666 ], [ 137.6853868, 35.8028108 ], [ 137.6845083, 35.8049466 ], [ 137.68409, 35.8062188 ], [ 137.6838713, 35.807067 ], [ 137.6836432, 35.8083546 ], [ 137.6835481, 35.809141 ], [ 137.6835481, 35.8108603 ], [ 137.6835434, 35.8116236 ], [ 137.6833796, 35.8123294 ], [ 137.683353, 35.8125202 ], [ 137.683311, 35.8127108 ], [ 137.6832972, 35.8128913 ], [ 137.683278, 35.8132133 ], [ 137.6832158, 35.8139566 ], [ 137.6830847, 35.8154769 ], [ 137.6830263, 35.816076 ], [ 137.6829899, 35.8162999 ], [ 137.6829119, 35.8166702 ], [ 137.6828649, 35.8168933 ], [ 137.6827763, 35.8172216 ], [ 137.6826827, 35.8174663 ], [ 137.6824691, 35.8180235 ], [ 137.6824274, 35.8181747 ], [ 137.6824013, 35.8184195 ], [ 137.6824341, 35.8191219 ], [ 137.6824697, 35.8194694 ], [ 137.6825111, 35.8202127 ], [ 137.6825044, 35.8205958 ], [ 137.6824561, 35.8207591 ], [ 137.6823869, 35.8209055 ], [ 137.6821382, 35.821361 ], [ 137.6816661, 35.8222308 ], [ 137.6815736, 35.8224605 ], [ 137.6814536, 35.822971 ], [ 137.6814275, 35.8232991 ], [ 137.6814578, 35.8235562 ], [ 137.6814847, 35.8237835 ], [ 137.681568, 35.8241063 ], [ 137.6818022, 35.8245227 ], [ 137.6820039, 35.824772 ], [ 137.6820234, 35.8247961 ], [ 137.6822971, 35.8250726 ], [ 137.6825757, 35.8253363 ], [ 137.6828452, 35.825608 ], [ 137.6830361, 35.8258058 ], [ 137.6831936, 35.8260302 ], [ 137.6833347, 35.8262502 ], [ 137.6834394, 35.8264219 ], [ 137.68351, 35.8266198 ], [ 137.6835561, 35.8268155 ], [ 137.6836138, 35.8270045 ], [ 137.6836423, 35.8271988 ], [ 137.6836309, 35.8275271 ], [ 137.6836309, 35.8277954 ], [ 137.6835967, 35.8279873 ], [ 137.683494, 35.8282579 ], [ 137.6833571, 35.8284683 ], [ 137.6831793, 35.82869 ], [ 137.6828776, 35.8290659 ], [ 137.6827883, 35.8291253 ], [ 137.6826478, 35.8292612 ], [ 137.6824049, 35.8295769 ], [ 137.6822034, 35.8299684 ], [ 137.6821159, 35.8303538 ], [ 137.6821273, 35.8307084 ], [ 137.6822072, 35.8310321 ], [ 137.6823593, 35.8313158 ], [ 137.682732, 35.8318029 ], [ 137.6829069, 35.8320064 ], [ 137.6831579, 35.83225 ], [ 137.6833557, 35.8324134 ], [ 137.6835002, 35.832509 ], [ 137.6836637, 35.832583 ], [ 137.6838853, 35.832703 ], [ 137.68423, 35.8328153 ], [ 137.6844771, 35.8328979 ], [ 137.6849075, 35.8330294 ], [ 137.6853636, 35.8331591 ], [ 137.6857781, 35.8333055 ], [ 137.6862273, 35.8335363 ], [ 137.6864481, 35.8336938 ], [ 137.6866483, 35.8338796 ], [ 137.6868625, 35.8341219 ], [ 137.6870323, 35.8343957 ], [ 137.6873528, 35.8349721 ], [ 137.6875858, 35.8354879 ], [ 137.6877449, 35.8358311 ], [ 137.6878991, 35.8361146 ], [ 137.6881117, 35.8363771 ], [ 137.6882292, 35.8365096 ], [ 137.6884208, 35.8367044 ], [ 137.6886831, 35.8368958 ], [ 137.6888286, 35.8369835 ], [ 137.6891608, 35.8371738 ], [ 137.6896433, 35.837456 ], [ 137.6899278, 35.8376113 ], [ 137.6901636, 35.8377538 ], [ 137.6909592, 35.8382383 ], [ 137.6918959, 35.8388211 ], [ 137.6923006, 35.8390716 ], [ 137.6927291, 35.8393418 ], [ 137.6929989, 35.8395335 ], [ 137.6934193, 35.8399045 ], [ 137.6937561, 35.8402688 ], [ 137.6939372, 35.8404938 ], [ 137.6945267, 35.8412144 ], [ 137.6947344, 35.8414692 ], [ 137.6964915, 35.8437741 ], [ 137.6966744, 35.8439996 ], [ 137.6970305, 35.8443123 ], [ 137.697237, 35.8444685 ], [ 137.6974786, 35.8446288 ], [ 137.6977745, 35.8447538 ], [ 137.6981097, 35.844856 ], [ 137.6984366, 35.8449291 ], [ 137.6987136, 35.844956 ], [ 137.6993811, 35.8449726 ], [ 137.6999251, 35.8449821 ], [ 137.701014, 35.845001 ], [ 137.701885, 35.8450405 ], [ 137.7021547, 35.8450685 ], [ 137.7027634, 35.8451699 ], [ 137.7033326, 35.845307 ], [ 137.7040416, 35.845491 ], [ 137.7045823, 35.8456541 ], [ 137.704997, 35.8458344 ], [ 137.7053884, 35.8460749 ], [ 137.7056526, 35.8463552 ], [ 137.7058475, 35.8465652 ], [ 137.7060162, 35.8467675 ], [ 137.7061327, 35.8469428 ], [ 137.7062334, 35.8471921 ], [ 137.7062752, 35.8472812 ], [ 137.7063339, 35.8474724 ], [ 137.7063987, 35.8477891 ], [ 137.7064857, 35.8481998 ], [ 137.706868, 35.8500035 ], [ 137.7069012, 35.8501602 ], [ 137.7069803, 35.8504102 ], [ 137.7073302, 35.8511975 ], [ 137.7077628, 35.8520413 ], [ 137.7078592, 35.8522266 ], [ 137.7080649, 35.8525366 ], [ 137.7087398, 35.853138 ], [ 137.7088636, 35.8533011 ], [ 137.7090461, 35.8534577 ], [ 137.7094252, 35.8537812 ], [ 137.7097328, 35.8540363 ], [ 137.7100561, 35.8542671 ], [ 137.7102376, 35.8543829 ], [ 137.7102789, 35.8544093 ], [ 137.7105842, 35.8546185 ], [ 137.7108673, 35.8548264 ], [ 137.7109964, 35.854943 ], [ 137.7112633, 35.8551854 ], [ 137.7113686, 35.8553406 ], [ 137.7114517, 35.8554791 ], [ 137.7115518, 35.8556453 ], [ 137.711663, 35.8558006 ], [ 137.7117808, 35.8559412 ], [ 137.7120226, 35.8561894 ], [ 137.7126312, 35.8566738 ], [ 137.7137366, 35.8574779 ], [ 137.7139804, 35.8576532 ], [ 137.7141281, 35.8576805 ], [ 137.7145092, 35.8577805 ], [ 137.7149409, 35.8578899 ], [ 137.715169, 35.8579349 ], [ 137.716014, 35.8580536 ], [ 137.7169035, 35.8581758 ], [ 137.7186443, 35.8583893 ], [ 137.7190376, 35.8584359 ], [ 137.7191646, 35.8584595 ], [ 137.7192481, 35.8584804 ], [ 137.7193305, 35.8585054 ], [ 137.7194517, 35.8585505 ], [ 137.7196205, 35.8586218 ], [ 137.7198231, 35.8587177 ], [ 137.7200167, 35.8588357 ], [ 137.7203487, 35.8591119 ], [ 137.7206962, 35.859468 ], [ 137.7208417, 35.8596799 ], [ 137.7210503, 35.8599991 ], [ 137.721524, 35.860818 ], [ 137.7216279, 35.8609419 ], [ 137.7217384, 35.8610263 ], [ 137.7219251, 35.8611052 ], [ 137.7220606, 35.8611366 ], [ 137.7225715, 35.8612551 ], [ 137.7227341, 35.8612682 ], [ 137.7230397, 35.8612844 ], [ 137.7235462, 35.8612908 ], [ 137.7240916, 35.8613207 ], [ 137.7246464, 35.8613636 ], [ 137.7261628, 35.8614231 ], [ 137.7275684, 35.8614935 ], [ 137.7278587, 35.8615049 ], [ 137.7281837, 35.8615444 ], [ 137.7283703, 35.8615894 ], [ 137.728654, 35.8617188 ], [ 137.7288128, 35.8618032 ], [ 137.7289515, 35.8618879 ], [ 137.7291101, 35.8619844 ], [ 137.7292267, 35.8620741 ], [ 137.7294492, 35.8622088 ], [ 137.7309645, 35.8631392 ], [ 137.7320245, 35.8637758 ], [ 137.7322719, 35.8639114 ], [ 137.7325035, 35.864029 ], [ 137.7326409, 35.8640674 ], [ 137.7329148, 35.8640921 ], [ 137.7331481, 35.8640838 ], [ 137.7339951, 35.8640299 ], [ 137.7343384, 35.8640324 ], [ 137.7346028, 35.8640805 ], [ 137.7347309, 35.8641357 ], [ 137.7349262, 35.8642466 ], [ 137.7351862, 35.8644192 ], [ 137.735429, 35.8645707 ], [ 137.7357217, 35.8647641 ], [ 137.7360592, 35.8649674 ], [ 137.7366198, 35.8653007 ], [ 137.7368241, 35.8654272 ], [ 137.7382937, 35.8663585 ], [ 137.738678, 35.8665889 ], [ 137.7396903, 35.8672467 ], [ 137.7401884, 35.8675863 ], [ 137.7404788, 35.8678115 ], [ 137.7407693, 35.8680368 ], [ 137.7410873, 35.8682802 ], [ 137.7415462, 35.8686318 ], [ 137.7418834, 35.8688963 ], [ 137.7423311, 35.8692273 ], [ 137.7425534, 35.8694105 ], [ 137.7435218, 35.8701257 ], [ 137.7442338, 35.8706552 ], [ 137.7447387, 35.8709421 ], [ 137.7454281, 35.8712301 ], [ 137.7463286, 35.8716396 ], [ 137.7469445, 35.8718946 ], [ 137.7484295, 35.8724668 ], [ 137.7500015, 35.8730614 ], [ 137.7517551, 35.8737246 ], [ 137.7522415, 35.8739916 ], [ 137.752594, 35.8742113 ], [ 137.7534268, 35.8747679 ], [ 137.7537771, 35.8750035 ], [ 137.7543779, 35.8753991 ], [ 137.7547559, 35.8756803 ], [ 137.7550073, 35.8759002 ], [ 137.756184, 35.8769871 ], [ 137.756412, 35.8772016 ], [ 137.7572754, 35.8779666 ], [ 137.7575173, 35.8781863 ], [ 137.7580702, 35.8786978 ], [ 137.7585376, 35.8791324 ], [ 137.7595954, 35.8801552 ], [ 137.759814, 35.8804182 ], [ 137.7600293, 35.8806905 ], [ 137.7605668, 35.8813224 ], [ 137.7607716, 35.8815861 ], [ 137.761346, 35.8823105 ], [ 137.761895, 35.883016 ], [ 137.7621293, 35.8833286 ], [ 137.7622818, 35.8835632 ], [ 137.762904, 35.884616 ], [ 137.7636162, 35.885838 ], [ 137.7639621, 35.8864402 ], [ 137.7644073, 35.8872059 ], [ 137.7648468, 35.8879774 ], [ 137.7650821, 35.8884052 ], [ 137.7653035, 35.8888274 ], [ 137.7663196, 35.8905671 ], [ 137.7666682, 35.8911563 ], [ 137.7669847, 35.8916953 ], [ 137.7671979, 35.8920873 ], [ 137.7673293, 35.892386 ], [ 137.7674677, 35.8927969 ], [ 137.7674954, 35.8929543 ], [ 137.7675438, 35.8931571 ], [ 137.7675782, 35.8934726 ], [ 137.7675716, 35.8938385 ], [ 137.7675507, 35.8941143 ], [ 137.7675504, 35.8950265 ], [ 137.7675988, 35.8953474 ], [ 137.7676869, 35.8956329 ], [ 137.7677649, 35.895781 ], [ 137.7679168, 35.8960229 ], [ 137.7681174, 35.8962652 ], [ 137.768332, 35.8964622 ], [ 137.7694888, 35.8974216 ], [ 137.7696109, 35.8975264 ], [ 137.7696871, 35.8975996 ], [ 137.7701718, 35.8978768 ], [ 137.7714032, 35.8985025 ], [ 137.7716097, 35.8986521 ], [ 137.7718838, 35.898846 ], [ 137.7722554, 35.899111 ], [ 137.772596, 35.8993435 ], [ 137.7728754, 35.8995311 ], [ 137.7731019, 35.8996977 ], [ 137.773271, 35.8999166 ], [ 137.7733727, 35.9000935 ], [ 137.7734924, 35.9004685 ], [ 137.7736357, 35.9010115 ], [ 137.7737874, 35.9014932 ], [ 137.7739124, 35.9019265 ], [ 137.7740207, 35.902314 ], [ 137.7740661, 35.9026805 ], [ 137.7740685, 35.9027299 ], [ 137.7740818, 35.9030105 ], [ 137.7740708, 35.9032304 ], [ 137.7740371, 35.903574 ], [ 137.7738791, 35.9039763 ], [ 137.7737207, 35.9041763 ], [ 137.7734541, 35.9044263 ], [ 137.7729084, 35.9047887 ], [ 137.7724999, 35.9050388 ], [ 137.7719705, 35.9053264 ], [ 137.7714707, 35.9056113 ], [ 137.7708266, 35.9059046 ], [ 137.7701985, 35.9063463 ], [ 137.7699318, 35.9065546 ], [ 137.7697319, 35.9068046 ], [ 137.7693985, 35.9073213 ], [ 137.7691902, 35.9076543 ], [ 137.7692652, 35.9080252 ], [ 137.7693707, 35.9083368 ], [ 137.7694491, 35.9085288 ], [ 137.7697274, 35.9093127 ], [ 137.7700399, 35.9101497 ], [ 137.7701441, 35.9105082 ], [ 137.7702924, 35.9110726 ], [ 137.7704197, 35.9115574 ], [ 137.7705233, 35.9121204 ], [ 137.7705719, 35.9125199 ], [ 137.7706038, 35.9130054 ], [ 137.77062, 35.913466 ], [ 137.7706302, 35.9141305 ], [ 137.7706338, 35.9143557 ], [ 137.7706562, 35.9146252 ], [ 137.7708275, 35.9150368 ], [ 137.7710419, 35.915464 ], [ 137.7712249, 35.9157864 ], [ 137.771346, 35.9159995 ], [ 137.7714608, 35.9162743 ], [ 137.7715147, 35.9166701 ], [ 137.7715144, 35.9170202 ], [ 137.7714561, 35.9173199 ], [ 137.7713228, 35.9177365 ], [ 137.7710894, 35.9181532 ], [ 137.7708189, 35.9185926 ], [ 137.7707647, 35.918749 ], [ 137.7707541, 35.9188426 ], [ 137.7707541, 35.9189863 ], [ 137.770773, 35.9190624 ], [ 137.7707897, 35.9191154 ], [ 137.770925, 35.9194321 ], [ 137.7710519, 35.9197071 ], [ 137.77112, 35.9198338 ], [ 137.7712999, 35.92008 ], [ 137.7716074, 35.9205261 ], [ 137.7717591, 35.920701 ], [ 137.7719725, 35.9209071 ], [ 137.7721672, 35.9210379 ], [ 137.7723905, 35.9211424 ], [ 137.7726054, 35.9212073 ], [ 137.7728894, 35.9212719 ], [ 137.7735381, 35.9212696 ], [ 137.7738911, 35.9212471 ], [ 137.774643, 35.9211946 ], [ 137.7753041, 35.9212415 ], [ 137.7757097, 35.9213279 ], [ 137.7760094, 35.921416 ], [ 137.7763458, 35.9215265 ], [ 137.7765908, 35.9216302 ], [ 137.7767361, 35.9217202 ], [ 137.7769022, 35.921861 ], [ 137.7772758, 35.9222718 ], [ 137.7776361, 35.9226885 ], [ 137.7778023, 35.9228722 ], [ 137.7780272, 35.9230935 ], [ 137.7784253, 35.9235388 ], [ 137.7785291, 35.9236288 ], [ 137.7788569, 35.9239213 ], [ 137.7791311, 35.9241188 ], [ 137.7793458, 35.9242482 ], [ 137.7794636, 35.9243046 ], [ 137.7796228, 35.9243721 ], [ 137.7804741, 35.9246368 ], [ 137.7807403, 35.9247901 ], [ 137.7808897, 35.9249012 ], [ 137.7810847, 35.925091 ], [ 137.7813861, 35.9254035 ], [ 137.7816369, 35.9256501 ], [ 137.7817591, 35.9257549 ], [ 137.7820455, 35.9259654 ], [ 137.7826005, 35.9262399 ], [ 137.782725, 35.9263229 ], [ 137.7828342, 35.9264076 ], [ 137.7831053, 35.9266751 ], [ 137.7834228, 35.9270015 ], [ 137.7836048, 35.9272069 ], [ 137.7836448, 35.9272576 ], [ 137.7839357, 35.9276271 ], [ 137.7843122, 35.9279599 ], [ 137.7846279, 35.9282886 ], [ 137.7855922, 35.9293112 ], [ 137.7861911, 35.9299518 ], [ 137.7865622, 35.9304074 ], [ 137.7866778, 35.9305774 ], [ 137.7867553, 35.9307524 ], [ 137.786795, 35.9309229 ], [ 137.7868295, 35.9314016 ], [ 137.7868572, 35.9318368 ], [ 137.7869019, 35.9324862 ], [ 137.7869197, 35.9328072 ], [ 137.7869975, 35.9340226 ], [ 137.7870337, 35.9348283 ], [ 137.7870567, 35.9353954 ], [ 137.7871055, 35.9360586 ], [ 137.7871608, 35.9365562 ], [ 137.7872439, 35.9371812 ], [ 137.7872922, 35.9375582 ], [ 137.7873683, 35.9379015 ], [ 137.78759, 35.9387351 ], [ 137.7877697, 35.9392871 ], [ 137.7879082, 35.9396365 ], [ 137.7882106, 35.9404429 ], [ 137.7882928, 35.9406643 ], [ 137.7883702, 35.9409251 ], [ 137.7884823, 35.9412281 ], [ 137.7888239, 35.9416836 ], [ 137.7889395, 35.9418101 ], [ 137.7891195, 35.9419921 ], [ 137.7893313, 35.9421739 ], [ 137.7895228, 35.9423279 ], [ 137.7897312, 35.9424779 ], [ 137.7899225, 35.9425862 ], [ 137.7901642, 35.9427154 ], [ 137.7905039, 35.9428949 ], [ 137.7905986, 35.9429449 ], [ 137.7911197, 35.9432202 ], [ 137.7928747, 35.9441474 ], [ 137.7958064, 35.9456962 ], [ 137.7978656, 35.9467748 ], [ 137.7984663, 35.9470954 ], [ 137.7996669, 35.9477361 ], [ 137.8012244, 35.9485673 ], [ 137.8039893, 35.9500034 ], [ 137.8059531, 35.9510368 ], [ 137.8065202, 35.9513185 ], [ 137.8069378, 35.9515598 ], [ 137.8073245, 35.9517854 ], [ 137.807962, 35.952164 ], [ 137.8083351, 35.9524396 ], [ 137.8085712, 35.9526201 ], [ 137.8087632, 35.9528036 ], [ 137.8088846, 35.9529443 ], [ 137.808989, 35.9531026 ], [ 137.8090754, 35.9532868 ], [ 137.8091437, 35.9534694 ], [ 137.809194, 35.953667 ], [ 137.8092206, 35.9540136 ], [ 137.809212, 35.9544348 ], [ 137.8091731, 35.9547995 ], [ 137.8091376, 35.9550909 ], [ 137.8089657, 35.955656 ], [ 137.8087889, 35.9561578 ], [ 137.8087193, 35.9563549 ], [ 137.8086469, 35.95661 ], [ 137.8086219, 35.9568267 ], [ 137.8086219, 35.9569392 ], [ 137.8086446, 35.9571941 ], [ 137.8087719, 35.9577766 ], [ 137.8090635, 35.9582128 ], [ 137.8091869, 35.9583692 ], [ 137.8092821, 35.9584802 ], [ 137.8093393, 35.958547 ], [ 137.8093718, 35.9585849 ], [ 137.8096298, 35.9587682 ], [ 137.8098092, 35.9590098 ], [ 137.8099495, 35.9591969 ], [ 137.8100342, 35.9593598 ], [ 137.8101154, 35.9595806 ], [ 137.8101467, 35.9596848 ], [ 137.8101841, 35.9599556 ], [ 137.8100979, 35.9602762 ], [ 137.8100034, 35.9604934 ], [ 137.8099095, 35.9607442 ], [ 137.8098237, 35.9609587 ], [ 137.8097245, 35.9612054 ], [ 137.8096726, 35.9614006 ], [ 137.8096712, 35.9616509 ], [ 137.8096943, 35.961804 ], [ 137.8097334, 35.9619559 ], [ 137.8097812, 35.9620862 ], [ 137.8098436, 35.9621979 ], [ 137.8098999, 35.9622987 ], [ 137.8103215, 35.9628107 ], [ 137.8107509, 35.9633009 ], [ 137.8109726, 35.9635431 ], [ 137.8112565, 35.9637909 ], [ 137.8115334, 35.9639654 ], [ 137.8127962, 35.9645427 ], [ 137.8134557, 35.9648632 ], [ 137.8137554, 35.9650181 ], [ 137.8140529, 35.965232 ], [ 137.8142795, 35.9654162 ], [ 137.8151369, 35.9661489 ], [ 137.8155512, 35.9664995 ], [ 137.8157007, 35.9666345 ], [ 137.8157585, 35.9666788 ], [ 137.815796, 35.9667076 ], [ 137.8159079, 35.9667976 ], [ 137.8160537, 35.966927 ], [ 137.8161857, 35.9670926 ], [ 137.8162531, 35.9671847 ], [ 137.8164479, 35.967479 ], [ 137.8166685, 35.9679946 ], [ 137.8168149, 35.9683626 ], [ 137.8169257, 35.9686217 ], [ 137.8171126, 35.9689651 ], [ 137.8172996, 35.9692412 ], [ 137.8173479, 35.9693031 ], [ 137.8178396, 35.9698942 ], [ 137.8190507, 35.9713131 ], [ 137.8193415, 35.9716339 ], [ 137.8195068, 35.9717856 ], [ 137.8196418, 35.9718795 ], [ 137.8197604, 35.9719417 ], [ 137.8199146, 35.9719981 ], [ 137.8200556, 35.972032 ], [ 137.8202832, 35.9720789 ], [ 137.8206243, 35.9720873 ], [ 137.8208078, 35.9720804 ], [ 137.8222866, 35.9719253 ], [ 137.8229699, 35.9718798 ], [ 137.8231301, 35.9718817 ], [ 137.8233045, 35.9719014 ], [ 137.8235915, 35.971947 ], [ 137.8238885, 35.9720245 ], [ 137.8242704, 35.9721689 ], [ 137.8244413, 35.9722582 ], [ 137.8245749, 35.9723323 ], [ 137.8247618, 35.9724731 ], [ 137.8249989, 35.9726988 ], [ 137.8253718, 35.9730914 ], [ 137.8257105, 35.9734415 ], [ 137.8258713, 35.9736325 ], [ 137.826076, 35.973867 ], [ 137.8262632, 35.9740859 ], [ 137.8264799, 35.9743359 ], [ 137.8266529, 35.9745503 ], [ 137.8267446, 35.9747087 ], [ 137.8268078, 35.9748516 ], [ 137.8268911, 35.9750623 ], [ 137.8269284, 35.9751585 ], [ 137.8269704, 35.9752777 ], [ 137.8270185, 35.9754064 ], [ 137.8270738, 35.975553 ], [ 137.8271798, 35.9759306 ], [ 137.8272016, 35.9760053 ], [ 137.8272402, 35.9761384 ], [ 137.8273154, 35.9763437 ], [ 137.8273993, 35.9764989 ], [ 137.827531, 35.9767012 ], [ 137.8276724, 35.9768573 ], [ 137.827828, 35.9770023 ], [ 137.8279668, 35.9771295 ], [ 137.8282093, 35.9773548 ], [ 137.8284863, 35.9775406 ], [ 137.8288185, 35.9776925 ], [ 137.8291852, 35.9778053 ], [ 137.8295591, 35.9778842 ], [ 137.8303066, 35.9780192 ], [ 137.8306384, 35.9780728 ], [ 137.8308465, 35.9781092 ], [ 137.8310318, 35.9781478 ], [ 137.8311923, 35.9781792 ], [ 137.8315388, 35.9782951 ], [ 137.8322588, 35.9785992 ], [ 137.8326374, 35.9788275 ], [ 137.8328057, 35.9789481 ], [ 137.8328527, 35.9789831 ], [ 137.8330391, 35.979132 ], [ 137.8331983, 35.9792614 ], [ 137.8332716, 35.9793248 ], [ 137.8333359, 35.9793911 ], [ 137.8335036, 35.9795487 ], [ 137.8336649, 35.9796998 ], [ 137.8338796, 35.9799475 ], [ 137.8341832, 35.9803559 ], [ 137.8351316, 35.9818256 ], [ 137.8351938, 35.98191 ], [ 137.8354555, 35.9823311 ], [ 137.8358585, 35.9829795 ], [ 137.8359555, 35.9831092 ], [ 137.8361511, 35.9833367 ], [ 137.8363502, 35.9835321 ], [ 137.836571, 35.983701 ], [ 137.8367583, 35.9838298 ], [ 137.8374991, 35.9843028 ], [ 137.8379074, 35.984545 ], [ 137.8381083, 35.9846801 ], [ 137.8382638, 35.9847839 ], [ 137.8383508, 35.9848664 ], [ 137.8384072, 35.9849317 ], [ 137.8386241, 35.9853003 ], [ 137.8387022, 35.9854086 ], [ 137.8388152, 35.9855217 ], [ 137.8389672, 35.9855998 ], [ 137.8391363, 35.98563 ], [ 137.8393358, 35.9856517 ], [ 137.8395413, 35.9856448 ], [ 137.839991, 35.9856039 ], [ 137.8402961, 35.9855837 ], [ 137.8404166, 35.9855692 ], [ 137.8407331, 35.9855345 ], [ 137.8411761, 35.9854911 ], [ 137.8414669, 35.9854867 ], [ 137.841701, 35.9855172 ], [ 137.8419963, 35.9855606 ], [ 137.8422308, 35.98563 ], [ 137.8424824, 35.9857125 ], [ 137.842708, 35.9858253 ], [ 137.8432594, 35.9861203 ], [ 137.8437541, 35.9863895 ], [ 137.8440884, 35.986559 ], [ 137.8443444, 35.9867064 ], [ 137.8444711, 35.9867966 ], [ 137.8447695, 35.9871143 ], [ 137.8449952, 35.9874181 ], [ 137.845221, 35.9877003 ], [ 137.8455812, 35.9881257 ], [ 137.8461105, 35.98862 ], [ 137.8465141, 35.9889673 ], [ 137.8468788, 35.9892797 ], [ 137.8473561, 35.989675 ], [ 137.848697, 35.9908206 ], [ 137.8488794, 35.9909636 ], [ 137.8491927, 35.9912182 ], [ 137.849468, 35.9914422 ], [ 137.8497656, 35.99167 ], [ 137.8498681, 35.9917485 ], [ 137.8500019, 35.9918674 ], [ 137.85016, 35.9920108 ], [ 137.8504439, 35.9923431 ], [ 137.8507762, 35.9928218 ], [ 137.8508522, 35.992957 ], [ 137.8510739, 35.9934525 ], [ 137.8513575, 35.9941672 ], [ 137.8514339, 35.9943645 ], [ 137.8514683, 35.994522 ], [ 137.8514786, 35.9946878 ], [ 137.851463, 35.9949202 ], [ 137.8513853, 35.9951583 ], [ 137.8512814, 35.9954792 ], [ 137.8512286, 35.995622 ], [ 137.8511939, 35.9957317 ], [ 137.8511233, 35.9959078 ], [ 137.851073, 35.9960545 ], [ 137.8510219, 35.9961982 ], [ 137.8509858, 35.9963292 ], [ 137.8509633, 35.9964355 ], [ 137.8509594, 35.9965439 ], [ 137.8509647, 35.9966292 ], [ 137.8509814, 35.9967708 ], [ 137.8510114, 35.9968587 ], [ 137.8511016, 35.9970335 ], [ 137.8514789, 35.9978078 ], [ 137.8516771, 35.9982754 ], [ 137.8517914, 35.9985281 ], [ 137.8520128, 35.9989575 ], [ 137.8521561, 35.9992569 ], [ 137.8524317, 35.9998367 ], [ 137.8525166, 36.0000033 ], [ 137.8525897, 36.0001469 ], [ 137.8526867, 36.0002483 ], [ 137.8528458, 36.0003606 ], [ 137.8530397, 36.0004394 ], [ 137.853517, 36.0005689 ], [ 137.8539136, 36.0006369 ], [ 137.8542131, 36.0007064 ], [ 137.8544472, 36.0007844 ], [ 137.8546428, 36.00088 ], [ 137.8548425, 36.0010355 ], [ 137.8549811, 36.001223 ], [ 137.8550811, 36.0014487 ], [ 137.8551231, 36.0016164 ], [ 137.8551336, 36.00283 ], [ 137.8551617, 36.0031589 ], [ 137.8551892, 36.0046453 ], [ 137.85521, 36.0052419 ], [ 137.8552803, 36.0061463 ], [ 137.8553911, 36.0064653 ], [ 137.8559378, 36.0075389 ], [ 137.8563511, 36.0083366 ], [ 137.8568175, 36.009228 ], [ 137.8570323, 36.009543 ], [ 137.8572817, 36.0098303 ], [ 137.8574332, 36.0099703 ], [ 137.8578014, 36.0102639 ], [ 137.8581158, 36.0104897 ], [ 137.8583353, 36.0106513 ], [ 137.8586288, 36.0108521 ], [ 137.8590635, 36.0111987 ], [ 137.8592427, 36.0114015 ], [ 137.8594785, 36.0117054 ], [ 137.8595823, 36.0118683 ], [ 137.85979, 36.0122793 ], [ 137.8598248, 36.0123864 ], [ 137.8598544, 36.012483 ], [ 137.8599467, 36.012785 ], [ 137.8601617, 36.0134772 ], [ 137.8602251, 36.0136466 ], [ 137.860902, 36.0148844 ], [ 137.8611773, 36.0152889 ], [ 137.861582, 36.0159316 ], [ 137.8617776, 36.0162344 ], [ 137.8618909, 36.0163886 ], [ 137.8619656, 36.0164925 ], [ 137.8621089, 36.0166625 ], [ 137.8623495, 36.0168903 ], [ 137.8628351, 36.0172691 ], [ 137.8633931, 36.0176786 ], [ 137.8637018, 36.0179603 ], [ 137.8638795, 36.0181275 ], [ 137.8640323, 36.018318 ], [ 137.8642659, 36.0186569 ], [ 137.8656276, 36.0205902 ], [ 137.8659304, 36.0210358 ], [ 137.8660666, 36.0212091 ], [ 137.8663812, 36.0214675 ], [ 137.866542, 36.0216052 ], [ 137.8668487, 36.0218238 ], [ 137.8686582, 36.0228522 ], [ 137.869041, 36.0230652 ], [ 137.8693876, 36.0232838 ], [ 137.8696051, 36.0234461 ], [ 137.8698054, 36.0236413 ], [ 137.8699793, 36.0238425 ], [ 137.8700662, 36.0239558 ], [ 137.8701429, 36.0240647 ], [ 137.870214, 36.0242294 ], [ 137.8702851, 36.0244174 ], [ 137.8703827, 36.0247322 ], [ 137.8704516, 36.0250033 ], [ 137.870587, 36.025737 ], [ 137.8706874, 36.026206 ], [ 137.8708881, 36.0267223 ], [ 137.8709621, 36.0268677 ], [ 137.8710915, 36.0270347 ], [ 137.8713893, 36.0273224 ], [ 137.87193, 36.0277228 ], [ 137.8720682, 36.0278119 ], [ 137.8721441, 36.0278491 ], [ 137.8722338, 36.0278841 ], [ 137.8727079, 36.0280636 ], [ 137.8731318, 36.0281877 ], [ 137.8732326, 36.0282219 ], [ 137.8734977, 36.0282971 ], [ 137.8737451, 36.028344 ], [ 137.8739005, 36.0284042 ], [ 137.8740529, 36.0284747 ], [ 137.8741263, 36.0285369 ], [ 137.8742432, 36.0286499 ], [ 137.874444, 36.0289402 ], [ 137.8746113, 36.0294433 ], [ 137.8746662, 36.0296 ], [ 137.8747776, 36.0299163 ], [ 137.8748215, 36.0300636 ], [ 137.8748469, 36.0301472 ], [ 137.8749508, 36.0303556 ], [ 137.8750406, 36.0304926 ], [ 137.875124, 36.0306199 ], [ 137.8752649, 36.0308369 ], [ 137.8753927, 36.0309405 ], [ 137.8755379, 36.0310768 ], [ 137.8757469, 36.031228 ], [ 137.8759271, 36.0313338 ], [ 137.8761543, 36.0314591 ], [ 137.8764832, 36.0316068 ], [ 137.8780552, 36.0322846 ], [ 137.8785224, 36.0325102 ], [ 137.8791037, 36.0327683 ], [ 137.8792214, 36.0328163 ], [ 137.8793988, 36.0328974 ], [ 137.8795305, 36.0330116 ], [ 137.8796394, 36.0331849 ], [ 137.8796954, 36.0333366 ], [ 137.8797888, 36.0335891 ], [ 137.8799844, 36.0339685 ], [ 137.8802016, 36.0342474 ], [ 137.8804104, 36.0344502 ], [ 137.8806874, 36.0346663 ], [ 137.8814224, 36.0351574 ], [ 137.8822488, 36.0358363 ], [ 137.882544, 36.0360665 ], [ 137.8827991, 36.036298 ], [ 137.882863, 36.0364255 ], [ 137.8829352, 36.0366591 ], [ 137.8830369, 36.0372133 ], [ 137.883211, 36.0378758 ], [ 137.8832428, 36.0379536 ], [ 137.883338, 36.0381302 ], [ 137.8834216, 36.0382855 ], [ 137.8834871, 36.0384566 ], [ 137.883681, 36.0387494 ], [ 137.8837849, 36.0388563 ], [ 137.883853, 36.0389039 ], [ 137.8839996, 36.0389972 ], [ 137.8842213, 36.0390927 ], [ 137.8844708, 36.0391602 ], [ 137.8851078, 36.0392674 ], [ 137.8854894, 36.0393294 ], [ 137.8855952, 36.039356 ], [ 137.8858135, 36.0393964 ], [ 137.88614, 36.0395683 ], [ 137.886306, 36.0396763 ], [ 137.8863972, 36.0397346 ], [ 137.8866536, 36.0399205 ], [ 137.8869166, 36.0401849 ], [ 137.887393, 36.0407743 ], [ 137.8880669, 36.0416149 ], [ 137.8881121, 36.0416699 ], [ 137.8883997, 36.0420202 ], [ 137.8887252, 36.0423749 ], [ 137.8895222, 36.0432083 ], [ 137.8900416, 36.0437263 ], [ 137.89038, 36.044046 ], [ 137.8911838, 36.0448244 ], [ 137.891264, 36.0448982 ], [ 137.8912977, 36.0449313 ], [ 137.8913375, 36.0453474 ], [ 137.8913927, 36.0455277 ], [ 137.8915036, 36.0457585 ], [ 137.8915869, 36.0459049 ], [ 137.8916688, 36.0459958 ], [ 137.8917652, 36.0461027 ], [ 137.8918913, 36.0462313 ], [ 137.8920297, 36.0463335 ], [ 137.8927806, 36.0467817 ], [ 137.893525, 36.0471938 ], [ 137.8940046, 36.0474687 ], [ 137.8947738, 36.0479163 ], [ 137.8949, 36.0479983 ], [ 137.8949883, 36.048076 ], [ 137.8950866, 36.0482032 ], [ 137.8954627, 36.0486871 ], [ 137.8963052, 36.0497613 ], [ 137.8966169, 36.0501271 ], [ 137.8973305, 36.051011 ], [ 137.8974136, 36.0511516 ], [ 137.8976078, 36.0515458 ], [ 137.8976978, 36.0517655 ], [ 137.8978711, 36.0525141 ], [ 137.8979264, 36.0528238 ], [ 137.8979819, 36.0530546 ], [ 137.8980441, 36.053246 ], [ 137.8983285, 36.0538437 ], [ 137.89846, 36.0541016 ], [ 137.8992075, 36.0551958 ], [ 137.8997833, 36.0560327 ], [ 137.9000022, 36.0563503 ], [ 137.9006564, 36.0572994 ], [ 137.9008332, 36.0575465 ], [ 137.9015133, 36.0584072 ], [ 137.9019872, 36.0590505 ], [ 137.90232, 36.0596516 ], [ 137.9024161, 36.0599396 ], [ 137.90252, 36.0602719 ], [ 137.9026103, 36.0606885 ], [ 137.902735, 36.0612966 ], [ 137.9028458, 36.0619719 ], [ 137.9029011, 36.062546 ], [ 137.9029218, 36.0628493 ], [ 137.9031297, 36.065333 ], [ 137.9032544, 36.0668388 ], [ 137.9033911, 36.0681229 ], [ 137.9034854, 36.0686716 ], [ 137.9035797, 36.0690574 ], [ 137.9037808, 36.0694512 ], [ 137.9039611, 36.0697184 ], [ 137.9042585, 36.0700892 ], [ 137.9048269, 36.0707824 ], [ 137.9056308, 36.0718124 ], [ 137.905998, 36.0723135 ], [ 137.9063099, 36.0729101 ], [ 137.9070789, 36.0741152 ], [ 137.9072763, 36.074419 ], [ 137.9073905, 36.0745935 ], [ 137.9075222, 36.074706 ], [ 137.9078879, 36.0750033 ], [ 137.9083355, 36.0753716 ], [ 137.9091089, 36.0760124 ], [ 137.9093029, 36.07617 ], [ 137.9094715, 36.0763218 ], [ 137.9103063, 36.0770638 ], [ 137.9107441, 36.077493 ], [ 137.91125, 36.0780108 ], [ 137.911548, 36.0783298 ], [ 137.9119661, 36.0787769 ], [ 137.9126813, 36.0795295 ], [ 137.913183, 36.0800602 ], [ 137.913675, 36.0805783 ], [ 137.9140591, 36.0809772 ], [ 137.9144315, 36.0813674 ], [ 137.9146003, 36.0815442 ], [ 137.9152685, 36.0822557 ], [ 137.9162911, 36.0833366 ], [ 137.9167791, 36.0838448 ], [ 137.9172639, 36.0843499 ], [ 137.9178044, 36.084851 ], [ 137.9182067, 36.0851946 ], [ 137.9192279, 36.0860201 ], [ 137.9198272, 36.0864835 ], [ 137.9209881, 36.0875083 ], [ 137.9215219, 36.0880599 ], [ 137.9217578, 36.0883642 ], [ 137.9218825, 36.0885894 ], [ 137.9219228, 36.0886853 ], [ 137.9220075, 36.0888988 ], [ 137.9220836, 36.0891688 ], [ 137.9221647, 36.0896989 ], [ 137.9222156, 36.0899797 ], [ 137.9222503, 36.090261 ], [ 137.9222919, 36.0905088 ], [ 137.9223468, 36.0909284 ], [ 137.9223642, 36.091049 ], [ 137.9224514, 36.0916066 ], [ 137.9224881, 36.0918149 ], [ 137.9225069, 36.0919219 ], [ 137.9225747, 36.0923625 ], [ 137.9226272, 36.0927769 ], [ 137.9226939, 36.093211 ], [ 137.9227398, 36.0934271 ], [ 137.9228001, 36.0936392 ], [ 137.9228672, 36.0938247 ], [ 137.9231378, 36.0942749 ], [ 137.923325, 36.0945227 ], [ 137.9234986, 36.094703 ], [ 137.9236025, 36.0947816 ], [ 137.923887, 36.0950349 ], [ 137.9241297, 36.0952096 ], [ 137.9244593, 36.0954087 ], [ 137.9250022, 36.0957284 ], [ 137.9254406, 36.0959866 ], [ 137.9255549, 36.096046 ], [ 137.9256417, 36.0961105 ], [ 137.9259122, 36.0962963 ], [ 137.9265089, 36.0967749 ], [ 137.9269182, 36.0971806 ], [ 137.9271328, 36.0974052 ], [ 137.9275722, 36.0979661 ], [ 137.9283781, 36.0994252 ], [ 137.9286845, 36.1000033 ], [ 137.9288411, 36.1002988 ], [ 137.9293047, 36.1011661 ], [ 137.9297303, 36.101978 ], [ 137.9301285, 36.1027209 ], [ 137.9302986, 36.1030924 ], [ 137.9303667, 36.1032944 ], [ 137.9304514, 36.1037035 ], [ 137.9305205, 36.1039927 ], [ 137.9306423, 36.1044872 ], [ 137.9307811, 36.1049994 ], [ 137.930892, 36.1055063 ], [ 137.9309406, 36.1056863 ], [ 137.9311067, 36.1063335 ], [ 137.9312525, 36.1066997 ], [ 137.9313495, 36.1069136 ], [ 137.9316061, 36.1074033 ], [ 137.9319809, 36.1080452 ], [ 137.9321559, 36.1083366 ], [ 137.932691, 36.1092279 ], [ 137.9329725, 36.1096722 ], [ 137.9330487, 36.1098127 ], [ 137.9332778, 36.1101899 ], [ 137.9333356, 36.1103064 ], [ 137.9334928, 36.1106233 ], [ 137.9336523, 36.110961 ], [ 137.9339466, 36.1117069 ], [ 137.9345331, 36.1131736 ], [ 137.9345536, 36.1132523 ], [ 137.9349076, 36.1141588 ], [ 137.934984, 36.1142997 ], [ 137.935053, 36.1143978 ], [ 137.9351332, 36.1145117 ], [ 137.9352782, 36.1146906 ], [ 137.9356151, 36.1150255 ], [ 137.9362159, 36.1155152 ], [ 137.9371201, 36.1158194 ], [ 137.9378658, 36.1160495 ], [ 137.939062, 36.1164163 ], [ 137.9398689, 36.1166699 ], [ 137.9410411, 36.1170267 ], [ 137.942239, 36.1173958 ], [ 137.9431893, 36.1176944 ], [ 137.9443059, 36.118043 ], [ 137.9451227, 36.1183079 ], [ 137.9457998, 36.1185093 ], [ 137.9468862, 36.1188144 ], [ 137.947815, 36.1189946 ], [ 137.9482961, 36.1190814 ], [ 137.9492258, 36.1191383 ], [ 137.9502154, 36.1191769 ], [ 137.9510814, 36.1191857 ], [ 137.951775, 36.1191912 ], [ 137.9529531, 36.1191971 ], [ 137.955113, 36.119192 ], [ 137.9557435, 36.1191919 ], [ 137.957331, 36.119181 ], [ 137.9595476, 36.1191483 ], [ 137.9600784, 36.1191209 ], [ 137.959942, 36.1196789 ], [ 137.9596146, 36.1208604 ], [ 137.9594005, 36.1214233 ], [ 137.9593123, 36.1216438 ], [ 137.9589873, 36.1223494 ], [ 137.9583019, 36.1237971 ], [ 137.9580318, 36.1243851 ], [ 137.9575916, 36.1253268 ], [ 137.9570884, 36.1263676 ], [ 137.9565035, 36.1275396 ], [ 137.9563257, 36.1278502 ], [ 137.9559053, 36.1285747 ], [ 137.9553215, 36.1296678 ], [ 137.9550357, 36.1301638 ], [ 137.9548273, 36.1305783 ], [ 137.9548045, 36.1306238 ], [ 137.9545223, 36.1311997 ], [ 137.9544807, 36.1313797 ], [ 137.9544182, 36.1318133 ], [ 137.9543974, 36.1323483 ], [ 137.9543834, 36.1327303 ], [ 137.9543765, 36.1329166 ], [ 137.954356, 36.1337239 ], [ 137.9543224, 36.134662 ], [ 137.9542943, 36.1354119 ], [ 137.9542726, 36.1359227 ], [ 137.9543485, 36.1377919 ], [ 137.9543485, 36.1383155 ], [ 137.9543276, 36.1384225 ], [ 137.9542585, 36.138642 ], [ 137.9541082, 36.1389247 ], [ 137.9538699, 36.1393288 ], [ 137.9535302, 36.139903 ], [ 137.9531432, 36.1405457 ], [ 137.9526732, 36.1413602 ], [ 137.9517671, 36.1428938 ], [ 137.9513798, 36.1435431 ], [ 137.951116, 36.1439733 ], [ 137.9506929, 36.1446036 ], [ 137.9505819, 36.1447985 ], [ 137.9505033, 36.1449582 ], [ 137.9504571, 36.1451158 ], [ 137.9503976, 36.1454412 ], [ 137.9503668, 36.1460786 ], [ 137.9503807, 36.1478216 ], [ 137.9503774, 36.1483008 ], [ 137.9503715, 36.1491348 ], [ 137.9503456, 36.1500033 ], [ 137.9503245, 36.1507062 ], [ 137.9502891, 36.151439 ], [ 137.950269, 36.1535431 ], [ 137.9502485, 36.1548944 ], [ 137.9502378, 36.1553204 ], [ 137.9502581, 36.1559389 ], [ 137.9502694, 36.1560713 ], [ 137.9503108, 36.1562738 ], [ 137.9504774, 36.156758 ], [ 137.9510947, 36.158385 ], [ 137.9513984, 36.1591307 ], [ 137.9517082, 36.1598974 ], [ 137.9519873, 36.160635 ], [ 137.9521211, 36.1610027 ], [ 137.9522669, 36.1614475 ], [ 137.9525011, 36.1623938 ], [ 137.9528144, 36.1635586 ], [ 137.9530468, 36.1642641 ], [ 137.9532308, 36.1647858 ], [ 137.9534805, 36.1653544 ], [ 137.9537789, 36.1659905 ], [ 137.9541239, 36.1666397 ], [ 137.9547501, 36.1677277 ], [ 137.9551183, 36.1683542 ], [ 137.9553669, 36.1687775 ], [ 137.9554989, 36.1689744 ], [ 137.955693, 36.1692278 ], [ 137.9561408, 36.1698077 ], [ 137.9563765, 36.1701443 ], [ 137.9565442, 36.170312 ], [ 137.9567454, 36.170473 ], [ 137.9571908, 36.1708041 ], [ 137.9582112, 36.1714946 ], [ 137.959015, 36.1720325 ], [ 137.9593599, 36.1722626 ], [ 137.9596208, 36.172465 ], [ 137.9599404, 36.1727777 ], [ 137.9602806, 36.1731911 ], [ 137.9604747, 36.1734725 ], [ 137.9606553, 36.1737766 ], [ 137.9608428, 36.1741705 ], [ 137.9610615, 36.1750033 ], [ 137.9611692, 36.1754316 ], [ 137.9612594, 36.1758198 ], [ 137.9614122, 36.1765124 ], [ 137.9616501, 36.1775656 ], [ 137.962001, 36.1790891 ], [ 137.9621898, 36.1798905 ], [ 137.9623078, 36.1804025 ], [ 137.9624401, 36.180965 ], [ 137.9626273, 36.181793 ], [ 137.962787, 36.1824689 ], [ 137.9628823, 36.1829074 ], [ 137.9629881, 36.1833694 ], [ 137.963082, 36.1837293 ], [ 137.9632242, 36.18418 ], [ 137.9634951, 36.1849458 ], [ 137.9635923, 36.1852383 ], [ 137.9636965, 36.1855425 ], [ 137.9638423, 36.1860661 ], [ 137.9639649, 36.1866338 ], [ 137.9641031, 36.1873672 ], [ 137.9641823, 36.1877941 ], [ 137.9643386, 36.1888528 ], [ 137.9644228, 36.1893894 ], [ 137.9645015, 36.1898661 ], [ 137.9645848, 36.1903725 ], [ 137.9646334, 36.1906483 ], [ 137.9646959, 36.1910369 ], [ 137.9647793, 36.1913861 ], [ 137.9648589, 36.19167 ], [ 137.9649387, 36.1919828 ], [ 137.9650637, 36.1923207 ], [ 137.965432, 36.1930867 ], [ 137.965782, 36.1938072 ], [ 137.9663992, 36.1950151 ], [ 137.9666693, 36.1955412 ], [ 137.9669912, 36.196164 ], [ 137.967234, 36.1970997 ], [ 137.9672579, 36.1975619 ], [ 137.9672546, 36.1978391 ], [ 137.9672173, 36.1980489 ], [ 137.9671315, 36.1983067 ], [ 137.9670496, 36.1984961 ], [ 137.9669012, 36.1988909 ], [ 137.9667969, 36.199096 ], [ 137.9664775, 36.1997176 ], [ 137.966106, 36.2004669 ], [ 137.9657374, 36.2012112 ], [ 137.9650981, 36.2023188 ], [ 137.9649366, 36.2026225 ], [ 137.9644645, 36.2035101 ], [ 137.9639874, 36.2043958 ], [ 137.9636054, 36.2051278 ], [ 137.9630558, 36.2061406 ], [ 137.9626888, 36.2068278 ], [ 137.9618763, 36.2083194 ], [ 137.9614318, 36.2091639 ], [ 137.9606957, 36.2105939 ], [ 137.9605675, 36.2109731 ], [ 137.9605411, 36.211079 ], [ 137.9605013, 36.211348 ], [ 137.9604183, 36.2120673 ], [ 137.9604107, 36.2121258 ], [ 137.960397, 36.2133022 ], [ 137.9603946, 36.2149975 ], [ 137.9603833, 36.2169563 ], [ 137.9603833, 36.2177264 ], [ 137.9603344, 36.2193003 ], [ 137.9603344, 36.2200289 ], [ 137.9603135, 36.2203892 ], [ 137.9602921, 36.2206993 ], [ 137.9601389, 36.2219559 ], [ 137.9600149, 36.2229842 ], [ 137.959881, 36.2240285 ], [ 137.9597019, 36.225325 ], [ 137.9596261, 36.2260356 ], [ 137.9594733, 36.2270147 ], [ 137.9594111, 36.2272231 ], [ 137.959351, 36.2273991 ], [ 137.9592708, 36.2275688 ], [ 137.9591677, 36.2277148 ], [ 137.9591157, 36.2277886 ], [ 137.9589806, 36.2279325 ], [ 137.9583208, 36.2284672 ], [ 137.9569739, 36.2295989 ], [ 137.9567447, 36.2298239 ], [ 137.9565995, 36.230011 ], [ 137.9564808, 36.2301898 ], [ 137.9564183, 36.2303306 ], [ 137.9563547, 36.2305081 ], [ 137.9563003, 36.2307133 ], [ 137.9562815, 36.2310622 ], [ 137.9563309, 36.231691 ], [ 137.9563613, 36.2322984 ], [ 137.9563613, 36.2329364 ], [ 137.9563613, 36.2339978 ], [ 137.9563555, 36.2346707 ], [ 137.9564111, 36.2357572 ], [ 137.9564428, 36.2365868 ], [ 137.9564422, 36.2368435 ], [ 137.9564064, 36.2370553 ], [ 137.9563903, 36.2371311 ], [ 137.9562931, 36.2373783 ], [ 137.9561322, 36.2377775 ], [ 137.9550943, 36.2403227 ], [ 137.9549739, 36.2405494 ], [ 137.9543809, 36.2416901 ], [ 137.9541289, 36.242152 ], [ 137.9538964, 36.2426092 ], [ 137.9529837, 36.2442655 ], [ 137.95267, 36.2449371 ], [ 137.9525502, 36.2453006 ], [ 137.9523049, 36.2463265 ], [ 137.9522194, 36.2468049 ], [ 137.9520311, 36.2478952 ], [ 137.951967, 36.2482714 ], [ 137.9519253, 36.2484572 ], [ 137.9517101, 36.2497128 ], [ 137.9515365, 36.2506244 ], [ 137.9513837, 36.2514128 ], [ 137.9513073, 36.2520208 ], [ 137.951224, 36.2528368 ], [ 137.9511554, 36.2531297 ], [ 137.9508602, 36.2538477 ], [ 137.950455, 36.2548482 ], [ 137.9500029, 36.2559393 ], [ 137.9494943, 36.2571119 ], [ 137.9490128, 36.2583108 ], [ 137.9486551, 36.2592228 ], [ 137.9482115, 36.2604486 ], [ 137.9480596, 36.2609033 ], [ 137.9476922, 36.2619019 ], [ 137.9472015, 36.2624883 ], [ 137.9463196, 36.2636091 ], [ 137.9457557, 36.2643325 ], [ 137.9456475, 36.2644662 ], [ 137.9452613, 36.2649436 ], [ 137.9450258, 36.2652893 ], [ 137.944914, 36.2654841 ], [ 137.9447976, 36.2657396 ], [ 137.9447754, 36.2658288 ], [ 137.9447531, 36.265918 ], [ 137.9447349, 36.2662083 ], [ 137.9447465, 36.2664155 ], [ 137.9447838, 36.2667491 ], [ 137.9448588, 36.2671891 ], [ 137.9450704, 36.2683075 ], [ 137.9453629, 36.2704352 ], [ 137.9453706, 36.2704889 ], [ 137.945406, 36.2707352 ], [ 137.9454871, 36.2710083 ], [ 137.9456489, 36.2714576 ], [ 137.946066, 36.2725211 ], [ 137.9468746, 36.2744894 ], [ 137.9471587, 36.2750688 ], [ 137.9472671, 36.2753486 ], [ 137.9473605, 36.2757308 ], [ 137.9474352, 36.2760847 ], [ 137.9474727, 36.2763527 ], [ 137.9474913, 36.2767219 ], [ 137.9473855, 36.277683 ], [ 137.9472483, 36.2791794 ], [ 137.9471488, 36.2799747 ], [ 137.9470491, 36.2807836 ], [ 137.9470055, 36.281015 ], [ 137.9468811, 36.2813233 ], [ 137.9466261, 36.281778 ], [ 137.9462899, 36.2823916 ], [ 137.9459639, 36.2830588 ], [ 137.9458383, 36.2833366 ], [ 137.9456244, 36.2838102 ], [ 137.9452194, 36.2847705 ], [ 137.9451197, 36.2850233 ], [ 137.9450327, 36.2853483 ], [ 137.9449827, 36.2857072 ], [ 137.9449391, 36.2861572 ], [ 137.9449141, 36.2867319 ], [ 137.9449205, 36.2873033 ], [ 137.9448705, 36.2876066 ], [ 137.9448211, 36.2878213 ], [ 137.9447897, 36.2879202 ], [ 137.9443544, 36.2892852 ], [ 137.9439311, 36.2905516 ], [ 137.943579, 36.29167 ], [ 137.9433343, 36.2923559 ], [ 137.9432472, 36.2925705 ], [ 137.9431147, 36.2927744 ], [ 137.9427739, 36.2932713 ], [ 137.9420825, 36.2943058 ], [ 137.9418706, 36.2946191 ], [ 137.9417336, 36.2948872 ], [ 137.9417025, 36.2949706 ], [ 137.9416525, 36.2951044 ], [ 137.9414659, 36.2957947 ], [ 137.9411797, 36.2971622 ], [ 137.9409431, 36.2982213 ], [ 137.9406692, 36.2995691 ], [ 137.9405649, 36.3000033 ], [ 137.9404299, 36.3005993 ], [ 137.9404288, 36.3006629 ], [ 137.9404264, 36.3008072 ], [ 137.9404325, 36.3010747 ], [ 137.9404762, 36.3015355 ], [ 137.9405448, 36.3023188 ], [ 137.9405695, 36.3027638 ], [ 137.9405009, 36.3037063 ], [ 137.940407, 36.304438 ], [ 137.9402823, 36.3049938 ], [ 137.9400408, 36.3056626 ], [ 137.9399709, 36.3058177 ], [ 137.9397745, 36.3062305 ], [ 137.9396237, 36.3064858 ], [ 137.9394556, 36.3066394 ], [ 137.9390269, 36.3069055 ], [ 137.9383854, 36.3072907 ], [ 137.9370581, 36.3081361 ], [ 137.9369634, 36.3082269 ], [ 137.9368564, 36.3083545 ], [ 137.9362834, 36.3091742 ], [ 137.9352204, 36.3107041 ], [ 137.934704, 36.3114683 ], [ 137.9344368, 36.311846 ], [ 137.9338888, 36.3128069 ], [ 137.9333365, 36.3138107 ], [ 137.9327923, 36.3147802 ], [ 137.9324304, 36.3155074 ], [ 137.9323401, 36.3157336 ], [ 137.9321962, 36.3163236 ], [ 137.9321228, 36.3166699 ], [ 137.9318107, 36.3179563 ], [ 137.9316891, 36.3183594 ], [ 137.9315912, 36.3187874 ], [ 137.9314801, 36.3194222 ], [ 137.9313485, 36.320107 ], [ 137.9311599, 36.321097 ], [ 137.9309538, 36.3222702 ], [ 137.9307901, 36.3229521 ], [ 137.9305704, 36.3236058 ], [ 137.9303982, 36.3240872 ], [ 137.9300219, 36.3250032 ], [ 137.9298624, 36.3253938 ], [ 137.9292926, 36.3268464 ], [ 137.9290027, 36.3275285 ], [ 137.9288408, 36.3279089 ], [ 137.9283207, 36.3291497 ], [ 137.9280591, 36.3297391 ], [ 137.927098, 36.3319767 ], [ 137.9264882, 36.3333366 ], [ 137.9262751, 36.3338148 ], [ 137.9260706, 36.3343327 ], [ 137.9254722, 36.3356915 ], [ 137.9251302, 36.3364535 ], [ 137.9250033, 36.3366635 ], [ 137.9248647, 36.3368927 ], [ 137.9248091, 36.3370335 ], [ 137.9247674, 36.3372135 ], [ 137.9247426, 36.337528 ], [ 137.9246422, 36.3384466 ], [ 137.9245754, 36.3390657 ], [ 137.924503, 36.3397355 ], [ 137.9244336, 36.3401296 ], [ 137.9242802, 36.3405799 ], [ 137.9238267, 36.3416699 ], [ 137.9233827, 36.342736 ], [ 137.9228814, 36.3438735 ], [ 137.9223402, 36.3449854 ], [ 137.9220744, 36.3455502 ], [ 137.9220258, 36.3457305 ], [ 137.9219911, 36.3460402 ], [ 137.9219911, 36.3464431 ], [ 137.9220119, 36.3466649 ], [ 137.9220744, 36.3468732 ], [ 137.9222067, 36.3471716 ], [ 137.9225401, 36.3477052 ], [ 137.9229525, 36.3483295 ], [ 137.9232281, 36.3487107 ], [ 137.9235736, 36.3490566 ], [ 137.9241581, 36.3495835 ], [ 137.9251346, 36.3504713 ], [ 137.9257916, 36.3511191 ], [ 137.9261239, 36.3514499 ], [ 137.926423, 36.3517199 ], [ 137.9270057, 36.3521789 ], [ 137.9276547, 36.3526882 ], [ 137.9279678, 36.3529471 ], [ 137.9285789, 36.3534139 ], [ 137.9299591, 36.3544575 ], [ 137.9302081, 36.3546641 ], [ 137.9306656, 36.3553285 ], [ 137.9310433, 36.3558744 ], [ 137.9313665, 36.3563309 ], [ 137.9315311, 36.3565901 ], [ 137.9315164, 36.3568371 ], [ 137.9315106, 36.3576678 ], [ 137.9315022, 36.3586416 ], [ 137.9315092, 36.3593816 ], [ 137.9313488, 36.3598903 ], [ 137.9309595, 36.3611152 ], [ 137.9309317, 36.3613346 ], [ 137.930921, 36.3619601 ], [ 137.9309178, 36.3621621 ], [ 137.9309595, 36.3625449 ], [ 137.9310081, 36.3628152 ], [ 137.9312239, 36.3636818 ], [ 137.9314606, 36.3645488 ], [ 137.9317862, 36.3657566 ], [ 137.9312795, 36.3661813 ], [ 137.9306537, 36.3666856 ], [ 137.9291212, 36.3679368 ], [ 137.9286424, 36.3682937 ], [ 137.9283503, 36.3685004 ], [ 137.9280023, 36.3687652 ], [ 137.9278631, 36.3689621 ], [ 137.9273322, 36.3698761 ], [ 137.9270405, 36.3704169 ], [ 137.9266314, 36.3708085 ], [ 137.9256715, 36.3717427 ], [ 137.9248576, 36.3725244 ], [ 137.9243818, 36.3729946 ], [ 137.9240355, 36.373343 ], [ 137.9235073, 36.3738818 ], [ 137.9231106, 36.3743377 ], [ 137.9228256, 36.3747374 ], [ 137.9225384, 36.3751907 ], [ 137.921587, 36.3766852 ], [ 137.9215242, 36.3768371 ], [ 137.9215034, 36.376916 ], [ 137.9215034, 36.3771635 ], [ 137.9215451, 36.3775887 ], [ 137.9216009, 36.3781093 ], [ 137.9216356, 36.3785202 ], [ 137.9217125, 36.3794969 ], [ 137.9217609, 36.379826 ], [ 137.9218723, 36.3802202 ], [ 137.9219487, 36.380389 ], [ 137.9220656, 36.3805885 ], [ 137.9222959, 36.3809274 ], [ 137.9226234, 36.3812896 ], [ 137.9229507, 36.3816104 ], [ 137.923222, 36.3818468 ], [ 137.9234865, 36.3820213 ], [ 137.9237787, 36.3821735 ], [ 137.924857, 36.3826238 ], [ 137.9250034, 36.3826921 ], [ 137.9252921, 36.3828409 ], [ 137.9255182, 36.383001 ], [ 137.9256365, 36.3831474 ], [ 137.9257337, 36.3832993 ], [ 137.9257416, 36.3833192 ], [ 137.9257826, 36.3834232 ], [ 137.9258243, 36.383609 ], [ 137.9258289, 36.3838937 ], [ 137.9258382, 36.3845996 ], [ 137.92582, 36.3854326 ], [ 137.9258171, 36.385776 ], [ 137.9258027, 36.3863631 ], [ 137.9257896, 36.3868079 ], [ 137.9257571, 36.3871631 ], [ 137.9256848, 36.3875254 ], [ 137.9255917, 36.3880835 ], [ 137.925469, 36.388799 ], [ 137.9253576, 36.3894238 ], [ 137.9252115, 36.3901215 ], [ 137.9251143, 36.3904763 ], [ 137.9250035, 36.3909569 ], [ 137.9248987, 36.391411 ], [ 137.9247804, 36.3920187 ], [ 137.9247318, 36.3924635 ], [ 137.924676, 36.393139 ], [ 137.9246845, 36.393299 ], [ 137.9247385, 36.3935049 ], [ 137.9248847, 36.3946203 ], [ 137.9249452, 36.3951095 ], [ 137.9249682, 36.3955876 ], [ 137.9250376, 36.3965276 ], [ 137.9250724, 36.3969724 ], [ 137.9251768, 36.3976593 ], [ 137.9253131, 36.3984602 ], [ 137.9254621, 36.3991509 ], [ 137.9257612, 36.3998206 ], [ 137.9258185, 36.4000032 ], [ 137.9258807, 36.4002027 ], [ 137.9259216, 36.4003951 ], [ 137.9259261, 36.4005836 ], [ 137.9259243, 36.4007006 ], [ 137.9257266, 36.4013574 ], [ 137.9251847, 36.4029872 ], [ 137.9250811, 36.4032965 ], [ 137.924801, 36.4041326 ], [ 137.9248021, 36.4041964 ], [ 137.9248085, 36.4042671 ], [ 137.9248413, 36.4044074 ], [ 137.9250068, 36.40485 ], [ 137.9252132, 36.4054029 ], [ 137.9253097, 36.4056658 ], [ 137.9255824, 36.4064073 ], [ 137.9257194, 36.4066937 ], [ 137.9258892, 36.407026 ], [ 137.926141, 36.4075028 ], [ 137.9264259, 36.4080686 ], [ 137.9265712, 36.4083365 ], [ 137.9267005, 36.408574 ], [ 137.9267632, 36.4086584 ], [ 137.9269788, 36.4088665 ], [ 137.9271779, 36.4090166 ], [ 137.9273952, 36.4091745 ], [ 137.927758, 36.4094126 ], [ 137.9280818, 36.4095856 ], [ 137.9288785, 36.4099701 ], [ 137.9290883, 36.4100409 ], [ 137.9299843, 36.4103716 ], [ 137.9313485, 36.4108765 ], [ 137.9316266, 36.4109551 ], [ 137.9318563, 36.4110004 ], [ 137.9322018, 36.411046 ], [ 137.9322762, 36.4109787 ], [ 137.932367, 36.4109454 ], [ 137.9325441, 36.4109109 ], [ 137.9327746, 36.4109046 ], [ 137.932893, 36.4109326 ], [ 137.9331799, 36.4110312 ], [ 137.9346575, 36.4119679 ], [ 137.9363563, 36.4131137 ], [ 137.9368805, 36.4135001 ], [ 137.9370327, 36.4137763 ], [ 137.9372857, 36.4143571 ], [ 137.9375558, 36.4149398 ], [ 137.937816, 36.4156082 ], [ 137.9380533, 36.4162443 ], [ 137.938191, 36.416554 ], [ 137.9382641, 36.4166698 ], [ 137.9383349, 36.4167821 ], [ 137.9384877, 36.4169768 ], [ 137.9385358, 36.4170515 ], [ 137.9387178, 36.417286 ], [ 137.9389324, 36.4174962 ], [ 137.9390716, 36.417609 ], [ 137.9393708, 36.4179184 ], [ 137.939691, 36.4182676 ], [ 137.9403377, 36.4188926 ], [ 137.9406997, 36.4191907 ], [ 137.9409459, 36.4193401 ], [ 137.9413296, 36.4195842 ], [ 137.9416961, 36.4198136 ], [ 137.9422102, 36.4200923 ], [ 137.9431575, 36.4206517 ], [ 137.943433, 36.4208095 ], [ 137.9440338, 36.4211773 ], [ 137.9441594, 36.4212857 ], [ 137.9443358, 36.4214576 ], [ 137.9444261, 36.4215912 ], [ 137.9445752, 36.4218804 ], [ 137.9446699, 36.4221212 ], [ 137.9449277, 36.4230276 ], [ 137.9449802, 36.4233754 ], [ 137.9449822, 36.4236362 ], [ 137.9449641, 36.4238959 ], [ 137.9448658, 36.4241951 ], [ 137.944748, 36.4244504 ], [ 137.9445665, 36.4247186 ], [ 137.9444369, 36.4248924 ], [ 137.944333, 36.4253489 ], [ 137.9441686, 36.4257576 ], [ 137.9439361, 36.4261276 ], [ 137.9434553, 36.4267946 ], [ 137.943118, 36.427262 ], [ 137.942638, 36.4278479 ], [ 137.9419778, 36.4285615 ], [ 137.9416702, 36.4288485 ], [ 137.9405825, 36.4298637 ], [ 137.9388705, 36.4314001 ], [ 137.93816, 36.4321262 ], [ 137.9378275, 36.4324831 ], [ 137.9375205, 36.4328531 ], [ 137.9372925, 36.4332643 ], [ 137.937133, 36.4336095 ], [ 137.9369928, 36.434027 ], [ 137.9369522, 36.4341684 ], [ 137.936925, 36.4343817 ], [ 137.9369025, 36.4347311 ], [ 137.9369389, 36.4350551 ], [ 137.936945, 36.4352562 ], [ 137.936892, 36.4364756 ], [ 137.9369383, 36.4365817 ], [ 137.937095, 36.436799 ], [ 137.937545, 36.4372248 ], [ 137.9383417, 36.4379665 ], [ 137.9385839, 36.4386062 ], [ 137.9388595, 36.4396428 ], [ 137.939138, 36.4406812 ], [ 137.9392553, 36.4412392 ], [ 137.9392811, 36.4417788 ], [ 137.9393167, 36.4423301 ], [ 137.9394339, 36.4427231 ], [ 137.9400419, 36.4437442 ], [ 137.940527, 36.4446467 ], [ 137.9408239, 36.444989 ], [ 137.9415508, 36.4455915 ], [ 137.9420287, 36.4460487 ], [ 137.9429192, 36.4468759 ], [ 137.943726, 36.4476041 ], [ 137.9449114, 36.4486642 ], [ 137.9452505, 36.4490506 ], [ 137.9454331, 36.4492848 ], [ 137.9458165, 36.4499609 ], [ 137.9461051, 36.4506624 ], [ 137.9461333, 36.4509521 ], [ 137.94619, 36.4515014 ], [ 137.9462001, 36.4518906 ], [ 137.9462142, 36.4524412 ], [ 137.9463065, 36.4527064 ], [ 137.9464512, 36.4532862 ], [ 137.9464687, 36.4534134 ], [ 137.9464581, 36.4535914 ], [ 137.9464373, 36.4536959 ], [ 137.9463859, 36.4538228 ], [ 137.9460423, 36.4544439 ], [ 137.945739, 36.4550937 ], [ 137.9453409, 36.456247 ], [ 137.9450448, 36.4567731 ], [ 137.9449165, 36.4569423 ], [ 137.9444054, 36.4574817 ], [ 137.9443073, 36.4575867 ], [ 137.9439051, 36.4579914 ], [ 137.9437229, 36.458255 ], [ 137.9436716, 36.4583468 ], [ 137.9434862, 36.4586785 ], [ 137.9430926, 36.4594486 ], [ 137.9427679, 36.4601461 ], [ 137.9426223, 36.4606536 ], [ 137.9426251, 36.460812 ], [ 137.9426693, 36.4610403 ], [ 137.9427398, 36.4612406 ], [ 137.9429113, 36.4614712 ], [ 137.9431218, 36.4616992 ], [ 137.9433329, 36.461845 ], [ 137.9435596, 36.4619456 ], [ 137.9439265, 36.462035 ], [ 137.9444576, 36.4621098 ], [ 137.9454175, 36.4621892 ], [ 137.9458257, 36.4622056 ], [ 137.9462904, 36.4622542 ], [ 137.9466885, 36.4623448 ], [ 137.9470168, 36.4624634 ], [ 137.947299, 36.4626669 ], [ 137.9474653, 36.4628267 ], [ 137.947666, 36.4630523 ], [ 137.9482196, 36.4637692 ], [ 137.9490126, 36.4646081 ], [ 137.9500751, 36.4654636 ], [ 137.9503521, 36.465657 ], [ 137.9505715, 36.4657686 ], [ 137.9508394, 36.4658368 ], [ 137.9512053, 36.4658837 ], [ 137.9512669, 36.4658839 ], [ 137.9523599, 36.4658885 ], [ 137.9525389, 36.4658713 ], [ 137.9528524, 36.4658003 ], [ 137.9532367, 36.465671 ], [ 137.9536254, 36.4655403 ], [ 137.9543656, 36.4652515 ], [ 137.954621, 36.4651895 ], [ 137.9558728, 36.46502 ], [ 137.9565176, 36.4649173 ], [ 137.9573668, 36.4649075 ], [ 137.9575418, 36.4649042 ], [ 137.9582045, 36.4649959 ], [ 137.9583387, 36.4651044 ], [ 137.9584948, 36.4653098 ], [ 137.9585257, 36.4653937 ], [ 137.9587326, 36.4659564 ], [ 137.9588012, 36.4662636 ], [ 137.958794, 36.4663717 ], [ 137.9587182, 36.4665473 ], [ 137.9586486, 36.4666698 ], [ 137.9584637, 36.4669953 ], [ 137.9583543, 36.467325 ], [ 137.9583371, 36.4675409 ], [ 137.9582921, 36.4682413 ], [ 137.958239, 36.4692573 ], [ 137.958239, 36.4695009 ], [ 137.9582663, 36.4697284 ], [ 137.9583371, 36.4699565 ], [ 137.9584479, 36.4703134 ], [ 137.9584785, 36.4704461 ], [ 137.9585015, 36.4706017 ], [ 137.9584899, 36.4707734 ], [ 137.958439, 36.4709931 ], [ 137.9583565, 36.4712031 ], [ 137.9582013, 36.4713785 ], [ 137.9580404, 36.4715227 ], [ 137.9575446, 36.4718814 ], [ 137.9572479, 36.4721406 ], [ 137.9570802, 36.4723275 ], [ 137.9567488, 36.4727992 ], [ 137.9566216, 36.4731164 ], [ 137.9565055, 36.473675 ], [ 137.9562691, 36.4748342 ], [ 137.9562251, 36.4749995 ], [ 137.9561444, 36.4751508 ], [ 137.9558558, 36.4754546 ], [ 137.9553277, 36.4760889 ], [ 137.9549771, 36.4764486 ], [ 137.9548277, 36.4765708 ], [ 137.9528037, 36.477795 ], [ 137.9519785, 36.4782898 ], [ 137.9515821, 36.4785242 ], [ 137.9509261, 36.4788194 ], [ 137.9508064, 36.4789171 ], [ 137.9503949, 36.4793097 ], [ 137.9501527, 36.479747 ], [ 137.950053, 36.4802775 ], [ 137.9500038, 36.4803831 ], [ 137.9498966, 36.4806133 ], [ 137.949256, 36.4812975 ], [ 137.9491027, 36.4814589 ], [ 137.948938, 36.481675 ], [ 137.9488583, 36.481826 ], [ 137.9487908, 36.4820077 ], [ 137.9487647, 36.4822192 ], [ 137.948816, 36.4831276 ], [ 137.9488504, 36.4843306 ], [ 137.9488466, 36.4848267 ], [ 137.9488675, 36.485063 ], [ 137.9489447, 36.485275 ], [ 137.9490847, 36.485483 ], [ 137.9492647, 36.4856236 ], [ 137.949498, 36.4857414 ], [ 137.9497747, 36.4858258 ], [ 137.9500541, 36.4858547 ], [ 137.9505033, 36.4858497 ], [ 137.9511189, 36.4857847 ], [ 137.951663, 36.4857317 ], [ 137.9524127, 36.4857025 ], [ 137.9527945, 36.4857717 ], [ 137.9529939, 36.4858356 ], [ 137.9532494, 36.4859458 ], [ 137.9535326, 36.4861009 ], [ 137.9538352, 36.4863008 ], [ 137.9546783, 36.4872092 ], [ 137.9549672, 36.4879191 ], [ 137.9549905, 36.4883942 ], [ 137.95485, 36.4900178 ], [ 137.9547108, 36.491322 ], [ 137.9546645, 36.4916697 ], [ 137.9545789, 36.4923872 ], [ 137.9545005, 36.4928328 ], [ 137.9543646, 36.4933497 ], [ 137.9541751, 36.4940284 ], [ 137.9539961, 36.4945089 ], [ 137.9538739, 36.4947833 ], [ 137.95372, 36.4950402 ], [ 137.9535914, 36.4952278 ], [ 137.9533375, 36.4955111 ], [ 137.9522711, 36.4961646 ], [ 137.9514693, 36.496845 ], [ 137.9511057, 36.4971568 ], [ 137.9508288, 36.4974326 ], [ 137.9505893, 36.4976759 ], [ 137.9500039, 36.4983919 ], [ 137.9493978, 36.4991336 ], [ 137.9491503, 36.4994483 ], [ 137.9490464, 36.4996597 ], [ 137.9489976, 36.49983 ], [ 137.9489762, 36.5001413 ], [ 137.9490131, 36.5007458 ], [ 137.9491073, 36.5013319 ], [ 137.949167, 36.5015238 ], [ 137.9492839, 36.5017902 ], [ 137.9494978, 36.5020335 ], [ 137.9497137, 36.5021958 ], [ 137.9500897, 36.5024194 ], [ 137.9506898, 36.5026458 ], [ 137.9511765, 36.5027108 ], [ 137.9517209, 36.502728 ], [ 137.9528456, 36.5025761 ], [ 137.9536223, 36.5024902 ], [ 137.9539545, 36.502475 ], [ 137.9544805, 36.5025572 ], [ 137.955476, 36.502738 ], [ 137.95591, 36.5028169 ], [ 137.9564256, 36.5028105 ], [ 137.9574623, 36.5026806 ], [ 137.9577371, 36.5027394 ], [ 137.9584353, 36.5030986 ], [ 137.9595801, 36.5035772 ], [ 137.9603473, 36.5039655 ], [ 137.9605145, 36.5040894 ], [ 137.960654, 36.5042641 ], [ 137.9607934, 36.5044891 ], [ 137.9610141, 36.5047858 ], [ 137.9612328, 36.505165 ], [ 137.9612886, 36.5052999 ], [ 137.9613303, 36.5054689 ], [ 137.9613304, 36.505728 ], [ 137.9612817, 36.5060713 ], [ 137.9612048, 36.5064088 ], [ 137.9611073, 36.5066905 ], [ 137.9609956, 36.5069325 ], [ 137.9607795, 36.5073097 ], [ 137.9606123, 36.5075575 ], [ 137.9605495, 36.5077038 ], [ 137.9604868, 36.5079461 ], [ 137.9604868, 36.5082552 ], [ 137.9606262, 36.5088747 ], [ 137.960792, 36.5091791 ], [ 137.9609376, 36.5093597 ], [ 137.9610915, 36.5095197 ], [ 137.9612887, 36.5096725 ], [ 137.9617854, 36.510013 ], [ 137.9621365, 36.5101938 ], [ 137.9625562, 36.5103397 ], [ 137.9630009, 36.5106091 ], [ 137.9634378, 36.5109705 ], [ 137.9636601, 36.5112208 ], [ 137.9640371, 36.5115958 ], [ 137.9644054, 36.5119572 ], [ 137.9646493, 36.5122694 ], [ 137.9648097, 36.5124776 ], [ 137.9651584, 36.5130294 ], [ 137.9653882, 36.5135644 ], [ 137.9654509, 36.5137558 ], [ 137.9655487, 36.5141835 ], [ 137.9655626, 36.5143583 ], [ 137.965569, 36.5144728 ], [ 137.9655696, 36.5145719 ], [ 137.9655346, 36.5147802 ], [ 137.9654649, 36.5149885 ], [ 137.9652907, 36.5152813 ], [ 137.9650604, 36.5155797 ], [ 137.9645374, 36.516351 ], [ 137.9635685, 36.5177527 ], [ 137.9634779, 36.5179386 ], [ 137.9634499, 36.518051 ], [ 137.9633379, 36.5187154 ], [ 137.9632963, 36.5193177 ], [ 137.9632451, 36.5201812 ], [ 137.9632179, 36.5203468 ], [ 137.9631849, 36.5204542 ], [ 137.9631392, 36.52052 ], [ 137.9631149, 36.5205505 ], [ 137.9630243, 36.5206235 ], [ 137.962272, 36.5210595 ], [ 137.9617692, 36.521367 ], [ 137.9609493, 36.5219048 ], [ 137.9602709, 36.5223511 ], [ 137.9595993, 36.5228246 ], [ 137.9591141, 36.523233 ], [ 137.9588063, 36.5235163 ], [ 137.9584519, 36.5238738 ], [ 137.9582797, 36.5240857 ], [ 137.9581324, 36.5242627 ], [ 137.9580257, 36.5244213 ], [ 137.9579491, 36.5245894 ], [ 137.9578635, 36.5249153 ], [ 137.9578246, 36.5250791 ], [ 137.9577874, 36.5253411 ], [ 137.9578083, 36.5255213 ], [ 137.9578783, 36.5256846 ], [ 137.957913, 36.5257466 ], [ 137.9580884, 36.5259245 ], [ 137.9583374, 36.526135 ], [ 137.9596772, 36.5272213 ], [ 137.9613994, 36.5283924 ], [ 137.9619072, 36.5287388 ], [ 137.9622302, 36.5289607 ], [ 137.9623422, 36.529001 ], [ 137.9628082, 36.5291877 ], [ 137.963001, 36.5292935 ], [ 137.9631813, 36.5294652 ], [ 137.9634983, 36.5297777 ], [ 137.9639769, 36.5303627 ], [ 137.9642755, 36.5306955 ], [ 137.9648222, 36.5312402 ], [ 137.9651266, 36.5316135 ], [ 137.9653816, 36.531911 ], [ 137.9655308, 36.5321935 ], [ 137.9656241, 36.5324707 ], [ 137.9656614, 36.5326671 ], [ 137.9656925, 36.5329599 ], [ 137.965655, 36.5331516 ], [ 137.9656052, 36.5333682 ], [ 137.9655433, 36.5335902 ], [ 137.9654297, 36.5338477 ], [ 137.9653739, 36.5339827 ], [ 137.9653163, 36.5341922 ], [ 137.9653038, 36.5343255 ], [ 137.9653288, 36.5345671 ], [ 137.9653791, 36.534701 ], [ 137.9654786, 36.5349732 ], [ 137.9660442, 36.5360766 ], [ 137.96635, 36.536606 ], [ 137.9665751, 36.5370177 ], [ 137.9669316, 36.5373959 ], [ 137.967117, 36.5377281 ], [ 137.9678804, 36.5392734 ], [ 137.9681599, 36.5399838 ], [ 137.9685364, 36.5410608 ], [ 137.9690555, 36.5428619 ], [ 137.9693464, 36.5437281 ], [ 137.9696773, 36.5448188 ], [ 137.9697571, 36.5450846 ], [ 137.9699625, 36.5455154 ], [ 137.9702192, 36.5459278 ], [ 137.97055, 36.5463036 ], [ 137.9708623, 36.546533 ], [ 137.9711717, 36.5467824 ], [ 137.9724717, 36.5474207 ], [ 137.9729251, 36.5476121 ], [ 137.9735017, 36.5478472 ], [ 137.9740091, 36.5480412 ], [ 137.9746782, 36.548251 ], [ 137.9748937, 36.5483531 ], [ 137.9750309, 36.5484849 ], [ 137.9751773, 36.5486763 ], [ 137.9755652, 36.5494342 ], [ 137.9758537, 36.5499936 ], [ 137.9759653, 36.5501568 ], [ 137.9760627, 36.5502392 ], [ 137.976169, 36.5503091 ], [ 137.97643, 36.5503813 ], [ 137.9767542, 36.5504321 ], [ 137.9770312, 36.5504363 ], [ 137.9780653, 36.5503729 ], [ 137.9784626, 36.5503221 ], [ 137.9787656, 36.5502457 ], [ 137.9790564, 36.5501227 ], [ 137.9792345, 36.5500029 ], [ 137.9794534, 36.5498557 ], [ 137.9796956, 36.5496593 ], [ 137.9800456, 36.5494516 ], [ 137.9805212, 36.5492141 ], [ 137.9807303, 36.5490785 ], [ 137.9810803, 36.5487902 ], [ 137.9812214, 36.5485782 ], [ 137.9814041, 36.5482878 ], [ 137.9815578, 36.548063 ], [ 137.9817878, 36.5478093 ], [ 137.9818712, 36.5477418 ], [ 137.9820456, 36.5476574 ], [ 137.9823734, 36.5475785 ], [ 137.9830498, 36.5474941 ], [ 137.9832242, 36.5474491 ], [ 137.9833134, 36.5474092 ], [ 137.9834243, 36.547342 ], [ 137.9837063, 36.5471163 ], [ 137.984082, 36.5469085 ], [ 137.9843956, 36.5467791 ], [ 137.984577, 36.546723 ], [ 137.9847653, 36.5466891 ], [ 137.9851209, 36.5466946 ], [ 137.9855461, 36.5467735 ], [ 137.9858809, 36.546886 ], [ 137.9861387, 36.5469988 ], [ 137.9882795, 36.5483105 ], [ 137.9887745, 36.5486146 ], [ 137.9893001, 36.5489105 ], [ 137.9894211, 36.5490052 ], [ 137.9895334, 36.5491972 ], [ 137.9896198, 36.5493832 ], [ 137.9896673, 36.5496043 ], [ 137.9897089, 36.550003 ], [ 137.9897495, 36.5505146 ], [ 137.9897278, 36.5508855 ], [ 137.9896798, 36.5512771 ], [ 137.9895934, 36.5518771 ], [ 137.9895676, 36.5521857 ], [ 137.9895978, 36.5526768 ], [ 137.9896323, 36.5528669 ], [ 137.989667, 36.5530171 ], [ 137.9897739, 36.5533513 ], [ 137.9899478, 36.5538241 ], [ 137.9900731, 36.5540241 ], [ 137.9902445, 36.5542407 ], [ 137.9904549, 36.5543399 ], [ 137.9909081, 36.5545146 ], [ 137.9916709, 36.5548229 ], [ 137.9920448, 36.5549932 ], [ 137.9924136, 36.5552259 ], [ 137.9926862, 36.5554379 ], [ 137.9928884, 36.5556518 ], [ 137.9930976, 36.5558996 ], [ 137.993202, 36.5559952 ], [ 137.9933276, 36.5560741 ], [ 137.9935926, 36.5562093 ], [ 137.993732, 36.5563105 ], [ 137.9938437, 36.5564177 ], [ 137.9939134, 36.5565412 ], [ 137.993997, 36.5567441 ], [ 137.994004, 36.5570877 ], [ 137.993997, 36.5572566 ], [ 137.9938995, 36.5575268 ], [ 137.9937948, 36.5577632 ], [ 137.9936765, 36.5579768 ], [ 137.993404, 36.5582974 ], [ 137.9931743, 36.5585963 ], [ 137.9930557, 36.5587202 ], [ 137.9929371, 36.5587818 ], [ 137.9928187, 36.5588271 ], [ 137.9926443, 36.5588607 ], [ 137.9921705, 36.5588823 ], [ 137.991673, 36.5588717 ], [ 137.9914407, 36.5588953 ], [ 137.9913382, 36.5589279 ], [ 137.9911173, 36.5593143 ], [ 137.9904886, 36.5608491 ], [ 137.9902517, 36.5614881 ], [ 137.9901968, 36.5617093 ], [ 137.9901968, 36.5620415 ], [ 137.9902387, 36.5622669 ], [ 137.9903921, 36.5624807 ], [ 137.9905804, 36.5626779 ], [ 137.9907337, 36.562796 ], [ 137.9909012, 36.5628974 ], [ 137.9919818, 36.5634604 ], [ 137.9921979, 36.5635393 ], [ 137.9924212, 36.5635618 ], [ 137.9941362, 36.5636179 ], [ 137.9944085, 36.5636349 ], [ 137.9947152, 36.5636857 ], [ 137.9949801, 36.5637532 ], [ 137.995287, 36.5638546 ], [ 137.9957259, 36.5639572 ], [ 137.9959843, 36.5640121 ], [ 137.996096, 36.5640685 ], [ 137.9962701, 36.5641979 ], [ 137.9976914, 36.5657167 ], [ 137.9979368, 36.5659279 ], [ 137.9980624, 36.5659955 ], [ 137.9982018, 36.5660404 ], [ 137.9983343, 36.5660688 ], [ 137.9987038, 36.5660743 ], [ 138.0006166, 36.5659974 ], [ 138.0018837, 36.5659338 ], [ 138.0023577, 36.5659338 ], [ 138.0025953, 36.5659478 ], [ 138.0027457, 36.5659723 ], [ 138.0035012, 36.5661141 ], [ 138.0042109, 36.5663248 ], [ 138.0044706, 36.5664068 ], [ 138.0046868, 36.5664855 ], [ 138.0049237, 36.5666038 ], [ 138.0051676, 36.5667531 ], [ 138.0063308, 36.5677792 ], [ 138.0078666, 36.5691658 ], [ 138.0085013, 36.5697457 ], [ 138.009031, 36.5702579 ], [ 138.009296, 36.5704663 ], [ 138.0094563, 36.5705507 ], [ 138.009728, 36.5706631 ], [ 138.0113182, 36.5712824 ], [ 138.0117599, 36.5714689 ], [ 138.0137588, 36.5722341 ], [ 138.015746, 36.5728029 ], [ 138.016671, 36.5730472 ], [ 138.017866, 36.5733657 ], [ 138.0180402, 36.5733432 ], [ 138.0182479, 36.5732732 ], [ 138.0183749, 36.5732307 ], [ 138.0185424, 36.5731574 ], [ 138.0188074, 36.5729885 ], [ 138.0197279, 36.5723416 ], [ 138.0199024, 36.5722682 ], [ 138.0201813, 36.5721838 ], [ 138.0203905, 36.5721838 ], [ 138.0205089, 36.5721952 ], [ 138.0217152, 36.5724202 ], [ 138.0222129, 36.5725547 ], [ 138.0230471, 36.5728088 ], [ 138.0236716, 36.5729924 ], [ 138.0239396, 36.5730735 ], [ 138.0241768, 36.5731243 ], [ 138.0245882, 36.5731863 ], [ 138.0249394, 36.5732182 ], [ 138.0252167, 36.5732251 ], [ 138.0255692, 36.5732038 ], [ 138.0261353, 36.5731468 ], [ 138.0265625, 36.5730756 ], [ 138.0268172, 36.5730195 ], [ 138.026898, 36.5729939 ], [ 138.0270111, 36.5729474 ], [ 138.0270894, 36.5728976 ], [ 138.02715, 36.5728157 ], [ 138.0271927, 36.5727267 ], [ 138.0272319, 36.5725914 ], [ 138.0271613, 36.5721507 ], [ 138.0268824, 36.571126 ], [ 138.0268474, 36.5709232 ], [ 138.0268404, 36.5708218 ], [ 138.026839, 36.5707491 ], [ 138.0268579, 36.5706577 ], [ 138.0269018, 36.5705663 ], [ 138.0270157, 36.5704635 ], [ 138.0271759, 36.5703716 ], [ 138.0273796, 36.5702874 ], [ 138.0275835, 36.5702496 ], [ 138.0277493, 36.570251 ], [ 138.0279035, 36.5702899 ], [ 138.0280793, 36.5703602 ], [ 138.0282312, 36.5704385 ], [ 138.0284024, 36.5705227 ], [ 138.0285576, 36.5705827 ], [ 138.0289118, 36.570688 ], [ 138.0297079, 36.5709343 ], [ 138.0299399, 36.570988 ], [ 138.0313957, 36.5710266 ], [ 138.0318427, 36.5709513 ], [ 138.0329776, 36.5706707 ], [ 138.0344545, 36.570295 ], [ 138.0360703, 36.5698963 ], [ 138.0367947, 36.5698342 ], [ 138.0372066, 36.5697933 ], [ 138.0374423, 36.5697546 ], [ 138.0375505, 36.569716 ], [ 138.0377398, 36.5696405 ], [ 138.0378937, 36.5695605 ], [ 138.0380304, 36.569441 ], [ 138.0390187, 36.5682413 ], [ 138.0390923, 36.5681802 ], [ 138.0391604, 36.568136 ], [ 138.039299, 36.5680869 ], [ 138.0394562, 36.5680632 ], [ 138.0396554, 36.5680605 ], [ 138.0398309, 36.5680949 ], [ 138.0400651, 36.5681619 ], [ 138.0403255, 36.5682833 ], [ 138.041671, 36.5691446 ], [ 138.0417944, 36.5692331 ], [ 138.0420526, 36.569436 ], [ 138.0422523, 36.5696058 ], [ 138.0423673, 36.5697182 ], [ 138.0424729, 36.5698676 ], [ 138.0425282, 36.5699802 ], [ 138.0425743, 36.570158 ], [ 138.0425851, 36.5702783 ], [ 138.0425851, 36.5703852 ], [ 138.0425851, 36.5705585 ], [ 138.0424782, 36.5718358 ], [ 138.0424782, 36.5719513 ], [ 138.042489, 36.5720921 ], [ 138.0425362, 36.5722619 ], [ 138.0426807, 36.5725363 ], [ 138.042761, 36.572643 ], [ 138.0429412, 36.5728488 ], [ 138.0430896, 36.5729932 ], [ 138.0432774, 36.5731269 ], [ 138.0435412, 36.5732746 ], [ 138.0448154, 36.5738219 ], [ 138.0451768, 36.5739519 ], [ 138.045314, 36.5739988 ], [ 138.0454226, 36.5740241 ], [ 138.0455382, 36.5740313 ], [ 138.0457732, 36.5740205 ], [ 138.0461415, 36.5739555 ], [ 138.0464487, 36.5738869 ], [ 138.0473154, 36.5736158 ], [ 138.0477945, 36.5734942 ], [ 138.0483965, 36.5733774 ], [ 138.0487574, 36.5733355 ], [ 138.0490479, 36.5733255 ], [ 138.0494679, 36.5733316 ], [ 138.0495945, 36.5733394 ], [ 138.0500043, 36.5734125 ], [ 138.050487, 36.5735702 ], [ 138.0508565, 36.5737277 ], [ 138.0512821, 36.5739305 ], [ 138.0514493, 36.5740205 ], [ 138.0515957, 36.5741333 ], [ 138.0517212, 36.5742963 ], [ 138.0517533, 36.5743572 ], [ 138.0521677, 36.575141 ], [ 138.0522932, 36.575334 ], [ 138.0524188, 36.5755238 ], [ 138.0525024, 36.5756813 ], [ 138.0525721, 36.5758786 ], [ 138.0525652, 36.5760869 ], [ 138.0525596, 36.5772771 ], [ 138.0525363, 36.5774685 ], [ 138.0524754, 36.5776833 ], [ 138.0523529, 36.5778921 ], [ 138.0522349, 36.5780171 ], [ 138.0521057, 36.5781019 ], [ 138.0518513, 36.5782788 ], [ 138.0516316, 36.5784273 ], [ 138.0510588, 36.5788166 ], [ 138.0506124, 36.5791769 ], [ 138.0503686, 36.5794134 ], [ 138.0502218, 36.5795877 ], [ 138.0501104, 36.579813 ], [ 138.0500477, 36.5800549 ], [ 138.0500536, 36.5803835 ], [ 138.0501035, 36.5806235 ], [ 138.0504796, 36.5820646 ], [ 138.0505338, 36.5822016 ], [ 138.0506388, 36.5823732 ], [ 138.0507471, 36.5825069 ], [ 138.0509191, 36.5826627 ], [ 138.0512469, 36.5829455 ], [ 138.051573, 36.5831574 ], [ 138.0518183, 36.5833166 ], [ 138.0520791, 36.5834977 ], [ 138.0521571, 36.5835802 ], [ 138.0522427, 36.5836832 ], [ 138.0522933, 36.5837657 ], [ 138.0523382, 36.5839137 ], [ 138.0524191, 36.584397 ], [ 138.052414, 36.5845349 ], [ 138.0523773, 36.5847859 ], [ 138.0517919, 36.5865474 ], [ 138.0517013, 36.5867344 ], [ 138.0516324, 36.5868694 ], [ 138.0515169, 36.5870686 ], [ 138.0510248, 36.5880094 ], [ 138.0509299, 36.5881782 ], [ 138.0508588, 36.5882955 ], [ 138.050648, 36.5885441 ], [ 138.0503427, 36.588863 ], [ 138.0501008, 36.5890507 ], [ 138.0489408, 36.5901646 ], [ 138.0485888, 36.5904747 ], [ 138.0483585, 36.590728 ], [ 138.048191, 36.5909928 ], [ 138.0479924, 36.5913907 ], [ 138.0478764, 36.5916696 ], [ 138.0467358, 36.5944681 ], [ 138.0465703, 36.5948957 ], [ 138.0465275, 36.5950609 ], [ 138.0465051, 36.595253 ], [ 138.0465101, 36.5954894 ], [ 138.0465368, 36.5956591 ], [ 138.0466751, 36.5959426 ], [ 138.0472704, 36.5967089 ], [ 138.0480161, 36.5973271 ], [ 138.048182, 36.5974647 ], [ 138.0497183, 36.5986774 ], [ 138.0499915, 36.5988539 ], [ 138.0500964, 36.5989158 ], [ 138.0502921, 36.5989993 ], [ 138.0504544, 36.5990471 ], [ 138.0505879, 36.5990778 ], [ 138.0509342, 36.5991496 ], [ 138.0514783, 36.5991496 ], [ 138.0517436, 36.5991102 ], [ 138.0518765, 36.5990763 ], [ 138.0524837, 36.5988738 ], [ 138.0527, 36.598823 ], [ 138.0528817, 36.5988174 ], [ 138.0531086, 36.5988291 ], [ 138.0533083, 36.5988482 ], [ 138.053517, 36.5988963 ], [ 138.0541308, 36.5991663 ], [ 138.0557506, 36.5999657 ], [ 138.0560158, 36.6001121 ], [ 138.0561133, 36.6001966 ], [ 138.0562181, 36.6003318 ], [ 138.0563436, 36.6005118 ], [ 138.0568708, 36.6013739 ], [ 138.0570011, 36.6015993 ], [ 138.0573528, 36.6021066 ], [ 138.0575589, 36.6023624 ], [ 138.0577545, 36.6025985 ], [ 138.0579773, 36.602848 ], [ 138.0582214, 36.6030393 ], [ 138.0583378, 36.6031195 ], [ 138.0585079, 36.6032366 ], [ 138.0586195, 36.6033041 ], [ 138.0588148, 36.603411 ], [ 138.0590873, 36.603518 ], [ 138.0595061, 36.6036474 ], [ 138.0599036, 36.6038163 ], [ 138.0607553, 36.6042327 ], [ 138.0624098, 36.6049816 ], [ 138.062647, 36.6050771 ], [ 138.0629053, 36.6051449 ], [ 138.0633242, 36.6052235 ], [ 138.06425, 36.6053715 ], [ 138.0648895, 36.6054999 ], [ 138.0671576, 36.6061767 ], [ 138.0678795, 36.6064021 ], [ 138.06803, 36.6064257 ], [ 138.0684723, 36.6065446 ], [ 138.0692229, 36.6067454 ], [ 138.0701504, 36.6070344 ], [ 138.0710086, 36.6073516 ], [ 138.071243, 36.6074597 ], [ 138.0717078, 36.6076952 ], [ 138.0721212, 36.6079021 ], [ 138.0722956, 36.6079735 ], [ 138.0727701, 36.6081411 ], [ 138.0733491, 36.6083363 ], [ 138.0737312, 36.6084632 ], [ 138.0741547, 36.6085964 ], [ 138.0741693, 36.608601 ], [ 138.074413, 36.6086871 ], [ 138.0746303, 36.6087768 ], [ 138.0752842, 36.6090674 ], [ 138.0757003, 36.6092702 ], [ 138.0761339, 36.6094971 ], [ 138.0765501, 36.6097382 ], [ 138.0768787, 36.609948 ], [ 138.0773698, 36.6102718 ], [ 138.0779348, 36.6106999 ], [ 138.0793751, 36.6117957 ], [ 138.0798339, 36.6121343 ], [ 138.080639, 36.612753 ], [ 138.0811019, 36.6130639 ], [ 138.0818031, 36.6134857 ], [ 138.0824751, 36.6138421 ], [ 138.0828584, 36.6140285 ], [ 138.0829968, 36.6140907 ], [ 138.0833378, 36.6142242 ], [ 138.0835009, 36.6142841 ], [ 138.0841845, 36.6144859 ], [ 138.084922, 36.6146924 ], [ 138.0851562, 36.614772 ], [ 138.0852848, 36.614818 ], [ 138.085634, 36.6149516 ], [ 138.0859411, 36.6150921 ], [ 138.086409, 36.615368 ], [ 138.0869388, 36.6157453 ], [ 138.087379, 36.6161169 ], [ 138.0878048, 36.6164546 ], [ 138.0881436, 36.6166696 ], [ 138.0885036, 36.6168829 ], [ 138.0888599, 36.6170856 ], [ 138.0890614, 36.6171987 ], [ 138.0892015, 36.6172338 ], [ 138.089899, 36.617361 ], [ 138.0906151, 36.6174933 ], [ 138.0914975, 36.6176482 ], [ 138.0916712, 36.6176658 ], [ 138.091999, 36.6176968 ], [ 138.0925101, 36.6176877 ], [ 138.0929426, 36.6176369 ], [ 138.0947018, 36.617361 ], [ 138.095009, 36.6172935 ], [ 138.0957902, 36.6170702 ], [ 138.0968029, 36.6168207 ], [ 138.0979427, 36.6165246 ], [ 138.0988623, 36.616241 ], [ 138.0991067, 36.6161846 ], [ 138.0993812, 36.6161477 ], [ 138.0995743, 36.6161321 ], [ 138.0998534, 36.616151 ], [ 138.1000045, 36.6161729 ], [ 138.1002026, 36.6162016 ], [ 138.1016545, 36.6165619 ], [ 138.1022618, 36.6167588 ], [ 138.1027645, 36.6169616 ], [ 138.1030576, 36.6171024 ], [ 138.1034765, 36.6173444 ], [ 138.1036929, 36.6174966 ], [ 138.1038676, 36.6176541 ], [ 138.1039512, 36.617778 ], [ 138.1040486, 36.6179631 ], [ 138.1041165, 36.6180971 ], [ 138.104152, 36.6182171 ], [ 138.1041831, 36.6183574 ], [ 138.1042051, 36.6185352 ], [ 138.1042092, 36.6188138 ], [ 138.1042529, 36.6195488 ], [ 138.1043001, 36.6198832 ], [ 138.1043443, 36.6200813 ], [ 138.1046398, 36.6207719 ], [ 138.1046901, 36.620881 ], [ 138.1047726, 36.6210224 ], [ 138.1048701, 36.6211316 ], [ 138.1050118, 36.6212199 ], [ 138.1052173, 36.6212752 ], [ 138.1053351, 36.6212985 ], [ 138.1055088, 36.6212809 ], [ 138.1060272, 36.6211423 ], [ 138.1070711, 36.6207952 ], [ 138.1076795, 36.6206044 ], [ 138.1080021, 36.6205088 ], [ 138.1082487, 36.6204535 ], [ 138.1085027, 36.6204124 ], [ 138.1098186, 36.6201389 ], [ 138.1109684, 36.6199749 ], [ 138.1115626, 36.6199077 ], [ 138.1120695, 36.6198452 ], [ 138.1126237, 36.6198166 ], [ 138.1133315, 36.619813 ], [ 138.1137959, 36.6198352 ], [ 138.1144232, 36.6198724 ], [ 138.1152844, 36.6199324 ], [ 138.1166165, 36.620038 ], [ 138.1173392, 36.6200866 ], [ 138.1184315, 36.6201313 ], [ 138.1188845, 36.620143 ], [ 138.1191468, 36.620143 ], [ 138.1194315, 36.6201316 ], [ 138.1196337, 36.6201166 ], [ 138.1197686, 36.6200869 ], [ 138.1199506, 36.6200471 ], [ 138.1203343, 36.6199402 ], [ 138.1209643, 36.619693 ], [ 138.1218912, 36.6192883 ], [ 138.1223623, 36.6191171 ], [ 138.1227596, 36.6189768 ], [ 138.1233201, 36.6188074 ], [ 138.1235526, 36.6190127 ], [ 138.1236464, 36.6190557 ], [ 138.1237898, 36.6190813 ], [ 138.1239784, 36.6190813 ], [ 138.1243345, 36.619053 ], [ 138.1245717, 36.6190474 ], [ 138.1247115, 36.6190699 ], [ 138.1248042, 36.6191294 ], [ 138.1249212, 36.6192177 ], [ 138.1250045, 36.6193186 ], [ 138.125075, 36.6194038 ], [ 138.1251931, 36.6195499 ], [ 138.1253048, 36.6196841 ], [ 138.1254167, 36.6198488 ], [ 138.1254758, 36.6199372 ], [ 138.1255906, 36.6201366 ], [ 138.1257515, 36.6205835 ], [ 138.125879, 36.6209989 ], [ 138.1263673, 36.6212321 ], [ 138.1269356, 36.6214394 ], [ 138.1277168, 36.621666 ], [ 138.1282109, 36.6217663 ], [ 138.1288675, 36.6218771 ], [ 138.129584, 36.6219524 ], [ 138.1301634, 36.6219919 ], [ 138.1307221, 36.622003 ], [ 138.1314618, 36.6219863 ], [ 138.1319434, 36.6219696 ], [ 138.1323973, 36.6219469 ], [ 138.1328509, 36.6219077 ], [ 138.1333382, 36.6218566 ], [ 138.1337374, 36.6218174 ], [ 138.1341704, 36.6217499 ], [ 138.1343098, 36.6217388 ], [ 138.1345193, 36.6217724 ], [ 138.1349384, 36.6218963 ], [ 138.1350848, 36.6219527 ], [ 138.1351895, 36.6220766 ], [ 138.1352634, 36.6222305 ], [ 138.1353643, 36.6224424 ], [ 138.1355106, 36.6227241 ], [ 138.1356851, 36.6229491 ], [ 138.1361459, 36.6233322 ], [ 138.1366695, 36.623698 ], [ 138.1370465, 36.6239233 ], [ 138.1374023, 36.6241033 ], [ 138.1376118, 36.624188 ], [ 138.1379956, 36.6243005 ], [ 138.1383798, 36.6243849 ], [ 138.1391129, 36.6245033 ], [ 138.1397339, 36.6245763 ], [ 138.1408301, 36.6246888 ], [ 138.1416712, 36.6247382 ], [ 138.1425889, 36.6247344 ], [ 138.1431133, 36.6247418 ], [ 138.1436283, 36.624768 ], [ 138.1437826, 36.6247905 ], [ 138.1441179, 36.6248469 ], [ 138.1446523, 36.625003 ], [ 138.1464423, 36.6256408 ], [ 138.1486711, 36.6264574 ], [ 138.1491818, 36.6266644 ], [ 138.1500046, 36.6271152 ], [ 138.1509188, 36.6276153 ], [ 138.1511057, 36.6277127 ], [ 138.1513779, 36.6278197 ], [ 138.1519295, 36.6279491 ], [ 138.152914, 36.6281405 ], [ 138.1539446, 36.6283263 ], [ 138.1552642, 36.6285891 ], [ 138.1563541, 36.6288148 ], [ 138.1565834, 36.6288708 ], [ 138.1567604, 36.6289344 ], [ 138.1580874, 36.6294722 ], [ 138.1596507, 36.630128 ], [ 138.1610536, 36.6307101 ], [ 138.1619064, 36.6310613 ], [ 138.163309, 36.6316371 ], [ 138.1648724, 36.6322844 ], [ 138.1656326, 36.6326556 ], [ 138.1671901, 36.6334385 ], [ 138.1673299, 36.633523 ], [ 138.167951, 36.6339847 ], [ 138.1682487, 36.6342289 ], [ 138.1688518, 36.6348008 ], [ 138.1694571, 36.6353859 ], [ 138.170167, 36.6360694 ], [ 138.1712182, 36.6370869 ], [ 138.1715115, 36.6373528 ], [ 138.1719024, 36.6377174 ], [ 138.1722165, 36.6379538 ], [ 138.1725236, 36.6381733 ], [ 138.1727471, 36.6383141 ], [ 138.173096, 36.638528 ], [ 138.173379, 36.6386726 ], [ 138.1738361, 36.6388922 ], [ 138.1740315, 36.6389894 ], [ 138.1741432, 36.6390796 ], [ 138.1743212, 36.639321 ], [ 138.1744318, 36.6394035 ], [ 138.1748693, 36.6397046 ], [ 138.1758721, 36.6404067 ], [ 138.1761399, 36.6405771 ], [ 138.1762935, 36.640628 ], [ 138.1766563, 36.6406863 ], [ 138.1784254, 36.6408243 ], [ 138.1794505, 36.6409108 ], [ 138.1802306, 36.6409769 ], [ 138.1810196, 36.6410388 ], [ 138.1815571, 36.6410896 ], [ 138.1818782, 36.6410995 ], [ 138.1818926, 36.6416696 ], [ 138.1819232, 36.6428781 ], [ 138.1819637, 36.6444555 ], [ 138.1819992, 36.6456037 ], [ 138.182024, 36.6467254 ], [ 138.1820388, 36.6482657 ], [ 138.1820643, 36.6499823 ], [ 138.1820616, 36.6500892 ], [ 138.1827741, 36.650003 ], [ 138.1839547, 36.6498545 ], [ 138.1846417, 36.6497666 ], [ 138.1861139, 36.6496041 ], [ 138.1871417, 36.6495034 ], [ 138.1890043, 36.6493377 ], [ 138.1907088, 36.6492244 ], [ 138.1914099, 36.6491773 ], [ 138.1923559, 36.6491139 ], [ 138.1925791, 36.6490969 ], [ 138.1931315, 36.6490502 ], [ 138.1940433, 36.6489843 ], [ 138.1953932, 36.6488869 ], [ 138.1958253, 36.6488516 ], [ 138.1959663, 36.6488399 ], [ 138.1966109, 36.6487889 ], [ 138.198328, 36.6486533 ], [ 138.199038, 36.6486224 ], [ 138.2002021, 36.6485624 ], [ 138.2004558, 36.6485493 ], [ 138.2012625, 36.6484989 ], [ 138.2019257, 36.6484595 ], [ 138.2026674, 36.6484199 ], [ 138.2032997, 36.6483766 ], [ 138.2033564, 36.6483722 ], [ 138.2057464, 36.6481721 ], [ 138.2076587, 36.6479922 ], [ 138.2078976, 36.6479844 ], [ 138.2102765, 36.6479077 ], [ 138.2113862, 36.6478852 ], [ 138.2136128, 36.6477952 ], [ 138.214375, 36.6477527 ], [ 138.2155305, 36.6476801 ], [ 138.2158607, 36.6476594 ], [ 138.2165237, 36.6475817 ], [ 138.2166571, 36.6475647 ], [ 138.2166775, 36.6475615 ], [ 138.2170969, 36.6474972 ], [ 138.2176902, 36.6474069 ], [ 138.2182207, 36.6473169 ], [ 138.2199342, 36.6473848 ] ] } },
{ "type": "Feature", "properties": { "N12_001": "20", "N12_002": 1, "N12_003": 3, "N12_004": "一般国道19号", "N12_005": 6, "N12_006": 2 }, "geometry": { "type": "LineString", "coordinates": [ [ 138.1233201, 36.6188036 ], [ 138.1238523, 36.6186561 ], [ 138.1246317, 36.6185214 ], [ 138.127388, 36.6180249 ], [ 138.1298438, 36.6175531 ], [ 138.1322155, 36.6170678 ], [ 138.132771, 36.6169772 ], [ 138.1331684, 36.6168984 ], [ 138.1339611, 36.616694 ], [ 138.1351512, 36.6163027 ], [ 138.1356656, 36.616083 ], [ 138.1358598, 36.6159925 ], [ 138.1366013, 36.6156345 ], [ 138.1373963, 36.6151724 ], [ 138.1383095, 36.6145505 ], [ 138.1389633, 36.6140712 ], [ 138.1396088, 36.6137065 ], [ 138.1408661, 36.6130653 ], [ 138.143498, 36.6117158 ], [ 138.1441663, 36.6113617 ], [ 138.1448462, 36.6110348 ], [ 138.1449284, 36.6109907 ], [ 138.1450976, 36.6108998 ], [ 138.1455803, 36.6106596 ], [ 138.1469224, 36.6099972 ], [ 138.1473743, 36.6097745 ], [ 138.1486783, 36.609131 ], [ 138.1490605, 36.6089474 ], [ 138.1502976, 36.6083289 ], [ 138.1506806, 36.6081303 ], [ 138.1515344, 36.6077049 ], [ 138.1518865, 36.6075268 ], [ 138.1540837, 36.6064256 ], [ 138.1542496, 36.6063468 ], [ 138.1548275, 36.6060896 ], [ 138.1554061, 36.6058266 ], [ 138.1554813, 36.6057924 ], [ 138.155845, 36.6056598 ], [ 138.1561442, 36.6055373 ], [ 138.1565533, 36.605394 ], [ 138.1570919, 36.6052481 ], [ 138.1574347, 36.6051697 ], [ 138.1581548, 36.6050453 ], [ 138.1584023, 36.6050076 ], [ 138.1607338, 36.604683 ], [ 138.1615821, 36.6045764 ], [ 138.161934, 36.6045199 ], [ 138.1623287, 36.6044567 ], [ 138.1634756, 36.6042976 ], [ 138.1639742, 36.6042109 ], [ 138.1727561, 36.6030419 ], [ 138.1742687, 36.6029137 ], [ 138.1760134, 36.6029323 ], [ 138.1767256, 36.602946 ], [ 138.1774127, 36.6029865 ], [ 138.1780663, 36.6030474 ], [ 138.1788038, 36.6031488 ], [ 138.1790987, 36.6031913 ], [ 138.1791768, 36.6032038 ], [ 138.1795495, 36.6032635 ], [ 138.1802198, 36.6033988 ], [ 138.181193, 36.6036027 ], [ 138.1819388, 36.6037647 ], [ 138.1829526, 36.6040136 ], [ 138.1848286, 36.6044594 ], [ 138.1858638, 36.60472 ], [ 138.1870322, 36.605027 ], [ 138.1876355, 36.6051689 ], [ 138.1882318, 36.6052742 ], [ 138.1890767, 36.6053987 ], [ 138.1897218, 36.6054403 ], [ 138.1906857, 36.6054457 ], [ 138.1919728, 36.6054155 ], [ 138.1938998, 36.6053189 ], [ 138.1950259, 36.6052852 ] ] } },
{ "type": "Feature", "properties": { "N12_001": "20", "N12_002": 1, "N12_003": 3, "N12_004": "一般国道20号", "N12_005": 7, "N12_006": 1 }, "geometry": { "type": "LineString", "coordinates": [ [ 138.2837685, 35.8595911 ], [ 138.2835868, 35.8599263 ], [ 138.2834669, 35.860104 ], [ 138.2833372, 35.8602287 ], [ 138.2830211, 35.8603809 ], [ 138.28285, 35.8604155 ], [ 138.2826099, 35.8604444 ], [ 138.282352, 35.8604669 ], [ 138.2822151, 35.8604719 ], [ 138.2819099, 35.8604867 ], [ 138.2810395, 35.8605314 ], [ 138.2808251, 35.8605483 ], [ 138.2806306, 35.8605753 ], [ 138.2803908, 35.8606191 ], [ 138.2801293, 35.8606839 ], [ 138.2799838, 35.86072 ], [ 138.279854, 35.8607733 ], [ 138.279727, 35.8608319 ], [ 138.2794243, 35.8609833 ], [ 138.2792783, 35.8610707 ], [ 138.2789896, 35.8612496 ], [ 138.2788707, 35.8613294 ], [ 138.2785827, 35.861564 ], [ 138.2782926, 35.8618402 ], [ 138.2781768, 35.8619711 ], [ 138.2780815, 35.8620883 ], [ 138.2780154, 35.8621905 ], [ 138.2779643, 35.862293 ], [ 138.277914, 35.8624116 ], [ 138.2778276, 35.8626775 ], [ 138.2777548, 35.8629256 ], [ 138.2777253, 35.8630228 ], [ 138.277609, 35.8633555 ], [ 138.2775906, 35.8634077 ], [ 138.277549, 35.8635202 ], [ 138.277476, 35.8636219 ], [ 138.2773771, 35.8637175 ], [ 138.2772745, 35.8638562 ], [ 138.277149, 35.8640781 ], [ 138.277007, 35.8643758 ], [ 138.2768314, 35.8646535 ], [ 138.276399, 35.865338 ], [ 138.2756036, 35.8666197 ], [ 138.275499, 35.8667883 ], [ 138.2754134, 35.8669397 ], [ 138.2753304, 35.8670738 ], [ 138.275207, 35.8672314 ], [ 138.2750684, 35.8674142 ], [ 138.2749114, 35.8675967 ], [ 138.274587, 35.8679753 ], [ 138.2742689, 35.8682795 ], [ 138.2740332, 35.868481 ], [ 138.2737995, 35.8686769 ], [ 138.2736312, 35.8688136 ], [ 138.2729904, 35.8692754 ], [ 138.2728976, 35.8693439 ], [ 138.2716274, 35.8702565 ], [ 138.2698337, 35.8715446 ], [ 138.2692945, 35.8719351 ], [ 138.2689373, 35.8722205 ], [ 138.2687643, 35.8723783 ], [ 138.2685679, 35.8725969 ], [ 138.2683909, 35.8728119 ], [ 138.2680037, 35.8733244 ], [ 138.2674779, 35.8740844 ], [ 138.2670807, 35.874665 ], [ 138.2669976, 35.8747703 ], [ 138.2669268, 35.8748483 ], [ 138.2668349, 35.8749233 ], [ 138.2667035, 35.8750288 ], [ 138.2663279, 35.8752957 ], [ 138.2659662, 35.8755719 ], [ 138.2659051, 35.8756405 ], [ 138.2658515, 35.8757161 ], [ 138.2658098, 35.8757968 ], [ 138.2657827, 35.8758603 ], [ 138.2656779, 35.87618 ], [ 138.2655153, 35.8766684 ], [ 138.2653898, 35.8770458 ], [ 138.2653435, 35.8771508 ], [ 138.2652971, 35.8772386 ], [ 138.265214, 35.8773486 ], [ 138.2651298, 35.8774327 ], [ 138.2649929, 35.8775547 ], [ 138.2648562, 35.8776769 ], [ 138.2647221, 35.8777719 ], [ 138.2645534, 35.8778869 ], [ 138.2643629, 35.8780041 ], [ 138.2641701, 35.8781113 ], [ 138.2637851, 35.8782902 ], [ 138.2635021, 35.878418 ], [ 138.2632579, 35.8785133 ], [ 138.2630943, 35.8785741 ], [ 138.2629262, 35.8786255 ], [ 138.2625401, 35.8787352 ], [ 138.2618923, 35.8789063 ], [ 138.2616207, 35.878983 ], [ 138.2613558, 35.8790622 ], [ 138.2612066, 35.8791015 ], [ 138.2610451, 35.8791788 ], [ 138.260887, 35.8792831 ], [ 138.260726, 35.8794224 ], [ 138.2606429, 35.879513 ], [ 138.2605646, 35.8796058 ], [ 138.2603765, 35.8798152 ], [ 138.2597968, 35.8804322 ], [ 138.2596232, 35.8806324 ], [ 138.2593729, 35.8808569 ], [ 138.2591932, 35.8810211 ], [ 138.2590597, 35.8811409 ], [ 138.2588561, 35.8813298 ], [ 138.2587126, 35.8814588 ], [ 138.2585779, 35.881573 ], [ 138.2582757, 35.8818155 ], [ 138.2580337, 35.8819975 ], [ 138.2577919, 35.8821684 ], [ 138.2575723, 35.8823066 ], [ 138.2572227, 35.882519 ], [ 138.2566107, 35.8828918 ], [ 138.2563548, 35.883046 ], [ 138.2556493, 35.8834708 ], [ 138.2548101, 35.883983 ], [ 138.2542812, 35.8843011 ], [ 138.2540801, 35.8844216 ], [ 138.2536093, 35.8847038 ], [ 138.2535407, 35.8847427 ], [ 138.2534555, 35.8847793 ], [ 138.2532356, 35.8848552 ], [ 138.2529326, 35.884953 ], [ 138.2526361, 35.8850511 ], [ 138.2524943, 35.8850958 ], [ 138.2523551, 35.8851422 ], [ 138.2521766, 35.8852077 ], [ 138.251889, 35.8853705 ], [ 138.2517937, 35.8854277 ], [ 138.251706, 35.885491 ], [ 138.2515048, 35.8856311 ], [ 138.2514312, 35.8856841 ], [ 138.2513432, 35.8857499 ], [ 138.2512359, 35.8858303 ], [ 138.2510332, 35.8859916 ], [ 138.2509548, 35.8860477 ], [ 138.2508296, 35.8861239 ], [ 138.2507568, 35.8861635 ], [ 138.2503632, 35.8863294 ], [ 138.2499962, 35.8864781 ], [ 138.2487992, 35.8869669 ], [ 138.2482919, 35.8872217 ], [ 138.248184, 35.8872819 ], [ 138.2480743, 35.8873499 ], [ 138.2479929, 35.8874238 ], [ 138.2478796, 35.8875466 ], [ 138.2478085, 35.8876452 ], [ 138.2477193, 35.8877927 ], [ 138.2476429, 35.8879851 ], [ 138.2475686, 35.888177 ], [ 138.2474999, 35.8883613 ], [ 138.2472971, 35.8891205 ], [ 138.2472467, 35.8893554 ], [ 138.2471799, 35.8898091 ], [ 138.2471457, 35.8899838 ], [ 138.2470796, 35.8902185 ], [ 138.2470151, 35.8904127 ], [ 138.2468977, 35.8907252 ], [ 138.2468288, 35.8908891 ], [ 138.246601, 35.8914338 ], [ 138.2464948, 35.8916619 ], [ 138.2464196, 35.8918233 ], [ 138.2463818, 35.8918912 ], [ 138.2463341, 35.8919773 ], [ 138.2462615, 35.8921052 ], [ 138.2462338, 35.8922277 ], [ 138.2462407, 35.8925036 ], [ 138.2463307, 35.8927513 ], [ 138.246386, 35.8929649 ], [ 138.2464204, 35.8932185 ], [ 138.2464135, 35.8937647 ], [ 138.246404, 35.8941467 ], [ 138.246379, 35.8951722 ], [ 138.2463726, 35.8954167 ], [ 138.2464552, 35.8959605 ], [ 138.2465379, 35.8963265 ], [ 138.2465865, 35.8964785 ], [ 138.2466763, 35.8967038 ], [ 138.2467179, 35.8968556 ], [ 138.2467385, 35.8969794 ], [ 138.2467249, 35.8971258 ], [ 138.2466279, 35.897278 ], [ 138.2465174, 35.8973455 ], [ 138.2464033, 35.8973619 ], [ 138.246305, 35.8973534 ], [ 138.2461987, 35.8973088 ], [ 138.2460924, 35.8972506 ], [ 138.2459964, 35.8971717 ], [ 138.2459107, 35.8970689 ], [ 138.2458421, 35.8969283 ], [ 138.2457941, 35.8967706 ], [ 138.2457393, 35.8965923 ], [ 138.2456947, 35.8964449 ], [ 138.2456261, 35.8963455 ], [ 138.245566, 35.8962679 ], [ 138.2454177, 35.8961519 ], [ 138.245314, 35.8960899 ], [ 138.2451827, 35.8960338 ], [ 138.2450165, 35.8959774 ], [ 138.2448577, 35.8959491 ], [ 138.2447647, 35.8959386 ], [ 138.2446803, 35.8959422 ], [ 138.2446226, 35.8959491 ], [ 138.2444913, 35.8959885 ], [ 138.2443729, 35.8960227 ], [ 138.2442312, 35.8961436 ], [ 138.2439958, 35.8966097 ], [ 138.2438482, 35.8969288 ], [ 138.2435651, 35.8974489 ], [ 138.2433882, 35.8976538 ], [ 138.2431427, 35.8978805 ], [ 138.2422713, 35.8987755 ], [ 138.2418723, 35.8991557 ], [ 138.2415842, 35.8993998 ], [ 138.241367, 35.8995673 ], [ 138.2409854, 35.8998397 ], [ 138.2407447, 35.8999952 ], [ 138.2405152, 35.9001435 ], [ 138.2403491, 35.9002427 ], [ 138.2401791, 35.9003808 ], [ 138.2400257, 35.9005502 ], [ 138.2398724, 35.9007418 ], [ 138.2397191, 35.9010005 ], [ 138.2396207, 35.9012055 ], [ 138.2395551, 35.9013646 ], [ 138.2394538, 35.9016148 ], [ 138.2393577, 35.9017677 ], [ 138.2392889, 35.9018508 ], [ 138.2390835, 35.9020297 ], [ 138.2389868, 35.902086 ], [ 138.2387376, 35.902193 ], [ 138.238503, 35.9022774 ], [ 138.2380119, 35.9024013 ], [ 138.2378599, 35.9024349 ], [ 138.2370438, 35.9026041 ], [ 138.2364893, 35.9027313 ], [ 138.2364252, 35.9027514 ], [ 138.2361048, 35.9028115 ], [ 138.2358234, 35.9029348 ], [ 138.235656, 35.9030549 ], [ 138.2354925, 35.9032366 ], [ 138.2353454, 35.9034935 ], [ 138.2353091, 35.9035716 ], [ 138.2352735, 35.9037805 ], [ 138.2352596, 35.903911 ], [ 138.2352666, 35.9040957 ], [ 138.2353221, 35.9042649 ], [ 138.2355293, 35.9048955 ], [ 138.2355293, 35.9050866 ], [ 138.2354738, 35.9053852 ], [ 138.235391, 35.905661 ], [ 138.2351559, 35.9061844 ], [ 138.2349621, 35.9066349 ], [ 138.2343327, 35.9080538 ], [ 138.2342155, 35.9083285 ], [ 138.2339798, 35.9088709 ], [ 138.2339392, 35.9089501 ], [ 138.2334708, 35.9099361 ], [ 138.2333213, 35.9102361 ], [ 138.2331363, 35.9105424 ], [ 138.2329674, 35.9108301 ], [ 138.2326765, 35.9111766 ], [ 138.2324452, 35.9113966 ], [ 138.232185, 35.9117191 ], [ 138.2320511, 35.9119322 ], [ 138.2318641, 35.9122199 ], [ 138.231781, 35.9124227 ], [ 138.2316636, 35.9127211 ], [ 138.2314222, 35.9135278 ], [ 138.2312994, 35.9137886 ], [ 138.2311454, 35.9139965 ], [ 138.2310241, 35.9141684 ], [ 138.2308788, 35.9142867 ], [ 138.2306948, 35.9144539 ], [ 138.2299874, 35.914805 ], [ 138.2293172, 35.9150914 ], [ 138.228741, 35.9152462 ], [ 138.2281008, 35.9153582 ], [ 138.2275745, 35.9154402 ], [ 138.227278, 35.9156063 ], [ 138.2270758, 35.9156949 ], [ 138.226375, 35.9161177 ], [ 138.2262167, 35.9162393 ], [ 138.2258752, 35.9165158 ], [ 138.2257463, 35.9166618 ], [ 138.2256471, 35.9167744 ], [ 138.2254949, 35.9170167 ], [ 138.2252354, 35.9175649 ], [ 138.2252076, 35.9176269 ], [ 138.2249483, 35.9179404 ], [ 138.224679, 35.9182053 ], [ 138.2244538, 35.918408 ], [ 138.2241601, 35.91862 ], [ 138.2239457, 35.9187507 ], [ 138.2237452, 35.9188519 ], [ 138.2234619, 35.9189927 ], [ 138.223123, 35.9191505 ], [ 138.2222655, 35.9194938 ], [ 138.2221407, 35.9195329 ], [ 138.2219538, 35.9195669 ], [ 138.221283, 35.9196822 ], [ 138.221101, 35.9197474 ], [ 138.2209469, 35.9198371 ], [ 138.2205794, 35.9200735 ], [ 138.220261, 35.9203438 ], [ 138.2200533, 35.920558 ], [ 138.2196519, 35.9211093 ], [ 138.2194094, 35.9215091 ], [ 138.2192849, 35.9217682 ], [ 138.219091, 35.9220835 ], [ 138.218927, 35.9223229 ], [ 138.2188902, 35.9223763 ], [ 138.218731, 35.9225505 ], [ 138.218288, 35.9229277 ], [ 138.217748, 35.9232657 ], [ 138.2173397, 35.9235077 ], [ 138.2172149, 35.9235585 ], [ 138.2168757, 35.9236371 ], [ 138.2165819, 35.9236478 ], [ 138.2160196, 35.923668 ], [ 138.2154827, 35.923705 ], [ 138.2147441, 35.9237552 ], [ 138.214211, 35.9238002 ], [ 138.2139133, 35.9238904 ], [ 138.213678, 35.9240143 ], [ 138.213451, 35.924168 ], [ 138.2132884, 35.924305 ], [ 138.213135, 35.9244502 ], [ 138.2129448, 35.9246225 ], [ 138.2127953, 35.924766 ], [ 138.2125627, 35.9249952 ], [ 138.2122797, 35.9252752 ], [ 138.2115459, 35.9260305 ], [ 138.2109371, 35.9266485 ], [ 138.2106381, 35.9269598 ], [ 138.210333, 35.9272711 ], [ 138.2098635, 35.9277524 ], [ 138.2092952, 35.9283333 ], [ 138.2090536, 35.928591 ], [ 138.2088183, 35.9289682 ], [ 138.2085552, 35.9292668 ], [ 138.2082872, 35.9295214 ], [ 138.2082508, 35.9295538 ], [ 138.2079947, 35.9297735 ], [ 138.2076645, 35.9300853 ], [ 138.2076069, 35.9301396 ], [ 138.2072765, 35.9305115 ], [ 138.2071586, 35.930686 ], [ 138.2068029, 35.9312505 ], [ 138.2062277, 35.9320511 ], [ 138.2061033, 35.9321525 ], [ 138.2059372, 35.9322592 ], [ 138.20554, 35.9324714 ], [ 138.2052933, 35.9326253 ], [ 138.2048299, 35.932953 ], [ 138.2045392, 35.9332459 ], [ 138.2043178, 35.93349 ], [ 138.2041377, 35.9336627 ], [ 138.2037155, 35.9341352 ], [ 138.2034524, 35.9344844 ], [ 138.2032399, 35.9348604 ], [ 138.2028802, 35.9352758 ], [ 138.2025151, 35.9355529 ], [ 138.2018021, 35.9360587 ], [ 138.2002208, 35.9369627 ], [ 138.1999963, 35.9371392 ], [ 138.1998055, 35.9372893 ], [ 138.1995008, 35.9375707 ], [ 138.1992933, 35.9377904 ], [ 138.1989168, 35.9381552 ], [ 138.198733, 35.9383604 ], [ 138.1986083, 35.9385075 ], [ 138.1985264, 35.9386388 ], [ 138.198485, 35.9387368 ], [ 138.1984236, 35.9388515 ], [ 138.1982565, 35.9392641 ], [ 138.1981831, 35.9395049 ], [ 138.1980027, 35.9398022 ], [ 138.1978344, 35.9400123 ], [ 138.1975977, 35.9402987 ], [ 138.1973096, 35.9406219 ], [ 138.19667, 35.941354 ], [ 138.1964935, 35.9416618 ], [ 138.1962822, 35.9420185 ], [ 138.1959391, 35.9426615 ], [ 138.1958144, 35.9428646 ], [ 138.1956798, 35.9430906 ], [ 138.1955172, 35.9433448 ], [ 138.1952983, 35.9436424 ], [ 138.1950375, 35.943991 ], [ 138.1948705, 35.9443118 ], [ 138.1947732, 35.9445371 ], [ 138.1947039, 35.9446982 ], [ 138.1945791, 35.9448896 ], [ 138.1943554, 35.9450989 ], [ 138.1943045, 35.9451274 ], [ 138.194205, 35.9451725 ], [ 138.1938455, 35.9452893 ], [ 138.1934873, 35.9453771 ], [ 138.1932957, 35.9454678 ], [ 138.1928558, 35.9456769 ], [ 138.1926164, 35.9458202 ], [ 138.1925163, 35.9458805 ], [ 138.1921494, 35.9462183 ], [ 138.1920525, 35.9462915 ], [ 138.1919211, 35.9463535 ], [ 138.1916736, 35.9464289 ], [ 138.1914425, 35.9464901 ], [ 138.1912094, 35.9465388 ], [ 138.1910638, 35.9465685 ], [ 138.1903568, 35.9468374 ], [ 138.1899208, 35.9470232 ], [ 138.1895883, 35.9471696 ], [ 138.1892801, 35.9472869 ], [ 138.1890901, 35.9473668 ], [ 138.18873, 35.9475413 ], [ 138.1883853, 35.9477369 ], [ 138.1883246, 35.9477863 ], [ 138.1881279, 35.9479972 ], [ 138.18774, 35.948459 ], [ 138.1872412, 35.9490825 ], [ 138.1868403, 35.9495963 ], [ 138.1865165, 35.9499951 ], [ 138.1863625, 35.9501874 ], [ 138.1861755, 35.9504577 ], [ 138.1861133, 35.9505646 ], [ 138.1860058, 35.9507718 ], [ 138.1859503, 35.9509557 ], [ 138.1859075, 35.9511396 ], [ 138.1859075, 35.9513279 ], [ 138.1859192, 35.9514554 ], [ 138.1859595, 35.9517195 ], [ 138.1859655, 35.9518118 ], [ 138.185975, 35.9521071 ], [ 138.185975, 35.9524843 ], [ 138.185924, 35.9527187 ], [ 138.1858861, 35.9528101 ], [ 138.1857536, 35.9530068 ], [ 138.1854761, 35.9534247 ], [ 138.1844933, 35.9549899 ], [ 138.1841611, 35.9555301 ], [ 138.1839368, 35.9558921 ], [ 138.1837111, 35.9562562 ], [ 138.1835106, 35.9565265 ], [ 138.1833464, 35.9567884 ], [ 138.1831705, 35.9569654 ], [ 138.1820249, 35.9580428 ], [ 138.1807605, 35.959201 ], [ 138.1804467, 35.9595934 ], [ 138.1796481, 35.960336 ], [ 138.1792678, 35.9606361 ], [ 138.1787364, 35.960984 ], [ 138.1780003, 35.9615482 ], [ 138.177772, 35.9617793 ], [ 138.1775367, 35.9620776 ], [ 138.1773358, 35.9623929 ], [ 138.1770589, 35.9629279 ], [ 138.1769694, 35.963073 ], [ 138.1768306, 35.9632937 ], [ 138.1765813, 35.9635978 ], [ 138.1763803, 35.9637962 ], [ 138.1761245, 35.9640479 ], [ 138.1758825, 35.9643407 ], [ 138.1757231, 35.9645604 ], [ 138.1755225, 35.9648476 ], [ 138.1752915, 35.9652951 ], [ 138.1751775, 35.9656644 ], [ 138.1745842, 35.9672064 ], [ 138.1744017, 35.9674419 ], [ 138.1741507, 35.9677097 ], [ 138.1738561, 35.9679532 ], [ 138.173704, 35.9680801 ], [ 138.1735186, 35.968261 ], [ 138.1733285, 35.9685149 ], [ 138.1727628, 35.9698499 ], [ 138.1725727, 35.9703692 ], [ 138.1723683, 35.9707809 ], [ 138.1722162, 35.9710848 ], [ 138.1719921, 35.9713613 ], [ 138.1717154, 35.9717164 ], [ 138.1715026, 35.9719133 ], [ 138.1713033, 35.9720717 ], [ 138.171052, 35.9722527 ], [ 138.1708098, 35.9724269 ], [ 138.1705856, 35.9725717 ], [ 138.1702392, 35.9727798 ], [ 138.1696642, 35.9731056 ], [ 138.1692295, 35.9733545 ], [ 138.168351, 35.9738477 ], [ 138.1674431, 35.9743727 ], [ 138.1665307, 35.974884 ], [ 138.1655277, 35.9754564 ], [ 138.164973, 35.9758003 ], [ 138.1644818, 35.9761397 ], [ 138.163952, 35.9765357 ], [ 138.1615034, 35.9785527 ], [ 138.1582216, 35.9811716 ], [ 138.1579635, 35.981416 ], [ 138.1567115, 35.9824862 ], [ 138.1565236, 35.982674 ], [ 138.1563696, 35.9828414 ], [ 138.1562134, 35.983036 ], [ 138.1560821, 35.9832351 ], [ 138.1559508, 35.9834523 ], [ 138.1558376, 35.983665 ], [ 138.1557289, 35.9838844 ], [ 138.1550973, 35.985251 ], [ 138.1549682, 35.985475 ], [ 138.1548663, 35.9856221 ], [ 138.1547237, 35.985794 ], [ 138.1544889, 35.9859965 ], [ 138.1542482, 35.9861764 ], [ 138.1539131, 35.9864072 ], [ 138.1531637, 35.9868265 ], [ 138.1526651, 35.9871076 ], [ 138.1521807, 35.9873988 ], [ 138.1514259, 35.987834 ], [ 138.1511116, 35.9880188 ], [ 138.1508034, 35.9882001 ], [ 138.150017, 35.9886438 ], [ 138.1492665, 35.9890837 ], [ 138.1485385, 35.9895057 ], [ 138.1482142, 35.9896921 ], [ 138.1474042, 35.9901762 ], [ 138.1472216, 35.9902986 ], [ 138.1470929, 35.9905701 ], [ 138.1470373, 35.990739 ], [ 138.1470029, 35.9909418 ], [ 138.1470029, 35.9913809 ], [ 138.1470076, 35.9916801 ], [ 138.147012, 35.991964 ], [ 138.1470429, 35.9926348 ], [ 138.1470584, 35.9929895 ], [ 138.1470859, 35.9939198 ], [ 138.1471447, 35.9951085 ], [ 138.147169, 35.9956145 ], [ 138.1471883, 35.9960854 ], [ 138.147187, 35.9961963 ], [ 138.1471756, 35.996549 ], [ 138.1471065, 35.9971007 ], [ 138.147044, 35.9973765 ], [ 138.146774, 35.9982832 ], [ 138.1467117, 35.9984877 ], [ 138.1465879, 35.9989108 ], [ 138.1464938, 35.9991093 ], [ 138.1463034, 35.9995554 ], [ 138.1460417, 35.9999951 ], [ 138.1456804, 36.0005798 ], [ 138.1453782, 36.0010099 ], [ 138.1450644, 36.0014299 ], [ 138.1445454, 36.0020665 ], [ 138.1437424, 36.0029726 ], [ 138.1433254, 36.0034707 ], [ 138.14263, 36.0043562 ], [ 138.1421113, 36.005039 ], [ 138.1419235, 36.0053196 ], [ 138.1416448, 36.0057315 ], [ 138.1413496, 36.0061775 ], [ 138.1403899, 36.0077457 ], [ 138.1399856, 36.0083905 ], [ 138.1396685, 36.0088916 ], [ 138.1389763, 36.0100246 ], [ 138.1387838, 36.010332 ], [ 138.1384496, 36.010882 ], [ 138.1380347, 36.0115686 ], [ 138.1374871, 36.0124532 ], [ 138.1369062, 36.0134086 ], [ 138.1366517, 36.0138221 ], [ 138.1360251, 36.0148346 ], [ 138.1356924, 36.0153748 ], [ 138.135256, 36.0160676 ], [ 138.1348903, 36.0166618 ], [ 138.134556, 36.0172162 ], [ 138.1338352, 36.0183815 ], [ 138.1333299, 36.0192154 ], [ 138.1327951, 36.0200881 ], [ 138.1324113, 36.0207232 ], [ 138.1321292, 36.0211812 ], [ 138.131629, 36.0220053 ], [ 138.1314035, 36.0223858 ], [ 138.1307724, 36.0234201 ], [ 138.1300862, 36.0245307 ], [ 138.1296616, 36.0252245 ], [ 138.1294017, 36.0256581 ], [ 138.129276, 36.025843 ], [ 138.1286198, 36.0268283 ], [ 138.1281394, 36.0275693 ], [ 138.1279753, 36.0278109 ], [ 138.1278761, 36.0279575 ], [ 138.127661, 36.0281888 ], [ 138.1274999, 36.0282897 ], [ 138.1274532, 36.0283123 ], [ 138.1272521, 36.0283968 ], [ 138.1267741, 36.0286443 ], [ 138.1263721, 36.0288865 ], [ 138.1260079, 36.0291565 ], [ 138.1258424, 36.0293106 ], [ 138.1255843, 36.0295787 ], [ 138.1254852, 36.0297143 ], [ 138.1250009, 36.0304475 ], [ 138.1246187, 36.0310334 ], [ 138.1244589, 36.0312663 ], [ 138.1243506, 36.0315062 ], [ 138.1243477, 36.0316423 ], [ 138.1244076, 36.0318176 ], [ 138.1245987, 36.0321059 ], [ 138.1246443, 36.0322051 ], [ 138.1246614, 36.0323181 ], [ 138.1246557, 36.0325534 ], [ 138.1246396, 36.0329287 ], [ 138.1244856, 36.0342771 ], [ 138.1244361, 36.0348521 ], [ 138.1246111, 36.0351105 ], [ 138.1247632, 36.0353472 ], [ 138.1248697, 36.0354895 ], [ 138.1249267, 36.0356094 ], [ 138.1249695, 36.0357086 ], [ 138.1249809, 36.0358054 ], [ 138.124941, 36.0360222 ], [ 138.1248497, 36.0363152 ], [ 138.1248012, 36.0365504 ], [ 138.1247968, 36.0368476 ], [ 138.1247342, 36.0370809 ], [ 138.1245687, 36.0373692 ], [ 138.1239955, 36.038128 ], [ 138.1236361, 36.0385984 ], [ 138.1226122, 36.0400053 ], [ 138.1222614, 36.0404435 ], [ 138.1219021, 36.0408296 ], [ 138.1216002, 36.0410973 ], [ 138.1215005, 36.0411851 ], [ 138.1211132, 36.0415864 ], [ 138.1208302, 36.0418704 ], [ 138.1204058, 36.0423054 ], [ 138.1200316, 36.0426656 ], [ 138.1196441, 36.0430578 ], [ 138.1193802, 36.0433073 ], [ 138.1185483, 36.0441364 ], [ 138.1184608, 36.0442253 ], [ 138.1175439, 36.0451873 ], [ 138.1174562, 36.0452684 ], [ 138.1172921, 36.0456829 ], [ 138.1170519, 36.046274 ], [ 138.1167596, 36.0470209 ], [ 138.1165333, 36.0474767 ], [ 138.1163336, 36.0480071 ], [ 138.1162195, 36.0482954 ], [ 138.1159058, 36.0490717 ], [ 138.1157157, 36.0495791 ], [ 138.1155151, 36.0502401 ], [ 138.1153639, 36.0507982 ], [ 138.1153068, 36.0509365 ], [ 138.1151011, 36.0510959 ], [ 138.1150511, 36.051204 ], [ 138.114783, 36.0518343 ], [ 138.1145948, 36.0523001 ], [ 138.1144902, 36.0525507 ], [ 138.1143305, 36.0529565 ], [ 138.1141114, 36.0535005 ], [ 138.1140495, 36.0536727 ], [ 138.1138494, 36.0541386 ], [ 138.1136392, 36.0547337 ], [ 138.1133236, 36.0554422 ], [ 138.1130099, 36.0562423 ], [ 138.1128359, 36.0566597 ], [ 138.1126905, 36.0569364 ], [ 138.1125849, 36.057077 ], [ 138.1124794, 36.0571969 ], [ 138.1123339, 36.0573606 ], [ 138.1121856, 36.0575382 ], [ 138.112083, 36.0576442 ], [ 138.111813, 36.0580718 ], [ 138.1116703, 36.0583734 ], [ 138.1114659, 36.0587904 ], [ 138.1111902, 36.0593687 ], [ 138.1109112, 36.0599672 ], [ 138.1108766, 36.060155 ], [ 138.1107825, 36.0605124 ], [ 138.1107083, 36.0607153 ], [ 138.1106427, 36.0608375 ], [ 138.1104687, 36.0610242 ], [ 138.1102634, 36.0612317 ], [ 138.1100038, 36.0614323 ], [ 138.1097015, 36.0616214 ], [ 138.1092879, 36.061845 ], [ 138.1089428, 36.0620087 ], [ 138.1086747, 36.0621263 ], [ 138.1082184, 36.0622301 ], [ 138.1080615, 36.0622601 ], [ 138.1076479, 36.0623477 ], [ 138.107379, 36.0624408 ], [ 138.1071961, 36.062541 ], [ 138.106894, 36.0626944 ], [ 138.1063603, 36.0629704 ], [ 138.1061942, 36.0630603 ], [ 138.1058131, 36.0632911 ], [ 138.1050302, 36.0639326 ], [ 138.1047886, 36.0642106 ], [ 138.1046479, 36.0644027 ], [ 138.1043075, 36.0648992 ], [ 138.1038188, 36.0655955 ], [ 138.103315, 36.0663148 ], [ 138.1031495, 36.0664885 ], [ 138.1029233, 36.066679 ], [ 138.1025316, 36.0668958 ], [ 138.1020885, 36.0671094 ], [ 138.1019478, 36.067157 ], [ 138.1014287, 36.0672877 ], [ 138.1009501, 36.0673993 ], [ 138.1005869, 36.0674807 ], [ 138.1002446, 36.0675222 ], [ 138.0996799, 36.0676006 ], [ 138.0993724, 36.0676933 ], [ 138.0989636, 36.0679008 ], [ 138.0984383, 36.0681966 ], [ 138.0978393, 36.0685098 ], [ 138.0972832, 36.0687499 ], [ 138.096487, 36.0689901 ], [ 138.0960734, 36.0690708 ], [ 138.0958832, 36.0690958 ], [ 138.0954578, 36.0691419 ], [ 138.0952014, 36.0691783 ], [ 138.0951308, 36.0691997 ], [ 138.0949811, 36.0692927 ], [ 138.0949017, 36.0693963 ], [ 138.094799, 36.0697348 ], [ 138.0947668, 36.0698779 ], [ 138.0947281, 36.0699739 ], [ 138.0946225, 36.0700806 ], [ 138.0941624, 36.0703599 ], [ 138.0935635, 36.0706673 ], [ 138.0931, 36.0708805 ], [ 138.0929122, 36.0709823 ], [ 138.0927482, 36.0710592 ], [ 138.0925153, 36.0711495 ], [ 138.0923418, 36.0711994 ], [ 138.0920542, 36.0712186 ], [ 138.0917886, 36.0712123 ], [ 138.0914909, 36.071234 ], [ 138.0909704, 36.0712282 ], [ 138.0906543, 36.0712417 ], [ 138.0904499, 36.0712474 ], [ 138.0901694, 36.0712955 ], [ 138.0898153, 36.0713838 ], [ 138.0893756, 36.0715241 ], [ 138.08905, 36.0716259 ], [ 138.0887838, 36.0717258 ], [ 138.0884676, 36.0719141 ], [ 138.0870273, 36.0729361 ], [ 138.0868972, 36.073044 ], [ 138.0868347, 36.0731542 ], [ 138.0866684, 36.0734528 ], [ 138.0865662, 36.0737891 ], [ 138.0865234, 36.0745844 ], [ 138.0834769, 36.0744104 ], [ 138.0823565, 36.0746079 ], [ 138.0823023, 36.0746202 ], [ 138.0815737, 36.074784 ], [ 138.081243, 36.0748578 ], [ 138.0811606, 36.0748753 ], [ 138.0810237, 36.0749045 ], [ 138.0800622, 36.0751294 ], [ 138.0796329, 36.0752253 ], [ 138.0790592, 36.0753454 ], [ 138.0781221, 36.0755458 ], [ 138.0778385, 36.0756078 ], [ 138.0773999, 36.0757014 ], [ 138.0771071, 36.0757751 ], [ 138.0729353, 36.0766788 ], [ 138.0695222, 36.0774472 ], [ 138.0657667, 36.0782726 ], [ 138.0644811, 36.0785552 ], [ 138.0622717, 36.0790439 ], [ 138.0598796, 36.0795541 ], [ 138.0572595, 36.0801196 ], [ 138.0565103, 36.0802794 ], [ 138.0555368, 36.0805007 ], [ 138.0548865, 36.0806513 ], [ 138.054501, 36.0807359 ], [ 138.0540993, 36.0807801 ], [ 138.0535669, 36.0807763 ], [ 138.0527778, 36.0808646 ], [ 138.0522406, 36.0809972 ], [ 138.0514819, 36.0811601 ], [ 138.0493752, 36.0816795 ], [ 138.0483788, 36.0819438 ], [ 138.0470207, 36.0823213 ], [ 138.0464075, 36.0824827 ], [ 138.0461508, 36.0825818 ], [ 138.0453607, 36.0830843 ], [ 138.0448588, 36.0834162 ], [ 138.0442712, 36.0839579 ], [ 138.0438662, 36.084329 ], [ 138.0436238, 36.0845963 ], [ 138.0434897, 36.08479 ], [ 138.0433528, 36.0849905 ], [ 138.0432473, 36.0850942 ], [ 138.0430562, 36.0851956 ], [ 138.0429364, 36.0852394 ], [ 138.0427681, 36.085274 ], [ 138.0426198, 36.0852809 ], [ 138.0424826, 36.0852591 ], [ 138.0423546, 36.0852256 ], [ 138.0421521, 36.0851564 ], [ 138.041864, 36.0850781 ], [ 138.0415617, 36.0850135 ], [ 138.040485, 36.0849841 ], [ 138.0399232, 36.0849839 ], [ 138.0395971, 36.084991 ], [ 138.0395491, 36.0849921 ], [ 138.0389813, 36.0849906 ], [ 138.0385868, 36.0850064 ], [ 138.0379918, 36.0851266 ], [ 138.0371856, 36.0851512 ], [ 138.0369574, 36.0843337 ], [ 138.0369042, 36.0834548 ], [ 138.0368942, 36.0826594 ], [ 138.0370131, 36.0822791 ], [ 138.037227, 36.0819103 ], [ 138.0376168, 36.0814493 ], [ 138.037851, 36.0811615 ], [ 138.0379971, 36.0808077 ], [ 138.0380446, 36.0804889 ], [ 138.0380208, 36.0801623 ], [ 138.0379027, 36.07977 ], [ 138.0378536, 36.0796024 ], [ 138.0377693, 36.0792215 ], [ 138.0377456, 36.0790695 ], [ 138.0377161, 36.0789122 ], [ 138.037723, 36.0785689 ], [ 138.0377714, 36.0782422 ], [ 138.0378477, 36.07791 ], [ 138.0379359, 36.0777249 ], [ 138.0378456, 36.0774367 ], [ 138.0376412, 36.0772408 ], [ 138.0363767, 36.0763917 ], [ 138.0355591, 36.0758615 ], [ 138.0353214, 36.0756387 ], [ 138.0351123, 36.0753697 ], [ 138.0349021, 36.075095 ], [ 138.0347272, 36.0749279 ], [ 138.0345656, 36.0748088 ], [ 138.0343099, 36.0746874 ], [ 138.0340075, 36.0745998 ], [ 138.0337052, 36.0745767 ], [ 138.0333344, 36.0745998 ], [ 138.0330536, 36.0746862 ], [ 138.0329773, 36.0746962 ], [ 138.0328837, 36.0747271 ], [ 138.032773, 36.0747831 ], [ 138.0326729, 36.0748828 ], [ 138.0325873, 36.074995 ], [ 138.0322828, 36.0753938 ], [ 138.032123, 36.075588 ], [ 138.0320643, 36.0756645 ], [ 138.0317541, 36.0760981 ], [ 138.0316181, 36.0762996 ], [ 138.0314898, 36.0765115 ], [ 138.0313358, 36.0768356 ], [ 138.0312691, 36.0770329 ], [ 138.0312049, 36.0773258 ], [ 138.0311767, 36.077687 ], [ 138.0311546, 36.0783584 ], [ 138.031139, 36.0785764 ], [ 138.0311629, 36.0788083 ], [ 138.0311878, 36.078921 ], [ 138.0312272, 36.0790744 ], [ 138.0312823, 36.0792157 ], [ 138.0313484, 36.0793554 ], [ 138.0314182, 36.0794699 ], [ 138.03151, 36.0796082 ], [ 138.0316313, 36.0797316 ], [ 138.0317763, 36.0798772 ], [ 138.0320157, 36.0800956 ], [ 138.0320342, 36.0801124 ], [ 138.0322502, 36.0803084 ], [ 138.032511, 36.0805165 ], [ 138.0327609, 36.0807322 ], [ 138.0328321, 36.0807943 ], [ 138.0331481, 36.0810593 ], [ 138.0332953, 36.081245 ], [ 138.03333, 36.081337 ], [ 138.0333743, 36.0814547 ], [ 138.0333687, 36.0816643 ], [ 138.0333414, 36.0817512 ], [ 138.0333212, 36.0818151 ], [ 138.0332785, 36.0818755 ], [ 138.0332476, 36.0819155 ], [ 138.033173, 36.0820044 ], [ 138.0330291, 36.0821154 ], [ 138.0329831, 36.0821406 ], [ 138.0328563, 36.0821876 ], [ 138.0326819, 36.0822411 ], [ 138.0325202, 36.082253 ], [ 138.032435, 36.0822476 ], [ 138.0323731, 36.0822436 ], [ 138.032263, 36.0822245 ], [ 138.0321786, 36.0822084 ], [ 138.0320791, 36.0821815 ], [ 138.0315064, 36.0819691 ], [ 138.0312309, 36.0819126 ], [ 138.0311041, 36.0818977 ], [ 138.0309848, 36.0818977 ], [ 138.0308268, 36.0819111 ], [ 138.030637, 36.0819825 ], [ 138.0304436, 36.0821078 ], [ 138.0303207, 36.0822418 ], [ 138.0302387, 36.0823851 ], [ 138.0302016, 36.0825139 ], [ 138.0302253, 36.0827725 ], [ 138.0302761, 36.0830645 ], [ 138.0303783, 36.0834044 ], [ 138.0304399, 36.083613 ], [ 138.0304827, 36.0837199 ], [ 138.0305571, 36.0838555 ], [ 138.0307923, 36.0841484 ], [ 138.0309755, 36.0843673 ], [ 138.0311762, 36.0846392 ], [ 138.0312794, 36.0848271 ], [ 138.0314542, 36.0853457 ], [ 138.0314931, 36.0855066 ], [ 138.0315136, 36.0856425 ], [ 138.0315006, 36.0857572 ], [ 138.0314787, 36.0859636 ], [ 138.0314505, 36.0860468 ], [ 138.0314095, 36.0861225 ], [ 138.0313208, 36.0862334 ], [ 138.0311982, 36.0863235 ], [ 138.031053, 36.0863966 ], [ 138.0309411, 36.0864392 ], [ 138.0308446, 36.0864661 ], [ 138.0306549, 36.0864987 ], [ 138.0305524, 36.086505 ], [ 138.0304093, 36.086494 ], [ 138.030261, 36.0864668 ], [ 138.0300503, 36.0863986 ], [ 138.0295625, 36.0862337 ], [ 138.0291518, 36.0861046 ], [ 138.0287607, 36.0860851 ], [ 138.0286064, 36.0861037 ], [ 138.0279901, 36.0862371 ], [ 138.0277539, 36.0863232 ], [ 138.0275962, 36.0864135 ], [ 138.0272456, 36.0866724 ], [ 138.0269473, 36.086909 ], [ 138.0268431, 36.0870101 ], [ 138.0266731, 36.0872751 ], [ 138.0265278, 36.0875048 ], [ 138.0264551, 36.0876555 ], [ 138.0262283, 36.0880399 ], [ 138.0260715, 36.0882512 ], [ 138.0258433, 36.0885047 ], [ 138.0253708, 36.0890677 ], [ 138.0250689, 36.0893867 ], [ 138.0249741, 36.0894868 ], [ 138.0247426, 36.0898378 ], [ 138.0246378, 36.0900066 ], [ 138.0243928, 36.0904133 ], [ 138.0242955, 36.0905649 ], [ 138.0241626, 36.0907183 ], [ 138.0241206, 36.090757 ], [ 138.0239697, 36.0908972 ], [ 138.0237617, 36.091066 ], [ 138.0236506, 36.0911335 ], [ 138.0233368, 36.0912864 ], [ 138.0230056, 36.0914208 ], [ 138.0229153, 36.0914488 ], [ 138.0223802, 36.0916616 ], [ 138.0217844, 36.0918938 ], [ 138.0213123, 36.0920835 ], [ 138.0207403, 36.0923005 ], [ 138.0196399, 36.0927571 ], [ 138.0195842, 36.0927883 ], [ 138.0192311, 36.0929837 ], [ 138.0189616, 36.0931827 ], [ 138.0186873, 36.093287 ], [ 138.0183302, 36.0933796 ], [ 138.0178447, 36.0934532 ], [ 138.0171722, 36.0935427 ], [ 138.0164716, 36.0935991 ], [ 138.0161365, 36.0935906 ], [ 138.0157246, 36.0935578 ], [ 138.0155724, 36.0935619 ], [ 138.0153026, 36.0935677 ], [ 138.0148366, 36.0936142 ], [ 138.0146771, 36.0936367 ], [ 138.0145435, 36.093676 ], [ 138.0142845, 36.0937915 ], [ 138.0142057, 36.0938281 ], [ 138.0139838, 36.0940084 ], [ 138.0136746, 36.0942764 ], [ 138.0134218, 36.0945034 ], [ 138.0130989, 36.0947929 ], [ 138.0127994, 36.095008 ], [ 138.0125504, 36.0951808 ], [ 138.0121177, 36.0953912 ], [ 138.0117321, 36.0955732 ], [ 138.0113099, 36.0957417 ], [ 138.0108756, 36.0958996 ], [ 138.0106384, 36.0959754 ], [ 138.010395, 36.0960166 ], [ 138.0103303, 36.0960311 ], [ 138.0099947, 36.0960235 ], [ 138.0096341, 36.0959951 ], [ 138.0093983, 36.0959671 ], [ 138.0092594, 36.0959276 ], [ 138.0090361, 36.0958307 ], [ 138.0089216, 36.0957528 ], [ 138.0088213, 36.09564 ], [ 138.0087545, 36.0955523 ], [ 138.0086907, 36.095448 ], [ 138.0085311, 36.095179 ], [ 138.008427, 36.095016 ], [ 138.0083022, 36.0949146 ], [ 138.0081959, 36.0948643 ], [ 138.0080386, 36.0948132 ], [ 138.0079136, 36.0948018 ], [ 138.0077611, 36.0948132 ], [ 138.0076102, 36.0948465 ], [ 138.0075016, 36.0948966 ], [ 138.007435, 36.0949481 ], [ 138.0072967, 36.0950779 ], [ 138.0072064, 36.0952071 ], [ 138.0069567, 36.0956632 ], [ 138.0067481, 36.0960423 ], [ 138.0063897, 36.0968202 ], [ 138.0061335, 36.0971735 ], [ 138.0059946, 36.0972804 ], [ 138.0057865, 36.0973877 ], [ 138.0056479, 36.0974327 ], [ 138.005361, 36.0974779 ], [ 138.0050117, 36.0974855 ], [ 138.0045011, 36.097489 ], [ 138.0036798, 36.0974543 ], [ 138.0034351, 36.0974496 ], [ 138.0028245, 36.0974102 ], [ 138.0024884, 36.0973988 ], [ 138.002381, 36.0973988 ], [ 138.0021798, 36.0974213 ], [ 138.0020713, 36.0974574 ], [ 138.0019087, 36.0975134 ], [ 138.0018085, 36.0975677 ], [ 138.0015762, 36.0977649 ], [ 138.0014513, 36.0979112 ], [ 138.001254, 36.0982116 ], [ 138.0012063, 36.0983044 ], [ 138.0010619, 36.0986869 ], [ 138.0009934, 36.1004568 ], [ 138.0009066, 36.1009227 ], [ 138.0008067, 36.1011046 ], [ 138.0007055, 36.1012885 ], [ 138.0005805, 36.1014519 ], [ 138.0005183, 36.1015588 ], [ 138.0004766, 36.1016996 ], [ 138.0004419, 36.1018349 ], [ 138.0004072, 36.1020934 ], [ 138.0003794, 36.1023918 ], [ 138.000303, 36.1030732 ], [ 138.0002814, 36.1033293 ], [ 138.000229, 36.1035236 ], [ 138.0001682, 36.1036818 ], [ 137.9999952, 36.1041734 ], [ 137.9999343, 36.1043239 ], [ 137.9998392, 36.1045621 ], [ 137.999767, 36.1046942 ], [ 137.9996909, 36.1048263 ], [ 137.999594, 36.1049308 ], [ 137.9994704, 36.105026 ], [ 137.9993506, 36.105097 ], [ 137.9991924, 36.1051572 ], [ 137.9990524, 36.1051978 ], [ 137.9987421, 36.1052064 ], [ 137.9985261, 36.105167 ], [ 137.9983603, 36.1051031 ], [ 137.9981334, 36.1049772 ], [ 137.9974916, 36.1045374 ], [ 137.9971922, 36.1043723 ], [ 137.9969111, 36.1042702 ], [ 137.9962914, 36.104161 ], [ 137.9955569, 36.1040592 ], [ 137.9947814, 36.1038757 ], [ 137.9942663, 36.1036925 ], [ 137.993993, 36.1036272 ], [ 137.9935319, 36.1035792 ], [ 137.9929282, 36.1036848 ], [ 137.9924742, 36.1036406 ], [ 137.992151, 36.1035254 ], [ 137.9914356, 36.1031471 ], [ 137.9909663, 36.1029431 ], [ 137.990613, 36.1028532 ], [ 137.9901344, 36.1027688 ], [ 137.9891633, 36.1026168 ], [ 137.9888302, 36.1026113 ], [ 137.9886014, 36.1026326 ], [ 137.988439, 36.102669 ], [ 137.9883053, 36.102715 ], [ 137.9881797, 36.1027719 ], [ 137.9878399, 36.1029712 ], [ 137.9877088, 36.1030946 ], [ 137.9874147, 36.103419 ], [ 137.987232, 36.1036713 ], [ 137.9871483, 36.1038299 ], [ 137.9868274, 36.1045043 ], [ 137.9867974, 36.1046006 ], [ 137.9866466, 36.1051623 ], [ 137.9864879, 36.105951 ], [ 137.9864129, 36.1063166 ], [ 137.9862013, 36.1073457 ], [ 137.986059, 36.1079435 ], [ 137.9859618, 36.1083282 ], [ 137.9858947, 36.108581 ], [ 137.9858168, 36.1087945 ], [ 137.9855733, 36.1094624 ], [ 137.9855105, 36.109669 ], [ 137.9853398, 36.1100807 ], [ 137.9851531, 36.1105227 ], [ 137.9848557, 36.1111887 ], [ 137.9847428, 36.1113947 ], [ 137.9844097, 36.1119779 ], [ 137.9839052, 36.1126374 ], [ 137.9833481, 36.1132509 ], [ 137.9830252, 36.1135231 ], [ 137.9827764, 36.1137189 ], [ 137.9819855, 36.1143413 ], [ 137.9818918, 36.114408 ], [ 137.981278, 36.114829 ], [ 137.9810319, 36.1149771 ], [ 137.9807403, 36.115151 ], [ 137.9804932, 36.1152811 ], [ 137.9803438, 36.1153549 ], [ 137.9799995, 36.1154857 ], [ 137.9787869, 36.115937 ], [ 137.9785746, 36.1160035 ], [ 137.978274, 36.1160978 ], [ 137.977368, 36.1163602 ], [ 137.9768162, 36.1165129 ], [ 137.976372, 36.1166205 ], [ 137.9761109, 36.1166584 ], [ 137.9749966, 36.1168322 ], [ 137.9739043, 36.1169997 ], [ 137.9722443, 36.1171662 ], [ 137.9722314, 36.1171675 ], [ 137.971464, 36.117247 ], [ 137.9694761, 36.117432 ], [ 137.9677716, 36.1176149 ], [ 137.9666633, 36.1177249 ], [ 137.9659375, 36.1178097 ], [ 137.9649633, 36.1179632 ], [ 137.9646633, 36.118014 ], [ 137.9640961, 36.1181101 ], [ 137.9635591, 36.1182138 ], [ 137.9629906, 36.1183466 ], [ 137.9609507, 36.1188808 ], [ 137.9600784, 36.1191209 ] ] } },
{ "type": "Feature", "properties": { "N12_001": "20", "N12_002": 1, "N12_003": 3, "N12_004": "一般国道20号", "N12_005": 7, "N12_006": 2 }, "geometry": { "type": "LineString", "coordinates": [ [ 138.1269825, 36.0134874 ], [ 138.1280778, 36.0115859 ], [ 138.1301969, 36.0078048 ], [ 138.1316021, 36.0053714 ], [ 138.1326212, 36.0037963 ], [ 138.1330612, 36.0031366 ], [ 138.1333828, 36.0026995 ], [ 138.1337376, 36.0022201 ], [ 138.1340782, 36.0017638 ], [ 138.1345949, 36.0010275 ], [ 138.1347889, 36.0007875 ], [ 138.1352871, 36.0001476 ], [ 138.1356175, 35.9995959 ], [ 138.1359788, 35.9991006 ], [ 138.1370246, 35.9977376 ], [ 138.1373389, 35.9973332 ], [ 138.1382529, 35.9961931 ], [ 138.1386522, 35.9957685 ], [ 138.1389588, 35.9954693 ], [ 138.139158, 35.9952824 ], [ 138.1394722, 35.9950124 ], [ 138.1398489, 35.9946891 ], [ 138.1400125, 35.9945683 ], [ 138.1403036, 35.9943514 ], [ 138.1404147, 35.9942706 ], [ 138.140705, 35.9940587 ], [ 138.1412713, 35.9936898 ], [ 138.1420863, 35.9931969 ], [ 138.142451, 35.9929838 ], [ 138.1465287, 35.9906564 ], [ 138.1469348, 35.9904354 ], [ 138.1472216, 35.9902986 ] ] } },
{ "type": "Feature", "properties": { "N12_001": "20", "N12_002": 2, "N12_003": 3, "N12_004": "一般国道117号", "N12_005": 8, "N12_006": 1 }, "geometry": { "type": "LineString", "coordinates": [ [ 138.584801, 36.9892221 ], [ 138.5837842, 36.9889011 ], [ 138.5833844, 36.9887939 ], [ 138.5833164, 36.9887806 ], [ 138.5831744, 36.9887528 ], [ 138.5830189, 36.9887458 ], [ 138.5826272, 36.9887658 ], [ 138.5822761, 36.9887939 ], [ 138.5818628, 36.9888278 ], [ 138.5815329, 36.9888331 ], [ 138.5813959, 36.9888294 ], [ 138.5812947, 36.9888167 ], [ 138.5811475, 36.9887883 ], [ 138.5809161, 36.9887208 ], [ 138.5806494, 36.9886139 ], [ 138.5802286, 36.9884111 ], [ 138.5799289, 36.9882761 ], [ 138.5785289, 36.9875755 ], [ 138.5780468, 36.9873549 ], [ 138.5777181, 36.9872228 ], [ 138.5774728, 36.9871497 ], [ 138.5773114, 36.9871158 ], [ 138.5771014, 36.9871047 ], [ 138.5768475, 36.9871283 ], [ 138.5766803, 36.9871561 ], [ 138.5764011, 36.9872456 ], [ 138.5762386, 36.9873242 ], [ 138.5761194, 36.9874086 ], [ 138.5759792, 36.9875664 ], [ 138.5758039, 36.9878592 ], [ 138.575646, 36.9881225 ], [ 138.575295, 36.9886755 ], [ 138.575185, 36.9888747 ], [ 138.575, 36.9891759 ], [ 138.5748018, 36.9895035 ], [ 138.5744672, 36.9900933 ], [ 138.5742566, 36.9904176 ], [ 138.5741006, 36.9905814 ], [ 138.5738711, 36.9907528 ], [ 138.5736623, 36.9908824 ], [ 138.5734356, 36.990973 ], [ 138.5731367, 36.9910617 ], [ 138.5729705, 36.9910911 ], [ 138.5727392, 36.9911081 ], [ 138.5716944, 36.9911136 ], [ 138.5710526, 36.9910902 ], [ 138.5704881, 36.9910461 ], [ 138.569843, 36.9909617 ], [ 138.5695, 36.9909101 ], [ 138.5691141, 36.9908149 ], [ 138.5688042, 36.9907355 ], [ 138.5683901, 36.9906217 ], [ 138.5678221, 36.9904607 ], [ 138.5675197, 36.990382 ], [ 138.5666667, 36.9901492 ], [ 138.5662594, 36.990038 ], [ 138.5659436, 36.9899367 ], [ 138.5656422, 36.9898183 ], [ 138.5654461, 36.989717 ], [ 138.5650706, 36.9894903 ], [ 138.5649747, 36.9894261 ], [ 138.5647517, 36.9892639 ], [ 138.5645353, 36.9890475 ], [ 138.5643664, 36.9888508 ], [ 138.5640644, 36.9884897 ], [ 138.5635748, 36.9878616 ], [ 138.5634872, 36.98774 ], [ 138.5632576, 36.9874531 ], [ 138.5629844, 36.987138 ], [ 138.5627192, 36.9868678 ], [ 138.5625558, 36.9867322 ], [ 138.562425, 36.9866411 ], [ 138.5623464, 36.9865929 ], [ 138.5621631, 36.9864806 ], [ 138.5620672, 36.9864221 ], [ 138.5615581, 36.9861439 ], [ 138.5613334, 36.9860365 ], [ 138.5611984, 36.9859719 ], [ 138.5609535, 36.9858549 ], [ 138.5606644, 36.9857167 ], [ 138.5599008, 36.9853797 ], [ 138.5592069, 36.9851431 ], [ 138.5589247, 36.9850469 ], [ 138.5583333, 36.9848465 ], [ 138.5577885, 36.9846618 ], [ 138.5576488, 36.9846145 ], [ 138.5566881, 36.9842859 ], [ 138.5565164, 36.9842272 ], [ 138.5558117, 36.9839817 ], [ 138.5553226, 36.9838263 ], [ 138.5547597, 36.9836676 ], [ 138.5543386, 36.9835735 ], [ 138.5541038, 36.9835396 ], [ 138.5535742, 36.9834889 ], [ 138.5530183, 36.9834503 ], [ 138.5526159, 36.9834348 ], [ 138.5520144, 36.9834114 ], [ 138.5507067, 36.9834386 ], [ 138.5505359, 36.9834466 ], [ 138.5499993, 36.9834724 ], [ 138.5492308, 36.9835395 ], [ 138.5483713, 36.9836445 ], [ 138.5481702, 36.9836727 ], [ 138.5479636, 36.9837017 ], [ 138.5473252, 36.9838375 ], [ 138.5466924, 36.9839736 ], [ 138.5461911, 36.9841025 ], [ 138.5453655, 36.9843391 ], [ 138.5444289, 36.9846103 ], [ 138.5436361, 36.9848 ], [ 138.5428297, 36.9849689 ], [ 138.5424364, 36.98503 ], [ 138.5419133, 36.9850758 ], [ 138.5416979, 36.9850976 ], [ 138.5409854, 36.9851739 ], [ 138.5394424, 36.9853358 ], [ 138.5385239, 36.9854314 ], [ 138.5380539, 36.9854878 ], [ 138.5376544, 36.9854933 ], [ 138.5372828, 36.9854597 ], [ 138.5371917, 36.9854428 ], [ 138.5367567, 36.9853978 ], [ 138.5361536, 36.9853133 ], [ 138.5355433, 36.9852456 ], [ 138.5345758, 36.9852456 ], [ 138.5341481, 36.9852514 ], [ 138.5337622, 36.9852064 ], [ 138.5332867, 36.9852083 ], [ 138.5330769, 36.9852092 ], [ 138.5329495, 36.9851965 ], [ 138.532598, 36.9851556 ], [ 138.53235, 36.9851097 ], [ 138.5320128, 36.9850803 ], [ 138.5318128, 36.9850758 ], [ 138.5316175, 36.9850889 ], [ 138.5314086, 36.9851061 ], [ 138.5311739, 36.9851497 ], [ 138.5306553, 36.9852834 ], [ 138.53027, 36.9853844 ], [ 138.5299616, 36.9854594 ], [ 138.52924, 36.985625 ], [ 138.52887, 36.9856922 ], [ 138.5286925, 36.9857161 ], [ 138.5285003, 36.9857208 ], [ 138.5283344, 36.9857128 ], [ 138.5281661, 36.9856903 ], [ 138.5276119, 36.985482 ], [ 138.5272403, 36.9853919 ], [ 138.5269436, 36.9853556 ], [ 138.5266722, 36.9853692 ], [ 138.5264253, 36.9853996 ], [ 138.5259011, 36.9854705 ], [ 138.5256881, 36.9854878 ], [ 138.5254703, 36.9854825 ], [ 138.5252978, 36.9854481 ], [ 138.5250349, 36.9853709 ], [ 138.5249347, 36.9853415 ], [ 138.5244004, 36.9851834 ], [ 138.5242809, 36.9851442 ], [ 138.5238672, 36.9849975 ], [ 138.5235659, 36.9849333 ], [ 138.5234301, 36.9849172 ], [ 138.5233281, 36.98491 ], [ 138.5232568, 36.984912 ], [ 138.5231639, 36.9849172 ], [ 138.5230622, 36.9849386 ], [ 138.5225261, 36.9851572 ], [ 138.5222286, 36.98528 ], [ 138.5221142, 36.985313 ], [ 138.5219939, 36.9853442 ], [ 138.5218897, 36.985358 ], [ 138.521755, 36.9853639 ], [ 138.5216231, 36.9853581 ], [ 138.5213385, 36.9853308 ], [ 138.5211953, 36.9853072 ], [ 138.5202695, 36.9851833 ], [ 138.5196839, 36.9850597 ], [ 138.5190694, 36.9849867 ], [ 138.5182639, 36.984992 ], [ 138.5169669, 36.9850539 ], [ 138.5166667, 36.9850604 ], [ 138.5158831, 36.9850775 ], [ 138.5156975, 36.9850764 ], [ 138.5154169, 36.9850483 ], [ 138.5150453, 36.9849694 ], [ 138.5139444, 36.9846147 ], [ 138.5135725, 36.9845133 ], [ 138.5131978, 36.984443 ], [ 138.5128011, 36.9844683 ], [ 138.511594, 36.9845744 ], [ 138.5114468, 36.9845969 ], [ 138.5111764, 36.9846737 ], [ 138.5107598, 36.9848166 ], [ 138.5104862, 36.9848955 ], [ 138.5099882, 36.9849966 ], [ 138.5094933, 36.9850775 ], [ 138.5090624, 36.9851263 ], [ 138.5083668, 36.9851312 ], [ 138.5082629, 36.9851319 ], [ 138.5078562, 36.9851038 ], [ 138.5076346, 36.9850761 ], [ 138.507101, 36.984975 ], [ 138.5066571, 36.9848727 ], [ 138.5061943, 36.9843772 ], [ 138.5059418, 36.9841183 ], [ 138.5051069, 36.9832286 ], [ 138.5043288, 36.9823842 ], [ 138.5041397, 36.9821989 ], [ 138.5040041, 36.9820948 ], [ 138.503852, 36.9820126 ], [ 138.5037536, 36.9819592 ], [ 138.5035969, 36.981902 ], [ 138.5033783, 36.9818446 ], [ 138.5028993, 36.9817215 ], [ 138.5022108, 36.9815339 ], [ 138.5018116, 36.9814306 ], [ 138.5014955, 36.9813536 ], [ 138.5012389, 36.9812876 ], [ 138.5000061, 36.9809828 ], [ 138.4996289, 36.9808894 ], [ 138.4986395, 36.9806515 ], [ 138.498183, 36.9805476 ], [ 138.4951258, 36.979853 ], [ 138.4942894, 36.979661 ], [ 138.4937689, 36.9795416 ], [ 138.4934037, 36.9794602 ], [ 138.4928536, 36.9793224 ], [ 138.4925602, 36.9792545 ], [ 138.4916728, 36.9790493 ], [ 138.4914111, 36.9789888 ], [ 138.4905697, 36.9787943 ], [ 138.4901349, 36.9786762 ], [ 138.4900172, 36.9786348 ], [ 138.4898593, 36.9785691 ], [ 138.4896863, 36.9784848 ], [ 138.4894199, 36.9783326 ], [ 138.4881924, 36.9775051 ], [ 138.4871405, 36.9768293 ], [ 138.4866412, 36.9765311 ], [ 138.4865096, 36.9764523 ], [ 138.486229, 36.9763171 ], [ 138.4859204, 36.9762046 ], [ 138.4854365, 36.9760582 ], [ 138.4846758, 36.9758534 ], [ 138.4835785, 36.975574 ], [ 138.4832547, 36.975493 ], [ 138.4827093, 36.9753592 ], [ 138.4824748, 36.9753048 ], [ 138.4819954, 36.9751831 ], [ 138.4815659, 36.9750973 ], [ 138.4811873, 36.9750337 ], [ 138.4808983, 36.9749992 ], [ 138.4802662, 36.9749284 ], [ 138.4796743, 36.9749284 ], [ 138.4795537, 36.9749352 ], [ 138.4792491, 36.9749524 ], [ 138.4790918, 36.9749634 ], [ 138.4788494, 36.9749992 ], [ 138.4785766, 36.9750395 ], [ 138.478284, 36.9750781 ], [ 138.477814, 36.9751964 ], [ 138.4775604, 36.9752781 ], [ 138.4772376, 36.9753875 ], [ 138.4754518, 36.9759998 ], [ 138.4750059, 36.9761455 ], [ 138.4746443, 36.9762603 ], [ 138.4741108, 36.976429 ], [ 138.4738109, 36.9764998 ], [ 138.4733122, 36.9765845 ], [ 138.4728297, 36.976629 ], [ 138.472486, 36.9766498 ], [ 138.472011, 36.9766414 ], [ 138.471536, 36.9766331 ], [ 138.4706684, 36.9765361 ], [ 138.4702195, 36.9765305 ], [ 138.469544, 36.9764295 ], [ 138.4690388, 36.976345 ], [ 138.4686349, 36.9762938 ], [ 138.4675337, 36.9761024 ], [ 138.4668598, 36.976002 ], [ 138.4655446, 36.9757903 ], [ 138.4646866, 36.9756521 ], [ 138.4639434, 36.9755113 ], [ 138.4634036, 36.9753594 ], [ 138.4631459, 36.9752799 ], [ 138.462982, 36.9752152 ], [ 138.4627022, 36.9750946 ], [ 138.4625259, 36.9749991 ], [ 138.4623797, 36.9749199 ], [ 138.4620361, 36.9747005 ], [ 138.4616091, 36.9743419 ], [ 138.461534, 36.9742708 ], [ 138.4612855, 36.974019 ], [ 138.4611103, 36.9737882 ], [ 138.4608369, 36.9733885 ], [ 138.4602647, 36.9724917 ], [ 138.4601069, 36.9722446 ], [ 138.4597641, 36.9717671 ], [ 138.4595535, 36.9715308 ], [ 138.459168, 36.9711985 ], [ 138.4590088, 36.9710607 ], [ 138.4588877, 36.9709552 ], [ 138.458718, 36.9708102 ], [ 138.4585269, 36.970638 ], [ 138.4582463, 36.9704238 ], [ 138.4580452, 36.9702991 ], [ 138.4577121, 36.9700546 ], [ 138.4576354, 36.9699963 ], [ 138.457485, 36.96984 ], [ 138.4573004, 36.9695913 ], [ 138.4570149, 36.9691577 ], [ 138.4566374, 36.9686124 ], [ 138.4565268, 36.9684935 ], [ 138.456449, 36.9684299 ], [ 138.4561758, 36.9682533 ], [ 138.455844, 36.9681358 ], [ 138.455241, 36.9679049 ], [ 138.4545469, 36.9676458 ], [ 138.4537262, 36.9673813 ], [ 138.4534107, 36.967246 ], [ 138.4528776, 36.9670038 ], [ 138.45264, 36.9669038 ], [ 138.4524719, 36.9668326 ], [ 138.4521651, 36.9666853 ], [ 138.451879, 36.9665241 ], [ 138.4516598, 36.9663699 ], [ 138.451472, 36.966206 ], [ 138.4513509, 36.966086 ], [ 138.4512209, 36.9659319 ], [ 138.4510656, 36.9657269 ], [ 138.4507237, 36.9652377 ], [ 138.4503906, 36.9647344 ], [ 138.4499725, 36.964087 ], [ 138.4497559, 36.9637413 ], [ 138.4495609, 36.963433 ], [ 138.4492764, 36.9630433 ], [ 138.4486259, 36.9622302 ], [ 138.4484959, 36.9619866 ], [ 138.4484144, 36.961769 ], [ 138.4483814, 36.9616199 ], [ 138.4483647, 36.9614433 ], [ 138.4483617, 36.9610927 ], [ 138.4483897, 36.9602536 ], [ 138.4484178, 36.9598877 ], [ 138.448418, 36.9591613 ], [ 138.44839, 36.9589025 ], [ 138.4482849, 36.9585252 ], [ 138.4481727, 36.9582664 ], [ 138.4479691, 36.9578552 ], [ 138.4476888, 36.9574669 ], [ 138.447401, 36.9571458 ], [ 138.4471769, 36.9569658 ], [ 138.4470366, 36.95687 ], [ 138.4468774, 36.9567807 ], [ 138.446637, 36.9566791 ], [ 138.446548, 36.95665 ], [ 138.4464052, 36.9566152 ], [ 138.446158, 36.9565727 ], [ 138.4460235, 36.9565538 ], [ 138.4457186, 36.9565072 ], [ 138.4454095, 36.9564805 ], [ 138.4451954, 36.9564634 ], [ 138.4443773, 36.9563618 ], [ 138.4440913, 36.9562599 ], [ 138.4438727, 36.9561488 ], [ 138.4435994, 36.9559505 ], [ 138.443351, 36.9557576 ], [ 138.442895, 36.9554036 ], [ 138.4424785, 36.9551236 ], [ 138.4420891, 36.9548486 ], [ 138.441828, 36.9546811 ], [ 138.4416756, 36.9546026 ], [ 138.4415319, 36.9545336 ], [ 138.4412443, 36.9544661 ], [ 138.4409288, 36.9544322 ], [ 138.4407816, 36.9543872 ], [ 138.440545, 36.9542512 ], [ 138.4403896, 36.9541674 ], [ 138.4400485, 36.9539516 ], [ 138.4397652, 36.9537549 ], [ 138.4396105, 36.9536213 ], [ 138.4394913, 36.9534074 ], [ 138.4394282, 36.9533341 ], [ 138.4392669, 36.9532327 ], [ 138.4389583, 36.9531033 ], [ 138.438713, 36.9529794 ], [ 138.4384955, 36.9528274 ], [ 138.4383483, 36.9526698 ], [ 138.4382013, 36.9524838 ], [ 138.438103, 36.9523208 ], [ 138.4379827, 36.9521116 ], [ 138.4377868, 36.9517366 ], [ 138.4374393, 36.951113 ], [ 138.4372802, 36.9508094 ], [ 138.4369691, 36.9502313 ], [ 138.4368516, 36.9499991 ], [ 138.4367199, 36.9497386 ], [ 138.4366255, 36.9495578 ], [ 138.4365686, 36.9493823 ], [ 138.4365377, 36.9492663 ], [ 138.436489, 36.9490472 ], [ 138.4363918, 36.9486558 ], [ 138.4362866, 36.9483742 ], [ 138.4361046, 36.9480249 ], [ 138.4360554, 36.947873 ], [ 138.4360343, 36.9477097 ], [ 138.4360343, 36.9474902 ], [ 138.4360485, 36.9473325 ], [ 138.4360485, 36.9469722 ], [ 138.4359924, 36.9467355 ], [ 138.4359646, 36.9466622 ], [ 138.4359182, 36.9465463 ], [ 138.4358696, 36.9464569 ], [ 138.4357968, 36.9463391 ], [ 138.4356954, 36.9462039 ], [ 138.4353938, 36.9457663 ], [ 138.4353035, 36.945633 ], [ 138.4351643, 36.9454383 ], [ 138.4350812, 36.9453261 ], [ 138.4345483, 36.9445331 ], [ 138.4342179, 36.9440727 ], [ 138.4340851, 36.9439938 ], [ 138.433688, 36.9437952 ], [ 138.433489, 36.9437189 ], [ 138.4332202, 36.9436141 ], [ 138.4328095, 36.9434829 ], [ 138.4324121, 36.9433544 ], [ 138.4319976, 36.9432427 ], [ 138.431786, 36.9431499 ], [ 138.431629, 36.9430691 ], [ 138.431534, 36.943012 ], [ 138.4310135, 36.9426819 ], [ 138.4308454, 36.9425974 ], [ 138.4304807, 36.9424847 ], [ 138.4300801, 36.9424247 ], [ 138.4297301, 36.9423947 ], [ 138.4296951, 36.9423836 ], [ 138.4293099, 36.9423836 ], [ 138.4291415, 36.9424061 ], [ 138.4285454, 36.9425074 ], [ 138.4283338, 36.9425356 ], [ 138.4281665, 36.942558 ], [ 138.427886, 36.942558 ], [ 138.4277863, 36.9425433 ], [ 138.4276688, 36.9425041 ], [ 138.4275657, 36.942463 ], [ 138.4274007, 36.9423971 ], [ 138.4265749, 36.942023 ], [ 138.4262874, 36.9418991 ], [ 138.4260068, 36.9417527 ], [ 138.425725, 36.9415657 ], [ 138.4252004, 36.9411671 ], [ 138.4250054, 36.9409873 ], [ 138.4246818, 36.9406888 ], [ 138.4246016, 36.9406027 ], [ 138.4243851, 36.940364 ], [ 138.4241891, 36.9401089 ], [ 138.4240442, 36.9398703 ], [ 138.4238727, 36.9395455 ], [ 138.4237154, 36.9392394 ], [ 138.4236093, 36.9389735 ], [ 138.4234918, 36.9385941 ], [ 138.4234421, 36.9382219 ], [ 138.423421, 36.9378513 ], [ 138.4234304, 36.9375608 ], [ 138.423466, 36.937321 ], [ 138.4234932, 36.9370605 ], [ 138.4234935, 36.9368085 ], [ 138.4234782, 36.9365671 ], [ 138.4234571, 36.9365052 ], [ 138.4234274, 36.9364419 ], [ 138.4233441, 36.9363408 ], [ 138.4232282, 36.9361941 ], [ 138.4228458, 36.935884 ], [ 138.4224542, 36.9355658 ], [ 138.4223484, 36.9354773 ], [ 138.422315, 36.9354493 ], [ 138.4222157, 36.9353668 ], [ 138.4218067, 36.9350417 ], [ 138.4214899, 36.9347902 ], [ 138.4212552, 36.9346119 ], [ 138.4210152, 36.934446 ], [ 138.4208829, 36.9343607 ], [ 138.4206874, 36.9342677 ], [ 138.420306, 36.9341191 ], [ 138.4195338, 36.9338121 ], [ 138.41921, 36.9336965 ], [ 138.4190871, 36.9336449 ], [ 138.4185261, 36.9334193 ], [ 138.4178854, 36.9331885 ], [ 138.4176329, 36.9331127 ], [ 138.4171585, 36.9330196 ], [ 138.4166721, 36.9329502 ], [ 138.4165062, 36.9329264 ], [ 138.4159741, 36.9328507 ], [ 138.4156763, 36.9327671 ], [ 138.4153785, 36.9326371 ], [ 138.4150257, 36.9324613 ], [ 138.4148396, 36.9323868 ], [ 138.4143926, 36.9322372 ], [ 138.4139427, 36.9320974 ], [ 138.4133554, 36.9319205 ], [ 138.412761, 36.9317441 ], [ 138.412156, 36.9315579 ], [ 138.4117485, 36.9314166 ], [ 138.4111699, 36.9312491 ], [ 138.4107427, 36.9311194 ], [ 138.4102002, 36.9309618 ], [ 138.409862, 36.9308421 ], [ 138.4094725, 36.9306838 ], [ 138.4090236, 36.9304641 ], [ 138.4086591, 36.9302502 ], [ 138.4084624, 36.930109 ], [ 138.4083391, 36.9299855 ], [ 138.4078911, 36.9295154 ], [ 138.4073016, 36.9288604 ], [ 138.4066686, 36.9281693 ], [ 138.4064444, 36.9278782 ], [ 138.4063094, 36.9276665 ], [ 138.4062094, 36.9274468 ], [ 138.4061538, 36.9272274 ], [ 138.4061427, 36.9271114 ], [ 138.4061408, 36.9267229 ], [ 138.4061649, 36.9262646 ], [ 138.4061491, 36.9257924 ], [ 138.4060889, 36.9255823 ], [ 138.4060188, 36.9253857 ], [ 138.4058685, 36.9250756 ], [ 138.405654, 36.9247338 ], [ 138.4050761, 36.9239332 ], [ 138.404403, 36.9228746 ], [ 138.4042835, 36.9226043 ], [ 138.4042347, 36.9223679 ], [ 138.4042349, 36.9221257 ], [ 138.4042769, 36.9218274 ], [ 138.4043049, 36.9217371 ], [ 138.4044033, 36.9211857 ], [ 138.404396, 36.9208985 ], [ 138.404361, 36.9207352 ], [ 138.4042488, 36.9205213 ], [ 138.404003, 36.9202844 ], [ 138.4038702, 36.9201779 ], [ 138.4033341, 36.9197274 ], [ 138.4026622, 36.91916 ], [ 138.4018469, 36.9184716 ], [ 138.4009283, 36.9177053 ], [ 138.4006599, 36.9174777 ], [ 138.4004742, 36.9173177 ], [ 138.4002919, 36.9171263 ], [ 138.4001746, 36.916991 ], [ 138.4000733, 36.9168457 ], [ 138.4000291, 36.9167663 ], [ 138.3999852, 36.9166544 ], [ 138.3996963, 36.9159433 ], [ 138.3995422, 36.9155102 ], [ 138.3994582, 36.915144 ], [ 138.399381, 36.9147332 ], [ 138.3992972, 36.9141702 ], [ 138.3992549, 36.9137252 ], [ 138.3992341, 36.9133988 ], [ 138.3992202, 36.9123799 ], [ 138.3992423, 36.9120657 ], [ 138.3993044, 36.9114168 ], [ 138.3995496, 36.9094743 ], [ 138.3996127, 36.909131 ], [ 138.3996827, 36.9088606 ], [ 138.3997488, 36.9086665 ], [ 138.3999197, 36.9083556 ], [ 138.4000055, 36.9082163 ], [ 138.4002289, 36.9078531 ], [ 138.4006764, 36.907201 ], [ 138.4015599, 36.9059499 ], [ 138.4019591, 36.905308 ], [ 138.402016, 36.9051905 ], [ 138.4020815, 36.9049743 ], [ 138.4021268, 36.904748 ], [ 138.4021521, 36.9045096 ], [ 138.4021396, 36.9043607 ], [ 138.4021174, 36.904279 ], [ 138.4020033, 36.9041011 ], [ 138.4018515, 36.9038843 ], [ 138.4016636, 36.9036805 ], [ 138.4014899, 36.9035457 ], [ 138.4013419, 36.9034506 ], [ 138.4011413, 36.9033476 ], [ 138.4008974, 36.90325 ], [ 138.4004999, 36.9031343 ], [ 138.400179, 36.9030402 ], [ 138.4000054, 36.9029893 ], [ 138.3990241, 36.9027013 ], [ 138.3982232, 36.902451 ], [ 138.3978474, 36.9022677 ], [ 138.3975279, 36.9020754 ], [ 138.3974604, 36.9020086 ], [ 138.3974021, 36.9019396 ], [ 138.3972518, 36.9015974 ], [ 138.397168, 36.9013496 ], [ 138.397168, 36.9011188 ], [ 138.397238, 36.900736 ], [ 138.3974056, 36.9000229 ], [ 138.397558, 36.8995113 ], [ 138.3976724, 36.8990638 ], [ 138.3978072, 36.8983842 ], [ 138.3979454, 36.8976168 ], [ 138.3981277, 36.8966991 ], [ 138.3982538, 36.8961413 ], [ 138.3983868, 36.8956632 ], [ 138.3984952, 36.8953866 ], [ 138.3988421, 36.8946552 ], [ 138.399028, 36.8941613 ], [ 138.3990943, 36.8939179 ], [ 138.3991643, 36.8935743 ], [ 138.3992066, 36.8932196 ], [ 138.3992079, 36.8929747 ], [ 138.3992085, 36.8925942 ], [ 138.3991745, 36.8923048 ], [ 138.3991066, 36.8921267 ], [ 138.3989054, 36.8916321 ], [ 138.3987725, 36.8913787 ], [ 138.3984654, 36.8908707 ], [ 138.3978059, 36.8898979 ], [ 138.3974274, 36.8893852 ], [ 138.3970491, 36.8888899 ], [ 138.3966921, 36.8884563 ], [ 138.3957385, 36.8874068 ], [ 138.3955577, 36.8871982 ], [ 138.3947554, 36.8863199 ], [ 138.3940302, 36.8855904 ], [ 138.3930793, 36.8846843 ], [ 138.3916353, 36.8834486 ], [ 138.3909832, 36.882916 ], [ 138.3900789, 36.8822398 ], [ 138.3879052, 36.8806613 ], [ 138.386773, 36.8798474 ], [ 138.3849301, 36.878519 ], [ 138.3833388, 36.8773593 ], [ 138.382774, 36.8769477 ], [ 138.3813435, 36.8758966 ], [ 138.3801219, 36.874999 ], [ 138.3777161, 36.8732315 ], [ 138.3767037, 36.8724415 ], [ 138.3756534, 36.8715726 ], [ 138.3749911, 36.8709398 ], [ 138.3742766, 36.8701909 ], [ 138.3739544, 36.8697912 ], [ 138.373569, 36.8692338 ], [ 138.3726585, 36.8678041 ], [ 138.3723083, 36.8671898 ], [ 138.3721822, 36.8668298 ], [ 138.3720911, 36.8665876 ], [ 138.37186, 36.8660001 ], [ 138.3716958, 36.8656042 ], [ 138.3714055, 36.8649044 ], [ 138.3712928, 36.8646317 ], [ 138.3708305, 36.8634948 ], [ 138.3697825, 36.8609832 ], [ 138.3693669, 36.8599537 ], [ 138.3690447, 36.8590357 ], [ 138.3688296, 36.8583323 ], [ 138.3685122, 36.857116 ], [ 138.3682325, 36.8560632 ], [ 138.3680714, 36.8554721 ], [ 138.3671179, 36.8528774 ] ] } },
{ "type": "Feature", "properties": { "N12_001": "20", "N12_002": 2, "N12_003": 3, "N12_004": "一般国道117号", "N12_005": 8, "N12_006": 2 }, "geometry": { "type": "LineString", "coordinates": [ [ 138.3174734, 36.7992105 ], [ 138.316893, 36.7988332 ], [ 138.316668, 36.7986957 ], [ 138.3164816, 36.79857 ], [ 138.3155557, 36.7979458 ], [ 138.3152305, 36.7977035 ], [ 138.3149182, 36.7974708 ], [ 138.3146932, 36.7972625 ], [ 138.3144933, 36.7970375 ], [ 138.3143956, 36.7968692 ], [ 138.3143433, 36.7967792 ], [ 138.3142433, 36.7965042 ], [ 138.3141558, 36.7961459 ], [ 138.3141446, 36.7959068 ], [ 138.3141433, 36.7958793 ], [ 138.3141683, 36.7956627 ], [ 138.3142011, 36.7955534 ], [ 138.314237, 36.7952661 ], [ 138.3144271, 36.794794 ], [ 138.3150023, 36.7938843 ], [ 138.3158674, 36.7926699 ], [ 138.3167706, 36.7914708 ], [ 138.3169893, 36.7911472 ], [ 138.3171366, 36.7908922 ], [ 138.317341, 36.7905229 ], [ 138.3174266, 36.7903364 ], [ 138.317593, 36.789891 ], [ 138.3176643, 36.7896435 ], [ 138.3177308, 36.789377 ], [ 138.3178972, 36.7882083 ], [ 138.3179923, 36.7874812 ], [ 138.3180779, 36.7870777 ], [ 138.31823, 36.7866703 ], [ 138.3186293, 36.7861868 ], [ 138.3189953, 36.7858251 ], [ 138.3195752, 36.785296 ], [ 138.3199555, 36.784782 ], [ 138.3201163, 36.7843696 ], [ 138.3201658, 36.7840285 ], [ 138.3201506, 36.783666 ], [ 138.3200061, 36.7824843 ], [ 138.3199703, 36.7820061 ], [ 138.3199718, 36.7817106 ], [ 138.3200327, 36.7814822 ], [ 138.320162, 36.781138 ], [ 138.3203825, 36.7807725 ], [ 138.3208693, 36.7802639 ], [ 138.3213447, 36.7797979 ], [ 138.3215995, 36.7794567 ], [ 138.3217001, 36.779285 ], [ 138.3220653, 36.7781343 ], [ 138.3221604, 36.7779119 ], [ 138.3223049, 36.7776637 ], [ 138.3224665, 36.7775099 ], [ 138.3229647, 36.7770301 ], [ 138.3235313, 36.7764788 ], [ 138.3240865, 36.7759518 ], [ 138.3246113, 36.7754477 ], [ 138.3250886, 36.7749847 ], [ 138.3255564, 36.7745415 ], [ 138.3257229, 36.774385 ], [ 138.3257592, 36.7743196 ], [ 138.3258245, 36.7742019 ], [ 138.3258796, 36.7740252 ], [ 138.3258834, 36.77378 ], [ 138.325794, 36.7735439 ], [ 138.3256628, 36.7733413 ], [ 138.3253852, 36.7731388 ], [ 138.3249716, 36.7728659 ], [ 138.3249692, 36.7728615 ], [ 138.3246687, 36.772686 ], [ 138.3243499, 36.7724646 ], [ 138.3241862, 36.7723235 ], [ 138.3236446, 36.77175 ], [ 138.3233182, 36.7713871 ], [ 138.322871, 36.7708824 ], [ 138.3223393, 36.7702743 ], [ 138.3219893, 36.7698971 ], [ 138.3210438, 36.7688684 ], [ 138.3205551, 36.7683429 ], [ 138.3201893, 36.7679361 ], [ 138.3199815, 36.7676393 ], [ 138.3198348, 36.7673583 ], [ 138.3195007, 36.7667566 ], [ 138.3190507, 36.7656799 ], [ 138.3189945, 36.7655001 ], [ 138.3189451, 36.7653374 ], [ 138.3188907, 36.7651493 ], [ 138.3188343, 36.7648693 ], [ 138.3187462, 36.7645152 ], [ 138.3186243, 36.7640474 ], [ 138.3184773, 36.7634899 ], [ 138.3183723, 36.7630618 ], [ 138.3183304, 36.7628085 ], [ 138.3182743, 36.7626229 ], [ 138.3181134, 36.7618404 ], [ 138.3178896, 36.7609621 ], [ 138.3178265, 36.7607593 ], [ 138.3177566, 36.7604445 ], [ 138.3176778, 36.7601295 ], [ 138.3176118, 36.7595935 ], [ 138.3175223, 36.7588991 ], [ 138.3174874, 36.7586273 ], [ 138.3174365, 36.7581018 ], [ 138.3174093, 36.7578463 ], [ 138.3173705, 36.757653 ], [ 138.3173354, 36.7574968 ], [ 138.3173082, 36.7573803 ], [ 138.3172498, 36.7572285 ], [ 138.3172031, 36.7570691 ], [ 138.3171654, 36.756805 ], [ 138.3171372, 36.7566265 ], [ 138.3171215, 36.7565363 ], [ 138.3171131, 36.7564579 ], [ 138.317134, 36.756306 ], [ 138.3172309, 36.7559426 ], [ 138.317256, 36.755782 ], [ 138.317324, 36.7553453 ], [ 138.3173309, 36.7552312 ], [ 138.3173309, 36.7551844 ], [ 138.3173309, 36.7550678 ], [ 138.3172997, 36.7549636 ], [ 138.3172685, 36.7548594 ], [ 138.3172122, 36.7547511 ], [ 138.3170997, 36.7545511 ], [ 138.3167935, 36.7541595 ], [ 138.3165936, 36.7538762 ], [ 138.3164062, 36.7535828 ], [ 138.3161131, 36.7530744 ], [ 138.3159412, 36.7527871 ], [ 138.3157876, 36.7525452 ], [ 138.3154381, 36.751898 ], [ 138.3153067, 36.7515846 ], [ 138.3152284, 36.7513741 ], [ 138.3151527, 36.7511477 ], [ 138.3150606, 36.7507154 ], [ 138.3150395, 36.7503777 ], [ 138.3150143, 36.7501849 ], [ 138.3149887, 36.7499896 ], [ 138.3149882, 36.7499861 ], [ 138.3149487, 36.7496849 ], [ 138.3149137, 36.7494657 ], [ 138.3148089, 36.7491616 ], [ 138.3146762, 36.7489196 ], [ 138.3144614, 36.7485724 ], [ 138.3143267, 36.7484071 ], [ 138.3141937, 36.7482382 ], [ 138.3139564, 36.7479735 ], [ 138.3132853, 36.7472077 ], [ 138.313167, 36.7471021 ], [ 138.3126561, 36.746628 ], [ 138.3123325, 36.7463602 ], [ 138.3122043, 36.7462683 ], [ 138.311908, 36.7460871 ], [ 138.3117331, 36.7459802 ], [ 138.3116001, 36.745897 ], [ 138.3107622, 36.7454793 ], [ 138.310357, 36.7452769 ], [ 138.3100075, 36.7450966 ], [ 138.3096581, 36.7449163 ], [ 138.3093846, 36.7447538 ], [ 138.3091766, 36.7446094 ], [ 138.3090552, 36.744488 ], [ 138.3089686, 36.7443609 ], [ 138.3089223, 36.7442338 ], [ 138.3088934, 36.7440836 ], [ 138.3088549, 36.7436133 ], [ 138.3088156, 36.7431404 ], [ 138.3087706, 36.7426757 ], [ 138.3087413, 36.7424754 ], [ 138.3086623, 36.7423444 ], [ 138.3085179, 36.7422289 ], [ 138.3082814, 36.7420771 ], [ 138.3080861, 36.7419571 ], [ 138.3079018, 36.7418371 ], [ 138.3077235, 36.7417337 ], [ 138.3075873, 36.7416613 ], [ 138.3069253, 36.7413092 ], [ 138.306641, 36.7411581 ], [ 138.3062614, 36.7409246 ], [ 138.30608, 36.7407724 ], [ 138.305905, 36.740598 ], [ 138.3057025, 36.7402882 ], [ 138.3055766, 36.7399844 ], [ 138.3053941, 36.7393967 ], [ 138.305213, 36.7388866 ], [ 138.3050654, 36.7383697 ], [ 138.3049125, 36.7376816 ], [ 138.3048847, 36.7374338 ], [ 138.3048986, 36.7372705 ], [ 138.3049966, 36.7369434 ], [ 138.3052061, 36.7363305 ], [ 138.3054366, 36.7357788 ], [ 138.3055881, 36.7355351 ], [ 138.3060449, 36.734923 ], [ 138.3064224, 36.7343657 ], [ 138.306583, 36.7340335 ], [ 138.3066391, 36.7337802 ], [ 138.3066391, 36.7333691 ], [ 138.3066372, 36.733328 ], [ 138.306618, 36.7329019 ], [ 138.3065493, 36.7321683 ], [ 138.3065453, 36.7320799 ], [ 138.306541, 36.7319881 ], [ 138.306541, 36.7316249 ], [ 138.3065485, 36.7314806 ], [ 138.3066005, 36.730555 ], [ 138.3065877, 36.7296538 ], [ 138.3065912, 36.7292831 ], [ 138.306501, 36.7286766 ], [ 138.3063663, 36.7279644 ], [ 138.3062749, 36.7276194 ], [ 138.3062196, 36.7275141 ], [ 138.305996, 36.7271369 ], [ 138.3058875, 36.7269793 ], [ 138.3057166, 36.7267746 ], [ 138.3055804, 36.7266246 ], [ 138.3055099, 36.7265427 ], [ 138.3053743, 36.7263591 ], [ 138.3052671, 36.726208 ], [ 138.3052218, 36.7261374 ], [ 138.305171, 36.7260271 ], [ 138.3051015, 36.725898 ], [ 138.3049546, 36.7255433 ], [ 138.3048906, 36.7253469 ], [ 138.3048638, 36.7252674 ], [ 138.3048252, 36.7251154 ], [ 138.3047938, 36.7249915 ], [ 138.3047801, 36.7248877 ], [ 138.3047379, 36.7245752 ], [ 138.3047449, 36.724091 ], [ 138.3047948, 36.7237297 ], [ 138.3048303, 36.7235515 ], [ 138.3048638, 36.7234266 ], [ 138.3049965, 36.7230156 ], [ 138.3051384, 36.7226434 ], [ 138.3051782, 36.7225485 ], [ 138.3052693, 36.7222724 ], [ 138.3052818, 36.722176 ], [ 138.3052693, 36.7220474 ], [ 138.3052613, 36.7219944 ], [ 138.3052132, 36.7218671 ], [ 138.3051293, 36.7216927 ], [ 138.3049772, 36.7215126 ], [ 138.3048707, 36.7214166 ], [ 138.3047029, 36.721321 ], [ 138.3045143, 36.7212366 ], [ 138.3042346, 36.7211633 ], [ 138.3037038, 36.7210677 ], [ 138.3036479, 36.7210563 ], [ 138.3034432, 36.7210403 ], [ 138.3033368, 36.7210344 ], [ 138.302976, 36.7210588 ] ] } },
{ "type": "Feature", "properties": { "N12_001": "20", "N12_002": 2, "N12_003": 3, "N12_004": "一般国道141号", "N12_005": 9, "N12_006": 1 }, "geometry": { "type": "LineString", "coordinates": [ [ 138.4991345, 36.0045984 ], [ 138.4976522, 36.0050619 ], [ 138.4975952, 36.0050816 ], [ 138.4974716, 36.0051226 ], [ 138.4972569, 36.00519 ], [ 138.4967734, 36.0053276 ], [ 138.4966026, 36.0053735 ], [ 138.496536, 36.005387 ], [ 138.4963144, 36.005415 ], [ 138.4960788, 36.0053642 ], [ 138.4959885, 36.005325 ], [ 138.4958227, 36.0052178 ], [ 138.4957463, 36.0051222 ], [ 138.495691, 36.0050039 ], [ 138.4956702, 36.0049139 ], [ 138.4956702, 36.0047222 ], [ 138.4957463, 36.0039961 ], [ 138.4957463, 36.0038061 ], [ 138.4956355, 36.0036525 ], [ 138.4953999, 36.00345 ], [ 138.4952682, 36.0033597 ], [ 138.4951293, 36.0032843 ], [ 138.4949884, 36.0032347 ], [ 138.4948744, 36.0032065 ], [ 138.4947439, 36.0031764 ], [ 138.4945498, 36.0031545 ], [ 138.4943903, 36.0031545 ], [ 138.4942281, 36.0031664 ], [ 138.4941097, 36.0031835 ], [ 138.4940118, 36.0032171 ], [ 138.4939257, 36.0032603 ], [ 138.4938328, 36.0033202 ], [ 138.493764, 36.003374 ], [ 138.493697, 36.0034499 ], [ 138.4936414, 36.0035963 ], [ 138.4936414, 36.0037427 ], [ 138.4938286, 36.004621 ], [ 138.4939392, 36.0050882 ], [ 138.4940295, 36.0052855 ], [ 138.4941886, 36.0055388 ], [ 138.4946809, 36.0062652 ], [ 138.4948334, 36.0064791 ], [ 138.4952836, 36.0071435 ], [ 138.4953528, 36.0073124 ], [ 138.4953945, 36.0075152 ], [ 138.4953945, 36.0078024 ], [ 138.4953528, 36.0079938 ], [ 138.4952676, 36.008201 ], [ 138.4951094, 36.0084051 ], [ 138.4948798, 36.0086041 ], [ 138.4946885, 36.0087375 ], [ 138.4944838, 36.0088736 ], [ 138.494293, 36.0089928 ], [ 138.4942168, 36.0090647 ], [ 138.4941035, 36.00921 ], [ 138.4940791, 36.0092792 ], [ 138.493741, 36.0099483 ], [ 138.4935074, 36.0104025 ], [ 138.4933772, 36.0105506 ], [ 138.4930988, 36.0107931 ], [ 138.4928808, 36.0110703 ], [ 138.4924938, 36.0114542 ], [ 138.492353, 36.0116192 ], [ 138.4920419, 36.0120483 ], [ 138.491963, 36.0121652 ], [ 138.4918738, 36.012312 ], [ 138.4917505, 36.0124983 ], [ 138.4916694, 36.012596 ], [ 138.4915208, 36.012775 ], [ 138.4909833, 36.0133158 ], [ 138.4907368, 36.0135704 ], [ 138.4905799, 36.0137747 ], [ 138.4905072, 36.0139108 ], [ 138.4904736, 36.0141064 ], [ 138.4904819, 36.0143092 ], [ 138.4904791, 36.0153981 ], [ 138.4904908, 36.0155201 ], [ 138.4904926, 36.0156804 ], [ 138.4905125, 36.0158283 ], [ 138.4905797, 36.0161178 ], [ 138.4906639, 36.0162247 ], [ 138.4907633, 36.0163217 ], [ 138.4912046, 36.0166664 ], [ 138.4914908, 36.01689 ], [ 138.4916694, 36.0170351 ], [ 138.4917472, 36.0170983 ], [ 138.4918722, 36.0171884 ], [ 138.4919274, 36.017228 ], [ 138.4922322, 36.0173575 ], [ 138.4926894, 36.0175094 ], [ 138.492738, 36.0175319 ], [ 138.4928977, 36.0176076 ], [ 138.4930152, 36.0177292 ], [ 138.4930636, 36.0177967 ], [ 138.4932508, 36.0181233 ], [ 138.4932925, 36.0182247 ], [ 138.4932994, 36.018405 ], [ 138.4932433, 36.0185616 ], [ 138.4931864, 36.0187207 ], [ 138.4929891, 36.0192716 ], [ 138.4928988, 36.0195038 ], [ 138.4928129, 36.0196245 ], [ 138.4926195, 36.0198246 ], [ 138.4920658, 36.0203869 ], [ 138.4916694, 36.0207804 ], [ 138.4914875, 36.020961 ], [ 138.4913519, 36.0211469 ], [ 138.4910958, 36.0215242 ], [ 138.4907561, 36.0219858 ], [ 138.4903946, 36.0224754 ], [ 138.4903652, 36.0225151 ], [ 138.4899939, 36.0230105 ], [ 138.4897928, 36.0232078 ], [ 138.4895086, 36.0236469 ], [ 138.4893839, 36.0238833 ], [ 138.4888717, 36.0248063 ], [ 138.4886913, 36.0251338 ], [ 138.4884969, 36.025415 ], [ 138.4883861, 36.0255275 ], [ 138.4881296, 36.0256795 ], [ 138.4879011, 36.0257867 ], [ 138.4876514, 36.025978 ], [ 138.4875336, 36.0261414 ], [ 138.4871525, 36.0266989 ], [ 138.4870208, 36.0268847 ], [ 138.4868405, 36.0271658 ], [ 138.4863767, 36.0278811 ], [ 138.4863072, 36.0280669 ], [ 138.4862517, 36.0283203 ], [ 138.486245, 36.0286528 ], [ 138.4863786, 36.0294616 ], [ 138.4864211, 36.0296667 ], [ 138.4864211, 36.0299819 ], [ 138.4863403, 36.03017 ], [ 138.4862431, 36.0303628 ], [ 138.4859786, 36.0307697 ], [ 138.4855683, 36.0312515 ], [ 138.485045, 36.0317589 ], [ 138.4845867, 36.0321705 ], [ 138.4840361, 36.0326039 ], [ 138.4835397, 36.0329628 ], [ 138.4832883, 36.0331291 ], [ 138.48319, 36.0331941 ], [ 138.4829045, 36.033333 ], [ 138.48278, 36.0333936 ], [ 138.4823848, 36.0335684 ], [ 138.4820939, 36.0336864 ], [ 138.4814356, 36.0339397 ], [ 138.4810197, 36.0341255 ], [ 138.4806664, 36.0343 ], [ 138.4805114, 36.0343886 ], [ 138.4801881, 36.0346058 ], [ 138.4799728, 36.0347542 ], [ 138.4797437, 36.0348416 ], [ 138.4785852, 36.0352077 ], [ 138.47799, 36.0353944 ], [ 138.4777742, 36.0354272 ], [ 138.477665, 36.0354228 ], [ 138.4775769, 36.0354156 ], [ 138.4769668, 36.0354188 ], [ 138.4768866, 36.0354392 ], [ 138.4768231, 36.03546 ], [ 138.4765725, 36.03552 ], [ 138.4764545, 36.0355664 ], [ 138.4760972, 36.0357761 ], [ 138.4756811, 36.0360457 ], [ 138.4755386, 36.0361358 ], [ 138.4751781, 36.0364058 ], [ 138.4750929, 36.0364638 ], [ 138.4746245, 36.0368034 ], [ 138.4742348, 36.0370802 ], [ 138.4738776, 36.0373346 ], [ 138.4729408, 36.0379994 ], [ 138.4725292, 36.038303 ], [ 138.472427, 36.0383939 ], [ 138.4723022, 36.0385233 ], [ 138.4721456, 36.0387314 ], [ 138.471942, 36.0390805 ], [ 138.4716784, 36.0396605 ], [ 138.4716063, 36.0398784 ], [ 138.4715467, 36.0401055 ], [ 138.4715398, 36.0402628 ], [ 138.4715192, 36.0404544 ], [ 138.4714636, 36.0411189 ], [ 138.4714428, 36.0412258 ], [ 138.4714171, 36.0416533 ], [ 138.4713529, 36.0419199 ], [ 138.4712555, 36.0423018 ], [ 138.4708081, 36.0429712 ], [ 138.4707273, 36.0431463 ], [ 138.4707013, 36.043372 ], [ 138.4705837, 36.0441819 ], [ 138.4705637, 36.0442662 ], [ 138.4705388, 36.0447805 ], [ 138.4705747, 36.0450768 ], [ 138.4706352, 36.0453661 ], [ 138.4706628, 36.0456764 ], [ 138.4706364, 36.0458506 ], [ 138.4705703, 36.0460408 ], [ 138.4702764, 36.0467486 ], [ 138.47027, 36.0468692 ], [ 138.4703162, 36.0469844 ], [ 138.4703795, 36.0470691 ], [ 138.4706937, 36.0475055 ], [ 138.4708103, 36.0477158 ], [ 138.4708623, 36.0479475 ], [ 138.4708428, 36.0481106 ], [ 138.4706937, 36.0484264 ], [ 138.4706417, 36.0486527 ], [ 138.4706484, 36.0488633 ], [ 138.4707392, 36.0491633 ], [ 138.4710194, 36.0499906 ], [ 138.4710302, 36.0500865 ], [ 138.4710376, 36.0501897 ], [ 138.4709951, 36.0503402 ], [ 138.4707698, 36.0507325 ], [ 138.4705926, 36.0510225 ], [ 138.4703492, 36.0513269 ], [ 138.4701604, 36.0515511 ], [ 138.4698509, 36.0518089 ], [ 138.4693765, 36.0521791 ], [ 138.4688156, 36.0525222 ], [ 138.4683425, 36.0527821 ], [ 138.4680165, 36.0529514 ], [ 138.4677517, 36.0531497 ], [ 138.4675787, 36.0532777 ], [ 138.4674567, 36.0534264 ], [ 138.4673651, 36.0536202 ], [ 138.4672326, 36.0541489 ], [ 138.467074, 36.0548924 ], [ 138.4670445, 36.0550299 ], [ 138.4670087, 36.0551972 ], [ 138.4669412, 36.0555089 ], [ 138.4668606, 36.0557519 ], [ 138.4668481, 36.0558264 ], [ 138.4668759, 36.0560627 ], [ 138.4670144, 36.056721 ], [ 138.4670906, 36.057155 ], [ 138.4672877, 36.058333 ], [ 138.4673131, 36.0584851 ], [ 138.4673196, 36.0585237 ], [ 138.4673679, 36.05867 ], [ 138.4674165, 36.0587655 ], [ 138.467472, 36.0588386 ], [ 138.467659, 36.0590074 ], [ 138.467874, 36.0591539 ], [ 138.4681787, 36.059323 ], [ 138.4683448, 36.0594355 ], [ 138.4685251, 36.0595875 ], [ 138.4686498, 36.0597172 ], [ 138.4687332, 36.0598805 ], [ 138.4688093, 36.0601 ], [ 138.4688889, 36.0603226 ], [ 138.4690155, 36.0606769 ], [ 138.469057, 36.0607827 ], [ 138.4691351, 36.0609613 ], [ 138.4695301, 36.0615808 ], [ 138.4699109, 36.0620989 ], [ 138.4705744, 36.062884 ], [ 138.4706734, 36.0629941 ], [ 138.4712687, 36.0637139 ], [ 138.471609, 36.0641258 ], [ 138.4725721, 36.0653024 ], [ 138.4737367, 36.0667108 ], [ 138.473951, 36.0669861 ], [ 138.4740896, 36.0671833 ], [ 138.474256, 36.0674422 ], [ 138.474308, 36.0675588 ], [ 138.4744017, 36.0677354 ], [ 138.4748174, 36.0685686 ], [ 138.4750029, 36.0689459 ], [ 138.4752478, 36.0694438 ], [ 138.4758913, 36.0707533 ], [ 138.475926, 36.0708038 ], [ 138.4760021, 36.0709841 ], [ 138.4762585, 36.0718735 ], [ 138.4765149, 36.0728647 ], [ 138.4766396, 36.0733263 ], [ 138.4767991, 36.0738949 ], [ 138.477083, 36.0749191 ], [ 138.4772224, 36.075028 ], [ 138.4775551, 36.0753649 ], [ 138.4776166, 36.075438 ], [ 138.4780046, 36.0760288 ], [ 138.4784205, 36.0766991 ], [ 138.4785264, 36.0768878 ], [ 138.4786421, 36.0770708 ], [ 138.4787666, 36.0773691 ], [ 138.4788082, 36.0775382 ], [ 138.4788146, 36.0776208 ], [ 138.4788957, 36.0786133 ], [ 138.4788898, 36.0789182 ], [ 138.4788953, 36.0789831 ], [ 138.4789466, 36.079823 ], [ 138.4789977, 36.0800447 ], [ 138.4790994, 36.0802547 ], [ 138.4794433, 36.0807327 ], [ 138.4795974, 36.0812188 ], [ 138.4796071, 36.081308 ], [ 138.4795737, 36.082012 ], [ 138.4795677, 36.0826807 ], [ 138.47957, 36.0830643 ], [ 138.4795571, 36.083333 ], [ 138.4795348, 36.0837947 ], [ 138.4795491, 36.0843722 ], [ 138.4795491, 36.0847285 ], [ 138.4795352, 36.0849933 ], [ 138.4795352, 36.0856349 ], [ 138.4795769, 36.0857813 ], [ 138.4796633, 36.0859683 ], [ 138.4798674, 36.086323 ], [ 138.4799499, 36.086491 ], [ 138.4801336, 36.087044 ], [ 138.4803969, 36.0876794 ], [ 138.4811797, 36.0890913 ], [ 138.4816698, 36.0898636 ], [ 138.4817107, 36.0899834 ], [ 138.4818186, 36.0902694 ], [ 138.4820405, 36.0910294 ], [ 138.4822766, 36.0916827 ], [ 138.482499, 36.0922141 ], [ 138.482738, 36.0928091 ], [ 138.4827657, 36.0928772 ], [ 138.482873, 36.0931408 ], [ 138.4829216, 36.0932366 ], [ 138.4831155, 36.0936646 ], [ 138.483184, 36.0939044 ], [ 138.4832616, 36.0942635 ], [ 138.483281, 36.0944518 ], [ 138.4832724, 36.0945681 ], [ 138.4831186, 36.095239 ], [ 138.4828867, 36.0959508 ], [ 138.4826992, 36.0964688 ], [ 138.4822758, 36.0974599 ], [ 138.482248, 36.0975894 ], [ 138.4822411, 36.0978765 ], [ 138.4823936, 36.0985634 ], [ 138.4824145, 36.098829 ], [ 138.4824353, 36.0990533 ], [ 138.4824353, 36.0994138 ], [ 138.4823936, 36.0995769 ], [ 138.4822642, 36.1001671 ], [ 138.4819161, 36.1013521 ], [ 138.4818092, 36.1017785 ], [ 138.4817892, 36.1019615 ], [ 138.4817714, 36.1021274 ], [ 138.4817642, 36.1025485 ], [ 138.4817453, 36.1030605 ], [ 138.4817153, 36.1032997 ], [ 138.4816356, 36.1035001 ], [ 138.4815716, 36.1036607 ], [ 138.4814899, 36.1037915 ], [ 138.4805822, 36.1048305 ], [ 138.4798814, 36.1055908 ], [ 138.4791482, 36.1064545 ], [ 138.4790229, 36.1066397 ], [ 138.4789412, 36.1068357 ], [ 138.4788704, 36.1070372 ], [ 138.4788042, 36.1073019 ], [ 138.478743, 36.1076056 ], [ 138.4786809, 36.1079144 ], [ 138.4786325, 36.1081021 ], [ 138.4785842, 36.1082146 ], [ 138.4778556, 36.1094138 ], [ 138.4773353, 36.1102305 ], [ 138.4772034, 36.1103374 ], [ 138.4764539, 36.1107146 ], [ 138.4751835, 36.1113504 ], [ 138.4748997, 36.1115196 ], [ 138.4745875, 36.1117394 ], [ 138.4744967, 36.1118302 ], [ 138.4740881, 36.1125052 ], [ 138.4737481, 36.113153 ], [ 138.4735824, 36.1135506 ], [ 138.4734706, 36.1138621 ], [ 138.4733664, 36.1142394 ], [ 138.4731848, 36.1147658 ], [ 138.4730692, 36.1150385 ], [ 138.472804, 36.1156346 ], [ 138.472652, 36.1159513 ], [ 138.4722081, 36.1168516 ], [ 138.4712156, 36.1187669 ], [ 138.4709103, 36.1193524 ], [ 138.4705078, 36.1201349 ], [ 138.4703553, 36.1204502 ], [ 138.4702164, 36.1208108 ], [ 138.4699933, 36.1214503 ], [ 138.4698834, 36.1217849 ], [ 138.4694003, 36.1233806 ], [ 138.4692549, 36.1239466 ], [ 138.4692173, 36.124099 ], [ 138.4691125, 36.1247422 ], [ 138.4690872, 36.1249996 ], [ 138.4690787, 36.1251016 ], [ 138.4690856, 36.1259571 ], [ 138.4691134, 36.1262107 ], [ 138.4692037, 36.126616 ], [ 138.4693492, 36.127134 ], [ 138.4694395, 36.1273427 ], [ 138.469592, 36.127613 ], [ 138.4699529, 36.1281648 ], [ 138.4699658, 36.1281836 ], [ 138.4704245, 36.1288796 ], [ 138.4704662, 36.1290599 ], [ 138.4704751, 36.1294444 ], [ 138.4704632, 36.1299784 ], [ 138.4704748, 36.1301249 ], [ 138.4705343, 36.130639 ], [ 138.470656, 36.1310138 ], [ 138.4707715, 36.1312782 ], [ 138.4709978, 36.1318537 ], [ 138.4711459, 36.1322357 ], [ 138.4712727, 36.1326617 ], [ 138.471354, 36.1329567 ], [ 138.4714301, 36.1334296 ], [ 138.4714509, 36.1336155 ], [ 138.471444, 36.1340769 ], [ 138.4714232, 36.1343416 ], [ 138.4713679, 36.1346342 ], [ 138.4712359, 36.1351355 ], [ 138.4711873, 36.1353496 ], [ 138.4711873, 36.1355974 ], [ 138.471229, 36.1357717 ], [ 138.471282, 36.1359315 ], [ 138.4713679, 36.136228 ], [ 138.4714093, 36.1364927 ], [ 138.4715065, 36.1374667 ], [ 138.4715065, 36.1376919 ], [ 138.4715135, 36.1385085 ], [ 138.4715695, 36.1394571 ], [ 138.4716382, 36.1405355 ], [ 138.4717674, 36.1411409 ], [ 138.4717907, 36.1412508 ], [ 138.4719087, 36.1417632 ], [ 138.472089, 36.1425288 ], [ 138.4721654, 36.1426921 ], [ 138.4724012, 36.143013 ], [ 138.473235, 36.1441411 ], [ 138.4733029, 36.1442518 ], [ 138.4733932, 36.1446235 ], [ 138.4734349, 36.1448374 ], [ 138.4736148, 36.1455906 ], [ 138.4738235, 36.1464141 ], [ 138.4740732, 36.1473485 ], [ 138.4743788, 36.1484492 ], [ 138.4745795, 36.1490837 ], [ 138.4747802, 36.1496643 ], [ 138.4750032, 36.1502398 ], [ 138.4753982, 36.1512677 ], [ 138.4755481, 36.1517105 ], [ 138.4760571, 36.1530188 ], [ 138.4765427, 36.1536441 ], [ 138.4779374, 36.1554513 ], [ 138.4786446, 36.156358 ], [ 138.479068, 36.1569044 ], [ 138.4793594, 36.1572871 ], [ 138.4798219, 36.157876 ], [ 138.4803142, 36.1585055 ], [ 138.4807121, 36.1590213 ], [ 138.481424, 36.1599482 ], [ 138.4821897, 36.1609358 ], [ 138.4825713, 36.1614313 ], [ 138.4828488, 36.1617974 ], [ 138.4830013, 36.1620396 ], [ 138.4833366, 36.1624655 ], [ 138.4842919, 36.1636949 ], [ 138.4844722, 36.1639146 ], [ 138.4852422, 36.1649449 ], [ 138.4857141, 36.165581 ], [ 138.4859569, 36.1659416 ], [ 138.4859986, 36.166088 ], [ 138.4860125, 36.1664991 ], [ 138.4860267, 36.1666644 ], [ 138.4860541, 36.1681208 ], [ 138.486068, 36.1691116 ], [ 138.4860889, 36.169793 ], [ 138.4860463, 36.1700141 ], [ 138.4858478, 36.1710586 ], [ 138.4857784, 36.1715526 ], [ 138.4856952, 36.1720791 ], [ 138.4855633, 36.1729349 ], [ 138.4853617, 36.1740622 ], [ 138.4851993, 36.1750196 ], [ 138.4850981, 36.1755366 ], [ 138.4850355, 36.1758969 ], [ 138.4849747, 36.1760897 ], [ 138.4848967, 36.1763363 ], [ 138.4846814, 36.1767135 ], [ 138.4846051, 36.1768147 ], [ 138.4844522, 36.1770399 ], [ 138.4842019, 36.1774005 ], [ 138.4840491, 36.1776088 ], [ 138.4839113, 36.1777682 ], [ 138.4836417, 36.1780783 ], [ 138.4833367, 36.1784159 ], [ 138.4826392, 36.1791991 ], [ 138.4825003, 36.1793713 ], [ 138.4822641, 36.1797599 ], [ 138.4821388, 36.1800133 ], [ 138.4820511, 36.1802995 ], [ 138.4819658, 36.1805877 ], [ 138.4819172, 36.1808747 ], [ 138.4819033, 36.1810549 ], [ 138.4818547, 36.1812969 ], [ 138.4817297, 36.1818038 ], [ 138.4816892, 36.1820216 ], [ 138.4816742, 36.1821927 ], [ 138.4816742, 36.1827555 ], [ 138.481645, 36.183333 ], [ 138.4816114, 36.1839999 ], [ 138.4815767, 36.1848108 ], [ 138.4815558, 36.1853458 ], [ 138.4813406, 36.1862694 ], [ 138.4812781, 36.1865508 ], [ 138.4810743, 36.1872227 ], [ 138.4809031, 36.1877447 ], [ 138.4806947, 36.1884202 ], [ 138.4805628, 36.1888597 ], [ 138.4804725, 36.1892536 ], [ 138.4803475, 36.1897775 ], [ 138.4802149, 36.1903045 ], [ 138.4801224, 36.1907835 ], [ 138.4801081, 36.1909695 ], [ 138.4800332, 36.1912306 ], [ 138.47987, 36.1916663 ], [ 138.4797028, 36.1920697 ], [ 138.4794725, 36.1925591 ], [ 138.4791812, 36.192922 ], [ 138.4789167, 36.1932066 ], [ 138.4787002, 36.1934378 ], [ 138.4784886, 36.1936068 ], [ 138.4782071, 36.1938191 ], [ 138.4778034, 36.1941255 ], [ 138.4776246, 36.1942459 ], [ 138.4773724, 36.1943964 ], [ 138.4758402, 36.1957899 ], [ 138.4746693, 36.1968442 ], [ 138.4739161, 36.1975311 ], [ 138.4732341, 36.1981452 ], [ 138.4725783, 36.198661 ], [ 138.4713536, 36.1996486 ], [ 138.4709851, 36.1999751 ], [ 138.4701728, 36.2006961 ], [ 138.4698253, 36.2010547 ], [ 138.4695905, 36.2013304 ], [ 138.4693632, 36.2015979 ], [ 138.4691656, 36.2018672 ], [ 138.4689434, 36.2022219 ], [ 138.4685059, 36.2030099 ], [ 138.4683819, 36.2032512 ], [ 138.4681989, 36.2036195 ], [ 138.4680293, 36.2039875 ], [ 138.4679201, 36.204248 ], [ 138.4675889, 36.2051219 ], [ 138.4671671, 36.2063501 ], [ 138.466833, 36.2071913 ], [ 138.46667, 36.2076203 ], [ 138.4664036, 36.208333 ], [ 138.4662149, 36.2088287 ], [ 138.4655742, 36.210485 ], [ 138.4651584, 36.2114794 ], [ 138.4649153, 36.2118511 ], [ 138.4639269, 36.2134135 ], [ 138.4627484, 36.2152805 ], [ 138.4623737, 36.2158626 ], [ 138.4618453, 36.2166664 ], [ 138.4613045, 36.2176712 ], [ 138.4608267, 36.2184474 ], [ 138.4602623, 36.2193155 ], [ 138.4592438, 36.220899 ], [ 138.458797, 36.2215488 ], [ 138.4583368, 36.2221056 ], [ 138.4573726, 36.2236991 ], [ 138.4571295, 36.2241608 ], [ 138.4570323, 36.2243917 ], [ 138.4569906, 36.2245441 ], [ 138.4569197, 36.2248836 ], [ 138.4568564, 36.225093 ], [ 138.4567754, 36.2253433 ], [ 138.4566504, 36.2257378 ], [ 138.4564759, 36.2264887 ], [ 138.4563947, 36.2268795 ], [ 138.4563518, 36.2271961 ], [ 138.4563032, 36.2279114 ], [ 138.4563032, 36.2288192 ], [ 138.4563524, 36.230082 ], [ 138.4563801, 36.2309474 ], [ 138.4564415, 36.231507 ], [ 138.4565039, 36.2318715 ], [ 138.4565283, 36.2319609 ], [ 138.4565527, 36.2320503 ], [ 138.4565948, 36.2321614 ], [ 138.4567843, 36.2326396 ], [ 138.4570854, 36.2331993 ], [ 138.4571337, 36.2333103 ], [ 138.4572973, 36.2336867 ], [ 138.4575872, 36.2342192 ], [ 138.4581777, 36.2353549 ], [ 138.4583368, 36.2356248 ], [ 138.4588248, 36.2362861 ], [ 138.4592151, 36.2367645 ], [ 138.4597806, 36.237301 ], [ 138.4602624, 36.2376958 ], [ 138.4609764, 36.238281 ], [ 138.4630892, 36.2400124 ], [ 138.4635339, 36.2403809 ], [ 138.4638383, 36.2406331 ], [ 138.4648737, 36.2414911 ], [ 138.4650853, 36.2416664 ], [ 138.4658029, 36.242261 ], [ 138.4661611, 36.2425578 ], [ 138.4666702, 36.2430127 ], [ 138.4669415, 36.2433023 ], [ 138.4670307, 36.2434016 ], [ 138.4671457, 36.243544 ], [ 138.4671872, 36.2436592 ], [ 138.4672871, 36.243898 ], [ 138.4673317, 36.2440199 ], [ 138.4674042, 36.244232 ], [ 138.4674645, 36.2444826 ], [ 138.4674924, 36.2447579 ], [ 138.4675676, 36.2458004 ], [ 138.4675779, 36.2461072 ], [ 138.4676203, 36.2473817 ], [ 138.467654, 36.2482366 ], [ 138.4676607, 36.2492868 ], [ 138.4676664, 36.2502206 ], [ 138.4676949, 36.2513799 ], [ 138.4676949, 36.2519365 ], [ 138.4678204, 36.2544573 ], [ 138.4678832, 36.2567802 ], [ 138.4678832, 36.2575162 ], [ 138.4678984, 36.2579087 ], [ 138.4678935, 36.2583736 ], [ 138.4678861, 36.2585035 ], [ 138.4677664, 36.2592161 ], [ 138.4677006, 36.2598161 ], [ 138.4673127, 36.2620974 ], [ 138.467153, 36.2632872 ], [ 138.4670009, 36.2641641 ], [ 138.4669033, 36.2649469 ], [ 138.4667783, 36.2657017 ], [ 138.466626, 36.2664772 ], [ 138.4662566, 36.2683594 ], [ 138.4659265, 36.2701462 ], [ 138.465872, 36.2703885 ], [ 138.4657978, 36.270685 ], [ 138.4656786, 36.2712232 ], [ 138.4655149, 36.2719858 ], [ 138.4654225, 36.2724247 ], [ 138.4653736, 36.2727708 ], [ 138.4653655, 36.2731531 ], [ 138.4653861, 36.2736993 ], [ 138.4654019, 36.2737893 ], [ 138.4654195, 36.2738893 ], [ 138.4655069, 36.2741836 ], [ 138.4656308, 36.2745687 ], [ 138.4658146, 36.2749997 ], [ 138.465985, 36.2753569 ], [ 138.4662492, 36.2758381 ], [ 138.4665245, 36.2763006 ], [ 138.4671292, 36.2771975 ], [ 138.46768, 36.2780325 ], [ 138.4680808, 36.2785358 ], [ 138.4683894, 36.2788921 ], [ 138.4686209, 36.2791594 ], [ 138.4689505, 36.279491 ], [ 138.4694898, 36.279945 ], [ 138.4699561, 36.2803139 ], [ 138.4701326, 36.2804561 ], [ 138.470859, 36.2809598 ], [ 138.4713109, 36.2813328 ], [ 138.4715611, 36.2815581 ], [ 138.4717107, 36.2817161 ], [ 138.47192, 36.2819372 ], [ 138.4729289, 36.2833331 ], [ 138.4738988, 36.2846749 ], [ 138.4740848, 36.2849758 ], [ 138.4743628, 36.285505 ], [ 138.4744184, 36.2856628 ], [ 138.4744951, 36.285995 ], [ 138.4745089, 36.2863089 ], [ 138.4745055, 36.2866168 ], [ 138.4744739, 36.2867947 ], [ 138.4743976, 36.2870142 ], [ 138.4743278, 36.2871993 ], [ 138.4742306, 36.2874028 ], [ 138.4740398, 36.28773 ], [ 138.4738253, 36.2880403 ], [ 138.4732936, 36.2886018 ], [ 138.4728073, 36.2890969 ], [ 138.4724499, 36.2894659 ], [ 138.4722284, 36.2896945 ], [ 138.4719403, 36.2900156 ], [ 138.4716477, 36.2903604 ], [ 138.4714237, 36.2906313 ], [ 138.4710616, 36.2911876 ], [ 138.4707879, 36.2916664 ], [ 138.4704071, 36.2923688 ], [ 138.4701299, 36.2930421 ], [ 138.4699898, 36.2933975 ], [ 138.4697187, 36.2940916 ], [ 138.4692737, 36.295252 ], [ 138.4685895, 36.2969695 ], [ 138.4683506, 36.2975319 ], [ 138.467911, 36.2985455 ], [ 138.4674937, 36.2994411 ], [ 138.4671112, 36.3000211 ], [ 138.4668193, 36.3004205 ], [ 138.4666651, 36.3005964 ], [ 138.4663399, 36.300905 ], [ 138.4659504, 36.3011978 ], [ 138.4658077, 36.3012962 ], [ 138.4642051, 36.302363 ], [ 138.4625742, 36.3034614 ], [ 138.4617901, 36.304 ], [ 138.461134, 36.3044407 ], [ 138.4602627, 36.3050324 ], [ 138.4594289, 36.3056067 ], [ 138.4584894, 36.3062439 ], [ 138.4580871, 36.3065186 ], [ 138.4576004, 36.3068958 ], [ 138.4574201, 36.3070726 ], [ 138.4570015, 36.3075303 ], [ 138.456736, 36.307905 ], [ 138.4566313, 36.3081339 ], [ 138.4565502, 36.3083921 ], [ 138.4565338, 36.3085608 ], [ 138.4565499, 36.3088525 ], [ 138.4566022, 36.3093107 ], [ 138.456648, 36.3097114 ], [ 138.4566969, 36.3102126 ], [ 138.4568624, 36.3118683 ], [ 138.4569384, 36.3126111 ], [ 138.456984, 36.3130569 ], [ 138.457016, 36.3133694 ], [ 138.457063, 36.3139313 ] ] } },
{ "type": "Feature", "properties": { "N12_001": "20", "N12_002": 2, "N12_003": 3, "N12_004": "一般国道143号", "N12_005": 10, "N12_006": 1 }, "geometry": { "type": "LineString", "coordinates": [ [ 137.9563309, 36.231691 ], [ 137.9566194, 36.2317059 ], [ 137.9568278, 36.2317284 ], [ 137.9569597, 36.2317564 ], [ 137.9571125, 36.2318298 ], [ 137.9575569, 36.2320831 ], [ 137.9581554, 36.2323825 ], [ 137.9582332, 36.232417 ], [ 137.9584075, 36.2324899 ], [ 137.9586666, 36.2324918 ], [ 137.9612169, 36.2324477 ], [ 137.9616043, 36.2324784 ], [ 137.9618776, 36.2325666 ], [ 137.9621343, 36.2326528 ], [ 137.9625265, 36.2328369 ], [ 137.9628355, 36.2329883 ], [ 137.9630311, 36.2330528 ], [ 137.9634534, 36.2331935 ], [ 137.9642853, 36.2331762 ], [ 137.9642544, 36.232766 ], [ 137.9642639, 36.2325704 ], [ 137.9643067, 36.2324419 ], [ 137.9645824, 36.2319531 ], [ 137.9646418, 36.2318169 ], [ 137.9647559, 36.2316674 ], [ 137.9648962, 36.2315792 ], [ 137.9654428, 36.2314335 ], [ 137.9656472, 36.2311192 ], [ 137.9662441, 36.2311151 ], [ 137.9666826, 36.2311177 ], [ 137.967215, 36.2311209 ], [ 137.9675757, 36.2311216 ], [ 137.9683539, 36.2311323 ], [ 137.9691798, 36.2311409 ], [ 137.9693282, 36.2311418 ], [ 137.9704914, 36.231149 ], [ 137.9715617, 36.2311613 ], [ 137.9724606, 36.2311717 ], [ 137.9735144, 36.2311744 ], [ 137.9735429, 36.2324467 ], [ 137.9735686, 36.2329551 ], [ 137.9735886, 36.2333232 ], [ 137.9736043, 36.2338926 ], [ 137.9736808, 36.2343171 ], [ 137.9737721, 36.234929 ], [ 137.9738833, 36.2354903 ], [ 137.9740333, 36.2362159 ], [ 137.9741704, 36.2367575 ], [ 137.9743942, 36.2375501 ], [ 137.9744566, 36.2377931 ], [ 137.974699, 36.238389 ], [ 137.974873, 36.2388237 ], [ 137.9749671, 36.2391159 ], [ 137.9750248, 36.2393194 ], [ 137.9751674, 36.2399232 ], [ 137.9752625, 36.2403622 ], [ 137.9752744, 36.2404926 ], [ 137.975329, 36.2408261 ], [ 137.9754003, 36.2414779 ], [ 137.9754284, 36.2417945 ], [ 137.975488, 36.2423078 ], [ 137.9755842, 36.2429875 ], [ 137.9756714, 36.2437817 ], [ 137.975727, 36.2442548 ], [ 137.9757689, 36.2445652 ], [ 137.9758103, 36.244829 ], [ 137.9758381, 36.2450092 ], [ 137.9758659, 36.245244 ], [ 137.9759663, 36.2458695 ], [ 137.9760534, 36.246287 ], [ 137.9761851, 36.2469515 ], [ 137.9762892, 36.2475256 ], [ 137.976468, 36.248433 ], [ 137.9764813, 36.2485035 ] ] } },
{ "type": "Feature", "properties": { "N12_001": "20", "N12_002": 2, "N12_003": 3, "N12_004": "一般国道148号", "N12_005": 11, "N12_006": 1 }, "geometry": { "type": "LineString", "coordinates": [ [ 137.8525118, 36.513013 ], [ 137.8524404, 36.5132533 ], [ 137.8522916, 36.5137563 ], [ 137.8520241, 36.514529 ], [ 137.8517568, 36.5153638 ], [ 137.8512796, 36.516859 ], [ 137.8511385, 36.5172894 ], [ 137.8510108, 36.5176787 ], [ 137.8507924, 36.5183441 ], [ 137.8506888, 36.5186907 ], [ 137.8506083, 36.5189594 ], [ 137.8503733, 36.5196613 ], [ 137.8503461, 36.5197877 ], [ 137.850353, 36.519901 ], [ 137.8503802, 36.5199868 ], [ 137.8504873, 36.5201344 ], [ 137.850653, 36.5202416 ], [ 137.8507644, 36.5202885 ], [ 137.8508884, 36.520341 ], [ 137.8526577, 36.5210869 ], [ 137.8529272, 36.521208 ], [ 137.8526569, 36.5216696 ], [ 137.8525872, 36.5217766 ], [ 137.8520288, 36.5228675 ], [ 137.8519351, 36.523051 ], [ 137.851678, 36.5235544 ], [ 137.8514717, 36.5239496 ], [ 137.8510888, 36.5247042 ], [ 137.8509424, 36.5249991 ], [ 137.8506347, 36.5256218 ], [ 137.8504464, 36.5259877 ], [ 137.8503978, 36.5260946 ], [ 137.8502438, 36.5263802 ], [ 137.8499709, 36.5268882 ], [ 137.8497281, 36.5273163 ], [ 137.8490098, 36.5286787 ], [ 137.8484937, 36.5296357 ], [ 137.8482731, 36.5300403 ], [ 137.8480892, 36.5304015 ], [ 137.847828, 36.5309311 ], [ 137.8474826, 36.5315893 ], [ 137.8469734, 36.532586 ], [ 137.8465988, 36.5333324 ], [ 137.8463497, 36.5338279 ], [ 137.8460318, 36.5344552 ], [ 137.8458715, 36.5347646 ], [ 137.845797, 36.5349354 ], [ 137.8455919, 36.5353741 ], [ 137.8454102, 36.5357248 ], [ 137.8448477, 36.5368109 ], [ 137.8445604, 36.5373657 ], [ 137.8442674, 36.5379454 ], [ 137.844114, 36.5382326 ], [ 137.8438073, 36.5387427 ], [ 137.8430888, 36.5393307 ], [ 137.8429424, 36.5394937 ], [ 137.8428362, 36.5396501 ], [ 137.8426581, 36.5400469 ], [ 137.8425518, 36.540496 ], [ 137.8425449, 36.540552 ], [ 137.8425507, 36.5406468 ], [ 137.8425752, 36.5408508 ], [ 137.8426276, 36.5410726 ], [ 137.8427118, 36.5412646 ], [ 137.842811, 36.541449 ], [ 137.8429124, 36.541616 ], [ 137.843094, 36.5418208 ], [ 137.8432699, 36.5419655 ], [ 137.8435146, 36.5421581 ], [ 137.8435596, 36.5421935 ], [ 137.8438768, 36.5424507 ], [ 137.8441991, 36.5427454 ], [ 137.8443241, 36.5428637 ], [ 137.8443999, 36.5429668 ], [ 137.8444318, 36.5430359 ], [ 137.8445661, 36.5432007 ], [ 137.8446841, 36.543406 ], [ 137.8448724, 36.5438262 ], [ 137.8452049, 36.544614 ], [ 137.8453108, 36.5449096 ], [ 137.8453994, 36.5453023 ], [ 137.8454374, 36.5455657 ], [ 137.8454627, 36.5458521 ], [ 137.845446, 36.546141 ], [ 137.8454374, 36.5462896 ], [ 137.8453908, 36.5465996 ], [ 137.8453149, 36.5468807 ], [ 137.8451683, 36.5473621 ], [ 137.8449911, 36.547756 ], [ 137.8448135, 36.5480847 ], [ 137.8446027, 36.5483985 ], [ 137.844323, 36.5487471 ], [ 137.8439141, 36.5492693 ], [ 137.8436111, 36.5496679 ], [ 137.843413, 36.550006 ], [ 137.8431869, 36.5505076 ], [ 137.843113, 36.5507657 ], [ 137.8430713, 36.5509613 ], [ 137.8429832, 36.5513706 ], [ 137.8429683, 36.5515912 ], [ 137.8429287, 36.5518325 ], [ 137.8429283, 36.5521245 ], [ 137.8429283, 36.5535714 ], [ 137.842942, 36.5543515 ], [ 137.8429767, 36.5547287 ], [ 137.8430326, 36.5549545 ], [ 137.8430957, 36.5552432 ], [ 137.8432, 36.5558379 ], [ 137.8432278, 36.5560293 ], [ 137.8432749, 36.5565092 ], [ 137.8433124, 36.557142 ], [ 137.8433507, 36.5573252 ], [ 137.8434251, 36.5575007 ], [ 137.8435361, 36.5577076 ], [ 137.8436937, 36.5579712 ], [ 137.8438253, 36.5581982 ], [ 137.8438887, 36.558395 ], [ 137.8439384, 36.5586029 ], [ 137.8439773, 36.5587723 ], [ 137.8439887, 36.5588795 ], [ 137.8439773, 36.5591002 ], [ 137.8439595, 36.5594537 ], [ 137.8439687, 36.5599373 ], [ 137.8439909, 36.5600634 ], [ 137.844024, 36.5602376 ], [ 137.8441867, 36.5607912 ], [ 137.8444481, 36.5615468 ], [ 137.8444901, 36.5616932 ], [ 137.8445667, 36.5620648 ], [ 137.8445598, 36.5622843 ], [ 137.844504, 36.5624701 ], [ 137.8444131, 36.5626726 ], [ 137.8442179, 36.5629768 ], [ 137.8440762, 36.5631673 ], [ 137.8439209, 36.5633651 ], [ 137.8438204, 36.5635623 ], [ 137.8437229, 36.5637648 ], [ 137.8436112, 36.564097 ], [ 137.8435688, 36.5642436 ], [ 137.8435346, 36.5643618 ], [ 137.8434856, 36.5644632 ], [ 137.843402, 36.5645696 ], [ 137.8433462, 36.564632 ], [ 137.8430677, 36.5648683 ], [ 137.8427467, 36.5651838 ], [ 137.8425426, 36.5654324 ], [ 137.8422796, 36.5657015 ], [ 137.8416712, 36.5663823 ], [ 137.8415748, 36.5664902 ], [ 137.8414118, 36.5666656 ], [ 137.8410522, 36.5670527 ], [ 137.8408499, 36.5673006 ], [ 137.8407171, 36.5674865 ], [ 137.8405149, 36.5678523 ], [ 137.8403196, 36.5680662 ], [ 137.8400685, 36.568314 ], [ 137.8399041, 36.5684995 ], [ 137.8397107, 36.5687738 ], [ 137.8396349, 36.5688831 ], [ 137.8395527, 36.5690179 ], [ 137.8393502, 36.5693387 ], [ 137.8391202, 36.5695865 ], [ 137.8389807, 36.5697159 ], [ 137.8388272, 36.5698906 ], [ 137.8387671, 36.5699825 ], [ 137.8386668, 36.5701476 ], [ 137.8385482, 36.5703915 ], [ 137.8384785, 36.5705715 ], [ 137.8384438, 36.5706992 ], [ 137.8384163, 36.5708584 ], [ 137.8384094, 36.5710683 ], [ 137.8384227, 36.5712359 ], [ 137.838611, 36.5720806 ], [ 137.8387911, 36.5727577 ], [ 137.8388167, 36.5729572 ], [ 137.8387435, 36.573364 ], [ 137.8385898, 36.5738777 ], [ 137.8385063, 36.5741468 ], [ 137.8384716, 36.5743267 ], [ 137.8384441, 36.5746231 ], [ 137.8384227, 36.5749922 ], [ 137.8384225, 36.574999 ], [ 137.8384088, 36.5753795 ], [ 137.8384088, 36.5754978 ], [ 137.838388, 36.5756778 ], [ 137.8383111, 36.5762578 ], [ 137.8382275, 36.5769898 ], [ 137.8382275, 36.5773165 ], [ 137.8382555, 36.5775248 ], [ 137.8382972, 36.5777106 ], [ 137.8385063, 36.5783409 ], [ 137.8385552, 36.5785717 ], [ 137.8385902, 36.5789942 ], [ 137.8386319, 36.5792642 ], [ 137.8386739, 36.5793995 ], [ 137.8387366, 36.5795684 ], [ 137.8388679, 36.5798035 ], [ 137.8389597, 36.5799739 ], [ 137.8391064, 36.5802834 ], [ 137.8391761, 36.5804752 ], [ 137.839239, 36.5807116 ], [ 137.8393294, 36.5810939 ], [ 137.8393853, 36.5812856 ], [ 137.8394819, 36.5814829 ], [ 137.8396083, 36.581657 ], [ 137.8399221, 36.5819666 ], [ 137.8400897, 36.5821639 ], [ 137.8402344, 36.5823584 ], [ 137.8404114, 36.5826112 ], [ 137.8405794, 36.5829109 ], [ 137.8406406, 36.5830648 ], [ 137.8407172, 36.5833631 ], [ 137.8407592, 36.5837067 ], [ 137.8407856, 36.5842412 ], [ 137.8408081, 36.5845173 ], [ 137.840857, 36.5847368 ], [ 137.8409197, 36.5848212 ], [ 137.841087, 36.5850125 ], [ 137.8412195, 36.5852042 ], [ 137.8413103, 36.5854517 ], [ 137.8413172, 36.5860767 ], [ 137.8413842, 36.5864148 ], [ 137.8414984, 36.586922 ], [ 137.8415392, 36.587105 ], [ 137.8416817, 36.5875434 ], [ 137.8417831, 36.587875 ], [ 137.8419217, 36.5883681 ], [ 137.8420495, 36.5886481 ], [ 137.8422142, 36.5890036 ], [ 137.8426723, 36.5899934 ], [ 137.8430305, 36.5907123 ], [ 137.843168, 36.5909884 ], [ 137.8433859, 36.5914041 ], [ 137.8435464, 36.5917098 ], [ 137.8439178, 36.5924159 ], [ 137.8443699, 36.5930612 ], [ 137.844507, 36.5932439 ], [ 137.8448758, 36.5936546 ], [ 137.8452834, 36.5940473 ], [ 137.8457149, 36.5944521 ], [ 137.8459065, 36.5946439 ], [ 137.8460526, 36.5948023 ], [ 137.8461504, 36.5949692 ], [ 137.8462213, 36.5951059 ], [ 137.8462629, 36.5952067 ], [ 137.8462854, 36.5953136 ], [ 137.846304, 36.5954381 ], [ 137.8463304, 36.5956725 ], [ 137.8464467, 36.5962234 ], [ 137.8465511, 36.5966012 ], [ 137.8466859, 36.5970996 ], [ 137.8467287, 36.5972312 ], [ 137.8467882, 36.5973739 ], [ 137.8470131, 36.5979948 ], [ 137.8471555, 36.5983128 ], [ 137.8473725, 36.5987531 ], [ 137.8478196, 36.5995528 ], [ 137.8480581, 36.6000264 ], [ 137.8483073, 36.6004659 ], [ 137.8484801, 36.6007089 ], [ 137.8485626, 36.600825 ], [ 137.8487015, 36.6009986 ], [ 137.848874, 36.6011934 ], [ 137.8491893, 36.6015434 ], [ 137.8494593, 36.6017867 ], [ 137.8497332, 36.6019967 ], [ 137.8500036, 36.6022007 ], [ 137.8503104, 36.6023738 ], [ 137.8508498, 36.6026474 ], [ 137.8513501, 36.6029036 ], [ 137.8517854, 36.6031075 ], [ 137.8520404, 36.6032414 ], [ 137.8523296, 36.6034089 ], [ 137.8528041, 36.6037049 ], [ 137.8529494, 36.6037999 ], [ 137.8536501, 36.6042946 ], [ 137.8545768, 36.6049978 ], [ 137.8559721, 36.6060686 ], [ 137.8564409, 36.6064303 ], [ 137.8566062, 36.60658 ], [ 137.8568726, 36.6068389 ], [ 137.8571129, 36.6071281 ], [ 137.857454, 36.6075664 ], [ 137.8578629, 36.6081295 ], [ 137.8580109, 36.6083322 ], [ 137.8581893, 36.6085767 ], [ 137.8586204, 36.6092567 ], [ 137.8589474, 36.6097545 ], [ 137.85921, 36.610141 ], [ 137.85944, 36.6105252 ], [ 137.8597013, 36.6109597 ], [ 137.8599902, 36.6113981 ], [ 137.8601102, 36.6115928 ], [ 137.8605754, 36.6123203 ], [ 137.8608907, 36.6127917 ], [ 137.8610368, 36.6131169 ], [ 137.8611906, 36.6134764 ], [ 137.8613143, 36.6138022 ], [ 137.8614721, 36.6143014 ], [ 137.8615432, 36.6145297 ], [ 137.8615926, 36.6147561 ], [ 137.8616296, 36.6149711 ], [ 137.8616521, 36.6152175 ], [ 137.8616557, 36.6153911 ], [ 137.8616446, 36.6157895 ], [ 137.8616332, 36.6160725 ], [ 137.8616047, 36.6163625 ], [ 137.8615669, 36.6166656 ], [ 137.8614752, 36.6171078 ], [ 137.8613857, 36.6174725 ], [ 137.8612056, 36.6179781 ], [ 137.8610647, 36.6184379 ], [ 137.8609618, 36.6187172 ], [ 137.860781, 36.6191506 ], [ 137.8605077, 36.6196485 ], [ 137.8601924, 36.6202209 ], [ 137.8600469, 36.6204748 ], [ 137.859901, 36.6206967 ], [ 137.8597649, 36.62086 ], [ 137.8594683, 36.6211642 ], [ 137.8591008, 36.6214381 ], [ 137.8587894, 36.6216875 ], [ 137.8585622, 36.6218021 ], [ 137.857926, 36.6220552 ], [ 137.8569277, 36.6223397 ], [ 137.8563784, 36.6224739 ], [ 137.8562617, 36.622502 ], [ 137.8551734, 36.622761 ], [ 137.8544031, 36.6229452 ], [ 137.8538858, 36.6230692 ], [ 137.8536833, 36.6231392 ], [ 137.8535758, 36.6231734 ], [ 137.8534055, 36.6232884 ], [ 137.8532026, 36.6234988 ], [ 137.8529816, 36.6237206 ], [ 137.8528088, 36.6239275 ], [ 137.8526888, 36.6240978 ], [ 137.8525389, 36.62432 ], [ 137.8524189, 36.6244022 ], [ 137.8523136, 36.6244842 ], [ 137.8522203, 36.6245847 ], [ 137.8521039, 36.6247336 ], [ 137.8520214, 36.6248311 ], [ 137.8518939, 36.6249256 ], [ 137.8517552, 36.6249989 ], [ 137.851635, 36.6250625 ], [ 137.8513422, 36.6251934 ], [ 137.8511941, 36.62525 ], [ 137.8509369, 36.6253211 ], [ 137.8507869, 36.6253456 ], [ 137.8506369, 36.6253486 ], [ 137.850513, 36.6253547 ], [ 137.8504005, 36.6253759 ], [ 137.8503217, 36.6254095 ], [ 137.8501941, 36.6255039 ], [ 137.8500813, 36.6255556 ], [ 137.8499464, 36.6255861 ], [ 137.849815, 36.6255981 ], [ 137.84968, 36.6255981 ], [ 137.8495078, 36.6255647 ], [ 137.8486131, 36.6252432 ], [ 137.8482883, 36.6251264 ], [ 137.8479251, 36.6249989 ], [ 137.8475603, 36.6248709 ], [ 137.8473316, 36.6248372 ], [ 137.8472381, 36.6248342 ], [ 137.8471478, 36.6248342 ], [ 137.8469903, 36.6248525 ], [ 137.8468178, 36.624895 ], [ 137.8465814, 36.6249742 ], [ 137.8465154, 36.6249989 ], [ 137.8462886, 36.6250839 ], [ 137.8460147, 36.625175 ], [ 137.8458158, 36.6252178 ], [ 137.84478, 36.625315 ], [ 137.8443527, 36.6253484 ], [ 137.8441389, 36.6253759 ], [ 137.8438389, 36.6254336 ], [ 137.8437036, 36.6254792 ], [ 137.8436136, 36.6255522 ], [ 137.8434861, 36.6257045 ], [ 137.8434561, 36.6257989 ], [ 137.8434336, 36.625887 ], [ 137.8434186, 36.626015 ], [ 137.8434336, 36.6264684 ], [ 137.8434411, 36.6274573 ], [ 137.8434486, 36.6275884 ], [ 137.8434936, 36.6276764 ], [ 137.8436661, 36.6279017 ], [ 137.8441166, 36.6285657 ], [ 137.8442814, 36.6288239 ], [ 137.8443375, 36.6289214 ], [ 137.8443789, 36.6290736 ], [ 137.8444914, 36.6294539 ], [ 137.8445964, 36.629807 ], [ 137.8446528, 36.6300353 ], [ 137.8447081, 36.6302591 ], [ 137.8447917, 36.630595 ], [ 137.8448349, 36.6308854 ], [ 137.8448478, 36.6310181 ], [ 137.8448367, 36.6311978 ], [ 137.8447957, 36.6320453 ], [ 137.8448042, 36.6329737 ], [ 137.84481, 36.6334895 ], [ 137.8447839, 36.633675 ], [ 137.8447233, 36.633961 ], [ 137.8447054, 36.6341151 ], [ 137.8447125, 36.6343478 ], [ 137.8446975, 36.6346095 ], [ 137.844705, 36.6347797 ], [ 137.8447201, 36.6351287 ], [ 137.8447539, 36.6357811 ], [ 137.8448787, 36.6366686 ], [ 137.8448864, 36.6368497 ], [ 137.8449073, 36.6373456 ], [ 137.8449035, 36.6378348 ], [ 137.8448998, 36.6381947 ], [ 137.8448623, 36.639016 ], [ 137.8448548, 36.6399292 ], [ 137.8448337, 36.6409932 ], [ 137.8448512, 36.641582 ], [ 137.8448512, 36.6418467 ], [ 137.8447877, 36.642512 ], [ 137.8447057, 36.6431977 ], [ 137.8446075, 36.6441979 ], [ 137.8445156, 36.6451357 ], [ 137.8444757, 36.6457756 ], [ 137.8444607, 36.6466584 ], [ 137.8444682, 36.6467497 ], [ 137.8444907, 36.6468378 ], [ 137.8445132, 36.6469109 ], [ 137.8445657, 36.6470236 ], [ 137.844682, 36.6472031 ], [ 137.8448995, 36.6476 ], [ 137.8449897, 36.6477621 ], [ 137.8450307, 36.6478786 ], [ 137.8451132, 36.648177 ], [ 137.8453271, 36.6488526 ], [ 137.8455107, 36.6494363 ], [ 137.8456857, 36.6500219 ], [ 137.8459273, 36.6507303 ], [ 137.8460885, 36.6513056 ], [ 137.8462873, 36.6520117 ], [ 137.8464262, 36.6524042 ], [ 137.8466401, 36.6529795 ], [ 137.8468779, 36.6536583 ], [ 137.8471129, 36.6544311 ], [ 137.8473604, 36.655256 ], [ 137.8474584, 36.6554969 ], [ 137.8475672, 36.6557856 ], [ 137.8476494, 36.655958 ], [ 137.8478104, 36.6562539 ], [ 137.8480207, 36.6566314 ], [ 137.8481362, 36.6569028 ], [ 137.8481443, 36.6570178 ], [ 137.8481557, 36.6571975 ], [ 137.8481557, 36.6574197 ], [ 137.8481257, 36.657855 ], [ 137.8481783, 36.6582023 ], [ 137.8482082, 36.6583572 ], [ 137.8482832, 36.6585456 ], [ 137.8484446, 36.6589625 ], [ 137.8485235, 36.6593064 ], [ 137.8485645, 36.659431 ], [ 137.8485841, 36.6595211 ], [ 137.8486096, 36.6597722 ], [ 137.848651, 36.6600006 ], [ 137.8486924, 36.6602014 ], [ 137.8487824, 36.6605361 ], [ 137.8488349, 36.6608436 ], [ 137.848891, 36.6611781 ], [ 137.8489399, 36.6616439 ], [ 137.8489843, 36.6620923 ], [ 137.8490005, 36.6623477 ], [ 137.8490046, 36.662522 ], [ 137.8490113, 36.6626817 ], [ 137.849057, 36.6636612 ], [ 137.8490872, 36.6645762 ], [ 137.8491088, 36.665445 ], [ 137.8491279, 36.6660128 ], [ 137.8491349, 36.6665374 ], [ 137.8491497, 36.6666693 ], [ 137.8491663, 36.6668147 ], [ 137.8494013, 36.6674322 ], [ 137.8499237, 36.6684123 ], [ 137.8500052, 36.6685643 ], [ 137.8504031, 36.6693042 ], [ 137.8506164, 36.6697389 ], [ 137.8506835, 36.6698806 ], [ 137.8507255, 36.6700271 ], [ 137.8507743, 36.6702633 ], [ 137.8507885, 36.6705336 ], [ 137.8507674, 36.6707081 ], [ 137.8504945, 36.6716677 ], [ 137.8504521, 36.6718167 ], [ 137.8503271, 36.6722561 ], [ 137.8503341, 36.67247 ], [ 137.8503591, 36.6725722 ], [ 137.8503977, 36.6727295 ], [ 137.8504935, 36.672917 ], [ 137.8505774, 36.6730428 ], [ 137.850721, 36.6731615 ], [ 137.8508285, 36.6732299 ], [ 137.8512537, 36.6734338 ], [ 137.8513337, 36.6734722 ], [ 137.8520596, 36.6748369 ], [ 137.8521453, 36.6749989 ], [ 137.8522491, 36.675195 ], [ 137.852276, 36.6752459 ], [ 137.8526928, 36.6760405 ], [ 137.8531327, 36.676872 ], [ 137.8540384, 36.67858 ], [ 137.8545246, 36.6795872 ], [ 137.8551128, 36.6806445 ], [ 137.8553998, 36.6811819 ], [ 137.8564494, 36.6830511 ], [ 137.8568142, 36.683707 ], [ 137.8574044, 36.6848628 ], [ 137.8583385, 36.686821 ], [ 137.8586196, 36.6874093 ], [ 137.8592627, 36.6887314 ], [ 137.8603357, 36.6908189 ], [ 137.8608459, 36.6917788 ], [ 137.8620892, 36.6942011 ], [ 137.8623475, 36.694708 ], [ 137.8625058, 36.6950218 ], [ 137.862976, 36.6959653 ], [ 137.8632804, 36.6965915 ], [ 137.8642996, 36.6985447 ], [ 137.8648498, 36.6996544 ], [ 137.8650203, 36.6999989 ], [ 137.8655924, 36.7011507 ], [ 137.8661213, 36.7021503 ], [ 137.8663799, 36.7027414 ], [ 137.8665761, 36.703402 ], [ 137.8666388, 36.703595 ], [ 137.8666719, 36.7036788 ], [ 137.8670896, 36.7047375 ], [ 137.8671602, 36.7049165 ], [ 137.8672997, 36.70527 ], [ 137.8673545, 36.7054333 ], [ 137.8674128, 36.7056319 ], [ 137.8674352, 36.7057197 ], [ 137.8674633, 36.7058319 ], [ 137.8674983, 36.7061303 ], [ 137.8675052, 36.7066369 ], [ 137.8674881, 36.706786 ], [ 137.8674422, 36.7070706 ], [ 137.8674144, 36.7075886 ], [ 137.8674352, 36.7078697 ], [ 137.8674772, 36.7081514 ], [ 137.8675122, 36.7082358 ], [ 137.8675657, 36.7083322 ], [ 137.8677216, 36.7086131 ], [ 137.8681684, 36.7093967 ], [ 137.86833, 36.7096785 ], [ 137.8685533, 36.7100881 ], [ 137.8694411, 36.7116475 ], [ 137.8695933, 36.7118775 ], [ 137.8696852, 36.7120078 ], [ 137.8699369, 36.7122781 ], [ 137.8701144, 36.7124363 ], [ 137.8702714, 36.7125716 ], [ 137.8704049, 36.7126744 ], [ 137.8705938, 36.7128186 ], [ 137.8708177, 36.7129533 ], [ 137.8709155, 36.7130042 ], [ 137.8712438, 36.7131617 ], [ 137.8715795, 36.7132911 ], [ 137.87167, 36.7133195 ], [ 137.8718, 36.7133536 ], [ 137.8719147, 36.7133764 ], [ 137.8725251, 36.7135338 ], [ 137.8731647, 36.7137315 ], [ 137.8732865, 36.7137686 ], [ 137.8739061, 36.713947 ], [ 137.8740249, 36.7139581 ], [ 137.8744095, 36.7140033 ], [ 137.8748846, 36.7140653 ], [ 137.8750193, 36.7140773 ], [ 137.8755857, 36.7141287 ], [ 137.8757287, 36.7141473 ], [ 137.8761397, 36.7141711 ], [ 137.8769113, 36.7143301 ], [ 137.877175, 36.7143897 ], [ 137.8775121, 36.7144878 ], [ 137.8780783, 36.7147072 ], [ 137.878658, 36.7149831 ], [ 137.8793706, 36.7153824 ], [ 137.8797552, 36.7156189 ], [ 137.8800765, 36.7158216 ], [ 137.8803838, 36.7160411 ], [ 137.8806406, 36.7162124 ], [ 137.8807822, 36.7163114 ], [ 137.8811386, 36.7166098 ], [ 137.8814183, 36.7169025 ], [ 137.8816424, 36.7172178 ], [ 137.8817813, 36.7175131 ], [ 137.8818777, 36.7178564 ], [ 137.8819075, 36.7179611 ], [ 137.8819844, 36.7182761 ], [ 137.8820438, 36.7184985 ], [ 137.8820777, 36.7186252 ], [ 137.8822079, 36.7190302 ], [ 137.8822438, 36.7192088 ], [ 137.8822791, 36.7193839 ], [ 137.8822836, 36.7197306 ], [ 137.8822366, 36.7199912 ], [ 137.8820802, 36.7202519 ], [ 137.8818256, 36.7206927 ], [ 137.8817802, 36.7208143 ], [ 137.8817633, 36.7210634 ], [ 137.8818008, 36.7214656 ], [ 137.8819472, 36.7218933 ], [ 137.8819774, 36.721981 ], [ 137.8821944, 36.72261 ], [ 137.8823714, 36.723302 ], [ 137.8824069, 36.7234458 ], [ 137.882458, 36.7236145 ], [ 137.8825111, 36.7237386 ], [ 137.8826111, 36.72389 ], [ 137.8827458, 36.7240406 ], [ 137.8829414, 36.7242095 ], [ 137.8831441, 36.72435 ], [ 137.8833386, 36.7244632 ], [ 137.8838986, 36.7247892 ], [ 137.8841863, 36.7249988 ], [ 137.8843599, 36.7251661 ], [ 137.8844859, 36.7253296 ], [ 137.8846044, 36.7255209 ], [ 137.8848003, 36.725915 ], [ 137.8850967, 36.7264525 ], [ 137.885548, 36.7271906 ], [ 137.8857475, 36.7276764 ], [ 137.8857911, 36.7280322 ], [ 137.8858083, 36.7284143 ], [ 137.885765, 36.72877 ], [ 137.8856608, 36.729152 ], [ 137.8855831, 36.7293778 ], [ 137.8854094, 36.7306622 ], [ 137.8853053, 36.7311136 ], [ 137.8852269, 36.7314175 ], [ 137.8851917, 36.7315836 ], [ 137.8849681, 36.7319384 ], [ 137.88487, 36.7321184 ], [ 137.8847864, 36.7323997 ], [ 137.8845529, 36.7332537 ], [ 137.8845169, 36.7333813 ], [ 137.884367, 36.7339086 ], [ 137.8841503, 36.7347245 ], [ 137.8839859, 36.7356095 ], [ 137.8839597, 36.7357659 ], [ 137.8839684, 36.7360478 ], [ 137.8839859, 36.7362563 ], [ 137.8840292, 36.7364775 ], [ 137.8840734, 36.7366275 ], [ 137.8841681, 36.7369981 ], [ 137.8842694, 36.7372134 ], [ 137.8843528, 36.7373913 ], [ 137.8844928, 36.7376911 ], [ 137.8847374, 36.7386426 ], [ 137.8847759, 36.7387806 ], [ 137.8848339, 36.7389797 ], [ 137.88494, 36.7395428 ], [ 137.8850459, 36.740332 ], [ 137.885052, 36.7404495 ], [ 137.8850028, 36.7405622 ], [ 137.88494, 36.7406353 ], [ 137.8847445, 36.7408606 ], [ 137.8846395, 36.7411253 ], [ 137.8845975, 36.7413167 ], [ 137.8845975, 36.741587 ], [ 137.8846171, 36.7416656 ], [ 137.8846395, 36.7417556 ], [ 137.8847303, 36.7419245 ], [ 137.8848773, 36.7420934 ], [ 137.8850028, 36.7422059 ], [ 137.8854529, 36.7425098 ], [ 137.8857228, 36.7426561 ], [ 137.8862514, 36.742935 ], [ 137.8863728, 36.7430306 ], [ 137.8865104, 36.7435637 ], [ 137.8865636, 36.7437597 ], [ 137.8869545, 36.7448275 ], [ 137.8873189, 36.7455217 ], [ 137.8875098, 36.74573 ], [ 137.8879525, 36.7460167 ], [ 137.8884212, 36.7462684 ], [ 137.8887164, 36.7464159 ], [ 137.8889301, 36.7464841 ], [ 137.8891258, 36.7465517 ], [ 137.8896848, 36.746687 ], [ 137.8898664, 36.74676 ], [ 137.8901393, 36.7469064 ], [ 137.8903209, 36.7470472 ], [ 137.8904545, 36.747213 ], [ 137.8905651, 36.7475442 ], [ 137.8905912, 36.7477786 ], [ 137.8905303, 36.7485339 ], [ 137.8905795, 36.7487475 ], [ 137.8906634, 36.7489445 ], [ 137.8908342, 36.7493061 ], [ 137.891242, 36.7498009 ], [ 137.8913551, 36.7499745 ], [ 137.8914505, 36.7501791 ], [ 137.8915352, 36.750364 ], [ 137.891615, 36.7506317 ], [ 137.8916758, 36.7509043 ], [ 137.8917326, 36.7512075 ], [ 137.8918234, 36.7514439 ], [ 137.8919422, 36.7516972 ], [ 137.8922006, 36.7521139 ], [ 137.8928577, 36.7530671 ], [ 137.8930348, 36.7533298 ], [ 137.8931537, 36.7534647 ], [ 137.8933917, 36.7536336 ], [ 137.8936714, 36.7537914 ], [ 137.8938726, 36.7538706 ], [ 137.8940004, 36.7539209 ], [ 137.8944968, 36.7540334 ], [ 137.8947206, 36.7540673 ], [ 137.8949865, 36.7541406 ], [ 137.8953295, 36.754287 ], [ 137.8955392, 36.754422 ], [ 137.8957912, 36.7546134 ], [ 137.8958734, 36.7546517 ], [ 137.8959567, 36.7547934 ], [ 137.8960281, 36.7549206 ], [ 137.8961759, 36.755177 ], [ 137.8963114, 36.755408 ], [ 137.8964323, 36.7556145 ], [ 137.8965606, 36.7558489 ], [ 137.8968154, 36.7563549 ], [ 137.8969523, 36.7566231 ], [ 137.8971693, 36.7571578 ], [ 137.8972743, 36.7574959 ], [ 137.897332, 36.757807 ], [ 137.8973793, 36.7581656 ], [ 137.8974004, 36.7583323 ], [ 137.897442, 36.7586609 ], [ 137.8975331, 36.7591448 ], [ 137.8976379, 36.7595842 ], [ 137.8977498, 36.7598995 ], [ 137.8978968, 36.7602878 ], [ 137.8981438, 36.7607764 ], [ 137.8984287, 36.7612112 ], [ 137.8990234, 36.7621003 ], [ 137.8991636, 36.7623207 ], [ 137.8993709, 36.7626365 ], [ 137.899779, 36.7632714 ], [ 137.8999259, 36.7635473 ], [ 137.9000054, 36.7637279 ], [ 137.9001215, 36.763992 ], [ 137.9001845, 36.7641892 ], [ 137.9003665, 36.7646564 ], [ 137.9007162, 36.7654273 ], [ 137.9009463, 36.7658306 ], [ 137.9012829, 36.7663339 ], [ 137.901531, 36.7666656 ], [ 137.9017587, 36.76697 ], [ 137.9019407, 36.767167 ], [ 137.9022485, 36.7674203 ], [ 137.9024533, 36.7675549 ], [ 137.9026404, 36.7676736 ], [ 137.9029548, 36.7678425 ], [ 137.9035565, 36.7680903 ], [ 137.9040835, 36.7682864 ], [ 137.9045107, 36.7684553 ], [ 137.904686, 36.7685484 ], [ 137.9050215, 36.7687775 ], [ 137.9051521, 36.7689053 ], [ 137.905219, 36.7690631 ], [ 137.905239, 36.7692673 ], [ 137.9052224, 36.7694673 ], [ 137.9051843, 36.7697398 ], [ 137.9051828, 36.7699388 ], [ 137.9052338, 36.7701775 ], [ 137.9055026, 36.7705667 ], [ 137.9057321, 36.7708656 ], [ 137.9057671, 36.771057 ], [ 137.9057882, 36.7713441 ], [ 137.9058513, 36.7716536 ], [ 137.905949, 36.7719184 ], [ 137.9061449, 36.7722614 ], [ 137.9062498, 36.7724021 ], [ 137.9065718, 36.7728359 ], [ 137.9069632, 36.77332 ], [ 137.9073886, 36.7738587 ], [ 137.9075785, 36.7741584 ], [ 137.9075952, 36.7742542 ], [ 137.9075977, 36.7743739 ], [ 137.9075971, 36.7745625 ], [ 137.9075868, 36.77475 ], [ 137.9075715, 36.7749989 ], [ 137.9075679, 36.7751709 ], [ 137.9075721, 36.7752564 ], [ 137.9076065, 36.775518 ], [ 137.907621, 36.7755827 ], [ 137.907796, 36.7760669 ], [ 137.9079568, 36.7763653 ], [ 137.9083388, 36.7769432 ], [ 137.9084813, 36.7771536 ], [ 137.9085583, 36.7772437 ], [ 137.9087683, 36.7775366 ], [ 137.9088682, 36.7776567 ], [ 137.9090479, 36.7778462 ], [ 137.9092582, 36.7780825 ], [ 137.9095588, 36.7784031 ], [ 137.9098471, 36.7786863 ], [ 137.9101393, 36.7789606 ], [ 137.9110349, 36.7797375 ], [ 137.9121749, 36.7807731 ], [ 137.9122938, 36.7808911 ], [ 137.9125319, 36.7811614 ], [ 137.913483, 36.7823437 ], [ 137.913686, 36.7827375 ], [ 137.9138874, 36.7833323 ], [ 137.9140638, 36.7839142 ], [ 137.9140852, 36.7840672 ], [ 137.9140988, 36.7843364 ], [ 137.9140988, 36.7848148 ], [ 137.9140285, 36.7853834 ], [ 137.9140005, 36.7856536 ], [ 137.9139691, 36.7859157 ], [ 137.9139499, 36.7860756 ], [ 137.9139069, 36.7863553 ], [ 137.9138462, 36.7865523 ], [ 137.9137416, 36.786882 ], [ 137.9136166, 36.7872445 ], [ 137.9135749, 36.787457 ], [ 137.9136166, 36.7877445 ], [ 137.9136744, 36.788197 ], [ 137.9137249, 36.7885734 ], [ 137.9137374, 36.788965 ], [ 137.9137374, 36.7893484 ], [ 137.9136666, 36.7897648 ], [ 137.9135264, 36.7903581 ], [ 137.9134758, 36.7905617 ], [ 137.9134338, 36.7907422 ], [ 137.9133638, 36.7909956 ], [ 137.9132018, 36.7915626 ], [ 137.9132046, 36.7916727 ], [ 137.913273, 36.7919189 ], [ 137.9133008, 36.7921439 ], [ 137.9133008, 36.7927347 ], [ 137.9132799, 36.7929486 ], [ 137.9132027, 36.7933428 ], [ 137.9130907, 36.7940302 ], [ 137.9129716, 36.7946431 ], [ 137.9128947, 36.7950147 ], [ 137.9128388, 36.7952906 ], [ 137.9126919, 36.7960617 ], [ 137.9126569, 36.7962136 ], [ 137.912573, 36.7966584 ], [ 137.9124191, 36.797131 ], [ 137.9123718, 36.7972574 ], [ 137.9122949, 36.7974119 ], [ 137.9121333, 36.7976803 ], [ 137.9120229, 36.7978616 ], [ 137.9118895, 36.7980379 ], [ 137.9117722, 36.798192 ], [ 137.9116941, 36.7983081 ], [ 137.9115438, 36.7985095 ], [ 137.9113999, 36.7988031 ], [ 137.9113294, 36.7990592 ], [ 137.9112771, 36.7992749 ], [ 137.9112465, 36.799461 ], [ 137.9112208, 36.7996303 ], [ 137.9112249, 36.79983 ], [ 137.9112538, 36.8000675 ], [ 137.9113241, 36.8003331 ], [ 137.9113663, 36.8004425 ], [ 137.9114955, 36.80073 ], [ 137.911608, 36.8009508 ], [ 137.9116805, 36.8010861 ], [ 137.9117369, 36.8011907 ], [ 137.9118451, 36.8013964 ], [ 137.9119163, 36.8015319 ], [ 137.9120227, 36.8017108 ], [ 137.9120895, 36.8018349 ], [ 137.9121976, 36.8020626 ], [ 137.9124037, 36.8024798 ], [ 137.9125641, 36.8028339 ], [ 137.9127122, 36.8032003 ], [ 137.9127891, 36.8034733 ], [ 137.9128827, 36.8037772 ], [ 137.9129994, 36.8042461 ], [ 137.9130827, 36.8046753 ], [ 137.9131536, 36.8051253 ], [ 137.9131994, 36.8055875 ], [ 137.9132286, 36.80605 ], [ 137.9132244, 36.8065042 ], [ 137.9132036, 36.8069417 ], [ 137.9131577, 36.8073956 ], [ 137.9130786, 36.8078664 ], [ 137.9129786, 36.8083164 ], [ 137.9128577, 36.8087411 ], [ 137.9127169, 36.8091346 ], [ 137.9125577, 36.8095786 ], [ 137.9123661, 36.8099744 ], [ 137.9121577, 36.8104158 ], [ 137.9120575, 36.8106304 ], [ 137.9119494, 36.8108616 ], [ 137.9117411, 36.8112867 ], [ 137.9115454, 36.8117238 ], [ 137.9113327, 36.8121781 ], [ 137.9111836, 36.8125244 ], [ 137.9111057, 36.8127035 ], [ 137.9109722, 36.8130145 ], [ 137.9107655, 36.8135064 ], [ 137.9106419, 36.8137786 ], [ 137.9104916, 36.8140989 ], [ 137.9103583, 36.8144489 ], [ 137.9101874, 36.8148527 ], [ 137.9099874, 36.8152944 ], [ 137.9097877, 36.8156486 ], [ 137.9095419, 36.8160486 ], [ 137.9092502, 36.8164233 ], [ 137.9090051, 36.8166655 ], [ 137.9089044, 36.816765 ], [ 137.9084919, 36.8171108 ], [ 137.9083388, 36.8172201 ], [ 137.9081127, 36.8173817 ], [ 137.9075627, 36.817673 ], [ 137.9071547, 36.817848 ], [ 137.9066255, 36.8180355 ], [ 137.9061088, 36.8182064 ], [ 137.9056988, 36.818353 ], [ 137.9055652, 36.8183814 ], [ 137.9053297, 36.8185333 ], [ 137.9051194, 36.81875 ], [ 137.9050547, 36.8188208 ], [ 137.9049797, 36.8190022 ], [ 137.9049505, 36.8191893 ], [ 137.9049547, 36.8194019 ], [ 137.9050255, 36.8197102 ], [ 137.9051176, 36.8199154 ], [ 137.9052047, 36.8200977 ], [ 137.905338, 36.8202727 ], [ 137.9054255, 36.8203519 ], [ 137.9055187, 36.8204253 ], [ 137.9057083, 36.8205749 ], [ 137.9058286, 36.8206694 ], [ 137.905938, 36.8208475 ], [ 137.9060838, 36.821035 ], [ 137.9063797, 36.8213683 ], [ 137.9066752, 36.8217433 ], [ 137.9069586, 36.822093 ], [ 137.9072669, 36.8224847 ], [ 137.9075711, 36.8228347 ], [ 137.9078377, 36.8232263 ], [ 137.9079961, 36.8236386 ], [ 137.9080961, 36.8241052 ], [ 137.9081252, 36.8245594 ], [ 137.9081211, 36.8249883 ], [ 137.9080779, 36.8252255 ], [ 137.9080377, 36.8254466 ], [ 137.9079002, 36.8258508 ], [ 137.9076211, 36.8262633 ], [ 137.9073252, 36.8266213 ], [ 137.9069339, 36.8270501 ], [ 137.9066336, 36.8273922 ], [ 137.9062961, 36.8277505 ], [ 137.9059877, 36.828088 ], [ 137.9056215, 36.8284584 ], [ 137.9055374, 36.8285405 ], [ 137.9052629, 36.8288087 ], [ 137.9050917, 36.8289901 ], [ 137.9049172, 36.8291752 ], [ 137.9045797, 36.8295252 ], [ 137.9042463, 36.8298294 ], [ 137.9039406, 36.8301553 ], [ 137.9037249, 36.8303717 ], [ 137.9034972, 36.8305985 ], [ 137.903363, 36.8307171 ], [ 137.9032194, 36.8308441 ], [ 137.9031058, 36.8309824 ], [ 137.9029277, 36.8312211 ], [ 137.9028478, 36.8314187 ], [ 137.9027933, 36.8316163 ], [ 137.9027783, 36.8318394 ], [ 137.9028022, 36.8320738 ], [ 137.9029041, 36.8322952 ], [ 137.9030688, 36.8325774 ], [ 137.9032102, 36.8328247 ], [ 137.9032491, 36.8330199 ], [ 137.9032488, 36.8332174 ], [ 137.903246, 36.8333322 ], [ 137.9032447, 36.8333869 ], [ 137.9032538, 36.8334388 ], [ 137.9032772, 36.833571 ], [ 137.9033377, 36.8336633 ], [ 137.9034708, 36.8337702 ], [ 137.9039394, 36.8340516 ], [ 137.9042495, 36.8342384 ], [ 137.9044922, 36.8343835 ], [ 137.90459, 36.8344961 ], [ 137.9046739, 36.8346086 ], [ 137.9047439, 36.8347888 ], [ 137.9047439, 36.8349013 ], [ 137.9046108, 36.8350816 ], [ 137.904618, 36.8352391 ], [ 137.9047439, 36.8354588 ], [ 137.9047508, 36.8355883 ], [ 137.90466, 36.8357177 ], [ 137.9044011, 36.8359824 ], [ 137.9043568, 36.8360675 ], [ 137.904338, 36.8362133 ], [ 137.90431, 36.8363033 ], [ 137.9042875, 36.8363877 ], [ 137.9042108, 36.8366224 ], [ 137.9040919, 36.836868 ], [ 137.9040775, 36.8369866 ], [ 137.9041147, 36.8371639 ], [ 137.9043144, 36.8374634 ], [ 137.9045233, 36.8377949 ], [ 137.9047419, 36.8381491 ], [ 137.9048502, 36.8383116 ], [ 137.9050336, 36.8386347 ], [ 137.9051628, 36.8388263 ], [ 137.9053439, 36.8390055 ], [ 137.9055772, 36.8391333 ], [ 137.905765, 36.8391994 ], [ 137.9058775, 36.8393347 ], [ 137.9059816, 36.8395658 ], [ 137.9061147, 36.839818 ], [ 137.9061955, 36.8399359 ], [ 137.906477, 36.840336 ], [ 137.9065486, 36.8404738 ], [ 137.906594, 36.8405803 ], [ 137.9066401, 36.8406953 ], [ 137.9066658, 36.8408126 ], [ 137.9066703, 36.8408522 ], [ 137.9066723, 36.840949 ], [ 137.9066496, 36.841142 ], [ 137.9065858, 36.8413272 ], [ 137.9064424, 36.8415139 ], [ 137.9064187, 36.8415452 ], [ 137.9060537, 36.8418047 ], [ 137.9050763, 36.8424996 ], [ 137.9041541, 36.8431554 ], [ 137.9031746, 36.8438519 ], [ 137.9028386, 36.8440824 ], [ 137.9021597, 36.8444988 ], [ 137.9012841, 36.845101 ], [ 137.901088, 36.8452474 ], [ 137.9005066, 36.8457202 ], [ 137.9000055, 36.8461473 ], [ 137.8993631, 36.8466946 ] ] } },
{ "type": "Feature", "properties": { "N12_001": "20", "N12_002": 2, "N12_003": 3, "N12_004": "一般国道151号", "N12_005": 12, "N12_006": 1 }, "geometry": { "type": "LineString", "coordinates": [ [ 137.8107302, 35.4370582 ], [ 137.8106798, 35.4369605 ], [ 137.8105768, 35.4367975 ], [ 137.810219, 35.436403 ], [ 137.8099587, 35.4362097 ], [ 137.8096479, 35.4359978 ], [ 137.8093582, 35.4358203 ], [ 137.8085505, 35.435412 ], [ 137.8081623, 35.4352094 ], [ 137.8076048, 35.4348741 ], [ 137.8074331, 35.4346405 ], [ 137.8073918, 35.434528 ], [ 137.8073468, 35.4339355 ], [ 137.8072073, 35.4332078 ], [ 137.8070836, 35.4329893 ], [ 137.8069626, 35.4327736 ], [ 137.8062362, 35.4323714 ], [ 137.8056998, 35.4320502 ], [ 137.8051745, 35.4317147 ], [ 137.8046752, 35.4313973 ], [ 137.8041179, 35.4309578 ], [ 137.8035606, 35.4304682 ], [ 137.8030587, 35.4299727 ], [ 137.8029093, 35.4296925 ], [ 137.8028454, 35.4293025 ], [ 137.802866, 35.4291335 ], [ 137.8029828, 35.4287902 ], [ 137.803097, 35.4285163 ], [ 137.8033956, 35.427932 ], [ 137.8036079, 35.4275384 ], [ 137.8037334, 35.4273056 ], [ 137.8038662, 35.427059 ], [ 137.8040354, 35.4267519 ], [ 137.8040973, 35.4265547 ], [ 137.8041318, 35.4263858 ], [ 137.8041457, 35.4262055 ], [ 137.8040973, 35.4259975 ], [ 137.8040287, 35.4258286 ], [ 137.803891, 35.4256259 ], [ 137.8037395, 35.4254739 ], [ 137.8034751, 35.4252618 ], [ 137.8030647, 35.4250575 ], [ 137.80262, 35.4248204 ], [ 137.8022662, 35.4246446 ], [ 137.8017924, 35.4243799 ], [ 137.8016162, 35.424285 ], [ 137.8011861, 35.4241573 ], [ 137.8009392, 35.4240852 ], [ 137.8002709, 35.4238422 ], [ 137.8000529, 35.4237505 ], [ 137.7998121, 35.4235592 ], [ 137.799654, 35.4233961 ], [ 137.7995304, 35.4232272 ], [ 137.7992621, 35.4228103 ], [ 137.7990693, 35.4225908 ], [ 137.7988476, 35.4223833 ], [ 137.7985914, 35.4222276 ], [ 137.7981692, 35.4220638 ], [ 137.798017, 35.4220164 ], [ 137.7978726, 35.421943 ], [ 137.7976524, 35.4218081 ], [ 137.7974598, 35.4216447 ], [ 137.7969096, 35.4209803 ], [ 137.7967644, 35.4207871 ], [ 137.7961951, 35.4198936 ], [ 137.7961043, 35.4197867 ], [ 137.7959486, 35.4196167 ], [ 137.7958943, 35.4195547 ], [ 137.7957812, 35.4193408 ], [ 137.7956265, 35.4189849 ], [ 137.7955615, 35.4188461 ], [ 137.7954446, 35.4186547 ], [ 137.7952934, 35.4184692 ], [ 137.7950873, 35.4182664 ], [ 137.7949432, 35.4181594 ], [ 137.7947851, 35.4180694 ], [ 137.7946271, 35.4180075 ], [ 137.7942009, 35.4178272 ], [ 137.7940015, 35.4177033 ], [ 137.7937404, 35.4174555 ], [ 137.7936168, 35.4173033 ], [ 137.7934931, 35.4170723 ], [ 137.7934064, 35.4168756 ], [ 137.7933496, 35.4167088 ], [ 137.7932814, 35.4164403 ], [ 137.7932518, 35.4161958 ], [ 137.7932473, 35.415803 ], [ 137.793299, 35.4154834 ], [ 137.793328, 35.4153035 ], [ 137.7935808, 35.4137385 ], [ 137.7936929, 35.4130447 ], [ 137.7937331, 35.4125428 ], [ 137.7937262, 35.412447 ], [ 137.7937167, 35.4122797 ], [ 137.7936686, 35.4121231 ], [ 137.7936084, 35.4120067 ], [ 137.793494, 35.4118334 ], [ 137.7934381, 35.4116333 ], [ 137.7934454, 35.4113236 ], [ 137.7935348, 35.4109464 ], [ 137.7935484, 35.4105578 ], [ 137.7934523, 35.410248 ], [ 137.7933662, 35.4100603 ], [ 137.7930506, 35.409294 ], [ 137.7929987, 35.4091558 ], [ 137.7928131, 35.4085703 ], [ 137.7927376, 35.40839 ], [ 137.7927067, 35.408333 ], [ 137.7926551, 35.408238 ], [ 137.7925656, 35.4081311 ], [ 137.7923873, 35.4079958 ], [ 137.7921952, 35.4078661 ], [ 137.7918278, 35.4076109 ], [ 137.7916381, 35.4074892 ], [ 137.7914181, 35.4072919 ], [ 137.7911678, 35.4070479 ], [ 137.7910809, 35.4069565 ], [ 137.7908404, 35.4066895 ], [ 137.7908017, 35.4066466 ], [ 137.7905112, 35.406318 ], [ 137.7902776, 35.4060194 ], [ 137.7899959, 35.4056366 ], [ 137.7898928, 35.4054733 ], [ 137.7897898, 35.4051917 ], [ 137.7897759, 35.4048878 ], [ 137.7898173, 35.4045725 ], [ 137.7898309, 35.4043303 ], [ 137.7898448, 35.4041783 ], [ 137.7898553, 35.4039022 ], [ 137.78992, 35.4022154 ], [ 137.7899459, 35.4015391 ], [ 137.789962, 35.4013404 ], [ 137.7899617, 35.4010813 ], [ 137.7899523, 35.4008925 ], [ 137.7898826, 35.4007767 ], [ 137.7897809, 35.4006758 ], [ 137.7891993, 35.4003594 ], [ 137.7886903, 35.400085 ], [ 137.7885262, 35.3999997 ], [ 137.7883365, 35.3999012 ], [ 137.7876286, 35.3995085 ], [ 137.7872817, 35.3993189 ], [ 137.7871754, 35.3992255 ], [ 137.7870892, 35.3990881 ], [ 137.7870273, 35.3989756 ], [ 137.7869931, 35.3988967 ], [ 137.786864, 35.3985929 ], [ 137.7867804, 35.3984182 ], [ 137.7867048, 35.398193 ], [ 137.7866578, 35.3980458 ], [ 137.7867062, 35.397889 ], [ 137.7868392, 35.397586 ], [ 137.7879554, 35.3966561 ], [ 137.7880622, 35.3965724 ], [ 137.7881475, 35.3965092 ], [ 137.7882318, 35.3964641 ], [ 137.7884659, 35.3963514 ], [ 137.7887159, 35.3962725 ], [ 137.7888228, 35.3962489 ], [ 137.7889531, 35.396253 ], [ 137.7891039, 35.3962808 ], [ 137.7892831, 35.3963306 ], [ 137.7895311, 35.3963983 ], [ 137.7898012, 35.3964855 ], [ 137.7900374, 35.396566 ], [ 137.790444, 35.3967039 ], [ 137.7906942, 35.3967425 ], [ 137.7909575, 35.3967597 ], [ 137.7911191, 35.3967576 ], [ 137.7912123, 35.3967564 ], [ 137.7913609, 35.3967356 ], [ 137.7914798, 35.3966939 ], [ 137.7916111, 35.3966139 ], [ 137.7916792, 35.3965061 ], [ 137.7917048, 35.3964503 ], [ 137.7917597, 35.3963184 ], [ 137.7917771, 35.3962269 ], [ 137.7918406, 35.3958628 ], [ 137.7918489, 35.3957445 ], [ 137.7918278, 35.395522 ], [ 137.7917663, 35.3951924 ], [ 137.7917211, 35.394837 ], [ 137.7917211, 35.3946795 ], [ 137.7917556, 35.3945331 ], [ 137.7918242, 35.3944036 ], [ 137.7919933, 35.3942206 ], [ 137.7920721, 35.3941499 ], [ 137.7922311, 35.3940195 ], [ 137.7929367, 35.3934108 ], [ 137.7930189, 35.3933227 ], [ 137.7931986, 35.3931308 ], [ 137.7932331, 35.3930464 ], [ 137.7933346, 35.3926129 ], [ 137.7934667, 35.3920781 ], [ 137.7935792, 35.3916664 ], [ 137.7936661, 35.3913631 ], [ 137.7937622, 35.390997 ], [ 137.7938062, 35.3908081 ], [ 137.7939683, 35.39022 ], [ 137.7941058, 35.3896456 ], [ 137.7941511, 35.3895139 ], [ 137.7941763, 35.3894036 ], [ 137.7941814, 35.3890938 ], [ 137.7941608, 35.3890036 ], [ 137.7940783, 35.3888068 ], [ 137.7940097, 35.3886717 ], [ 137.7938928, 35.3885142 ], [ 137.7937347, 35.388345 ], [ 137.7934945, 35.3881481 ], [ 137.7932519, 35.3880059 ], [ 137.793049, 35.3879404 ], [ 137.7929383, 35.3879081 ], [ 137.7926816, 35.3878464 ], [ 137.7923787, 35.3877992 ], [ 137.7916678, 35.3876515 ], [ 137.7913914, 35.3875792 ], [ 137.7910986, 35.3874677 ], [ 137.7908831, 35.3873597 ], [ 137.7905533, 35.3871795 ], [ 137.7902577, 35.3869316 ], [ 137.7901133, 35.3867683 ], [ 137.7898662, 35.3864023 ], [ 137.7897836, 35.3862333 ], [ 137.7897147, 35.3860475 ], [ 137.7896045, 35.3856124 ], [ 137.7894519, 35.3849592 ], [ 137.7893337, 35.38439 ], [ 137.7892342, 35.3837559 ], [ 137.7891648, 35.3832777 ], [ 137.7891172, 35.3827761 ], [ 137.7890898, 35.3822989 ], [ 137.7890572, 35.38161 ], [ 137.7890045, 35.3804622 ], [ 137.7889775, 35.37981 ], [ 137.7888972, 35.378035 ], [ 137.7888972, 35.3772356 ], [ 137.7889536, 35.3769153 ], [ 137.7890049, 35.3767415 ], [ 137.7891566, 35.376477 ], [ 137.7894058, 35.3761634 ], [ 137.7897061, 35.3758836 ], [ 137.7900289, 35.3755931 ], [ 137.7903197, 35.3753289 ], [ 137.7905575, 35.3751286 ], [ 137.790846, 35.3748666 ], [ 137.7914374, 35.3743202 ], [ 137.7916079, 35.3741337 ], [ 137.7916677, 35.3740582 ], [ 137.7918019, 35.3738886 ], [ 137.7919152, 35.3736734 ], [ 137.7919947, 35.3734498 ], [ 137.7921861, 35.372912 ], [ 137.7922721, 35.3723261 ], [ 137.7923641, 35.3719626 ], [ 137.7924473, 35.3716955 ], [ 137.7925568, 35.3715071 ], [ 137.7926838, 35.3713232 ], [ 137.7928721, 35.3711611 ], [ 137.7930785, 35.3709973 ], [ 137.7933603, 35.3707858 ], [ 137.7935749, 35.3706482 ], [ 137.7938975, 35.3704278 ], [ 137.7941683, 35.3702367 ], [ 137.7943057, 35.3701187 ], [ 137.7944158, 35.3700059 ], [ 137.7945324, 35.3698539 ], [ 137.7946013, 35.3697186 ], [ 137.7946838, 35.3694653 ], [ 137.7946905, 35.3691386 ], [ 137.7946494, 35.3688855 ], [ 137.7946184, 35.3687592 ], [ 137.7945552, 35.3686168 ], [ 137.7943538, 35.3682095 ], [ 137.7941063, 35.3677198 ], [ 137.793558, 35.366462 ], [ 137.7934247, 35.3661261 ], [ 137.793533, 35.3647053 ], [ 137.7935828, 35.3641961 ], [ 137.7936038, 35.3639857 ], [ 137.7935983, 35.3635488 ], [ 137.7935663, 35.3632836 ], [ 137.7935046, 35.362977 ], [ 137.7934433, 35.3627614 ], [ 137.7930483, 35.3616289 ], [ 137.7928769, 35.3611817 ], [ 137.7927163, 35.3607642 ], [ 137.7925405, 35.3603095 ], [ 137.7924983, 35.3601489 ], [ 137.7924617, 35.360018 ], [ 137.7924519, 35.359904 ], [ 137.7924649, 35.3598001 ], [ 137.7925205, 35.3596395 ], [ 137.7925814, 35.3595158 ], [ 137.7926225, 35.3594144 ], [ 137.7927394, 35.3591834 ], [ 137.7929337, 35.3588845 ], [ 137.7931148, 35.3586056 ], [ 137.7931988, 35.3584764 ], [ 137.7933991, 35.35825 ], [ 137.7935755, 35.3580762 ], [ 137.7937155, 35.3579875 ], [ 137.7939199, 35.3578989 ], [ 137.7941163, 35.3578531 ], [ 137.7942724, 35.3578564 ], [ 137.7945446, 35.3579025 ], [ 137.794801, 35.3579812 ], [ 137.7950255, 35.3580928 ], [ 137.79531, 35.3582929 ], [ 137.7954233, 35.3583804 ], [ 137.7955385, 35.3584301 ], [ 137.7957424, 35.3584909 ], [ 137.7961136, 35.3585584 ], [ 137.7965396, 35.3586203 ], [ 137.7972544, 35.3586881 ], [ 137.7976283, 35.3586987 ], [ 137.797816, 35.3586931 ], [ 137.7979672, 35.3586517 ], [ 137.798078, 35.3585745 ], [ 137.798145, 35.3584508 ], [ 137.7983306, 35.3579248 ], [ 137.7985369, 35.3571565 ], [ 137.798608, 35.3570325 ], [ 137.7987866, 35.3568523 ], [ 137.7989516, 35.3566612 ], [ 137.799031, 35.3563891 ], [ 137.7991921, 35.35576 ], [ 137.7992677, 35.3555631 ], [ 137.7993983, 35.3553322 ], [ 137.7995082, 35.35518 ], [ 137.7996527, 35.3550337 ], [ 137.7999274, 35.3547859 ], [ 137.800001, 35.3547092 ], [ 137.8001789, 35.3545229 ], [ 137.800326, 35.3543639 ], [ 137.8005116, 35.3540597 ], [ 137.8005874, 35.3538795 ], [ 137.8006206, 35.3537473 ], [ 137.8006458, 35.3535265 ], [ 137.80062, 35.3533563 ], [ 137.8005375, 35.3531655 ], [ 137.8004457, 35.3529656 ], [ 137.8002849, 35.3527364 ], [ 137.8001132, 35.3525506 ], [ 137.8000016, 35.352454 ], [ 137.7998455, 35.3523478 ], [ 137.7995841, 35.352252 ], [ 137.7992609, 35.3521675 ], [ 137.7990274, 35.3521226 ], [ 137.7985443, 35.3520294 ], [ 137.7977424, 35.3518747 ], [ 137.7975979, 35.3518242 ], [ 137.7974399, 35.3517395 ], [ 137.7973163, 35.3516384 ], [ 137.7972318, 35.3514889 ], [ 137.7970004, 35.3510136 ], [ 137.7968593, 35.350637 ], [ 137.7968252, 35.3504823 ], [ 137.7967291, 35.349986 ], [ 137.7965713, 35.349372 ], [ 137.7965575, 35.3492438 ], [ 137.796586, 35.3489889 ], [ 137.7967163, 35.3484501 ], [ 137.7970115, 35.3478759 ], [ 137.7971241, 35.3477026 ], [ 137.7974554, 35.3471281 ], [ 137.7977853, 35.3464526 ], [ 137.7978196, 35.3463657 ], [ 137.7981332, 35.3454192 ], [ 137.7984406, 35.3443375 ], [ 137.7986014, 35.3438085 ], [ 137.7986634, 35.3435361 ], [ 137.7988079, 35.3428378 ], [ 137.798856, 35.3425617 ], [ 137.7988857, 35.3423009 ], [ 137.7989792, 35.3416664 ], [ 137.7990063, 35.3414697 ], [ 137.7990482, 35.3410192 ], [ 137.7990482, 35.3407206 ], [ 137.7990139, 35.3403138 ], [ 137.7989865, 35.3399548 ], [ 137.7989831, 35.3397593 ], [ 137.798971, 35.3390578 ], [ 137.7989796, 35.3378713 ], [ 137.7990552, 35.337207 ], [ 137.7990827, 35.3369987 ], [ 137.7991213, 35.3367926 ], [ 137.7991843, 35.3365706 ], [ 137.7992397, 35.3362362 ], [ 137.7993032, 35.3359346 ], [ 137.7993827, 35.335724 ], [ 137.7994709, 35.3355372 ], [ 137.7995777, 35.335315 ], [ 137.7998796, 35.3348476 ], [ 137.8001405, 35.3345266 ], [ 137.8004701, 35.3341778 ], [ 137.8007515, 35.3339356 ], [ 137.8010399, 35.3337387 ], [ 137.8013077, 35.3335753 ], [ 137.801644, 35.3334065 ], [ 137.8021177, 35.3332092 ], [ 137.8028799, 35.3329615 ], [ 137.8030171, 35.3329276 ], [ 137.803197, 35.3328885 ], [ 137.8034493, 35.3328548 ], [ 137.8039026, 35.3328209 ], [ 137.8044242, 35.3328323 ], [ 137.8048087, 35.3328548 ], [ 137.8051176, 35.3328548 ], [ 137.8052618, 35.3328492 ], [ 137.8054885, 35.3328153 ], [ 137.8057423, 35.3327479 ], [ 137.8059005, 35.3326689 ], [ 137.8059678, 35.3326196 ], [ 137.8060701, 35.3325403 ], [ 137.8063807, 35.3323929 ], [ 137.8066485, 35.3323084 ], [ 137.8068407, 35.3322634 ], [ 137.8072182, 35.3322184 ], [ 137.8076712, 35.3322006 ], [ 137.8079871, 35.3321845 ], [ 137.8083168, 35.3321395 ], [ 137.8083357, 35.3321367 ], [ 137.8085432, 35.3321059 ], [ 137.8090304, 35.3319934 ], [ 137.8093873, 35.3318751 ], [ 137.8097081, 35.331722 ], [ 137.810189, 35.3314298 ], [ 137.8103572, 35.3313274 ], [ 137.8104104, 35.3312951 ], [ 137.8106437, 35.3311431 ], [ 137.8109529, 35.3308898 ], [ 137.8112068, 35.3306587 ], [ 137.8115021, 35.3303381 ], [ 137.8116917, 35.3300685 ], [ 137.8120582, 35.3295384 ], [ 137.8123709, 35.3290011 ], [ 137.8126209, 35.3284912 ], [ 137.8127275, 35.3281889 ], [ 137.8127781, 35.3279935 ], [ 137.8128368, 35.3276837 ], [ 137.8128486, 35.3274721 ], [ 137.8127459, 35.3266604 ], [ 137.8124575, 35.325997 ], [ 137.8123571, 35.3257662 ], [ 137.8121786, 35.3252785 ], [ 137.8120765, 35.3249998 ], [ 137.8119841, 35.324727 ], [ 137.8119082, 35.3244542 ], [ 137.8118982, 35.324199 ], [ 137.8119148, 35.3239381 ], [ 137.8119551, 35.3235979 ], [ 137.8119896, 35.3234133 ], [ 137.8122884, 35.3226834 ], [ 137.8123821, 35.3224686 ], [ 137.8124398, 35.3223364 ], [ 137.8124923, 35.3222168 ], [ 137.8126819, 35.3218064 ], [ 137.8128384, 35.321413 ], [ 137.8128535, 35.321375 ], [ 137.8129643, 35.3210362 ], [ 137.8130743, 35.3207151 ], [ 137.8132115, 35.3202084 ], [ 137.8133626, 35.3195328 ], [ 137.8134243, 35.3190878 ], [ 137.8134451, 35.3189528 ], [ 137.8134826, 35.3184879 ], [ 137.813446, 35.3183373 ], [ 137.8134054, 35.3182579 ], [ 137.8133687, 35.3181862 ], [ 137.8131804, 35.317584 ], [ 137.8129718, 35.3171062 ], [ 137.8126162, 35.3165934 ], [ 137.8122137, 35.3161051 ], [ 137.8119234, 35.3157787 ], [ 137.8115387, 35.3153878 ], [ 137.8113605, 35.3152198 ], [ 137.8106368, 35.3145373 ], [ 137.810234, 35.3141815 ], [ 137.8100951, 35.3140428 ], [ 137.809929, 35.3138424 ], [ 137.8098479, 35.3137442 ], [ 137.8095529, 35.3133051 ], [ 137.8094087, 35.3130348 ], [ 137.8092822, 35.312807 ], [ 137.8091615, 35.3125449 ], [ 137.8090995, 35.3123648 ], [ 137.8085443, 35.3110065 ], [ 137.8083343, 35.3106327 ], [ 137.8082729, 35.3105234 ], [ 137.8080153, 35.3101625 ], [ 137.8078848, 35.309994 ], [ 137.8075447, 35.3095923 ], [ 137.8072729, 35.3092776 ], [ 137.8068213, 35.308745 ], [ 137.8065259, 35.3084056 ], [ 137.8060451, 35.307877 ], [ 137.8056978, 35.3074729 ], [ 137.805544, 35.3072745 ], [ 137.8053929, 35.307004 ], [ 137.8053309, 35.3067956 ], [ 137.8053218, 35.3066511 ], [ 137.8053148, 35.3065428 ], [ 137.8054715, 35.3052015 ], [ 137.8055508, 35.3046891 ], [ 137.8056468, 35.3039356 ], [ 137.8057223, 35.3034401 ], [ 137.8057877, 35.3029128 ], [ 137.8058051, 35.3027868 ], [ 137.8057807, 35.3025726 ], [ 137.8056507, 35.3020579 ], [ 137.8055995, 35.3019015 ], [ 137.8055292, 35.3017184 ], [ 137.8054526, 35.3015707 ], [ 137.8052763, 35.301306 ], [ 137.8051456, 35.3011539 ], [ 137.8047616, 35.3007879 ], [ 137.8046584, 35.300709 ], [ 137.804329, 35.3004726 ], [ 137.8036369, 35.2999998 ], [ 137.8031757, 35.2997123 ], [ 137.8028877, 35.2995096 ], [ 137.8025168, 35.2992731 ], [ 137.8024231, 35.299222 ], [ 137.8023315, 35.2991718 ], [ 137.8021323, 35.2991209 ], [ 137.8018165, 35.2990929 ], [ 137.8014129, 35.2990984 ], [ 137.8013562, 35.2991098 ], [ 137.8012535, 35.2991603 ], [ 137.8008966, 35.2994814 ], [ 137.8005532, 35.2998418 ], [ 137.800471, 35.2999151 ], [ 137.8003887, 35.2999645 ], [ 137.8002801, 35.2999926 ], [ 137.8001871, 35.2999951 ], [ 137.8000815, 35.2999798 ], [ 137.8000167, 35.2999662 ], [ 137.7999449, 35.2999375 ], [ 137.7998946, 35.2998896 ], [ 137.7998673, 35.2998195 ], [ 137.7998257, 35.2995434 ], [ 137.7997709, 35.2993687 ], [ 137.799709, 35.2992618 ], [ 137.7996068, 35.2991093 ], [ 137.7995648, 35.2990704 ], [ 137.7994482, 35.2990026 ], [ 137.7993465, 35.2989537 ], [ 137.7991101, 35.2988816 ], [ 137.7990568, 35.2988562 ], [ 137.7990187, 35.2988315 ], [ 137.7988879, 35.2987093 ], [ 137.798839, 35.2986429 ], [ 137.7988087, 35.2986001 ], [ 137.7988037, 35.298439 ], [ 137.7988726, 35.2982995 ], [ 137.7992909, 35.297844 ], [ 137.7995373, 35.2975726 ], [ 137.7996062, 35.2974995 ], [ 137.7996702, 35.2974168 ], [ 137.7996792, 35.2973779 ], [ 137.7996679, 35.2973304 ], [ 137.7995993, 35.2972179 ], [ 137.7991393, 35.296559 ], [ 137.7991187, 35.2964295 ], [ 137.7991373, 35.2963656 ], [ 137.7991812, 35.2962878 ], [ 137.7992827, 35.2961931 ], [ 137.7996107, 35.2958752 ], [ 137.7996609, 35.295754 ], [ 137.7996404, 35.2956076 ], [ 137.7995648, 35.2955118 ], [ 137.7993932, 35.2954104 ], [ 137.7992354, 35.2953654 ], [ 137.798899, 35.2953259 ], [ 137.7982712, 35.2953079 ], [ 137.798144, 35.2953542 ], [ 137.7980273, 35.2954385 ], [ 137.7978762, 35.2955959 ], [ 137.7975879, 35.295827 ], [ 137.7973612, 35.295962 ], [ 137.7972171, 35.2960295 ], [ 137.7970937, 35.2960579 ], [ 137.7967777, 35.2960804 ], [ 137.7963385, 35.2961198 ], [ 137.7961324, 35.2961534 ], [ 137.7951551, 35.2965804 ], [ 137.7943515, 35.2969604 ], [ 137.7941965, 35.2970373 ], [ 137.7940523, 35.2971612 ], [ 137.7939771, 35.2972287 ], [ 137.793771, 35.297454 ], [ 137.7935926, 35.2975837 ], [ 137.7933521, 35.2976851 ], [ 137.7931668, 35.2977076 ], [ 137.7927779, 35.2977179 ], [ 137.792614, 35.2976604 ], [ 137.7923938, 35.2975451 ], [ 137.7921454, 35.2973106 ], [ 137.7919722, 35.2971419 ], [ 137.7917734, 35.2969539 ], [ 137.7916299, 35.2967848 ], [ 137.7913459, 35.296413 ], [ 137.7911743, 35.2961823 ], [ 137.7908777, 35.2957749 ], [ 137.7905931, 35.2954034 ], [ 137.7902686, 35.2950055 ], [ 137.789876, 35.2945646 ], [ 137.7896585, 35.2943095 ], [ 137.7892613, 35.2940234 ], [ 137.7889303, 35.2937992 ], [ 137.7886009, 35.2936299 ], [ 137.7880226, 35.2933354 ], [ 137.7848878, 35.2921757 ], [ 137.783487, 35.2916935 ], [ 137.7830912, 35.2915572 ], [ 137.7825238, 35.2914335 ], [ 137.7819742, 35.2913514 ], [ 137.7816637, 35.291338 ], [ 137.7814402, 35.2913648 ], [ 137.7808737, 35.2914672 ], [ 137.780585, 35.2915653 ], [ 137.7802448, 35.2916809 ], [ 137.7790782, 35.2922837 ], [ 137.7787976, 35.2924409 ], [ 137.7784377, 35.2926152 ], [ 137.7783596, 35.2926618 ], [ 137.7779272, 35.2928983 ], [ 137.7776418, 35.2930245 ], [ 137.7775435, 35.2930573 ], [ 137.7774313, 35.2930853 ], [ 137.7773236, 35.2931017 ], [ 137.7771248, 35.2931064 ], [ 137.7769868, 35.2930877 ], [ 137.7768301, 35.2930596 ], [ 137.7762306, 35.2928828 ], [ 137.7760965, 35.2928384 ], [ 137.7759827, 35.2927759 ], [ 137.7759007, 35.2926754 ], [ 137.7758796, 35.2926223 ], [ 137.7758621, 35.2925729 ], [ 137.7758674, 35.2923409 ], [ 137.7758913, 35.2922534 ], [ 137.7759477, 35.2921355 ], [ 137.7759704, 35.2921043 ], [ 137.7760596, 35.2920309 ], [ 137.7762518, 35.2919465 ], [ 137.7764786, 35.2918789 ], [ 137.7767052, 35.2918284 ], [ 137.7768646, 35.291804 ], [ 137.7770752, 35.2917831 ], [ 137.7772404, 35.2917623 ], [ 137.7773854, 35.2916665 ], [ 137.7776152, 35.2915145 ], [ 137.7776784, 35.2914315 ], [ 137.7777168, 35.2913671 ], [ 137.7777465, 35.2912921 ], [ 137.7777588, 35.2912462 ], [ 137.7777804, 35.291144 ], [ 137.7777899, 35.2910162 ], [ 137.7777929, 35.2908224 ], [ 137.7777657, 35.2906445 ], [ 137.7776882, 35.2903856 ], [ 137.7776585, 35.2903264 ], [ 137.7776224, 35.290273 ], [ 137.7774898, 35.2901471 ], [ 137.7772722, 35.2899551 ], [ 137.7770559, 35.2898079 ], [ 137.7761907, 35.2891754 ], [ 137.7759679, 35.2890215 ], [ 137.7758616, 35.2889623 ], [ 137.7757374, 35.2889059 ], [ 137.7756519, 35.2888787 ], [ 137.7750941, 35.2888884 ], [ 137.7748874, 35.2889354 ], [ 137.7734177, 35.289357 ], [ 137.7733026, 35.2893807 ], [ 137.7731216, 35.2894109 ], [ 137.7727752, 35.2894209 ], [ 137.7725846, 35.2894062 ], [ 137.7723799, 35.2893729 ], [ 137.7721121, 35.2893059 ], [ 137.7719488, 35.2892604 ], [ 137.7716352, 35.2891237 ], [ 137.7713904, 35.289014 ], [ 137.7712009, 35.2889148 ], [ 137.7710571, 35.2887998 ], [ 137.7708679, 35.2886048 ], [ 137.7708021, 35.2885079 ], [ 137.7707917, 35.2884615 ], [ 137.7707824, 35.288419 ], [ 137.7707741, 35.2882937 ], [ 137.7707638, 35.2881548 ], [ 137.7707713, 35.2879695 ], [ 137.7707893, 35.2878223 ], [ 137.7708716, 35.2876034 ], [ 137.7710211, 35.2873911 ], [ 137.7711107, 35.2872891 ], [ 137.7712132, 35.2872165 ], [ 137.771378, 35.2871601 ], [ 137.7715771, 35.2871323 ], [ 137.7717488, 35.2871379 ], [ 137.7719493, 35.2871787 ], [ 137.7721021, 35.2872259 ], [ 137.7722307, 35.2872415 ], [ 137.7723371, 35.2872481 ], [ 137.7724552, 35.287237 ], [ 137.772596, 35.2872043 ], [ 137.772763, 35.2871576 ], [ 137.7738373, 35.286784 ], [ 137.7740071, 35.2866722 ], [ 137.7741163, 35.2865421 ], [ 137.7741871, 35.2864256 ], [ 137.7742207, 35.2863248 ], [ 137.7742468, 35.2861993 ], [ 137.7740586, 35.2858269 ], [ 137.773974, 35.2856616 ], [ 137.7738497, 35.2855705 ], [ 137.7734034, 35.2854496 ], [ 137.7733049, 35.2854312 ], [ 137.7731844, 35.2854226 ], [ 137.7730257, 35.285432 ], [ 137.7728693, 35.2854609 ], [ 137.7727536, 35.2854917 ], [ 137.7726249, 35.2855329 ], [ 137.7722608, 35.2856335 ], [ 137.772114, 35.285674 ], [ 137.7715574, 35.2858278 ], [ 137.7715317, 35.2860163 ], [ 137.7715229, 35.2860745 ], [ 137.7715427, 35.286299 ], [ 137.7715636, 35.2863443 ], [ 137.7716044, 35.2863976 ], [ 137.7716576, 35.2864359 ], [ 137.7717899, 35.2864959 ], [ 137.7719891, 35.2865298 ], [ 137.7722157, 35.286524 ], [ 137.7723804, 35.2864565 ], [ 137.7724696, 35.2863834 ], [ 137.7725382, 35.286299 ], [ 137.7725796, 35.2862031 ], [ 137.7725819, 35.286081 ], [ 137.7725451, 35.2859515 ], [ 137.7724696, 35.2858484 ], [ 137.7723785, 35.2857834 ], [ 137.7723068, 35.2857495 ], [ 137.772114, 35.285674 ], [ 137.7719464, 35.2856118 ], [ 137.7716118, 35.2854937 ], [ 137.7714332, 35.2854034 ], [ 137.7713302, 35.2853079 ], [ 137.7712685, 35.2851895 ], [ 137.7712644, 35.2850796 ], [ 137.7712891, 35.2849418 ], [ 137.7713577, 35.2848237 ], [ 137.7714882, 35.2847223 ], [ 137.771591, 35.2846773 ], [ 137.7718586, 35.2846098 ], [ 137.7720142, 35.2845736 ], [ 137.7720674, 35.2845612 ], [ 137.7721293, 35.2845468 ], [ 137.7723254, 35.2844915 ], [ 137.7724491, 35.284424 ], [ 137.7725177, 35.2843451 ], [ 137.7725452, 35.2842662 ], [ 137.772546, 35.2840554 ], [ 137.7724877, 35.2839196 ], [ 137.7724138, 35.283829 ], [ 137.7723463, 35.283772 ], [ 137.7723013, 35.2837462 ], [ 137.7722585, 35.2837295 ], [ 137.7713585, 35.2837054 ], [ 137.7712011, 35.283687 ], [ 137.7711204, 35.2836787 ], [ 137.7710238, 35.2836498 ], [ 137.7709579, 35.2836048 ], [ 137.7708791, 35.2835187 ], [ 137.7707912, 35.2833997 ], [ 137.7707551, 35.2833331 ], [ 137.7703477, 35.2825815 ], [ 137.7700529, 35.2820831 ], [ 137.7699368, 35.2818618 ], [ 137.7698957, 35.2816479 ], [ 137.7699024, 35.2814115 ], [ 137.7699574, 35.2812198 ], [ 137.7700124, 35.2810848 ], [ 137.7700946, 35.2809664 ], [ 137.7702868, 35.2806906 ], [ 137.7703488, 35.2805443 ], [ 137.7703537, 35.2805208 ], [ 137.770361, 35.2804447 ], [ 137.7703461, 35.2803473 ], [ 137.7702974, 35.2802387 ], [ 137.7702321, 35.2801443 ], [ 137.7701427, 35.2800487 ], [ 137.7700329, 35.2799584 ], [ 137.7699299, 35.279902 ], [ 137.7697721, 35.2798345 ], [ 137.7690375, 35.2793674 ], [ 137.7687696, 35.2791815 ], [ 137.7684881, 35.2789564 ], [ 137.7682754, 35.2787423 ], [ 137.7681588, 35.2786129 ], [ 137.7678913, 35.2782468 ], [ 137.7677677, 35.2780609 ], [ 137.767651, 35.277909 ], [ 137.7673899, 35.2776329 ], [ 137.7673213, 35.2775879 ], [ 137.7672321, 35.2775598 ], [ 137.7669713, 35.2775259 ], [ 137.7668682, 35.2775259 ], [ 137.766731, 35.2775879 ], [ 137.7666676, 35.2776502 ], [ 137.7666279, 35.2776893 ], [ 137.7666074, 35.2778076 ], [ 137.7666074, 35.277892 ], [ 137.7666279, 35.2780273 ], [ 137.7666676, 35.2781688 ], [ 137.766724, 35.2783876 ], [ 137.766731, 35.2786468 ], [ 137.7666896, 35.2788098 ], [ 137.7666331, 35.2789183 ], [ 137.7666074, 35.2789676 ], [ 137.7664632, 35.2790801 ], [ 137.7663532, 35.2791251 ], [ 137.7661885, 35.2791251 ], [ 137.7659757, 35.2790687 ], [ 137.765811, 35.2789843 ], [ 137.7656463, 35.2788434 ], [ 137.7651657, 35.2782187 ], [ 137.7648362, 35.2777795 ], [ 137.7644863, 35.277391 ], [ 137.7643421, 35.2772612 ], [ 137.7642115, 35.2771598 ], [ 137.7640259, 35.277062 ], [ 137.7639026, 35.2769968 ], [ 137.7633602, 35.276811 ], [ 137.7632573, 35.2767826 ], [ 137.7627765, 35.2765179 ], [ 137.7624746, 35.276259 ], [ 137.7623554, 35.2761501 ], [ 137.7622262, 35.2760076 ], [ 137.7620239, 35.2757425 ], [ 137.7617746, 35.2753301 ], [ 137.7616304, 35.2749754 ], [ 137.7614793, 35.2744345 ], [ 137.7614176, 35.2740067 ], [ 137.7614037, 35.2739054 ], [ 137.761349, 35.273697 ], [ 137.7612918, 35.2735492 ], [ 137.7612254, 35.2733984 ], [ 137.7611634, 35.2733026 ], [ 137.7610742, 35.273207 ], [ 137.7609301, 35.2730834 ], [ 137.760882, 35.2730456 ], [ 137.7606212, 35.2728412 ], [ 137.7599143, 35.2723737 ], [ 137.7593031, 35.2720134 ], [ 137.7591795, 35.2719234 ], [ 137.7589737, 35.2717318 ], [ 137.7587745, 35.2714446 ], [ 137.7587249, 35.2713397 ], [ 137.7584381, 35.2708421 ], [ 137.7583343, 35.2706606 ], [ 137.7580082, 35.2700913 ], [ 137.7574842, 35.2691754 ], [ 137.7570796, 35.2684835 ], [ 137.7563856, 35.2673343 ], [ 137.7560862, 35.2668429 ], [ 137.7559786, 35.2666665 ], [ 137.755857, 35.2664671 ], [ 137.7557407, 35.2662983 ], [ 137.7554589, 35.265949 ], [ 137.7551645, 35.2656673 ], [ 137.7547861, 35.2653465 ], [ 137.7546625, 35.2652562 ], [ 137.7541821, 35.2650254 ], [ 137.753564, 35.2647296 ], [ 137.7529122, 35.2644176 ], [ 137.7521435, 35.2640485 ], [ 137.7513631, 35.2636841 ], [ 137.7509792, 35.263504 ], [ 137.7501042, 35.2630548 ], [ 137.7498572, 35.2629309 ], [ 137.7495831, 35.2627789 ], [ 137.749092, 35.2625175 ], [ 137.7480724, 35.2619542 ], [ 137.7479823, 35.2618584 ], [ 137.7479211, 35.2617426 ], [ 137.7478594, 35.2614557 ], [ 137.7477633, 35.2607123 ], [ 137.747711, 35.2601813 ], [ 137.747633, 35.2596648 ], [ 137.747585, 35.2592762 ], [ 137.7475508, 35.2590232 ], [ 137.7475164, 35.2588712 ], [ 137.7474663, 35.2587354 ], [ 137.7474329, 35.2586404 ], [ 137.7473433, 35.2584685 ], [ 137.7472402, 35.2583487 ], [ 137.747143, 35.2582496 ], [ 137.7469677, 35.2580906 ], [ 137.7462944, 35.2574973 ], [ 137.7454532, 35.2567275 ], [ 137.7451344, 35.2564218 ], [ 137.7448138, 35.2561243 ], [ 137.7443529, 35.2557237 ], [ 137.7438945, 35.2553191 ], [ 137.7432133, 35.2547178 ], [ 137.742884, 35.2544213 ], [ 137.7416674, 35.2533506 ], [ 137.7410827, 35.2528404 ], [ 137.7407674, 35.2525646 ], [ 137.7403324, 35.2521937 ], [ 137.7398963, 35.2517985 ], [ 137.7397932, 35.251686 ], [ 137.738833, 35.2504862 ], [ 137.7384342, 35.25 ], [ 137.7383664, 35.2499171 ], [ 137.7381746, 35.2496699 ], [ 137.7379141, 35.2493657 ], [ 137.7376807, 35.2491176 ], [ 137.7373716, 35.2487714 ], [ 137.7373038, 35.2486954 ], [ 137.7369265, 35.2482054 ], [ 137.7365904, 35.2478451 ], [ 137.7364121, 35.2476929 ], [ 137.7362804, 35.2476083 ], [ 137.7361927, 35.2475521 ], [ 137.7360554, 35.247462 ], [ 137.7359869, 35.2474002 ], [ 137.735884, 35.2472762 ], [ 137.7358771, 35.2472085 ], [ 137.7358496, 35.2467357 ], [ 137.7357674, 35.2465948 ], [ 137.7356437, 35.2465218 ], [ 137.735301, 35.2464429 ], [ 137.7350815, 35.2463415 ], [ 137.7348551, 35.2461726 ], [ 137.7347866, 35.2460994 ], [ 137.7346082, 35.2458515 ], [ 137.7345326, 35.2456207 ], [ 137.734471, 35.2454799 ], [ 137.7343337, 35.2452996 ], [ 137.734169, 35.2451701 ], [ 137.7339907, 35.2450854 ], [ 137.7336821, 35.2449616 ], [ 137.7335385, 35.2448829 ], [ 137.7334835, 35.2448207 ], [ 137.7334287, 35.2447082 ], [ 137.7334276, 35.2445604 ], [ 137.7334423, 35.2444774 ], [ 137.7334423, 35.244314 ], [ 137.7333956, 35.2442309 ], [ 137.7332776, 35.2441618 ], [ 137.7330787, 35.2440718 ], [ 137.7326879, 35.243869 ], [ 137.7325437, 35.2437507 ], [ 137.732434, 35.2436324 ], [ 137.7323654, 35.2435143 ], [ 137.7322968, 35.243424 ], [ 137.7320704, 35.2432946 ], [ 137.7319676, 35.2432101 ], [ 137.7319059, 35.2431254 ], [ 137.7317482, 35.2428049 ], [ 137.731659, 35.2426696 ], [ 137.7313777, 35.2423994 ], [ 137.7312543, 35.2423035 ], [ 137.7310279, 35.242174 ], [ 137.7307262, 35.2420163 ], [ 137.7303145, 35.2418418 ], [ 137.7300881, 35.2417235 ], [ 137.7300141, 35.2416665 ], [ 137.7298756, 35.2415601 ], [ 137.7296768, 35.2414249 ], [ 137.7294915, 35.241346 ], [ 137.7290181, 35.2411885 ], [ 137.7287026, 35.2410418 ], [ 137.7286204, 35.2409574 ], [ 137.7285243, 35.2408335 ], [ 137.7283942, 35.2405688 ], [ 137.728312, 35.2404563 ], [ 137.7280992, 35.2402535 ], [ 137.727962, 35.2401465 ], [ 137.7276945, 35.2400113 ], [ 137.7276329, 35.2399943 ], [ 137.7273998, 35.2398874 ], [ 137.7272557, 35.2397746 ], [ 137.7270226, 35.2394988 ], [ 137.7269334, 35.2394254 ], [ 137.7267412, 35.2393074 ], [ 137.7265423, 35.2391721 ], [ 137.7263776, 35.2390088 ], [ 137.7261515, 35.2386821 ], [ 137.7260623, 35.2385693 ], [ 137.7259636, 35.2384779 ], [ 137.7258495, 35.2383724 ], [ 137.7257122, 35.23822 ], [ 137.7254587, 35.2378935 ], [ 137.7252529, 35.237736 ], [ 137.7250006, 35.2376268 ], [ 137.7248756, 35.2375726 ], [ 137.7247659, 35.2375335 ], [ 137.7240798, 35.2372404 ], [ 137.7239359, 35.2371335 ], [ 137.723785, 35.237004 ], [ 137.723682, 35.2368913 ], [ 137.723435, 35.2365196 ], [ 137.7232156, 35.236159 ], [ 137.722955, 35.2357988 ], [ 137.7227834, 35.2356185 ], [ 137.722667, 35.2355282 ], [ 137.7224522, 35.2353088 ], [ 137.7222212, 35.2350992 ], [ 137.7216593, 35.2345284 ], [ 137.721337, 35.2341277 ], [ 137.7210889, 35.2338505 ], [ 137.7208893, 35.2336781 ], [ 137.7205185, 35.2334614 ], [ 137.7197199, 35.233112 ], [ 137.7195773, 35.2330025 ], [ 137.7193605, 35.2327905 ], [ 137.7190097, 35.2321087 ], [ 137.7188424, 35.2315868 ], [ 137.7188728, 35.2313197 ], [ 137.7191086, 35.2310463 ], [ 137.7192825, 35.2306906 ], [ 137.7192588, 35.2304577 ], [ 137.7191685, 35.2302752 ], [ 137.7190591, 35.2301548 ], [ 137.71885, 35.2300655 ], [ 137.7186028, 35.2300577 ], [ 137.7182843, 35.2301354 ], [ 137.7178802, 35.2304654 ], [ 137.7174524, 35.2307994 ], [ 137.7172005, 35.2309508 ], [ 137.7169675, 35.2310323 ], [ 137.7166063, 35.2310945 ], [ 137.7162735, 35.231075 ], [ 137.715955, 35.2309819 ], [ 137.7157221, 35.230877 ], [ 137.7149378, 35.2303412 ], [ 137.7144481, 35.2300072 ], [ 137.7142865, 35.2298286 ], [ 137.7142152, 35.2295995 ], [ 137.7142306, 35.2293269 ] ] } },
{ "type": "Feature", "properties": { "N12_001": "20", "N12_002": 2, "N12_003": 3, "N12_004": "一般国道152号", "N12_005": 13, "N12_006": 1 }, "geometry": { "type": "LineString", "coordinates": [ [ 138.2931559, 36.3720063 ], [ 138.2932832, 36.3715866 ], [ 138.2934957, 36.3708864 ], [ 138.2935968, 36.3704302 ], [ 138.2937051, 36.3703019 ], [ 138.2937571, 36.3702522 ], [ 138.2944583, 36.3699328 ], [ 138.2945602, 36.3698903 ], [ 138.2949112, 36.3697663 ], [ 138.2958494, 36.3695153 ], [ 138.296359, 36.3693945 ], [ 138.2961616, 36.3689928 ], [ 138.2961205, 36.3689089 ], [ 138.2959021, 36.3684622 ], [ 138.2957718, 36.367123 ], [ 138.2957897, 36.366924 ], [ 138.2957951, 36.3668616 ], [ 138.2957934, 36.3667373 ], [ 138.2957597, 36.3666498 ], [ 138.2957165, 36.3665578 ], [ 138.2956618, 36.3664805 ], [ 138.2954317, 36.3662161 ], [ 138.2953268, 36.3661072 ], [ 138.2951497, 36.3659142 ], [ 138.2949122, 36.3656566 ], [ 138.2948455, 36.3655833 ], [ 138.2945268, 36.3652289 ], [ 138.2942381, 36.3648835 ], [ 138.2940882, 36.3646997 ], [ 138.2938942, 36.3644554 ], [ 138.2935657, 36.3640478 ], [ 138.2934077, 36.3638513 ], [ 138.2930451, 36.3633962 ], [ 138.2925504, 36.3627741 ], [ 138.2922149, 36.3623514 ], [ 138.2917456, 36.3617636 ], [ 138.2911131, 36.3609716 ], [ 138.2906787, 36.3604261 ], [ 138.2904768, 36.3601333 ], [ 138.2903237, 36.3598575 ], [ 138.2900315, 36.3592158 ], [ 138.2897667, 36.3587089 ], [ 138.2896206, 36.3585175 ], [ 138.2894436, 36.3583273 ], [ 138.2890987, 36.3579769 ], [ 138.2888511, 36.3577889 ], [ 138.288619, 36.3576336 ], [ 138.2884726, 36.3575322 ], [ 138.2880133, 36.357183 ], [ 138.2877976, 36.3569917 ], [ 138.2877281, 36.3568564 ], [ 138.2874495, 36.3561808 ], [ 138.2873173, 36.3559106 ], [ 138.2870528, 36.3555164 ], [ 138.2869552, 36.3554038 ], [ 138.286872, 36.3553081 ], [ 138.2865312, 36.3549533 ], [ 138.2864017, 36.354835 ], [ 138.2861293, 36.354599 ], [ 138.2858284, 36.3543453 ], [ 138.2855544, 36.3541305 ], [ 138.2852856, 36.3539233 ], [ 138.285042, 36.3537881 ], [ 138.2848679, 36.353715 ], [ 138.2846592, 36.3536472 ], [ 138.2840747, 36.3535178 ], [ 138.2839009, 36.3534389 ], [ 138.2837406, 36.353332 ], [ 138.2835875, 36.3531742 ], [ 138.2834136, 36.3529378 ], [ 138.283337, 36.3528232 ], [ 138.2831301, 36.352514 ], [ 138.2829611, 36.3522058 ], [ 138.2827595, 36.3517158 ], [ 138.282662, 36.3514456 ], [ 138.2825228, 36.3511303 ], [ 138.2823968, 36.3509334 ], [ 138.2819051, 36.3502373 ], [ 138.2817287, 36.3499995 ], [ 138.2814792, 36.3496664 ], [ 138.2811939, 36.3492161 ], [ 138.2809572, 36.3487656 ], [ 138.280825, 36.3484895 ], [ 138.2806277, 36.3480112 ], [ 138.2803867, 36.347482 ], [ 138.2800221, 36.3465723 ], [ 138.2796561, 36.3458267 ], [ 138.2795447, 36.3455339 ], [ 138.2794333, 36.3452861 ], [ 138.2793624, 36.3450876 ], [ 138.2792105, 36.3447286 ], [ 138.2789222, 36.3441692 ], [ 138.2786958, 36.343822 ], [ 138.2779164, 36.34273 ], [ 138.2774978, 36.3422044 ], [ 138.2772136, 36.3419189 ], [ 138.2769736, 36.3416661 ], [ 138.2768449, 36.3415306 ], [ 138.2762811, 36.3408886 ], [ 138.2761488, 36.3406806 ], [ 138.2759958, 36.34032 ], [ 138.2759427, 36.340126 ], [ 138.275819, 36.3396791 ], [ 138.2757799, 36.3395206 ], [ 138.2757174, 36.3394248 ], [ 138.2755644, 36.3392614 ], [ 138.2751816, 36.3388111 ], [ 138.2750035, 36.3385902 ], [ 138.2747448, 36.3382769 ], [ 138.274298, 36.3383325 ], [ 138.2742089, 36.3383497 ], [ 138.2740478, 36.3383941 ], [ 138.2738571, 36.3384406 ], [ 138.2737775, 36.3384501 ], [ 138.2736873, 36.3384543 ], [ 138.2735801, 36.3384451 ], [ 138.2734658, 36.3384084 ], [ 138.2733756, 36.3383537 ], [ 138.2732763, 36.3382438 ], [ 138.2732319, 36.3381761 ], [ 138.2731953, 36.3380936 ], [ 138.2731597, 36.3379695 ], [ 138.2731219, 36.3377639 ], [ 138.2730961, 36.3375392 ], [ 138.2729958, 36.3367725 ], [ 138.2729607, 36.3365888 ], [ 138.2728998, 36.336322 ], [ 138.2726885, 36.3359869 ], [ 138.2720321, 36.3349206 ], [ 138.2716705, 36.3343067 ], [ 138.271274, 36.3336212 ], [ 138.2707849, 36.3327773 ], [ 138.2707646, 36.3326817 ], [ 138.2705652, 36.331942 ], [ 138.2702038, 36.3307428 ], [ 138.2700368, 36.3302362 ], [ 138.2699674, 36.3299264 ], [ 138.2699674, 36.3295884 ], [ 138.2700466, 36.3291174 ], [ 138.2702107, 36.3282373 ], [ 138.2702107, 36.3279166 ], [ 138.2701549, 36.3275484 ], [ 138.2700497, 36.3266148 ], [ 138.2699885, 36.3257376 ], [ 138.2699687, 36.3249995 ], [ 138.2699468, 36.3243307 ], [ 138.2698792, 36.3229954 ], [ 138.2698754, 36.322827 ], [ 138.2697868, 36.3220435 ], [ 138.2697035, 36.3213626 ], [ 138.2695368, 36.3199098 ], [ 138.2694681, 36.3193029 ], [ 138.2693724, 36.3191608 ], [ 138.2692309, 36.3190148 ], [ 138.2689876, 36.3187109 ], [ 138.2688207, 36.3184687 ], [ 138.2687304, 36.318311 ], [ 138.2685773, 36.3179845 ], [ 138.2684853, 36.3177328 ], [ 138.2683965, 36.317534 ], [ 138.2681879, 36.3171284 ], [ 138.268077, 36.3169418 ], [ 138.2675572, 36.3165847 ], [ 138.2668965, 36.3161775 ], [ 138.2666701, 36.3160675 ], [ 138.2661986, 36.3158955 ], [ 138.2653378, 36.3156984 ], [ 138.2651434, 36.3156365 ], [ 138.2649556, 36.3155634 ], [ 138.2648373, 36.3154845 ], [ 138.2646359, 36.3152931 ], [ 138.2644568, 36.3151081 ], [ 138.2642684, 36.3149823 ], [ 138.2640234, 36.3148783 ], [ 138.2636459, 36.3147528 ], [ 138.2631101, 36.314627 ], [ 138.2614935, 36.3141951 ], [ 138.2609512, 36.3140034 ], [ 138.2605967, 36.3138404 ], [ 138.2605146, 36.3137935 ], [ 138.2600337, 36.3135084 ], [ 138.2596234, 36.3133337 ], [ 138.2589562, 36.3130748 ], [ 138.2583021, 36.3128099 ], [ 138.2570722, 36.3123201 ], [ 138.256217, 36.3119823 ], [ 138.2541873, 36.3111659 ], [ 138.2533528, 36.3107998 ], [ 138.2530053, 36.310614 ], [ 138.2527481, 36.3104506 ], [ 138.2521711, 36.309972 ], [ 138.2519208, 36.3097468 ], [ 138.2518292, 36.3096507 ], [ 138.2513725, 36.3091718 ], [ 138.2510447, 36.3087954 ], [ 138.2508914, 36.3085729 ], [ 138.2507835, 36.3083937 ], [ 138.2506834, 36.3082099 ], [ 138.2504678, 36.3077032 ], [ 138.250187, 36.3069005 ], [ 138.2500033, 36.3065246 ], [ 138.2498703, 36.3063181 ], [ 138.2496964, 36.306104 ], [ 138.2494761, 36.3058748 ], [ 138.2492734, 36.3056711 ], [ 138.2492821, 36.3056498 ], [ 138.2492717, 36.3053774 ], [ 138.2492375, 36.3043023 ], [ 138.249328, 36.3032101 ], [ 138.2494533, 36.3019995 ], [ 138.2494879, 36.3017816 ], [ 138.2495505, 36.3013859 ], [ 138.2495637, 36.3011725 ], [ 138.2496085, 36.301079 ], [ 138.2496966, 36.3009973 ], [ 138.2499209, 36.3007932 ], [ 138.2500511, 36.3006931 ], [ 138.2503153, 36.3004173 ], [ 138.2504961, 36.3001809 ], [ 138.2506008, 36.2999995 ], [ 138.2510521, 36.2992239 ], [ 138.2512476, 36.2988668 ], [ 138.2514345, 36.2985057 ], [ 138.2515739, 36.2982665 ], [ 138.2519116, 36.2976743 ], [ 138.2523512, 36.296948 ], [ 138.2526025, 36.2965381 ], [ 138.2532463, 36.2955114 ], [ 138.2536313, 36.2949054 ], [ 138.2538065, 36.294565 ], [ 138.2539583, 36.2942015 ], [ 138.2540764, 36.2938018 ], [ 138.2542293, 36.2932052 ], [ 138.2542989, 36.2929068 ], [ 138.2544311, 36.2925295 ], [ 138.254695, 36.2921306 ], [ 138.2550325, 36.2916662 ], [ 138.2556272, 36.2908159 ], [ 138.2559647, 36.2903354 ], [ 138.2561899, 36.2899902 ], [ 138.2562386, 36.2898942 ], [ 138.2563569, 36.2888473 ], [ 138.2564506, 36.2881614 ], [ 138.2565377, 36.287524 ], [ 138.256635, 36.2867482 ], [ 138.2568545, 36.2849849 ], [ 138.2569681, 36.28409 ], [ 138.257063, 36.2833329 ], [ 138.2571507, 36.2826333 ], [ 138.2572399, 36.2819612 ], [ 138.2573597, 36.2810519 ], [ 138.257553, 36.2795512 ], [ 138.257866, 36.2771923 ], [ 138.2579424, 36.2766068 ], [ 138.2580211, 36.2759183 ], [ 138.2581421, 36.2749949 ], [ 138.25825, 36.2741689 ], [ 138.2583666, 36.2732623 ], [ 138.2585435, 36.2718434 ], [ 138.2587522, 36.2702889 ], [ 138.2588466, 36.2695576 ], [ 138.2588506, 36.2695267 ] ] } },
{ "type": "Feature", "properties": { "N12_001": "20", "N12_002": 2, "N12_003": 3, "N12_004": "一般国道256号", "N12_005": 14, "N12_006": 1 }, "geometry": { "type": "LineString", "coordinates": [ [ 137.5918236, 35.5860432 ], [ 137.591789, 35.5858935 ], [ 137.5917948, 35.5858301 ], [ 137.5918754, 35.5857265 ], [ 137.5922939, 35.5854554 ], [ 137.5928083, 35.5850634 ], [ 137.5929008, 35.5849595 ], [ 137.5929327, 35.5848337 ], [ 137.5929394, 35.5846819 ], [ 137.5929266, 35.5845418 ], [ 137.5929119, 35.5843831 ], [ 137.5929189, 35.5841862 ], [ 137.5929603, 35.5839888 ], [ 137.5929947, 35.5838651 ], [ 137.5932183, 35.5834884 ], [ 137.5933666, 35.5832793 ], [ 137.5938654, 35.5827309 ], [ 137.5939452, 35.5826431 ], [ 137.5940738, 35.5824784 ], [ 137.5942, 35.582277 ], [ 137.5942964, 35.5820801 ], [ 137.5943791, 35.5818773 ], [ 137.5944087, 35.5817464 ], [ 137.5944171, 35.581702 ], [ 137.5944411, 35.5815448 ], [ 137.594456, 35.5813348 ], [ 137.5944495, 35.5812537 ], [ 137.5944341, 35.5809593 ], [ 137.5944066, 35.5808295 ], [ 137.5943791, 35.5805031 ], [ 137.5943861, 35.5801598 ], [ 137.5944272, 35.5797318 ], [ 137.594558, 35.5790276 ], [ 137.5947647, 35.5782395 ], [ 137.5947855, 35.5780534 ], [ 137.5947786, 35.5777495 ], [ 137.5947302, 35.577372 ], [ 137.5946339, 35.5769384 ], [ 137.5945236, 35.5766004 ], [ 137.5943997, 35.5763301 ], [ 137.594233, 35.5760948 ], [ 137.5938677, 35.5757437 ], [ 137.5937733, 35.5756206 ], [ 137.5937389, 35.5754798 ], [ 137.5937389, 35.5752829 ], [ 137.5937664, 35.5751195 ], [ 137.5938113, 35.5749998 ], [ 137.5938489, 35.5748998 ], [ 137.5939522, 35.5747195 ], [ 137.5943864, 35.5741395 ], [ 137.5945102, 35.5738693 ], [ 137.5945377, 35.573762 ], [ 137.5945516, 35.5736101 ], [ 137.5945377, 35.573492 ], [ 137.5944758, 35.5733456 ], [ 137.5943794, 35.5732048 ], [ 137.5940764, 35.5728387 ], [ 137.5939386, 35.5726359 ], [ 137.593849, 35.572458 ], [ 137.5936561, 35.571994 ], [ 137.593663, 35.571932 ], [ 137.5936917, 35.5718587 ], [ 137.5938239, 35.5716978 ], [ 137.5942689, 35.5712704 ], [ 137.5944478, 35.571144 ], [ 137.5945791, 35.5710368 ], [ 137.5947583, 35.5708395 ], [ 137.5948821, 35.5706538 ], [ 137.5949372, 35.5705354 ], [ 137.5949991, 35.5702821 ], [ 137.59502, 35.5700737 ], [ 137.5949941, 35.5698842 ], [ 137.5947605, 35.5690581 ], [ 137.5946854, 35.5687972 ], [ 137.5946414, 35.5686565 ], [ 137.5945633, 35.5682806 ], [ 137.594545, 35.5681204 ], [ 137.5945908, 35.5679865 ], [ 137.5947605, 35.5678115 ], [ 137.5952219, 35.5674926 ], [ 137.5953047, 35.5674318 ], [ 137.595558, 35.5672289 ], [ 137.5956141, 35.5671916 ], [ 137.5960886, 35.5668545 ], [ 137.5962894, 35.5667929 ], [ 137.596435, 35.5667995 ], [ 137.5965817, 35.5668554 ], [ 137.5969104, 35.5671183 ], [ 137.5973389, 35.5673062 ], [ 137.5977569, 35.5674168 ], [ 137.5986925, 35.5675645 ], [ 137.5997184, 35.5676456 ], [ 137.5999722, 35.567669 ], [ 137.6003319, 35.5677021 ], [ 137.6008675, 35.5677481 ], [ 137.6010947, 35.567782 ], [ 137.6014597, 35.5678665 ], [ 137.601625, 35.567934 ], [ 137.6017214, 35.5680015 ], [ 137.6018661, 35.5681254 ], [ 137.601977, 35.5682659 ], [ 137.602115, 35.5683924 ], [ 137.6022098, 35.5684693 ], [ 137.6022655, 35.5685198 ], [ 137.6024792, 35.5686493 ], [ 137.6027133, 35.5687506 ], [ 137.6028236, 35.5687843 ], [ 137.6029116, 35.5688051 ], [ 137.6031125, 35.568852 ], [ 137.6034155, 35.5688915 ], [ 137.603705, 35.5688915 ], [ 137.6039047, 35.5688576 ], [ 137.6040217, 35.5688181 ], [ 137.6042008, 35.5687393 ], [ 137.6043455, 35.5686606 ], [ 137.6048139, 35.568469 ], [ 137.6051514, 35.5682776 ], [ 137.6053995, 35.5680917 ], [ 137.6055647, 35.5679284 ], [ 137.6056747, 35.5677762 ], [ 137.60584, 35.5675284 ], [ 137.6060192, 35.5672979 ], [ 137.6061208, 35.5671981 ], [ 137.6064068, 35.5669549 ], [ 137.6065805, 35.5668078 ], [ 137.6070792, 35.5663856 ], [ 137.6071699, 35.5663016 ], [ 137.6072452, 35.5662298 ], [ 137.6074311, 35.5660082 ], [ 137.6076172, 35.5656984 ], [ 137.6077894, 35.5654959 ], [ 137.6078719, 35.565417 ], [ 137.6080581, 35.5652931 ], [ 137.6082303, 35.5652143 ], [ 137.6084247, 35.5651545 ], [ 137.6086708, 35.565079 ], [ 137.6087669, 35.5650376 ], [ 137.6089611, 35.5649375 ], [ 137.6090004, 35.564914 ], [ 137.6090908, 35.5648537 ], [ 137.6091567, 35.5647967 ], [ 137.6092736, 35.5646948 ], [ 137.6094475, 35.5644479 ], [ 137.6095036, 35.564349 ], [ 137.6095911, 35.5642081 ], [ 137.6096558, 35.5641215 ], [ 137.6097797, 35.564009 ], [ 137.6099541, 35.5638964 ], [ 137.6100414, 35.5638403 ], [ 137.6103789, 35.563677 ], [ 137.6105511, 35.5636148 ], [ 137.6108058, 35.5635587 ], [ 137.6109436, 35.5635587 ], [ 137.6110264, 35.5635698 ], [ 137.6113708, 35.5637331 ], [ 137.6115566, 35.5638065 ], [ 137.6117911, 35.5638573 ], [ 137.6119725, 35.5638473 ], [ 137.6120786, 35.5638154 ], [ 137.6121756, 35.5637615 ], [ 137.6122626, 35.5636771 ], [ 137.6123511, 35.5633154 ], [ 137.6124314, 35.5630573 ], [ 137.6124728, 35.5629504 ], [ 137.6125486, 35.5628715 ], [ 137.612728, 35.5627419 ], [ 137.6130561, 35.5625362 ], [ 137.6133345, 35.5624095 ], [ 137.6135542, 35.5623451 ], [ 137.6138933, 35.5623384 ], [ 137.6142908, 35.5624492 ], [ 137.6145679, 35.5625435 ], [ 137.6148334, 35.562634 ], [ 137.6153033, 35.5628098 ], [ 137.6156064, 35.5629392 ], [ 137.6157581, 35.5629731 ], [ 137.6160336, 35.5629787 ], [ 137.6162675, 35.5629393 ], [ 137.6163709, 35.5628998 ], [ 137.616525, 35.5627862 ], [ 137.6166648, 35.5626634 ], [ 137.6167257, 35.5625613 ], [ 137.6167867, 35.562459 ], [ 137.6168242, 35.5623126 ], [ 137.6167497, 35.5621226 ], [ 137.6166929, 35.5620359 ], [ 137.616495, 35.561734 ], [ 137.6164661, 35.5616629 ], [ 137.6164331, 35.5615876 ], [ 137.6164261, 35.5614862 ], [ 137.6164675, 35.5612779 ], [ 137.6165393, 35.5611136 ], [ 137.6165883, 35.5610599 ], [ 137.6166678, 35.5609852 ], [ 137.6170597, 35.5607148 ], [ 137.6172783, 35.5605859 ], [ 137.6175622, 35.5604445 ], [ 137.617652, 35.5604334 ], [ 137.6183889, 35.5604445 ], [ 137.6186576, 35.5603826 ], [ 137.6188228, 35.560332 ], [ 137.6190709, 35.5602362 ], [ 137.6191328, 35.5601798 ], [ 137.6191742, 35.5601237 ], [ 137.6192017, 35.5600165 ], [ 137.6192017, 35.5597462 ], [ 137.6191534, 35.5593917 ], [ 137.6191534, 35.5589128 ], [ 137.6192017, 35.558727 ], [ 137.6192845, 35.5584567 ], [ 137.6193759, 35.5583331 ], [ 137.6194428, 35.5582426 ], [ 137.619511, 35.5582194 ], [ 137.6195436, 35.5582145 ], [ 137.619615, 35.558209 ], [ 137.6199386, 35.5582539 ], [ 137.620097, 35.5582934 ], [ 137.6201789, 35.5583331 ], [ 137.6204453, 35.5584622 ], [ 137.6204917, 35.5584866 ], [ 137.6206964, 35.5586031 ], [ 137.6210131, 35.5588115 ], [ 137.6210959, 35.5589017 ], [ 137.6211714, 35.5590426 ], [ 137.6211989, 35.559144 ], [ 137.6212059, 35.5593409 ], [ 137.6211645, 35.5595212 ], [ 137.62113, 35.5598252 ], [ 137.6211231, 35.5601178 ], [ 137.6211575, 35.5603771 ], [ 137.6212058, 35.5604613 ], [ 137.6212953, 35.5605348 ], [ 137.6214331, 35.5605909 ], [ 137.6215778, 35.5606078 ], [ 137.6219703, 35.5605451 ], [ 137.6220661, 35.5605226 ], [ 137.6221797, 35.5604348 ], [ 137.6224003, 35.5603806 ], [ 137.6225509, 35.5603798 ], [ 137.6226655, 35.5603792 ], [ 137.6227692, 35.5603787 ], [ 137.622955, 35.5604406 ], [ 137.6230653, 35.5605815 ], [ 137.6231136, 35.5606717 ], [ 137.6232444, 35.5610261 ], [ 137.623382, 35.5614431 ], [ 137.6234784, 35.5616684 ], [ 137.6236403, 35.561838 ], [ 137.623766, 35.5619248 ], [ 137.6240659, 35.5620017 ], [ 137.6244242, 35.5620992 ], [ 137.6250286, 35.562247 ], [ 137.6254548, 35.5623668 ], [ 137.6256684, 35.5623951 ], [ 137.6259023, 35.5623951 ], [ 137.626157, 35.5623781 ], [ 137.6264739, 35.5623048 ], [ 137.626659, 35.5622335 ], [ 137.6267667, 35.5621917 ], [ 137.6271803, 35.5620353 ], [ 137.6277687, 35.5618317 ], [ 137.6280234, 35.5617753 ], [ 137.6285563, 35.5617265 ], [ 137.6286412, 35.5617157 ], [ 137.6289543, 35.5616728 ], [ 137.6301623, 35.5615829 ], [ 137.6302889, 35.5615787 ], [ 137.630847, 35.5615278 ], [ 137.6314117, 35.5615278 ], [ 137.6316459, 35.5615787 ], [ 137.6318384, 35.5616687 ], [ 137.632107, 35.5618715 ], [ 137.632224, 35.5619334 ], [ 137.6323617, 35.5619895 ], [ 137.6324926, 35.562012 ], [ 137.632732, 35.5620165 ], [ 137.6331809, 35.5619748 ], [ 137.6333064, 35.5619407 ], [ 137.6333534, 35.5619278 ], [ 137.6335531, 35.5618995 ], [ 137.6338701, 35.5618151 ], [ 137.6340284, 35.5617476 ], [ 137.6342901, 35.5615898 ], [ 137.6347995, 35.5612012 ], [ 137.6349303, 35.5610998 ], [ 137.6350476, 35.5610492 ], [ 137.635192, 35.5610153 ], [ 137.635495, 35.5609759 ], [ 137.6357913, 35.5609534 ], [ 137.6364662, 35.560914 ], [ 137.6368795, 35.5608578 ], [ 137.6370584, 35.560824 ], [ 137.6373062, 35.5607506 ], [ 137.6375868, 35.5606301 ], [ 137.6379568, 35.5604642 ], [ 137.6381576, 35.5603109 ], [ 137.6384687, 35.5600106 ], [ 137.6384962, 35.5599626 ], [ 137.6389334, 35.5595856 ], [ 137.6392759, 35.5593684 ], [ 137.6395084, 35.5592726 ], [ 137.6398154, 35.5591737 ], [ 137.640127, 35.5591034 ], [ 137.6404229, 35.559062 ], [ 137.6408993, 35.5590446 ], [ 137.6415001, 35.559022 ], [ 137.6418172, 35.5590276 ], [ 137.642244, 35.559039 ], [ 137.6424532, 35.5590745 ], [ 137.6438276, 35.5591703 ], [ 137.6441474, 35.5591787 ], [ 137.6443993, 35.5591684 ], [ 137.6451659, 35.5590962 ], [ 137.6457971, 35.5591012 ], [ 137.6460862, 35.5591237 ], [ 137.6464582, 35.5591801 ], [ 137.6468165, 35.559259 ], [ 137.6470435, 35.559304 ], [ 137.647429, 35.5593998 ], [ 137.6476012, 35.5594726 ], [ 137.6479937, 35.5597317 ], [ 137.6484815, 35.5600617 ], [ 137.6490521, 35.560132 ], [ 137.6499798, 35.5600313 ], [ 137.650311, 35.5599961 ], [ 137.650519, 35.5599734 ], [ 137.6505846, 35.5599648 ], [ 137.6506657, 35.5599742 ], [ 137.6507552, 35.5600023 ], [ 137.6509412, 35.5601037 ], [ 137.6514368, 35.5604976 ], [ 137.6516021, 35.5605934 ], [ 137.6516865, 35.5606195 ], [ 137.6518399, 35.560644 ], [ 137.6522402, 35.5606716 ], [ 137.6525993, 35.5606962 ], [ 137.652859, 35.5607228 ], [ 137.6530603, 35.5607451 ], [ 137.6535851, 35.5608298 ], [ 137.6538815, 35.5609367 ], [ 137.6542257, 35.5610945 ], [ 137.6552295, 35.5616461 ], [ 137.6557415, 35.56186 ], [ 137.6564662, 35.5621028 ], [ 137.6570643, 35.5622467 ], [ 137.6574121, 35.5622834 ], [ 137.6577307, 35.5623167 ], [ 137.6583343, 35.5623441 ], [ 137.6589693, 35.5623728 ], [ 137.6592221, 35.5623839 ], [ 137.6598207, 35.5623839 ], [ 137.6599821, 35.5623712 ], [ 137.6601791, 35.5623362 ], [ 137.6604785, 35.5622603 ], [ 137.6607404, 35.5620792 ], [ 137.6609191, 35.5619498 ], [ 137.6613955, 35.5616099 ], [ 137.6619297, 35.5612301 ], [ 137.6623571, 35.5610039 ], [ 137.6626659, 35.5608674 ], [ 137.6632405, 35.5607597 ], [ 137.6637571, 35.5606835 ], [ 137.6638593, 35.5606667 ], [ 137.6639902, 35.5606165 ], [ 137.6640935, 35.5605545 ], [ 137.6641968, 35.5604642 ], [ 137.6642382, 35.5603967 ], [ 137.6642932, 35.5602673 ], [ 137.6643002, 35.560059 ], [ 137.6642383, 35.5598843 ], [ 137.664121, 35.559659 ], [ 137.6640866, 35.5596253 ], [ 137.6637357, 35.559079 ], [ 137.6635985, 35.5587737 ], [ 137.6636143, 35.5585884 ], [ 137.6637482, 35.5583623 ], [ 137.6637814, 35.5583216 ], [ 137.6640423, 35.5580623 ], [ 137.6643004, 35.5578065 ], [ 137.664376, 35.5577165 ], [ 137.6644379, 35.5576037 ], [ 137.6644724, 35.5574798 ], [ 137.6644588, 35.5569449 ], [ 137.6644291, 35.5567937 ], [ 137.6643074, 35.5561731 ], [ 137.6643004, 35.5559253 ], [ 137.6643488, 35.5557512 ], [ 137.6644362, 35.5555307 ], [ 137.6645276, 35.5553118 ], [ 137.6645485, 35.5552387 ], [ 137.6645485, 35.5546528 ], [ 137.6644657, 35.5536053 ], [ 137.6644657, 35.5533353 ], [ 137.6646449, 35.55302 ], [ 137.6651063, 35.5525695 ], [ 137.6653885, 35.5521809 ], [ 137.6655054, 35.5520626 ], [ 137.6657052, 35.5519667 ], [ 137.6659118, 35.5519048 ], [ 137.6661871, 35.5518542 ], [ 137.6666677, 35.5517777 ], [ 137.6667174, 35.5517698 ], [ 137.6669035, 35.5517192 ], [ 137.6670854, 35.5516535 ], [ 137.6671212, 35.5515354 ], [ 137.6669727, 35.551042 ], [ 137.6668691, 35.5507506 ], [ 137.6668002, 35.550424 ], [ 137.6668141, 35.5501762 ], [ 137.6668477, 35.5499965 ], [ 137.6668552, 35.5499566 ], [ 137.6668691, 35.5497426 ], [ 137.6668043, 35.5496432 ], [ 137.6666693, 35.5496017 ], [ 137.6665536, 35.5496368 ], [ 137.6664588, 35.5497014 ], [ 137.6663938, 35.5497706 ], [ 137.6663524, 35.5499115 ], [ 137.6663256, 35.549978 ], [ 137.6661735, 35.5503564 ], [ 137.6660632, 35.5505142 ], [ 137.6659599, 35.5505592 ], [ 137.6658979, 35.5505762 ], [ 137.6656571, 35.5505762 ], [ 137.6655193, 35.5505423 ], [ 137.6653864, 35.5505023 ], [ 137.665354, 35.5504747 ], [ 137.6652991, 35.550362 ], [ 137.6652716, 35.550227 ], [ 137.6652665, 35.5499998 ], [ 137.6652646, 35.5499173 ], [ 137.6653266, 35.549382 ], [ 137.6653196, 35.549174 ], [ 137.6653196, 35.5491234 ], [ 137.6652991, 35.5490276 ], [ 137.6652715, 35.5489601 ], [ 137.6651543, 35.5487628 ], [ 137.6645965, 35.5481209 ], [ 137.6644657, 35.547907 ], [ 137.6643899, 35.5477437 ], [ 137.664431, 35.5475852 ], [ 137.6644215, 35.547371 ], [ 137.6643549, 35.5471474 ], [ 137.6642094, 35.5470116 ], [ 137.6641699, 35.546927 ], [ 137.6640527, 35.5467359 ], [ 137.6640046, 35.5466345 ], [ 137.6639119, 35.5463787 ], [ 137.663761, 35.5462933 ], [ 137.6636516, 35.5462981 ], [ 137.6635224, 35.5464092 ], [ 137.6634949, 35.5465612 ], [ 137.6635157, 35.546882 ], [ 137.6635157, 35.5471748 ], [ 137.6633985, 35.5476028 ], [ 137.6633501, 35.5476759 ], [ 137.6632118, 35.5477534 ], [ 137.6631327, 35.5477534 ], [ 137.6629963, 35.5476945 ], [ 137.6629735, 35.5476676 ], [ 137.6629187, 35.5475925 ], [ 137.6629901, 35.5473593 ], [ 137.6630805, 35.5470072 ], [ 137.6630281, 35.5463409 ], [ 137.6629188, 35.5458332 ], [ 137.6628888, 35.545784 ], [ 137.6627166, 35.5455926 ], [ 137.6626479, 35.5454798 ], [ 137.6626135, 35.5453448 ], [ 137.662634, 35.5451531 ], [ 137.6627304, 35.5448828 ], [ 137.6627649, 35.5447308 ], [ 137.6627788, 35.5441792 ], [ 137.6628132, 35.5440723 ], [ 137.6629026, 35.543999 ], [ 137.663061, 35.5439595 ], [ 137.6632603, 35.5439541 ], [ 137.6634031, 35.5440921 ], [ 137.6634651, 35.5443551 ], [ 137.663579, 35.5444845 ], [ 137.6637124, 35.5447774 ], [ 137.6639599, 35.5448869 ], [ 137.6642153, 35.544883 ], [ 137.66445, 35.5447917 ], [ 137.6646261, 35.5445871 ], [ 137.6646594, 35.5443872 ], [ 137.6644957, 35.5441743 ], [ 137.6642978, 35.5438732 ], [ 137.6640455, 35.5436067 ], [ 137.6638885, 35.5433831 ], [ 137.6639218, 35.5431832 ], [ 137.6641502, 35.5430452 ], [ 137.6643263, 35.5430452 ], [ 137.6645024, 35.5431546 ], [ 137.6646309, 35.5433498 ], [ 137.6646823, 35.543509 ], [ 137.6647155, 35.5435519 ], [ 137.665084, 35.5442137 ], [ 137.6652315, 35.5444279 ], [ 137.6654124, 35.5445088 ], [ 137.6656047, 35.5444596 ], [ 137.6656538, 35.5444326 ], [ 137.6657407, 35.5443469 ], [ 137.6657693, 35.5441709 ], [ 137.6656646, 35.5440186 ], [ 137.6653931, 35.5437888 ], [ 137.6653468, 35.5437223 ], [ 137.665024, 35.5432898 ], [ 137.6649768, 35.5431717 ], [ 137.6648035, 35.5422776 ], [ 137.6646962, 35.5416664 ], [ 137.6646796, 35.541572 ], [ 137.6645968, 35.5409302 ], [ 137.6645318, 35.5405015 ], [ 137.6643662, 35.5396619 ], [ 137.664264, 35.539144 ], [ 137.6638626, 35.5375981 ], [ 137.6637334, 35.5371182 ], [ 137.6634807, 35.5360009 ], [ 137.6632485, 35.5348353 ], [ 137.6628076, 35.5328006 ], [ 137.6625162, 35.5312895 ], [ 137.6623312, 35.529894 ], [ 137.6623037, 35.5293156 ], [ 137.662276, 35.527987 ], [ 137.6624493, 35.5257384 ], [ 137.6624965, 35.5252562 ], [ 137.6625047, 35.5249998 ], [ 137.6625162, 35.5246395 ], [ 137.6625123, 35.5244415 ], [ 137.6624651, 35.524119 ], [ 137.6623529, 35.5236267 ], [ 137.6622934, 35.5234428 ], [ 137.6622218, 35.5231987 ], [ 137.6621492, 35.5229506 ], [ 137.662056, 35.5226345 ], [ 137.6620079, 35.5224094 ], [ 137.6619735, 35.5220884 ], [ 137.6619804, 35.5218517 ], [ 137.6620079, 35.5217223 ], [ 137.6620835, 35.5215253 ], [ 137.6621732, 35.5213395 ], [ 137.6622971, 35.5211426 ], [ 137.6624624, 35.5209397 ], [ 137.6625932, 35.5207989 ], [ 137.6630615, 35.520399 ], [ 137.6633482, 35.5201828 ], [ 137.6636123, 35.5199867 ], [ 137.6642185, 35.5195434 ], [ 137.6646459, 35.5192561 ], [ 137.6651071, 35.5189464 ], [ 137.6653065, 35.5187717 ], [ 137.6654993, 35.5185745 ], [ 137.6656715, 35.5183662 ], [ 137.6658573, 35.5180959 ], [ 137.6664704, 35.5173189 ], [ 137.6666288, 35.5171434 ], [ 137.6667526, 35.5170262 ], [ 137.6670971, 35.5168123 ], [ 137.6673932, 35.5166375 ], [ 137.6678135, 35.5163559 ], [ 137.6681162, 35.5161139 ], [ 137.6684053, 35.5158326 ], [ 137.6686257, 35.5155789 ], [ 137.669094, 35.514937 ], [ 137.6692524, 35.5147511 ], [ 137.6694729, 35.5145598 ], [ 137.6698171, 35.514402 ], [ 137.6703197, 35.5142276 ], [ 137.6707676, 35.5140531 ], [ 137.6710154, 35.5139406 ], [ 137.6711943, 35.5138053 ], [ 137.671821, 35.5136251 ], [ 137.6720965, 35.5135237 ], [ 137.6721379, 35.5134956 ], [ 137.672465, 35.5132663 ], [ 137.6726407, 35.5131578 ], [ 137.6729024, 35.5130112 ], [ 137.6730111, 35.5129947 ], [ 137.6732329, 35.5129606 ], [ 137.6738113, 35.5129717 ], [ 137.6739901, 35.5129212 ], [ 137.6742174, 35.5128087 ], [ 137.6744449, 35.5126287 ], [ 137.675001, 35.5121552 ], [ 137.6751196, 35.5120542 ], [ 137.6754226, 35.5117556 ], [ 137.6757052, 35.5114234 ], [ 137.6757946, 35.5112881 ], [ 137.675884, 35.5110742 ], [ 137.6759324, 35.510787 ], [ 137.6759049, 35.5103423 ], [ 137.6758224, 35.5100362 ], [ 137.6758224, 35.5099182 ], [ 137.6758496, 35.5097623 ], [ 137.675891, 35.5095651 ], [ 137.6759599, 35.5093456 ], [ 137.6761657, 35.5088219 ], [ 137.6762148, 35.508687 ], [ 137.6763542, 35.5085019 ], [ 137.6765623, 35.5084033 ], [ 137.6767565, 35.5083256 ], [ 137.6769599, 35.5082462 ], [ 137.6771557, 35.5081681 ], [ 137.6773987, 35.5080831 ], [ 137.6775996, 35.5080103 ], [ 137.6777641, 35.5079492 ], [ 137.6783288, 35.507797 ], [ 137.6786788, 35.5076406 ], [ 137.6788492, 35.5075603 ], [ 137.6790487, 35.5074612 ], [ 137.6791988, 35.5073514 ], [ 137.6792657, 35.5072476 ], [ 137.6793329, 35.5070692 ], [ 137.6793358, 35.5067766 ], [ 137.6793371, 35.5066509 ], [ 137.6792979, 35.5063348 ], [ 137.6793488, 35.5059737 ], [ 137.6795414, 35.5056445 ], [ 137.679761, 35.5053756 ], [ 137.6798643, 35.5052631 ], [ 137.6800157, 35.5050884 ], [ 137.6806427, 35.5044467 ], [ 137.6808215, 35.5042778 ], [ 137.6811454, 35.5039906 ], [ 137.6815311, 35.5037428 ], [ 137.6816618, 35.5036584 ], [ 137.6822021, 35.5034145 ], [ 137.6823267, 35.5033601 ], [ 137.6831322, 35.5030816 ], [ 137.6838832, 35.502842 ], [ 137.6851895, 35.5023986 ], [ 137.6858709, 35.5021604 ], [ 137.6863874, 35.5019862 ], [ 137.6866554, 35.5019187 ], [ 137.6868407, 35.5018673 ], [ 137.6874813, 35.5017834 ], [ 137.6879216, 35.5017667 ], [ 137.6882102, 35.5018228 ], [ 137.6886574, 35.5019412 ], [ 137.6890713, 35.5020442 ], [ 137.6892965, 35.5020134 ], [ 137.6893519, 35.5020042 ], [ 137.6894791, 35.5019181 ], [ 137.689593, 35.5017889 ], [ 137.6896755, 35.50162 ], [ 137.6897238, 35.5014398 ], [ 137.6897719, 35.5013442 ], [ 137.6898338, 35.5012764 ], [ 137.6899302, 35.5012539 ], [ 137.6901641, 35.5012539 ], [ 137.6907691, 35.5013384 ], [ 137.6911682, 35.5013386 ], [ 137.6913266, 35.501305 ], [ 137.6916677, 35.5011959 ], [ 137.6917669, 35.5011642 ], [ 137.6919524, 35.5011248 ], [ 137.6923241, 35.5011248 ], [ 137.6926199, 35.5011528 ], [ 137.6929363, 35.5011528 ], [ 137.6931152, 35.5011134 ], [ 137.6932642, 35.5010606 ], [ 137.6934485, 35.5009953 ], [ 137.6936771, 35.5008764 ], [ 137.693851, 35.5007206 ], [ 137.693858, 35.5006122 ], [ 137.693906, 35.5003814 ], [ 137.6939405, 35.5002517 ], [ 137.6940094, 35.5001053 ], [ 137.6940455, 35.5000501 ], [ 137.6941124, 35.4999482 ], [ 137.6942294, 35.4998183 ], [ 137.6943077, 35.4997453 ], [ 137.6944038, 35.4996664 ], [ 137.6945322, 35.4995931 ], [ 137.6947524, 35.4995031 ], [ 137.6950104, 35.4994239 ], [ 137.6953027, 35.4993342 ], [ 137.6958827, 35.4991613 ], [ 137.6962485, 35.4990575 ], [ 137.6964955, 35.4989981 ], [ 137.6966235, 35.4989759 ], [ 137.69677, 35.4990056 ], [ 137.6974274, 35.4991853 ], [ 137.697676, 35.499227 ], [ 137.6979169, 35.4992103 ], [ 137.6980888, 35.4991764 ], [ 137.6982264, 35.4991314 ], [ 137.6988524, 35.4988781 ], [ 137.6990271, 35.498814 ], [ 137.6991896, 35.4987542 ], [ 137.6993891, 35.4987542 ], [ 137.6995197, 35.4987712 ], [ 137.699721, 35.4988125 ], [ 137.6998221, 35.4988331 ], [ 137.6999599, 35.4988389 ], [ 137.7000126, 35.4988264 ], [ 137.7003399, 35.4986906 ], [ 137.7003863, 35.4986698 ], [ 137.7005377, 35.4986417 ], [ 137.7007716, 35.4986417 ], [ 137.7008885, 35.4986642 ], [ 137.7009602, 35.4986879 ], [ 137.7011433, 35.4987486 ], [ 137.7013152, 35.4987486 ], [ 137.7014322, 35.4986642 ], [ 137.7016792, 35.4983422 ], [ 137.7017694, 35.4982417 ], [ 137.7019068, 35.4981859 ], [ 137.7020513, 35.4981409 ], [ 137.7026152, 35.4979831 ], [ 137.7028145, 35.4978929 ], [ 137.7032138, 35.4976845 ], [ 137.7033788, 35.497617 ], [ 137.7037022, 35.4975495 ], [ 137.704053, 35.4975156 ], [ 137.7046516, 35.4975156 ], [ 137.7053088, 35.4975956 ], [ 137.7055121, 35.4976142 ], [ 137.7057087, 35.4976354 ], [ 137.705764, 35.4976325 ], [ 137.7059163, 35.49757 ], [ 137.7059516, 35.4974764 ], [ 137.705993, 35.4973525 ], [ 137.705993, 35.4971836 ], [ 137.7058761, 35.4962825 ], [ 137.7058486, 35.4961981 ], [ 137.7057591, 35.4961473 ], [ 137.7053397, 35.4960403 ], [ 137.705037, 35.4959673 ], [ 137.7047549, 35.4958825 ], [ 137.7045552, 35.495787 ], [ 137.7044797, 35.4957136 ], [ 137.7044038, 35.4956123 ], [ 137.7042869, 35.495342 ], [ 137.7041633, 35.4949027 ], [ 137.7041494, 35.4947564 ], [ 137.7041424, 35.4944975 ], [ 137.7041974, 35.4939795 ], [ 137.7042486, 35.4935531 ], [ 137.7042663, 35.493405 ], [ 137.7043763, 35.4929825 ], [ 137.7044404, 35.4928326 ], [ 137.7044798, 35.4926948 ], [ 137.7044866, 35.4926281 ], [ 137.7045486, 35.4924139 ], [ 137.7045827, 35.492183 ], [ 137.7045746, 35.492061 ], [ 137.7045353, 35.4919562 ], [ 137.704485, 35.491842 ], [ 137.7044658, 35.4918003 ], [ 137.7043626, 35.4916664 ], [ 137.7043008, 35.4915861 ], [ 137.7040874, 35.4914117 ], [ 137.7038811, 35.4912764 ], [ 137.703705, 35.4911668 ], [ 137.7036712, 35.4911458 ], [ 137.7033655, 35.4909553 ], [ 137.7031452, 35.49073 ], [ 137.7030763, 35.490612 ], [ 137.7028974, 35.4902517 ], [ 137.7027738, 35.4898575 ], [ 137.7026635, 35.4896098 ], [ 137.7023169, 35.4890997 ], [ 137.7022027, 35.4889284 ], [ 137.7020994, 35.4887311 ], [ 137.7019549, 35.488382 ], [ 137.7018469, 35.4880477 ], [ 137.7017905, 35.4878731 ], [ 137.7015766, 35.4871884 ], [ 137.7015494, 35.4870809 ], [ 137.7015141, 35.4869817 ], [ 137.701508, 35.4869059 ], [ 137.7015422, 35.4866813 ], [ 137.7015904, 35.4864958 ], [ 137.7018519, 35.4857075 ], [ 137.7019205, 35.4855273 ], [ 137.7019802, 35.4852961 ], [ 137.7020655, 35.4848739 ], [ 137.7020591, 35.4846291 ], [ 137.7020546, 35.4845991 ], [ 137.7020172, 35.4844403 ], [ 137.7018522, 35.4840745 ], [ 137.7016041, 35.483672 ], [ 137.7014412, 35.4833331 ], [ 137.7013416, 35.4831259 ], [ 137.7009302, 35.482582 ], [ 137.7006344, 35.4822892 ], [ 137.7004349, 35.4821203 ], [ 137.7002421, 35.4819739 ], [ 137.700098, 35.4818334 ], [ 137.7000085, 35.4817039 ], [ 137.6999535, 35.4815686 ], [ 137.699926, 35.4814898 ], [ 137.6999535, 35.481225 ], [ 137.700016, 35.4810417 ], [ 137.7001299, 35.4808011 ], [ 137.700301, 35.4806254 ], [ 137.7006277, 35.4804198 ], [ 137.7008269, 35.4802959 ], [ 137.7009302, 35.4802 ], [ 137.7009921, 35.48011 ], [ 137.7010472, 35.479902 ], [ 137.7010746, 35.4797556 ], [ 137.701061, 35.4796203 ], [ 137.7010405, 35.4795584 ], [ 137.700903, 35.4793161 ], [ 137.7008546, 35.4791867 ], [ 137.7008439, 35.4789823 ], [ 137.7009305, 35.478832 ], [ 137.7012462, 35.4785441 ], [ 137.7013439, 35.478413 ], [ 137.7013363, 35.4782406 ], [ 137.7012871, 35.4781044 ], [ 137.7011919, 35.4778409 ], [ 137.7010474, 35.4775595 ], [ 137.7008205, 35.4771764 ], [ 137.7006827, 35.477047 ], [ 137.7004833, 35.4769006 ], [ 137.7002049, 35.476813 ], [ 137.6999294, 35.4767795 ], [ 137.6997152, 35.4767217 ], [ 137.6995007, 35.4765984 ], [ 137.6994474, 35.476497 ], [ 137.6994019, 35.4763275 ], [ 137.6993758, 35.4759209 ], [ 137.6993691, 35.4754759 ], [ 137.6994102, 35.4750423 ], [ 137.6994226, 35.4750021 ], [ 137.6995066, 35.4747775 ], [ 137.6995854, 35.4746615 ], [ 137.6996459, 35.4746215 ], [ 137.699768, 35.4745862 ], [ 137.699878, 35.4745692 ], [ 137.7000015, 35.4745692 ], [ 137.700246, 35.4745692 ], [ 137.7003357, 35.474543 ], [ 137.7003962, 35.4745002 ], [ 137.7006692, 35.4742428 ], [ 137.7009165, 35.4740401 ], [ 137.7010888, 35.4739161 ], [ 137.7013088, 35.4737248 ], [ 137.7016252, 35.4733642 ], [ 137.7016805, 35.4732911 ], [ 137.701825, 35.4730374 ], [ 137.7019624, 35.4727503 ], [ 137.7020519, 35.4724861 ], [ 137.7021138, 35.47221 ], [ 137.7021274, 35.4719848 ], [ 137.7021138, 35.4718722 ], [ 137.7020652, 35.4717131 ], [ 137.7019247, 35.4715253 ], [ 137.7017883, 35.47137 ], [ 137.7013446, 35.4710278 ], [ 137.7011235, 35.4708512 ], [ 137.7010463, 35.4707423 ], [ 137.7010396, 35.4706553 ], [ 137.7010477, 35.47052 ], [ 137.7011033, 35.4704053 ], [ 137.7013466, 35.4701445 ], [ 137.7014871, 35.4700573 ], [ 137.7016127, 35.4699867 ], [ 137.7017469, 35.4698778 ], [ 137.7018272, 35.4697909 ], [ 137.7021483, 35.4691792 ], [ 137.7025116, 35.4684217 ], [ 137.7030652, 35.4671548 ], [ 137.7032769, 35.466658 ], [ 137.7033869, 35.4665173 ], [ 137.7035519, 35.4663709 ], [ 137.7036688, 35.466292 ], [ 137.7039333, 35.466187 ], [ 137.7040924, 35.4661181 ], [ 137.7042672, 35.4660181 ], [ 137.7043649, 35.4659528 ], [ 137.7044655, 35.465853 ], [ 137.7047724, 35.465405 ], [ 137.7048994, 35.4652717 ], [ 137.7050938, 35.4651956 ], [ 137.7051874, 35.4650839 ], [ 137.7052799, 35.4649506 ], [ 137.705357, 35.464821 ], [ 137.7055163, 35.4645125 ], [ 137.705693, 35.4643006 ], [ 137.705788, 35.4642259 ], [ 137.7059302, 35.4641761 ], [ 137.7060305, 35.464185 ], [ 137.7061394, 35.4642259 ], [ 137.7062677, 35.4643142 ], [ 137.7065022, 35.4645859 ], [ 137.7068402, 35.4650531 ], [ 137.7070605, 35.4654417 ], [ 137.7072119, 35.4656498 ], [ 137.7072744, 35.4656967 ], [ 137.707413, 35.4657384 ], [ 137.7076133, 35.4657678 ], [ 137.7077933, 35.465772 ], [ 137.707968, 35.4657342 ], [ 137.7081274, 35.4656803 ], [ 137.7083344, 35.4655525 ], [ 137.7085799, 35.4654009 ], [ 137.7089055, 35.4651713 ], [ 137.709198, 35.46495 ], [ 137.7093523, 35.4648298 ], [ 137.709482, 35.4647208 ], [ 137.7096199, 35.4645756 ], [ 137.7097708, 35.4644167 ], [ 137.7100255, 35.4641072 ], [ 137.7103969, 35.4635892 ], [ 137.7105138, 35.4633528 ], [ 137.7105657, 35.4631114 ], [ 137.7105989, 35.4629473 ], [ 137.7106067, 35.4629089 ], [ 137.7106583, 35.4622378 ], [ 137.7106583, 35.461945 ], [ 137.7107063, 35.4616634 ], [ 137.7107202, 35.460875 ], [ 137.7107408, 35.4606103 ], [ 137.7108097, 35.4603234 ], [ 137.7110091, 35.4598784 ], [ 137.7110469, 35.4598011 ], [ 137.7111198, 35.4595784 ], [ 137.7111849, 35.4592602 ], [ 137.7112155, 35.459135 ], [ 137.7112427, 35.4590541 ], [ 137.7112785, 35.4589585 ], [ 137.7113119, 35.4588928 ], [ 137.7114152, 35.4587973 ], [ 137.7118762, 35.4584655 ], [ 137.7119694, 35.4584014 ], [ 137.7120894, 35.4583186 ], [ 137.7122544, 35.4582003 ], [ 137.7126052, 35.4579695 ], [ 137.7128735, 35.4578287 ], [ 137.7131771, 35.4577103 ], [ 137.7138714, 35.4574345 ], [ 137.7144305, 35.4572236 ], [ 137.7152607, 35.4569062 ], [ 137.7154808, 35.4567983 ], [ 137.7158731, 35.4565786 ], [ 137.7162858, 35.4562634 ], [ 137.7164378, 35.456106 ], [ 137.7165963, 35.4559421 ], [ 137.7167647, 35.4557766 ], [ 137.7172287, 35.4552719 ], [ 137.7173658, 35.4551314 ], [ 137.7180469, 35.4544389 ], [ 137.7184805, 35.4539772 ], [ 137.7187098, 35.4537742 ], [ 137.7190033, 35.4535153 ], [ 137.7193678, 35.4532336 ], [ 137.7195769, 35.4531009 ], [ 137.7198581, 35.4529706 ], [ 137.7203228, 35.4528392 ], [ 137.7219092, 35.4525303 ], [ 137.7223547, 35.4524322 ], [ 137.7226434, 35.4523804 ], [ 137.7231934, 35.4523358 ], [ 137.7237314, 35.4523248 ], [ 137.7244858, 35.4522549 ] ] } },
{ "type": "Feature", "properties": { "N12_001": "20", "N12_002": 2, "N12_003": 3, "N12_004": "一般国道256号", "N12_005": 14, "N12_006": 2 }, "geometry": { "type": "LineString", "coordinates": [ [ 137.8227243, 35.5148416 ], [ 137.8227191, 35.5148359 ], [ 137.8224277, 35.5144342 ], [ 137.8218631, 35.5137282 ], [ 137.8214752, 35.5132453 ], [ 137.8212128, 35.5129203 ], [ 137.8206933, 35.5126167 ], [ 137.8203186, 35.5123979 ], [ 137.8201809, 35.5123558 ], [ 137.8199069, 35.5122729 ], [ 137.8194902, 35.512247 ], [ 137.8193445, 35.512265 ], [ 137.818803, 35.5123434 ], [ 137.8183525, 35.5124476 ], [ 137.8149084, 35.5134825 ], [ 137.8144189, 35.5136354 ], [ 137.8137458, 35.5137375 ], [ 137.81301, 35.5137329 ], [ 137.8121539, 35.5136289 ], [ 137.8116858, 35.5136626 ], [ 137.8113758, 35.5137076 ], [ 137.8106258, 35.5138763 ], [ 137.8098116, 35.5140642 ], [ 137.8095252, 35.5141423 ], [ 137.8091241, 35.5141267 ], [ 137.8088999, 35.5140593 ], [ 137.808769, 35.5139998 ], [ 137.8086643, 35.5138982 ], [ 137.8083342, 35.5134261 ], [ 137.8082098, 35.513237 ], [ 137.8081214, 35.5130557 ], [ 137.8080796, 35.5129116 ], [ 137.8080843, 35.512707 ], [ 137.8080794, 35.5125425 ], [ 137.8080775, 35.512514 ], [ 137.80805, 35.5123112 ], [ 137.8079947, 35.5120973 ], [ 137.8079192, 35.5119594 ], [ 137.8078885, 35.5119218 ], [ 137.8075586, 35.5116833 ], [ 137.8072993, 35.5114903 ], [ 137.8065541, 35.5109114 ], [ 137.8059672, 35.5104688 ], [ 137.8047106, 35.5094226 ], [ 137.8042031, 35.5090073 ], [ 137.8035674, 35.5084766 ], [ 137.8032347, 35.5079194 ], [ 137.8032157, 35.507664 ], [ 137.8030921, 35.5073776 ], [ 137.8028164, 35.5069442 ], [ 137.8026643, 35.5069442 ], [ 137.802322, 35.5070681 ], [ 137.8015899, 35.5073157 ], [ 137.8012816, 35.5072151 ], [ 137.8007237, 35.5069617 ], [ 137.8003685, 35.5068289 ], [ 137.8000009, 35.5067207 ], [ 137.7996958, 35.5066353 ], [ 137.7984767, 35.5064255 ], [ 137.7979284, 35.5063309 ], [ 137.7976184, 35.5062464 ], [ 137.7973498, 35.5061509 ], [ 137.7967321, 35.505845 ], [ 137.79653, 35.505734 ], [ 137.7962441, 35.5055575 ], [ 137.7960826, 35.50543 ], [ 137.7954082, 35.5049459 ], [ 137.7950656, 35.5046603 ], [ 137.7948504, 35.5044784 ], [ 137.7945183, 35.5041667 ], [ 137.7939415, 35.5036731 ], [ 137.7934398, 35.5032934 ], [ 137.7933037, 35.50316 ], [ 137.7929486, 35.5027513 ], [ 137.792416, 35.5021153 ] ] } },
{ "type": "Feature", "properties": { "N12_001": "20", "N12_002": 2, "N12_003": 3, "N12_004": "一般国道256号", "N12_005": 14, "N12_006": 3 }, "geometry": { "type": "LineString", "coordinates": [ [ 137.846776, 35.4851333 ], [ 137.8466686, 35.485216 ], [ 137.8462884, 35.4855039 ], [ 137.8461029, 35.4856786 ], [ 137.8459376, 35.4858645 ], [ 137.8456776, 35.4862905 ], [ 137.8455838, 35.4865243 ], [ 137.8452998, 35.487193 ], [ 137.845587, 35.4891273 ], [ 137.8457003, 35.4898906 ], [ 137.8458289, 35.4907711 ], [ 137.8459632, 35.4916664 ], [ 137.8459856, 35.4918159 ], [ 137.8459926, 35.4919681 ], [ 137.8459443, 35.4921706 ], [ 137.845747, 35.4924586 ], [ 137.8456749, 35.4925337 ], [ 137.8453595, 35.4926775 ], [ 137.8442901, 35.4930639 ], [ 137.8424271, 35.4937244 ], [ 137.8410326, 35.4942314 ], [ 137.8407284, 35.4945465 ], [ 137.8400007, 35.495299 ], [ 137.8394158, 35.4958757 ] ] } },
{ "type": "Feature", "properties": { "N12_001": "20", "N12_002": 2, "N12_003": 3, "N12_004": "一般国道361号", "N12_005": 15, "N12_006": 1 }, "geometry": { "type": "LineString", "coordinates": [ [ 137.7740685, 35.902726 ], [ 137.7742083, 35.9027269 ], [ 137.7743708, 35.9027519 ], [ 137.7745624, 35.9028269 ], [ 137.7747124, 35.902906 ], [ 137.7750415, 35.9030654 ], [ 137.7751896, 35.9031371 ], [ 137.7752813, 35.9031808 ], [ 137.7755252, 35.9032538 ], [ 137.7756999, 35.9032727 ], [ 137.7759041, 35.9032727 ], [ 137.7761166, 35.9032519 ], [ 137.7763163, 35.903256 ], [ 137.7765034, 35.9032944 ], [ 137.7766324, 35.9033388 ], [ 137.7767213, 35.9033814 ], [ 137.7768602, 35.903508 ], [ 137.7769291, 35.9035952 ], [ 137.7769999, 35.9036952 ], [ 137.7770874, 35.903841 ], [ 137.7771458, 35.9039535 ], [ 137.7772103, 35.9040514 ], [ 137.7773246, 35.9041849 ], [ 137.777433, 35.9043224 ], [ 137.7775371, 35.9044348 ], [ 137.7776393, 35.9045282 ], [ 137.7777246, 35.9046058 ], [ 137.7778621, 35.9047641 ], [ 137.777962, 35.9049305 ], [ 137.7780962, 35.905131 ], [ 137.7782205, 35.9053307 ], [ 137.7783766, 35.9055785 ], [ 137.7785076, 35.905801 ], [ 137.7786058, 35.9059846 ], [ 137.7787349, 35.9062638 ], [ 137.7787994, 35.9064013 ], [ 137.7788744, 35.9065552 ], [ 137.7789369, 35.9066991 ], [ 137.7789952, 35.9068657 ], [ 137.7790291, 35.9069816 ], [ 137.7792227, 35.9076685 ], [ 137.7793816, 35.9080571 ], [ 137.7795199, 35.9082935 ], [ 137.7795501, 35.908333 ], [ 137.7799419, 35.9088452 ], [ 137.7802322, 35.9092899 ], [ 137.7803427, 35.9094252 ], [ 137.7805916, 35.909656 ], [ 137.7813222, 35.910278 ], [ 137.7814007, 35.9103712 ], [ 137.7815113, 35.9105346 ], [ 137.7815805, 35.9106582 ], [ 137.7816291, 35.910788 ], [ 137.7817032, 35.9109436 ], [ 137.7817366, 35.9109947 ], [ 137.7818014, 35.9110697 ], [ 137.7818555, 35.911153 ], [ 137.7818847, 35.9112424 ], [ 137.7820427, 35.9117277 ], [ 137.7820844, 35.9118235 ], [ 137.7821386, 35.9119005 ], [ 137.7822386, 35.9120319 ], [ 137.7823999, 35.912212 ], [ 137.7826576, 35.912564 ], [ 137.783171, 35.913344 ], [ 137.7833349, 35.9135431 ], [ 137.7835097, 35.9137552 ], [ 137.7836015, 35.9138554 ], [ 137.7843586, 35.9146169 ], [ 137.7845883, 35.914808 ], [ 137.7848719, 35.9150049 ], [ 137.7850655, 35.9151063 ], [ 137.7852385, 35.9151627 ], [ 137.7854052, 35.9151977 ], [ 137.786116, 35.9152254 ], [ 137.7869188, 35.9151571 ], [ 137.7873958, 35.9151288 ], [ 137.7883313, 35.9151188 ], [ 137.7887403, 35.915121 ], [ 137.7891177, 35.9151063 ], [ 137.7893252, 35.9150669 ], [ 137.7897058, 35.9149602 ], [ 137.7901, 35.9148194 ], [ 137.7905769, 35.9146166 ], [ 137.7907949, 35.9145217 ], [ 137.7910182, 35.9144342 ], [ 137.7910319, 35.9141406 ], [ 137.7910394, 35.9140973 ], [ 137.7910581, 35.9140246 ], [ 137.7910895, 35.9139317 ], [ 137.7911166, 35.9139056 ], [ 137.7918632, 35.9136566 ], [ 137.7926928, 35.91338 ], [ 137.7936063, 35.9130256 ], [ 137.7940861, 35.9128174 ], [ 137.7947155, 35.9126238 ], [ 137.795105, 35.912493 ], [ 137.7955337, 35.9123769 ], [ 137.7960576, 35.9122535 ], [ 137.7966644, 35.9121721 ], [ 137.7972577, 35.9121153 ], [ 137.7977725, 35.9121104 ], [ 137.7981016, 35.9121178 ], [ 137.7991477, 35.9122189 ], [ 137.8006954, 35.9124115 ], [ 137.8021067, 35.9125991 ], [ 137.8038233, 35.9128435 ], [ 137.8049508, 35.9129792 ], [ 137.8062373, 35.9131601 ], [ 137.8066, 35.913211 ], [ 137.8068127, 35.9132207 ], [ 137.8070788, 35.9132396 ], [ 137.8075144, 35.9132522 ], [ 137.8079772, 35.9132459 ], [ 137.808297, 35.9132333 ], [ 137.8084667, 35.9132144 ], [ 137.8088176, 35.9131797 ], [ 137.8092368, 35.9131151 ], [ 137.8096243, 35.9130378 ], [ 137.8101149, 35.9129118 ], [ 137.8106787, 35.9127258 ], [ 137.8109814, 35.9126171 ], [ 137.8114141, 35.9124185 ], [ 137.8117544, 35.912242 ], [ 137.8121765, 35.9119945 ], [ 137.8124994, 35.9117897 ], [ 137.8127597, 35.9115879 ], [ 137.813258, 35.9111624 ], [ 137.8134109, 35.9110603 ], [ 137.8135678, 35.9109217 ], [ 137.8137503, 35.9107554 ], [ 137.8139899, 35.9104967 ], [ 137.8141724, 35.9102287 ], [ 137.8144034, 35.9098822 ], [ 137.8147343, 35.9092469 ], [ 137.8148227, 35.9090113 ], [ 137.8149111, 35.9087757 ], [ 137.815088, 35.9081381 ], [ 137.8152619, 35.9072949 ], [ 137.8154472, 35.9067874 ], [ 137.8157187, 35.9062157 ], [ 137.8159529, 35.9057364 ], [ 137.8162237, 35.9052937 ], [ 137.8165792, 35.9047834 ], [ 137.8176654, 35.903416 ], [ 137.8180068, 35.9029508 ], [ 137.8183228, 35.9024856 ], [ 137.818588, 35.9020768 ], [ 137.8187685, 35.9017441 ], [ 137.8189124, 35.9013691 ], [ 137.8190196, 35.9009434 ], [ 137.8191071, 35.9004218 ], [ 137.8191691, 35.8998748 ], [ 137.8193243, 35.8989247 ], [ 137.8194682, 35.8982959 ], [ 137.8196713, 35.8974501 ], [ 137.8198237, 35.8969342 ], [ 137.8199873, 35.8964718 ], [ 137.8201566, 35.8960404 ], [ 137.8203315, 35.8956118 ], [ 137.8205177, 35.8952087 ], [ 137.8207349, 35.8947773 ], [ 137.8209691, 35.8943572 ], [ 137.8212033, 35.8939484 ], [ 137.8214826, 35.8935509 ], [ 137.8217986, 35.893159 ], [ 137.8223064, 35.892502 ], [ 137.8234857, 35.8911487 ], [ 137.8236888, 35.8909542 ], [ 137.823888, 35.8907901 ], [ 137.824106, 35.890612 ], [ 137.8243602, 35.8904561 ], [ 137.8246782, 35.8902927 ], [ 137.8249208, 35.8901514 ], [ 137.826476, 35.8892459 ], [ 137.8268434, 35.8891043 ], [ 137.8274386, 35.8888747 ], [ 137.8287371, 35.8884515 ], [ 137.8333349, 35.8873791 ], [ 137.8376721, 35.8863675 ], [ 137.8416682, 35.8854355 ], [ 137.8455, 35.8845417 ], [ 137.8498433, 35.8835287 ], [ 137.8524971, 35.8829097 ], [ 137.8536248, 35.8826467 ], [ 137.8583349, 35.8815481 ], [ 137.8633015, 35.8803896 ], [ 137.8644193, 35.8801278 ], [ 137.8666682, 35.8795721 ], [ 137.8743595, 35.8776716 ], [ 137.8744615, 35.877646 ], [ 137.8750016, 35.8774994 ], [ 137.8755776, 35.8773431 ], [ 137.8757307, 35.8773002 ], [ 137.8758765, 35.8772666 ], [ 137.8761318, 35.8771833 ], [ 137.8764705, 35.8770632 ], [ 137.8768585, 35.8768916 ], [ 137.8771818, 35.8767448 ], [ 137.8773977, 35.8766469 ], [ 137.8778793, 35.8764164 ], [ 137.878681, 35.8760191 ], [ 137.8789391, 35.8758838 ], [ 137.8791396, 35.8757874 ], [ 137.8797465, 35.8754464 ], [ 137.8800299, 35.8752605 ], [ 137.8802582, 35.8750916 ], [ 137.8803551, 35.8749996 ], [ 137.880551, 35.8748138 ], [ 137.8806499, 35.8747149 ], [ 137.8807982, 35.874556 ], [ 137.8809755, 35.8743788 ], [ 137.8811368, 35.8742044 ], [ 137.8814891, 35.8737574 ], [ 137.8818818, 35.8731785 ], [ 137.8819807, 35.8730016 ], [ 137.8821735, 35.8726863 ], [ 137.8824288, 35.8723141 ], [ 137.8827357, 35.8719394 ], [ 137.8829779, 35.8716658 ], [ 137.8833396, 35.8713429 ], [ 137.8834995, 35.8712153 ], [ 137.8836496, 35.8710958 ], [ 137.8839515, 35.8709055 ], [ 137.8841185, 35.8708116 ], [ 137.8841783, 35.8707893 ], [ 137.8843268, 35.8707335 ], [ 137.8848398, 35.870554 ], [ 137.885371, 35.8703824 ], [ 137.8858658, 35.8702313 ], [ 137.8863762, 35.870076 ], [ 137.8868884, 35.8699218 ], [ 137.8874569, 35.8697468 ], [ 137.8894821, 35.8691276 ], [ 137.8897613, 35.8690441 ], [ 137.8901388, 35.868898 ], [ 137.8903082, 35.868828 ], [ 137.8905688, 35.8686899 ], [ 137.8907718, 35.868578 ], [ 137.8909254, 35.8684788 ], [ 137.8910452, 35.868398 ], [ 137.8912065, 35.8682291 ], [ 137.8913421, 35.8680833 ], [ 137.891441, 35.8679688 ], [ 137.8915532, 35.8677788 ], [ 137.8916682, 35.8675209 ], [ 137.8917429, 35.8672941 ], [ 137.8917951, 35.866888 ], [ 137.8917899, 35.8666902 ], [ 137.8917535, 35.8664374 ], [ 137.8916988, 35.8662216 ], [ 137.8916187, 35.8659625 ], [ 137.891565, 35.8657878 ], [ 137.8915404, 35.8657094 ], [ 137.891439, 35.8653016 ], [ 137.8914043, 35.8650202 ], [ 137.8914113, 35.8646541 ], [ 137.8914457, 35.8644233 ], [ 137.8914735, 35.8643049 ], [ 137.8915496, 35.8640688 ], [ 137.8916462, 35.8638435 ], [ 137.8917207, 35.8637087 ], [ 137.8917707, 35.8636183 ], [ 137.8919299, 35.8633988 ], [ 137.8920891, 35.8632185 ], [ 137.8923032, 35.8630158 ], [ 137.8925105, 35.8628576 ], [ 137.8926593, 35.8627566 ], [ 137.8928736, 35.8626322 ], [ 137.8930018, 35.8625655 ], [ 137.8932229, 35.8624755 ], [ 137.8935549, 35.8623744 ], [ 137.8940801, 35.862228 ], [ 137.8951469, 35.8619662 ], [ 137.8958018, 35.8618055 ], [ 137.8968046, 35.8615522 ], [ 137.8970674, 35.8614902 ], [ 137.8977727, 35.861316 ], [ 137.8988268, 35.8610425 ], [ 137.8993631, 35.8609049 ], [ 137.9001106, 35.8607198 ], [ 137.9006074, 35.8605952 ], [ 137.9008632, 35.8605277 ], [ 137.9013403, 35.8604096 ], [ 137.9021222, 35.860211 ], [ 137.9029582, 35.8600099 ], [ 137.9034768, 35.8598805 ], [ 137.9045279, 35.8596213 ], [ 137.9060049, 35.8592752 ], [ 137.9066706, 35.8591307 ], [ 137.9074526, 35.8589741 ], [ 137.9080466, 35.8588714 ], [ 137.9095129, 35.8586138 ], [ 137.9101122, 35.8585147 ], [ 137.911546, 35.8582538 ], [ 137.9123244, 35.8581142 ], [ 137.9141664, 35.8577808 ], [ 137.9149805, 35.8576297 ], [ 137.9154249, 35.8575555 ], [ 137.9167248, 35.857308 ], [ 137.9173526, 35.8571891 ], [ 137.9181163, 35.8570389 ], [ 137.9189446, 35.8568913 ], [ 137.919655, 35.8567452 ], [ 137.9207076, 35.8565535 ], [ 137.9219593, 35.8563061 ], [ 137.9225395, 35.8562031 ], [ 137.923196, 35.8560727 ], [ 137.9236739, 35.8559852 ], [ 137.924317, 35.8558669 ], [ 137.9250015, 35.8557379 ], [ 137.9262954, 35.8555094 ], [ 137.9275301, 35.8553167 ], [ 137.9279708, 35.8552346 ], [ 137.9287679, 35.855086 ] ] } },
{ "type": "Feature", "properties": { "N12_001": "20", "N12_002": 2, "N12_003": 3, "N12_004": "一般国道403号", "N12_005": 16, "N12_006": 1 }, "geometry": { "type": "LineString", "coordinates": [ [ 138.3509647, 36.7446102 ], [ 138.3510568, 36.744821 ], [ 138.3511199, 36.7451024 ], [ 138.3511412, 36.7452349 ], [ 138.3511963, 36.7455865 ], [ 138.3512174, 36.7458565 ], [ 138.351228, 36.7460118 ], [ 138.3512236, 36.7461046 ], [ 138.3509749, 36.7475811 ], [ 138.3508888, 36.7480918 ], [ 138.3507771, 36.7487674 ], [ 138.3506932, 36.7492685 ], [ 138.3506582, 36.7495218 ], [ 138.3506163, 36.7497865 ], [ 138.3505603, 36.7500952 ], [ 138.3505155, 36.7503943 ], [ 138.3503296, 36.7515768 ], [ 138.350256, 36.7521806 ], [ 138.3502448, 36.7523644 ], [ 138.3504499, 36.7526601 ], [ 138.3506172, 36.7528787 ], [ 138.3507477, 36.753013 ], [ 138.3510493, 36.7532025 ], [ 138.3513043, 36.7533735 ], [ 138.3516674, 36.7534742 ], [ 138.3519024, 36.7535402 ], [ 138.3527927, 36.7537978 ] ] } },
{ "type": "Feature", "properties": { "N12_001": "20", "N12_002": 2, "N12_003": 1, "N12_004": "三遠南信自動車道", "N12_005": 17, "N12_006": 1 }, "geometry": { "type": "LineString", "coordinates": [ [ 137.8107302, 35.4370582 ], [ 137.8113779, 35.4368091 ], [ 137.811802, 35.4366444 ], [ 137.8121443, 35.43657 ], [ 137.8124409, 35.4365142 ], [ 137.8126577, 35.4365142 ], [ 137.8129543, 35.436505 ], [ 137.8132566, 35.4364678 ], [ 137.8135419, 35.436412 ], [ 137.8138214, 35.4363516 ], [ 137.8140096, 35.4362772 ], [ 137.8136845, 35.4358589 ], [ 137.8128973, 35.4349619 ], [ 137.8120987, 35.4353756 ], [ 137.8113115, 35.4358636 ], [ 137.8101535, 35.4366072 ], [ 137.8091106, 35.4374314 ], [ 137.8080885, 35.4384151 ], [ 137.8074502, 35.4392687 ], [ 137.8071422, 35.4396897 ], [ 137.8065692, 35.4406907 ], [ 137.8060912, 35.4417987 ], [ 137.8055432, 35.4432907 ], [ 137.8052662, 35.4441377 ], [ 137.8049202, 35.4447877 ], [ 137.8040712, 35.4459167 ], [ 137.8033912, 35.4465187 ], [ 137.8021512, 35.4474357 ], [ 137.8012262, 35.4481807 ], [ 137.8005092, 35.4487727 ], [ 137.7999302, 35.4494167 ], [ 137.7994772, 35.4500507 ], [ 137.7989172, 35.4509247 ], [ 137.7985772, 35.4516487 ], [ 137.7982062, 35.4528427 ], [ 137.7979672, 35.4537587 ], [ 137.7976522, 35.4546747 ], [ 137.7972112, 35.4557567 ], [ 137.7968282, 35.4564487 ], [ 137.7961422, 35.4574237 ], [ 137.7949212, 35.4586387 ], [ 137.7939452, 35.4593527 ], [ 137.7929893, 35.4599597 ], [ 137.7915543, 35.4608497 ], [ 137.7905973, 35.4614297 ], [ 137.7901883, 35.4617917 ], [ 137.7894463, 35.4625437 ], [ 137.7887413, 35.4635607 ], [ 137.7882503, 35.4642957 ], [ 137.7878663, 35.4648177 ], [ 137.7875523, 35.4652067 ], [ 137.7872372, 35.4655157 ], [ 137.7864822, 35.4660487 ], [ 137.7857962, 35.4664907 ], [ 137.7847762, 35.4669857 ], [ 137.7838332, 35.4673007 ], [ 137.7827063, 35.4675297 ], [ 137.7817943, 35.4675827 ], [ 137.7809573, 35.4675667 ], [ 137.7798553, 35.4674447 ], [ 137.7791073, 35.4672627 ], [ 137.7785913, 35.4671137 ], [ 137.7776913, 35.4667357 ], [ 137.7766333, 35.4662347 ], [ 137.7749663, 35.4654197 ], [ 137.7737513, 35.4649137 ], [ 137.7730653, 35.4647277 ], [ 137.7720583, 35.4644507 ], [ 137.7715303, 35.4643277 ], [ 137.7706743, 35.4642217 ], [ 137.7695033, 35.4641417 ], [ 137.7686853, 35.4641517 ], [ 137.7671753, 35.4643387 ], [ 137.7660993, 35.4644987 ], [ 137.7649413, 35.4647857 ], [ 137.7640684, 35.4651056 ], [ 137.7615818, 35.4663255 ], [ 137.7600493, 35.4670773 ], [ 137.759876, 35.4671623 ] ] } },
{ "type": "Feature", "properties": { "N12_001": "20", "N12_002": 2, "N12_003": 6, "N12_004": "長野県道　佐久軽井沢線", "N12_005": 18, "N12_006": 1 }, "geometry": { "type": "LineString", "coordinates": [ [ 138.4932541, 36.3202969 ], [ 138.4934392, 36.3199992 ], [ 138.4936547, 36.3195769 ], [ 138.4937102, 36.3194647 ], [ 138.493898, 36.3190083 ], [ 138.4939187, 36.3189342 ], [ 138.4940126, 36.3184884 ], [ 138.4940927, 36.3180905 ], [ 138.4942667, 36.3173378 ], [ 138.4944055, 36.3166942 ], [ 138.4945238, 36.31621 ], [ 138.4945238, 36.316165 ], [ 138.4945816, 36.3158948 ], [ 138.4946627, 36.3155225 ], [ 138.4947387, 36.3151748 ], [ 138.4948724, 36.3146283 ], [ 138.4949005, 36.3144018 ], [ 138.4949619, 36.3139071 ], [ 138.4949622, 36.3129386 ], [ 138.4949271, 36.3117167 ], [ 138.4949063, 36.3113336 ], [ 138.4948716, 36.3108442 ], [ 138.4948378, 36.3101417 ], [ 138.4948299, 36.3099262 ], [ 138.4947952, 36.308991 ], [ 138.4947952, 36.3083981 ], [ 138.4947706, 36.3078137 ], [ 138.4947555, 36.307661 ], [ 138.4946646, 36.3072627 ], [ 138.4945518, 36.3068236 ], [ 138.4944405, 36.30648 ], [ 138.4943254, 36.306157 ], [ 138.4941504, 36.3056963 ], [ 138.4940098, 36.3053152 ], [ 138.493836, 36.3048022 ], [ 138.4937941, 36.3045881 ], [ 138.4937385, 36.3043403 ], [ 138.4936512, 36.3038997 ], [ 138.4936118, 36.3036542 ], [ 138.4934188, 36.3024372 ], [ 138.4933282, 36.3017728 ], [ 138.4932795, 36.3015021 ], [ 138.4932322, 36.3011512 ], [ 138.4930485, 36.2999997 ], [ 138.4930085, 36.2997231 ], [ 138.4929741, 36.2994734 ], [ 138.4929677, 36.2993239 ], [ 138.4929876, 36.2989517 ], [ 138.4930501, 36.2985408 ], [ 138.4931103, 36.2982385 ], [ 138.4931754, 36.2979103 ], [ 138.4932032, 36.2976681 ], [ 138.4932587, 36.29733 ], [ 138.4933557, 36.2968809 ], [ 138.4930712, 36.2963783 ], [ 138.4927376, 36.2957761 ], [ 138.492369, 36.2950497 ], [ 138.4920514, 36.2943818 ], [ 138.491921, 36.2941212 ], [ 138.4916704, 36.2935706 ], [ 138.4914896, 36.2931733 ], [ 138.4912287, 36.2926003 ], [ 138.491069, 36.2922567 ], [ 138.4908745, 36.2918739 ], [ 138.4907758, 36.2916664 ], [ 138.4906868, 36.2915022 ], [ 138.4905406, 36.2912995 ], [ 138.4903112, 36.2910122 ], [ 138.490047, 36.290725 ], [ 138.4895207, 36.2902435 ], [ 138.4894597, 36.2901932 ], [ 138.489157, 36.2899484 ], [ 138.489004, 36.2898411 ], [ 138.4888028, 36.2897061 ], [ 138.4884551, 36.289492 ], [ 138.4879157, 36.2892128 ], [ 138.4876695, 36.2890978 ], [ 138.487009, 36.2887656 ], [ 138.486696, 36.2885664 ], [ 138.4865615, 36.288478 ], [ 138.4864665, 36.2884053 ], [ 138.4863276, 36.2882531 ], [ 138.4862023, 36.2880617 ], [ 138.4861609, 36.2879772 ], [ 138.4860703, 36.2876731 ], [ 138.4860009, 36.2871667 ], [ 138.4859731, 36.286992 ], [ 138.4859384, 36.2865864 ], [ 138.4858634, 36.2863525 ], [ 138.4857095, 36.286077 ], [ 138.4855099, 36.285817 ], [ 138.4853578, 36.2856667 ], [ 138.4851778, 36.2855102 ], [ 138.4843392, 36.284745 ], [ 138.4840959, 36.2845086 ], [ 138.4833356, 36.2838083 ], [ 138.4828122, 36.2833331 ], [ 138.4826413, 36.2831778 ] ] } },
{ "type": "Feature", "properties": { "N12_001": "20", "N12_002": 2, "N12_003": 9, "N12_004": "-", "N12_005": 19, "N12_006": 1 }, "geometry": { "type": "LineString", "coordinates": [ [ 138.2863074, 35.861557 ], [ 138.2856272, 35.8617413 ], [ 138.2853611, 35.8618168 ], [ 138.2850975, 35.8618988 ], [ 138.2839426, 35.8623043 ], [ 138.2833963, 35.8624732 ], [ 138.283039, 35.8625717 ], [ 138.2828044, 35.8626204 ], [ 138.2825822, 35.8626446 ], [ 138.282365, 35.8626265 ], [ 138.2822161, 35.8625702 ], [ 138.2821197, 35.8624688 ], [ 138.2820902, 35.8622979 ], [ 138.2821269, 35.8620951 ], [ 138.2822344, 35.8618707 ], [ 138.2822855, 35.8617863 ], [ 138.2823197, 35.861701 ], [ 138.2823088, 35.8616288 ], [ 138.2822686, 35.8615543 ], [ 138.2822, 35.8615046 ], [ 138.2820822, 35.8614485 ], [ 138.2801293, 35.8606839 ] ] } },
{ "type": "Feature", "properties": { "N12_001": "20", "N12_002": 1, "N12_003": 6, "N12_004": "長野県道　松本空港塩尻北インター線", "N12_005": 20, "N12_006": 1 }, "geometry": { "type": "LineString", "coordinates": [ [ 137.9276073, 36.1649669 ], [ 137.9286964, 36.1650549 ], [ 137.9288236, 36.164365 ], [ 137.9289854, 36.1635373 ], [ 137.928993, 36.1634462 ], [ 137.9291283, 36.1634706 ], [ 137.9295791, 36.1635889 ], [ 137.9300414, 36.1637744 ], [ 137.9305554, 36.1640128 ], [ 137.9308679, 36.1642044 ], [ 137.9312053, 36.1644294 ], [ 137.931549, 36.1647044 ], [ 137.9317303, 36.1649377 ], [ 137.9318802, 36.1652377 ], [ 137.9324125, 36.1653444 ], [ 137.9327516, 36.1654118 ], [ 137.9329913, 36.1654347 ], [ 137.9331227, 36.1654461 ], [ 137.9334025, 36.1653945 ], [ 137.934247, 36.1652488 ], [ 137.9370555, 36.1649056 ], [ 137.9372569, 36.1649 ], [ 137.9379575, 36.1648153 ], [ 137.9405077, 36.1646183 ], [ 137.94181, 36.1646084 ], [ 137.9426599, 36.1645567 ], [ 137.9427702, 36.1645678 ], [ 137.9430347, 36.1646356 ], [ 137.9433952, 36.1646692 ], [ 137.9450599, 36.1641289 ], [ 137.9452994, 36.1640708 ], [ 137.9454555, 36.1641625 ], [ 137.9455802, 36.1642695 ], [ 137.9461742, 36.1654153 ], [ 137.9467316, 36.1662625 ], [ 137.9469813, 36.1667352 ], [ 137.9470575, 36.1669156 ], [ 137.9471408, 36.1672363 ], [ 137.9471616, 36.1673828 ], [ 137.9471818, 36.168303 ], [ 137.9472136, 36.1692092 ], [ 137.9472316, 36.1698036 ], [ 137.9472129, 36.1706312 ], [ 137.9473236, 36.1711938 ], [ 137.9476231, 36.1710672 ], [ 137.9481365, 36.1708062 ], [ 137.9493391, 36.1703227 ], [ 137.9501708, 36.1700514 ], [ 137.9505139, 36.1699138 ], [ 137.9510001, 36.1697776 ], [ 137.9519661, 36.169463 ], [ 137.9520592, 36.1694453 ], [ 137.9524585, 36.1693809 ], [ 137.9532058, 36.1692795 ], [ 137.9534254, 36.1692128 ], [ 137.953588, 36.1691368 ], [ 137.953742, 36.169047 ], [ 137.9542098, 36.1687454 ], [ 137.9544693, 36.1685681 ], [ 137.9547346, 36.1684783 ], [ 137.9551183, 36.1683542 ], [ 137.9557471, 36.1682342 ], [ 137.956058, 36.1681605 ], [ 137.9563061, 36.1681007 ], [ 137.9564487, 36.1680017 ], [ 137.9565742, 36.1678313 ], [ 137.9566084, 36.1677046 ], [ 137.956366, 36.1674398 ], [ 137.9561121, 36.1673777 ], [ 137.9557499, 36.1674444 ], [ 137.9547501, 36.1677277 ] ] } },
{ "type": "Feature", "properties": { "N12_001": "20", "N12_002": 2, "N12_003": 6, "N12_004": "長野県道　中野豊野線", "N12_005": 21, "N12_006": 1 }, "geometry": { "type": "LineString", "coordinates": [ [ 138.3065453, 36.7320799 ], [ 138.3068471, 36.7320874 ], [ 138.3072892, 36.732096 ], [ 138.3083387, 36.7321164 ], [ 138.3097181, 36.7321273 ], [ 138.309954, 36.7321294 ], [ 138.3102545, 36.7321127 ], [ 138.3104642, 36.7320899 ], [ 138.3106026, 36.7320694 ], [ 138.3108643, 36.7320134 ], [ 138.3110244, 36.7319652 ], [ 138.3112267, 36.7319041 ], [ 138.3113699, 36.731854 ], [ 138.3116771, 36.7317456 ], [ 138.3117747, 36.7317315 ], [ 138.3118505, 36.7317284 ], [ 138.3125884, 36.7317412 ], [ 138.3136372, 36.7317638 ], [ 138.3143851, 36.7317693 ], [ 138.314633, 36.7317799 ], [ 138.3149931, 36.7317974 ], [ 138.3154056, 36.7318538 ], [ 138.3156154, 36.7318988 ], [ 138.315804, 36.7319496 ], [ 138.3166577, 36.7321678 ], [ 138.3175581, 36.7324113 ], [ 138.3186711, 36.7326998 ], [ 138.3196061, 36.7329515 ], [ 138.3199483, 36.7330588 ], [ 138.3203097, 36.7331875 ], [ 138.3207292, 36.7333324 ], [ 138.3216274, 36.7336347 ], [ 138.3222195, 36.7338413 ], [ 138.3225753, 36.7339654 ], [ 138.3238293, 36.7344025 ], [ 138.3241418, 36.7345396 ], [ 138.3246652, 36.7348483 ], [ 138.3252179, 36.7351816 ], [ 138.3254626, 36.735311 ], [ 138.3258821, 36.7355024 ], [ 138.3264062, 36.7356996 ], [ 138.3268139, 36.7358469 ], [ 138.3275384, 36.7361218 ], [ 138.3278529, 36.7362457 ], [ 138.3283492, 36.736426 ], [ 138.3286153, 36.7365088 ], [ 138.3299707, 36.7368818 ], [ 138.3303898, 36.7370002 ], [ 138.3307815, 36.7371521 ], [ 138.3310187, 36.7372817 ], [ 138.3315632, 36.737593 ], [ 138.3326693, 36.7382016 ], [ 138.3331368, 36.7384474 ], [ 138.333577, 36.7386554 ], [ 138.3338915, 36.7387849 ], [ 138.334206, 36.7389088 ], [ 138.3346282, 36.7390818 ], [ 138.3349801, 36.7392154 ], [ 138.3355068, 36.7393999 ], [ 138.3358417, 36.7395169 ], [ 138.336212, 36.7396238 ], [ 138.3365749, 36.7397531 ], [ 138.3370159, 36.7398942 ], [ 138.3375887, 36.7400629 ], [ 138.3379158, 36.7401565 ], [ 138.3388997, 36.7404189 ], [ 138.339486, 36.7405714 ], [ 138.339916, 36.7406935 ], [ 138.3416721, 36.7413007 ], [ 138.3427224, 36.7416657 ], [ 138.3435296, 36.7419493 ], [ 138.3448435, 36.742411 ], [ 138.345376, 36.7426085 ], [ 138.3473587, 36.7433167 ], [ 138.3480252, 36.7435632 ], [ 138.3488693, 36.7438524 ], [ 138.3491627, 36.7439649 ], [ 138.3495051, 36.7440888 ], [ 138.3500054, 36.7442661 ], [ 138.3503788, 36.7443985 ], [ 138.3506724, 36.7445113 ], [ 138.3509647, 36.7446102 ], [ 138.3511143, 36.7446608 ], [ 138.3515598, 36.7448096 ], [ 138.3522518, 36.7449785 ], [ 138.3525524, 36.745046 ], [ 138.3526643, 36.7450799 ], [ 138.3530627, 36.7451699 ], [ 138.3535729, 36.7452712 ], [ 138.3543135, 36.7454401 ], [ 138.3555648, 36.7456993 ], [ 138.3557803, 36.745723 ], [ 138.3561127, 36.7457591 ], [ 138.3563963, 36.7457893 ], [ 138.3568435, 36.7458287 ], [ 138.357081, 36.7458546 ], [ 138.3573749, 36.7458851 ], [ 138.3577104, 36.7459413 ], [ 138.3580179, 36.7459751 ], [ 138.358354, 36.7459944 ], [ 138.3585814, 36.7460054 ], [ 138.3592548, 36.7460257 ], [ 138.3593668, 36.7460371 ], [ 138.3594854, 36.7460596 ], [ 138.3600238, 36.7462004 ], [ 138.3605852, 36.7463396 ], [ 138.3609535, 36.7464368 ], [ 138.3614285, 36.7465607 ], [ 138.3616148, 36.7465991 ], [ 138.3621788, 36.7467385 ], [ 138.3642451, 36.7472701 ], [ 138.3643946, 36.7473175 ], [ 138.3644817, 36.7473387 ] ] } },
{ "type": "Feature", "properties": { "N12_001": "20", "N12_002": 2, "N12_003": 6, "N12_004": "長野県道　長野大町線", "N12_005": 22, "N12_006": 1 }, "geometry": { "type": "LineString", "coordinates": [ [ 138.0480161, 36.5973271 ], [ 138.0478536, 36.5975511 ], [ 138.0477421, 36.597672 ], [ 138.0476073, 36.5977991 ], [ 138.0474827, 36.5979055 ], [ 138.0472569, 36.5980666 ], [ 138.0470583, 36.5982248 ], [ 138.0462349, 36.5989664 ], [ 138.0461422, 36.5990516 ], [ 138.0459983, 36.5991508 ], [ 138.0441945, 36.6003108 ], [ 138.043392, 36.600835 ], [ 138.0428473, 36.6011077 ], [ 138.0419536, 36.6016006 ], [ 138.0414212, 36.6019016 ], [ 138.0412253, 36.6019941 ], [ 138.0410239, 36.6020702 ], [ 138.0404739, 36.6022388 ], [ 138.0401039, 36.6023313 ], [ 138.0397881, 36.6024075 ], [ 138.03944, 36.6024783 ], [ 138.0390712, 36.6025394 ], [ 138.0386793, 36.6025938 ], [ 138.0382653, 36.6026427 ], [ 138.0376613, 36.6027002 ], [ 138.0371248, 36.602747 ], [ 138.0361219, 36.6028606 ], [ 138.0354856, 36.6029311 ], [ 138.0349195, 36.6030019 ], [ 138.034489, 36.60304 ], [ 138.0337712, 36.6031052 ], [ 138.0333378, 36.6031549 ], [ 138.0329201, 36.6032027 ], [ 138.0325037, 36.6032506 ], [ 138.0320128, 36.6033119 ], [ 138.0316809, 36.6033499 ], [ 138.0314779, 36.6033678 ], [ 138.0306548, 36.6034448 ], [ 138.0305408, 36.6034555 ], [ 138.0303342, 36.6034797 ], [ 138.0293001, 36.6035663 ], [ 138.029188, 36.603577 ], [ 138.0287151, 36.6036281 ], [ 138.0279539, 36.6037102 ], [ 138.0271651, 36.6037777 ], [ 138.0269012, 36.6037969 ], [ 138.0266963, 36.6038166 ], [ 138.0263885, 36.6038497 ], [ 138.0260048, 36.6038961 ], [ 138.0256415, 36.6039494 ], [ 138.0254176, 36.6039955 ], [ 138.0250187, 36.6040889 ], [ 138.0247797, 36.6041432 ], [ 138.0245542, 36.6041944 ], [ 138.0239123, 36.6043741 ], [ 138.0236125, 36.60447 ], [ 138.0235288, 36.6044968 ], [ 138.0233823, 36.6045402 ], [ 138.0228373, 36.6046838 ], [ 138.0223765, 36.6047794 ], [ 138.0220415, 36.6048358 ], [ 138.0215945, 36.6048977 ], [ 138.0209457, 36.6049541 ], [ 138.0204342, 36.6049836 ], [ 138.0198645, 36.604991 ], [ 138.0195279, 36.6049719 ], [ 138.0193425, 36.6049486 ], [ 138.0191719, 36.6049255 ], [ 138.0189693, 36.6048938 ], [ 138.0187229, 36.604853 ], [ 138.0181944, 36.6047221 ], [ 138.0180786, 36.6046948 ], [ 138.0179859, 36.6046666 ], [ 138.0173087, 36.6043683 ], [ 138.0167784, 36.6041769 ], [ 138.0166712, 36.6041464 ], [ 138.0161849, 36.604008 ], [ 138.0158359, 36.6039235 ], [ 138.0157312, 36.6039066 ], [ 138.0155914, 36.6038785 ], [ 138.0153915, 36.6038459 ], [ 138.0150929, 36.6037971 ], [ 138.0147928, 36.6037603 ], [ 138.0147151, 36.6037508 ], [ 138.0139581, 36.6036083 ], [ 138.0133996, 36.6035408 ], [ 138.0128481, 36.6035069 ], [ 138.0123051, 36.6034919 ], [ 138.0121849, 36.6034924 ], [ 138.0119274, 36.6035013 ], [ 138.0116409, 36.6035169 ], [ 138.0114167, 36.6035391 ], [ 138.0112145, 36.6035635 ], [ 138.0110114, 36.6035941 ], [ 138.0104766, 36.6037581 ], [ 138.0101612, 36.603858 ], [ 138.009899, 36.6039583 ], [ 138.0093315, 36.6041855 ], [ 138.0086322, 36.6044748 ], [ 138.0083379, 36.6046057 ], [ 138.0080231, 36.6047455 ], [ 138.0069843, 36.6052027 ], [ 138.0068473, 36.6052655 ], [ 138.0066633, 36.6053887 ], [ 138.0065515, 36.6054673 ], [ 138.0061494, 36.6056623 ], [ 138.0058329, 36.6057813 ], [ 138.0055783, 36.6058578 ], [ 138.005379, 36.6059099 ], [ 138.0049601, 36.6059719 ], [ 138.0046143, 36.6059853 ], [ 138.004372, 36.6059994 ], [ 138.0039805, 36.6059994 ], [ 138.0037795, 36.6059973 ], [ 138.0037232, 36.6059953 ], [ 138.0035366, 36.6059762 ], [ 138.0033031, 36.605953 ], [ 138.0030944, 36.6059247 ], [ 138.0028856, 36.6058888 ], [ 138.0027982, 36.605868 ], [ 138.0025448, 36.6058144 ], [ 138.0021959, 36.6057524 ], [ 138.0017001, 36.6057016 ], [ 138.0013798, 36.6056916 ], [ 138.0011585, 36.6056933 ], [ 138.0010252, 36.6056943 ], [ 138.0008246, 36.605709 ], [ 138.0006349, 36.6057269 ], [ 138.0004234, 36.6057647 ], [ 138.0000857, 36.6058674 ], [ 137.9992207, 36.606131 ], [ 137.9987684, 36.6062699 ], [ 137.9983951, 36.6063607 ], [ 137.9980915, 36.6064446 ], [ 137.9973101, 36.6066316 ], [ 137.9969046, 36.6067499 ], [ 137.9966602, 36.6069171 ], [ 137.9963879, 36.6071705 ], [ 137.996192, 36.6073723 ], [ 137.9960535, 36.607566 ], [ 137.9960438, 36.6075795 ], [ 137.9958157, 36.6079418 ], [ 137.9956987, 36.6080987 ], [ 137.9955241, 36.6083324 ], [ 137.9950804, 36.6089262 ], [ 137.9945941, 36.609551 ], [ 137.9944468, 36.6097496 ], [ 137.9942559, 36.6100066 ], [ 137.994039, 36.6102991 ], [ 137.9936702, 36.6107855 ], [ 137.9934746, 36.6110438 ], [ 137.9932293, 36.6113674 ], [ 137.9930273, 36.6116187 ], [ 137.9928538, 36.6118299 ], [ 137.9927308, 36.6119504 ], [ 137.9925671, 36.6120627 ], [ 137.9924054, 36.6121623 ], [ 137.9920177, 36.6123734 ], [ 137.9905258, 36.6128979 ], [ 137.989826, 36.6133291 ], [ 137.9891012, 36.6140074 ], [ 137.9886154, 36.614308 ], [ 137.9885708, 36.6143303 ] ] } },
{ "type": "Feature", "properties": { "N12_001": "20", "N12_002": 2, "N12_003": 6, "N12_004": "長野県道　長野真田線", "N12_005": 23, "N12_006": 1 }, "geometry": { "type": "LineString", "coordinates": [ [ 138.1845339, 36.593502 ], [ 138.1846169, 36.5933762 ], [ 138.1855025, 36.5919466 ], [ 138.1858227, 36.5914187 ], [ 138.185971, 36.5911576 ], [ 138.1860569, 36.5910215 ], [ 138.186108, 36.5909217 ], [ 138.186441, 36.5901982 ], [ 138.1865102, 36.5900314 ], [ 138.1869002, 36.5891806 ], [ 138.1873148, 36.5882567 ], [ 138.1877391, 36.5873112 ], [ 138.1881371, 36.5864281 ], [ 138.1882205, 36.5862564 ], [ 138.1884619, 36.5857106 ], [ 138.1887063, 36.585159 ], [ 138.1887456, 36.5850828 ], [ 138.1888291, 36.584937 ], [ 138.1889543, 36.5847537 ], [ 138.189126, 36.5845403 ], [ 138.1892574, 36.5844298 ], [ 138.1894634, 36.5842547 ], [ 138.1896492, 36.5841054 ], [ 138.1897663, 36.584017 ], [ 138.190366, 36.5835742 ], [ 138.1906948, 36.5833326 ], [ 138.1910831, 36.5830472 ], [ 138.1914762, 36.5827586 ], [ 138.1917047, 36.5825859 ], [ 138.1924952, 36.5820012 ], [ 138.1933768, 36.5813395 ], [ 138.1936612, 36.5811241 ], [ 138.1940727, 36.5808126 ], [ 138.1945382, 36.5804667 ], [ 138.1948251, 36.5802534 ], [ 138.1959757, 36.5793962 ], [ 138.1960952, 36.5793024 ], [ 138.1962388, 36.5791898 ], [ 138.1963793, 36.5790818 ], [ 138.1965267, 36.5789688 ], [ 138.1966127, 36.5789058 ], [ 138.1967329, 36.5788176 ], [ 138.1968832, 36.5787106 ], [ 138.1969618, 36.578639 ], [ 138.1970479, 36.5785462 ], [ 138.1971546, 36.5784192 ], [ 138.1972446, 36.5783028 ], [ 138.1973093, 36.5781884 ], [ 138.1973874, 36.5780537 ], [ 138.1974994, 36.5777723 ], [ 138.1976158, 36.5774801 ], [ 138.1976343, 36.5774217 ] ] } },
{ "type": "Feature", "properties": { "N12_001": "20", "N12_002": 2, "N12_003": 6, "N12_004": "長野県道　安曇野インター堀金線", "N12_005": 24, "N12_006": 1 }, "geometry": { "type": "LineString", "coordinates": [ [ 137.9404288, 36.3006629 ], [ 137.9394966, 36.30073 ], [ 137.9388217, 36.3007883 ], [ 137.9382068, 36.3008541 ], [ 137.9380092, 36.3008925 ], [ 137.9375093, 36.3010133 ], [ 137.9372093, 36.3010383 ], [ 137.9365064, 36.3009576 ], [ 137.9363393, 36.3009045 ], [ 137.9327972, 36.299955 ], [ 137.9324659, 36.2998758 ], [ 137.9320747, 36.299785 ], [ 137.9317472, 36.29973 ], [ 137.9314035, 36.2997383 ], [ 137.9304562, 36.2998712 ], [ 137.9298651, 36.2999679 ], [ 137.9282246, 36.3002326 ], [ 137.9275076, 36.3003581 ], [ 137.925934, 36.3006163 ], [ 137.9255225, 36.3006418 ], [ 137.9251091, 36.300652 ], [ 137.9239716, 36.3006566 ], [ 137.9234103, 36.3006589 ], [ 137.9216229, 36.300663 ], [ 137.920777, 36.300663 ], [ 137.920123, 36.3007047 ], [ 137.919342, 36.3008027 ], [ 137.9180151, 36.3010195 ], [ 137.9167733, 36.3012007 ], [ 137.9156483, 36.3013711 ], [ 137.9146859, 36.3015711 ], [ 137.9141066, 36.3018236 ], [ 137.9134585, 36.3021487 ], [ 137.9127855, 36.3023919 ], [ 137.9123923, 36.3024335 ], [ 137.9119494, 36.3024321 ], [ 137.9108361, 36.3023293 ] ] } },
{ "type": "Feature", "properties": { "N12_001": "20", "N12_002": 2, "N12_003": 6, "N12_004": "長野県道　長野須坂インター線", "N12_005": 25, "N12_006": 1 }, "geometry": { "type": "LineString", "coordinates": [ [ 138.2143011, 36.641692 ], [ 138.2146985, 36.6417078 ], [ 138.2150697, 36.6417363 ], [ 138.2158663, 36.6418158 ], [ 138.2166713, 36.6419369 ], [ 138.2172096, 36.6420178 ], [ 138.2184774, 36.6421925 ], [ 138.2191132, 36.6422895 ], [ 138.2211377, 36.642578 ], [ 138.2218521, 36.6426789 ], [ 138.2222702, 36.6427128 ], [ 138.2232388, 36.6427361 ], [ 138.2246194, 36.6427067 ], [ 138.2253464, 36.6426888 ], [ 138.2270509, 36.6426425 ], [ 138.2281169, 36.6426218 ], [ 138.2286658, 36.6426079 ], [ 138.2293146, 36.6426122 ], [ 138.2297946, 36.6426458 ], [ 138.2306171, 36.6427469 ], [ 138.2310029, 36.6427639 ], [ 138.2311977, 36.6427606 ], [ 138.2319138, 36.6426122 ], [ 138.2327093, 36.6424908 ], [ 138.2331769, 36.6424503 ], [ 138.2334735, 36.64243 ], [ 138.2341389, 36.6424111 ], [ 138.2344045, 36.6424035 ], [ 138.237274, 36.6422883 ], [ 138.2384396, 36.6422364 ], [ 138.239016, 36.6422213 ], [ 138.2394635, 36.642215 ], [ 138.2402919, 36.6421783 ], [ 138.2408587, 36.6421538 ], [ 138.241402, 36.6421304 ], [ 138.2422355, 36.6420946 ], [ 138.2429505, 36.6420609 ], [ 138.2432762, 36.6420487 ], [ 138.2440102, 36.6420197 ], [ 138.2445387, 36.641997 ], [ 138.2455088, 36.6419559 ], [ 138.2463691, 36.6419264 ], [ 138.2468762, 36.6419122 ], [ 138.2475118, 36.6418791 ], [ 138.2484059, 36.6418436 ], [ 138.2492465, 36.6417984 ], [ 138.2494764, 36.6417829 ], [ 138.2505344, 36.6417114 ], [ 138.2511291, 36.6417076 ], [ 138.2526966, 36.6414907 ], [ 138.253927, 36.6412832 ], [ 138.2545261, 36.6411736 ], [ 138.255828, 36.6409113 ], [ 138.2566558, 36.640746 ], [ 138.2581262, 36.6404508 ], [ 138.260528, 36.6399669 ], [ 138.2618618, 36.6396799 ], [ 138.2640603, 36.639221 ], [ 138.2659003, 36.6388746 ], [ 138.266662, 36.6387407 ], [ 138.2670275, 36.6386421 ], [ 138.2672955, 36.6385747 ], [ 138.268108, 36.6383689 ], [ 138.2685376, 36.6382612 ], [ 138.2690726, 36.6381271 ], [ 138.270231, 36.6378317 ], [ 138.2710966, 36.6376259 ], [ 138.2712492, 36.6375953 ], [ 138.2716117, 36.6375131 ], [ 138.2721399, 36.6374128 ], [ 138.2725046, 36.6373387 ], [ 138.2726897, 36.637301 ], [ 138.2729528, 36.6372473 ], [ 138.2730796, 36.6372223 ], [ 138.2733203, 36.6371813 ] ] } },
{ "type": "Feature", "properties": { "N12_001": "20", "N12_002": 2, "N12_003": 6, "N12_004": "長野県道　松川インター大鹿線", "N12_005": 26, "N12_006": 1 }, "geometry": { "type": "LineString", "coordinates": [ [ 137.9283226, 35.6017721 ], [ 137.9280966, 35.6015293 ], [ 137.9280072, 35.6014454 ], [ 137.9277866, 35.601299 ], [ 137.9276144, 35.6012315 ], [ 137.9274627, 35.6011979 ], [ 137.9270352, 35.6011979 ], [ 137.9265747, 35.6012462 ], [ 137.9262952, 35.6012114 ], [ 137.9259672, 35.6010931 ], [ 137.9257077, 35.6008705 ], [ 137.9256016, 35.6006573 ], [ 137.9252462, 35.6001773 ], [ 137.9248505, 35.5996268 ], [ 137.9247194, 35.5994859 ], [ 137.9245088, 35.5993712 ], [ 137.9243036, 35.5992729 ], [ 137.9233157, 35.598897 ], [ 137.9227688, 35.5986751 ], [ 137.9226102, 35.5985851 ], [ 137.9224447, 35.5984443 ], [ 137.9223312, 35.5983201 ], [ 137.9221002, 35.5980787 ], [ 137.9219002, 35.597904 ], [ 137.9218038, 35.5978365 ], [ 137.9213104, 35.5975376 ], [ 137.92115, 35.5974751 ], [ 137.9209716, 35.5974131 ], [ 137.9206633, 35.5972881 ], [ 137.9203883, 35.5971465 ], [ 137.9202047, 35.5970201 ], [ 137.9201174, 35.5969381 ], [ 137.9200463, 35.5968512 ], [ 137.919991, 35.5967384 ], [ 137.9199152, 35.5964515 ], [ 137.9198257, 35.5959219 ], [ 137.9197635, 35.595725 ], [ 137.9197266, 35.5956522 ], [ 137.9197134, 35.5955587 ], [ 137.919705, 35.5954687 ], [ 137.9196188, 35.5952579 ], [ 137.9195361, 35.5950555 ], [ 137.9194191, 35.5948301 ], [ 137.9193549, 35.5947843 ], [ 137.9192397, 35.5947962 ], [ 137.9185063, 35.5950241 ], [ 137.918401, 35.5950588 ], [ 137.9173427, 35.5954091 ], [ 137.9166255, 35.5956457 ], [ 137.916204, 35.5958687 ], [ 137.9154417, 35.5962599 ], [ 137.9151251, 35.5964289 ], [ 137.9144832, 35.5967711 ], [ 137.9140702, 35.5970212 ], [ 137.9137633, 35.5969268 ], [ 137.9136325, 35.596796 ], [ 137.9134786, 35.5966296 ], [ 137.9132205, 35.5962381 ], [ 137.9130372, 35.5959923 ], [ 137.9127913, 35.5956381 ], [ 137.9126188, 35.5953951 ], [ 137.9124541, 35.5951479 ], [ 137.9123369, 35.595009 ], [ 137.9122369, 35.5949423 ], [ 137.9120713, 35.5948748 ], [ 137.911961, 35.5948634 ], [ 137.9118647, 35.5948862 ], [ 137.9116855, 35.5949423 ], [ 137.9115613, 35.5950718 ], [ 137.9114994, 35.5951901 ], [ 137.9114441, 35.5955054 ], [ 137.9114235, 35.5958431 ], [ 137.9113983, 35.5960033 ], [ 137.9113306, 35.5961583 ], [ 137.911251, 35.5962934 ], [ 137.9111063, 35.5964512 ], [ 137.9108722, 35.5966312 ], [ 137.9107205, 35.5967326 ], [ 137.9106101, 35.5968749 ], [ 137.9102365, 35.5967927 ], [ 137.9100174, 35.5967834 ], [ 137.9095346, 35.5967834 ], [ 137.9094417, 35.5968003 ], [ 137.9089155, 35.5969298 ], [ 137.9088113, 35.5969634 ], [ 137.9083344, 35.5971937 ], [ 137.9079318, 35.5974103 ], [ 137.9072947, 35.5977515 ], [ 137.907088, 35.5978584 ], [ 137.906771, 35.5980273 ], [ 137.9065297, 35.5981962 ], [ 137.9060945, 35.5984235 ], [ 137.9050477, 35.5989734 ], [ 137.9047419, 35.5991956 ], [ 137.9047002, 35.5993248 ], [ 137.9047002, 35.5995081 ], [ 137.9047113, 35.5999139 ], [ 137.9046889, 35.5999965 ], [ 137.9046824, 35.6000204 ], [ 137.9045796, 35.6002886 ], [ 137.9045664, 35.600337 ], [ 137.9044686, 35.6007018 ], [ 137.9043791, 35.6008762 ], [ 137.904248, 35.6010451 ], [ 137.9040966, 35.6011912 ], [ 137.9037108, 35.6014898 ], [ 137.9036072, 35.601529 ], [ 137.90349, 35.6015459 ], [ 137.902973, 35.6015629 ], [ 137.9027733, 35.6016023 ], [ 137.9023597, 35.6016923 ], [ 137.902263, 35.6017206 ], [ 137.9018011, 35.6018221 ], [ 137.901298, 35.6019401 ], [ 137.9006433, 35.602064 ], [ 137.9003744, 35.6020976 ], [ 137.900001, 35.6021543 ], [ 137.8997336, 35.602182 ], [ 137.899356, 35.6021979 ], [ 137.8989891, 35.6021876 ], [ 137.8985806, 35.6021948 ], [ 137.8982255, 35.602307 ], [ 137.8979877, 35.6024217 ], [ 137.8977761, 35.6025312 ], [ 137.8975416, 35.6026437 ], [ 137.8971969, 35.6027901 ], [ 137.8969419, 35.6028915 ], [ 137.8963355, 35.603094 ], [ 137.895554, 35.6033089 ], [ 137.8945847, 35.6035218 ], [ 137.8941757, 35.6036011 ], [ 137.8935991, 35.6037131 ], [ 137.8934188, 35.6037819 ], [ 137.8931163, 35.603944 ], [ 137.8926549, 35.6041804 ], [ 137.8917797, 35.6046363 ], [ 137.8916296, 35.6047225 ], [ 137.8913592, 35.6048673 ], [ 137.8906008, 35.6052726 ], [ 137.890318, 35.6053578 ], [ 137.8902041, 35.6053739 ], [ 137.8900958, 35.6053891 ], [ 137.8896838, 35.6054245 ], [ 137.8893394, 35.6054806 ], [ 137.889098, 35.605537 ], [ 137.8888603, 35.6056115 ] ] } },
{ "type": "Feature", "properties": { "N12_001": "20", "N12_002": 2, "N12_003": 6, "N12_004": "長野県道　駒ヶ根駒ヶ岳公園線", "N12_005": 27, "N12_006": 1 }, "geometry": { "type": "LineString", "coordinates": [ [ 137.9119343, 35.7388592 ], [ 137.9125935, 35.738802 ], [ 137.9135656, 35.7387316 ], [ 137.9141398, 35.7386875 ], [ 137.9144184, 35.7386822 ], [ 137.9148105, 35.7387307 ], [ 137.9149551, 35.7387517 ], [ 137.9151618, 35.7387856 ], [ 137.9156101, 35.7388981 ], [ 137.9160243, 35.739022 ], [ 137.9165984, 35.7391964 ], [ 137.9170202, 35.7393253 ], [ 137.9176732, 35.7395345 ], [ 137.918215, 35.7397017 ], [ 137.9190106, 35.7399402 ], [ 137.9194187, 35.7400522 ], [ 137.9207988, 35.7403172 ], [ 137.9214413, 35.7404342 ], [ 137.9220957, 35.7405539 ], [ 137.9224201, 35.74061 ], [ 137.9232068, 35.7407395 ], [ 137.9234821, 35.7407902 ], [ 137.9238899, 35.7408578 ], [ 137.9244075, 35.7409647 ], [ 137.9249385, 35.7410606 ], [ 137.9256562, 35.7411845 ], [ 137.9261737, 35.7412522 ], [ 137.926374, 35.7412803 ], [ 137.9267877, 35.7413197 ], [ 137.9277677, 35.7413817 ], [ 137.9282154, 35.7414019 ], [ 137.9294718, 35.7414775 ], [ 137.9297476, 35.7414786 ], [ 137.9308916, 35.7415342 ], [ 137.9316892, 35.7415474 ], [ 137.9327077, 35.7415678 ], [ 137.9330093, 35.7415526 ], [ 137.9332453, 35.7415342 ], [ 137.9334807, 35.7415231 ], [ 137.9340393, 35.7414725 ], [ 137.9344288, 35.7414226 ], [ 137.9349088, 35.7413711 ], [ 137.9352294, 35.7413425 ] ] } },
{ "type": "Feature", "properties": { "N12_001": "20", "N12_002": 1, "N12_003": 6, "N12_004": "長野県道　丸子東部インター線", "N12_005": 28, "N12_006": 1 }, "geometry": { "type": "LineString", "coordinates": [ [ 138.3483892, 36.367184 ], [ 138.3487259, 36.3666661 ], [ 138.3487791, 36.3665605 ], [ 138.348855, 36.3663062 ], [ 138.348862, 36.366115 ], [ 138.3488342, 36.3659852 ], [ 138.3487648, 36.3658164 ], [ 138.3486122, 36.365517 ], [ 138.3484109, 36.3651442 ], [ 138.3482359, 36.3648253 ], [ 138.3479923, 36.3644706 ], [ 138.3478111, 36.3642847 ], [ 138.3476581, 36.3641608 ], [ 138.3473936, 36.363975 ], [ 138.3469553, 36.3637161 ], [ 138.3461272, 36.3632772 ], [ 138.3456306, 36.3630366 ], [ 138.3437953, 36.362147 ], [ 138.3433156, 36.3619147 ], [ 138.3423624, 36.3614527 ], [ 138.3420875, 36.3612945 ], [ 138.3419175, 36.3611574 ], [ 138.3416706, 36.3608827 ], [ 138.3412211, 36.3603264 ], [ 138.3403797, 36.3593917 ], [ 138.340233, 36.3592286 ], [ 138.33939, 36.3583328 ], [ 138.3386424, 36.3575815 ], [ 138.3381407, 36.3570653 ], [ 138.3379786, 36.3568636 ], [ 138.3378647, 36.3566822 ], [ 138.337818, 36.3565892 ], [ 138.3377544, 36.3564017 ], [ 138.3377159, 36.3562791 ], [ 138.3376896, 36.3561939 ] ] } },
{ "type": "Feature", "properties": { "N12_001": "20", "N12_002": 2, "N12_003": 6, "N12_004": "長野県道　伊那インター線", "N12_005": 29, "N12_006": 1 }, "geometry": { "type": "LineString", "coordinates": [ [ 137.9698999, 35.8495115 ], [ 137.9692452, 35.8498216 ], [ 137.9687746, 35.8500439 ], [ 137.9682367, 35.8502886 ], [ 137.9677863, 35.8505077 ], [ 137.9665838, 35.8511739 ], [ 137.9656855, 35.8515487 ], [ 137.9647152, 35.8519538 ], [ 137.9634884, 35.8524726 ], [ 137.9615788, 35.8532813 ], [ 137.9612112, 35.8534428 ], [ 137.9605618, 35.8537452 ], [ 137.9603751, 35.853858 ], [ 137.9599302, 35.8542053 ], [ 137.959331, 35.8547588 ], [ 137.9589024, 35.8551697 ], [ 137.9586308, 35.8554764 ], [ 137.9583349, 35.8558237 ], [ 137.9576733, 35.8565975 ], [ 137.9575127, 35.8567683 ], [ 137.9572846, 35.8569655 ], [ 137.9570149, 35.8571624 ], [ 137.9563854, 35.8575397 ], [ 137.9557079, 35.8578608 ], [ 137.9545074, 35.8584342 ], [ 137.9540559, 35.8586372 ], [ 137.9526587, 35.859285 ], [ 137.9519186, 35.8596287 ], [ 137.9508265, 35.8600756 ], [ 137.9501869, 35.8603335 ], [ 137.9490904, 35.8607724 ], [ 137.9488872, 35.8608499 ], [ 137.9481816, 35.8611444 ], [ 137.9476841, 35.8613623 ], [ 137.946911, 35.8616663 ], [ 137.9449391, 35.8624749 ], [ 137.9440919, 35.8628156 ], [ 137.9434806, 35.8630626 ] ] } },
{ "type": "Feature", "properties": { "N12_001": "20", "N12_002": 2, "N12_003": 6, "N12_004": "長野県道　園原インター線", "N12_005": 30, "N12_006": 1 }, "geometry": { "type": "LineString", "coordinates": [ [ 137.6725185, 35.4575537 ], [ 137.672732, 35.4576616 ], [ 137.6731427, 35.4578691 ], [ 137.6736872, 35.4581442 ], [ 137.6741195, 35.4583625 ], [ 137.6744018, 35.4585953 ], [ 137.6745198, 35.4586411 ], [ 137.6748179, 35.4587062 ], [ 137.676063, 35.4587853 ], [ 137.6766407, 35.4588303 ], [ 137.677136, 35.4588359 ], [ 137.6774112, 35.4588134 ], [ 137.6775007, 35.4588023 ], [ 137.6778379, 35.4586559 ], [ 137.6780784, 35.4585825 ], [ 137.6782336, 35.4585659 ], [ 137.6783401, 35.4585545 ], [ 137.678952, 35.4585545 ], [ 137.6793442, 35.4585151 ], [ 137.6796467, 35.4584981 ], [ 137.679812, 35.4584476 ], [ 137.6799061, 35.4583855 ], [ 137.6799565, 35.4583123 ], [ 137.6800115, 35.4582053 ], [ 137.6802248, 35.4579856 ], [ 137.6803004, 35.4578842 ], [ 137.6804187, 35.4577034 ], [ 137.6804822, 35.4576336 ], [ 137.6806995, 35.4575298 ], [ 137.6809129, 35.4574564 ], [ 137.6813118, 35.4573834 ], [ 137.6817865, 35.457327 ], [ 137.6821099, 35.4573156 ], [ 137.6822679, 35.4573214 ], [ 137.6825637, 35.4573776 ], [ 137.6829765, 35.4574789 ], [ 137.6832004, 35.4575023 ], [ 137.6833134, 35.4574789 ], [ 137.6835268, 35.457327 ], [ 137.6836301, 35.457265 ], [ 137.6837676, 35.4572031 ], [ 137.6838915, 35.4571637 ], [ 137.6841529, 35.4571187 ], [ 137.6842493, 35.4570848 ], [ 137.6843593, 35.4570228 ], [ 137.6844417, 35.4569498 ], [ 137.6845657, 35.4568595 ], [ 137.684779, 35.4568709 ], [ 137.6851435, 35.456927 ], [ 137.6856248, 35.4569328 ], [ 137.6860929, 35.4568989 ], [ 137.6865951, 35.4568989 ], [ 137.6870354, 35.4569214 ], [ 137.6874826, 35.4569948 ], [ 137.6876407, 35.4570678 ], [ 137.6878126, 35.4572086 ], [ 137.6880649, 35.4575334 ], [ 137.6884327, 35.4578378 ], [ 137.6887022, 35.4579531 ], [ 137.6888545, 35.4580008 ], [ 137.6892021, 35.4580478 ], [ 137.6899591, 35.4580592 ], [ 137.6901585, 35.4580759 ], [ 137.6903168, 35.4581098 ], [ 137.6905504, 35.4582112 ], [ 137.6908049, 35.4583914 ], [ 137.6911557, 35.4587181 ], [ 137.691321, 35.4588306 ], [ 137.6915685, 35.4589375 ], [ 137.6916977, 35.4589775 ], [ 137.6918782, 35.4590334 ], [ 137.6920578, 35.4590528 ], [ 137.6926904, 35.4591136 ], [ 137.6931643, 35.4591573 ], [ 137.6933707, 35.4591912 ], [ 137.6936324, 35.4592925 ], [ 137.6938868, 35.4594445 ], [ 137.6940727, 35.4595342 ], [ 137.694286, 35.4595962 ], [ 137.6945749, 35.459647 ], [ 137.6947263, 35.4596864 ], [ 137.6950566, 35.4598214 ], [ 137.6953038, 35.4599737 ], [ 137.6956685, 35.460227 ], [ 137.6959229, 35.4604298 ], [ 137.6963632, 35.4608353 ], [ 137.6965354, 35.4609817 ], [ 137.696618, 35.4610607 ], [ 137.6968793, 35.4612689 ], [ 137.6970513, 35.4613478 ], [ 137.6973332, 35.4614434 ], [ 137.6977046, 35.4615448 ], [ 137.6978971, 35.4616295 ], [ 137.697973, 35.4616914 ], [ 137.6980419, 35.4617759 ], [ 137.6980349, 35.4619898 ], [ 137.6979799, 35.46217 ], [ 137.697856, 35.4623895 ], [ 137.6977527, 35.4625584 ], [ 137.6976152, 35.4628173 ], [ 137.6975188, 35.463054 ], [ 137.6975118, 35.4632173 ], [ 137.6975877, 35.46342 ], [ 137.6976357, 35.4635325 ], [ 137.6977666, 35.4636228 ], [ 137.6979866, 35.4637128 ], [ 137.6984888, 35.4638423 ], [ 137.6986266, 35.4638648 ], [ 137.698826, 35.4638817 ], [ 137.6993349, 35.4638761 ], [ 137.6996444, 35.4638367 ], [ 137.6998639, 35.4637681 ], [ 137.700001, 35.4637253 ], [ 137.7001784, 35.46367 ], [ 137.7004082, 35.463617 ], [ 137.7006147, 35.4636114 ], [ 137.7017938, 35.4637942 ], [ 137.7022516, 35.4638481 ], [ 137.702513, 35.4638648 ], [ 137.7027812, 35.4639122 ], [ 137.7029602, 35.4639436 ], [ 137.703201, 35.464017 ], [ 137.7035108, 35.4641464 ], [ 137.7038341, 35.4642873 ], [ 137.7039922, 35.4643211 ], [ 137.7041369, 35.4643153 ], [ 137.704818, 35.4641295 ], [ 137.7049346, 35.4640789 ], [ 137.7050412, 35.4640003 ], [ 137.7051203, 35.4639325 ], [ 137.7052097, 35.4638311 ], [ 137.7054026, 35.4636227 ], [ 137.7055674, 35.4634203 ], [ 137.7057119, 35.463285 ], [ 137.7058083, 35.4632231 ], [ 137.7059597, 35.463195 ], [ 137.7061247, 35.4631895 ], [ 137.7062349, 35.4632006 ], [ 137.7062899, 35.4633189 ], [ 137.7063794, 35.4635778 ], [ 137.7064274, 35.4636734 ], [ 137.7067989, 35.4639943 ], [ 137.7069711, 35.4642253 ], [ 137.7070605, 35.4644336 ], [ 137.7071911, 35.4646759 ], [ 137.7072738, 35.4647884 ], [ 137.7076244, 35.4651603 ], [ 137.7077486, 35.4652302 ], [ 137.7078099, 35.4652448 ], [ 137.7080233, 35.4652334 ], [ 137.7081541, 35.4651884 ], [ 137.7083991, 35.4650798 ], [ 137.7084085, 35.4650756 ], [ 137.7087594, 35.4648842 ], [ 137.7090208, 35.4647039 ], [ 137.7091102, 35.4646139 ], [ 137.7094061, 35.4641972 ], [ 137.7097638, 35.4637806 ], [ 137.7099083, 35.4636006 ], [ 137.7100805, 35.463302 ], [ 137.7101766, 35.4631781 ], [ 137.7102525, 35.4631047 ], [ 137.7104253, 35.4630059 ], [ 137.7105989, 35.4629473 ] ] } },
{ "type": "Feature", "properties": { "N12_001": "20", "N12_002": 2, "N12_003": 6, "N12_004": "長野県道　諏訪南インター線", "N12_005": 31, "N12_006": 1 }, "geometry": { "type": "LineString", "coordinates": [ [ 138.2025151, 35.9355529 ], [ 138.2027462, 35.9356951 ], [ 138.2028595, 35.9357667 ], [ 138.2030459, 35.9358676 ], [ 138.2033522, 35.9359815 ], [ 138.2035635, 35.9360601 ], [ 138.2037315, 35.9361148 ], [ 138.2040131, 35.9361006 ], [ 138.2041515, 35.9360553 ], [ 138.204262, 35.9359878 ], [ 138.204359, 35.9359034 ], [ 138.2045043, 35.9357289 ], [ 138.204809, 35.9352334 ], [ 138.2049848, 35.9350274 ], [ 138.2051737, 35.9348709 ], [ 138.2054985, 35.9346953 ], [ 138.2057036, 35.9346045 ], [ 138.2062557, 35.9343495 ], [ 138.2065256, 35.934254 ], [ 138.2068373, 35.9341864 ], [ 138.2070657, 35.9341806 ], [ 138.2072665, 35.9342031 ], [ 138.2075087, 35.9342595 ], [ 138.2078409, 35.9343889 ], [ 138.2081387, 35.9344734 ], [ 138.2082353, 35.934495 ], [ 138.2089968, 35.9346651 ], [ 138.209772, 35.934817 ], [ 138.2100768, 35.9348056 ], [ 138.2103429, 35.9347474 ], [ 138.2106363, 35.9346845 ], [ 138.2107825, 35.9346589 ], [ 138.2110182, 35.9346651 ], [ 138.211226, 35.9346931 ], [ 138.2114682, 35.9347606 ], [ 138.2117934, 35.9349014 ], [ 138.211968, 35.9350054 ], [ 138.2121797, 35.93512 ], [ 138.2123273, 35.9351984 ], [ 138.2126223, 35.9354037 ], [ 138.2129012, 35.9356784 ], [ 138.2132332, 35.9359542 ], [ 138.2133923, 35.9360498 ], [ 138.2135376, 35.9361342 ], [ 138.2137731, 35.9362411 ] ] } },
{ "type": "Feature", "properties": { "N12_001": "20", "N12_002": 2, "N12_003": 6, "N12_004": "長野県道　坂城インター線", "N12_005": 32, "N12_006": 1 }, "geometry": { "type": "LineString", "coordinates": [ [ 138.2051104, 36.4471966 ], [ 138.2050401, 36.4472096 ], [ 138.2049177, 36.44722 ], [ 138.2046168, 36.4471964 ], [ 138.2042809, 36.4471716 ], [ 138.2028415, 36.4470686 ], [ 138.2020949, 36.4469939 ], [ 138.2011677, 36.4468146 ], [ 138.1983992, 36.4462343 ], [ 138.1972055, 36.4459649 ], [ 138.1962405, 36.4457522 ], [ 138.19453, 36.4453568 ], [ 138.1941265, 36.4452836 ], [ 138.1931793, 36.4451427 ], [ 138.1927264, 36.4450641 ], [ 138.1916704, 36.4448147 ], [ 138.1900934, 36.4444421 ] ] } },
{ "type": "Feature", "properties": { "N12_001": "20", "N12_002": 2, "N12_003": 7, "N12_004": "塩尻市道　空港公園1号線", "N12_005": 33, "N12_006": 1 }, "geometry": { "type": "LineString", "coordinates": [ [ 137.928993, 36.1634462 ], [ 137.9290006, 36.1633559 ], [ 137.9289978, 36.1632583 ], [ 137.9289964, 36.1632061 ], [ 137.9289686, 36.1630483 ], [ 137.92892, 36.1628911 ], [ 137.9288717, 36.1627728 ], [ 137.9287814, 36.1626489 ], [ 137.9286633, 36.1625533 ], [ 137.9284692, 36.1624295 ], [ 137.9281848, 36.1622473 ], [ 137.9279582, 36.1620901 ], [ 137.9278818, 36.1620056 ], [ 137.9277987, 36.1618481 ], [ 137.9276162, 36.1614367 ], [ 137.9272588, 36.1604689 ], [ 137.9263537, 36.1583328 ], [ 137.9262977, 36.1582006 ], [ 137.9262565, 36.158055 ], [ 137.9262563, 36.1578347 ], [ 137.9267631, 36.1557622 ], [ 137.9269941, 36.1548063 ], [ 137.9277063, 36.1519461 ], [ 137.9277108, 36.1517967 ], [ 137.9276877, 36.1517193 ] ] } },
{ "type": "Feature", "properties": { "N12_001": "20", "N12_002": 2, "N12_003": 3, "N12_004": "一般国道406号", "N12_005": 34, "N12_006": 1 }, "geometry": { "type": "LineString", "coordinates": [ [ 138.2604815, 36.6618411 ], [ 138.2621319, 36.6624559 ], [ 138.262403, 36.6625619 ], [ 138.2627847, 36.6627083 ], [ 138.2634878, 36.6629914 ], [ 138.2637324, 36.6630817 ], [ 138.2643891, 36.6633463 ], [ 138.2646467, 36.6634533 ], [ 138.2649867, 36.6635883 ], [ 138.2653418, 36.6637292 ], [ 138.2656436, 36.66384 ], [ 138.2657812, 36.6638784 ], [ 138.2659191, 36.6639112 ], [ 138.266046, 36.6639328 ], [ 138.2661486, 36.6639423 ], [ 138.2663114, 36.6639499 ], [ 138.2664138, 36.6639445 ], [ 138.2665183, 36.6639319 ], [ 138.2666961, 36.6638916 ], [ 138.2674976, 36.6636669 ], [ 138.2753924, 36.6606103 ], [ 138.2764876, 36.6602167 ], [ 138.2772748, 36.6598186 ], [ 138.277978, 36.6593934 ], [ 138.2783465, 36.6591316 ], [ 138.2785236, 36.6590024 ], [ 138.2787306, 36.6588501 ], [ 138.2791453, 36.658545 ], [ 138.2794689, 36.6583053 ], [ 138.2796624, 36.6581621 ], [ 138.2800368, 36.6578852 ], [ 138.2808641, 36.6573502 ], [ 138.281603, 36.6568441 ], [ 138.2819376, 36.6566757 ], [ 138.2825602, 36.6563689 ], [ 138.2829095, 36.6562068 ], [ 138.283209, 36.6560581 ], [ 138.2837326, 36.6559175 ], [ 138.2843054, 36.6557397 ], [ 138.2851099, 36.6554939 ], [ 138.2853956, 36.6554071 ], [ 138.2860232, 36.6552096 ], [ 138.2865808, 36.6550503 ], [ 138.2868895, 36.6549686 ], [ 138.2874156, 36.65485 ], [ 138.287656, 36.6547972 ], [ 138.2879562, 36.6547408 ], [ 138.2883331, 36.6547072 ], [ 138.2885706, 36.6547017 ], [ 138.2890453, 36.6547072 ], [ 138.2895548, 36.6546764 ], [ 138.2908003, 36.6546666 ], [ 138.2948624, 36.6546084 ], [ 138.2977013, 36.6545369 ], [ 138.2983244, 36.654563 ], [ 138.300184, 36.6545585 ], [ 138.301968, 36.6545502 ], [ 138.3038091, 36.6545281 ], [ 138.3056989, 36.6545003 ], [ 138.3071999, 36.6544913 ], [ 138.3073239, 36.6544874 ], [ 138.3074305, 36.6544736 ] ] } },
{ "type": "Feature", "properties": { "N12_001": "20", "N12_002": 2, "N12_003": 3, "N12_004": "一般国道418号", "N12_005": 35, "N12_006": 1 }, "geometry": { "type": "LineString", "coordinates": [ [ 137.7454532, 35.2567275 ], [ 137.7448013, 35.2571778 ], [ 137.7442332, 35.2575914 ], [ 137.743795, 35.2579032 ], [ 137.7432326, 35.2583332 ], [ 137.7429461, 35.2585445 ], [ 137.7429159, 35.2586039 ], [ 137.7426403, 35.2590881 ], [ 137.742445, 35.2596784 ], [ 137.7421874, 35.260081 ], [ 137.7417811, 35.2605022 ], [ 137.7414921, 35.2606545 ], [ 137.7411568, 35.260802 ], [ 137.7405226, 35.2609478 ], [ 137.7399512, 35.2610083 ], [ 137.7394469, 35.2610318 ], [ 137.7392193, 35.261053 ], [ 137.7390164, 35.2610612 ], [ 137.7384515, 35.2610369 ], [ 137.7377975, 35.2609154 ], [ 137.7369949, 35.2606238 ], [ 137.7358646, 35.2599903 ], [ 137.735606, 35.2598353 ], [ 137.7352681, 35.2596549 ], [ 137.7348995, 35.2595512 ], [ 137.7345253, 35.2595131 ], [ 137.7341884, 35.2595334 ], [ 137.7338862, 35.259586 ], [ 137.7335988, 35.2596792 ], [ 137.73334, 35.2597666 ], [ 137.7331587, 35.2598278 ], [ 137.7327008, 35.2600054 ], [ 137.7325283, 35.2600776 ], [ 137.7323104, 35.2601949 ], [ 137.7320889, 35.2603301 ], [ 137.731713, 35.2606128 ], [ 137.731426, 35.2608286 ], [ 137.7310658, 35.2610996 ], [ 137.7305949, 35.2614331 ], [ 137.7301707, 35.2617177 ], [ 137.7297596, 35.2619544 ], [ 137.7295081, 35.2620992 ], [ 137.7289379, 35.2623781 ], [ 137.7284507, 35.2625792 ], [ 137.7278251, 35.2628397 ], [ 137.7273212, 35.2630226 ], [ 137.7268064, 35.2631963 ], [ 137.7258707, 35.263466 ], [ 137.7250007, 35.2637085 ], [ 137.7241653, 35.2639456 ], [ 137.7235232, 35.2641021 ], [ 137.7224285, 35.2643957 ], [ 137.7219451, 35.2645291 ], [ 137.7215534, 35.264625 ], [ 137.7204203, 35.2649391 ], [ 137.7192881, 35.2652734 ], [ 137.7191431, 35.2653342 ], [ 137.7190238, 35.2653997 ], [ 137.7189162, 35.2654885 ], [ 137.7188296, 35.265589 ], [ 137.7187641, 35.2656872 ], [ 137.7187243, 35.2657831 ], [ 137.7187056, 35.2658766 ], [ 137.7187103, 35.2660402 ], [ 137.7187407, 35.2661711 ], [ 137.7188085, 35.2663207 ], [ 137.7189606, 35.2665288 ], [ 137.719136, 35.2667883 ], [ 137.7191969, 35.2669239 ], [ 137.7192179, 35.2670524 ], [ 137.7192156, 35.2671576 ], [ 137.7192015, 35.2672745 ], [ 137.7191454, 35.2673891 ], [ 137.7190776, 35.2674896 ], [ 137.718977, 35.2675971 ], [ 137.7188764, 35.2676626 ], [ 137.7187594, 35.2677257 ], [ 137.718612, 35.2677771 ], [ 137.718481, 35.2678005 ], [ 137.7183477, 35.2678099 ], [ 137.7181606, 35.2678005 ], [ 137.7179804, 35.2677514 ], [ 137.7173231, 35.2674919 ], [ 137.7171687, 35.2674452 ], [ 137.7169488, 35.2674031 ], [ 137.71675, 35.2673914 ], [ 137.7164131, 35.2673938 ], [ 137.716233, 35.2674125 ], [ 137.7159359, 35.2674779 ], [ 137.7157441, 35.2675457 ], [ 137.7155967, 35.2676112 ], [ 137.7154142, 35.2677117 ], [ 137.7152739, 35.2678075 ], [ 137.7146703, 35.2682961 ], [ 137.7144949, 35.2684177 ], [ 137.7143475, 35.2685042 ], [ 137.7140598, 35.2686538 ], [ 137.713744, 35.268787 ], [ 137.7133931, 35.2689647 ], [ 137.7132092, 35.2690792 ], [ 137.7129612, 35.2691599 ], [ 137.7127336, 35.2692096 ], [ 137.7126649, 35.2692241 ], [ 137.7125427, 35.2692483 ], [ 137.7123805, 35.2692602 ], [ 137.7119737, 35.2692853 ], [ 137.7118759, 35.2692917 ], [ 137.7113148, 35.2693276 ], [ 137.7109921, 35.2693837 ], [ 137.710587, 35.269491 ], [ 137.710587, 35.2700315 ], [ 137.7106145, 35.2702962 ], [ 137.7106832, 35.2706171 ], [ 137.7107176, 35.2708482 ], [ 137.7107862, 35.2711071 ], [ 137.7109395, 35.2717145 ], [ 137.7110676, 35.2722276 ], [ 137.7111616, 35.2726519 ], [ 137.7112048, 35.272819 ], [ 137.7113301, 35.2734432 ], [ 137.711378, 35.2736577 ], [ 137.7111362, 35.2738493 ], [ 137.710992, 35.2740012 ], [ 137.710642, 35.2744687 ], [ 137.7104565, 35.2746321 ], [ 137.7101149, 35.2748731 ], [ 137.710077, 35.2749177 ], [ 137.7100086, 35.2749999 ], [ 137.7099209, 35.2751051 ], [ 137.7098043, 35.275257 ], [ 137.7096945, 35.2753585 ], [ 137.7094404, 35.2754879 ], [ 137.7093033, 35.2755723 ], [ 137.7085755, 35.2759497 ], [ 137.708334, 35.2760881 ], [ 137.7071808, 35.2766759 ], [ 137.7068933, 35.2768508 ], [ 137.7064884, 35.2770982 ], [ 137.7062137, 35.2771715 ], [ 137.7059734, 35.2771715 ], [ 137.7056711, 35.2771151 ], [ 137.7054773, 35.2770675 ], [ 137.705325, 35.2770505 ], [ 137.705239, 35.2770418 ], [ 137.7051017, 35.2770476 ], [ 137.7049437, 35.2770702 ], [ 137.7046898, 35.2770812 ], [ 137.7045731, 35.2770476 ], [ 137.7042779, 35.2769518 ], [ 137.7038178, 35.2768165 ], [ 137.7036737, 35.2767999 ], [ 137.7035431, 35.2768674 ], [ 137.703447, 35.2769632 ], [ 137.7028562, 35.2774531 ], [ 137.7023417, 35.2778585 ], [ 137.7022043, 35.2779429 ], [ 137.7019914, 35.2780215 ], [ 137.7017057, 35.2781611 ], [ 137.7015455, 35.2782298 ], [ 137.7007284, 35.2786074 ], [ 137.7006803, 35.2786468 ], [ 137.7006048, 35.2787818 ], [ 137.7005706, 35.2788663 ], [ 137.7005002, 35.2790155 ], [ 137.7004363, 35.2791113 ], [ 137.7003095, 35.279176 ], [ 137.7000006, 35.2793027 ], [ 137.6998564, 35.2793618 ], [ 137.699465, 35.2795535 ], [ 137.6993414, 35.2796265 ], [ 137.6988059, 35.2800432 ], [ 137.698655, 35.2801387 ], [ 137.6983598, 35.280364 ], [ 137.6981192, 35.2805164 ], [ 137.697632, 35.280809 ], [ 137.6974398, 35.2809554 ], [ 137.697282, 35.2810793 ], [ 137.6971584, 35.2811921 ], [ 137.6970828, 35.2813046 ], [ 137.6970692, 35.2813385 ], [ 137.696876, 35.2815702 ], [ 137.6966312, 35.2818305 ], [ 137.6964138, 35.2820523 ], [ 137.6961654, 35.2826201 ], [ 137.6961012, 35.2826899 ], [ 137.6958884, 35.2828982 ], [ 137.6955387, 35.2833045 ], [ 137.6954764, 35.2833768 ], [ 137.6952292, 35.2837146 ], [ 137.6951398, 35.283816 ], [ 137.6950026, 35.2839454 ], [ 137.6948995, 35.2840018 ], [ 137.6944208, 35.2841143 ], [ 137.6940961, 35.2842157 ], [ 137.6939999, 35.2843058 ], [ 137.6939109, 35.2844015 ], [ 137.6937323, 35.2846493 ], [ 137.6935263, 35.284972 ], [ 137.6931761, 35.2853474 ], [ 137.6930227, 35.2854533 ], [ 137.6928539, 35.2855671 ], [ 137.6925998, 35.2858093 ], [ 137.6922153, 35.2860851 ], [ 137.6920781, 35.2862146 ], [ 137.6919406, 35.2864513 ], [ 137.6917964, 35.286716 ], [ 137.6916673, 35.2869204 ], [ 137.6915831, 35.2870293 ], [ 137.691467, 35.2871832 ], [ 137.6911996, 35.2874534 ], [ 137.691042, 35.2876015 ], [ 137.6909311, 35.2876725 ], [ 137.6905585, 35.2877992 ], [ 137.6901967, 35.2879265 ], [ 137.6900869, 35.2879715 ], [ 137.6897847, 35.2880615 ], [ 137.6889475, 35.2882926 ], [ 137.6885767, 35.2884277 ], [ 137.6880753, 35.2886415 ], [ 137.6878898, 35.2886922 ], [ 137.6877458, 35.2887315 ], [ 137.6875056, 35.2887596 ], [ 137.6871072, 35.2887821 ], [ 137.6866197, 35.2887879 ], [ 137.6863658, 35.288771 ], [ 137.6860022, 35.288771 ], [ 137.6858006, 35.2887993 ], [ 137.6857233, 35.2888569 ], [ 137.6856169, 35.2889767 ], [ 137.6855858, 35.2893759 ], [ 137.6855422, 35.2894638 ], [ 137.6854392, 35.2895932 ], [ 137.6853294, 35.2897735 ], [ 137.6851578, 35.2899763 ], [ 137.684993, 35.290156 ], [ 137.6849447, 35.2902179 ], [ 137.6848555, 35.2904038 ], [ 137.6847733, 35.2906799 ], [ 137.6846978, 35.2910965 ], [ 137.6844991, 35.2916665 ], [ 137.684368, 35.2920426 ], [ 137.6842103, 35.2923749 ], [ 137.6839287, 35.2928195 ], [ 137.683812, 35.2929659 ], [ 137.6836061, 35.2931351 ], [ 137.6834631, 35.2932208 ], [ 137.6833244, 35.293304 ], [ 137.682988, 35.2934674 ], [ 137.6827408, 35.2935518 ], [ 137.6824664, 35.2935857 ], [ 137.6823358, 35.2936249 ], [ 137.6822258, 35.2936926 ], [ 137.6821025, 35.2938446 ], [ 137.6816494, 35.2947229 ], [ 137.6814472, 35.2951248 ], [ 137.6813673, 35.2951957 ], [ 137.681252, 35.2952534 ], [ 137.6809836, 35.2953874 ], [ 137.6808394, 35.2954888 ], [ 137.6807569, 35.2955846 ], [ 137.6806952, 35.2957479 ], [ 137.6806744, 35.295911 ], [ 137.6806674, 35.2960931 ], [ 137.6806426, 35.2963108 ], [ 137.6806015, 35.2963847 ], [ 137.6805333, 35.2964588 ], [ 137.680393, 35.2964571 ], [ 137.6800908, 35.2963785 ], [ 137.6799605, 35.296384 ], [ 137.6798986, 35.2964065 ], [ 137.6797958, 35.296474 ], [ 137.6797544, 35.2966149 ], [ 137.6797408, 35.2969135 ], [ 137.6797133, 35.2971274 ], [ 137.6796789, 35.2972454 ], [ 137.6796302, 35.2973879 ], [ 137.6795763, 35.297456 ], [ 137.6794935, 35.2975348 ], [ 137.6794407, 35.2975458 ], [ 137.6793945, 35.2975432 ], [ 137.6793483, 35.297515 ], [ 137.6793278, 35.2974611 ], [ 137.6793329, 35.2973892 ], [ 137.6794099, 35.2971325 ], [ 137.6794253, 35.2970888 ], [ 137.6794099, 35.2970503 ], [ 137.6793766, 35.297017 ], [ 137.6793381, 35.2970016 ], [ 137.6792502, 35.2970081 ], [ 137.6791172, 35.2970985 ], [ 137.6790514, 35.2971913 ], [ 137.6789925, 35.2972851 ], [ 137.6788758, 35.2974763 ], [ 137.6787588, 35.2976057 ], [ 137.6786216, 35.2977524 ], [ 137.6785255, 35.2979043 ], [ 137.6784775, 35.2980168 ], [ 137.6784224, 35.2981071 ], [ 137.6782375, 35.2982421 ], [ 137.6780794, 35.2982815 ], [ 137.6776948, 35.2982765 ], [ 137.6776469, 35.298276 ], [ 137.6772213, 35.2982479 ], [ 137.6769055, 35.2982535 ], [ 137.6768505, 35.298259 ], [ 137.6766719, 35.298304 ], [ 137.6764316, 35.2983999 ], [ 137.6762875, 35.2984957 ], [ 137.6761297, 35.2986646 ], [ 137.6760747, 35.2987321 ], [ 137.676013, 35.2988501 ], [ 137.6759854, 35.2989178 ], [ 137.6759374, 35.2990027 ], [ 137.6758845, 35.2990305 ], [ 137.6758176, 35.2990333 ], [ 137.6757591, 35.2989888 ], [ 137.6757118, 35.2988913 ], [ 137.6756644, 35.298674 ], [ 137.6756394, 35.2985626 ], [ 137.6756087, 35.2985152 ], [ 137.6755461, 35.2984899 ], [ 137.675443, 35.2984618 ], [ 137.6752852, 35.2984563 ], [ 137.6749102, 35.2984916 ], [ 137.6745713, 35.2985235 ], [ 137.6744958, 35.298546 ], [ 137.6743586, 35.2986249 ], [ 137.6741663, 35.2987826 ], [ 137.6739808, 35.298946 ], [ 137.6738505, 35.299019 ], [ 137.6736777, 35.2990262 ], [ 137.6736227, 35.298972 ], [ 137.6735893, 35.2989024 ], [ 137.6735391, 35.2986935 ], [ 137.6735085, 35.2986127 ], [ 137.6734186, 35.2985321 ], [ 137.6733286, 35.2984785 ], [ 137.6730471, 35.2984335 ], [ 137.6722922, 35.298349 ], [ 137.6722001, 35.2982387 ], [ 137.6721799, 35.2981921 ], [ 137.6721826, 35.2981336 ], [ 137.6722049, 35.2980668 ], [ 137.6722716, 35.298011 ], [ 137.6723472, 35.297966 ], [ 137.6725391, 35.2978874 ], [ 137.673198, 35.2977579 ], [ 137.673476, 35.2976866 ], [ 137.6735364, 35.2976434 ], [ 137.6735503, 35.2975988 ], [ 137.6735308, 35.2975543 ], [ 137.6734679, 35.29752 ], [ 137.6733963, 35.297511 ], [ 137.673253, 35.2975157 ], [ 137.672903, 35.2975496 ], [ 137.6725324, 35.2975607 ], [ 137.6723402, 35.2975382 ], [ 137.6722027, 35.2974988 ], [ 137.6719693, 35.2973862 ], [ 137.6716947, 35.2972115 ], [ 137.6715747, 35.2971485 ], [ 137.671523, 35.2971215 ], [ 137.6713377, 35.2970482 ], [ 137.6710699, 35.2969751 ], [ 137.6707886, 35.2969751 ], [ 137.6706306, 35.2970132 ], [ 137.6705549, 35.2970313 ], [ 137.6703422, 35.2971101 ], [ 137.6702748, 35.2971655 ], [ 137.6702049, 35.2972171 ], [ 137.6701638, 35.2972624 ], [ 137.6699443, 35.2974422 ], [ 137.6698546, 35.2975099 ], [ 137.669546, 35.2976563 ], [ 137.6690585, 35.2977971 ], [ 137.6689419, 35.2978421 ], [ 137.6688113, 35.297921 ], [ 137.6687291, 35.2979999 ], [ 137.6684063, 35.2984504 ], [ 137.6682622, 35.2986304 ], [ 137.6681041, 35.2987488 ], [ 137.668008, 35.2988896 ], [ 137.6678777, 35.2992049 ], [ 137.6676235, 35.2996665 ], [ 137.6674313, 35.2999313 ], [ 137.6674015, 35.3000103 ], [ 137.6673818, 35.3002032 ], [ 137.6673739, 35.3002897 ], [ 137.6673503, 35.3003802 ], [ 137.667307, 35.3004629 ], [ 137.6672527, 35.3005057 ], [ 137.6668957, 35.3007421 ], [ 137.6667446, 35.3009224 ], [ 137.6666671, 35.3009961 ], [ 137.6666144, 35.3010463 ], [ 137.6663671, 35.3011982 ], [ 137.666216, 35.301249 ], [ 137.6661063, 35.301249 ], [ 137.6660169, 35.3012265 ], [ 137.6657905, 35.3011701 ], [ 137.6654955, 35.301249 ], [ 137.6652277, 35.3013557 ], [ 137.6651727, 35.3013896 ], [ 137.6649735, 35.3014796 ], [ 137.6649034, 35.3015132 ], [ 137.664875, 35.301555 ], [ 137.6648731, 35.3016005 ], [ 137.6648978, 35.3016423 ], [ 137.6650325, 35.3017334 ], [ 137.6650591, 35.301777 ], [ 137.6650629, 35.3018207 ], [ 137.6650421, 35.3018539 ], [ 137.6649906, 35.3018812 ], [ 137.6649276, 35.3018775 ], [ 137.6648201, 35.3018181 ], [ 137.6641751, 35.3016069 ], [ 137.6640565, 35.3016106 ], [ 137.6639601, 35.3016402 ], [ 137.6638957, 35.3016938 ], [ 137.6637446, 35.3019751 ], [ 137.6635869, 35.3021215 ], [ 137.6634493, 35.3021835 ], [ 137.6632493, 35.3022081 ], [ 137.6631576, 35.3021704 ], [ 137.6629482, 35.3016204 ], [ 137.6628796, 35.3014571 ], [ 137.662756, 35.3013671 ], [ 137.6626185, 35.3012882 ], [ 137.6622069, 35.3011024 ], [ 137.661946, 35.3010574 ], [ 137.6617581, 35.3010526 ], [ 137.6612663, 35.301029 ], [ 137.6609463, 35.3009793 ], [ 137.6608061, 35.3009186 ], [ 137.6607588, 35.3008746 ], [ 137.6606757, 35.3006518 ], [ 137.6606141, 35.3005113 ], [ 137.6605455, 35.3003985 ], [ 137.6604843, 35.3003324 ], [ 137.6603577, 35.300281 ], [ 137.6602777, 35.3002746 ], [ 137.6601863, 35.3002868 ], [ 137.6600974, 35.3003249 ], [ 137.6600099, 35.3003874 ], [ 137.6599893, 35.3004379 ], [ 137.6599138, 35.3007307 ], [ 137.6598518, 35.3008602 ], [ 137.6597557, 35.301001 ], [ 137.659591, 35.3011754 ], [ 137.6594637, 35.3012388 ], [ 137.659303, 35.3013052 ], [ 137.6589666, 35.3013501 ], [ 137.6588085, 35.3013332 ], [ 137.6586849, 35.3012882 ], [ 137.6583144, 35.3010855 ], [ 137.6582043, 35.3010346 ], [ 137.6576413, 35.3008321 ], [ 137.657463, 35.3007588 ], [ 137.6568518, 35.3005615 ], [ 137.6562274, 35.3003757 ], [ 137.6557532, 35.3002246 ], [ 137.6556024, 35.3002182 ], [ 137.6551768, 35.3003927 ], [ 137.6545846, 35.3006568 ], [ 137.6544216, 35.3007588 ], [ 137.6540782, 35.3010855 ], [ 137.6538243, 35.3014232 ], [ 137.6536182, 35.3016713 ], [ 137.6534191, 35.3018852 ], [ 137.6531307, 35.302144 ], [ 137.6529579, 35.3022694 ], [ 137.6528082, 35.3024143 ], [ 137.6526434, 35.3025493 ], [ 137.6525268, 35.3026171 ], [ 137.6524377, 35.3026507 ], [ 137.6519912, 35.3027635 ], [ 137.6517235, 35.3028085 ], [ 137.651394, 35.3028424 ], [ 137.6505563, 35.3028424 ], [ 137.6502199, 35.3028535 ], [ 137.6500639, 35.3028658 ], [ 137.6495746, 35.3029043 ], [ 137.6492865, 35.3029435 ], [ 137.6484488, 35.3031068 ], [ 137.6483527, 35.3031238 ], [ 137.6482496, 35.3031632 ], [ 137.6478585, 35.3033435 ], [ 137.6475288, 35.3034504 ], [ 137.6473571, 35.303456 ], [ 137.6471579, 35.3034224 ], [ 137.6469982, 35.3034151 ], [ 137.6468949, 35.3034607 ], [ 137.6464782, 35.3038276 ], [ 137.6460871, 35.3041654 ], [ 137.6456663, 35.3044662 ], [ 137.6454488, 35.304661 ], [ 137.6453321, 35.3047624 ], [ 137.6452702, 35.3048468 ], [ 137.6450807, 35.304986 ], [ 137.6448721, 35.3051229 ], [ 137.6441854, 35.3054382 ], [ 137.6438626, 35.3056126 ], [ 137.6433065, 35.3059674 ], [ 137.6431051, 35.3060702 ], [ 137.6429496, 35.3061982 ], [ 137.6428535, 35.3062882 ], [ 137.6426679, 35.3065193 ], [ 137.6425457, 35.3067203 ], [ 137.6424415, 35.3068965 ], [ 137.6423249, 35.3070713 ], [ 137.6421668, 35.3073471 ], [ 137.641961, 35.3077524 ], [ 137.6418704, 35.3079868 ], [ 137.6418754, 35.3080771 ], [ 137.6420148, 35.3083332 ], [ 137.6421052, 35.3086535 ], [ 137.6421118, 35.3088054 ], [ 137.6421052, 35.3089182 ], [ 137.6420157, 35.3094474 ], [ 137.641906, 35.3098246 ], [ 137.6416999, 35.3103876 ], [ 137.6413774, 35.3111704 ], [ 137.6412121, 35.3115382 ], [ 137.6410174, 35.3119236 ], [ 137.6409566, 35.3119879 ], [ 137.6408794, 35.3120429 ], [ 137.6407406, 35.312144 ], [ 137.6405951, 35.3122122 ], [ 137.6404247, 35.312271 ], [ 137.640114, 35.312336 ], [ 137.6399079, 35.3123529 ], [ 137.6393312, 35.3124654 ], [ 137.6391732, 35.3125049 ], [ 137.6390771, 35.3125501 ], [ 137.6389674, 35.3126346 ], [ 137.6386996, 35.3129554 ], [ 137.6384524, 35.313344 ], [ 137.6376149, 35.3145771 ], [ 137.6374493, 35.314839 ], [ 137.6372029, 35.3152754 ], [ 137.6370929, 35.3155685 ], [ 137.6369418, 35.3158499 ], [ 137.6367701, 35.3160751 ], [ 137.6364752, 35.3163738 ], [ 137.6363446, 35.3164807 ], [ 137.6360974, 35.3166326 ], [ 137.6356785, 35.3168296 ], [ 137.6351932, 35.3170332 ], [ 137.6349987, 35.3170999 ], [ 137.6345785, 35.3171824 ], [ 137.6344332, 35.3171892 ], [ 137.6342779, 35.3171901 ], [ 137.6341063, 35.3172126 ], [ 137.6338868, 35.3172915 ], [ 137.6337377, 35.3173697 ], [ 137.6333338, 35.3176532 ], [ 137.6321342, 35.3185075 ], [ 137.6315571, 35.3189397 ], [ 137.630916, 35.3193943 ], [ 137.6307655, 35.3195724 ], [ 137.6305552, 35.3198616 ], [ 137.6303646, 35.3201351 ], [ 137.6301281, 35.3204384 ], [ 137.6300352, 35.3205576 ], [ 137.6299526, 35.3206365 ], [ 137.629836, 35.3206985 ], [ 137.6295271, 35.3208279 ], [ 137.6293896, 35.3208674 ], [ 137.6293074, 35.3209124 ], [ 137.6292043, 35.3209968 ], [ 137.6289241, 35.3213611 ] ] } },
{ "type": "Feature", "properties": { "N12_001": "20", "N12_002": 2, "N12_003": 6, "N12_004": "長野県道　丸子信州新線", "N12_005": 36, "N12_006": 1 }, "geometry": { "type": "LineString", "coordinates": [ [ 138.0494159, 36.4595441 ], [ 138.0491742, 36.4594482 ], [ 138.048773, 36.4592668 ], [ 138.0481022, 36.4590023 ], [ 138.0472312, 36.4585013 ], [ 138.0470085, 36.4584107 ], [ 138.0467327, 36.4583365 ], [ 138.0461618, 36.4582253 ], [ 138.0458614, 36.4581749 ], [ 138.0453112, 36.4581074 ], [ 138.0451647, 36.4580791 ], [ 138.0447743, 36.4580285 ], [ 138.0443008, 36.4579674 ], [ 138.0440522, 36.4579275 ], [ 138.043695, 36.4578933 ], [ 138.0434026, 36.4578424 ], [ 138.0431798, 36.4577919 ], [ 138.0430125, 36.457741 ], [ 138.0427964, 36.4576285 ], [ 138.0426697, 36.4575098 ], [ 138.0424169, 36.4570641 ], [ 138.0423714, 36.4569869 ], [ 138.0421136, 36.4566322 ], [ 138.0418072, 36.4561424 ], [ 138.0416703, 36.4559453 ], [ 138.0414409, 36.4556272 ], [ 138.0412292, 36.4553541 ], [ 138.0399892, 36.4537666 ], [ 138.0397036, 36.4534513 ], [ 138.0395086, 36.4532883 ], [ 138.039425, 36.4532488 ], [ 138.0393133, 36.4532205 ], [ 138.0389094, 36.4532205 ], [ 138.0384785, 36.453325 ], [ 138.0380873, 36.4534077 ], [ 138.037572, 36.4534869 ], [ 138.0374523, 36.4534866 ], [ 138.0373269, 36.4534541 ], [ 138.0371926, 36.4533955 ], [ 138.0370931, 36.4533179 ], [ 138.0370362, 36.4532422 ], [ 138.0367735, 36.4527453 ], [ 138.0367494, 36.452703 ], [ 138.0366247, 36.4524944 ], [ 138.0365059, 36.4522573 ], [ 138.0363824, 36.4520144 ], [ 138.0362951, 36.4518943 ], [ 138.0362067, 36.4518413 ], [ 138.0361369, 36.451813 ], [ 138.0358613, 36.4517883 ], [ 138.0354336, 36.451768 ], [ 138.0352944, 36.4517455 ], [ 138.0348344, 36.4516216 ], [ 138.0346192, 36.4515652 ], [ 138.0343747, 36.4515427 ], [ 138.0342214, 36.451571 ], [ 138.0339428, 36.4516666 ], [ 138.0336364, 36.4517341 ], [ 138.0333029, 36.4518241 ], [ 138.0330233, 36.4519258 ], [ 138.0328908, 36.4520158 ], [ 138.0327725, 36.4521508 ], [ 138.0325564, 36.4525166 ], [ 138.0324311, 36.452753 ], [ 138.0323753, 36.4528994 ], [ 138.0322709, 36.4532596 ], [ 138.0322081, 36.453406 ], [ 138.0321247, 36.4535299 ], [ 138.0320269, 36.4536313 ], [ 138.0318878, 36.4537272 ], [ 138.0317347, 36.4537833 ], [ 138.0308989, 36.453896 ], [ 138.0307819, 36.4539167 ], [ 138.0304458, 36.4539577 ], [ 138.0300628, 36.4540533 ], [ 138.0298539, 36.4541491 ], [ 138.0296936, 36.454273 ], [ 138.0295961, 36.4543799 ], [ 138.0294971, 36.454572 ], [ 138.0294567, 36.4547121 ], [ 138.0294567, 36.4549316 ], [ 138.0295403, 36.4556915 ], [ 138.0296258, 36.4564514 ], [ 138.0296343, 36.4565178 ], [ 138.0297703, 36.4576058 ], [ 138.0298539, 36.4582757 ], [ 138.0298747, 36.4584547 ], [ 138.0299025, 36.4586863 ], [ 138.0299792, 36.4592888 ], [ 138.0299723, 36.459683 ], [ 138.0299375, 36.4599138 ], [ 138.0299026, 36.4599927 ], [ 138.0297423, 36.460246 ], [ 138.0296587, 36.4603191 ], [ 138.029575, 36.4603585 ], [ 138.0294498, 36.4603755 ], [ 138.0292895, 36.460381 ], [ 138.0288924, 36.4603302 ], [ 138.0286803, 36.4602948 ], [ 138.0285442, 36.4602738 ], [ 138.0282514, 36.4602119 ], [ 138.0279938, 36.4601669 ], [ 138.0276734, 36.4601049 ], [ 138.0274023, 36.4600631 ], [ 138.0272929, 36.4600441 ], [ 138.0267609, 36.4599416 ], [ 138.0265381, 36.4598741 ], [ 138.0262664, 36.4597671 ], [ 138.0261224, 36.4596952 ], [ 138.0257642, 36.4595191 ], [ 138.0253189, 36.4593055 ], [ 138.0250037, 36.4591741 ], [ 138.0244411, 36.4589396 ], [ 138.0241903, 36.4588719 ], [ 138.0235149, 36.4587538 ], [ 138.0231702, 36.4586854 ], [ 138.0230828, 36.4586694 ], [ 138.0228181, 36.4586299 ], [ 138.0226581, 36.458568 ], [ 138.0225048, 36.4584666 ], [ 138.0223576, 36.4583373 ], [ 138.0221634, 36.4581399 ], [ 138.0219335, 36.4578025 ], [ 138.0217175, 36.457532 ], [ 138.0215086, 36.4573182 ], [ 138.0213206, 36.4571607 ], [ 138.0209445, 36.456913 ], [ 138.0208384, 36.4568154 ], [ 138.020617, 36.4566257 ], [ 138.020457, 36.4564174 ], [ 138.0203734, 36.4562316 ], [ 138.0203106, 36.4559613 ], [ 138.0202686, 36.455691 ], [ 138.0202339, 36.4555335 ], [ 138.0201295, 36.4553874 ], [ 138.0199622, 36.4552466 ], [ 138.0196475, 36.4550803 ], [ 138.0194764, 36.4550083 ], [ 138.019252, 36.4549088 ], [ 138.0191056, 36.4548749 ], [ 138.0188756, 36.4548638 ], [ 138.0187572, 36.4549032 ], [ 138.0186597, 36.4549596 ], [ 138.0185761, 36.4550441 ], [ 138.0185134, 36.4551619 ], [ 138.0184283, 36.4554154 ], [ 138.0183808, 36.455591 ], [ 138.0183184, 36.4558038 ], [ 138.0182486, 36.4559277 ], [ 138.0181931, 36.4559952 ], [ 138.017977, 36.4561755 ], [ 138.0176845, 36.4563724 ], [ 138.0173183, 36.4565751 ], [ 138.0172871, 36.4565885 ], [ 138.0171061, 36.4566766 ], [ 138.0166703, 36.4568329 ], [ 138.0164441, 36.4569141 ], [ 138.0161391, 36.4569762 ], [ 138.0156121, 36.4570219 ], [ 138.0151356, 36.4570597 ], [ 138.0147427, 36.4570976 ], [ 138.0145083, 36.4571165 ], [ 138.0142404, 36.4571478 ], [ 138.0140464, 36.4571742 ], [ 138.0138472, 36.4572109 ], [ 138.0137254, 36.4572336 ], [ 138.0135257, 36.4572939 ], [ 138.0133186, 36.4574337 ], [ 138.013108, 36.4575938 ], [ 138.0127946, 36.4578753 ], [ 138.0123417, 36.4583255 ], [ 138.0122657, 36.4583837 ], [ 138.0122023, 36.4584324 ], [ 138.0120281, 36.4585282 ], [ 138.0115036, 36.4586895 ], [ 138.0112562, 36.4587567 ], [ 138.0107953, 36.4588604 ], [ 138.0105785, 36.458866 ], [ 138.0105105, 36.458866 ], [ 138.0104595, 36.4588477 ], [ 138.0101691, 36.4586269 ], [ 138.0101056, 36.4585788 ], [ 138.0099317, 36.4584777 ], [ 138.009827, 36.4584438 ], [ 138.0097156, 36.4584438 ], [ 138.0095762, 36.4585002 ], [ 138.0094231, 36.4585957 ], [ 138.0092767, 36.4586632 ], [ 138.0091517, 36.4587027 ], [ 138.0089936, 36.4587144 ], [ 138.0089338, 36.4586806 ], [ 138.0088173, 36.4585452 ], [ 138.0087753, 36.4584157 ], [ 138.0087753, 36.4583327 ], [ 138.0087753, 36.4581566 ], [ 138.0088098, 36.4577627 ], [ 138.0087634, 36.4576981 ], [ 138.0086963, 36.4576757 ], [ 138.0086425, 36.457673 ], [ 138.008578, 36.4576811 ], [ 138.0085161, 36.4577053 ], [ 138.0084246, 36.4577915 ], [ 138.0083295, 36.4578807 ], [ 138.0081553, 36.4580891 ], [ 138.0079155, 36.4583327 ], [ 138.0078559, 36.4583932 ], [ 138.0074379, 36.4587704 ], [ 138.0072008, 36.4589335 ], [ 138.0069851, 36.459046 ], [ 138.0067901, 36.4590796 ], [ 138.006444, 36.4590952 ], [ 138.0063881, 36.4590973 ], [ 138.0059962, 36.4591079 ], [ 138.0055084, 36.4591529 ], [ 138.0052645, 36.4591924 ], [ 138.0051849, 36.4592299 ], [ 138.0051042, 36.4592768 ], [ 138.0050556, 36.4593274 ], [ 138.0050137, 36.4594007 ], [ 138.004972, 36.4595471 ], [ 138.0049515, 36.4597147 ], [ 138.0049254, 36.4597819 ], [ 138.0048806, 36.4598286 ], [ 138.0047426, 36.4598871 ], [ 138.0042609, 36.4600861 ], [ 138.0042309, 36.4601023 ], [ 138.0041642, 36.4601382 ], [ 138.0040945, 36.4602057 ], [ 138.0040526, 36.4602899 ], [ 138.0040178, 36.4604083 ], [ 138.0040109, 36.4606671 ], [ 138.0040317, 36.4607516 ], [ 138.0040248, 36.4609374 ], [ 138.0039412, 36.4611118 ], [ 138.0039273, 36.4612021 ], [ 138.0039203, 36.461371 ], [ 138.0038229, 36.4615735 ], [ 138.0038153, 36.4616963 ], [ 138.0038645, 36.4617763 ], [ 138.0040387, 36.461996 ], [ 138.0040598, 36.4620579 ], [ 138.0040387, 36.4621199 ], [ 138.0040387, 36.4622886 ], [ 138.0040526, 36.4624239 ], [ 138.0040456, 36.462536 ], [ 138.0039481, 36.4625979 ], [ 138.0037176, 36.4626971 ], [ 138.0035581, 36.4627502 ], [ 138.0031192, 36.4627613 ], [ 138.0029798, 36.4628121 ], [ 138.002729, 36.4629866 ], [ 138.0026176, 36.4630371 ], [ 138.0024784, 36.4630485 ], [ 138.0022626, 36.4630371 ], [ 138.0020257, 36.4630429 ], [ 138.0019212, 36.4631216 ], [ 138.0018168, 36.4632454 ], [ 138.0017331, 36.4633582 ], [ 138.0016426, 36.4635326 ], [ 138.0016356, 36.4637015 ], [ 138.0016773, 36.4638479 ], [ 138.0017679, 36.463994 ], [ 138.0020118, 36.4642699 ], [ 138.0020326, 36.4643207 ], [ 138.0020326, 36.4644951 ], [ 138.0019979, 36.4645682 ], [ 138.0018237, 36.4647824 ], [ 138.001747, 36.464861 ], [ 138.0016495, 36.4648893 ], [ 138.0014546, 36.4648668 ], [ 138.0011132, 36.4647935 ], [ 138.000709, 36.4646865 ], [ 138.0003398, 36.4646076 ], [ 138.0001798, 36.4646246 ], [ 138.0000823, 36.464681 ], [ 138.0000037, 36.4647387 ], [ 137.999929, 36.4647935 ], [ 137.999769, 36.4649343 ], [ 137.9996853, 36.4650527 ], [ 137.9995879, 36.4651201 ], [ 137.9993717, 36.4651707 ], [ 137.9993159, 36.4651765 ], [ 137.9991767, 36.4652271 ], [ 137.999114, 36.4652832 ], [ 137.9991177, 36.4653934 ], [ 137.9991209, 36.4654857 ], [ 137.999149, 36.465559 ], [ 137.9991629, 36.465621 ], [ 137.9992812, 36.4658799 ], [ 137.9993995, 36.4661951 ], [ 137.9993924, 36.4663403 ], [ 137.9993694, 36.4663684 ], [ 137.9992254, 36.4664149 ], [ 137.9988771, 36.466471 ], [ 137.9988229, 36.4664884 ], [ 137.9986592, 36.466666 ], [ 137.9986195, 36.4667076 ], [ 137.998494, 36.4667863 ], [ 137.9983826, 36.4668315 ], [ 137.9979164, 36.4668765 ], [ 137.9978434, 36.4669158 ], [ 137.9978673, 36.4670846 ], [ 137.997909, 36.4671971 ], [ 137.9980904, 36.4674279 ], [ 137.9982923, 36.4676701 ], [ 137.9983898, 36.4677996 ], [ 137.9984596, 36.4679515 ], [ 137.9984734, 36.4680415 ], [ 137.9984665, 36.4682443 ], [ 137.9984315, 36.4683344 ], [ 137.998334, 36.4684865 ], [ 137.9981251, 36.4687174 ], [ 137.9979301, 36.4689876 ], [ 137.9978813, 36.4690607 ], [ 137.9978465, 36.4692296 ], [ 137.9978743, 36.4695335 ], [ 137.9979021, 36.4696346 ], [ 137.9979857, 36.4697643 ], [ 137.998139, 36.4699274 ], [ 137.9982923, 36.4700851 ], [ 137.9983479, 36.470209 ], [ 137.998376, 36.4702935 ], [ 137.9983621, 36.4705918 ], [ 137.998334, 36.4709015 ], [ 137.998334, 36.4710649 ], [ 137.998369, 36.4712054 ], [ 137.9984227, 36.471318 ], [ 137.9984485, 36.4713662 ], [ 137.9986754, 36.4717065 ], [ 137.9987104, 36.4717854 ], [ 137.9987104, 36.4718529 ], [ 137.9986754, 36.4719371 ], [ 137.9984874, 36.4721173 ], [ 137.9983899, 36.4721679 ], [ 137.9981043, 36.4722582 ], [ 137.9980415, 36.4722807 ], [ 137.997944, 36.4723538 ], [ 137.9978812, 36.4724665 ], [ 137.9977629, 36.4729057 ], [ 137.9977002, 36.473052 ], [ 137.9975683, 36.4732544 ], [ 137.9975193, 36.4733223 ], [ 137.9974079, 36.4735418 ], [ 137.9973104, 36.4738962 ], [ 137.9972814, 36.4739577 ], [ 137.9972546, 36.4740146 ], [ 137.9971988, 36.4741101 ], [ 137.9971501, 36.4741551 ], [ 137.9970362, 36.4742019 ], [ 137.9969661, 36.4742019 ], [ 137.9968987, 36.4742019 ], [ 137.9967517, 36.4742141 ], [ 137.9966988, 36.4742185 ], [ 137.9965863, 36.4742435 ], [ 137.9964738, 36.4743602 ], [ 137.9963613, 36.4744768 ], [ 137.9962863, 36.4745934 ], [ 137.9961738, 36.4747018 ], [ 137.9960613, 36.4747684 ], [ 137.9959239, 36.4748184 ], [ 137.9957864, 36.4748517 ], [ 137.9956864, 36.47486 ], [ 137.9955739, 36.47486 ], [ 137.9954114, 36.47481 ], [ 137.9952364, 36.474735 ], [ 137.9951114, 36.4746434 ], [ 137.9948989, 36.4745184 ], [ 137.994824, 36.4744934 ], [ 137.994724, 36.4744767 ], [ 137.9946115, 36.47451 ], [ 137.994499, 36.4745767 ], [ 137.994449, 36.4746433 ], [ 137.994449, 36.474735 ], [ 137.9944865, 36.4749433 ], [ 137.994474, 36.4750849 ], [ 137.9944115, 36.4752099 ], [ 137.9943365, 36.4753016 ], [ 137.9942115, 36.4753766 ], [ 137.9940491, 36.4754432 ], [ 137.9936616, 36.4755765 ], [ 137.9935241, 36.4755931 ], [ 137.9933866, 36.4755681 ], [ 137.9931866, 36.4755098 ], [ 137.9930742, 36.4755098 ], [ 137.9928742, 36.4755681 ], [ 137.9927367, 36.4755848 ], [ 137.9925992, 36.4755681 ], [ 137.9924617, 36.4755514 ], [ 137.9923492, 36.4755847 ], [ 137.9922492, 36.4756514 ], [ 137.9921992, 36.4757514 ], [ 137.9921368, 36.4760263 ], [ 137.9920868, 36.476193 ], [ 137.9919243, 36.4764096 ], [ 137.9918368, 36.4765763 ], [ 137.9917993, 36.4767012 ], [ 137.9917493, 36.4767762 ], [ 137.9916243, 36.4768179 ], [ 137.9914993, 36.4768429 ], [ 137.9913619, 36.4768179 ], [ 137.990312, 36.4765512 ], [ 137.990187, 36.4765511 ], [ 137.989912, 36.4766178 ], [ 137.989762, 36.4766344 ], [ 137.9895995, 36.4766261 ], [ 137.9891496, 36.4765761 ], [ 137.9889746, 36.4765594 ], [ 137.9888246, 36.4765427 ], [ 137.9886371, 36.4764844 ], [ 137.9883871, 36.4763594 ], [ 137.9882496, 36.4762677 ], [ 137.9880997, 36.4761094 ], [ 137.9880122, 36.4760427 ], [ 137.9878997, 36.4760511 ], [ 137.9877997, 36.4761094 ], [ 137.9875872, 36.4762177 ], [ 137.9874872, 36.4762677 ], [ 137.9873122, 36.476301 ], [ 137.9871623, 36.476301 ], [ 137.9870748, 36.4762926 ], [ 137.9868998, 36.4762593 ], [ 137.9867373, 36.4762593 ], [ 137.9865248, 36.4762843 ], [ 137.9863498, 36.4763259 ], [ 137.9862373, 36.4763926 ], [ 137.9861624, 36.4764676 ], [ 137.9860999, 36.4765925 ], [ 137.9860124, 36.4767009 ], [ 137.9858999, 36.4768008 ], [ 137.9857874, 36.4768592 ], [ 137.9853624, 36.4770091 ], [ 137.9849875, 36.4771424 ], [ 137.98465, 36.4772174 ], [ 137.9842251, 36.4772923 ], [ 137.9839751, 36.4773256 ], [ 137.9837376, 36.477334 ], [ 137.9830752, 36.4773006 ], [ 137.9825502, 36.4772672 ], [ 137.9822877, 36.4772589 ], [ 137.9821377, 36.4772339 ], [ 137.9820502, 36.4771922 ], [ 137.9819252, 36.4771089 ], [ 137.9818377, 36.4770505 ], [ 137.9817003, 36.4768839 ], [ 137.9814753, 36.4766256 ], [ 137.9813628, 36.4765172 ], [ 137.9812503, 36.4764589 ], [ 137.9811253, 36.4764422 ], [ 137.9809878, 36.4764589 ], [ 137.9808753, 36.4765089 ], [ 137.9807878, 36.4766005 ], [ 137.9807503, 36.4767088 ], [ 137.9807128, 36.4768838 ], [ 137.9806628, 36.4771338 ], [ 137.9805879, 36.4772671 ], [ 137.9804379, 36.4773837 ], [ 137.9803254, 36.4774504 ], [ 137.9797754, 36.477617 ], [ 137.9796754, 36.4776753 ], [ 137.9795754, 36.4777753 ], [ 137.9794005, 36.4780586 ], [ 137.9790755, 36.4785002 ], [ 137.9790505, 36.4785918 ], [ 137.979063, 36.4786835 ], [ 137.9791255, 36.4787751 ], [ 137.979438, 36.4789585 ], [ 137.979513, 36.4790418 ], [ 137.9795505, 36.4791501 ], [ 137.979513, 36.4793084 ], [ 137.9795005, 36.4794001 ], [ 137.979488, 36.4795001 ], [ 137.9795255, 36.4795834 ], [ 137.9796004, 36.4796501 ], [ 137.9797254, 36.4797001 ], [ 137.9799129, 36.4797251 ], [ 137.9806004, 36.4797835 ], [ 137.9807629, 36.4798085 ], [ 137.9809253, 36.4798585 ], [ 137.9811003, 36.4799751 ], [ 137.9813628, 36.4802584 ], [ 137.9814628, 36.4804001 ], [ 137.9815128, 36.4805668 ], [ 137.9815128, 36.4806834 ], [ 137.9814878, 36.4807584 ], [ 137.9814003, 36.4808417 ], [ 137.9809878, 36.4811 ], [ 137.9808503, 36.4812 ], [ 137.9807754, 36.4812833 ], [ 137.9807379, 36.4813916 ], [ 137.9807379, 36.4815131 ], [ 137.9807379, 36.4815166 ], [ 137.9807754, 36.4816416 ], [ 137.9809628, 36.4820165 ], [ 137.9810503, 36.4822082 ], [ 137.9811128, 36.4822915 ], [ 137.9811878, 36.4823499 ], [ 137.9813628, 36.4823749 ], [ 137.9815753, 36.4824082 ], [ 137.9816753, 36.4824749 ], [ 137.9819503, 36.4826915 ], [ 137.9819878, 36.4827749 ], [ 137.9819628, 36.4828582 ], [ 137.9819003, 36.4829832 ], [ 137.9817753, 36.4831415 ], [ 137.9816003, 36.4833914 ], [ 137.9814753, 36.4835914 ], [ 137.9813628, 36.4838997 ], [ 137.9813253, 36.4840413 ], [ 137.9813378, 36.4841663 ], [ 137.9813753, 36.4845329 ], [ 137.9814003, 36.4847829 ], [ 137.9813753, 36.4849079 ], [ 137.9811878, 36.4851995 ], [ 137.9811003, 36.4852662 ], [ 137.9809503, 36.4853078 ], [ 137.9808128, 36.4852912 ], [ 137.9806379, 36.4852078 ], [ 137.9805004, 36.4851911 ], [ 137.9803629, 36.4852245 ], [ 137.9801129, 36.4853578 ], [ 137.9799379, 36.4854328 ], [ 137.9796629, 36.4854911 ], [ 137.979513, 36.4854827 ], [ 137.979313, 36.4854494 ], [ 137.978863, 36.4853077 ], [ 137.9787005, 36.4852827 ], [ 137.9785505, 36.4853077 ], [ 137.9784505, 36.485366 ], [ 137.9784005, 36.4854577 ], [ 137.9782006, 36.4859659 ], [ 137.9781756, 36.4860909 ], [ 137.9782006, 36.4862242 ], [ 137.9782505, 36.4863492 ], [ 137.978413, 36.4866325 ], [ 137.978413, 36.4867492 ], [ 137.9783755, 36.4868658 ], [ 137.9782505, 36.4870325 ], [ 137.978163, 36.4871824 ], [ 137.978038, 36.4873741 ], [ 137.9778755, 36.487749 ], [ 137.9778505, 36.487874 ], [ 137.977863, 36.4880907 ], [ 137.977838, 36.4882156 ], [ 137.977788, 36.4883156 ], [ 137.9776755, 36.4883823 ], [ 137.9775005, 36.4884406 ], [ 137.9772631, 36.4884822 ], [ 137.9771256, 36.4885322 ], [ 137.9770506, 36.4886572 ], [ 137.9770381, 36.4887822 ], [ 137.9770256, 36.4890405 ], [ 137.9769881, 36.4894655 ], [ 137.9770006, 36.4895738 ], [ 137.9770755, 36.4896988 ], [ 137.9777755, 36.490582 ], [ 137.9780504, 36.4909487 ], [ 137.9781504, 36.4910903 ], [ 137.9782504, 36.491382 ], [ 137.9783129, 36.4916153 ], [ 137.9783879, 36.4919403 ], [ 137.9784754, 36.4922319 ], [ 137.9785029, 36.4922907 ], [ 137.9785378, 36.4923652 ], [ 137.9786003, 36.4924485 ], [ 137.9787003, 36.4925402 ], [ 137.9789878, 36.4926819 ], [ 137.9791628, 36.4927652 ], [ 137.9793003, 36.4928652 ], [ 137.9795127, 36.4930152 ], [ 137.9796502, 36.4930985 ], [ 137.9798502, 36.4931652 ], [ 137.9800002, 36.4932819 ], [ 137.9800627, 36.4934485 ], [ 137.9801627, 36.4941068 ], [ 137.9801377, 36.4943151 ], [ 137.9800252, 36.4945401 ], [ 137.9799127, 36.4947484 ], [ 137.9799127, 36.49489 ], [ 137.9799377, 36.4949733 ], [ 137.9800501, 36.495215 ], [ 137.9806125, 36.4962816 ], [ 137.9807, 36.4964399 ], [ 137.9807625, 36.4965482 ], [ 137.980875, 36.4971398 ], [ 137.9808858, 36.4972433 ], [ 137.9809249, 36.4976148 ], [ 137.9809374, 36.4977231 ], [ 137.9809999, 36.4978147 ], [ 137.9810874, 36.4979064 ], [ 137.9813124, 36.4979814 ], [ 137.9815998, 36.4980481 ], [ 137.9828497, 36.4983064 ], [ 137.9830622, 36.4983564 ], [ 137.9831747, 36.4984231 ], [ 137.9832497, 36.4984898 ], [ 137.9833122, 36.4985648 ], [ 137.9833746, 36.4989147 ], [ 137.9834621, 36.4995147 ], [ 137.9834871, 36.4996396 ], [ 137.9835246, 36.499748 ], [ 137.9835871, 36.4998646 ], [ 137.9836746, 36.5000063 ], [ 137.983737, 36.5000813 ], [ 137.983837, 36.5001563 ], [ 137.9839745, 36.5002229 ], [ 137.9840995, 36.5002396 ], [ 137.9848369, 36.500223 ], [ 137.9849994, 36.500248 ], [ 137.9851369, 36.5003147 ], [ 137.9854618, 36.500523 ], [ 137.9855618, 36.5006313 ], [ 137.9856243, 36.500723 ], [ 137.9856618, 36.5007813 ], [ 137.9856868, 36.5009396 ], [ 137.9856618, 36.5010146 ], [ 137.9856118, 36.5010896 ], [ 137.9853493, 36.5012729 ], [ 137.9850868, 36.5014479 ], [ 137.9849368, 36.5015728 ], [ 137.9847993, 36.5017145 ], [ 137.9845869, 36.5019644 ], [ 137.9845369, 36.5020561 ], [ 137.9845368, 36.5021394 ], [ 137.9845618, 36.5022144 ], [ 137.9846118, 36.5022811 ], [ 137.9848368, 36.5023977 ], [ 137.9850868, 36.5025227 ], [ 137.9851742, 36.5026144 ], [ 137.9852117, 36.5027227 ], [ 137.9852117, 36.5028144 ], [ 137.9851742, 36.5029144 ], [ 137.9850992, 36.5029727 ], [ 137.9849867, 36.502981 ], [ 137.9848993, 36.502956 ], [ 137.9848118, 36.5028727 ], [ 137.9847743, 36.5027394 ], [ 137.9847493, 36.5026227 ], [ 137.9846868, 36.502556 ], [ 137.9845868, 36.5025144 ], [ 137.9844618, 36.502506 ], [ 137.9843618, 36.502531 ], [ 137.9842618, 36.5026143 ], [ 137.9841618, 36.5027477 ], [ 137.9840743, 36.5028726 ], [ 137.9840493, 36.502981 ], [ 137.9840618, 36.5030976 ], [ 137.9843118, 36.5037309 ], [ 137.9843868, 36.5038392 ], [ 137.9844992, 36.5039392 ], [ 137.9846242, 36.5040142 ], [ 137.9848492, 36.5041309 ], [ 137.9849992, 36.5042475 ], [ 137.9850867, 36.5043392 ], [ 137.9851991, 36.5045142 ], [ 137.9853116, 36.5045892 ], [ 137.9854616, 36.5046475 ], [ 137.9856991, 36.5047392 ], [ 137.986074, 36.5048475 ], [ 137.986274, 36.5048975 ], [ 137.9864865, 36.5049725 ], [ 137.9866614, 36.5050558 ], [ 137.9867364, 36.5051475 ], [ 137.9868489, 36.5052808 ], [ 137.9868989, 36.5053725 ], [ 137.9869114, 36.5054808 ], [ 137.9868989, 36.5056974 ], [ 137.9868864, 36.5058641 ], [ 137.9869114, 36.5059557 ], [ 137.9869613, 36.5060307 ], [ 137.9870988, 36.5061391 ], [ 137.9873988, 36.5063391 ], [ 137.9877487, 36.5065724 ], [ 137.9881112, 36.5068224 ], [ 137.9883486, 36.5069724 ], [ 137.9886361, 36.507164 ], [ 137.9886861, 36.507239 ], [ 137.9887111, 36.507314 ], [ 137.9887236, 36.5074556 ], [ 137.9887236, 36.5076473 ], [ 137.9887485, 36.5080472 ], [ 137.9887485, 36.5081389 ], [ 137.988811, 36.5081889 ], [ 137.9889735, 36.5082306 ], [ 137.9891235, 36.5082139 ], [ 137.9894984, 36.5081473 ], [ 137.9896234, 36.5081556 ], [ 137.9897984, 36.5081889 ], [ 137.9903358, 36.5083306 ], [ 137.9905858, 36.5083806 ], [ 137.9907733, 36.5083806 ], [ 137.9910358, 36.5083556 ], [ 137.9913357, 36.5083556 ], [ 137.9914107, 36.508389 ], [ 137.9916232, 36.508489 ], [ 137.9917482, 36.508514 ], [ 137.9919107, 36.5085223 ], [ 137.9920231, 36.5085723 ], [ 137.9920731, 36.5086306 ], [ 137.9920731, 36.5086973 ], [ 137.9920231, 36.508739 ], [ 137.9919481, 36.508764 ], [ 137.9917857, 36.5088056 ], [ 137.9914482, 36.5089056 ], [ 137.9911982, 36.5091305 ], [ 137.9911107, 36.5091972 ], [ 137.9910107, 36.5092638 ], [ 137.9908732, 36.5093472 ], [ 137.9908482, 36.5094305 ], [ 137.9907982, 36.5097138 ], [ 137.9907857, 36.5098221 ] ] } },
{ "type": "Feature", "properties": { "N12_001": "20", "N12_002": 2, "N12_003": 6, "N12_004": "長野県道　伊那生田飯田線", "N12_005": 37, "N12_006": 1 }, "geometry": { "type": "LineString", "coordinates": [ [ 137.8960575, 35.5492625 ], [ 137.8960885, 35.549311 ], [ 137.8963607, 35.54952 ], [ 137.896519, 35.549627 ], [ 137.8968493, 35.549807 ], [ 137.8972691, 35.5499997 ], [ 137.8976482, 35.5501898 ], [ 137.8978271, 35.5503248 ], [ 137.8979479, 35.5504852 ], [ 137.8981846, 35.5509125 ], [ 137.8984262, 35.5513438 ], [ 137.8986735, 35.5519123 ], [ 137.8989667, 35.5525658 ], [ 137.8992531, 35.5532041 ], [ 137.8994275, 35.5536385 ], [ 137.899576, 35.5540241 ], [ 137.8996518, 35.5542376 ], [ 137.8997826, 35.5544515 ], [ 137.9000923, 35.5548345 ], [ 137.9003129, 35.5551048 ], [ 137.9009313, 35.5559949 ], [ 137.9012164, 35.5564141 ], [ 137.9013527, 35.556591 ], [ 137.9014215, 35.5566584 ], [ 137.9019163, 35.5571138 ], [ 137.9023565, 35.5575295 ], [ 137.902771, 35.5579198 ], [ 137.903227, 35.5583331 ], [ 137.9037832, 35.5588373 ], [ 137.9041129, 35.559129 ], [ 137.9046782, 35.5596312 ], [ 137.9048779, 35.5597831 ], [ 137.905151, 35.5599456 ], [ 137.9053821, 35.5600967 ], [ 137.9054427, 35.5602 ], [ 137.9056215, 35.560504 ], [ 137.9058793, 35.5609343 ], [ 137.906392, 35.5616719 ], [ 137.9068267, 35.5621199 ], [ 137.9071764, 35.5625126 ], [ 137.9073979, 35.5627559 ], [ 137.9076251, 35.5630092 ], [ 137.9080838, 35.5635238 ], [ 137.9084307, 35.5639007 ], [ 137.9086257, 35.564113 ], [ 137.908824, 35.5643937 ], [ 137.9092174, 35.5650942 ], [ 137.9092782, 35.5651848 ], [ 137.9093054, 35.5652331 ], [ 137.9094865, 35.5654288 ], [ 137.9095741, 35.5655148 ], [ 137.9099663, 35.5658298 ], [ 137.910166, 35.5659703 ], [ 137.9105404, 35.5662392 ], [ 137.9106231, 35.5663358 ], [ 137.9108063, 35.5665617 ], [ 137.9112057, 35.5671417 ], [ 137.9115507, 35.5676315 ], [ 137.9119173, 35.5681945 ], [ 137.9120985, 35.5684759 ], [ 137.9122724, 35.5687465 ], [ 137.9124281, 35.5690317 ], [ 137.9127774, 35.5696698 ], [ 137.9128307, 35.5697688 ], [ 137.9136706, 35.570272 ], [ 137.9140082, 35.5704409 ], [ 137.9142197, 35.5705148 ], [ 137.9144491, 35.5705818 ], [ 137.9148141, 35.5706717 ], [ 137.9152754, 35.5708576 ], [ 137.9155302, 35.5709476 ], [ 137.9160257, 35.5710715 ], [ 137.9162046, 35.5711559 ], [ 137.9165116, 35.5713443 ], [ 137.9170793, 35.5716962 ], [ 137.9174235, 35.5718876 ], [ 137.9177471, 35.5720228 ], [ 137.9179607, 35.5720792 ], [ 137.9180985, 35.5721017 ], [ 137.9182982, 35.5721073 ], [ 137.9184565, 35.5721298 ], [ 137.9188863, 35.572254 ], [ 137.9190113, 35.5723192 ], [ 137.9190685, 35.5724365 ], [ 137.919131, 35.5726215 ], [ 137.919131, 35.5728242 ], [ 137.9191152, 35.5731837 ], [ 137.9191332, 35.573999 ], [ 137.9191254, 35.5742073 ], [ 137.9191543, 35.5746417 ], [ 137.9191854, 35.5751601 ], [ 137.9191904, 35.5755519 ], [ 137.9192038, 35.5757773 ], [ 137.9192716, 35.5759412 ], [ 137.9193704, 35.5760612 ], [ 137.9195293, 35.5761704 ], [ 137.9196993, 35.5762605 ], [ 137.9198196, 35.5763242 ], [ 137.9199368, 35.57642 ], [ 137.9200057, 35.576544 ], [ 137.9200263, 35.5769323 ], [ 137.9200952, 35.5772081 ], [ 137.9201435, 35.5772981 ], [ 137.9203018, 35.5774445 ], [ 137.9210963, 35.5780328 ], [ 137.9217004, 35.5784417 ], [ 137.9219432, 35.5785217 ], [ 137.9223681, 35.5787225 ], [ 137.922516, 35.5787951 ], [ 137.9227085, 35.5789391 ], [ 137.923848, 35.5799504 ], [ 137.9241991, 35.5803215 ], [ 137.9244171, 35.5805553 ], [ 137.924581, 35.5807481 ], [ 137.9247502, 35.5809184 ], [ 137.9247982, 35.5809918 ], [ 137.9249291, 35.5812226 ], [ 137.925001, 35.5813958 ], [ 137.9251699, 35.5818023 ], [ 137.9256167, 35.582525 ], [ 137.925784, 35.5828249 ], [ 137.925893, 35.583114 ], [ 137.9259355, 35.5833331 ], [ 137.925948, 35.5838977 ], [ 137.9259549, 35.5840713 ], [ 137.9261179, 35.5849653 ], [ 137.9261546, 35.5853606 ], [ 137.926196, 35.5856081 ], [ 137.9262372, 35.5857885 ], [ 137.9263199, 35.5860362 ], [ 137.9263888, 35.5862106 ], [ 137.9265754, 35.5865428 ], [ 137.9266702, 35.5867737 ], [ 137.9267421, 35.5870909 ], [ 137.9268134, 35.58736 ], [ 137.9268563, 35.5875508 ], [ 137.9269347, 35.587901 ], [ 137.9269332, 35.5881347 ], [ 137.9268505, 35.5887656 ], [ 137.9268591, 35.5888815 ], [ 137.9268904, 35.589016 ], [ 137.9269931, 35.5891459 ], [ 137.9277005, 35.5897049 ], [ 137.9281454, 35.5901108 ], [ 137.9283194, 35.5903265 ], [ 137.9286189, 35.5910014 ], [ 137.92877, 35.5913609 ], [ 137.9287928, 35.5915001 ], [ 137.9288099, 35.5916369 ], [ 137.9288115, 35.5917227 ], [ 137.928693, 35.5923281 ], [ 137.9286445, 35.5926203 ], [ 137.9286445, 35.5928639 ], [ 137.9286508, 35.5929569 ], [ 137.9289155, 35.5935156 ], [ 137.9291066, 35.5939029 ], [ 137.9292292, 35.594274 ], [ 137.9293747, 35.5945314 ], [ 137.9294716, 35.5946358 ], [ 137.929754, 35.5949953 ], [ 137.9300563, 35.5954313 ], [ 137.9300849, 35.5955101 ], [ 137.930062, 35.5956006 ], [ 137.9289033, 35.5966995 ], [ 137.9288483, 35.596902 ], [ 137.9287031, 35.5999016 ], [ 137.9286461, 35.6008659 ], [ 137.9286057, 35.6014893 ], [ 137.9285144, 35.6016215 ], [ 137.9284288, 35.6017097 ], [ 137.9283226, 35.6017721 ], [ 137.9284032, 35.6018674 ], [ 137.9285001, 35.602083 ], [ 137.9284887, 35.6024726 ], [ 137.9284925, 35.602679 ], [ 137.9284879, 35.6032328 ], [ 137.9284918, 35.6034279 ], [ 137.9284985, 35.6035798 ], [ 137.9285262, 35.6037484 ], [ 137.9285882, 35.6038779 ], [ 137.9286779, 35.6039962 ], [ 137.9288018, 35.6041315 ], [ 137.9289192, 35.6042127 ], [ 137.9298022, 35.6049401 ], [ 137.9307161, 35.605589 ], [ 137.9309366, 35.6057243 ], [ 137.9311996, 35.6058632 ], [ 137.9313562, 35.6059243 ], [ 137.931511, 35.6059742 ], [ 137.9321855, 35.6060482 ], [ 137.9324235, 35.6060704 ] ] } },
{ "type": "Feature", "properties": { "N12_001": "20", "N12_002": 2, "N12_003": 6, "N12_004": "長野県道　松川大鹿線", "N12_005": 38, "N12_006": 1 }, "geometry": { "type": "LineString", "coordinates": [ [ 138.0336888, 35.579089 ], [ 138.033118, 35.5791932 ], [ 138.0312308, 35.5795599 ], [ 138.0309183, 35.5795974 ], [ 138.0306433, 35.5795932 ], [ 138.0304225, 35.5795641 ], [ 138.0300724, 35.5795099 ], [ 138.0297474, 35.5794932 ], [ 138.028656, 35.5795557 ], [ 138.0284144, 35.5795557 ], [ 138.0280603, 35.5796557 ], [ 138.027656, 35.5798138 ], [ 138.0263145, 35.580197 ], [ 138.026066, 35.5802738 ], [ 138.0258391, 35.5803751 ], [ 138.0256672, 35.5804821 ], [ 138.0250199, 35.5809099 ], [ 138.0247442, 35.5810677 ], [ 138.0243794, 35.5812251 ], [ 138.0238561, 35.581411 ], [ 138.0233741, 35.5815346 ], [ 138.0228849, 35.581633 ], [ 138.0225521, 35.5816676 ], [ 138.0221941, 35.581726 ], [ 138.0220316, 35.5817713 ], [ 138.0218319, 35.5818557 ], [ 138.0212694, 35.5822217 ], [ 138.0208774, 35.5824635 ], [ 138.0206566, 35.5825715 ], [ 138.0204608, 35.5826382 ], [ 138.0201899, 35.5826674 ], [ 138.0198899, 35.5826549 ], [ 138.0193899, 35.5825632 ], [ 138.0192402, 35.5825424 ], [ 138.0190916, 35.5825593 ], [ 138.0189747, 35.5825988 ], [ 138.0188574, 35.5826888 ], [ 138.0187277, 35.5828924 ], [ 138.0184969, 35.5833332 ], [ 138.0184069, 35.5834965 ], [ 138.0181918, 35.5838824 ], [ 138.0180539, 35.5842303 ], [ 138.0179018, 35.5845783 ], [ 138.0174312, 35.5857071 ], [ 138.0167644, 35.5869618 ], [ 138.0166885, 35.5871197 ], [ 138.0165424, 35.5873703 ], [ 138.0164197, 35.587581 ], [ 138.0163094, 35.5877274 ], [ 138.0161942, 35.5878973 ], [ 138.0159137, 35.5882645 ], [ 138.0138823, 35.5901901 ], [ 138.0135446, 35.5904865 ], [ 138.0133203, 35.590708 ], [ 138.0132282, 35.5908545 ], [ 138.0131751, 35.5910288 ], [ 138.0131714, 35.5911163 ], [ 138.013269, 35.5916364 ], [ 138.0132854, 35.5919293 ], [ 138.013332, 35.5921028 ], [ 138.0133972, 35.5922782 ], [ 138.0134638, 35.5924457 ], [ 138.0135047, 35.5926132 ], [ 138.0135304, 35.5927933 ], [ 138.013556, 35.5929733 ], [ 138.0136072, 35.5931199 ], [ 138.0136789, 35.5932539 ], [ 138.0138277, 35.5934871 ], [ 138.0138761, 35.5936279 ], [ 138.013883, 35.5938248 ], [ 138.0138002, 35.5943824 ], [ 138.0137569, 35.5945324 ], [ 138.0135361, 35.5948821 ], [ 138.0131386, 35.5953957 ], [ 138.0129069, 35.5956172 ], [ 138.0127786, 35.5958336 ], [ 138.0125989, 35.596088 ] ] } },
{ "type": "Feature", "properties": { "N12_001": "20", "N12_002": 2, "N12_003": 6, "N12_004": "長野県道　塩尻鍋割穂高線", "N12_005": 39, "N12_006": 1 }, "geometry": { "type": "LineString", "coordinates": [ [ 137.8797624, 36.1684156 ], [ 137.8797906, 36.1677636 ], [ 137.8798244, 36.1666661 ], [ 137.8798528, 36.1654555 ], [ 137.8798949, 36.1634376 ], [ 137.8799431, 36.1623708 ], [ 137.8799848, 36.1607801 ], [ 137.8800195, 36.1593814 ], [ 137.8800473, 36.1586611 ], [ 137.8821202, 36.158387 ], [ 137.8842544, 36.1580723 ], [ 137.884632, 36.1580419 ], [ 137.886321, 36.1579812 ], [ 137.8867687, 36.1579749 ], [ 137.8884423, 36.1579905 ], [ 137.8901855, 36.1580064 ], [ 137.8904559, 36.1580088 ], [ 137.892059, 36.1580193 ], [ 137.893449, 36.1580306 ], [ 137.8949477, 36.1580156 ], [ 137.8955116, 36.1579759 ], [ 137.8972084, 36.157865 ], [ 137.8983771, 36.1577592 ], [ 137.8995929, 36.1576425 ], [ 137.9000023, 36.1575054 ], [ 137.9004216, 36.1573593 ], [ 137.9009629, 36.1571347 ], [ 137.9015543, 36.1569137 ], [ 137.9027581, 36.1565561 ], [ 137.903846, 36.1562336 ], [ 137.9046417, 36.1559114 ], [ 137.9051629, 36.1557005 ], [ 137.9054334, 36.1556161 ], [ 137.9056415, 36.1555711 ], [ 137.9058426, 36.1555597 ], [ 137.9061757, 36.1555597 ], [ 137.9066403, 36.1556247 ], [ 137.9074521, 36.1557905 ], [ 137.9078335, 36.1557905 ], [ 137.9083357, 36.155645 ], [ 137.908603, 36.1555519 ], [ 137.9092722, 36.1552247 ], [ 137.9096715, 36.1550305 ], [ 137.9103234, 36.1549125 ], [ 137.9104971, 36.1548672 ], [ 137.9107051, 36.1547775 ], [ 137.9107854, 36.1547573 ], [ 137.910891, 36.154755 ], [ 137.911411, 36.1546491 ], [ 137.9117318, 36.1546367 ], [ 137.9121618, 36.1546591 ], [ 137.912349, 36.1546986 ], [ 137.9127436, 36.1547358 ], [ 137.9131329, 36.1547605 ], [ 137.9136114, 36.1548394 ], [ 137.9140023, 36.1549079 ], [ 137.9144467, 36.1549858 ], [ 137.9146253, 36.1549633 ], [ 137.914985, 36.1548674 ], [ 137.9163043, 36.154547 ], [ 137.9174374, 36.1542592 ], [ 137.9188227, 36.1539174 ], [ 137.9195321, 36.1537448 ], [ 137.9214929, 36.1532451 ], [ 137.9220115, 36.1530886 ], [ 137.9222196, 36.1529705 ], [ 137.9224901, 36.1527678 ], [ 137.9226288, 36.1526103 ], [ 137.9227068, 36.1524719 ], [ 137.9230855, 36.1516386 ], [ 137.9233292, 36.1511128 ], [ 137.9234265, 36.150955 ], [ 137.9237387, 36.1506172 ], [ 137.9238565, 36.1505216 ], [ 137.924141, 36.1503414 ], [ 137.9243004, 36.1502683 ], [ 137.9247123, 36.1501258 ], [ 137.9252699, 36.1499329 ], [ 137.9265685, 36.1494803 ] ] } },
{ "type": "Feature", "properties": { "N12_001": "20", "N12_002": 2, "N12_003": 6, "N12_004": "長野県道　諏訪辰野線", "N12_005": 40, "N12_006": 1 }, "geometry": { "type": "LineString", "coordinates": [ [ 138.1255843, 36.0295787 ], [ 138.1246515, 36.0291899 ], [ 138.1244568, 36.0291242 ], [ 138.1242508, 36.0290835 ], [ 138.1240515, 36.0290586 ], [ 138.1238613, 36.0290586 ], [ 138.1236712, 36.0290699 ], [ 138.1235172, 36.0290858 ], [ 138.1233542, 36.029122 ], [ 138.1231799, 36.0291785 ], [ 138.1220264, 36.029627 ], [ 138.1214856, 36.0298472 ], [ 138.1208732, 36.0300827 ], [ 138.1200376, 36.030403 ], [ 138.119655, 36.0305439 ], [ 138.1184924, 36.0309839 ], [ 138.1174087, 36.0314426 ], [ 138.1163623, 36.0318557 ], [ 138.1160771, 36.0319648 ] ] } },
{ "type": "Feature", "properties": { "N12_001": "20", "N12_002": 1, "N12_003": 6, "N12_004": "長野県道　大町明科線", "N12_005": 41, "N12_006": 1 }, "geometry": { "type": "LineString", "coordinates": [ [ 137.9232281, 36.3487107 ], [ 137.9225113, 36.3490467 ], [ 137.9218385, 36.3493762 ], [ 137.9204534, 36.3499994 ], [ 137.9187384, 36.3507706 ], [ 137.9184192, 36.350871 ], [ 137.9177189, 36.3510858 ], [ 137.9173361, 36.3512038 ], [ 137.9165858, 36.3514318 ], [ 137.9161256, 36.3515808 ], [ 137.9153325, 36.3518229 ], [ 137.9148172, 36.3519861 ], [ 137.9144136, 36.3521099 ], [ 137.9141703, 36.3522058 ], [ 137.9139822, 36.3523183 ], [ 137.9133842, 36.3527516 ], [ 137.9127509, 36.3532413 ], [ 137.9125702, 36.3533538 ], [ 137.9119161, 36.353714 ], [ 137.9109764, 36.3542375 ], [ 137.9103923, 36.3545641 ], [ 137.9100373, 36.3547724 ], [ 137.9092786, 36.3551777 ], [ 137.9083367, 36.355698 ], [ 137.9075392, 36.3561288 ], [ 137.9067459, 36.3565736 ], [ 137.9060313, 36.3569624 ], [ 137.9041645, 36.3580202 ], [ 137.903656, 36.3582998 ], [ 137.9030228, 36.3586441 ], [ 137.9019421, 36.3592649 ], [ 137.9017639, 36.3594105 ], [ 137.9015752, 36.3596612 ], [ 137.9014159, 36.3598833 ], [ 137.9012768, 36.3601365 ], [ 137.9010689, 36.3604507 ], [ 137.9004278, 36.361133 ], [ 137.9001464, 36.3615043 ], [ 137.8995119, 36.3624296 ], [ 137.8992795, 36.3627822 ], [ 137.8988219, 36.3634809 ], [ 137.8979226, 36.3648649 ], [ 137.8967492, 36.3666661 ], [ 137.8964895, 36.3670658 ], [ 137.8962251, 36.3675386 ], [ 137.8959537, 36.3680905 ], [ 137.8955499, 36.3688941 ], [ 137.8950559, 36.3698747 ], [ 137.8948698, 36.3702527 ], [ 137.8942279, 36.3716255 ], [ 137.8938855, 36.3724669 ], [ 137.8936555, 36.3730678 ], [ 137.8933093, 36.3739669 ], [ 137.8930868, 36.3745185 ], [ 137.8928921, 36.3750405 ], [ 137.8927423, 36.3754224 ], [ 137.8925244, 36.3759793 ], [ 137.8923907, 36.3763199 ], [ 137.8917087, 36.3780649 ], [ 137.8914915, 36.3785981 ], [ 137.8911357, 36.3794773 ], [ 137.8908254, 36.3802994 ], [ 137.8903871, 36.381476 ], [ 137.8899343, 36.3826966 ], [ 137.8897155, 36.3833327 ], [ 137.8894512, 36.3840656 ], [ 137.8891624, 36.3848588 ], [ 137.8889188, 36.385568 ], [ 137.8885291, 36.3866038 ], [ 137.8884107, 36.3869527 ], [ 137.8881532, 36.387741 ], [ 137.8879655, 36.3883485 ], [ 137.8878471, 36.3887033 ], [ 137.8876802, 36.3892324 ], [ 137.8872615, 36.3905686 ], [ 137.8870193, 36.3913097 ], [ 137.8867688, 36.3920583 ], [ 137.8864325, 36.3931213 ], [ 137.8861193, 36.3941146 ], [ 137.8856633, 36.3955446 ], [ 137.8854054, 36.3963482 ], [ 137.8852588, 36.3968149 ], [ 137.885043, 36.3974621 ], [ 137.8847785, 36.3982841 ], [ 137.8846035, 36.3988265 ], [ 137.8842121, 36.3999994 ], [ 137.8839911, 36.4007137 ], [ 137.8837416, 36.4015094 ], [ 137.8835538, 36.4021119 ], [ 137.8832496, 36.4030502 ], [ 137.8827722, 36.4045425 ], [ 137.8824961, 36.4053819 ], [ 137.8822031, 36.4063097 ], [ 137.8819229, 36.4071947 ], [ 137.8817294, 36.4078039 ], [ 137.8815427, 36.40839 ], [ 137.8813691, 36.4089005 ], [ 137.8812439, 36.4092718 ], [ 137.881028, 36.4099643 ], [ 137.8806596, 36.411118 ], [ 137.8803461, 36.4120302 ], [ 137.8801167, 36.4127452 ], [ 137.8799775, 36.413156 ], [ 137.8797339, 36.4139157 ], [ 137.8793997, 36.4149913 ], [ 137.8792403, 36.415516 ], [ 137.8789753, 36.4162407 ], [ 137.8788612, 36.416666 ], [ 137.8787458, 36.4173724 ], [ 137.8787583, 36.4176558 ], [ 137.8787459, 36.4178674 ], [ 137.8786761, 36.4183966 ], [ 137.8785834, 36.4191736 ], [ 137.8785003, 36.4194975 ], [ 137.8784286, 36.4197704 ], [ 137.8783631, 36.4202149 ], [ 137.8778617, 36.4216732 ], [ 137.8777163, 36.4221379 ], [ 137.8771373, 36.4235476 ], [ 137.8769937, 36.4238615 ], [ 137.8769663, 36.4242412 ], [ 137.8769524, 36.4246266 ], [ 137.8769214, 36.4249382 ], [ 137.8768448, 36.4254224 ], [ 137.8766567, 36.4260977 ], [ 137.8764017, 36.4268793 ], [ 137.8762119, 36.4274089 ], [ 137.8753082, 36.4301103 ], [ 137.8748497, 36.431535 ], [ 137.874277, 36.4333326 ], [ 137.8739149, 36.4344743 ], [ 137.8733615, 36.436456 ], [ 137.8730898, 36.4381615 ], [ 137.8729437, 36.4391412 ], [ 137.8725665, 36.4416704 ], [ 137.8724236, 36.4425664 ], [ 137.8723369, 36.4436025 ], [ 137.8722418, 36.445592 ], [ 137.8721496, 36.4475518 ], [ 137.8720937, 36.4483682 ], [ 137.8720052, 36.4491699 ], [ 137.8719519, 36.4494805 ], [ 137.8714911, 36.4513165 ], [ 137.8710122, 36.4531385 ], [ 137.8706237, 36.4546755 ], [ 137.8704916, 36.4551311 ], [ 137.8702549, 36.4560143 ], [ 137.8698924, 36.4574001 ], [ 137.8696871, 36.4583326 ], [ 137.8695441, 36.4590159 ], [ 137.8694697, 36.4593084 ], [ 137.8694298, 36.4594428 ], [ 137.8693279, 36.4596354 ], [ 137.8692654, 36.4597254 ], [ 137.8686941, 36.4600798 ], [ 137.8685132, 36.4602206 ], [ 137.8684366, 36.4603556 ], [ 137.8683879, 36.4604909 ], [ 137.8683668, 36.460609 ], [ 137.8683564, 36.4613903 ], [ 137.8683321, 36.4623037 ], [ 137.868297, 36.4636861 ], [ 137.8682694, 36.4653153 ], [ 137.868151, 36.467162 ], [ 137.8681285, 36.4673892 ], [ 137.8679958, 36.4678239 ], [ 137.8674394, 36.4690745 ], [ 137.8673863, 36.4692867 ], [ 137.8673682, 36.469512 ], [ 137.8681108, 36.4726906 ], [ 137.8680144, 36.4729159 ], [ 137.8677969, 36.4731609 ], [ 137.8677052, 36.4733662 ], [ 137.8676129, 36.4749992 ], [ 137.8675238, 36.4763611 ], [ 137.8675238, 36.4765975 ], [ 137.8676171, 36.4768442 ], [ 137.8678824, 36.4771095 ], [ 137.8684182, 36.4775995 ], [ 137.8685819, 36.4778717 ], [ 137.8686824, 36.4780353 ], [ 137.868808, 36.478303 ], [ 137.8687847, 36.4787555 ], [ 137.8687302, 36.4793306 ], [ 137.8686036, 36.4807522 ], [ 137.8685122, 36.4818141 ], [ 137.8684711, 36.4824864 ], [ 137.8684152, 36.4827003 ], [ 137.8680586, 36.4833325 ], [ 137.8678858, 36.4836408 ], [ 137.8676433, 36.48411 ], [ 137.867433, 36.4844792 ], [ 137.8671798, 36.4848787 ], [ 137.8669525, 36.4852335 ], [ 137.8662061, 36.4864184 ], [ 137.8655733, 36.4874236 ], [ 137.8651717, 36.4880436 ], [ 137.8645102, 36.4889956 ], [ 137.863943, 36.4897994 ], [ 137.8637486, 36.4900753 ], [ 137.863693, 36.4903013 ], [ 137.8636594, 36.4905725 ], [ 137.8636931, 36.4908436 ], [ 137.863783, 36.4912328 ], [ 137.8639069, 36.4916658 ], [ 137.8639639, 36.49186 ], [ 137.8639919, 36.4921358 ], [ 137.8639639, 36.4931658 ], [ 137.8639431, 36.4936727 ], [ 137.8639337, 36.4940628 ], [ 137.8639386, 36.4944582 ], [ 137.8639083, 36.4946914 ], [ 137.8638256, 36.4955866 ] ] } },
{ "type": "Feature", "properties": { "N12_001": "20", "N12_002": 2, "N12_003": 6, "N12_004": "長野県道　須坂中野線", "N12_005": 42, "N12_006": 1 }, "geometry": { "type": "LineString", "coordinates": [ [ 138.3610324, 36.6792325 ], [ 138.360801, 36.6792144 ], [ 138.3603607, 36.6791524 ], [ 138.3601999, 36.6791185 ], [ 138.3598036, 36.6790601 ], [ 138.3595782, 36.6790251 ], [ 138.3588062, 36.6788795 ], [ 138.3585562, 36.6788123 ], [ 138.3583227, 36.6787525 ], [ 138.358194, 36.678488 ], [ 138.3579449, 36.6780127 ], [ 138.3577676, 36.6777113 ], [ 138.3575724, 36.6773846 ], [ 138.3573111, 36.6769984 ], [ 138.3571948, 36.676816 ], [ 138.3565098, 36.6757913 ], [ 138.356426, 36.6756449 ], [ 138.3563448, 36.6754658 ], [ 138.3561601, 36.6750142 ], [ 138.3559018, 36.6742544 ], [ 138.3558074, 36.6739737 ], [ 138.3556373, 36.6734674 ], [ 138.3555676, 36.6732708 ], [ 138.355549, 36.6731974 ], [ 138.3554845, 36.6729835 ], [ 138.3554443, 36.6728349 ], [ 138.3554334, 36.6727618 ], [ 138.3554212, 36.6726435 ], [ 138.3554126, 36.6725708 ], [ 138.3554265, 36.6722555 ], [ 138.3554709, 36.6720971 ], [ 138.3555804, 36.6717372 ], [ 138.3553987, 36.6716249 ], [ 138.354734, 36.6712744 ], [ 138.3546165, 36.6711305 ], [ 138.3545906, 36.6710676 ], [ 138.3543154, 36.6705272 ], [ 138.3541968, 36.6703358 ], [ 138.353737, 36.6697558 ], [ 138.3536469, 36.669656 ], [ 138.3536111, 36.6696078 ], [ 138.353351, 36.6692434 ], [ 138.3532601, 36.6691308 ], [ 138.3529879, 36.6687591 ], [ 138.3527248, 36.668406 ], [ 138.3523106, 36.6683088 ], [ 138.3521522, 36.6682533 ], [ 138.3519823, 36.6681849 ], [ 138.3517659, 36.6680666 ], [ 138.3514101, 36.6677569 ], [ 138.3511122, 36.6674805 ], [ 138.3509634, 36.6673441 ], [ 138.3502755, 36.6667206 ], [ 138.3501754, 36.6666356 ], [ 138.350008, 36.6665727 ], [ 138.3498462, 36.6665411 ], [ 138.3487306, 36.6664079 ], [ 138.3481776, 36.6663438 ], [ 138.3475004, 36.6662539 ], [ 138.3471792, 36.6662199 ], [ 138.3468932, 36.6661789 ], [ 138.3466698, 36.6661469 ], [ 138.3462789, 36.6660511 ], [ 138.3456908, 36.6659005 ], [ 138.3453935, 36.6658224 ], [ 138.3452595, 36.6657752 ], [ 138.3448684, 36.6656963 ], [ 138.3441214, 36.665488 ], [ 138.3440098, 36.665443 ], [ 138.3438489, 36.6653586 ], [ 138.3437054, 36.665254 ], [ 138.3434859, 36.6650938 ], [ 138.3431441, 36.6648181 ], [ 138.3427446, 36.6645207 ], [ 138.3425838, 36.6644029 ], [ 138.3420897, 36.6640916 ], [ 138.341709, 36.6639114 ], [ 138.3415311, 36.6638272 ], [ 138.341287, 36.6637203 ], [ 138.3410426, 36.6636133 ], [ 138.3407422, 36.6634783 ], [ 138.3406201, 36.6634202 ], [ 138.3400789, 36.663163 ], [ 138.3396114, 36.6629714 ], [ 138.3394858, 36.6629263 ], [ 138.3391506, 36.6628025 ], [ 138.3388014, 36.6626786 ], [ 138.3384416, 36.6625624 ], [ 138.3383114, 36.6625125 ], [ 138.3379217, 36.6623577 ], [ 138.3375798, 36.6622 ], [ 138.3372375, 36.6619691 ], [ 138.3366508, 36.6616159 ], [ 138.3364489, 36.6614908 ], [ 138.3358764, 36.6611136 ], [ 138.3352061, 36.660618 ], [ 138.3349897, 36.660483 ], [ 138.3347534, 36.6603535 ], [ 138.3344864, 36.660227 ], [ 138.3338306, 36.659948 ], [ 138.3334814, 36.6597622 ], [ 138.3333453, 36.6596957 ], [ 138.3330268, 36.6596061 ], [ 138.3324136, 36.6594414 ], [ 138.3319555, 36.6593195 ], [ 138.3309753, 36.6590642 ], [ 138.33071, 36.6589966 ], [ 138.3303189, 36.6589234 ], [ 138.3289088, 36.6586475 ], [ 138.3287342, 36.6586191 ], [ 138.3281058, 36.6584955 ], [ 138.3277881, 36.6584439 ], [ 138.3274133, 36.6583883 ], [ 138.3269311, 36.6582978 ], [ 138.3262228, 36.6581635 ], [ 138.3256531, 36.6580555 ], [ 138.3254224, 36.6580215 ], [ 138.3250309, 36.6579387 ], [ 138.3248005, 36.6578933 ], [ 138.3244838, 36.6578445 ], [ 138.3240618, 36.6577651 ], [ 138.3234714, 36.6576782 ], [ 138.3230151, 36.6576553 ], [ 138.3222754, 36.6576103 ], [ 138.3221357, 36.6575934 ], [ 138.3218521, 36.6575875 ], [ 138.321034, 36.6575579 ], [ 138.3204824, 36.6575066 ], [ 138.3202485, 36.6574723 ], [ 138.3198834, 36.6574013 ], [ 138.3194927, 36.6573373 ], [ 138.3192845, 36.6573098 ], [ 138.3186969, 36.6572183 ], [ 138.3184545, 36.6571748 ], [ 138.3180096, 36.6570924 ], [ 138.3174505, 36.6569918 ], [ 138.316364, 36.6568115 ], [ 138.3160082, 36.656761 ], [ 138.3156863, 36.6566812 ], [ 138.3152813, 36.6566248 ], [ 138.3150964, 36.6565954 ], [ 138.3148106, 36.6565502 ], [ 138.3146006, 36.6565205 ], [ 138.3131812, 36.6563198 ] ] } },
{ "type": "Feature", "properties": { "N12_001": "20", "N12_002": 2, "N12_003": 6, "N12_004": "長野県道　天竜公園阿智線", "N12_005": 43, "N12_006": 1 }, "geometry": { "type": "LineString", "coordinates": [ [ 137.7921952, 35.4078661 ], [ 137.7925901, 35.4075699 ], [ 137.7926828, 35.4075003 ], [ 137.7928138, 35.40742 ], [ 137.7929026, 35.4073655 ], [ 137.7930193, 35.4073261 ], [ 137.7931293, 35.4073119 ], [ 137.7932737, 35.4073203 ], [ 137.7933767, 35.4073542 ], [ 137.7934934, 35.4074275 ], [ 137.7938304, 35.4077086 ], [ 137.7939442, 35.4077576 ], [ 137.7941876, 35.4078044 ], [ 137.7947993, 35.407855 ], [ 137.795012, 35.4078833 ], [ 137.7951426, 35.4079283 ], [ 137.795239, 35.4079789 ], [ 137.7953831, 35.4080858 ], [ 137.7955892, 35.408345 ], [ 137.7957682, 35.4085197 ], [ 137.7959192, 35.4086153 ], [ 137.7960842, 35.4086828 ], [ 137.7963248, 35.4087447 ], [ 137.7966065, 35.4087786 ], [ 137.7968948, 35.4087842 ], [ 137.7970254, 35.408773 ], [ 137.7972317, 35.408728 ], [ 137.7975478, 35.4085928 ], [ 137.7979423, 35.4083895 ], [ 137.7980496, 35.408333 ], [ 137.7984481, 35.408103 ], [ 137.7986681, 35.407968 ], [ 137.7988192, 35.4078892 ], [ 137.7989772, 35.4077934 ], [ 137.7992831, 35.4076375 ], [ 137.7995612, 35.407523 ], [ 137.7997377, 35.407469 ], [ 137.8000012, 35.4073765 ], [ 137.8003309, 35.4072697 ], [ 137.8006128, 35.4071344 ], [ 137.8007845, 35.4070164 ], [ 137.8010938, 35.4067291 ], [ 137.8015473, 35.4062339 ], [ 137.8016437, 35.4061494 ], [ 137.8021451, 35.4058283 ], [ 137.8022345, 35.4057608 ], [ 137.8023161, 35.405682 ], [ 137.8023512, 35.4055806 ], [ 137.8023578, 35.4050461 ], [ 137.8023584, 35.4050061 ], [ 137.8023995, 35.4048489 ], [ 137.8024889, 35.4046686 ], [ 137.802585, 35.4045053 ], [ 137.802657, 35.4044214 ], [ 137.8027362, 35.4043475 ], [ 137.8028942, 35.4042519 ], [ 137.8032723, 35.4041111 ], [ 137.803822, 35.4038519 ], [ 137.8040487, 35.40379 ], [ 137.8042962, 35.403745 ], [ 137.8044472, 35.4036944 ], [ 137.8045986, 35.4036097 ], [ 137.8047087, 35.4035705 ], [ 137.8049764, 35.4035086 ], [ 137.8052167, 35.4034242 ], [ 137.8055056, 35.4032553 ], [ 137.8056223, 35.4032047 ], [ 137.8058616, 35.4031345 ], [ 137.806227, 35.4030583 ], [ 137.80644, 35.4029905 ], [ 137.8065172, 35.4029583 ], [ 137.8066515, 35.4029025 ], [ 137.8068892, 35.4027694 ], [ 137.8070281, 35.4026653 ], [ 137.8072659, 35.4024167 ], [ 137.8073617, 35.4023021 ], [ 137.8075048, 35.4021885 ], [ 137.8076261, 35.4020944 ], [ 137.8082581, 35.4016475 ], [ 137.8088731, 35.4012128 ], [ 137.8089536, 35.4011614 ], [ 137.8090517, 35.4011244 ], [ 137.8091536, 35.4011195 ], [ 137.80924, 35.4011292 ], [ 137.8093245, 35.4011678 ], [ 137.8107006, 35.4019492 ], [ 137.8108175, 35.4019831 ], [ 137.8111131, 35.4019997 ], [ 137.8111817, 35.4020167 ], [ 137.8112986, 35.4021011 ], [ 137.8114086, 35.402225 ], [ 137.8114841, 35.4022993 ], [ 137.8115741, 35.4023147 ], [ 137.811633, 35.4023021 ], [ 137.8119584, 35.402135 ], [ 137.8121367, 35.4020731 ], [ 137.8123978, 35.402045 ], [ 137.8126333, 35.4020333 ], [ 137.8127287, 35.4020511 ], [ 137.8127898, 35.4020911 ], [ 137.8128438, 35.4021565 ], [ 137.8128453, 35.4022119 ], [ 137.8127775, 35.4023122 ], [ 137.8124736, 35.4026133 ], [ 137.8123156, 35.4028275 ], [ 137.8122607, 35.4029397 ], [ 137.8122553, 35.4030151 ], [ 137.8123096, 35.4031527 ], [ 137.8125903, 35.4033061 ], [ 137.8127208, 35.403413 ], [ 137.8127689, 35.4035989 ], [ 137.8128514, 35.4038017 ], [ 137.8129339, 35.4038522 ], [ 137.8130645, 35.4038917 ], [ 137.813305, 35.4039197 ], [ 137.8136759, 35.4039142 ], [ 137.8138889, 35.4038692 ], [ 137.8139755, 35.4038369 ], [ 137.8142297, 35.4037028 ], [ 137.8145761, 35.4034694 ], [ 137.8146795, 35.4033342 ], [ 137.8147411, 35.4032722 ], [ 137.814795, 35.4032436 ], [ 137.8148339, 35.4032325 ], [ 137.8148992, 35.4032272 ], [ 137.8153872, 35.4032158 ], [ 137.8157789, 35.4032328 ], [ 137.8158864, 35.4032008 ], [ 137.8159308, 35.4031791 ], [ 137.8160401, 35.4031258 ], [ 137.8161361, 35.4030864 ], [ 137.8163286, 35.4030864 ], [ 137.8164383, 35.4031033 ], [ 137.8165364, 35.40311 ], [ 137.8166034, 35.4030978 ], [ 137.8166678, 35.4030588 ], [ 137.8167339, 35.4030189 ], [ 137.8170019, 35.402732 ], [ 137.8171394, 35.4026475 ], [ 137.8175312, 35.4024786 ], [ 137.8177855, 35.4023208 ], [ 137.8179161, 35.40227 ], [ 137.818033, 35.4022419 ], [ 137.8182117, 35.4022364 ], [ 137.8183766, 35.40227 ], [ 137.8185072, 35.4023153 ], [ 137.8188641, 35.4025236 ], [ 137.8189672, 35.4025631 ], [ 137.8191872, 35.4026136 ], [ 137.8194552, 35.402653 ], [ 137.8196408, 35.402687 ], [ 137.820005, 35.4028108 ], [ 137.820335, 35.4029289 ], [ 137.8205, 35.4029289 ], [ 137.8207061, 35.4028444 ], [ 137.8208983, 35.4028108 ], [ 137.82151, 35.4028108 ], [ 137.8216336, 35.4027825 ], [ 137.8217436, 35.402732 ], [ 137.8219017, 35.4026025 ], [ 137.8220736, 35.4024953 ], [ 137.8222592, 35.4024053 ], [ 137.8223622, 35.4024053 ], [ 137.8224378, 35.4024392 ], [ 137.8227814, 35.4027095 ], [ 137.8232625, 35.4030078 ], [ 137.8234, 35.4030586 ], [ 137.8235439, 35.4030756 ], [ 137.8237294, 35.4030675 ], [ 137.8238811, 35.4030436 ], [ 137.8239905, 35.4029967 ], [ 137.8242794, 35.4028558 ], [ 137.8247329, 35.4026137 ], [ 137.82499, 35.4024955 ], [ 137.8250766, 35.4024558 ], [ 137.8254819, 35.4021856 ], [ 137.8255885, 35.4021421 ], [ 137.8256744, 35.402107 ], [ 137.8257334, 35.4020818 ], [ 137.826025, 35.4019886 ], [ 137.8261625, 35.4019831 ], [ 137.8262241, 35.4020056 ], [ 137.8263066, 35.4020731 ], [ 137.826403, 35.4022081 ], [ 137.8264786, 35.4023658 ], [ 137.8265336, 35.4024278 ], [ 137.8265816, 35.4024617 ], [ 137.8267741, 35.4025122 ], [ 137.8270628, 35.4025236 ], [ 137.8273855, 35.4024503 ], [ 137.8280452, 35.4023489 ], [ 137.8284783, 35.4022983 ], [ 137.82876, 35.4022814 ], [ 137.8288836, 35.4022589 ], [ 137.8291036, 35.4022081 ], [ 137.8297427, 35.4020114 ], [ 137.8299697, 35.40191 ], [ 137.8301069, 35.4018086 ], [ 137.8301619, 35.4017411 ], [ 137.8301894, 35.4016342 ], [ 137.8302102, 35.4013806 ], [ 137.8302433, 35.4013086 ], [ 137.8303408, 35.4011781 ], [ 137.8304369, 35.4010314 ], [ 137.8305813, 35.4006822 ], [ 137.8306844, 35.4005358 ], [ 137.8307669, 35.4004514 ], [ 137.8309455, 35.4003053 ], [ 137.831076, 35.4002153 ], [ 137.8311997, 35.4001533 ], [ 137.8315327, 35.4000767 ], [ 137.8316297, 35.4000486 ], [ 137.8316808, 35.400018 ], [ 137.8317083, 35.3999955 ], [ 137.8320108, 35.3996972 ], [ 137.8320863, 35.3996409 ], [ 137.8321963, 35.3995844 ], [ 137.8323677, 35.3995114 ], [ 137.8324711, 35.3994944 ], [ 137.8328008, 35.3994889 ], [ 137.8329727, 35.3995114 ], [ 137.8331511, 35.3995089 ], [ 137.8333919, 35.3995056 ], [ 137.8335636, 35.3994606 ], [ 137.8336805, 35.39941 ], [ 137.8337869, 35.3993203 ], [ 137.8337944, 35.3992761 ], [ 137.8337763, 35.3992258 ], [ 137.8337149, 35.3991172 ], [ 137.8337354, 35.3988511 ], [ 137.833742, 35.3988278 ], [ 137.8337813, 35.3987643 ], [ 137.8337974, 35.3987511 ], [ 137.8338803, 35.3987171 ], [ 137.8343541, 35.3985147 ], [ 137.8344572, 35.3984642 ], [ 137.8346772, 35.3982953 ], [ 137.8348902, 35.3980925 ], [ 137.8349727, 35.3980192 ], [ 137.8351719, 35.3979406 ], [ 137.8357354, 35.3977828 ], [ 137.8358797, 35.3977319 ], [ 137.8361137, 35.3975913 ], [ 137.8364022, 35.3973997 ], [ 137.8365121, 35.3973547 ], [ 137.8366633, 35.3973547 ], [ 137.8367024, 35.3973656 ], [ 137.8368421, 35.3974335 ] ] } },
{ "type": "Feature", "properties": { "N12_001": "20", "N12_002": 2, "N12_003": 6, "N12_004": "長野県道　梓山海ノ口線", "N12_005": 44, "N12_006": 1 }, "geometry": { "type": "LineString", "coordinates": [ [ 138.4991345, 36.0045984 ], [ 138.4993707, 36.0047675 ], [ 138.4994816, 36.0048914 ], [ 138.4995507, 36.0049956 ], [ 138.4995788, 36.0050381 ], [ 138.499641, 36.0052014 ], [ 138.4996827, 36.0053928 ], [ 138.4997244, 36.0059109 ], [ 138.4997435, 36.0060176 ], [ 138.4997588, 36.0061025 ], [ 138.4998005, 36.006187 ], [ 138.4999113, 36.0062939 ], [ 138.5000027, 36.0063186 ], [ 138.5000773, 36.0063388 ], [ 138.5001962, 36.0063697 ], [ 138.5004033, 36.0064233 ], [ 138.5005141, 36.0065022 ], [ 138.5005627, 36.0065642 ], [ 138.5006183, 36.0067047 ], [ 138.5007983, 36.0067892 ], [ 138.5008816, 36.0068681 ], [ 138.5009924, 36.0070822 ], [ 138.5010824, 36.0072622 ], [ 138.5011583, 36.0073809 ], [ 138.5012128, 36.0073931 ], [ 138.5012613, 36.0073944 ], [ 138.501353, 36.00733 ], [ 138.5016163, 36.0070428 ], [ 138.5016716, 36.0070089 ], [ 138.5018033, 36.0069808 ], [ 138.5021291, 36.0069525 ], [ 138.5022194, 36.0069075 ], [ 138.5025449, 36.0065192 ], [ 138.502663, 36.0064008 ], [ 138.5027322, 36.0063672 ], [ 138.5028155, 36.0063558 ], [ 138.5029333, 36.0063728 ], [ 138.5031408, 36.0064458 ], [ 138.5031894, 36.0065192 ], [ 138.5031894, 36.0066258 ], [ 138.5030994, 36.0069525 ], [ 138.5031616, 36.0070539 ], [ 138.5033904, 36.007313 ], [ 138.5034249, 36.0073469 ], [ 138.5035569, 36.0073469 ], [ 138.5037439, 36.0072286 ], [ 138.5038717, 36.0071323 ], [ 138.503952, 36.0070708 ], [ 138.5041183, 36.0069189 ], [ 138.5042013, 36.0067722 ], [ 138.5042569, 36.0066089 ], [ 138.504333, 36.0063164 ], [ 138.5043747, 36.0062095 ], [ 138.5044441, 36.0060967 ], [ 138.5044924, 36.0060631 ], [ 138.5045513, 36.0060523 ], [ 138.5046102, 36.0060572 ], [ 138.5047766, 36.006125 ], [ 138.504872, 36.0061818 ], [ 138.5049397, 36.0061726 ], [ 138.5049814, 36.0061472 ], [ 138.5050124, 36.00608 ], [ 138.5051094, 36.0057589 ], [ 138.5051719, 36.0056461 ], [ 138.5052341, 36.0055842 ], [ 138.5052758, 36.0055672 ], [ 138.5053936, 36.0055506 ], [ 138.5064608, 36.0059672 ], [ 138.506523, 36.0060181 ], [ 138.5065577, 36.0060686 ], [ 138.5065438, 36.0063333 ], [ 138.5065508, 36.0063614 ], [ 138.5066202, 36.0064628 ], [ 138.5069392, 36.0067893 ], [ 138.5070152, 36.006857 ], [ 138.5070916, 36.0069075 ], [ 138.507355, 36.006975 ], [ 138.507438, 36.0070314 ], [ 138.5076111, 36.0072906 ], [ 138.5076941, 36.00733 ], [ 138.5079369, 36.00733 ], [ 138.5081863, 36.0072961 ], [ 138.5083921, 36.0072544 ], [ 138.5084208, 36.0072453 ], [ 138.5084566, 36.0072286 ], [ 138.5085052, 36.0071328 ], [ 138.5085608, 36.0068061 ], [ 138.5086161, 36.0067442 ], [ 138.508713, 36.0067047 ], [ 138.5089419, 36.0066822 ], [ 138.5090111, 36.0066428 ], [ 138.5091291, 36.0065358 ], [ 138.5094411, 36.0062094 ], [ 138.509538, 36.006142 ], [ 138.5096558, 36.0061475 ], [ 138.5097183, 36.0061756 ], [ 138.5102449, 36.0065244 ], [ 138.5103836, 36.0065978 ], [ 138.5105291, 36.0066317 ], [ 138.510979, 36.0066258 ], [ 138.5111113, 36.0066822 ], [ 138.5112769, 36.0067743 ], [ 138.5113742, 36.0068285 ], [ 138.5115679, 36.0069279 ], [ 138.511614, 36.0069531 ], [ 138.5128712, 36.0076789 ], [ 138.5133913, 36.0079889 ], [ 138.5137114, 36.008172 ], [ 138.5137787, 36.0082014 ], [ 138.5138972, 36.0081861 ], [ 138.5142509, 36.0079608 ], [ 138.5145558, 36.0077186 ], [ 138.5146184, 36.0076411 ], [ 138.5146444, 36.0075694 ], [ 138.5146513, 36.0074206 ], [ 138.5146319, 36.0073124 ], [ 138.5146041, 36.0072342 ], [ 138.5145627, 36.0070821 ], [ 138.5145211, 36.006857 ], [ 138.5144588, 36.0066596 ], [ 138.5142511, 36.0063333 ], [ 138.5142094, 36.0062433 ], [ 138.5142025, 36.0061025 ], [ 138.5142233, 36.0060122 ], [ 138.5142788, 36.0058997 ], [ 138.514348, 36.0058094 ], [ 138.514577, 36.0055786 ], [ 138.5147743, 36.0054121 ], [ 138.5149295, 36.0053464 ], [ 138.5150426, 36.0053361 ], [ 138.5151382, 36.0053647 ], [ 138.5152839, 36.0054433 ], [ 138.5154986, 36.0055956 ], [ 138.5156302, 36.0056914 ], [ 138.5158936, 36.0058547 ], [ 138.5160391, 36.0058772 ], [ 138.5161916, 36.0058603 ], [ 138.5165047, 36.0057485 ], [ 138.5166004, 36.005733 ], [ 138.5166698, 36.005725 ], [ 138.5169124, 36.005725 ], [ 138.5171202, 36.0057081 ], [ 138.5172175, 36.0056914 ], [ 138.5173005, 36.005635 ], [ 138.5173974, 36.0054887 ], [ 138.5175086, 36.0052689 ], [ 138.517668, 36.0048578 ], [ 138.517668, 36.0047228 ], [ 138.5175847, 36.0045483 ], [ 138.5174672, 36.0042384 ], [ 138.5173908, 36.003895 ], [ 138.5173702, 36.003585 ], [ 138.5173844, 36.0034175 ], [ 138.5173877, 36.0032978 ], [ 138.5174016, 36.0031683 ], [ 138.517403, 36.0031081 ], [ 138.5174341, 36.0029153 ], [ 138.5174858, 36.0027631 ], [ 138.5175483, 36.0026675 ], [ 138.5176244, 36.0025997 ], [ 138.5178736, 36.0024533 ], [ 138.5179222, 36.0024028 ], [ 138.5180536, 36.0022056 ], [ 138.518199, 36.0019129 ], [ 138.5182405, 36.0018113 ], [ 138.518296, 36.0013558 ], [ 138.5183311, 36.0009811 ], [ 138.5183821, 36.0007833 ], [ 138.5184191, 36.0006422 ], [ 138.5185248, 36.0002792 ], [ 138.5185872, 36.0000828 ], [ 138.5186202, 35.9999997 ], [ 138.5186701, 35.9998744 ], [ 138.5187324, 35.9996883 ], [ 138.5187463, 35.9995703 ], [ 138.5187394, 35.9994239 ], [ 138.5186977, 35.999345 ], [ 138.5185802, 35.9992042 ], [ 138.5183033, 35.9989225 ], [ 138.5182338, 35.9988381 ], [ 138.5181646, 35.998692 ], [ 138.5181438, 35.9984497 ], [ 138.5181508, 35.9982021 ], [ 138.5181716, 35.9980667 ], [ 138.5182546, 35.9978642 ], [ 138.5184002, 35.9976781 ], [ 138.5184346, 35.997605 ], [ 138.5184485, 35.9974022 ], [ 138.5185319, 35.9972669 ], [ 138.5186635, 35.9971096 ], [ 138.5190507, 35.996547 ], [ 138.5192449, 35.9962425 ], [ 138.5193213, 35.9961411 ], [ 138.5197852, 35.9953639 ], [ 138.5199513, 35.9951556 ], [ 138.5201383, 35.9950147 ], [ 138.5202905, 35.9949133 ], [ 138.520526, 35.9947503 ], [ 138.5206921, 35.9946375 ], [ 138.5207613, 35.9945475 ], [ 138.520886, 35.9943392 ], [ 138.520983, 35.9942714 ], [ 138.521065, 35.99425 ], [ 138.521163, 35.9942264 ], [ 138.5215457, 35.9941548 ], [ 138.5224774, 35.9939489 ], [ 138.5226151, 35.9939106 ], [ 138.5228055, 35.9938592 ], [ 138.5228596, 35.9938342 ], [ 138.5229352, 35.9937845 ], [ 138.5233296, 35.9934436 ], [ 138.5236138, 35.9931958 ], [ 138.5236969, 35.9930945 ], [ 138.5237246, 35.993027 ], [ 138.5237316, 35.9928017 ], [ 138.5236624, 35.9927736 ], [ 138.5231638, 35.9927061 ], [ 138.5229285, 35.9926611 ], [ 138.522686, 35.9925822 ], [ 138.522506, 35.9925034 ], [ 138.522326, 35.9923739 ], [ 138.5222221, 35.9922614 ], [ 138.5221807, 35.9921656 ], [ 138.5221738, 35.9918445 ], [ 138.5221918, 35.9916664 ], [ 138.5222221, 35.9913659 ], [ 138.522243, 35.99127 ], [ 138.5222707, 35.9912215 ], [ 138.522333, 35.9911517 ], [ 138.5223975, 35.9911124 ], [ 138.5224612, 35.9911219 ], [ 138.522513, 35.9911911 ], [ 138.5225338, 35.9913264 ], [ 138.5225407, 35.9916361 ], [ 138.5225477, 35.991687 ], [ 138.5226188, 35.9919128 ], [ 138.522648, 35.9919667 ], [ 138.5226896, 35.9920036 ], [ 138.5227255, 35.992025 ], [ 138.5227969, 35.9920586 ], [ 138.5228613, 35.9920822 ], [ 138.5229196, 35.9920867 ], [ 138.5229644, 35.992062 ], [ 138.5229993, 35.9920181 ], [ 138.523106, 35.9918523 ], [ 138.5232298, 35.9916664 ], [ 138.523413, 35.9914503 ], [ 138.5235377, 35.991332 ], [ 138.5236208, 35.9912759 ], [ 138.5237524, 35.9912364 ], [ 138.5239324, 35.9912025 ], [ 138.5240432, 35.9911953 ], [ 138.5241091, 35.9912403 ], [ 138.5241852, 35.9913578 ], [ 138.5242577, 35.9913939 ], [ 138.5243441, 35.9913856 ], [ 138.5243855, 35.9913439 ], [ 138.5244102, 35.9912814 ], [ 138.5244307, 35.991197 ], [ 138.5244171, 35.9911011 ], [ 138.5243543, 35.9910467 ], [ 138.5242583, 35.991012 ], [ 138.5242094, 35.9909942 ], [ 138.5236277, 35.9908534 ], [ 138.5235516, 35.9907634 ], [ 138.5234755, 35.9906395 ], [ 138.5234338, 35.9905323 ], [ 138.5234277, 35.990489 ], [ 138.5234492, 35.9904589 ], [ 138.5234922, 35.9904482 ], [ 138.523836, 35.9905906 ], [ 138.5239163, 35.9905943 ], [ 138.5239436, 35.990575 ], [ 138.5239514, 35.9905502 ], [ 138.5239363, 35.9904664 ], [ 138.5234549, 35.9892203 ], [ 138.5233996, 35.989057 ], [ 138.5233302, 35.9888771 ], [ 138.5232749, 35.9886853 ], [ 138.523268, 35.9883982 ], [ 138.5233027, 35.9881336 ], [ 138.5233027, 35.9878353 ], [ 138.5232471, 35.9877169 ], [ 138.5230715, 35.9874434 ], [ 138.5230679, 35.9874056 ], [ 138.5230774, 35.9873645 ], [ 138.5230962, 35.9873216 ], [ 138.523171, 35.9871728 ], [ 138.5231811, 35.987137 ], [ 138.5231728, 35.9871086 ], [ 138.5231489, 35.9870923 ], [ 138.5230777, 35.9870734 ], [ 138.5229638, 35.9870459 ], [ 138.5226591, 35.9869622 ], [ 138.5226035, 35.9869342 ], [ 138.5225135, 35.9869003 ], [ 138.5223613, 35.9867934 ], [ 138.5223196, 35.9867145 ], [ 138.5223196, 35.986557 ], [ 138.5223752, 35.9863936 ], [ 138.5224582, 35.9863034 ], [ 138.5226035, 35.9861909 ], [ 138.5229371, 35.9860159 ], [ 138.523026, 35.9859317 ], [ 138.5232335, 35.9854984 ], [ 138.5233235, 35.9853914 ], [ 138.523476, 35.9853011 ], [ 138.5235382, 35.9852786 ], [ 138.5237461, 35.9852336 ], [ 138.5240299, 35.9851942 ], [ 138.5241682, 35.9851097 ], [ 138.5242582, 35.9850028 ], [ 138.5243621, 35.9848395 ], [ 138.5244591, 35.9847211 ], [ 138.5247704, 35.9844059 ], [ 138.5248813, 35.9842481 ], [ 138.5249435, 35.9840509 ], [ 138.5249438, 35.9838372 ], [ 138.5249089, 35.9836508 ], [ 138.5248422, 35.9833331 ], [ 138.5248121, 35.9831895 ], [ 138.524819, 35.9830489 ], [ 138.5248451, 35.9830021 ], [ 138.5248964, 35.9829574 ], [ 138.5249521, 35.982924 ], [ 138.5250009, 35.982897 ], [ 138.525096, 35.9828636 ], [ 138.5253335, 35.9828259 ], [ 138.5256476, 35.9828081 ], [ 138.5259733, 35.9828206 ], [ 138.526238, 35.9828517 ], [ 138.5264666, 35.9828742 ], [ 138.5267782, 35.9828742 ], [ 138.526979, 35.9828178 ], [ 138.5272004, 35.9826773 ], [ 138.5274221, 35.9825139 ], [ 138.5275882, 35.9824125 ], [ 138.5278029, 35.9823392 ], [ 138.5279829, 35.9822998 ], [ 138.5286685, 35.9822153 ], [ 138.5289107, 35.9821592 ], [ 138.5290354, 35.9821031 ], [ 138.5292777, 35.981917 ], [ 138.5296997, 35.9815452 ], [ 138.529769, 35.9814723 ], [ 138.5300804, 35.9811736 ], [ 138.5302911, 35.9809307 ], [ 138.5304614, 35.9807343 ], [ 138.5308489, 35.9802446 ], [ 138.531216, 35.9797267 ], [ 138.5315276, 35.9792198 ], [ 138.5316798, 35.9789216 ], [ 138.5317699, 35.9787017 ], [ 138.5319016, 35.9781834 ], [ 138.5319638, 35.9779865 ], [ 138.5320815, 35.977722 ], [ 138.5322199, 35.9775306 ], [ 138.5324415, 35.9773448 ], [ 138.5325385, 35.9772209 ], [ 138.5327324, 35.9768942 ], [ 138.5328363, 35.9767589 ], [ 138.5329885, 35.9766745 ], [ 138.5330924, 35.976652 ], [ 138.5332001, 35.976646 ], [ 138.5337015, 35.9766181 ], [ 138.5338541, 35.97659 ], [ 138.5340754, 35.9765167 ], [ 138.5343315, 35.9764042 ], [ 138.534491, 35.9763198 ], [ 138.5346293, 35.9762184 ], [ 138.5347888, 35.9760608 ], [ 138.5348854, 35.9759145 ], [ 138.5349271, 35.9758186 ], [ 138.5349687, 35.9756442 ], [ 138.5350076, 35.9754364 ], [ 138.535017, 35.9753295 ], [ 138.535031, 35.9751373 ], [ 138.535031, 35.9750674 ], [ 138.5350185, 35.9749825 ], [ 138.5345253, 35.9742017 ], [ 138.5342693, 35.9737859 ], [ 138.5344771, 35.9736284 ], [ 138.534678, 35.9734536 ], [ 138.5347954, 35.9733128 ], [ 138.5351901, 35.9727273 ], [ 138.5353426, 35.9725581 ], [ 138.5356401, 35.9723328 ], [ 138.5360242, 35.9721158 ], [ 138.5362148, 35.9720231 ], [ 138.5365681, 35.9718769 ], [ 138.5370176, 35.97168 ], [ 138.5375301, 35.9713984 ], [ 138.5378762, 35.9712125 ], [ 138.5385961, 35.970869 ], [ 138.5387971, 35.97079 ], [ 138.539261, 35.9706381 ], [ 138.5394479, 35.9705987 ], [ 138.539524, 35.9705931 ], [ 138.5408879, 35.9705931 ], [ 138.541041, 35.9705798 ], [ 138.54115, 35.9705614 ], [ 138.5412479, 35.9705367 ], [ 138.5415593, 35.9704412 ], [ 138.5418107, 35.9703192 ], [ 138.541954, 35.9702498 ], [ 138.5423626, 35.97003 ], [ 138.5425361, 35.9699646 ], [ 138.5426534, 35.9699287 ], [ 138.5428957, 35.9698725 ], [ 138.5431379, 35.9698387 ], [ 138.5433248, 35.9698273 ], [ 138.5437126, 35.9698556 ], [ 138.5444463, 35.969957 ], [ 138.5450107, 35.969957 ], [ 138.5452262, 35.9699476 ], [ 138.5454227, 35.969912 ], [ 138.5458796, 35.9698048 ], [ 138.5461079, 35.9697203 ], [ 138.5466771, 35.9693578 ], [ 138.5467865, 35.9693375 ], [ 138.5471396, 35.9693262 ], [ 138.5477695, 35.9693431 ], [ 138.5482908, 35.9693493 ], [ 138.5493065, 35.9693603 ], [ 138.5496553, 35.969382 ], [ 138.5500026, 35.9694111 ], [ 138.5508233, 35.9695255 ], [ 138.5514685, 35.969615 ], [ 138.5522557, 35.9697262 ], [ 138.5527818, 35.9698109 ], [ 138.553778, 35.9699559 ], [ 138.554578, 35.9700768 ], [ 138.5548032, 35.9701036 ], [ 138.5550596, 35.9701036 ], [ 138.5552532, 35.9700753 ], [ 138.5555926, 35.9700134 ], [ 138.555821, 35.9700023 ], [ 138.5562984, 35.9699969 ], [ 138.557344, 35.9700134 ], [ 138.5577239, 35.9700283 ], [ 138.5579326, 35.9701037 ], [ 138.5579949, 35.9701373 ], [ 138.558336, 35.9704342 ], [ 138.5583896, 35.9704809 ], [ 138.5584592, 35.9705344 ], [ 138.5588049, 35.9707964 ], [ 138.5590888, 35.9709931 ], [ 138.5593036, 35.9711212 ], [ 138.5594974, 35.9711848 ], [ 138.5597532, 35.9711903 ], [ 138.5599438, 35.9711614 ], [ 138.5602379, 35.9711114 ], [ 138.5606188, 35.9710498 ], [ 138.5608378, 35.971016 ], [ 138.561131, 35.9709709 ], [ 138.5615327, 35.9709709 ], [ 138.5616849, 35.9709878 ], [ 138.5621626, 35.9710667 ], [ 138.5626334, 35.9711681 ], [ 138.5631663, 35.9712695 ], [ 138.5634919, 35.9713145 ], [ 138.563748, 35.971337 ], [ 138.5640179, 35.971337 ], [ 138.5646664, 35.9712281 ], [ 138.5648557, 35.9711962 ], [ 138.565098, 35.9711511 ], [ 138.5653471, 35.9711287 ], [ 138.5657832, 35.9711173 ], [ 138.5661571, 35.9711287 ], [ 138.5665498, 35.9711702 ], [ 138.5666994, 35.9711867 ], [ 138.5669965, 35.9712393 ], [ 138.5671332, 35.9712637 ], [ 138.5672718, 35.9712975 ], [ 138.5675488, 35.9713539 ], [ 138.568331, 35.9715284 ], [ 138.5684349, 35.9715453 ], [ 138.5688707, 35.9716412 ], [ 138.5689691, 35.97165 ], [ 138.5693608, 35.9716848 ], [ 138.5696046, 35.97172 ], [ 138.5699718, 35.97181 ], [ 138.5703524, 35.9718945 ], [ 138.5708789, 35.9719845 ], [ 138.5717716, 35.9721142 ], [ 138.5722473, 35.9721142 ], [ 138.5723255, 35.9721704 ], [ 138.5723787, 35.9722591 ], [ 138.572509, 35.9724751 ], [ 138.5726635, 35.9727304 ], [ 138.5729102, 35.973023 ], [ 138.5731149, 35.9729248 ], [ 138.573558, 35.9727839 ], [ 138.5739041, 35.972722 ], [ 138.5740675, 35.9727009 ], [ 138.5742446, 35.9726781 ], [ 138.5743402, 35.9726659 ], [ 138.5745757, 35.9726437 ], [ 138.574715, 35.9726485 ], [ 138.5748966, 35.9726536 ], [ 138.5751363, 35.9727056 ], [ 138.5753373, 35.9728502 ], [ 138.5755968, 35.973021 ], [ 138.5770531, 35.9739902 ], [ 138.577553, 35.9741736 ], [ 138.5778655, 35.9742569 ], [ 138.5786779, 35.9744236 ], [ 138.5804715, 35.9745486 ], [ 138.5813152, 35.9745986 ] ] } },
{ "type": "Feature", "properties": { "N12_001": "20", "N12_002": 2, "N12_003": 6, "N12_004": "長野県道　下条米川飯田線", "N12_005": 45, "N12_006": 1 }, "geometry": { "type": "LineString", "coordinates": [ [ 137.8330472, 35.3769861 ], [ 137.8333434, 35.377013 ], [ 137.8336885, 35.3770339 ], [ 137.8338602, 35.3770564 ], [ 137.8340116, 35.3771014 ], [ 137.8341627, 35.3771689 ], [ 137.8342588, 35.3772761 ], [ 137.8343138, 35.3774 ], [ 137.8343207, 35.3776022 ], [ 137.8342863, 35.3777036 ], [ 137.8341457, 35.3779947 ], [ 137.833998, 35.3782892 ], [ 137.8339514, 35.3783753 ], [ 137.8339038, 35.3784764 ], [ 137.8338799, 35.3785914 ], [ 137.8338746, 35.3786911 ], [ 137.8339038, 35.3787953 ], [ 137.8339885, 35.3789036 ], [ 137.8341104, 35.3789839 ], [ 137.8342427, 35.3790423 ], [ 137.8344016, 35.3790878 ], [ 137.8346504, 35.3791031 ], [ 137.835516, 35.3791075 ], [ 137.8356749, 35.3790998 ], [ 137.8358599, 35.3790722 ], [ 137.8359905, 35.3790214 ], [ 137.8361143, 35.3789259 ], [ 137.8363824, 35.3786047 ], [ 137.8364826, 35.3785016 ], [ 137.8365796, 35.378437 ], [ 137.8366571, 35.3784075 ], [ 137.836726, 35.378385 ], [ 137.8372585, 35.378385 ], [ 137.8373423, 35.3783879 ], [ 137.8378585, 35.3783893 ], [ 137.8384646, 35.3783909 ], [ 137.8388427, 35.378357 ], [ 137.8390832, 35.378312 ], [ 137.8394501, 35.3782272 ], [ 137.8397406, 35.3781671 ], [ 137.8403486, 35.3781272 ], [ 137.840678, 35.3781421 ], [ 137.8412905, 35.3782338 ], [ 137.8416529, 35.3783337 ] ] } },
{ "type": "Feature", "properties": { "N12_001": "20", "N12_002": 2, "N12_003": 6, "N12_004": "長野県道　上野小海線", "N12_005": 46, "N12_006": 1 }, "geometry": { "type": "LineString", "coordinates": [ [ 138.5508324, 36.0593657 ], [ 138.5504302, 36.0592435 ], [ 138.550003, 36.0592082 ], [ 138.5497984, 36.0592082 ], [ 138.5491598, 36.0592138 ], [ 138.5480739, 36.0592085 ], [ 138.5476448, 36.0592163 ], [ 138.5467759, 36.0592307 ], [ 138.5464847, 36.0592588 ], [ 138.546145, 36.0593266 ], [ 138.5456184, 36.0594785 ], [ 138.5452786, 36.0595913 ], [ 138.5451539, 36.0596193 ], [ 138.5450083, 36.0596249 ], [ 138.5448489, 36.0595968 ], [ 138.5445135, 36.059487 ], [ 138.5443497, 36.0594335 ], [ 138.5441211, 36.0593716 ], [ 138.5437189, 36.0592982 ], [ 138.5431577, 36.0592252 ], [ 138.5429114, 36.0592197 ], [ 138.5427573, 36.0592382 ], [ 138.5426119, 36.0592774 ], [ 138.5424716, 36.0593374 ], [ 138.5419447, 36.0595796 ], [ 138.5416397, 36.0596755 ], [ 138.5397547, 36.060261 ], [ 138.5393073, 36.0603941 ], [ 138.5389786, 36.0604921 ], [ 138.5385474, 36.0605837 ], [ 138.5384898, 36.0605951 ], [ 138.5370885, 36.0607091 ], [ 138.5349312, 36.0608635 ], [ 138.533945, 36.060955 ], [ 138.5336764, 36.0610214 ], [ 138.5333364, 36.0611118 ], [ 138.5328932, 36.0612296 ], [ 138.5327616, 36.0612407 ], [ 138.5325888, 36.0612043 ], [ 138.5325122, 36.0611563 ], [ 138.5324149, 36.0610999 ], [ 138.5323249, 36.0610213 ], [ 138.5315697, 36.0602327 ], [ 138.5314519, 36.0601313 ], [ 138.5313549, 36.0600694 ], [ 138.5313063, 36.0600524 ], [ 138.5311677, 36.0600524 ], [ 138.5309874, 36.0600694 ], [ 138.5296848, 36.0602441 ], [ 138.5295114, 36.0602777 ], [ 138.5293033, 36.0603566 ], [ 138.5287836, 36.0606608 ], [ 138.5285549, 36.0608127 ], [ 138.5277511, 36.0611449 ], [ 138.527543, 36.0612405 ], [ 138.5268863, 36.061617 ], [ 138.5267738, 36.0616685 ], [ 138.5266697, 36.0616969 ], [ 138.5264272, 36.0618094 ], [ 138.5261778, 36.0618883 ], [ 138.5259836, 36.0619277 ], [ 138.5258237, 36.061933 ], [ 138.5256927, 36.0619277 ], [ 138.5254155, 36.0618827 ], [ 138.5252074, 36.0618263 ], [ 138.5250205, 36.0617588 ], [ 138.5247679, 36.0616336 ], [ 138.5246112, 36.061556 ], [ 138.5242858, 36.0614152 ], [ 138.5241263, 36.0613758 ], [ 138.5238561, 36.0613644 ], [ 138.5235444, 36.0613813 ], [ 138.5234127, 36.0614322 ], [ 138.5231077, 36.0617246 ], [ 138.5228302, 36.0620063 ], [ 138.5227263, 36.0620738 ], [ 138.5226711, 36.0620908 ], [ 138.5225047, 36.0620908 ], [ 138.5221789, 36.0620344 ], [ 138.5219777, 36.0619838 ], [ 138.5215762, 36.0618205 ], [ 138.5211255, 36.0616177 ], [ 138.5210769, 36.0616063 ], [ 138.5207513, 36.0614655 ], [ 138.5204198, 36.061344 ], [ 138.5197182, 36.0612195 ], [ 138.519008, 36.0611388 ], [ 138.5184461, 36.0611088 ], [ 138.5179869, 36.0611134 ], [ 138.5176188, 36.0611897 ], [ 138.5174455, 36.0612235 ], [ 138.5173209, 36.0612346 ], [ 138.5168983, 36.0612855 ], [ 138.5166356, 36.0613387 ], [ 138.5165098, 36.0613641 ], [ 138.5162188, 36.0614094 ], [ 138.5158446, 36.0614205 ], [ 138.5156508, 36.0613924 ], [ 138.5155121, 36.0613416 ], [ 138.5152626, 36.0611896 ], [ 138.5151101, 36.0610826 ], [ 138.5145766, 36.0606602 ], [ 138.514223, 36.0603955 ], [ 138.5137553, 36.0601381 ], [ 138.5134016, 36.0599875 ], [ 138.5130974, 36.0599291 ], [ 138.5127779, 36.059966 ], [ 138.5124775, 36.0600336 ], [ 138.5122341, 36.0601689 ], [ 138.512006, 36.0604425 ], [ 138.5117692, 36.0607468 ], [ 138.5110419, 36.0612415 ], [ 138.5109602, 36.061261 ], [ 138.5108771, 36.061266 ], [ 138.5107905, 36.0612427 ], [ 138.5100538, 36.0609154 ], [ 138.5094508, 36.0606839 ], [ 138.5087164, 36.06029 ], [ 138.5084003, 36.0602061 ] ] } },
{ "type": "Feature", "properties": { "N12_001": "20", "N12_002": 2, "N12_003": 6, "N12_004": "長野県道　払沢茅野線", "N12_005": 47, "N12_006": 1 }, "geometry": { "type": "LineString", "coordinates": [ [ 138.2168183, 35.9641694 ], [ 138.2167126, 35.964206 ], [ 138.2166091, 35.9642448 ], [ 138.2164155, 35.9643234 ], [ 138.2162147, 35.9644531 ], [ 138.2161244, 35.9645264 ], [ 138.2160006, 35.9646297 ], [ 138.2159093, 35.9647269 ], [ 138.2158138, 35.9648558 ], [ 138.2156692, 35.9651021 ], [ 138.2153838, 35.96523 ], [ 138.2149894, 35.9653539 ], [ 138.2147539, 35.9654383 ], [ 138.2142763, 35.9655848 ], [ 138.2141793, 35.9656187 ], [ 138.2141217, 35.9656451 ], [ 138.2140598, 35.9656942 ], [ 138.2139246, 35.9658266 ], [ 138.2138194, 35.9659278 ], [ 138.213532, 35.966127 ], [ 138.2134345, 35.9661846 ], [ 138.2133144, 35.9662545 ], [ 138.2130513, 35.9663898 ], [ 138.2126844, 35.9666148 ], [ 138.2126041, 35.9666664 ], [ 138.2122552, 35.9668909 ], [ 138.2120822, 35.9669864 ], [ 138.2118469, 35.9670709 ], [ 138.2114799, 35.967158 ], [ 138.2111677, 35.9672612 ], [ 138.2111142, 35.9672796 ], [ 138.2106682, 35.9674284 ], [ 138.2095558, 35.9677464 ], [ 138.2092236, 35.9678364 ], [ 138.2090227, 35.9679264 ], [ 138.2089258, 35.9679828 ], [ 138.2087736, 35.9681236 ], [ 138.2086211, 35.9683036 ], [ 138.2084274, 35.9684559 ], [ 138.2083355, 35.9685164 ], [ 138.2081366, 35.9686472 ], [ 138.2078183, 35.9687992 ], [ 138.2075943, 35.9688564 ], [ 138.2075397, 35.9688673 ], [ 138.2073127, 35.9689061 ], [ 138.2070358, 35.9689061 ], [ 138.2063091, 35.9688442 ], [ 138.205751, 35.9688199 ], [ 138.2056965, 35.9688101 ], [ 138.2052779, 35.9686922 ], [ 138.2049802, 35.9685909 ], [ 138.2041633, 35.9683656 ], [ 138.2040319, 35.9683431 ], [ 138.2038244, 35.9683431 ], [ 138.2035822, 35.96836 ], [ 138.2034713, 35.968377 ], [ 138.2031874, 35.9684559 ], [ 138.2028761, 35.9685739 ], [ 138.2028274, 35.9686022 ], [ 138.2025966, 35.9686942 ], [ 138.2024813, 35.9686472 ], [ 138.2023569, 35.9686417 ], [ 138.2018165, 35.9685458 ], [ 138.2014916, 35.9684784 ], [ 138.2012881, 35.9684357 ], [ 138.2012128, 35.968416 ], [ 138.2009658, 35.9683489 ], [ 138.2008133, 35.968332 ], [ 138.2002619, 35.9683375 ], [ 138.2002507, 35.9680429 ], [ 138.2001488, 35.9680336 ], [ 138.2000225, 35.9680507 ], [ 138.1997335, 35.9680897 ], [ 138.1995675, 35.9680953 ], [ 138.1993044, 35.9680109 ], [ 138.1990483, 35.9679434 ], [ 138.1989386, 35.9679266 ], [ 138.1988579, 35.9679275 ], [ 138.1987574, 35.9679322 ], [ 138.1982963, 35.9680172 ], [ 138.1978855, 35.9680842 ], [ 138.1976847, 35.9680842 ], [ 138.1975915, 35.9680741 ], [ 138.1973704, 35.9680235 ], [ 138.1968955, 35.9678534 ], [ 138.1967985, 35.9678309 ], [ 138.1966255, 35.9678195 ], [ 138.1962585, 35.9677295 ], [ 138.1960305, 35.9677295 ], [ 138.1957674, 35.9677575 ], [ 138.1951832, 35.9677777 ], [ 138.1950474, 35.9679322 ], [ 138.1948813, 35.9680787 ], [ 138.1947566, 35.9681628 ], [ 138.1946269, 35.9682711 ], [ 138.1945346, 35.9683512 ], [ 138.1942655, 35.9682722 ], [ 138.193541, 35.9681744 ], [ 138.1931819, 35.9681434 ], [ 138.1926274, 35.9681228 ], [ 138.1922559, 35.9681331 ], [ 138.1917958, 35.9681434 ], [ 138.1913547, 35.9681795 ], [ 138.1908066, 35.9682619 ], [ 138.190164, 35.9683598 ], [ 138.1896095, 35.9684576 ], [ 138.1891874, 35.9685298 ], [ 138.1886256, 35.9686784 ], [ 138.1882169, 35.9688157 ], [ 138.1878179, 35.9689476 ], [ 138.1874354, 35.9690749 ], [ 138.186866, 35.9693257 ], [ 138.1866027, 35.9694831 ], [ 138.1862507, 35.9697417 ], [ 138.1855936, 35.9702245 ], [ 138.1840738, 35.971358 ], [ 138.1833355, 35.9719209 ], [ 138.1825738, 35.9724864 ], [ 138.1821796, 35.9728186 ], [ 138.1818197, 35.9730777 ], [ 138.1816327, 35.9731903 ], [ 138.1812935, 35.9733422 ], [ 138.1807379, 35.9735454 ], [ 138.1803105, 35.9737025 ], [ 138.1799299, 35.97386 ], [ 138.1796785, 35.9739518 ], [ 138.1792999, 35.9740683 ], [ 138.1786631, 35.9742037 ], [ 138.1782134, 35.9743105 ], [ 138.177614, 35.9744598 ], [ 138.1771058, 35.9745978 ], [ 138.176358, 35.9748456 ], [ 138.17598, 35.9749997 ], [ 138.1755351, 35.9751812 ], [ 138.1745674, 35.9755758 ], [ 138.1741223, 35.9757038 ], [ 138.1737486, 35.9757967 ], [ 138.1733294, 35.975833 ], [ 138.1729929, 35.9757938 ], [ 138.172528, 35.9758192 ], [ 138.172354, 35.9759115 ], [ 138.1718834, 35.9761215 ], [ 138.1712388, 35.9762462 ], [ 138.171022, 35.9763454 ], [ 138.1707197, 35.9764954 ], [ 138.1702035, 35.9767609 ], [ 138.1700152, 35.9769501 ], [ 138.1698755, 35.9771094 ], [ 138.1698127, 35.9771417 ], [ 138.1695988, 35.977114 ], [ 138.1678141, 35.9789488 ], [ 138.1677006, 35.9790219 ], [ 138.1675561, 35.9790834 ], [ 138.1673458, 35.9791408 ], [ 138.1671727, 35.9791745 ], [ 138.1668366, 35.9791825 ], [ 138.1663734, 35.9791934 ], [ 138.1662091, 35.9794093 ], [ 138.1660018, 35.9796569 ], [ 138.1657383, 35.97996 ], [ 138.1654975, 35.9802601 ], [ 138.165276, 35.9805145 ], [ 138.1651329, 35.9806307 ], [ 138.1645769, 35.9811545 ], [ 138.1643345, 35.9815045 ], [ 138.1640731, 35.9818277 ], [ 138.1638496, 35.9820315 ], [ 138.1636024, 35.98227 ], [ 138.1631936, 35.9826739 ], [ 138.1625234, 35.9833586 ], [ 138.1624093, 35.9834817 ], [ 138.1618769, 35.9839664 ], [ 138.1617438, 35.9840856 ], [ 138.1616012, 35.9842087 ], [ 138.1614776, 35.9843164 ], [ 138.1610022, 35.9847434 ], [ 138.1606644, 35.9850718 ], [ 138.1600897, 35.9856025 ], [ 138.1594098, 35.9861973 ], [ 138.1592006, 35.986355 ], [ 138.158873, 35.9865269 ], [ 138.1586861, 35.9866058 ], [ 138.1583454, 35.9867157 ], [ 138.1581574, 35.9867702 ], [ 138.157876, 35.9868481 ], [ 138.1573847, 35.9869042 ], [ 138.1570813, 35.986909 ], [ 138.1567663, 35.9868952 ], [ 138.1564432, 35.9868761 ], [ 138.156014, 35.9868197 ], [ 138.1556195, 35.9867204 ], [ 138.1544889, 35.9859965 ] ] } },
{ "type": "Feature", "properties": { "N12_001": "20", "N12_002": 2, "N12_003": 6, "N12_004": "長野県道　乙事富士見線", "N12_005": 48, "N12_006": 1 }, "geometry": { "type": "LineString", "coordinates": [ [ 138.2397228, 35.911403 ], [ 138.2393101, 35.9113458 ], [ 138.2390614, 35.9113409 ], [ 138.2388542, 35.9113291 ], [ 138.2383081, 35.9113243 ], [ 138.238087, 35.9113326 ], [ 138.2379067, 35.911381 ], [ 138.2377378, 35.9114105 ], [ 138.2375804, 35.9111758 ], [ 138.2373317, 35.9112636 ], [ 138.2369678, 35.9114512 ], [ 138.2366814, 35.9116193 ], [ 138.2365012, 35.911684 ], [ 138.2364156, 35.9116471 ], [ 138.2361019, 35.9114613 ], [ 138.2359402, 35.91139 ], [ 138.2357006, 35.9113354 ], [ 138.2355209, 35.911307 ], [ 138.2353062, 35.9113006 ], [ 138.2343452, 35.9113409 ], [ 138.2338774, 35.9113716 ], [ 138.2334809, 35.9113973 ], [ 138.232711, 35.9114381 ], [ 138.2324509, 35.9114012 ] ] } },
{ "type": "Feature", "properties": { "N12_001": "20", "N12_002": 2, "N12_003": 6, "N12_004": "長野県道　大草坂戸線", "N12_005": 49, "N12_006": 1 }, "geometry": { "type": "LineString", "coordinates": [ [ 137.9456059, 35.6408725 ], [ 137.9455027, 35.6409625 ], [ 137.9454239, 35.6409948 ], [ 137.9453067, 35.6410287 ], [ 137.9451342, 35.6410062 ], [ 137.9450034, 35.6409609 ], [ 137.9448242, 35.6408654 ], [ 137.9446103, 35.6407076 ], [ 137.9445145, 35.6406237 ], [ 137.9442571, 35.6403775 ], [ 137.9442118, 35.6403679 ], [ 137.9441606, 35.6403703 ], [ 137.944107, 35.6404116 ], [ 137.944077, 35.6404865 ], [ 137.9440728, 35.6406904 ], [ 137.9441145, 35.6409029 ], [ 137.9441812, 35.6410946 ], [ 137.9442728, 35.6412612 ], [ 137.9443853, 35.6413945 ], [ 137.9443978, 35.6414945 ], [ 137.9443003, 35.6416198 ], [ 137.9442009, 35.6417182 ], [ 137.9435895, 35.6423237 ], [ 137.9429272, 35.6429524 ] ] } },
{ "type": "Feature", "properties": { "N12_001": "20", "N12_002": 2, "N12_003": 6, "N12_004": "長野県道　温田停車場早稲田線", "N12_005": 50, "N12_006": 1 }, "geometry": { "type": "LineString", "coordinates": [ [ 137.8128384, 35.321413 ], [ 137.8124082, 35.3213515 ], [ 137.8123054, 35.3215992 ], [ 137.8122159, 35.3218751 ], [ 137.8122129, 35.3220206 ], [ 137.8122229, 35.3220776 ], [ 137.8122857, 35.3221923 ], [ 137.8123761, 35.3223041 ], [ 137.8125046, 35.3224558 ], [ 137.8126348, 35.3226126 ], [ 137.812772, 35.3227928 ], [ 137.8130057, 35.3231701 ], [ 137.8130812, 35.3232434 ], [ 137.8133215, 35.3234067 ], [ 137.8137948, 35.3236601 ], [ 137.8139254, 35.3237165 ], [ 137.8140145, 35.3237334 ], [ 137.8142068, 35.323722 ], [ 137.8144543, 35.3236374 ], [ 137.8153806, 35.3233334 ], [ 137.8159231, 35.3232095 ], [ 137.8162457, 35.3231365 ], [ 137.8169184, 35.3229734 ], [ 137.8172478, 35.322889 ], [ 137.8174401, 35.3228495 ], [ 137.8175912, 35.3228212 ], [ 137.8177946, 35.3228168 ], [ 137.8180133, 35.3228309 ], [ 137.8181998, 35.3228584 ], [ 137.8190654, 35.3230567 ], [ 137.819399, 35.3230947 ], [ 137.8198084, 35.3231534 ], [ 137.8202203, 35.3232042 ], [ 137.8204054, 35.3232298 ], [ 137.8212566, 35.3233551 ], [ 137.8217855, 35.3234407 ], [ 137.8225673, 35.3236011 ], [ 137.8230623, 35.3237053 ], [ 137.823234, 35.3237728 ], [ 137.8233714, 35.3238631 ], [ 137.8235292, 35.3240095 ], [ 137.8235909, 35.3240884 ], [ 137.8239409, 35.324477 ], [ 137.8240703, 35.324594 ], [ 137.8241368, 35.3246429 ], [ 137.8242254, 35.3246776 ], [ 137.8243024, 35.3247045 ], [ 137.8244078, 35.3247134 ], [ 137.8247579, 35.3247473 ], [ 137.8250009, 35.3247674 ], [ 137.8252817, 35.3247906 ], [ 137.825367, 35.3248156 ], [ 137.8254581, 35.3248653 ], [ 137.8254948, 35.3249201 ], [ 137.8255092, 35.3249876 ], [ 137.825509, 35.3251162 ], [ 137.8254787, 35.3252256 ], [ 137.8254101, 35.3253326 ], [ 137.8253696, 35.3254327 ], [ 137.8253927, 35.3255329 ], [ 137.8254873, 35.3256662 ], [ 137.8256503, 35.325862 ], [ 137.8257876, 35.3259634 ], [ 137.8260895, 35.3260703 ], [ 137.8262267, 35.3260984 ], [ 137.8267073, 35.3261098 ], [ 137.8268859, 35.3261323 ], [ 137.8269956, 35.3261659 ], [ 137.8270437, 35.3261942 ], [ 137.8271528, 35.3262876 ], [ 137.8271898, 35.3264248 ], [ 137.827218, 35.3265275 ], [ 137.827457, 35.3274342 ], [ 137.8276601, 35.3279212 ], [ 137.8277621, 35.3280525 ], [ 137.8279295, 35.3282101 ], [ 137.8281901, 35.3283845 ], [ 137.8283273, 35.3284409 ], [ 137.829014, 35.3285817 ], [ 137.8291651, 35.3286323 ], [ 137.8292953, 35.3287337 ], [ 137.8293848, 35.3288462 ], [ 137.8294871, 35.3290561 ], [ 137.8295533, 35.3291142 ], [ 137.8297417, 35.3291673 ], [ 137.8299406, 35.3291953 ], [ 137.8302292, 35.3292856 ], [ 137.8304692, 35.3293531 ], [ 137.8305515, 35.3293926 ], [ 137.8306409, 35.3294715 ], [ 137.8307026, 35.3296065 ], [ 137.830737, 35.3298037 ], [ 137.830737, 35.3299612 ], [ 137.8306956, 35.3300851 ], [ 137.8306545, 35.330147 ], [ 137.8305653, 35.3302204 ], [ 137.830222, 35.3303892 ], [ 137.8300984, 35.3304567 ], [ 137.8300208, 35.3305203 ], [ 137.8299853, 35.3305882 ], [ 137.8299909, 35.3306311 ], [ 137.830017, 35.3306609 ], [ 137.8300673, 35.3306776 ], [ 137.8301442, 35.3306797 ], [ 137.8302976, 35.3306817 ], [ 137.8304484, 35.3306876 ], [ 137.830682, 35.3307606 ], [ 137.8309359, 35.3308676 ], [ 137.8310664, 35.3309015 ], [ 137.8313203, 35.3308903 ], [ 137.8316226, 35.3307778 ], [ 137.8318009, 35.3307384 ], [ 137.8320527, 35.3307361 ], [ 137.8323637, 35.3307927 ], [ 137.8325334, 35.3308457 ], [ 137.8326061, 35.3308804 ] ] } },
{ "type": "Feature", "properties": { "N12_001": "20", "N12_002": 2, "N12_003": 6, "N12_004": "長野県道　御岳王滝黒沢線", "N12_005": 51, "N12_006": 1 }, "geometry": { "type": "LineString", "coordinates": [ [ 137.6293767, 35.8407411 ], [ 137.6290112, 35.8404575 ], [ 137.628812, 35.8402766 ], [ 137.6286487, 35.8401305 ], [ 137.6285409, 35.8400633 ], [ 137.6283268, 35.8399619 ], [ 137.6281678, 35.8399002 ], [ 137.6279806, 35.8398266 ], [ 137.627782, 35.83977 ], [ 137.6276348, 35.8397222 ], [ 137.6272919, 35.8396194 ], [ 137.6269782, 35.8395655 ], [ 137.6266835, 35.8396194 ], [ 137.6251148, 35.8402591 ], [ 137.6245634, 35.8405674 ], [ 137.6242877, 35.8409142 ], [ 137.6239739, 35.8416695 ], [ 137.6236697, 35.8418853 ], [ 137.6225598, 35.8419533 ], [ 137.6221904, 35.8419577 ], [ 137.6217721, 35.8420317 ], [ 137.6213081, 35.8423893 ], [ 137.6209354, 35.8427038 ], [ 137.6202433, 35.8431415 ], [ 137.6184584, 35.8437347 ], [ 137.617967, 35.8439177 ], [ 137.6177531, 35.8439505 ], [ 137.6175739, 35.8439552 ], [ 137.6172062, 35.8438944 ], [ 137.6170014, 35.8438286 ], [ 137.6166681, 35.843661 ], [ 137.6164696, 35.8435611 ], [ 137.6161232, 35.8433314 ], [ 137.6156039, 35.8428639 ], [ 137.6149742, 35.8421183 ], [ 137.6144406, 35.8414038 ], [ 137.6141354, 35.8410185 ], [ 137.613787, 35.8406822 ], [ 137.6133078, 35.8402152 ], [ 137.6127545, 35.8394861 ], [ 137.6125491, 35.8393381 ], [ 137.6122221, 35.8392087 ], [ 137.6117962, 35.8390607 ], [ 137.611568, 35.8390114 ], [ 137.6110703, 35.8389872 ], [ 137.6108653, 35.8390044 ], [ 137.6105614, 35.83895 ], [ 137.6095375, 35.8387283 ], [ 137.6091284, 35.8386997 ], [ 137.6087523, 35.8387058 ], [ 137.6086595, 35.8386438 ], [ 137.6082998, 35.838385 ], [ 137.6075117, 35.8377202 ], [ 137.6074564, 35.8376583 ], [ 137.6073181, 35.8374444 ], [ 137.6072628, 35.8373316 ], [ 137.6070442, 35.8365039 ], [ 137.6070459, 35.8360619 ], [ 137.6071011, 35.8358825 ], [ 137.6072256, 35.8356975 ], [ 137.6076609, 35.8351255 ], [ 137.6077345, 35.8349266 ], [ 137.6078367, 35.8345452 ], [ 137.6079422, 35.8342705 ], [ 137.6081333, 35.8339444 ], [ 137.6083347, 35.8336208 ], [ 137.6084414, 35.8334494 ], [ 137.6085068, 35.833333 ], [ 137.6086714, 35.8330402 ], [ 137.6088684, 35.8328274 ], [ 137.6091033, 35.8326258 ], [ 137.6092431, 35.8324408 ], [ 137.6094256, 35.8321514 ], [ 137.6094992, 35.8318655 ], [ 137.6095675, 35.8317447 ], [ 137.6097264, 35.8315714 ], [ 137.6100375, 35.8312797 ], [ 137.6102447, 35.8311058 ], [ 137.61039, 35.8309039 ], [ 137.6104846, 35.8307064 ], [ 137.610554, 35.8304396 ], [ 137.6106247, 35.8301639 ], [ 137.6106525, 35.8299004 ], [ 137.6106298, 35.8296461 ], [ 137.6105903, 35.8295133 ], [ 137.6104797, 35.829278 ], [ 137.6103347, 35.8290761 ], [ 137.6101114, 35.8289286 ], [ 137.6093736, 35.8285739 ], [ 137.6086211, 35.8281176 ], [ 137.6080354, 35.8278154 ], [ 137.6077084, 35.8276674 ], [ 137.6073814, 35.8276489 ], [ 137.6070771, 35.8276674 ], [ 137.6068261, 35.8278031 ], [ 137.606385, 35.8280312 ], [ 137.6047072, 35.8290614 ], [ 137.6044189, 35.8292375 ], [ 137.6041717, 35.8294194 ], [ 137.6039222, 35.8296014 ], [ 137.6037517, 35.8296602 ], [ 137.6035842, 35.8296833 ], [ 137.6033658, 35.8296666 ], [ 137.6022322, 35.8294291 ], [ 137.601753, 35.8292944 ], [ 137.6013005, 35.8290925 ], [ 137.6011694, 35.828975 ], [ 137.6010694, 35.8288294 ], [ 137.6009381, 35.8285825 ], [ 137.6007861, 35.8283358 ], [ 137.6005511, 35.8280555 ], [ 137.600323, 35.8278591 ], [ 137.60014, 35.8277175 ], [ 137.6000012, 35.8276131 ], [ 137.5996392, 35.8274389 ], [ 137.5994317, 35.8273266 ], [ 137.5992453, 35.8272033 ], [ 137.5989411, 35.8268219 ], [ 137.5985197, 35.82625 ], [ 137.5983089, 35.8260123 ], [ 137.5980905, 35.8257826 ], [ 137.5979442, 35.8255456 ], [ 137.5978489, 35.8253486 ], [ 137.5977794, 35.8251902 ], [ 137.5977175, 35.8249997 ], [ 137.5976903, 35.8249158 ], [ 137.5975936, 35.8244727 ], [ 137.597483, 35.8239961 ], [ 137.5973689, 35.8231247 ], [ 137.5973172, 35.8229141 ], [ 137.5972066, 35.8226675 ], [ 137.5969994, 35.8224097 ], [ 137.5967094, 35.8221461 ], [ 137.5965505, 35.8220283 ], [ 137.5964786, 35.8219975 ], [ 137.595875, 35.8218425 ], [ 137.5957694, 35.8217983 ], [ 137.5956994, 35.821755 ], [ 137.5956314, 35.8216583 ], [ 137.5956036, 35.8214002 ], [ 137.5955483, 35.8208955 ], [ 137.5954655, 35.8205368 ], [ 137.5953133, 35.8202002 ], [ 137.595189, 35.8197966 ], [ 137.5951011, 35.8195494 ], [ 137.5950855, 35.8192977 ], [ 137.5951061, 35.8191297 ], [ 137.5951774, 35.8189113 ], [ 137.5952758, 35.8186672 ], [ 137.5952922, 35.8185141 ], [ 137.5952927, 35.818283 ], [ 137.5952788, 35.818053 ], [ 137.5951408, 35.8176178 ], [ 137.5951126, 35.8174346 ], [ 137.5950819, 35.8172528 ], [ 137.59506, 35.8171244 ], [ 137.5950216, 35.816998 ], [ 137.5949472, 35.8168703 ], [ 137.5948305, 35.8167408 ], [ 137.5947782, 35.8166664 ], [ 137.5946747, 35.8165191 ], [ 137.5943322, 35.8160741 ], [ 137.5940416, 35.8157638 ], [ 137.593586, 35.8152777 ], [ 137.5933792, 35.8150771 ], [ 137.5930194, 35.8147283 ], [ 137.5928388, 35.8145683 ], [ 137.5927124, 35.8144961 ], [ 137.5923797, 35.8143844 ], [ 137.5920544, 35.8142847 ], [ 137.5918933, 35.8142602 ], [ 137.5916342, 35.8142503 ], [ 137.5913158, 35.8142344 ], [ 137.5908291, 35.8142461 ], [ 137.5902377, 35.8142136 ], [ 137.5898271, 35.8143022 ], [ 137.5894196, 35.8145208 ], [ 137.5889964, 35.8147146 ], [ 137.5888805, 35.8147675 ], [ 137.5885834, 35.8148908 ], [ 137.5882932, 35.8149975 ], [ 137.5879963, 35.8150761 ], [ 137.5876785, 35.8151544 ], [ 137.587536, 35.8151641 ], [ 137.5874757, 35.8151544 ], [ 137.5874169, 35.8151297 ], [ 137.5870722, 35.8148177 ], [ 137.5866058, 35.8143925 ], [ 137.5840849, 35.8120722 ], [ 137.5838516, 35.8119439 ], [ 137.5831797, 35.8117164 ], [ 137.5828207, 35.8115713 ], [ 137.5824822, 35.8113808 ], [ 137.5822541, 35.8111625 ], [ 137.5819777, 35.8107859 ], [ 137.5817763, 35.810573 ], [ 137.581331, 35.8102238 ], [ 137.5809832, 35.8100211 ], [ 137.5805713, 35.809865 ], [ 137.5803794, 35.8097686 ], [ 137.5802877, 35.8096919 ], [ 137.580251, 35.809583 ], [ 137.580248, 35.8092711 ], [ 137.5801596, 35.8090977 ], [ 137.5800055, 35.8089655 ], [ 137.5798082, 35.8088636 ], [ 137.5794002, 35.8087611 ], [ 137.5789377, 35.8087177 ], [ 137.5787305, 35.8086728 ], [ 137.5784955, 35.808583 ], [ 137.578186, 35.8083875 ], [ 137.5780698, 35.808333 ], [ 137.5777893, 35.8082016 ], [ 137.5773755, 35.8081062 ], [ 137.5771135, 35.8080447 ], [ 137.5769407, 35.8079775 ], [ 137.5767887, 35.8078541 ], [ 137.5766363, 35.8076722 ], [ 137.5764655, 35.8075608 ], [ 137.576236, 35.8074391 ], [ 137.5760149, 35.8073889 ], [ 137.5757938, 35.8073944 ], [ 137.5755518, 35.8074336 ], [ 137.5753977, 35.8074666 ], [ 137.5751599, 35.8075655 ], [ 137.5750834, 35.8076075 ], [ 137.5749249, 35.8076944 ], [ 137.5746626, 35.8079419 ], [ 137.5744671, 35.8080672 ], [ 137.574246, 35.808168 ], [ 137.5739488, 35.8082466 ], [ 137.573857, 35.8083012 ], [ 137.5737693, 35.8083533 ], [ 137.5735896, 35.8085327 ], [ 137.573486, 35.8087286 ], [ 137.5733893, 35.8089025 ], [ 137.5732316, 35.8090744 ], [ 137.5731521, 35.8091305 ], [ 137.5729136, 35.8090933 ], [ 137.5726718, 35.8090558 ], [ 137.5725768, 35.8089752 ], [ 137.5725118, 35.8088911 ], [ 137.572498, 35.8087791 ], [ 137.5725555, 35.8085952 ], [ 137.5726913, 35.8082799 ], [ 137.5728435, 35.8080336 ], [ 137.5729471, 35.8079047 ], [ 137.5732215, 35.807733 ], [ 137.5733126, 35.8076172 ], [ 137.5733407, 35.8074841 ], [ 137.5733407, 35.8073047 ], [ 137.573306, 35.8071533 ], [ 137.5730991, 35.8068786 ], [ 137.5729401, 35.8067553 ], [ 137.5725849, 35.8066836 ], [ 137.5723541, 35.8065983 ], [ 137.5721232, 35.8064064 ], [ 137.5719796, 35.8061833 ], [ 137.5717032, 35.8060039 ], [ 137.5714821, 35.8058747 ], [ 137.5712574, 35.8057825 ], [ 137.5710355, 35.80575 ], [ 137.5706115, 35.8057458 ], [ 137.5701968, 35.8057514 ], [ 137.5699646, 35.8057141 ], [ 137.5696929, 35.8056249 ], [ 137.5695499, 35.8055755 ], [ 137.5693699, 35.8055458 ], [ 137.5691777, 35.8055433 ], [ 137.5685007, 35.8055991 ], [ 137.5681191, 35.8055805 ], [ 137.5677646, 35.8055383 ], [ 137.5673529, 35.8054483 ], [ 137.5670932, 35.8054372 ], [ 137.5667977, 35.8054936 ], [ 137.5666679, 35.8055475 ], [ 137.5665418, 35.8056 ], [ 137.5661963, 35.8057569 ], [ 137.5656606, 35.806134 ], [ 137.5652427, 35.8063905 ], [ 137.5649938, 35.8065194 ], [ 137.5646674, 35.8066208 ], [ 137.5643532, 35.8066875 ], [ 137.5640821, 35.8067886 ], [ 137.5639238, 35.8069305 ], [ 137.5638193, 35.8070969 ], [ 137.5637688, 35.8072708 ], [ 137.5637757, 35.8075064 ], [ 137.5637504, 35.807688 ], [ 137.5636407, 35.8078577 ], [ 137.5633499, 35.8081122 ], [ 137.5630717, 35.808333 ], [ 137.5628783, 35.8084866 ], [ 137.5622027, 35.8089302 ], [ 137.5616588, 35.8093076 ], [ 137.5610557, 35.8097264 ], [ 137.5606757, 35.8099394 ], [ 137.5604821, 35.80999 ], [ 137.5603232, 35.8100125 ], [ 137.5601238, 35.8099947 ], [ 137.5598588, 35.8099747 ], [ 137.5595079, 35.8100125 ], [ 137.5593215, 35.8101022 ], [ 137.559121, 35.8102533 ], [ 137.5588724, 35.8105336 ], [ 137.5586238, 35.8107397 ], [ 137.5584804, 35.8108281 ], [ 137.5583302, 35.8109216 ], [ 137.5581952, 35.8110158 ], [ 137.5580985, 35.8111228 ], [ 137.5579949, 35.8113311 ], [ 137.5578085, 35.8115902 ], [ 137.5576979, 35.8116691 ], [ 137.5575296, 35.811693 ], [ 137.5570329, 35.8116197 ], [ 137.5569446, 35.8115372 ], [ 137.5568779, 35.8114022 ], [ 137.5568399, 35.8110519 ], [ 137.5568615, 35.8106514 ], [ 137.5571174, 35.8101222 ], [ 137.5571443, 35.8100636 ], [ 137.5571694, 35.8099984 ], [ 137.5571742, 35.8099209 ], [ 137.5571647, 35.8098357 ], [ 137.5571031, 35.8097077 ], [ 137.5570073, 35.8095907 ], [ 137.5569341, 35.8095178 ], [ 137.5567339, 35.8093777 ], [ 137.5564538, 35.8091822 ], [ 137.5561604, 35.8089322 ], [ 137.5558165, 35.808533 ], [ 137.5556423, 35.808333 ], [ 137.5555074, 35.8081908 ], [ 137.5553546, 35.8080369 ], [ 137.5550769, 35.807956 ], [ 137.5548644, 35.8079227 ] ] } },
{ "type": "Feature", "properties": { "N12_001": "20", "N12_002": 2, "N12_003": 6, "N12_004": "長野県道　上生坂信濃松川停車場線", "N12_005": 52, "N12_006": 1 }, "geometry": { "type": "LineString", "coordinates": [ [ 137.9444369, 36.4248924 ], [ 137.9442449, 36.4251275 ], [ 137.9436297, 36.4258493 ], [ 137.9430145, 36.4265288 ], [ 137.9427891, 36.4266968 ], [ 137.9426014, 36.4268149 ], [ 137.9425177, 36.4268602 ], [ 137.9422111, 36.4269613 ], [ 137.9419952, 36.4270063 ], [ 137.9416702, 36.4270063 ], [ 137.9415772, 36.4270063 ], [ 137.9412358, 36.4269329 ], [ 137.9409711, 36.4268091 ], [ 137.9406925, 36.4266293 ], [ 137.9404769, 36.4264716 ], [ 137.9400449, 36.4261282 ], [ 137.9394389, 36.4256382 ], [ 137.9391183, 36.4254129 ], [ 137.9388955, 36.4252835 ], [ 137.9383872, 36.4250752 ], [ 137.9381654, 36.4249993 ], [ 137.9379153, 36.4249138 ], [ 137.9376556, 36.4248332 ], [ 137.9372794, 36.4247429 ], [ 137.9369609, 36.4247163 ], [ 137.9360102, 36.4247527 ], [ 137.9356309, 36.4247343 ], [ 137.9353711, 36.4247263 ], [ 137.9347439, 36.4246643 ], [ 137.9340057, 36.424606 ], [ 137.9335278, 36.4246339 ], [ 137.9330182, 36.4246554 ], [ 137.9314362, 36.4245268 ], [ 137.9308506, 36.424435 ], [ 137.9305646, 36.4243715 ], [ 137.9299344, 36.4243353 ], [ 137.9285794, 36.4242588 ], [ 137.9282519, 36.4242532 ], [ 137.9279704, 36.4242817 ], [ 137.927618, 36.4243377 ], [ 137.9274578, 36.4243879 ], [ 137.9272069, 36.4245288 ], [ 137.9270261, 36.4246752 ], [ 137.926933, 36.4247827 ], [ 137.9268578, 36.4248981 ], [ 137.9267332, 36.4251004 ], [ 137.9266639, 36.4252043 ], [ 137.9265247, 36.4254521 ], [ 137.9264695, 36.4255815 ] ] } },
{ "type": "Feature", "properties": { "N12_001": "20", "N12_002": 2, "N12_003": 6, "N12_004": "長野県道　上生坂信濃松川停車場線", "N12_005": 52, "N12_006": 2 }, "geometry": { "type": "LineString", "coordinates": [ [ 137.8778617, 36.4216732 ], [ 137.8772989, 36.4216243 ], [ 137.8764622, 36.4215277 ], [ 137.8758744, 36.4217231 ], [ 137.8750367, 36.4220385 ], [ 137.8737956, 36.4225059 ], [ 137.8734076, 36.4226622 ], [ 137.8729018, 36.4227438 ], [ 137.8719226, 36.4227679 ], [ 137.8705353, 36.4227318 ], [ 137.869637, 36.4226874 ], [ 137.8674872, 36.422593 ], [ 137.866382, 36.4225454 ], [ 137.8653231, 36.4224441 ], [ 137.8633618, 36.4221839 ], [ 137.861792, 36.421952 ], [ 137.860159, 36.4217003 ], [ 137.8579531, 36.4213796 ] ] } },
{ "type": "Feature", "properties": { "N12_001": "20", "N12_002": 2, "N12_003": 6, "N12_004": "長野県道　野沢上境停車場線", "N12_005": 53, "N12_006": 1 }, "geometry": { "type": "LineString", "coordinates": [ [ 138.4223484, 36.9354773 ], [ 138.4225335, 36.9353758 ], [ 138.422709, 36.9352916 ], [ 138.4228879, 36.9352344 ], [ 138.4231321, 36.9351374 ], [ 138.4234899, 36.935036 ], [ 138.4237143, 36.9349966 ], [ 138.4241279, 36.9349291 ], [ 138.424324, 36.9349008 ], [ 138.4245415, 36.9348388 ], [ 138.4247587, 36.9347433 ], [ 138.4250054, 36.9345949 ], [ 138.4253936, 36.9343935 ], [ 138.4258157, 36.9341624 ], [ 138.4259412, 36.9339892 ], [ 138.4260059, 36.933746 ], [ 138.4259108, 36.9335666 ], [ 138.4257265, 36.9333922 ], [ 138.425631, 36.9333324 ], [ 138.4251865, 36.9330544 ], [ 138.4250296, 36.9329398 ], [ 138.4247247, 36.9326954 ], [ 138.4243103, 36.9323578 ], [ 138.424177, 36.9321761 ], [ 138.4240929, 36.9320238 ], [ 138.4239526, 36.9316916 ], [ 138.4238896, 36.9315227 ], [ 138.423756, 36.9309309 ], [ 138.4236511, 36.930464 ], [ 138.4236261, 36.9303686 ], [ 138.4235671, 36.930245 ], [ 138.4233356, 36.9298731 ], [ 138.4231465, 36.9295241 ], [ 138.4230623, 36.9292988 ], [ 138.4230623, 36.9291524 ], [ 138.4231184, 36.9289836 ], [ 138.4231323, 36.9288991 ], [ 138.4231863, 36.9287572 ], [ 138.4232234, 36.9286347 ], [ 138.4232795, 36.9283136 ], [ 138.4233637, 36.92801 ], [ 138.423539, 36.9273005 ], [ 138.423567, 36.9271822 ], [ 138.4236793, 36.9269683 ], [ 138.4239317, 36.9265684 ], [ 138.4240322, 36.9262435 ], [ 138.4242376, 36.9259015 ], [ 138.4244277, 36.9257161 ], [ 138.424614, 36.9256218 ], [ 138.4247791, 36.9255573 ], [ 138.4250322, 36.9254523 ], [ 138.4252139, 36.925377 ], [ 138.4256651, 36.9252224 ], [ 138.4259374, 36.9251263 ], [ 138.4267532, 36.9248496 ], [ 138.4277115, 36.9246558 ], [ 138.4279197, 36.9245829 ], [ 138.4281365, 36.9244666 ], [ 138.4285272, 36.924136 ], [ 138.4286926, 36.9239832 ], [ 138.4291433, 36.9237073 ], [ 138.4298649, 36.9233037 ], [ 138.4301814, 36.9231874 ], [ 138.4304039, 36.9231167 ], [ 138.4308631, 36.9230506 ], [ 138.4310631, 36.9230556 ], [ 138.4312105, 36.9230442 ], [ 138.431582, 36.9230217 ], [ 138.4319422, 36.9230217 ], [ 138.4325339, 36.9230922 ], [ 138.4328143, 36.923077 ], [ 138.4330354, 36.9230409 ], [ 138.433216, 36.9230105 ], [ 138.4333444, 36.9229668 ], [ 138.4334442, 36.922906 ], [ 138.4337983, 36.9227312 ], [ 138.4339932, 36.9226419 ], [ 138.4342143, 36.9225735 ], [ 138.4344282, 36.9225697 ], [ 138.4349059, 36.9226495 ], [ 138.4350808, 36.9226872 ], [ 138.4352007, 36.9227046 ], [ 138.4354526, 36.9227331 ], [ 138.4356713, 36.9226951 ], [ 138.4362037, 36.9225507 ], [ 138.4366099, 36.9224139 ], [ 138.4370743, 36.9222877 ], [ 138.43729, 36.922245 ], [ 138.4374375, 36.9222337 ], [ 138.4375844, 36.9222506 ], [ 138.4380472, 36.9223575 ], [ 138.4382054, 36.922352 ], [ 138.4382505, 36.922352 ], [ 138.4383347, 36.9223351 ], [ 138.4386574, 36.9222168 ], [ 138.438889, 36.9221858 ], [ 138.4390677, 36.9221949 ], [ 138.4396672, 36.9223745 ], [ 138.4397374, 36.9223915 ], [ 138.4399897, 36.9223915 ], [ 138.4410737, 36.9222375 ], [ 138.4413499, 36.9222565 ], [ 138.441522, 36.9222752 ], [ 138.4416727, 36.9223043 ], [ 138.442129, 36.9223423 ], [ 138.4426194, 36.9222848 ], [ 138.4428278, 36.9222457 ] ] } },
{ "type": "Feature", "properties": { "N12_001": "20", "N12_002": 1, "N12_003": 3, "N12_004": "一般国道18号", "N12_005": 5, "N12_006": 2 }, "geometry": { "type": "LineString", "coordinates": [ [ 138.573127, 36.3439073 ], [ 138.5728581, 36.3438102 ], [ 138.5724218, 36.3436359 ], [ 138.5717416, 36.3433908 ], [ 138.5711291, 36.343188 ], [ 138.570941, 36.343143 ], [ 138.5705169, 36.3430329 ], [ 138.5697792, 36.3429563 ], [ 138.5695643, 36.3429747 ], [ 138.5692985, 36.3430077 ], [ 138.5687045, 36.3430778 ], [ 138.5679579, 36.3431823 ], [ 138.5672246, 36.3432666 ], [ 138.5667304, 36.3433286 ], [ 138.5663099, 36.3433689 ], [ 138.5661348, 36.3433794 ], [ 138.5657491, 36.3434016 ], [ 138.564587, 36.3434229 ], [ 138.5634066, 36.3434355 ], [ 138.5630721, 36.3434355 ], [ 138.5624939, 36.3434468 ], [ 138.5616415, 36.3434576 ], [ 138.5605846, 36.3434747 ], [ 138.5594594, 36.3434858 ], [ 138.5583918, 36.3434966 ], [ 138.5581211, 36.3434633 ], [ 138.557926, 36.3434072 ], [ 138.557599, 36.343272 ], [ 138.5572987, 36.3431532 ], [ 138.5567368, 36.3429174 ], [ 138.5563113, 36.3427369 ], [ 138.5558938, 36.342568 ], [ 138.5550654, 36.3422075 ], [ 138.5548635, 36.3421289 ], [ 138.5541121, 36.3418077 ], [ 138.5537802, 36.3416664 ], [ 138.5534596, 36.3415405 ], [ 138.5530888, 36.3414025 ], [ 138.5521972, 36.341189 ], [ 138.5519963, 36.341138 ], [ 138.5515648, 36.3410477 ], [ 138.5508338, 36.3408958 ], [ 138.5504095, 36.3408028 ], [ 138.5499981, 36.3406334 ], [ 138.549101, 36.3402539 ], [ 138.548899, 36.3401805 ], [ 138.5487668, 36.3401186 ], [ 138.5481613, 36.3398653 ], [ 138.5479175, 36.3397582 ], [ 138.5475805, 36.3396217 ], [ 138.5474278, 36.3395586 ], [ 138.5465954, 36.3392119 ], [ 138.5461568, 36.3390205 ], [ 138.5454319, 36.3387383 ], [ 138.5452426, 36.3386732 ], [ 138.5450779, 36.3386094 ], [ 138.544605, 36.3384461 ], [ 138.5444586, 36.3384011 ], [ 138.5437557, 36.3382153 ], [ 138.5435538, 36.3381758 ], [ 138.5430162, 36.3380508 ], [ 138.5428715, 36.3380239 ], [ 138.5426071, 36.3379561 ], [ 138.5421416, 36.3378546 ], [ 138.5416707, 36.3377449 ], [ 138.5414171, 36.3376858 ], [ 138.5410829, 36.3375733 ], [ 138.5408487, 36.3374927 ], [ 138.5401364, 36.3372466 ], [ 138.5400127, 36.3372094 ], [ 138.5398625, 36.3371657 ], [ 138.5394407, 36.3370328 ], [ 138.5389882, 36.3368861 ], [ 138.5387026, 36.3367961 ], [ 138.5385128, 36.3367435 ], [ 138.5383337, 36.3366836 ], [ 138.5382084, 36.3366441 ], [ 138.5380484, 36.3366103 ], [ 138.5375333, 36.3364758 ], [ 138.5373746, 36.3364396 ], [ 138.5367758, 36.3363107 ], [ 138.5365581, 36.3362639 ], [ 138.5361154, 36.3361686 ], [ 138.5357273, 36.3360964 ], [ 138.5351727, 36.3360387 ], [ 138.5350202, 36.3360224 ], [ 138.5341847, 36.3359416 ], [ 138.5333929, 36.3358382 ], [ 138.5331716, 36.3358133 ], [ 138.5328879, 36.3358105 ], [ 138.5327071, 36.3358217 ], [ 138.5321621, 36.3358855 ], [ 138.5319187, 36.3358936 ], [ 138.531657, 36.3358669 ], [ 138.5315735, 36.3358507 ], [ 138.531129, 36.3357486 ], [ 138.5300998, 36.3352928 ], [ 138.5298357, 36.3351519 ], [ 138.5287443, 36.3345492 ], [ 138.5283062, 36.3343183 ], [ 138.5279689, 36.3341597 ], [ 138.527882, 36.3341214 ], [ 138.5274718, 36.3339692 ], [ 138.5266862, 36.3337269 ], [ 138.5260952, 36.3335017 ], [ 138.5257007, 36.333333 ], [ 138.5256084, 36.3332936 ], [ 138.5251635, 36.3331417 ], [ 138.525004, 36.3330742 ], [ 138.5245376, 36.3328769 ], [ 138.5239748, 36.3326008 ], [ 138.523636, 36.3324249 ], [ 138.5228134, 36.3319928 ], [ 138.5224173, 36.33179 ], [ 138.5222434, 36.3316942 ], [ 138.5214301, 36.3312661 ], [ 138.5208251, 36.3309625 ], [ 138.5207001, 36.3309172 ], [ 138.5202481, 36.3307992 ], [ 138.5199396, 36.3307544 ], [ 138.5195112, 36.3306808 ], [ 138.5191078, 36.3305908 ], [ 138.5187812, 36.3304669 ], [ 138.5186142, 36.3303936 ], [ 138.518357, 36.3302417 ], [ 138.5180085, 36.330005 ], [ 138.5172558, 36.3295066 ], [ 138.5168137, 36.3292222 ], [ 138.5164104, 36.3289744 ], [ 138.5161601, 36.328873 ], [ 138.5160406, 36.3288433 ], [ 138.5157207, 36.3287344 ], [ 138.5154578, 36.3286705 ], [ 138.5146098, 36.3284733 ], [ 138.5139181, 36.3283118 ], [ 138.5134717, 36.328215 ], [ 138.5132956, 36.328175 ], [ 138.5127167, 36.328047 ], [ 138.5120164, 36.3278594 ], [ 138.5118981, 36.3278428 ], [ 138.5112457, 36.3278548 ], [ 138.5105194, 36.3278887 ], [ 138.5099931, 36.3279047 ], [ 138.5096312, 36.3279273 ], [ 138.509145, 36.3279464 ], [ 138.5086948, 36.327957 ], [ 138.5082643, 36.3279418 ], [ 138.5077535, 36.3279321 ], [ 138.5074345, 36.3279272 ], [ 138.5072613, 36.3279072 ], [ 138.5070454, 36.3278822 ], [ 138.5068026, 36.3278502 ], [ 138.5064669, 36.3277684 ], [ 138.5061751, 36.3276671 ], [ 138.5048507, 36.327125 ], [ 138.5046435, 36.3270378 ], [ 138.5041531, 36.3268233 ], [ 138.5038275, 36.326634 ], [ 138.5036453, 36.3265022 ], [ 138.5033325, 36.3262375 ], [ 138.5029708, 36.3258924 ], [ 138.5027524, 36.3256796 ], [ 138.5024358, 36.3253673 ], [ 138.5020626, 36.3249997 ], [ 138.5016995, 36.3246437 ], [ 138.5003292, 36.323315 ], [ 138.5000039, 36.3229966 ], [ 138.4996481, 36.3226484 ], [ 138.4991865, 36.3222171 ], [ 138.4986464, 36.3217103 ], [ 138.4983475, 36.32144 ], [ 138.4981448, 36.3212534 ], [ 138.4976525, 36.3208597 ], [ 138.4975064, 36.3207866 ], [ 138.4971169, 36.3206572 ], [ 138.4968667, 36.3206058 ], [ 138.4961923, 36.3205286 ], [ 138.4959558, 36.3204947 ], [ 138.4955067, 36.3204521 ], [ 138.4949616, 36.3204102 ], [ 138.4940089, 36.3203427 ], [ 138.4936337, 36.3203147 ], [ 138.4933791, 36.3203018 ], [ 138.4932541, 36.3202969 ], [ 138.4931234, 36.3202918 ], [ 138.4927542, 36.3202874 ], [ 138.4919547, 36.3202777 ], [ 138.4909569, 36.3202697 ], [ 138.4890113, 36.320247 ], [ 138.4853029, 36.3202171 ], [ 138.4848183, 36.3202131 ], [ 138.484635, 36.320203 ], [ 138.4837965, 36.3202075 ], [ 138.4832872, 36.32021 ], [ 138.4831703, 36.3202211 ], [ 138.4829967, 36.3202719 ], [ 138.4826252, 36.3204084 ], [ 138.482466, 36.3204678 ], [ 138.4822026, 36.3205697 ], [ 138.482068, 36.3206421 ], [ 138.4818775, 36.3207311 ], [ 138.4816249, 36.3208004 ], [ 138.481488, 36.3208381 ], [ 138.481203, 36.3208494 ], [ 138.4808972, 36.32081 ], [ 138.4807444, 36.3207706 ], [ 138.4805219, 36.3206747 ], [ 138.4803064, 36.3205453 ], [ 138.4793944, 36.3198297 ], [ 138.4792889, 36.319735 ], [ 138.4790592, 36.3195293 ], [ 138.4787814, 36.31928 ], [ 138.4781063, 36.318664 ], [ 138.4779427, 36.3185157 ], [ 138.4777423, 36.3183341 ], [ 138.4774766, 36.3180933 ], [ 138.4768997, 36.3175272 ], [ 138.4763987, 36.3170063 ], [ 138.4760322, 36.3166742 ], [ 138.4758391, 36.3165763 ], [ 138.4754886, 36.3164458 ], [ 138.4753216, 36.3163953 ], [ 138.4750038, 36.3163077 ], [ 138.4746263, 36.3162036 ], [ 138.474105, 36.3160797 ], [ 138.4736673, 36.3159503 ], [ 138.4729857, 36.3157644 ], [ 138.472845, 36.3157205 ], [ 138.4724231, 36.3155946 ], [ 138.4722548, 36.3155425 ], [ 138.4713102, 36.3152726 ], [ 138.4709001, 36.3151566 ], [ 138.470627, 36.315082 ], [ 138.4701428, 36.3149316 ], [ 138.4699823, 36.3148805 ], [ 138.4696486, 36.314785 ], [ 138.4690994, 36.3146217 ], [ 138.4688002, 36.3145314 ], [ 138.4686393, 36.3144916 ], [ 138.468212, 36.3144034 ], [ 138.4679525, 36.3143683 ], [ 138.4674778, 36.3143683 ], [ 138.4666705, 36.3143683 ], [ 138.4664505, 36.3143683 ], [ 138.4647428, 36.3143156 ], [ 138.4645805, 36.3143116 ], [ 138.4630371, 36.3141144 ], [ 138.4627419, 36.3140922 ], [ 138.462328, 36.3140525 ], [ 138.4621289, 36.3140076 ], [ 138.4619203, 36.3139902 ], [ 138.4614289, 36.3139742 ], [ 138.4607665, 36.3140076 ], [ 138.4599423, 36.3140801 ], [ 138.4590674, 36.3141653 ], [ 138.4586155, 36.3141708 ], [ 138.4583167, 36.3141741 ], [ 138.4579015, 36.3141395 ], [ 138.4577418, 36.3141158 ], [ 138.457063, 36.3139313 ], [ 138.4554123, 36.3134571 ], [ 138.4549658, 36.3133316 ], [ 138.4544302, 36.3131852 ], [ 138.4541799, 36.3131516 ], [ 138.454041, 36.3131516 ], [ 138.4534776, 36.3131683 ], [ 138.4522325, 36.3132347 ], [ 138.4519554, 36.3132697 ], [ 138.4514824, 36.3133261 ], [ 138.4510662, 36.3133788 ], [ 138.4507456, 36.3134064 ], [ 138.4504883, 36.313433 ], [ 138.4502858, 36.3134402 ], [ 138.450175, 36.3134562 ], [ 138.4501542, 36.3134601 ], [ 138.4498982, 36.3135074 ], [ 138.4487779, 36.3138158 ], [ 138.448517, 36.313902 ], [ 138.4482344, 36.3139963 ], [ 138.4479924, 36.3140916 ], [ 138.4473597, 36.3143564 ], [ 138.4466366, 36.3147 ], [ 138.4459138, 36.3150602 ], [ 138.4455351, 36.3152647 ], [ 138.4448971, 36.315632 ], [ 138.4447529, 36.3156937 ], [ 138.4441411, 36.3160847 ], [ 138.4436895, 36.3163943 ], [ 138.4430212, 36.3168314 ], [ 138.4424722, 36.3171941 ], [ 138.4417841, 36.3176502 ], [ 138.4416705, 36.3177246 ], [ 138.4411304, 36.3180781 ], [ 138.4409358, 36.3182189 ], [ 138.4403169, 36.3186072 ], [ 138.4397399, 36.3189789 ], [ 138.439497, 36.3191378 ], [ 138.4390933, 36.3194013 ], [ 138.4384605, 36.319835 ], [ 138.4380299, 36.3201445 ], [ 138.4376822, 36.3204147 ], [ 138.4374737, 36.3206171 ], [ 138.4372394, 36.3209084 ], [ 138.4369241, 36.3213719 ], [ 138.43682, 36.3215972 ], [ 138.4367644, 36.3217716 ], [ 138.4366808, 36.3220588 ], [ 138.4365, 36.3226388 ], [ 138.4362995, 36.3234278 ], [ 138.4361871, 36.3238216 ], [ 138.4361144, 36.3240711 ], [ 138.436055, 36.3242774 ], [ 138.4359705, 36.3244904 ], [ 138.4359406, 36.3245657 ], [ 138.4357435, 36.3249997 ], [ 138.4356159, 36.3252488 ], [ 138.4350077, 36.3263122 ], [ 138.4347715, 36.3267036 ], [ 138.4346759, 36.3268664 ], [ 138.4342301, 36.327646 ], [ 138.433997, 36.3280444 ], [ 138.4338511, 36.3282583 ], [ 138.4337189, 36.3284719 ], [ 138.4332772, 36.3290803 ], [ 138.4331039, 36.3293052 ], [ 138.4327682, 36.3296592 ], [ 138.4324519, 36.3299714 ], [ 138.4322867, 36.3301352 ], [ 138.4322377, 36.3301766 ], [ 138.4318893, 36.3304705 ], [ 138.4310824, 36.3310764 ], [ 138.4302077, 36.3316366 ], [ 138.4299482, 36.3317711 ], [ 138.4296228, 36.3319396 ], [ 138.4288523, 36.3323122 ], [ 138.4283167, 36.332571 ], [ 138.4277981, 36.3328275 ], [ 138.4273711, 36.3330272 ], [ 138.4269651, 36.3332332 ], [ 138.4267625, 36.333333 ], [ 138.425772, 36.333821 ], [ 138.425371, 36.3340203 ], [ 138.4251241, 36.334143 ], [ 138.4249015, 36.3342535 ], [ 138.4233806, 36.3350091 ], [ 138.4232557, 36.3350722 ], [ 138.4226573, 36.3353749 ], [ 138.4220524, 36.3356566 ], [ 138.4218389, 36.3357444 ], [ 138.4215958, 36.335844 ], [ 138.4212585, 36.3359546 ], [ 138.4210011, 36.3360373 ], [ 138.4207133, 36.3361298 ], [ 138.4205825, 36.336165 ], [ 138.4199389, 36.3363096 ], [ 138.4195681, 36.3363958 ], [ 138.4192392, 36.3364619 ], [ 138.4187789, 36.3365352 ], [ 138.4181803, 36.3366082 ], [ 138.4180689, 36.3366138 ], [ 138.4179425, 36.3366235 ], [ 138.4178775, 36.3366285 ], [ 138.4174075, 36.3366647 ], [ 138.417352, 36.3366816 ], [ 138.4166706, 36.3367497 ], [ 138.4153127, 36.3368896 ], [ 138.4147143, 36.3369457 ], [ 138.4143586, 36.3369911 ], [ 138.4135589, 36.3370755 ], [ 138.413016, 36.3371316 ], [ 138.4124316, 36.337188 ], [ 138.4118678, 36.3372499 ], [ 138.4105354, 36.3373848 ], [ 138.4099819, 36.3374408 ], [ 138.4096059, 36.3374752 ], [ 138.4093137, 36.3375091 ], [ 138.4087497, 36.3375707 ], [ 138.4085131, 36.3375877 ], [ 138.4080748, 36.3376385 ], [ 138.4079189, 36.3376542 ], [ 138.4075524, 36.3376912 ], [ 138.4063075, 36.3378086 ], [ 138.4055173, 36.3378939 ], [ 138.4048712, 36.3379674 ], [ 138.4039508, 36.3381013 ], [ 138.403573, 36.3381671 ], [ 138.4027228, 36.3382857 ], [ 138.4021801, 36.3383654 ], [ 138.4019488, 36.3383984 ], [ 138.4007111, 36.3385729 ], [ 138.4001415, 36.3386574 ], [ 138.3998761, 36.3386968 ], [ 138.3992077, 36.3387868 ], [ 138.3985397, 36.3388996 ], [ 138.3981149, 36.3389446 ], [ 138.3978233, 36.338984 ], [ 138.3975097, 36.3390235 ], [ 138.3972939, 36.3390629 ], [ 138.3969319, 36.3391529 ], [ 138.3968237, 36.3391846 ], [ 138.3960942, 36.3394104 ], [ 138.3956679, 36.3395656 ], [ 138.3951955, 36.339751 ], [ 138.3950337, 36.3398389 ], [ 138.3946731, 36.3400423 ], [ 138.3943145, 36.3401668 ], [ 138.3941481, 36.3402057 ], [ 138.3936788, 36.3402635 ], [ 138.3929139, 36.3403699 ], [ 138.3919765, 36.3404815 ], [ 138.3916706, 36.3405132 ], [ 138.3913782, 36.3405435 ], [ 138.3909675, 36.340594 ], [ 138.3908492, 36.3406165 ], [ 138.3902868, 36.3407482 ], [ 138.3898924, 36.3408687 ], [ 138.3896311, 36.3409879 ], [ 138.3889814, 36.3413515 ], [ 138.3886918, 36.3415117 ], [ 138.3884077, 36.3416662 ], [ 138.3878981, 36.3419565 ], [ 138.3874875, 36.3421932 ], [ 138.3868403, 36.3425704 ], [ 138.3865234, 36.3427637 ], [ 138.3860675, 36.3430262 ], [ 138.3857614, 36.3431528 ], [ 138.3855684, 36.3432194 ], [ 138.3849958, 36.343381 ], [ 138.3847033, 36.3434654 ], [ 138.3842094, 36.3435948 ], [ 138.384105, 36.3436287 ], [ 138.383329, 36.343846 ], [ 138.3826572, 36.3440337 ], [ 138.3814672, 36.344366 ], [ 138.381307, 36.3444168 ], [ 138.3802959, 36.3447172 ], [ 138.3798299, 36.3448556 ], [ 138.3788331, 36.3451265 ], [ 138.3785149, 36.3451668 ], [ 138.3783839, 36.3451765 ], [ 138.3779596, 36.3451765 ], [ 138.3773437, 36.3451715 ], [ 138.3760338, 36.3451883 ], [ 138.3753075, 36.345216 ], [ 138.3748639, 36.3452853 ], [ 138.3745065, 36.3453759 ], [ 138.3740133, 36.345537 ], [ 138.3732267, 36.3458129 ], [ 138.3726167, 36.3460411 ], [ 138.3725933, 36.3460493 ], [ 138.3720277, 36.346224 ], [ 138.3711708, 36.3465107 ], [ 138.3706137, 36.3467064 ], [ 138.3704292, 36.3467697 ], [ 138.3695797, 36.347074 ], [ 138.3691626, 36.347237 ], [ 138.3683189, 36.3475749 ], [ 138.3680375, 36.3476877 ], [ 138.367771, 36.3477944 ], [ 138.3675814, 36.3478651 ], [ 138.3670606, 36.3480592 ], [ 138.3666705, 36.3481944 ], [ 138.3663694, 36.3482988 ], [ 138.3657928, 36.3484906 ], [ 138.3650917, 36.3486942 ], [ 138.3642908, 36.3489148 ], [ 138.363256, 36.3491938 ], [ 138.3617975, 36.349587 ], [ 138.3617503, 36.3495992 ], [ 138.3616911, 36.3496145 ], [ 138.361563, 36.3496465 ], [ 138.3605144, 36.3499293 ], [ 138.3602532, 36.3499995 ], [ 138.3587583, 36.3504012 ], [ 138.3583372, 36.3505126 ], [ 138.3578677, 36.3506458 ], [ 138.3576794, 36.3506992 ], [ 138.3572834, 36.3508061 ], [ 138.3566574, 36.3509693 ], [ 138.3560518, 36.3511438 ], [ 138.3553661, 36.3513343 ], [ 138.3541375, 36.3516747 ], [ 138.3540015, 36.3517124 ], [ 138.3538239, 36.3517634 ], [ 138.353024, 36.3519808 ], [ 138.351668, 36.3523299 ], [ 138.3513134, 36.3524366 ], [ 138.3509219, 36.3525356 ], [ 138.3506044, 36.3526467 ], [ 138.3504562, 36.3527028 ], [ 138.3500385, 36.3528637 ], [ 138.3496783, 36.353022 ], [ 138.3491459, 36.3533289 ], [ 138.348925, 36.3534578 ], [ 138.3487175, 36.3536047 ], [ 138.3483115, 36.353817 ], [ 138.3478337, 36.3540181 ], [ 138.3469136, 36.3542678 ], [ 138.3459258, 36.3545217 ], [ 138.3449446, 36.3547779 ], [ 138.3434411, 36.355175 ], [ 138.3427574, 36.3553504 ], [ 138.3418965, 36.3554731 ], [ 138.3410401, 36.3556139 ], [ 138.3400522, 36.3557717 ], [ 138.3382196, 36.35608 ], [ 138.3376896, 36.3561939 ], [ 138.3372017, 36.3562987 ], [ 138.3363708, 36.356492 ], [ 138.3358523, 36.3566128 ], [ 138.3343877, 36.3569764 ], [ 138.3338866, 36.3571228 ], [ 138.3332413, 36.3573145 ], [ 138.3326116, 36.3575025 ], [ 138.3318255, 36.3577638 ], [ 138.3315053, 36.3578731 ], [ 138.3312422, 36.3579728 ], [ 138.3306924, 36.3581697 ], [ 138.3305427, 36.3582255 ], [ 138.3304761, 36.3582508 ], [ 138.3299716, 36.3584431 ], [ 138.3287717, 36.3589016 ], [ 138.3285069, 36.3590034 ], [ 138.3278496, 36.3592562 ], [ 138.3272647, 36.3594903 ], [ 138.3265452, 36.3597589 ], [ 138.3262931, 36.3598451 ], [ 138.3254659, 36.3601519 ], [ 138.3248466, 36.3603766 ], [ 138.3239212, 36.3606919 ], [ 138.3232252, 36.3609058 ], [ 138.3227452, 36.3610411 ], [ 138.3221744, 36.361193 ], [ 138.321548, 36.3613789 ], [ 138.3208938, 36.3616094 ], [ 138.3205852, 36.3617515 ], [ 138.3200519, 36.3619925 ], [ 138.3179625, 36.3629148 ], [ 138.3171062, 36.3632863 ], [ 138.3166705, 36.3634813 ], [ 138.3151669, 36.3641541 ], [ 138.3145055, 36.3644469 ], [ 138.3133404, 36.3649718 ], [ 138.3128702, 36.3651847 ], [ 138.3120797, 36.3655325 ], [ 138.3114181, 36.3658206 ], [ 138.3109844, 36.3660064 ], [ 138.3103874, 36.3662701 ], [ 138.3094539, 36.3666661 ], [ 138.3089782, 36.3668791 ], [ 138.3083371, 36.3671656 ], [ 138.3074996, 36.3675391 ], [ 138.3073029, 36.3676111 ], [ 138.3071152, 36.3676786 ], [ 138.3069063, 36.367735 ], [ 138.3063358, 36.3678869 ], [ 138.3057857, 36.3680105 ], [ 138.3050277, 36.3682019 ], [ 138.3042968, 36.3683711 ], [ 138.303726, 36.3685061 ], [ 138.3033368, 36.3686001 ], [ 138.3028561, 36.36872 ], [ 138.3023349, 36.3688496 ], [ 138.3017291, 36.3690069 ], [ 138.3014166, 36.3690758 ], [ 138.3010191, 36.3691702 ], [ 138.3005179, 36.3693111 ], [ 138.2998639, 36.3695419 ], [ 138.2993071, 36.3697897 ], [ 138.2990982, 36.3699136 ], [ 138.2987225, 36.3701615 ], [ 138.2985057, 36.3703235 ], [ 138.2979002, 36.3706841 ], [ 138.2974074, 36.371 ], [ 138.2968438, 36.3712702 ], [ 138.2962938, 36.37149 ], [ 138.295904, 36.3716025 ], [ 138.2955701, 36.3716811 ], [ 138.2950234, 36.3717718 ], [ 138.2946099, 36.3718389 ], [ 138.2939565, 36.3719116 ], [ 138.2931559, 36.3720063 ], [ 138.2930377, 36.3720203 ], [ 138.2926267, 36.3720641 ], [ 138.2916704, 36.3721839 ], [ 138.2909012, 36.3722783 ], [ 138.2900935, 36.3723566 ], [ 138.2887161, 36.3725255 ], [ 138.2879642, 36.3726213 ], [ 138.2875187, 36.3726775 ], [ 138.2871152, 36.3727452 ], [ 138.2866671, 36.3728658 ], [ 138.2849046, 36.3733764 ], [ 138.2837037, 36.3737344 ], [ 138.2832851, 36.3738534 ], [ 138.282614, 36.3740441 ], [ 138.2820988, 36.3742097 ], [ 138.2816465, 36.3743869 ], [ 138.2811793, 36.3745916 ], [ 138.2809426, 36.3747041 ], [ 138.2806571, 36.3748675 ], [ 138.2804572, 36.3749994 ], [ 138.2801545, 36.3751992 ], [ 138.2799404, 36.3753405 ], [ 138.2793487, 36.3757233 ], [ 138.2789738, 36.3759618 ], [ 138.2785484, 36.3762355 ], [ 138.2781843, 36.3764533 ], [ 138.2778473, 36.3766241 ], [ 138.2776578, 36.3767367 ], [ 138.2770451, 36.3770627 ], [ 138.2768018, 36.3771983 ], [ 138.2763288, 36.377457 ], [ 138.2758836, 36.3776943 ], [ 138.2753277, 36.3780043 ], [ 138.2748898, 36.3782446 ], [ 138.2744287, 36.3785158 ], [ 138.2737571, 36.3789965 ], [ 138.2736013, 36.3791079 ], [ 138.2732876, 36.3793322 ], [ 138.2731415, 36.379428 ], [ 138.2727483, 36.3797079 ], [ 138.2725869, 36.3798301 ], [ 138.2723062, 36.3800472 ], [ 138.2718262, 36.3804019 ], [ 138.2714497, 36.3806875 ], [ 138.2711839, 36.3808862 ], [ 138.2709693, 36.3810465 ], [ 138.2706918, 36.3812522 ], [ 138.2697701, 36.3819517 ], [ 138.2693623, 36.3822486 ], [ 138.2688756, 36.3826316 ], [ 138.2686197, 36.3828508 ], [ 138.2683954, 36.3830483 ], [ 138.2680791, 36.3833327 ], [ 138.2678153, 36.3835883 ], [ 138.2675081, 36.3839299 ], [ 138.2674127, 36.3840412 ], [ 138.2667112, 36.3849061 ], [ 138.2663493, 36.3853622 ], [ 138.266323, 36.3861869 ], [ 138.2662793, 36.387558 ], [ 138.266243, 36.3882803 ], [ 138.2662029, 36.3893486 ], [ 138.2661748, 36.3902944 ], [ 138.2661396, 36.3916661 ], [ 138.2660982, 36.3929858 ], [ 138.2660648, 36.3941024 ], [ 138.2659905, 36.3952628 ], [ 138.265959, 36.3955139 ], [ 138.2659171, 36.3956997 ], [ 138.2658337, 36.3959361 ], [ 138.2657477, 36.3961275 ], [ 138.2656004, 36.3964336 ], [ 138.2653254, 36.3969552 ], [ 138.2652219, 36.3971491 ], [ 138.2649287, 36.3977041 ], [ 138.2647546, 36.3980194 ], [ 138.2646789, 36.3981641 ], [ 138.2644693, 36.3985319 ], [ 138.2641493, 36.3991058 ], [ 138.264004, 36.3993458 ], [ 138.2638207, 36.3996785 ], [ 138.2635842, 36.4001083 ], [ 138.263257, 36.4006919 ], [ 138.2629329, 36.4012991 ], [ 138.2626182, 36.40191 ], [ 138.2623954, 36.4023266 ], [ 138.26231, 36.4024926 ], [ 138.2612587, 36.4044518 ], [ 138.2612017, 36.4045269 ], [ 138.2610778, 36.4046902 ], [ 138.2607628, 36.4050144 ], [ 138.2605804, 36.4052039 ], [ 138.2604118, 36.4053783 ], [ 138.2602238, 36.4055302 ], [ 138.2599694, 36.4057088 ], [ 138.2595835, 36.4059133 ], [ 138.2593704, 36.4060316 ], [ 138.2587971, 36.4063352 ], [ 138.2583587, 36.4065605 ], [ 138.2579838, 36.4067569 ], [ 138.2576351, 36.4069395 ], [ 138.2566132, 36.4074758 ], [ 138.2565437, 36.4075044 ], [ 138.256356, 36.4075458 ], [ 138.2559511, 36.4075686 ], [ 138.2556714, 36.4075804 ], [ 138.2548198, 36.4076016 ], [ 138.2543996, 36.4076256 ], [ 138.2543422, 36.4076289 ], [ 138.2538811, 36.4076573 ], [ 138.2527843, 36.407743 ], [ 138.25174, 36.4078389 ], [ 138.2506224, 36.4079249 ], [ 138.2500037, 36.4079764 ], [ 138.2491379, 36.4080472 ], [ 138.2480355, 36.4081497 ], [ 138.2478405, 36.4081662 ], [ 138.2453314, 36.4083156 ], [ 138.2447462, 36.4083597 ], [ 138.2441533, 36.4084043 ], [ 138.2433064, 36.4084758 ], [ 138.2430212, 36.4084927 ], [ 138.2425057, 36.4085492 ], [ 138.2422975, 36.4085717 ], [ 138.242047, 36.4086167 ], [ 138.2418013, 36.4086846 ], [ 138.2415867, 36.408742 ], [ 138.2414279, 36.4087908 ], [ 138.2403645, 36.4092158 ], [ 138.2396531, 36.4095089 ], [ 138.2389316, 36.4098062 ], [ 138.2386792, 36.4098944 ], [ 138.2384148, 36.4100072 ], [ 138.2380977, 36.4101308 ], [ 138.2379875, 36.4101745 ], [ 138.2374473, 36.4103952 ], [ 138.2372667, 36.4104595 ], [ 138.2370298, 36.410553 ], [ 138.2364102, 36.41075 ], [ 138.2361463, 36.4108344 ], [ 138.2356662, 36.4109686 ], [ 138.2353809, 36.4110428 ], [ 138.2346432, 36.4111836 ], [ 138.2344762, 36.4112061 ], [ 138.2337097, 36.411356 ], [ 138.2325758, 36.4116515 ], [ 138.2322148, 36.4117533 ], [ 138.2320267, 36.4118253 ], [ 138.2317415, 36.4119208 ], [ 138.2316066, 36.4119734 ], [ 138.2314553, 36.4120458 ], [ 138.230802, 36.4124164 ], [ 138.2299267, 36.4129066 ], [ 138.2294741, 36.4131511 ], [ 138.2289581, 36.4134244 ], [ 138.2286517, 36.4135816 ], [ 138.2284934, 36.4136767 ], [ 138.2283462, 36.4137561 ], [ 138.2280612, 36.4139134 ], [ 138.227561, 36.4141876 ], [ 138.2273439, 36.4143195 ], [ 138.2271537, 36.4143933 ], [ 138.226352, 36.4146784 ], [ 138.2210641, 36.4159247 ], [ 138.2209354, 36.4159525 ], [ 138.2188471, 36.4164495 ], [ 138.2178859, 36.4166698 ], [ 138.2153132, 36.4172849 ], [ 138.2145584, 36.4174578 ], [ 138.2136789, 36.4176682 ], [ 138.2131038, 36.4178059 ], [ 138.2125191, 36.4179475 ], [ 138.2119106, 36.4180928 ], [ 138.2112071, 36.4182535 ], [ 138.210746, 36.4183644 ], [ 138.2102564, 36.4184715 ], [ 138.2098523, 36.4185366 ], [ 138.2093817, 36.4186131 ], [ 138.2087352, 36.4186896 ], [ 138.2056644, 36.4190644 ], [ 138.2035871, 36.4193781 ], [ 138.2032353, 36.4194623 ], [ 138.2029025, 36.4195502 ], [ 138.2021943, 36.4197568 ], [ 138.2010728, 36.4201122 ], [ 138.2003302, 36.4203782 ], [ 138.2000036, 36.4204948 ], [ 138.1997353, 36.4205906 ], [ 138.199338, 36.4207425 ], [ 138.1986625, 36.4209958 ], [ 138.1982771, 36.4211287 ], [ 138.1966157, 36.421666 ], [ 138.196468, 36.4217281 ], [ 138.1961755, 36.4218856 ], [ 138.1959732, 36.4220262 ], [ 138.1954858, 36.4223978 ], [ 138.1953208, 36.4225329 ], [ 138.1950119, 36.4227861 ], [ 138.1945773, 36.4232162 ], [ 138.1942067, 36.423605 ], [ 138.1938625, 36.4239683 ], [ 138.1937092, 36.4241822 ], [ 138.1935739, 36.4244633 ], [ 138.1935489, 36.4245483 ], [ 138.1935177, 36.4247254 ], [ 138.1934746, 36.4250047 ], [ 138.1934514, 36.4251508 ], [ 138.193231, 36.4262864 ], [ 138.1931589, 36.4266425 ], [ 138.1931248, 36.4267762 ], [ 138.1929917, 36.4273633 ], [ 138.1928661, 36.4279094 ], [ 138.1928539, 36.4280347 ], [ 138.1928608, 36.4282152 ], [ 138.1929147, 36.4285157 ], [ 138.1930125, 36.4290917 ], [ 138.1930125, 36.4293394 ], [ 138.1929636, 36.4296942 ], [ 138.1928872, 36.4301053 ], [ 138.1926989, 36.4311578 ], [ 138.192591, 36.4316642 ], [ 138.1924564, 36.432489 ], [ 138.1923234, 36.4331093 ], [ 138.1921689, 36.4339231 ], [ 138.1919673, 36.4349525 ], [ 138.1918698, 36.4354819 ], [ 138.1916703, 36.4364772 ], [ 138.1915622, 36.4370164 ], [ 138.19137, 36.4379159 ], [ 138.1911564, 36.4389397 ], [ 138.1910337, 36.4395691 ], [ 138.1909571, 36.4399683 ], [ 138.1908474, 36.4405372 ], [ 138.190757, 36.4410856 ], [ 138.1906789, 36.4415581 ], [ 138.1905891, 36.4420204 ], [ 138.1904068, 36.4429356 ], [ 138.1902515, 36.4437155 ], [ 138.1901017, 36.4444004 ], [ 138.1900934, 36.4444421 ], [ 138.1899679, 36.4450752 ], [ 138.1897287, 36.4462659 ], [ 138.1894316, 36.4477908 ], [ 138.1892081, 36.4489936 ], [ 138.1890404, 36.4497497 ], [ 138.1889433, 36.4499994 ], [ 138.1886843, 36.4506662 ], [ 138.1885772, 36.4509476 ], [ 138.1880934, 36.4520508 ], [ 138.1876824, 36.453008 ], [ 138.1875151, 36.4533966 ], [ 138.1872817, 36.4539149 ], [ 138.1870745, 36.454409 ], [ 138.1865398, 36.4555416 ], [ 138.1863145, 36.456002 ], [ 138.1862262, 36.4561774 ], [ 138.1860871, 36.4563972 ], [ 138.1859546, 36.4565377 ], [ 138.1856898, 36.4567855 ], [ 138.1852987, 36.4570634 ], [ 138.184926, 36.4573369 ], [ 138.1844637, 36.4576483 ], [ 138.1841643, 36.4578611 ], [ 138.1833765, 36.4583488 ], [ 138.1828028, 36.458704 ], [ 138.1818735, 36.4592856 ], [ 138.1813731, 36.4595977 ], [ 138.180977, 36.4598407 ], [ 138.1804144, 36.4601873 ], [ 138.1798035, 36.4605633 ], [ 138.1794898, 36.4607547 ], [ 138.1794306, 36.4607922 ], [ 138.1792321, 36.460918 ], [ 138.1783821, 36.4614641 ], [ 138.1779121, 36.46176 ], [ 138.1774765, 36.4620438 ], [ 138.1772076, 36.4622049 ], [ 138.1767789, 36.4625034 ], [ 138.1764985, 36.4626777 ], [ 138.1758187, 36.4630572 ], [ 138.175094, 36.4634511 ], [ 138.174481, 36.4637383 ], [ 138.1741815, 36.4638566 ], [ 138.1738052, 36.4639805 ], [ 138.1730946, 36.464217 ], [ 138.1729346, 36.4642619 ], [ 138.1713671, 36.4647519 ], [ 138.1704893, 36.4650388 ], [ 138.1699042, 36.4652528 ], [ 138.1695491, 36.4653991 ], [ 138.1689499, 36.4657144 ], [ 138.1683785, 36.4660691 ], [ 138.1679465, 36.4663786 ], [ 138.1677654, 36.4665249 ], [ 138.1676757, 36.466609 ], [ 138.167484, 36.4667886 ], [ 138.1669054, 36.4672946 ], [ 138.1665118, 36.4675497 ], [ 138.166024, 36.4678819 ], [ 138.165836, 36.4680394 ], [ 138.1656198, 36.4682364 ], [ 138.1652854, 36.4685911 ], [ 138.1651274, 36.4687985 ], [ 138.1648746, 36.4690697 ], [ 138.1646238, 36.4694749 ], [ 138.1643938, 36.4698861 ], [ 138.1638016, 36.4709274 ], [ 138.1636786, 36.4710627 ], [ 138.1634671, 36.4712261 ], [ 138.1624578, 36.4719238 ], [ 138.1618509, 36.4723577 ], [ 138.1613843, 36.4726783 ], [ 138.1607962, 36.4730706 ], [ 138.1603185, 36.4733822 ], [ 138.1600399, 36.4735792 ], [ 138.159917, 36.4738076 ], [ 138.1593782, 36.4743505 ], [ 138.1590927, 36.4746824 ], [ 138.1588696, 36.4749922 ], [ 138.1587878, 36.4751446 ], [ 138.1586677, 36.4753637 ], [ 138.158509, 36.4757044 ], [ 138.1584099, 36.4759608 ], [ 138.1582067, 36.4764464 ], [ 138.1580742, 36.4767558 ], [ 138.1580266, 36.4769347 ], [ 138.157811, 36.4775821 ], [ 138.1576929, 36.477916 ], [ 138.1576139, 36.4781188 ], [ 138.1574627, 36.4784096 ], [ 138.1571352, 36.4789333 ], [ 138.1568823, 36.4793192 ], [ 138.1566455, 36.479694 ], [ 138.1565082, 36.479896 ], [ 138.1559573, 36.4807408 ], [ 138.1553241, 36.4817313 ], [ 138.1551349, 36.4820236 ], [ 138.1550766, 36.4821093 ], [ 138.1548241, 36.482503 ], [ 138.1545692, 36.4829042 ], [ 138.1544565, 36.4831934 ], [ 138.1543908, 36.4833977 ], [ 138.1542327, 36.4838714 ], [ 138.1540633, 36.4844788 ], [ 138.1539258, 36.4850088 ], [ 138.1538338, 36.4853624 ], [ 138.1536735, 36.485965 ], [ 138.1532982, 36.4868971 ], [ 138.1529894, 36.4876352 ], [ 138.1528513, 36.4879411 ], [ 138.1525102, 36.4887294 ], [ 138.1522696, 36.4893007 ], [ 138.1522139, 36.489449 ], [ 138.1521982, 36.4894908 ], [ 138.152027, 36.4899076 ], [ 138.1517944, 36.4904741 ], [ 138.1513889, 36.4914374 ], [ 138.1512296, 36.4917249 ], [ 138.1510544, 36.492338 ], [ 138.1509291, 36.4929855 ], [ 138.1506615, 36.494069 ], [ 138.1505675, 36.4944658 ], [ 138.1503615, 36.4949824 ], [ 138.1501978, 36.4953107 ], [ 138.1500039, 36.4956638 ], [ 138.1497589, 36.4961099 ], [ 138.1495364, 36.4964591 ], [ 138.1491881, 36.4969263 ], [ 138.1487485, 36.4974507 ], [ 138.1483316, 36.4979583 ], [ 138.14714, 36.4993246 ], [ 138.1467497, 36.4997749 ], [ 138.146371, 36.5001878 ], [ 138.1450723, 36.501624 ], [ 138.1444375, 36.5023477 ], [ 138.1437596, 36.5031029 ], [ 138.1425367, 36.504448 ], [ 138.1416706, 36.5054165 ], [ 138.1409376, 36.5062141 ], [ 138.1401239, 36.5071391 ], [ 138.1397126, 36.5076115 ], [ 138.1390605, 36.5083327 ], [ 138.1386099, 36.5088477 ], [ 138.1380248, 36.5094977 ], [ 138.1376345, 36.5099257 ], [ 138.1368205, 36.5108415 ], [ 138.1355774, 36.5122848 ], [ 138.1348298, 36.5131312 ], [ 138.133749, 36.5143402 ], [ 138.1333373, 36.5148029 ], [ 138.1326973, 36.515516 ], [ 138.132239, 36.5160321 ], [ 138.131714, 36.5166082 ], [ 138.131394, 36.5169618 ], [ 138.1308632, 36.517571 ], [ 138.1305963, 36.5178797 ], [ 138.1292315, 36.5194118 ], [ 138.1283848, 36.5203666 ], [ 138.1281157, 36.5206671 ], [ 138.1274321, 36.5214385 ], [ 138.1268189, 36.5221253 ], [ 138.1265326, 36.5224574 ], [ 138.1253198, 36.523836 ], [ 138.1249049, 36.5243133 ], [ 138.1246806, 36.5245644 ], [ 138.1244996, 36.5248056 ], [ 138.1243706, 36.5249993 ], [ 138.124141, 36.5254021 ], [ 138.1239596, 36.525768 ], [ 138.123861, 36.5260801 ], [ 138.1237963, 36.5262806 ], [ 138.1236946, 36.5265671 ], [ 138.1235829, 36.527029 ], [ 138.123534, 36.5273949 ], [ 138.1234782, 36.5281045 ], [ 138.123485, 36.5283029 ], [ 138.1234504, 36.528729 ], [ 138.1233807, 36.5296807 ], [ 138.123311, 36.5304635 ], [ 138.1232167, 36.5315705 ], [ 138.1231366, 36.5325071 ], [ 138.1230642, 36.5333326 ], [ 138.1229832, 36.5343085 ], [ 138.1229274, 36.5347251 ], [ 138.1228855, 36.5352207 ], [ 138.1228697, 36.5354103 ], [ 138.1228227, 36.5359749 ], [ 138.1227508, 36.5367435 ], [ 138.1226694, 36.5376754 ], [ 138.1226241, 36.5379577 ], [ 138.1226064, 36.5380719 ], [ 138.122446, 36.5398146 ], [ 138.122446, 36.5400173 ], [ 138.122488, 36.5403268 ], [ 138.1226086, 36.5407171 ], [ 138.1227609, 36.5410489 ], [ 138.1229341, 36.541346 ], [ 138.1230805, 36.5415487 ], [ 138.1233597, 36.5418921 ], [ 138.123471, 36.5420104 ], [ 138.1238758, 36.5423596 ], [ 138.124297, 36.5426992 ], [ 138.1246659, 36.5430075 ], [ 138.1250866, 36.5433559 ], [ 138.1256252, 36.5437879 ], [ 138.1261997, 36.5442782 ], [ 138.1268522, 36.5448298 ], [ 138.1272552, 36.5451506 ], [ 138.1277413, 36.5455608 ], [ 138.1284058, 36.5461104 ], [ 138.1290905, 36.5466873 ], [ 138.1294166, 36.5469578 ], [ 138.1296595, 36.5471593 ], [ 138.1303559, 36.5477364 ], [ 138.1308797, 36.5481587 ], [ 138.1313224, 36.5485298 ], [ 138.1314953, 36.5486677 ], [ 138.1317778, 36.5488818 ], [ 138.1318947, 36.5489543 ], [ 138.1321125, 36.5490601 ], [ 138.1322628, 36.5491215 ], [ 138.1324436, 36.5491862 ], [ 138.1327214, 36.5492553 ], [ 138.1333375, 36.5494008 ], [ 138.1336819, 36.5494982 ], [ 138.1341672, 36.5497212 ], [ 138.1344597, 36.549892 ], [ 138.1345989, 36.5500312 ], [ 138.1347272, 36.5501651 ], [ 138.1350675, 36.5506165 ], [ 138.1354636, 36.5511515 ], [ 138.1357318, 36.551521 ], [ 138.1365272, 36.5526507 ], [ 138.1370564, 36.5533827 ], [ 138.1378836, 36.5545164 ], [ 138.1381272, 36.5548887 ], [ 138.1383895, 36.5553679 ], [ 138.1384845, 36.5556579 ], [ 138.1385144, 36.5558649 ], [ 138.1385417, 36.5562662 ], [ 138.1385511, 36.5566379 ], [ 138.1384953, 36.557624 ], [ 138.1384339, 36.5591504 ], [ 138.1383787, 36.5603559 ], [ 138.1383829, 36.5607873 ], [ 138.1384019, 36.5610943 ], [ 138.1384248, 36.5612459 ], [ 138.1384624, 36.5613671 ], [ 138.1386583, 36.5617476 ], [ 138.138744, 36.5618967 ], [ 138.1388859, 36.5621012 ], [ 138.1390953, 36.5623043 ], [ 138.1392987, 36.5624687 ], [ 138.1396353, 36.5626694 ], [ 138.140239, 36.5629181 ], [ 138.1409089, 36.563197 ], [ 138.1415396, 36.5634812 ], [ 138.1423421, 36.5638446 ], [ 138.142599, 36.5639884 ], [ 138.1438862, 36.5645212 ], [ 138.1444894, 36.5647777 ], [ 138.1451371, 36.5650671 ], [ 138.1457757, 36.5653891 ], [ 138.1464085, 36.5657313 ], [ 138.1467137, 36.5659196 ], [ 138.1471351, 36.5662145 ], [ 138.1476975, 36.5666659 ], [ 138.1482562, 36.5671506 ], [ 138.1491262, 36.568009 ], [ 138.1496615, 36.5685492 ], [ 138.1505099, 36.5694 ], [ 138.1516893, 36.5706001 ], [ 138.1528571, 36.5717587 ], [ 138.1540713, 36.5730107 ], [ 138.1554057, 36.5743567 ], [ 138.1568437, 36.5758015 ], [ 138.1578815, 36.5768285 ], [ 138.1586197, 36.577606 ], [ 138.1592612, 36.5782356 ], [ 138.1600874, 36.5790879 ], [ 138.1610654, 36.5800803 ], [ 138.1615396, 36.5805817 ], [ 138.1619583, 36.5810388 ], [ 138.1625789, 36.5816064 ], [ 138.1637177, 36.5826198 ], [ 138.1644091, 36.5832217 ], [ 138.1652166, 36.5838064 ], [ 138.1657515, 36.584185 ], [ 138.1663307, 36.5845973 ], [ 138.1673356, 36.5853111 ], [ 138.1680196, 36.5857885 ], [ 138.1689294, 36.5864409 ], [ 138.1695226, 36.5868227 ], [ 138.1704991, 36.5874412 ], [ 138.1710507, 36.5877565 ], [ 138.1720667, 36.588253 ], [ 138.1736821, 36.5889812 ], [ 138.1744192, 36.5892826 ], [ 138.1750044, 36.5895219 ], [ 138.1756169, 36.5897808 ], [ 138.1774463, 36.590559 ], [ 138.1790308, 36.5912047 ], [ 138.179513, 36.5914048 ], [ 138.1805894, 36.5918546 ], [ 138.1817274, 36.5923337 ], [ 138.1832941, 36.5929759 ], [ 138.1844054, 36.5934472 ], [ 138.1845339, 36.593502 ], [ 138.1866138, 36.5943925 ], [ 138.186973, 36.5945503 ], [ 138.1876422, 36.5948768 ], [ 138.1882244, 36.5952016 ], [ 138.1888725, 36.595602 ], [ 138.1892125, 36.5958209 ], [ 138.1898872, 36.596335 ], [ 138.1902811, 36.59665 ], [ 138.1908005, 36.5971373 ], [ 138.1913552, 36.5977028 ], [ 138.1916711, 36.5980751 ], [ 138.1920736, 36.5985495 ], [ 138.1927272, 36.5993804 ], [ 138.192975, 36.5996867 ], [ 138.1931747, 36.5999992 ], [ 138.1935169, 36.6005745 ], [ 138.1937094, 36.6010218 ], [ 138.1939256, 36.6015272 ], [ 138.1940922, 36.6019273 ], [ 138.1941936, 36.60222 ], [ 138.1943296, 36.6027104 ], [ 138.194411, 36.60304 ], [ 138.1948394, 36.6046237 ], [ 138.1950259, 36.6052852 ], [ 138.1952869, 36.6062112 ], [ 138.1954985, 36.6069908 ], [ 138.1961261, 36.6097374 ], [ 138.196578, 36.611247 ], [ 138.1969582, 36.6125607 ], [ 138.197454, 36.6143985 ], [ 138.1981166, 36.6167558 ], [ 138.1987506, 36.6190745 ], [ 138.1997896, 36.6227886 ], [ 138.2004214, 36.6250962 ], [ 138.2006999, 36.6261106 ], [ 138.2008549, 36.6266511 ], [ 138.201062, 36.6274292 ], [ 138.2012089, 36.6278855 ], [ 138.2012804, 36.6280884 ], [ 138.2014462, 36.6284425 ], [ 138.2015836, 36.6286731 ], [ 138.2016448, 36.6287664 ], [ 138.2017111, 36.6288676 ], [ 138.2018093, 36.6290111 ], [ 138.2020393, 36.6292925 ], [ 138.2028282, 36.6301259 ], [ 138.2040357, 36.6313533 ], [ 138.2054218, 36.6327699 ], [ 138.2068328, 36.6341488 ], [ 138.2083379, 36.6356839 ], [ 138.2098202, 36.6371718 ], [ 138.2117292, 36.6390987 ], [ 138.2127865, 36.6401647 ], [ 138.2136253, 36.6410072 ], [ 138.2141862, 36.6415755 ], [ 138.2143011, 36.641692 ], [ 138.2144171, 36.6418096 ], [ 138.2148607, 36.6422589 ], [ 138.2166713, 36.644074 ], [ 138.218332, 36.6457492 ], [ 138.2195132, 36.646961 ], [ 138.2199342, 36.647381 ], [ 138.2206992, 36.6481441 ], [ 138.2215812, 36.6490264 ], [ 138.2223798, 36.6498328 ], [ 138.2236289, 36.6510952 ], [ 138.2247346, 36.6522042 ], [ 138.2254177, 36.6529067 ], [ 138.2258902, 36.6533075 ], [ 138.226381, 36.6536336 ], [ 138.2266335, 36.653783 ], [ 138.2272102, 36.6540713 ], [ 138.2273893, 36.6541438 ], [ 138.228066, 36.6543672 ], [ 138.2284649, 36.6544731 ], [ 138.228761, 36.6545228 ], [ 138.2294492, 36.6545895 ], [ 138.2318255, 36.6547483 ], [ 138.233338, 36.6548506 ], [ 138.2342953, 36.6549154 ], [ 138.2356449, 36.655014 ], [ 138.2368714, 36.6551029 ], [ 138.238133, 36.65518 ], [ 138.2394155, 36.655265 ], [ 138.2408142, 36.655379 ], [ 138.2422918, 36.6555014 ], [ 138.2443204, 36.6556615 ], [ 138.2452683, 36.6557821 ], [ 138.2457963, 36.6559008 ], [ 138.246165, 36.6559931 ], [ 138.246421, 36.6560647 ], [ 138.2467283, 36.6561772 ], [ 138.2468777, 36.6562358 ], [ 138.2481162, 36.6565924 ], [ 138.248843, 36.6567856 ], [ 138.2503386, 36.6572267 ], [ 138.2509038, 36.6574083 ], [ 138.2516691, 36.6576833 ], [ 138.2521383, 36.6578822 ], [ 138.25268, 36.6581483 ], [ 138.2530417, 36.6583325 ], [ 138.2537461, 36.658715 ], [ 138.2541419, 36.6589454 ], [ 138.2550155, 36.6594332 ], [ 138.2558191, 36.6598794 ], [ 138.2564575, 36.6602269 ], [ 138.257246, 36.6605649 ], [ 138.2583915, 36.6610281 ], [ 138.2589819, 36.6612511 ], [ 138.2598604, 36.6615927 ], [ 138.2604414, 36.6618272 ], [ 138.2604815, 36.6618411 ], [ 138.261061, 36.6623327 ], [ 138.2613867, 36.6626139 ], [ 138.2615964, 36.6628447 ], [ 138.2617778, 36.6630589 ], [ 138.2619873, 36.6633743 ], [ 138.2621267, 36.6636331 ], [ 138.2624103, 36.6642608 ], [ 138.2627897, 36.6651422 ], [ 138.2631259, 36.6658998 ], [ 138.2634666, 36.6666677 ], [ 138.2637039, 36.66718 ], [ 138.2639414, 36.667715 ], [ 138.2643392, 36.6686272 ], [ 138.2647179, 36.6694521 ], [ 138.2649163, 36.6700129 ], [ 138.2651553, 36.6705469 ], [ 138.2656306, 36.6716 ], [ 138.2661997, 36.672865 ], [ 138.2667064, 36.6739986 ], [ 138.267161, 36.6750006 ], [ 138.2673357, 36.6754792 ], [ 138.2673949, 36.6756854 ], [ 138.2674418, 36.6758695 ], [ 138.267489, 36.6760646 ], [ 138.2675309, 36.676335 ], [ 138.267559, 36.6767011 ], [ 138.2675712, 36.6771891 ], [ 138.267629, 36.6782208 ], [ 138.2677196, 36.6800566 ], [ 138.2677546, 36.6807205 ], [ 138.2678104, 36.6817397 ], [ 138.267892, 36.6832247 ], [ 138.2679918, 36.6851236 ], [ 138.2680824, 36.6868353 ], [ 138.2681332, 36.6878496 ], [ 138.2681944, 36.6889689 ], [ 138.2682547, 36.6900266 ], [ 138.2684108, 36.6909902 ], [ 138.2685397, 36.6916658 ], [ 138.2686622, 36.6922739 ], [ 138.2688929, 36.69322 ], [ 138.2690325, 36.6937152 ], [ 138.269354, 36.6946221 ], [ 138.2696336, 36.6952975 ], [ 138.2699525, 36.695926 ], [ 138.27057, 36.6971047 ], [ 138.2711149, 36.698016 ], [ 138.2717444, 36.6989458 ], [ 138.2721987, 36.699548 ], [ 138.2725662, 36.6999991 ], [ 138.2728764, 36.7003715 ], [ 138.2733101, 36.70086 ], [ 138.2736873, 36.7012708 ], [ 138.2742323, 36.7018058 ], [ 138.2746448, 36.7021716 ], [ 138.2750051, 36.7024591 ], [ 138.2754519, 36.7028126 ], [ 138.276497, 36.7036075 ], [ 138.2774473, 36.704283 ], [ 138.2787895, 36.705133 ], [ 138.2791459, 36.7053638 ], [ 138.2797887, 36.7057638 ], [ 138.2810959, 36.7065913 ], [ 138.2815362, 36.7068727 ], [ 138.2826503, 36.7075749 ], [ 138.2832555, 36.7079539 ], [ 138.2838307, 36.7083213 ], [ 138.2843668, 36.7086688 ], [ 138.2850326, 36.7090888 ], [ 138.2854712, 36.7093654 ], [ 138.285596, 36.7094448 ], [ 138.2857158, 36.7095211 ], [ 138.28694, 36.7103071 ], [ 138.287666, 36.7107633 ], [ 138.2884624, 36.7112644 ], [ 138.2892174, 36.711743 ], [ 138.2897277, 36.7120638 ], [ 138.2904477, 36.7125158 ], [ 138.2910484, 36.7128912 ], [ 138.292118, 36.7135838 ], [ 138.2927049, 36.7139555 ], [ 138.293523, 36.7144736 ], [ 138.2941866, 36.7148902 ], [ 138.2948174, 36.7152952 ], [ 138.2957994, 36.7159252 ], [ 138.2961991, 36.7161627 ], [ 138.2968669, 36.7165953 ], [ 138.2974787, 36.7169903 ], [ 138.2981147, 36.7173955 ], [ 138.2984502, 36.7176094 ], [ 138.2988214, 36.7178342 ], [ 138.2993644, 36.7181766 ], [ 138.2995609, 36.7182904 ], [ 138.3000053, 36.7185673 ], [ 138.3003091, 36.7187694 ], [ 138.3006447, 36.7189663 ], [ 138.3007986, 36.7190735 ], [ 138.3012947, 36.7194616 ], [ 138.3022103, 36.7202049 ], [ 138.3025247, 36.7204863 ], [ 138.3027415, 36.7207287 ], [ 138.3028675, 36.7208863 ], [ 138.3029355, 36.7209778 ], [ 138.302976, 36.7210588 ], [ 138.3029022, 36.7212805 ], [ 138.3028394, 36.7214155 ], [ 138.3027067, 36.7216294 ], [ 138.3024969, 36.7219335 ], [ 138.3021403, 36.722378 ], [ 138.3018328, 36.7227327 ], [ 138.3016143, 36.7229313 ], [ 138.3011975, 36.7232824 ], [ 138.3007483, 36.7236581 ], [ 138.3000636, 36.7242466 ], [ 138.2995805, 36.7246421 ], [ 138.2991516, 36.7249991 ], [ 138.2987086, 36.7253677 ], [ 138.2982614, 36.7257391 ], [ 138.298112, 36.7258508 ], [ 138.2979989, 36.7259299 ], [ 138.2977914, 36.7260529 ], [ 138.2975347, 36.7261894 ], [ 138.2973239, 36.7262685 ], [ 138.2971361, 36.7263302 ], [ 138.2967867, 36.7264146 ], [ 138.2965335, 36.7264695 ], [ 138.2960878, 36.7265496 ], [ 138.295543, 36.7266732 ], [ 138.2953017, 36.7267241 ], [ 138.2949695, 36.726786 ], [ 138.2946505, 36.7268638 ], [ 138.294359, 36.7269423 ], [ 138.2942215, 36.7270022 ], [ 138.2940634, 36.7270925 ], [ 138.2937814, 36.727321 ], [ 138.2935017, 36.727546 ], [ 138.2926142, 36.7282721 ], [ 138.2919802, 36.7287832 ], [ 138.2915062, 36.7291685 ], [ 138.2912723, 36.7293533 ], [ 138.2907411, 36.7297022 ], [ 138.2902203, 36.7299736 ], [ 138.2890271, 36.7305449 ], [ 138.2884695, 36.7308113 ], [ 138.2877419, 36.7311803 ], [ 138.287173, 36.7314625 ], [ 138.2867296, 36.7316782 ], [ 138.2862533, 36.7318485 ], [ 138.2862161, 36.7318594 ], [ 138.2858255, 36.7319741 ], [ 138.2856015, 36.7320133 ], [ 138.2852895, 36.7320483 ], [ 138.2850728, 36.7320666 ], [ 138.2846117, 36.7320946 ], [ 138.2834399, 36.7321588 ], [ 138.2826544, 36.7322127 ], [ 138.2815053, 36.7322569 ], [ 138.2808376, 36.7322861 ], [ 138.2805022, 36.7322988 ], [ 138.2801167, 36.7323205 ], [ 138.279775, 36.7323311 ], [ 138.2793102, 36.7323597 ], [ 138.2788456, 36.7323874 ], [ 138.2785273, 36.7324113 ], [ 138.2780484, 36.7324469 ], [ 138.2775587, 36.7324877 ], [ 138.2772939, 36.732503 ], [ 138.2770494, 36.7325286 ], [ 138.2768865, 36.7325438 ], [ 138.2767184, 36.7325741 ], [ 138.2764841, 36.7326252 ], [ 138.2761555, 36.7327158 ], [ 138.2753893, 36.7329547 ], [ 138.2747428, 36.7331697 ], [ 138.2742298, 36.7333324 ], [ 138.2731634, 36.7336708 ], [ 138.2726606, 36.733877 ], [ 138.2724248, 36.7339858 ], [ 138.272157, 36.7341383 ], [ 138.272052, 36.7342111 ], [ 138.2719123, 36.7343238 ], [ 138.2717034, 36.7345174 ], [ 138.2715767, 36.7346336 ], [ 138.2713389, 36.734853 ], [ 138.2709198, 36.7352022 ], [ 138.2708267, 36.7352738 ], [ 138.270745, 36.7353261 ], [ 138.2706157, 36.7353957 ], [ 138.2704934, 36.7354499 ], [ 138.2704303, 36.7354741 ], [ 138.2703464, 36.7354949 ], [ 138.2702453, 36.7355155 ], [ 138.27013, 36.7355288 ], [ 138.2698365, 36.7355513 ], [ 138.2694175, 36.7355619 ], [ 138.269134, 36.735583 ], [ 138.2689201, 36.7356008 ], [ 138.2687761, 36.7356158 ], [ 138.2686751, 36.7356356 ], [ 138.2686123, 36.7356565 ], [ 138.2684664, 36.7357311 ], [ 138.268152, 36.7359619 ], [ 138.2672715, 36.7366883 ], [ 138.2671178, 36.7367785 ], [ 138.2670198, 36.7368122 ], [ 138.2668731, 36.7368291 ], [ 138.2667415, 36.7368376 ], [ 138.2664398, 36.7368572 ], [ 138.266167, 36.7368686 ], [ 138.2659681, 36.7368902 ], [ 138.2657684, 36.7369105 ], [ 138.2656134, 36.7369155 ], [ 138.2654314, 36.7369286 ], [ 138.2651923, 36.7369686 ], [ 138.2649709, 36.737028 ], [ 138.2648501, 36.7370672 ], [ 138.264756, 36.7371084 ], [ 138.2646867, 36.7371493 ], [ 138.2646206, 36.7372028 ], [ 138.2645476, 36.737303 ], [ 138.2645106, 36.7373805 ], [ 138.2644267, 36.7376058 ], [ 138.2643539, 36.7378822 ], [ 138.2643078, 36.7381802 ], [ 138.2642606, 36.7384191 ], [ 138.2642262, 36.7386099 ], [ 138.2641939, 36.7387616 ], [ 138.2641617, 36.738868 ], [ 138.2640673, 36.7391277 ], [ 138.2640145, 36.7392402 ], [ 138.2639187, 36.7393816 ], [ 138.2638495, 36.7394577 ], [ 138.2637473, 36.7395691 ], [ 138.2636226, 36.7396986 ], [ 138.2633936, 36.7398933 ], [ 138.263252, 36.7400469 ], [ 138.2631478, 36.7401899 ], [ 138.2631009, 36.7402733 ], [ 138.2630573, 36.7403605 ], [ 138.2630137, 36.740478 ], [ 138.2629731, 36.7406124 ], [ 138.2629101, 36.7409219 ], [ 138.2628104, 36.7416658 ], [ 138.2627773, 36.7419127 ], [ 138.2627215, 36.7425433 ], [ 138.2627004, 36.7428474 ], [ 138.262677, 36.7430687 ], [ 138.2626307, 36.7434499 ], [ 138.2625975, 36.7436164 ], [ 138.2625537, 36.743838 ], [ 138.2624987, 36.7439916 ], [ 138.2624424, 36.7441203 ], [ 138.2623993, 36.7441973 ], [ 138.2622945, 36.7443433 ], [ 138.2621547, 36.7445007 ], [ 138.2620107, 36.7446402 ], [ 138.2618551, 36.7447558 ], [ 138.2611973, 36.7451821 ], [ 138.2609661, 36.745325 ], [ 138.2608482, 36.7454146 ], [ 138.2604918, 36.7457691 ], [ 138.2603135, 36.7459915 ], [ 138.260118, 36.7462312 ], [ 138.2600023, 36.746321 ], [ 138.2597786, 36.7464505 ], [ 138.2591787, 36.7467569 ], [ 138.2589762, 36.7468471 ], [ 138.2586815, 36.7469796 ], [ 138.2584427, 36.7470613 ], [ 138.2582318, 36.7471221 ], [ 138.2580522, 36.747166 ], [ 138.2577171, 36.7472385 ], [ 138.2571926, 36.7473399 ], [ 138.2569016, 36.7474013 ], [ 138.2566374, 36.747446 ], [ 138.256429, 36.7474869 ], [ 138.2563079, 36.7475188 ], [ 138.2561349, 36.7475742 ], [ 138.2559807, 36.7476274 ], [ 138.2559093, 36.7476702 ], [ 138.255799, 36.747768 ], [ 138.2557462, 36.747841 ], [ 138.2556851, 36.7479616 ], [ 138.2556412, 36.7480607 ], [ 138.2555785, 36.7482351 ], [ 138.2555476, 36.7483863 ], [ 138.2555365, 36.7485052 ], [ 138.2555435, 36.7491019 ], [ 138.2555485, 36.7495971 ], [ 138.2555501, 36.7499296 ], [ 138.2555501, 36.7500108 ], [ 138.2555329, 36.7500831 ], [ 138.2555023, 36.7501741 ], [ 138.2554468, 36.7502832 ], [ 138.2553204, 36.7503691 ], [ 138.2551993, 36.7504369 ], [ 138.2551001, 36.7504827 ], [ 138.2548793, 36.7505544 ], [ 138.2545183, 36.7506496 ], [ 138.2541829, 36.750741 ], [ 138.2539373, 36.750826 ], [ 138.2536776, 36.7509416 ], [ 138.2534079, 36.7510821 ], [ 138.2532168, 36.7512038 ], [ 138.2531496, 36.7512677 ], [ 138.2530276, 36.7514599 ], [ 138.2529054, 36.7516369 ], [ 138.2526857, 36.7520002 ], [ 138.2522371, 36.7527333 ], [ 138.2520904, 36.7529416 ], [ 138.2519904, 36.7530766 ], [ 138.2518122, 36.7532645 ], [ 138.2516518, 36.7534163 ], [ 138.2514699, 36.7535377 ], [ 138.2512571, 36.753646 ], [ 138.2509663, 36.7537455 ], [ 138.2507799, 36.7538019 ], [ 138.2505941, 36.7538383 ], [ 138.2503943, 36.7538599 ], [ 138.2499432, 36.7538946 ], [ 138.24947, 36.7539077 ], [ 138.2491187, 36.7539205 ], [ 138.2486935, 36.7539421 ], [ 138.2482379, 36.7539552 ], [ 138.247804, 36.7539944 ], [ 138.2474396, 36.7540246 ], [ 138.2468765, 36.7540271 ], [ 138.2458852, 36.7540133 ], [ 138.2457118, 36.7540081 ], [ 138.2452201, 36.7539867 ], [ 138.2451068, 36.7539818 ], [ 138.2444341, 36.753953 ], [ 138.2437115, 36.7538791 ], [ 138.2433761, 36.7538198 ], [ 138.2429431, 36.753741 ], [ 138.2423104, 36.7536217 ], [ 138.2415206, 36.7534788 ], [ 138.241056, 36.7535244 ], [ 138.2408589, 36.7535738 ], [ 138.2397511, 36.7539044 ], [ 138.2388866, 36.7541403 ], [ 138.2377723, 36.7544742 ], [ 138.2366105, 36.75484 ], [ 138.2365512, 36.7552848 ], [ 138.236189, 36.7556633 ], [ 138.2354029, 36.7562713 ], [ 138.2345999, 36.7568571 ], [ 138.2342405, 36.7570638 ], [ 138.2338463, 36.7572216 ], [ 138.2334618, 36.7573052 ], [ 138.2331713, 36.7573149 ], [ 138.2329149, 36.7572805 ], [ 138.2326588, 36.7572019 ], [ 138.2322751, 36.7570232 ], [ 138.232049, 36.7569035 ], [ 138.2316518, 36.7566441 ], [ 138.2311443, 36.7563291 ], [ 138.2308782, 36.7561469 ], [ 138.2306663, 36.7560285 ], [ 138.2304587, 36.7559635 ], [ 138.2301595, 36.7559385 ], [ 138.2298811, 36.7559229 ], [ 138.2292021, 36.7558905 ], [ 138.228985, 36.7558827 ], [ 138.228276, 36.7558594 ], [ 138.2273465, 36.7558266 ], [ 138.2265283, 36.7558119 ], [ 138.2261717, 36.7558549 ], [ 138.2257493, 36.7559052 ], [ 138.2254008, 36.755984 ], [ 138.2251947, 36.7560494 ], [ 138.2248979, 36.7562202 ], [ 138.2246762, 36.756368 ], [ 138.2243384, 36.75665 ], [ 138.2238638, 36.7569911 ], [ 138.2234218, 36.7572752 ], [ 138.2232445, 36.7573294 ], [ 138.2229735, 36.7573982 ], [ 138.2228695, 36.7574014 ], [ 138.2226779, 36.7573688 ], [ 138.222461, 36.7572605 ], [ 138.2218649, 36.7569601 ], [ 138.2214365, 36.7567582 ], [ 138.2211851, 36.7566449 ], [ 138.2210424, 36.7566155 ], [ 138.2208057, 36.7566155 ], [ 138.2204215, 36.7565613 ], [ 138.220249, 36.7565169 ], [ 138.2201604, 36.7564479 ], [ 138.2197937, 36.7559816 ], [ 138.2191585, 36.7552135 ], [ 138.2189712, 36.7550363 ], [ 138.2180336, 36.7543017 ], [ 138.2173921, 36.7537935 ], [ 138.2170126, 36.753503 ], [ 138.2168157, 36.7534046 ], [ 138.2165987, 36.7533455 ], [ 138.2163721, 36.7532963 ], [ 138.2160668, 36.7532518 ], [ 138.2157512, 36.7532174 ], [ 138.2155815, 36.7531589 ], [ 138.2154421, 36.7531019 ], [ 138.2145773, 36.7525613 ], [ 138.2140857, 36.752303 ], [ 138.2138378, 36.7521584 ], [ 138.2135857, 36.7520113 ], [ 138.213469, 36.7519335 ], [ 138.2132906, 36.7517238 ], [ 138.213109, 36.751341 ], [ 138.2130182, 36.7511721 ], [ 138.2128992, 36.7510031 ], [ 138.2127107, 36.7507838 ], [ 138.2125098, 36.7506145 ], [ 138.2124101, 36.7505305 ], [ 138.2121445, 36.750373 ], [ 138.2119839, 36.750301 ], [ 138.2119054, 36.7502894 ], [ 138.2117532, 36.7502885 ], [ 138.2115296, 36.7502941 ], [ 138.2113651, 36.7503173 ], [ 138.2112782, 36.7503502 ], [ 138.2106351, 36.7506091 ], [ 138.2100279, 36.7508391 ], [ 138.2095868, 36.7510146 ], [ 138.2091676, 36.7511835 ], [ 138.2090557, 36.7512566 ], [ 138.2089368, 36.7513693 ], [ 138.2088109, 36.7515268 ], [ 138.2083387, 36.7522929 ], [ 138.2080698, 36.752726 ], [ 138.2078735, 36.7530502 ], [ 138.2078276, 36.7532155 ], [ 138.207636, 36.7541512 ], [ 138.2074912, 36.755016 ], [ 138.207316, 36.7559866 ], [ 138.2072968, 36.7563099 ], [ 138.207329, 36.7565104 ], [ 138.2074196, 36.7567435 ], [ 138.2076788, 36.7571319 ], [ 138.2079571, 36.7575524 ], [ 138.2081977, 36.7579118 ], [ 138.2084498, 36.7583324 ], [ 138.2086856, 36.7587257 ], [ 138.2088781, 36.7590583 ], [ 138.2091222, 36.7594368 ], [ 138.2095069, 36.7600078 ], [ 138.2097123, 36.760319 ], [ 138.2098601, 36.7604965 ], [ 138.2101735, 36.7608135 ], [ 138.2104582, 36.7610399 ], [ 138.2107752, 36.7612791 ], [ 138.2109113, 36.761428 ], [ 138.2110085, 36.7615963 ], [ 138.2110538, 36.761758 ], [ 138.2110538, 36.7623599 ], [ 138.2110344, 36.7627221 ], [ 138.2109585, 36.7629037 ], [ 138.2108846, 36.7630574 ], [ 138.2104998, 36.7636756 ], [ 138.2102245, 36.7641206 ], [ 138.2098358, 36.7647782 ], [ 138.2097838, 36.7649207 ], [ 138.2097841, 36.7651499 ], [ 138.2099072, 36.7656543 ], [ 138.2100883, 36.7661527 ], [ 138.2102798, 36.7666657 ], [ 138.2103927, 36.7669159 ], [ 138.2104941, 36.7670782 ], [ 138.2105932, 36.7671943 ], [ 138.2107569, 36.7673335 ], [ 138.2111644, 36.7676507 ], [ 138.2114947, 36.7679935 ], [ 138.2117472, 36.7682652 ], [ 138.2119091, 36.768511 ], [ 138.2120399, 36.7687929 ], [ 138.2121938, 36.7691774 ], [ 138.2122974, 36.7695463 ], [ 138.2123947, 36.7699279 ], [ 138.2124209, 36.7706595 ], [ 138.2124725, 36.7718752 ], [ 138.2125761, 36.7738938 ], [ 138.2126275, 36.7749991 ], [ 138.212648, 36.7754385 ], [ 138.2126803, 36.7763896 ], [ 138.2126866, 36.776849 ], [ 138.212745, 36.7770627 ], [ 138.212855, 36.777341 ], [ 138.2130428, 36.7777227 ], [ 138.2133908, 36.7783655 ], [ 138.2136123, 36.7786788 ], [ 138.2140086, 36.7792168 ], [ 138.2141384, 36.7793916 ], [ 138.2142159, 36.7795338 ], [ 138.2143195, 36.7797604 ], [ 138.2143778, 36.78 ], [ 138.2145267, 36.7803685 ], [ 138.2146628, 36.7805563 ], [ 138.2148634, 36.7807566 ], [ 138.2150186, 36.7809313 ], [ 138.2151969, 36.7812833 ], [ 138.2154781, 36.7816107 ], [ 138.2156142, 36.7818177 ], [ 138.2157889, 36.7822643 ], [ 138.2162076, 36.7833324 ], [ 138.2166631, 36.7844878 ], [ 138.2168978, 36.7850466 ], [ 138.2170209, 36.7853055 ], [ 138.2171114, 36.7854412 ], [ 138.2173502, 36.7857394 ], [ 138.2175598, 36.7860259 ], [ 138.2176815, 36.7862499 ], [ 138.2177978, 36.7865477 ], [ 138.2179014, 36.786917 ], [ 138.2179301, 36.7870874 ], [ 138.2179215, 36.7872429 ], [ 138.2178698, 36.7875018 ], [ 138.2176626, 36.7881099 ], [ 138.2174439, 36.7886916 ], [ 138.217404, 36.7888902 ], [ 138.217404, 36.7890518 ], [ 138.2174495, 36.7891943 ], [ 138.2175779, 36.7896707 ], [ 138.2177272, 36.7900418 ], [ 138.2179295, 36.7904364 ], [ 138.2181437, 36.7907299 ], [ 138.2182972, 36.7909847 ], [ 138.2185256, 36.79122 ], [ 138.2195789, 36.7920829 ], [ 138.2198708, 36.7927524 ], [ 138.2197154, 36.7931249 ], [ 138.2197154, 36.7933513 ], [ 138.2196668, 36.7935366 ], [ 138.2195923, 36.793676 ], [ 138.2193982, 36.7939027 ], [ 138.2189762, 36.7942801 ], [ 138.2179662, 36.7951796 ], [ 138.217246, 36.7958032 ], [ 138.2163074, 36.796644 ], [ 138.2158151, 36.7970777 ], [ 138.2149244, 36.7978925 ], [ 138.2143906, 36.798235 ], [ 138.2133847, 36.7984133 ], [ 138.2125257, 36.7986029 ], [ 138.2118485, 36.7987582 ], [ 138.2115571, 36.7988813 ], [ 138.2113046, 36.7990299 ], [ 138.210994, 36.7992629 ], [ 138.2106835, 36.7995218 ], [ 138.2102885, 36.7997871 ], [ 138.2098482, 36.8001299 ], [ 138.2094076, 36.8004282 ], [ 138.2090063, 36.8006935 ], [ 138.2087796, 36.8008549 ], [ 138.2085555, 36.8010977 ], [ 138.2084414, 36.801229 ], [ 138.2083558, 36.8014003 ], [ 138.2082449, 36.801646 ], [ 138.2081696, 36.8018802 ], [ 138.2080788, 36.8023463 ], [ 138.2080005, 36.8028529 ], [ 138.2079229, 36.8032477 ], [ 138.2077307, 36.8036309 ], [ 138.2070877, 36.8040432 ], [ 138.2064119, 36.8044551 ], [ 138.2061095, 36.8046592 ], [ 138.2055268, 36.8050088 ], [ 138.2052613, 36.8052288 ], [ 138.2050929, 36.8054291 ], [ 138.2048556, 36.8059039 ], [ 138.2045144, 36.8066551 ], [ 138.2042697, 36.807176 ], [ 138.2040999, 36.8075418 ], [ 138.2036427, 36.8080617 ], [ 138.2034162, 36.8083324 ], [ 138.2026805, 36.8091694 ], [ 138.2019488, 36.810004 ], [ 138.2016899, 36.8102365 ], [ 138.2011524, 36.8106765 ], [ 138.200396, 36.8113184 ], [ 138.19996, 36.8117099 ], [ 138.1993516, 36.8122468 ], [ 138.1991314, 36.8124474 ], [ 138.1983529, 36.8134924 ], [ 138.1973546, 36.8148085 ], [ 138.196746, 36.8156483 ], [ 138.1961964, 36.8164251 ], [ 138.1958718, 36.8168998 ], [ 138.1955803, 36.8173596 ], [ 138.1954183, 36.8177219 ], [ 138.1953147, 36.8181618 ], [ 138.1952631, 36.8185501 ], [ 138.1952631, 36.8190602 ], [ 138.1952988, 36.8201494 ], [ 138.1952486, 36.8202696 ], [ 138.19503, 36.8206054 ], [ 138.1947253, 36.8211268 ], [ 138.1944375, 36.8215629 ], [ 138.1942648, 36.8218025 ], [ 138.1940056, 36.8221457 ], [ 138.1938439, 36.8224046 ], [ 138.1935637, 36.8225583 ], [ 138.193706, 36.8228688 ], [ 138.1944125, 36.8243501 ], [ 138.1947037, 36.8249162 ], [ 138.1948093, 36.8250798 ], [ 138.1949639, 36.8253192 ], [ 138.1952453, 36.8256462 ], [ 138.1955162, 36.825889 ], [ 138.1958123, 36.826144 ], [ 138.1962359, 36.8264398 ], [ 138.1965575, 36.8266542 ], [ 138.197012, 36.8269143 ], [ 138.1979344, 36.8274848 ], [ 138.1983512, 36.8277385 ], [ 138.1987422, 36.8279979 ], [ 138.1992751, 36.8283354 ], [ 138.1999031, 36.8287893 ], [ 138.2003931, 36.8291615 ], [ 138.2009478, 36.8296396 ], [ 138.2013036, 36.8299676 ], [ 138.20161, 36.8301949 ], [ 138.2021983, 36.8308743 ], [ 138.2027307, 36.8315896 ], [ 138.2035599, 36.8325573 ], [ 138.2037089, 36.8327661 ], [ 138.2042067, 36.833405 ], [ 138.2047807, 36.8342931 ], [ 138.2049824, 36.8346714 ], [ 138.2050993, 36.8349482 ], [ 138.2051685, 36.8351094 ], [ 138.2052681, 36.8353967 ], [ 138.2053287, 36.8356455 ], [ 138.2053763, 36.8358627 ], [ 138.2054239, 36.8362517 ], [ 138.2054239, 36.8366721 ], [ 138.2054284, 36.8369766 ], [ 138.2053871, 36.8373041 ], [ 138.2053222, 36.8375797 ], [ 138.2052709, 36.8378185 ], [ 138.2051676, 36.8381591 ], [ 138.2051217, 36.8383215 ], [ 138.2049969, 36.8385038 ], [ 138.2048504, 36.8387178 ], [ 138.2045941, 36.8390922 ], [ 138.2042565, 36.8395652 ], [ 138.2038626, 36.8400006 ], [ 138.2035485, 36.840349 ], [ 138.2030892, 36.8408571 ], [ 138.2026051, 36.8413421 ], [ 138.2022445, 36.8417284 ], [ 138.2018903, 36.84208 ], [ 138.2017646, 36.8422093 ], [ 138.2015684, 36.8424682 ], [ 138.2013934, 36.8428507 ], [ 138.2012604, 36.8431209 ], [ 138.2011484, 36.8434225 ], [ 138.2009876, 36.8437571 ], [ 138.2008543, 36.8439149 ], [ 138.2006373, 36.8441571 ], [ 138.2003432, 36.844461 ], [ 138.200006, 36.8447023 ], [ 138.1997195, 36.8449082 ], [ 138.1995259, 36.8450609 ], [ 138.1994279, 36.8451691 ], [ 138.1991174, 36.8457332 ], [ 138.1987813, 36.8463018 ], [ 138.1985221, 36.846724 ], [ 138.1982907, 36.8470785 ], [ 138.1981368, 36.8472812 ], [ 138.1979549, 36.8474726 ], [ 138.1973315, 36.8480187 ], [ 138.1961225, 36.8490398 ], [ 138.1954071, 36.8496046 ], [ 138.1952415, 36.8497301 ], [ 138.1950713, 36.8498592 ], [ 138.1948518, 36.8500256 ], [ 138.1946268, 36.8502011 ], [ 138.1941588, 36.850569 ], [ 138.1939488, 36.850766 ], [ 138.1937034, 36.8510249 ], [ 138.1934585, 36.8513288 ], [ 138.1931013, 36.8518862 ], [ 138.1928624, 36.8523095 ], [ 138.1927008, 36.8526689 ], [ 138.1926247, 36.8529086 ], [ 138.1924678, 36.8535172 ], [ 138.1924261, 36.853935 ] ] } },
{ "type": "Feature", "properties": { "N12_001": "20", "N12_002": 2, "N12_003": 3, "N12_004": "一般国道403号", "N12_005": 16, "N12_006": 2 }, "geometry": { "type": "LineString", "coordinates": [ [ 138.399396, 36.7577859 ], [ 138.399202, 36.7577653 ], [ 138.3982922, 36.7579299 ], [ 138.3970543, 36.7584828 ], [ 138.3965124, 36.7587182 ], [ 138.3959677, 36.7588759 ], [ 138.3935462, 36.7591204 ], [ 138.3931383, 36.7591409 ], [ 138.3906513, 36.7585902 ], [ 138.3892794, 36.7583137 ], [ 138.3887232, 36.7582246 ], [ 138.3881585, 36.7581835 ], [ 138.3878447, 36.7581812 ], [ 138.3852137, 36.7583295 ], [ 138.3829439, 36.7583955 ] ] } },
{ "type": "Feature", "properties": { "N12_001": "20", "N12_002": 2, "N12_003": 3, "N12_004": "一般国道403号", "N12_005": 16, "N12_006": 3 }, "geometry": { "type": "LineString", "coordinates": [ [ 138.3076195, 36.6564086 ], [ 138.3076003, 36.6562375 ], [ 138.3075857, 36.6560658 ], [ 138.307566, 36.6555339 ], [ 138.3075229, 36.6548954 ], [ 138.3074305, 36.6544736 ], [ 138.3074139, 36.6542289 ], [ 138.3072981, 36.6540038 ], [ 138.3072274, 36.6537945 ], [ 138.3070885, 36.6534664 ], [ 138.3068642, 36.6530108 ], [ 138.3066793, 36.6526569 ], [ 138.3063721, 36.6522797 ], [ 138.3056043, 36.6513339 ], [ 138.3053253, 36.6509852 ], [ 138.3049671, 36.650533 ] ] } },
{ "type": "Feature", "properties": { "N12_001": "20", "N12_002": 2, "N12_003": 3, "N12_004": "一般国道403号", "N12_005": 16, "N12_006": 4 }, "geometry": { "type": "LineString", "coordinates": [ [ 138.2756358, 36.6366953 ], [ 138.2755861, 36.6367055 ], [ 138.2754508, 36.6367333 ], [ 138.2753505, 36.6367575 ], [ 138.2750428, 36.6368222 ], [ 138.2739047, 36.6370617 ], [ 138.2734574, 36.6371495 ], [ 138.2733203, 36.6371813 ], [ 138.2727769, 36.6356429 ], [ 138.2723324, 36.6347694 ], [ 138.2722332, 36.6346371 ], [ 138.2717178, 36.6335903 ], [ 138.2716265, 36.6333981 ], [ 138.271501, 36.6332272 ], [ 138.2713869, 36.6331051 ], [ 138.2712163, 36.6329735 ], [ 138.2710238, 36.6328514 ], [ 138.2708363, 36.6327737 ], [ 138.2706302, 36.6326962 ], [ 138.2705019, 36.6326586 ], [ 138.2703625, 36.6326417 ], [ 138.2701458, 36.6326022 ], [ 138.2699307, 36.6325713 ], [ 138.2698197, 36.6325582 ], [ 138.269329, 36.6324838 ], [ 138.2685532, 36.6323647 ], [ 138.2681311, 36.6322778 ], [ 138.2662221, 36.6318084 ], [ 138.2659039, 36.6317253 ], [ 138.2652019, 36.6315454 ], [ 138.2648596, 36.6313348 ], [ 138.2640211, 36.6308358 ], [ 138.2635847, 36.6305634 ], [ 138.2631997, 36.6300828 ], [ 138.2630083, 36.6298882 ], [ 138.2614085, 36.6291764 ], [ 138.2611782, 36.6290528 ], [ 138.26018, 36.6279579 ], [ 138.2599756, 36.6276871 ], [ 138.2598615, 36.6274048 ], [ 138.2594384, 36.6265235 ], [ 138.2592245, 36.6262336 ], [ 138.2589054, 36.6260659 ], [ 138.2585827, 36.6258864 ], [ 138.2579933, 36.6255469 ], [ 138.2578459, 36.6253523 ], [ 138.2576606, 36.6249746 ], [ 138.2571091, 36.6237195 ], [ 138.2564817, 36.6222316 ], [ 138.2559588, 36.6211748 ], [ 138.2557591, 36.6208924 ], [ 138.2553028, 36.6204537 ], [ 138.2548464, 36.6200569 ], [ 138.2543187, 36.6197939 ], [ 138.2540465, 36.6196417 ], [ 138.2539487, 36.6195967 ], [ 138.2534809, 36.61927 ], [ 138.2531151, 36.6189726 ], [ 138.2529406, 36.6188228 ], [ 138.2527132, 36.6186225 ], [ 138.2525037, 36.61842 ], [ 138.2521476, 36.6180484 ], [ 138.2513489, 36.6171498 ], [ 138.251247, 36.617035 ], [ 138.251212, 36.6169786 ], [ 138.2511354, 36.6167703 ], [ 138.2511069, 36.6166659 ], [ 138.2510095, 36.6163087 ], [ 138.2508698, 36.6158075 ], [ 138.2506745, 36.6150984 ], [ 138.2505349, 36.6147159 ], [ 138.250472, 36.6145637 ], [ 138.2502485, 36.6141638 ], [ 138.2502098, 36.6139736 ], [ 138.2502288, 36.6137294 ], [ 138.2503315, 36.6133203 ], [ 138.2504151, 36.6129113 ], [ 138.250263, 36.6121115 ], [ 138.2500729, 36.6115682 ], [ 138.2498069, 36.6112179 ], [ 138.2493201, 36.6109095 ], [ 138.2483489, 36.6101938 ], [ 138.2478609, 36.6097556 ], [ 138.2476779, 36.6096101 ], [ 138.2474536, 36.6094373 ], [ 138.2472684, 36.60933 ], [ 138.2471453, 36.6092717 ], [ 138.2470178, 36.6092164 ], [ 138.2468764, 36.6091845 ], [ 138.2464374, 36.6091009 ], [ 138.2461926, 36.6090559 ], [ 138.2458662, 36.6090225 ], [ 138.24576, 36.6090116 ], [ 138.2456409, 36.6089995 ], [ 138.2455293, 36.6089881 ], [ 138.2448244, 36.6088925 ], [ 138.2445488, 36.6088624 ], [ 138.2443636, 36.6088362 ], [ 138.2440076, 36.6087967 ], [ 138.2432019, 36.6086876 ], [ 138.2427789, 36.6086392 ], [ 138.2421438, 36.6085262 ], [ 138.2418615, 36.6084808 ], [ 138.2414949, 36.6083862 ], [ 138.2413478, 36.6083517 ], [ 138.2412872, 36.6083325 ], [ 138.2407964, 36.6081773 ], [ 138.240587, 36.6080983 ], [ 138.2402101, 36.60798 ], [ 138.239896, 36.6078956 ], [ 138.2394909, 36.6077662 ], [ 138.2393584, 36.6077326 ], [ 138.239012, 36.6076149 ], [ 138.2377735, 36.6072145 ], [ 138.2374528, 36.607122 ], [ 138.2372292, 36.6070567 ], [ 138.2369541, 36.6069668 ], [ 138.2366914, 36.6068823 ], [ 138.2365173, 36.6067978 ], [ 138.2361753, 36.6065781 ], [ 138.2360704, 36.6064937 ], [ 138.2359798, 36.6064375 ], [ 138.235805, 36.6063417 ], [ 138.2355258, 36.6062067 ], [ 138.2353369, 36.6061388 ], [ 138.2351698, 36.606077 ], [ 138.2348625, 36.6059984 ], [ 138.2346881, 36.6059645 ], [ 138.2344787, 36.605946 ], [ 138.2342414, 36.6059195 ], [ 138.2340461, 36.6059195 ], [ 138.2336887, 36.6059034 ], [ 138.2335828, 36.6059022 ], [ 138.2333379, 36.6058985 ], [ 138.2318637, 36.6058761 ] ] } },
{ "type": "Feature", "properties": { "N12_001": "20", "N12_002": 2, "N12_003": 3, "N12_004": "一般国道403号", "N12_005": 16, "N12_006": 5 }, "geometry": { "type": "LineString", "coordinates": [ [ 137.9317862, 36.3657566 ], [ 137.9323369, 36.3657611 ], [ 137.9328611, 36.3657839 ], [ 137.9331512, 36.3657891 ], [ 137.9334295, 36.3658175 ], [ 137.93368, 36.365868 ], [ 137.9342572, 36.3660705 ], [ 137.9343547, 36.3660872 ], [ 137.93448, 36.3660816 ], [ 137.9346205, 36.3660574 ], [ 137.9350575, 36.366003 ], [ 137.9353778, 36.366003 ], [ 137.9363162, 36.3661157 ], [ 137.9368602, 36.3661833 ], [ 137.9373397, 36.3662397 ], [ 137.9374372, 36.3662622 ], [ 137.9381053, 36.3665155 ], [ 137.938293, 36.3666277 ], [ 137.9383365, 36.3666661 ], [ 137.9386551, 36.3670112 ], [ 137.9387928, 36.3671344 ], [ 137.9388845, 36.3672133 ], [ 137.9391836, 36.3672922 ], [ 137.9396775, 36.3673708 ], [ 137.9400047, 36.3674386 ], [ 137.9408047, 36.367585 ], [ 137.9411247, 36.3677144 ], [ 137.9418193, 36.368059 ], [ 137.9422103, 36.3682661 ], [ 137.9423217, 36.368283 ], [ 137.9428989, 36.3682886 ], [ 137.9433026, 36.3683505 ], [ 137.943727, 36.3684519 ], [ 137.9439567, 36.3684969 ], [ 137.9449386, 36.3688201 ], [ 137.9457031, 36.3690655 ], [ 137.9460997, 36.3691894 ], [ 137.9467608, 36.3694652 ], [ 137.9469275, 36.3695608 ], [ 137.9472895, 36.3698594 ], [ 137.947387, 36.3699494 ], [ 137.9474981, 36.3701297 ], [ 137.9477484, 36.3707416 ], [ 137.9478322, 36.3708216 ], [ 137.9480455, 36.3709133 ], [ 137.9484097, 36.3710694 ], [ 137.9487647, 36.3712552 ], [ 137.9490639, 36.3714355 ], [ 137.9494811, 36.3717733 ], [ 137.9498011, 36.3721336 ], [ 137.9498917, 36.3722011 ], [ 137.9500034, 36.372248 ], [ 137.9500656, 36.3722741 ], [ 137.9504345, 36.37237 ], [ 137.9507475, 36.3724658 ], [ 137.9509607, 36.3725769 ], [ 137.9512526, 36.3727446 ], [ 137.9516938, 36.3730002 ], [ 137.9518886, 36.3730902 ], [ 137.9521184, 36.3731861 ], [ 137.9522645, 36.3732197 ], [ 137.9524384, 36.3732422 ], [ 137.9525567, 36.373265 ], [ 137.952682, 36.3733155 ], [ 137.9529184, 36.3734619 ], [ 137.9534589, 36.3739583 ], [ 137.9535864, 36.3740755 ], [ 137.95383, 36.37425 ], [ 137.9542893, 36.3745428 ], [ 137.9547275, 36.374875 ], [ 137.9548813, 36.3749994 ], [ 137.9553158, 36.3753511 ], [ 137.9556739, 36.3756689 ], [ 137.9558061, 36.375815 ], [ 137.9561261, 36.3762427 ], [ 137.9564463, 36.3766933 ], [ 137.9564989, 36.3767738 ], [ 137.9565819, 36.376901 ], [ 137.9567106, 36.3770253 ], [ 137.9571281, 36.3773011 ], [ 137.9579211, 36.3779147 ], [ 137.9582275, 36.37814 ], [ 137.9583356, 36.3782994 ], [ 137.958563, 36.3787953 ], [ 137.9587003, 36.3791194 ], [ 137.9587839, 36.3792825 ], [ 137.9590553, 36.3796261 ], [ 137.959243, 36.3798962 ], [ 137.9598556, 36.3808983 ], [ 137.9599459, 36.3810952 ], [ 137.9601895, 36.3818269 ], [ 137.96028, 36.3819341 ], [ 137.9603984, 36.3820128 ], [ 137.9606139, 36.3821591 ], [ 137.9606698, 36.3822325 ], [ 137.9608367, 36.3826883 ], [ 137.9608854, 36.3827447 ], [ 137.9610103, 36.3828461 ], [ 137.9612053, 36.3829416 ], [ 137.9625587, 36.3836861 ], [ 137.9634383, 36.3836665 ], [ 137.9643781, 36.3836455 ], [ 137.9646634, 36.3836625 ], [ 137.9650809, 36.3837186 ], [ 137.9652759, 36.383758 ], [ 137.9656378, 36.383848 ], [ 137.9664378, 36.3841241 ], [ 137.9666256, 36.3841972 ], [ 137.9670292, 36.3844055 ], [ 137.9675091, 36.3847318 ], [ 137.9678364, 36.3849569 ], [ 137.9680592, 36.3851597 ], [ 137.9687412, 36.3858689 ], [ 137.9696175, 36.3865783 ], [ 137.9697567, 36.3866628 ], [ 137.9698959, 36.3867136 ], [ 137.9700909, 36.3867361 ], [ 137.9704109, 36.3867361 ], [ 137.9708839, 36.3867136 ], [ 137.9712737, 36.3867472 ], [ 137.9714548, 36.3867922 ], [ 137.972387, 36.3871358 ], [ 137.9725192, 36.3872202 ], [ 137.9726164, 36.3873383 ], [ 137.972655, 36.3873606 ], [ 137.9727275, 36.3873773 ], [ 137.9732289, 36.3873272 ], [ 137.973897, 36.3872089 ], [ 137.9741792, 36.3871036 ], [ 137.9744884, 36.3869508 ], [ 137.9745509, 36.3869219 ], [ 137.9747317, 36.3868825 ], [ 137.9752328, 36.3868486 ], [ 137.9757059, 36.3868036 ], [ 137.9761723, 36.3867247 ], [ 137.9764086, 36.38668 ], [ 137.9766592, 36.3865842 ], [ 137.9768053, 36.3864941 ], [ 137.977042, 36.3862858 ], [ 137.9772017, 36.3861228 ], [ 137.9777363, 36.3854864 ], [ 137.9778485, 36.3853195 ], [ 137.9780748, 36.3850838 ], [ 137.9784608, 36.3848251 ], [ 137.9790331, 36.3845174 ], [ 137.9794646, 36.3844378 ], [ 137.9797271, 36.3844044 ], [ 137.9800394, 36.3843937 ], [ 137.9803061, 36.3844217 ], [ 137.9807895, 36.3845211 ], [ 137.9814824, 36.3847139 ], [ 137.9820019, 36.3848961 ], [ 137.9824206, 36.3850919 ], [ 137.9841857, 36.3860652 ], [ 137.9856922, 36.3869121 ], [ 137.9881087, 36.3882687 ], [ 137.9908109, 36.3897827 ], [ 137.9921069, 36.3905207 ], [ 137.9926256, 36.3908373 ], [ 137.9928756, 36.3910873 ], [ 137.9930068, 36.3913164 ], [ 137.9930943, 36.3915081 ], [ 137.9931641, 36.3916835 ], [ 137.993338, 36.3921039 ], [ 137.9934129, 36.3922455 ], [ 137.9936129, 36.3925705 ], [ 137.9937504, 36.3927371 ], [ 137.9939934, 36.3929464 ], [ 137.9942648, 36.3931364 ], [ 137.9945077, 36.3932796 ], [ 137.9947259, 36.3933967 ], [ 137.9949517, 36.3934767 ], [ 137.9954539, 36.3936433 ], [ 137.9960331, 36.3938003 ], [ 137.9964702, 36.3938825 ], [ 137.9969066, 36.393965 ], [ 137.99745, 36.3940572 ], [ 137.99803, 36.3941128 ], [ 137.9986098, 36.3941497 ], [ 137.9990762, 36.3941406 ], [ 137.9993945, 36.3940944 ], [ 137.9997469, 36.3939653 ], [ 138.0000314, 36.393827 ], [ 138.0002361, 36.3936978 ], [ 138.0005831, 36.3934358 ], [ 138.001072, 36.3930055 ], [ 138.0014785, 36.3926059 ], [ 138.0016519, 36.3924247 ], [ 138.0017634, 36.3923291 ], [ 138.0020804, 36.3920569 ], [ 138.002232, 36.3919267 ], [ 138.0024594, 36.3918295 ], [ 138.0027408, 36.3917409 ], [ 138.0029495, 36.3918376 ], [ 138.0030786, 36.391942 ], [ 138.0036978, 36.3925614 ], [ 138.0037745, 36.3926797 ], [ 138.0038022, 36.3928033 ], [ 138.0038022, 36.3930511 ], [ 138.0037745, 36.3931356 ], [ 138.0036978, 36.3932425 ], [ 138.0033292, 36.3939067 ], [ 138.003322, 36.39398 ], [ 138.0034542, 36.3942669 ], [ 138.0038386, 36.3948182 ], [ 138.0039275, 36.3950103 ], [ 138.003955, 36.3951228 ], [ 138.003955, 36.3952805 ], [ 138.0039411, 36.3953761 ], [ 138.0038645, 36.395545 ], [ 138.0037325, 36.395787 ], [ 138.0036933, 36.3959234 ], [ 138.0037112, 36.3961287 ], [ 138.0038717, 36.3968622 ], [ 138.0039134, 36.3971383 ], [ 138.0039273, 36.3974928 ], [ 138.0038925, 36.3979656 ], [ 138.0038437, 36.3982528 ], [ 138.0038437, 36.3984892 ], [ 138.0038833, 36.3987038 ], [ 138.0039018, 36.3987816 ], [ 138.0039481, 36.3989003 ], [ 138.0039967, 36.3990072 ], [ 138.004108, 36.3991591 ], [ 138.004264, 36.3993311 ], [ 138.0045325, 36.3995589 ], [ 138.0047553, 36.3996997 ], [ 138.00506, 36.3998476 ], [ 138.0053706, 36.3999019 ], [ 138.0056915, 36.3999286 ], [ 138.005957, 36.3999286 ], [ 138.0062333, 36.399875 ], [ 138.006449, 36.3998075 ], [ 138.0066647, 36.3997403 ], [ 138.0071404, 36.3995488 ], [ 138.0073314, 36.3994814 ], [ 138.0075664, 36.3994181 ], [ 138.0078517, 36.3993675 ], [ 138.0081159, 36.3993561 ], [ 138.0087492, 36.3993561 ], [ 138.0090768, 36.3993807 ], [ 138.0093198, 36.3994467 ], [ 138.0095912, 36.3995758 ], [ 138.01044, 36.4001839 ], [ 138.0106903, 36.4004317 ], [ 138.0107528, 36.4005836 ], [ 138.0107742, 36.4007194 ], [ 138.0107809, 36.4009909 ], [ 138.0107918, 36.4015685 ], [ 138.0108087, 36.4017661 ], [ 138.0108503, 36.4020136 ], [ 138.0109131, 36.4022161 ], [ 138.0109687, 36.4023538 ], [ 138.0110384, 36.4025258 ], [ 138.0111286, 36.4026777 ], [ 138.011435, 36.4030044 ], [ 138.0115532, 36.4031284 ], [ 138.0116256, 36.4032355 ], [ 138.0114351, 36.4040016 ], [ 138.0112147, 36.4049078 ], [ 138.0108494, 36.4063821 ], [ 138.0106487, 36.4072378 ], [ 138.0103731, 36.4083328 ], [ 138.0101404, 36.4092586 ], [ 138.0100141, 36.4097359 ], [ 138.0098877, 36.4102732 ], [ 138.0096205, 36.4113335 ], [ 138.0093812, 36.4122313 ], [ 138.0093328, 36.4124313 ], [ 138.0092776, 36.4128897 ], [ 138.0091749, 36.4137662 ], [ 138.0090164, 36.4150851 ], [ 138.0089196, 36.4158906 ], [ 138.0088373, 36.4165731 ], [ 138.0088321, 36.416735 ], [ 138.0089712, 36.4172023 ], [ 138.0093164, 36.418357 ], [ 138.009521, 36.4190711 ], [ 138.0097168, 36.4197747 ], [ 138.0097021, 36.4198647 ], [ 138.0096743, 36.4199325 ], [ 138.0096046, 36.4200169 ], [ 138.0094304, 36.4201744 ], [ 138.0093793, 36.4202602 ], [ 138.009365, 36.4203218 ], [ 138.0093642, 36.4204511 ], [ 138.0093981, 36.420577 ], [ 138.0094417, 36.4206835 ], [ 138.0095192, 36.4207852 ], [ 138.0095962, 36.4208487 ], [ 138.0100557, 36.4210585 ], [ 138.0101757, 36.4210922 ], [ 138.0114715, 36.4212666 ], [ 138.0117154, 36.421323 ], [ 138.0118826, 36.4213961 ], [ 138.011994, 36.4214805 ], [ 138.0122251, 36.421726 ], [ 138.0122307, 36.4218072 ], [ 138.0123074, 36.4220719 ], [ 138.0123282, 36.4222516 ], [ 138.0123282, 36.4228372 ], [ 138.0122654, 36.4235975 ], [ 138.0120913, 36.4252466 ], [ 138.0120778, 36.4256901 ], [ 138.0120982, 36.4259786 ], [ 138.0122027, 36.4266708 ], [ 138.0122377, 36.4268625 ], [ 138.0123629, 36.4272397 ], [ 138.0126138, 36.4278364 ], [ 138.0128299, 36.4282416 ], [ 138.0131782, 36.4287427 ], [ 138.0137491, 36.4294633 ], [ 138.0138535, 36.4296772 ], [ 138.0139024, 36.4298686 ], [ 138.0139093, 36.4301274 ], [ 138.0138818, 36.4304126 ], [ 138.0138327, 36.4306849 ], [ 138.0137446, 36.4309956 ], [ 138.0136863, 36.4312983 ], [ 138.0136794, 36.4317433 ], [ 138.0137033, 36.4318301 ], [ 138.0137699, 36.4320302 ], [ 138.013951, 36.4326216 ], [ 138.0139154, 36.4327145 ], [ 138.0137435, 36.432868 ], [ 138.0134355, 36.433128 ], [ 138.0132474, 36.4333474 ], [ 138.0131707, 36.4334263 ], [ 138.0129202, 36.4335783 ], [ 138.0123558, 36.4339499 ], [ 138.012257, 36.4340035 ], [ 138.0121625, 36.4340505 ], [ 138.0121066, 36.4340707 ], [ 138.0120352, 36.4340963 ], [ 138.0118427, 36.4341886 ], [ 138.0117221, 36.4342766 ], [ 138.0116108, 36.4343891 ], [ 138.0115202, 36.4345355 ], [ 138.0114574, 36.4347044 ], [ 138.0114227, 36.4349463 ], [ 138.011353, 36.4354361 ], [ 138.0112777, 36.4356722 ], [ 138.0112147, 36.4357621 ], [ 138.0111218, 36.4358371 ], [ 138.0106633, 36.4360555 ], [ 138.0103916, 36.4361736 ], [ 138.009841, 36.4363763 ], [ 138.0090914, 36.4366049 ], [ 138.0090074, 36.4366619 ], [ 138.0089504, 36.4367188 ], [ 138.0089024, 36.4367972 ], [ 138.0086708, 36.4371699 ], [ 138.0086011, 36.4373669 ], [ 138.0085661, 36.4378283 ], [ 138.0085662, 36.4381323 ], [ 138.0085663, 36.4384649 ], [ 138.0086291, 36.4386841 ], [ 138.0087058, 36.4388135 ], [ 138.0087822, 36.4389149 ], [ 138.0088547, 36.4389805 ], [ 138.009033, 36.4391008 ], [ 138.0091884, 36.4391626 ], [ 138.009331, 36.4391929 ], [ 138.0111727, 36.4393043 ], [ 138.0120075, 36.4393372 ], [ 138.0122024, 36.4393935 ], [ 138.0124325, 36.4395005 ], [ 138.0125788, 36.4395963 ], [ 138.0132197, 36.4403449 ], [ 138.0133241, 36.4404463 ], [ 138.0134355, 36.4405196 ], [ 138.013568, 36.4405533 ], [ 138.0151284, 36.440818 ], [ 138.0177959, 36.4412685 ], [ 138.0181513, 36.4413246 ], [ 138.0183536, 36.4413641 ], [ 138.0185058, 36.4414089 ], [ 138.0187016, 36.4414655 ], [ 138.0190641, 36.4416288 ], [ 138.0194747, 36.4418597 ], [ 138.0196838, 36.4420061 ], [ 138.0201297, 36.4423438 ], [ 138.0204222, 36.4425802 ], [ 138.0208052, 36.4429122 ], [ 138.0214394, 36.4432558 ], [ 138.0216344, 36.4433344 ], [ 138.0228113, 36.4434247 ], [ 138.0230414, 36.4434638 ], [ 138.0232783, 36.4435202 ], [ 138.023543, 36.4436047 ], [ 138.0237172, 36.4436611 ], [ 138.024915, 36.4441058 ], [ 138.0250036, 36.4441341 ], [ 138.0259458, 36.4444182 ], [ 138.0274791, 36.4447983 ], [ 138.0277706, 36.4448779 ], [ 138.0289445, 36.4454422 ], [ 138.0295753, 36.4457275 ], [ 138.0297844, 36.4457894 ], [ 138.0303139, 36.4459074 ], [ 138.0310519, 36.4460313 ], [ 138.0318812, 36.4461904 ], [ 138.0328075, 36.4463635 ], [ 138.0339358, 36.4465888 ], [ 138.0341627, 36.4466388 ], [ 138.0342743, 36.4466748 ], [ 138.0343262, 36.4466937 ], [ 138.0345419, 36.4467972 ], [ 138.0348194, 36.4469686 ], [ 138.0357472, 36.4476361 ], [ 138.0362062, 36.4480232 ], [ 138.0367711, 36.448503 ], [ 138.0372933, 36.4489027 ], [ 138.038638, 36.4497977 ], [ 138.0395503, 36.4504397 ], [ 138.0402611, 36.4509801 ], [ 138.0407417, 36.4513686 ], [ 138.0409911, 36.4516116 ], [ 138.0410306, 36.4516522 ], [ 138.0417082, 36.4523633 ], [ 138.0424452, 36.4531575 ], [ 138.0427686, 36.4535022 ], [ 138.0428819, 36.4536058 ], [ 138.0429334, 36.4536478 ], [ 138.0431378, 36.4538174 ], [ 138.0435102, 36.4540727 ], [ 138.0436967, 36.4541878 ], [ 138.0438903, 36.4543072 ], [ 138.0442594, 36.4545438 ], [ 138.0449836, 36.4550786 ], [ 138.0456595, 36.4556247 ], [ 138.0464234, 36.4562112 ], [ 138.0465009, 36.456257 ], [ 138.0465816, 36.4562716 ], [ 138.047436, 36.4563172 ], [ 138.04839, 36.4563791 ], [ 138.04878, 36.4576399 ], [ 138.0489822, 36.4582763 ], [ 138.0491231, 36.4587408 ], [ 138.0492331, 36.4591036 ], [ 138.0494159, 36.4595441 ] ] } },
{ "type": "Feature", "properties": { "N12_001": "20", "N12_002": 2, "N12_003": 3, "N12_004": "一般国道418号", "N12_005": 35, "N12_006": 2 }, "geometry": { "type": "LineString", "coordinates": [ [ 137.8518182, 35.2727106 ], [ 137.8518823, 35.2727932 ], [ 137.8520403, 35.2729226 ], [ 137.852439, 35.2731746 ], [ 137.8530612, 35.2736543 ], [ 137.8538101, 35.2742457 ], [ 137.85423, 35.2745668 ], [ 137.8544634, 35.2747468 ], [ 137.8547568, 35.2749999 ], [ 137.8548617, 35.2750904 ], [ 137.8553398, 35.2756175 ], [ 137.8553969, 35.2757235 ], [ 137.8554178, 35.2758507 ], [ 137.8554245, 35.2760815 ], [ 137.8554106, 35.276436 ], [ 137.8554006, 35.2774142 ], [ 137.8553762, 35.2776243 ], [ 137.855349, 35.2777537 ], [ 137.8553076, 35.2778496 ], [ 137.8552184, 35.2779679 ], [ 137.8547998, 35.2783802 ], [ 137.8546417, 35.2785418 ], [ 137.8545045, 35.2786826 ], [ 137.8543876, 35.2788404 ], [ 137.8543343, 35.2789544 ], [ 137.8542848, 35.2790599 ], [ 137.8542093, 35.2791556 ], [ 137.853729, 35.2796062 ], [ 137.8535367, 35.279871 ], [ 137.8534748, 35.2800624 ], [ 137.8534748, 35.2801299 ], [ 137.8534887, 35.2802482 ], [ 137.8535367, 35.2804282 ], [ 137.8536522, 35.2807037 ], [ 137.8536833, 35.2807579 ] ] } },
{ "type": "Feature", "properties": { "N12_001": "20", "N12_002": 2, "N12_003": 3, "N12_004": "一般国道18号", "N12_005": 5, "N12_006": 3 }, "geometry": { "type": "LineString", "coordinates": [ [ 138.5963273, 36.3481805 ], [ 138.5962461, 36.3482406 ], [ 138.5959483, 36.3484705 ], [ 138.5958375, 36.3485405 ], [ 138.5956251, 36.3486215 ], [ 138.5951978, 36.3487533 ], [ 138.594994, 36.3487954 ], [ 138.5946841, 36.3488099 ], [ 138.5945283, 36.3488308 ], [ 138.5941805, 36.3488422 ], [ 138.5936653, 36.3488366 ], [ 138.5935188, 36.3488152 ], [ 138.5933869, 36.3487916 ], [ 138.5931644, 36.3487689 ], [ 138.5929764, 36.3487408 ], [ 138.592729, 36.3487159 ], [ 138.5925588, 36.3486902 ], [ 138.591807, 36.348592 ], [ 138.5916959, 36.348575 ], [ 138.5910483, 36.3484758 ], [ 138.5909091, 36.3484533 ], [ 138.5906626, 36.3484235 ], [ 138.5904083, 36.3483858 ], [ 138.5901158, 36.348335 ], [ 138.589928, 36.3483069 ], [ 138.5897475, 36.3482724 ], [ 138.5895823, 36.3482396 ], [ 138.588545, 36.3480259 ], [ 138.5882358, 36.3479625 ], [ 138.5874156, 36.3477889 ], [ 138.5869908, 36.34771 ], [ 138.5865312, 36.3476144 ], [ 138.5861095, 36.3475336 ], [ 138.5858433, 36.3474755 ], [ 138.5849674, 36.3472882 ], [ 138.5844743, 36.3471819 ], [ 138.5833374, 36.346982 ], [ 138.5829691, 36.3469178 ], [ 138.5824319, 36.3468033 ], [ 138.5818058, 36.346685 ], [ 138.5806483, 36.3464583 ], [ 138.5798708, 36.3463133 ], [ 138.5792444, 36.3461836 ], [ 138.5786458, 36.3460711 ], [ 138.5781059, 36.3459763 ], [ 138.5775712, 36.3458733 ], [ 138.577409, 36.3458333 ], [ 138.5767249, 36.345598 ], [ 138.5763251, 36.345401 ], [ 138.5757994, 36.3451082 ], [ 138.575298, 36.3448158 ], [ 138.5750041, 36.3446419 ], [ 138.5748596, 36.3445564 ], [ 138.5746927, 36.3444833 ], [ 138.574482, 36.3444065 ], [ 138.5741705, 36.3442805 ], [ 138.5736623, 36.3440947 ], [ 138.573407, 36.3440085 ], [ 138.573127, 36.3439073 ] ] } },
{ "type": "Feature", "properties": { "N12_001": "20", "N12_002": 1, "N12_003": 3, "N12_004": "一般国道18号", "N12_005": 5, "N12_006": 4 }, "geometry": { "type": "LineString", "coordinates": [ [ 138.5697792, 36.3429563 ], [ 138.5702469, 36.3428292 ], [ 138.570574, 36.3427358 ], [ 138.5709134, 36.3425973 ], [ 138.5711453, 36.3424641 ], [ 138.5713193, 36.3423201 ], [ 138.5716074, 36.3420391 ], [ 138.5719213, 36.3416485 ], [ 138.572273, 36.3411201 ], [ 138.5729528, 36.3403007 ], [ 138.5733046, 36.3399867 ], [ 138.5736557, 36.3397761 ], [ 138.5738993, 36.3396183 ], [ 138.5741082, 36.3395339 ], [ 138.574338, 36.3394664 ], [ 138.574686, 36.3393986 ], [ 138.5750826, 36.3393536 ], [ 138.5752509, 36.3393434 ], [ 138.5768195, 36.3392799 ], [ 138.5774197, 36.3392798 ], [ 138.5778768, 36.3392504 ], [ 138.5792399, 36.3392097 ], [ 138.5814091, 36.3391511 ], [ 138.5817363, 36.3391341 ], [ 138.5824829, 36.3391182 ], [ 138.5835321, 36.3391005 ], [ 138.5841096, 36.3390047 ], [ 138.5845341, 36.3389319 ], [ 138.585181, 36.3388208 ], [ 138.5856682, 36.3387222 ], [ 138.5862882, 36.3385714 ], [ 138.586657, 36.3384925 ], [ 138.5871024, 36.33838 ], [ 138.5880877, 36.3381694 ], [ 138.5896291, 36.3378283 ], [ 138.5902482, 36.3376989 ], [ 138.5909583, 36.33753 ], [ 138.5913412, 36.3374397 ], [ 138.5916707, 36.3373613 ], [ 138.5919763, 36.3372902 ], [ 138.5925944, 36.3371225 ], [ 138.5928491, 36.337053 ], [ 138.5934132, 36.3369136 ], [ 138.5937355, 36.3368261 ], [ 138.595247, 36.3364419 ], [ 138.5959676, 36.3362517 ], [ 138.5971999, 36.3359197 ], [ 138.5979791, 36.3357092 ], [ 138.5985907, 36.335548 ], [ 138.5995969, 36.3352745 ], [ 138.6001741, 36.3350753 ], [ 138.6008152, 36.334788 ], [ 138.6011907, 36.3346022 ], [ 138.6019274, 36.3342404 ], [ 138.6025759, 36.333908 ], [ 138.603221, 36.3335719 ], [ 138.6038465, 36.3332509 ], [ 138.6043519, 36.3330187 ], [ 138.6045696, 36.3329186 ], [ 138.6057032, 36.3324061 ], [ 138.606301, 36.3321358 ], [ 138.6069335, 36.331843 ], [ 138.6077661, 36.3314685 ], [ 138.6081852, 36.33128 ], [ 138.609273, 36.3307807 ], [ 138.6101807, 36.3303511 ], [ 138.6106148, 36.3301064 ], [ 138.611001, 36.3298836 ], [ 138.611751, 36.3294534 ], [ 138.6121386, 36.3292291 ], [ 138.6125095, 36.3290105 ], [ 138.6128716, 36.3288083 ], [ 138.613737, 36.3283175 ], [ 138.6142906, 36.3280002 ], [ 138.6149784, 36.327607 ], [ 138.6157591, 36.3272023 ], [ 138.6166739, 36.3268122 ], [ 138.617773, 36.3263361 ], [ 138.6183432, 36.3260939 ], [ 138.6191846, 36.3257277 ], [ 138.6206756, 36.3250888 ], [ 138.6213607, 36.3247933 ], [ 138.6218544, 36.3245789 ], [ 138.6224896, 36.3243189 ], [ 138.6231201, 36.3240571 ], [ 138.6234807, 36.3239619 ], [ 138.623748, 36.3239161 ], [ 138.6239587, 36.323886 ], [ 138.6244966, 36.3238093 ], [ 138.6248739, 36.3237568 ], [ 138.6264019, 36.3237786 ], [ 138.62718, 36.3238359 ], [ 138.6277677, 36.3239118 ], [ 138.6282425, 36.323988 ], [ 138.6284872, 36.3240399 ], [ 138.6291382, 36.324238 ], [ 138.6298644, 36.3245287 ], [ 138.6306587, 36.3248521 ], [ 138.6313898, 36.3251357 ], [ 138.63205, 36.3253694 ], [ 138.6324488, 36.325456 ], [ 138.633231, 36.3256092 ], [ 138.6335354, 36.3256547 ], [ 138.634453, 36.3258461 ], [ 138.6350302, 36.3259699 ], [ 138.6354341, 36.3260671 ], [ 138.6364072, 36.3264205 ], [ 138.6366571, 36.3265229 ], [ 138.6374569, 36.3269049 ], [ 138.6379157, 36.3270908 ], [ 138.6382092, 36.3271819 ], [ 138.6384236, 36.3272486 ], [ 138.6387772, 36.3273313 ], [ 138.6391732, 36.3273852 ], [ 138.639745, 36.3274192 ], [ 138.640065, 36.3274355 ], [ 138.6404016, 36.3274213 ], [ 138.6408302, 36.3273852 ], [ 138.6416708, 36.3272711 ], [ 138.6424561, 36.3271808 ], [ 138.6427549, 36.3271527 ], [ 138.6430612, 36.3271077 ], [ 138.6434086, 36.3270399 ], [ 138.6440416, 36.326843 ], [ 138.6443327, 36.3267908 ], [ 138.644628, 36.3267799 ], [ 138.6449702, 36.3267977 ], [ 138.6452763, 36.3268049 ], [ 138.6455102, 36.3267763 ], [ 138.6457014, 36.3267113 ], [ 138.6459641, 36.326553 ], [ 138.6462472, 36.3263324 ], [ 138.6464199, 36.3262246 ], [ 138.6467227, 36.3260732 ], [ 138.6468452, 36.3260302 ], [ 138.6470691, 36.325983 ], [ 138.6474277, 36.3259252 ], [ 138.647578, 36.325883 ], [ 138.6478688, 36.3257957 ], [ 138.6481436, 36.3256616 ], [ 138.6482624, 36.3255966 ], [ 138.6484355, 36.3254491 ], [ 138.6485002, 36.3253736 ], [ 138.6485819, 36.3252496 ], [ 138.6486586, 36.3251032 ], [ 138.6486841, 36.3250196 ], [ 138.6487202, 36.3248935 ], [ 138.6487252, 36.3247646 ], [ 138.648713, 36.324656 ], [ 138.6486913, 36.3245154 ], [ 138.648663, 36.3244157 ], [ 138.6485655, 36.3241905 ], [ 138.6484538, 36.3237982 ], [ 138.6484394, 36.3237227 ], [ 138.6484322, 36.3236469 ], [ 138.6484286, 36.3235533 ], [ 138.6484394, 36.3234566 ], [ 138.6484624, 36.323313 ], [ 138.6485108, 36.323163 ], [ 138.6485746, 36.3230461 ], [ 138.648713, 36.3228549 ], [ 138.6489363, 36.3225677 ], [ 138.6491386, 36.3223338 ], [ 138.6494844, 36.3219391 ], [ 138.6496805, 36.3217126 ], [ 138.6499414, 36.3214114 ], [ 138.6500041, 36.3213366 ], [ 138.6502382, 36.3210491 ], [ 138.6504551, 36.3207815 ], [ 138.6505967, 36.3205235 ], [ 138.6506459, 36.3203593 ], [ 138.6506395, 36.3202304 ], [ 138.6506142, 36.320126 ], [ 138.6505763, 36.3200444 ] ] } },
{ "type": "Feature", "properties": { "N12_001": "20", "N12_002": 2, "N12_003": 3, "N12_004": "一般国道18号", "N12_005": 5, "N12_006": 5 }, "geometry": { "type": "LineString", "coordinates": [ [ 138.2054739, 36.4060337 ], [ 138.2059164, 36.4058849 ], [ 138.2066894, 36.4056851 ], [ 138.2077139, 36.4054873 ], [ 138.2080863, 36.405404 ], [ 138.2083919, 36.4053228 ], [ 138.208718, 36.4051854 ], [ 138.209134, 36.4050085 ], [ 138.2094858, 36.4049106 ], [ 138.210058, 36.4048622 ], [ 138.210628, 36.404848 ], [ 138.2109161, 36.4048732 ], [ 138.2114425, 36.4049752 ], [ 138.2119741, 36.4051126 ], [ 138.2123541, 36.4052666 ], [ 138.2127701, 36.4054706 ], [ 138.213258, 36.4057663 ], [ 138.2135712, 36.4060292 ], [ 138.2138184, 36.4062679 ], [ 138.2140618, 36.4065556 ], [ 138.215465, 36.4084287 ], [ 138.2167124, 36.4099927 ], [ 138.216971, 36.4102742 ], [ 138.217298, 36.4106752 ], [ 138.217712, 36.4111521 ], [ 138.2185191, 36.4121447 ], [ 138.2190268, 36.4126302 ], [ 138.2193298, 36.4130216 ], [ 138.2197512, 36.4134898 ], [ 138.2200706, 36.4139488 ], [ 138.2205099, 36.4149174 ], [ 138.220936, 36.4159524 ] ] } },
{ "type": "Feature", "properties": { "N12_001": "20", "N12_002": 2, "N12_003": 3, "N12_004": "一般国道143号", "N12_005": 10, "N12_006": 2 }, "geometry": { "type": "LineString", "coordinates": [ [ 138.1267374, 36.3697818 ], [ 138.1267983, 36.3697545 ], [ 138.1272606, 36.3695479 ], [ 138.1275889, 36.3694229 ], [ 138.1276856, 36.3694064 ], [ 138.1277492, 36.3694126 ], [ 138.1279495, 36.3694355 ], [ 138.1284517, 36.3695295 ], [ 138.1295088, 36.3697242 ], [ 138.1301484, 36.3698466 ], [ 138.1307089, 36.3699579 ], [ 138.1312757, 36.370066 ], [ 138.1319298, 36.3701957 ], [ 138.1328349, 36.3703735 ], [ 138.1337697, 36.3705595 ], [ 138.1346084, 36.3707268 ], [ 138.1356387, 36.3709446 ], [ 138.1370679, 36.3712615 ], [ 138.1380464, 36.3714793 ], [ 138.1386447, 36.3716146 ], [ 138.1394659, 36.3718004 ], [ 138.1400365, 36.3719284 ], [ 138.1410923, 36.3721627 ], [ 138.1422843, 36.372421 ], [ 138.143462, 36.3726847 ], [ 138.1448237, 36.372977 ], [ 138.1460628, 36.3732521 ], [ 138.1485118, 36.3738101 ], [ 138.149521, 36.3740354 ], [ 138.1505018, 36.3742607 ], [ 138.1506201, 36.3742943 ], [ 138.1521235, 36.3746265 ], [ 138.1526239, 36.3747378 ], [ 138.1529446, 36.3747954 ], [ 138.153201, 36.3748347 ], [ 138.1540647, 36.3749646 ], [ 138.1543849, 36.3750207 ], [ 138.1548857, 36.3750995 ], [ 138.155527, 36.3751955 ], [ 138.1564494, 36.3753253 ], [ 138.1577148, 36.3755146 ], [ 138.1591495, 36.3757258 ], [ 138.160464, 36.375916 ], [ 138.1614361, 36.3760557 ], [ 138.1626077, 36.3762245 ], [ 138.1636119, 36.376361 ], [ 138.1646, 36.3764846 ], [ 138.1657688, 36.3766479 ], [ 138.1666255, 36.37676 ], [ 138.1672428, 36.376834 ], [ 138.1687816, 36.3770365 ], [ 138.1695753, 36.3771509 ], [ 138.1705225, 36.37729 ], [ 138.1711767, 36.3773927 ], [ 138.1724211, 36.3775882 ], [ 138.172595, 36.377639 ], [ 138.1729847, 36.3777965 ], [ 138.1732991, 36.3779268 ], [ 138.1737541, 36.3781135 ], [ 138.1750862, 36.3786582 ], [ 138.1753854, 36.378782 ], [ 138.1761997, 36.3791198 ], [ 138.1766519, 36.3793056 ], [ 138.1781227, 36.3799148 ], [ 138.1792891, 36.3803868 ], [ 138.1801311, 36.3807356 ], [ 138.180621, 36.3809403 ], [ 138.1817817, 36.3814251 ], [ 138.1827264, 36.3818165 ], [ 138.1833367, 36.3820658 ], [ 138.1843213, 36.3824759 ], [ 138.1852954, 36.382887 ], [ 138.1860688, 36.3832117 ], [ 138.1871812, 36.3836653 ], [ 138.1875212, 36.3838153 ], [ 138.1881705, 36.3840752 ], [ 138.1886481, 36.3842659 ], [ 138.1893416, 36.3845573 ], [ 138.1906044, 36.3850663 ], [ 138.1916701, 36.3855013 ], [ 138.1926981, 36.3859209 ], [ 138.1935051, 36.3862306 ], [ 138.1942585, 36.3865502 ], [ 138.194514, 36.3866586 ], [ 138.1949804, 36.3868445 ], [ 138.1955583, 36.3869401 ], [ 138.1966811, 36.38711 ], [ 138.1973605, 36.3872103 ], [ 138.198085, 36.3873181 ], [ 138.1996704, 36.3875539 ], [ 138.200537, 36.3876756 ], [ 138.2012848, 36.3877903 ], [ 138.2020675, 36.3879048 ], [ 138.2031915, 36.3880662 ], [ 138.2053068, 36.3883772 ], [ 138.2083368, 36.3888598 ], [ 138.2091421, 36.3889869 ], [ 138.2091619, 36.3891031 ], [ 138.2092877, 36.3898559 ], [ 138.2094245, 36.3906809 ], [ 138.2094431, 36.3907757 ], [ 138.2095468, 36.391445 ], [ 138.2095601, 36.3916661 ], [ 138.2095854, 36.3920885 ], [ 138.2095862, 36.3921014 ], [ 138.2095855, 36.3920853 ], [ 138.2095854, 36.3920885 ], [ 138.2095793, 36.3924298 ], [ 138.2095522, 36.3928177 ], [ 138.2094957, 36.3931448 ], [ 138.2094329, 36.3933698 ], [ 138.2093008, 36.3937298 ], [ 138.2087458, 36.3950431 ], [ 138.2083368, 36.3960079 ], [ 138.2075888, 36.3977725 ], [ 138.2075402, 36.3979975 ], [ 138.2075193, 36.3982003 ], [ 138.2075332, 36.3985436 ], [ 138.207561, 36.3987184 ], [ 138.2076377, 36.39909 ], [ 138.2076932, 36.399225 ], [ 138.2077838, 36.3993995 ], [ 138.2080946, 36.3998759 ], [ 138.2081861, 36.3999995 ], [ 138.2083369, 36.4002032 ], [ 138.2085366, 36.4004731 ], [ 138.2089879, 36.4011002 ], [ 138.209118, 36.4013003 ], [ 138.2093531, 36.4017339 ], [ 138.2095351, 36.4020563 ], [ 138.2096406, 36.4023433 ], [ 138.2097975, 36.4030733 ], [ 138.2098239, 36.4031717 ], [ 138.209848, 36.4032616 ], [ 138.2098859, 36.403677 ], [ 138.2099458, 36.4040237 ], [ 138.2099757, 36.4042984 ], [ 138.2100029, 36.4044405 ], [ 138.210058, 36.4048622 ] ] } },
{ "type": "Feature", "properties": { "N12_001": "20", "N12_002": 1, "N12_003": 3, "N12_004": "一般国道158号", "N12_005": 54, "N12_006": 1 }, "geometry": { "type": "LineString", "coordinates": [ [ 137.9389523, 36.2301476 ], [ 137.940265, 36.2303874 ], [ 137.9408589, 36.230485 ], [ 137.9416563, 36.2306228 ], [ 137.943275, 36.2308496 ], [ 137.9439909, 36.2309853 ], [ 137.9444664, 36.2310702 ], [ 137.9455899, 36.2312778 ], [ 137.9463811, 36.2314278 ], [ 137.9474838, 36.2316275 ], [ 137.9481483, 36.2317534 ], [ 137.9487722, 36.2318489 ], [ 137.9492702, 36.231892 ], [ 137.9500028, 36.2319133 ], [ 137.950663, 36.2319161 ], [ 137.9511065, 36.2319022 ], [ 137.9517389, 36.2318608 ], [ 137.9525123, 36.2318103 ], [ 137.9535345, 36.2317472 ], [ 137.954214, 36.2317091 ], [ 137.9548894, 36.2316712 ], [ 137.9563309, 36.231691 ] ] } },
{ "type": "Feature", "properties": { "N12_001": "20", "N12_002": 2, "N12_003": 3, "N12_004": "一般国道141号", "N12_005": 9, "N12_006": 2 }, "geometry": { "type": "LineString", "coordinates": [ [ 138.2523762, 36.4009186 ], [ 138.2526038, 36.4013072 ], [ 138.2526943, 36.4014764 ], [ 138.252764, 36.4016283 ], [ 138.2528477, 36.4018538 ], [ 138.2530354, 36.4023322 ], [ 138.2531742, 36.4026861 ], [ 138.2533953, 36.4033192 ], [ 138.2534185, 36.4033803 ], [ 138.253606, 36.4038927 ], [ 138.253731, 36.4042411 ], [ 138.2538493, 36.4046294 ], [ 138.2540026, 36.4054513 ], [ 138.2540235, 36.4055527 ], [ 138.2540997, 36.4059742 ], [ 138.2541331, 36.4061508 ], [ 138.2541823, 36.4064122 ], [ 138.2542254, 36.4066716 ], [ 138.2543422, 36.4076289 ] ] } },
{ "type": "Feature", "properties": { "N12_001": "20", "N12_002": 2, "N12_003": 3, "N12_004": "一般国道292号", "N12_005": 55, "N12_006": 1 }, "geometry": { "type": "LineString", "coordinates": [ [ 138.3507171, 36.8051265 ], [ 138.3506842, 36.8050405 ], [ 138.3505209, 36.8045857 ], [ 138.3503589, 36.8041337 ], [ 138.3500056, 36.8031475 ], [ 138.3498717, 36.8027737 ], [ 138.3494767, 36.8017032 ], [ 138.3494452, 36.8015604 ], [ 138.3494381, 36.801486 ], [ 138.349439, 36.8011818 ], [ 138.3494849, 36.8010673 ], [ 138.3496139, 36.8007998 ], [ 138.3497467, 36.8005915 ], [ 138.3500055, 36.8002507 ], [ 138.3501968, 36.799999 ], [ 138.3505722, 36.7995048 ], [ 138.3506422, 36.799364 ], [ 138.3506821, 36.7992169 ], [ 138.350705, 36.7990207 ], [ 138.350705, 36.7970557 ], [ 138.3507016, 36.7953365 ], [ 138.3506944, 36.793477 ], [ 138.3506966, 36.7916657 ], [ 138.350698, 36.7905018 ], [ 138.350698, 36.78935 ], [ 138.3506914, 36.788076 ], [ 138.3506914, 36.787983 ] ] } },
{ "type": "Feature", "properties": { "N12_001": "20", "N12_002": 2, "N12_003": 3, "N12_004": "一般国道292号", "N12_005": 55, "N12_006": 2 }, "geometry": { "type": "LineString", "coordinates": [ [ 138.3829439, 36.7583955 ], [ 138.3816535, 36.7585173 ], [ 138.3809919, 36.7585932 ], [ 138.3801372, 36.7586434 ], [ 138.379042, 36.7586922 ], [ 138.377749, 36.7587013 ], [ 138.3764598, 36.7586434 ], [ 138.3749158, 36.7584667 ], [ 138.3739727, 36.7583266 ], [ 138.3723983, 36.7580981 ], [ 138.3708886, 36.7578818 ], [ 138.3687169, 36.7574636 ], [ 138.3646193, 36.7565991 ], [ 138.361366, 36.7559068 ], [ 138.3611013, 36.7558486 ], [ 138.3604401, 36.7557034 ], [ 138.3600136, 36.7556152 ], [ 138.3587024, 36.7553488 ], [ 138.358136, 36.7552223 ], [ 138.3576479, 36.7551035 ], [ 138.3573174, 36.7550151 ], [ 138.3567949, 36.7548817 ], [ 138.3560668, 36.7546957 ], [ 138.3557796, 36.7546207 ], [ 138.3553682, 36.7545103 ], [ 138.3548833, 36.7543802 ], [ 138.3543586, 36.7542228 ], [ 138.3539234, 36.7541068 ], [ 138.3527927, 36.7537978 ] ] } },
{ "type": "Feature", "properties": { "N12_001": "20", "N12_002": 2, "N12_003": 3, "N12_004": "一般国道254号", "N12_005": 56, "N12_006": 1 }, "geometry": { "type": "LineString", "coordinates": [ [ 138.4565283, 36.2319609 ], [ 138.4566329, 36.2319244 ], [ 138.4570251, 36.2317914 ], [ 138.4575567, 36.2316217 ], [ 138.4587734, 36.2312677 ], [ 138.4595416, 36.2310174 ], [ 138.460217, 36.2307879 ], [ 138.4610202, 36.2305278 ], [ 138.4615602, 36.2303425 ], [ 138.4624105, 36.2300712 ], [ 138.4627883, 36.2299381 ], [ 138.4636496, 36.2296539 ] ] } },
{ "type": "Feature", "properties": { "N12_001": "20", "N12_002": 2, "N12_003": 3, "N12_004": "一般国道151号", "N12_005": 12, "N12_006": 2 }, "geometry": { "type": "LineString", "coordinates": [ [ 137.8434595, 35.5046682 ], [ 137.8443246, 35.5041701 ], [ 137.8445073, 35.5039887 ], [ 137.8446588, 35.5038271 ], [ 137.8447939, 35.5035056 ], [ 137.8448009, 35.5033703 ], [ 137.8447773, 35.5032837 ], [ 137.8447464, 35.5032184 ], [ 137.8446159, 35.5029031 ], [ 137.8445198, 35.5027059 ], [ 137.844327, 35.50243 ], [ 137.8442239, 35.5023117 ], [ 137.843832, 35.5019625 ], [ 137.8436281, 35.5017962 ], [ 137.8430674, 35.5014213 ], [ 137.8423253, 35.500932 ], [ 137.8421464, 35.5007856 ], [ 137.8419997, 35.500675 ], [ 137.8418945, 35.5004317 ], [ 137.8416434, 35.4999998 ], [ 137.8414352, 35.4996551 ], [ 137.8413847, 35.499575 ], [ 137.8406881, 35.498513 ], [ 137.8406392, 35.4984315 ], [ 137.8402302, 35.4976752 ], [ 137.8399929, 35.4971567 ], [ 137.8396122, 35.4963139 ], [ 137.8394158, 35.4958757 ] ] } },
{ "type": "Feature", "properties": { "N12_001": "20", "N12_002": 2, "N12_003": 3, "N12_004": "一般国道153号", "N12_005": 57, "N12_006": 1 }, "geometry": { "type": "LineString", "coordinates": [ [ 137.9412465, 35.6628166 ], [ 137.9408679, 35.6629549 ], [ 137.9406967, 35.6631383 ], [ 137.9406825, 35.6633295 ], [ 137.9407514, 35.6635323 ], [ 137.941008, 35.6638915 ], [ 137.9410454, 35.6641873 ], [ 137.9409112, 35.664553 ], [ 137.9408072, 35.6647657 ], [ 137.9406227, 35.6650819 ], [ 137.9404093, 35.665362 ], [ 137.9401342, 35.6656484 ], [ 137.9399582, 35.6658136 ], [ 137.9395471, 35.6661494 ], [ 137.9392036, 35.6663908 ], [ 137.9387829, 35.6666662 ], [ 137.9375923, 35.6673995 ], [ 137.9372409, 35.6676529 ], [ 137.9368687, 35.6679173 ], [ 137.9361378, 35.6684467 ], [ 137.9357934, 35.6685987 ], [ 137.9353176, 35.6687956 ], [ 137.9351302, 35.6688737 ], [ 137.9348075, 35.6689926 ], [ 137.934339, 35.6691278 ], [ 137.9340631, 35.669184 ], [ 137.9336981, 35.6692517 ], [ 137.9332909, 35.6692912 ], [ 137.9330845, 35.6692909 ], [ 137.9322676, 35.6692887 ], [ 137.9319608, 35.6692459 ], [ 137.931513, 35.669167 ], [ 137.9311131, 35.6690884 ], [ 137.9307206, 35.6689756 ], [ 137.9301213, 35.668842 ], [ 137.9295142, 35.6687223 ], [ 137.9288317, 35.6686209 ], [ 137.9285628, 35.6686154 ], [ 137.9281359, 35.6686434 ], [ 137.9276875, 35.6687168 ], [ 137.9270123, 35.6688181 ], [ 137.9258473, 35.6690265 ], [ 137.9246076, 35.6692504 ], [ 137.9236966, 35.6694146 ], [ 137.9221573, 35.6696995 ], [ 137.9215603, 35.6698651 ], [ 137.9213473, 35.6699506 ], [ 137.9209734, 35.6701523 ], [ 137.9206489, 35.6703607 ], [ 137.9205112, 35.6704786 ], [ 137.9203265, 35.6707014 ], [ 137.9200003, 35.6712726 ], [ 137.91989, 35.6714866 ], [ 137.9198175, 35.6716721 ], [ 137.9197731, 35.6718119 ], [ 137.9195725, 35.6723199 ], [ 137.9194828, 35.6726069 ], [ 137.9194717, 35.6727165 ], [ 137.9194795, 35.6728287 ], [ 137.9196208, 35.6729503 ], [ 137.919752, 35.6730348 ], [ 137.9199103, 35.6730912 ], [ 137.9206613, 35.6732803 ], [ 137.9208737, 35.6733301 ], [ 137.9209676, 35.6733509 ], [ 137.9211344, 35.6733781 ], [ 137.9215753, 35.6734431 ], [ 137.9223679, 35.6734887 ], [ 137.9227367, 35.6735253 ], [ 137.923112, 35.6735473 ], [ 137.9237127, 35.6735923 ], [ 137.9239678, 35.6736148 ], [ 137.9245414, 35.6736662 ], [ 137.9250012, 35.6737053 ], [ 137.9251792, 35.673739 ], [ 137.9253173, 35.6737806 ], [ 137.9254253, 35.6738345 ], [ 137.9256021, 35.6738875 ], [ 137.9257756, 35.6740148 ], [ 137.9260653, 35.6743187 ], [ 137.9262034, 35.6745153 ], [ 137.9262528, 35.6746268 ], [ 137.9262862, 35.6746956 ], [ 137.9264448, 35.6752192 ], [ 137.9266448, 35.6759062 ], [ 137.9267067, 35.6762328 ], [ 137.9266723, 35.6764692 ], [ 137.9265743, 35.676874 ], [ 137.9265481, 35.676942 ], [ 137.9263617, 35.6774826 ], [ 137.9263203, 35.6776459 ], [ 137.9262107, 35.6783002 ] ] } },
{ "type": "Feature", "properties": { "N12_001": "20", "N12_002": 2, "N12_003": 3, "N12_004": "一般国道153号", "N12_005": 57, "N12_006": 2 }, "geometry": { "type": "LineString", "coordinates": [ [ 137.9320257, 35.7286542 ], [ 137.9320871, 35.72885 ], [ 137.9321632, 35.7290359 ], [ 137.9323563, 35.7294131 ], [ 137.9326532, 35.729807 ], [ 137.9330323, 35.7304375 ], [ 137.9332462, 35.7307867 ], [ 137.9334154, 35.7310623 ], [ 137.933661, 35.7314746 ], [ 137.9337879, 35.7317066 ], [ 137.9338812, 35.7319014 ], [ 137.9339776, 35.7322506 ], [ 137.9340398, 35.7325714 ], [ 137.9340285, 35.7328362 ], [ 137.9339709, 35.7332245 ], [ 137.9339188, 35.7334952 ], [ 137.9338636, 35.7338932 ], [ 137.9337687, 35.7345238 ], [ 137.9337016, 35.7350465 ], [ 137.9336932, 35.7350993 ], [ 137.933681, 35.7351757 ], [ 137.9336817, 35.735509 ], [ 137.9336923, 35.7356791 ], [ 137.9338587, 35.7362641 ], [ 137.9341915, 35.7374804 ], [ 137.9342465, 35.7376889 ], [ 137.9343363, 35.7380098 ], [ 137.9344054, 35.738252 ], [ 137.9345007, 35.738558 ], [ 137.9345761, 35.7387948 ], [ 137.9346743, 35.7390459 ], [ 137.9346916, 35.7392422 ], [ 137.9347846, 35.7398003 ], [ 137.9348416, 35.740036 ], [ 137.9348812, 35.7401886 ], [ 137.9349985, 35.7406164 ], [ 137.935124, 35.7410149 ], [ 137.9351983, 35.7412531 ], [ 137.9352294, 35.7413425 ] ] } },
{ "type": "Feature", "properties": { "N12_001": "20", "N12_002": 2, "N12_003": 3, "N12_004": "一般国道152号", "N12_005": 13, "N12_006": 2 }, "geometry": { "type": "LineString", "coordinates": [ [ 138.1573596, 35.9989794 ], [ 138.1568444, 35.9990761 ], [ 138.1558683, 35.9993125 ], [ 138.1547446, 35.9995692 ], [ 138.1542141, 35.999712 ], [ 138.1538133, 35.9998023 ], [ 138.1532401, 35.9999038 ], [ 138.152455, 35.9999997 ], [ 138.1521372, 36.0000161 ], [ 138.1516666, 35.9999372 ], [ 138.1511892, 35.9998583 ], [ 138.1500666, 35.9996593 ], [ 138.1491543, 35.9994931 ], [ 138.1486925, 35.9994071 ], [ 138.1474365, 35.9991725 ], [ 138.1465693, 35.9990106 ], [ 138.1453608, 35.9987929 ], [ 138.1443783, 35.9986142 ], [ 138.1434712, 35.9984405 ], [ 138.1429618, 35.9983476 ], [ 138.1417941, 35.9981311 ], [ 138.14109, 35.9980058 ], [ 138.1404121, 35.9978764 ], [ 138.1391847, 35.9976591 ], [ 138.1387388, 35.9975794 ], [ 138.1382862, 35.9974939 ], [ 138.1376793, 35.9973867 ], [ 138.1375743, 35.9973702 ], [ 138.1373389, 35.9973332 ] ] } },
{ "type": "Feature", "properties": { "N12_001": "20", "N12_002": 2, "N12_003": 3, "N12_004": "一般国道142号", "N12_005": 58, "N12_006": 1 }, "geometry": { "type": "LineString", "coordinates": [ [ 138.3095306, 36.2738526 ], [ 138.3095599, 36.2738846 ], [ 138.309806, 36.2741552 ], [ 138.3102356, 36.2746204 ], [ 138.3104025, 36.2747782 ], [ 138.3106039, 36.274919 ], [ 138.3107375, 36.2749996 ], [ 138.3109028, 36.2750993 ], [ 138.3110278, 36.2751499 ], [ 138.3111608, 36.2751948 ], [ 138.3112902, 36.2752304 ], [ 138.3115145, 36.2752963 ], [ 138.3117509, 36.2753357 ], [ 138.3134191, 36.275454 ], [ 138.3141709, 36.2755174 ], [ 138.3145164, 36.2755382 ], [ 138.3150014, 36.2755688 ], [ 138.3157481, 36.2756229 ], [ 138.3162418, 36.2756565 ], [ 138.3166652, 36.275684 ], [ 138.3169725, 36.2757087 ], [ 138.3175799, 36.2757541 ], [ 138.3182406, 36.2757999 ], [ 138.3188203, 36.2758277 ], [ 138.3191201, 36.2758427 ], [ 138.3194912, 36.2758427 ], [ 138.3197563, 36.2758296 ], [ 138.3201907, 36.2757921 ], [ 138.3205242, 36.2757471 ], [ 138.3209206, 36.2756852 ], [ 138.3218232, 36.2755513 ], [ 138.3222693, 36.2754938 ], [ 138.3228464, 36.2754093 ], [ 138.3234181, 36.2753267 ], [ 138.3236318, 36.2753021 ], [ 138.3242021, 36.2752571 ], [ 138.3245456, 36.2752516 ], [ 138.3249574, 36.2753202 ], [ 138.3259696, 36.2755049 ], [ 138.3264821, 36.2755937 ], [ 138.327543, 36.2757883 ], [ 138.3288551, 36.2760274 ], [ 138.3303418, 36.2762972 ], [ 138.3315104, 36.276512 ], [ 138.3331074, 36.276798 ], [ 138.3340737, 36.2769749 ], [ 138.3349221, 36.2771327 ], [ 138.3355525, 36.2772422 ], [ 138.3380004, 36.2776891 ], [ 138.3391071, 36.2778927 ], [ 138.3398572, 36.2780278 ], [ 138.3404465, 36.2781363 ], [ 138.340501, 36.2781463 ], [ 138.3407759, 36.2781969 ], [ 138.3416082, 36.2783459 ], [ 138.3419447, 36.2784066 ], [ 138.342331, 36.2784762 ], [ 138.3425802, 36.278503 ], [ 138.3428394, 36.2785268 ], [ 138.3431756, 36.2785268 ], [ 138.3436604, 36.2784785 ], [ 138.3439981, 36.2784118 ], [ 138.3442793, 36.2783377 ], [ 138.3447243, 36.2781463 ], [ 138.3450162, 36.277966 ], [ 138.3452874, 36.2777294 ], [ 138.3453885, 36.2776299 ], [ 138.345515, 36.277505 ], [ 138.3458018, 36.2771105 ], [ 138.3465, 36.2759008 ], [ 138.3467444, 36.2754774 ], [ 138.3468691, 36.2752613 ], [ 138.3470244, 36.2749996 ], [ 138.3472551, 36.2746274 ], [ 138.3474704, 36.2743627 ], [ 138.3475818, 36.2742275 ], [ 138.3477904, 36.274053 ], [ 138.3479432, 36.2739405 ], [ 138.3481937, 36.2737996 ], [ 138.3486273, 36.2735904 ], [ 138.3492344, 36.2732906 ], [ 138.3498343, 36.2729947 ], [ 138.3500035, 36.2728811 ], [ 138.3502376, 36.2726905 ], [ 138.3504115, 36.2724822 ], [ 138.3505504, 36.2722458 ], [ 138.3506385, 36.2719911 ], [ 138.3506548, 36.2719272 ], [ 138.3506932, 36.271722 ], [ 138.350826, 36.2710223 ], [ 138.3509193, 36.2705306 ], [ 138.3510859, 36.2696444 ], [ 138.3511395, 36.2695172 ], [ 138.3512548, 36.2692577 ], [ 138.3514713, 36.2689355 ], [ 138.3515951, 36.2687343 ], [ 138.3520026, 36.2682649 ], [ 138.352381, 36.2679207 ], [ 138.3526221, 36.2677186 ], [ 138.3528693, 36.2674922 ], [ 138.3530496, 36.2672716 ], [ 138.3532048, 36.2670394 ], [ 138.3533141, 36.2668794 ], [ 138.3534095, 36.2667216 ], [ 138.3534331, 36.2666663 ], [ 138.3534732, 36.2665724 ], [ 138.3537629, 36.2657788 ], [ 138.3540761, 36.2649131 ], [ 138.3541703, 36.2646488 ], [ 138.3542332, 36.264489 ], [ 138.354342, 36.2643175 ], [ 138.354462, 36.2641252 ], [ 138.3546034, 36.2639619 ], [ 138.3551545, 36.263524 ], [ 138.3559109, 36.2629277 ], [ 138.3563843, 36.26255 ], [ 138.3569237, 36.2621231 ], [ 138.3577532, 36.2614864 ], [ 138.3580256, 36.2612659 ], [ 138.3583368, 36.2610248 ], [ 138.3587821, 36.2606758 ], [ 138.3592494, 36.2603028 ], [ 138.3593238, 36.2602349 ], [ 138.3595544, 36.2599972 ], [ 138.3601409, 36.259418 ], [ 138.3605365, 36.259013 ], [ 138.3606797, 36.2588622 ], [ 138.3607792, 36.2587575 ], [ 138.361002, 36.2585227 ], [ 138.3611459, 36.2584097 ], [ 138.3613489, 36.2582852 ], [ 138.3614965, 36.2581947 ], [ 138.3618156, 36.2580489 ], [ 138.362822, 36.2576671 ], [ 138.3632926, 36.2574886 ], [ 138.3636251, 36.2573758 ], [ 138.363867, 36.2573202 ], [ 138.3639262, 36.2573064 ], [ 138.3642665, 36.2572594 ], [ 138.3645048, 36.2572522 ], [ 138.3650781, 36.2572411 ], [ 138.3655317, 36.2572702 ], [ 138.3661026, 36.2573466 ], [ 138.3667406, 36.2574852 ], [ 138.3677011, 36.2578244 ], [ 138.3692954, 36.2585089 ], [ 138.370834, 36.2592183 ], [ 138.3713722, 36.2595784 ], [ 138.3715038, 36.2596832 ], [ 138.3718074, 36.2601252 ], [ 138.3720437, 36.2604694 ], [ 138.3721299, 36.2606822 ], [ 138.3721974, 36.2612925 ], [ 138.3722062, 36.2617239 ], [ 138.3722482, 36.262833 ], [ 138.3722578, 36.2632555 ], [ 138.3722849, 36.264443 ], [ 138.3723035, 36.26526 ], [ 138.3723312, 36.2654008 ], [ 138.3723938, 36.2655358 ], [ 138.3724466, 36.2656237 ], [ 138.3725641, 36.2657763 ], [ 138.3726913, 36.2659007 ], [ 138.3728597, 36.266037 ], [ 138.3731397, 36.2662835 ], [ 138.3735561, 36.2664906 ], [ 138.373987, 36.2666664 ], [ 138.3743555, 36.2668932 ], [ 138.3746503, 36.2671159 ], [ 138.3749837, 36.2673877 ], [ 138.3751193, 36.2675127 ], [ 138.3752929, 36.2676644 ], [ 138.3758004, 36.2681994 ], [ 138.3761343, 36.2685147 ], [ 138.3763079, 36.2686272 ], [ 138.3764263, 36.2686777 ], [ 138.3765471, 36.2687109 ], [ 138.3766071, 36.268723 ], [ 138.3769682, 36.2687933 ], [ 138.3771247, 36.2687926 ], [ 138.3783518, 36.2687458 ], [ 138.3789569, 36.2687119 ], [ 138.379666, 36.2686725 ], [ 138.3801233, 36.2686627 ], [ 138.3805071, 36.2686669 ], [ 138.3806741, 36.2686894 ], [ 138.3813179, 36.2687836 ], [ 138.381579, 36.2688367 ], [ 138.381602, 36.2688416 ], [ 138.382459, 36.2690259 ], [ 138.3833368, 36.2692194 ], [ 138.3838342, 36.2693427 ], [ 138.384282, 36.2694401 ], [ 138.3852685, 36.269682 ], [ 138.3862678, 36.2699369 ], [ 138.3865826, 36.2700157 ], [ 138.3875334, 36.2702493 ], [ 138.3878156, 36.2702742 ], [ 138.3881474, 36.2702516 ], [ 138.3887038, 36.2701705 ], [ 138.3888456, 36.2701465 ], [ 138.3903283, 36.2698969 ], [ 138.3919585, 36.2695916 ], [ 138.3927225, 36.2694647 ], [ 138.3934521, 36.2693379 ], [ 138.3942102, 36.2692077 ], [ 138.3955449, 36.26896 ], [ 138.3962819, 36.2687633 ], [ 138.3965266, 36.26868 ], [ 138.3971305, 36.268449 ], [ 138.3973119, 36.2683586 ], [ 138.3976444, 36.2681044 ], [ 138.3982216, 36.267513 ], [ 138.3987724, 36.2668154 ], [ 138.3990491, 36.2664602 ], [ 138.3993143, 36.26612 ], [ 138.4000035, 36.2652414 ], [ 138.4006344, 36.2644389 ], [ 138.4012591, 36.2636838 ], [ 138.4017815, 36.2630477 ], [ 138.4019371, 36.2628463 ], [ 138.4023071, 36.2623563 ], [ 138.4027118, 36.2618002 ], [ 138.4029005, 36.2614537 ], [ 138.4032343, 36.2608466 ], [ 138.403596, 36.2602158 ], [ 138.4038434, 36.2597016 ], [ 138.4040399, 36.2592609 ], [ 138.4041939, 36.2588985 ], [ 138.404428, 36.258333 ], [ 138.4047988, 36.2573836 ], [ 138.4049502, 36.2569793 ], [ 138.4050128, 36.2567122 ], [ 138.4051703, 36.2562397 ], [ 138.4053379, 36.2557836 ], [ 138.4056232, 36.2550939 ], [ 138.4059738, 36.2543992 ], [ 138.4060894, 36.254243 ], [ 138.4061751, 36.2541461 ], [ 138.4065289, 36.2538113 ], [ 138.4069399, 36.2534758 ], [ 138.4071339, 36.2533631 ], [ 138.4075515, 36.253138 ], [ 138.4090899, 36.2522903 ], [ 138.4098754, 36.2518597 ], [ 138.4104726, 36.2515164 ], [ 138.4111812, 36.2510714 ], [ 138.4120441, 36.2505048 ], [ 138.4128064, 36.2499997 ], [ 138.4145664, 36.2488115 ], [ 138.4148551, 36.2486108 ], [ 138.4153693, 36.2482561 ], [ 138.4161613, 36.2477097 ], [ 138.4166082, 36.2474176 ], [ 138.4166701, 36.2473765 ], [ 138.4169551, 36.2471875 ], [ 138.4180707, 36.2464655 ], [ 138.4188309, 36.2459615 ], [ 138.4193621, 36.2455869 ], [ 138.4200548, 36.2451375 ], [ 138.4203623, 36.2449222 ], [ 138.4215053, 36.244142 ], [ 138.422332, 36.2435884 ], [ 138.422821, 36.2432611 ], [ 138.4230848, 36.2430922 ], [ 138.4234381, 36.2428969 ], [ 138.4238349, 36.2427097 ], [ 138.4244671, 36.2424844 ], [ 138.4253969, 36.2421804 ], [ 138.4264184, 36.2418347 ], [ 138.4269234, 36.2416664 ], [ 138.427426, 36.2414988 ], [ 138.4285982, 36.2411184 ], [ 138.4297281, 36.2407522 ], [ 138.4308753, 36.240374 ], [ 138.4319242, 36.2400198 ], [ 138.4335047, 36.2394909 ], [ 138.4346877, 36.2390969 ], [ 138.4356621, 36.2387961 ], [ 138.4361798, 36.2386283 ], [ 138.4374695, 36.2382097 ], [ 138.4382536, 36.237953 ], [ 138.439093, 36.2376641 ], [ 138.4394126, 36.2375741 ], [ 138.4396285, 36.2374967 ], [ 138.4397708, 36.2374482 ], [ 138.4400508, 36.2373527 ], [ 138.4408227, 36.2370954 ], [ 138.4413504, 36.2369211 ], [ 138.4433782, 36.2362453 ], [ 138.4440676, 36.2360314 ], [ 138.444809, 36.2357833 ], [ 138.4453079, 36.2356355 ], [ 138.4461423, 36.235378 ], [ 138.447045, 36.2350853 ], [ 138.4476145, 36.2348995 ], [ 138.4479967, 36.2347755 ], [ 138.4485896, 36.2345789 ], [ 138.4492743, 36.2343589 ], [ 138.4502423, 36.2340438 ], [ 138.4506634, 36.2339025 ], [ 138.4518198, 36.2335324 ], [ 138.4526687, 36.23325 ], [ 138.4534693, 36.2329792 ], [ 138.4539971, 36.2328047 ], [ 138.4550017, 36.2324768 ], [ 138.456197, 36.2320746 ], [ 138.4565283, 36.2319609 ] ] } },
{ "type": "Feature", "properties": { "N12_001": "20", "N12_002": 1, "N12_003": 3, "N12_004": "一般国道117号", "N12_005": 8, "N12_006": 3 }, "geometry": { "type": "LineString", "coordinates": [ [ 138.3174734, 36.7992105 ], [ 138.318306, 36.7997591 ], [ 138.3188758, 36.8001075 ], [ 138.3194561, 36.8003423 ], [ 138.319588, 36.8003855 ], [ 138.319782, 36.8004491 ], [ 138.3201632, 36.8005741 ], [ 138.3214462, 36.8009165 ], [ 138.321851, 36.801059 ], [ 138.3223487, 36.8012096 ], [ 138.3230466, 36.8014341 ], [ 138.3244895, 36.8019021 ], [ 138.3250056, 36.8020727 ], [ 138.325392, 36.8022004 ], [ 138.3255866, 36.8022856 ], [ 138.325714, 36.8023412 ], [ 138.3259764, 36.8024855 ], [ 138.3261617, 36.8026001 ], [ 138.3264487, 36.8028085 ], [ 138.3272207, 36.803425 ], [ 138.3299844, 36.8056763 ], [ 138.3305173, 36.8061051 ], [ 138.3312139, 36.8066658 ], [ 138.331711, 36.8070701 ], [ 138.3328266, 36.8079454 ], [ 138.3333214, 36.8083271 ], [ 138.3338047, 36.8086997 ], [ 138.335292, 36.8098407 ], [ 138.3356909, 36.8100885 ], [ 138.3359709, 36.8102349 ], [ 138.3363064, 36.8103757 ], [ 138.3369508, 36.8106323 ], [ 138.3371581, 36.8107166 ], [ 138.3379998, 36.8110626 ], [ 138.3386223, 36.8113326 ], [ 138.3390352, 36.81153 ], [ 138.3393428, 36.8116987 ], [ 138.3399947, 36.8121194 ], [ 138.34098, 36.8127743 ], [ 138.3416723, 36.8132453 ], [ 138.3420226, 36.8134837 ], [ 138.34247, 36.8137987 ], [ 138.342708, 36.8140014 ], [ 138.3429389, 36.8142323 ], [ 138.3431138, 36.8144517 ], [ 138.3432819, 36.8146994 ], [ 138.3436875, 36.8154373 ], [ 138.3439184, 36.8159101 ], [ 138.3441248, 36.816401 ], [ 138.3442423, 36.8167968 ], [ 138.3443472, 36.8171562 ], [ 138.3446111, 36.8180721 ], [ 138.3447231, 36.8183987 ], [ 138.3448489, 36.8186798 ], [ 138.3449817, 36.8188712 ], [ 138.3452406, 36.8191473 ], [ 138.34563, 36.8194867 ], [ 138.3460173, 36.819789 ], [ 138.3466405, 36.8202564 ], [ 138.3474736, 36.820921 ], [ 138.3491309, 36.8222137 ], [ 138.3500056, 36.8229029 ], [ 138.3502715, 36.8231125 ], [ 138.3503578, 36.8231778 ], [ 138.350444, 36.8232431 ], [ 138.3508725, 36.8235615 ], [ 138.3511664, 36.8237415 ], [ 138.351362, 36.8238654 ], [ 138.3519566, 36.8242655 ], [ 138.3523206, 36.8245018 ], [ 138.3524467, 36.8246032 ], [ 138.3527614, 36.8249295 ], [ 138.3529083, 36.8251095 ], [ 138.35316, 36.8255205 ], [ 138.353447, 36.8260893 ], [ 138.353685, 36.8265455 ], [ 138.3537198, 36.8266579 ], [ 138.3540208, 36.8274068 ], [ 138.3540417, 36.8275025 ], [ 138.3541318, 36.8278068 ], [ 138.3542823, 36.8284953 ], [ 138.3544628, 36.8292225 ], [ 138.3545782, 36.8296078 ], [ 138.3547404, 36.8301913 ], [ 138.3548248, 36.8304306 ], [ 138.3549932, 36.830764 ], [ 138.3552721, 36.8312779 ], [ 138.3562296, 36.8328829 ], [ 138.3564986, 36.8333323 ], [ 138.3569728, 36.8341243 ], [ 138.3573073, 36.8346838 ], [ 138.3580844, 36.8360059 ], [ 138.3582545, 36.8363402 ], [ 138.358349, 36.8365391 ], [ 138.3586604, 36.8370599 ], [ 138.3587072, 36.8371974 ], [ 138.3588093, 36.837334 ], [ 138.359003, 36.8375778 ], [ 138.35959, 36.8379486 ], [ 138.3599328, 36.8380921 ], [ 138.360262, 36.8382555 ], [ 138.3605701, 36.8384355 ], [ 138.360829, 36.8386269 ], [ 138.3609901, 36.8388016 ], [ 138.3612704, 36.8391674 ], [ 138.3615295, 36.8395841 ], [ 138.3620129, 36.840451 ], [ 138.362839, 36.84201 ], [ 138.3633015, 36.8428827 ], [ 138.3637987, 36.8438066 ], [ 138.3641209, 36.8445441 ], [ 138.3643448, 36.8451971 ], [ 138.3646598, 36.8463569 ], [ 138.3650667, 36.8472973 ], [ 138.36548, 36.8488793 ], [ 138.3657821, 36.849886 ], [ 138.3659422, 36.8503151 ], [ 138.3662222, 36.8509965 ], [ 138.3663625, 36.851289 ], [ 138.3666722, 36.8518293 ], [ 138.3669429, 36.852465 ], [ 138.3671179, 36.8528774 ] ] } },
{ "type": "Feature", "properties": { "N12_001": "20", "N12_002": 2, "N12_003": 3, "N12_004": "一般国道117号", "N12_005": 8, "N12_006": 4 }, "geometry": { "type": "LineString", "coordinates": [ [ 138.3503578, 36.8231778 ], [ 138.3504469, 36.8230085 ], [ 138.3505932, 36.8227579 ], [ 138.3506413, 36.8226472 ], [ 138.3506468, 36.8225965 ], [ 138.3506565, 36.8224905 ], [ 138.3506486, 36.8224015 ], [ 138.3505717, 36.8222498 ], [ 138.3504317, 36.8220976 ], [ 138.3501797, 36.8219007 ], [ 138.3500212, 36.8217847 ], [ 138.349801, 36.8216237 ], [ 138.3496484, 36.8215121 ], [ 138.3495153, 36.8213487 ], [ 138.3493753, 36.8210785 ], [ 138.3490844, 36.8204166 ], [ 138.3490357, 36.8202866 ], [ 138.3486272, 36.8191964 ], [ 138.3485822, 36.8190626 ], [ 138.3485608, 36.8189364 ], [ 138.3485915, 36.8188056 ], [ 138.34862, 36.8186973 ], [ 138.3489209, 36.8177962 ], [ 138.3490527, 36.8173769 ], [ 138.3492047, 36.817014 ], [ 138.3492206, 36.8169265 ], [ 138.3492283, 36.8168448 ], [ 138.3492214, 36.8167098 ], [ 138.3491658, 36.8163943 ], [ 138.3491308, 36.8160171 ], [ 138.3491107, 36.8156636 ], [ 138.3491167, 36.8152348 ], [ 138.3491378, 36.8149137 ], [ 138.3491447, 36.8145704 ], [ 138.3491586, 36.8143282 ], [ 138.3491797, 36.8139793 ], [ 138.3492236, 36.8129319 ], [ 138.3492422, 36.8123364 ], [ 138.3492847, 36.8119693 ], [ 138.3495507, 36.8113329 ], [ 138.3496734, 36.8110652 ], [ 138.3497186, 36.8109393 ], [ 138.3498534, 36.8106251 ], [ 138.3500056, 36.8102878 ], [ 138.3504811, 36.8095657 ], [ 138.3506671, 36.8092957 ], [ 138.3507889, 36.8090251 ], [ 138.3508869, 36.808634 ], [ 138.3510134, 36.8081668 ], [ 138.3510478, 36.8080115 ], [ 138.3511106, 36.8073304 ], [ 138.3511107, 36.8070583 ], [ 138.3511108, 36.8066098 ], [ 138.3510831, 36.8063337 ], [ 138.35102, 36.8060185 ], [ 138.3509292, 36.805726 ], [ 138.3507822, 36.8053318 ], [ 138.3507171, 36.8051265 ] ] } },
{ "type": "Feature", "properties": { "N12_001": "20", "N12_002": 1, "N12_003": 3, "N12_004": "一般国道144号", "N12_005": 59, "N12_006": 1 }, "geometry": { "type": "LineString", "coordinates": [ [ 138.2726445, 36.4039364 ], [ 138.2724733, 36.4038652 ], [ 138.2715659, 36.4034211 ], [ 138.2712494, 36.403285 ], [ 138.270906, 36.403143 ], [ 138.268836, 36.402306 ], [ 138.2687198, 36.4022649 ], [ 138.2685817, 36.4022308 ], [ 138.2684688, 36.4022139 ], [ 138.2683677, 36.4022035 ], [ 138.2682421, 36.4021966 ], [ 138.2681296, 36.4022069 ], [ 138.267978, 36.4022238 ], [ 138.2675529, 36.4022711 ], [ 138.2672179, 36.4023377 ], [ 138.2671306, 36.4023528 ], [ 138.2667103, 36.4024265 ], [ 138.266388, 36.4024853 ], [ 138.2656921, 36.40261 ], [ 138.2646943, 36.4027911 ], [ 138.2641598, 36.4029 ], [ 138.2640486, 36.4029341 ], [ 138.2637786, 36.403075 ], [ 138.2635661, 36.4032249 ], [ 138.2634224, 36.4033291 ], [ 138.2631032, 36.4035676 ], [ 138.2623738, 36.4041419 ], [ 138.2621998, 36.4042638 ], [ 138.2620676, 36.4043559 ], [ 138.261926, 36.404431 ], [ 138.2617411, 36.4044914 ], [ 138.2615333, 36.4045223 ], [ 138.2612017, 36.4045269 ] ] } },
{ "type": "Feature", "properties": { "N12_001": "20", "N12_002": 2, "N12_003": 3, "N12_004": "一般国道144号", "N12_005": 59, "N12_006": 2 }, "geometry": { "type": "LineString", "coordinates": [ [ 138.2811546, 36.4079433 ], [ 138.28095, 36.4077543 ], [ 138.2806889, 36.4075133 ], [ 138.2804163, 36.4072783 ], [ 138.2802914, 36.4071816 ], [ 138.2799946, 36.4070167 ], [ 138.2797117, 36.406867 ], [ 138.2792475, 36.4066474 ], [ 138.2787596, 36.406435 ], [ 138.2779818, 36.4061069 ], [ 138.2776924, 36.4059847 ], [ 138.2771509, 36.4057568 ], [ 138.2764652, 36.405468 ], [ 138.2754421, 36.4050372 ], [ 138.2749918, 36.4048982 ], [ 138.2741105, 36.4045355 ], [ 138.2739007, 36.4044472 ], [ 138.2726445, 36.4039364 ] ] } },
{ "type": "Feature", "properties": { "N12_001": "20", "N12_002": 2, "N12_003": 3, "N12_004": "一般国道147号", "N12_005": 60, "N12_006": 1 }, "geometry": { "type": "LineString", "coordinates": [ [ 137.8553613, 36.5028634 ], [ 137.8552162, 36.5033106 ], [ 137.8547009, 36.5052469 ], [ 137.8544848, 36.5059977 ], [ 137.8542404, 36.5069555 ], [ 137.8539053, 36.5082329 ], [ 137.8537215, 36.5088957 ], [ 137.8532993, 36.5103129 ], [ 137.8529424, 36.5115382 ], [ 137.8526798, 36.5124467 ], [ 137.8525118, 36.513013 ] ] } },
{ "type": "Feature", "properties": { "N12_001": "20", "N12_002": 1, "N12_003": 3, "N12_004": "一般国道147号", "N12_005": 60, "N12_006": 2 }, "geometry": { "type": "LineString", "coordinates": [ [ 137.8630705, 36.4961149 ], [ 137.8629525, 36.4962101 ], [ 137.860492, 36.497893 ], [ 137.8600459, 36.4982286 ], [ 137.8593559, 36.4987005 ], [ 137.8583373, 36.4994227 ], [ 137.8575606, 36.4999616 ], [ 137.8573141, 36.5001956 ], [ 137.8566989, 36.5008036 ], [ 137.8564943, 36.5010166 ], [ 137.8561671, 36.5013582 ], [ 137.8559821, 36.5016003 ], [ 137.8557545, 36.5019103 ], [ 137.8554578, 36.5025727 ], [ 137.855399, 36.5027471 ], [ 137.8553613, 36.5028634 ] ] } },
{ "type": "Feature", "properties": { "N12_001": "20", "N12_002": 2, "N12_003": 6, "N12_004": "長野県道　伊那インター西箕輪線", "N12_005": 61, "N12_006": 1 }, "geometry": { "type": "LineString", "coordinates": [ [ 137.9434806, 35.8630626 ], [ 137.9420212, 35.8636565 ], [ 137.9413414, 35.8639339 ], [ 137.9383224, 35.8651643 ], [ 137.9378889, 35.8653585 ], [ 137.9368963, 35.8667936 ], [ 137.9365503, 35.8673052 ], [ 137.936459, 35.867487 ], [ 137.9358429, 35.8690433 ], [ 137.9352763, 35.8706827 ] ] } },
{ "type": "Feature", "properties": { "N12_001": "20", "N12_002": 2, "N12_003": 6, "N12_004": "長野県道　伊那生田飯田線", "N12_005": 37, "N12_006": 2 }, "geometry": { "type": "LineString", "coordinates": [ [ 137.8443495, 35.5066192 ], [ 137.8449672, 35.5065538 ], [ 137.8457991, 35.5064225 ], [ 137.8460817, 35.5063759 ], [ 137.8465358, 35.506259 ], [ 137.8473145, 35.5060844 ], [ 137.8480439, 35.5059267 ], [ 137.8492899, 35.5055835 ], [ 137.8503437, 35.5052848 ], [ 137.8506532, 35.5052032 ], [ 137.8518835, 35.5049185 ], [ 137.8543207, 35.5043792 ], [ 137.8560313, 35.5040071 ], [ 137.8571027, 35.5037786 ], [ 137.8574295, 35.5037086 ], [ 137.8583342, 35.5034534 ], [ 137.8591665, 35.5032186 ], [ 137.8594212, 35.5031193 ], [ 137.8600176, 35.5028854 ], [ 137.8603751, 35.5027345 ], [ 137.8605609, 35.5026334 ], [ 137.8606848, 35.5025545 ], [ 137.8609637, 35.50232 ], [ 137.8610837, 35.5021603 ], [ 137.8612145, 35.5019687 ], [ 137.8613326, 35.5018123 ], [ 137.861407, 35.5016195 ], [ 137.8614828, 35.5013211 ], [ 137.8615034, 35.5011298 ], [ 137.8614901, 35.5007489 ], [ 137.8615243, 35.5005833 ], [ 137.8628575, 35.5004236 ], [ 137.8636597, 35.5003272 ], [ 137.8637425, 35.5003601 ], [ 137.8638017, 35.500415 ], [ 137.864444, 35.502307 ], [ 137.8645026, 35.5024081 ], [ 137.8646195, 35.5025489 ], [ 137.8648326, 35.5027178 ], [ 137.8649631, 35.5027967 ], [ 137.8652525, 35.5029665 ], [ 137.8653252, 35.5033132 ], [ 137.865441, 35.5032517 ], [ 137.8656446, 35.5031871 ], [ 137.8657835, 35.5032388 ], [ 137.8661319, 35.5034916 ], [ 137.8666676, 35.5038351 ], [ 137.8670122, 35.5040497 ], [ 137.8673215, 35.504221 ], [ 137.868089, 35.5049306 ], [ 137.8687068, 35.5057996 ], [ 137.8688201, 35.5059792 ], [ 137.869184, 35.5067501 ], [ 137.8693878, 35.5071934 ], [ 137.8695212, 35.5076053 ], [ 137.8695006, 35.5078417 ], [ 137.8694317, 35.5081909 ], [ 137.8693821, 35.5083331 ], [ 137.8693589, 35.5083995 ], [ 137.8689978, 35.5088611 ], [ 137.8688876, 35.5091873 ], [ 137.868874, 35.509435 ], [ 137.868867, 35.5102292 ], [ 137.8688809, 35.5103417 ], [ 137.8689362, 35.5105245 ], [ 137.8690534, 35.5106886 ], [ 137.8691563, 35.5108191 ], [ 137.8693734, 35.511016 ], [ 137.8697286, 35.51133 ], [ 137.8698584, 35.5114736 ], [ 137.8699548, 35.5116592 ], [ 137.870072, 35.5119683 ], [ 137.870182, 35.5122731 ], [ 137.8702234, 35.512352 ], [ 137.8707964, 35.512992 ], [ 137.8709051, 35.5131064 ], [ 137.8718502, 35.5138356 ], [ 137.8723236, 35.5141674 ], [ 137.8725587, 35.5143458 ], [ 137.8732097, 35.5147845 ] ] } },
{ "type": "Feature", "properties": { "N12_001": "20", "N12_002": 2, "N12_003": 6, "N12_004": "長野県道　伊那生田飯田線", "N12_005": 37, "N12_006": 3 }, "geometry": { "type": "LineString", "coordinates": [ [ 137.9407594, 35.6341868 ], [ 137.940815, 35.6345912 ], [ 137.9408313, 35.6349367 ], [ 137.9408681, 35.6357309 ], [ 137.9409025, 35.636052 ], [ 137.9409714, 35.6362884 ], [ 137.9410964, 35.6365074 ], [ 137.9413228, 35.6367723 ], [ 137.9416678, 35.6370543 ], [ 137.9418397, 35.6371948 ], [ 137.9421084, 35.6373974 ], [ 137.9423865, 35.6375632 ], [ 137.9425315, 35.637641 ], [ 137.942784, 35.637814 ], [ 137.9430702, 35.6380382 ], [ 137.9431911, 35.6382257 ], [ 137.9433008, 35.6384781 ], [ 137.9433907, 35.6388485 ], [ 137.9435266, 35.6392214 ], [ 137.9436516, 35.6393964 ], [ 137.943771, 35.6395717 ], [ 137.9439345, 35.6397679 ], [ 137.9441551, 35.6400106 ], [ 137.9445886, 35.6403752 ], [ 137.9449043, 35.6405715 ], [ 137.9452769, 35.6407461 ], [ 137.9456059, 35.6408725 ] ] } },
{ "type": "Feature", "properties": { "N12_001": "20", "N12_002": 2, "N12_003": 6, "N12_004": "長野県道　姥神奈良井線", "N12_005": 62, "N12_006": 1 }, "geometry": { "type": "LineString", "coordinates": [ [ 137.8148227, 35.9090113 ], [ 137.815044, 35.9090624 ], [ 137.8150897, 35.9091686 ], [ 137.8150868, 35.9098339 ], [ 137.8150184, 35.9099748 ], [ 137.8149071, 35.9100626 ], [ 137.8144822, 35.9103999 ], [ 137.8143681, 35.9105385 ], [ 137.8143167, 35.9107256 ], [ 137.8143196, 35.9108134 ], [ 137.8143367, 35.9109497 ], [ 137.8144137, 35.9111206 ], [ 137.8148815, 35.9118853 ], [ 137.8153464, 35.9125228 ], [ 137.8155118, 35.9127561 ], [ 137.8155888, 35.912971 ], [ 137.8155859, 35.9131904 ], [ 137.8155717, 35.9132366 ], [ 137.8152808, 35.9139296 ], [ 137.815238, 35.9140243 ], [ 137.8151923, 35.9142391 ], [ 137.8151895, 35.9143592 ], [ 137.815238, 35.9147658 ], [ 137.8152779, 35.9149252 ], [ 137.8153207, 35.9150684 ], [ 137.8154947, 35.9155142 ], [ 137.8155261, 35.9156251 ], [ 137.8155318, 35.9157013 ], [ 137.8155318, 35.9157683 ], [ 137.815489, 35.9165652 ], [ 137.815469, 35.9166183 ], [ 137.8153891, 35.9167477 ], [ 137.8152038, 35.9169256 ], [ 137.8151382, 35.917041 ], [ 137.814987, 35.9174984 ], [ 137.8149898, 35.9175769 ], [ 137.8150013, 35.9176855 ], [ 137.8150241, 35.9177871 ], [ 137.8150412, 35.9178726 ], [ 137.8150241, 35.917995 ], [ 137.8147674, 35.9186348 ], [ 137.8147046, 35.9187272 ], [ 137.8146105, 35.9188381 ], [ 137.8145164, 35.9189074 ], [ 137.8144508, 35.9189513 ], [ 137.8138186, 35.9192697 ], [ 137.8137387, 35.9193744 ], [ 137.8136702, 35.9194637 ], [ 137.8136702, 35.9195253 ], [ 137.8136474, 35.9197255 ], [ 137.8136018, 35.9197994 ], [ 137.8134459, 35.9199749 ], [ 137.8134002, 35.920095 ], [ 137.8134269, 35.9202028 ], [ 137.8134801, 35.9203075 ], [ 137.8135409, 35.9203599 ], [ 137.8136702, 35.9204153 ], [ 137.8137995, 35.920443 ], [ 137.8139631, 35.9204707 ], [ 137.814081, 35.9205046 ], [ 137.8141836, 35.9205816 ], [ 137.8144232, 35.9208495 ], [ 137.8144955, 35.9208896 ], [ 137.8146324, 35.9209604 ], [ 137.8147807, 35.9210374 ], [ 137.8148872, 35.9211298 ], [ 137.8149708, 35.9212037 ], [ 137.8151153, 35.921293 ], [ 137.8152218, 35.9213515 ], [ 137.8153359, 35.9213885 ], [ 137.8154196, 35.9214716 ], [ 137.8154956, 35.9215671 ], [ 137.8155146, 35.9216441 ], [ 137.8154956, 35.9217272 ], [ 137.8150013, 35.9227096 ], [ 137.8149328, 35.9228821 ], [ 137.8148872, 35.9229683 ], [ 137.8148225, 35.9230607 ], [ 137.8146742, 35.9231685 ], [ 137.8144803, 35.9232578 ], [ 137.8133774, 35.9236736 ], [ 137.8132519, 35.923729 ], [ 137.813134, 35.9237752 ], [ 137.8128412, 35.9241324 ], [ 137.8126777, 35.9243295 ], [ 137.8126092, 35.9244927 ], [ 137.8125408, 35.9247114 ], [ 137.8125066, 35.9247699 ], [ 137.8124343, 35.9248623 ], [ 137.8121415, 35.9251702 ], [ 137.8121187, 35.9252595 ], [ 137.8121339, 35.9253211 ], [ 137.8121605, 35.9254289 ], [ 137.8123164, 35.9255859 ], [ 137.8123545, 35.9257184 ], [ 137.8123545, 35.9258138 ], [ 137.8122252, 35.9268855 ], [ 137.8121415, 35.927061 ], [ 137.8120426, 35.927215 ], [ 137.8119019, 35.9274767 ], [ 137.8118753, 35.9275783 ], [ 137.8118411, 35.927951 ], [ 137.8118487, 35.9281049 ], [ 137.8118639, 35.9282435 ], [ 137.8118981, 35.928456 ], [ 137.8118981, 35.9285853 ], [ 137.8118867, 35.9286592 ], [ 137.8118182, 35.9288748 ], [ 137.8117954, 35.9289148 ], [ 137.8116851, 35.9290749 ], [ 137.8116623, 35.9291365 ], [ 137.8115368, 35.9300234 ], [ 137.8115292, 35.9301558 ], [ 137.8115368, 35.930242 ], [ 137.8115292, 35.9302851 ], [ 137.8115064, 35.9303806 ], [ 137.8114418, 35.9304976 ], [ 137.8113809, 35.9305684 ], [ 137.8112478, 35.9306977 ], [ 137.8109322, 35.9313167 ], [ 137.8109284, 35.9313721 ], [ 137.810936, 35.9314522 ], [ 137.8109512, 35.9315445 ], [ 137.8110653, 35.9321973 ], [ 137.8110311, 35.932339 ], [ 137.8109854, 35.9325391 ], [ 137.8109816, 35.9331765 ], [ 137.8109512, 35.9332412 ], [ 137.8106089, 35.93378 ], [ 137.8105177, 35.9340264 ], [ 137.8103922, 35.9345714 ], [ 137.8102363, 35.935489 ], [ 137.810164, 35.9356706 ], [ 137.8101032, 35.9358215 ], [ 137.8100195, 35.935997 ], [ 137.8099396, 35.9361263 ], [ 137.809856, 35.9362587 ], [ 137.8097038, 35.9364835 ], [ 137.8096468, 35.9367914 ], [ 137.8095898, 35.9368561 ], [ 137.8094453, 35.9370131 ], [ 137.8093654, 35.937124 ], [ 137.809316, 35.9372071 ], [ 137.8093083, 35.9373025 ], [ 137.8092855, 35.9374688 ], [ 137.8093198, 35.9376289 ], [ 137.8093502, 35.937672 ], [ 137.8093834, 35.9377415 ], [ 137.8095086, 35.9378876 ], [ 137.8095586, 35.9379709 ], [ 137.8095836, 35.9380542 ], [ 137.8095586, 35.9381709 ], [ 137.8094836, 35.9383209 ], [ 137.8093835, 35.9385292 ], [ 137.8092836, 35.9386042 ], [ 137.8092329, 35.9386234 ], [ 137.8089336, 35.9387375 ], [ 137.8087977, 35.9388009 ], [ 137.8086836, 35.9388541 ], [ 137.8085586, 35.9389458 ], [ 137.8085211, 35.9390374 ], [ 137.8084336, 35.939479 ], [ 137.8083961, 35.939704 ], [ 137.8083909, 35.9397134 ], [ 137.8083086, 35.9398623 ], [ 137.8081336, 35.9399956 ], [ 137.8081006, 35.9400475 ], [ 137.8079961, 35.9402122 ], [ 137.8079086, 35.9403539 ], [ 137.8078086, 35.9405622 ], [ 137.8078086, 35.9406455 ], [ 137.8078211, 35.9407288 ], [ 137.8078465, 35.9408341 ], [ 137.8078836, 35.9409871 ], [ 137.807946, 35.9411955 ], [ 137.8079335, 35.9413538 ], [ 137.807871, 35.9414621 ], [ 137.807846, 35.9415537 ], [ 137.8078585, 35.9416371 ], [ 137.8079085, 35.9418037 ], [ 137.8078835, 35.9419204 ], [ 137.807796, 35.9420287 ], [ 137.807671, 35.9420953 ], [ 137.8075474, 35.9421211 ], [ 137.807471, 35.942137 ], [ 137.8071836, 35.9421287 ], [ 137.8071086, 35.9421703 ], [ 137.8070336, 35.942262 ], [ 137.8070336, 35.9423951 ], [ 137.8070336, 35.9424953 ], [ 137.806996, 35.9426786 ], [ 137.8069835, 35.9427786 ], [ 137.8069335, 35.9434535 ], [ 137.8068835, 35.9436618 ], [ 137.8068784, 35.9436736 ], [ 137.8068476, 35.9437443 ], [ 137.806771, 35.9439201 ], [ 137.8066877, 35.94407 ], [ 137.806646, 35.9441451 ], [ 137.806496, 35.9443034 ], [ 137.8063585, 35.9443867 ], [ 137.8058961, 35.9445866 ], [ 137.8058336, 35.9446616 ], [ 137.8057961, 35.9447616 ], [ 137.805796, 35.9448616 ], [ 137.8059674, 35.9451321 ], [ 137.8060335, 35.9452366 ], [ 137.8061835, 35.9454782 ], [ 137.806296, 35.9455782 ], [ 137.8066694, 35.945832 ], [ 137.8069334, 35.9460115 ], [ 137.8068834, 35.9460615 ], [ 137.8068158, 35.9461366 ], [ 137.8066584, 35.9463115 ], [ 137.8066959, 35.9464281 ], [ 137.8067084, 35.9465948 ], [ 137.8067209, 35.9467198 ], [ 137.8067561, 35.9468254 ], [ 137.8067709, 35.9468698 ], [ 137.8067833, 35.9471114 ], [ 137.8068208, 35.9472114 ], [ 137.8068958, 35.9472697 ], [ 137.8070208, 35.947353 ], [ 137.8070958, 35.9474447 ], [ 137.8072833, 35.9477197 ], [ 137.8074082, 35.9479613 ], [ 137.8075957, 35.948378 ], [ 137.8076957, 35.9486196 ], [ 137.8076957, 35.9486946 ], [ 137.8075957, 35.9488446 ], [ 137.8073582, 35.9491862 ], [ 137.8073207, 35.9492945 ], [ 137.8073121, 35.9493345 ], [ 137.8072582, 35.9495862 ], [ 137.8072582, 35.9497445 ], [ 137.8072582, 35.9498528 ], [ 137.8072457, 35.9499528 ], [ 137.8071707, 35.9500861 ], [ 137.8070457, 35.9502777 ], [ 137.8069457, 35.9504194 ], [ 137.8068582, 35.9504944 ], [ 137.8067707, 35.950561 ], [ 137.8067285, 35.9506249 ], [ 137.8066332, 35.9507693 ], [ 137.8065034, 35.9509361 ], [ 137.8063587, 35.9511104 ], [ 137.8061781, 35.9512547 ], [ 137.8061412, 35.9513853 ], [ 137.8061207, 35.951493 ], [ 137.8061207, 35.9515359 ], [ 137.8061207, 35.9516276 ], [ 137.8061609, 35.9517751 ], [ 137.8061706, 35.9518109 ], [ 137.8062456, 35.9519192 ], [ 137.8063456, 35.9520275 ], [ 137.8065206, 35.9521109 ], [ 137.806733, 35.9522062 ], [ 137.8071705, 35.9524025 ], [ 137.8072284, 35.9524315 ], [ 137.8075705, 35.9526025 ], [ 137.807758, 35.9527275 ], [ 137.8077703, 35.9527398 ], [ 137.8079079, 35.9528775 ], [ 137.8079569, 35.9529387 ], [ 137.8081079, 35.9531275 ], [ 137.8082247, 35.9532878 ], [ 137.8083204, 35.9534191 ], [ 137.8083502, 35.9534748 ], [ 137.8084296, 35.9536229 ], [ 137.8084454, 35.9536524 ], [ 137.8085078, 35.9538107 ], [ 137.8085086, 35.9538148 ], [ 137.8085453, 35.9540024 ], [ 137.8085203, 35.9541857 ], [ 137.8084578, 35.954519 ], [ 137.8084539, 35.9545468 ], [ 137.8084489, 35.9545827 ], [ 137.8084078, 35.9548773 ], [ 137.8083078, 35.9553523 ], [ 137.8082472, 35.9555427 ], [ 137.8081409, 35.9558767 ], [ 137.8081328, 35.9559022 ], [ 137.8079827, 35.9564105 ], [ 137.8078955, 35.9567047 ], [ 137.8077702, 35.9571271 ], [ 137.807753, 35.9571904 ], [ 137.8076702, 35.9574937 ], [ 137.8076327, 35.9576687 ], [ 137.8076452, 35.9577936 ], [ 137.8076952, 35.9579186 ], [ 137.8078077, 35.9580603 ], [ 137.8078827, 35.9581103 ], [ 137.8082326, 35.9582603 ], [ 137.8084826, 35.958352 ], [ 137.808895, 35.9585186 ], [ 137.8090825, 35.9585853 ], [ 137.809195, 35.958602 ], [ 137.8093718, 35.9585849 ] ] } },
{ "type": "Feature", "properties": { "N12_001": "20", "N12_002": 2, "N12_003": 6, "N12_004": "長野県道　岡谷下諏訪線", "N12_005": 63, "N12_006": 1 }, "geometry": { "type": "LineString", "coordinates": [ [ 138.0811606, 36.0748753 ], [ 138.0811237, 36.0745176 ], [ 138.0810961, 36.0742694 ], [ 138.0810219, 36.0735463 ], [ 138.0810029, 36.0734176 ], [ 138.0809554, 36.0732582 ], [ 138.0809411, 36.0732216 ], [ 138.0807272, 36.0728816 ], [ 138.0803731, 36.0723706 ], [ 138.0802542, 36.072117 ], [ 138.0801972, 36.0719691 ], [ 138.0801259, 36.0710354 ], [ 138.0800807, 36.0704668 ], [ 138.0801021, 36.0703669 ], [ 138.0801259, 36.0703112 ], [ 138.0801591, 36.0702535 ], [ 138.0806036, 36.0697444 ], [ 138.0806437, 36.0696701 ] ] } },
{ "type": "Feature", "properties": { "N12_001": "20", "N12_002": 2, "N12_003": 6, "N12_004": "長野県道　立沢富士見停車場線", "N12_005": 64, "N12_006": 1 }, "geometry": { "type": "LineString", "coordinates": [ [ 138.2412758, 35.9139793 ], [ 138.240981, 35.9135327 ], [ 138.2402076, 35.9123154 ], [ 138.2399081, 35.9118026 ], [ 138.2397228, 35.911403 ] ] } },
{ "type": "Feature", "properties": { "N12_001": "20", "N12_002": 2, "N12_003": 9, "N12_004": "-", "N12_005": 65, "N12_006": 1 }, "geometry": { "type": "LineString", "coordinates": [ [ 137.8416529, 35.3783337 ], [ 137.8420529, 35.3784421 ], [ 137.8422486, 35.3784682 ], [ 137.8424216, 35.3784712 ], [ 137.8425404, 35.3784671 ], [ 137.8428278, 35.3783921 ], [ 137.8437778, 35.3779005 ], [ 137.8439524, 35.3778285 ], [ 137.8440403, 35.3777922 ], [ 137.8442278, 35.3777672 ], [ 137.8444153, 35.377788 ], [ 137.8446375, 35.377859 ], [ 137.8458196, 35.378315 ], [ 137.8459776, 35.3783588 ], [ 137.8462841, 35.3784166 ], [ 137.8465838, 35.3784671 ], [ 137.8470775, 35.3785505 ] ] } },
{ "type": "Feature", "properties": { "N12_001": "20", "N12_002": 2, "N12_003": 9, "N12_004": "-", "N12_005": 66, "N12_006": 1 }, "geometry": { "type": "LineString", "coordinates": [ [ 137.8470775, 35.3785505 ], [ 137.8465526, 35.3773923 ] ] } },
{ "type": "Feature", "properties": { "N12_001": "20", "N12_002": 2, "N12_003": 7, "N12_004": "岡谷市道　114号線（間下東街道線）", "N12_005": 67, "N12_006": 1 }, "geometry": { "type": "LineString", "coordinates": [ [ 138.0493948, 36.0656862 ], [ 138.0491732, 36.0659927 ], [ 138.0487853, 36.0666997 ], [ 138.048732, 36.0668018 ] ] } },
{ "type": "Feature", "properties": { "N12_001": "20", "N12_002": 2, "N12_003": 6, "N12_004": "長野県道　下諏訪辰野線", "N12_005": 68, "N12_006": 1 }, "geometry": { "type": "LineString", "coordinates": [ [ 138.0493948, 36.0656862 ], [ 138.0494453, 36.0657224 ], [ 138.0498201, 36.0660141 ], [ 138.0501737, 36.0662338 ], [ 138.0503466, 36.0663216 ], [ 138.0504431, 36.0663708 ], [ 138.0507693, 36.0665207 ], [ 138.0510568, 36.0666594 ], [ 138.0512384, 36.0667452 ], [ 138.0516215, 36.0669263 ], [ 138.0521566, 36.0671642 ], [ 138.0528877, 36.0674501 ], [ 138.0533216, 36.0676175 ], [ 138.0535062, 36.0676974 ], [ 138.0537487, 36.0678213 ], [ 138.0542615, 36.0681254 ], [ 138.054644, 36.0683169 ], [ 138.0552037, 36.068604 ], [ 138.0554048, 36.068679 ], [ 138.0555168, 36.0687058 ], [ 138.0558065, 36.0687446 ], [ 138.0559934, 36.0687616 ], [ 138.0562358, 36.0687984 ], [ 138.0565271, 36.0688349 ], [ 138.0567557, 36.0688685 ], [ 138.056944, 36.0689235 ], [ 138.0571927, 36.0690152 ], [ 138.0572972, 36.0690579 ], [ 138.0575456, 36.0691613 ], [ 138.0578507, 36.0693527 ], [ 138.0582109, 36.0695838 ], [ 138.0585673, 36.0698411 ], [ 138.0592115, 36.070363 ], [ 138.0593054, 36.0704843 ], [ 138.0594638, 36.0707519 ], [ 138.0598418, 36.0714454 ], [ 138.0599429, 36.0715935 ], [ 138.0603172, 36.0719875 ], [ 138.0605345, 36.072201 ], [ 138.0607012, 36.0723885 ], [ 138.0609958, 36.072668 ], [ 138.0617029, 36.0732821 ], [ 138.0620293, 36.0736078 ], [ 138.0621334, 36.0737189 ], [ 138.0629149, 36.0748014 ], [ 138.0630069, 36.0749111 ], [ 138.0631131, 36.0750378 ], [ 138.0632824, 36.0752413 ], [ 138.0636843, 36.075686 ], [ 138.0638785, 36.0758718 ], [ 138.0639885, 36.0759601 ], [ 138.0641135, 36.0760528 ], [ 138.064575, 36.0764615 ], [ 138.064863, 36.0768977 ], [ 138.0651046, 36.0772624 ], [ 138.0652571, 36.0774877 ], [ 138.0654996, 36.0778421 ], [ 138.0656885, 36.0780939 ], [ 138.065746, 36.0781863 ], [ 138.0657667, 36.0782726 ] ] } },
{ "type": "Feature", "properties": { "N12_001": "20", "N12_002": 2, "N12_003": 7, "N12_004": "岡谷市道　11号線（今井通り線）", "N12_005": 69, "N12_006": 1 }, "geometry": { "type": "LineString", "coordinates": [ [ 138.0512384, 36.0667452 ], [ 138.051226, 36.0670157 ], [ 138.051284, 36.0679207 ], [ 138.0513267, 36.068995 ], [ 138.0513153, 36.06947 ] ] } },
{ "type": "Feature", "properties": { "N12_001": "20", "N12_002": 2, "N12_003": 6, "N12_004": "長野県道　開田三岳福島線", "N12_005": 70, "N12_006": 1 }, "geometry": { "type": "LineString", "coordinates": [ [ 137.6814578, 35.8235562 ], [ 137.6809503, 35.8237013 ], [ 137.6793103, 35.8242062 ], [ 137.6789585, 35.8243103 ], [ 137.6786495, 35.8243489 ], [ 137.6785369, 35.824373 ], [ 137.6781715, 35.824283 ], [ 137.6775674, 35.8241993 ], [ 137.6770921, 35.8240798 ], [ 137.6763362, 35.8239257 ], [ 137.6759179, 35.8238254 ], [ 137.6756299, 35.8237669 ], [ 137.6751878, 35.8237206 ], [ 137.6746506, 35.8236744 ], [ 137.6741039, 35.8235317 ], [ 137.6735374, 35.8233561 ], [ 137.6721636, 35.8227857 ], [ 137.6708611, 35.8222345 ], [ 137.6704618, 35.8221382 ], [ 137.6697583, 35.8219686 ], [ 137.6693475, 35.8219122 ], [ 137.6691783, 35.8219227 ], [ 137.6689439, 35.8218914 ], [ 137.6686525, 35.8218628 ], [ 137.6683322, 35.8218027 ], [ 137.6680222, 35.8217586 ], [ 137.6677304, 35.821748 ], [ 137.6674785, 35.821743 ], [ 137.6671733, 35.8217377 ], [ 137.6668166, 35.821743 ], [ 137.6665694, 35.8217752 ], [ 137.6663477, 35.8218027 ], [ 137.666162, 35.8218233 ], [ 137.6658197, 35.8220052 ], [ 137.6653862, 35.8222642 ], [ 137.6650896, 35.8224122 ], [ 137.6646674, 35.8225325 ], [ 137.6643822, 35.8226157 ], [ 137.6641198, 35.8227021 ], [ 137.663865, 35.8227853 ], [ 137.6636026, 35.8228624 ], [ 137.6633707, 35.8229611 ], [ 137.6632642, 35.8230721 ], [ 137.6631653, 35.8233188 ], [ 137.6630892, 35.823513 ], [ 137.6629391, 35.8236989 ], [ 137.6628183, 35.8238072 ], [ 137.6626558, 35.8238822 ], [ 137.6623975, 35.823928 ], [ 137.6622044, 35.8240162 ], [ 137.6618051, 35.8240393 ], [ 137.6610636, 35.823993 ], [ 137.6604456, 35.8239309 ], [ 137.6601414, 35.8239314 ], [ 137.6596946, 35.8240019 ], [ 137.6591717, 35.8240162 ], [ 137.658354, 35.8238389 ], [ 137.6580878, 35.8238389 ], [ 137.6570422, 35.8238842 ], [ 137.6562149, 35.8238774 ], [ 137.6552072, 35.8237926 ], [ 137.6542716, 35.8236168 ], [ 137.653177, 35.8236861 ], [ 137.6526516, 35.8236723 ], [ 137.6511799, 35.8234411 ], [ 137.649674, 35.8231636 ], [ 137.6458064, 35.8231358 ], [ 137.6455022, 35.8230655 ], [ 137.6443143, 35.822116 ], [ 137.6428811, 35.8209039 ], [ 137.6425922, 35.8207538 ], [ 137.6423972, 35.8206719 ], [ 137.6421681, 35.8206042 ], [ 137.6419296, 35.8205505 ], [ 137.641668, 35.8204991 ], [ 137.6413571, 35.8204994 ], [ 137.6408847, 35.8208311 ], [ 137.6403458, 35.8212103 ], [ 137.6402283, 35.8213286 ], [ 137.6402078, 35.8213677 ], [ 137.6398969, 35.821728 ], [ 137.639738, 35.8219477 ], [ 137.6394631, 35.8224272 ], [ 137.6392797, 35.8227794 ], [ 137.6390144, 35.8233774 ], [ 137.6389375, 35.8238142 ], [ 137.6384051, 35.8246159 ], [ 137.6381769, 35.8248256 ], [ 137.6378581, 35.8250586 ], [ 137.6376864, 35.8251575 ], [ 137.6374939, 35.8252336 ], [ 137.637285, 35.8252927 ], [ 137.636968, 35.8253547 ], [ 137.636823, 35.8253716 ], [ 137.6366847, 35.8253941 ], [ 137.6365358, 35.8254339 ], [ 137.6363344, 35.8255228 ], [ 137.6361994, 35.8256847 ], [ 137.6360769, 35.8258558 ], [ 137.635835, 35.82625 ], [ 137.6357244, 35.8264697 ], [ 137.6356552, 35.8267065 ], [ 137.6356347, 35.8268189 ], [ 137.6356, 35.8271286 ], [ 137.635592, 35.8273363 ], [ 137.6355725, 35.827855 ], [ 137.6354206, 35.8282491 ], [ 137.6352478, 35.8290994 ], [ 137.6350475, 35.8301075 ], [ 137.6349578, 35.8305411 ], [ 137.6347642, 35.8313969 ], [ 137.6346536, 35.8316052 ], [ 137.63455, 35.831718 ], [ 137.6344119, 35.8318194 ], [ 137.6341908, 35.8319375 ], [ 137.6340733, 35.8320164 ], [ 137.633957, 35.832128 ], [ 137.6338661, 35.8322361 ], [ 137.6338039, 35.8323825 ], [ 137.6336658, 35.8327936 ], [ 137.6336658, 35.8328386 ], [ 137.6336898, 35.8330236 ], [ 137.6337922, 35.833333 ], [ 137.6339928, 35.8339147 ], [ 137.6343522, 35.8349567 ], [ 137.6343828, 35.8351139 ], [ 137.6343436, 35.8352277 ], [ 137.6342886, 35.8353139 ], [ 137.634172, 35.8354555 ], [ 137.6341284, 35.8355991 ], [ 137.6341386, 35.8358389 ], [ 137.6341242, 35.835945 ], [ 137.6340614, 35.8360483 ], [ 137.6339206, 35.8361889 ], [ 137.6338478, 35.8363297 ], [ 137.6337961, 35.8365047 ], [ 137.6337256, 35.8367561 ], [ 137.6336864, 35.8370036 ], [ 137.6336578, 35.8372614 ], [ 137.6336179, 35.8373224 ], [ 137.6332941, 35.83748 ], [ 137.6320817, 35.8380955 ], [ 137.6318586, 35.8382011 ], [ 137.6317647, 35.8382664 ], [ 137.6316842, 35.8383575 ], [ 137.6316425, 35.8384486 ], [ 137.63164, 35.8385516 ], [ 137.6316442, 35.8387286 ], [ 137.6316423, 35.8388994 ], [ 137.6315817, 35.8390472 ], [ 137.6314859, 35.8391514 ], [ 137.6313695, 35.8392702 ], [ 137.6312881, 35.8394244 ], [ 137.6312361, 35.8395889 ], [ 137.6311643, 35.8397903 ], [ 137.6310716, 35.839956 ], [ 137.6309598, 35.8400639 ], [ 137.6307911, 35.840193 ], [ 137.6305938, 35.8403279 ], [ 137.630387, 35.8404493 ], [ 137.6300123, 35.8405761 ], [ 137.6293767, 35.8407411 ] ] } },
{ "type": "Feature", "properties": { "N12_001": "20", "N12_002": 2, "N12_003": 9, "N12_004": "-", "N12_005": 71, "N12_006": 1 }, "geometry": { "type": "LineString", "coordinates": [ [ 138.1645515, 35.9916239 ], [ 138.1642765, 35.9917739 ], [ 138.1637698, 35.9922624 ], [ 138.1630491, 35.9929624 ], [ 138.162082, 35.9939017 ], [ 138.1613892, 35.9934236 ], [ 138.1585645, 35.992582 ], [ 138.1578348, 35.9944347 ], [ 138.1576544, 35.9950072 ], [ 138.1574215, 35.9961257 ], [ 138.1572394, 35.9969064 ], [ 138.1573177, 35.9985547 ], [ 138.1573596, 35.9989794 ] ] } },
{ "type": "Feature", "properties": { "N12_001": "20", "N12_002": 2, "N12_003": 6, "N12_004": "長野県道　茅野停車場八子ヶ峰公園線", "N12_005": 72, "N12_006": 1 }, "geometry": { "type": "LineString", "coordinates": [ [ 138.1576544, 35.9950072 ], [ 138.1589709, 35.9952981 ] ] } },
{ "type": "Feature", "properties": { "N12_001": "20", "N12_002": 2, "N12_003": 6, "N12_004": "長野県道　小諸上田線", "N12_005": 73, "N12_006": 1 }, "geometry": { "type": "LineString", "coordinates": [ [ 138.3486122, 36.365517 ], [ 138.3475819, 36.3658407 ], [ 138.345682, 36.3664572 ], [ 138.3445071, 36.3669655 ], [ 138.3422947, 36.3681902 ], [ 138.3406698, 36.3690901 ], [ 138.336895, 36.3711855 ], [ 138.3358201, 36.3717854 ], [ 138.3353451, 36.3720478 ], [ 138.3351201, 36.3721478 ], [ 138.3347826, 36.3723061 ], [ 138.3343576, 36.3724477 ], [ 138.3340991, 36.3725256 ], [ 138.3339702, 36.3725643 ], [ 138.3337577, 36.3726143 ], [ 138.3333452, 36.3726893 ], [ 138.3329078, 36.372756 ], [ 138.3323078, 36.3727726 ], [ 138.3317829, 36.3727726 ], [ 138.3297331, 36.3726725 ], [ 138.325421, 36.3724808 ], [ 138.3249585, 36.3724807 ], [ 138.324571, 36.3725057 ], [ 138.3241586, 36.372564 ], [ 138.3237461, 36.3726474 ], [ 138.3233836, 36.372739 ], [ 138.3230212, 36.3728556 ], [ 138.3226587, 36.3730056 ], [ 138.3221962, 36.3732222 ], [ 138.3215963, 36.3734972 ], [ 138.3206214, 36.3739637 ], [ 138.3187965, 36.3748136 ], [ 138.3173466, 36.3754968 ], [ 138.3164217, 36.37588 ], [ 138.3159967, 36.3760466 ], [ 138.3154093, 36.3762466 ], [ 138.3140844, 36.3767382 ], [ 138.3134219, 36.3769964 ], [ 138.313122, 36.3771131 ], [ 138.3127845, 36.377288 ], [ 138.3125595, 36.3774297 ], [ 138.312297, 36.3776046 ], [ 138.3121095, 36.3777796 ], [ 138.3119096, 36.3779796 ], [ 138.3117596, 36.3781879 ], [ 138.3116096, 36.3784462 ], [ 138.3114721, 36.3787378 ], [ 138.3112971, 36.3791128 ] ] } },
{ "type": "Feature", "properties": { "N12_001": "20", "N12_002": 2, "N12_003": 6, "N12_004": "長野県道　駒ヶ根長谷線", "N12_005": 74, "N12_006": 1 }, "geometry": { "type": "LineString", "coordinates": [ [ 137.9336932, 35.7350993 ], [ 137.9348248, 35.7350617 ], [ 137.9353507, 35.7350825 ], [ 137.9357648, 35.735122 ], [ 137.9361886, 35.7351765 ], [ 137.9363644, 35.7351972 ], [ 137.9367029, 35.7352234 ], [ 137.937124, 35.7352345 ], [ 137.9375931, 35.735195 ], [ 137.9385435, 35.7350931 ], [ 137.9390405, 35.7350347 ], [ 137.9393542, 35.7350146 ], [ 137.9398258, 35.7349929 ], [ 137.9402899, 35.7350181 ], [ 137.9404881, 35.7350306 ] ] } },
{ "type": "Feature", "properties": { "N12_001": "20", "N12_002": 2, "N12_003": 6, "N12_004": "長野県道　上原猿久保線", "N12_005": 75, "N12_006": 1 }, "geometry": { "type": "LineString", "coordinates": [ [ 138.4678832, 36.2567802 ], [ 138.4707173, 36.2567986 ], [ 138.4738775, 36.2568385 ], [ 138.4759804, 36.2568616 ], [ 138.4772126, 36.2568822 ], [ 138.4784177, 36.2569339 ], [ 138.4809941, 36.257139 ] ] } },
{ "type": "Feature", "properties": { "N12_001": "20", "N12_002": 2, "N12_003": 7, "N12_004": "佐久市道　31‐015号線", "N12_005": 76, "N12_006": 1 }, "geometry": { "type": "LineString", "coordinates": [ [ 138.4678204, 36.2544573 ], [ 138.4684655, 36.2543967 ], [ 138.469498, 36.2541943 ], [ 138.4702567, 36.2540517 ], [ 138.4708385, 36.2540241 ], [ 138.4718311, 36.2540241 ], [ 138.4727552, 36.2539413 ], [ 138.4740843, 36.2537481 ], [ 138.4745691, 36.2537159 ], [ 138.4752365, 36.2537343 ], [ 138.4762633, 36.2537987 ], [ 138.4770676, 36.2537941 ] ] } },
{ "type": "Feature", "properties": { "N12_001": "20", "N12_002": 2, "N12_003": 6, "N12_004": "長野県道　香坂中込線", "N12_005": 77, "N12_006": 1 }, "geometry": { "type": "LineString", "coordinates": [ [ 138.4777591, 36.2477045 ], [ 138.4777799, 36.2477538 ], [ 138.4781198, 36.2485617 ], [ 138.4785088, 36.2494416 ], [ 138.4787363, 36.2499758 ], [ 138.4789126, 36.2503913 ], [ 138.4790751, 36.2507731 ], [ 138.4793245, 36.2513772 ], [ 138.4794566, 36.2516911 ], [ 138.4795864, 36.2519991 ], [ 138.4796904, 36.2522077 ], [ 138.4800768, 36.2530349 ], [ 138.4806952, 36.2544332 ], [ 138.480804, 36.2547937 ], [ 138.4808689, 36.2551345 ], [ 138.4808883, 36.2553755 ], [ 138.4809275, 36.2557844 ], [ 138.4810159, 36.2569735 ], [ 138.4809941, 36.257139 ] ] } },
{ "type": "Feature", "properties": { "N12_001": "20", "N12_002": 2, "N12_003": 9, "N12_004": "-", "N12_005": 78, "N12_006": 1 }, "geometry": { "type": "LineString", "coordinates": [ [ 138.4826413, 36.2831778 ], [ 138.4803696, 36.2848696 ] ] } },
{ "type": "Feature", "properties": { "N12_001": "20", "N12_002": 2, "N12_003": 6, "N12_004": "長野県道　三才大豆島中御所線", "N12_005": 79, "N12_006": 1 }, "geometry": { "type": "LineString", "coordinates": [ [ 138.1908874, 36.6286638 ], [ 138.190919, 36.6286655 ], [ 138.1916712, 36.6287028 ], [ 138.1937694, 36.6288426 ], [ 138.1945794, 36.6288884 ], [ 138.1954046, 36.6289525 ], [ 138.195899, 36.6289616 ], [ 138.1965949, 36.6289006 ], [ 138.196884, 36.6288701 ], [ 138.1971839, 36.6288474 ], [ 138.1974088, 36.6288304 ], [ 138.198167, 36.6288033 ], [ 138.1984458, 36.6288027 ], [ 138.1998735, 36.6287614 ], [ 138.2004076, 36.6287401 ], [ 138.200841, 36.6287668 ], [ 138.2012042, 36.6287958 ], [ 138.2017111, 36.6288676 ] ] } },
{ "type": "Feature", "properties": { "N12_001": "20", "N12_002": 2, "N12_003": 7, "N12_004": "長野市道　長野西772号線", "N12_005": 80, "N12_006": 1 }, "geometry": { "type": "LineString", "coordinates": [ [ 138.1971839, 36.6288474 ], [ 138.1972681, 36.6309945 ], [ 138.1972776, 36.6312425 ], [ 138.1972681, 36.6313874 ], [ 138.1972514, 36.6315515 ] ] } },
{ "type": "Feature", "properties": { "N12_001": "20", "N12_002": 2, "N12_003": 7, "N12_004": "長野市道　北中市村線", "N12_005": 81, "N12_006": 1 }, "geometry": { "type": "LineString", "coordinates": [ [ 138.1908874, 36.6286638 ], [ 138.1909459, 36.6280036 ], [ 138.1910249, 36.6270503 ] ] } },
{ "type": "Feature", "properties": { "N12_001": "20", "N12_002": 2, "N12_003": 6, "N12_004": "長野県道　市田停車場線", "N12_005": 82, "N12_006": 1 }, "geometry": { "type": "LineString", "coordinates": [ [ 137.8960575, 35.5492625 ], [ 137.8955556, 35.5493769 ], [ 137.8949852, 35.5494251 ], [ 137.8939447, 35.5496331 ] ] } },
{ "type": "Feature", "properties": { "N12_001": "20", "N12_002": 2, "N12_003": 9, "N12_004": "-", "N12_005": 83, "N12_006": 1 }, "geometry": { "type": "LineString", "coordinates": [ [ 137.8939447, 35.5496331 ], [ 137.8942893, 35.5502642 ], [ 137.8945688, 35.5511089 ] ] } },
{ "type": "Feature", "properties": { "N12_001": "20", "N12_002": 2, "N12_003": 6, "N12_004": "長野県道　市田停車場上市田線", "N12_005": 84, "N12_006": 1 }, "geometry": { "type": "LineString", "coordinates": [ [ 137.8840138, 35.5501592 ], [ 137.8836669, 35.5503022 ], [ 137.883516, 35.5503887 ], [ 137.8834035, 35.5504554 ], [ 137.883216, 35.5506303 ], [ 137.8830447, 35.5508043 ], [ 137.8829535, 35.5508969 ], [ 137.8828419, 35.5510147 ], [ 137.8828035, 35.5510553 ], [ 137.8826535, 35.5512136 ], [ 137.8826018, 35.5512653 ], [ 137.8825036, 35.5513635 ], [ 137.8824411, 35.5514719 ], [ 137.8824161, 35.5515885 ], [ 137.882376, 35.5517075 ], [ 137.8822786, 35.5519968 ], [ 137.8821911, 35.5521801 ], [ 137.8821539, 35.5522864 ], [ 137.8821036, 35.5524301 ], [ 137.8820536, 35.552605 ], [ 137.8818786, 35.5530133 ], [ 137.8817286, 35.5531799 ], [ 137.8815036, 35.5533299 ], [ 137.8812911, 35.5535049 ], [ 137.8811161, 35.5536049 ], [ 137.8809787, 35.5536465 ], [ 137.8807787, 35.5536715 ], [ 137.8807699, 35.5536705 ], [ 137.8805662, 35.5536465 ], [ 137.8801766, 35.5535768 ], [ 137.8800537, 35.5535549 ], [ 137.8798038, 35.5535215 ], [ 137.8794663, 35.5535632 ], [ 137.8793538, 35.5536132 ], [ 137.8790913, 35.5537548 ], [ 137.8787789, 35.5539214 ], [ 137.8785914, 35.5539964 ], [ 137.8785604, 35.5539964 ], [ 137.8785148, 35.5539964 ], [ 137.8783914, 35.5539964 ], [ 137.8782164, 35.5539548 ], [ 137.8777415, 35.5538214 ], [ 137.877504, 35.5537548 ], [ 137.8772665, 35.5536964 ], [ 137.877029, 35.5536464 ], [ 137.8769537, 35.5536464 ], [ 137.8767791, 35.5536464 ], [ 137.8760166, 35.5536464 ], [ 137.8753542, 35.5536631 ], [ 137.8750042, 35.5536797 ], [ 137.8749667, 35.5536964 ], [ 137.8748292, 35.5537547 ], [ 137.8744967, 35.5539764 ], [ 137.8742293, 35.5541547 ], [ 137.8740918, 35.554213 ] ] } },
{ "type": "Feature", "properties": { "N12_001": "20", "N12_002": 2, "N12_003": 9, "N12_004": "-", "N12_005": 85, "N12_006": 1 }, "geometry": { "type": "LineString", "coordinates": [ [ 137.8740918, 35.554213 ], [ 137.8740346, 35.5539131 ], [ 137.8739648, 35.5533886 ], [ 137.8739553, 35.5531855 ], [ 137.8739719, 35.5531295 ], [ 137.8740337, 35.5530289 ], [ 137.8742429, 35.5528529 ], [ 137.874269, 35.5526731 ], [ 137.8745281, 35.5526286 ], [ 137.8750961, 35.5524005 ], [ 137.8752815, 35.5522632 ], [ 137.875379, 35.5521742 ], [ 137.8758211, 35.5517101 ], [ 137.8760445, 35.5515844 ], [ 137.87613, 35.5515477 ], [ 137.8771948, 35.5512982 ], [ 137.877461, 35.5512421 ], [ 137.8781575, 35.5511551 ] ] } },
{ "type": "Feature", "properties": { "N12_001": "20", "N12_002": 2, "N12_003": 9, "N12_004": "-", "N12_005": 86, "N12_006": 1 }, "geometry": { "type": "LineString", "coordinates": [ [ 138.3112971, 36.3791128 ], [ 138.3110721, 36.3790294 ], [ 138.3101597, 36.3786294 ] ] } },
{ "type": "Feature", "properties": { "N12_001": "20", "N12_002": 2, "N12_003": 6, "N12_004": "長野県道　飯島飯田線", "N12_005": 87, "N12_006": 1 }, "geometry": { "type": "LineString", "coordinates": [ [ 137.8902041, 35.6053739 ], [ 137.8902295, 35.6055257 ], [ 137.890452, 35.606076 ], [ 137.8908047, 35.6070206 ], [ 137.8908275, 35.6070994 ], [ 137.8909359, 35.6074612 ], [ 137.8909844, 35.6076119 ], [ 137.8909987, 35.6077186 ], [ 137.8910044, 35.6078647 ], [ 137.8909759, 35.6079829 ], [ 137.8908703, 35.6082913 ], [ 137.8907477, 35.6086183 ], [ 137.8907334, 35.6086948 ], [ 137.8907306, 35.6087528 ], [ 137.8907334, 35.608885 ], [ 137.8908817, 35.6096154 ], [ 137.8909816, 35.6100397 ], [ 137.8911356, 35.6107678 ], [ 137.8911755, 35.6109835 ], [ 137.8912012, 35.6111203 ], [ 137.8912354, 35.6112038 ], [ 137.8912639, 35.6112756 ], [ 137.8912867, 35.6113011 ], [ 137.8914522, 35.6115191 ], [ 137.8915691, 35.6117788 ], [ 137.8916746, 35.6120942 ], [ 137.8917345, 35.612435 ], [ 137.8918001, 35.6129219 ], [ 137.8918001, 35.6130216 ], [ 137.8918258, 35.6132628 ], [ 137.8918372, 35.6133161 ], [ 137.8916261, 35.6137567 ], [ 137.8914208, 35.6141346 ], [ 137.8913096, 35.6142714 ], [ 137.8911869, 35.6144221 ], [ 137.8911128, 35.6145311 ], [ 137.8910614, 35.6146378 ], [ 137.8910614, 35.6147096 ], [ 137.8911013, 35.6158643 ], [ 137.8910557, 35.615964 ], [ 137.8908646, 35.6163512 ], [ 137.8908332, 35.6164301 ], [ 137.890722, 35.6170352 ], [ 137.8907819, 35.6172393 ], [ 137.8908218, 35.617339 ], [ 137.8911413, 35.6178027 ], [ 137.8912411, 35.6179627 ], [ 137.8912867, 35.6180531 ], [ 137.8916689, 35.6189226 ], [ 137.8919427, 35.6195022 ], [ 137.892342, 35.6203508 ], [ 137.8926273, 35.620916 ], [ 137.8927642, 35.6210582 ], [ 137.8929467, 35.6212375 ], [ 137.8935974, 35.6225374 ], [ 137.8936111, 35.6225968 ], [ 137.8937237, 35.6228293 ], [ 137.893818, 35.6230555 ], [ 137.8938728, 35.623215 ], [ 137.8940553, 35.6236429 ], [ 137.8941334, 35.6238314 ], [ 137.8941525, 35.6239029 ], [ 137.8941715, 35.6239995 ], [ 137.8942214, 35.6241135 ], [ 137.8943355, 35.6242796 ], [ 137.8943996, 35.624355 ], [ 137.8945018, 35.6245424 ], [ 137.8945518, 35.6246255 ], [ 137.8945708, 35.6246738 ], [ 137.894585, 35.6247337 ], [ 137.894673, 35.6252051 ], [ 137.8946849, 35.6252611 ], [ 137.8946801, 35.6253017 ], [ 137.8946754, 35.6253442 ], [ 137.8947253, 35.6257093 ], [ 137.8947562, 35.6257904 ], [ 137.8947942, 35.6259353 ], [ 137.8948251, 35.6259914 ], [ 137.894875, 35.6260764 ], [ 137.8949105, 35.6261316 ], [ 137.8950053, 35.6262832 ], [ 137.8951042, 35.6264764 ], [ 137.8951556, 35.62658 ], [ 137.8951784, 35.626631 ], [ 137.8951898, 35.6266755 ], [ 137.8952023, 35.6267089 ], [ 137.8953039, 35.626937 ], [ 137.8954374, 35.6272356 ], [ 137.8955845, 35.6275657 ], [ 137.8956347, 35.6276742 ], [ 137.8956587, 35.6277364 ], [ 137.8956781, 35.6277818 ], [ 137.8957659, 35.6280442 ], [ 137.8958207, 35.6282065 ], [ 137.8958321, 35.6282269 ], [ 137.8958561, 35.6282621 ], [ 137.8958778, 35.6282964 ], [ 137.8959006, 35.6283168 ], [ 137.8959382, 35.6283613 ], [ 137.895961, 35.6283799 ], [ 137.8960261, 35.62843 ], [ 137.8961105, 35.6284773 ], [ 137.8964995, 35.6287545 ], [ 137.8966718, 35.6286859 ], [ 137.8967825, 35.6286627 ], [ 137.8970369, 35.6286627 ], [ 137.8972114, 35.6289446 ], [ 137.8974601, 35.6293239 ], [ 137.8975961, 35.6295184 ], [ 137.8980524, 35.6303104 ], [ 137.8981095, 35.6303916 ], [ 137.8985825, 35.6310484 ], [ 137.8987892, 35.631342 ], [ 137.898813, 35.6313903 ], [ 137.8988249, 35.6314773 ], [ 137.8988249, 35.631597 ], [ 137.898523, 35.6322442 ], [ 137.898454, 35.6324555 ], [ 137.8983922, 35.6329423 ], [ 137.8984017, 35.633008 ], [ 137.8984493, 35.6337151 ], [ 137.8984825, 35.6350518 ], [ 137.8984968, 35.6356584 ], [ 137.8985063, 35.6359404 ], [ 137.8984968, 35.6361761 ], [ 137.898397, 35.6365779 ], [ 137.8983732, 35.6368367 ], [ 137.898397, 35.6370492 ], [ 137.8984683, 35.6371574 ], [ 137.8986774, 35.6372578 ], [ 137.898744, 35.6373235 ], [ 137.8980737, 35.6380846 ], [ 137.8977552, 35.6385173 ], [ 137.8975889, 35.6388109 ], [ 137.8974938, 35.6392822 ], [ 137.8974938, 35.6398115 ], [ 137.8975461, 35.6400433 ], [ 137.8976364, 35.6403175 ], [ 137.8979216, 35.6408777 ], [ 137.8979596, 35.64104 ], [ 137.8980595, 35.6416542 ], [ 137.8982781, 35.6422221 ], [ 137.8983257, 35.642423 ], [ 137.8983494, 35.6427938 ], [ 137.8983399, 35.6429715 ], [ 137.8983067, 35.6431531 ], [ 137.8982449, 35.6433037 ], [ 137.8980357, 35.6436707 ], [ 137.8979739, 35.6438175 ], [ 137.8979359, 35.6439411 ], [ 137.8979074, 35.6441034 ], [ 137.8978978, 35.6442656 ], [ 137.8979216, 35.6444202 ], [ 137.8979596, 35.6446365 ], [ 137.8981213, 35.6454245 ], [ 137.8981736, 35.6455288 ], [ 137.8982449, 35.6456602 ], [ 137.8983257, 35.6457799 ], [ 137.8984445, 35.6459074 ], [ 137.8987582, 35.6461739 ], [ 137.8992003, 35.6464753 ], [ 137.8996852, 35.6468809 ], [ 137.8998326, 35.6470276 ], [ 137.9000322, 35.6472324 ], [ 137.9003792, 35.6476921 ], [ 137.9005456, 35.6480011 ], [ 137.9006835, 35.6483526 ], [ 137.9009592, 35.6491174 ], [ 137.9010685, 35.649299 ], [ 137.9012063, 35.6494342 ], [ 137.9013204, 35.6495462 ], [ 137.9018338, 35.6498436 ], [ 137.9021048, 35.6499866 ], [ 137.9022616, 35.6501218 ], [ 137.902466, 35.6503265 ], [ 137.90345, 35.6515123 ], [ 137.9044673, 35.6527059 ], [ 137.9055892, 35.6540385 ], [ 137.9063497, 35.65495 ], [ 137.9067633, 35.6556684 ], [ 137.9075191, 35.6570589 ], [ 137.9078329, 35.6575919 ], [ 137.9084318, 35.658264 ], [ 137.9091781, 35.6590905 ], [ 137.9096725, 35.6597432 ], [ 137.9099387, 35.6601449 ], [ 137.9103142, 35.6608362 ], [ 137.9108942, 35.6619563 ], [ 137.9114123, 35.6629179 ] ] } },
{ "type": "Feature", "properties": { "N12_001": "20", "N12_002": 2, "N12_003": 3, "N12_004": "一般国道152号", "N12_005": 13, "N12_006": 3 }, "geometry": { "type": "LineString", "coordinates": [ [ 138.0336888, 35.579089 ], [ 138.0337043, 35.5777137 ], [ 138.0338043, 35.5773388 ] ] } },
{ "type": "Feature", "properties": { "N12_001": "20", "N12_002": 2, "N12_003": 9, "N12_004": "-", "N12_005": 88, "N12_006": 1 }, "geometry": { "type": "LineString", "coordinates": [ [ 138.1081562, 36.031128 ], [ 138.1080799, 36.0309924 ], [ 138.1080424, 36.0308507 ], [ 138.1080174, 36.0307174 ], [ 138.1080177, 36.0307159 ], [ 138.1080841, 36.0303276 ], [ 138.10813, 36.0300592 ], [ 138.10813, 36.0299247 ], [ 138.10813, 36.0298925 ], [ 138.108105, 36.0297592 ], [ 138.108055, 36.0296092 ], [ 138.1080131, 36.0295334 ], [ 138.10788, 36.0292926 ], [ 138.1076925, 36.0288677 ], [ 138.1076069, 36.0286784 ], [ 138.1075056, 36.0284544 ], [ 138.1071993, 36.0277773 ], [ 138.1071117, 36.0275837 ], [ 138.1070087, 36.0273559 ], [ 138.1069802, 36.0272929 ], [ 138.1068032, 36.0269161 ], [ 138.1067057, 36.0267088 ], [ 138.1066552, 36.0266013 ], [ 138.1065928, 36.026443 ], [ 138.1065051, 36.0262857 ], [ 138.1064303, 36.0261514 ], [ 138.1063303, 36.0260264 ], [ 138.1062678, 36.0259764 ], [ 138.1060928, 36.0258764 ], [ 138.1060178, 36.0258431 ], [ 138.1057179, 36.0256764 ], [ 138.1048804, 36.0252598 ], [ 138.104768, 36.0252015 ], [ 138.1047129, 36.0251738 ], [ 138.104417, 36.0250252 ], [ 138.1037556, 36.0246932 ], [ 138.1035931, 36.0246099 ], [ 138.1026682, 36.0241266 ], [ 138.1025938, 36.0240897 ], [ 138.1017051, 36.0236487 ], [ 138.1015933, 36.0235933 ], [ 138.1007706, 36.0231627 ] ] } },
{ "type": "Feature", "properties": { "N12_001": "20", "N12_002": 2, "N12_003": 9, "N12_004": "-", "N12_005": 89, "N12_006": 1 }, "geometry": { "type": "LineString", "coordinates": [ [ 138.1133672, 36.027343 ], [ 138.1133172, 36.0272264 ], [ 138.1132922, 36.0271681 ], [ 138.1130797, 36.0269431 ], [ 138.1130711, 36.0269337 ], [ 138.1129047, 36.0267514 ], [ 138.1127273, 36.0265608 ], [ 138.1126797, 36.0265098 ], [ 138.1125048, 36.0263182 ], [ 138.1123798, 36.0261932 ], [ 138.1128798, 36.0259682 ], [ 138.1136797, 36.0256266 ], [ 138.1142547, 36.0254183 ], [ 138.1154296, 36.0250601 ], [ 138.1172045, 36.0244769 ] ] } },
{ "type": "Feature", "properties": { "N12_001": "20", "N12_002": 2, "N12_003": 6, "N12_004": "長野県道　諏訪湖四賀線", "N12_005": 90, "N12_006": 1 }, "geometry": { "type": "LineString", "coordinates": [ [ 138.1269825, 36.0134874 ], [ 138.126972, 36.0135078 ], [ 138.1269566, 36.0135345 ], [ 138.1261166, 36.0149951 ], [ 138.125981, 36.0152281 ], [ 138.1257059, 36.0157006 ], [ 138.1254667, 36.0161116 ], [ 138.1252542, 36.0164948 ], [ 138.1250417, 36.0168948 ], [ 138.1249917, 36.0169781 ], [ 138.1249189, 36.0171106 ], [ 138.1246667, 36.0175697 ], [ 138.1244578, 36.017938 ], [ 138.1240667, 36.0186279 ], [ 138.1237895, 36.0191298 ], [ 138.1236189, 36.019439 ], [ 138.1235106, 36.0196351 ], [ 138.1234917, 36.0196694 ], [ 138.1234756, 36.0196982 ], [ 138.1234485, 36.019747 ], [ 138.1233241, 36.0199705 ], [ 138.1230785, 36.0204117 ], [ 138.1229167, 36.0207025 ], [ 138.1227543, 36.0210056 ], [ 138.1224792, 36.0215191 ], [ 138.1224701, 36.0215344 ], [ 138.1221664, 36.0220448 ], [ 138.1219042, 36.0224856 ], [ 138.1217167, 36.0228355 ], [ 138.1216977, 36.0228685 ], [ 138.121578, 36.0230756 ], [ 138.1211292, 36.0238521 ], [ 138.1211095, 36.0238873 ], [ 138.1209303, 36.0242087 ], [ 138.1208888, 36.024283 ], [ 138.1207667, 36.024502 ], [ 138.1205417, 36.0247852 ], [ 138.1203047, 36.0249791 ], [ 138.1202667, 36.0250102 ], [ 138.1201042, 36.0251268 ], [ 138.1197792, 36.0252685 ], [ 138.1195069, 36.0253592 ], [ 138.1195042, 36.0253601 ], [ 138.1194914, 36.025364 ], [ 138.1190293, 36.0255018 ], [ 138.1180877, 36.0258096 ], [ 138.1180286, 36.0258289 ], [ 138.1177294, 36.0259267 ], [ 138.1167919, 36.0262099 ], [ 138.1167676, 36.0262176 ], [ 138.1165867, 36.0262747 ], [ 138.1160997, 36.0264285 ], [ 138.1160795, 36.0264349 ], [ 138.1145376, 36.0269337 ], [ 138.1143796, 36.0269848 ], [ 138.1133672, 36.027343 ], [ 138.1128297, 36.027618 ], [ 138.112692, 36.0276862 ], [ 138.1123422, 36.0278596 ], [ 138.1122218, 36.0279272 ], [ 138.1118672, 36.0281262 ], [ 138.1118441, 36.0281412 ], [ 138.1117982, 36.028171 ], [ 138.1115855, 36.0283088 ], [ 138.1114173, 36.0284178 ], [ 138.1112817, 36.02852 ], [ 138.1111658, 36.0286073 ], [ 138.1111298, 36.0286345 ], [ 138.1110785, 36.0286784 ], [ 138.1108165, 36.0289029 ], [ 138.1107346, 36.0289731 ], [ 138.1106201, 36.0290713 ], [ 138.1104865, 36.0291858 ], [ 138.1104586, 36.0292097 ], [ 138.1104146, 36.0292474 ], [ 138.1102837, 36.0293596 ], [ 138.1102563, 36.0293831 ], [ 138.1102548, 36.0293843 ], [ 138.1100861, 36.0295334 ], [ 138.1099041, 36.0296941 ], [ 138.1097548, 36.0298259 ], [ 138.1096417, 36.0299247 ], [ 138.1095466, 36.0300078 ], [ 138.1092667, 36.0302523 ], [ 138.1091929, 36.0303167 ], [ 138.1090299, 36.0304592 ], [ 138.1087252, 36.0307159 ], [ 138.1086684, 36.0307637 ], [ 138.1083674, 36.0310174 ], [ 138.1081562, 36.031128 ] ] } },
{ "type": "Feature", "properties": { "N12_001": "20", "N12_002": 2, "N12_003": 7, "N12_004": "塩尻市道　いちょう通線", "N12_005": 91, "N12_006": 1 }, "geometry": { "type": "LineString", "coordinates": [ [ 137.9529531, 36.1191971 ], [ 137.9529388, 36.1184292 ], [ 137.9529281, 36.117172 ], [ 137.9529282, 36.1165945 ], [ 137.9528407, 36.115428 ], [ 137.9527657, 36.1144198 ] ] } },
{ "type": "Feature", "properties": { "N12_001": "20", "N12_002": 2, "N12_003": 7, "N12_004": "塩尻市道　国道　みどりヶ丘団地北線", "N12_005": 92, "N12_006": 1 }, "geometry": { "type": "LineString", "coordinates": [ [ 137.9543834, 36.1327303 ], [ 137.9541625, 36.1327455 ], [ 137.9539961, 36.1327551 ], [ 137.9536657, 36.1328242 ], [ 137.9520119, 36.1333018 ], [ 137.9516191, 36.1334182 ], [ 137.9513769, 36.133523 ], [ 137.9511075, 36.1335962 ] ] } },
{ "type": "Feature", "properties": { "N12_001": "20", "N12_002": 2, "N12_003": 7, "N12_004": "塩尻市道　野村通線", "N12_005": 93, "N12_006": 1 }, "geometry": { "type": "LineString", "coordinates": [ [ 137.9503774, 36.1483008 ], [ 137.9548713, 36.1483392 ], [ 137.9574388, 36.1483574 ] ] } },
{ "type": "Feature", "properties": { "N12_001": "20", "N12_002": 2, "N12_003": 7, "N12_004": "松本市道　5177号線", "N12_005": 94, "N12_006": 1 }, "geometry": { "type": "LineString", "coordinates": [ [ 137.9633986, 36.2020682 ], [ 137.9627179, 36.2002331 ], [ 137.9623775, 36.1993556 ], [ 137.9619986, 36.1982848 ], [ 137.9619736, 36.1981682 ], [ 137.9620236, 36.1978349 ] ] } },
{ "type": "Feature", "properties": { "N12_001": "20", "N12_002": 2, "N12_003": 7, "N12_004": "朝日村道　針尾幹2号線", "N12_005": 95, "N12_006": 1 }, "geometry": { "type": "LineString", "coordinates": [ [ 137.8886971, 36.1438463 ], [ 137.8856358, 36.1418103 ], [ 137.8822836, 36.1395668 ], [ 137.8811599, 36.1388205 ], [ 137.8806579, 36.1386224 ], [ 137.880173, 36.1384013 ], [ 137.8798764, 36.1382124 ], [ 137.8796026, 36.1379545 ], [ 137.8789238, 36.1371667 ], [ 137.8786043, 36.1368396 ], [ 137.8784389, 36.1366968 ], [ 137.8773893, 36.1358998 ], [ 137.8765051, 36.1353239 ], [ 137.8756153, 36.1346513 ], [ 137.8749479, 36.1341722 ], [ 137.8717021, 36.1321819 ], [ 137.8688956, 36.1304542 ], [ 137.8680513, 36.1299567 ], [ 137.867344, 36.1297263 ] ] } },
{ "type": "Feature", "properties": { "N12_001": "20", "N12_002": 2, "N12_003": 7, "N12_004": "松本市道　6096号線", "N12_005": 96, "N12_006": 1 }, "geometry": { "type": "LineString", "coordinates": [ [ 137.931654, 36.1714553 ], [ 137.931408, 36.1714258 ], [ 137.9289386, 36.1707492 ], [ 137.9277179, 36.1704176 ], [ 137.926731, 36.170215 ] ] } },
{ "type": "Feature", "properties": { "N12_001": "20", "N12_002": 1, "N12_003": 6, "N12_004": "長野県道　松本環状高家線", "N12_005": 97, "N12_006": 1 }, "geometry": { "type": "LineString", "coordinates": [ [ 137.962787, 36.1824689 ], [ 137.9624393, 36.1825696 ], [ 137.9606395, 36.1828278 ], [ 137.9603698, 36.1828548 ], [ 137.9596396, 36.1829278 ], [ 137.9589021, 36.1829944 ], [ 137.9574147, 36.183136 ], [ 137.9566273, 36.183186 ], [ 137.9559649, 36.183261 ], [ 137.9556274, 36.1833359 ], [ 137.9553649, 36.1833943 ], [ 137.9550399, 36.1835109 ], [ 137.9550192, 36.1835206 ], [ 137.95454, 36.1837442 ], [ 137.9542525, 36.1839192 ], [ 137.953915, 36.1841525 ], [ 137.953565, 36.1844691 ], [ 137.953496, 36.1845335 ], [ 137.9530025, 36.184994 ], [ 137.9524408, 36.1855409 ], [ 137.9512651, 36.1866854 ], [ 137.9508151, 36.1869936 ], [ 137.9506277, 36.1871103 ], [ 137.9503402, 36.1872436 ], [ 137.9501402, 36.1873103 ], [ 137.949851, 36.1873959 ], [ 137.9498027, 36.1874102 ], [ 137.9494527, 36.1874852 ], [ 137.9490278, 36.1875269 ], [ 137.9485028, 36.1875352 ], [ 137.9476904, 36.1874851 ], [ 137.9476154, 36.1874768 ], [ 137.9462155, 36.1873851 ], [ 137.946103, 36.1873768 ], [ 137.9459362, 36.1873603 ], [ 137.9450907, 36.1872767 ], [ 137.9448032, 36.1872184 ], [ 137.9429659, 36.1868684 ], [ 137.9428534, 36.1868434 ], [ 137.941516, 36.18656 ], [ 137.9397787, 36.18626 ], [ 137.9385039, 36.18601 ], [ 137.9376727, 36.1858558 ], [ 137.937454, 36.1858183 ], [ 137.9354653, 36.1854969 ], [ 137.9353917, 36.185485 ], [ 137.9344793, 36.1853266 ], [ 137.9340399, 36.1852456 ], [ 137.932717, 36.1850016 ], [ 137.9326228, 36.1849826 ], [ 137.9309422, 36.1846433 ], [ 137.9303422, 36.1844683 ], [ 137.9303337, 36.1844657 ], [ 137.9298423, 36.1843183 ], [ 137.9287424, 36.1839683 ], [ 137.928528, 36.1839012 ], [ 137.9281299, 36.1837766 ], [ 137.9271877, 36.1834817 ], [ 137.9260801, 36.183135 ], [ 137.9259774, 36.1831093 ], [ 137.9257802, 36.18306 ], [ 137.9246928, 36.1827933 ], [ 137.9245803, 36.1827683 ], [ 137.9236804, 36.18256 ], [ 137.922468, 36.1822766 ], [ 137.9212034, 36.1820012 ], [ 137.9209973, 36.1819567 ], [ 137.9199307, 36.1817266 ], [ 137.9187948, 36.1814696 ], [ 137.9165434, 36.18096 ], [ 137.916256, 36.1808933 ], [ 137.9160196, 36.180839 ], [ 137.9151685, 36.1806433 ], [ 137.9149561, 36.1805933 ], [ 137.9137811, 36.18036 ], [ 137.9133437, 36.1802766 ], [ 137.9128812, 36.1802266 ], [ 137.9126812, 36.1802266 ], [ 137.9124312, 36.180235 ], [ 137.9121438, 36.1802599 ], [ 137.9118563, 36.1803016 ], [ 137.9108688, 36.1805432 ], [ 137.9106939, 36.1805848 ], [ 137.9098689, 36.1808015 ], [ 137.9097314, 36.1808348 ], [ 137.9096824, 36.1808502 ], [ 137.909094, 36.1810347 ], [ 137.9082557, 36.1812831 ], [ 137.9078565, 36.1814013 ], [ 137.9061067, 36.1819011 ], [ 137.9048318, 36.1822844 ], [ 137.9042818, 36.182451 ], [ 137.9043494, 36.1826059 ], [ 137.9046099, 36.1832025 ], [ 137.9047692, 36.1835675 ], [ 137.9048442, 36.1837508 ], [ 137.9048817, 36.1839591 ], [ 137.9049192, 36.1841341 ], [ 137.9049208, 36.1841529 ], [ 137.9049442, 36.184434 ], [ 137.9049567, 36.184609 ], [ 137.9049567, 36.184659 ], [ 137.9048942, 36.1849673 ], [ 137.9048192, 36.1851756 ], [ 137.9046845, 36.1854075 ], [ 137.9046692, 36.1854339 ], [ 137.9045811, 36.1855479 ], [ 137.9043735, 36.1858165 ], [ 137.9042442, 36.1859838 ], [ 137.9039942, 36.186317 ], [ 137.9039266, 36.1864137 ], [ 137.9037318, 36.186692 ], [ 137.9036443, 36.1868586 ], [ 137.9035193, 36.1871002 ] ] } },
{ "type": "Feature", "properties": { "N12_001": "20", "N12_002": 2, "N12_003": 7, "N12_004": "松本市道　6096号線", "N12_005": 96, "N12_006": 2 }, "geometry": { "type": "LineString", "coordinates": [ [ 137.9212034, 36.1820012 ], [ 137.9212126, 36.1819736 ], [ 137.9212694, 36.1818024 ], [ 137.9215027, 36.1810997 ], [ 137.9219325, 36.1798077 ], [ 137.9224656, 36.1782195 ], [ 137.9224906, 36.1781445 ], [ 137.9226156, 36.1779529 ] ] } },
{ "type": "Feature", "properties": { "N12_001": "20", "N12_002": 2, "N12_003": 7, "N12_004": "松本市道　5506号線", "N12_005": 98, "N12_006": 1 }, "geometry": { "type": "LineString", "coordinates": [ [ 137.9605411, 36.211079 ], [ 137.9589234, 36.2112164 ], [ 137.9584786, 36.2112628 ], [ 137.9580612, 36.2113064 ], [ 137.9578433, 36.2113326 ], [ 137.9573962, 36.2114318 ], [ 137.9568861, 36.2115579 ], [ 137.9558217, 36.2118466 ] ] } },
{ "type": "Feature", "properties": { "N12_001": "20", "N12_002": 2, "N12_003": 7, "N12_004": "松本市道　5613号線", "N12_005": 99, "N12_006": 1 }, "geometry": { "type": "LineString", "coordinates": [ [ 137.9538116, 36.2059169 ], [ 137.9526301, 36.2059492 ], [ 137.9497067, 36.2060252 ], [ 137.9478898, 36.206085 ], [ 137.9469401, 36.206108 ], [ 137.94615, 36.2060804 ], [ 137.9449978, 36.2055695 ], [ 137.944373, 36.2054063 ] ] } },
{ "type": "Feature", "properties": { "N12_001": "20", "N12_002": 1, "N12_003": 7, "N12_004": "松本市道　5505号線", "N12_005": 100, "N12_006": 1 }, "geometry": { "type": "LineString", "coordinates": [ [ 137.9603946, 36.2149975 ], [ 137.9606185, 36.214946 ], [ 137.9619305, 36.2145414 ], [ 137.9625509, 36.2143957 ], [ 137.9626174, 36.2143784 ], [ 137.9642218, 36.214342 ], [ 137.9650703, 36.214319 ], [ 137.9663748, 36.2142405 ], [ 137.9678125, 36.2140992 ], [ 137.9692249, 36.213941 ], [ 137.9702024, 36.2138447 ], [ 137.9709858, 36.2137757 ], [ 137.9722245, 36.2136745 ] ] } },
{ "type": "Feature", "properties": { "N12_001": "20", "N12_002": 1, "N12_003": 7, "N12_004": "松本市道　7746号線", "N12_005": 101, "N12_006": 1 }, "geometry": { "type": "LineString", "coordinates": [ [ 137.8962316, 36.1903655 ], [ 137.8969336, 36.1898813 ], [ 137.8971784, 36.189724 ], [ 137.8974011, 36.1896504 ], [ 137.8978305, 36.1896301 ], [ 137.8994442, 36.1895603 ], [ 137.9007221, 36.189504 ], [ 137.9009108, 36.1894957 ], [ 137.9009297, 36.1897528 ], [ 137.9009789, 36.1904234 ], [ 137.901006, 36.1907925 ], [ 137.8995045, 36.1909167 ], [ 137.8989651, 36.190939 ], [ 137.8978948, 36.1909662 ] ] } },
{ "type": "Feature", "properties": { "N12_001": "20", "N12_002": 1, "N12_003": 7, "N12_004": "松本市道　7098号線", "N12_005": 102, "N12_006": 1 }, "geometry": { "type": "LineString", "coordinates": [ [ 137.8978995, 36.1910576 ], [ 137.8978948, 36.1909662 ], [ 137.8978567, 36.1902157 ], [ 137.8978367, 36.1898503 ], [ 137.8978305, 36.1896301 ], [ 137.8978107, 36.1891128 ], [ 137.8977863, 36.1885603 ], [ 137.8977574, 36.1879919 ] ] } },
{ "type": "Feature", "properties": { "N12_001": "20", "N12_002": 1, "N12_003": 6, "N12_004": "長野県道　新田松本線", "N12_005": 103, "N12_006": 1 }, "geometry": { "type": "LineString", "coordinates": [ [ 137.89417, 36.1883663 ], [ 137.8945449, 36.1887246 ], [ 137.8948824, 36.1890413 ], [ 137.8949199, 36.1890829 ], [ 137.8955761, 36.1897245 ], [ 137.8956944, 36.1898403 ], [ 137.8962316, 36.1903655 ], [ 137.8970484, 36.1911488 ] ] } },
{ "type": "Feature", "properties": { "N12_001": "20", "N12_002": 1, "N12_003": 7, "N12_004": "松本市道　7748号線", "N12_005": 104, "N12_006": 1 }, "geometry": { "type": "LineString", "coordinates": [ [ 137.8939795, 36.1891005 ], [ 137.8941344, 36.1892497 ], [ 137.8942437, 36.1894166 ], [ 137.8942841, 36.1895508 ], [ 137.8942913, 36.1896276 ], [ 137.8942604, 36.1899709 ], [ 137.8942152, 36.1906346 ], [ 137.8937993, 36.1906116 ], [ 137.8934618, 36.1905675 ], [ 137.8930672, 36.190533 ], [ 137.8925396, 36.1904716 ], [ 137.8916055, 36.1903603 ], [ 137.8907284, 36.190203 ], [ 137.8907546, 36.1895719 ], [ 137.8907685, 36.1891542 ], [ 137.8908017, 36.188431 ], [ 137.8908326, 36.1880934 ], [ 137.8927697, 36.1879994 ], [ 137.8927507, 36.1883773 ], [ 137.8932736, 36.1884023 ], [ 137.8938607, 36.1889762 ], [ 137.8939795, 36.1891005 ] ] } },
{ "type": "Feature", "properties": { "N12_001": "20", "N12_002": 1, "N12_003": 7, "N12_004": "松本市道　7745号線", "N12_005": 105, "N12_006": 1 }, "geometry": { "type": "LineString", "coordinates": [ [ 137.8989412, 36.1834525 ], [ 137.8991397, 36.1835906 ], [ 137.8997178, 36.184005 ], [ 137.9000638, 36.1842628 ], [ 137.9003072, 36.1844439 ], [ 137.9005202, 36.1846081 ], [ 137.9006647, 36.1846879 ], [ 137.9010393, 36.1848583 ], [ 137.9010985, 36.1848807 ], [ 137.9018892, 36.185179 ] ] } },
{ "type": "Feature", "properties": { "N12_001": "20", "N12_002": 1, "N12_003": 7, "N12_004": "松本市道　7672号線", "N12_005": 106, "N12_006": 1 }, "geometry": { "type": "LineString", "coordinates": [ [ 137.9035193, 36.1871002 ], [ 137.903259, 36.1870056 ], [ 137.9028285, 36.1868495 ], [ 137.9026693, 36.1867919 ], [ 137.9025027, 36.1867281 ], [ 137.9015819, 36.1863753 ], [ 137.901082, 36.1861836 ], [ 137.900382, 36.1858836 ], [ 137.900107, 36.1857587 ], [ 137.899747, 36.1855186 ], [ 137.8995397, 36.1853636 ], [ 137.8990663, 36.1850152 ], [ 137.8984654, 36.1845671 ], [ 137.8980376, 36.1842583 ] ] } },
{ "type": "Feature", "properties": { "N12_001": "20", "N12_002": 2, "N12_003": 6, "N12_004": "長野県道　豊科大天井岳線", "N12_005": 107, "N12_006": 1 }, "geometry": { "type": "LineString", "coordinates": [ [ 137.9028236, 36.3027767 ], [ 137.902611, 36.3027254 ], [ 137.9012705, 36.3023826 ], [ 137.9011493, 36.3023806 ], [ 137.8993406, 36.3022351 ], [ 137.8984897, 36.3021661 ], [ 137.8980666, 36.3020972 ], [ 137.897943, 36.3020646 ], [ 137.8959703, 36.3017256 ], [ 137.8948817, 36.3015359 ], [ 137.8928976, 36.3011777 ], [ 137.8919012, 36.3010015 ], [ 137.8916896, 36.3009747 ], [ 137.8916231, 36.3009651 ], [ 137.8902469, 36.3009919 ], [ 137.8893604, 36.3010436 ], [ 137.8882766, 36.3011011 ], [ 137.8872141, 36.3012486 ], [ 137.8864868, 36.3013616 ], [ 137.8847256, 36.3017217 ], [ 137.8838605, 36.3019018 ], [ 137.8813918, 36.302412 ], [ 137.8808634, 36.3025199 ], [ 137.8806657, 36.3025714 ], [ 137.8804803, 36.3026177 ], [ 137.8802197, 36.3026824 ], [ 137.8800009, 36.3027365 ], [ 137.8799134, 36.302749 ], [ 137.8798259, 36.3027615 ], [ 137.8794634, 36.3027615 ], [ 137.8793429, 36.3027749 ], [ 137.8791635, 36.3027948 ], [ 137.879051, 36.3028573 ], [ 137.8789948, 36.3028885 ], [ 137.8781635, 36.3035072 ], [ 137.8778885, 36.3037113 ], [ 137.877726, 36.3037613 ], [ 137.8769844, 36.3038632 ] ] } },
{ "type": "Feature", "properties": { "N12_001": "20", "N12_002": 2, "N12_003": 6, "N12_004": "長野県道　松本空港線", "N12_005": 108, "N12_006": 1 }, "geometry": { "type": "LineString", "coordinates": [ [ 137.9538116, 36.2059169 ], [ 137.954374, 36.2064918 ], [ 137.9553984, 36.2074791 ], [ 137.9562281, 36.2083596 ], [ 137.9570091, 36.2091881 ], [ 137.9575597, 36.2097897 ], [ 137.9587588, 36.2110289 ], [ 137.9589234, 36.2112164 ] ] } },
{ "type": "Feature", "properties": { "N12_001": "20", "N12_002": 2, "N12_003": 6, "N12_004": "長野県道　松本空港線", "N12_005": 108, "N12_006": 2 }, "geometry": { "type": "LineString", "coordinates": [ [ 137.9318802, 36.1652377 ], [ 137.931923, 36.1653728 ], [ 137.9319577, 36.1656427 ], [ 137.9319577, 36.1659428 ], [ 137.9319408, 36.1662046 ], [ 137.9319012, 36.1666661 ], [ 137.9317913, 36.1681931 ], [ 137.9317537, 36.1686216 ], [ 137.9317008, 36.1694036 ], [ 137.9316772, 36.1698031 ], [ 137.931654, 36.1714553 ] ] } },
{ "type": "Feature", "properties": { "N12_001": "20", "N12_002": 2, "N12_003": 3, "N12_004": "一般国道147号", "N12_005": 60, "N12_006": 3 }, "geometry": { "type": "LineString", "coordinates": [ [ 137.8579531, 36.4213796 ], [ 137.8577307, 36.4229798 ], [ 137.8576343, 36.4238587 ], [ 137.8575447, 36.424787 ], [ 137.857501, 36.425237 ] ] } },
{ "type": "Feature", "properties": { "N12_001": "20", "N12_002": 2, "N12_003": 6, "N12_004": "長野県道　矢地赤芝線", "N12_005": 109, "N12_006": 1 }, "geometry": { "type": "LineString", "coordinates": [ [ 137.857501, 36.425237 ], [ 137.8568294, 36.4251127 ], [ 137.8558735, 36.42494 ], [ 137.8554685, 36.4248702 ], [ 137.8551571, 36.4248372 ] ] } },
{ "type": "Feature", "properties": { "N12_001": "20", "N12_002": 2, "N12_003": 6, "N12_004": "長野県道　上飯田線", "N12_005": 110, "N12_006": 1 }, "geometry": { "type": "LineString", "coordinates": [ [ 137.8732097, 35.5147845 ], [ 137.8734459, 35.5145917 ], [ 137.8737056, 35.5143545 ], [ 137.8745665, 35.5135192 ], [ 137.8745841, 35.5134996 ] ] } },
{ "type": "Feature", "properties": { "N12_001": "20", "N12_002": 2, "N12_003": 6, "N12_004": "長野県道　川上佐久線", "N12_005": 111, "N12_006": 1 }, "geometry": { "type": "LineString", "coordinates": [ [ 138.5477961, 36.034836 ], [ 138.5476917, 36.0349632 ], [ 138.5471504, 36.0355613 ], [ 138.546852, 36.0358372 ], [ 138.5465404, 36.0360736 ], [ 138.5463464, 36.0362595 ], [ 138.5462452, 36.0363712 ], [ 138.5460363, 36.0367545 ], [ 138.5459112, 36.0369475 ], [ 138.545776, 36.0370336 ], [ 138.545647, 36.0370774 ], [ 138.5450063, 36.0372305 ], [ 138.5447894, 36.0373154 ], [ 138.544274, 36.0375436 ], [ 138.544059, 36.0376449 ], [ 138.543754, 36.037763 ], [ 138.5435357, 36.0378245 ], [ 138.5432524, 36.0378946 ], [ 138.5429957, 36.0380667 ], [ 138.5425998, 36.0383668 ], [ 138.5421804, 36.0386879 ], [ 138.541938, 36.0388837 ], [ 138.5417441, 36.0390471 ], [ 138.5415429, 36.0392499 ], [ 138.5414754, 36.0394008 ], [ 138.5414693, 36.0394866 ], [ 138.5414813, 36.0400119 ], [ 138.5414871, 36.0403366 ], [ 138.541281, 36.0410388 ], [ 138.5412175, 36.0411974 ], [ 138.5411157, 36.0412835 ], [ 138.5409538, 36.041356 ], [ 138.5407668, 36.041446 ], [ 138.5405634, 36.0414969 ], [ 138.540046, 36.0414969 ], [ 138.5397066, 36.0414685 ], [ 138.5391326, 36.0414402 ], [ 138.5389618, 36.0414163 ], [ 138.5388324, 36.0414402 ], [ 138.5382349, 36.0417254 ], [ 138.5379252, 36.0418683 ], [ 138.537419, 36.042133 ], [ 138.5373221, 36.0422061 ], [ 138.5372388, 36.0423019 ], [ 138.5371488, 36.0424483 ], [ 138.5371002, 36.042668 ], [ 138.5370626, 36.042919 ], [ 138.5369824, 36.0431466 ], [ 138.536816, 36.0433833 ], [ 138.5366221, 36.0435805 ], [ 138.5359827, 36.0440953 ], [ 138.5357385, 36.0443083 ], [ 138.5352377, 36.044733 ], [ 138.5351338, 36.0449155 ], [ 138.5350863, 36.0450102 ], [ 138.5350141, 36.045191 ], [ 138.5349516, 36.0453599 ], [ 138.5348407, 36.0457372 ], [ 138.5347713, 36.0459063 ], [ 138.5345704, 36.0460922 ], [ 138.5343092, 36.0462487 ], [ 138.5340713, 36.0464019 ], [ 138.5334685, 36.0467619 ], [ 138.5328823, 36.0472007 ], [ 138.5324427, 36.0475391 ], [ 138.5322888, 36.0476405 ], [ 138.5318953, 36.0477108 ], [ 138.5313933, 36.047863 ], [ 138.5308999, 36.0480452 ], [ 138.5306489, 36.0480867 ], [ 138.5304853, 36.0480592 ], [ 138.5303013, 36.0480405 ], [ 138.52922, 36.0480705 ], [ 138.5290517, 36.0481213 ], [ 138.5289005, 36.0482043 ], [ 138.528536, 36.048518 ], [ 138.5280905, 36.0488938 ], [ 138.5280766, 36.0491102 ], [ 138.5280349, 36.0492455 ], [ 138.5279727, 36.0494933 ], [ 138.5277996, 36.0496547 ], [ 138.5274488, 36.0498923 ], [ 138.5271188, 36.0499997 ], [ 138.526422, 36.0501977 ], [ 138.5260427, 36.0503212 ], [ 138.525669, 36.0503581 ], [ 138.5253097, 36.0504088 ], [ 138.5251015, 36.0504042 ], [ 138.524899, 36.0503834 ], [ 138.5246822, 36.0503442 ], [ 138.5244749, 36.0503449 ], [ 138.5242771, 36.0505514 ], [ 138.5241948, 36.0505804 ], [ 138.5240119, 36.050614 ], [ 138.5235585, 36.050501 ], [ 138.5231934, 36.050508 ], [ 138.5226201, 36.0506094 ], [ 138.5221649, 36.0507035 ], [ 138.5218182, 36.0508049 ], [ 138.5207263, 36.0512789 ], [ 138.5205152, 36.0513712 ], [ 138.520307, 36.0514357 ], [ 138.5201416, 36.0514473 ], [ 138.5200099, 36.0514359 ], [ 138.5197908, 36.0514104 ], [ 138.5195824, 36.0514153 ], [ 138.5194413, 36.0514133 ], [ 138.5193059, 36.0513988 ], [ 138.5190349, 36.0514726 ], [ 138.5187811, 36.0517401 ], [ 138.5183181, 36.0522605 ], [ 138.5180528, 36.0525499 ], [ 138.5178556, 36.0526344 ], [ 138.5176226, 36.0526863 ], [ 138.5173349, 36.0527055 ], [ 138.5171186, 36.0527072 ], [ 138.5168407, 36.0526901 ], [ 138.516584, 36.0526748 ], [ 138.516188, 36.052666 ], [ 138.5154966, 36.052653 ], [ 138.5151099, 36.0526577 ], [ 138.5147565, 36.0526504 ], [ 138.5140146, 36.052883 ], [ 138.513847, 36.0529547 ], [ 138.5135904, 36.0530871 ], [ 138.5134001, 36.0532066 ], [ 138.5132013, 36.0534062 ], [ 138.5130585, 36.0535699 ], [ 138.5115824, 36.0548991 ], [ 138.5112597, 36.0551611 ], [ 138.5108963, 36.0554338 ], [ 138.5107646, 36.0555183 ], [ 138.5106885, 36.0555522 ], [ 138.5105985, 36.0555747 ], [ 138.5099746, 36.0556027 ], [ 138.5098499, 36.0556252 ], [ 138.5097527, 36.0556705 ], [ 138.509639, 36.0557677 ], [ 138.5095796, 36.055828 ], [ 138.5091085, 36.0563688 ], [ 138.508727, 36.0566217 ], [ 138.508322, 36.0568961 ], [ 138.5080547, 36.0571215 ], [ 138.5079905, 36.057236 ], [ 138.5079327, 36.0574129 ], [ 138.5079714, 36.0575793 ], [ 138.5080225, 36.0577093 ], [ 138.5081122, 36.0578601 ], [ 138.5084838, 36.0586911 ], [ 138.5086185, 36.0589614 ], [ 138.5086441, 36.0591278 ], [ 138.5086441, 36.0592786 ], [ 138.5086122, 36.05945 ], [ 138.5085263, 36.0598026 ], [ 138.5084003, 36.0602061 ], [ 138.5079036, 36.0602034 ], [ 138.5074625, 36.0602188 ], [ 138.5067361, 36.060185 ], [ 138.5057593, 36.0602108 ], [ 138.5054014, 36.0602491 ], [ 138.5051388, 36.060294 ], [ 138.504936, 36.0603159 ], [ 138.5048593, 36.0603214 ], [ 138.5047496, 36.0603293 ], [ 138.5046007, 36.0603303 ], [ 138.5044036, 36.0603197 ], [ 138.5036888, 36.0603388 ], [ 138.5035432, 36.0603558 ], [ 138.5032337, 36.0604039 ], [ 138.5030326, 36.0604939 ], [ 138.502901, 36.0605728 ], [ 138.5028149, 36.0606617 ], [ 138.5027624, 36.0607528 ], [ 138.5026376, 36.0611583 ], [ 138.5026401, 36.0612332 ], [ 138.5026443, 36.0614061 ], [ 138.5029637, 36.0621593 ], [ 138.503036, 36.0624113 ], [ 138.5030626, 36.0628017 ], [ 138.5030968, 36.0631891 ], [ 138.5031881, 36.0638131 ], [ 138.5032365, 36.0639462 ], [ 138.5033296, 36.064053 ], [ 138.5034972, 36.0642595 ], [ 138.5035616, 36.0643396 ], [ 138.5036362, 36.0644406 ], [ 138.5037471, 36.0645878 ], [ 138.5037631, 36.0647111 ], [ 138.5037288, 36.0649846 ], [ 138.5037669, 36.0652767 ], [ 138.5037859, 36.0655195 ], [ 138.5036984, 36.0656886 ], [ 138.5033562, 36.0661589 ], [ 138.5031052, 36.0663526 ], [ 138.5029074, 36.0665063 ], [ 138.5024701, 36.0665739 ], [ 138.502162, 36.0664848 ], [ 138.5018958, 36.0664079 ], [ 138.5016905, 36.066368 ], [ 138.5014775, 36.0663649 ], [ 138.5008729, 36.066534 ], [ 138.5003139, 36.0669366 ], [ 138.5001427, 36.0671303 ], [ 138.5000096, 36.0674777 ], [ 138.4999107, 36.0676959 ], [ 138.4997016, 36.0677635 ], [ 138.4990855, 36.067825 ], [ 138.4989258, 36.067948 ], [ 138.4987395, 36.0681847 ], [ 138.4986026, 36.0685443 ], [ 138.4984999, 36.0687872 ], [ 138.49842, 36.0688978 ], [ 138.4982489, 36.0689993 ], [ 138.4978113, 36.069118 ], [ 138.497631, 36.0691405 ], [ 138.4975452, 36.0691572 ], [ 138.4974646, 36.0691855 ], [ 138.4973653, 36.0692388 ], [ 138.4972897, 36.0693334 ], [ 138.4972635, 36.0693997 ], [ 138.4970285, 36.0700143 ], [ 138.4969905, 36.0705122 ], [ 138.4969753, 36.0707397 ], [ 138.4969762, 36.0709943 ], [ 138.4970109, 36.0711351 ], [ 138.4970304, 36.0713939 ], [ 138.4969496, 36.0719164 ], [ 138.4968356, 36.0722738 ], [ 138.4966254, 36.0725409 ], [ 138.4960902, 36.0730022 ], [ 138.4957319, 36.0734222 ], [ 138.4954759, 36.0736637 ], [ 138.4953436, 36.0737882 ], [ 138.4945949, 36.0743794 ], [ 138.4941377, 36.0747002 ], [ 138.4934933, 36.0751394 ], [ 138.4926015, 36.0757415 ], [ 138.4921785, 36.0760642 ], [ 138.4920206, 36.0761833 ], [ 138.4916299, 36.0766329 ], [ 138.4915215, 36.0767735 ], [ 138.4914188, 36.0769809 ], [ 138.4912933, 36.0775227 ], [ 138.4912277, 36.0776333 ], [ 138.4911079, 36.0777324 ], [ 138.4909425, 36.0778154 ], [ 138.4903236, 36.0779745 ], [ 138.4899566, 36.0780966 ], [ 138.4894204, 36.0784224 ], [ 138.489158, 36.0786038 ], [ 138.4886218, 36.0787544 ], [ 138.4883632, 36.0788374 ], [ 138.4880666, 36.079114 ], [ 138.4880057, 36.0792277 ], [ 138.4879981, 36.079618 ], [ 138.4878955, 36.0804663 ], [ 138.4879449, 36.0807798 ], [ 138.4881116, 36.0812092 ], [ 138.488125, 36.081406 ], [ 138.4880447, 36.0816903 ], [ 138.48793, 36.0818678 ], [ 138.4876151, 36.0820305 ], [ 138.4868686, 36.0822121 ], [ 138.4862079, 36.0823265 ], [ 138.4861566, 36.0824187 ], [ 138.4859322, 36.0825078 ], [ 138.4855595, 36.0826615 ], [ 138.4854036, 36.0827783 ], [ 138.4852781, 36.0829596 ], [ 138.4848696, 36.0837281 ], [ 138.4846777, 36.0839857 ], [ 138.4844928, 36.0844125 ], [ 138.4847842, 36.0849943 ], [ 138.4849058, 36.0852976 ], [ 138.4849702, 36.0855024 ], [ 138.4850272, 36.0859356 ], [ 138.4850583, 36.0860574 ], [ 138.4850214, 36.0861919 ], [ 138.4849758, 36.0862749 ], [ 138.4846564, 36.0866644 ], [ 138.4844482, 36.086835 ], [ 138.4841829, 36.0869779 ], [ 138.4838797, 36.087043 ], [ 138.4835675, 36.0871555 ], [ 138.4833363, 36.0872165 ], [ 138.4830455, 36.0873122 ], [ 138.482818, 36.0873977 ], [ 138.482528, 36.0875352 ], [ 138.4821733, 36.0877799 ], [ 138.4820686, 36.0879666 ], [ 138.4820616, 36.0880735 ], [ 138.4821519, 36.0882985 ], [ 138.4822214, 36.0884899 ], [ 138.4825405, 36.0890699 ], [ 138.4828316, 36.089633 ], [ 138.4830466, 36.0901344 ], [ 138.4831285, 36.0904526 ], [ 138.4830372, 36.0907338 ], [ 138.4831304, 36.0907887 ], [ 138.483216, 36.0908809 ], [ 138.4832065, 36.0910134 ], [ 138.4831779, 36.0913322 ], [ 138.4831898, 36.0914532 ], [ 138.483235, 36.0915512 ], [ 138.4838627, 36.0923469 ], [ 138.4833318, 36.0925984 ], [ 138.4830034, 36.0927588 ], [ 138.4827657, 36.0928772 ] ] } },
{ "type": "Feature", "properties": { "N12_001": "20", "N12_002": 2, "N12_003": 6, "N12_004": "長野県道　信濃信州新線", "N12_005": 112, "N12_006": 1 }, "geometry": { "type": "LineString", "coordinates": [ [ 137.9751083, 36.6173244 ], [ 137.9752232, 36.6172894 ], [ 137.9753483, 36.6172404 ], [ 137.9756219, 36.6171465 ], [ 137.9760141, 36.6170304 ], [ 137.9760833, 36.6170229 ], [ 137.9765232, 36.6170638 ], [ 137.9767952, 36.6170977 ], [ 137.976856, 36.6171052 ], [ 137.9771983, 36.6172854 ], [ 137.97735, 36.6173459 ], [ 137.9775333, 36.6173699 ], [ 137.9776519, 36.6173754 ], [ 137.9788038, 36.6173585 ], [ 137.9790867, 36.617381 ], [ 137.9792016, 36.617381 ], [ 137.979781, 36.6173699 ], [ 137.9802696, 36.617336 ], [ 137.9807863, 36.6172854 ], [ 137.9812052, 36.6172574 ], [ 137.9815683, 36.6172463 ], [ 137.9816658, 36.6172349 ], [ 137.9817916, 36.6172349 ], [ 137.9821755, 36.6172124 ], [ 137.9828801, 36.6171774 ], [ 137.982961, 36.6171699 ], [ 137.9830886, 36.6171621 ], [ 137.9833196, 36.6171488 ], [ 137.9834707, 36.6171377 ], [ 137.9835256, 36.6171483 ], [ 137.983553, 36.6171949 ], [ 137.9836063, 36.6173418 ], [ 137.9836833, 36.6174882 ], [ 137.983897, 36.6179253 ], [ 137.9839483, 36.6179973 ], [ 137.9840319, 36.6180456 ], [ 137.9841338, 36.6180747 ], [ 137.9841983, 36.6180741 ], [ 137.9843535, 36.6179499 ], [ 137.9846605, 36.617556 ], [ 137.9847374, 36.6174657 ], [ 137.9851074, 36.6171054 ], [ 137.985268, 36.6169141 ], [ 137.9854102, 36.6167257 ], [ 137.9854958, 36.6166124 ], [ 137.985631, 36.6165032 ], [ 137.9857219, 36.6164471 ], [ 137.9860428, 36.6163176 ], [ 137.986224, 36.6162613 ], [ 137.9864196, 36.6162049 ], [ 137.986608, 36.6161204 ], [ 137.9867127, 36.6160529 ], [ 137.9872818, 36.6155729 ], [ 137.9877224, 36.6152155 ], [ 137.9886179, 36.6145059 ], [ 137.9886399, 36.6144481 ], [ 137.9885708, 36.6143303 ] ] } },
{ "type": "Feature", "properties": { "N12_001": "20", "N12_002": 2, "N12_003": 9, "N12_004": "-", "N12_005": 113, "N12_006": 1 }, "geometry": { "type": "LineString", "coordinates": [ [ 138.113191, 36.0396222 ], [ 138.1136166, 36.039533 ], [ 138.1140695, 36.039464 ] ] } },
{ "type": "Feature", "properties": { "N12_001": "20", "N12_002": 2, "N12_003": 9, "N12_004": "-", "N12_005": 114, "N12_006": 1 }, "geometry": { "type": "LineString", "coordinates": [ [ 138.1035927, 36.0405746 ], [ 138.1037224, 36.0407534 ], [ 138.1039812, 36.0410853 ], [ 138.1045298, 36.0419153 ], [ 138.1048365, 36.042363 ], [ 138.1051169, 36.0427762 ], [ 138.1052476, 36.0429723 ], [ 138.1054283, 36.0432144 ], [ 138.1055709, 36.0434085 ], [ 138.1057087, 36.0435334 ], [ 138.1061675, 36.0438736 ], [ 138.1063457, 36.043987 ], [ 138.1065858, 36.0437756 ], [ 138.1076934, 36.0433028 ] ] } },
{ "type": "Feature", "properties": { "N12_001": "20", "N12_002": 2, "N12_003": 9, "N12_004": "-", "N12_005": 115, "N12_006": 1 }, "geometry": { "type": "LineString", "coordinates": [ [ 138.1160771, 36.0319648 ], [ 138.1159776, 36.032004 ], [ 138.1148891, 36.0324357 ], [ 138.1146053, 36.0325539 ], [ 138.1137046, 36.0329086 ], [ 138.1136145, 36.0329366 ], [ 138.1130045, 36.0331789 ], [ 138.1126043, 36.0333339 ], [ 138.1125513, 36.0333544 ], [ 138.1113902, 36.0337977 ], [ 138.1111131, 36.0338991 ], [ 138.1108498, 36.0340511 ], [ 138.1103856, 36.0345128 ], [ 138.110247, 36.0346591 ] ] } },
{ "type": "Feature", "properties": { "N12_001": "20", "N12_002": 2, "N12_003": 6, "N12_004": "長野県道　諏訪辰野線", "N12_005": 40, "N12_006": 2 }, "geometry": { "type": "LineString", "coordinates": [ [ 138.113191, 36.0396222 ], [ 138.1131853, 36.0395678 ], [ 138.1130542, 36.0390581 ], [ 138.1129354, 36.0387956 ], [ 138.1128785, 36.0386618 ], [ 138.1128062, 36.038499 ], [ 138.1126559, 36.0383051 ], [ 138.1123043, 36.0383665 ], [ 138.1121445, 36.0379872 ], [ 138.1119859, 36.0375812 ], [ 138.1119168, 36.0373897 ], [ 138.1117504, 36.036945 ], [ 138.1116534, 36.0366578 ], [ 138.1115978, 36.0365564 ], [ 138.1113831, 36.0362704 ], [ 138.1111409, 36.036049 ], [ 138.1109295, 36.0358334 ], [ 138.1107248, 36.0354528 ], [ 138.110247, 36.0346591 ], [ 138.109942, 36.0349464 ], [ 138.1091245, 36.0356669 ], [ 138.1087778, 36.0359652 ], [ 138.1069715, 36.0375759 ], [ 138.105549, 36.0388191 ], [ 138.1051969, 36.0391389 ], [ 138.1043335, 36.0399054 ], [ 138.1040915, 36.0401181 ], [ 138.1038758, 36.0403047 ], [ 138.1036642, 36.0404911 ], [ 138.1035927, 36.0405746 ] ] } },
{ "type": "Feature", "properties": { "N12_001": "20", "N12_002": 2, "N12_003": 6, "N12_004": "長野県道　須原大桑停車場線", "N12_005": 116, "N12_006": 1 }, "geometry": { "type": "LineString", "coordinates": [ [ 137.6671872, 35.687202 ], [ 137.6673324, 35.6869958 ], [ 137.6673752, 35.6868406 ], [ 137.6672924, 35.6865464 ], [ 137.6670101, 35.6860946 ], [ 137.6667591, 35.6854182 ], [ 137.6665338, 35.6850638 ], [ 137.6657951, 35.6844336 ], [ 137.6656895, 35.6843224 ], [ 137.665641, 35.6842367 ], [ 137.6653644, 35.6838684 ], [ 137.665313, 35.6838243 ], [ 137.6649956, 35.6836246 ], [ 137.6645721, 35.6834931 ] ] } },
{ "type": "Feature", "properties": { "N12_001": "20", "N12_002": 2, "N12_003": 9, "N12_004": "-", "N12_005": 117, "N12_006": 1 }, "geometry": { "type": "LineString", "coordinates": [ [ 137.6645721, 35.6834931 ], [ 137.6646444, 35.6833046 ], [ 137.6645569, 35.6830158 ], [ 137.6645493, 35.6828892 ], [ 137.6646406, 35.6827131 ] ] } },
{ "type": "Feature", "properties": { "N12_001": "20", "N12_002": 2, "N12_003": 9, "N12_004": "-", "N12_005": 118, "N12_006": 1 }, "geometry": { "type": "LineString", "coordinates": [ [ 137.9407594, 35.6341868 ], [ 137.9410755, 35.6341595 ], [ 137.9412695, 35.6341178 ], [ 137.9413836, 35.6340691 ], [ 137.9415148, 35.6339949 ], [ 137.9416174, 35.6338929 ], [ 137.9417287, 35.63377 ], [ 137.9419797, 35.6331905 ], [ 137.9420367, 35.6332091 ], [ 137.9423989, 35.6334942 ], [ 137.9428581, 35.6338164 ], [ 137.9429294, 35.6338767 ], [ 137.9430692, 35.634127 ], [ 137.9431633, 35.6343403 ], [ 137.9432603, 35.6344098 ], [ 137.943343, 35.6344377 ], [ 137.9437252, 35.6345327 ], [ 137.9438735, 35.634593 ], [ 137.944384, 35.6348735 ], [ 137.9448375, 35.6351053 ], [ 137.9450029, 35.6351725 ], [ 137.9450942, 35.6351933 ], [ 137.9453167, 35.6351794 ], [ 137.9459384, 35.634899 ], [ 137.9460668, 35.6348966 ], [ 137.9465288, 35.6349291 ] ] } },
{ "type": "Feature", "properties": { "N12_001": "20", "N12_002": 2, "N12_003": 6, "N12_004": "長野県道　須坂停車場線", "N12_005": 119, "N12_006": 1 }, "geometry": { "type": "LineString", "coordinates": [ [ 138.3076195, 36.6564086 ], [ 138.3103111, 36.6561278 ], [ 138.3109614, 36.6560523 ], [ 138.3110983, 36.65605 ], [ 138.3131812, 36.6563198 ] ] } },
{ "type": "Feature", "properties": { "N12_001": "20", "N12_002": 1, "N12_003": 9, "N12_004": "-", "N12_005": 120, "N12_006": 1 }, "geometry": { "type": "LineString", "coordinates": [ [ 137.8638256, 36.4955866 ], [ 137.8632545, 36.4959666 ], [ 137.8630705, 36.4961149 ] ] } },
{ "type": "Feature", "properties": { "N12_001": "20", "N12_002": 2, "N12_003": 6, "N12_004": "長野県道　中津川南木曽線", "N12_005": 121, "N12_006": 1 }, "geometry": { "type": "LineString", "coordinates": [ [ 137.595558, 35.5672289 ], [ 137.5954458, 35.5671013 ], [ 137.5952518, 35.5668373 ], [ 137.5950835, 35.5666185 ], [ 137.5950081, 35.5665206 ], [ 137.594848, 35.5663308 ], [ 137.5946707, 35.5661207 ], [ 137.5945082, 35.5659123 ], [ 137.5943832, 35.5657957 ], [ 137.5942583, 35.5657124 ], [ 137.5938208, 35.5654957 ], [ 137.5936208, 35.5653707 ], [ 137.5935802, 35.5653332 ], [ 137.5934584, 35.5652207 ], [ 137.5932459, 35.5649791 ], [ 137.5931084, 35.5647958 ], [ 137.5930936, 35.5647675 ], [ 137.5930209, 35.5646291 ], [ 137.5929834, 35.5645125 ], [ 137.592971, 35.5643875 ], [ 137.592959, 35.564085 ], [ 137.5929585, 35.5640708 ], [ 137.5929508, 35.5635039 ], [ 137.592946, 35.563146 ], [ 137.592946, 35.5629043 ], [ 137.5929377, 35.5627764 ], [ 137.5929369, 35.5627647 ], [ 137.5929336, 35.5627127 ], [ 137.5928836, 35.562321 ], [ 137.5927961, 35.5618294 ], [ 137.5927086, 35.5615795 ], [ 137.5925962, 35.5613795 ], [ 137.5925208, 35.5612915 ], [ 137.5923962, 35.5611462 ], [ 137.5922837, 35.5610378 ], [ 137.5920213, 35.5608712 ], [ 137.5920144, 35.5608682 ], [ 137.5911589, 35.5603129 ], [ 137.5906964, 35.5600129 ], [ 137.5896466, 35.5595463 ], [ 137.5895841, 35.5594296 ], [ 137.589553, 35.5587624 ], [ 137.5894123, 35.5587377 ], [ 137.5893363, 35.5587686 ], [ 137.5892906, 35.5588119 ], [ 137.5891575, 35.5592605 ], [ 137.589032, 35.5593007 ], [ 137.5888723, 35.5592915 ], [ 137.5887658, 35.5592234 ], [ 137.5888647, 35.5587655 ], [ 137.5888533, 35.5586789 ], [ 137.5887278, 35.558617 ], [ 137.5885643, 35.5585985 ], [ 137.5883893, 35.5585521 ], [ 137.588397, 35.5584561 ], [ 137.5885034, 35.5582922 ], [ 137.5884882, 35.5581746 ], [ 137.5883779, 35.5581622 ], [ 137.588165, 35.5581901 ], [ 137.5878607, 35.5582736 ], [ 137.5876022, 35.5582798 ], [ 137.5875717, 35.5581777 ], [ 137.587606, 35.5581066 ], [ 137.5877276, 35.5580168 ], [ 137.58799, 35.5578467 ], [ 137.5880205, 35.5577322 ], [ 137.5879596, 35.5576487 ], [ 137.5878151, 35.5576487 ], [ 137.5875793, 35.5577848 ], [ 137.5874424, 35.5578622 ], [ 137.5873245, 35.5578467 ], [ 137.5872675, 35.5577879 ], [ 137.5872751, 35.5577044 ], [ 137.587606, 35.5569309 ], [ 137.5876326, 35.5567298 ], [ 137.5876098, 35.5565999 ], [ 137.5875527, 35.5565195 ], [ 137.5875375, 35.5564545 ], [ 137.5875261, 35.5563462 ], [ 137.5877353, 35.5558821 ], [ 137.5880433, 35.555384 ], [ 137.5884084, 35.5546848 ], [ 137.5884882, 35.554428 ], [ 137.5884741, 35.5540211 ], [ 137.5885407, 35.5537666 ], [ 137.5887746, 35.5533072 ], [ 137.5887803, 35.5525461 ], [ 137.5886116, 35.5521605 ], [ 137.5886548, 35.5513673 ], [ 137.5885749, 35.5511445 ], [ 137.5881642, 35.5507686 ], [ 137.5880159, 35.5505365 ], [ 137.5880844, 35.5497058 ], [ 137.5880387, 35.549548 ], [ 137.5879018, 35.5494644 ], [ 137.5877307, 35.5494969 ], [ 137.5876166, 35.5496176 ], [ 137.5875253, 35.550388 ], [ 137.5873485, 35.5506943 ], [ 137.5870975, 35.5508011 ], [ 137.5865046, 35.5507128 ], [ 137.586413, 35.5505412 ], [ 137.58647, 35.5504019 ], [ 137.5866012, 35.550337 ], [ 137.5870804, 35.5503091 ], [ 137.5872116, 35.5502209 ], [ 137.5871831, 35.5499053 ], [ 137.5868408, 35.5494691 ], [ 137.5863559, 35.5491071 ], [ 137.5862419, 35.5489353 ], [ 137.5862419, 35.5488007 ], [ 137.5863103, 35.5486105 ], [ 137.5869264, 35.5482531 ], [ 137.5870918, 35.5480906 ], [ 137.5870291, 35.5479607 ], [ 137.5865556, 35.5477008 ], [ 137.5865613, 35.5475848 ], [ 137.5865955, 35.5474919 ], [ 137.5868408, 35.5472645 ], [ 137.5868636, 35.5471485 ], [ 137.586818, 35.5470696 ], [ 137.5864986, 35.5469211 ], [ 137.5864301, 35.5467725 ], [ 137.5865078, 35.5463097 ], [ 137.5864814, 35.5462017 ], [ 137.5864073, 35.5460996 ], [ 137.585814, 35.5459882 ], [ 137.5852493, 35.5456679 ], [ 137.5846561, 35.5451666 ], [ 137.5843937, 35.5448325 ], [ 137.5843823, 35.5447072 ], [ 137.5844564, 35.5445493 ], [ 137.5849242, 35.5443498 ], [ 137.5851466, 35.544192 ], [ 137.5851181, 35.5438903 ], [ 137.5849632, 35.5436247 ], [ 137.5849242, 35.543505 ], [ 137.5850829, 35.5430734 ], [ 137.5850877, 35.5428452 ], [ 137.584888, 35.5425164 ], [ 137.5845886, 35.5424313 ], [ 137.5840847, 35.5422843 ], [ 137.5840704, 35.5421373 ], [ 137.5841322, 35.542029 ], [ 137.5844127, 35.5418202 ], [ 137.5844887, 35.5416886 ], [ 137.5844317, 35.5414991 ], [ 137.5842159, 35.5412746 ], [ 137.5835085, 35.5409404 ], [ 137.5834895, 35.5408136 ], [ 137.583577, 35.540696 ], [ 137.584079, 35.5404732 ], [ 137.5842235, 35.5402566 ], [ 137.5842577, 35.540043 ], [ 137.5840067, 35.5397986 ], [ 137.5840295, 35.5396377 ], [ 137.584546, 35.5390208 ], [ 137.5846341, 35.538878 ], [ 137.5845718, 35.5386813 ] ] } },
{ "type": "Feature", "properties": { "N12_001": "20", "N12_002": 2, "N12_003": 9, "N12_004": "-", "N12_005": 122, "N12_006": 1 }, "geometry": { "type": "LineString", "coordinates": [ [ 137.5880433, 35.555384 ], [ 137.5878417, 35.5550994 ] ] } },
{ "type": "Feature", "properties": { "N12_001": "20", "N12_002": 2, "N12_003": 9, "N12_004": "-", "N12_005": 123, "N12_006": 1 }, "geometry": { "type": "LineString", "coordinates": [ [ 137.5884084, 35.5546848 ], [ 137.58828, 35.5546856 ], [ 137.5881288, 35.5546044 ] ] } },
{ "type": "Feature", "properties": { "N12_001": "20", "N12_002": 2, "N12_003": 7, "N12_004": "長野市道　朝陽290号線", "N12_005": 124, "N12_006": 1 }, "geometry": { "type": "LineString", "coordinates": [ [ 138.2532309, 36.6417426 ], [ 138.253267, 36.6419246 ], [ 138.2536806, 36.6426432 ], [ 138.2540856, 36.6433138 ], [ 138.2543727, 36.6438226 ] ] } },
{ "type": "Feature", "properties": { "N12_001": "20", "N12_002": 2, "N12_003": 7, "N12_004": "長野市道　若穂東488号線", "N12_005": 125, "N12_006": 1 }, "geometry": { "type": "LineString", "coordinates": [ [ 138.2723324, 36.6347694 ], [ 138.2706265, 36.6351728 ], [ 138.2693779, 36.6354686 ] ] } },
{ "type": "Feature", "properties": { "N12_001": "20", "N12_002": 2, "N12_003": 9, "N12_004": "-", "N12_005": 126, "N12_006": 1 }, "geometry": { "type": "LineString", "coordinates": [ [ 138.2756358, 36.6366953 ], [ 138.2756877, 36.6368669 ], [ 138.2756776, 36.6379953 ], [ 138.2756752, 36.6381326 ], [ 138.275643, 36.6392541 ], [ 138.2756088, 36.6401558 ], [ 138.2755897, 36.6412818 ], [ 138.2763193, 36.6410442 ], [ 138.2769611, 36.6408451 ], [ 138.2804093, 36.6397557 ], [ 138.2811623, 36.6395132 ] ] } },
{ "type": "Feature", "properties": { "N12_001": "20", "N12_002": 2, "N12_003": 7, "N12_004": "長野市道　更北389号線", "N12_005": 127, "N12_006": 1 }, "geometry": { "type": "LineString", "coordinates": [ [ 138.197454, 36.6143985 ], [ 138.1984813, 36.6140969 ], [ 138.1990897, 36.6139443 ], [ 138.2014713, 36.6135208 ], [ 138.204409, 36.6131774 ] ] } },
{ "type": "Feature", "properties": { "N12_001": "20", "N12_002": 2, "N12_003": 9, "N12_004": "-", "N12_005": 128, "N12_006": 1 }, "geometry": { "type": "LineString", "coordinates": [ [ 137.6853112, 35.8367896 ], [ 137.6855987, 35.8369229 ], [ 137.6857112, 35.8369396 ], [ 137.6873735, 35.8367146 ] ] } },
{ "type": "Feature", "properties": { "N12_001": "20", "N12_002": 2, "N12_003": 6, "N12_004": "長野県道　鳥居本町線", "N12_005": 129, "N12_006": 1 }, "geometry": { "type": "LineString", "coordinates": [ [ 137.6873735, 35.8367146 ], [ 137.6868178, 35.835713 ], [ 137.6867237, 35.8355397 ], [ 137.6865987, 35.8353481 ], [ 137.6865494, 35.8352804 ], [ 137.6863862, 35.8350564 ], [ 137.6863676, 35.8350354 ], [ 137.6862612, 35.8349148 ], [ 137.6860862, 35.8347648 ], [ 137.6859113, 35.8346398 ], [ 137.6857488, 35.8345481 ], [ 137.6855238, 35.8344398 ], [ 137.6852613, 35.8343398 ], [ 137.6850988, 35.8342982 ], [ 137.6846364, 35.8341982 ], [ 137.6844239, 35.8341482 ], [ 137.6841989, 35.8340565 ], [ 137.6840489, 35.8339898 ], [ 137.683964, 35.8339332 ], [ 137.6839364, 35.8339148 ], [ 137.6834061, 35.8335213 ], [ 137.6831615, 35.8333399 ], [ 137.6824366, 35.8327649 ], [ 137.6822715, 35.8325998 ], [ 137.6822367, 35.8325649 ], [ 137.6821492, 35.8324316 ], [ 137.6819242, 35.8319316 ], [ 137.6818992, 35.8318733 ], [ 137.6818245, 35.8317018 ], [ 137.6816305, 35.8312567 ], [ 137.681497, 35.8309503 ], [ 137.6813618, 35.8306401 ], [ 137.6813398, 35.8305518 ], [ 137.6813368, 35.8305401 ], [ 137.6813243, 35.8303818 ], [ 137.6813868, 35.8302568 ], [ 137.6814745, 35.830144 ], [ 137.6817341, 35.8299683 ], [ 137.6819623, 35.8298527 ], [ 137.6821591, 35.829781 ], [ 137.6825527, 35.8296492 ], [ 137.6826468, 35.8295636 ], [ 137.6827495, 35.8294064 ], [ 137.6828094, 35.8292676 ], [ 137.682855, 35.8291543 ], [ 137.6828776, 35.8290659 ] ] } },
{ "type": "Feature", "properties": { "N12_001": "20", "N12_002": 2, "N12_003": 6, "N12_004": "長野県道　鳥居本町線", "N12_005": 129, "N12_006": 2 }, "geometry": { "type": "LineString", "coordinates": [ [ 137.6814745, 35.830144 ], [ 137.6816219, 35.8299521 ], [ 137.6818006, 35.8298473 ], [ 137.6822684, 35.8295544 ], [ 137.6823844, 35.8294727 ], [ 137.6826478, 35.8292612 ] ] } },
{ "type": "Feature", "properties": { "N12_001": "20", "N12_002": 2, "N12_003": 6, "N12_004": "長野県道　木曽福島停車場駒ヶ岳線", "N12_005": 130, "N12_006": 1 }, "geometry": { "type": "LineString", "coordinates": [ [ 137.7062334, 35.8471921 ], [ 137.7060695, 35.8472002 ], [ 137.7055751, 35.8472256 ], [ 137.705384, 35.8472418 ], [ 137.7052756, 35.8472256 ], [ 137.7044342, 35.8472333 ], [ 137.7031888, 35.8472603 ], [ 137.702818, 35.8472526 ], [ 137.7020669, 35.8471948 ], [ 137.701487, 35.8471563 ], [ 137.7012303, 35.8471447 ], [ 137.7011115, 35.8471023 ], [ 137.7002672, 35.847268 ], [ 137.6996607, 35.8473998 ], [ 137.6994895, 35.8474345 ], [ 137.6983201, 35.8474499 ], [ 137.6982726, 35.847446 ], [ 137.6977402, 35.8474268 ], [ 137.6975168, 35.8474268 ], [ 137.6973409, 35.8474615 ], [ 137.6971888, 35.8474961 ], [ 137.6970747, 35.8475501 ], [ 137.6966469, 35.8478545 ], [ 137.6964662, 35.8479932 ], [ 137.6961002, 35.848024 ], [ 137.6958055, 35.8480048 ], [ 137.6951856, 35.8478044 ], [ 137.6945848, 35.847564 ], [ 137.6944935, 35.8475115 ], [ 137.6940904, 35.8471879 ], [ 137.6940486, 35.8468241 ], [ 137.6939725, 35.8460134 ], [ 137.6939041, 35.8455541 ], [ 137.6937672, 35.8452921 ], [ 137.6931625, 35.8442378 ], [ 137.6928735, 35.8437138 ] ] } },
{ "type": "Feature", "properties": { "N12_001": "20", "N12_002": 2, "N12_003": 9, "N12_004": "-", "N12_005": 131, "N12_006": 1 }, "geometry": { "type": "LineString", "coordinates": [ [ 137.6928735, 35.8437138 ], [ 137.6929267, 35.8435751 ], [ 137.6929457, 35.843461 ], [ 137.6929457, 35.8433716 ], [ 137.6927708, 35.8431065 ], [ 137.6926263, 35.8429431 ], [ 137.6922379, 35.8425955 ], [ 137.6921738, 35.8425242 ], [ 137.6921143, 35.842451 ] ] } },
{ "type": "Feature", "properties": { "N12_001": "20", "N12_002": 1, "N12_003": 6, "N12_004": "長野県道　東部望月線", "N12_005": 132, "N12_006": 1 }, "geometry": { "type": "LineString", "coordinates": [ [ 138.3517016, 36.3416182 ], [ 138.3516985, 36.3416323 ], [ 138.3517364, 36.3418015 ], [ 138.3517864, 36.3420265 ], [ 138.351935, 36.3425378 ], [ 138.3520636, 36.3430021 ], [ 138.3522613, 36.3438846 ], [ 138.3522549, 36.3441285 ], [ 138.3521363, 36.3442263 ], [ 138.3520009, 36.3443101 ], [ 138.3518147, 36.3443834 ], [ 138.3502856, 36.344733 ], [ 138.3496489, 36.3448761 ] ] } },
{ "type": "Feature", "properties": { "N12_001": "20", "N12_002": 1, "N12_003": 9, "N12_004": "-", "N12_005": 133, "N12_006": 1 }, "geometry": { "type": "LineString", "coordinates": [ [ 138.3522549, 36.3441285 ], [ 138.3527056, 36.3441756 ], [ 138.3530023, 36.3442238 ], [ 138.3531762, 36.3443318 ], [ 138.3536411, 36.3448625 ], [ 138.3543173, 36.3456474 ], [ 138.3547928, 36.3461786 ], [ 138.3551485, 36.3465761 ], [ 138.3546666, 36.3468242 ], [ 138.3538197, 36.3472602 ], [ 138.3530757, 36.3476528 ], [ 138.3519831, 36.3482347 ], [ 138.3514908, 36.3484968 ], [ 138.3511237, 36.3486924 ] ] } },
{ "type": "Feature", "properties": { "N12_001": "20", "N12_002": 1, "N12_003": 9, "N12_004": "-", "N12_005": 134, "N12_006": 1 }, "geometry": { "type": "LineString", "coordinates": [ [ 138.3551485, 36.3465761 ], [ 138.3553767, 36.3468193 ], [ 138.356008, 36.3476142 ], [ 138.356331, 36.3480042 ], [ 138.3568733, 36.3486592 ], [ 138.3572045, 36.3490884 ], [ 138.3572608, 36.3491675 ], [ 138.3572983, 36.3492425 ], [ 138.3574286, 36.3495696 ], [ 138.3577772, 36.3504508 ], [ 138.3578677, 36.3506458 ] ] } },
{ "type": "Feature", "properties": { "N12_001": "20", "N12_002": 2, "N12_003": 6, "N12_004": "長野県道　湯田中停車場線", "N12_005": 135, "N12_006": 1 }, "geometry": { "type": "LineString", "coordinates": [ [ 138.399396, 36.7577859 ], [ 138.399992, 36.7574233 ], [ 138.4004244, 36.7571285 ], [ 138.4005744, 36.756966 ], [ 138.4006369, 36.7568827 ], [ 138.4008494, 36.7566328 ], [ 138.4010741, 36.7564259 ], [ 138.4015742, 36.7559501 ], [ 138.4020567, 36.755436 ], [ 138.402292, 36.7552112 ], [ 138.4023895, 36.7551008 ], [ 138.4025059, 36.7549713 ], [ 138.4025867, 36.754857 ], [ 138.4026176, 36.7547618 ], [ 138.4026823, 36.7544389 ], [ 138.4027422, 36.7538973 ], [ 138.4027593, 36.753783 ], [ 138.4028563, 36.7534745 ], [ 138.4029048, 36.7533854 ], [ 138.4030074, 36.7532346 ], [ 138.4031101, 36.7530883 ], [ 138.4035722, 36.752693 ], [ 138.4044934, 36.7519023 ], [ 138.4054289, 36.7511162 ], [ 138.4057113, 36.7508785 ], [ 138.4057826, 36.7508008 ], [ 138.4059395, 36.7506111 ], [ 138.4062532, 36.750266 ], [ 138.4064642, 36.7500718 ], [ 138.4069149, 36.7496947 ], [ 138.4074967, 36.7492148 ], [ 138.4076365, 36.7490822 ], [ 138.4078162, 36.7489108 ], [ 138.4079388, 36.7488423 ], [ 138.4080871, 36.7487509 ], [ 138.4085321, 36.7484195 ], [ 138.4087146, 36.7482595 ], [ 138.4090312, 36.7479327 ], [ 138.4097043, 36.7474139 ], [ 138.4098184, 36.7473088 ], [ 138.4100808, 36.7470003 ], [ 138.4102918, 36.7467763 ], [ 138.4104772, 36.7466278 ], [ 138.4108309, 36.7462758 ], [ 138.4110591, 36.7459581 ], [ 138.4110876, 36.7459033 ], [ 138.4113357, 36.7453022 ], [ 138.41135, 36.7452428 ], [ 138.4113899, 36.7450462 ], [ 138.4114641, 36.7449365 ], [ 138.411658, 36.7447766 ], [ 138.4118149, 36.7445823 ], [ 138.4120431, 36.7443926 ], [ 138.4122969, 36.744212 ], [ 138.4126734, 36.7440018 ], [ 138.4131896, 36.7434556 ], [ 138.4133066, 36.7433413 ], [ 138.413606, 36.7431699 ], [ 138.4139797, 36.7429459 ], [ 138.4147326, 36.7425459 ] ] } },
{ "type": "Feature", "properties": { "N12_001": "20", "N12_002": 2, "N12_003": 6, "N12_004": "長野県道　奈川木祖線", "N12_005": 136, "N12_006": 1 }, "geometry": { "type": "LineString", "coordinates": [ [ 137.7821853, 35.9359757 ], [ 137.7821816, 35.9359246 ], [ 137.782135, 35.9354149 ], [ 137.7821283, 35.9350377 ], [ 137.7821906, 35.9347054 ], [ 137.7822944, 35.9344017 ], [ 137.7823461, 35.9342516 ], [ 137.7824053, 35.9340807 ], [ 137.7824621, 35.9339521 ], [ 137.7825436, 35.9337427 ], [ 137.7826717, 35.9332818 ], [ 137.7828828, 35.9323296 ], [ 137.7831044, 35.931316 ], [ 137.7832497, 35.9307841 ], [ 137.7833397, 35.9304827 ], [ 137.7834676, 35.930148 ], [ 137.7835347, 35.9300247 ], [ 137.7836167, 35.9299427 ], [ 137.7837027, 35.9298762 ], [ 137.784493, 35.9294616 ], [ 137.7838176, 35.9278758 ], [ 137.7836139, 35.9273983 ], [ 137.7836448, 35.9272576 ] ] } },
{ "type": "Feature", "properties": { "N12_001": "20", "N12_002": 2, "N12_003": 6, "N12_004": "長野県道　馬曲木島停車場線", "N12_005": 137, "N12_006": 1 }, "geometry": { "type": "LineString", "coordinates": [ [ 138.4050786, 36.8612904 ], [ 138.4051413, 36.8611329 ], [ 138.4054893, 36.8609001 ], [ 138.4058938, 36.8605498 ], [ 138.4060572, 36.8603138 ], [ 138.4064522, 36.8599453 ], [ 138.4068241, 36.8596359 ], [ 138.4071036, 36.8592229 ], [ 138.4071835, 36.8589102 ] ] } },
{ "type": "Feature", "properties": { "N12_001": "20", "N12_002": 2, "N12_003": 6, "N12_004": "長野県道　飯山斑尾新井線", "N12_005": 138, "N12_006": 1 }, "geometry": { "type": "LineString", "coordinates": [ [ 138.3671179, 36.8528774 ], [ 138.3669114, 36.8529208 ], [ 138.3667137, 36.8529671 ], [ 138.3663045, 36.8531131 ], [ 138.3661067, 36.8531801 ], [ 138.3659698, 36.8532214 ], [ 138.3658436, 36.8532434 ], [ 138.365051, 36.8533286 ], [ 138.3634839, 36.8534929 ] ] } },
{ "type": "Feature", "properties": { "N12_001": "20", "N12_002": 2, "N12_003": 9, "N12_004": "-", "N12_005": 139, "N12_006": 1 }, "geometry": { "type": "LineString", "coordinates": [ [ 138.3634839, 36.8534929 ], [ 138.3634639, 36.8527968 ], [ 138.3634411, 36.8522034 ], [ 138.3640077, 36.8521874 ], [ 138.3644983, 36.8521722 ], [ 138.3649223, 36.8521448 ], [ 138.3653159, 36.8521098 ] ] } },
{ "type": "Feature", "properties": { "N12_001": "20", "N12_002": 2, "N12_003": 6, "N12_004": "長野県道　飯山野沢温泉線", "N12_005": 140, "N12_006": 1 }, "geometry": { "type": "LineString", "coordinates": [ [ 138.362839, 36.84201 ], [ 138.363618, 36.8417363 ], [ 138.3644879, 36.8414441 ], [ 138.3659339, 36.8409328 ], [ 138.3661022, 36.8408895 ], [ 138.3661963, 36.8408849 ], [ 138.3662505, 36.8411291 ], [ 138.3663332, 36.8413323 ], [ 138.3664308, 36.8415223 ], [ 138.3665141, 36.8417307 ], [ 138.3665764, 36.841847 ], [ 138.3666722, 36.8420251 ], [ 138.3668281, 36.8423011 ], [ 138.3678122, 36.8435593 ], [ 138.3683866, 36.8441784 ], [ 138.3687445, 36.8445057 ], [ 138.3692833, 36.845146 ], [ 138.3694972, 36.8453362 ], [ 138.3697682, 36.8454389 ], [ 138.3700106, 36.8454731 ], [ 138.3703196, 36.8454617 ], [ 138.3745014, 36.8444495 ], [ 138.3746118, 36.8444382 ], [ 138.3747984, 36.8444418 ], [ 138.3749173, 36.8444531 ], [ 138.3750349, 36.8444811 ], [ 138.3751064, 36.8444981 ], [ 138.3752887, 36.8445656 ], [ 138.3756952, 36.8447516 ], [ 138.375998, 36.8449042 ], [ 138.3881856, 36.8507914 ], [ 138.3884203, 36.8509148 ], [ 138.3888795, 36.8512011 ], [ 138.3892165, 36.8514389 ], [ 138.3893601, 36.851578 ], [ 138.389517, 36.8517475 ], [ 138.3896081, 36.8519106 ], [ 138.3896851, 36.8521866 ], [ 138.3897927, 36.8526193 ], [ 138.3899118, 36.853419 ], [ 138.3899888, 36.8537398 ], [ 138.390108, 36.8540329 ], [ 138.3902621, 36.8542635 ], [ 138.3904302, 36.8544773 ], [ 138.3906963, 36.854759 ], [ 138.3909204, 36.8549448 ], [ 138.3911374, 36.8550968 ], [ 138.3913757, 36.8552376 ], [ 138.3916768, 36.8553671 ], [ 138.3918526, 36.8554326 ], [ 138.3922443, 36.855564 ], [ 138.3927557, 36.8556993 ], [ 138.3937854, 36.8559021 ], [ 138.3939743, 36.8559582 ], [ 138.3942195, 36.8560596 ], [ 138.3945068, 36.8562174 ], [ 138.3949832, 36.8565496 ], [ 138.3964735, 36.8577611 ], [ 138.3970915, 36.8582949 ], [ 138.3973929, 36.8585651 ], [ 138.3977992, 36.8589481 ], [ 138.3980374, 36.8592071 ], [ 138.3981831, 36.8594155 ], [ 138.3982633, 36.859547 ], [ 138.3984646, 36.8598829 ], [ 138.3985637, 36.8600166 ], [ 138.3987086, 36.8601744 ], [ 138.3988663, 36.8603022 ], [ 138.3991027, 36.8603727 ], [ 138.3995937, 36.8604516 ], [ 138.3999277, 36.860504 ], [ 138.400308, 36.860554 ], [ 138.4005387, 36.8605871 ], [ 138.4009236, 36.8606488 ], [ 138.4012465, 36.8606965 ], [ 138.4016392, 36.8607508 ], [ 138.402051, 36.8608177 ], [ 138.4030404, 36.8609743 ], [ 138.4039862, 36.8611238 ], [ 138.4050786, 36.8612904 ] ] } },
{ "type": "Feature", "properties": { "N12_001": "20", "N12_002": 2, "N12_003": 6, "N12_004": "長野県道　飯田富山佐久間線", "N12_005": 141, "N12_006": 1 }, "geometry": { "type": "LineString", "coordinates": [ [ 137.8326061, 35.3308804 ], [ 137.8326244, 35.330822 ], [ 137.8326029, 35.330736 ], [ 137.8325323, 35.330644 ], [ 137.8324218, 35.3305765 ], [ 137.832269, 35.3304925 ], [ 137.8320931, 35.3304056 ], [ 137.8320276, 35.3303331 ], [ 137.832, 35.330119 ], [ 137.8318903, 35.329888 ], [ 137.8316637, 35.3293137 ], [ 137.8315334, 35.3290153 ], [ 137.8314373, 35.328852 ], [ 137.831312, 35.3286817 ], [ 137.8312546, 35.328622 ], [ 137.831165, 35.3285931 ], [ 137.831067, 35.3285762 ], [ 137.8307153, 35.3285717 ], [ 137.8304773, 35.328597 ], [ 137.8302087, 35.3286187 ], [ 137.8301284, 35.3286092 ], [ 137.8300506, 35.3285703 ], [ 137.8300162, 35.3285254 ], [ 137.8299889, 35.328452 ], [ 137.829982, 35.3282665 ], [ 137.8300576, 35.3280526 ], [ 137.8301192, 35.3279792 ], [ 137.8302526, 35.3279201 ], [ 137.8304217, 35.3278792 ], [ 137.8305507, 35.3278592 ], [ 137.8306709, 35.3278406 ], [ 137.8307736, 35.3277928 ], [ 137.8308567, 35.3277087 ], [ 137.8309012, 35.3276176 ], [ 137.8309123, 35.3274881 ], [ 137.8308742, 35.3273656 ], [ 137.8306687, 35.3267903 ], [ 137.8305128, 35.3263503 ], [ 137.8305075, 35.326294 ], [ 137.8305106, 35.3262115 ], [ 137.8306478, 35.3258565 ], [ 137.8307098, 35.3256256 ], [ 137.8307784, 35.3252934 ], [ 137.8307989, 35.3251074 ], [ 137.8308843, 35.3247434 ], [ 137.8309658, 35.3245552 ], [ 137.8310461, 35.3244037 ], [ 137.8311697, 35.3242687 ], [ 137.831416, 35.3240641 ], [ 137.8317393, 35.3238239 ], [ 137.832824, 35.3229342 ], [ 137.8332193, 35.3226475 ], [ 137.8333342, 35.3225494 ], [ 137.8335394, 35.3223743 ], [ 137.8336159, 35.3222973 ], [ 137.83397, 35.3218215 ], [ 137.8341142, 35.3216009 ], [ 137.8342609, 35.3213362 ], [ 137.8343561, 35.3211131 ], [ 137.8344792, 35.3206693 ], [ 137.8345472, 35.319824 ], [ 137.8345678, 35.3191523 ], [ 137.8346008, 35.3186529 ], [ 137.8346342, 35.3183923 ], [ 137.8346975, 35.3180568 ], [ 137.8348766, 35.317618 ], [ 137.8353914, 35.3166665 ], [ 137.8356844, 35.3161248 ], [ 137.8360528, 35.315384 ], [ 137.8364283, 35.3146687 ], [ 137.8366275, 35.314342 ], [ 137.8367994, 35.3140884 ], [ 137.8369206, 35.313922 ], [ 137.8370833, 35.3137526 ], [ 137.8373741, 35.3134976 ], [ 137.8376728, 35.3133018 ], [ 137.8382189, 35.3130151 ], [ 137.8387569, 35.3126651 ], [ 137.8392908, 35.3123206 ], [ 137.8400666, 35.3117801 ], [ 137.8406227, 35.3114534 ], [ 137.8408083, 35.3113579 ], [ 137.8412405, 35.3112059 ], [ 137.8416536, 35.3111171 ], [ 137.8418136, 35.3110943 ], [ 137.8422632, 35.3109921 ], [ 137.8430186, 35.3108004 ], [ 137.8434511, 35.3106598 ], [ 137.8436297, 35.3105979 ], [ 137.843808, 35.3105076 ], [ 137.8439316, 35.3104062 ], [ 137.8440072, 35.3102712 ], [ 137.8440758, 35.3100909 ], [ 137.8442063, 35.3093704 ], [ 137.8442063, 35.309072 ], [ 137.8441924, 35.3090043 ], [ 137.8441308, 35.3088973 ], [ 137.8440897, 35.3088523 ], [ 137.8437464, 35.3085651 ], [ 137.8433612, 35.3082982 ], [ 137.8432085, 35.3081825 ], [ 137.8429627, 35.3080263 ], [ 137.8426272, 35.3078104 ], [ 137.8423472, 35.3076045 ], [ 137.8422294, 35.3075065 ], [ 137.8421333, 35.3073543 ], [ 137.8420783, 35.3072023 ], [ 137.8420027, 35.3069601 ], [ 137.8419136, 35.3067915 ], [ 137.841728, 35.3065098 ], [ 137.8415152, 35.3062396 ], [ 137.8414238, 35.3061057 ], [ 137.8414055, 35.3060257 ], [ 137.8414125, 35.3059298 ], [ 137.8414605, 35.3057213 ], [ 137.8415839, 35.3053271 ], [ 137.8416674, 35.3049801 ], [ 137.8416869, 35.3048993 ], [ 137.8416869, 35.3045954 ], [ 137.8416674, 35.3045282 ], [ 137.8416527, 35.3044773 ], [ 137.8415772, 35.304297 ], [ 137.8414878, 35.3041732 ], [ 137.841426, 35.3041112 ], [ 137.8412955, 35.3040098 ], [ 137.8410827, 35.3039309 ], [ 137.8408355, 35.303824 ], [ 137.8407669, 35.303779 ], [ 137.8406983, 35.3036945 ], [ 137.8406366, 35.303565 ], [ 137.840619, 35.3035048 ], [ 137.8406298, 35.303442 ], [ 137.8406717, 35.3033923 ], [ 137.8407459, 35.3033674 ], [ 137.840911, 35.3033793 ], [ 137.8412063, 35.3034354 ], [ 137.8416046, 35.3034412 ], [ 137.8416769, 35.3034289 ], [ 137.8421386, 35.3033504 ], [ 137.8421952, 35.3033148 ], [ 137.8422841, 35.3032215 ], [ 137.8423255, 35.3031201 ], [ 137.8423255, 35.3029848 ], [ 137.8423049, 35.3029229 ], [ 137.8422499, 35.3028273 ], [ 137.8420538, 35.3025543 ], [ 137.8420302, 35.3022837 ], [ 137.8420394, 35.3021323 ], [ 137.8420527, 35.301989 ], [ 137.842091, 35.3018709 ], [ 137.8422744, 35.3015618 ], [ 137.8423913, 35.3014696 ], [ 137.8428616, 35.3012445 ], [ 137.8430235, 35.3011984 ], [ 137.8431905, 35.3011721 ], [ 137.8433346, 35.3011212 ], [ 137.8435819, 35.3009579 ], [ 137.8436574, 35.3008679 ], [ 137.8436641, 35.3007101 ], [ 137.8436505, 35.3006482 ], [ 137.8436505, 35.3005412 ], [ 137.8436985, 35.3004287 ], [ 137.8438563, 35.300192 ], [ 137.8438358, 35.3000343 ], [ 137.843777, 35.2999389 ], [ 137.8436916, 35.2998598 ], [ 137.8433552, 35.299612 ], [ 137.8432455, 35.2994881 ], [ 137.843156, 35.2992407 ], [ 137.843108, 35.2990659 ], [ 137.8430394, 35.2989029 ], [ 137.8429363, 35.2987282 ], [ 137.8427858, 35.2984354 ], [ 137.842621, 35.2982101 ], [ 137.8424905, 35.2980637 ], [ 137.8423738, 35.2979737 ], [ 137.8423306, 35.2979501 ], [ 137.842277, 35.2979334 ], [ 137.842106, 35.2978723 ], [ 137.841948, 35.2978159 ], [ 137.8417627, 35.2977201 ], [ 137.8416871, 35.2976412 ], [ 137.8416591, 35.2975953 ], [ 137.8416239, 35.2975323 ], [ 137.8416674, 35.29729 ], [ 137.8416802, 35.297219 ], [ 137.8416691, 35.2971229 ], [ 137.8416255, 35.2970557 ], [ 137.8415294, 35.2970107 ], [ 137.8413166, 35.2969882 ], [ 137.8410118, 35.2969707 ], [ 137.8409492, 35.2969426 ], [ 137.8409046, 35.2968754 ], [ 137.8409113, 35.2967629 ], [ 137.8409458, 35.2966559 ], [ 137.8410419, 35.2964643 ], [ 137.8411127, 35.2963734 ], [ 137.8412157, 35.2962886 ], [ 137.8413302, 35.2961179 ], [ 137.8417177, 35.2955832 ], [ 137.8417955, 35.295379 ], [ 137.8418519, 35.295254 ], [ 137.8419912, 35.2950905 ], [ 137.8421541, 35.2949948 ], [ 137.8422571, 35.2949668 ], [ 137.8425521, 35.2949384 ], [ 137.8428474, 35.2948429 ], [ 137.842971, 35.2948371 ], [ 137.8431205, 35.2948612 ], [ 137.8432555, 35.2948779 ], [ 137.8434655, 35.2947301 ], [ 137.8436782, 35.2945273 ], [ 137.8437674, 35.2943923 ], [ 137.8437743, 35.294229 ], [ 137.8437124, 35.2940937 ], [ 137.8436577, 35.2939193 ], [ 137.8436577, 35.2937698 ], [ 137.8437362, 35.2936711 ], [ 137.843831, 35.293659 ], [ 137.8441999, 35.293666 ], [ 137.8445982, 35.2937109 ], [ 137.844914, 35.2937221 ], [ 137.8450435, 35.2937177 ], [ 137.8451613, 35.2936251 ], [ 137.8452937, 35.2934996 ], [ 137.8453556, 35.2934846 ], [ 137.845456, 35.2934915 ], [ 137.8456346, 35.2935423 ], [ 137.8457348, 35.2935562 ], [ 137.8457867, 35.2935505 ], [ 137.8460327, 35.2934351 ], [ 137.8463554, 35.2933396 ], [ 137.8464509, 35.293298 ], [ 137.8464942, 35.2932532 ], [ 137.8464942, 35.2931831 ], [ 137.8464466, 35.2930303 ], [ 137.8464566, 35.2929677 ], [ 137.8465215, 35.2929191 ], [ 137.8465908, 35.2928929 ], [ 137.8468977, 35.2928946 ], [ 137.8469732, 35.2929059 ], [ 137.8473646, 35.2929454 ], [ 137.8476254, 35.2929284 ], [ 137.8477421, 35.292906 ], [ 137.8479552, 35.2928384 ], [ 137.8480854, 35.2927707 ], [ 137.8481834, 35.2926759 ], [ 137.8483463, 35.2925568 ], [ 137.8484424, 35.2925343 ], [ 137.8487376, 35.2925229 ], [ 137.8488679, 35.2924834 ], [ 137.848964, 35.2924104 ], [ 137.8490326, 35.2923315 ], [ 137.8491013, 35.2922021 ], [ 137.8491563, 35.2920443 ], [ 137.8491701, 35.2918979 ], [ 137.849138, 35.291662 ], [ 137.8489146, 35.289926 ], [ 137.8488796, 35.2897985 ], [ 137.8488393, 35.289724 ], [ 137.8487588, 35.2896665 ], [ 137.8484501, 35.2894948 ], [ 137.8482133, 35.2893674 ], [ 137.8479113, 35.289186 ], [ 137.8475461, 35.2889774 ], [ 137.8471768, 35.2887915 ], [ 137.8467726, 35.2886173 ], [ 137.8460329, 35.288311 ], [ 137.8457651, 35.2882321 ], [ 137.8451914, 35.2880895 ], [ 137.8450171, 35.2880462 ], [ 137.8441041, 35.2877929 ], [ 137.8438637, 35.2877029 ], [ 137.843596, 35.2875451 ], [ 137.843136, 35.2871679 ], [ 137.8429507, 35.2869821 ], [ 137.8428821, 35.2868748 ], [ 137.8427588, 35.2865337 ], [ 137.8427241, 35.2864865 ], [ 137.8426146, 35.2864132 ], [ 137.8424429, 35.2863343 ], [ 137.8423538, 35.286267 ], [ 137.8422849, 35.2861826 ], [ 137.8422507, 35.2861093 ], [ 137.8422368, 35.2860137 ], [ 137.8422643, 35.285811 ], [ 137.8423604, 35.2853943 ], [ 137.8424085, 35.2852421 ], [ 137.8425527, 35.2849718 ], [ 137.8427999, 35.2843637 ], [ 137.8428754, 35.2840429 ], [ 137.8429345, 35.283936 ], [ 137.842999, 35.2838796 ], [ 137.8431774, 35.2837951 ], [ 137.843349, 35.2837557 ], [ 137.8438776, 35.2837557 ], [ 137.844207, 35.2837782 ], [ 137.8444884, 35.2838065 ], [ 137.8452643, 35.2838965 ], [ 137.8454635, 35.2839079 ], [ 137.8459576, 35.2839079 ], [ 137.8467249, 35.2838421 ], [ 137.8469829, 35.283836 ], [ 137.8471382, 35.2838401 ], [ 137.8476942, 35.283846 ], [ 137.8480748, 35.2838537 ], [ 137.84841, 35.2838285 ], [ 137.8485394, 35.2837669 ], [ 137.8487104, 35.2836882 ], [ 137.8487793, 35.2836657 ], [ 137.848882, 35.2836432 ], [ 137.8492598, 35.2835982 ], [ 137.8494587, 35.2835643 ], [ 137.8496923, 35.283491 ], [ 137.8498435, 35.2834632 ], [ 137.8499866, 35.2834608 ], [ 137.8501796, 35.2834576 ], [ 137.8504129, 35.2834407 ], [ 137.8504885, 35.2834182 ], [ 137.850564, 35.2834068 ], [ 137.8507698, 35.2833507 ], [ 137.8508578, 35.2833047 ], [ 137.850921, 35.2832718 ], [ 137.8510171, 35.2831648 ], [ 137.8510582, 35.2830859 ], [ 137.8511132, 35.2829451 ], [ 137.8511957, 35.282624 ], [ 137.8512709, 35.2825001 ], [ 137.8514084, 35.2823762 ], [ 137.851621, 35.2822525 ], [ 137.8516829, 35.2822188 ], [ 137.8518441, 35.2821704 ], [ 137.8521088, 35.2820837 ], [ 137.852349, 35.2819937 ], [ 137.8524245, 35.2819429 ], [ 137.8525273, 35.2818135 ], [ 137.8525481, 35.2817571 ], [ 137.8525548, 35.2817065 ], [ 137.8525393, 35.2815512 ], [ 137.8525418, 35.2815023 ], [ 137.8525823, 35.2814024 ], [ 137.852699, 35.2812446 ], [ 137.8527815, 35.281194 ], [ 137.8529203, 35.281109 ], [ 137.8530462, 35.2810318 ], [ 137.8536833, 35.2807579 ] ] } },
{ "type": "Feature", "properties": { "N12_001": "20", "N12_002": 2, "N12_003": 6, "N12_004": "長野県道　飯田富山佐久間線", "N12_005": 141, "N12_006": 2 }, "geometry": { "type": "LineString", "coordinates": [ [ 137.8368421, 35.3974335 ], [ 137.8369449, 35.3973886 ], [ 137.8372063, 35.3973097 ], [ 137.8374466, 35.3972592 ], [ 137.8375908, 35.3972142 ], [ 137.8377144, 35.3971353 ], [ 137.8378313, 35.3969889 ], [ 137.8378999, 35.3968539 ], [ 137.8381066, 35.3963134 ], [ 137.8382854, 35.3958454 ], [ 137.8383143, 35.3957355 ], [ 137.8383095, 35.3954684 ], [ 137.8382714, 35.3952108 ], [ 137.8382713, 35.3948031 ], [ 137.8382713, 35.3945453 ], [ 137.8381477, 35.3943314 ], [ 137.8380446, 35.3942355 ], [ 137.8377421, 35.3940497 ], [ 137.8376391, 35.3939598 ], [ 137.8375716, 35.393863 ], [ 137.8375635, 35.393712 ], [ 137.8376185, 35.3935822 ], [ 137.8377766, 35.3934078 ], [ 137.8382577, 35.3929914 ], [ 137.8384088, 35.3928392 ], [ 137.8384707, 35.3927208 ], [ 137.8384638, 35.3925578 ], [ 137.8383952, 35.3923436 ], [ 137.8383471, 35.3921467 ], [ 137.8382646, 35.3917186 ], [ 137.8382232, 35.3916117 ], [ 137.8381272, 35.3914426 ], [ 137.8380862, 35.3913257 ], [ 137.8380313, 35.3910036 ], [ 137.8379555, 35.3906489 ], [ 137.8379555, 35.3902547 ], [ 137.837983, 35.39008 ], [ 137.8380519, 35.3899056 ], [ 137.8382444, 35.3896858 ], [ 137.838306, 35.3895678 ], [ 137.8383541, 35.3893986 ], [ 137.8383955, 35.3891172 ], [ 137.8384435, 35.3890272 ], [ 137.8386702, 35.3886725 ], [ 137.8387252, 35.3885431 ], [ 137.8387391, 35.3884303 ], [ 137.8387321, 35.3882839 ], [ 137.8386496, 35.3880025 ], [ 137.838581, 35.3878503 ], [ 137.8384505, 35.3876533 ], [ 137.838251, 35.3873831 ], [ 137.838196, 35.3872872 ], [ 137.838141, 35.387107 ], [ 137.838105, 35.3869511 ], [ 137.8380312, 35.3868369 ], [ 137.8379279, 35.3867019 ], [ 137.8378113, 35.3866061 ], [ 137.8377013, 35.3865497 ], [ 137.8374541, 35.3864597 ], [ 137.8372411, 35.3864034 ], [ 137.8356946, 35.3859472 ], [ 137.8345618, 35.385627 ], [ 137.8342677, 35.385535 ], [ 137.8337913, 35.3853617 ], [ 137.8336127, 35.3853164 ], [ 137.8334133, 35.3853164 ], [ 137.8333171, 35.3853447 ], [ 137.832836, 35.38557 ], [ 137.8326574, 35.385677 ], [ 137.8325199, 35.385812 ], [ 137.8324649, 35.3859022 ], [ 137.832451, 35.3860036 ], [ 137.8324785, 35.3861385 ], [ 137.8324855, 35.3862514 ], [ 137.8324444, 35.38633 ], [ 137.8323894, 35.386392 ], [ 137.8322724, 35.3864595 ], [ 137.8319013, 35.3865945 ], [ 137.8318118, 35.3866509 ], [ 137.8317294, 35.3867353 ], [ 137.8316402, 35.3867747 ], [ 137.8313722, 35.3867803 ], [ 137.8313102, 35.3867692 ], [ 137.8310972, 35.3867522 ], [ 137.830898, 35.3866903 ], [ 137.8308393, 35.3866554 ], [ 137.8307925, 35.3866275 ], [ 137.8305955, 35.38651 ], [ 137.8304924, 35.3864706 ], [ 137.8303002, 35.3864314 ], [ 137.8302549, 35.3864175 ], [ 137.8302041, 35.3863861 ], [ 137.8301491, 35.3863356 ], [ 137.8301077, 35.3862681 ], [ 137.8300391, 35.3860766 ], [ 137.8299574, 35.3859236 ], [ 137.8299136, 35.3858557 ], [ 137.8296886, 35.3855081 ], [ 137.8295925, 35.3852884 ], [ 137.8295235, 35.3850295 ], [ 137.8294688, 35.3849111 ], [ 137.8292624, 35.3846069 ], [ 137.8292074, 35.3845 ], [ 137.8291869, 35.3843761 ], [ 137.8291594, 35.3840381 ], [ 137.8290633, 35.3838131 ], [ 137.8290221, 35.3836836 ], [ 137.8290221, 35.3835261 ], [ 137.8290635, 35.3834134 ], [ 137.8291106, 35.3833331 ], [ 137.8293177, 35.3829797 ], [ 137.8293866, 35.3828278 ], [ 137.8294728, 35.3823542 ], [ 137.8295238, 35.3821241 ], [ 137.8295583, 35.3818986 ], [ 137.8296133, 35.3816225 ], [ 137.8297712, 35.3811784 ], [ 137.8298949, 35.3807781 ], [ 137.8299638, 35.3804853 ], [ 137.8300257, 35.3803389 ], [ 137.8301013, 35.3802659 ], [ 137.8303266, 35.3801482 ], [ 137.8306166, 35.3799953 ], [ 137.8306991, 35.3799278 ], [ 137.8307266, 35.3798548 ], [ 137.830723, 35.3798016 ], [ 137.830662, 35.3796327 ], [ 137.830431, 35.3792522 ], [ 137.830376, 35.3791059 ], [ 137.830383, 35.378982 ], [ 137.8304174, 35.3789145 ], [ 137.8304981, 35.3788223 ], [ 137.8305614, 35.3787682 ], [ 137.8306648, 35.3786893 ], [ 137.830871, 35.3785484 ], [ 137.8309535, 35.378447 ], [ 137.8310152, 35.378357 ], [ 137.831091, 35.3783006 ], [ 137.8311871, 35.3782611 ], [ 137.8313521, 35.378267 ], [ 137.8316407, 35.3783289 ], [ 137.8318194, 35.3783289 ], [ 137.8319088, 35.3782836 ], [ 137.831974, 35.3782049 ], [ 137.8320118, 35.3781431 ], [ 137.8320804, 35.377912 ], [ 137.8321493, 35.37785 ], [ 137.8322677, 35.3777939 ], [ 137.8323287, 35.3777696 ], [ 137.8324724, 35.377715 ], [ 137.8327471, 35.3775236 ], [ 137.8328641, 35.3774842 ], [ 137.8331252, 35.3774222 ], [ 137.8331802, 35.3773772 ], [ 137.8332213, 35.3772253 ], [ 137.8332007, 35.3771634 ], [ 137.8330472, 35.3769861 ] ] } },
{ "type": "Feature", "properties": { "N12_001": "20", "N12_002": 2, "N12_003": 6, "N12_004": "長野県道　菱野筒井線", "N12_005": 142, "N12_006": 1 }, "geometry": { "type": "LineString", "coordinates": [ [ 138.4322377, 36.3301766 ], [ 138.4318896, 36.3300609 ], [ 138.4296792, 36.3294271 ], [ 138.4280345, 36.3289426 ], [ 138.4276399, 36.3288948 ], [ 138.4271265, 36.3288622 ], [ 138.4269578, 36.3288354 ], [ 138.426625, 36.3287531 ], [ 138.4256434, 36.3283931 ] ] } },
{ "type": "Feature", "properties": { "N12_001": "20", "N12_002": 2, "N12_003": 9, "N12_004": "-", "N12_005": 143, "N12_006": 1 }, "geometry": { "type": "LineString", "coordinates": [ [ 138.4256434, 36.3283931 ], [ 138.4258849, 36.3280434 ], [ 138.426037, 36.3278688 ], [ 138.4261701, 36.3277095 ], [ 138.4262956, 36.3272959 ], [ 138.4263983, 36.326631 ], [ 138.4264895, 36.325767 ] ] } },
{ "type": "Feature", "properties": { "N12_001": "20", "N12_002": 2, "N12_003": 7, "N12_004": "安曇野市道　堀金1級3号線", "N12_005": 144, "N12_006": 1 }, "geometry": { "type": "LineString", "coordinates": [ [ 137.8769844, 36.3038632 ], [ 137.8768442, 36.3047328 ], [ 137.8767396, 36.3053879 ], [ 137.8766849, 36.3055373 ], [ 137.8765946, 36.3057135 ], [ 137.8764235, 36.3059414 ], [ 137.8755773, 36.3069412 ], [ 137.8748714, 36.3077936 ], [ 137.8741536, 36.3086191 ], [ 137.8733836, 36.3095078 ], [ 137.8729272, 36.3100594 ], [ 137.8727489, 36.3103314 ], [ 137.8726586, 36.3104731 ] ] } },
{ "type": "Feature", "properties": { "N12_001": "20", "N12_002": 2, "N12_003": 7, "N12_004": "安曇野市道　豊科1376号線", "N12_005": 145, "N12_006": 1 }, "geometry": { "type": "LineString", "coordinates": [ [ 137.9098986, 36.3044873 ], [ 137.9087362, 36.3042457 ], [ 137.9076584, 36.3040008 ], [ 137.9068774, 36.3038306 ], [ 137.9065541, 36.3037579 ], [ 137.9060978, 36.3036257 ], [ 137.9045315, 36.3031794 ], [ 137.9034453, 36.3029266 ], [ 137.9028236, 36.3027767 ] ] } },
{ "type": "Feature", "properties": { "N12_001": "20", "N12_002": 2, "N12_003": 6, "N12_004": "長野県道　豊野南志賀公園線", "N12_005": 146, "N12_006": 1 }, "geometry": { "type": "LineString", "coordinates": [ [ 138.285596, 36.7094448 ], [ 138.2858543, 36.7094184 ], [ 138.2860585, 36.709354 ], [ 138.2866206, 36.7091757 ], [ 138.2870767, 36.7090285 ], [ 138.2875806, 36.7088607 ], [ 138.2878033, 36.708788 ], [ 138.2881829, 36.7086633 ], [ 138.2883305, 36.7086436 ], [ 138.2886105, 36.7086369 ], [ 138.2888629, 36.708635 ], [ 138.2889657, 36.7086294 ], [ 138.2897696, 36.7086124 ], [ 138.2899513, 36.7086069 ], [ 138.290119, 36.7085844 ], [ 138.2902749, 36.7085506 ], [ 138.2906, 36.7084486 ], [ 138.2908779, 36.7083637 ], [ 138.2911182, 36.7082694 ], [ 138.2913929, 36.708124 ], [ 138.2924072, 36.7075074 ], [ 138.2949839, 36.705874 ], [ 138.3005331, 36.7022818 ], [ 138.3006091, 36.7022315 ], [ 138.3008544, 36.7020745 ], [ 138.3012556, 36.701893 ], [ 138.3014781, 36.7018492 ] ] } },
{ "type": "Feature", "properties": { "N12_001": "20", "N12_002": 2, "N12_003": 9, "N12_004": "-", "N12_005": 147, "N12_006": 1 }, "geometry": { "type": "LineString", "coordinates": [ [ 138.2551851, 36.7562105 ], [ 138.2552505, 36.7560116 ], [ 138.2553622, 36.7556811 ], [ 138.2554898, 36.7553032 ], [ 138.2555648, 36.7551616 ], [ 138.2556648, 36.75502 ], [ 138.2558148, 36.7548866 ], [ 138.2561898, 36.7547367 ], [ 138.2563973, 36.7546798 ], [ 138.2568912, 36.7545444 ], [ 138.2570779, 36.7544932 ], [ 138.2577966, 36.7542961 ], [ 138.258078, 36.7542189 ], [ 138.2581646, 36.7541952 ], [ 138.2583021, 36.7541535 ], [ 138.2585521, 36.7540535 ], [ 138.2586771, 36.7539786 ], [ 138.259802, 36.7532037 ], [ 138.259927, 36.7530787 ], [ 138.2604519, 36.7525038 ], [ 138.2605644, 36.7524038 ], [ 138.2607644, 36.7522538 ], [ 138.2612922, 36.751949 ], [ 138.2617018, 36.7517123 ], [ 138.2620766, 36.7514468 ], [ 138.2623018, 36.7512873 ], [ 138.2630267, 36.7507208 ], [ 138.2633142, 36.7504875 ], [ 138.2639267, 36.7500042 ], [ 138.2642576, 36.7497399 ], [ 138.2646648, 36.7494146 ], [ 138.26688, 36.747645 ], [ 138.267014, 36.7475379 ], [ 138.2672515, 36.7473713 ], [ 138.2679959, 36.7470055 ], [ 138.2690356, 36.7464946 ], [ 138.2695008, 36.7462661 ], [ 138.2699137, 36.7460632 ], [ 138.2700887, 36.7459965 ], [ 138.2704387, 36.7459132 ], [ 138.2720136, 36.7457216 ], [ 138.2721635, 36.7456966 ], [ 138.2729635, 36.7456133 ], [ 138.2734509, 36.74558 ], [ 138.2741128, 36.7456005 ], [ 138.2753382, 36.7456384 ], [ 138.2754507, 36.7456134 ], [ 138.2758507, 36.7453968 ], [ 138.2768756, 36.7448385 ], [ 138.2770006, 36.7447969 ], [ 138.27797, 36.7446129 ], [ 138.2788004, 36.7444553 ], [ 138.2789379, 36.7444303 ], [ 138.2801378, 36.7443137 ], [ 138.2804003, 36.744272 ], [ 138.2811377, 36.7441887 ], [ 138.2813377, 36.7444304 ], [ 138.2814752, 36.7448053 ], [ 138.2815377, 36.745022 ], [ 138.2816377, 36.7451386 ], [ 138.2817876, 36.7451636 ], [ 138.2819126, 36.745147 ], [ 138.2817252, 36.7443054 ], [ 138.281639, 36.7439197 ], [ 138.2816377, 36.7439138 ], [ 138.2815752, 36.7436055 ], [ 138.2815479, 36.7434929 ] ] } },
{ "type": "Feature", "properties": { "N12_001": "20", "N12_002": 2, "N12_003": 6, "N12_004": "長野県道　牟礼永江線", "N12_005": 148, "N12_006": 1 }, "geometry": { "type": "LineString", "coordinates": [ [ 138.2457118, 36.7540081 ], [ 138.2458933, 36.7541541 ], [ 138.2461793, 36.7543686 ], [ 138.2463268, 36.7544466 ], [ 138.2464348, 36.7544844 ], [ 138.2466097, 36.7545014 ], [ 138.2473703, 36.7544222 ], [ 138.2474692, 36.7544161 ], [ 138.2476548, 36.7544198 ], [ 138.2479271, 36.7544527 ], [ 138.248064, 36.7544929 ], [ 138.2486907, 36.754651 ], [ 138.2492706, 36.7549786 ], [ 138.2494512, 36.7550319 ], [ 138.2528833, 36.7556717 ], [ 138.2550795, 36.7561897 ], [ 138.2551851, 36.7562105 ] ] } },
{ "type": "Feature", "properties": { "N12_001": "20", "N12_002": 2, "N12_003": 6, "N12_004": "長野県道　有明大町線", "N12_005": 149, "N12_006": 1 }, "geometry": { "type": "LineString", "coordinates": [ [ 137.8553613, 36.5028634 ], [ 137.8543861, 36.5026345 ], [ 137.8531312, 36.5023403 ], [ 137.8516861, 36.5019353 ], [ 137.85084, 36.5016525 ], [ 137.8504169, 36.5015226 ], [ 137.8500699, 36.5014271 ], [ 137.8494281, 36.5013315 ], [ 137.8488577, 36.5012207 ], [ 137.8480401, 36.5010373 ], [ 137.847869, 36.5009762 ], [ 137.8475362, 36.5008462 ], [ 137.846942, 36.5005405 ], [ 137.8463573, 36.5002272 ], [ 137.8440376, 36.4989356 ], [ 137.8425069, 36.4980949 ], [ 137.8406435, 36.4970861 ], [ 137.8401396, 36.4968186 ], [ 137.8395834, 36.4966505 ] ] } },
{ "type": "Feature", "properties": { "N12_001": "20", "N12_002": 2, "N12_003": 9, "N12_004": "-", "N12_005": 150, "N12_006": 1 }, "geometry": { "type": "LineString", "coordinates": [ [ 138.3109451, 36.2727104 ], [ 138.3112021, 36.2723421 ], [ 138.3116353, 36.2717998 ], [ 138.3126564, 36.2722183 ], [ 138.3132611, 36.2723655 ], [ 138.314556, 36.2723057 ], [ 138.3149667, 36.2723792 ], [ 138.315577, 36.2727794 ], [ 138.3162387, 36.2730553 ] ] } },
{ "type": "Feature", "properties": { "N12_001": "20", "N12_002": 2, "N12_003": 6, "N12_004": "長野県道　芦田大屋停車場線", "N12_005": 151, "N12_006": 1 }, "geometry": { "type": "LineString", "coordinates": [ [ 138.3095306, 36.2738526 ], [ 138.3100172, 36.2735454 ], [ 138.3106599, 36.2730737 ], [ 138.3109451, 36.2727104 ] ] } },
{ "type": "Feature", "properties": { "N12_001": "20", "N12_002": 2, "N12_003": 7, "N12_004": "長野市道　県庁差出線", "N12_005": 152, "N12_006": 1 }, "geometry": { "type": "LineString", "coordinates": [ [ 138.1820616, 36.6500892 ], [ 138.1814623, 36.6501206 ], [ 138.1811511, 36.650064 ] ] } },
{ "type": "Feature", "properties": { "N12_001": "20", "N12_002": 2, "N12_003": 7, "N12_004": "長野市道　更北中央線", "N12_005": 153, "N12_006": 1 }, "geometry": { "type": "LineString", "coordinates": [ [ 138.1897218, 36.6054403 ], [ 138.1899287, 36.6050115 ], [ 138.1902539, 36.604446 ], [ 138.1903309, 36.6042628 ], [ 138.1903223, 36.6041484 ], [ 138.1901255, 36.603276 ], [ 138.1900318, 36.6029844 ], [ 138.1900134, 36.6029445 ], [ 138.189651, 36.602547 ], [ 138.189257, 36.6021514 ], [ 138.1888874, 36.6017899 ], [ 138.1888052, 36.6015628 ], [ 138.1883032, 36.6002378 ], [ 138.1877899, 36.5988578 ], [ 138.1875008, 36.5980854 ] ] } },
{ "type": "Feature", "properties": { "N12_001": "20", "N12_002": 2, "N12_003": 7, "N12_004": "長野市道　若穂西54号線", "N12_005": 154, "N12_006": 1 }, "geometry": { "type": "LineString", "coordinates": [ [ 138.2318637, 36.6058761 ], [ 138.231871, 36.6061072 ], [ 138.2319148, 36.6064956 ], [ 138.2321293, 36.6072161 ], [ 138.2323516, 36.6080398 ], [ 138.2323777, 36.6081276 ], [ 138.2324633, 36.6091845 ], [ 138.2324918, 36.6095833 ] ] } },
{ "type": "Feature", "properties": { "N12_001": "20", "N12_002": 2, "N12_003": 7, "N12_004": "長野市道　朝陽371号線", "N12_005": 155, "N12_006": 1 }, "geometry": { "type": "LineString", "coordinates": [ [ 138.2511291, 36.6417076 ], [ 138.2511773, 36.6418456 ], [ 138.2512115, 36.6419119 ], [ 138.2512458, 36.6419257 ], [ 138.2513057, 36.6419371 ], [ 138.2526747, 36.6418067 ], [ 138.2532309, 36.6417426 ] ] } },
{ "type": "Feature", "properties": { "N12_001": "20", "N12_002": 2, "N12_003": 7, "N12_004": "長野市道　東福寺稲里線", "N12_005": 156, "N12_006": 1 }, "geometry": { "type": "LineString", "coordinates": [ [ 138.1744192, 36.5892826 ], [ 138.1744212, 36.5890601 ], [ 138.1744831, 36.5873437 ], [ 138.174516, 36.586429 ], [ 138.1745285, 36.586354 ], [ 138.1745535, 36.586154 ], [ 138.174716, 36.5854957 ], [ 138.1747535, 36.5854041 ], [ 138.1749327, 36.5845946 ], [ 138.1751121, 36.5838814 ], [ 138.1752973, 36.5831752 ], [ 138.1754281, 36.5826229 ], [ 138.1755661, 36.5820045 ], [ 138.1755786, 36.5818962 ], [ 138.1756599, 36.5811087 ], [ 138.1756912, 36.5808213 ], [ 138.1757675, 36.5802579 ], [ 138.17595, 36.5794425 ], [ 138.1760242, 36.5789295 ], [ 138.1760384, 36.5787279 ], [ 138.1760498, 36.5782584 ], [ 138.1761012, 36.5778919 ], [ 138.1762438, 36.5773605 ], [ 138.1762809, 36.5771681 ], [ 138.1762523, 36.5763985 ], [ 138.1762751, 36.576268 ], [ 138.1765062, 36.5756885 ], [ 138.1765832, 36.5753472 ], [ 138.1766744, 36.5743119 ], [ 138.1766773, 36.573966 ], [ 138.176335, 36.572484 ], [ 138.1761639, 36.571577 ], [ 138.1761259, 36.5714059 ], [ 138.1760118, 36.5708134 ], [ 138.1759471, 36.5705263 ] ] } },
{ "type": "Feature", "properties": { "N12_001": "20", "N12_002": 2, "N12_003": 7, "N12_004": "長野市道　豊野郷道線", "N12_005": 157, "N12_006": 1 }, "geometry": { "type": "LineString", "coordinates": [ [ 138.2815479, 36.7434929 ], [ 138.2815127, 36.7433472 ], [ 138.2814252, 36.7431805 ], [ 138.2813127, 36.7429847 ], [ 138.2812002, 36.7427889 ], [ 138.2811752, 36.7426972 ], [ 138.2812587, 36.7420532 ], [ 138.2812627, 36.7420223 ], [ 138.2813128, 36.7413724 ], [ 138.2813473, 36.7411995 ], [ 138.2813628, 36.7411224 ], [ 138.2813878, 36.7409808 ], [ 138.2814003, 36.7408475 ], [ 138.2813753, 36.7406475 ], [ 138.2813128, 36.7403225 ], [ 138.281232, 36.7401562 ], [ 138.2810253, 36.7397309 ], [ 138.2810003, 36.7396309 ], [ 138.2810003, 36.7395059 ], [ 138.2810378, 36.7394143 ], [ 138.2811628, 36.739231 ], [ 138.2812564, 36.7391218 ], [ 138.2813128, 36.739056 ], [ 138.2814253, 36.7388393 ], [ 138.2814753, 36.7384811 ], [ 138.2814753, 36.7382561 ], [ 138.2814378, 36.7380394 ], [ 138.2814003, 36.7378561 ], [ 138.2813356, 36.7376115 ], [ 138.2812878, 36.7374312 ], [ 138.2812378, 36.7371354 ], [ 138.2811879, 36.7368396 ], [ 138.2811504, 36.7364313 ], [ 138.2811504, 36.7363063 ], [ 138.2811879, 36.736173 ], [ 138.2812629, 36.7360563 ], [ 138.2814286, 36.7358744 ], [ 138.2814753, 36.735823 ], [ 138.2818753, 36.7354397 ], [ 138.2820378, 36.7353314 ], [ 138.2829377, 36.7348982 ], [ 138.2831877, 36.7348065 ], [ 138.2834127, 36.7347565 ], [ 138.2836626, 36.7347399 ], [ 138.2841672, 36.7347346 ], [ 138.2844626, 36.7347316 ], [ 138.2846125, 36.7347566 ], [ 138.2848375, 36.7348316 ], [ 138.2849875, 36.7348482 ], [ 138.2851125, 36.7348316 ], [ 138.2857249, 36.7346066 ], [ 138.2865123, 36.73429 ], [ 138.2869498, 36.7340734 ], [ 138.2870498, 36.7339484 ], [ 138.2870498, 36.7338484 ], [ 138.2870373, 36.7337791 ], [ 138.2870123, 36.7336401 ], [ 138.2868623, 36.7332818 ], [ 138.2866373, 36.7328735 ], [ 138.2865374, 36.7327485 ], [ 138.2864382, 36.7326494 ], [ 138.2863124, 36.7325236 ], [ 138.2862624, 36.7324402 ], [ 138.2862564, 36.7324122 ], [ 138.2862374, 36.7323236 ], [ 138.2862264, 36.7321151 ], [ 138.2862172, 36.731939 ], [ 138.2862161, 36.7318594 ] ] } },
{ "type": "Feature", "properties": { "N12_001": "20", "N12_002": 2, "N12_003": 7, "N12_004": "安曇野市道　穂高1級9号線", "N12_005": 158, "N12_006": 1 }, "geometry": { "type": "LineString", "coordinates": [ [ 137.8726586, 36.3104731 ], [ 137.8724685, 36.3110017 ], [ 137.8724614, 36.3110304 ], [ 137.8721443, 36.3124883 ], [ 137.871919, 36.3134674 ] ] } },
{ "type": "Feature", "properties": { "N12_001": "20", "N12_002": 2, "N12_003": 9, "N12_004": "-", "N12_005": 159, "N12_006": 1 }, "geometry": { "type": "LineString", "coordinates": [ [ 137.9108361, 36.3023293 ], [ 137.9106708, 36.3026565 ], [ 137.9104486, 36.3031875 ], [ 137.9101486, 36.3038707 ], [ 137.9098986, 36.3044873 ] ] } },
{ "type": "Feature", "properties": { "N12_001": "20", "N12_002": 2, "N12_003": 7, "N12_004": "松本市道　6055号線", "N12_005": 160, "N12_006": 1 }, "geometry": { "type": "LineString", "coordinates": [ [ 137.9276877, 36.1517193 ], [ 137.9276646, 36.1516419 ], [ 137.9275673, 36.151394 ], [ 137.9274083, 36.1510796 ], [ 137.9265685, 36.1494803 ] ] } },
{ "type": "Feature", "properties": { "N12_001": "20", "N12_002": 2, "N12_003": 7, "N12_004": "塩尻市道　野村角前1号線", "N12_005": 161, "N12_006": 1 }, "geometry": { "type": "LineString", "coordinates": [ [ 137.9594829, 36.144013 ], [ 137.9599523, 36.1443782 ] ] } },
{ "type": "Feature", "properties": { "N12_001": "20", "N12_002": 2, "N12_003": 7, "N12_004": "塩尻市道　広丘東通線", "N12_005": 162, "N12_006": 1 }, "geometry": { "type": "LineString", "coordinates": [ [ 137.9574388, 36.1483574 ], [ 137.9578763, 36.145691 ], [ 137.9579639, 36.1454993 ], [ 137.9580889, 36.145266 ], [ 137.9583763, 36.1449661 ], [ 137.9594829, 36.144013 ] ] } },
{ "type": "Feature", "properties": { "N12_001": "20", "N12_002": 2, "N12_003": 9, "N12_004": "-", "N12_005": 163, "N12_006": 1 }, "geometry": { "type": "LineString", "coordinates": [ [ 137.9511075, 36.1335962 ], [ 137.9504167, 36.133784 ], [ 137.9501956, 36.1338416 ], [ 137.9499841, 36.1339299 ], [ 137.9498534, 36.1340048 ], [ 137.9492877, 36.1344847 ] ] } },
{ "type": "Feature", "properties": { "N12_001": "20", "N12_002": 2, "N12_003": 7, "N12_004": "千曲市道　3000号線", "N12_005": 164, "N12_006": 1 }, "geometry": { "type": "LineString", "coordinates": [ [ 138.1228697, 36.5354103 ], [ 138.1212512, 36.5353161 ], [ 138.1202488, 36.5352391 ], [ 138.1204283, 36.5337149 ] ] } },
{ "type": "Feature", "properties": { "N12_001": "20", "N12_002": 2, "N12_003": 7, "N12_004": "箕輪町道　1号線", "N12_005": 165, "N12_006": 1 }, "geometry": { "type": "LineString", "coordinates": [ [ 137.9784992, 35.9424417 ], [ 137.9771572, 35.9426946 ], [ 137.9758704, 35.9429988 ], [ 137.9745322, 35.9432749 ], [ 137.9730691, 35.9435897 ], [ 137.9719163, 35.943836 ], [ 137.9716198, 35.9438921 ], [ 137.9713245, 35.9439365 ], [ 137.9711823, 35.9439421 ], [ 137.9710507, 35.9439376 ], [ 137.9709073, 35.9439171 ], [ 137.9707618, 35.9438912 ], [ 137.9705919, 35.9438444 ], [ 137.9704761, 35.9438046 ], [ 137.9703209, 35.9437426 ], [ 137.9701995, 35.9436886 ], [ 137.9700996, 35.9436227 ], [ 137.970021, 35.9435637 ], [ 137.9699199, 35.9434754 ], [ 137.9694798, 35.9428739 ], [ 137.9691169, 35.9423455 ], [ 137.9682789, 35.9410681 ], [ 137.9680293, 35.9404293 ], [ 137.9675753, 35.9388763 ], [ 137.9673139, 35.9380123 ], [ 137.9670572, 35.9371809 ], [ 137.966539, 35.935422 ], [ 137.9661564, 35.9341461 ], [ 137.9659639, 35.9337689 ], [ 137.9657832, 35.9335168 ], [ 137.9648943, 35.9326296 ], [ 137.9645259, 35.9322755 ], [ 137.9641005, 35.9317713 ], [ 137.963309, 35.9306993 ], [ 137.9628954, 35.9301604 ], [ 137.9626435, 35.9296927 ], [ 137.9622275, 35.9287612 ], [ 137.9616928, 35.9275218 ], [ 137.9616048, 35.9271927 ], [ 137.9612412, 35.9253585 ], [ 137.9610082, 35.9241459 ], [ 137.9606731, 35.9224444 ], [ 137.9603808, 35.9209373 ], [ 137.9602358, 35.920435 ], [ 137.9597343, 35.919384 ], [ 137.9590022, 35.9178422 ], [ 137.9588287, 35.9174842 ], [ 137.9587051, 35.9171724 ], [ 137.9586124, 35.9169183 ], [ 137.9585269, 35.9166411 ], [ 137.9584508, 35.9156863 ] ] } },
{ "type": "Feature", "properties": { "N12_001": "20", "N12_002": 2, "N12_003": 7, "N12_004": "箕輪町道　6号線", "N12_005": 166, "N12_006": 1 }, "geometry": { "type": "LineString", "coordinates": [ [ 137.9857392, 35.9138658 ], [ 137.9850333, 35.9140159 ], [ 137.9843702, 35.9141584 ], [ 137.9840445, 35.9142027 ], [ 137.983195, 35.9143039 ] ] } },
{ "type": "Feature", "properties": { "N12_001": "20", "N12_002": 2, "N12_003": 9, "N12_004": "-", "N12_005": 167, "N12_006": 1 }, "geometry": { "type": "LineString", "coordinates": [ [ 137.9780233, 35.8705252 ], [ 137.9776, 35.8706594 ], [ 137.975805, 35.8713389 ], [ 137.9756263, 35.8714237 ], [ 137.9752897, 35.8717103 ], [ 137.9751368, 35.871857 ], [ 137.9747581, 35.8721072 ], [ 137.9742044, 35.8724388 ], [ 137.9740492, 35.8725041 ], [ 137.9739503, 35.8725324 ], [ 137.9735046, 35.8725694 ], [ 137.9732826, 35.8726323 ], [ 137.9721037, 35.8730181 ] ] } },
{ "type": "Feature", "properties": { "N12_001": "20", "N12_002": 2, "N12_003": 9, "N12_004": "-", "N12_005": 168, "N12_006": 1 }, "geometry": { "type": "LineString", "coordinates": [ [ 137.9262954, 35.8555094 ], [ 137.9262874, 35.8559977 ], [ 137.9263188, 35.8562057 ], [ 137.9267438, 35.8575742 ], [ 137.9270632, 35.8586491 ], [ 137.927394, 35.8597193 ], [ 137.9278333, 35.8611479 ], [ 137.9281613, 35.8622343 ], [ 137.9282126, 35.8623337 ], [ 137.9285292, 35.8629947 ], [ 137.9289085, 35.8635934 ], [ 137.9292964, 35.8641435 ], [ 137.9299039, 35.8648739 ], [ 137.9307767, 35.86581 ], [ 137.931658, 35.8667577 ], [ 137.9325422, 35.8677007 ], [ 137.9335404, 35.868787 ], [ 137.9347583, 35.8700952 ], [ 137.9352763, 35.8706827 ] ] } },
{ "type": "Feature", "properties": { "N12_001": "20", "N12_002": 2, "N12_003": 9, "N12_004": "-", "N12_005": 169, "N12_006": 1 }, "geometry": { "type": "LineString", "coordinates": [ [ 137.9755111, 35.8680338 ], [ 137.97478, 35.8682565 ], [ 137.9741609, 35.8684658 ], [ 137.9740697, 35.868512 ], [ 137.9739328, 35.8685798 ], [ 137.9738339, 35.8686383 ], [ 137.9737692, 35.8686846 ], [ 137.9734802, 35.8689434 ], [ 137.9732254, 35.8690914 ], [ 137.9727767, 35.869267 ], [ 137.9725941, 35.8693749 ], [ 137.972366, 35.8695351 ], [ 137.9719971, 35.8697231 ], [ 137.9701071, 35.8704689 ], [ 137.9696583, 35.8706599 ], [ 137.9693313, 35.8708571 ], [ 137.9691335, 35.8709835 ], [ 137.9684414, 35.8714272 ], [ 137.9666693, 35.8722315 ], [ 137.9663232, 35.8724257 ], [ 137.966019, 35.8726291 ], [ 137.9658326, 35.8727646 ], [ 137.965498, 35.8730482 ], [ 137.9653839, 35.8731314 ], [ 137.9651747, 35.8732454 ], [ 137.9649694, 35.8733317 ], [ 137.9647564, 35.8733902 ], [ 137.9644408, 35.8735011 ], [ 137.9643077, 35.8735474 ], [ 137.9628093, 35.8743393 ], [ 137.9608889, 35.8753531 ], [ 137.9585273, 35.8765857 ], [ 137.9562456, 35.8777967 ], [ 137.9550743, 35.8784068 ], [ 137.9527738, 35.8796073 ], [ 137.9514489, 35.8802988 ], [ 137.9505969, 35.880734 ], [ 137.9484617, 35.8818569 ], [ 137.9462319, 35.8830027 ], [ 137.9460618, 35.8830901 ], [ 137.9469628, 35.8839714 ], [ 137.9476891, 35.8846863 ], [ 137.9480694, 35.8851022 ], [ 137.9471491, 35.8855459 ], [ 137.9460387, 35.8861282 ], [ 137.9447571, 35.8868029 ] ] } },
{ "type": "Feature", "properties": { "N12_001": "20", "N12_002": 2, "N12_003": 9, "N12_004": "-", "N12_005": 170, "N12_006": 1 }, "geometry": { "type": "LineString", "coordinates": [ [ 137.9510171, 35.8289477 ], [ 137.9525459, 35.8284574 ], [ 137.953219, 35.8282909 ], [ 137.9550628, 35.828164 ] ] } },
{ "type": "Feature", "properties": { "N12_001": "20", "N12_002": 2, "N12_003": 9, "N12_004": "-", "N12_005": 171, "N12_006": 1 }, "geometry": { "type": "LineString", "coordinates": [ [ 137.846776, 35.4851333 ], [ 137.8472305, 35.4856258 ], [ 137.8477895, 35.4862172 ], [ 137.8489724, 35.4874723 ], [ 137.8495857, 35.488128 ], [ 137.8505464, 35.4891622 ], [ 137.8516385, 35.4903167 ], [ 137.8527596, 35.4915098 ] ] } },
{ "type": "Feature", "properties": { "N12_001": "20", "N12_002": 2, "N12_003": 9, "N12_004": "-", "N12_005": 172, "N12_006": 1 }, "geometry": { "type": "LineString", "coordinates": [ [ 137.8094526, 35.5010325 ], [ 137.8092295, 35.5007654 ], [ 137.809085, 35.5006168 ], [ 137.8085129, 35.5003515 ], [ 137.8081504, 35.5000015 ], [ 137.8070506, 35.498835 ], [ 137.805982, 35.4977059 ], [ 137.8049534, 35.496602 ], [ 137.8047816, 35.4964354 ], [ 137.8044448, 35.4961311 ], [ 137.8043261, 35.4960436 ], [ 137.8035199, 35.4957061 ], [ 137.8029565, 35.4954609 ], [ 137.8022763, 35.4950603 ], [ 137.8015583, 35.4945816 ], [ 137.800466, 35.4937288 ], [ 137.7985269, 35.4922606 ], [ 137.7981184, 35.4919503 ], [ 137.7978957, 35.4917648 ], [ 137.7976708, 35.4915482 ], [ 137.7975395, 35.491419 ], [ 137.7972396, 35.4908774 ], [ 137.7967272, 35.4895609 ], [ 137.7958774, 35.4872112 ] ] } },
{ "type": "Feature", "properties": { "N12_001": "20", "N12_002": 1, "N12_003": 9, "N12_004": "-", "N12_005": 173, "N12_006": 1 }, "geometry": { "type": "LineString", "coordinates": [ [ 138.3517016, 36.3416182 ], [ 138.3514643, 36.3416137 ], [ 138.3508891, 36.3417209 ], [ 138.350756, 36.3417285 ], [ 138.3506372, 36.3417055 ], [ 138.3504708, 36.3416175 ], [ 138.3501095, 36.3413112 ], [ 138.3498101, 36.3411312 ], [ 138.3493918, 36.3409665 ], [ 138.3488974, 36.3408823 ], [ 138.3485409, 36.3408861 ], [ 138.3483079, 36.3409283 ], [ 138.348094, 36.3409819 ], [ 138.3475283, 36.3411657 ], [ 138.3474, 36.3411848 ], [ 138.3472574, 36.3411963 ], [ 138.3466252, 36.3412078 ], [ 138.346435, 36.3412422 ], [ 138.3462306, 36.3413035 ], [ 138.3461023, 36.3413648 ], [ 138.3459977, 36.3414337 ], [ 138.3442674, 36.3431452 ], [ 138.3433556, 36.3440551 ], [ 138.3430744, 36.3443759 ], [ 138.3429619, 36.3445426 ], [ 138.3428098, 36.3448754 ], [ 138.3427119, 36.3453258 ] ] } },
{ "type": "Feature", "properties": { "N12_001": "20", "N12_002": 2, "N12_003": 9, "N12_004": "-", "N12_005": 174, "N12_006": 1 }, "geometry": { "type": "LineString", "coordinates": [ [ 138.3541375, 36.3516747 ], [ 138.3542044, 36.351833 ], [ 138.354307, 36.3519862 ], [ 138.3545656, 36.3523476 ], [ 138.3546569, 36.3524487 ], [ 138.3548319, 36.3527008 ], [ 138.3549319, 36.3527508 ], [ 138.3550694, 36.3527842 ], [ 138.3557819, 36.3528592 ], [ 138.3558694, 36.3528842 ], [ 138.3559068, 36.3529509 ], [ 138.3559068, 36.3530258 ], [ 138.3558693, 36.3531008 ], [ 138.3557068, 36.3534758 ], [ 138.3557068, 36.3535841 ], [ 138.3557443, 36.3537008 ], [ 138.3558068, 36.3538174 ], [ 138.3560568, 36.354184 ] ] } },
{ "type": "Feature", "properties": { "N12_001": "20", "N12_002": 2, "N12_003": 9, "N12_004": "-", "N12_005": 175, "N12_006": 1 }, "geometry": { "type": "LineString", "coordinates": [ [ 138.3304761, 36.3582508 ], [ 138.3303866, 36.3584947 ], [ 138.3303296, 36.358605 ], [ 138.3302782, 36.3587198 ], [ 138.3295109, 36.3597897 ], [ 138.3294336, 36.3598992 ], [ 138.3294086, 36.35997 ], [ 138.3293836, 36.3600408 ], [ 138.3293836, 36.3601033 ], [ 138.3294086, 36.3602658 ] ] } },
{ "type": "Feature", "properties": { "N12_001": "20", "N12_002": 2, "N12_003": 9, "N12_004": "-", "N12_005": 176, "N12_006": 1 }, "geometry": { "type": "LineString", "coordinates": [ [ 138.5046435, 36.3270378 ], [ 138.5048438, 36.3261266 ], [ 138.5049265, 36.3257153 ], [ 138.505133, 36.3248033 ], [ 138.5052705, 36.3243034 ], [ 138.5053557, 36.3240066 ], [ 138.5054955, 36.323591 ], [ 138.5056105, 36.3232844 ], [ 138.5058205, 36.3227911 ], [ 138.5060205, 36.3223578 ], [ 138.5061142, 36.3222704 ], [ 138.506208, 36.3221829 ], [ 138.506384, 36.3220961 ], [ 138.5068974, 36.3219628 ], [ 138.5070172, 36.321903 ], [ 138.5071398, 36.3218065 ], [ 138.5072482, 36.3216755 ], [ 138.507522, 36.3212458 ], [ 138.5076161, 36.3211217 ], [ 138.5078272, 36.32097 ], [ 138.5085916, 36.320407 ], [ 138.5086572, 36.3203289 ], [ 138.5086914, 36.320253 ], [ 138.5087142, 36.3201496 ], [ 138.5087085, 36.3200531 ], [ 138.5086971, 36.3199704 ], [ 138.5086258, 36.3198279 ], [ 138.5085174, 36.319667 ] ] } },
{ "type": "Feature", "properties": { "N12_001": "20", "N12_002": 2, "N12_003": 9, "N12_004": "-", "N12_005": 177, "N12_006": 1 }, "geometry": { "type": "LineString", "coordinates": [ [ 138.4079189, 36.3376542 ], [ 138.4079765, 36.3381106 ], [ 138.4079908, 36.3382737 ], [ 138.407968, 36.3384598 ], [ 138.4079024, 36.3386183 ], [ 138.4077769, 36.3388343 ], [ 138.407677, 36.3389469 ], [ 138.407523, 36.3390755 ], [ 138.4073291, 36.339172 ], [ 138.4054438, 36.3399118 ], [ 138.4051985, 36.3400588 ], [ 138.4050388, 36.3401737 ], [ 138.4048848, 36.3403001 ], [ 138.4047707, 36.340415 ], [ 138.4046395, 36.3406079 ], [ 138.4045824, 36.3407366 ], [ 138.4045111, 36.3410077 ], [ 138.4044883, 36.3411409 ], [ 138.4044883, 36.3412397 ], [ 138.4044997, 36.3414074 ], [ 138.404534, 36.3415476 ], [ 138.4046423, 36.3418072 ], [ 138.4049561, 36.3423563 ], [ 138.4051358, 36.3426067 ], [ 138.405324, 36.3428295 ], [ 138.4054809, 36.3429766 ], [ 138.4056976, 36.3431098 ], [ 138.4058003, 36.3431603 ], [ 138.4060456, 36.3432683 ], [ 138.4062966, 36.3433304 ], [ 138.4065447, 36.3433878 ], [ 138.40926, 36.3436933 ], [ 138.4101384, 36.3437967 ], [ 138.4103809, 36.3438564 ], [ 138.410609, 36.3439414 ], [ 138.4107773, 36.3440242 ], [ 138.4108857, 36.3441137 ], [ 138.4109941, 36.3442263 ], [ 138.4111196, 36.3444423 ], [ 138.4111709, 36.3446398 ], [ 138.4111738, 36.3448719 ], [ 138.4111652, 36.3450809 ] ] } },
{ "type": "Feature", "properties": { "N12_001": "20", "N12_002": 2, "N12_003": 9, "N12_004": "-", "N12_005": 178, "N12_006": 1 }, "geometry": { "type": "LineString", "coordinates": [ [ 138.2678153, 36.3835883 ], [ 138.2674395, 36.3833724 ], [ 138.2671543, 36.3832652 ], [ 138.2669499, 36.3832767 ], [ 138.2667598, 36.3833112 ], [ 138.2665934, 36.3833762 ], [ 138.265115, 36.3840612 ], [ 138.2650009, 36.3840957 ], [ 138.2648868, 36.3840995 ], [ 138.264768, 36.3840842 ], [ 138.2646302, 36.3840612 ], [ 138.2644875, 36.3839962 ], [ 138.2643887, 36.383961 ], [ 138.2644647, 36.3837428 ], [ 138.2644362, 36.3835859 ], [ 138.2643982, 36.3834175 ], [ 138.2643649, 36.3832645 ], [ 138.2643126, 36.3830999 ], [ 138.2642793, 36.3829813 ], [ 138.2642936, 36.3828588 ], [ 138.2643221, 36.3827823 ], [ 138.2643316, 36.3827096 ], [ 138.2649781, 36.3820016 ], [ 138.2653632, 36.3814926 ], [ 138.2660287, 36.3805205 ], [ 138.2667845, 36.3793149 ], [ 138.2672218, 36.3785572 ], [ 138.2673311, 36.3783581 ], [ 138.2674167, 36.378228 ], [ 138.2675451, 36.3780941 ], [ 138.2681915, 36.3775889 ] ] } },
{ "type": "Feature", "properties": { "N12_001": "20", "N12_002": 2, "N12_003": 9, "N12_004": "-", "N12_005": 179, "N12_006": 1 }, "geometry": { "type": "LineString", "coordinates": [ [ 138.2523762, 36.4009186 ], [ 138.2517697, 36.4011966 ], [ 138.2515929, 36.4012839 ], [ 138.2515384, 36.4013882 ], [ 138.2515134, 36.4014507 ], [ 138.2514259, 36.4015673 ], [ 138.2513259, 36.401634 ], [ 138.2499885, 36.4020006 ], [ 138.2486261, 36.4023839 ] ] } },
{ "type": "Feature", "properties": { "N12_001": "20", "N12_002": 2, "N12_003": 9, "N12_004": "-", "N12_005": 180, "N12_006": 1 }, "geometry": { "type": "LineString", "coordinates": [ [ 138.2522652, 36.4172611 ], [ 138.2522028, 36.4170747 ], [ 138.252091, 36.4168969 ], [ 138.2520079, 36.4167687 ], [ 138.2519623, 36.4166739 ], [ 138.2519518, 36.416472 ], [ 138.2519498, 36.4164322 ], [ 138.2520154, 36.4159392 ], [ 138.2520373, 36.415774 ], [ 138.2520211, 36.4156033 ], [ 138.2519325, 36.415233 ], [ 138.251785, 36.4144577 ], [ 138.2517499, 36.4142326 ] ] } },
{ "type": "Feature", "properties": { "N12_001": "20", "N12_002": 2, "N12_003": 7, "N12_004": "箕輪町道　7号線", "N12_005": 181, "N12_006": 1 }, "geometry": { "type": "LineString", "coordinates": [ [ 137.9584508, 35.9156863 ], [ 137.9590189, 35.9151916 ], [ 137.9592328, 35.9150415 ], [ 137.9610534, 35.9144659 ], [ 137.961253, 35.9143774 ], [ 137.9618544, 35.9139731 ], [ 137.9621206, 35.9137672 ], [ 137.9622537, 35.913617 ] ] } },
{ "type": "Feature", "properties": { "N12_001": "20", "N12_002": 2, "N12_003": 9, "N12_004": "-", "N12_005": 182, "N12_006": 1 }, "geometry": { "type": "LineString", "coordinates": [ [ 137.9545074, 35.8584342 ], [ 137.9541438, 35.8579339 ], [ 137.9534371, 35.8569101 ] ] } },
{ "type": "Feature", "properties": { "N12_001": "20", "N12_002": 2, "N12_003": 9, "N12_004": "-", "N12_005": 183, "N12_006": 1 }, "geometry": { "type": "LineString", "coordinates": [ [ 137.9436773, 35.7696331 ], [ 137.943851, 35.7696031 ], [ 137.945086, 35.7695961 ], [ 137.9459987, 35.7696123 ], [ 137.9466025, 35.769621 ] ] } },
{ "type": "Feature", "properties": { "N12_001": "20", "N12_002": 2, "N12_003": 9, "N12_004": "-", "N12_005": 184, "N12_006": 1 }, "geometry": { "type": "LineString", "coordinates": [ [ 137.9320257, 35.7286542 ], [ 137.9327984, 35.7284549 ], [ 137.9339749, 35.7283064 ], [ 137.9347557, 35.7281668 ] ] } },
{ "type": "Feature", "properties": { "N12_001": "20", "N12_002": 2, "N12_003": 9, "N12_004": "-", "N12_005": 185, "N12_006": 1 }, "geometry": { "type": "LineString", "coordinates": [ [ 138.3014781, 36.7018492 ], [ 138.3022136, 36.7016086 ], [ 138.3025045, 36.7015354 ], [ 138.3033259, 36.7012335 ], [ 138.3036339, 36.7010689 ], [ 138.3039567, 36.7009557 ], [ 138.3042688, 36.7008027 ], [ 138.3047375, 36.7005471 ], [ 138.3050326, 36.7003861 ], [ 138.3060746, 36.6997812 ], [ 138.3061294, 36.6997531 ], [ 138.3065538, 36.6995153 ], [ 138.306785, 36.6993629 ], [ 138.3075319, 36.6989787 ], [ 138.3077418, 36.6988543 ], [ 138.3084431, 36.6984933 ], [ 138.3087975, 36.698303 ], [ 138.3091823, 36.6980981 ], [ 138.3099064, 36.6977042 ], [ 138.3109423, 36.6971309 ], [ 138.3115188, 36.6968321 ], [ 138.3122566, 36.6964333 ], [ 138.3128422, 36.6961308 ], [ 138.3132347, 36.6959271 ] ] } },
{ "type": "Feature", "properties": { "N12_001": "20", "N12_002": 2, "N12_003": 9, "N12_004": "-", "N12_005": 186, "N12_006": 1 }, "geometry": { "type": "LineString", "coordinates": [ [ 138.1794306, 36.4607922 ], [ 138.1794588, 36.4611264 ], [ 138.1794744, 36.4613439 ], [ 138.1794969, 36.4618769 ] ] } },
{ "type": "Feature", "properties": { "N12_001": "20", "N12_002": 2, "N12_003": 9, "N12_004": "-", "N12_005": 187, "N12_006": 1 }, "geometry": { "type": "LineString", "coordinates": [ [ 137.6909571, 35.792241 ], [ 137.6910071, 35.7919137 ], [ 137.6910431, 35.7918158 ], [ 137.6916227, 35.7913751 ], [ 137.6926854, 35.7906686 ], [ 137.6930749, 35.7903865 ], [ 137.6932499, 35.7902282 ], [ 137.6933468, 35.7901314 ], [ 137.6934749, 35.7899741 ], [ 137.6935499, 35.7898699 ], [ 137.6936624, 35.789695 ], [ 137.6937249, 35.7895866 ], [ 137.6937874, 35.7894783 ], [ 137.6938257, 35.789367 ], [ 137.6939249, 35.7890784 ], [ 137.6939999, 35.7888367 ], [ 137.6940874, 35.7886576 ], [ 137.6942937, 35.7882618 ], [ 137.6944124, 35.7880452 ], [ 137.6945187, 35.7878452 ], [ 137.6946249, 35.7876452 ], [ 137.6946624, 35.7875619 ], [ 137.6946999, 35.7874786 ], [ 137.6947249, 35.7873203 ], [ 137.6947499, 35.7870911 ], [ 137.6947711, 35.7866921 ], [ 137.6948, 35.7862454 ], [ 137.6948111, 35.7857957 ], [ 137.6948573, 35.7853732 ], [ 137.694875, 35.7852289 ], [ 137.695075, 35.7848456 ], [ 137.6951125, 35.7847081 ], [ 137.6951319, 35.7846372 ], [ 137.6951438, 35.7844915 ], [ 137.6950751, 35.7842581 ], [ 137.6948001, 35.7835124 ], [ 137.6937627, 35.783804 ] ] } },
{ "type": "Feature", "properties": { "N12_001": "20", "N12_002": 1, "N12_003": 9, "N12_004": "-", "N12_005": 188, "N12_006": 1 }, "geometry": { "type": "LineString", "coordinates": [ [ 137.69815, 35.7868872 ], [ 137.6983424, 35.7869896 ], [ 137.6983668, 35.7870685 ], [ 137.6983424, 35.7871525 ], [ 137.6981782, 35.7874807 ] ] } },
{ "type": "Feature", "properties": { "N12_001": "20", "N12_002": 1, "N12_003": 9, "N12_004": "-", "N12_005": 189, "N12_006": 1 }, "geometry": { "type": "LineString", "coordinates": [ [ 137.6975469, 35.7880726 ], [ 137.697387, 35.7880042 ], [ 137.6972928, 35.7879278 ], [ 137.6972757, 35.7878792 ], [ 137.6973185, 35.7877589 ], [ 137.697367, 35.7876988 ], [ 137.6975724, 35.7875068 ], [ 137.6977492, 35.7873633 ] ] } },
{ "type": "Feature", "properties": { "N12_001": "20", "N12_002": 2, "N12_003": 9, "N12_004": "-", "N12_005": 190, "N12_006": 1 }, "geometry": { "type": "LineString", "coordinates": [ [ 137.5548644, 35.8079227 ], [ 137.5543718, 35.8084187 ], [ 137.5541151, 35.8086931 ], [ 137.5537272, 35.808522 ], [ 137.553499, 35.8083863 ], [ 137.553286, 35.8085636 ], [ 137.5531149, 35.8086808 ], [ 137.5530598, 35.8087086 ], [ 137.5530274, 35.8089661 ], [ 137.5530426, 35.8091002 ], [ 137.5530712, 35.8092113 ], [ 137.5528943, 35.8092236 ], [ 137.5526567, 35.8092406 ], [ 137.5517839, 35.8094672 ], [ 137.5517402, 35.809384 ], [ 137.5517212, 35.8093362 ], [ 137.5515747, 35.8093115 ], [ 137.5513542, 35.8092976 ], [ 137.5512344, 35.8092729 ], [ 137.5511431, 35.8092621 ], [ 137.5510062, 35.8092544 ] ] } },
{ "type": "Feature", "properties": { "N12_001": "20", "N12_002": 2, "N12_003": 9, "N12_004": "-", "N12_005": 191, "N12_006": 1 }, "geometry": { "type": "LineString", "coordinates": [ [ 137.608097, 35.604267 ], [ 137.6084797, 35.604225 ], [ 137.6088695, 35.604196 ], [ 137.6091222, 35.6040642 ], [ 137.6092221, 35.6039429 ], [ 137.6091722, 35.6035931 ] ] } },
{ "type": "Feature", "properties": { "N12_001": "20", "N12_002": 2, "N12_003": 9, "N12_004": "-", "N12_005": 192, "N12_006": 1 }, "geometry": { "type": "LineString", "coordinates": [ [ 138.2366105, 36.75484 ], [ 138.2364309, 36.7548298 ], [ 138.2363109, 36.7548229 ], [ 138.2362088, 36.7547957 ], [ 138.2361293, 36.7547692 ], [ 138.2359698, 36.7545929 ], [ 138.2356078, 36.7542288 ], [ 138.2355919, 36.7542109 ] ] } },
{ "type": "Feature", "properties": { "N12_001": "20", "N12_002": 2, "N12_003": 9, "N12_004": "-", "N12_005": 193, "N12_006": 1 }, "geometry": { "type": "LineString", "coordinates": [ [ 137.8344965, 35.4984501 ], [ 137.834569, 35.4987291 ], [ 137.8345976, 35.4988773 ], [ 137.8346476, 35.4995356 ] ] } },
{ "type": "Feature", "properties": { "N12_001": "20", "N12_002": 2, "N12_003": 9, "N12_004": "-", "N12_005": 194, "N12_006": 1 }, "geometry": { "type": "LineString", "coordinates": [ [ 137.9262107, 35.6783002 ], [ 137.9254602, 35.6782982 ], [ 137.9247329, 35.6783271 ], [ 137.9243668, 35.6783484 ], [ 137.9239462, 35.6783561 ], [ 137.9236918, 35.6783522 ], [ 137.9235088, 35.6783522 ], [ 137.9233234, 35.6783561 ], [ 137.9217129, 35.6782798 ], [ 137.9211713, 35.6782562 ], [ 137.9204803, 35.6782152 ], [ 137.9200464, 35.6781895 ], [ 137.919909, 35.6781812 ], [ 137.918926, 35.6781153 ], [ 137.9183756, 35.6780621 ], [ 137.9181985, 35.6780368 ], [ 137.9181539, 35.6776205 ], [ 137.9181634, 35.6772131 ], [ 137.9182086, 35.6766725 ], [ 137.918268, 35.6760489 ], [ 137.9195847, 35.6761416 ], [ 137.9213887, 35.6762671 ] ] } },
{ "type": "Feature", "properties": { "N12_001": "20", "N12_002": 2, "N12_003": 7, "N12_004": "松本市道　1530号線", "N12_005": 195, "N12_006": 1 }, "geometry": { "type": "LineString", "coordinates": [ [ 137.974873, 36.2388237 ], [ 137.97339, 36.2390273 ], [ 137.9725333, 36.239163 ], [ 137.9717459, 36.2392963 ] ] } },
{ "type": "Feature", "properties": { "N12_001": "20", "N12_002": 2, "N12_003": 7, "N12_004": "松本市道　1064号線", "N12_005": 196, "N12_006": 1 }, "geometry": { "type": "LineString", "coordinates": [ [ 137.9717459, 36.2392963 ], [ 137.971321, 36.2379548 ] ] } },
{ "type": "Feature", "properties": { "N12_001": "20", "N12_002": 2, "N12_003": 7, "N12_004": "松本市道　6501号線", "N12_005": 197, "N12_006": 1 }, "geometry": { "type": "LineString", "coordinates": [ [ 137.9425221, 36.2049228 ], [ 137.9407452, 36.2048353 ], [ 137.9380528, 36.2047364 ], [ 137.9378588, 36.2047295 ] ] } },
{ "type": "Feature", "properties": { "N12_001": "20", "N12_002": 2, "N12_003": 7, "N12_004": "松本市道　5209号線", "N12_005": 198, "N12_006": 1 }, "geometry": { "type": "LineString", "coordinates": [ [ 137.944373, 36.2054063 ], [ 137.9425221, 36.2049228 ] ] } },
{ "type": "Feature", "properties": { "N12_001": "20", "N12_002": 2, "N12_003": 7, "N12_004": "松本市道　5069号線", "N12_005": 199, "N12_006": 1 }, "geometry": { "type": "LineString", "coordinates": [ [ 137.9558217, 36.2118466 ], [ 137.9558034, 36.2112108 ], [ 137.9557916, 36.2103632 ], [ 137.9557773, 36.2096594 ], [ 137.9557702, 36.2095635 ] ] } },
{ "type": "Feature", "properties": { "N12_001": "20", "N12_002": 2, "N12_003": 7, "N12_004": "松本市道　5509号線", "N12_005": 200, "N12_006": 1 }, "geometry": { "type": "LineString", "coordinates": [ [ 137.9649366, 36.2026225 ], [ 137.9633986, 36.2020682 ] ] } },
{ "type": "Feature", "properties": { "N12_001": "20", "N12_002": 2, "N12_003": 7, "N12_004": "松本市道　5176号線", "N12_005": 201, "N12_006": 1 }, "geometry": { "type": "LineString", "coordinates": [ [ 137.9620236, 36.1978349 ], [ 137.9627861, 36.1976599 ], [ 137.9627673, 36.1974975 ], [ 137.9627486, 36.197335 ], [ 137.9627611, 36.1965517 ] ] } },
{ "type": "Feature", "properties": { "N12_001": "20", "N12_002": 1, "N12_003": 7, "N12_004": "松本市道　7747号線", "N12_005": 202, "N12_006": 1 }, "geometry": { "type": "LineString", "coordinates": [ [ 137.8945449, 36.1887246 ], [ 137.8939795, 36.1891005 ], [ 137.8937775, 36.189206 ], [ 137.8936539, 36.1892501 ], [ 137.8934234, 36.189277 ], [ 137.8933829, 36.189277 ], [ 137.8907685, 36.1891542 ] ] } },
{ "type": "Feature", "properties": { "N12_001": "20", "N12_002": 1, "N12_003": 7, "N12_004": "松本市道　7199号線", "N12_005": 203, "N12_006": 1 }, "geometry": { "type": "LineString", "coordinates": [ [ 137.8998387, 36.1826514 ], [ 137.901531, 36.1838976 ], [ 137.9018999, 36.1841585 ], [ 137.9011203, 36.1848614 ], [ 137.9010985, 36.1848807 ], [ 137.900107, 36.1857587 ], [ 137.8997071, 36.1861419 ], [ 137.8995571, 36.1863002 ], [ 137.8994571, 36.1864335 ], [ 137.8993821, 36.1865668 ], [ 137.8993446, 36.1867001 ], [ 137.8993426, 36.1867281 ], [ 137.8993321, 36.1868751 ], [ 137.8993379, 36.1871209 ], [ 137.8993446, 36.1874042 ], [ 137.8993504, 36.187653 ], [ 137.8993516, 36.1877041 ], [ 137.8993531, 36.1877655 ], [ 137.899357, 36.1879333 ], [ 137.8993724, 36.1882197 ], [ 137.8993956, 36.1886529 ], [ 137.8994368, 36.1894229 ], [ 137.8994442, 36.1895603 ], [ 137.8995045, 36.1909167 ] ] } },
{ "type": "Feature", "properties": { "N12_001": "20", "N12_002": 1, "N12_003": 7, "N12_004": "松本市道　7758号線", "N12_005": 204, "N12_006": 1 }, "geometry": { "type": "LineString", "coordinates": [ [ 137.900721, 36.1818687 ], [ 137.9010157, 36.1816329 ], [ 137.9010442, 36.181619 ], [ 137.901107, 36.181596 ] ] } },
{ "type": "Feature", "properties": { "N12_001": "20", "N12_002": 1, "N12_003": 7, "N12_004": "松本市道　7175号線", "N12_005": 205, "N12_006": 1 }, "geometry": { "type": "LineString", "coordinates": [ [ 137.8980376, 36.1842583 ], [ 137.8977843, 36.1841023 ], [ 137.8975419, 36.1839658 ], [ 137.897224, 36.1838234 ] ] } },
{ "type": "Feature", "properties": { "N12_001": "20", "N12_002": 2, "N12_003": 9, "N12_004": "-", "N12_005": 206, "N12_006": 1 }, "geometry": { "type": "LineString", "coordinates": [ [ 137.8901855, 36.1580064 ], [ 137.8896987, 36.1570656 ], [ 137.8890275, 36.155905 ], [ 137.8890047, 36.1557438 ], [ 137.8890047, 36.1556517 ], [ 137.8890789, 36.1555043 ], [ 137.8891644, 36.1554168 ], [ 137.8893142, 36.1553262 ], [ 137.8902109, 36.1549026 ] ] } },
{ "type": "Feature", "properties": { "N12_001": "20", "N12_002": 2, "N12_003": 7, "N12_004": "松本市道　7702号線", "N12_005": 207, "N12_006": 1 }, "geometry": { "type": "LineString", "coordinates": [ [ 137.8902109, 36.1549026 ], [ 137.8902364, 36.1548906 ], [ 137.8919334, 36.1540442 ], [ 137.8935544, 36.1532267 ], [ 137.8941642, 36.1529085 ] ] } },
{ "type": "Feature", "properties": { "N12_001": "20", "N12_002": 2, "N12_003": 7, "N12_004": "松本市道　7721号線", "N12_005": 208, "N12_006": 1 }, "geometry": { "type": "LineString", "coordinates": [ [ 137.8941642, 36.1529085 ], [ 137.8950185, 36.1524629 ], [ 137.8962877, 36.1518084 ] ] } },
{ "type": "Feature", "properties": { "N12_001": "20", "N12_002": 2, "N12_003": 7, "N12_004": "松本市道　7144号線", "N12_005": 209, "N12_006": 1 }, "geometry": { "type": "LineString", "coordinates": [ [ 137.8962877, 36.1518084 ], [ 137.8957315, 36.1511674 ], [ 137.8951231, 36.1505015 ], [ 137.8948687, 36.1502174 ], [ 137.8941319, 36.1492079 ], [ 137.893716, 36.1486149 ], [ 137.8927867, 36.1473309 ], [ 137.8922186, 36.146561 ], [ 137.8906252, 36.1453296 ], [ 137.8886971, 36.1438463 ] ] } },
{ "type": "Feature", "properties": { "N12_001": "20", "N12_002": 1, "N12_003": 7, "N12_004": "松本市道　7664号線", "N12_005": 210, "N12_006": 1 }, "geometry": { "type": "LineString", "coordinates": [ [ 137.8978995, 36.1910576 ], [ 137.899839, 36.1910001 ], [ 137.9011709, 36.1909613 ] ] } },
{ "type": "Feature", "properties": { "N12_001": "20", "N12_002": 1, "N12_003": 1, "N12_004": "中央自動車道長野線", "N12_005": 2, "N12_006": 3 }, "geometry": { "type": "LineString", "coordinates": [ [ 138.1311762, 36.5522403 ], [ 138.1311661, 36.5502129 ], [ 138.1312232, 36.5495408 ], [ 138.1310616, 36.5493041 ], [ 138.1302154, 36.5488153 ], [ 138.1296355, 36.5485327 ], [ 138.1293883, 36.5483188 ], [ 138.1293027, 36.5480057 ], [ 138.1293598, 36.5476696 ], [ 138.1294166, 36.5469578 ] ] } },
{ "type": "Feature", "properties": { "N12_001": "20", "N12_002": 1, "N12_003": 1, "N12_004": "中央自動車道長野線", "N12_005": 2, "N12_006": 4 }, "geometry": { "type": "LineString", "coordinates": [ [ 138.0436967, 36.4541878 ], [ 138.0457298, 36.4535023 ], [ 138.0459294, 36.4534564 ], [ 138.0472224, 36.4537011 ], [ 138.0476265, 36.4537317 ], [ 138.0478737, 36.453659 ], [ 138.0481589, 36.4535443 ], [ 138.0484216, 36.4534084 ] ] } },
{ "type": "Feature", "properties": { "N12_001": "20", "N12_002": 1, "N12_003": 1, "N12_004": "中央自動車道長野線", "N12_005": 2, "N12_006": 5 }, "geometry": { "type": "LineString", "coordinates": [ [ 137.9256771, 36.2979694 ], [ 137.9251734, 36.2978453 ], [ 137.9248387, 36.2978269 ], [ 137.9245117, 36.2978699 ], [ 137.9242302, 36.2979618 ], [ 137.9240629, 36.2981273 ], [ 137.9238348, 36.2985074 ], [ 137.9239945, 36.3001072 ], [ 137.9239564, 36.3004382 ], [ 137.9239716, 36.3006566 ] ] } },
{ "type": "Feature", "properties": { "N12_001": "20", "N12_002": 1, "N12_003": 1, "N12_004": "中央自動車道長野線", "N12_005": 2, "N12_006": 6 }, "geometry": { "type": "LineString", "coordinates": [ [ 137.9384178, 36.2340115 ], [ 137.9390617, 36.2340185 ], [ 137.9396246, 36.2338222 ], [ 137.9398432, 36.2336842 ], [ 137.940195, 36.2332087 ], [ 137.9403186, 36.232925 ], [ 137.9403851, 36.2322654 ], [ 137.9402616, 36.2320277 ], [ 137.9401475, 36.2317593 ], [ 137.940138, 36.2313835 ], [ 137.9401475, 36.230839 ], [ 137.940265, 36.2303874 ] ] } },
{ "type": "Feature", "properties": { "N12_001": "20", "N12_002": 1, "N12_003": 1, "N12_004": "中央自動車道長野線", "N12_005": 2, "N12_006": 7 }, "geometry": { "type": "LineString", "coordinates": [ [ 137.9785746, 36.1160035 ], [ 137.9789224, 36.1164365 ], [ 137.9793674, 36.1169526 ], [ 137.9804341, 36.1178051 ], [ 137.9809874, 36.118123 ], [ 137.981284, 36.1182428 ], [ 137.9815413, 36.1183445 ] ] } },
{ "type": "Feature", "properties": { "N12_001": "20", "N12_002": 1, "N12_003": 3, "N12_004": "一般国道20号", "N12_005": 7, "N12_006": 3 }, "geometry": { "type": "LineString", "coordinates": [ [ 138.0371856, 36.0851512 ], [ 138.0373992, 36.0855753 ], [ 138.0375756, 36.0857819 ], [ 138.0378095, 36.0859617 ], [ 138.038186, 36.0861692 ], [ 138.0385853, 36.0863213 ], [ 138.0390588, 36.0863766 ], [ 138.0394467, 36.086395 ], [ 138.0396805, 36.0863858 ] ] } },
{ "type": "Feature", "properties": { "N12_001": "20", "N12_002": 1, "N12_003": 1, "N12_004": "中央自動車道長野線", "N12_005": 2, "N12_006": 8 }, "geometry": { "type": "LineString", "coordinates": [ [ 138.0381757, 36.0823154 ], [ 138.0389922, 36.0825042 ], [ 138.0393193, 36.0824797 ], [ 138.0396235, 36.0823813 ], [ 138.0400494, 36.08216 ], [ 138.0402776, 36.0821047 ], [ 138.0406122, 36.0820863 ], [ 138.0408937, 36.0822276 ], [ 138.0410306, 36.0823629 ], [ 138.0410914, 36.0825473 ], [ 138.0411218, 36.0827501 ], [ 138.0410229, 36.0829038 ], [ 138.0403308, 36.0834324 ], [ 138.0400646, 36.083709 ], [ 138.0399581, 36.0839303 ], [ 138.0398441, 36.0841454 ], [ 138.0397376, 36.0843175 ], [ 138.0396501, 36.0845088 ], [ 138.0396216, 36.0847047 ], [ 138.0395971, 36.084991 ], [ 138.0396805, 36.0863858 ] ] } },
{ "type": "Feature", "properties": { "N12_001": "20", "N12_002": 1, "N12_003": 1, "N12_004": "中央自動車道西宮線", "N12_005": 1, "N12_006": 7 }, "geometry": { "type": "LineString", "coordinates": [ [ 138.1301969, 36.0078048 ], [ 138.1295795, 36.0075241 ], [ 138.1289178, 36.007118 ], [ 138.1285816, 36.0067956 ], [ 138.1282165, 36.0063157 ], [ 138.1279427, 36.0057558 ], [ 138.1278438, 36.0054051 ], [ 138.1278895, 36.0045745 ], [ 138.1279047, 36.0040884 ], [ 138.1280072, 36.0032137 ] ] } },
{ "type": "Feature", "properties": { "N12_001": "20", "N12_002": 2, "N12_003": 9, "N12_004": "-", "N12_005": 211, "N12_006": 1 }, "geometry": { "type": "LineString", "coordinates": [ [ 137.9838207, 35.9810066 ], [ 137.9845941, 35.9811051 ], [ 137.9861343, 35.9812374 ], [ 137.9862522, 35.9812467 ], [ 137.9864043, 35.9812774 ], [ 137.9872752, 35.981579 ], [ 137.9887669, 35.9821045 ] ] } },
{ "type": "Feature", "properties": { "N12_001": "20", "N12_002": 1, "N12_003": 1, "N12_004": "中央自動車道西宮線", "N12_005": 1, "N12_006": 8 }, "geometry": { "type": "LineString", "coordinates": [ [ 137.979122, 35.9453904 ], [ 137.9804085, 35.9450717 ], [ 137.9816292, 35.9447345 ], [ 137.9826218, 35.9444575 ], [ 137.9830639, 35.9443456 ] ] } },
{ "type": "Feature", "properties": { "N12_001": "20", "N12_002": 1, "N12_003": 1, "N12_004": "中央自動車道西宮線", "N12_005": 1, "N12_006": 9 }, "geometry": { "type": "LineString", "coordinates": [ [ 137.795224, 35.4989158 ], [ 137.7955498, 35.4988984 ], [ 137.7959605, 35.4988706 ], [ 137.7962571, 35.4989077 ], [ 137.7965366, 35.499061 ], [ 137.7967876, 35.499256 ], [ 137.7971983, 35.5005796 ], [ 137.7972896, 35.5009418 ] ] } },
{ "type": "Feature", "properties": { "N12_001": "20", "N12_002": 1, "N12_003": 1, "N12_004": "中央自動車道西宮線", "N12_005": 1, "N12_006": 10 }, "geometry": { "type": "LineString", "coordinates": [ [ 137.759876, 35.4671623 ], [ 137.7583953, 35.4678887 ] ] } },
{ "type": "Feature", "properties": { "N12_001": "20", "N12_002": 1, "N12_003": 1, "N12_004": "関越自動車道上越線", "N12_005": 3, "N12_006": 6 }, "geometry": { "type": "LineString", "coordinates": [ [ 138.4803696, 36.2848696 ], [ 138.4811413, 36.2854145 ], [ 138.4819323, 36.2859938 ], [ 138.4823164, 36.2863004 ], [ 138.4827005, 36.2865763 ], [ 138.4829705, 36.2867387 ], [ 138.4832253, 36.2868675 ], [ 138.4835409, 36.2870085 ], [ 138.4837177, 36.2870647 ] ] } },
{ "type": "Feature", "properties": { "N12_001": "20", "N12_002": 1, "N12_003": 1, "N12_004": "関越自動車道上越線", "N12_005": 3, "N12_006": 7 }, "geometry": { "type": "LineString", "coordinates": [ [ 138.2841769, 36.4131894 ], [ 138.2834652, 36.4128387 ], [ 138.2826, 36.4124179 ], [ 138.2822197, 36.4121118 ], [ 138.2817443, 36.4117446 ], [ 138.2812405, 36.4109335 ], [ 138.2808792, 36.4101072 ], [ 138.280535, 36.4094247 ], [ 138.2804666, 36.4090207 ], [ 138.2805046, 36.4087881 ], [ 138.2805807, 36.4085004 ], [ 138.2807328, 36.4083413 ], [ 138.2811546, 36.4079433 ] ] } },
{ "type": "Feature", "properties": { "N12_001": "20", "N12_002": 1, "N12_003": 1, "N12_004": "関越自動車道上越線", "N12_005": 3, "N12_006": 8 }, "geometry": { "type": "LineString", "coordinates": [ [ 138.2011003, 36.5750732 ], [ 138.2004753, 36.5757265 ], [ 138.2001787, 36.5761204 ], [ 138.1998288, 36.576664 ], [ 138.1996767, 36.5769144 ], [ 138.1995322, 36.5771771 ], [ 138.1993649, 36.5772565 ], [ 138.1990302, 36.5774947 ], [ 138.198513, 36.5775863 ], [ 138.1982316, 36.577568 ], [ 138.1976343, 36.5774217 ] ] } },
{ "type": "Feature", "properties": { "N12_001": "20", "N12_002": 1, "N12_003": 1, "N12_004": "関越自動車道上越線", "N12_005": 3, "N12_006": 9 }, "geometry": { "type": "LineString", "coordinates": [ [ 138.3173903, 36.7298771 ], [ 138.3180757, 36.7298512 ], [ 138.3183799, 36.7298786 ], [ 138.3185435, 36.7299274 ], [ 138.3186423, 36.7299792 ], [ 138.3188325, 36.7302017 ], [ 138.3188743, 36.7302901 ], [ 138.3188439, 36.7312623 ], [ 138.3187906, 36.7318597 ], [ 138.3186711, 36.7326998 ] ] } },
{ "type": "Feature", "properties": { "N12_001": "20", "N12_002": 1, "N12_003": 3, "N12_004": "一般国道18号", "N12_005": 5, "N12_006": 6 }, "geometry": { "type": "LineString", "coordinates": [ [ 138.1935637, 36.8225583 ], [ 138.1929248, 36.8213285 ], [ 138.1926205, 36.8208444 ], [ 138.1916774, 36.8190727 ], [ 138.1913606, 36.8184879 ], [ 138.1904659, 36.8168365 ] ] } },
{ "type": "Feature", "properties": { "N12_001": "20", "N12_002": 1, "N12_003": 1, "N12_004": "関越自動車道上越線", "N12_005": 3, "N12_006": 10 }, "geometry": { "type": "LineString", "coordinates": [ [ 138.1913606, 36.8184879 ], [ 138.1906431, 36.8187159 ], [ 138.190354, 36.8188255 ], [ 138.1901829, 36.8189716 ], [ 138.1900916, 36.8191086 ], [ 138.190065, 36.8192608 ], [ 138.1901335, 36.8199518 ], [ 138.1902361, 36.820375 ], [ 138.1902894, 36.8205363 ], [ 138.1905499, 36.821242 ], [ 138.1906138, 36.8214146 ], [ 138.1907598, 36.8217123 ], [ 138.1909036, 36.8219534 ], [ 138.1909515, 36.8220292 ], [ 138.1910295, 36.8221528 ] ] } },
{ "type": "Feature", "properties": { "N12_001": "20", "N12_002": 1, "N12_003": 9, "N12_004": "-", "N12_005": 212, "N12_006": 1 }, "geometry": { "type": "LineString", "coordinates": [ [ 137.9276073, 36.1649669 ], [ 137.9276292, 36.1647214 ], [ 137.9276649, 36.164447 ], [ 137.9276363, 36.1643702 ], [ 137.9275556, 36.1643044 ] ] } },
{ "type": "Feature", "properties": { "N12_001": "20", "N12_002": 2, "N12_003": 6, "N12_004": "長野県道　川口田野口篠ノ井線", "N12_005": 213, "N12_006": 1 }, "geometry": { "type": "LineString", "coordinates": [ [ 137.9907857, 36.5098221 ], [ 137.9907482, 36.5098638 ], [ 137.9907357, 36.5099221 ], [ 137.9907357, 36.5100221 ], [ 137.9908357, 36.5101637 ], [ 137.9909357, 36.5102554 ], [ 137.9909482, 36.510322 ], [ 137.9909668, 36.5103801 ], [ 137.9909856, 36.5104387 ], [ 137.9910981, 36.5109386 ], [ 137.9911356, 36.5111303 ], [ 137.9911606, 36.5112969 ], [ 137.9911606, 36.5116302 ], [ 137.9911231, 36.5117469 ], [ 137.9910231, 36.5118885 ], [ 137.9908856, 36.5120301 ], [ 137.9907231, 36.5121551 ], [ 137.9906481, 36.5122468 ], [ 137.9906106, 36.5123384 ], [ 137.9906106, 36.5124801 ], [ 137.9906981, 36.5126967 ], [ 137.9907231, 36.5128134 ], [ 137.9907356, 36.5129134 ], [ 137.990723, 36.513005 ], [ 137.9906855, 36.51313 ], [ 137.9905355, 36.5135633 ], [ 137.9904855, 36.5137132 ], [ 137.990448, 36.5137799 ], [ 137.9903855, 36.5138382 ], [ 137.9901856, 36.5139215 ], [ 137.9900356, 36.5139965 ], [ 137.9895731, 36.5143298 ], [ 137.9893981, 36.5144214 ], [ 137.9892606, 36.5144714 ], [ 137.9891232, 36.5144881 ], [ 137.9888732, 36.5144881 ], [ 137.9885982, 36.5145047 ], [ 137.9883982, 36.514538 ], [ 137.9881108, 36.5146547 ], [ 137.9879733, 36.514738 ], [ 137.9879178, 36.5147832 ], [ 137.9878608, 36.5148297 ], [ 137.9877858, 36.5149463 ], [ 137.9877733, 36.5150879 ], [ 137.9878233, 36.5155129 ], [ 137.9878732, 36.5157462 ], [ 137.9879857, 36.5160462 ], [ 137.9879982, 36.5161212 ], [ 137.9879857, 36.5162045 ], [ 137.9879232, 36.5162711 ], [ 137.9878107, 36.5163045 ], [ 137.9876232, 36.5163294 ], [ 137.9875233, 36.5163544 ], [ 137.9873608, 36.5165044 ], [ 137.9871608, 36.5167127 ], [ 137.9870358, 36.5168544 ], [ 137.9870108, 36.5169377 ], [ 137.9870233, 36.517021 ], [ 137.9871608, 36.5171293 ], [ 137.9872982, 36.517246 ], [ 137.9873232, 36.517321 ], [ 137.9873232, 36.517421 ], [ 137.9872732, 36.5175043 ], [ 137.9871857, 36.5175876 ], [ 137.9867983, 36.5177459 ], [ 137.9866483, 36.5177959 ], [ 137.9864108, 36.5178292 ], [ 137.9859859, 36.5179042 ], [ 137.9854234, 36.5180041 ], [ 137.9851859, 36.5180291 ], [ 137.985086, 36.5180208 ], [ 137.984986, 36.5179958 ], [ 137.984886, 36.5179875 ], [ 137.984686, 36.5180291 ], [ 137.9845985, 36.5180291 ], [ 137.9844735, 36.5179791 ], [ 137.9843485, 36.5179874 ], [ 137.9841611, 36.5180208 ], [ 137.9839611, 36.5180041 ], [ 137.9838611, 36.5180541 ], [ 137.9837861, 36.5181374 ], [ 137.9837486, 36.5182207 ], [ 137.9837486, 36.518304 ], [ 137.9838111, 36.5185123 ], [ 137.9837861, 36.518579 ], [ 137.9836986, 36.5186623 ], [ 137.9835236, 36.5188373 ], [ 137.9835111, 36.5189539 ], [ 137.9835111, 36.5190956 ], [ 137.9834861, 36.5192289 ], [ 137.9834236, 36.5193789 ], [ 137.9833236, 36.5195538 ], [ 137.9832236, 36.5196622 ], [ 137.9830611, 36.5197455 ], [ 137.9827908, 36.5198536 ], [ 137.9827486, 36.5198704 ], [ 137.9826611, 36.5199704 ], [ 137.9825861, 36.5200454 ], [ 137.9821612, 36.520462 ], [ 137.9820237, 36.5205787 ], [ 137.9819112, 36.520637 ], [ 137.9817612, 36.5206786 ], [ 137.9816862, 36.520737 ], [ 137.9816362, 36.5208203 ], [ 137.9816237, 36.5209203 ], [ 137.9816362, 36.5210286 ], [ 137.9816612, 36.5211452 ], [ 137.9816362, 36.5212452 ], [ 137.9815362, 36.5213702 ], [ 137.9814987, 36.5214952 ], [ 137.9814987, 36.5216118 ], [ 137.9815237, 36.5217201 ], [ 137.9815112, 36.5217951 ], [ 137.9814612, 36.5218451 ], [ 137.9813862, 36.5218618 ], [ 137.9813112, 36.5218201 ], [ 137.9812362, 36.5217368 ], [ 137.9810987, 36.5214618 ], [ 137.9809987, 36.5213285 ], [ 137.9808738, 36.5212119 ], [ 137.9807488, 36.5211785 ], [ 137.9806738, 36.5212118 ], [ 137.9805488, 36.5212868 ], [ 137.9803988, 36.5214368 ], [ 137.9803113, 36.5215451 ], [ 137.9802363, 36.5217034 ], [ 137.9802113, 36.5218034 ], [ 137.9801863, 36.5218701 ], [ 137.9801238, 36.5219451 ], [ 137.9800363, 36.5220034 ], [ 137.9798988, 36.5220617 ], [ 137.9798113, 36.5220867 ], [ 137.9796863, 36.5221033 ], [ 137.9796239, 36.5221367 ], [ 137.9795863, 36.5222617 ], [ 137.9795364, 36.5223283 ], [ 137.9794114, 36.52242 ], [ 137.9792864, 36.5225533 ], [ 137.9791489, 36.5226616 ], [ 137.9790364, 36.5229032 ], [ 137.9789864, 36.5229949 ], [ 137.9789364, 36.5230699 ], [ 137.9787114, 36.5231948 ], [ 137.9785864, 36.5232365 ], [ 137.9784239, 36.5232115 ], [ 137.9780365, 36.5232115 ], [ 137.9779115, 36.5231865 ], [ 137.977624, 36.5230531 ], [ 137.977474, 36.5230198 ], [ 137.977324, 36.5230365 ], [ 137.9772241, 36.5230781 ], [ 137.9770991, 36.5232198 ], [ 137.9770491, 36.5233281 ], [ 137.9770366, 36.5234031 ], [ 137.9770491, 36.5235364 ], [ 137.9770241, 36.5237613 ], [ 137.9769866, 36.523878 ], [ 137.9768991, 36.5239863 ], [ 137.9766741, 36.5241613 ], [ 137.9765491, 36.5242613 ], [ 137.9764741, 36.5243363 ], [ 137.9764491, 36.5244446 ], [ 137.9764991, 36.5247195 ], [ 137.9765741, 36.5248695 ], [ 137.9765116, 36.5250112 ], [ 137.9764491, 36.5250695 ], [ 137.9763116, 36.5251361 ], [ 137.9762741, 36.5252195 ], [ 137.9762741, 36.5253278 ], [ 137.9763366, 36.5254278 ], [ 137.9764615, 36.5256027 ], [ 137.976649, 36.5258111 ], [ 137.9766865, 36.5259194 ], [ 137.976624, 36.5260277 ], [ 137.9766115, 36.5261027 ], [ 137.976599, 36.5262527 ], [ 137.976649, 36.5264026 ], [ 137.976674, 36.526486 ], [ 137.976649, 36.5266276 ], [ 137.976599, 36.5267109 ], [ 137.9764865, 36.5267942 ], [ 137.9763615, 36.5268692 ], [ 137.9762365, 36.5269276 ], [ 137.9758116, 36.5270859 ], [ 137.9753616, 36.5272941 ], [ 137.9751741, 36.5274108 ], [ 137.9750616, 36.5275108 ], [ 137.9749491, 36.5276441 ], [ 137.9748491, 36.5277607 ], [ 137.9746991, 36.527969 ], [ 137.9745867, 36.5280773 ], [ 137.9744242, 36.5281607 ], [ 137.9742242, 36.5282273 ], [ 137.9738242, 36.5283523 ], [ 137.9736617, 36.5284356 ], [ 137.9735242, 36.5285606 ], [ 137.9731743, 36.5290022 ], [ 137.9729743, 36.5291855 ], [ 137.9727118, 36.5293771 ], [ 137.9726118, 36.5294771 ], [ 137.9725243, 36.5296187 ], [ 137.9724368, 36.5297104 ], [ 137.9723493, 36.5297437 ], [ 137.9721868, 36.5297521 ], [ 137.9719993, 36.5297354 ], [ 137.9718869, 36.5296937 ], [ 137.9718119, 36.5296354 ], [ 137.9717369, 36.5294937 ], [ 137.9715369, 36.5292021 ], [ 137.9714494, 36.5291271 ], [ 137.9712994, 36.5290604 ], [ 137.9712119, 36.5290188 ], [ 137.9711494, 36.5289605 ], [ 137.9711494, 36.5288771 ], [ 137.9711869, 36.5287938 ], [ 137.9714494, 36.5285688 ], [ 137.9714619, 36.5283855 ], [ 137.9714869, 36.5282855 ], [ 137.9715994, 36.5281689 ], [ 137.9715619, 36.5279439 ], [ 137.971512, 36.5278606 ], [ 137.9714495, 36.5278106 ], [ 137.9713245, 36.5277523 ], [ 137.9712745, 36.5277106 ], [ 137.9712495, 36.5276439 ], [ 137.9712245, 36.5275273 ], [ 137.9711745, 36.5274856 ], [ 137.9711245, 36.527469 ], [ 137.9709995, 36.5274356 ], [ 137.970937, 36.5274106 ], [ 137.9707995, 36.527319 ], [ 137.9706995, 36.5273023 ], [ 137.970612, 36.5273023 ], [ 137.9704121, 36.5273023 ], [ 137.9703246, 36.5272773 ], [ 137.9702996, 36.5272356 ], [ 137.9703121, 36.5271857 ], [ 137.9703496, 36.527144 ], [ 137.9705121, 36.527044 ], [ 137.9706496, 36.526944 ], [ 137.9706871, 36.5268774 ], [ 137.9706621, 36.5268107 ], [ 137.9706121, 36.526769 ], [ 137.9705246, 36.5267607 ], [ 137.9704496, 36.5267857 ], [ 137.9703996, 36.5268357 ], [ 137.9702746, 36.5270107 ], [ 137.9702246, 36.5270523 ], [ 137.9701496, 36.5270773 ], [ 137.9700621, 36.527069 ], [ 137.9699996, 36.527019 ], [ 137.9699496, 36.5269523 ], [ 137.9698621, 36.526769 ], [ 137.9697996, 36.526694 ], [ 137.9697246, 36.5266357 ], [ 137.9694247, 36.5264857 ], [ 137.9692329, 36.5264414 ], [ 137.9685873, 36.5264357 ], [ 137.9684748, 36.5264524 ], [ 137.9683748, 36.526494 ], [ 137.9682998, 36.526544 ], [ 137.9682248, 36.526644 ], [ 137.9681498, 36.5267107 ], [ 137.9680623, 36.5267606 ], [ 137.9677248, 36.526944 ], [ 137.9676373, 36.5269856 ], [ 137.9675123, 36.5269939 ], [ 137.9673873, 36.5269773 ], [ 137.9671748, 36.5269106 ], [ 137.9670624, 36.5269023 ], [ 137.9669374, 36.5269023 ], [ 137.9666749, 36.5269356 ], [ 137.9665249, 36.5269439 ], [ 137.9663999, 36.5269106 ], [ 137.9660749, 36.5268189 ], [ 137.965925, 36.5268023 ], [ 137.965825, 36.5268106 ], [ 137.965725, 36.5268522 ], [ 137.9656375, 36.5269106 ], [ 137.965575, 36.5269939 ], [ 137.9655375, 36.5270689 ], [ 137.9654375, 36.5274438 ], [ 137.965325, 36.5277605 ], [ 137.965275, 36.5278438 ], [ 137.965175, 36.5278938 ], [ 137.9650625, 36.5279104 ], [ 137.9649625, 36.5278938 ], [ 137.9648, 36.5278271 ], [ 137.9647625, 36.5277688 ], [ 137.96475, 36.5276938 ], [ 137.964775, 36.5276355 ], [ 137.9648375, 36.5275688 ], [ 137.965, 36.5274771 ], [ 137.9651, 36.5274188 ], [ 137.96525, 36.5273605 ], [ 137.9653, 36.5273105 ], [ 137.9653, 36.5272605 ], [ 137.9652625, 36.5272189 ], [ 137.9652, 36.5272105 ], [ 137.965125, 36.5272355 ], [ 137.964875, 36.5274105 ], [ 137.9647875, 36.5274521 ], [ 137.9646375, 36.5275271 ], [ 137.964575, 36.5275605 ], [ 137.9645125, 36.5276438 ], [ 137.96445, 36.5276771 ], [ 137.9643875, 36.5277021 ], [ 137.9642626, 36.5277271 ], [ 137.9641751, 36.5277688 ], [ 137.9640126, 36.5278687 ], [ 137.9639876, 36.5279104 ], [ 137.9639876, 36.5279687 ], [ 137.9640251, 36.5280104 ], [ 137.9641126, 36.5280354 ], [ 137.9642625, 36.5280437 ], [ 137.96435, 36.5280687 ], [ 137.9644625, 36.5281187 ], [ 137.9645625, 36.5281771 ], [ 137.9648625, 36.5284187 ], [ 137.965, 36.528477 ], [ 137.9653749, 36.528602 ], [ 137.9654874, 36.5285937 ], [ 137.9655999, 36.5285354 ], [ 137.9657124, 36.528452 ], [ 137.9658874, 36.5282604 ], [ 137.9659749, 36.5281354 ], [ 137.9660499, 36.5280438 ], [ 137.9660999, 36.5280104 ], [ 137.9661874, 36.5280271 ], [ 137.9662624, 36.5281188 ], [ 137.9662874, 36.5282521 ], [ 137.9662624, 36.528577 ], [ 137.9662249, 36.528727 ], [ 137.9662373, 36.5287937 ], [ 137.9663123, 36.5288187 ], [ 137.9664123, 36.528802 ], [ 137.9668248, 36.5286187 ], [ 137.9671873, 36.5285271 ], [ 137.9673123, 36.5285271 ], [ 137.9673998, 36.5285687 ], [ 137.9674123, 36.5286271 ], [ 137.9673623, 36.5286937 ], [ 137.9667998, 36.529077 ], [ 137.9667123, 36.5291437 ], [ 137.9665623, 36.5293603 ], [ 137.9664498, 36.5295853 ], [ 137.9664373, 36.5297019 ], [ 137.9664623, 36.5298102 ], [ 137.9665373, 36.5299186 ], [ 137.9666748, 36.5300352 ], [ 137.9667747, 36.5301602 ], [ 137.9667872, 36.5302602 ], [ 137.9667997, 36.5304852 ], [ 137.9668372, 36.5306102 ], [ 137.9669122, 36.5307018 ], [ 137.9669997, 36.5307601 ], [ 137.9671372, 36.5308351 ], [ 137.9672247, 36.5309101 ], [ 137.9672247, 36.5309935 ], [ 137.9671872, 36.5310934 ], [ 137.9669497, 36.5313767 ], [ 137.9669247, 36.5314434 ], [ 137.9669247, 36.5315184 ], [ 137.9670247, 36.5315934 ], [ 137.9670872, 36.5316684 ], [ 137.9670997, 36.53176 ], [ 137.9670497, 36.5318433 ], [ 137.9670247, 36.5319183 ], [ 137.9670247, 36.5320017 ], [ 137.9670871, 36.5321516 ], [ 137.9672621, 36.532335 ], [ 137.9673996, 36.5324766 ], [ 137.9675246, 36.5325516 ], [ 137.9676871, 36.5326016 ], [ 137.9678121, 36.5326599 ], [ 137.9678746, 36.5327349 ], [ 137.967887, 36.5328183 ], [ 137.9678495, 36.5329266 ], [ 137.967787, 36.5330182 ], [ 137.9677245, 36.5331349 ], [ 137.967737, 36.5332515 ], [ 137.967787, 36.5334182 ], [ 137.967762, 36.5335432 ], [ 137.9676745, 36.5336431 ], [ 137.967562, 36.5337098 ], [ 137.9672871, 36.5337848 ], [ 137.9666996, 36.5339514 ], [ 137.9665746, 36.5339764 ], [ 137.9664871, 36.5340181 ], [ 137.9663496, 36.5340931 ], [ 137.9661871, 36.5342847 ], [ 137.9660496, 36.5343847 ], [ 137.9656997, 36.5346097 ], [ 137.9655997, 36.5346596 ], [ 137.9654872, 36.534693 ], [ 137.9653791, 36.534701 ] ] } },
{ "type": "Feature", "properties": { "N12_001": "20", "N12_002": 1, "N12_003": 3, "N12_004": "一般国道153号", "N12_005": 57, "N12_006": 3 }, "geometry": { "type": "LineString", "coordinates": [ [ 137.5557826, 35.2631956 ], [ 137.5559206, 35.2629943 ], [ 137.5560306, 35.2626337 ], [ 137.5561201, 35.2621943 ], [ 137.5561339, 35.2617496 ], [ 137.5561545, 35.2616257 ], [ 137.5561545, 35.2614229 ], [ 137.5561134, 35.2612707 ], [ 137.5560445, 35.2611187 ], [ 137.5558728, 35.2607979 ], [ 137.5557561, 35.2606289 ], [ 137.5554334, 35.2602909 ], [ 137.5552892, 35.2601165 ], [ 137.5552275, 35.2599701 ], [ 137.5552, 35.2597334 ], [ 137.5552, 35.2592434 ], [ 137.5552275, 35.2591082 ], [ 137.5552756, 35.2590237 ], [ 137.5553648, 35.2589393 ], [ 137.5554814, 35.2588718 ], [ 137.555612, 35.2588098 ], [ 137.5557287, 35.2587873 ], [ 137.5559278, 35.2587873 ], [ 137.5564427, 35.2588493 ], [ 137.5567245, 35.2588829 ], [ 137.5575003, 35.2589957 ], [ 137.5578367, 35.2590351 ], [ 137.5580701, 35.2590407 ], [ 137.5583313, 35.2590237 ], [ 137.5585797, 35.2589829 ], [ 137.5588115, 35.2589448 ], [ 137.5591275, 35.2588831 ], [ 137.5594362, 35.2588271 ], [ 137.5596078, 35.2588212 ], [ 137.5599326, 35.2588656 ], [ 137.5604251, 35.2589565 ], [ 137.5607478, 35.2590184 ], [ 137.5614274, 35.2591537 ], [ 137.5620453, 35.2593001 ], [ 137.5624228, 35.2593957 ], [ 137.5626767, 35.259497 ], [ 137.5632103, 35.2597793 ], [ 137.5634939, 35.2599421 ], [ 137.5639403, 35.2601729 ], [ 137.5641943, 35.2602857 ], [ 137.5644759, 35.2603871 ], [ 137.5645856, 35.2604096 ], [ 137.5650114, 35.2604096 ], [ 137.5654004, 35.2603685 ], [ 137.5655973, 35.2603359 ], [ 137.5660801, 35.2602312 ], [ 137.5665789, 35.2600551 ], [ 137.5669248, 35.2599048 ], [ 137.5672225, 35.2597157 ], [ 137.5674962, 35.2594934 ], [ 137.5677939, 35.2591348 ], [ 137.5679478, 35.2588849 ], [ 137.5680097, 35.2587237 ], [ 137.5681562, 35.2581946 ], [ 137.5681766, 35.2576558 ], [ 137.568197, 35.2570812 ], [ 137.568245, 35.2568279 ], [ 137.5683687, 35.2565915 ], [ 137.5684255, 35.2565249 ], [ 137.5685334, 35.2564396 ], [ 137.5686709, 35.2564112 ], [ 137.5690553, 35.2564171 ], [ 137.5691926, 35.2564396 ], [ 137.5693231, 35.256479 ], [ 137.5696184, 35.2566254 ], [ 137.5700648, 35.2568562 ], [ 137.5707926, 35.2572223 ], [ 137.5710053, 35.2573462 ], [ 137.5711839, 35.2574137 ], [ 137.5714584, 35.2574757 ], [ 137.5716162, 35.2574757 ], [ 137.571877, 35.2574701 ], [ 137.57198, 35.2574026 ], [ 137.5722408, 35.2571885 ], [ 137.572495, 35.2569746 ], [ 137.5726324, 35.2568222 ], [ 137.5731884, 35.2562762 ], [ 137.5734472, 35.2560216 ], [ 137.5737378, 35.2557414 ], [ 137.5741703, 35.255319 ], [ 137.5745962, 35.2549021 ], [ 137.5747264, 35.2547332 ], [ 137.5751042, 35.2542432 ], [ 137.5754375, 35.2538044 ], [ 137.5758548, 35.2532409 ], [ 137.5761931, 35.2528184 ], [ 137.5763853, 35.2526101 ], [ 137.5766459, 35.2524018 ], [ 137.5767898, 35.2523229 ], [ 137.5769339, 35.252289 ], [ 137.5771945, 35.2522554 ], [ 137.5775514, 35.2522554 ], [ 137.577819, 35.2522835 ], [ 137.5780598, 35.252319 ], [ 137.5785478, 35.2523968 ], [ 137.5788562, 35.2524543 ], [ 137.5794166, 35.2524827 ], [ 137.580363, 35.2525264 ], [ 137.5807523, 35.2525462 ], [ 137.5808198, 35.2525462 ], [ 137.5808968, 35.2525235 ], [ 137.5814062, 35.2527962 ], [ 137.5817331, 35.2530007 ], [ 137.5817976, 35.2530762 ], [ 137.5819214, 35.2532409 ], [ 137.5821692, 35.2534662 ], [ 137.5822173, 35.2535676 ], [ 137.5822242, 35.2536521 ], [ 137.5822037, 35.253714 ], [ 137.5819976, 35.2540521 ], [ 137.5816406, 35.2545815 ], [ 137.5815651, 35.2547334 ], [ 137.5815101, 35.2549417 ], [ 137.581517, 35.2550546 ], [ 137.5817437, 35.2557529 ], [ 137.5817917, 35.2560059 ], [ 137.5818056, 35.2564028 ], [ 137.5818606, 35.2566551 ], [ 137.5821562, 35.2569296 ], [ 137.5830875, 35.2581966 ], [ 137.5833337, 35.2585361 ], [ 137.584324, 35.2598887 ], [ 137.5847435, 35.2604758 ], [ 137.5850484, 35.2608937 ], [ 137.5857245, 35.2618188 ], [ 137.5863365, 35.2626459 ], [ 137.586879, 35.2633893 ], [ 137.5871534, 35.2637271 ], [ 137.5875859, 35.2641326 ], [ 137.5887743, 35.2651865 ], [ 137.5894537, 35.2658168 ], [ 137.5896045, 35.2659801 ], [ 137.5897006, 35.2661321 ], [ 137.5898176, 35.2663798 ], [ 137.5898656, 35.2665882 ], [ 137.5898656, 35.2666665 ], [ 137.5898656, 35.2668529 ], [ 137.5898381, 35.2670104 ], [ 137.5897901, 35.2672076 ], [ 137.589687, 35.2674779 ], [ 137.5895154, 35.2677312 ], [ 137.5889486, 35.2683287 ], [ 137.5888151, 35.2684748 ], [ 137.5886709, 35.2686662 ], [ 137.5881901, 35.2695221 ], [ 137.5881076, 35.2697643 ], [ 137.5880456, 35.2701134 ], [ 137.588039, 35.2704909 ], [ 137.5880759, 35.2707208 ], [ 137.5883076, 35.2723996 ], [ 137.5884251, 35.2732287 ], [ 137.5884833, 35.2749998 ], [ 137.5885001, 35.2755004 ], [ 137.5885198, 35.2758968 ], [ 137.5885443, 35.2763876 ], [ 137.5886154, 35.2770348 ], [ 137.5886704, 35.2772715 ], [ 137.5887526, 35.2775023 ], [ 137.5889656, 35.277874 ], [ 137.5894668, 35.2785721 ], [ 137.5898512, 35.2790904 ], [ 137.5902837, 35.2796084 ], [ 137.5908056, 35.2802109 ], [ 137.591667, 35.2810266 ], [ 137.5921129, 35.2814598 ], [ 137.5927993, 35.2822904 ], [ 137.5932924, 35.2828007 ], [ 137.5937965, 35.2833204 ], [ 137.5944161, 35.2838589 ], [ 137.5954604, 35.2848009 ], [ 137.5965799, 35.2857362 ], [ 137.5970486, 35.2861579 ], [ 137.5974954, 35.2865448 ], [ 137.5977723, 35.2868185 ], [ 137.597989, 35.2870723 ], [ 137.5981576, 35.2873068 ], [ 137.5983775, 35.2877075 ], [ 137.5987079, 35.2883096 ], [ 137.5989207, 35.2886362 ], [ 137.5991337, 35.2888729 ], [ 137.5992298, 35.2889629 ], [ 137.5997859, 35.2896107 ], [ 137.5998751, 35.2897401 ], [ 137.6000004, 35.2899713 ], [ 137.6000673, 35.2900948 ], [ 137.6001909, 35.2904047 ], [ 137.6003146, 35.2906524 ], [ 137.6004312, 35.2908326 ], [ 137.6005823, 35.290996 ], [ 137.6008846, 35.2911873 ], [ 137.6014612, 35.2914632 ], [ 137.6019413, 35.2916861 ], [ 137.6027793, 35.2920829 ], [ 137.6028399, 35.2921036 ], [ 137.6032118, 35.2922237 ], [ 137.603672, 35.2923082 ], [ 137.6039259, 35.2923193 ], [ 137.6043037, 35.2922968 ], [ 137.6047568, 35.2922518 ], [ 137.6050246, 35.2922462 ], [ 137.6052098, 35.2922743 ], [ 137.6054023, 35.2923251 ], [ 137.6056768, 35.2924432 ], [ 137.6060339, 35.2927304 ], [ 137.6062743, 35.2928826 ], [ 137.606446, 35.2929785 ], [ 137.6066998, 35.293091 ], [ 137.606851, 35.2931418 ], [ 137.6073193, 35.2932846 ], [ 137.6082807, 35.293559 ], [ 137.608754, 35.2936565 ], [ 137.6091898, 35.2936993 ], [ 137.6098585, 35.293681 ], [ 137.610181, 35.2936373 ], [ 137.6111421, 35.2934796 ], [ 137.6120106, 35.2933718 ], [ 137.6127523, 35.2932857 ], [ 137.6134346, 35.2931812 ], [ 137.6139151, 35.2931446 ], [ 137.6143734, 35.2931568 ], [ 137.6149312, 35.2932496 ], [ 137.615403, 35.2933796 ], [ 137.6155554, 35.2934268 ], [ 137.6157079, 35.2934743 ], [ 137.6158156, 35.2935058 ], [ 137.616209, 35.2936657 ], [ 137.6164015, 35.2937615 ], [ 137.6166671, 35.2939374 ], [ 137.6167585, 35.2939979 ], [ 137.6173351, 35.2944429 ], [ 137.6175068, 35.2945668 ], [ 137.6181451, 35.2951637 ], [ 137.6183098, 35.2953101 ], [ 137.618619, 35.2956085 ], [ 137.6187698, 35.2958562 ], [ 137.6188454, 35.296059 ], [ 137.6188798, 35.2962224 ], [ 137.6188798, 35.296476 ], [ 137.6188729, 35.2965999 ], [ 137.6188179, 35.296921 ], [ 137.6187837, 35.2971124 ], [ 137.6187907, 35.2974951 ], [ 137.6188043, 35.297619 ], [ 137.6189067, 35.2979206 ], [ 137.6189896, 35.2980976 ], [ 137.6193535, 35.2986046 ], [ 137.6198135, 35.299179 ], [ 137.6203421, 35.2997424 ], [ 137.6204382, 35.2998212 ], [ 137.6206648, 35.2999507 ], [ 137.6209807, 35.3000971 ], [ 137.6211798, 35.3002154 ], [ 137.6213376, 35.3003337 ], [ 137.6214887, 35.3004801 ], [ 137.6216879, 35.3007276 ], [ 137.6217154, 35.3007896 ], [ 137.621976, 35.3013212 ], [ 137.6221337, 35.3015299 ], [ 137.6222162, 35.3017551 ], [ 137.6222301, 35.3018507 ], [ 137.6223193, 35.3023857 ], [ 137.6223743, 35.3028421 ], [ 137.6223743, 35.3029885 ], [ 137.6223054, 35.3033654 ], [ 137.6222436, 35.3036926 ], [ 137.6222026, 35.3038835 ], [ 137.6221957, 35.3043271 ], [ 137.6221751, 35.3051168 ], [ 137.6222026, 35.3053085 ], [ 137.6222712, 35.3054718 ], [ 137.6223974, 35.3056208 ], [ 137.6228615, 35.3060235 ], [ 137.623136, 35.3062654 ], [ 137.6232665, 35.3064232 ], [ 137.6233454, 35.3065782 ], [ 137.6235137, 35.3070146 ], [ 137.623596, 35.3073807 ], [ 137.6236029, 35.3074987 ], [ 137.6236304, 35.3077015 ], [ 137.6237471, 35.308186 ], [ 137.6238226, 35.3082981 ], [ 137.6242616, 35.3087278 ], [ 137.6243993, 35.3088446 ], [ 137.6246393, 35.3091712 ], [ 137.6247951, 35.3094039 ], [ 137.6250513, 35.3097851 ], [ 137.6258271, 35.3109224 ], [ 137.6259712, 35.3111535 ], [ 137.6260607, 35.3113618 ], [ 137.6260882, 35.3114857 ], [ 137.6260882, 35.3116826 ], [ 137.6260538, 35.3118853 ], [ 137.6260057, 35.3120432 ], [ 137.6260057, 35.312201 ], [ 137.6260671, 35.312381 ], [ 137.6261632, 35.3128429 ], [ 137.6261701, 35.3130173 ], [ 137.6261496, 35.3131471 ], [ 137.6261565, 35.3133724 ], [ 137.626249, 35.3136166 ], [ 137.6264174, 35.3141324 ], [ 137.6265065, 35.3143576 ], [ 137.6265546, 35.3145376 ], [ 137.6267263, 35.3151065 ], [ 137.6267772, 35.3154114 ], [ 137.6267401, 35.3161199 ], [ 137.6266983, 35.31656 ], [ 137.6266987, 35.3166665 ], [ 137.6266985, 35.3169874 ], [ 137.626726, 35.3175279 ], [ 137.6267674, 35.3178096 ], [ 137.6268154, 35.3180235 ], [ 137.6269321, 35.3183896 ], [ 137.6270557, 35.318716 ], [ 137.6271243, 35.3188512 ], [ 137.6273141, 35.3191775 ], [ 137.6276735, 35.3197296 ], [ 137.6280785, 35.3202985 ], [ 137.6282363, 35.3205068 ], [ 137.6285014, 35.320839 ], [ 137.6287507, 35.321151 ], [ 137.6288295, 35.3212559 ], [ 137.6289241, 35.3213611 ], [ 137.6290807, 35.3215315 ], [ 137.6296782, 35.3221963 ], [ 137.630179, 35.3227085 ], [ 137.6305245, 35.3230233 ], [ 137.6308705, 35.3233057 ], [ 137.6315796, 35.3237788 ], [ 137.6319024, 35.3239757 ], [ 137.6322473, 35.3241712 ], [ 137.6327263, 35.3243867 ], [ 137.6333337, 35.3246241 ], [ 137.6339663, 35.324846 ], [ 137.6346228, 35.3250813 ], [ 137.6348674, 35.3252365 ], [ 137.6352015, 35.3255168 ], [ 137.6354222, 35.3257435 ], [ 137.6355749, 35.3259114 ], [ 137.6356918, 35.3260424 ], [ 137.6358702, 35.3262507 ], [ 137.6362615, 35.3266732 ], [ 137.6364538, 35.3268418 ], [ 137.6366735, 35.3270221 ], [ 137.6370032, 35.327236 ], [ 137.6375318, 35.3275232 ], [ 137.6380671, 35.3278104 ], [ 137.638431, 35.3279457 ], [ 137.6390075, 35.3281118 ], [ 137.6398685, 35.3283511 ], [ 137.6402093, 35.3285088 ], [ 137.6404871, 35.3286567 ], [ 137.6407255, 35.3288217 ], [ 137.6411133, 35.3291737 ], [ 137.6413758, 35.3294421 ], [ 137.641884, 35.3300338 ], [ 137.6425707, 35.3307613 ], [ 137.6428973, 35.3310973 ], [ 137.6430785, 35.3312962 ], [ 137.6432229, 35.331499 ], [ 137.6433121, 35.331651 ], [ 137.6435729, 35.3322368 ], [ 137.6438271, 35.3327321 ], [ 137.6439714, 35.3329575 ], [ 137.644122, 35.3331656 ], [ 137.6442818, 35.3333332 ], [ 137.6444174, 35.3334754 ], [ 137.6445479, 35.3335768 ], [ 137.6446304, 35.3336274 ], [ 137.6452133, 35.3340947 ], [ 137.6453715, 35.3342131 ], [ 137.6460992, 35.3349228 ], [ 137.6469232, 35.3357335 ], [ 137.647641, 35.3365671 ], [ 137.6478888, 35.336899 ], [ 137.6480282, 35.337136 ], [ 137.6485577, 35.3380095 ], [ 137.648791, 35.3383974 ], [ 137.6488941, 35.3387407 ], [ 137.6489285, 35.3389151 ], [ 137.6489421, 35.3390674 ], [ 137.6489021, 35.3395179 ], [ 137.6488827, 35.3397627 ], [ 137.6488993, 35.3406135 ], [ 137.6488866, 35.341446 ], [ 137.6488782, 35.3416665 ], [ 137.6488691, 35.3419057 ], [ 137.6488921, 35.3420699 ], [ 137.6489105, 35.3421835 ], [ 137.6489618, 35.3424054 ], [ 137.6490707, 35.3427179 ], [ 137.6490963, 35.3428429 ], [ 137.6491213, 35.3433921 ], [ 137.6490963, 35.3434921 ], [ 137.6489635, 35.3437699 ], [ 137.6488118, 35.3442524 ], [ 137.6487743, 35.3443937 ], [ 137.6486807, 35.344659 ], [ 137.6486396, 35.3448054 ], [ 137.6486396, 35.3449802 ], [ 137.6486807, 35.3451321 ], [ 137.6487496, 35.3452054 ], [ 137.6488938, 35.3453293 ], [ 137.6490382, 35.3454193 ], [ 137.6490725, 35.3454366 ], [ 137.6491786, 35.3454903 ], [ 137.6492168, 35.3455096 ], [ 137.6494016, 35.3456224 ], [ 137.6495306, 35.3456564 ], [ 137.6496317, 35.3456479 ], [ 137.6497721, 35.3456301 ], [ 137.6498746, 35.3456115 ], [ 137.6499627, 35.345579 ], [ 137.6500005, 35.3455551 ], [ 137.6506585, 35.3451388 ], [ 137.6512235, 35.3448101 ], [ 137.6513985, 35.3447165 ], [ 137.6514921, 35.3446727 ], [ 137.6518721, 35.3446199 ], [ 137.6520977, 35.344561 ], [ 137.6522866, 35.3444665 ], [ 137.6524499, 35.3443546 ], [ 137.6525932, 35.3442438 ], [ 137.6527924, 35.3439871 ], [ 137.6528916, 35.3438402 ], [ 137.6530513, 35.3436229 ], [ 137.653168, 35.3434757 ], [ 137.6532974, 35.343346 ], [ 137.6534479, 35.3432161 ], [ 137.6535421, 35.343146 ], [ 137.6537182, 35.3430582 ], [ 137.6539105, 35.3429999 ], [ 137.6544629, 35.3430421 ], [ 137.6550998, 35.3431102 ], [ 137.6554171, 35.3431478 ], [ 137.6555289, 35.343161 ], [ 137.6559241, 35.3432078 ], [ 137.656037, 35.3432212 ], [ 137.6562835, 35.3432504 ], [ 137.6564396, 35.3432788 ], [ 137.6566649, 35.3433377 ], [ 137.6567652, 35.3433929 ], [ 137.6568673, 35.3434678 ], [ 137.6575224, 35.344069 ], [ 137.657633, 35.3441732 ], [ 137.6577466, 35.3442582 ], [ 137.6578307, 35.3443024 ], [ 137.6580241, 35.3443813 ], [ 137.6583733, 35.3445349 ], [ 137.6586457, 35.3446479 ], [ 137.6588933, 35.3447943 ], [ 137.6592027, 35.3450815 ], [ 137.6593949, 35.3453799 ], [ 137.6595324, 35.345656 ], [ 137.6596941, 35.3459368 ], [ 137.6598383, 35.3462135 ], [ 137.6600827, 35.3466746 ], [ 137.6602596, 35.3469935 ], [ 137.6603841, 35.3471796 ], [ 137.6605841, 35.3474418 ], [ 137.660871, 35.3477702 ], [ 137.6609577, 35.3478427 ], [ 137.6612049, 35.3480304 ], [ 137.6613514, 35.3481145 ], [ 137.6616189, 35.3482581 ], [ 137.662038, 35.3484652 ], [ 137.6624091, 35.3486368 ], [ 137.6628388, 35.3488176 ], [ 137.6632094, 35.3489507 ], [ 137.6636296, 35.3490978 ], [ 137.6639933, 35.349226 ], [ 137.6647927, 35.3494871 ], [ 137.6659777, 35.3498574 ], [ 137.666346, 35.35 ], [ 137.6668585, 35.3501982 ], [ 137.6673122, 35.3505157 ], [ 137.667491, 35.3506846 ], [ 137.6676559, 35.3508876 ], [ 137.6678351, 35.3511243 ], [ 137.6679377, 35.3512646 ], [ 137.6679788, 35.3513379 ], [ 137.6681916, 35.3516871 ], [ 137.6683155, 35.3519011 ], [ 137.6683841, 35.3520699 ], [ 137.6685444, 35.3524755 ], [ 137.6687897, 35.3530724 ], [ 137.6689341, 35.3533143 ], [ 137.6692512, 35.3537228 ], [ 137.6698285, 35.354344 ], [ 137.6703752, 35.3548665 ], [ 137.6707002, 35.3552235 ], [ 137.6708308, 35.3553868 ], [ 137.6711055, 35.3557924 ], [ 137.6713119, 35.3561301 ], [ 137.6715041, 35.3565409 ], [ 137.671635, 35.3569576 ], [ 137.671683, 35.3571549 ], [ 137.6717462, 35.3575791 ], [ 137.6717715, 35.3577099 ], [ 137.6717861, 35.3577857 ], [ 137.6718205, 35.358011 ], [ 137.6718858, 35.3583332 ], [ 137.6719094, 35.3584501 ], [ 137.6719369, 35.3586079 ], [ 137.6720125, 35.3589232 ], [ 137.67204, 35.359064 ], [ 137.6720675, 35.3591373 ], [ 137.6722127, 35.3593407 ], [ 137.672528, 35.3597171 ], [ 137.6726586, 35.3599368 ], [ 137.6727136, 35.3601168 ], [ 137.6727067, 35.3603479 ], [ 137.6726519, 35.3605507 ], [ 137.6725811, 35.3606696 ], [ 137.6724828, 35.3608285 ], [ 137.6721072, 35.3614054 ], [ 137.6720192, 35.3614974 ], [ 137.6719721, 35.3615356 ], [ 137.6718832, 35.3615836 ], [ 137.6718547, 35.3615951 ], [ 137.671723, 35.3616129 ], [ 137.671575, 35.3616018 ], [ 137.6714297, 35.3615663 ], [ 137.67132, 35.3615151 ], [ 137.6712144, 35.361412 ], [ 137.6710061, 35.3610643 ], [ 137.67087, 35.3608693 ], [ 137.6707219, 35.3607979 ], [ 137.6705569, 35.3608118 ], [ 137.6704858, 35.3608274 ], [ 137.6704101, 35.3608576 ], [ 137.6703533, 35.3608793 ], [ 137.6702294, 35.3610026 ], [ 137.6701814, 35.3611554 ], [ 137.6701972, 35.3613243 ], [ 137.67025, 35.3614376 ], [ 137.6705625, 35.362109 ], [ 137.670638, 35.3622785 ], [ 137.6707458, 35.362604 ], [ 137.67079, 35.362971 ], [ 137.6708219, 35.363309 ], [ 137.6708819, 35.3634746 ], [ 137.6709942, 35.363624 ], [ 137.6715386, 35.364144 ], [ 137.6716414, 35.3643854 ], [ 137.6716828, 35.364639 ], [ 137.6717103, 35.3651399 ], [ 137.6717308, 35.3652357 ], [ 137.6717992, 35.3653876 ], [ 137.6718542, 35.3654835 ], [ 137.6721292, 35.3657368 ], [ 137.6727064, 35.3662212 ], [ 137.67306, 35.3665218 ], [ 137.6731324, 35.3666665 ], [ 137.6732242, 35.3668499 ], [ 137.6734123, 35.3673924 ], [ 137.6736351, 35.3678547 ], [ 137.67371, 35.3680062 ], [ 137.6737834, 35.368104 ], [ 137.6738611, 35.3681696 ], [ 137.6743488, 35.3685523 ], [ 137.6746431, 35.3687565 ], [ 137.6750125, 35.3690074 ], [ 137.6754631, 35.3693093 ], [ 137.6755923, 35.3694015 ], [ 137.6757612, 35.3695371 ], [ 137.6758412, 35.3696243 ], [ 137.6759431, 35.3697496 ], [ 137.6760314, 35.369904 ], [ 137.6761306, 35.3701054 ], [ 137.6761898, 35.3702299 ], [ 137.6762962, 35.3706673 ], [ 137.6763912, 35.3711376 ], [ 137.6765995, 35.3714993 ], [ 137.676652, 35.3715632 ], [ 137.6767264, 35.3716518 ], [ 137.676817, 35.3717404 ], [ 137.6770428, 35.3719032 ], [ 137.6777645, 35.3723818 ], [ 137.6779642, 35.3725283 ], [ 137.6783145, 35.372804 ], [ 137.6785224, 35.3729959 ], [ 137.678942, 35.3734579 ], [ 137.6791617, 35.3737007 ], [ 137.6802559, 35.3749998 ], [ 137.6804748, 35.3752598 ], [ 137.6818198, 35.3767901 ], [ 137.6825046, 35.3775665 ], [ 137.6832054, 35.3784176 ], [ 137.6832735, 35.3785087 ], [ 137.683754, 35.3792784 ], [ 137.6838337, 35.3794537 ], [ 137.6840418, 35.3810576 ], [ 137.684074, 35.3817018 ], [ 137.6838818, 35.3824487 ], [ 137.6836738, 35.383094 ], [ 137.683334, 35.3841462 ], [ 137.6832735, 35.3843346 ], [ 137.683169, 35.3846576 ], [ 137.683073, 35.3849825 ], [ 137.6829768, 35.385509 ], [ 137.6829315, 35.3860832 ], [ 137.6829015, 35.3864637 ], [ 137.6829129, 35.3871525 ], [ 137.6829633, 35.3875526 ], [ 137.6829672, 35.3875803 ], [ 137.683001, 35.3877945 ], [ 137.6830424, 35.3881547 ], [ 137.6831316, 35.3883971 ], [ 137.6833241, 35.3887351 ], [ 137.6834066, 35.388904 ], [ 137.6834488, 35.3890957 ], [ 137.6834866, 35.3894812 ], [ 137.683479, 35.3901312 ], [ 137.6834613, 35.3904923 ], [ 137.6834924, 35.3909762 ], [ 137.6835763, 35.3914134 ], [ 137.6836461, 35.3916665 ], [ 137.6837332, 35.3919826 ], [ 137.6838077, 35.3921462 ], [ 137.6840338, 35.3924758 ], [ 137.6842326, 35.3927278 ], [ 137.6844032, 35.3928826 ], [ 137.6847799, 35.3930737 ], [ 137.6851096, 35.393269 ], [ 137.6854758, 35.3935234 ], [ 137.6857008, 35.3937654 ], [ 137.6858891, 35.3940372 ], [ 137.6860252, 35.3943259 ], [ 137.6860511, 35.3944646 ], [ 137.6860844, 35.3946438 ], [ 137.6861194, 35.3948312 ], [ 137.6861977, 35.3953448 ], [ 137.6862763, 35.3961345 ], [ 137.6863391, 35.3963709 ], [ 137.6863974, 35.3966018 ], [ 137.6864533, 35.3967987 ], [ 137.6865452, 35.3970356 ], [ 137.6866082, 35.3971656 ], [ 137.6867583, 35.3974454 ], [ 137.6868827, 35.397637 ], [ 137.6870138, 35.3978418 ], [ 137.6871386, 35.3980068 ], [ 137.6872891, 35.3981612 ], [ 137.6874333, 35.3982837 ], [ 137.6875904, 35.3983925 ], [ 137.6877527, 35.3984954 ], [ 137.6879854, 35.3986001 ], [ 137.6883855, 35.3987679 ], [ 137.6891551, 35.3991353 ], [ 137.6895219, 35.3993054 ], [ 137.6899479, 35.3995395 ], [ 137.690153, 35.3996687 ], [ 137.6904352, 35.3998986 ], [ 137.6905987, 35.4000614 ], [ 137.6912197, 35.4006992 ], [ 137.6916119, 35.4011126 ], [ 137.6919137, 35.401444 ], [ 137.692423, 35.4020137 ], [ 137.6926494, 35.4023234 ], [ 137.6927853, 35.4025751 ], [ 137.6928219, 35.4026728 ], [ 137.6928639, 35.4029912 ], [ 137.6928734, 35.4030775 ], [ 137.6929111, 35.4033923 ], [ 137.6929451, 35.403698 ], [ 137.6929812, 35.4039651 ], [ 137.6930208, 35.4042817 ], [ 137.6931706, 35.4047042 ], [ 137.693402, 35.4052073 ], [ 137.6938278, 35.4058878 ], [ 137.6939404, 35.406007 ], [ 137.6950917, 35.4073592 ], [ 137.6954957, 35.4078257 ], [ 137.6956578, 35.4080128 ], [ 137.6958659, 35.4083331 ], [ 137.6961784, 35.4088142 ], [ 137.6962875, 35.4090393 ], [ 137.6963323, 35.4091316 ], [ 137.696595, 35.4096733 ], [ 137.6966823, 35.4098531 ], [ 137.6967476, 35.4100167 ], [ 137.6969645, 35.4105556 ], [ 137.6970073, 35.4106773 ], [ 137.6971042, 35.4109845 ], [ 137.6971334, 35.4110781 ], [ 137.6972056, 35.4114306 ], [ 137.697207, 35.4116292 ], [ 137.6971942, 35.4118601 ], [ 137.6971531, 35.4121695 ], [ 137.6970581, 35.4125787 ], [ 137.6970417, 35.4127328 ], [ 137.6970912, 35.412964 ], [ 137.6971304, 35.4131324 ], [ 137.6972101, 35.4133491 ], [ 137.6972812, 35.413504 ], [ 137.6974259, 35.4137184 ], [ 137.69762, 35.4139028 ], [ 137.6979301, 35.414114 ], [ 137.6981853, 35.414304 ], [ 137.6984604, 35.4145134 ], [ 137.6988645, 35.4148373 ], [ 137.6990337, 35.4150009 ], [ 137.6991178, 35.415082 ], [ 137.6992084, 35.4152095 ], [ 137.6992437, 35.415334 ], [ 137.6994629, 35.4163498 ], [ 137.69951, 35.4166665 ], [ 137.6995526, 35.416952 ], [ 137.6995548, 35.41711 ], [ 137.6995584, 35.4173728 ], [ 137.6995465, 35.4176617 ], [ 137.6993676, 35.4198926 ], [ 137.6993401, 35.4201714 ], [ 137.6994142, 35.4206538 ], [ 137.6994976, 35.4215958 ], [ 137.6995265, 35.4220464 ], [ 137.6997757, 35.4239945 ], [ 137.6997734, 35.4243837 ], [ 137.6997197, 35.4247245 ], [ 137.6995963, 35.425026 ], [ 137.6994757, 35.4252525 ], [ 137.6990848, 35.4259839 ], [ 137.6989743, 35.4262738 ], [ 137.698934, 35.4264506 ], [ 137.698924, 35.4265992 ], [ 137.6989515, 35.4267287 ], [ 137.6990201, 35.4269198 ], [ 137.6990887, 35.4270663 ], [ 137.6991506, 35.4271675 ], [ 137.6992882, 35.4273309 ], [ 137.6996598, 35.42768 ], [ 137.6998907, 35.4279484 ], [ 137.6999447, 35.4280284 ], [ 137.700001, 35.4281362 ], [ 137.7000657, 35.4282714 ], [ 137.7001071, 35.4284403 ], [ 137.7001001, 35.4285755 ], [ 137.7000451, 35.4288289 ], [ 137.700001, 35.4289559 ], [ 137.6997635, 35.4296389 ], [ 137.6995615, 35.4303068 ], [ 137.6993887, 35.4306912 ], [ 137.6992173, 35.4308767 ], [ 137.6987318, 35.4312239 ], [ 137.6983746, 35.4314748 ], [ 137.6983129, 35.4315659 ], [ 137.6982843, 35.4317031 ], [ 137.6982929, 35.4318223 ], [ 137.6983321, 35.4319425 ], [ 137.6984462, 35.4321434 ], [ 137.6987318, 35.4324292 ], [ 137.6989129, 35.4325064 ], [ 137.699046, 35.4325295 ], [ 137.6992171, 35.432545 ], [ 137.6994268, 35.4324987 ], [ 137.6997025, 35.4323781 ], [ 137.6997405, 35.4323445 ], [ 137.6998935, 35.4321795 ], [ 137.7000035, 35.4319373 ], [ 137.7000999, 35.4312106 ], [ 137.7001121, 35.4308845 ], [ 137.7001343, 35.4307606 ], [ 137.7001823, 35.4306423 ], [ 137.7003201, 35.4304789 ], [ 137.7005126, 35.4303042 ], [ 137.7007812, 35.4301254 ], [ 137.7009324, 35.4300414 ], [ 137.7010937, 35.4299656 ], [ 137.7013743, 35.4298673 ], [ 137.7016421, 35.4298181 ], [ 137.701829, 35.4298017 ], [ 137.7021299, 35.4298098 ], [ 137.7024735, 35.4298878 ], [ 137.702848, 35.4300458 ], [ 137.7032331, 35.4302928 ], [ 137.7034638, 35.430507 ], [ 137.7036359, 35.4306983 ], [ 137.7040693, 35.4313856 ], [ 137.7042963, 35.4317739 ], [ 137.7047111, 35.4324739 ], [ 137.704996, 35.4329545 ], [ 137.7052316, 35.4333331 ], [ 137.7055102, 35.4337809 ], [ 137.7055568, 35.4339015 ], [ 137.7056757, 35.4342575 ], [ 137.7057341, 35.434522 ], [ 137.7057616, 35.4348827 ], [ 137.7057682, 35.4350286 ], [ 137.7057598, 35.4352272 ], [ 137.7055152, 35.4358039 ], [ 137.7051643, 35.4365144 ], [ 137.7049566, 35.4369378 ], [ 137.7049085, 35.4371009 ], [ 137.7048719, 35.4373332 ], [ 137.7049059, 35.4374724 ], [ 137.7049572, 35.4375964 ], [ 137.7050708, 35.4377767 ], [ 137.7051667, 35.4378594 ], [ 137.7052743, 35.4379078 ], [ 137.705391, 35.4379573 ], [ 137.7055352, 35.4379978 ], [ 137.7056293, 35.4380131 ], [ 137.7057799, 35.4380081 ], [ 137.7060121, 35.4379523 ], [ 137.7061645, 35.4378819 ], [ 137.7063255, 35.4378048 ], [ 137.7065254, 35.4377218 ], [ 137.7067902, 35.4376161 ], [ 137.7071035, 35.4375575 ], [ 137.7073866, 35.4375723 ], [ 137.7076035, 35.4375964 ], [ 137.7077119, 35.4376161 ], [ 137.7078007, 35.4376528 ], [ 137.7080188, 35.4377725 ], [ 137.708308, 35.4380023 ], [ 137.708714, 35.4383718 ], [ 137.7091832, 35.4388122 ], [ 137.709502, 35.4391555 ], [ 137.7097583, 35.4394323 ], [ 137.7100605, 35.4396856 ], [ 137.7105903, 35.4400181 ], [ 137.710776, 35.4401586 ], [ 137.7109344, 35.440367 ], [ 137.7113541, 35.441147 ], [ 137.7114528, 35.4412401 ], [ 137.7119962, 35.4416664 ], [ 137.7122715, 35.4418675 ], [ 137.7125786, 35.4421495 ], [ 137.7129338, 35.4424995 ], [ 137.7133616, 35.4429653 ], [ 137.7135913, 35.4431939 ], [ 137.7139697, 35.4435009 ], [ 137.7143394, 35.4437345 ], [ 137.7144975, 35.4438189 ], [ 137.7145594, 35.4438639 ], [ 137.7147313, 35.4440217 ], [ 137.71491, 35.4441958 ], [ 137.7151925, 35.444472 ], [ 137.7154744, 35.4447422 ], [ 137.7156053, 35.4448267 ], [ 137.7157842, 35.4448886 ], [ 137.7158872, 35.4449056 ], [ 137.7162433, 35.4449306 ], [ 137.7168158, 35.4449617 ], [ 137.717325, 35.4450125 ], [ 137.7177789, 35.4450914 ], [ 137.7180747, 35.4451534 ], [ 137.7183144, 35.4452336 ], [ 137.7190228, 35.4455429 ], [ 137.7191478, 35.4456264 ], [ 137.7192922, 35.4457897 ], [ 137.7193816, 35.4459472 ], [ 137.719406, 35.4460087 ], [ 137.719595, 35.4465781 ], [ 137.7198883, 35.4480303 ], [ 137.7200536, 35.4489165 ], [ 137.7202692, 35.4498609 ], [ 137.7203242, 35.4500072 ], [ 137.7204617, 35.4502325 ], [ 137.7205511, 35.4503339 ], [ 137.7206886, 35.4504467 ], [ 137.7208195, 35.4505142 ], [ 137.7210325, 35.45061 ], [ 137.7211495, 35.4506381 ], [ 137.7216799, 35.4507606 ], [ 137.7218244, 35.4507986 ], [ 137.7219803, 35.45086 ], [ 137.7224003, 35.4511281 ], [ 137.7232203, 35.4516422 ], [ 137.7235492, 35.4518667 ], [ 137.7238441, 35.4520303 ], [ 137.7241026, 35.4521458 ], [ 137.7244858, 35.4522549 ], [ 137.724701, 35.4522048 ], [ 137.724925, 35.4521045 ], [ 137.7250846, 35.4520217 ], [ 137.72534, 35.4518684 ], [ 137.7256652, 35.451636 ], [ 137.7258964, 35.4514039 ], [ 137.7262403, 35.4510661 ], [ 137.7266986, 35.4506717 ], [ 137.7270192, 35.4503547 ], [ 137.7273427, 35.4500355 ], [ 137.7279875, 35.449512 ], [ 137.7281389, 35.4494106 ], [ 137.7282903, 35.4493317 ], [ 137.7285173, 35.4492756 ], [ 137.7288131, 35.4492756 ], [ 137.7293292, 35.4493375 ], [ 137.7299349, 35.4494614 ], [ 137.730127, 35.449495 ], [ 137.7303334, 35.4495008 ], [ 137.7306031, 35.4494986 ], [ 137.7308903, 35.4494431 ], [ 137.7311278, 35.4493719 ], [ 137.7313214, 35.4492928 ], [ 137.7315276, 35.4492122 ], [ 137.7318931, 35.4490653 ], [ 137.7322961, 35.4488943 ], [ 137.7325006, 35.4487742 ], [ 137.7328789, 35.4485883 ], [ 137.7333111, 35.4483854 ], [ 137.7336611, 35.448227 ], [ 137.734007, 35.4480533 ], [ 137.7341859, 35.4479747 ], [ 137.7344697, 35.4478354 ], [ 137.7346192, 35.4477664 ], [ 137.736002, 35.4471189 ], [ 137.7364149, 35.4469161 ], [ 137.736704, 35.4467922 ], [ 137.7371863, 35.446537 ], [ 137.7376244, 35.4463219 ], [ 137.7386808, 35.4458349 ], [ 137.7401229, 35.4451761 ], [ 137.7403706, 35.4450747 ], [ 137.7405012, 35.4450353 ], [ 137.740797, 35.4449733 ], [ 137.7410378, 35.4449228 ], [ 137.7413821, 35.4448775 ], [ 137.7416679, 35.4448611 ], [ 137.7421729, 35.4448611 ], [ 137.7427989, 35.4448947 ], [ 137.7434801, 35.4449511 ], [ 137.7437864, 35.4449849 ], [ 137.744413, 35.4450965 ], [ 137.7445671, 35.4451255 ], [ 137.74481, 35.4451975 ], [ 137.7449523, 35.4452269 ], [ 137.7453032, 35.4453508 ], [ 137.7457024, 35.4454806 ], [ 137.7459359, 35.4456044 ], [ 137.7463793, 35.4457643 ], [ 137.7469963, 35.4464307 ], [ 137.7474768, 35.4466217 ], [ 137.7476901, 35.4467455 ], [ 137.7483643, 35.4472072 ], [ 137.7485707, 35.4473819 ], [ 137.7488121, 35.4476187 ], [ 137.749389, 35.4482717 ], [ 137.7495954, 35.4485642 ], [ 137.7498018, 35.4489583 ], [ 137.7499532, 35.4492905 ], [ 137.7500013, 35.4494265 ], [ 137.750256, 35.4501805 ], [ 137.7503455, 35.4504286 ], [ 137.7504474, 35.4507613 ], [ 137.7507192, 35.4514969 ], [ 137.7508407, 35.4518075 ], [ 137.7512679, 35.4528572 ], [ 137.7514459, 35.4533006 ], [ 137.751714, 35.4538908 ], [ 137.7520561, 35.4545399 ], [ 137.7527541, 35.4559692 ], [ 137.7530279, 35.4564811 ], [ 137.7535093, 35.4574103 ], [ 137.753915, 35.4581867 ], [ 137.7545362, 35.459384 ], [ 137.7554882, 35.4611879 ], [ 137.756377, 35.4625152 ], [ 137.7570233, 35.4631918 ], [ 137.7579816, 35.4639289 ], [ 137.7590312, 35.4645113 ], [ 137.7608718, 35.4656325 ], [ 137.7612749, 35.465998 ], [ 137.7615818, 35.4663255 ], [ 137.7618149, 35.4665741 ], [ 137.7631003, 35.4681413 ], [ 137.7641955, 35.4697704 ], [ 137.7653544, 35.4714846 ], [ 137.7656349, 35.4719608 ], [ 137.7656444, 35.4722279 ], [ 137.7654923, 35.4724447 ], [ 137.7652688, 35.4725802 ], [ 137.7646651, 35.4728706 ], [ 137.7643155, 35.4730597 ], [ 137.7640562, 35.4733101 ], [ 137.7637948, 35.4737165 ], [ 137.7635001, 35.4739721 ], [ 137.7630532, 35.4741888 ], [ 137.7626634, 35.4743708 ], [ 137.76244, 35.474634 ], [ 137.7624356, 35.4749997 ], [ 137.7624378, 35.4757533 ], [ 137.762444, 35.4766392 ], [ 137.7624784, 35.4767913 ], [ 137.7625679, 35.4770447 ], [ 137.7628253, 35.4775448 ], [ 137.7632846, 35.4782199 ], [ 137.7637426, 35.4790219 ], [ 137.7640743, 35.4794659 ], [ 137.7646075, 35.4800351 ], [ 137.7648472, 35.4803028 ], [ 137.765241, 35.4807501 ], [ 137.7660453, 35.4816652 ], [ 137.7666785, 35.4820275 ], [ 137.7675227, 35.4823387 ], [ 137.7691266, 35.4829515 ], [ 137.7700659, 35.4833232 ], [ 137.7712594, 35.4837883 ], [ 137.7736499, 35.4848218 ], [ 137.7754442, 35.485671 ], [ 137.7766142, 35.4861892 ], [ 137.7774728, 35.4865638 ], [ 137.7783152, 35.4869015 ], [ 137.7787258, 35.4869494 ], [ 137.779602, 35.4870653 ], [ 137.7796913, 35.4870738 ], [ 137.7798745, 35.4871072 ], [ 137.7800808, 35.4871692 ], [ 137.7803008, 35.4872536 ], [ 137.7804111, 35.4873156 ], [ 137.7806106, 35.487462 ], [ 137.78092, 35.4877378 ], [ 137.7810852, 35.4879011 ], [ 137.7814072, 35.4882006 ], [ 137.7817228, 35.4884839 ], [ 137.7821095, 35.4888199 ], [ 137.7825831, 35.4892199 ], [ 137.7833344, 35.489844 ], [ 137.7838089, 35.4902381 ], [ 137.7841802, 35.4906038 ], [ 137.7844713, 35.4909857 ], [ 137.7850117, 35.4916664 ], [ 137.7855491, 35.4923439 ], [ 137.7858139, 35.4926797 ], [ 137.7862923, 35.4933239 ], [ 137.786581, 35.4937742 ], [ 137.7868283, 35.4943147 ], [ 137.7870759, 35.4948514 ], [ 137.7874338, 35.4957111 ], [ 137.7881264, 35.4967915 ], [ 137.7889286, 35.4981415 ], [ 137.7894902, 35.4990334 ], [ 137.789779, 35.4993505 ], [ 137.7904327, 35.5000414 ], [ 137.790928, 35.5005593 ], [ 137.7916676, 35.5013335 ], [ 137.792416, 35.5021153 ], [ 137.7930801, 35.5018453 ], [ 137.7938441, 35.5015586 ], [ 137.7948035, 35.5012956 ], [ 137.7949093, 35.5012667 ], [ 137.796723, 35.5009975 ], [ 137.7972896, 35.5009418 ], [ 137.797822, 35.5008892 ], [ 137.7987893, 35.500834 ], [ 137.7991783, 35.5007894 ], [ 137.8002257, 35.5007095 ], [ 137.8007621, 35.5006736 ], [ 137.8016476, 35.5006917 ], [ 137.8033479, 35.5007506 ], [ 137.8057533, 35.5008449 ], [ 137.8082954, 35.5009735 ], [ 137.8087121, 35.5009947 ], [ 137.8094526, 35.5010325 ], [ 137.8101178, 35.5010556 ], [ 137.8105959, 35.5010556 ], [ 137.8111598, 35.500995 ], [ 137.8116859, 35.5008807 ], [ 137.8120451, 35.5007953 ], [ 137.8130606, 35.5005003 ], [ 137.8137902, 35.5002471 ], [ 137.8142072, 35.5001201 ], [ 137.8146016, 35.4999998 ], [ 137.8154053, 35.4997535 ], [ 137.816074, 35.4995734 ], [ 137.8166495, 35.499416 ], [ 137.8171315, 35.4993287 ], [ 137.8185814, 35.4992555 ], [ 137.8189986, 35.4992323 ], [ 137.8201188, 35.4991996 ], [ 137.8205287, 35.499188 ], [ 137.8208551, 35.4991639 ], [ 137.8215062, 35.4990945 ], [ 137.8220084, 35.4990306 ], [ 137.8225301, 35.4989642 ], [ 137.8239962, 35.4986809 ], [ 137.8250869, 35.4984973 ], [ 137.8259238, 35.4983742 ], [ 137.8270208, 35.4982674 ], [ 137.8271992, 35.4982645 ], [ 137.8298671, 35.4983228 ], [ 137.8307354, 35.4983336 ], [ 137.8333361, 35.4984115 ], [ 137.8344965, 35.4984501 ], [ 137.8360009, 35.4984959 ], [ 137.836817, 35.4985739 ], [ 137.8374159, 35.498687 ], [ 137.8379973, 35.4989473 ], [ 137.8383184, 35.4991642 ], [ 137.8386742, 35.4994595 ], [ 137.8388709, 35.4996562 ], [ 137.8391802, 35.4999998 ], [ 137.8394209, 35.5002753 ], [ 137.8398111, 35.5007525 ], [ 137.840469, 35.501394 ], [ 137.8409213, 35.5017552 ], [ 137.8429404, 35.5030345 ], [ 137.8431056, 35.5031406 ], [ 137.8432267, 35.5032184 ], [ 137.8439393, 35.5036731 ], [ 137.8443027, 35.5039794 ] ] } },
{ "type": "Feature", "properties": { "N12_001": "20", "N12_002": 1, "N12_003": 3, "N12_004": "一般国道153号", "N12_005": 57, "N12_006": 4 }, "geometry": { "type": "LineString", "coordinates": [ [ 137.8431056, 35.5031406 ], [ 137.8429895, 35.5035743 ], [ 137.8427252, 35.5038158 ], [ 137.8426454, 35.5039907 ], [ 137.8426606, 35.5041486 ], [ 137.8427956, 35.5043018 ], [ 137.8429689, 35.5044006 ], [ 137.8432576, 35.5045479 ], [ 137.8434595, 35.5046682 ], [ 137.8436244, 35.5048295 ], [ 137.843902, 35.5055342 ], [ 137.8441101, 35.5060512 ], [ 137.8443033, 35.5065278 ], [ 137.8443495, 35.5066192 ], [ 137.8443975, 35.5067141 ], [ 137.8446517, 35.50731 ], [ 137.8448142, 35.5076947 ], [ 137.8449448, 35.5080096 ], [ 137.8450723, 35.5083331 ], [ 137.8451448, 35.5085171 ], [ 137.8453724, 35.5090634 ], [ 137.8454753, 35.5093219 ], [ 137.8455511, 35.5095134 ], [ 137.8457357, 35.5097654 ], [ 137.8461094, 35.5099348 ], [ 137.8463974, 35.5100045 ], [ 137.8469365, 35.5101666 ], [ 137.8471147, 35.5103079 ], [ 137.8472311, 35.5106453 ], [ 137.8473, 35.5107806 ], [ 137.8473553, 35.510938 ], [ 137.8474034, 35.511096 ], [ 137.8476372, 35.5117209 ], [ 137.8477208, 35.511925 ], [ 137.847852, 35.512025 ], [ 137.8480465, 35.5120927 ], [ 137.8479964, 35.5124343 ], [ 137.8480385, 35.5125932 ], [ 137.8481745, 35.5131792 ], [ 137.8483878, 35.5138267 ], [ 137.8486908, 35.5151106 ], [ 137.8488422, 35.515792 ], [ 137.8489042, 35.5161182 ], [ 137.8489386, 35.516417 ], [ 137.8490021, 35.5166685 ], [ 137.8491013, 35.5169118 ], [ 137.8494964, 35.5177345 ], [ 137.8498513, 35.5184009 ], [ 137.8500877, 35.5189055 ], [ 137.8504873, 35.5197373 ], [ 137.8510731, 35.5209498 ], [ 137.8513118, 35.5214841 ], [ 137.851614, 35.5222514 ], [ 137.8520578, 35.5233934 ], [ 137.8523056, 35.5240242 ], [ 137.8524983, 35.5244523 ], [ 137.85265, 35.5246659 ], [ 137.8529212, 35.5249986 ], [ 137.8531118, 35.5252339 ], [ 137.8534296, 35.5256341 ], [ 137.8543506, 35.5267776 ], [ 137.8550175, 35.5276262 ], [ 137.855361, 35.5280458 ], [ 137.8557725, 35.5286335 ], [ 137.8558447, 35.5287539 ], [ 137.8560239, 35.5290131 ], [ 137.8561822, 35.5291706 ], [ 137.8563351, 35.5292683 ], [ 137.8564821, 35.5293262 ], [ 137.85663, 35.5294014 ], [ 137.8571945, 35.5296267 ], [ 137.8575112, 35.5297225 ], [ 137.8579592, 35.5298477 ], [ 137.8589653, 35.5301349 ], [ 137.86046, 35.530583 ], [ 137.8616753, 35.530955 ], [ 137.8627034, 35.531254 ], [ 137.8630282, 35.5313795 ], [ 137.8635366, 35.5316133 ], [ 137.8637566, 35.5317214 ], [ 137.8639773, 35.5318509 ], [ 137.8642939, 35.5320762 ], [ 137.8647484, 35.5324593 ], [ 137.8650789, 35.532842 ], [ 137.8653059, 35.5331517 ], [ 137.8654422, 35.5333671 ], [ 137.8658775, 35.5341595 ], [ 137.8661387, 35.534722 ], [ 137.8663678, 35.53524 ], [ 137.8665837, 35.5357185 ], [ 137.8666675, 35.5359172 ], [ 137.8667545, 35.5361233 ], [ 137.8668959, 35.5363813 ], [ 137.8669795, 35.5365264 ], [ 137.8671931, 35.5368284 ], [ 137.8673072, 35.5369433 ], [ 137.8675031, 35.5371408 ], [ 137.8677568, 35.5373405 ], [ 137.8682206, 35.5377083 ], [ 137.8691348, 35.538422 ], [ 137.8692418, 35.5385242 ], [ 137.8698845, 35.5390053 ], [ 137.870684, 35.5395314 ], [ 137.8710566, 35.5397872 ], [ 137.8713868, 35.5400042 ], [ 137.8717214, 35.5402419 ], [ 137.8719444, 35.5404224 ], [ 137.8724569, 35.5408069 ], [ 137.8727773, 35.54107 ], [ 137.8730943, 35.5413793 ], [ 137.873392, 35.5416664 ], [ 137.8734592, 35.5417315 ], [ 137.8743818, 35.5426962 ], [ 137.8749638, 35.5433076 ], [ 137.875276, 35.5436401 ], [ 137.8756702, 35.5440488 ], [ 137.8759584, 35.5443345 ], [ 137.8761634, 35.5445148 ], [ 137.8764004, 35.5447233 ], [ 137.8767317, 35.545031 ], [ 137.8774565, 35.5457863 ], [ 137.8778935, 35.5462615 ], [ 137.8785087, 35.5469232 ], [ 137.8792672, 35.5477365 ], [ 137.8795443, 35.5480279 ], [ 137.879894, 35.5482683 ], [ 137.8801034, 35.5483823 ], [ 137.8806062, 35.5485737 ], [ 137.8808675, 35.5486331 ], [ 137.8810606, 35.5486806 ], [ 137.8821001, 35.5489734 ], [ 137.8826531, 35.549149 ], [ 137.8829607, 35.549297 ], [ 137.8831466, 35.5493984 ], [ 137.8832429, 35.54946 ], [ 137.8833591, 35.5495584 ], [ 137.88349, 35.5496701 ], [ 137.8838419, 35.5500094 ], [ 137.8840138, 35.5501592 ], [ 137.8841907, 35.5503133 ], [ 137.8844196, 35.5505707 ], [ 137.8846195, 35.5508006 ], [ 137.8847601, 35.5509567 ], [ 137.8855219, 35.5518029 ], [ 137.8857124, 35.5520047 ], [ 137.8862041, 35.5525779 ], [ 137.8863487, 35.5528017 ], [ 137.8865209, 35.5531228 ], [ 137.8866173, 35.5533762 ], [ 137.8866954, 35.5537251 ], [ 137.8867551, 35.5539787 ], [ 137.8868373, 35.5543165 ], [ 137.8869201, 35.5547951 ], [ 137.8869361, 35.5548749 ], [ 137.8870509, 35.5554703 ], [ 137.8871404, 35.5559323 ], [ 137.8871954, 35.5563151 ], [ 137.8872338, 35.5564718 ], [ 137.8873126, 35.5567262 ], [ 137.8873332, 35.5569118 ], [ 137.8873471, 35.5574578 ], [ 137.8873815, 35.5578967 ], [ 137.8874315, 35.5582856 ], [ 137.8875398, 35.5588031 ], [ 137.8875604, 35.5589273 ], [ 137.8877273, 35.5596159 ], [ 137.8878136, 35.5599525 ], [ 137.8880392, 35.5606934 ], [ 137.888263, 35.5614329 ], [ 137.8883797, 35.5617763 ], [ 137.8885161, 35.5622201 ], [ 137.8887061, 35.5628355 ], [ 137.8888498, 35.5633015 ], [ 137.8889361, 35.5635492 ], [ 137.8891716, 35.5642813 ], [ 137.8893013, 35.5646499 ], [ 137.8893812, 35.5649139 ], [ 137.8894138, 35.5649969 ], [ 137.8895658, 35.5652433 ], [ 137.8899025, 35.5657163 ], [ 137.890238, 35.5661243 ], [ 137.8906641, 35.5665866 ], [ 137.891117, 35.5670199 ], [ 137.8913532, 35.5672362 ], [ 137.8917099, 35.567507 ], [ 137.8918463, 35.5676058 ], [ 137.8918885, 35.5676364 ], [ 137.8919365, 35.5676712 ], [ 137.892059, 35.567757 ], [ 137.8922518, 35.5678744 ], [ 137.8924335, 35.5679901 ], [ 137.8930221, 35.5682845 ], [ 137.8936885, 35.5686556 ], [ 137.8944596, 35.5690781 ], [ 137.895242, 35.56951 ], [ 137.8956485, 35.5697253 ], [ 137.8968007, 35.5703448 ], [ 137.8977374, 35.5708573 ], [ 137.8979072, 35.5709746 ], [ 137.8980304, 35.5710531 ], [ 137.8983668, 35.571327 ], [ 137.8985015, 35.5714256 ], [ 137.8988211, 35.5716871 ], [ 137.8992647, 35.572037 ], [ 137.8996492, 35.5723337 ], [ 137.8999682, 35.5725742 ], [ 137.9000208, 35.5726215 ], [ 137.9003593, 35.5728766 ], [ 137.9004846, 35.5729742 ], [ 137.9010742, 35.5734166 ], [ 137.9011871, 35.573492 ], [ 137.9019579, 35.5738973 ], [ 137.9032709, 35.5745411 ], [ 137.9041022, 35.5749529 ], [ 137.9052917, 35.5755257 ], [ 137.9059578, 35.5758449 ], [ 137.906367, 35.5760438 ], [ 137.907004, 35.5763473 ], [ 137.9076318, 35.5766673 ], [ 137.9083834, 35.5770205 ], [ 137.9091263, 35.5773654 ], [ 137.9094979, 35.577602 ], [ 137.9100147, 35.5779738 ], [ 137.9103724, 35.5782606 ], [ 137.9106064, 35.5784802 ], [ 137.9107995, 35.5786811 ], [ 137.9111308, 35.5790532 ], [ 137.9113122, 35.5792969 ], [ 137.9114113, 35.579554 ], [ 137.9114741, 35.579944 ], [ 137.9114741, 35.5802762 ], [ 137.911426, 35.5805295 ], [ 137.9113916, 35.5806817 ], [ 137.9110866, 35.5816023 ], [ 137.9109868, 35.581922 ], [ 137.9109302, 35.5821509 ], [ 137.9109085, 35.5822995 ], [ 137.9108982, 35.5824403 ], [ 137.9109035, 35.5825834 ], [ 137.9109835, 35.5828228 ], [ 137.9111171, 35.5830365 ], [ 137.9112911, 35.58329 ], [ 137.9115127, 35.5836095 ], [ 137.9117596, 35.5839099 ], [ 137.9118825, 35.5840594 ], [ 137.9122107, 35.5845128 ], [ 137.9123288, 35.5846697 ], [ 137.9124712, 35.5849172 ], [ 137.9126585, 35.585247 ], [ 137.9127963, 35.5855103 ], [ 137.9128952, 35.585784 ], [ 137.9129344, 35.5861145 ], [ 137.9129694, 35.5865426 ], [ 137.9129877, 35.5868981 ], [ 137.9130003, 35.5871622 ], [ 137.9130224, 35.5876268 ], [ 137.9130396, 35.5879437 ], [ 137.9130746, 35.5890462 ], [ 137.9130847, 35.5892901 ], [ 137.9131449, 35.5895567 ], [ 137.9132263, 35.5897143 ], [ 137.9133674, 35.5899487 ], [ 137.9135053, 35.5901738 ], [ 137.9140635, 35.590934 ], [ 137.9141583, 35.5910577 ], [ 137.9142496, 35.5911873 ], [ 137.9147185, 35.5916998 ], [ 137.9152008, 35.5922009 ], [ 137.9154627, 35.592437 ], [ 137.915821, 35.5927243 ], [ 137.9164544, 35.5931829 ], [ 137.9170321, 35.5936004 ], [ 137.9176408, 35.5940531 ], [ 137.9178477, 35.5942615 ], [ 137.9180541, 35.5945259 ], [ 137.9182263, 35.5947793 ], [ 137.918401, 35.5950588 ], [ 137.9184434, 35.5951278 ], [ 137.9187953, 35.5958633 ], [ 137.9192676, 35.596767 ], [ 137.919536, 35.5972398 ], [ 137.9197705, 35.5976226 ], [ 137.9199427, 35.5980109 ], [ 137.9200425, 35.59837 ], [ 137.9201083, 35.598619 ], [ 137.9201702, 35.5990187 ], [ 137.9202049, 35.5994837 ], [ 137.9201895, 35.5997521 ], [ 137.9201799, 35.5998708 ], [ 137.9201661, 35.5999998 ], [ 137.9200735, 35.6003191 ], [ 137.919853, 35.6008709 ], [ 137.9197219, 35.6011187 ], [ 137.9194949, 35.601479 ], [ 137.9193003, 35.6017061 ], [ 137.9189855, 35.6020732 ], [ 137.9187981, 35.6022755 ], [ 137.9181783, 35.602892 ], [ 137.9176496, 35.603452 ], [ 137.9175841, 35.6035373 ], [ 137.9175133, 35.6037228 ], [ 137.917515, 35.603802 ], [ 137.9176072, 35.604043 ], [ 137.9176256, 35.6040855 ], [ 137.918068, 35.6049802 ], [ 137.9181659, 35.6051932 ], [ 137.9182687, 35.6053782 ], [ 137.9183864, 35.6054931 ], [ 137.9185986, 35.6055945 ], [ 137.9187155, 35.6056451 ], [ 137.9190052, 35.6057465 ], [ 137.9193636, 35.605842 ], [ 137.9197219, 35.6059268 ], [ 137.9199838, 35.6060112 ], [ 137.9203139, 35.6061763 ], [ 137.9204183, 35.6062418 ], [ 137.92057, 35.6063598 ], [ 137.9208041, 35.6065965 ], [ 137.9211142, 35.6070527 ], [ 137.9214105, 35.6075818 ], [ 137.9214658, 35.6076718 ], [ 137.921645, 35.6080323 ], [ 137.9217461, 35.6082617 ], [ 137.9218877, 35.6086906 ], [ 137.9219086, 35.6090782 ], [ 137.9218711, 35.609449 ], [ 137.9216961, 35.6098698 ], [ 137.9214586, 35.6101948 ], [ 137.9212383, 35.610464 ], [ 137.920935, 35.6108076 ], [ 137.9207836, 35.6109862 ], [ 137.9204336, 35.6112862 ], [ 137.9201336, 35.6114945 ], [ 137.9200528, 35.6116015 ], [ 137.9199975, 35.6117648 ], [ 137.9199355, 35.6119954 ], [ 137.9199249, 35.6120786 ], [ 137.9199019, 35.6126024 ], [ 137.9198593, 35.6140439 ], [ 137.9198619, 35.61426 ], [ 137.9198458, 35.6156829 ], [ 137.9198646, 35.6159357 ], [ 137.9199828, 35.6166665 ], [ 137.9201623, 35.6175642 ], [ 137.9202901, 35.6183649 ], [ 137.9204587, 35.6193276 ], [ 137.9205764, 35.6200065 ], [ 137.9207005, 35.6206809 ], [ 137.9207903, 35.6211691 ], [ 137.9211239, 35.6229826 ], [ 137.9214731, 35.6248099 ], [ 137.9216031, 35.6254618 ], [ 137.9217027, 35.6260468 ], [ 137.9217339, 35.6261995 ], [ 137.9218167, 35.6264473 ], [ 137.9218925, 35.6266048 ], [ 137.9219958, 35.6267851 ], [ 137.9220563, 35.6268757 ], [ 137.9221796, 35.6270684 ], [ 137.9223178, 35.6272779 ], [ 137.9224515, 35.6274733 ], [ 137.9225359, 35.6276517 ], [ 137.9228781, 35.6282543 ], [ 137.9231331, 35.6286034 ], [ 137.923239, 35.6287224 ], [ 137.92339, 35.6288357 ], [ 137.9234433, 35.6288793 ], [ 137.9235606, 35.628947 ], [ 137.9237467, 35.6290256 ], [ 137.9241878, 35.6291495 ], [ 137.9248525, 35.6293002 ], [ 137.925371, 35.6294135 ], [ 137.9260489, 35.6295604 ], [ 137.9265933, 35.6297068 ], [ 137.9269378, 35.6298307 ], [ 137.9271514, 35.629932 ], [ 137.9274064, 35.6300784 ], [ 137.9275514, 35.6301909 ], [ 137.9276679, 35.6303184 ], [ 137.9278931, 35.6306545 ], [ 137.9280733, 35.6308859 ], [ 137.9284045, 35.6313248 ], [ 137.9290447, 35.6322018 ], [ 137.9300543, 35.6336423 ], [ 137.9304531, 35.6342331 ], [ 137.9305839, 35.6344584 ], [ 137.9306806, 35.6346668 ], [ 137.9307495, 35.634909 ], [ 137.9307909, 35.6351568 ], [ 137.9308184, 35.6355508 ], [ 137.9308114, 35.6357704 ], [ 137.9305289, 35.6369245 ], [ 137.9304461, 35.6372059 ], [ 137.9303708, 35.6374846 ], [ 137.9303014, 35.6377409 ], [ 137.9301662, 35.6385143 ], [ 137.9301666, 35.6386151 ], [ 137.9302117, 35.6388273 ], [ 137.930253, 35.6389341 ], [ 137.9303497, 35.6391315 ], [ 137.9304322, 35.6392665 ], [ 137.9305428, 35.6394176 ], [ 137.9305636, 35.6394424 ], [ 137.9305961, 35.639481 ], [ 137.9306667, 35.6395648 ], [ 137.930777, 35.639672 ], [ 137.9309492, 35.6398126 ], [ 137.9310374, 35.6398684 ], [ 137.9318106, 35.6403643 ], [ 137.9334144, 35.6413596 ], [ 137.933494, 35.6414029 ], [ 137.9337131, 35.6415015 ], [ 137.9339684, 35.6415634 ], [ 137.9341336, 35.6415859 ], [ 137.9344353, 35.6415968 ], [ 137.9347495, 35.641583 ], [ 137.9351341, 35.641519 ], [ 137.9358337, 35.6413551 ], [ 137.9363628, 35.6412029 ], [ 137.9382611, 35.6405995 ], [ 137.9392984, 35.6402782 ], [ 137.9395189, 35.6402365 ], [ 137.9398475, 35.6402406 ], [ 137.9400475, 35.6402632 ], [ 137.9404956, 35.6403756 ], [ 137.9406195, 35.6404206 ], [ 137.9408539, 35.6405501 ], [ 137.9409902, 35.6406617 ], [ 137.9411439, 35.6408279 ], [ 137.9412731, 35.6410195 ], [ 137.9414189, 35.6412279 ], [ 137.9415522, 35.6414154 ], [ 137.9416106, 35.6415195 ], [ 137.9416606, 35.6415988 ], [ 137.9417024, 35.6416473 ], [ 137.9417647, 35.6417195 ], [ 137.9418772, 35.641807 ], [ 137.94199, 35.641878 ], [ 137.942169, 35.6419988 ], [ 137.9423439, 35.6421445 ], [ 137.942502, 35.6423195 ], [ 137.9426436, 35.6424736 ], [ 137.9427645, 35.642657 ], [ 137.9428601, 35.6428188 ], [ 137.9429272, 35.6429524 ], [ 137.9429398, 35.6429774 ], [ 137.9429895, 35.6430734 ], [ 137.9431436, 35.6434359 ], [ 137.9433853, 35.6439943 ], [ 137.9434936, 35.6441526 ], [ 137.9436019, 35.6442567 ], [ 137.9437394, 35.6443734 ], [ 137.9438978, 35.6445109 ], [ 137.9440853, 35.6446901 ], [ 137.9442561, 35.6448818 ], [ 137.9443811, 35.6450773 ], [ 137.9444945, 35.6453204 ], [ 137.9445206, 35.645534 ], [ 137.9445267, 35.645719 ], [ 137.9445017, 35.6460273 ], [ 137.9444393, 35.6464186 ], [ 137.944385, 35.6466815 ], [ 137.9442975, 35.6469523 ], [ 137.9442434, 35.6470898 ], [ 137.9440975, 35.6473062 ], [ 137.943935, 35.647552 ], [ 137.9437943, 35.6477136 ], [ 137.9428453, 35.6486954 ], [ 137.9426414, 35.6489645 ], [ 137.9424764, 35.6492468 ], [ 137.942342, 35.6495245 ], [ 137.9423027, 35.6497072 ], [ 137.9422569, 35.6499578 ], [ 137.9421561, 35.6508754 ], [ 137.9421295, 35.651299 ], [ 137.9419989, 35.6519534 ], [ 137.941939, 35.6521997 ], [ 137.9418502, 35.6525065 ], [ 137.9417308, 35.6528434 ], [ 137.9417067, 35.6528956 ], [ 137.9415831, 35.653157 ], [ 137.9412462, 35.6537679 ], [ 137.9408012, 35.6545848 ], [ 137.9404644, 35.6552316 ], [ 137.9401014, 35.655905 ], [ 137.9398245, 35.656432 ], [ 137.9397725, 35.6566318 ], [ 137.9397117, 35.6569268 ], [ 137.9396942, 35.6571306 ], [ 137.9397023, 35.6572993 ], [ 137.9397639, 35.657772 ], [ 137.9398673, 35.6582281 ], [ 137.9399431, 35.6586337 ], [ 137.9400881, 35.6592418 ], [ 137.9402464, 35.6597595 ], [ 137.9403873, 35.6601365 ], [ 137.9404603, 35.660362 ], [ 137.940777, 35.6613134 ], [ 137.9409519, 35.6620224 ], [ 137.9411838, 35.662592 ], [ 137.9412465, 35.6628166 ], [ 137.9415025, 35.6637775 ], [ 137.9415983, 35.6643317 ], [ 137.9417267, 35.6654169 ], [ 137.941779, 35.6663091 ], [ 137.9417362, 35.6683481 ], [ 137.9416744, 35.6695028 ], [ 137.9416126, 35.6703138 ], [ 137.9415172, 35.6714754 ], [ 137.9413651, 35.6723636 ], [ 137.9410704, 35.6739237 ], [ 137.9406711, 35.6759703 ], [ 137.9404144, 35.6774067 ], [ 137.9402147, 35.6786841 ], [ 137.9400835, 35.6802919 ], [ 137.9400379, 35.6825067 ], [ 137.9399923, 35.6839384 ], [ 137.9399181, 35.6860705 ], [ 137.9398421, 35.6878581 ], [ 137.9397137, 35.6903947 ], [ 137.9395331, 35.692549 ], [ 137.9394, 35.6934061 ], [ 137.9391148, 35.6956529 ], [ 137.9388486, 35.6971045 ], [ 137.9384017, 35.6992586 ], [ 137.9380309, 35.7006792 ], [ 137.9376602, 35.7024394 ], [ 137.9374795, 35.7039835 ], [ 137.9373654, 35.706176 ], [ 137.9372609, 35.7089861 ], [ 137.9372609, 35.7108928 ], [ 137.93747, 35.7127764 ], [ 137.9378123, 35.7147757 ], [ 137.9382591, 35.7184268 ], [ 137.9404881, 35.7350306 ], [ 137.9407689, 35.7380766 ], [ 137.9409856, 35.740262 ], [ 137.9412252, 35.7420724 ], [ 137.9416932, 35.7447964 ], [ 137.9418441, 35.7456858 ], [ 137.941827, 35.7461303 ], [ 137.941827, 35.7463155 ], [ 137.941829, 35.7465733 ], [ 137.9417463, 35.74681 ], [ 137.9416679, 35.7469647 ], [ 137.9416115, 35.7470724 ], [ 137.9414151, 35.7472603 ], [ 137.9413046, 35.7473842 ], [ 137.9412496, 35.7474744 ], [ 137.941193, 35.7475629 ], [ 137.9411452, 35.7476441 ], [ 137.9410917, 35.7477578 ], [ 137.9410464, 35.7478936 ], [ 137.940995, 35.7480837 ], [ 137.9408857, 35.7484875 ], [ 137.9408497, 35.7486003 ], [ 137.9404413, 35.7499997 ], [ 137.9404015, 35.7501364 ], [ 137.9403801, 35.7502261 ], [ 137.9402467, 35.7507944 ], [ 137.9402234, 35.750883 ], [ 137.9401011, 35.7513128 ], [ 137.9400478, 35.7515702 ], [ 137.9400332, 35.7516495 ], [ 137.9400004, 35.7518656 ], [ 137.9399852, 35.7521969 ], [ 137.9399982, 35.75226 ], [ 137.9400213, 35.7524006 ], [ 137.9400488, 35.7526031 ], [ 137.9401246, 35.7527833 ], [ 137.9402199, 35.7529103 ], [ 137.9403357, 35.75306 ], [ 137.940476, 35.7531886 ], [ 137.9406798, 35.7533703 ], [ 137.9409222, 35.7535682 ], [ 137.9414404, 35.7539278 ], [ 137.941706, 35.7541725 ], [ 137.9420927, 35.7545608 ], [ 137.9423572, 35.7549174 ], [ 137.9425742, 35.7552681 ], [ 137.9429548, 35.7559306 ], [ 137.9431585, 35.7563264 ], [ 137.9435009, 35.756995 ], [ 137.9435974, 35.7571747 ], [ 137.9437539, 35.7574829 ], [ 137.9441941, 35.7583331 ], [ 137.9442532, 35.7584472 ], [ 137.944386, 35.7587355 ], [ 137.9445918, 35.7592581 ], [ 137.9446193, 35.7593989 ], [ 137.9446193, 35.7597116 ], [ 137.9446134, 35.7598015 ], [ 137.944571, 35.760142 ], [ 137.9444891, 35.7608178 ], [ 137.9444274, 35.7612854 ], [ 137.9444191, 35.7614145 ], [ 137.9443568, 35.7619156 ], [ 137.9442877, 35.7626078 ], [ 137.9442477, 35.7628521 ], [ 137.9442206, 35.7630371 ], [ 137.944191, 35.7632667 ], [ 137.9441149, 35.7639367 ], [ 137.9440751, 35.7642752 ], [ 137.9440575, 35.7644122 ], [ 137.943956, 35.7651358 ], [ 137.9439233, 35.7653093 ], [ 137.9438352, 35.7657519 ], [ 137.9438142, 35.765916 ], [ 137.9437375, 35.7666664 ], [ 137.9437213, 35.7668247 ], [ 137.9436961, 35.7669768 ], [ 137.9436722, 35.7672269 ], [ 137.9436382, 35.7673764 ], [ 137.9435969, 35.7677761 ], [ 137.9435805, 35.7679351 ], [ 137.943576, 35.7680252 ], [ 137.943576, 35.7685364 ], [ 137.9436038, 35.7689697 ], [ 137.9436634, 35.7695274 ], [ 137.9436773, 35.7696331 ], [ 137.9436869, 35.7697063 ], [ 137.9437419, 35.7700564 ], [ 137.9440934, 35.7712589 ], [ 137.9441456, 35.7714395 ], [ 137.9442794, 35.7719032 ], [ 137.944476, 35.7726125 ], [ 137.9446258, 35.7731528 ], [ 137.944812, 35.7738074 ], [ 137.9448677, 35.7740197 ], [ 137.9449919, 35.7744589 ], [ 137.9451457, 35.7749997 ], [ 137.9452447, 35.7753478 ], [ 137.9455032, 35.7762663 ], [ 137.945547, 35.7764024 ], [ 137.9456688, 35.7767333 ], [ 137.9457724, 35.7769475 ], [ 137.9459787, 35.7772009 ], [ 137.9461823, 35.7773832 ], [ 137.9471469, 35.7781692 ], [ 137.9478308, 35.7787153 ], [ 137.9482016, 35.779001 ], [ 137.9483349, 35.7790942 ], [ 137.9490047, 35.7795711 ], [ 137.9491566, 35.779695 ], [ 137.9492258, 35.7797795 ], [ 137.9493086, 35.7799261 ], [ 137.9494952, 35.7803687 ], [ 137.9494952, 35.7807817 ], [ 137.9494434, 35.7810543 ], [ 137.9493966, 35.7811928 ], [ 137.9490047, 35.7823411 ], [ 137.9489319, 35.7825818 ], [ 137.9487185, 35.783333 ], [ 137.9486869, 35.7834444 ], [ 137.9485833, 35.7838839 ], [ 137.9484313, 35.7845594 ], [ 137.948406, 35.784741 ], [ 137.9482568, 35.7853853 ], [ 137.9479736, 35.7866859 ], [ 137.9475907, 35.7884256 ], [ 137.9469828, 35.7911575 ], [ 137.9468705, 35.7916664 ], [ 137.9467278, 35.7923136 ], [ 137.9466927, 35.7933944 ], [ 137.9466546, 35.79376 ], [ 137.946575, 35.7948981 ], [ 137.9463798, 35.7975892 ], [ 137.9463383, 35.7983022 ], [ 137.9462391, 35.7998391 ], [ 137.9461744, 35.7999831 ], [ 137.946138, 35.8000642 ], [ 137.9459792, 35.8004472 ], [ 137.9457306, 35.8010158 ], [ 137.9456269, 35.8012411 ], [ 137.9454472, 35.8016748 ], [ 137.9454058, 35.8018094 ], [ 137.94533, 35.8020911 ], [ 137.9452335, 35.8026419 ], [ 137.9451433, 35.8032059 ], [ 137.945095, 35.8035155 ], [ 137.9450423, 35.8040514 ], [ 137.9450064, 35.8044158 ], [ 137.9449156, 35.8052664 ], [ 137.9448878, 35.8054633 ], [ 137.94473, 35.8059233 ], [ 137.9446095, 35.8062404 ], [ 137.9444102, 35.8068842 ], [ 137.9442864, 35.8074893 ], [ 137.9441575, 35.8080984 ], [ 137.9440741, 35.8083104 ], [ 137.9439742, 35.8084557 ], [ 137.9439242, 35.8085875 ], [ 137.9439233, 35.8088122 ], [ 137.9439128, 35.8097341 ], [ 137.9438947, 35.8104891 ], [ 137.9439089, 35.8107964 ], [ 137.9439679, 35.8118041 ], [ 137.9441142, 35.8130411 ], [ 137.944197, 35.813627 ], [ 137.9443006, 35.8142119 ], [ 137.9443545, 35.814431 ], [ 137.9445492, 35.8152255 ], [ 137.9448511, 35.8162461 ], [ 137.9449912, 35.8167511 ], [ 137.9450878, 35.8170778 ], [ 137.9454748, 35.8181927 ], [ 137.9457015, 35.8187647 ], [ 137.9457995, 35.8190089 ], [ 137.9462359, 35.819962 ], [ 137.9464898, 35.8204333 ], [ 137.9467939, 35.8209341 ], [ 137.9474639, 35.8219702 ], [ 137.9475262, 35.8220491 ], [ 137.9477887, 35.8224658 ], [ 137.9480923, 35.8229327 ], [ 137.9483614, 35.8233719 ], [ 137.948852, 35.8241827 ], [ 137.9493148, 35.8249147 ], [ 137.9493909, 35.8250608 ], [ 137.9496838, 35.8257677 ], [ 137.9500015, 35.8265402 ], [ 137.9500792, 35.8267301 ], [ 137.950254, 35.8271664 ], [ 137.950731, 35.8283003 ], [ 137.9509478, 35.8287883 ], [ 137.9510171, 35.8289477 ], [ 137.9514837, 35.8297055 ], [ 137.9524597, 35.8312453 ], [ 137.9526921, 35.8316706 ], [ 137.9532385, 35.8328387 ], [ 137.953474, 35.833333 ], [ 137.9535968, 35.8335905 ], [ 137.9537352, 35.8338548 ], [ 137.9537812, 35.8339208 ], [ 137.9539871, 35.8341708 ], [ 137.9542024, 35.8343463 ], [ 137.9543982, 35.8344861 ], [ 137.954979, 35.8347413 ], [ 137.9556137, 35.8349077 ], [ 137.9565254, 35.8351725 ], [ 137.9574095, 35.8354369 ], [ 137.9585291, 35.8357589 ], [ 137.9592036, 35.8359679 ], [ 137.9592543, 35.8359866 ], [ 137.9597093, 35.8361801 ], [ 137.9599706, 35.8362983 ], [ 137.9600815, 35.8363867 ], [ 137.9601615, 35.8364627 ], [ 137.9602634, 35.836529 ], [ 137.9604001, 35.8365947 ], [ 137.9604722, 35.8366474 ], [ 137.9605901, 35.8367433 ], [ 137.9608321, 35.8369852 ], [ 137.9609565, 35.8371202 ], [ 137.961344, 35.8375264 ], [ 137.9616201, 35.8378355 ], [ 137.9619015, 35.8381608 ], [ 137.9621526, 35.8385222 ], [ 137.9622354, 35.8387305 ], [ 137.962284, 35.8389389 ], [ 137.9623115, 35.839161 ], [ 137.9623115, 35.8393722 ], [ 137.9622384, 35.8398694 ], [ 137.9621914, 35.8400156 ], [ 137.9621251, 35.8406086 ], [ 137.962104, 35.8408982 ], [ 137.9621464, 35.8411116 ], [ 137.9621645, 35.8412028 ], [ 137.9622147, 35.8413843 ], [ 137.9623046, 35.8415736 ], [ 137.9623761, 35.8416664 ], [ 137.9625259, 35.8418607 ], [ 137.9628437, 35.8421591 ], [ 137.9631551, 35.842361 ], [ 137.9637612, 35.8427358 ], [ 137.9646409, 35.8432746 ], [ 137.9650851, 35.8435513 ], [ 137.9655613, 35.8438347 ], [ 137.965736, 35.8440124 ], [ 137.9663805, 35.844872 ], [ 137.9668079, 35.8454422 ], [ 137.9670685, 35.8457905 ], [ 137.9675932, 35.8464698 ], [ 137.9681385, 35.8471824 ], [ 137.9684996, 35.8476652 ], [ 137.9692322, 35.8486432 ], [ 137.9698999, 35.8495115 ], [ 137.9702071, 35.849923 ], [ 137.9708024, 35.8507136 ], [ 137.9708988, 35.8508461 ], [ 137.9712029, 35.8512572 ], [ 137.9715415, 35.8517019 ], [ 137.9718596, 35.8521299 ], [ 137.9720049, 35.8523383 ], [ 137.9720735, 35.852455 ], [ 137.9721568, 35.8525972 ], [ 137.9722538, 35.8528336 ], [ 137.9722855, 35.8529759 ], [ 137.9722967, 35.8530655 ], [ 137.9723021, 35.8532275 ], [ 137.9722393, 35.8536044 ], [ 137.9722042, 35.8537123 ], [ 137.9721707, 35.8537899 ], [ 137.9719489, 35.8541225 ], [ 137.9718058, 35.8543025 ], [ 137.9717364, 35.8543898 ], [ 137.9711336, 35.8551415 ], [ 137.9709468, 35.8554177 ], [ 137.9706979, 35.8558455 ], [ 137.9705874, 35.8560538 ], [ 137.9704074, 35.8565099 ], [ 137.9702194, 35.8571019 ], [ 137.9701967, 35.8572027 ], [ 137.970276, 35.8575852 ], [ 137.9703886, 35.8581279 ], [ 137.9704606, 35.858333 ], [ 137.970933, 35.859471 ], [ 137.971116, 35.8598703 ], [ 137.9714099, 35.8605241 ], [ 137.9715066, 35.8607324 ], [ 137.9715552, 35.8608169 ], [ 137.9716588, 35.8610024 ], [ 137.9717507, 35.861153 ], [ 137.9718249, 35.8612838 ], [ 137.9719605, 35.8614704 ], [ 137.9721508, 35.8616765 ], [ 137.9727121, 35.8623641 ], [ 137.9728874, 35.8626552 ], [ 137.9731938, 35.8631983 ], [ 137.9734149, 35.8636427 ], [ 137.9736085, 35.8641102 ], [ 137.973703, 35.8643243 ], [ 137.9739864, 35.8648758 ], [ 137.9743872, 35.8657046 ], [ 137.9747488, 35.8664173 ], [ 137.9749775, 35.8669314 ], [ 137.9752646, 35.8675358 ], [ 137.9755111, 35.8680338 ], [ 137.9755646, 35.8681536 ], [ 137.975778, 35.8686052 ], [ 137.9759343, 35.8688001 ], [ 137.976153, 35.8690252 ], [ 137.9762635, 35.8691208 ], [ 137.9765328, 35.8692992 ], [ 137.9770449, 35.8695995 ], [ 137.9772313, 35.8696897 ], [ 137.9774872, 35.8698697 ], [ 137.9776764, 35.8700008 ], [ 137.9778863, 35.8702329 ], [ 137.9780233, 35.8705252 ], [ 137.9784798, 35.8714003 ], [ 137.9788219, 35.8720936 ], [ 137.9790774, 35.872651 ], [ 137.9793263, 35.8732141 ], [ 137.9794495, 35.873509 ], [ 137.9797358, 35.8741969 ], [ 137.9801538, 35.8752134 ], [ 137.9804397, 35.875843 ], [ 137.9805623, 35.876118 ], [ 137.9810064, 35.8772058 ], [ 137.9810442, 35.8773155 ], [ 137.9811169, 35.8775266 ], [ 137.9811649, 35.8777209 ], [ 137.9812139, 35.8779208 ], [ 137.9812404, 35.8782382 ], [ 137.9812159, 35.8788602 ], [ 137.9812069, 35.8790972 ], [ 137.9811725, 35.8795813 ], [ 137.9811376, 35.8799683 ], [ 137.9811286, 35.8802952 ], [ 137.9811033, 35.8805495 ], [ 137.9811033, 35.8810902 ], [ 137.9811516, 35.8813435 ], [ 137.9814545, 35.8820357 ], [ 137.9815937, 35.8823736 ], [ 137.9819541, 35.8832139 ], [ 137.9822164, 35.8838433 ], [ 137.9822647, 35.8839786 ], [ 137.9826634, 35.8852734 ], [ 137.9827758, 35.8856623 ], [ 137.982801, 35.8857509 ], [ 137.9828731, 35.8860094 ], [ 137.9831844, 35.8871033 ], [ 137.983335, 35.8876087 ], [ 137.9834702, 35.8880626 ], [ 137.9838964, 35.8894904 ], [ 137.9840208, 35.8898733 ], [ 137.9844356, 35.8912805 ], [ 137.9845373, 35.891534 ], [ 137.984731, 35.8920187 ], [ 137.985307, 35.8934594 ], [ 137.9853345, 35.8935494 ], [ 137.9853345, 35.8937002 ], [ 137.9853148, 35.8939473 ], [ 137.9852656, 35.8944841 ], [ 137.9851895, 35.8954355 ], [ 137.9851477, 35.8959044 ], [ 137.9851134, 35.8963418 ], [ 137.9851475, 35.8965447 ], [ 137.985227, 35.8969972 ], [ 137.9852387, 35.8970642 ], [ 137.9853411, 35.8976932 ], [ 137.9854036, 35.8980726 ], [ 137.9854606, 35.898444 ], [ 137.9856156, 35.8994557 ], [ 137.9856592, 35.8997088 ], [ 137.9856971, 35.8999996 ], [ 137.9857452, 35.9003651 ], [ 137.9857505, 35.9004106 ], [ 137.9858024, 35.9009968 ], [ 137.9858462, 35.9014313 ], [ 137.9858945, 35.901899 ], [ 137.9859544, 35.902489 ], [ 137.9859842, 35.9027321 ], [ 137.9860376, 35.9033313 ], [ 137.9861365, 35.904331 ], [ 137.9861365, 35.9046744 ], [ 137.9861241, 35.9047748 ], [ 137.9860868, 35.9049516 ], [ 137.9860181, 35.905315 ], [ 137.9858354, 35.906266 ], [ 137.9857261, 35.9068117 ], [ 137.9856662, 35.9070727 ], [ 137.9856178, 35.907326 ], [ 137.9855488, 35.9075819 ], [ 137.9854726, 35.9079285 ], [ 137.9854726, 35.9081874 ], [ 137.9856106, 35.9085927 ], [ 137.9857826, 35.9090503 ], [ 137.9862017, 35.9101966 ], [ 137.9863724, 35.9106765 ], [ 137.9863724, 35.9108201 ], [ 137.9863614, 35.9109858 ], [ 137.9863116, 35.9111339 ], [ 137.9861709, 35.911571 ], [ 137.9860326, 35.9118977 ], [ 137.9858941, 35.9121288 ], [ 137.9857419, 35.9124104 ], [ 137.9856547, 35.9125983 ], [ 137.9855678, 35.9128149 ], [ 137.9855415, 35.9129054 ], [ 137.9855345, 35.9130857 ], [ 137.9855693, 35.9132318 ], [ 137.9857392, 35.9138658 ], [ 137.9858105, 35.9140621 ], [ 137.9859625, 35.9143661 ], [ 137.9860317, 35.9145972 ], [ 137.9860594, 35.9147267 ], [ 137.9860664, 35.9148653 ], [ 137.9860664, 35.9150195 ], [ 137.9861154, 35.9154391 ], [ 137.986089, 35.9155139 ], [ 137.9858311, 35.9161225 ], [ 137.9855276, 35.9168632 ], [ 137.9852007, 35.9176622 ], [ 137.9849776, 35.9182514 ], [ 137.9848698, 35.9185565 ], [ 137.9846502, 35.9193959 ], [ 137.9845454, 35.919836 ], [ 137.9844936, 35.9200585 ], [ 137.9844498, 35.9201514 ], [ 137.9843668, 35.9204779 ], [ 137.9842835, 35.9210407 ], [ 137.9842375, 35.9212508 ], [ 137.9841825, 35.9218441 ], [ 137.9841379, 35.9223018 ], [ 137.9841104, 35.9225555 ], [ 137.9840065, 35.9229721 ], [ 137.9839373, 35.9231125 ], [ 137.9837987, 35.9233377 ], [ 137.9833652, 35.9238202 ], [ 137.9833351, 35.9238501 ], [ 137.9832104, 35.9239741 ], [ 137.9830443, 35.924126 ], [ 137.9828021, 35.9243513 ], [ 137.9826774, 35.9244527 ], [ 137.9825601, 35.9245652 ], [ 137.9823245, 35.9248075 ], [ 137.9821697, 35.9249996 ], [ 137.9820615, 35.9251338 ], [ 137.9818332, 35.9254716 ], [ 137.9817119, 35.925663 ], [ 137.9807671, 35.9270704 ], [ 137.980684, 35.9271774 ], [ 137.9795919, 35.9288063 ], [ 137.9793673, 35.9291804 ], [ 137.9792883, 35.9293962 ], [ 137.979189, 35.9298121 ], [ 137.9791541, 35.929965 ], [ 137.9789287, 35.9310768 ], [ 137.9788726, 35.9313609 ], [ 137.9788472, 35.9315435 ], [ 137.9788089, 35.9317675 ], [ 137.9787874, 35.9318613 ], [ 137.9786422, 35.9324075 ], [ 137.978502, 35.9327806 ], [ 137.9784682, 35.932871 ], [ 137.9782957, 35.9333329 ], [ 137.9781577, 35.9337026 ], [ 137.9781152, 35.9338108 ], [ 137.9778246, 35.9345157 ], [ 137.9777481, 35.9350196 ], [ 137.977718, 35.9352263 ], [ 137.9777161, 35.9353223 ], [ 137.9777144, 35.9359 ], [ 137.9777913, 35.9367466 ], [ 137.9778943, 35.9379306 ], [ 137.9779243, 35.9380438 ], [ 137.9779589, 35.9381001 ], [ 137.9780893, 35.9382316 ], [ 137.978426, 35.9384045 ], [ 137.9783807, 35.9384588 ], [ 137.9782819, 35.9386455 ], [ 137.9782105, 35.9387937 ], [ 137.9781632, 35.9389846 ], [ 137.9781565, 35.9391982 ], [ 137.9781791, 35.9394218 ], [ 137.9782245, 35.9396391 ], [ 137.9782939, 35.939957 ], [ 137.9783205, 35.9401632 ], [ 137.9783274, 35.940366 ], [ 137.9783428, 35.9409344 ], [ 137.9783311, 35.9410515 ], [ 137.9783338, 35.9414811 ], [ 137.9783521, 35.941698 ], [ 137.9783613, 35.9418075 ], [ 137.9784992, 35.9424417 ], [ 137.9786764, 35.9431246 ], [ 137.9787151, 35.9432938 ], [ 137.9788251, 35.9438046 ], [ 137.9788813, 35.9441415 ], [ 137.9789115, 35.9443013 ], [ 137.9790722, 35.9450453 ], [ 137.979122, 35.9453904 ], [ 137.979125, 35.9462002 ], [ 137.9793028, 35.9473437 ], [ 137.9794337, 35.9482684 ], [ 137.979566, 35.9492689 ], [ 137.9796174, 35.9498268 ], [ 137.9796382, 35.9500574 ], [ 137.9796797, 35.9503224 ], [ 137.9798533, 35.9510038 ], [ 137.9800327, 35.9516396 ], [ 137.980088, 35.9520168 ], [ 137.9801472, 35.9526396 ], [ 137.9802889, 35.9532443 ], [ 137.9804349, 35.9537706 ], [ 137.9804688, 35.9539085 ], [ 137.9805033, 35.9539985 ], [ 137.9807455, 35.9548318 ], [ 137.9809088, 35.9553051 ], [ 137.9809738, 35.9555751 ], [ 137.9810291, 35.955744 ], [ 137.9810582, 35.9558381 ], [ 137.9811524, 35.9563325 ], [ 137.9812966, 35.9570213 ], [ 137.981327, 35.9573845 ], [ 137.9813042, 35.9577539 ], [ 137.9813422, 35.958191 ], [ 137.9812436, 35.9585169 ], [ 137.9810169, 35.9592663 ], [ 137.9808402, 35.9598902 ], [ 137.9806881, 35.9602842 ], [ 137.9808022, 35.9613184 ], [ 137.9809315, 35.9618971 ], [ 137.9808783, 35.9625743 ], [ 137.980749, 35.9631838 ], [ 137.9806729, 35.9635777 ], [ 137.9807109, 35.964181 ], [ 137.9809114, 35.9647801 ], [ 137.9810088, 35.9649621 ], [ 137.9810521, 35.9650455 ], [ 137.9815097, 35.9659496 ], [ 137.981665, 35.9662872 ], [ 137.9818323, 35.9666662 ], [ 137.9818594, 35.9667277 ], [ 137.9820117, 35.967139 ], [ 137.9820714, 35.967366 ], [ 137.9821619, 35.9677484 ], [ 137.9822491, 35.9680884 ], [ 137.9824061, 35.9686476 ], [ 137.9825794, 35.9693017 ], [ 137.9826597, 35.9696552 ], [ 137.9828558, 35.9703855 ], [ 137.9830014, 35.9709279 ], [ 137.9833353, 35.9718852 ], [ 137.9834537, 35.972225 ], [ 137.9836794, 35.972903 ], [ 137.9838411, 35.9734257 ], [ 137.9839381, 35.9737821 ], [ 137.9839911, 35.9741765 ], [ 137.9840685, 35.9749996 ], [ 137.9841022, 35.9753466 ], [ 137.9841639, 35.976071 ], [ 137.9841639, 35.9772726 ], [ 137.9841087, 35.9778471 ], [ 137.9840878, 35.9781229 ], [ 137.9840531, 35.9785226 ], [ 137.9840117, 35.9790521 ], [ 137.9839701, 35.9795923 ], [ 137.9838456, 35.9807971 ], [ 137.9838207, 35.9810066 ], [ 137.9837967, 35.9811416 ], [ 137.9837559, 35.9813223 ], [ 137.9834856, 35.9820187 ], [ 137.9833353, 35.9823411 ], [ 137.9832734, 35.982467 ], [ 137.9832513, 35.9825083 ], [ 137.9827752, 35.9833329 ], [ 137.982368, 35.9840012 ], [ 137.9817923, 35.9849717 ], [ 137.981462, 35.9855387 ], [ 137.9813865, 35.9857129 ], [ 137.9813268, 35.9858923 ], [ 137.9812973, 35.9860698 ], [ 137.9811942, 35.9865059 ], [ 137.9809346, 35.9873328 ], [ 137.9807929, 35.9877218 ], [ 137.9807237, 35.9879751 ], [ 137.9806981, 35.9881101 ], [ 137.9806406, 35.9883579 ], [ 137.9805506, 35.9885946 ], [ 137.9804815, 35.9887126 ], [ 137.9803134, 35.9889334 ], [ 137.9800384, 35.9893265 ], [ 137.9792386, 35.9905442 ], [ 137.9783307, 35.9918788 ], [ 137.9781073, 35.9923134 ], [ 137.9778506, 35.9927019 ], [ 137.9775701, 35.9930211 ], [ 137.977129, 35.9934457 ], [ 137.976762, 35.9940365 ], [ 137.9763489, 35.9971129 ], [ 137.9762865, 35.9975626 ], [ 137.9762034, 35.9984298 ], [ 137.9761245, 35.9992728 ], [ 137.9760487, 35.9999995 ], [ 137.975989, 36.0005579 ], [ 137.975906, 36.0014418 ], [ 137.9758021, 36.0024382 ], [ 137.9757471, 36.0031587 ], [ 137.9757035, 36.0034176 ], [ 137.9753432, 36.0049493 ], [ 137.9752323, 36.0052811 ], [ 137.9750013, 36.0058557 ], [ 137.9749541, 36.0059532 ], [ 137.9746988, 36.0064351 ], [ 137.9745396, 36.0066662 ], [ 137.974479, 36.0067432 ], [ 137.9743593, 36.0069026 ], [ 137.9737686, 36.0075458 ], [ 137.9735277, 36.0077917 ], [ 137.9733476, 36.007989 ], [ 137.9732229, 36.0081523 ], [ 137.9731891, 36.0082129 ], [ 137.9730913, 36.0083887 ], [ 137.9730288, 36.0085576 ], [ 137.9729388, 36.0089404 ], [ 137.9729099, 36.0091306 ], [ 137.9727518, 36.0101731 ], [ 137.9726546, 36.0107812 ], [ 137.9725924, 36.0110626 ], [ 137.9723929, 36.0117604 ], [ 137.972329, 36.0119465 ], [ 137.9722043, 36.0122109 ], [ 137.9718093, 36.0128809 ], [ 137.9715166, 36.0133584 ], [ 137.9712321, 36.0137902 ], [ 137.9709085, 36.014277 ], [ 137.970706, 36.0148498 ], [ 137.970696, 36.0151709 ], [ 137.9707427, 36.0160334 ], [ 137.9708313, 36.0166662 ], [ 137.9709082, 36.0173056 ], [ 137.9710121, 36.0180431 ], [ 137.9710882, 36.0185948 ], [ 137.971116, 36.0193603 ], [ 137.9711021, 36.0198331 ], [ 137.9709291, 36.0211337 ], [ 137.9708917, 36.0213988 ], [ 137.9708477, 36.0217098 ], [ 137.9707141, 36.0223703 ], [ 137.9706396, 36.0229967 ], [ 137.9705755, 36.0235076 ], [ 137.9704785, 36.0240667 ], [ 137.9703677, 36.0247534 ], [ 137.9703396, 36.0249995 ], [ 137.970333, 36.0250573 ], [ 137.970333, 36.0254684 ], [ 137.9703816, 36.0259301 ], [ 137.9705202, 36.0267292 ], [ 137.9706336, 36.0273788 ], [ 137.9708374, 36.0285364 ], [ 137.9708849, 36.0288873 ], [ 137.970963, 36.0293116 ], [ 137.971028, 36.0301034 ], [ 137.9710888, 36.0311428 ], [ 137.9710888, 36.0318567 ], [ 137.9710974, 36.0325668 ], [ 137.9710758, 36.0329754 ], [ 137.9710434, 36.0333328 ], [ 137.9710108, 36.0336345 ], [ 137.9709025, 36.0343517 ], [ 137.9707766, 36.035019 ], [ 137.9706202, 36.0356987 ], [ 137.9704558, 36.0362578 ], [ 137.9703188, 36.0367553 ], [ 137.9701941, 36.0370087 ], [ 137.9701041, 36.0371042 ], [ 137.9698478, 36.0373239 ], [ 137.9694052, 36.0376307 ], [ 137.969049, 36.0378759 ], [ 137.9688569, 36.038005 ], [ 137.9687461, 36.0380895 ], [ 137.9685866, 36.0382356 ], [ 137.968448, 36.0384159 ], [ 137.9683577, 36.0385917 ], [ 137.9683302, 36.03881 ], [ 137.9683025, 36.0393167 ], [ 137.9683094, 36.0398422 ], [ 137.968358, 36.0407013 ], [ 137.9683858, 36.0409042 ], [ 137.9684272, 36.041107 ], [ 137.9685589, 36.0414165 ], [ 137.9686379, 36.0415766 ], [ 137.9690783, 36.0424692 ], [ 137.9692677, 36.0428687 ], [ 137.9693486, 36.0430378 ], [ 137.9694872, 36.0434037 ], [ 137.9696397, 36.0440789 ], [ 137.969698, 36.0444473 ], [ 137.969903, 36.0451939 ], [ 137.9700208, 36.0456836 ], [ 137.9702286, 36.0465112 ], [ 137.970268, 36.0467348 ], [ 137.9703394, 36.0470514 ], [ 137.9703672, 36.0472767 ], [ 137.9703669, 36.0476709 ], [ 137.9703577, 36.0477122 ], [ 137.9703322, 36.0479131 ], [ 137.9701869, 36.0483912 ], [ 137.9700187, 36.0488667 ], [ 137.9699612, 36.0490298 ], [ 137.9698788, 36.0493067 ], [ 137.9697389, 36.0497081 ], [ 137.9697055, 36.0498283 ], [ 137.9697613, 36.0505567 ], [ 137.969778, 36.0509639 ], [ 137.9698333, 36.0512737 ], [ 137.9698333, 36.051527 ], [ 137.9698617, 36.0521757 ], [ 137.9698403, 36.0526642 ], [ 137.9696878, 36.0535423 ], [ 137.9696802, 36.0536709 ], [ 137.9697364, 36.0538067 ], [ 137.9700895, 36.0543019 ], [ 137.9703072, 36.0545935 ], [ 137.9704778, 36.0548709 ], [ 137.9705818, 36.0551659 ], [ 137.9707411, 36.0558448 ], [ 137.970852, 36.0562673 ], [ 137.9708854, 36.0563929 ], [ 137.9709765, 36.0567911 ], [ 137.971122, 36.0573534 ], [ 137.9711848, 36.0575969 ], [ 137.9713754, 36.0583328 ], [ 137.9714139, 36.0584814 ], [ 137.9714686, 36.0586823 ], [ 137.9716624, 36.0594641 ], [ 137.9716819, 36.0595328 ], [ 137.9718482, 36.0601306 ], [ 137.9720219, 36.060499 ], [ 137.9722803, 36.0610318 ], [ 137.9726947, 36.0618348 ], [ 137.973145, 36.0627128 ], [ 137.9734431, 36.0633153 ], [ 137.9738172, 36.0640978 ], [ 137.9739843, 36.0644898 ], [ 137.9742437, 36.0651006 ], [ 137.9743925, 36.0654209 ], [ 137.9749143, 36.0666417 ], [ 137.9750022, 36.0668522 ], [ 137.9750297, 36.0669181 ], [ 137.9753552, 36.0676668 ], [ 137.9755009, 36.0679487 ], [ 137.9757127, 36.068265 ], [ 137.9758889, 36.0685284 ], [ 137.9768298, 36.0698244 ], [ 137.9771382, 36.0702948 ], [ 137.9772331, 36.0704312 ], [ 137.9773509, 36.0706509 ], [ 137.9775795, 36.0711292 ], [ 137.9780464, 36.0721055 ], [ 137.9783695, 36.0728012 ], [ 137.9788473, 36.0738148 ], [ 137.9789868, 36.0741165 ], [ 137.9794162, 36.075043 ], [ 137.9798103, 36.075875 ], [ 137.9799284, 36.0761567 ], [ 137.9799662, 36.0762569 ], [ 137.9800323, 36.0764831 ], [ 137.9801223, 36.0768773 ], [ 137.98024, 36.0774906 ], [ 137.9803162, 36.0778623 ], [ 137.9804962, 36.0789039 ], [ 137.9805725, 36.079782 ], [ 137.9805928, 36.0802162 ], [ 137.9806047, 36.0806231 ], [ 137.9806731, 36.0810004 ], [ 137.9808356, 36.0813245 ], [ 137.9817017, 36.0828559 ], [ 137.9818509, 36.0831085 ], [ 137.9819909, 36.0833328 ], [ 137.9820412, 36.083402 ], [ 137.9822628, 36.0836328 ], [ 137.9832212, 36.0842167 ], [ 137.9833356, 36.0843143 ], [ 137.9838929, 36.0847897 ], [ 137.9842028, 36.0851248 ], [ 137.9843276, 36.0852823 ], [ 137.9844592, 36.0854964 ], [ 137.9848501, 36.0859564 ], [ 137.9849489, 36.0860346 ], [ 137.985435, 36.0864311 ], [ 137.9855081, 36.0864814 ], [ 137.9859142, 36.0868542 ], [ 137.9863367, 36.0873317 ], [ 137.9865403, 36.0876559 ], [ 137.9865962, 36.0879036 ], [ 137.9866973, 36.0883514 ], [ 137.9867043, 36.0886598 ], [ 137.9867198, 36.0893609 ], [ 137.9867135, 36.0904961 ], [ 137.9867212, 36.0905856 ], [ 137.9867417, 36.0909795 ], [ 137.9867834, 36.0911653 ], [ 137.9868603, 36.0912678 ], [ 137.9871548, 36.0916662 ], [ 137.987359, 36.0919423 ], [ 137.9874534, 36.0920722 ], [ 137.9881429, 36.0930064 ], [ 137.9882123, 36.0931245 ], [ 137.9882262, 36.0931695 ], [ 137.9882712, 36.0934017 ], [ 137.9882245, 36.0941431 ], [ 137.9882184, 36.0942398 ], [ 137.9882061, 36.0944136 ], [ 137.9881547, 36.0945479 ], [ 137.9880836, 36.0946625 ], [ 137.9879691, 36.0947968 ], [ 137.9869281, 36.0958039 ], [ 137.986307, 36.0964052 ], [ 137.9857359, 36.0969581 ], [ 137.9851094, 36.0975706 ], [ 137.9845981, 36.0980614 ], [ 137.9841322, 36.0985317 ], [ 137.9833356, 36.0993453 ], [ 137.9831274, 36.0995579 ], [ 137.9826796, 36.0999995 ], [ 137.9821566, 36.100552 ], [ 137.9819831, 36.1007186 ], [ 137.981789, 36.1008706 ], [ 137.9815879, 36.1009664 ], [ 137.980929, 36.101197 ], [ 137.9804633, 36.1013805 ], [ 137.9797114, 36.1017419 ], [ 137.9792434, 36.1019345 ], [ 137.978952, 36.1020639 ], [ 137.9786885, 36.1021708 ], [ 137.978009, 36.1024525 ], [ 137.9772112, 36.1027731 ], [ 137.9769545, 36.1028745 ], [ 137.9764134, 36.1031167 ], [ 137.975803, 36.1033586 ], [ 137.9754107, 36.1035031 ], [ 137.9750023, 36.1036553 ], [ 137.9744851, 36.1038486 ], [ 137.9741245, 36.1039722 ], [ 137.9738247, 36.1040679 ], [ 137.9729176, 36.104355 ], [ 137.9727606, 36.1044058 ], [ 137.972518, 36.1045174 ], [ 137.9712042, 36.1051714 ], [ 137.9710555, 36.1052446 ], [ 137.9704554, 36.1055425 ], [ 137.9703095, 36.1056045 ], [ 137.9699956, 36.1057763 ], [ 137.9697337, 36.1059058 ], [ 137.9692762, 36.1061281 ], [ 137.9689462, 36.1063026 ], [ 137.9682495, 36.1066575 ], [ 137.9678401, 36.10686 ], [ 137.9675695, 36.106995 ], [ 137.9671271, 36.1072083 ], [ 137.9666773, 36.1074255 ], [ 137.9664359, 36.1075483 ], [ 137.9659701, 36.1077658 ], [ 137.9653416, 36.108024 ], [ 137.9644904, 36.1083328 ], [ 137.9636795, 36.1086304 ], [ 137.9632114, 36.1088022 ], [ 137.9629165, 36.1089112 ], [ 137.9623676, 36.1091117 ], [ 137.9622706, 36.1091398 ], [ 137.9621014, 36.1091973 ], [ 137.9614451, 36.1094495 ], [ 137.9612827, 36.1095411 ], [ 137.9611861, 36.1096392 ], [ 137.9611121, 36.109775 ], [ 137.9609646, 36.1102569 ], [ 137.9609456, 36.1103275 ], [ 137.9608206, 36.1113014 ], [ 137.9608067, 36.1116506 ], [ 137.9607862, 36.1120106 ], [ 137.9607167, 36.1128664 ], [ 137.9606682, 36.1133095 ], [ 137.9605591, 36.114394 ], [ 137.9604115, 36.115867 ], [ 137.9603518, 36.1164853 ], [ 137.9602641, 36.1172936 ], [ 137.9601753, 36.1183844 ], [ 137.960134, 36.1188281 ], [ 137.9601091, 36.1189911 ], [ 137.9600784, 36.1191209 ] ] } },
{ "type": "Feature", "properties": { "N12_001": "20", "N12_002": 1, "N12_003": 7, "N12_004": "松本市道　7200号線", "N12_005": 214, "N12_006": 1 }, "geometry": { "type": "LineString", "coordinates": [ [ 137.8998387, 36.1826514 ], [ 137.8989412, 36.1834525 ], [ 137.8980376, 36.1842583 ], [ 137.8998387, 36.1826514 ], [ 137.8994489, 36.1823634 ], [ 137.8987511, 36.1818539 ], [ 137.8986864, 36.1815085 ], [ 137.8986921, 36.1812308 ], [ 137.8987891, 36.1810097 ], [ 137.8989545, 36.1805969 ], [ 137.899814, 36.1812169 ], [ 137.900721, 36.1818687 ], [ 137.8998387, 36.1826514 ] ] } },
{ "type": "Feature", "properties": { "N12_001": "20", "N12_002": 2, "N12_003": 6, "N12_004": "長野県道　松川インター大鹿線", "N12_005": 26, "N12_006": 2 }, "geometry": { "type": "LineString", "coordinates": [ [ 138.0125989, 35.596088 ], [ 138.0125019, 35.5965565 ], [ 138.0124791, 35.5968904 ], [ 138.0125856, 35.5973543 ], [ 138.0126008, 35.5975212 ], [ 138.0124943, 35.5977686 ], [ 138.0122053, 35.5980469 ], [ 138.011993, 35.5983314 ], [ 138.011818, 35.5983897 ], [ 138.0115305, 35.5984147 ], [ 138.0113911, 35.5984204 ], [ 138.0113008, 35.5985286 ], [ 138.0111724, 35.5986678 ], [ 138.0109395, 35.5987837 ], [ 138.0106876, 35.5989924 ], [ 138.0105687, 35.5990504 ], [ 138.0104261, 35.5990581 ], [ 138.0099983, 35.598861 ], [ 138.0096323, 35.598633 ], [ 138.0094374, 35.5984706 ], [ 138.0092187, 35.5982503 ], [ 138.0089763, 35.597972 ], [ 138.0087576, 35.5978251 ], [ 138.0085675, 35.5977981 ], [ 138.0084201, 35.5978019 ], [ 138.00823, 35.5978367 ], [ 138.0080558, 35.5978981 ], [ 138.0080045, 35.5979494 ], [ 138.0079308, 35.598023 ], [ 138.0078058, 35.598198 ], [ 138.0076433, 35.598498 ], [ 138.0074434, 35.5986896 ], [ 138.0073184, 35.5987646 ], [ 138.0067809, 35.5990145 ], [ 138.0061434, 35.5993311 ], [ 138.0059435, 35.5994311 ], [ 138.0057935, 35.5995144 ], [ 138.005231, 35.5997894 ], [ 138.004731, 35.6000643 ], [ 138.0039311, 35.6005976 ], [ 138.0034436, 35.6009642 ], [ 138.0029686, 35.6013557 ], [ 138.0026561, 35.6016474 ], [ 138.0022146, 35.6021157 ], [ 137.9999937, 35.6044718 ], [ 137.9988563, 35.6057049 ], [ 137.9988188, 35.6057549 ], [ 137.9987313, 35.6058466 ], [ 137.9986063, 35.6059799 ], [ 137.9984938, 35.6060632 ], [ 137.9983563, 35.6061465 ], [ 137.9979688, 35.6063464 ], [ 137.9978688, 35.6064214 ], [ 137.9978063, 35.6064881 ], [ 137.9976863, 35.6066568 ], [ 137.9975341, 35.6069319 ], [ 137.9974064, 35.6071546 ], [ 137.9973689, 35.6072213 ], [ 137.9973688, 35.6072879 ], [ 137.9973938, 35.6073546 ], [ 137.9974688, 35.6075795 ], [ 137.9974563, 35.6076295 ], [ 137.9974313, 35.6076795 ], [ 137.9972813, 35.6078378 ], [ 137.9971938, 35.6079295 ], [ 137.9970938, 35.6079878 ], [ 137.9969813, 35.6080295 ], [ 137.9969313, 35.6080544 ], [ 137.9968564, 35.6080878 ], [ 137.9967189, 35.6081294 ], [ 137.9966314, 35.6081378 ], [ 137.9965189, 35.6081294 ], [ 137.9962064, 35.6080378 ], [ 137.9960689, 35.6079878 ], [ 137.9957815, 35.6078545 ], [ 137.995594, 35.6077711 ], [ 137.9954315, 35.6077461 ], [ 137.995344, 35.6077711 ], [ 137.995269, 35.6078128 ], [ 137.995119, 35.6080127 ], [ 137.994944, 35.6083293 ], [ 137.994894, 35.608371 ], [ 137.994844, 35.608396 ], [ 137.9947565, 35.608396 ], [ 137.9945815, 35.608371 ], [ 137.9943316, 35.6083543 ], [ 137.9942191, 35.6083793 ], [ 137.9941816, 35.6084376 ], [ 137.9941867, 35.6085644 ], [ 137.9941486, 35.6086919 ], [ 137.9940569, 35.6088185 ], [ 137.9940203, 35.6089277 ], [ 137.9940388, 35.6092566 ], [ 137.9940203, 35.6093721 ], [ 137.9937541, 35.6096543 ], [ 137.9937113, 35.60989 ], [ 137.9936968, 35.6100939 ], [ 137.99364, 35.6102881 ], [ 137.9934784, 35.6105586 ], [ 137.9933025, 35.6105702 ], [ 137.9931191, 35.6105039 ], [ 137.9930191, 35.6104872 ], [ 137.9929066, 35.6104956 ], [ 137.9926988, 35.6105663 ], [ 137.9924691, 35.6107205 ], [ 137.9922816, 35.6108871 ], [ 137.9921566, 35.6109538 ], [ 137.9917566, 35.6110787 ], [ 137.9916191, 35.6111454 ], [ 137.9915066, 35.6112204 ], [ 137.9913817, 35.6113204 ], [ 137.9900817, 35.6120702 ], [ 137.9899067, 35.6121452 ], [ 137.9897567, 35.6122285 ], [ 137.9896817, 35.6122951 ], [ 137.9896317, 35.6123618 ], [ 137.9895817, 35.6124618 ], [ 137.9895192, 35.6125117 ], [ 137.9894442, 35.6125617 ], [ 137.9893568, 35.6125284 ], [ 137.987332, 35.6117035 ], [ 137.9871695, 35.6116535 ], [ 137.987157, 35.6115452 ], [ 137.9871195, 35.6114535 ], [ 137.9870195, 35.6113619 ], [ 137.986907, 35.6112536 ], [ 137.986882, 35.6111953 ], [ 137.9868695, 35.6110869 ], [ 137.986782, 35.6109953 ], [ 137.986707, 35.6109536 ], [ 137.9865946, 35.610912 ], [ 137.9860137, 35.610887 ], [ 137.9855992, 35.6109782 ], [ 137.985371, 35.6109735 ], [ 137.9851998, 35.6108669 ], [ 137.985023, 35.6106164 ], [ 137.9849146, 35.6105051 ], [ 137.9847447, 35.6105537 ], [ 137.9846447, 35.6105703 ], [ 137.9845322, 35.6105786 ], [ 137.9844448, 35.6105453 ], [ 137.9843948, 35.610487 ], [ 137.9840948, 35.6099871 ], [ 137.9839198, 35.6097621 ], [ 137.9838323, 35.6096788 ], [ 137.9837449, 35.6096538 ], [ 137.9835699, 35.6096538 ], [ 137.9832324, 35.6097204 ], [ 137.9831449, 35.6097121 ], [ 137.9830824, 35.6096788 ], [ 137.9830449, 35.6096121 ], [ 137.9830199, 35.6095371 ], [ 137.9830199, 35.6093788 ], [ 137.9829824, 35.6092788 ], [ 137.9829199, 35.6092372 ], [ 137.9828324, 35.6092122 ], [ 137.9826825, 35.6092288 ], [ 137.9822575, 35.6093788 ], [ 137.9821575, 35.6093955 ], [ 137.9820575, 35.6093705 ], [ 137.9819075, 35.6092788 ], [ 137.9818325, 35.6092538 ], [ 137.98177, 35.6092455 ], [ 137.9815825, 35.6092538 ], [ 137.9814826, 35.6092288 ], [ 137.9814076, 35.6091788 ], [ 137.9813701, 35.6091122 ], [ 137.9812951, 35.6090372 ], [ 137.9812576, 35.6090122 ], [ 137.9811951, 35.6090039 ], [ 137.9810701, 35.6090205 ], [ 137.9809201, 35.6090705 ], [ 137.9806451, 35.6090705 ], [ 137.9803701, 35.6090538 ], [ 137.9792077, 35.6087538 ], [ 137.9789578, 35.6087039 ], [ 137.9783203, 35.6085705 ], [ 137.9780453, 35.6085122 ], [ 137.9778954, 35.6084955 ], [ 137.9777579, 35.6085122 ], [ 137.9775579, 35.6085788 ], [ 137.9774329, 35.6086455 ], [ 137.9769954, 35.6089787 ], [ 137.9768454, 35.6090621 ], [ 137.9766829, 35.6091287 ], [ 137.9765704, 35.6091787 ], [ 137.9764954, 35.6092453 ], [ 137.9764079, 35.6093453 ], [ 137.9762579, 35.609537 ], [ 137.975936, 35.609983 ], [ 137.9758134, 35.6101244 ], [ 137.9755594, 35.6104047 ], [ 137.975333, 35.6103451 ], [ 137.975233, 35.6102951 ], [ 137.9751455, 35.6102368 ], [ 137.9750955, 35.6101785 ], [ 137.9750705, 35.6100951 ], [ 137.975058, 35.6100118 ], [ 137.9750705, 35.6099202 ], [ 137.975158, 35.6096536 ], [ 137.9751705, 35.6095786 ], [ 137.9751455, 35.6095036 ], [ 137.975033, 35.6092786 ], [ 137.9749955, 35.6092286 ], [ 137.974933, 35.6091787 ], [ 137.9748456, 35.6091287 ], [ 137.9747831, 35.6090787 ], [ 137.9747456, 35.6090287 ], [ 137.9746956, 35.608887 ], [ 137.9746706, 35.6088204 ], [ 137.9746081, 35.6087621 ], [ 137.9745331, 35.6087287 ], [ 137.9741581, 35.6086371 ], [ 137.9736332, 35.6085121 ], [ 137.9735082, 35.6084871 ], [ 137.9734332, 35.6084871 ], [ 137.9733832, 35.6085371 ], [ 137.9732707, 35.608687 ], [ 137.9731957, 35.608762 ], [ 137.9731332, 35.6087954 ], [ 137.9730332, 35.6088203 ], [ 137.9729082, 35.608812 ], [ 137.9727957, 35.608787 ], [ 137.9727082, 35.608787 ], [ 137.9725832, 35.6088287 ], [ 137.9724957, 35.6088537 ], [ 137.9724082, 35.6088537 ], [ 137.9723083, 35.6088287 ], [ 137.9722083, 35.608812 ], [ 137.9721208, 35.6088287 ], [ 137.9719458, 35.6088536 ], [ 137.9717083, 35.608862 ], [ 137.9714583, 35.608837 ], [ 137.9711208, 35.608762 ], [ 137.9709334, 35.6087037 ], [ 137.9708209, 35.608712 ], [ 137.9705584, 35.6087786 ], [ 137.9704709, 35.6088036 ], [ 137.9703709, 35.6087953 ], [ 137.9702959, 35.608762 ], [ 137.9702334, 35.608712 ], [ 137.9701959, 35.6086287 ], [ 137.9701709, 35.608412 ], [ 137.9701209, 35.6081371 ], [ 137.9701084, 35.6080538 ], [ 137.9700335, 35.6078871 ], [ 137.969996, 35.6077455 ], [ 137.969996, 35.6076455 ], [ 137.9699835, 35.6075705 ], [ 137.969946, 35.6074706 ], [ 137.9698585, 35.6074039 ], [ 137.9696835, 35.6073539 ], [ 137.9695585, 35.6073539 ], [ 137.969396, 35.6073539 ], [ 137.969271, 35.6073289 ], [ 137.9691335, 35.6072706 ], [ 137.9689586, 35.6072373 ], [ 137.9687086, 35.6071623 ], [ 137.9685461, 35.6070956 ], [ 137.9683586, 35.607004 ], [ 137.9681211, 35.606929 ], [ 137.9675587, 35.606754 ], [ 137.9673962, 35.6067207 ], [ 137.9672837, 35.606729 ], [ 137.9671712, 35.6067873 ], [ 137.9670087, 35.606904 ], [ 137.9667837, 35.6070873 ], [ 137.9666337, 35.6072122 ], [ 137.9665587, 35.6072539 ], [ 137.9664837, 35.6072706 ], [ 137.9663713, 35.6072206 ], [ 137.9654588, 35.6069206 ], [ 137.9651464, 35.6067873 ], [ 137.9649839, 35.6067207 ], [ 137.9649089, 35.6066707 ], [ 137.9647964, 35.6065624 ], [ 137.9647089, 35.6065124 ], [ 137.9645839, 35.6064707 ], [ 137.9643214, 35.6064124 ], [ 137.9642089, 35.6063707 ], [ 137.963959, 35.6062541 ], [ 137.963684, 35.6061208 ], [ 137.963484, 35.6060124 ], [ 137.963359, 35.6059125 ], [ 137.9631965, 35.6057875 ], [ 137.963109, 35.6057042 ], [ 137.9630466, 35.6056042 ], [ 137.9629966, 35.6054709 ], [ 137.9629341, 35.6050376 ], [ 137.9628466, 35.6046044 ], [ 137.9628216, 35.6044127 ], [ 137.9627591, 35.6043211 ], [ 137.9626466, 35.6042461 ], [ 137.9625216, 35.6042044 ], [ 137.9619342, 35.6040295 ], [ 137.9619103, 35.6040237 ], [ 137.9617967, 35.6039961 ], [ 137.9617092, 35.6039295 ], [ 137.9616717, 35.6038628 ], [ 137.9616476, 35.6037878 ], [ 137.9616342, 35.6037462 ], [ 137.9615842, 35.6035879 ], [ 137.9615342, 35.6035046 ], [ 137.9614592, 35.6034296 ], [ 137.9613092, 35.6033213 ], [ 137.9611968, 35.6032379 ], [ 137.9611218, 35.6031713 ], [ 137.9609593, 35.6029796 ], [ 137.9608468, 35.6029213 ], [ 137.9607218, 35.6028963 ], [ 137.9604593, 35.6028713 ], [ 137.9602468, 35.6028546 ], [ 137.9601218, 35.602888 ], [ 137.9597719, 35.602963 ], [ 137.9596469, 35.6029796 ], [ 137.9594594, 35.602938 ], [ 137.9592219, 35.6028963 ], [ 137.9590844, 35.602888 ], [ 137.9588594, 35.6029213 ], [ 137.9587219, 35.6029546 ], [ 137.958522, 35.6030129 ], [ 137.9583845, 35.6030796 ], [ 137.958172, 35.6031879 ], [ 137.958022, 35.6032546 ], [ 137.9579095, 35.6032712 ], [ 137.9577845, 35.6032712 ], [ 137.9576595, 35.6032462 ], [ 137.9575095, 35.6031962 ], [ 137.9573845, 35.6031712 ], [ 137.9572346, 35.6031962 ], [ 137.9570721, 35.6032712 ], [ 137.9569221, 35.6033629 ], [ 137.9567846, 35.6034295 ], [ 137.9566346, 35.6035628 ], [ 137.9564846, 35.6037544 ], [ 137.9564471, 35.6038211 ], [ 137.9564346, 35.6039377 ], [ 137.9564346, 35.604121 ], [ 137.9564096, 35.604246 ], [ 137.9563346, 35.6043877 ], [ 137.9562346, 35.6045626 ], [ 137.9561471, 35.6046793 ], [ 137.9560721, 35.6047793 ], [ 137.9559971, 35.6048459 ], [ 137.9555346, 35.6050959 ], [ 137.9553721, 35.6051542 ], [ 137.9550597, 35.6053042 ], [ 137.9547597, 35.6054625 ], [ 137.9545597, 35.6056208 ], [ 137.9540972, 35.6059957 ], [ 137.9538222, 35.606204 ], [ 137.9534722, 35.6063956 ], [ 137.9533098, 35.606479 ], [ 137.9531348, 35.6066123 ], [ 137.9530098, 35.6066873 ], [ 137.9528473, 35.6067289 ], [ 137.9527723, 35.6067706 ], [ 137.9527348, 35.6068206 ], [ 137.9527115, 35.606893 ], [ 137.9526973, 35.6069372 ], [ 137.9526723, 35.6070122 ], [ 137.9526098, 35.6070789 ], [ 137.9525098, 35.6070955 ], [ 137.9523848, 35.6070705 ], [ 137.9521973, 35.6070039 ], [ 137.9520473, 35.6069789 ], [ 137.9519223, 35.6069955 ], [ 137.9517474, 35.6070289 ], [ 137.9515724, 35.6070289 ], [ 137.9510599, 35.6070372 ], [ 137.9509599, 35.6070622 ], [ 137.9507974, 35.6071538 ], [ 137.9506974, 35.6071788 ], [ 137.9504849, 35.6071955 ], [ 137.9503599, 35.6072288 ], [ 137.95026, 35.6072871 ], [ 137.950185, 35.6073871 ], [ 137.950135, 35.6075038 ], [ 137.9500975, 35.6076038 ], [ 137.9499725, 35.6077454 ], [ 137.94976, 35.6079787 ], [ 137.949685, 35.6080204 ], [ 137.9495725, 35.6080537 ], [ 137.9494784, 35.6080662 ], [ 137.9489475, 35.608137 ], [ 137.9484476, 35.6081953 ], [ 137.9480476, 35.608237 ], [ 137.9479101, 35.6082537 ], [ 137.9477976, 35.608237 ], [ 137.9477476, 35.6082037 ], [ 137.9476476, 35.6079954 ], [ 137.9475851, 35.6079287 ], [ 137.9474351, 35.6078454 ], [ 137.9471977, 35.6077787 ], [ 137.9470727, 35.6077787 ], [ 137.9468977, 35.6078037 ], [ 137.9467977, 35.6078621 ], [ 137.9466852, 35.6079787 ], [ 137.9464977, 35.6082203 ], [ 137.9464227, 35.608287 ], [ 137.9462852, 35.608362 ], [ 137.9460227, 35.6084953 ], [ 137.9458352, 35.6086119 ], [ 137.9456727, 35.6087119 ], [ 137.9455352, 35.6087452 ], [ 137.9452227, 35.6087619 ], [ 137.9451227, 35.6087869 ], [ 137.9450227, 35.6088369 ], [ 137.9445352, 35.6091202 ], [ 137.9444353, 35.6091952 ], [ 137.9443569, 35.6092922 ], [ 137.9443478, 35.6093035 ], [ 137.9443227, 35.6094284 ], [ 137.9443102, 35.6096201 ], [ 137.9442852, 35.6097117 ], [ 137.9442227, 35.6098534 ], [ 137.9441477, 35.6099617 ], [ 137.9439852, 35.6102367 ], [ 137.9438852, 35.6103366 ], [ 137.9434977, 35.6106449 ], [ 137.9433228, 35.6107449 ], [ 137.9431228, 35.6108199 ], [ 137.9430103, 35.6108366 ], [ 137.9428978, 35.6108199 ], [ 137.9426103, 35.6107866 ], [ 137.9423353, 35.6107366 ], [ 137.9422353, 35.6106866 ], [ 137.9421103, 35.6106032 ], [ 137.9419853, 35.6105616 ], [ 137.9416353, 35.6105449 ], [ 137.9412979, 35.6104616 ], [ 137.9411104, 35.6103866 ], [ 137.9406854, 35.6102449 ], [ 137.9403854, 35.6101866 ], [ 137.9402479, 35.6101449 ], [ 137.9400979, 35.6100533 ], [ 137.939923, 35.6099533 ], [ 137.9398105, 35.6098533 ], [ 137.939798, 35.6097867 ], [ 137.939748, 35.6096617 ], [ 137.9396605, 35.6095617 ], [ 137.9395605, 35.6094534 ], [ 137.939498, 35.6093534 ], [ 137.9393855, 35.6092117 ], [ 137.9392855, 35.6090284 ], [ 137.939173, 35.6089451 ], [ 137.9390798, 35.6088925 ], [ 137.9390105, 35.6088534 ], [ 137.9388606, 35.6087451 ], [ 137.9387356, 35.6086618 ], [ 137.9386481, 35.6086285 ], [ 137.9374857, 35.6082119 ], [ 137.9372982, 35.6081285 ], [ 137.9368937, 35.6078502 ], [ 137.9368227, 35.6078034 ], [ 137.9366986, 35.607674 ], [ 137.936648, 35.6074032 ], [ 137.9363666, 35.6071281 ], [ 137.9355604, 35.606352 ], [ 137.9346363, 35.6054399 ], [ 137.9345102, 35.6054168 ], [ 137.9343396, 35.6053719 ], [ 137.9339061, 35.6052668 ], [ 137.9333965, 35.6051338 ], [ 137.9329905, 35.6050615 ], [ 137.9328747, 35.6050523 ], [ 137.9327663, 35.6050607 ], [ 137.9326807, 35.6052188 ], [ 137.9325303, 35.6056323 ], [ 137.9324235, 35.6060704 ] ] } },
{ "type": "Feature", "properties": { "N12_001": "20", "N12_002": 1, "N12_003": 1, "N12_004": "関越自動車道上越線", "N12_005": 3, "N12_006": 11 }, "geometry": { "type": "LineString", "coordinates": [ [ 138.3215877, 36.7962764 ], [ 138.3214241, 36.7962639 ], [ 138.3212106, 36.7962476 ], [ 138.3210606, 36.7962438 ], [ 138.3208942, 36.7962671 ], [ 138.320729, 36.7963014 ], [ 138.3205697, 36.7963584 ], [ 138.320332, 36.7965103 ], [ 138.3201509, 36.7966663 ], [ 138.3200834, 36.7967546 ], [ 138.3200156, 36.7968635 ], [ 138.319942, 36.7969924 ], [ 138.319802, 36.7972851 ] ] } },
{ "type": "Feature", "properties": { "N12_001": "20", "N12_002": 2, "N12_003": 6, "N12_004": "長野県道　中野小布施線", "N12_005": 215, "N12_006": 1 }, "geometry": { "type": "LineString", "coordinates": [ [ 138.3644817, 36.7473387 ], [ 138.3654462, 36.7475734 ], [ 138.3659216, 36.747701 ], [ 138.366385, 36.747821 ], [ 138.3665015, 36.7478458 ], [ 138.3665847, 36.7478534 ], [ 138.3667035, 36.7478553 ], [ 138.3668913, 36.7478324 ], [ 138.3670434, 36.7478001 ], [ 138.367205, 36.7477448 ], [ 138.367331, 36.7476706 ], [ 138.3681153, 36.7470764 ], [ 138.3685916, 36.7467424 ], [ 138.3689652, 36.7465248 ], [ 138.36912, 36.746441 ], [ 138.3691652, 36.7464165 ], [ 138.3694152, 36.7463415 ], [ 138.3698829, 36.7462587 ], [ 138.370348, 36.7461738 ], [ 138.3707617, 36.7460909 ], [ 138.3711025, 36.7459915 ], [ 138.3717036, 36.7458114 ], [ 138.3720039, 36.7457191 ], [ 138.3717848, 36.7452959 ], [ 138.3712638, 36.7443186 ], [ 138.3708683, 36.7435751 ], [ 138.370374, 36.7426761 ], [ 138.3693092, 36.7407776 ] ] } },
{ "type": "Feature", "properties": { "N12_001": "20", "N12_002": 2, "N12_003": 6, "N12_004": "長野県道　新田松本線", "N12_005": 103, "N12_006": 2 }, "geometry": { "type": "LineString", "coordinates": [ [ 137.867344, 36.1297263 ], [ 137.8678052, 36.1292114 ] ] } }
]
}
