{
"type": "FeatureCollection",
"name": "N12-21_02",
"features": [
{ "type": "Feature", "properties": { "N12_001": "02", "N12_002": 1, "N12_003": 1, "N12_004": "東北縦貫自動車道弘前線", "N12_005": 1, "N12_006": 1 }, "geometry": { "type": "LineString", "coordinates": [ [ 140.680655, 40.4160479 ], [ 140.6795673, 40.4177543 ], [ 140.6776573, 40.4202443 ], [ 140.6775273, 40.4204044 ], [ 140.6767773, 40.4213344 ], [ 140.6758473, 40.4223044 ], [ 140.6757373, 40.4223744 ], [ 140.6752873, 40.4226844 ], [ 140.6743972, 40.4232844 ], [ 140.6730072, 40.4240044 ], [ 140.6720072, 40.4243844 ], [ 140.6708072, 40.4247044 ], [ 140.6694672, 40.4250744 ], [ 140.6658172, 40.4260144 ], [ 140.6639772, 40.4266444 ], [ 140.6625472, 40.4271244 ], [ 140.6618872, 40.4273244 ], [ 140.6610572, 40.4274144 ], [ 140.6602372, 40.4274544 ], [ 140.6591972, 40.4273844 ], [ 140.6582772, 40.4273244 ], [ 140.6564372, 40.4273744 ], [ 140.6551172, 40.4275444 ], [ 140.6536872, 40.4278944 ], [ 140.6512172, 40.4285144 ], [ 140.6497472, 40.4290444 ], [ 140.6484672, 40.4296744 ], [ 140.6474972, 40.4303544 ], [ 140.6468272, 40.4308745 ], [ 140.6463572, 40.4313845 ], [ 140.6456572, 40.4323145 ], [ 140.6442072, 40.4347645 ], [ 140.6435472, 40.4356945 ], [ 140.6425172, 40.4369145 ], [ 140.6416172, 40.4378045 ], [ 140.6408172, 40.4384945 ], [ 140.6394271, 40.4395045 ], [ 140.6376671, 40.4408745 ], [ 140.6369771, 40.4415145 ], [ 140.6364371, 40.4422545 ], [ 140.6360571, 40.4429245 ], [ 140.6357571, 40.4437045 ], [ 140.6355671, 40.4447245 ], [ 140.6355471, 40.4454945 ], [ 140.6357171, 40.4462845 ], [ 140.6360271, 40.4471645 ], [ 140.6363471, 40.4482045 ], [ 140.6365471, 40.4493045 ], [ 140.6365471, 40.4498145 ], [ 140.6363171, 40.4510245 ], [ 140.6361471, 40.4518945 ], [ 140.6359471, 40.4529045 ], [ 140.6358971, 40.4538445 ], [ 140.636017, 40.4549945 ], [ 140.636127, 40.4557545 ], [ 140.636337, 40.4567445 ], [ 140.636537, 40.4578045 ], [ 140.636607, 40.4587445 ], [ 140.636497, 40.4597945 ], [ 140.636307, 40.4609545 ], [ 140.636137, 40.4618545 ], [ 140.636037, 40.4627345 ], [ 140.636097, 40.4641245 ], [ 140.636117, 40.4644945 ], [ 140.636167, 40.4652245 ], [ 140.636137, 40.4663845 ], [ 140.6359642, 40.4669915 ], [ 140.635657, 40.4681045 ], [ 140.635397, 40.4686645 ], [ 140.634837, 40.4695146 ], [ 140.6344669, 40.4700846 ], [ 140.6339369, 40.4712046 ], [ 140.6336369, 40.4723446 ], [ 140.6334569, 40.4732046 ], [ 140.6330269, 40.4744146 ], [ 140.6326169, 40.4750546 ], [ 140.6321969, 40.4757846 ], [ 140.6320569, 40.4762346 ], [ 140.6319569, 40.4768446 ], [ 140.6319969, 40.4781846 ], [ 140.6321069, 40.4797846 ], [ 140.6321669, 40.4807346 ], [ 140.6321069, 40.4828946 ], [ 140.6320469, 40.4838046 ], [ 140.6317968, 40.4849746 ], [ 140.6313368, 40.4863946 ], [ 140.6309668, 40.4873246 ], [ 140.6302868, 40.4886446 ], [ 140.6297068, 40.4896346 ], [ 140.6289568, 40.4906546 ], [ 140.6280968, 40.4916146 ], [ 140.6270168, 40.4927546 ], [ 140.6264068, 40.4934046 ], [ 140.6256968, 40.4942046 ], [ 140.6251068, 40.4950246 ], [ 140.6246068, 40.4957346 ], [ 140.6240768, 40.4966746 ], [ 140.6236068, 40.4977746 ], [ 140.6233067, 40.4985146 ], [ 140.6232467, 40.4986746 ], [ 140.6227767, 40.4999846 ], [ 140.6223367, 40.5010446 ], [ 140.6216067, 40.5023046 ], [ 140.6209567, 40.5032946 ], [ 140.6204367, 40.5039746 ], [ 140.6196367, 40.5048346 ], [ 140.6187567, 40.5057546 ], [ 140.6178067, 40.5066547 ], [ 140.6171467, 40.5073647 ], [ 140.6166267, 40.5080547 ], [ 140.6163267, 40.5085147 ], [ 140.6159467, 40.5093347 ], [ 140.6155267, 40.5100947 ], [ 140.6149867, 40.5109247 ], [ 140.6148067, 40.5111947 ], [ 140.6142866, 40.5118947 ], [ 140.6136066, 40.5125047 ], [ 140.6127966, 40.5131547 ], [ 140.6118466, 40.5136747 ], [ 140.6086466, 40.5150447 ], [ 140.6078166, 40.5156647 ], [ 140.6064066, 40.5171847 ], [ 140.6057166, 40.5176847 ], [ 140.6049166, 40.5181347 ], [ 140.6039266, 40.5185747 ], [ 140.6031366, 40.5189647 ], [ 140.6022766, 40.5196047 ], [ 140.6008566, 40.5213047 ], [ 140.6003866, 40.5217347 ], [ 140.5997466, 40.5221947 ], [ 140.5985566, 40.5228147 ], [ 140.5976765, 40.5230547 ], [ 140.5970165, 40.5231648 ], [ 140.5960565, 40.5232148 ], [ 140.5949265, 40.5231348 ], [ 140.5924665, 40.5227248 ], [ 140.5908565, 40.5226848 ], [ 140.5858765, 40.5232048 ], [ 140.5845965, 40.5234548 ], [ 140.5833265, 40.5238848 ], [ 140.5820965, 40.5245348 ], [ 140.5803065, 40.5255848 ], [ 140.5789865, 40.5260648 ], [ 140.5775365, 40.5263748 ], [ 140.5764665, 40.5264648 ], [ 140.5753465, 40.5264748 ], [ 140.5743865, 40.5263248 ], [ 140.5728965, 40.5260148 ], [ 140.5714565, 40.5257048 ], [ 140.5700465, 40.5255248 ], [ 140.5676265, 40.5254548 ], [ 140.5658665, 40.5254549 ], [ 140.5647165, 40.5256249 ], [ 140.5638765, 40.5258149 ], [ 140.5627065, 40.5263249 ], [ 140.5610465, 40.5274349 ], [ 140.5597565, 40.5285949 ], [ 140.5589165, 40.5295849 ], [ 140.5582465, 40.5306949 ], [ 140.5579365, 40.5315149 ], [ 140.5577565, 40.5323949 ], [ 140.5574164, 40.5364249 ], [ 140.5571664, 40.5380649 ], [ 140.5570764, 40.5388249 ], [ 140.5570164, 40.5399149 ], [ 140.5569664, 40.5409349 ], [ 140.5569864, 40.5420449 ], [ 140.5570364, 40.5431249 ], [ 140.5571464, 40.5439249 ], [ 140.5573764, 40.5448749 ], [ 140.5576464, 40.5458249 ], [ 140.5579664, 40.5466849 ], [ 140.5581764, 40.5473449 ], [ 140.5582964, 40.5476249 ], [ 140.5583964, 40.5478449 ], [ 140.5584064, 40.5478749 ], [ 140.5586764, 40.5485149 ], [ 140.5589264, 40.5490349 ], [ 140.5591164, 40.5494149 ], [ 140.5594864, 40.5502549 ], [ 140.5600564, 40.5512149 ], [ 140.5607164, 40.5522449 ], [ 140.5612564, 40.5529049 ], [ 140.5621063, 40.5540149 ], [ 140.5627763, 40.5548049 ], [ 140.5634363, 40.5555449 ], [ 140.5644063, 40.5565949 ], [ 140.5651363, 40.5573549 ], [ 140.5663263, 40.5585449 ], [ 140.5670963, 40.5592649 ], [ 140.5683963, 40.5604249 ], [ 140.5691263, 40.5610749 ], [ 140.5705463, 40.5620949 ], [ 140.5713363, 40.5625749 ], [ 140.5721863, 40.5630149 ], [ 140.5734363, 40.5635549 ], [ 140.5739563, 40.5637849 ], [ 140.5752263, 40.5642749 ], [ 140.5762763, 40.5646949 ], [ 140.5768263, 40.5649049 ], [ 140.5772763, 40.5650749 ], [ 140.5776863, 40.5652149 ], [ 140.5788363, 40.5656349 ], [ 140.5801063, 40.5661349 ], [ 140.5814863, 40.5667849 ], [ 140.5823463, 40.5672149 ], [ 140.5828763, 40.5675149 ], [ 140.5834763, 40.5678849 ], [ 140.5839763, 40.5682549 ], [ 140.5845463, 40.5686649 ], [ 140.5851763, 40.5692049 ], [ 140.5856863, 40.5696949 ], [ 140.5862963, 40.5703749 ], [ 140.5867263, 40.5710249 ], [ 140.5872263, 40.5718749 ], [ 140.5877363, 40.5730649 ], [ 140.5883763, 40.5744849 ], [ 140.5895826, 40.5764106 ], [ 140.5899826, 40.5771906 ], [ 140.5907026, 40.5784406 ], [ 140.5913026, 40.5792706 ], [ 140.5921426, 40.5802306 ], [ 140.5929226, 40.5811106 ], [ 140.5940102, 40.5822859 ], [ 140.5947556, 40.5831177 ], [ 140.5958965, 40.5843307 ], [ 140.5971362, 40.585895 ], [ 140.5981562, 40.586975 ], [ 140.5991262, 40.587985 ], [ 140.6004262, 40.589455 ], [ 140.6015162, 40.590805 ], [ 140.6022562, 40.591855 ], [ 140.6030762, 40.592975 ], [ 140.6037562, 40.594065 ], [ 140.6045562, 40.595335 ], [ 140.6051962, 40.596455 ], [ 140.6056662, 40.597445 ], [ 140.6061361, 40.598405 ], [ 140.6065961, 40.599625 ], [ 140.6070061, 40.600675 ], [ 140.6074361, 40.602115 ], [ 140.6080061, 40.604115 ], [ 140.6084161, 40.605825 ], [ 140.6088161, 40.6075651 ], [ 140.6092761, 40.6094251 ], [ 140.6096461, 40.6108351 ], [ 140.6098961, 40.6118151 ], [ 140.6099861, 40.6121551 ], [ 140.6108261, 40.6150451 ], [ 140.6112961, 40.6160851 ], [ 140.611946, 40.6171651 ], [ 140.612586, 40.6181651 ], [ 140.614096, 40.6200751 ], [ 140.614986, 40.6210151 ], [ 140.615876, 40.6219151 ], [ 140.616036, 40.6220751 ], [ 140.616206, 40.6222251 ], [ 140.616216, 40.6222351 ], [ 140.616476, 40.6224951 ], [ 140.616496, 40.6225151 ], [ 140.6181197, 40.6237694 ], [ 140.6188597, 40.6244994 ], [ 140.6193797, 40.6250394 ], [ 140.6201197, 40.6258194 ], [ 140.620466, 40.6265052 ], [ 140.620816, 40.6270252 ], [ 140.621356, 40.6280952 ], [ 140.621626, 40.6290352 ], [ 140.621856, 40.6298452 ], [ 140.621976, 40.6307152 ], [ 140.622016, 40.6316852 ], [ 140.622036, 40.6325752 ], [ 140.621866, 40.6335552 ], [ 140.621846, 40.6336852 ], [ 140.621626, 40.6346352 ], [ 140.621466, 40.6350652 ], [ 140.6208059, 40.6368352 ], [ 140.6204959, 40.6380252 ], [ 140.6203659, 40.6387952 ], [ 140.6203159, 40.6397752 ], [ 140.6203259, 40.6412952 ], [ 140.6204459, 40.6420152 ], [ 140.6206659, 40.6428352 ], [ 140.6209659, 40.6437952 ], [ 140.6213059, 40.6446352 ], [ 140.6216459, 40.6453752 ], [ 140.6219059, 40.6458552 ], [ 140.6221059, 40.6462052 ], [ 140.6223559, 40.6466152 ], [ 140.6226059, 40.6470052 ], [ 140.6228459, 40.6473252 ], [ 140.6231559, 40.6476952 ], [ 140.6235859, 40.6481752 ], [ 140.6240559, 40.6486452 ], [ 140.6245559, 40.6491453 ], [ 140.6249759, 40.6495353 ], [ 140.6267259, 40.6511953 ], [ 140.6272859, 40.6517753 ], [ 140.6278059, 40.6522753 ], [ 140.6284059, 40.6529553 ], [ 140.6290259, 40.6537553 ], [ 140.6294359, 40.6543853 ], [ 140.6298858, 40.6551653 ], [ 140.6301758, 40.6558253 ], [ 140.6303958, 40.6564753 ], [ 140.6305558, 40.6572453 ], [ 140.6306158, 40.6580053 ], [ 140.6306158, 40.6589853 ], [ 140.6305558, 40.6595453 ], [ 140.6304558, 40.6604353 ], [ 140.6301758, 40.6614253 ], [ 140.6300158, 40.6621053 ], [ 140.6298358, 40.6627853 ], [ 140.6296358, 40.6634053 ], [ 140.6294258, 40.6640953 ], [ 140.6291358, 40.6648853 ], [ 140.6289858, 40.6653053 ], [ 140.6285558, 40.6662253 ], [ 140.6282158, 40.6669153 ], [ 140.6280357, 40.6673253 ], [ 140.6277157, 40.6679253 ], [ 140.6275057, 40.6683453 ], [ 140.6264257, 40.6703353 ], [ 140.6258957, 40.6714053 ], [ 140.6253357, 40.6726453 ], [ 140.6249057, 40.6737653 ], [ 140.6244357, 40.6751953 ], [ 140.6241157, 40.6764153 ], [ 140.6239257, 40.6774453 ], [ 140.6237256, 40.6786053 ], [ 140.6236456, 40.6794553 ], [ 140.6236456, 40.6801553 ], [ 140.6236256, 40.6809253 ], [ 140.6236056, 40.6817553 ], [ 140.6235956, 40.6823453 ], [ 140.6236356, 40.6827753 ], [ 140.6236756, 40.6832053 ], [ 140.6237356, 40.6836753 ], [ 140.6238056, 40.6841953 ], [ 140.6238756, 40.6846553 ], [ 140.6240756, 40.6856753 ], [ 140.6241156, 40.6858853 ], [ 140.6241656, 40.6861253 ], [ 140.6243256, 40.6870653 ], [ 140.6244556, 40.6877654 ], [ 140.6244756, 40.6879254 ], [ 140.6245956, 40.6886154 ], [ 140.6246856, 40.6893354 ], [ 140.6247256, 40.6900054 ], [ 140.6247355, 40.6906054 ], [ 140.6246755, 40.6914054 ], [ 140.6245755, 40.6923554 ], [ 140.6243255, 40.6933954 ], [ 140.6238855, 40.6947254 ], [ 140.6235355, 40.6958954 ], [ 140.6231855, 40.6968954 ], [ 140.6227855, 40.6982954 ], [ 140.6224255, 40.6999154 ], [ 140.6222655, 40.7008254 ], [ 140.6220855, 40.7017954 ], [ 140.6219254, 40.7027654 ], [ 140.6218254, 40.7034254 ], [ 140.6217754, 40.7042754 ], [ 140.6217054, 40.7050554 ], [ 140.6216554, 40.7057154 ], [ 140.6215254, 40.7073054 ], [ 140.6214154, 40.7083454 ], [ 140.6212354, 40.7095654 ], [ 140.6210154, 40.7109854 ], [ 140.6207854, 40.7125254 ], [ 140.6205654, 40.7136954 ], [ 140.6204254, 40.7145154 ], [ 140.6202154, 40.7153554 ], [ 140.6199054, 40.7164754 ], [ 140.6195154, 40.7176354 ], [ 140.6191954, 40.7184954 ], [ 140.6186353, 40.7197254 ], [ 140.6182653, 40.7205354 ], [ 140.6177753, 40.7215054 ], [ 140.6174453, 40.7221154 ], [ 140.6169353, 40.7229354 ], [ 140.6162653, 40.7240154 ], [ 140.6155353, 40.7250054 ], [ 140.6151653, 40.7254754 ], [ 140.6149953, 40.7256954 ], [ 140.6142053, 40.7267054 ], [ 140.6136953, 40.7273254 ], [ 140.6131353, 40.7279354 ], [ 140.6122253, 40.7289254 ], [ 140.6114753, 40.7297054 ], [ 140.6109253, 40.7302454 ], [ 140.6098353, 40.7312354 ], [ 140.6084453, 40.7324654 ], [ 140.6073353, 40.7335254 ], [ 140.6063653, 40.7344254 ], [ 140.6057053, 40.7351754 ], [ 140.6053453, 40.7356754 ], [ 140.6048453, 40.7364354 ], [ 140.6044153, 40.7371754 ], [ 140.6039553, 40.7379654 ], [ 140.6036053, 40.7387454 ], [ 140.6033553, 40.7394254 ], [ 140.6031753, 40.7399554 ], [ 140.6031153, 40.7401954 ], [ 140.6029953, 40.7406154 ], [ 140.6028053, 40.7415054 ], [ 140.6026153, 40.7424754 ], [ 140.6025453, 40.7433154 ], [ 140.6024653, 40.7443154 ], [ 140.6024953, 40.7456654 ], [ 140.6026153, 40.7469754 ], [ 140.6027253, 40.7478754 ], [ 140.6028953, 40.7488154 ], [ 140.6032253, 40.7499554 ], [ 140.6036753, 40.7513854 ], [ 140.6039253, 40.7520854 ], [ 140.6041153, 40.7525654 ], [ 140.6045053, 40.7533154 ], [ 140.6054853, 40.7549554 ], [ 140.6062153, 40.7559954 ], [ 140.6068453, 40.7567554 ], [ 140.6077253, 40.7576354 ], [ 140.6085753, 40.7583754 ], [ 140.6092353, 40.7588854 ], [ 140.6101153, 40.7594554 ], [ 140.6109053, 40.7598954 ], [ 140.6117453, 40.7603254 ], [ 140.6130753, 40.7609554 ], [ 140.6142053, 40.7615054 ], [ 140.6151953, 40.7620254 ], [ 140.6161353, 40.7625454 ], [ 140.6172653, 40.7632554 ], [ 140.6183253, 40.7640154 ], [ 140.6197253, 40.7651554 ], [ 140.6213253, 40.7667254 ], [ 140.6234253, 40.7689754 ], [ 140.6253653, 40.7710554 ], [ 140.6278253, 40.7736854 ], [ 140.6309253, 40.7769154 ], [ 140.6322353, 40.7781254 ], [ 140.6344953, 40.7799554 ], [ 140.6352553, 40.7804854 ], [ 140.6362453, 40.7810654 ], [ 140.6371453, 40.7814654 ], [ 140.6384053, 40.7819254 ], [ 140.6401653, 40.7823054 ], [ 140.6410353, 40.7824254 ], [ 140.6421553, 40.7824854 ], [ 140.6431953, 40.7824754 ], [ 140.6445253, 40.7823554 ], [ 140.6457053, 40.7821554 ], [ 140.6494152, 40.7812854 ], [ 140.6510052, 40.7811354 ], [ 140.6522752, 40.7810954 ], [ 140.6533852, 40.7811854 ], [ 140.6546552, 40.7813954 ], [ 140.6557952, 40.7816854 ], [ 140.6568452, 40.7820454 ], [ 140.6584152, 40.7828454 ], [ 140.6605552, 40.7842054 ], [ 140.6616452, 40.7849554 ], [ 140.6640052, 40.7865654 ], [ 140.6664052, 40.7883354 ], [ 140.6683852, 40.7898754 ], [ 140.6705852, 40.7916254 ], [ 140.6726852, 40.7935054 ], [ 140.6731152, 40.7939755 ], [ 140.6734852, 40.7944055 ], [ 140.6741752, 40.7953055 ], [ 140.6747352, 40.7962355 ], [ 140.6749452, 40.7966955 ], [ 140.6751852, 40.7977255 ], [ 140.6755852, 40.7992555 ], [ 140.6758652, 40.8008355 ], [ 140.6761652, 40.8017655 ], [ 140.6765252, 40.8025655 ], [ 140.6770352, 40.8034055 ], [ 140.6778252, 40.8044255 ], [ 140.6789452, 40.8055155 ], [ 140.6813152, 40.8075155 ], [ 140.6821552, 40.8082055 ], [ 140.6833352, 40.8092455 ], [ 140.6848952, 40.8105155 ], [ 140.6859952, 40.8114555 ], [ 140.6887152, 40.8137455 ] ] } },
{ "type": "Feature", "properties": { "N12_001": "02", "N12_002": 1, "N12_003": 1, "N12_004": "東北縦貫自動車道弘前線", "N12_005": 1, "N12_006": 2 }, "geometry": { "type": "LineString", "coordinates": [ [ 140.5526364, 40.5489549 ], [ 140.5535364, 40.5488649 ], [ 140.5536764, 40.5488449 ], [ 140.5540064, 40.5487949 ], [ 140.5545164, 40.5486949 ], [ 140.5551264, 40.5485849 ], [ 140.5556564, 40.5484749 ], [ 140.5565864, 40.5482649 ], [ 140.5581764, 40.5479049 ], [ 140.5582764, 40.5478749 ], [ 140.5582864, 40.5478749 ], [ 140.5583964, 40.5478449 ] ] } },
{ "type": "Feature", "properties": { "N12_001": "02", "N12_002": 1, "N12_003": 1, "N12_004": "東北縦貫自動車道弘前線", "N12_005": 1, "N12_006": 3 }, "geometry": { "type": "LineString", "coordinates": [ [ 140.613386, 40.6255151 ], [ 140.613386, 40.6253951 ], [ 140.613386, 40.6252151 ], [ 140.613386, 40.6251751 ], [ 140.613396, 40.6249951 ], [ 140.613396, 40.6249851 ], [ 140.613406, 40.6249251 ], [ 140.613426, 40.6248651 ], [ 140.613526, 40.6245351 ], [ 140.613546, 40.6244851 ], [ 140.613676, 40.6242351 ], [ 140.614656, 40.6234151 ], [ 140.615106, 40.6230751 ], [ 140.615236, 40.6229651 ], [ 140.615966, 40.6224151 ], [ 140.615986, 40.6223851 ], [ 140.616216, 40.6222351 ] ] } },
{ "type": "Feature", "properties": { "N12_001": "02", "N12_002": 1, "N12_003": 1, "N12_004": "東北縦貫自動車道弘前線", "N12_005": 1, "N12_006": 4 }, "geometry": { "type": "LineString", "coordinates": [ [ 140.634997, 40.4631945 ], [ 140.6352027, 40.4632946 ], [ 140.6353708, 40.4633906 ], [ 140.6354825, 40.4636681 ], [ 140.6355623, 40.4640501 ], [ 140.6356156, 40.4643249 ], [ 140.6356118, 40.4646229 ], [ 140.6355053, 40.4648746 ], [ 140.6351897, 40.4651842 ], [ 140.6347409, 40.4656558 ], [ 140.6345926, 40.4658381 ], [ 140.634528, 40.4661043 ], [ 140.6346458, 40.4663646 ], [ 140.6348274, 40.4665464 ], [ 140.6350196, 40.4666964 ], [ 140.6353137, 40.4668224 ], [ 140.6356139, 40.4669184 ], [ 140.6359021, 40.4669844 ], [ 140.6359642, 40.4669915 ] ] } },
{ "type": "Feature", "properties": { "N12_001": "02", "N12_002": 1, "N12_003": 1, "N12_004": "東北縦貫自動車道八戸線", "N12_005": 2, "N12_006": 1 }, "geometry": { "type": "LineString", "coordinates": [ [ 141.4386756, 40.3739588 ], [ 141.4381264, 40.3751034 ], [ 141.4378764, 40.3760234 ], [ 141.4377364, 40.3767534 ], [ 141.4376764, 40.3774934 ], [ 141.4377464, 40.3784134 ], [ 141.4378464, 40.3790234 ], [ 141.4380364, 40.3796034 ], [ 141.4383064, 40.3802235 ], [ 141.4387464, 40.3810035 ], [ 141.4391764, 40.3816735 ], [ 141.4397764, 40.3824635 ], [ 141.4403963, 40.3832035 ], [ 141.4416363, 40.3846535 ], [ 141.4437763, 40.3870735 ], [ 141.4465263, 40.3902536 ], [ 141.4469362, 40.3907636 ], [ 141.4473162, 40.3914036 ], [ 141.4476962, 40.3920436 ], [ 141.4479962, 40.3927336 ], [ 141.4481562, 40.3932836 ], [ 141.4482362, 40.3937736 ], [ 141.4482462, 40.3944236 ], [ 141.4481462, 40.3952236 ], [ 141.4480462, 40.3957436 ], [ 141.4477062, 40.3964936 ], [ 141.4472062, 40.3973936 ], [ 141.4465762, 40.3983336 ], [ 141.4454662, 40.3997237 ], [ 141.4451262, 40.4002337 ], [ 141.4447861, 40.4007937 ], [ 141.4445561, 40.4011837 ], [ 141.4442361, 40.4018537 ], [ 141.4439461, 40.4025137 ], [ 141.4438061, 40.4029937 ], [ 141.4437455, 40.4033036 ], [ 141.4436261, 40.4038737 ], [ 141.4435661, 40.4044837 ], [ 141.4435361, 40.4052237 ], [ 141.4435861, 40.4066037 ], [ 141.4436061, 40.4072837 ], [ 141.4436061, 40.4073237 ], [ 141.4438261, 40.4089137 ], [ 141.4438961, 40.4095737 ], [ 141.4438961, 40.4104237 ], [ 141.4437861, 40.4112637 ], [ 141.4436161, 40.4120937 ], [ 141.443316, 40.4129637 ], [ 141.442996, 40.4136837 ], [ 141.442536, 40.4144937 ], [ 141.441966, 40.4154437 ], [ 141.441176, 40.4166237 ], [ 141.440846, 40.4172037 ], [ 141.440706, 40.4174337 ], [ 141.440336, 40.4182237 ], [ 141.440066, 40.4188837 ], [ 141.439896, 40.4193837 ], [ 141.439656, 40.4202437 ], [ 141.439476, 40.4212737 ], [ 141.439366, 40.4219537 ], [ 141.439286, 40.4228437 ], [ 141.439306, 40.4238037 ], [ 141.439436, 40.4250337 ], [ 141.439576, 40.4257737 ], [ 141.4398959, 40.4268637 ], [ 141.4402259, 40.4277637 ], [ 141.4406659, 40.4287137 ], [ 141.4411259, 40.4294437 ], [ 141.4417959, 40.4304137 ], [ 141.4427759, 40.4316037 ], [ 141.4437559, 40.4327137 ], [ 141.4447059, 40.4337637 ], [ 141.4456359, 40.4348637 ], [ 141.4460959, 40.4355137 ], [ 141.4464659, 40.4360337 ], [ 141.4468058, 40.4366137 ], [ 141.4470458, 40.4370637 ], [ 141.4473158, 40.4374937 ], [ 141.4475758, 40.4380637 ], [ 141.4477658, 40.4385437 ], [ 141.4479858, 40.4390737 ], [ 141.4483458, 40.4401337 ], [ 141.4485858, 40.4409437 ], [ 141.4488558, 40.4419737 ], [ 141.4491758, 40.4429337 ], [ 141.4492258, 40.4430737 ], [ 141.4495758, 40.4439537 ], [ 141.4498958, 40.4448237 ], [ 141.4502158, 40.4455137 ], [ 141.4505658, 40.4461237 ], [ 141.4511058, 40.4469537 ], [ 141.4515357, 40.4475837 ], [ 141.4520757, 40.4482637 ], [ 141.4526257, 40.4488537 ], [ 141.4526857, 40.4489237 ], [ 141.4536657, 40.4499537 ], [ 141.4552157, 40.4515037 ], [ 141.4558257, 40.4521937 ], [ 141.4561857, 40.4526037 ], [ 141.4564457, 40.4529537 ], [ 141.4567357, 40.4533537 ], [ 141.4571857, 40.4541637 ], [ 141.4574157, 40.4547237 ], [ 141.4576457, 40.4554137 ], [ 141.4577657, 40.4560037 ], [ 141.4578957, 40.4568437 ], [ 141.4579357, 40.4576537 ], [ 141.4580256, 40.4587537 ], [ 141.4580556, 40.4598937 ], [ 141.4581456, 40.4605437 ], [ 141.4582956, 40.4613537 ], [ 141.4586956, 40.4625038 ], [ 141.4591756, 40.4635338 ], [ 141.4599756, 40.4649838 ], [ 141.4604256, 40.4658138 ], [ 141.4607456, 40.4664238 ], [ 141.4609856, 40.4671038 ], [ 141.4612156, 40.4678338 ], [ 141.4613492, 40.4684677 ], [ 141.4614328, 40.4689402 ], [ 141.4614856, 40.4693638 ], [ 141.4615155, 40.4702838 ], [ 141.4614855, 40.4713238 ], [ 141.4612755, 40.4721838 ], [ 141.4608955, 40.4733038 ], [ 141.4603155, 40.4748438 ], [ 141.4600555, 40.4756038 ], [ 141.4598455, 40.4762538 ], [ 141.4595955, 40.4774738 ], [ 141.4595155, 40.4782738 ], [ 141.4594955, 40.4789438 ], [ 141.4595555, 40.4796238 ], [ 141.4596655, 40.4802838 ], [ 141.4598855, 40.4812038 ], [ 141.4601955, 40.4820938 ], [ 141.4606054, 40.4828838 ], [ 141.4610854, 40.4837338 ], [ 141.4618454, 40.4848638 ], [ 141.4629354, 40.4866138 ], [ 141.4634154, 40.4874638 ], [ 141.4636854, 40.4881138 ], [ 141.4641154, 40.4893138 ], [ 141.4644854, 40.4904738 ], [ 141.4646654, 40.4912638 ], [ 141.4650254, 40.4931438 ], [ 141.4652154, 40.4943438 ] ] } },
{ "type": "Feature", "properties": { "N12_001": "02", "N12_002": 1, "N12_003": 1, "N12_004": "東北縦貫自動車道八戸線", "N12_005": 2, "N12_006": 2 }, "geometry": { "type": "LineString", "coordinates": [ [ 141.4582956, 40.4613537 ], [ 141.4570956, 40.4633438 ], [ 141.4561056, 40.4646238 ], [ 141.4557156, 40.4650338 ], [ 141.4550556, 40.4656938 ], [ 141.4543256, 40.4663267 ], [ 141.4532456, 40.4670738 ], [ 141.4522556, 40.4676738 ], [ 141.4513756, 40.4681238 ], [ 141.4502456, 40.4685638 ], [ 141.4493456, 40.4688538 ], [ 141.4483056, 40.4690938 ], [ 141.4469856, 40.4692938 ], [ 141.4459156, 40.4693738 ], [ 141.4444856, 40.4694138 ], [ 141.4430256, 40.4694538 ], [ 141.4380056, 40.4695138 ], [ 141.4364456, 40.4695538 ], [ 141.4352256, 40.4695738 ], [ 141.4338456, 40.4697038 ], [ 141.4328356, 40.4698738 ], [ 141.4316556, 40.4701638 ], [ 141.4306856, 40.4704938 ], [ 141.4296256, 40.4709138 ], [ 141.4285456, 40.4715238 ], [ 141.4275556, 40.4721238 ], [ 141.4267656, 40.4726938 ], [ 141.4208456, 40.4778138 ], [ 141.4186156, 40.4797438 ], [ 141.4179156, 40.4804238 ], [ 141.4170556, 40.4812538 ], [ 141.4160956, 40.4823738 ], [ 141.4156356, 40.4830138 ], [ 141.4150655, 40.4838638 ], [ 141.4146155, 40.4846838 ], [ 141.4142455, 40.4854938 ], [ 141.4139055, 40.4864038 ], [ 141.4136855, 40.4874038 ], [ 141.4135655, 40.4885838 ], [ 141.4135255, 40.4896038 ], [ 141.4136055, 40.4907038 ], [ 141.4137755, 40.4923338 ], [ 141.4142355, 40.4948438 ], [ 141.4143555, 40.4957338 ], [ 141.4145254, 40.4970938 ], [ 141.4148254, 40.4990738 ], [ 141.4153354, 40.5013038 ], [ 141.4156754, 40.5031538 ], [ 141.4157754, 40.5038338 ], [ 141.4158854, 40.5046838 ], [ 141.4159854, 40.5059638 ], [ 141.4159754, 40.5067739 ], [ 141.4159254, 40.5075839 ], [ 141.4158754, 40.5084339 ], [ 141.4157353, 40.5094639 ], [ 141.4154353, 40.5113339 ], [ 141.4153453, 40.5118039 ], [ 141.4152853, 40.5123939 ], [ 141.4152653, 40.5130339 ], [ 141.4152653, 40.5137439 ], [ 141.4153153, 40.5144039 ], [ 141.4154053, 40.5152839 ], [ 141.4155853, 40.5161239 ], [ 141.4157553, 40.5166239 ], [ 141.4159153, 40.5171039 ], [ 141.4162153, 40.5178839 ], [ 141.4168053, 40.5190139 ], [ 141.4172253, 40.5197539 ], [ 141.4178652, 40.5205839 ], [ 141.4186252, 40.5214039 ], [ 141.4187852, 40.5215639 ], [ 141.4195852, 40.5223539 ], [ 141.4218552, 40.5243539 ], [ 141.4243352, 40.5265739 ], [ 141.4250152, 40.5272639 ], [ 141.4254752, 40.5278039 ], [ 141.4259952, 40.5283839 ], [ 141.4265552, 40.5290539 ], [ 141.4270652, 40.5298239 ], [ 141.4275951, 40.5306039 ], [ 141.4280151, 40.5313239 ], [ 141.4282851, 40.5318539 ], [ 141.4285651, 40.5324439 ], [ 141.4288651, 40.5331639 ], [ 141.4291851, 40.534134 ], [ 141.4293851, 40.534834 ], [ 141.4295251, 40.535444 ], [ 141.4297051, 40.536704 ], [ 141.4299151, 40.538524 ], [ 141.4302251, 40.541394 ], [ 141.430565, 40.544234 ], [ 141.430855, 40.546824 ], [ 141.431055, 40.548574 ], [ 141.431115, 40.549434 ], [ 141.431275, 40.551224 ], [ 141.431365, 40.552094 ], [ 141.431535, 40.553274 ], [ 141.4317649, 40.554294 ], [ 141.4321849, 40.5559741 ], [ 141.4325449, 40.5570841 ], [ 141.4325549, 40.5571241 ] ] } },
{ "type": "Feature", "properties": { "N12_001": "02", "N12_002": 1, "N12_003": 1, "N12_004": "東北縦貫自動車道八戸線", "N12_005": 2, "N12_006": 3 }, "geometry": { "type": "LineString", "coordinates": [ [ 140.8426944, 40.8309954 ], [ 140.8420244, 40.8307454 ], [ 140.8404944, 40.8302354 ], [ 140.8395844, 40.8298554 ], [ 140.8386244, 40.8293654 ], [ 140.8373444, 40.8285654 ], [ 140.8312045, 40.8237254 ], [ 140.8297045, 40.8227054 ], [ 140.8282945, 40.8219954 ], [ 140.8271945, 40.8215854 ], [ 140.8265345, 40.8213754 ], [ 140.8237745, 40.8206454 ], [ 140.8187946, 40.8192454 ], [ 140.8159646, 40.8184554 ], [ 140.8143646, 40.8179454 ], [ 140.8124346, 40.8172354 ], [ 140.8112546, 40.8167254 ], [ 140.8095546, 40.8158054 ], [ 140.8088746, 40.8154354 ], [ 140.8075647, 40.8145754 ], [ 140.8058547, 40.8133254 ], [ 140.8040147, 40.8118154 ], [ 140.8029747, 40.8109654 ], [ 140.8007547, 40.8091754 ], [ 140.7993447, 40.8080354 ], [ 140.7969547, 40.8061254 ], [ 140.7953948, 40.8049054 ], [ 140.7942548, 40.8040554 ], [ 140.7939548, 40.8038554 ], [ 140.7935248, 40.8035754 ], [ 140.7923348, 40.8028354 ], [ 140.7912348, 40.8021554 ], [ 140.7891948, 40.8010554 ], [ 140.7872848, 40.8001254 ], [ 140.7858248, 40.7994554 ], [ 140.7853748, 40.7992254 ], [ 140.7839848, 40.7987154 ], [ 140.783684, 40.7986151 ], [ 140.7836248, 40.7985954 ], [ 140.7830748, 40.7984054 ], [ 140.7805348, 40.7975554 ], [ 140.7790749, 40.7971054 ], [ 140.7772349, 40.7965654 ], [ 140.7747549, 40.7960354 ], [ 140.7731149, 40.7957254 ], [ 140.7727595, 40.7956723 ], [ 140.7724449, 40.7956254 ], [ 140.7705549, 40.7953854 ], [ 140.7659349, 40.7949954 ], [ 140.7645249, 40.7949754 ], [ 140.7625249, 40.7949354 ], [ 140.7601949, 40.7949654 ], [ 140.7590549, 40.7950054 ], [ 140.7582249, 40.7950454 ], [ 140.7560849, 40.7951454 ], [ 140.752435, 40.7954454 ], [ 140.746445, 40.7959454 ], [ 140.745165, 40.7960854 ], [ 140.7432396, 40.796272 ], [ 140.742895, 40.7963054 ], [ 140.741635, 40.7964654 ], [ 140.740195, 40.7966054 ], [ 140.7395368, 40.7966743 ], [ 140.738895, 40.7967354 ], [ 140.736765, 40.7968754 ], [ 140.733015, 40.7971154 ], [ 140.729785, 40.7974354 ], [ 140.728255, 40.7975654 ], [ 140.726875, 40.7976954 ], [ 140.725045, 40.7978154 ], [ 140.7232251, 40.7978754 ], [ 140.7212351, 40.7979054 ], [ 140.7192751, 40.7978454 ], [ 140.7192651, 40.7978454 ], [ 140.7139451, 40.7977054 ], [ 140.7113451, 40.7976054 ], [ 140.7111851, 40.7976054 ], [ 140.7064051, 40.7975954 ], [ 140.7056651, 40.7976654 ], [ 140.7048751, 40.7977754 ], [ 140.7039251, 40.7979754 ], [ 140.7028951, 40.7982454 ], [ 140.7016551, 40.7987155 ], [ 140.7004951, 40.7993055 ], [ 140.6997551, 40.7997255 ], [ 140.6975251, 40.8012455 ], [ 140.6965951, 40.8018655 ], [ 140.6956051, 40.8023855 ], [ 140.6947051, 40.8027955 ], [ 140.6935052, 40.8031955 ], [ 140.6922952, 40.8034955 ], [ 140.6901252, 40.8038155 ], [ 140.6886052, 40.8038055 ], [ 140.6880352, 40.8037855 ], [ 140.6861852, 40.8035155 ], [ 140.6843052, 40.8030455 ], [ 140.6824052, 40.8023555 ], [ 140.6807652, 40.8015855 ], [ 140.6791852, 40.8006855 ], [ 140.6780252, 40.7998255 ], [ 140.6767852, 40.7986855 ], [ 140.6755452, 40.7972455 ], [ 140.6747352, 40.7962355 ] ] } },
{ "type": "Feature", "properties": { "N12_001": "02", "N12_002": 1, "N12_003": 1, "N12_004": "東北縦貫自動車道八戸線", "N12_005": 2, "N12_006": 4 }, "geometry": { "type": "LineString", "coordinates": [ [ 141.4359349, 40.554364 ], [ 141.4357749, 40.554334 ], [ 141.4353049, 40.554294 ], [ 141.4349049, 40.554294 ], [ 141.4347849, 40.554324 ], [ 141.4345849, 40.554434 ], [ 141.4343949, 40.554584 ], [ 141.4341349, 40.554874 ], [ 141.4339049, 40.555174 ], [ 141.4338849, 40.555204 ], [ 141.4336549, 40.555534 ], [ 141.4333949, 40.5559941 ], [ 141.4331749, 40.5563641 ], [ 141.4330649, 40.5565141 ], [ 141.4328449, 40.5567941 ], [ 141.4326049, 40.5570241 ], [ 141.4325449, 40.5570841 ] ] } },
{ "type": "Feature", "properties": { "N12_001": "02", "N12_002": 1, "N12_003": 1, "N12_004": "東北縦貫自動車道八戸線", "N12_005": 2, "N12_006": 5 }, "geometry": { "type": "LineString", "coordinates": [ [ 141.4436061, 40.4073237 ], [ 141.4437461, 40.4073037 ], [ 141.4438561, 40.4072837 ], [ 141.4442044, 40.4072489 ], [ 141.4445358, 40.4071887 ], [ 141.4447958, 40.4070387 ], [ 141.4449558, 40.4069187 ], [ 141.4452858, 40.4065787 ], [ 141.4455758, 40.4061987 ], [ 141.4455958, 40.4061787 ], [ 141.4457825, 40.4058113 ], [ 141.4461861, 40.4051537 ], [ 141.4466461, 40.4045037 ] ] } },
{ "type": "Feature", "properties": { "N12_001": "02", "N12_002": 1, "N12_003": 1, "N12_004": "東北縦貫自動車道八戸線", "N12_005": 2, "N12_006": 6 }, "geometry": { "type": "LineString", "coordinates": [ [ 140.7432396, 40.796272 ], [ 140.7432708, 40.796505 ], [ 140.7433719, 40.7968032 ], [ 140.7434121, 40.7968817 ], [ 140.7435771, 40.7970622 ], [ 140.7438598, 40.7972035 ], [ 140.744166, 40.7972819 ], [ 140.7445744, 40.7972898 ], [ 140.7452498, 40.7972349 ], [ 140.7457288, 40.7972035 ], [ 140.7462943, 40.7971564 ], [ 140.7468126, 40.7970701 ], [ 140.7472288, 40.7969759 ], [ 140.7474644, 40.7968032 ], [ 140.7475508, 40.7965835 ], [ 140.7475813, 40.796225 ] ] } },
{ "type": "Feature", "properties": { "N12_001": "02", "N12_002": 1, "N12_003": 1, "N12_004": "東北縦貫自動車道弘前線", "N12_005": 1, "N12_006": 5 }, "geometry": { "type": "LineString", "coordinates": [ [ 140.6031153, 40.7401954 ], [ 140.6029053, 40.7401954 ], [ 140.6027153, 40.7401954 ], [ 140.6024753, 40.7402054 ], [ 140.6023053, 40.7402354 ], [ 140.6020653, 40.7403054 ], [ 140.6010725, 40.7406267 ], [ 140.6006637, 40.7408392 ], [ 140.6001503, 40.7412642 ], [ 140.5996892, 40.7417252 ], [ 140.5990902, 40.7423879 ], [ 140.5982108, 40.7434647 ], [ 140.5975786, 40.7442175 ], [ 140.5971032, 40.7446784 ], [ 140.5967752, 40.7449305 ], [ 140.5965043, 40.745089 ], [ 140.5962191, 40.7452439 ], [ 140.5957912, 40.7453987 ], [ 140.5953396, 40.745496 ], [ 140.5948405, 40.7455968 ], [ 140.5938518, 40.7456292 ], [ 140.591223, 40.7457193 ], [ 140.5894595, 40.7457913 ], [ 140.5880334, 40.7458345 ], [ 140.5873013, 40.7458669 ], [ 140.5866406, 40.7459101 ], [ 140.5859275, 40.7460542 ], [ 140.5840352, 40.7466754 ], [ 140.5837152, 40.7467354 ], [ 140.5833852, 40.7467854 ], [ 140.5830352, 40.7468154 ], [ 140.5826652, 40.7468354 ], [ 140.5823852, 40.7468454 ] ] } },
{ "type": "Feature", "properties": { "N12_001": "02", "N12_002": 1, "N12_003": 3, "N12_004": "一般国道45号", "N12_005": 3, "N12_006": 1 }, "geometry": { "type": "LineString", "coordinates": [ [ 141.6644011, 40.4349606 ], [ 141.6634896, 40.4356373 ], [ 141.6626616, 40.4362369 ], [ 141.6614338, 40.4372934 ], [ 141.660463, 40.43815 ], [ 141.6596492, 40.438921 ], [ 141.6587355, 40.4397776 ], [ 141.6575077, 40.4410625 ], [ 141.6564084, 40.4420904 ], [ 141.6556231, 40.4428328 ], [ 141.6545381, 40.4436894 ], [ 141.6515852, 40.4455977 ], [ 141.6493009, 40.4468351 ], [ 141.6476174, 40.4478507 ], [ 141.6471287, 40.448128 ], [ 141.6455154, 40.4490435 ], [ 141.6448354, 40.4494435 ], [ 141.6427154, 40.4506435 ], [ 141.6417954, 40.4511835 ], [ 141.6402154, 40.4520735 ], [ 141.6384954, 40.4530236 ], [ 141.6363154, 40.4541336 ], [ 141.6345354, 40.4550136 ], [ 141.6320354, 40.4561536 ], [ 141.6309154, 40.4566736 ], [ 141.6297154, 40.4572736 ], [ 141.6282254, 40.4580936 ], [ 141.6270754, 40.4588036 ], [ 141.6258654, 40.4596036 ], [ 141.6250154, 40.4602136 ], [ 141.6241954, 40.4608436 ], [ 141.6225054, 40.4622136 ], [ 141.6213954, 40.4630036 ], [ 141.6199654, 40.4637736 ], [ 141.6190554, 40.4641636 ], [ 141.6182254, 40.4644436 ], [ 141.6164754, 40.4648936 ], [ 141.6150554, 40.4651136 ], [ 141.6135554, 40.4652036 ], [ 141.6101154, 40.4651036 ], [ 141.6078254, 40.4651336 ], [ 141.6064454, 40.4652936 ], [ 141.6051254, 40.4655536 ], [ 141.6035754, 40.4660236 ], [ 141.6025554, 40.4664236 ], [ 141.6014754, 40.4669736 ], [ 141.6003454, 40.4676536 ], [ 141.5977953, 40.4693936 ], [ 141.5975753, 40.4695236 ], [ 141.5974353, 40.4696036 ], [ 141.5968753, 40.4699337 ], [ 141.5963153, 40.4702637 ], [ 141.5957553, 40.4705837 ], [ 141.5951853, 40.4708937 ], [ 141.5948115, 40.4710887 ], [ 141.5927008, 40.472134 ], [ 141.5904319, 40.4734133 ], [ 141.5892785, 40.4740719 ], [ 141.5876054, 40.4750978 ], [ 141.5864646, 40.4758325 ], [ 141.5842853, 40.4771837 ], [ 141.5830953, 40.4779737 ], [ 141.5818553, 40.4787937 ], [ 141.5804472, 40.4796387 ], [ 141.5790402, 40.4805506 ], [ 141.5778931, 40.4812789 ], [ 141.5764419, 40.4821707 ], [ 141.5755519, 40.4826607 ], [ 141.5743519, 40.4832207 ], [ 141.5734379, 40.4835968 ], [ 141.5724746, 40.4839325 ], [ 141.5711953, 40.4842637 ], [ 141.5690253, 40.4844637 ], [ 141.5683453, 40.4845037 ], [ 141.5673253, 40.4844837 ], [ 141.5655953, 40.4843237 ], [ 141.5647153, 40.4841537 ], [ 141.5637753, 40.4839037 ], [ 141.5627953, 40.4836337 ], [ 141.5619253, 40.4833337 ], [ 141.5611502, 40.4830301 ], [ 141.5602858, 40.4826854 ], [ 141.5592653, 40.4822537 ], [ 141.5552488, 40.4807811 ], [ 141.5541553, 40.4803337 ], [ 141.5531753, 40.4800637 ], [ 141.5518053, 40.4796437 ], [ 141.5506153, 40.4794437 ], [ 141.5489053, 40.4793237 ], [ 141.5474753, 40.4793537 ], [ 141.5462053, 40.4794637 ], [ 141.5447253, 40.4797137 ], [ 141.5427353, 40.4802337 ], [ 141.5396853, 40.4811337 ], [ 141.5373153, 40.4818737 ], [ 141.5357853, 40.4822637 ], [ 141.5337253, 40.4825237 ], [ 141.5324653, 40.4825937 ], [ 141.5305753, 40.4825037 ], [ 141.5293253, 40.4823537 ], [ 141.5274053, 40.4820337 ], [ 141.5253453, 40.4816137 ], [ 141.5189754, 40.4803537 ], [ 141.5176354, 40.4800937 ], [ 141.5151954, 40.4797037 ], [ 141.5134254, 40.4795037 ], [ 141.5112254, 40.4791337 ], [ 141.5102594, 40.4789641 ], [ 141.5093121, 40.4789065 ], [ 141.508063, 40.4788489 ], [ 141.505397, 40.4788361 ], [ 141.504433, 40.4788745 ], [ 141.5013898, 40.479009 ], [ 141.4973993, 40.4791882 ], [ 141.495622, 40.4792842 ], [ 141.4933333, 40.4794059 ], [ 141.492562, 40.4794699 ], [ 141.4910446, 40.4795531 ], [ 141.4892338, 40.4795211 ], [ 141.4887224, 40.4794827 ], [ 141.4876242, 40.479329 ], [ 141.4865846, 40.4790794 ], [ 141.4851511, 40.4786761 ], [ 141.4839942, 40.4782536 ], [ 141.4831978, 40.4778823 ], [ 141.4824014, 40.4774342 ], [ 141.4810182, 40.4765315 ], [ 141.4805823, 40.4761538 ], [ 141.4798279, 40.4754689 ], [ 141.4787588, 40.4745075 ], [ 141.4781514, 40.4739837 ], [ 141.4768269, 40.4729274 ], [ 141.4759468, 40.4724089 ], [ 141.4751337, 40.4719352 ], [ 141.4740943, 40.4714742 ], [ 141.4734153, 40.4712246 ], [ 141.4720909, 40.4707957 ], [ 141.4708, 40.4704756 ], [ 141.4699283, 40.4702899 ], [ 141.4659048, 40.4695474 ], [ 141.4618793, 40.4688577 ], [ 141.460997, 40.4687061 ], [ 141.4600206, 40.4684527 ], [ 141.4587801, 40.4682286 ], [ 141.4576317, 40.4679342 ], [ 141.4566762, 40.4675949 ], [ 141.4557793, 40.4672172 ], [ 141.4548702, 40.4667056 ], [ 141.4543256, 40.4663267 ] ] } },
{ "type": "Feature", "properties": { "N12_001": "02", "N12_002": 1, "N12_003": 3, "N12_004": "一般国道45号", "N12_005": 3, "N12_006": 2 }, "geometry": { "type": "LineString", "coordinates": [ [ 141.5565253, 40.4834237 ], [ 141.5565348, 40.4831966 ], [ 141.5564467, 40.4829716 ], [ 141.5562314, 40.4827564 ], [ 141.5559965, 40.4825315 ], [ 141.5555818, 40.4822339 ], [ 141.5551311, 40.4818108 ], [ 141.5550341, 40.4815831 ], [ 141.5550142, 40.4814138 ], [ 141.5550655, 40.4811861 ], [ 141.5551352, 40.4809569 ], [ 141.5552488, 40.4807811 ] ] } },
{ "type": "Feature", "properties": { "N12_001": "02", "N12_002": 1, "N12_003": 6, "N12_004": "青森県道　後平馬屋尻線", "N12_005": 4, "N12_006": 1 }, "geometry": { "type": "LineString", "coordinates": [ [ 140.868071, 40.8244124 ], [ 140.8682243, 40.8243252 ], [ 140.8686043, 40.8239552 ], [ 140.8688343, 40.8236352 ], [ 140.8690243, 40.8232752 ], [ 140.8694143, 40.8224952 ], [ 140.8696343, 40.8221052 ], [ 140.8699143, 40.8218152 ], [ 140.8701743, 40.8215752 ], [ 140.8705243, 40.8213452 ], [ 140.8709343, 40.8211152 ], [ 140.8721043, 40.8206752 ], [ 140.8730543, 40.8203452 ], [ 140.8735543, 40.8201052 ], [ 140.8741643, 40.8197052 ], [ 140.8746043, 40.8193652 ], [ 140.8749343, 40.8189852 ], [ 140.8753843, 40.8184152 ], [ 140.8761343, 40.8174451 ], [ 140.8765043, 40.8171351 ], [ 140.8769943, 40.8168651 ], [ 140.8781143, 40.8163051 ], [ 140.8793743, 40.8158051 ], [ 140.8800143, 40.8154851 ], [ 140.8814443, 40.8144951 ], [ 140.8819143, 40.8141551 ], [ 140.8827543, 40.8134251 ], [ 140.8832143, 40.8130351 ], [ 140.8836143, 40.8128051 ], [ 140.8840843, 40.8126351 ], [ 140.8846443, 40.8124551 ], [ 140.8858243, 40.8122351 ], [ 140.8865943, 40.8120451 ], [ 140.8872543, 40.8117951 ], [ 140.8878043, 40.8115351 ], [ 140.8882943, 40.8111651 ], [ 140.8890443, 40.8104551 ], [ 140.8895843, 40.8099651 ], [ 140.8900343, 40.8097351 ], [ 140.8906743, 40.8095751 ], [ 140.8923143, 40.8093051 ], [ 140.8930143, 40.8091551 ], [ 140.8935543, 40.8089451 ], [ 140.8941143, 40.8086151 ], [ 140.8948843, 40.8079951 ], [ 140.8953743, 40.8076751 ], [ 140.8956743, 40.8075351 ], [ 140.8972443, 40.8069351 ], [ 140.8985443, 40.8064051 ], [ 140.8991443, 40.8060551 ], [ 140.9000943, 40.8053851 ], [ 140.9007143, 40.8050251 ], [ 140.9017443, 40.8046751 ], [ 140.9064343, 40.803315 ], [ 140.9070943, 40.803075 ], [ 140.9076543, 40.802795 ], [ 140.9082643, 40.802375 ], [ 140.9087043, 40.802145 ], [ 140.9093643, 40.801885 ], [ 140.9102343, 40.801655 ], [ 140.9107643, 40.801615 ], [ 140.9113943, 40.801665 ], [ 140.9128243, 40.801955 ], [ 140.9135443, 40.802015 ], [ 140.9142143, 40.801995 ], [ 140.9148043, 40.801935 ], [ 140.9155443, 40.801775 ], [ 140.9161443, 40.801535 ], [ 140.9170143, 40.800935 ], [ 140.9188343, 40.799445 ], [ 140.9191743, 40.799125 ], [ 140.9193543, 40.798815 ], [ 140.9196143, 40.798005 ], [ 140.9197943, 40.797575 ], [ 140.9200443, 40.797185 ], [ 140.9204643, 40.796855 ], [ 140.9211243, 40.796425 ], [ 140.9217343, 40.796155 ], [ 140.9224243, 40.795895 ], [ 140.9231743, 40.795735 ], [ 140.9242943, 40.795545 ], [ 140.9252643, 40.795445 ], [ 140.9264843, 40.795315 ], [ 140.9275843, 40.795205 ], [ 140.9283543, 40.795055 ], [ 140.9290143, 40.794805 ], [ 140.9314743, 40.793705 ], [ 140.9349443, 40.792165 ], [ 140.9367643, 40.791295 ], [ 140.9372943, 40.791065 ], [ 140.9376643, 40.790945 ], [ 140.9385743, 40.790815 ], [ 140.9400043, 40.790575 ], [ 140.9411243, 40.790345 ], [ 140.9418543, 40.790145 ], [ 140.9425743, 40.789865 ], [ 140.9431943, 40.789555 ], [ 140.9436543, 40.789165 ], [ 140.9441843, 40.788605 ], [ 140.9446143, 40.788075 ], [ 140.9449243, 40.787775 ], [ 140.9452443, 40.787555 ], [ 140.9457643, 40.787245 ], [ 140.9468543, 40.786705 ], [ 140.9473943, 40.786375 ], [ 140.9478043, 40.785975 ], [ 140.9480743, 40.785615 ], [ 140.9492843, 40.783255 ], [ 140.9501243, 40.781695 ], [ 140.9503443, 40.781455 ], [ 140.9507443, 40.781095 ], [ 140.9512543, 40.780775 ], [ 140.9518843, 40.780485 ], [ 140.9528243, 40.780175 ], [ 140.9535843, 40.779935 ], [ 140.9548243, 40.779605 ], [ 140.9563343, 40.779235 ], [ 140.9587443, 40.778635 ], [ 140.9603343, 40.778235 ], [ 140.9665243, 40.776825 ], [ 140.9752343, 40.774725 ], [ 140.9828343, 40.773005 ], [ 140.9834543, 40.772885 ], [ 140.9839543, 40.772805 ], [ 140.9845743, 40.772765 ], [ 140.9851043, 40.772775 ], [ 140.9865443, 40.772985 ], [ 140.9875643, 40.773135 ], [ 140.9880343, 40.773255 ], [ 140.9893243, 40.773885 ], [ 140.9909643, 40.774815 ], [ 140.9917243, 40.775125 ], [ 140.9924643, 40.775365 ], [ 140.9938243, 40.775675 ], [ 140.9950143, 40.775835 ], [ 140.9958043, 40.775875 ], [ 140.9963943, 40.775885 ], [ 140.9969643, 40.775755 ], [ 140.9978943, 40.775515 ], [ 140.9982243, 40.775455 ], [ 140.9988343, 40.775465 ], [ 141.0019943, 40.775915 ], [ 141.0028843, 40.776105 ], [ 141.0036543, 40.776455 ], [ 141.0049143, 40.777105 ], [ 141.0054943, 40.777315 ], [ 141.0059143, 40.777395 ], [ 141.0064343, 40.777425 ], [ 141.0069243, 40.777415 ], [ 141.0075643, 40.777305 ], [ 141.0080643, 40.777115 ], [ 141.0087643, 40.776735 ], [ 141.0097143, 40.776135 ], [ 141.0103343, 40.775875 ], [ 141.0110043, 40.775745 ], [ 141.0121843, 40.775745 ], [ 141.0158643, 40.7758849 ], [ 141.0172743, 40.7758249 ], [ 141.0184543, 40.7757049 ], [ 141.0196843, 40.7755449 ], [ 141.0203343, 40.7754849 ], [ 141.0211643, 40.7755149 ], [ 141.0217343, 40.7756349 ], [ 141.0223743, 40.7758049 ], [ 141.0229843, 40.7760049 ], [ 141.0236843, 40.7764149 ], [ 141.0246143, 40.7771449 ], [ 141.0250942, 40.7775149 ], [ 141.0256442, 40.7778549 ], [ 141.0263042, 40.7781449 ], [ 141.0269742, 40.7783349 ], [ 141.0284342, 40.7786849 ], [ 141.0292642, 40.7789849 ], [ 141.0300742, 40.7794049 ], [ 141.0305942, 40.7798449 ], [ 141.0313942, 40.780635 ], [ 141.0321542, 40.781235 ], [ 141.0328542, 40.781545 ], [ 141.0336242, 40.781815 ], [ 141.0344842, 40.781995 ], [ 141.0352042, 40.782085 ], [ 141.0358942, 40.782075 ], [ 141.0369542, 40.781905 ], [ 141.0377742, 40.7816349 ], [ 141.0382342, 40.7814149 ], [ 141.0391842, 40.7808849 ], [ 141.0397342, 40.7806249 ], [ 141.0403342, 40.7804549 ], [ 141.0412342, 40.7803049 ], [ 141.0419942, 40.7802749 ], [ 141.0424542, 40.7802949 ], [ 141.0429142, 40.7803949 ], [ 141.0434342, 40.7805249 ], [ 141.0439242, 40.7807249 ], [ 141.0444642, 40.7809649 ], [ 141.0453142, 40.7816249 ], [ 141.0460742, 40.7823649 ], [ 141.0465842, 40.7827449 ], [ 141.0472942, 40.7831749 ], [ 141.0477742, 40.7833949 ], [ 141.0483442, 40.7835349 ], [ 141.0489642, 40.7835949 ], [ 141.0503042, 40.7835549 ], [ 141.0515642, 40.7834849 ], [ 141.0521042, 40.7835049 ], [ 141.0527442, 40.7835849 ], [ 141.0539342, 40.7838649 ], [ 141.0545542, 40.7839749 ], [ 141.0550842, 40.7840349 ], [ 141.0557642, 40.7839949 ], [ 141.0564142, 40.7838649 ], [ 141.0570242, 40.7836649 ], [ 141.0583342, 40.7828649 ], [ 141.0593642, 40.7823349 ], [ 141.0600942, 40.7820849 ], [ 141.0606642, 40.7819349 ], [ 141.0613842, 40.7818749 ], [ 141.0622842, 40.7818849 ], [ 141.0633842, 40.7820549 ], [ 141.0655642, 40.7825749 ], [ 141.0667042, 40.7829349 ], [ 141.0673742, 40.7832749 ], [ 141.0679542, 40.7837049 ], [ 141.0682742, 40.7840249 ], [ 141.0687541, 40.7847049 ], [ 141.0692941, 40.7854849 ], [ 141.0695841, 40.7858549 ], [ 141.0700741, 40.7862849 ], [ 141.0706541, 40.7866349 ], [ 141.0712141, 40.7869449 ], [ 141.0718741, 40.7871649 ], [ 141.0725041, 40.7873449 ], [ 141.0731341, 40.7874149 ], [ 141.0770841, 40.7873149 ], [ 141.0803141, 40.7871649 ], [ 141.0812141, 40.7871749 ], [ 141.0819341, 40.7872749 ], [ 141.0825541, 40.7874349 ], [ 141.0832541, 40.7876849 ], [ 141.0838541, 40.7880049 ], [ 141.0845941, 40.7885249 ], [ 141.0852041, 40.7891249 ], [ 141.0852741, 40.7892049 ], [ 141.0855341, 40.7894749 ], [ 141.0859841, 40.7899349 ], [ 141.0860541, 40.7900249 ], [ 141.0862241, 40.7901949 ], [ 141.0864641, 40.7904249 ], [ 141.0866241, 40.7905849 ] ] } },
{ "type": "Feature", "properties": { "N12_001": "02", "N12_002": 1, "N12_003": 3, "N12_004": "一般国道4号", "N12_005": 5, "N12_006": 1 }, "geometry": { "type": "LineString", "coordinates": [ [ 141.2765017, 40.3441963 ], [ 141.2765673, 40.3446427 ], [ 141.2765673, 40.3448427 ], [ 141.2765873, 40.3450127 ], [ 141.2765873, 40.3451027 ], [ 141.2765873, 40.3452627 ], [ 141.2765373, 40.3454627 ], [ 141.2765173, 40.3455327 ], [ 141.2764373, 40.3456827 ], [ 141.2763173, 40.3458227 ], [ 141.2761073, 40.3460127 ], [ 141.2759773, 40.3461227 ], [ 141.2756573, 40.3462927 ], [ 141.2753073, 40.3464527 ], [ 141.2752073, 40.3464927 ], [ 141.2747873, 40.3466527 ], [ 141.2744072, 40.3467727 ], [ 141.2738972, 40.3469127 ], [ 141.2730972, 40.3474727 ], [ 141.2711672, 40.3488327 ], [ 141.2694372, 40.3499927 ], [ 141.2682972, 40.3507627 ], [ 141.2680872, 40.3509027 ], [ 141.2677972, 40.3510327 ], [ 141.2675772, 40.3511127 ], [ 141.2673972, 40.3511627 ], [ 141.2670772, 40.3512127 ], [ 141.2667372, 40.3512227 ], [ 141.2658372, 40.3511927 ], [ 141.2656072, 40.3511827 ], [ 141.2634372, 40.3511327 ], [ 141.2630272, 40.3511227 ], [ 141.2629072, 40.3511227 ], [ 141.2627772, 40.3511027 ], [ 141.2610972, 40.3510627 ], [ 141.2600172, 40.3510327 ], [ 141.2597672, 40.3510627 ], [ 141.2594272, 40.3511727 ], [ 141.2589872, 40.3513127 ], [ 141.2585572, 40.3514627 ], [ 141.2583372, 40.3515327 ], [ 141.2568572, 40.3520327 ], [ 141.2564672, 40.3522027 ], [ 141.2561172, 40.3523727 ], [ 141.2555072, 40.3526927 ], [ 141.2553272, 40.3528027 ], [ 141.2550872, 40.3529427 ], [ 141.2548272, 40.3531127 ], [ 141.2545772, 40.3533127 ], [ 141.2544772, 40.3533927 ], [ 141.2542772, 40.3536327 ], [ 141.2541272, 40.3538627 ], [ 141.2539772, 40.3541227 ], [ 141.2537472, 40.3546227 ], [ 141.2536472, 40.3549027 ], [ 141.2535672, 40.3552527 ], [ 141.2535372, 40.3554927 ], [ 141.2535172, 40.3556527 ], [ 141.2534672, 40.3561527 ], [ 141.2534072, 40.3566127 ], [ 141.2533472, 40.3570027 ], [ 141.2533172, 40.3571627 ], [ 141.2532671, 40.3573227 ], [ 141.2531371, 40.3577227 ], [ 141.2530071, 40.3581228 ], [ 141.2528571, 40.3584628 ], [ 141.2522371, 40.3594828 ], [ 141.2521271, 40.3596228 ], [ 141.2520171, 40.3597528 ], [ 141.2519171, 40.3598328 ], [ 141.2518271, 40.3599028 ], [ 141.2517071, 40.3599828 ], [ 141.2515771, 40.3600528 ], [ 141.2506971, 40.3604128 ], [ 141.2500071, 40.3607228 ], [ 141.2496571, 40.3608828 ], [ 141.2492371, 40.3611128 ], [ 141.2484871, 40.3616028 ], [ 141.2483371, 40.3616928 ], [ 141.2481471, 40.3618128 ], [ 141.2479771, 40.3619328 ], [ 141.2478571, 40.3620228 ], [ 141.2476771, 40.3621828 ], [ 141.2475471, 40.3623228 ], [ 141.2473971, 40.3625728 ], [ 141.2471271, 40.3630628 ], [ 141.2469871, 40.3634428 ], [ 141.2468171, 40.3639128 ], [ 141.2465871, 40.3647228 ], [ 141.2464571, 40.3652628 ], [ 141.2462571, 40.3657028 ], [ 141.2457471, 40.3664128 ], [ 141.2455371, 40.3666628 ], [ 141.2454071, 40.3668028 ], [ 141.2452571, 40.3669528 ], [ 141.244927, 40.3672428 ], [ 141.244567, 40.3674828 ], [ 141.244207, 40.3676528 ], [ 141.243927, 40.3677728 ], [ 141.243817, 40.3678328 ], [ 141.243677, 40.3678928 ], [ 141.243627, 40.3679128 ], [ 141.243327, 40.3680428 ], [ 141.242947, 40.3681928 ], [ 141.242737, 40.3682828 ], [ 141.242557, 40.3683528 ], [ 141.241667, 40.3687528 ], [ 141.241457, 40.3688428 ], [ 141.240637, 40.3692628 ], [ 141.240497, 40.3693528 ], [ 141.240367, 40.3694928 ], [ 141.240297, 40.3695728 ], [ 141.240057, 40.3698328 ], [ 141.239927, 40.3700028 ], [ 141.239837, 40.3701328 ], [ 141.239767, 40.3702828 ], [ 141.239687, 40.3704528 ], [ 141.239637, 40.3706628 ], [ 141.239587, 40.3708628 ], [ 141.239557, 40.3710228 ], [ 141.239547, 40.3712328 ], [ 141.239607, 40.3718628 ], [ 141.239787, 40.3724528 ], [ 141.240077, 40.3731728 ], [ 141.240317, 40.3737628 ], [ 141.240607, 40.3743728 ], [ 141.240767, 40.3746528 ], [ 141.240937, 40.3748928 ], [ 141.240997, 40.3749928 ], [ 141.241217, 40.3752928 ], [ 141.241977, 40.3761729 ], [ 141.242597, 40.3767729 ], [ 141.243247, 40.3774229 ], [ 141.2435569, 40.3777829 ], [ 141.2438569, 40.3781929 ], [ 141.2439369, 40.3783129 ], [ 141.2440869, 40.3786029 ], [ 141.2446269, 40.3794629 ], [ 141.2448969, 40.3798229 ], [ 141.2449469, 40.3798729 ], [ 141.2452769, 40.3802929 ], [ 141.2454269, 40.3804329 ], [ 141.2458169, 40.3807429 ], [ 141.2460969, 40.3809329 ], [ 141.2464569, 40.3811429 ], [ 141.2468369, 40.3813229 ], [ 141.2472669, 40.3815129 ], [ 141.2477669, 40.3816929 ], [ 141.2481069, 40.3817829 ], [ 141.2484869, 40.3818929 ], [ 141.2487569, 40.3819629 ], [ 141.2489369, 40.3820129 ], [ 141.2495169, 40.3821529 ], [ 141.2500069, 40.3823029 ], [ 141.2501069, 40.3823329 ], [ 141.2507369, 40.3826029 ], [ 141.2511969, 40.3828429 ], [ 141.2517369, 40.3831629 ], [ 141.2519769, 40.3833429 ], [ 141.2520969, 40.3834429 ], [ 141.2522969, 40.3835929 ], [ 141.2523569, 40.3836429 ], [ 141.2526469, 40.3839129 ], [ 141.2529669, 40.3842729 ], [ 141.2533369, 40.3847229 ], [ 141.2536369, 40.3851129 ], [ 141.2538669, 40.3853929 ], [ 141.2540769, 40.3855929 ], [ 141.2544869, 40.3859729 ], [ 141.2547369, 40.3861529 ], [ 141.2550569, 40.3863729 ], [ 141.2551469, 40.3864429 ], [ 141.2553669, 40.3865729 ], [ 141.2556069, 40.3866929 ], [ 141.2559769, 40.3868629 ], [ 141.2564869, 40.3870429 ], [ 141.2568769, 40.3871529 ], [ 141.2571069, 40.3872029 ], [ 141.2573669, 40.3872629 ], [ 141.2576569, 40.3873129 ], [ 141.2578069, 40.3873329 ], [ 141.2580069, 40.3873529 ], [ 141.2583769, 40.3873829 ], [ 141.2589669, 40.3874329 ], [ 141.2597969, 40.3875029 ], [ 141.2599269, 40.3875229 ], [ 141.2602269, 40.3875529 ], [ 141.2605369, 40.3876029 ], [ 141.2607369, 40.3876329 ], [ 141.2614269, 40.3877929 ], [ 141.2617669, 40.3879229 ], [ 141.2621469, 40.3880729 ], [ 141.2625568, 40.3882929 ], [ 141.2628468, 40.3885229 ], [ 141.2629768, 40.3886429 ], [ 141.2631468, 40.3888329 ], [ 141.2633568, 40.3891129 ], [ 141.2635768, 40.3895129 ], [ 141.2636768, 40.3898229 ], [ 141.2636868, 40.3900929 ], [ 141.2636668, 40.3902529 ], [ 141.2636668, 40.3904429 ], [ 141.2635768, 40.3910129 ], [ 141.2634468, 40.3914129 ], [ 141.2633568, 40.3916429 ], [ 141.2632568, 40.3919029 ], [ 141.2630068, 40.3924829 ], [ 141.2627868, 40.3930829 ], [ 141.2626268, 40.3935929 ], [ 141.2625468, 40.3939629 ], [ 141.2625068, 40.3943329 ], [ 141.2624868, 40.3947629 ], [ 141.2624868, 40.3951129 ], [ 141.2624868, 40.3955029 ], [ 141.2625368, 40.3959129 ], [ 141.2626268, 40.3965929 ], [ 141.2627168, 40.3971929 ], [ 141.2627468, 40.3973829 ], [ 141.2628668, 40.3979729 ], [ 141.2629467, 40.3984129 ], [ 141.2631367, 40.3995329 ], [ 141.2631667, 40.3996229 ], [ 141.2632667, 40.399993 ], [ 141.2632967, 40.400063 ], [ 141.2635067, 40.400503 ], [ 141.2636467, 40.400683 ], [ 141.2638267, 40.400893 ], [ 141.2639667, 40.401023 ], [ 141.2642967, 40.401263 ], [ 141.2644767, 40.401383 ], [ 141.2647567, 40.401593 ], [ 141.2650967, 40.401843 ], [ 141.2654367, 40.402073 ], [ 141.2658867, 40.402383 ], [ 141.2660967, 40.402523 ], [ 141.2666767, 40.402943 ], [ 141.2669767, 40.403163 ], [ 141.2673967, 40.403463 ], [ 141.2677167, 40.403673 ], [ 141.2682467, 40.404023 ], [ 141.2683567, 40.404103 ], [ 141.2686067, 40.404273 ], [ 141.2692867, 40.404673 ], [ 141.2695267, 40.404823 ], [ 141.2701067, 40.405193 ], [ 141.2701967, 40.405243 ], [ 141.2707467, 40.405543 ], [ 141.2709367, 40.405643 ], [ 141.2719467, 40.406183 ], [ 141.2729267, 40.406723 ], [ 141.2735167, 40.407113 ], [ 141.2737167, 40.407243 ], [ 141.2739467, 40.407403 ], [ 141.2740567, 40.407473 ], [ 141.2745567, 40.407813 ], [ 141.2748567, 40.408083 ], [ 141.2749266, 40.408153 ], [ 141.2749466, 40.408163 ], [ 141.2750366, 40.408283 ], [ 141.2752266, 40.408543 ], [ 141.2757766, 40.409183 ], [ 141.2764366, 40.409943 ], [ 141.2768266, 40.410363 ], [ 141.2769066, 40.410453 ], [ 141.2769566, 40.410503 ], [ 141.2771266, 40.410633 ], [ 141.2774666, 40.410843 ], [ 141.2775766, 40.410903 ], [ 141.2777466, 40.410993 ], [ 141.2779066, 40.411063 ], [ 141.2782166, 40.411183 ], [ 141.2785466, 40.411293 ], [ 141.2797366, 40.411683 ], [ 141.2809266, 40.412073 ], [ 141.2821266, 40.412443 ], [ 141.2833066, 40.412843 ], [ 141.2835466, 40.412913 ], [ 141.2839066, 40.413023 ], [ 141.2841166, 40.413083 ], [ 141.2842266, 40.413123 ], [ 141.2844866, 40.413203 ], [ 141.2850166, 40.413373 ], [ 141.2852266, 40.413443 ], [ 141.2854766, 40.413593 ], [ 141.2855966, 40.413673 ], [ 141.2858966, 40.413883 ], [ 141.2860666, 40.414003 ], [ 141.2864266, 40.414243 ], [ 141.2867066, 40.414433 ], [ 141.2871066, 40.414743 ], [ 141.2875766, 40.415113 ], [ 141.2879466, 40.415393 ], [ 141.2880966, 40.415513 ], [ 141.2881866, 40.415573 ], [ 141.2883866, 40.415683 ], [ 141.2885766, 40.415773 ], [ 141.2891766, 40.416043 ], [ 141.2893866, 40.416143 ], [ 141.2897166, 40.416263 ], [ 141.2899566, 40.416333 ], [ 141.2904066, 40.416423 ], [ 141.2907166, 40.416483 ], [ 141.2912366, 40.416543 ], [ 141.2914365, 40.416553 ], [ 141.2916965, 40.416553 ], [ 141.2923065, 40.416553 ], [ 141.2923965, 40.416553 ], [ 141.2931165, 40.416543 ], [ 141.2947265, 40.416513 ], [ 141.2953865, 40.416513 ], [ 141.2967365, 40.416513 ], [ 141.2969765, 40.416473 ], [ 141.2973065, 40.416373 ], [ 141.2974565, 40.416313 ], [ 141.2977465, 40.416153 ], [ 141.2980165, 40.415963 ], [ 141.2981666, 40.415823 ], [ 141.2984466, 40.415463 ], [ 141.2989066, 40.414863 ], [ 141.2992666, 40.414503 ], [ 141.2994566, 40.414373 ], [ 141.2995866, 40.414303 ], [ 141.2997666, 40.414223 ], [ 141.2999066, 40.414183 ], [ 141.2999666, 40.414173 ], [ 141.3001266, 40.414143 ], [ 141.3003566, 40.414133 ], [ 141.3006266, 40.414123 ], [ 141.3007766, 40.414133 ], [ 141.3009666, 40.414173 ], [ 141.3011166, 40.414203 ], [ 141.3013466, 40.414273 ], [ 141.3017466, 40.414483 ], [ 141.3020766, 40.414703 ], [ 141.3030865, 40.415373 ], [ 141.3035165, 40.415693 ], [ 141.3040565, 40.416063 ], [ 141.3043965, 40.416293 ], [ 141.3046465, 40.416443 ], [ 141.3049265, 40.416643 ], [ 141.3055465, 40.417043 ], [ 141.3056765, 40.417123 ], [ 141.3059265, 40.417333 ], [ 141.3059965, 40.417433 ], [ 141.3060665, 40.417523 ], [ 141.3061465, 40.417653 ], [ 141.3062065, 40.417803 ], [ 141.3063665, 40.4183431 ], [ 141.3066365, 40.4194931 ], [ 141.3067765, 40.4202331 ], [ 141.3068465, 40.4206531 ], [ 141.3068665, 40.4207831 ], [ 141.3070965, 40.4217031 ], [ 141.3071765, 40.4219631 ], [ 141.3073965, 40.4224331 ], [ 141.3074965, 40.4226231 ], [ 141.3077265, 40.4229431 ], [ 141.3077665, 40.4229831 ], [ 141.3078465, 40.4230631 ], [ 141.3079865, 40.4231931 ], [ 141.3081564, 40.4233331 ], [ 141.3083864, 40.4234831 ], [ 141.3089664, 40.4238331 ], [ 141.3098064, 40.4242731 ], [ 141.3107764, 40.4247031 ], [ 141.3112864, 40.4249231 ], [ 141.3118864, 40.4251931 ], [ 141.3123064, 40.4253731 ], [ 141.3128664, 40.4256231 ], [ 141.3131964, 40.4257731 ], [ 141.3139064, 40.4260931 ], [ 141.3146864, 40.4264231 ], [ 141.3166764, 40.4272932 ], [ 141.3172364, 40.4275432 ], [ 141.3183164, 40.4280332 ], [ 141.3192564, 40.4284532 ], [ 141.3196364, 40.4286232 ], [ 141.3198664, 40.4287232 ], [ 141.3199064, 40.4287532 ], [ 141.3201064, 40.4288332 ], [ 141.3203564, 40.4289332 ], [ 141.3208064, 40.4291432 ], [ 141.3212763, 40.4293532 ], [ 141.3214563, 40.4294332 ], [ 141.3220463, 40.4296932 ], [ 141.3232963, 40.4302532 ], [ 141.3241963, 40.4306532 ], [ 141.3247663, 40.4309732 ], [ 141.3249863, 40.4311332 ], [ 141.3251363, 40.4312532 ], [ 141.3252563, 40.4313832 ], [ 141.3253763, 40.4315132 ], [ 141.3255963, 40.4317732 ], [ 141.3258663, 40.4321332 ], [ 141.3260863, 40.4325332 ], [ 141.3262963, 40.4329932 ], [ 141.3264463, 40.4333232 ], [ 141.3265163, 40.4334932 ], [ 141.3266063, 40.4336632 ], [ 141.3267463, 40.4340232 ], [ 141.3268563, 40.4342232 ], [ 141.3270263, 40.4344632 ], [ 141.3272963, 40.4348032 ], [ 141.3275763, 40.4350832 ], [ 141.3277363, 40.4352433 ], [ 141.3280163, 40.4355433 ], [ 141.3280563, 40.4355933 ], [ 141.3289163, 40.4364833 ], [ 141.3291163, 40.4366833 ], [ 141.3299962, 40.4375833 ], [ 141.3306262, 40.4381633 ], [ 141.3306962, 40.4382533 ], [ 141.3311562, 40.4388133 ], [ 141.3314862, 40.4391933 ], [ 141.3317162, 40.4394733 ], [ 141.3321562, 40.4400433 ], [ 141.3324562, 40.4404133 ], [ 141.3327262, 40.4407333 ], [ 141.3328362, 40.4408833 ], [ 141.3329162, 40.4409733 ], [ 141.3330662, 40.4412033 ], [ 141.3331862, 40.4414033 ], [ 141.3332462, 40.4415233 ], [ 141.3332962, 40.4416633 ], [ 141.3333362, 40.4417633 ], [ 141.3335562, 40.4423033 ], [ 141.3336362, 40.4424633 ], [ 141.3337962, 40.4427533 ], [ 141.3340062, 40.4430133 ], [ 141.3342662, 40.4432633 ], [ 141.3345162, 40.4434633 ], [ 141.3347562, 40.4436133 ], [ 141.3348062, 40.4436433 ], [ 141.3352162, 40.4439133 ], [ 141.3359062, 40.4443333 ], [ 141.3360661, 40.4444233 ], [ 141.3363161, 40.4445934 ], [ 141.3366961, 40.4449434 ], [ 141.3367961, 40.4450834 ], [ 141.3368361, 40.4452134 ], [ 141.3368561, 40.4453834 ], [ 141.3368661, 40.4458034 ], [ 141.3368261, 40.4459634 ], [ 141.3367561, 40.4461034 ], [ 141.3366161, 40.4463234 ], [ 141.3364861, 40.4464934 ], [ 141.3363761, 40.4465934 ], [ 141.3362861, 40.4466634 ], [ 141.3361761, 40.4467434 ], [ 141.3360561, 40.4467934 ], [ 141.3360061, 40.4468134 ], [ 141.3357661, 40.4468934 ], [ 141.3355061, 40.4469634 ], [ 141.3353561, 40.4469834 ], [ 141.3350961, 40.4469934 ], [ 141.3341761, 40.4469934 ], [ 141.3338361, 40.4469834 ], [ 141.3333361, 40.4469734 ], [ 141.3331761, 40.4469734 ], [ 141.3328461, 40.4469734 ], [ 141.3324861, 40.4469634 ], [ 141.3322761, 40.4469734 ], [ 141.3317461, 40.4470434 ], [ 141.3314561, 40.4470934 ], [ 141.3310461, 40.4471634 ], [ 141.3305361, 40.4472734 ], [ 141.3301861, 40.4473534 ], [ 141.3299761, 40.4474234 ], [ 141.3298361, 40.4474734 ], [ 141.3297261, 40.4475134 ], [ 141.3291661, 40.4477734 ], [ 141.3285061, 40.4480834 ], [ 141.3280861, 40.4482534 ], [ 141.3276661, 40.4484634 ], [ 141.3276061, 40.4485034 ], [ 141.3273461, 40.4487034 ], [ 141.3272961, 40.4487834 ], [ 141.3271661, 40.4489634 ], [ 141.3270461, 40.4491834 ], [ 141.3269861, 40.4493234 ], [ 141.3269161, 40.4495434 ], [ 141.3268961, 40.4497034 ], [ 141.3268861, 40.4497334 ], [ 141.3268561, 40.4499934 ], [ 141.3268461, 40.4501034 ], [ 141.3267761, 40.4504934 ], [ 141.3267361, 40.4509434 ], [ 141.3266261, 40.4515234 ], [ 141.3265661, 40.4517734 ], [ 141.3264461, 40.4519934 ], [ 141.3263161, 40.4521534 ], [ 141.3259861, 40.4524034 ], [ 141.3247261, 40.4532034 ], [ 141.3244961, 40.4533434 ], [ 141.3240461, 40.4535134 ], [ 141.3238561, 40.4535534 ], [ 141.3235561, 40.4536534 ], [ 141.3232661, 40.4537234 ], [ 141.3229861, 40.4537834 ], [ 141.3222161, 40.4539234 ], [ 141.3216561, 40.4540434 ], [ 141.3208161, 40.4542734 ], [ 141.3206261, 40.4543334 ], [ 141.3204761, 40.4544234 ], [ 141.3203261, 40.4545434 ], [ 141.3201361, 40.4547434 ], [ 141.3199861, 40.4549834 ], [ 141.3198561, 40.4551834 ], [ 141.3197261, 40.4554734 ], [ 141.3196261, 40.4558634 ], [ 141.3194761, 40.4561734 ], [ 141.3193161, 40.4565534 ], [ 141.3192261, 40.4567234 ], [ 141.3190361, 40.4570434 ], [ 141.3187361, 40.4574534 ], [ 141.3185361, 40.4576734 ], [ 141.3181061, 40.4581134 ], [ 141.3179561, 40.4583134 ], [ 141.3177861, 40.4585434 ], [ 141.3173261, 40.4591434 ], [ 141.3172661, 40.4592234 ], [ 141.316976, 40.4595534 ], [ 141.316636, 40.4598634 ], [ 141.316276, 40.4601834 ], [ 141.316096, 40.4603434 ], [ 141.315686, 40.4607134 ], [ 141.315526, 40.4608734 ], [ 141.315426, 40.4610134 ], [ 141.315346, 40.4611634 ], [ 141.315326, 40.4612334 ], [ 141.315266, 40.4613634 ], [ 141.315236, 40.4614834 ], [ 141.315006, 40.4621334 ], [ 141.314936, 40.4622934 ], [ 141.314796, 40.4627334 ], [ 141.314586, 40.4632334 ], [ 141.314286, 40.4635334 ], [ 141.314176, 40.4636534 ], [ 141.313836, 40.4639634 ], [ 141.313736, 40.4640434 ], [ 141.313096, 40.4644234 ], [ 141.312046, 40.4649634 ], [ 141.311526, 40.4652234 ], [ 141.311316, 40.4653334 ], [ 141.311166, 40.4654134 ], [ 141.310816, 40.4655834 ], [ 141.310716, 40.4656234 ], [ 141.309886, 40.4660334 ], [ 141.309606, 40.4662035 ], [ 141.309336, 40.4664235 ], [ 141.309196, 40.4665535 ], [ 141.309146, 40.4666035 ], [ 141.308916, 40.4668635 ], [ 141.308846, 40.4669335 ], [ 141.308626, 40.4672235 ], [ 141.308406, 40.4675735 ], [ 141.308336, 40.4676835 ], [ 141.308246, 40.4678435 ], [ 141.308076, 40.4682535 ], [ 141.308026, 40.4684535 ], [ 141.307986, 40.4687535 ], [ 141.308006, 40.4689135 ], [ 141.308066, 40.4692735 ], [ 141.308096, 40.4695535 ], [ 141.308166, 40.4699135 ], [ 141.308156, 40.4702735 ], [ 141.308126, 40.4705035 ], [ 141.308016, 40.4708235 ], [ 141.307956, 40.4709735 ], [ 141.307846, 40.4712635 ], [ 141.307736, 40.4714835 ], [ 141.3075959, 40.4716735 ], [ 141.3075059, 40.4717935 ], [ 141.3067759, 40.4725735 ], [ 141.3064659, 40.4729535 ], [ 141.3062559, 40.4732935 ], [ 141.3061159, 40.4735835 ], [ 141.3060559, 40.4738835 ], [ 141.3060559, 40.4742135 ], [ 141.3060859, 40.4743735 ], [ 141.3061259, 40.4744635 ], [ 141.3061659, 40.4745535 ], [ 141.3064059, 40.4749935 ], [ 141.3065659, 40.4752235 ], [ 141.3069259, 40.4756335 ], [ 141.3072759, 40.4759935 ], [ 141.3074959, 40.4762235 ], [ 141.3082959, 40.4769935 ], [ 141.3083359, 40.4770435 ], [ 141.3085559, 40.4772735 ], [ 141.3087459, 40.4775835 ], [ 141.3088259, 40.4777835 ], [ 141.3088959, 40.4779835 ], [ 141.3089059, 40.4780735 ], [ 141.3089359, 40.4782535 ], [ 141.3089259, 40.4785635 ], [ 141.3089359, 40.4788535 ], [ 141.3089059, 40.4793135 ], [ 141.3087959, 40.4811036 ], [ 141.3087959, 40.4814136 ], [ 141.3088259, 40.4815636 ], [ 141.3089658, 40.4819236 ], [ 141.3091458, 40.4822536 ], [ 141.3093358, 40.4824836 ], [ 141.3096758, 40.4828936 ], [ 141.3100458, 40.4833236 ], [ 141.3107658, 40.4841436 ], [ 141.3111958, 40.4845936 ], [ 141.3115458, 40.4849436 ], [ 141.3120658, 40.4854836 ], [ 141.3122958, 40.4856936 ], [ 141.3128458, 40.4861936 ], [ 141.3134158, 40.4866636 ], [ 141.3137758, 40.4869536 ], [ 141.3141758, 40.4872436 ], [ 141.3142858, 40.4873136 ], [ 141.3146758, 40.4876036 ], [ 141.3146958, 40.4876136 ], [ 141.3155058, 40.4881836 ], [ 141.3158758, 40.4884436 ], [ 141.3166758, 40.4890136 ], [ 141.3167558, 40.4890836 ], [ 141.3169658, 40.4892936 ], [ 141.3172158, 40.4896436 ], [ 141.3174458, 40.4900536 ], [ 141.3177846, 40.4905575 ], [ 141.3179157, 40.4907536 ], [ 141.3181957, 40.4911036 ], [ 141.3183257, 40.4912136 ], [ 141.3186657, 40.4914236 ], [ 141.3191757, 40.4917036 ], [ 141.3195957, 40.4919236 ], [ 141.3198757, 40.4921236 ], [ 141.3201357, 40.4923737 ], [ 141.3201957, 40.4924437 ], [ 141.3203657, 40.4927637 ], [ 141.3204257, 40.4929237 ], [ 141.3204557, 40.4930137 ], [ 141.3205157, 40.4932637 ], [ 141.3205157, 40.4935937 ], [ 141.3204757, 40.4937837 ], [ 141.3204057, 40.4939637 ], [ 141.3203257, 40.4940737 ], [ 141.3202257, 40.4941937 ], [ 141.3201057, 40.4943537 ], [ 141.3198057, 40.4947237 ], [ 141.3196757, 40.4948737 ], [ 141.3194257, 40.4951837 ], [ 141.3190457, 40.4956637 ], [ 141.3187857, 40.4959837 ], [ 141.3184157, 40.4964637 ], [ 141.3180257, 40.4969437 ], [ 141.3176157, 40.4974337 ], [ 141.3172157, 40.4979137 ], [ 141.3168657, 40.4984337 ], [ 141.3166757, 40.4988537 ], [ 141.3165357, 40.4991537 ], [ 141.3161657, 40.4999937 ], [ 141.3160057, 40.5004237 ], [ 141.3158557, 40.5007937 ], [ 141.3158057, 40.5010937 ], [ 141.3157157, 40.5018037 ], [ 141.3155857, 40.5024237 ], [ 141.3155256, 40.5027137 ], [ 141.3153956, 40.5031337 ], [ 141.3153456, 40.5033137 ], [ 141.3150256, 40.5046737 ], [ 141.3149556, 40.5050237 ], [ 141.3148556, 40.5054537 ], [ 141.3147556, 40.5058437 ], [ 141.3145656, 40.5064237 ], [ 141.3143756, 40.5068137 ], [ 141.3140156, 40.5073737 ], [ 141.3136456, 40.5078237 ], [ 141.3130956, 40.5083937 ], [ 141.3124456, 40.5089638 ], [ 141.3119956, 40.5093338 ], [ 141.3118756, 40.5094238 ], [ 141.3113056, 40.5097838 ], [ 141.3109356, 40.5099738 ], [ 141.3106056, 40.5101138 ], [ 141.3104056, 40.5101738 ], [ 141.3101256, 40.5102538 ], [ 141.3096256, 40.5103838 ], [ 141.3089456, 40.5105038 ], [ 141.3080456, 40.5106138 ], [ 141.3077656, 40.5106338 ], [ 141.3070956, 40.5106838 ], [ 141.3061056, 40.5107538 ], [ 141.3054956, 40.5108238 ], [ 141.3051156, 40.5108838 ], [ 141.3048956, 40.5109238 ], [ 141.3046156, 40.5109938 ], [ 141.3044256, 40.5110438 ], [ 141.3042456, 40.5110938 ], [ 141.3039956, 40.5111538 ], [ 141.3036456, 40.5112738 ], [ 141.3033556, 40.5113838 ], [ 141.3030356, 40.5115238 ], [ 141.3027756, 40.5116438 ], [ 141.3026056, 40.5117338 ], [ 141.3020356, 40.5120538 ], [ 141.3007956, 40.5128638 ], [ 141.3004156, 40.5131138 ], [ 141.2993556, 40.5138138 ], [ 141.2988556, 40.5141038 ], [ 141.2984456, 40.5143038 ], [ 141.2981056, 40.5144338 ], [ 141.2977656, 40.5145238 ], [ 141.2973256, 40.5146038 ], [ 141.2968256, 40.5146538 ], [ 141.2955356, 40.5146938 ], [ 141.2953556, 40.5146938 ], [ 141.2950256, 40.5147038 ], [ 141.2946356, 40.5147438 ], [ 141.2940456, 40.5148538 ], [ 141.2938456, 40.5148938 ], [ 141.2932156, 40.5150938 ], [ 141.2928556, 40.5152538 ], [ 141.2925056, 40.5154438 ], [ 141.2920756, 40.5157238 ], [ 141.2919056, 40.5158738 ], [ 141.2915756, 40.5161738 ], [ 141.2914156, 40.5163738 ], [ 141.2912356, 40.5166538 ], [ 141.2910456, 40.5170238 ], [ 141.2909756, 40.5171638 ], [ 141.2907856, 40.5176438 ], [ 141.2901555, 40.5197938 ], [ 141.2900555, 40.5201438 ], [ 141.2899155, 40.5205038 ], [ 141.2896755, 40.5209638 ], [ 141.2894455, 40.5213238 ], [ 141.2891955, 40.5216938 ], [ 141.2889155, 40.5220738 ], [ 141.2878855, 40.5233738 ], [ 141.2868655, 40.5246438 ], [ 141.2866655, 40.5249238 ], [ 141.2865355, 40.5251338 ], [ 141.2863655, 40.5255338 ], [ 141.2862855, 40.5257538 ], [ 141.2862455, 40.5259938 ], [ 141.2862055, 40.5261938 ], [ 141.2862055, 40.5264739 ], [ 141.2862255, 40.5266739 ], [ 141.2862755, 40.5268839 ], [ 141.2863455, 40.5270439 ], [ 141.2863955, 40.5271739 ], [ 141.2865455, 40.5274439 ], [ 141.2871055, 40.5282839 ], [ 141.2872655, 40.5285539 ], [ 141.2875755, 40.5290339 ], [ 141.2876255, 40.5291239 ], [ 141.2877755, 40.5294139 ], [ 141.2879155, 40.5297739 ], [ 141.2879755, 40.5300339 ], [ 141.2880755, 40.5304039 ], [ 141.2880755, 40.5307739 ], [ 141.2880055, 40.5311739 ], [ 141.2879455, 40.5313939 ], [ 141.2878154, 40.5317639 ], [ 141.2875354, 40.5322939 ], [ 141.2872854, 40.5326839 ], [ 141.2871754, 40.5328639 ], [ 141.2869354, 40.5332039 ], [ 141.2865954, 40.5337839 ], [ 141.2863654, 40.5343139 ], [ 141.2861054, 40.5350739 ], [ 141.2859954, 40.5354239 ], [ 141.2858954, 40.5357239 ], [ 141.2858554, 40.5358739 ], [ 141.2856654, 40.5362639 ], [ 141.2852154, 40.5369039 ], [ 141.2847454, 40.5376139 ], [ 141.2845154, 40.5379339 ], [ 141.2839254, 40.5388239 ], [ 141.2837154, 40.5392039 ], [ 141.2835254, 40.5396239 ], [ 141.2834154, 40.5399739 ], [ 141.2833754, 40.5402739 ], [ 141.2833754, 40.5407439 ], [ 141.2834154, 40.5410939 ], [ 141.2835254, 40.5415039 ], [ 141.2836654, 40.541944 ], [ 141.2839054, 40.542514 ], [ 141.2841154, 40.542944 ], [ 141.2842354, 40.543204 ], [ 141.2843454, 40.543544 ], [ 141.2843954, 40.543754 ], [ 141.2844254, 40.543924 ], [ 141.2844254, 40.544444 ], [ 141.2843754, 40.544774 ], [ 141.2842454, 40.545294 ], [ 141.2841353, 40.545644 ], [ 141.2839353, 40.546154 ], [ 141.2836953, 40.546664 ], [ 141.2833853, 40.547254 ], [ 141.2831353, 40.547674 ], [ 141.2830453, 40.547814 ], [ 141.2827853, 40.548194 ], [ 141.2822853, 40.548834 ], [ 141.2820153, 40.549184 ], [ 141.2812553, 40.550164 ], [ 141.2809153, 40.550604 ], [ 141.2797553, 40.552084 ], [ 141.2795753, 40.552294 ], [ 141.2792053, 40.552624 ], [ 141.2790753, 40.552724 ], [ 141.2780353, 40.553504 ], [ 141.2777753, 40.553704 ], [ 141.2776553, 40.553854 ], [ 141.2775353, 40.553974 ], [ 141.2774653, 40.554134 ], [ 141.2773653, 40.554384 ], [ 141.2773353, 40.554464 ], [ 141.2773153, 40.554894 ], [ 141.2773053, 40.555014 ], [ 141.2772953, 40.555134 ], [ 141.2772753, 40.555314 ], [ 141.2772253, 40.555554 ], [ 141.2771453, 40.555754 ], [ 141.2770453, 40.555944 ], [ 141.2769653, 40.556054 ], [ 141.2768253, 40.556214 ], [ 141.2767153, 40.556324 ], [ 141.2766153, 40.556414 ], [ 141.2761753, 40.556644 ], [ 141.2749753, 40.557204 ], [ 141.2746453, 40.557404 ], [ 141.2743653, 40.557614 ], [ 141.2741453, 40.557844 ], [ 141.2740153, 40.5580241 ], [ 141.2738753, 40.5582941 ], [ 141.2738053, 40.5584541 ], [ 141.2736553, 40.5588741 ], [ 141.2735353, 40.5593141 ], [ 141.2732053, 40.5603841 ], [ 141.2730653, 40.5607841 ], [ 141.2729253, 40.5613041 ], [ 141.2728453, 40.5615741 ], [ 141.2727852, 40.5619041 ], [ 141.2727752, 40.5621341 ], [ 141.2727652, 40.5624541 ], [ 141.2727852, 40.5627541 ], [ 141.2728352, 40.5630641 ], [ 141.2729152, 40.5636141 ], [ 141.2729352, 40.5637941 ], [ 141.2729452, 40.5639441 ], [ 141.2728952, 40.5642841 ], [ 141.2727752, 40.5646441 ], [ 141.2726552, 40.5648641 ], [ 141.2724052, 40.5651741 ], [ 141.2722752, 40.5653041 ], [ 141.2719852, 40.5655341 ], [ 141.2718852, 40.5655941 ], [ 141.2716052, 40.5657741 ], [ 141.2713552, 40.5659141 ], [ 141.2712152, 40.5660041 ], [ 141.2709652, 40.5661641 ], [ 141.2693252, 40.5671141 ], [ 141.2690152, 40.5673341 ], [ 141.2686752, 40.5676341 ], [ 141.2685252, 40.5677741 ], [ 141.2681952, 40.5681841 ], [ 141.2678652, 40.5686341 ], [ 141.2671852, 40.5696841 ], [ 141.2667452, 40.5702741 ], [ 141.2664252, 40.5706141 ], [ 141.2663352, 40.5707141 ], [ 141.2661652, 40.5708641 ], [ 141.2659952, 40.5710241 ], [ 141.2656452, 40.5713241 ], [ 141.2655052, 40.5714641 ], [ 141.2652452, 40.5717341 ], [ 141.2647852, 40.5722841 ], [ 141.2643952, 40.5727441 ], [ 141.2642652, 40.5728941 ], [ 141.2637852, 40.5734041 ], [ 141.2632952, 40.5738742 ], [ 141.2630852, 40.5740742 ], [ 141.2628552, 40.5742942 ], [ 141.2624952, 40.5745942 ], [ 141.2621052, 40.5749742 ], [ 141.2617252, 40.5754042 ], [ 141.2611752, 40.5761642 ], [ 141.2610052, 40.5764442 ], [ 141.2608952, 40.5766642 ], [ 141.2606952, 40.5770342 ], [ 141.2605752, 40.5772942 ], [ 141.2604152, 40.5777242 ], [ 141.2601652, 40.5786042 ], [ 141.2599252, 40.5800142 ], [ 141.2595852, 40.5818242 ], [ 141.2593651, 40.5828442 ], [ 141.2591851, 40.5836942 ], [ 141.2590451, 40.5843542 ], [ 141.2588051, 40.5857742 ], [ 141.2587551, 40.5860242 ], [ 141.2586351, 40.5870742 ], [ 141.2586051, 40.5873642 ], [ 141.2585151, 40.5893242 ], [ 141.2585051, 40.5896042 ], [ 141.2585851, 40.5915143 ], [ 141.2587351, 40.5929043 ], [ 141.2589251, 40.5947743 ], [ 141.2590651, 40.5960843 ], [ 141.2592551, 40.5979043 ], [ 141.2593951, 40.5993243 ], [ 141.2595051, 40.6004243 ], [ 141.259865, 40.6039543 ], [ 141.260045, 40.6058244 ], [ 141.260215, 40.6075544 ], [ 141.260255, 40.6079844 ], [ 141.260415, 40.6104244 ], [ 141.260415, 40.6105444 ], [ 141.260425, 40.6106844 ], [ 141.260445, 40.6110244 ], [ 141.260535, 40.6120644 ], [ 141.260515, 40.6122844 ], [ 141.260505, 40.6123844 ], [ 141.260615, 40.6131344 ], [ 141.260715, 40.6137944 ], [ 141.260925, 40.6151744 ], [ 141.260965, 40.6156244 ], [ 141.260985, 40.6158044 ], [ 141.261005, 40.6162044 ], [ 141.260975, 40.6165744 ], [ 141.260925, 40.6168644 ], [ 141.260845, 40.6172144 ], [ 141.260635, 40.6178844 ], [ 141.260445, 40.6183544 ], [ 141.260355, 40.6185344 ], [ 141.260165, 40.6188644 ], [ 141.259905, 40.6192444 ], [ 141.259425, 40.6198044 ], [ 141.259235, 40.6200244 ], [ 141.258805, 40.6204744 ], [ 141.258465, 40.6208245 ], [ 141.258295, 40.6209845 ], [ 141.257615, 40.6216445 ], [ 141.2565649, 40.6226645 ], [ 141.2562549, 40.6229845 ], [ 141.2558049, 40.6234245 ], [ 141.2555149, 40.6237145 ], [ 141.2544149, 40.6248245 ], [ 141.2539749, 40.6252645 ], [ 141.2531849, 40.6260545 ], [ 141.2525149, 40.6267145 ], [ 141.2520849, 40.6271245 ], [ 141.2519649, 40.6272545 ], [ 141.2500949, 40.6290645 ], [ 141.2500149, 40.6291345 ], [ 141.2496149, 40.6295345 ], [ 141.2492049, 40.6299345 ], [ 141.2486149, 40.6305045 ], [ 141.2483949, 40.6307145 ], [ 141.2480249, 40.6310745 ], [ 141.2477549, 40.6313445 ], [ 141.2475549, 40.6315345 ], [ 141.2468349, 40.6322445 ], [ 141.2464449, 40.6326145 ], [ 141.2457249, 40.6333245 ], [ 141.2455549, 40.6335045 ], [ 141.2454349, 40.6336245 ], [ 141.2441749, 40.6348645 ], [ 141.2435949, 40.6354345 ], [ 141.2432449, 40.6357745 ], [ 141.2429549, 40.6360145 ], [ 141.2424349, 40.6364145 ], [ 141.2418749, 40.6367945 ], [ 141.2416749, 40.6369245 ], [ 141.2413649, 40.6371145 ], [ 141.2406949, 40.6375045 ], [ 141.2402149, 40.6377345 ], [ 141.2399148, 40.6378745 ], [ 141.2396748, 40.6379845 ], [ 141.2391748, 40.6381845 ], [ 141.2387448, 40.6383345 ], [ 141.2382248, 40.6384945 ], [ 141.2379848, 40.6385545 ], [ 141.2376648, 40.6386445 ], [ 141.2364148, 40.6389045 ], [ 141.2359748, 40.6389845 ], [ 141.2355948, 40.6390245 ], [ 141.2350448, 40.6390545 ], [ 141.2340848, 40.6391045 ], [ 141.2333148, 40.6391145 ], [ 141.2329048, 40.6390945 ], [ 141.2309348, 40.6389745 ], [ 141.2293548, 40.6388645 ], [ 141.2283448, 40.6388045 ], [ 141.2275548, 40.6387345 ], [ 141.2260749, 40.6386745 ], [ 141.2250049, 40.6386745 ], [ 141.2247449, 40.6386745 ], [ 141.2241249, 40.6387145 ], [ 141.2235749, 40.6387745 ], [ 141.2230449, 40.6388545 ], [ 141.2226849, 40.6389145 ], [ 141.2218449, 40.6390945 ], [ 141.2190348, 40.6398645 ], [ 141.2174948, 40.6402945 ], [ 141.2166748, 40.6405245 ], [ 141.2150948, 40.6409545 ], [ 141.2144448, 40.6411545 ], [ 141.2141748, 40.6412445 ], [ 141.2132048, 40.6415045 ], [ 141.2126348, 40.6416645 ], [ 141.2101348, 40.6423445 ], [ 141.2088948, 40.6426545 ], [ 141.2082748, 40.6428045 ], [ 141.2069548, 40.6430845 ], [ 141.2056848, 40.6433345 ], [ 141.2048348, 40.6434745 ], [ 141.2016948, 40.6440245 ], [ 141.2000748, 40.6443045 ], [ 141.1994548, 40.6444145 ], [ 141.1992248, 40.6444745 ], [ 141.1990448, 40.6445445 ], [ 141.1988648, 40.6446545 ], [ 141.1984748, 40.6448845 ], [ 141.1982648, 40.6453645 ], [ 141.1976048, 40.6468445 ], [ 141.1974148, 40.6472745 ], [ 141.1973548, 40.6474245 ], [ 141.1972048, 40.6477345 ], [ 141.1963948, 40.6495545 ], [ 141.1962448, 40.6498845 ], [ 141.1961848, 40.6499945 ], [ 141.1959948, 40.6503745 ], [ 141.1955747, 40.6512645 ], [ 141.1954647, 40.6514645 ], [ 141.1947047, 40.6528745 ], [ 141.1941847, 40.6538945 ], [ 141.1939047, 40.6544345 ], [ 141.1938147, 40.6546245 ], [ 141.1933847, 40.6555145 ], [ 141.1931147, 40.6560845 ], [ 141.1925447, 40.6573045 ], [ 141.1922347, 40.6579545 ], [ 141.1920347, 40.6583845 ], [ 141.1919447, 40.6585545 ], [ 141.1917947, 40.6588045 ], [ 141.1915147, 40.6591845 ], [ 141.1909847, 40.6597645 ], [ 141.1906047, 40.6601345 ], [ 141.1895446, 40.6612845 ], [ 141.1890546, 40.6618445 ], [ 141.1887846, 40.6621545 ], [ 141.1883346, 40.6626645 ], [ 141.1879546, 40.6631145 ], [ 141.1877946, 40.6633245 ], [ 141.1875146, 40.6637345 ], [ 141.1869546, 40.6646545 ], [ 141.1865446, 40.6653145 ], [ 141.1862846, 40.6657445 ], [ 141.1857146, 40.6667152 ], [ 141.1853333, 40.6675005 ], [ 141.1851233, 40.6679306 ], [ 141.1846033, 40.6689106 ], [ 141.1842833, 40.6694406 ], [ 141.1837433, 40.6704406 ], [ 141.1836233, 40.6706406 ], [ 141.1834533, 40.6708706 ], [ 141.1831233, 40.6712706 ], [ 141.1826633, 40.6718106 ], [ 141.1823933, 40.6720806 ], [ 141.1820045, 40.6723052 ], [ 141.1817845, 40.6724352 ], [ 141.1815645, 40.6725552 ], [ 141.1813745, 40.6726452 ], [ 141.1812145, 40.6727252 ], [ 141.1811245, 40.6727552 ], [ 141.1808445, 40.6728452 ], [ 141.1806745, 40.6729052 ], [ 141.1791252, 40.6735399 ], [ 141.1789852, 40.6735899 ], [ 141.1781752, 40.6739299 ], [ 141.1773352, 40.6743499 ], [ 141.1772252, 40.6744299 ], [ 141.1770152, 40.6745899 ], [ 141.1768652, 40.6746999 ], [ 141.1765152, 40.6749799 ], [ 141.1754152, 40.6759099 ], [ 141.1750552, 40.6762099 ], [ 141.1746552, 40.6765499 ], [ 141.1739645, 40.6770146 ], [ 141.1733645, 40.6775846 ], [ 141.1732745, 40.6776646 ], [ 141.1723745, 40.6784946 ], [ 141.1717445, 40.6792246 ], [ 141.1714745, 40.6796146 ], [ 141.1710145, 40.6804246 ], [ 141.1709445, 40.6806146 ], [ 141.1709145, 40.6807546 ], [ 141.1706945, 40.6813946 ], [ 141.1705545, 40.6819146 ], [ 141.1705145, 40.6823546 ], [ 141.1704644, 40.6833646 ], [ 141.1703644, 40.6844846 ], [ 141.1702944, 40.6848746 ], [ 141.1702344, 40.6851146 ], [ 141.1700844, 40.6856146 ], [ 141.1697044, 40.6865846 ], [ 141.1691744, 40.6879446 ], [ 141.1689744, 40.6885046 ], [ 141.1689044, 40.6888946 ], [ 141.1687744, 40.6899646 ], [ 141.1687644, 40.6904646 ], [ 141.1687844, 40.6909646 ], [ 141.1688744, 40.6915646 ], [ 141.1690044, 40.6921646 ], [ 141.1691244, 40.6927046 ], [ 141.1692244, 40.6930647 ], [ 141.1693644, 40.6937147 ], [ 141.1694444, 40.6944047 ], [ 141.1694444, 40.6949247 ], [ 141.1693943, 40.6954347 ], [ 141.1692843, 40.6959247 ], [ 141.1691243, 40.6963947 ], [ 141.1690043, 40.6967347 ], [ 141.1688343, 40.6970647 ], [ 141.1685743, 40.6975247 ], [ 141.1683043, 40.6979147 ], [ 141.1677643, 40.6985647 ], [ 141.1671043, 40.6991947 ], [ 141.1668785, 40.6994656 ], [ 141.1664444, 40.6998773 ], [ 141.166118, 40.7001749 ], [ 141.1656475, 40.7007069 ], [ 141.1650454, 40.7012769 ], [ 141.1646651, 40.7016442 ], [ 141.1640821, 40.7022015 ], [ 141.1634166, 40.7029234 ], [ 141.1631315, 40.7032274 ], [ 141.162897, 40.7035251 ], [ 141.1626747, 40.703796 ], [ 141.1625447, 40.704006 ], [ 141.1624347, 40.704186 ], [ 141.1623447, 40.704356 ], [ 141.1622347, 40.704596 ], [ 141.1621147, 40.704886 ], [ 141.1620247, 40.705106 ], [ 141.1618237, 40.70572 ], [ 141.1614437, 40.70705 ], [ 141.1612302, 40.7076036 ], [ 141.1610637, 40.70808 ], [ 141.1609101, 40.7083301 ], [ 141.160673, 40.7087417 ], [ 141.160453, 40.7091817 ], [ 141.160163, 40.7096517 ], [ 141.159973, 40.7099317 ], [ 141.159663, 40.7103517 ], [ 141.159003, 40.7111817 ], [ 141.158753, 40.7114717 ], [ 141.158423, 40.7118617 ], [ 141.158113, 40.7122417 ], [ 141.1578383, 40.7125774 ], [ 141.1574883, 40.7130574 ], [ 141.1572983, 40.7133574 ], [ 141.1571383, 40.7136374 ], [ 141.1569883, 40.7139574 ], [ 141.1567983, 40.7144274 ], [ 141.1566883, 40.7148874 ], [ 141.1565283, 40.7158174 ], [ 141.1565846, 40.7161907 ], [ 141.1566139, 40.716315 ], [ 141.1566246, 40.7163607 ], [ 141.1566042, 40.7166647 ], [ 141.1567142, 40.7170847 ], [ 141.1568635, 40.7175191 ], [ 141.1569342, 40.7177247 ], [ 141.1573242, 40.7185847 ], [ 141.1575142, 40.7190047 ], [ 141.1577642, 40.7195447 ], [ 141.1578042, 40.7196247 ], [ 141.1578742, 40.7198248 ], [ 141.1579842, 40.7200648 ], [ 141.1580342, 40.7202248 ], [ 141.1583342, 40.7209948 ], [ 141.1584542, 40.7212848 ], [ 141.1586242, 40.7217248 ], [ 141.1588042, 40.7221748 ], [ 141.1592542, 40.7232648 ], [ 141.1593742, 40.7235648 ], [ 141.1599542, 40.7249948 ], [ 141.1601941, 40.7255748 ], [ 141.1602641, 40.7257348 ], [ 141.1602941, 40.7258548 ], [ 141.1606141, 40.7266548 ], [ 141.1607241, 40.7269548 ], [ 141.1607441, 40.7269848 ], [ 141.1609241, 40.7274748 ], [ 141.1614241, 40.7288048 ], [ 141.1616841, 40.7295048 ], [ 141.1617641, 40.7297548 ], [ 141.1618241, 40.7301548 ], [ 141.1618141, 40.7314148 ], [ 141.1618041, 40.7317648 ], [ 141.1618541, 40.7320848 ], [ 141.1619141, 40.7323248 ], [ 141.1620241, 40.7328248 ], [ 141.1621541, 40.7333148 ], [ 141.1622741, 40.7338649 ], [ 141.1625641, 40.7349949 ], [ 141.1625941, 40.7351649 ], [ 141.1624441, 40.7355249 ], [ 141.1622241, 40.7360849 ], [ 141.1620441, 40.7365249 ], [ 141.1619941, 40.7366149 ], [ 141.1619041, 40.7368949 ], [ 141.1618041, 40.7371049 ], [ 141.1616741, 40.7373049 ], [ 141.1614241, 40.7375649 ], [ 141.1613541, 40.7376249 ], [ 141.1611841, 40.7377549 ], [ 141.1611141, 40.7378049 ], [ 141.1599841, 40.7384949 ], [ 141.1595041, 40.7387949 ], [ 141.1587541, 40.7393749 ], [ 141.1584441, 40.7396949 ], [ 141.1583341, 40.7398049 ], [ 141.1582341, 40.7399149 ], [ 141.1579541, 40.7402649 ], [ 141.1576641, 40.7407749 ], [ 141.1575441, 40.7409949 ], [ 141.1574041, 40.7412349 ], [ 141.1572941, 40.7414649 ], [ 141.1571941, 40.7416649 ], [ 141.1571041, 40.7418349 ], [ 141.1568341, 40.7423649 ], [ 141.1567441, 40.7425449 ], [ 141.1564441, 40.7430449 ], [ 141.1563941, 40.7431249 ], [ 141.1553941, 40.7448749 ], [ 141.155024, 40.7455349 ], [ 141.154864, 40.7458049 ], [ 141.154174, 40.7470349 ], [ 141.154024, 40.7472949 ], [ 141.153194, 40.7487249 ], [ 141.153154, 40.7488049 ], [ 141.152924, 40.7491749 ], [ 141.152724, 40.7495249 ], [ 141.152584, 40.7498149 ], [ 141.152504, 40.7499949 ], [ 141.152394, 40.7502249 ], [ 141.152364, 40.7503249 ], [ 141.152214, 40.7506149 ], [ 141.152064, 40.7509649 ], [ 141.152044, 40.7510049 ], [ 141.151804, 40.7515249 ], [ 141.151774, 40.7516149 ], [ 141.151604, 40.7519849 ], [ 141.151564, 40.7520549 ], [ 141.151554, 40.7520949 ], [ 141.151294, 40.7526849 ], [ 141.151204, 40.7528449 ], [ 141.151194, 40.7528749 ], [ 141.151094, 40.7530649 ], [ 141.150694, 40.7538549 ], [ 141.150604, 40.7540449 ], [ 141.150214, 40.7547149 ], [ 141.150004, 40.7550649 ], [ 141.149574, 40.7557649 ], [ 141.149484, 40.7558949 ], [ 141.149324, 40.7561349 ], [ 141.148424, 40.7576249 ], [ 141.148264, 40.7578849 ], [ 141.148234, 40.7579649 ], [ 141.148044, 40.7583249 ], [ 141.147574, 40.7592149 ], [ 141.147474, 40.7594149 ], [ 141.147404, 40.7595349 ], [ 141.147074, 40.7601849 ], [ 141.146734, 40.7608249 ], [ 141.146534, 40.7611749 ], [ 141.146484, 40.7612649 ], [ 141.146234, 40.7616849 ], [ 141.145474, 40.7628749 ], [ 141.145384, 40.7630149 ], [ 141.144664, 40.7641149 ], [ 141.144614, 40.7642149 ], [ 141.144364, 40.7646049 ], [ 141.143934, 40.7652549 ], [ 141.143554, 40.7658849 ], [ 141.143344, 40.7663249 ], [ 141.143284, 40.7665649 ], [ 141.143274, 40.7666649 ], [ 141.143274, 40.7668049 ], [ 141.143274, 40.7669549 ], [ 141.143334, 40.7677349 ], [ 141.143364, 40.7679549 ], [ 141.143454, 40.7682749 ], [ 141.143664, 40.768785 ], [ 141.143934, 40.769405 ], [ 141.144194, 40.770055 ], [ 141.144294, 40.770305 ], [ 141.144374, 40.770565 ], [ 141.144504, 40.770945 ], [ 141.144814, 40.771815 ], [ 141.145164, 40.774195 ], [ 141.145194, 40.774345 ], [ 141.145244, 40.774655 ], [ 141.145294, 40.774995 ], [ 141.145384, 40.775585 ], [ 141.145454, 40.775995 ], [ 141.145734, 40.777815 ], [ 141.145754, 40.777995 ], [ 141.145794, 40.778225 ], [ 141.145974, 40.779385 ], [ 141.146014, 40.779685 ], [ 141.1461239, 40.780475 ], [ 141.1461439, 40.780585 ], [ 141.1462039, 40.7809951 ], [ 141.1462039, 40.7810151 ], [ 141.1463739, 40.7820551 ], [ 141.1465239, 40.7830351 ], [ 141.1465639, 40.7833151 ], [ 141.1465739, 40.7833951 ], [ 141.1466239, 40.7837551 ], [ 141.1467039, 40.7843151 ], [ 141.1467039, 40.7843751 ], [ 141.1468439, 40.7852651 ], [ 141.1469239, 40.7857451 ], [ 141.1469339, 40.7858351 ], [ 141.1471539, 40.7873351 ], [ 141.1471739, 40.7874251 ], [ 141.1471839, 40.7875151 ], [ 141.1472639, 40.7879551 ], [ 141.1473139, 40.7883551 ], [ 141.1475039, 40.7896751 ], [ 141.1475539, 40.7899951 ], [ 141.1477239, 40.7911051 ], [ 141.1477639, 40.7913351 ], [ 141.1477839, 40.7914851 ], [ 141.1478139, 40.7916651 ], [ 141.1479839, 40.7928351 ], [ 141.1479939, 40.7931051 ], [ 141.1480039, 40.7936352 ], [ 141.1480239, 40.7940652 ], [ 141.1481439, 40.7955152 ], [ 141.1482139, 40.7960952 ], [ 141.1482339, 40.7962352 ], [ 141.1484039, 40.7968652 ], [ 141.1484139, 40.7969352 ], [ 141.1484539, 40.7971552 ], [ 141.1484539, 40.7975052 ], [ 141.1484239, 40.7976352 ], [ 141.1483939, 40.7977652 ], [ 141.1482939, 40.7980552 ], [ 141.1481239, 40.7982952 ], [ 141.1479639, 40.7984852 ], [ 141.1476839, 40.7987252 ], [ 141.1474539, 40.7988552 ], [ 141.1470039, 40.7990852 ], [ 141.1465739, 40.7992652 ], [ 141.1460039, 40.7994552 ], [ 141.1459039, 40.7994752 ], [ 141.1452939, 40.7996952 ], [ 141.1447139, 40.7998952 ], [ 141.1444239, 40.7999952 ], [ 141.1438039, 40.8002152 ], [ 141.1432939, 40.8003952 ], [ 141.1428739, 40.8004952 ], [ 141.1417839, 40.8007452 ], [ 141.1416739, 40.8007752 ], [ 141.1408539, 40.8009852 ], [ 141.1399239, 40.8013352 ], [ 141.1391039, 40.8016452 ], [ 141.1387939, 40.8018052 ], [ 141.1383739, 40.8020352 ], [ 141.1382539, 40.8021252 ], [ 141.1377139, 40.8025052 ], [ 141.1375539, 40.8026352 ], [ 141.1369439, 40.8031252 ], [ 141.1367939, 40.8032652 ], [ 141.1366039, 40.8034652 ], [ 141.1362039, 40.8039652 ], [ 141.1357139, 40.8046052 ], [ 141.1356839, 40.8046352 ], [ 141.1355239, 40.8048352 ], [ 141.1355039, 40.8048652 ], [ 141.1354339, 40.8049652 ], [ 141.1353139, 40.8051152 ], [ 141.1351439, 40.8053252 ], [ 141.134834, 40.8056852 ], [ 141.134304, 40.8062252 ], [ 141.133974, 40.8065752 ], [ 141.133794, 40.8067352 ], [ 141.133334, 40.8070852 ], [ 141.132884, 40.8074352 ], [ 141.132734, 40.8075452 ], [ 141.132394, 40.8077952 ], [ 141.132084, 40.8080152 ], [ 141.131964, 40.8081152 ], [ 141.131724, 40.8082852 ], [ 141.130144, 40.8094552 ], [ 141.129554, 40.8098452 ], [ 141.128224, 40.8108952 ], [ 141.127934, 40.8110952 ], [ 141.127614, 40.8113252 ], [ 141.127044, 40.8117652 ], [ 141.126874, 40.8119152 ], [ 141.126094, 40.8126452 ], [ 141.125854, 40.8129152 ], [ 141.125214, 40.8138552 ], [ 141.125004, 40.8141752 ], [ 141.124844, 40.8144152 ], [ 141.124634, 40.8148352 ], [ 141.124504, 40.8151352 ], [ 141.124074, 40.8163152 ], [ 141.123924, 40.8166652 ], [ 141.123424, 40.8180552 ], [ 141.123204, 40.8185852 ], [ 141.123084, 40.8188852 ], [ 141.122704, 40.8198053 ], [ 141.122274, 40.8208753 ], [ 141.122174, 40.8211153 ], [ 141.122084, 40.8213753 ], [ 141.121934, 40.8217053 ], [ 141.121884, 40.8219453 ], [ 141.121834, 40.8223453 ], [ 141.121874, 40.8228353 ], [ 141.121964, 40.8234253 ], [ 141.122034, 40.8236553 ], [ 141.122154, 40.8239853 ], [ 141.122334, 40.8243753 ], [ 141.122474, 40.8245853 ], [ 141.122564, 40.8247253 ], [ 141.122684, 40.8248653 ], [ 141.122824, 40.8249953 ], [ 141.123004, 40.8251553 ], [ 141.123244, 40.8253853 ], [ 141.123624, 40.8256753 ], [ 141.123894, 40.8258653 ], [ 141.124384, 40.8262353 ], [ 141.124514, 40.8263353 ], [ 141.125004, 40.8267153 ], [ 141.125374, 40.8270053 ], [ 141.125504, 40.8271153 ], [ 141.126444, 40.8280653 ], [ 141.126864, 40.8285153 ], [ 141.127194, 40.8289553 ], [ 141.127224, 40.8289953 ], [ 141.127444, 40.8292953 ], [ 141.127974, 40.8301253 ], [ 141.127984, 40.8301353 ], [ 141.128154, 40.8303853 ], [ 141.128294, 40.8306054 ], [ 141.128474, 40.8309654 ], [ 141.128704, 40.8315254 ], [ 141.128914, 40.8320954 ], [ 141.129044, 40.8324454 ], [ 141.129074, 40.8325254 ], [ 141.129254, 40.8330054 ], [ 141.129344, 40.8333254 ], [ 141.129404, 40.8335254 ], [ 141.129454, 40.8338254 ], [ 141.129494, 40.8340054 ], [ 141.129504, 40.8342054 ], [ 141.129494, 40.8344654 ], [ 141.129474, 40.8346654 ], [ 141.129434, 40.8348654 ], [ 141.129284, 40.8353954 ], [ 141.129184, 40.8357654 ], [ 141.129124, 40.8359654 ], [ 141.129084, 40.8360754 ], [ 141.129024, 40.8361954 ], [ 141.128974, 40.8362854 ], [ 141.128784, 40.8365954 ], [ 141.128494, 40.8370154 ], [ 141.128084, 40.8376154 ], [ 141.127994, 40.8377754 ], [ 141.127674, 40.8383354 ], [ 141.127514, 40.8385854 ], [ 141.127384, 40.8388354 ], [ 141.127314, 40.8389554 ], [ 141.1270323, 40.8395741 ], [ 141.1269623, 40.8397541 ], [ 141.1269223, 40.8398241 ], [ 141.1269223, 40.8398441 ], [ 141.1268823, 40.8399241 ], [ 141.1268123, 40.8401141 ], [ 141.126794, 40.8404354 ], [ 141.126754, 40.8409354 ], [ 141.126744, 40.8416654 ], [ 141.126744, 40.8418454 ], [ 141.126744, 40.8418854 ], [ 141.126744, 40.8419354 ], [ 141.126744, 40.8421154 ], [ 141.126754, 40.8423154 ], [ 141.126764, 40.8424254 ], [ 141.126824, 40.8428354 ], [ 141.126834, 40.8429254 ], [ 141.126834, 40.8437154 ], [ 141.126794, 40.8441254 ], [ 141.126764, 40.8442954 ], [ 141.126634, 40.8449854 ], [ 141.126494, 40.8455254 ], [ 141.126404, 40.8458654 ], [ 141.126324, 40.8461355 ], [ 141.126314, 40.8461855 ], [ 141.126234, 40.8464655 ], [ 141.126174, 40.8465955 ], [ 141.126114, 40.8466655 ], [ 141.126044, 40.8467555 ], [ 141.125934, 40.8468455 ], [ 141.125754, 40.8469655 ], [ 141.125394, 40.8471955 ], [ 141.125004, 40.8474655 ], [ 141.124884, 40.8475655 ], [ 141.124744, 40.8476855 ], [ 141.124424, 40.8479355 ], [ 141.124134, 40.8482255 ], [ 141.123744, 40.8486455 ], [ 141.123424, 40.8490555 ], [ 141.123194, 40.8493655 ], [ 141.122884, 40.8498755 ], [ 141.122844, 40.8499355 ], [ 141.122814, 40.8499955 ], [ 141.122684, 40.8502455 ], [ 141.122414, 40.8506555 ], [ 141.122104, 40.8510555 ], [ 141.121444, 40.8517655 ], [ 141.121044, 40.8520955 ], [ 141.120634, 40.8523855 ], [ 141.120134, 40.8526855 ], [ 141.119364, 40.8530655 ], [ 141.118884, 40.8532755 ], [ 141.118464, 40.8534255 ], [ 141.117304, 40.8537755 ], [ 141.117184, 40.8538155 ], [ 141.116834, 40.8539055 ], [ 141.116794, 40.8539155 ], [ 141.116714, 40.8539455 ], [ 141.116644, 40.8539755 ], [ 141.116544, 40.8540055 ], [ 141.116484, 40.8540355 ], [ 141.116364, 40.8540855 ], [ 141.116204, 40.8541655 ], [ 141.116124, 40.8542155 ], [ 141.115774, 40.8543955 ], [ 141.115284, 40.8546655 ], [ 141.114794, 40.8550055 ], [ 141.114624, 40.8551555 ], [ 141.114444, 40.8553155 ], [ 141.114014, 40.8559555 ], [ 141.113944, 40.8561255 ], [ 141.113894, 40.8562655 ], [ 141.113884, 40.8563255 ], [ 141.113844, 40.8565255 ], [ 141.113794, 40.8570855 ], [ 141.113764, 40.8574055 ], [ 141.113694, 40.8582655 ], [ 141.113684, 40.8582955 ], [ 141.113674, 40.8585155 ], [ 141.1135839, 40.8595155 ], [ 141.1135539, 40.8599755 ], [ 141.1135039, 40.8605355 ], [ 141.1134539, 40.8608655 ], [ 141.1133839, 40.8611455 ], [ 141.1133139, 40.8613355 ], [ 141.1130839, 40.8620455 ], [ 141.1130339, 40.8621755 ], [ 141.1129239, 40.8624355 ], [ 141.1125239, 40.8632755 ], [ 141.1122539, 40.8637455 ], [ 141.1119939, 40.8641355 ], [ 141.1118439, 40.8643355 ], [ 141.1117539, 40.8644855 ], [ 141.1115439, 40.8647455 ], [ 141.1112439, 40.8651055 ], [ 141.1109239, 40.8654355 ], [ 141.1104139, 40.8659555 ], [ 141.1099739, 40.8663755 ], [ 141.1098239, 40.8665055 ], [ 141.1096339, 40.8666655 ], [ 141.1094739, 40.8667855 ], [ 141.1094439, 40.8668055 ], [ 141.1089939, 40.8671255 ], [ 141.1083339, 40.8675455 ], [ 141.1081739, 40.8676555 ], [ 141.1079439, 40.8677855 ], [ 141.1075139, 40.8680555 ], [ 141.1062139, 40.8688255 ], [ 141.1047839, 40.8696455 ], [ 141.1046039, 40.8697455 ], [ 141.1038239, 40.8701555 ], [ 141.1033339, 40.8704055 ], [ 141.1018639, 40.8710855 ], [ 141.1011839, 40.8714055 ], [ 141.1000039, 40.8719156 ], [ 141.0994939, 40.8721356 ], [ 141.0991239, 40.8722956 ], [ 141.0988939, 40.8723856 ], [ 141.0984039, 40.8725756 ], [ 141.0981139, 40.8726956 ], [ 141.0976439, 40.8728856 ], [ 141.0974539, 40.8729656 ], [ 141.0971939, 40.8730656 ], [ 141.0969639, 40.8731756 ], [ 141.0965139, 40.8734156 ], [ 141.0956639, 40.8738956 ], [ 141.0950939, 40.8742656 ], [ 141.0943639, 40.8747656 ], [ 141.0940639, 40.8749956 ], [ 141.0939739, 40.8750656 ], [ 141.0936339, 40.8753556 ], [ 141.0934539, 40.8755156 ], [ 141.0931939, 40.8757356 ], [ 141.0929539, 40.8759456 ], [ 141.0927239, 40.8761556 ], [ 141.0924039, 40.8764556 ], [ 141.0921039, 40.8767856 ], [ 141.0919439, 40.8770056 ], [ 141.0918339, 40.8771656 ], [ 141.0914239, 40.8777256 ], [ 141.0913339, 40.8778456 ], [ 141.0910439, 40.8782256 ], [ 141.0906639, 40.8787256 ], [ 141.0902039, 40.8793356 ], [ 141.0898039, 40.8797756 ], [ 141.0894739, 40.8800756 ], [ 141.0894239, 40.8801256 ], [ 141.0891139, 40.8804156 ], [ 141.0887739, 40.8807056 ], [ 141.0884239, 40.8809856 ], [ 141.0883039, 40.8810956 ], [ 141.0878939, 40.8814256 ], [ 141.0874439, 40.8817956 ], [ 141.0873739, 40.8818456 ], [ 141.0865939, 40.8824956 ], [ 141.0863739, 40.8826856 ], [ 141.0856939, 40.8832556 ], [ 141.0856039, 40.8833256 ], [ 141.0851439, 40.8836956 ], [ 141.0841539, 40.8845256 ], [ 141.0833339, 40.8851856 ], [ 141.0831639, 40.8853356 ], [ 141.0829839, 40.8854956 ], [ 141.0827839, 40.8856856 ], [ 141.0826039, 40.8859156 ], [ 141.0825139, 40.8860456 ], [ 141.0824539, 40.8861556 ], [ 141.0822639, 40.8865456 ], [ 141.0814139, 40.8884656 ], [ 141.0813039, 40.8887056 ], [ 141.0812839, 40.8887856 ], [ 141.0812639, 40.8888856 ], [ 141.0812439, 40.8889856 ], [ 141.0812339, 40.8891656 ], [ 141.0812439, 40.8893956 ], [ 141.0812739, 40.8896356 ], [ 141.0812639, 40.8900356 ], [ 141.0812339, 40.8902956 ], [ 141.0812039, 40.8905056 ], [ 141.0811539, 40.8906656 ], [ 141.0811139, 40.8908556 ], [ 141.0808039, 40.8915856 ], [ 141.0807439, 40.8917056 ], [ 141.0805639, 40.8920956 ], [ 141.0800039, 40.8931756 ], [ 141.0796739, 40.8937956 ], [ 141.0795939, 40.8939656 ], [ 141.0795239, 40.8940956 ], [ 141.0794539, 40.8941956 ], [ 141.0789639, 40.8949756 ], [ 141.0788039, 40.8952256 ], [ 141.0786739, 40.8954356 ], [ 141.0786039, 40.8955656 ], [ 141.0785039, 40.8957356 ], [ 141.0780639, 40.8962556 ], [ 141.0775739, 40.8968356 ], [ 141.0774439, 40.8969956 ], [ 141.0771039, 40.8974056 ], [ 141.0767039, 40.8978456 ], [ 141.0763839, 40.8981756 ], [ 141.0759039, 40.8985557 ], [ 141.0755339, 40.8988057 ], [ 141.0752839, 40.8989657 ], [ 141.0750339, 40.8991257 ], [ 141.0740739, 40.8997157 ], [ 141.0736339, 40.8999957 ], [ 141.0734339, 40.9001257 ], [ 141.0730539, 40.9003857 ], [ 141.0723739, 40.9008857 ], [ 141.0720439, 40.9011557 ], [ 141.0718739, 40.9013157 ], [ 141.0712839, 40.9019657 ], [ 141.0705539, 40.9028757 ], [ 141.0704739, 40.9029557 ], [ 141.0703438, 40.9030957 ], [ 141.0702939, 40.9031457 ], [ 141.0700738, 40.9033957 ], [ 141.0698138, 40.9036157 ], [ 141.0695738, 40.9037657 ], [ 141.0694238, 40.9038457 ], [ 141.0693038, 40.9039057 ], [ 141.0691138, 40.9039857 ], [ 141.0676539, 40.9044457 ], [ 141.0666739, 40.9047657 ], [ 141.0664939, 40.9048157 ], [ 141.0660539, 40.9049757 ], [ 141.0656039, 40.9051657 ], [ 141.0652539, 40.9053257 ], [ 141.0644339, 40.9058357 ], [ 141.0636939, 40.9062857 ], [ 141.0633939, 40.9064757 ], [ 141.0629339, 40.9067857 ], [ 141.0626639, 40.9069357 ], [ 141.0620139, 40.9072257 ], [ 141.0609839, 40.9076957 ], [ 141.0605139, 40.9078957 ], [ 141.0603139, 40.9079857 ], [ 141.0597139, 40.9082557 ], [ 141.0595539, 40.9083257 ], [ 141.0593839, 40.9084057 ], [ 141.0590839, 40.9085457 ], [ 141.0584439, 40.9088357 ], [ 141.0580639, 40.9090057 ], [ 141.0575839, 40.9092157 ], [ 141.0566139, 40.9096257 ], [ 141.0561939, 40.9097757 ], [ 141.0558839, 40.9098357 ], [ 141.0555839, 40.9098557 ], [ 141.0537839, 40.9099657 ], [ 141.0531639, 40.9099957 ], [ 141.0528039, 40.9100357 ], [ 141.0525039, 40.9100857 ], [ 141.0519539, 40.9102057 ], [ 141.0513939, 40.9103357 ], [ 141.0513039, 40.9103557 ], [ 141.0511939, 40.9103857 ], [ 141.0508339, 40.9104957 ], [ 141.0505839, 40.9105857 ], [ 141.0503839, 40.9106457 ], [ 141.0501039, 40.9107557 ], [ 141.0499239, 40.9108157 ], [ 141.0496039, 40.9109557 ], [ 141.0491739, 40.9112157 ], [ 141.0485439, 40.9116557 ], [ 141.0481439, 40.9119457 ], [ 141.0476239, 40.9123557 ], [ 141.0471639, 40.9126257 ], [ 141.0468039, 40.9128157 ], [ 141.0466039, 40.9129157 ], [ 141.0463139, 40.9130457 ], [ 141.0459739, 40.9131657 ], [ 141.0455539, 40.9133157 ], [ 141.0452039, 40.9133857 ], [ 141.0446039, 40.9135057 ], [ 141.0440839, 40.9136157 ], [ 141.0434039, 40.9137557 ], [ 141.0427639, 40.9138757 ], [ 141.0419239, 40.9140557 ], [ 141.0416939, 40.9141057 ], [ 141.0410439, 40.9142457 ], [ 141.0408539, 40.9142857 ], [ 141.0396039, 40.9145457 ], [ 141.0390939, 40.9146857 ], [ 141.0387839, 40.9147957 ], [ 141.0386539, 40.9148357 ], [ 141.0382139, 40.9150357 ], [ 141.0379539, 40.9151657 ], [ 141.0377339, 40.9152757 ], [ 141.0373739, 40.9154657 ], [ 141.0370939, 40.9156357 ], [ 141.0367639, 40.9158357 ], [ 141.0362239, 40.9161657 ], [ 141.0356639, 40.9165057 ], [ 141.0354039, 40.9166657 ], [ 141.0346239, 40.9171357 ], [ 141.0341439, 40.9174357 ], [ 141.0337439, 40.9176857 ], [ 141.0333039, 40.9179557 ], [ 141.0329639, 40.9181657 ], [ 141.0327339, 40.9183057 ], [ 141.0325439, 40.9184257 ], [ 141.0323539, 40.9185457 ], [ 141.0308239, 40.9193357 ], [ 141.0302139, 40.9196157 ], [ 141.0291839, 40.9201257 ], [ 141.0285139, 40.9204557 ], [ 141.0284439, 40.9205057 ], [ 141.0279439, 40.9207457 ], [ 141.0268939, 40.9213357 ], [ 141.0267839, 40.9213857 ], [ 141.0265339, 40.9215357 ], [ 141.0260639, 40.9218557 ], [ 141.0250139, 40.9226757 ], [ 141.0246239, 40.9229957 ], [ 141.0245539, 40.9230257 ], [ 141.0245039, 40.9230557 ], [ 141.0234139, 40.9239457 ], [ 141.0233539, 40.9240057 ], [ 141.0229539, 40.9242957 ], [ 141.0226939, 40.9244657 ], [ 141.0221339, 40.9247657 ], [ 141.0220639, 40.9248157 ], [ 141.0217839, 40.9249757 ], [ 141.0217239, 40.9250057 ], [ 141.0214939, 40.9251357 ], [ 141.0208139, 40.9255457 ], [ 141.0202439, 40.9258157 ], [ 141.0197639, 40.9259957 ], [ 141.0194139, 40.9260857 ], [ 141.0190539, 40.9261657 ], [ 141.0185839, 40.9262157 ], [ 141.0179439, 40.9262557 ], [ 141.0178039, 40.9262557 ], [ 141.0172039, 40.9262657 ], [ 141.0167639, 40.9262357 ], [ 141.0166739, 40.9262357 ], [ 141.0158539, 40.9262357 ], [ 141.0155239, 40.9262557 ], [ 141.0150339, 40.9263257 ], [ 141.0146239, 40.9264157 ], [ 141.0142939, 40.9265057 ], [ 141.0141439, 40.9265557 ], [ 141.0140039, 40.9266057 ], [ 141.0135539, 40.9267757 ], [ 141.0131639, 40.9269257 ], [ 141.0127639, 40.9270857 ], [ 141.0124539, 40.9272157 ], [ 141.0121339, 40.9273457 ], [ 141.0116239, 40.9275757 ], [ 141.0114939, 40.9276357 ], [ 141.0113539, 40.9276857 ], [ 141.0111639, 40.9277157 ], [ 141.0104339, 40.9278157 ], [ 141.0099439, 40.9279057 ], [ 141.0095339, 40.9279957 ], [ 141.0089639, 40.9281357 ], [ 141.0082539, 40.9283157 ], [ 141.0075439, 40.9284957 ], [ 141.0070339, 40.9286057 ], [ 141.0057439, 40.9290357 ], [ 141.0044139, 40.9294757 ], [ 141.0042339, 40.9295357 ], [ 141.0022439, 40.9302157 ], [ 141.0000039, 40.9309457 ], [ 140.9997039, 40.9310457 ], [ 140.9980939, 40.9315657 ], [ 140.9968639, 40.9319657 ], [ 140.9954639, 40.9324157 ], [ 140.9951439, 40.9325157 ], [ 140.9946539, 40.9326257 ], [ 140.9941139, 40.9327857 ], [ 140.9935339, 40.9328857 ], [ 140.9931139, 40.9329257 ], [ 140.9928139, 40.9329257 ], [ 140.9922739, 40.9329357 ], [ 140.9920039, 40.9329257 ], [ 140.9916739, 40.9328857 ], [ 140.9910439, 40.9328257 ], [ 140.9896239, 40.9326657 ], [ 140.9891039, 40.9326157 ], [ 140.9881239, 40.9325057 ], [ 140.9877939, 40.9324457 ], [ 140.9873439, 40.9323257 ], [ 140.9865839, 40.9321157 ], [ 140.986074, 40.9319557 ], [ 140.985524, 40.9317757 ], [ 140.984774, 40.9315257 ], [ 140.983704, 40.9311757 ], [ 140.983374, 40.9310757 ], [ 140.982624, 40.9308357 ], [ 140.982154, 40.9306257 ], [ 140.981684, 40.9303757 ], [ 140.981144, 40.9299957 ], [ 140.980584, 40.9295457 ], [ 140.980264, 40.9292257 ], [ 140.979674, 40.9286757 ], [ 140.979614, 40.9286157 ], [ 140.979564, 40.9285657 ], [ 140.979284, 40.9282857 ], [ 140.978884, 40.9278557 ], [ 140.978314, 40.9273257 ], [ 140.977884, 40.9269757 ], [ 140.977314, 40.9265357 ], [ 140.976844, 40.9262157 ], [ 140.976314, 40.9258957 ], [ 140.975944, 40.9257057 ], [ 140.975614, 40.9255757 ], [ 140.975424, 40.9255057 ], [ 140.974934, 40.9253757 ], [ 140.974684, 40.9253057 ], [ 140.974464, 40.9252557 ], [ 140.974124, 40.9251757 ], [ 140.973854, 40.9251357 ], [ 140.973454, 40.9250757 ], [ 140.972774, 40.9250157 ], [ 140.972524, 40.9250157 ], [ 140.972154, 40.9250157 ], [ 140.971904, 40.9250357 ], [ 140.971644, 40.9250657 ], [ 140.970634, 40.9251657 ], [ 140.969334, 40.9252857 ], [ 140.968514, 40.9253657 ], [ 140.967264, 40.9254857 ], [ 140.966614, 40.9255457 ], [ 140.966194, 40.9255857 ], [ 140.965274, 40.9256157 ], [ 140.964524, 40.9256257 ], [ 140.964064, 40.9256057 ], [ 140.963474, 40.9255656 ], [ 140.962774, 40.9254856 ], [ 140.962114, 40.9253856 ], [ 140.961654, 40.9252756 ], [ 140.961294, 40.9251856 ], [ 140.960974, 40.9251156 ], [ 140.960784, 40.9250556 ], [ 140.960584, 40.9249956 ], [ 140.960054, 40.9248256 ], [ 140.959524, 40.9246456 ], [ 140.959084, 40.9244856 ], [ 140.958344, 40.9241756 ], [ 140.957744, 40.9238956 ], [ 140.957074, 40.9235856 ], [ 140.9564016, 40.9233265 ], [ 140.9563024, 40.9232843 ], [ 140.955854, 40.9230856 ], [ 140.955344, 40.9229156 ], [ 140.955014, 40.9228156 ], [ 140.954564, 40.9227156 ], [ 140.954114, 40.9226356 ], [ 140.953794, 40.9226156 ], [ 140.952704, 40.9225756 ], [ 140.952214, 40.9225256 ], [ 140.951264, 40.9223956 ], [ 140.950034, 40.9222256 ], [ 140.949174, 40.9220956 ], [ 140.948154, 40.9219756 ], [ 140.9480962, 40.9219686 ], [ 140.947744, 40.9219256 ], [ 140.947014, 40.9218156 ], [ 140.946454, 40.9217056 ], [ 140.946244, 40.9216556 ], [ 140.945804, 40.9215556 ], [ 140.945324, 40.9213856 ], [ 140.944694, 40.9211056 ], [ 140.944334, 40.9209056 ], [ 140.943904, 40.9206356 ], [ 140.942884, 40.9199156 ], [ 140.942484, 40.9196656 ], [ 140.942294, 40.9195656 ], [ 140.941794, 40.9193256 ], [ 140.941714, 40.9192956 ], [ 140.941594, 40.9192356 ], [ 140.941254, 40.9191256 ], [ 140.940924, 40.9190556 ], [ 140.940184, 40.9188756 ], [ 140.939794, 40.9187856 ], [ 140.939384, 40.9186856 ], [ 140.938804, 40.9185556 ], [ 140.938584, 40.9184956 ], [ 140.938324, 40.9184456 ], [ 140.938054, 40.9184456 ], [ 140.937604, 40.9184656 ], [ 140.937084, 40.9185756 ], [ 140.936744, 40.9186056 ], [ 140.936404, 40.9186056 ], [ 140.936034, 40.9185656 ], [ 140.935114, 40.9184356 ], [ 140.933574, 40.9182556 ], [ 140.933334, 40.9182156 ], [ 140.932614, 40.9180956 ], [ 140.931584, 40.9179356 ], [ 140.929224, 40.9176956 ], [ 140.929064, 40.9176856 ], [ 140.928284, 40.9175956 ], [ 140.926594, 40.9174256 ], [ 140.926134, 40.9173856 ], [ 140.924194, 40.9173456 ], [ 140.923144, 40.9173256 ], [ 140.922224, 40.9172956 ], [ 140.921294, 40.9172756 ], [ 140.920054, 40.9172456 ], [ 140.919564, 40.9172356 ], [ 140.918844, 40.9172156 ], [ 140.917734, 40.9171456 ], [ 140.917534, 40.9170956 ], [ 140.917364, 40.9170656 ], [ 140.916674, 40.9169156 ], [ 140.916144, 40.9167856 ], [ 140.915424, 40.9166656 ], [ 140.915304, 40.9166356 ], [ 140.914024, 40.9164156 ], [ 140.912464, 40.9161356 ], [ 140.912114, 40.9160856 ], [ 140.911504, 40.9159856 ], [ 140.9110841, 40.9159056 ], [ 140.9106841, 40.9158656 ], [ 140.9104541, 40.9158856 ], [ 140.9102541, 40.9158956 ], [ 140.9100141, 40.9159256 ], [ 140.9097441, 40.9159656 ], [ 140.9083241, 40.9165356 ], [ 140.9080241, 40.9166656 ], [ 140.9074941, 40.9168856 ], [ 140.9069641, 40.9170256 ], [ 140.9059441, 40.9172356 ], [ 140.9051941, 40.9173956 ], [ 140.9047541, 40.9174556 ], [ 140.9040341, 40.9175356 ], [ 140.9038941, 40.9175556 ], [ 140.9032741, 40.9176056 ], [ 140.9026241, 40.9176356 ], [ 140.9023141, 40.9176356 ], [ 140.9019141, 40.9176156 ], [ 140.9015341, 40.9176156 ], [ 140.9010541, 40.9176356 ], [ 140.9007741, 40.9176656 ], [ 140.9005141, 40.9176956 ], [ 140.9000341, 40.9177756 ], [ 140.8999841, 40.9177856 ], [ 140.8997941, 40.9178256 ], [ 140.8988741, 40.9180456 ], [ 140.8979641, 40.9182756 ], [ 140.8972841, 40.9184456 ], [ 140.8968041, 40.9185456 ], [ 140.8965241, 40.9186056 ], [ 140.8960041, 40.9187056 ], [ 140.8956841, 40.9187656 ], [ 140.8940241, 40.9191456 ], [ 140.8935841, 40.9192356 ], [ 140.8931441, 40.9193756 ], [ 140.8923241, 40.9195956 ], [ 140.8911341, 40.9198456 ], [ 140.8906741, 40.9199356 ], [ 140.8902241, 40.9200156 ], [ 140.8897341, 40.9200856 ], [ 140.8892841, 40.9201256 ], [ 140.8889041, 40.9201456 ], [ 140.8883041, 40.9201456 ], [ 140.8879741, 40.9201256 ], [ 140.8876041, 40.9201056 ], [ 140.8872341, 40.9200756 ], [ 140.8868041, 40.9200156 ], [ 140.8864041, 40.9199356 ], [ 140.8860341, 40.9198656 ], [ 140.8852041, 40.9196456 ], [ 140.8825841, 40.9188956 ], [ 140.8816841, 40.9186856 ], [ 140.8812441, 40.9186056 ], [ 140.8809141, 40.9185556 ], [ 140.8805341, 40.9184956 ], [ 140.8802341, 40.9184756 ], [ 140.8796441, 40.9184356 ], [ 140.8790141, 40.9183956 ], [ 140.8775441, 40.9183456 ], [ 140.8767041, 40.9182956 ], [ 140.8759341, 40.9182256 ], [ 140.8754041, 40.9181556 ], [ 140.8749241, 40.9180756 ], [ 140.8743941, 40.9179556 ], [ 140.8740141, 40.9178556 ], [ 140.8736141, 40.9177256 ], [ 140.8731541, 40.9175556 ], [ 140.8728241, 40.9174156 ], [ 140.8725241, 40.9172556 ], [ 140.8721341, 40.9170256 ], [ 140.8718541, 40.9168456 ], [ 140.8715141, 40.9165956 ], [ 140.8711641, 40.9162956 ], [ 140.8709141, 40.9160356 ], [ 140.8706441, 40.9157356 ], [ 140.8704841, 40.9155156 ], [ 140.8702441, 40.9151356 ], [ 140.8700741, 40.9148056 ], [ 140.8699441, 40.9144956 ], [ 140.8698241, 40.9141656 ], [ 140.8697241, 40.9138556 ], [ 140.8696641, 40.9136356 ], [ 140.8695942, 40.9132656 ], [ 140.8695142, 40.9128756 ], [ 140.8694442, 40.9123956 ], [ 140.8692042, 40.9104856 ], [ 140.8690642, 40.9096556 ], [ 140.8688842, 40.9088656 ], [ 140.8687342, 40.9084956 ], [ 140.8686142, 40.9082756 ], [ 140.8686042, 40.9082456 ], [ 140.8684342, 40.9079056 ], [ 140.8682642, 40.9075556 ], [ 140.8677142, 40.9067956 ], [ 140.8673442, 40.9063956 ], [ 140.8673142, 40.9063556 ], [ 140.8672842, 40.9063356 ], [ 140.8671242, 40.9061756 ], [ 140.8668542, 40.9059456 ], [ 140.8666342, 40.9057756 ], [ 140.8666042, 40.9057556 ], [ 140.8662342, 40.9055056 ], [ 140.8655142, 40.9050756 ], [ 140.8647642, 40.9046856 ], [ 140.8639842, 40.9043156 ], [ 140.8632042, 40.9039456 ], [ 140.8629242, 40.9037856 ], [ 140.8626342, 40.9036156 ], [ 140.8624942, 40.9035256 ], [ 140.8622542, 40.9033456 ], [ 140.8620842, 40.9031956 ], [ 140.8619942, 40.9031056 ], [ 140.8618142, 40.9028756 ], [ 140.8615942, 40.9026556 ], [ 140.8613842, 40.9024456 ], [ 140.8612042, 40.9021556 ], [ 140.8610342, 40.9016956 ], [ 140.8609542, 40.9014656 ], [ 140.8608942, 40.9012156 ], [ 140.8608542, 40.9009256 ], [ 140.8608242, 40.9006356 ], [ 140.8607942, 40.9003756 ], [ 140.8607642, 40.9001256 ], [ 140.8607342, 40.8998856 ], [ 140.8607042, 40.8996356 ], [ 140.8606342, 40.8991456 ], [ 140.8605942, 40.8988556 ], [ 140.8605342, 40.8984056 ], [ 140.8604442, 40.8978656 ], [ 140.8604042, 40.8976056 ], [ 140.8603742, 40.8972856 ], [ 140.8603742, 40.8969556 ], [ 140.8603842, 40.8966156 ], [ 140.8604142, 40.8963356 ], [ 140.8604842, 40.8959456 ], [ 140.8605642, 40.8954556 ], [ 140.8608342, 40.8943156 ], [ 140.8608842, 40.8940656 ], [ 140.8609563, 40.8935192 ], [ 140.8610258, 40.8931875 ], [ 140.8610758, 40.8928675 ], [ 140.8610789, 40.8926223 ], [ 140.8610789, 40.8924584 ], [ 140.8610818, 40.8921738 ], [ 140.8610645, 40.8917809 ], [ 140.8610645, 40.8917709 ], [ 140.8610445, 40.8914409 ], [ 140.8610245, 40.8911109 ], [ 140.8609945, 40.8907709 ], [ 140.8609445, 40.8904009 ], [ 140.8608945, 40.8901309 ], [ 140.8608045, 40.8898008 ], [ 140.8606445, 40.8893708 ], [ 140.8605494, 40.8890115 ], [ 140.8603002, 40.8885818 ], [ 140.8601102, 40.8883718 ], [ 140.8598602, 40.8880618 ], [ 140.8595402, 40.8877118 ], [ 140.8592302, 40.8874118 ], [ 140.8590102, 40.8872018 ], [ 140.8587902, 40.8870318 ], [ 140.8584602, 40.8867918 ], [ 140.8582802, 40.8866718 ], [ 140.8579802, 40.8864818 ], [ 140.8576402, 40.8863018 ], [ 140.8572789, 40.8860862 ], [ 140.8568342, 40.8858655 ], [ 140.8565642, 40.8857655 ], [ 140.8561742, 40.8856455 ], [ 140.8558542, 40.8855655 ], [ 140.8554442, 40.8854855 ], [ 140.8550942, 40.8854355 ], [ 140.8540642, 40.8853255 ], [ 140.8533842, 40.8852055 ], [ 140.8529742, 40.8850855 ], [ 140.8525442, 40.8849456 ], [ 140.8522442, 40.8848056 ], [ 140.8519742, 40.8846456 ], [ 140.8517242, 40.8844656 ], [ 140.8516043, 40.8843656 ], [ 140.8513943, 40.8841656 ], [ 140.8512343, 40.8839856 ], [ 140.8510343, 40.8835255 ], [ 140.8508943, 40.8833255 ], [ 140.8504943, 40.8827855 ], [ 140.8504243, 40.8826055 ], [ 140.8503343, 40.8823355 ], [ 140.8502543, 40.8820355 ], [ 140.8501743, 40.8815755 ], [ 140.8501643, 40.8813155 ], [ 140.8501243, 40.8806655 ], [ 140.8500743, 40.8802155 ], [ 140.8500043, 40.8798455 ], [ 140.8499343, 40.8795055 ], [ 140.8498143, 40.8788255 ], [ 140.8498043, 40.8784155 ], [ 140.8498443, 40.8779355 ], [ 140.8498743, 40.8776555 ], [ 140.8500243, 40.8773955 ], [ 140.8501143, 40.8772255 ], [ 140.8503443, 40.8768755 ], [ 140.8507543, 40.8763155 ], [ 140.8511943, 40.8756955 ], [ 140.8512443, 40.8756155 ], [ 140.8514443, 40.8753355 ], [ 140.8515143, 40.8751855 ], [ 140.8516143, 40.8749955 ], [ 140.8516743, 40.8748555 ], [ 140.8517043, 40.8746855 ], [ 140.8517143, 40.8744355 ], [ 140.8516743, 40.8741455 ], [ 140.8516243, 40.8738455 ], [ 140.8515343, 40.8734655 ], [ 140.8514843, 40.8732455 ], [ 140.8513843, 40.8728955 ], [ 140.8513043, 40.8726155 ], [ 140.8512543, 40.8724355 ], [ 140.8511343, 40.8720755 ], [ 140.8510643, 40.8718455 ], [ 140.8509443, 40.8715555 ], [ 140.8508443, 40.8713755 ], [ 140.8507243, 40.8711755 ], [ 140.8504943, 40.8708655 ], [ 140.8502443, 40.8705555 ], [ 140.8499943, 40.8702855 ], [ 140.8495443, 40.8698355 ], [ 140.8492443, 40.8695455 ], [ 140.8491343, 40.8694255 ], [ 140.8484943, 40.8688655 ], [ 140.8479443, 40.8683955 ], [ 140.8475643, 40.8680355 ], [ 140.8470343, 40.8674455 ], [ 140.8467943, 40.8671355 ], [ 140.8464443, 40.8666055 ], [ 140.8461643, 40.8660755 ], [ 140.8460143, 40.8656855 ], [ 140.8458443, 40.8652655 ], [ 140.8457543, 40.8648655 ], [ 140.8455843, 40.8642155 ], [ 140.8454543, 40.8636355 ], [ 140.8453043, 40.8631255 ], [ 140.8451743, 40.8627555 ], [ 140.8449843, 40.8623455 ], [ 140.8446743, 40.8617855 ], [ 140.8445443, 40.8615755 ], [ 140.8439143, 40.8606855 ], [ 140.8421343, 40.8583255 ], [ 140.8416743, 40.8577155 ], [ 140.8406143, 40.8563155 ], [ 140.8405444, 40.8562155 ], [ 140.8403544, 40.8559655 ], [ 140.8396544, 40.8550355 ], [ 140.8394544, 40.8547355 ], [ 140.8393744, 40.8545955 ], [ 140.8392444, 40.8543455 ], [ 140.8390244, 40.8539155 ], [ 140.8388344, 40.8534055 ], [ 140.8386644, 40.8529555 ], [ 140.8384844, 40.8522155 ], [ 140.8384444, 40.8519555 ], [ 140.8383444, 40.8511655 ], [ 140.8382844, 40.8508555 ], [ 140.8381944, 40.8504655 ], [ 140.8380344, 40.8499455 ], [ 140.8378144, 40.8494055 ], [ 140.8376844, 40.8491155 ], [ 140.8375144, 40.8488055 ], [ 140.8372144, 40.8482855 ], [ 140.8370344, 40.8480155 ], [ 140.8368144, 40.8476955 ], [ 140.8364944, 40.8473055 ], [ 140.8363844, 40.8471755 ], [ 140.8356644, 40.8463855 ], [ 140.8355553, 40.8462936 ], [ 140.8352544, 40.8460455 ], [ 140.8343444, 40.8453355 ], [ 140.8338144, 40.8449555 ], [ 140.8334244, 40.8447055 ], [ 140.8330344, 40.8444955 ], [ 140.8324244, 40.8442055 ], [ 140.8321144, 40.8440655 ], [ 140.8318444, 40.8439555 ], [ 140.8310344, 40.8436455 ], [ 140.8301844, 40.8433055 ], [ 140.8294144, 40.8429855 ], [ 140.8285944, 40.8426055 ], [ 140.8281344, 40.8423755 ], [ 140.8278545, 40.8421855 ], [ 140.8274145, 40.8418955 ], [ 140.8270845, 40.8416355 ], [ 140.8264645, 40.8410855 ], [ 140.8262045, 40.8408055 ], [ 140.8259345, 40.8404655 ], [ 140.8256445, 40.8400055 ], [ 140.8252945, 40.8394455 ], [ 140.8252045, 40.8393255 ], [ 140.8250045, 40.8390855 ], [ 140.8244445, 40.8383855 ], [ 140.8243145, 40.8382155 ], [ 140.8241845, 40.8380755 ], [ 140.8239545, 40.8377755 ], [ 140.8236545, 40.8374155 ], [ 140.8233345, 40.8370055 ], [ 140.8231545, 40.8367855 ], [ 140.8228945, 40.8364755 ], [ 140.8227845, 40.8363255 ], [ 140.8222745, 40.8357055 ], [ 140.8216145, 40.8348855 ], [ 140.8214945, 40.8347455 ], [ 140.8210345, 40.8341955 ], [ 140.8200445, 40.8330255 ], [ 140.8197445, 40.8326855 ], [ 140.8195645, 40.8324955 ], [ 140.8192145, 40.8321255 ], [ 140.8188245, 40.8317855 ], [ 140.8184345, 40.8314955 ], [ 140.8179945, 40.8311955 ], [ 140.8176445, 40.8309855 ], [ 140.8173045, 40.8307655 ], [ 140.8169945, 40.8306155 ], [ 140.8167345, 40.8304955 ], [ 140.8166045, 40.8304455 ], [ 140.8162545, 40.8302955 ], [ 140.8157146, 40.8300755 ], [ 140.8152546, 40.8299155 ], [ 140.8149046, 40.8298055 ], [ 140.8146846, 40.8297355 ], [ 140.8145246, 40.8296855 ], [ 140.8138746, 40.8295155 ], [ 140.8134746, 40.8294255 ], [ 140.8133846, 40.8294055 ], [ 140.8115746, 40.8290355 ], [ 140.8112046, 40.8289455 ], [ 140.8105846, 40.8288155 ], [ 140.8103446, 40.8287555 ], [ 140.8101546, 40.8287155 ], [ 140.8089046, 40.8284555 ], [ 140.8083346, 40.8283355 ], [ 140.8074946, 40.8281555 ], [ 140.8070346, 40.8280555 ], [ 140.8057546, 40.8277855 ], [ 140.8045846, 40.8275255 ], [ 140.8041946, 40.8274455 ], [ 140.8037546, 40.8273455 ], [ 140.8028146, 40.8271555 ], [ 140.8022446, 40.8270255 ], [ 140.8017346, 40.8269155 ], [ 140.8011546, 40.8267955 ], [ 140.8007046, 40.8267255 ], [ 140.8001646, 40.8266455 ], [ 140.8000046, 40.8266355 ], [ 140.7997047, 40.8266055 ], [ 140.7995047, 40.8265755 ], [ 140.7992447, 40.8265355 ], [ 140.7988347, 40.8265255 ], [ 140.7983247, 40.8265455 ], [ 140.7979847, 40.8265855 ], [ 140.7977447, 40.8266055 ], [ 140.7974647, 40.8266455 ], [ 140.7970547, 40.8267055 ], [ 140.7964347, 40.8268155 ], [ 140.7950947, 40.8270455 ], [ 140.7949312, 40.8270703 ], [ 140.7947647, 40.8270955 ], [ 140.7943247, 40.8271755 ], [ 140.7926447, 40.8275055 ], [ 140.7921147, 40.8276055 ], [ 140.7918747, 40.8276355 ], [ 140.7916647, 40.8276755 ], [ 140.7913947, 40.8277255 ], [ 140.7910547, 40.8278055 ], [ 140.7908547, 40.8278555 ], [ 140.7895247, 40.8281355 ], [ 140.7887447, 40.8282855 ], [ 140.7881347, 40.8283855 ], [ 140.7878347, 40.8284355 ], [ 140.7874447, 40.8284955 ], [ 140.7871647, 40.8285155 ], [ 140.7866447, 40.8285455 ], [ 140.7861347, 40.8285355 ], [ 140.7858247, 40.8285155 ], [ 140.7855047, 40.8284755 ], [ 140.7851347, 40.8284255 ], [ 140.7846447, 40.8283355 ], [ 140.7842747, 40.8282555 ], [ 140.7839047, 40.8281655 ], [ 140.7833347, 40.8280455 ], [ 140.7831647, 40.8280055 ], [ 140.7820947, 40.8277955 ], [ 140.7813179, 40.8276267 ], [ 140.7809447, 40.8275455 ], [ 140.7803748, 40.8274155 ], [ 140.7794348, 40.8271855 ], [ 140.7793048, 40.8271555 ], [ 140.7791748, 40.8271255 ], [ 140.7781048, 40.8268555 ], [ 140.7777448, 40.8267755 ], [ 140.7767648, 40.8265255 ], [ 140.7765748, 40.8264755 ], [ 140.7752948, 40.8261755 ], [ 140.7746648, 40.8260055 ], [ 140.7738748, 40.8258155 ], [ 140.7731948, 40.8256555 ], [ 140.7729548, 40.8255955 ], [ 140.7724348, 40.8255155 ], [ 140.7717248, 40.8254055 ], [ 140.7713348, 40.8253555 ], [ 140.7702448, 40.8252255 ], [ 140.7694748, 40.8251255 ], [ 140.7689848, 40.8250755 ], [ 140.768917, 40.825068 ], [ 140.7688448, 40.8250655 ], [ 140.7686948, 40.8250455 ], [ 140.7682348, 40.8249955 ], [ 140.7674648, 40.8249055 ], [ 140.7666548, 40.8248155 ], [ 140.7662048, 40.8247655 ], [ 140.7651448, 40.8246455 ], [ 140.7647748, 40.8246055 ], [ 140.7639748, 40.8245055 ], [ 140.7624349, 40.8243255 ], [ 140.7615449, 40.8242355 ], [ 140.7601649, 40.8241255 ], [ 140.7593749, 40.8240655 ], [ 140.7588249, 40.8240155 ], [ 140.7583049, 40.8239755 ], [ 140.7577649, 40.8239355 ], [ 140.7576964, 40.8239301 ], [ 140.7563849, 40.8238255 ], [ 140.7547749, 40.8236855 ], [ 140.7546302, 40.8236738 ], [ 140.7539149, 40.8236155 ], [ 140.7524649, 40.8235055 ], [ 140.7504649, 40.8233255 ], [ 140.7503149, 40.8233155 ], [ 140.7500049, 40.8232855 ], [ 140.7485549, 40.8231755 ], [ 140.7479249, 40.8231255 ], [ 140.7467849, 40.8230755 ], [ 140.7464849, 40.8230655 ], [ 140.7457149, 40.8230055 ], [ 140.7454549, 40.8229955 ], [ 140.7452049, 40.8230155 ], [ 140.7448149, 40.8230355 ], [ 140.7444649, 40.8230955 ], [ 140.7437749, 40.8232055 ], [ 140.7430749, 40.8233155 ], [ 140.7425649, 40.8233955 ], [ 140.740883, 40.8236581 ] ] } },
{ "type": "Feature", "properties": { "N12_001": "02", "N12_002": 1, "N12_003": 3, "N12_004": "一般国道7号", "N12_005": 6, "N12_006": 1 }, "geometry": { "type": "LineString", "coordinates": [ [ 140.6264451, 40.4211267 ], [ 140.627048, 40.4214255 ], [ 140.6279373, 40.4217945 ], [ 140.6283573, 40.4219945 ], [ 140.6285472, 40.4221145 ], [ 140.6287172, 40.4222645 ], [ 140.6289972, 40.4225145 ], [ 140.6292072, 40.4227245 ], [ 140.6294772, 40.4229945 ], [ 140.6296972, 40.4231845 ], [ 140.6298772, 40.4233145 ], [ 140.6300872, 40.4234345 ], [ 140.6303572, 40.4235645 ], [ 140.6306672, 40.4237045 ], [ 140.6312372, 40.4239145 ], [ 140.6319772, 40.4241045 ], [ 140.6322072, 40.4241645 ], [ 140.6325972, 40.4243045 ], [ 140.6329672, 40.4244945 ], [ 140.6332772, 40.4247545 ], [ 140.6335572, 40.4249945 ], [ 140.6341772, 40.4254845 ], [ 140.6345672, 40.4257445 ], [ 140.6354672, 40.4263045 ], [ 140.6355872, 40.4263845 ], [ 140.6357072, 40.4264545 ], [ 140.6359272, 40.4266245 ], [ 140.6360872, 40.4268045 ], [ 140.6362072, 40.4269645 ], [ 140.6363472, 40.4272245 ], [ 140.6365972, 40.4277645 ], [ 140.6367672, 40.4282745 ], [ 140.6369272, 40.4287645 ], [ 140.6370872, 40.4293045 ], [ 140.6371572, 40.4296745 ], [ 140.6371672, 40.4298745 ], [ 140.6370572, 40.4301845 ], [ 140.6365272, 40.4313145 ], [ 140.6362672, 40.4318645 ], [ 140.6361272, 40.4321245 ], [ 140.6360272, 40.4322445 ], [ 140.6359472, 40.4323445 ], [ 140.6358472, 40.4324445 ], [ 140.6356672, 40.4325945 ], [ 140.6354672, 40.4327345 ], [ 140.6352772, 40.4328645 ], [ 140.6351172, 40.4329845 ], [ 140.6348872, 40.4332045 ], [ 140.6347972, 40.4333245 ], [ 140.6347572, 40.4333845 ], [ 140.6346972, 40.4334845 ], [ 140.6346572, 40.4336045 ], [ 140.6346172, 40.4340645 ], [ 140.6346572, 40.4342345 ], [ 140.6347372, 40.4344345 ], [ 140.6348172, 40.4345745 ], [ 140.6350872, 40.4348745 ], [ 140.6353172, 40.4350945 ], [ 140.6354572, 40.4352345 ], [ 140.6355772, 40.4354145 ], [ 140.6356672, 40.4355645 ], [ 140.6357172, 40.4357045 ], [ 140.6357372, 40.4359845 ], [ 140.6357272, 40.4361845 ], [ 140.6356572, 40.4363145 ], [ 140.6355872, 40.4364645 ], [ 140.6354172, 40.4367345 ], [ 140.6352972, 40.4369045 ], [ 140.6351772, 40.4371045 ], [ 140.6350272, 40.4374445 ], [ 140.6349572, 40.4377245 ], [ 140.6349072, 40.4381845 ], [ 140.6348172, 40.4387745 ], [ 140.6347171, 40.4391445 ], [ 140.6345571, 40.4395445 ], [ 140.6340871, 40.4404145 ], [ 140.6340671, 40.4404845 ], [ 140.6340271, 40.4407545 ], [ 140.6340371, 40.4410345 ], [ 140.6342271, 40.4414645 ], [ 140.6342971, 40.4416045 ], [ 140.6346671, 40.4422045 ], [ 140.6347971, 40.4424145 ], [ 140.6349071, 40.4426245 ], [ 140.6349171, 40.4426745 ], [ 140.6349271, 40.4427145 ], [ 140.6349171, 40.4429745 ], [ 140.6349171, 40.4434245 ], [ 140.6348271, 40.4437945 ], [ 140.6347271, 40.4440045 ], [ 140.6345571, 40.4443045 ], [ 140.6342471, 40.4448045 ], [ 140.6341371, 40.4450845 ], [ 140.6340871, 40.4454245 ], [ 140.6340871, 40.4454845 ], [ 140.6340571, 40.4458145 ], [ 140.6341071, 40.4460245 ], [ 140.6341871, 40.4462345 ], [ 140.6342471, 40.4464145 ], [ 140.6343571, 40.4465845 ], [ 140.6345371, 40.4467945 ], [ 140.6347371, 40.4469745 ], [ 140.6348971, 40.4471145 ], [ 140.6350171, 40.4473145 ], [ 140.6350871, 40.4474745 ], [ 140.6351571, 40.4476445 ], [ 140.6351971, 40.4477345 ], [ 140.6352871, 40.4479845 ], [ 140.6353171, 40.4481345 ], [ 140.6355171, 40.4488645 ], [ 140.6355171, 40.4488945 ], [ 140.6355171, 40.4489845 ], [ 140.6355071, 40.4491945 ], [ 140.6354271, 40.4496945 ], [ 140.6353771, 40.4499945 ], [ 140.6353371, 40.4502345 ], [ 140.6353171, 40.4503645 ], [ 140.6352171, 40.4511345 ], [ 140.6351571, 40.4516645 ], [ 140.6351871, 40.4520745 ], [ 140.6352571, 40.4526245 ], [ 140.6353371, 40.4533045 ], [ 140.6354771, 40.4542745 ], [ 140.635617, 40.4552545 ], [ 140.635677, 40.4556645 ], [ 140.635757, 40.4563645 ], [ 140.635817, 40.4570845 ], [ 140.635847, 40.4577945 ], [ 140.635857, 40.4583245 ], [ 140.635867, 40.4588945 ], [ 140.635887, 40.4597345 ], [ 140.635897, 40.4607245 ], [ 140.635877, 40.4609945 ], [ 140.635837, 40.4612445 ], [ 140.635767, 40.4614445 ], [ 140.635707, 40.4616245 ], [ 140.635577, 40.4619745 ], [ 140.635287, 40.4626045 ], [ 140.634997, 40.4631945 ], [ 140.634587, 40.4641345 ], [ 140.634497, 40.4643045 ], [ 140.634197, 40.4650645 ], [ 140.633897, 40.4658545 ], [ 140.633747, 40.4663045 ], [ 140.633637, 40.4666645 ], [ 140.633517, 40.4670946 ], [ 140.633417, 40.4674546 ], [ 140.633327, 40.4679246 ], [ 140.633267, 40.4682646 ], [ 140.633187, 40.4686046 ], [ 140.633107, 40.4689846 ], [ 140.633057, 40.4693846 ], [ 140.6329969, 40.4697446 ], [ 140.6327469, 40.4704146 ], [ 140.6325569, 40.4706046 ], [ 140.6323469, 40.4707846 ], [ 140.6322969, 40.4708246 ], [ 140.6319469, 40.4711146 ], [ 140.6316069, 40.4713846 ], [ 140.6311769, 40.4717046 ], [ 140.6309469, 40.4718546 ], [ 140.6305769, 40.4720546 ], [ 140.6302169, 40.4722746 ], [ 140.6291169, 40.4729046 ], [ 140.6288369, 40.4730546 ], [ 140.6287969, 40.4730746 ], [ 140.6286869, 40.4731146 ], [ 140.6281769, 40.4733046 ], [ 140.6277769, 40.4734846 ], [ 140.6272869, 40.4737346 ], [ 140.6269469, 40.4739546 ], [ 140.6261269, 40.4745346 ], [ 140.6255169, 40.4749946 ], [ 140.6253169, 40.4751446 ], [ 140.6251069, 40.4754146 ], [ 140.6250169, 40.4755446 ], [ 140.6247969, 40.4759246 ], [ 140.6245969, 40.4764046 ], [ 140.6244569, 40.4768646 ], [ 140.6243869, 40.4771846 ], [ 140.6242969, 40.4776346 ], [ 140.6242569, 40.4777746 ], [ 140.6241169, 40.4785146 ], [ 140.6240769, 40.4786546 ], [ 140.6239869, 40.4792146 ], [ 140.6239469, 40.4796446 ], [ 140.6239469, 40.4797946 ], [ 140.6239469, 40.4798846 ], [ 140.6239469, 40.4801746 ], [ 140.6239569, 40.4802646 ], [ 140.6240169, 40.4808046 ], [ 140.6240469, 40.4809946 ], [ 140.6240669, 40.4812146 ], [ 140.6240669, 40.4817546 ], [ 140.6239969, 40.4822746 ], [ 140.6239769, 40.4824946 ], [ 140.6238368, 40.4832246 ], [ 140.6238168, 40.4833546 ], [ 140.6237268, 40.4838046 ], [ 140.6236168, 40.4843146 ], [ 140.6236068, 40.4843446 ], [ 140.6235468, 40.4846446 ], [ 140.6235168, 40.4848246 ], [ 140.6233768, 40.4854146 ], [ 140.6232968, 40.4856846 ], [ 140.6231468, 40.4859746 ], [ 140.6230268, 40.4861446 ], [ 140.6228568, 40.4862846 ], [ 140.6227168, 40.4863946 ], [ 140.6225268, 40.4865246 ], [ 140.6223968, 40.4866046 ], [ 140.6215068, 40.4871146 ], [ 140.6213368, 40.4872146 ], [ 140.6210368, 40.4874446 ], [ 140.6207568, 40.4876746 ], [ 140.6206668, 40.4877546 ], [ 140.6205668, 40.4878446 ], [ 140.6204368, 40.4879646 ], [ 140.6202768, 40.4881246 ], [ 140.6200868, 40.4883046 ], [ 140.6198368, 40.4885546 ], [ 140.6195768, 40.4888046 ], [ 140.6194068, 40.4889946 ], [ 140.6192768, 40.4891446 ], [ 140.6191468, 40.4893546 ], [ 140.6190368, 40.4895346 ], [ 140.6189468, 40.4896646 ], [ 140.6187568, 40.4899546 ], [ 140.6182368, 40.4906946 ], [ 140.6181768, 40.4907846 ], [ 140.6178268, 40.4911446 ], [ 140.6174668, 40.4915046 ], [ 140.6173168, 40.4916646 ], [ 140.6170768, 40.4918946 ], [ 140.6168768, 40.4921546 ], [ 140.6167768, 40.4923746 ], [ 140.6167068, 40.4926746 ], [ 140.6166968, 40.4929746 ], [ 140.6167568, 40.4932146 ], [ 140.6168468, 40.4934346 ], [ 140.6171768, 40.4940246 ], [ 140.6173168, 40.4943546 ], [ 140.6173868, 40.4946446 ], [ 140.6173868, 40.4947046 ], [ 140.6173968, 40.4948546 ], [ 140.6173668, 40.4949646 ], [ 140.6173368, 40.4951046 ], [ 140.6172368, 40.4953346 ], [ 140.6172068, 40.4954246 ], [ 140.6170968, 40.4955946 ], [ 140.6168968, 40.4958046 ], [ 140.6167068, 40.4960046 ], [ 140.6166568, 40.4960546 ], [ 140.6165768, 40.4961146 ], [ 140.6163768, 40.4962746 ], [ 140.6160568, 40.4965246 ], [ 140.6155167, 40.4969646 ], [ 140.6151867, 40.4972346 ], [ 140.6149867, 40.4974146 ], [ 140.6149367, 40.4974746 ], [ 140.6144667, 40.4979146 ], [ 140.6143567, 40.4980146 ], [ 140.6140467, 40.4983246 ], [ 140.6137167, 40.4987046 ], [ 140.6136067, 40.4988146 ], [ 140.6134867, 40.4989546 ], [ 140.6133167, 40.4991546 ], [ 140.6132567, 40.4992846 ], [ 140.6129567, 40.4998547 ], [ 140.6127867, 40.5002047 ], [ 140.6126467, 40.5004947 ], [ 140.6125367, 40.5007547 ], [ 140.6125167, 40.5008947 ], [ 140.6125067, 40.5020747 ], [ 140.6125167, 40.5027047 ], [ 140.6125167, 40.5030147 ], [ 140.6125367, 40.5034147 ], [ 140.6125467, 40.5037547 ], [ 140.6125667, 40.5043947 ], [ 140.6125867, 40.5048147 ], [ 140.6125767, 40.5051747 ], [ 140.6125567, 40.5052847 ], [ 140.6125167, 40.5055747 ], [ 140.6123967, 40.5060047 ], [ 140.6123267, 40.5061647 ], [ 140.6121267, 40.5065247 ], [ 140.6120467, 40.5066247 ], [ 140.6118267, 40.5068847 ], [ 140.6115967, 40.5071247 ], [ 140.6114167, 40.5073047 ], [ 140.6113367, 40.5073747 ], [ 140.6112167, 40.5074847 ], [ 140.6106067, 40.5079747 ], [ 140.6102567, 40.5082947 ], [ 140.6100167, 40.5085347 ], [ 140.6099067, 40.5086447 ], [ 140.6097167, 40.5088547 ], [ 140.6095667, 40.5090447 ], [ 140.6094067, 40.5092747 ], [ 140.6092267, 40.5095247 ], [ 140.6090967, 40.5097147 ], [ 140.6089567, 40.5098947 ], [ 140.6085866, 40.5104147 ], [ 140.6084966, 40.5105147 ], [ 140.6083966, 40.5106247 ], [ 140.6083266, 40.5106947 ], [ 140.6082066, 40.5107947 ], [ 140.6079866, 40.5109347 ], [ 140.6077366, 40.5111047 ], [ 140.6075366, 40.5111947 ], [ 140.6071366, 40.5113347 ], [ 140.6070066, 40.5113847 ], [ 140.6067366, 40.5114547 ], [ 140.6063266, 40.5115547 ], [ 140.6061666, 40.5115947 ], [ 140.6060466, 40.5116247 ], [ 140.6059566, 40.5116447 ], [ 140.6056566, 40.5117147 ], [ 140.6052566, 40.5118747 ], [ 140.6050966, 40.5119547 ], [ 140.6049366, 40.5120447 ], [ 140.6048466, 40.5121347 ], [ 140.6035466, 40.5138747 ], [ 140.6033966, 40.5140447 ], [ 140.6029766, 40.5145247 ], [ 140.6026966, 40.5148147 ], [ 140.6023466, 40.5152147 ], [ 140.6021566, 40.5154147 ], [ 140.6018766, 40.5157247 ], [ 140.6017366, 40.5158747 ], [ 140.6014966, 40.5160847 ], [ 140.6011966, 40.5163647 ], [ 140.6009666, 40.5166947 ], [ 140.6007466, 40.5170347 ], [ 140.6005166, 40.5174247 ], [ 140.6003466, 40.5176647 ], [ 140.6001866, 40.5178747 ], [ 140.6000166, 40.5180847 ], [ 140.5998666, 40.5182347 ], [ 140.5996866, 40.5184047 ], [ 140.5994566, 40.5185847 ], [ 140.5990566, 40.5188447 ], [ 140.5987366, 40.5189747 ], [ 140.5984066, 40.5191047 ], [ 140.5979566, 40.5192447 ], [ 140.5975266, 40.5193547 ], [ 140.5970966, 40.5194147 ], [ 140.5967066, 40.5194747 ], [ 140.5961966, 40.5195447 ], [ 140.5958566, 40.5195747 ], [ 140.5953766, 40.5196247 ], [ 140.5947266, 40.5196848 ], [ 140.5939366, 40.5197448 ], [ 140.5935766, 40.5197748 ], [ 140.5926866, 40.5198448 ], [ 140.5916266, 40.5199248 ], [ 140.5902566, 40.5200248 ], [ 140.5890966, 40.5201148 ], [ 140.5883966, 40.5201548 ], [ 140.5880566, 40.5201948 ], [ 140.5874166, 40.5202348 ], [ 140.5868966, 40.5202748 ], [ 140.5862166, 40.5203248 ], [ 140.5857165, 40.5203848 ], [ 140.5849165, 40.5204248 ], [ 140.5844565, 40.5205648 ], [ 140.5841065, 40.5206748 ], [ 140.5836865, 40.5208448 ], [ 140.5835165, 40.5209448 ], [ 140.5833065, 40.5210648 ], [ 140.5830465, 40.5212748 ], [ 140.5826165, 40.5216748 ], [ 140.5820465, 40.5222548 ], [ 140.5818665, 40.5224748 ], [ 140.5813465, 40.5231448 ], [ 140.5809665, 40.5236348 ], [ 140.5808265, 40.5238148 ], [ 140.5803765, 40.5243848 ], [ 140.5802065, 40.5245348 ], [ 140.5799765, 40.5247248 ], [ 140.5798165, 40.5248448 ], [ 140.5796265, 40.5249948 ], [ 140.5794465, 40.5251348 ], [ 140.5791865, 40.5252948 ], [ 140.5789565, 40.5254148 ], [ 140.5785165, 40.5255948 ], [ 140.5782665, 40.5256748 ], [ 140.5774365, 40.5258248 ], [ 140.5770365, 40.5258548 ], [ 140.5767565, 40.5258548 ], [ 140.5764965, 40.5258548 ], [ 140.5759265, 40.5258048 ], [ 140.5758965, 40.5257948 ], [ 140.5749465, 40.5256748 ], [ 140.5746865, 40.5256248 ], [ 140.5740249, 40.5254917 ], [ 140.5737465, 40.5254348 ], [ 140.5732665, 40.5253448 ], [ 140.5719965, 40.5250948 ], [ 140.5711965, 40.5249148 ], [ 140.5708665, 40.5248448 ], [ 140.5699865, 40.5246548 ], [ 140.5696965, 40.5245448 ], [ 140.5689765, 40.5242348 ], [ 140.5686165, 40.5241048 ], [ 140.5681865, 40.5239648 ], [ 140.5674565, 40.5237648 ], [ 140.5669365, 40.5236448 ], [ 140.5666765, 40.5236048 ], [ 140.5660865, 40.5235048 ], [ 140.5657365, 40.5234548 ], [ 140.5655365, 40.5234448 ], [ 140.5650565, 40.5234648 ], [ 140.5643365, 40.5235349 ], [ 140.5639765, 40.5236049 ], [ 140.5636265, 40.5236749 ], [ 140.5632965, 40.5237849 ], [ 140.5629965, 40.5238949 ], [ 140.5628265, 40.5239549 ], [ 140.5621465, 40.5243149 ], [ 140.5616565, 40.5247049 ], [ 140.5613765, 40.5249549 ], [ 140.5611965, 40.5251149 ], [ 140.5608865, 40.5254549 ], [ 140.5607165, 40.5256649 ], [ 140.5604765, 40.5259549 ], [ 140.5601165, 40.5263149 ], [ 140.5598465, 40.5265549 ], [ 140.5595865, 40.5267849 ], [ 140.5591665, 40.5271149 ], [ 140.5588265, 40.5273649 ], [ 140.5585065, 40.5275649 ], [ 140.5583365, 40.5276549 ], [ 140.5573265, 40.5282749 ], [ 140.5571365, 40.5283649 ], [ 140.5568165, 40.5285249 ], [ 140.5562965, 40.5288149 ], [ 140.5560765, 40.5289249 ], [ 140.5560065, 40.5289749 ], [ 140.5556565, 40.5292349 ], [ 140.5552665, 40.5295549 ], [ 140.5549465, 40.5299149 ], [ 140.5547465, 40.5301849 ], [ 140.5546065, 40.5304349 ], [ 140.5543665, 40.5310049 ], [ 140.5542765, 40.5312749 ], [ 140.5541765, 40.5317149 ], [ 140.5541965, 40.5321549 ], [ 140.5542865, 40.5325149 ], [ 140.5542965, 40.5326149 ], [ 140.5543265, 40.5327749 ], [ 140.5545265, 40.5332349 ], [ 140.5545765, 40.5333249 ], [ 140.5547065, 40.5335449 ], [ 140.5548565, 40.5337849 ], [ 140.5551764, 40.5342649 ], [ 140.5553164, 40.5344849 ], [ 140.5555264, 40.5349049 ], [ 140.5556664, 40.5352849 ], [ 140.5557564, 40.5356149 ], [ 140.5558264, 40.5359849 ], [ 140.5558464, 40.5364149 ], [ 140.5558164, 40.5366849 ], [ 140.5557264, 40.5369649 ], [ 140.5556464, 40.5371849 ], [ 140.5554364, 40.5376849 ], [ 140.5553264, 40.5379649 ], [ 140.5552064, 40.5382649 ], [ 140.5550664, 40.5385949 ], [ 140.5550464, 40.5386349 ], [ 140.5549764, 40.5388049 ], [ 140.5546764, 40.5394149 ], [ 140.5544864, 40.5397449 ], [ 140.5543064, 40.5400249 ], [ 140.5540764, 40.5404249 ], [ 140.5539764, 40.5405749 ], [ 140.5538564, 40.5407649 ], [ 140.5536264, 40.5410849 ], [ 140.5535564, 40.5411749 ], [ 140.5534864, 40.5412749 ], [ 140.5532764, 40.5415349 ], [ 140.5530564, 40.5418749 ], [ 140.5528064, 40.5423449 ], [ 140.5526664, 40.5426749 ], [ 140.5525964, 40.5428849 ], [ 140.5524464, 40.5433649 ], [ 140.5523964, 40.5435749 ], [ 140.5523364, 40.5438749 ], [ 140.5523164, 40.5441549 ], [ 140.5523364, 40.5444849 ], [ 140.5523964, 40.5448649 ], [ 140.5524264, 40.5453449 ], [ 140.5524264, 40.5453949 ], [ 140.5525064, 40.5461049 ], [ 140.5525064, 40.5464649 ], [ 140.5525364, 40.5471249 ], [ 140.5525364, 40.5472549 ], [ 140.5525764, 40.5477849 ], [ 140.5526464, 40.5488649 ], [ 140.5526364, 40.5489549 ], [ 140.5526364, 40.5490249 ], [ 140.5526364, 40.5490849 ], [ 140.5526464, 40.5491649 ], [ 140.5526464, 40.5499149 ], [ 140.5526064, 40.5503349 ], [ 140.5525064, 40.5508149 ], [ 140.5524664, 40.550985 ], [ 140.5523464, 40.551265 ], [ 140.5522764, 40.551435 ], [ 140.5521764, 40.551665 ], [ 140.5519464, 40.552035 ], [ 140.5518764, 40.552155 ], [ 140.5516764, 40.552435 ], [ 140.5514664, 40.552715 ], [ 140.5511164, 40.553075 ], [ 140.5507463, 40.553415 ], [ 140.5504663, 40.553615 ], [ 140.5501863, 40.553805 ], [ 140.5500063, 40.553905 ], [ 140.5495863, 40.554145 ], [ 140.5492863, 40.554295 ], [ 140.5491263, 40.554375 ], [ 140.5486763, 40.554565 ], [ 140.5480563, 40.554805 ], [ 140.5472163, 40.555075 ], [ 140.5468763, 40.555195 ], [ 140.5466063, 40.555295 ], [ 140.5458963, 40.555595 ], [ 140.5457863, 40.555655 ], [ 140.5455963, 40.555745 ], [ 140.5452663, 40.555945 ], [ 140.5448063, 40.556265 ], [ 140.5442163, 40.556675 ], [ 140.5435663, 40.557175 ], [ 140.5424763, 40.558025 ], [ 140.5418663, 40.558495 ], [ 140.5415863, 40.558715 ], [ 140.5409963, 40.559175 ], [ 140.5406863, 40.559415 ], [ 140.5402163, 40.559795 ], [ 140.5397163, 40.560235 ], [ 140.5393363, 40.560605 ], [ 140.5392663, 40.560685 ], [ 140.5388663, 40.561115 ], [ 140.5387063, 40.561315 ], [ 140.5386063, 40.561435 ], [ 140.5383663, 40.561785 ], [ 140.5382863, 40.561925 ], [ 140.5380663, 40.562325 ], [ 140.5379763, 40.562535 ], [ 140.5375963, 40.563395 ], [ 140.5373763, 40.563885 ], [ 140.5373463, 40.563995 ], [ 140.5373263, 40.564055 ], [ 140.5370663, 40.564905 ], [ 140.5368763, 40.565455 ], [ 140.5364763, 40.566395 ], [ 140.5363263, 40.566645 ], [ 140.5362363, 40.566785 ], [ 140.5361563, 40.566905 ], [ 140.5359163, 40.567215 ], [ 140.5357463, 40.567405 ], [ 140.5355963, 40.567555 ], [ 140.5352963, 40.567825 ], [ 140.5351363, 40.567965 ], [ 140.5349663, 40.568095 ], [ 140.5347263, 40.568275 ], [ 140.5344063, 40.568455 ], [ 140.5340463, 40.568635 ], [ 140.5337663, 40.568755 ], [ 140.5335663, 40.568835 ], [ 140.5334263, 40.568885 ], [ 140.5330963, 40.568985 ], [ 140.5326663, 40.569085 ], [ 140.5324663, 40.569135 ], [ 140.5321263, 40.569195 ], [ 140.5318363, 40.569225 ], [ 140.5314063, 40.569275 ], [ 140.5305063, 40.569355 ], [ 140.5296263, 40.569435 ], [ 140.5288563, 40.569515 ], [ 140.5282263, 40.5695851 ], [ 140.5274863, 40.5696751 ], [ 140.5271863, 40.5697251 ], [ 140.5269363, 40.5697751 ], [ 140.5267463, 40.5698251 ], [ 140.5264863, 40.5698951 ], [ 140.5262763, 40.5699651 ], [ 140.5260263, 40.5700551 ], [ 140.5257463, 40.5701851 ], [ 140.5253163, 40.5704051 ], [ 140.5250963, 40.5705451 ], [ 140.5248663, 40.5707351 ], [ 140.5245063, 40.5710251 ], [ 140.5243463, 40.5711851 ], [ 140.5238863, 40.5716851 ], [ 140.5232963, 40.5723251 ], [ 140.5225663, 40.5731351 ], [ 140.5215662, 40.5742851 ], [ 140.5211262, 40.5747851 ], [ 140.5204562, 40.5755451 ], [ 140.5197662, 40.5762951 ], [ 140.5190262, 40.5770751 ], [ 140.5184762, 40.5776751 ], [ 140.5181362, 40.5780651 ], [ 140.5175362, 40.5787551 ], [ 140.5171762, 40.5791551 ], [ 140.5169062, 40.5794551 ], [ 140.5166762, 40.5797151 ], [ 140.5164062, 40.5800151 ], [ 140.5158662, 40.5805551 ], [ 140.5153662, 40.5809551 ], [ 140.5149762, 40.5812151 ], [ 140.5146562, 40.5813951 ], [ 140.5142462, 40.5816051 ], [ 140.5138562, 40.5817951 ], [ 140.5133762, 40.5820151 ], [ 140.5126762, 40.5823351 ], [ 140.5121562, 40.5825651 ], [ 140.5116162, 40.5828051 ], [ 140.5111562, 40.5830151 ], [ 140.5107162, 40.5832351 ], [ 140.5103362, 40.5834451 ], [ 140.5099762, 40.5836651 ], [ 140.5095862, 40.5838851 ], [ 140.5093362, 40.5840551 ], [ 140.5090462, 40.5842951 ], [ 140.5086262, 40.5847151 ], [ 140.5083362, 40.5850251 ], [ 140.5080162, 40.5854051 ], [ 140.5078794, 40.5855605 ], [ 140.5077962, 40.5856551 ], [ 140.5075162, 40.5860851 ], [ 140.5072562, 40.5865551 ], [ 140.5070662, 40.5869651 ], [ 140.5069162, 40.5874251 ], [ 140.5068062, 40.5878251 ], [ 140.5067162, 40.5882951 ], [ 140.5066062, 40.5888151 ], [ 140.5065162, 40.5892851 ], [ 140.5063462, 40.5901951 ], [ 140.5062062, 40.5908651 ], [ 140.5060962, 40.5913451 ], [ 140.5059562, 40.5918051 ], [ 140.5058362, 40.5921352 ], [ 140.5052962, 40.5932852 ], [ 140.5049162, 40.5938952 ], [ 140.5041162, 40.5951552 ], [ 140.5034362, 40.5962452 ], [ 140.5033162, 40.5964452 ], [ 140.5026262, 40.5975952 ], [ 140.5016462, 40.5991752 ], [ 140.5012861, 40.5997852 ], [ 140.5007161, 40.6007252 ], [ 140.5004361, 40.6011652 ], [ 140.5000061, 40.6018752 ], [ 140.4996661, 40.6025052 ], [ 140.4993661, 40.6032252 ], [ 140.4991961, 40.6038152 ], [ 140.4991261, 40.6041952 ], [ 140.4990461, 40.6048752 ], [ 140.4989961, 40.6063452 ], [ 140.4989461, 40.6082252 ], [ 140.4989061, 40.6089952 ], [ 140.4988561, 40.6095652 ], [ 140.4987961, 40.6099552 ], [ 140.4987261, 40.6102652 ], [ 140.4985061, 40.6109852 ], [ 140.4982961, 40.6115152 ], [ 140.4980661, 40.6119852 ], [ 140.4979261, 40.6122452 ], [ 140.4976561, 40.6127452 ], [ 140.4973961, 40.6131452 ], [ 140.4968461, 40.6139852 ], [ 140.4965161, 40.6145052 ], [ 140.4958161, 40.6154952 ], [ 140.4953961, 40.6161152 ], [ 140.4951261, 40.6164952 ], [ 140.4949461, 40.6167152 ], [ 140.4945161, 40.6172652 ], [ 140.4944261, 40.6173652 ], [ 140.4942361, 40.6175652 ], [ 140.4939561, 40.6178152 ], [ 140.4937761, 40.6179652 ], [ 140.4936961, 40.6180352 ], [ 140.4935761, 40.6181352 ], [ 140.4933061, 40.6183452 ], [ 140.4928061, 40.6186852 ], [ 140.4920861, 40.6191552 ], [ 140.4915761, 40.6194452 ], [ 140.4906761, 40.6199752 ], [ 140.4903061, 40.6202052 ], [ 140.4897361, 40.6205752 ], [ 140.4894061, 40.6208052 ], [ 140.4892875, 40.6208915 ], [ 140.4891861, 40.6209652 ], [ 140.4882961, 40.6217553 ], [ 140.4879061, 40.6222253 ], [ 140.4876961, 40.6225353 ], [ 140.4875461, 40.6228953 ], [ 140.4874961, 40.6232553 ], [ 140.4874561, 40.6234353 ], [ 140.4874161, 40.6236953 ], [ 140.4873561, 40.6243253 ], [ 140.4873561, 40.6247153 ], [ 140.4873761, 40.6249953 ], [ 140.4873961, 40.6252353 ], [ 140.4874361, 40.6255553 ], [ 140.4874661, 40.6258453 ], [ 140.487526, 40.6262453 ], [ 140.487586, 40.6266753 ], [ 140.487636, 40.6270453 ], [ 140.487726, 40.6277553 ], [ 140.487816, 40.6288553 ], [ 140.487896, 40.6294853 ], [ 140.487946, 40.6298953 ], [ 140.487976, 40.6301553 ], [ 140.488026, 40.6304953 ], [ 140.488076, 40.6308953 ], [ 140.488106, 40.6311253 ], [ 140.488186, 40.6317353 ], [ 140.488286, 40.6324553 ], [ 140.488406, 40.6333253 ], [ 140.488586, 40.6346153 ], [ 140.488856, 40.6366453 ], [ 140.489126, 40.6385353 ], [ 140.489226, 40.6390753 ], [ 140.489276, 40.6392653 ], [ 140.489406, 40.6397453 ], [ 140.489496, 40.6400053 ], [ 140.489606, 40.6402353 ], [ 140.4897159, 40.6404453 ], [ 140.4898059, 40.6406053 ], [ 140.4899359, 40.6408453 ], [ 140.4900459, 40.6410153 ], [ 140.4901859, 40.6412253 ], [ 140.4904259, 40.6414853 ], [ 140.4906059, 40.6416653 ], [ 140.4910659, 40.6420953 ], [ 140.4914059, 40.6423453 ], [ 140.4916159, 40.6424753 ], [ 140.4917959, 40.6425953 ], [ 140.4919659, 40.6426953 ], [ 140.4921859, 40.6428053 ], [ 140.4924559, 40.6429353 ], [ 140.4926959, 40.6430553 ], [ 140.4930659, 40.6432253 ], [ 140.4934259, 40.6433853 ], [ 140.4937859, 40.6435453 ], [ 140.4939959, 40.6436553 ], [ 140.4941459, 40.6437353 ], [ 140.4943259, 40.6438153 ], [ 140.4950759, 40.6441753 ], [ 140.4954359, 40.6443553 ], [ 140.4965759, 40.6448253 ], [ 140.4974759, 40.6452153 ], [ 140.4979059, 40.6453953 ], [ 140.4983659, 40.6456353 ], [ 140.4985559, 40.6457453 ], [ 140.4988859, 40.6460153 ], [ 140.4993859, 40.6464053 ], [ 140.4998359, 40.6468053 ], [ 140.4999559, 40.6469253 ], [ 140.4999959, 40.6469653 ], [ 140.5014659, 40.6482453 ], [ 140.5018359, 40.6485753 ], [ 140.5020459, 40.6487553 ], [ 140.5023259, 40.6490253 ], [ 140.5026059, 40.6492653 ], [ 140.5028959, 40.6495153 ], [ 140.5031959, 40.6497853 ], [ 140.5034559, 40.6500053 ], [ 140.5038759, 40.6504053 ], [ 140.5042959, 40.6507853 ], [ 140.5046359, 40.6510653 ], [ 140.5054758, 40.6518253 ], [ 140.5057158, 40.6520753 ], [ 140.5060758, 40.6525253 ], [ 140.5061658, 40.6526853 ], [ 140.5063158, 40.6529653 ], [ 140.5065758, 40.6535553 ], [ 140.5067458, 40.6539253 ], [ 140.5067758, 40.6540053 ], [ 140.5068458, 40.6541353 ], [ 140.5073458, 40.6551653 ], [ 140.5074758, 40.6554453 ], [ 140.5083358, 40.6574853 ], [ 140.5086958, 40.6583253 ], [ 140.5088258, 40.6586353 ], [ 140.5088958, 40.6588653 ], [ 140.5089658, 40.6590653 ], [ 140.5090758, 40.6595453 ], [ 140.5091458, 40.6600253 ], [ 140.5091758, 40.6602453 ], [ 140.5092258, 40.6607853 ], [ 140.5092558, 40.6613253 ], [ 140.5092258, 40.6619053 ], [ 140.5092058, 40.6626053 ], [ 140.5091958, 40.6628853 ], [ 140.5091758, 40.6633753 ], [ 140.5091658, 40.6636153 ], [ 140.5091458, 40.6639653 ], [ 140.5091757, 40.6645753 ], [ 140.5092257, 40.6649053 ], [ 140.5092957, 40.6652453 ], [ 140.5093757, 40.6655553 ], [ 140.5094957, 40.6659453 ], [ 140.5097657, 40.6665253 ], [ 140.5098757, 40.6667053 ], [ 140.5100057, 40.6669353 ], [ 140.5102757, 40.6673153 ], [ 140.5105057, 40.6675853 ], [ 140.5107157, 40.6678153 ], [ 140.5109157, 40.6680253 ], [ 140.5111157, 40.6682053 ], [ 140.5114157, 40.6684653 ], [ 140.5119357, 40.6688453 ], [ 140.5122257, 40.6690353 ], [ 140.5127357, 40.6693453 ], [ 140.5139257, 40.6699253 ], [ 140.5146457, 40.6702353 ], [ 140.5154457, 40.6705653 ], [ 140.5162357, 40.6708953 ], [ 140.5170157, 40.6712253 ], [ 140.5180957, 40.6716953 ], [ 140.5192557, 40.6721853 ], [ 140.5214157, 40.6731353 ], [ 140.5224557, 40.6735853 ], [ 140.5226257, 40.6736653 ], [ 140.5228757, 40.6737853 ], [ 140.5234757, 40.6740453 ], [ 140.5250057, 40.6746753 ], [ 140.5254456, 40.6748653 ], [ 140.5257556, 40.6749953 ], [ 140.5279356, 40.6759553 ], [ 140.5293256, 40.6765853 ], [ 140.5295456, 40.6766753 ], [ 140.5335456, 40.6784153 ], [ 140.5343656, 40.6788053 ], [ 140.5348956, 40.6791253 ], [ 140.5355956, 40.6795853 ], [ 140.5359256, 40.6798353 ], [ 140.5365556, 40.6802953 ], [ 140.5366356, 40.6803653 ], [ 140.5368256, 40.6805353 ], [ 140.5371156, 40.6808153 ], [ 140.5377456, 40.6814953 ], [ 140.5382856, 40.6821253 ], [ 140.5393556, 40.6834553 ], [ 140.5399656, 40.6841453 ], [ 140.5406255, 40.6848853 ], [ 140.5412155, 40.6856053 ], [ 140.5413355, 40.6857353 ], [ 140.5415555, 40.6859953 ], [ 140.5419755, 40.6864253 ], [ 140.5423555, 40.6867653 ], [ 140.5428155, 40.6871153 ], [ 140.5436855, 40.6877853 ], [ 140.5439755, 40.6879853 ], [ 140.5443555, 40.6881953 ], [ 140.5447055, 40.6883453 ], [ 140.5450555, 40.6884853 ], [ 140.5457655, 40.6886853 ], [ 140.5464155, 40.6888553 ], [ 140.5470055, 40.6889953 ], [ 140.5482355, 40.6892153 ], [ 140.5499855, 40.6894753 ], [ 140.5515455, 40.6897053 ], [ 140.5538655, 40.6900353 ], [ 140.5547255, 40.6901453 ], [ 140.5579855, 40.6906253 ], [ 140.5581755, 40.6906653 ], [ 140.5587455, 40.6908353 ], [ 140.5592755, 40.6909853 ], [ 140.5596255, 40.6911053 ], [ 140.5601455, 40.6913353 ], [ 140.5605555, 40.6915353 ], [ 140.5608755, 40.6917153 ], [ 140.5612254, 40.6919553 ], [ 140.5616654, 40.6922853 ], [ 140.5621854, 40.6927753 ], [ 140.5625454, 40.6931353 ], [ 140.5638954, 40.6945754 ], [ 140.5651754, 40.6959454 ], [ 140.5675154, 40.6984154 ], [ 140.5694654, 40.7005054 ], [ 140.5713253, 40.7024854 ], [ 140.5725753, 40.7038154 ], [ 140.5730653, 40.7043554 ], [ 140.5739853, 40.7052654 ], [ 140.5745453, 40.7058154 ], [ 140.5750053, 40.7062654 ], [ 140.5754953, 40.7067554 ], [ 140.5763153, 40.7075554 ], [ 140.5766253, 40.7078554 ], [ 140.5767153, 40.7079454 ], [ 140.5768353, 40.7080554 ], [ 140.5771153, 40.7083254 ], [ 140.5777053, 40.7089054 ], [ 140.5783453, 40.7095254 ], [ 140.5793353, 40.7104954 ], [ 140.5795153, 40.7106954 ], [ 140.5797653, 40.7109954 ], [ 140.5799253, 40.7111954 ], [ 140.5800753, 40.7114354 ], [ 140.5801353, 40.7115654 ], [ 140.5802853, 40.7119154 ], [ 140.5804653, 40.7124354 ], [ 140.5805853, 40.7129354 ], [ 140.5806053, 40.7130754 ], [ 140.5806153, 40.7132054 ], [ 140.5806553, 40.7144054 ], [ 140.5806653, 40.7149054 ], [ 140.5806653, 40.7155554 ], [ 140.5806753, 40.7157354 ], [ 140.5806753, 40.7163554 ], [ 140.5806853, 40.7166554 ], [ 140.5807053, 40.7174154 ], [ 140.5807153, 40.7176554 ], [ 140.5807453, 40.7180154 ], [ 140.5808053, 40.7185654 ], [ 140.5808553, 40.7188054 ], [ 140.5809253, 40.7192354 ], [ 140.5810553, 40.7197654 ], [ 140.5812253, 40.7203554 ], [ 140.5814253, 40.7209154 ], [ 140.5814453, 40.7209954 ], [ 140.5814853, 40.7210954 ], [ 140.5815753, 40.7213254 ], [ 140.5818853, 40.7221954 ], [ 140.5821653, 40.7228754 ], [ 140.5824653, 40.7235454 ], [ 140.5826453, 40.7240554 ], [ 140.5826853, 40.7242054 ], [ 140.5827853, 40.7245054 ], [ 140.5829353, 40.7249954 ], [ 140.5830253, 40.7252654 ], [ 140.5830953, 40.7255654 ], [ 140.5832253, 40.7261554 ], [ 140.5833153, 40.7266754 ], [ 140.5833353, 40.7267954 ], [ 140.5834453, 40.7274654 ], [ 140.5835253, 40.7281454 ], [ 140.5836453, 40.7288454 ], [ 140.5837353, 40.7295654 ], [ 140.5838653, 40.7305054 ], [ 140.5839053, 40.7309254 ], [ 140.5840553, 40.7320954 ], [ 140.5840852, 40.7323554 ], [ 140.5841352, 40.7328154 ], [ 140.5841652, 40.7332154 ], [ 140.5841452, 40.7335754 ], [ 140.5841052, 40.7339054 ], [ 140.5840152, 40.7343154 ], [ 140.5839252, 40.7345954 ], [ 140.5836752, 40.7352554 ], [ 140.5835552, 40.7356154 ], [ 140.5834752, 40.7359054 ], [ 140.5834252, 40.7362154 ], [ 140.5833952, 40.7364954 ], [ 140.5833952, 40.7367654 ], [ 140.5834152, 40.7371054 ], [ 140.5834552, 40.7374554 ], [ 140.5835452, 40.7378954 ], [ 140.5836052, 40.7382954 ], [ 140.5836252, 40.7385554 ], [ 140.5836352, 40.7388354 ], [ 140.5836052, 40.7392754 ], [ 140.5835452, 40.7396254 ], [ 140.5834952, 40.7398554 ], [ 140.5832652, 40.7407754 ], [ 140.5830452, 40.7416654 ], [ 140.5828252, 40.7425054 ], [ 140.5826852, 40.7431454 ], [ 140.5825452, 40.7439754 ], [ 140.5824552, 40.7446954 ], [ 140.5824252, 40.7450554 ], [ 140.5823952, 40.7454954 ], [ 140.5823852, 40.7459354 ], [ 140.5823852, 40.7466554 ], [ 140.5823852, 40.7468454 ], [ 140.5824252, 40.7473854 ], [ 140.5826252, 40.7491454 ], [ 140.5826652, 40.7494554 ], [ 140.5827152, 40.7497254 ], [ 140.5827752, 40.7499954 ], [ 140.5829452, 40.7507754 ], [ 140.5830352, 40.7510854 ], [ 140.5833752, 40.7520554 ], [ 140.5835152, 40.7523654 ], [ 140.5836652, 40.7526954 ], [ 140.5840552, 40.7534554 ], [ 140.5845952, 40.7543654 ], [ 140.5849152, 40.7548854 ], [ 140.5856852, 40.7562054 ], [ 140.5859352, 40.7566354 ], [ 140.5860352, 40.7568754 ], [ 140.5861552, 40.7571354 ], [ 140.5863452, 40.7575954 ], [ 140.5864952, 40.7579854 ], [ 140.5866152, 40.7583554 ], [ 140.5867452, 40.7587754 ], [ 140.5868452, 40.7590554 ], [ 140.5869052, 40.7593054 ], [ 140.5869452, 40.7594754 ], [ 140.5869552, 40.7595654 ], [ 140.5870052, 40.7598154 ], [ 140.5870952, 40.7606354 ], [ 140.5871452, 40.7610554 ], [ 140.5872452, 40.7620454 ], [ 140.5873052, 40.7625554 ], [ 140.5873352, 40.7627354 ], [ 140.5874252, 40.7631554 ], [ 140.5874852, 40.7634154 ], [ 140.5875552, 40.7636354 ], [ 140.5876552, 40.7638754 ], [ 140.5877752, 40.7641554 ], [ 140.5879252, 40.7644354 ], [ 140.5881252, 40.7647854 ], [ 140.5883252, 40.7650854 ], [ 140.5886052, 40.7654354 ], [ 140.5887952, 40.7656654 ], [ 140.5889752, 40.7658454 ], [ 140.5891552, 40.7660254 ], [ 140.5893252, 40.7661754 ], [ 140.5896252, 40.7664554 ], [ 140.5898252, 40.7665954 ], [ 140.5902552, 40.7668954 ], [ 140.5904252, 40.7669954 ], [ 140.5906852, 40.7671454 ], [ 140.5909852, 40.7673054 ], [ 140.5913652, 40.7675154 ], [ 140.5915852, 40.7676354 ], [ 140.5918352, 40.7677754 ], [ 140.5921752, 40.7679454 ], [ 140.5926552, 40.7682054 ], [ 140.5930552, 40.7684254 ], [ 140.5935752, 40.7686954 ], [ 140.5938352, 40.7688354 ], [ 140.5945652, 40.7692254 ], [ 140.5949252, 40.7694054 ], [ 140.5954252, 40.7696754 ], [ 140.5958753, 40.7699054 ], [ 140.5961052, 40.7700254 ], [ 140.5963352, 40.7701554 ], [ 140.5965953, 40.7703154 ], [ 140.5968052, 40.7704454 ], [ 140.5969953, 40.7705854 ], [ 140.5973253, 40.7708354 ], [ 140.5975253, 40.7710054 ], [ 140.5976853, 40.7711654 ], [ 140.5978353, 40.7713354 ], [ 140.5980153, 40.7715554 ], [ 140.5981253, 40.7717254 ], [ 140.5981953, 40.7718454 ], [ 140.5982853, 40.7719854 ], [ 140.5984053, 40.7721754 ], [ 140.5985353, 40.7724054 ], [ 140.5986053, 40.7725454 ], [ 140.5987053, 40.7727254 ], [ 140.5990953, 40.7735754 ], [ 140.5993453, 40.7741954 ], [ 140.5994053, 40.7743454 ], [ 140.5995953, 40.7746954 ], [ 140.5998153, 40.7749954 ], [ 140.6000053, 40.7752654 ], [ 140.6000853, 40.7753854 ], [ 140.6002753, 40.7756154 ], [ 140.6003453, 40.7756954 ], [ 140.6005053, 40.7758454 ], [ 140.6015153, 40.7766654 ], [ 140.6017253, 40.7767854 ], [ 140.6018553, 40.7768454 ], [ 140.6021753, 40.7769954 ], [ 140.6030253, 40.7773654 ], [ 140.6032153, 40.7774054 ], [ 140.6034453, 40.7774054 ], [ 140.6036753, 40.7773654 ], [ 140.6040753, 40.7772754 ], [ 140.6054953, 40.7768054 ], [ 140.6064053, 40.7764954 ], [ 140.6066953, 40.7764454 ], [ 140.6069353, 40.7764354 ], [ 140.6072153, 40.7764654 ], [ 140.6082653, 40.7766154 ], [ 140.6088553, 40.7766954 ], [ 140.6125153, 40.7772154 ], [ 140.6135353, 40.7773454 ], [ 140.6144453, 40.7774654 ], [ 140.6145653, 40.7774854 ], [ 140.6148153, 40.7775254 ], [ 140.6150353, 40.7776054 ], [ 140.6152053, 40.7776754 ], [ 140.6154753, 40.7777854 ], [ 140.6166753, 40.7784354 ], [ 140.6167953, 40.7785054 ], [ 140.6169653, 40.7786154 ], [ 140.6172053, 40.7787654 ], [ 140.6175653, 40.7790054 ], [ 140.6180453, 40.7793354 ], [ 140.6186053, 40.7795454 ], [ 140.6192853, 40.7797354 ], [ 140.6197753, 40.7798454 ], [ 140.6201253, 40.7798854 ], [ 140.6205453, 40.7799054 ], [ 140.6210853, 40.7799554 ], [ 140.6214953, 40.7799954 ], [ 140.6220153, 40.7801154 ], [ 140.6223853, 40.7802254 ], [ 140.6227853, 40.7803654 ], [ 140.6231453, 40.7805154 ], [ 140.6235253, 40.7806954 ], [ 140.6239053, 40.7809254 ], [ 140.6243153, 40.7812254 ], [ 140.6245253, 40.7814054 ], [ 140.6248753, 40.7817654 ], [ 140.6250853, 40.7819954 ], [ 140.6252053, 40.7821554 ], [ 140.6255553, 40.7826654 ], [ 140.6259453, 40.7834154 ], [ 140.6262653, 40.7841354 ], [ 140.6263153, 40.7842854 ], [ 140.6265653, 40.7850754 ], [ 140.6267353, 40.7857554 ], [ 140.6268053, 40.7862754 ], [ 140.6268653, 40.7866754 ], [ 140.6269053, 40.7870754 ], [ 140.6269253, 40.7880354 ], [ 140.6269053, 40.7884954 ], [ 140.6268753, 40.7889054 ], [ 140.6268353, 40.7891654 ], [ 140.6267653, 40.7895854 ], [ 140.6266353, 40.7901554 ], [ 140.6264853, 40.7906754 ], [ 140.6262253, 40.7913654 ], [ 140.6260853, 40.7916654 ], [ 140.6260053, 40.7918554 ], [ 140.6258453, 40.7921854 ], [ 140.6255853, 40.7926454 ], [ 140.6254453, 40.7928554 ], [ 140.6250953, 40.7934254 ], [ 140.6249853, 40.7936054 ], [ 140.6248053, 40.7938654 ], [ 140.6246053, 40.7941354 ], [ 140.6243653, 40.7944354 ], [ 140.6236353, 40.7953854 ], [ 140.6232953, 40.7958154 ], [ 140.6229253, 40.7963654 ], [ 140.6227853, 40.7966154 ], [ 140.6225853, 40.7970254 ], [ 140.6224053, 40.7974354 ], [ 140.6223053, 40.7978454 ], [ 140.6222153, 40.7984954 ], [ 140.6222053, 40.7987554 ], [ 140.6222153, 40.7990854 ], [ 140.6222253, 40.7992254 ], [ 140.6222753, 40.7995854 ], [ 140.6223553, 40.7999154 ], [ 140.6224153, 40.8001154 ], [ 140.6225653, 40.8004554 ], [ 140.6227253, 40.8007554 ], [ 140.6229253, 40.8010954 ], [ 140.6230953, 40.8013354 ], [ 140.6233253, 40.8016354 ], [ 140.6236053, 40.8019454 ], [ 140.6237653, 40.8021054 ], [ 140.6240053, 40.8023054 ], [ 140.6245453, 40.8027054 ], [ 140.6249453, 40.8029754 ], [ 140.6254053, 40.8032154 ], [ 140.6262553, 40.8035954 ], [ 140.6266053, 40.8037354 ], [ 140.6284653, 40.8044655 ], [ 140.6290553, 40.8046955 ], [ 140.6296453, 40.8049155 ], [ 140.6305453, 40.8052755 ], [ 140.6310253, 40.8054955 ], [ 140.6314153, 40.8057055 ], [ 140.6318253, 40.8059255 ], [ 140.6322053, 40.8061755 ], [ 140.6324953, 40.8063755 ], [ 140.6329453, 40.8067455 ], [ 140.6331853, 40.8069655 ], [ 140.6333353, 40.8071255 ], [ 140.6334353, 40.8072255 ], [ 140.6338153, 40.8076955 ], [ 140.6340853, 40.8080755 ], [ 140.6342453, 40.8083455 ], [ 140.6344153, 40.8086355 ], [ 140.6348853, 40.8095055 ], [ 140.6350553, 40.8098255 ], [ 140.6352953, 40.8102155 ], [ 140.6355253, 40.8105655 ], [ 140.6357853, 40.8109155 ], [ 140.6360953, 40.8112755 ], [ 140.6364153, 40.8115955 ], [ 140.6367053, 40.8118555 ], [ 140.6368653, 40.8119855 ], [ 140.6371253, 40.8121655 ], [ 140.6376953, 40.8125155 ], [ 140.6379953, 40.8126955 ], [ 140.6383253, 40.8128555 ], [ 140.6387953, 40.8130755 ], [ 140.6392053, 40.8132355 ], [ 140.6396153, 40.8133655 ], [ 140.6399753, 40.8134655 ], [ 140.6402853, 40.8135455 ], [ 140.6407753, 40.8136455 ], [ 140.6412153, 40.8137355 ], [ 140.6416753, 40.8138155 ], [ 140.6426253, 40.8139655 ], [ 140.6429353, 40.8140055 ], [ 140.6432253, 40.8140455 ], [ 140.6435353, 40.8140955 ], [ 140.6438553, 40.8141755 ], [ 140.6441353, 40.8142455 ], [ 140.6443253, 40.8142955 ], [ 140.6445753, 40.8143855 ], [ 140.6448153, 40.8144955 ], [ 140.6450653, 40.8146155 ], [ 140.6454753, 40.8148655 ], [ 140.6457053, 40.8150255 ], [ 140.6459053, 40.8152055 ], [ 140.6462453, 40.8155255 ], [ 140.6465153, 40.8158555 ], [ 140.6468253, 40.8163155 ], [ 140.6470653, 40.8166255 ], [ 140.6472253, 40.8168355 ], [ 140.6473253, 40.8169655 ], [ 140.6475553, 40.8172255 ], [ 140.6477653, 40.8174555 ], [ 140.6479553, 40.8176355 ], [ 140.6481753, 40.8178455 ], [ 140.6488153, 40.8184055 ], [ 140.6492353, 40.8187755 ], [ 140.6495253, 40.8190755 ], [ 140.6498753, 40.8194455 ], [ 140.6500453, 40.8196755 ], [ 140.6505253, 40.8202755 ], [ 140.6507253, 40.8205655 ], [ 140.6513253, 40.8217155 ], [ 140.6514753, 40.8220355 ], [ 140.6516353, 40.8222855 ], [ 140.6518653, 40.8226555 ], [ 140.6521953, 40.8230855 ], [ 140.6529253, 40.8239555 ], [ 140.6530953, 40.8241655 ], [ 140.6533753, 40.8244455 ], [ 140.6535853, 40.8246155 ], [ 140.6540853, 40.8249955 ], [ 140.6544953, 40.8252955 ], [ 140.6550653, 40.8256655 ], [ 140.6552053, 40.8257556 ], [ 140.6558753, 40.8261556 ], [ 140.6562553, 40.8263656 ], [ 140.6565753, 40.8265656 ], [ 140.6572153, 40.8270756 ], [ 140.6575253, 40.8273356 ], [ 140.6579053, 40.8276556 ], [ 140.6582853, 40.8280056 ], [ 140.6585253, 40.8282256 ], [ 140.6595753, 40.8291556 ], [ 140.6599953, 40.8295156 ], [ 140.6602853, 40.8297456 ], [ 140.6605153, 40.8299456 ], [ 140.6607053, 40.8300956 ], [ 140.6610153, 40.8303556 ], [ 140.6615453, 40.8307756 ], [ 140.6621953, 40.8312556 ], [ 140.6625353, 40.8314756 ], [ 140.6629953, 40.8317356 ], [ 140.6633653, 40.8319056 ], [ 140.6639853, 40.8321556 ], [ 140.6643353, 40.8322856 ], [ 140.6646153, 40.8323756 ], [ 140.6651353, 40.8325356 ], [ 140.6655953, 40.8326556 ], [ 140.6657153, 40.8326856 ], [ 140.6659753, 40.8327356 ], [ 140.6663453, 40.8327856 ], [ 140.6666753, 40.8328056 ], [ 140.6668853, 40.8328256 ], [ 140.6671653, 40.8328356 ], [ 140.6676253, 40.8328556 ], [ 140.6679653, 40.8328856 ], [ 140.6683253, 40.8329356 ], [ 140.6686353, 40.8329856 ], [ 140.6690952, 40.8330856 ], [ 140.6696452, 40.8332356 ], [ 140.6698752, 40.8332956 ], [ 140.6701052, 40.8333756 ], [ 140.6703552, 40.8334556 ], [ 140.6711252, 40.8337156 ], [ 140.6714552, 40.8338456 ], [ 140.6717352, 40.8339556 ], [ 140.6723352, 40.8341856 ], [ 140.6731952, 40.8344656 ], [ 140.6744852, 40.8348356 ], [ 140.6749852, 40.8349556 ], [ 140.6760152, 40.8350956 ], [ 140.6763752, 40.8351156 ], [ 140.6767852, 40.8351356 ], [ 140.6773652, 40.8351256 ], [ 140.6780652, 40.8350956 ], [ 140.6783752, 40.8350656 ], [ 140.6784914, 40.8350522 ], [ 140.6786352, 40.8350356 ], [ 140.6791352, 40.8349856 ], [ 140.6795952, 40.8349156 ], [ 140.6799552, 40.8348456 ], [ 140.6807552, 40.8347156 ], [ 140.6822252, 40.8344956 ], [ 140.6828952, 40.8343656 ], [ 140.6835752, 40.8342456 ], [ 140.6849352, 40.8340156 ], [ 140.6856152, 40.8339256 ], [ 140.6862552, 40.8338256 ], [ 140.6870652, 40.8337256 ], [ 140.6883052, 40.8336356 ], [ 140.6894052, 40.8335356 ], [ 140.6896752, 40.8335156 ], [ 140.6902152, 40.8334956 ], [ 140.6904652, 40.8334856 ], [ 140.6905252, 40.8334856 ], [ 140.6907352, 40.8334756 ], [ 140.6912652, 40.8334656 ], [ 140.6916752, 40.8334756 ], [ 140.6919252, 40.8334756 ], [ 140.6923752, 40.8334756 ], [ 140.6936652, 40.8334756 ], [ 140.6944052, 40.8334656 ], [ 140.6950052, 40.8334556 ], [ 140.6955352, 40.8334256 ], [ 140.695688, 40.833421 ], [ 140.6965252, 40.8333956 ], [ 140.6971752, 40.8333556 ], [ 140.6977152, 40.8332956 ], [ 140.6982752, 40.8332156 ], [ 140.6989151, 40.8330956 ], [ 140.6991751, 40.8330456 ], [ 140.6995651, 40.8329556 ], [ 140.7001351, 40.8327956 ], [ 140.7006651, 40.8326256 ], [ 140.7009551, 40.8325156 ], [ 140.7010751, 40.8324756 ], [ 140.7012951, 40.8323956 ], [ 140.7017251, 40.8322056 ], [ 140.7023351, 40.8319356 ], [ 140.7027451, 40.8317356 ], [ 140.7031151, 40.8315356 ], [ 140.7034951, 40.8312956 ], [ 140.7039051, 40.8310256 ], [ 140.7042451, 40.8307856 ], [ 140.7045651, 40.8305356 ], [ 140.7049351, 40.8302356 ], [ 140.7052151, 40.8299856 ], [ 140.7066451, 40.8287156 ], [ 140.7075751, 40.8279656 ], [ 140.7080051, 40.8276156 ], [ 140.7083451, 40.8273856 ], [ 140.7087551, 40.8271756 ], [ 140.7091051, 40.8270056 ], [ 140.7092651, 40.8269456 ], [ 140.7097351, 40.8268056 ], [ 140.7100951, 40.8267356 ], [ 140.7103651, 40.8267356 ], [ 140.7104951, 40.8267456 ], [ 140.7109751, 40.8268156 ], [ 140.7114751, 40.8268856 ], [ 140.7119451, 40.8269556 ], [ 140.7124351, 40.8270256 ], [ 140.7134251, 40.8271456 ], [ 140.7136751, 40.8271656 ], [ 140.7140751, 40.8272156 ], [ 140.7146551, 40.8272856 ], [ 140.7149651, 40.8273056 ], [ 140.7150851, 40.8272856 ], [ 140.7155851, 40.8272456 ], [ 140.7162051, 40.8271756 ], [ 140.7163851, 40.8271556 ], [ 140.7166651, 40.8271156 ], [ 140.7171451, 40.8270356 ], [ 140.7174251, 40.8269956 ], [ 140.7182651, 40.8268556 ], [ 140.7186051, 40.8268056 ], [ 140.7187751, 40.8267756 ], [ 140.7195051, 40.8266856 ], [ 140.721255, 40.8264356 ], [ 140.721975, 40.8263356 ], [ 140.723435, 40.8261256 ], [ 140.724225, 40.8259956 ], [ 140.725005, 40.8258856 ], [ 140.726345, 40.8256856 ], [ 140.727195, 40.8255656 ], [ 140.728035, 40.8254456 ], [ 140.728495, 40.8253656 ], [ 140.729765, 40.8251756 ], [ 140.730855, 40.8249956 ], [ 140.731415, 40.8248956 ], [ 140.732915, 40.8246756 ], [ 140.733405, 40.8246055 ], [ 140.734335, 40.8244855 ], [ 140.734645, 40.8244455 ], [ 140.735995, 40.8242855 ], [ 140.736515, 40.8242255 ], [ 140.736635, 40.8242155 ], [ 140.737885, 40.8240655 ], [ 140.739115, 40.8239155 ], [ 140.739405, 40.8238755 ], [ 140.740095, 40.8237655 ], [ 140.740835, 40.8236655 ], [ 140.740883, 40.8236581 ] ] } },
{ "type": "Feature", "properties": { "N12_001": "02", "N12_002": 1, "N12_003": 3, "N12_004": "一般国道7号", "N12_005": 6, "N12_006": 2 }, "geometry": { "type": "LineString", "coordinates": [ [ 140.6572153, 40.8270756 ], [ 140.6574353, 40.8269256 ], [ 140.6577653, 40.8267256 ], [ 140.6579453, 40.8266256 ], [ 140.6583353, 40.8264456 ], [ 140.6591053, 40.8260856 ], [ 140.6595553, 40.8258956 ], [ 140.6605453, 40.8254956 ], [ 140.6607653, 40.8253956 ], [ 140.6610753, 40.8252256 ], [ 140.6614653, 40.8249956 ], [ 140.6617653, 40.8248056 ], [ 140.6621653, 40.8245656 ], [ 140.6623153, 40.8244656 ], [ 140.6624053, 40.8244156 ], [ 140.6624953, 40.8243556 ], [ 140.6629153, 40.8241056 ], [ 140.6634952, 40.8237256 ], [ 140.6637452, 40.8235556 ], [ 140.6644452, 40.8230855 ], [ 140.6645352, 40.8230255 ], [ 140.6648552, 40.8228055 ], [ 140.6651752, 40.8225955 ], [ 140.6656552, 40.8222755 ], [ 140.6660652, 40.8219955 ], [ 140.6666752, 40.8215755 ], [ 140.6668752, 40.8214355 ], [ 140.6676652, 40.8208855 ], [ 140.6678852, 40.8207355 ], [ 140.6696952, 40.8195055 ], [ 140.6702052, 40.8191355 ], [ 140.6705152, 40.8189555 ], [ 140.6709452, 40.8186955 ], [ 140.6715752, 40.8183255 ], [ 140.6719752, 40.8181155 ], [ 140.6723152, 40.8179455 ], [ 140.6724752, 40.8178755 ], [ 140.6727552, 40.8177355 ], [ 140.6729852, 40.8176355 ], [ 140.6731652, 40.8175555 ], [ 140.6737252, 40.8173355 ], [ 140.6738652, 40.8172755 ], [ 140.6744852, 40.8170555 ], [ 140.6748652, 40.8169255 ], [ 140.6750052, 40.8168855 ], [ 140.6753952, 40.8167655 ], [ 140.6758552, 40.8166655 ], [ 140.6767652, 40.8164655 ], [ 140.6780552, 40.8162155 ], [ 140.6785652, 40.8161155 ], [ 140.6792952, 40.8159655 ], [ 140.6796952, 40.8158855 ], [ 140.6800652, 40.8158155 ], [ 140.6813952, 40.8155555 ], [ 140.6817752, 40.8154855 ], [ 140.6830852, 40.8152355 ], [ 140.6833052, 40.8151855 ], [ 140.6834952, 40.8151455 ], [ 140.6836452, 40.8151155 ], [ 140.6846952, 40.8149155 ], [ 140.6850052, 40.8148455 ], [ 140.6853452, 40.8147755 ], [ 140.6857752, 40.8146855 ], [ 140.6860952, 40.8146055 ], [ 140.6865952, 40.8144555 ], [ 140.6871152, 40.8143155 ], [ 140.6874552, 40.8142155 ], [ 140.6879352, 40.8140455 ], [ 140.6885452, 40.8138255 ], [ 140.6887152, 40.8137455 ], [ 140.6889152, 40.8136555 ], [ 140.6890552, 40.8135955 ], [ 140.6893552, 40.8134755 ], [ 140.6896352, 40.8133255 ], [ 140.6899252, 40.8131755 ], [ 140.6902752, 40.8129655 ], [ 140.6905852, 40.8127655 ], [ 140.6907752, 40.8126255 ], [ 140.6910252, 40.8124155 ], [ 140.6916752, 40.8118755 ], [ 140.6918552, 40.8117255 ], [ 140.6922352, 40.8113555 ], [ 140.6923752, 40.8112055 ], [ 140.6924152, 40.8111655 ], [ 140.6924952, 40.8110855 ], [ 140.6926152, 40.8109555 ], [ 140.6929352, 40.8105555 ], [ 140.6933652, 40.8099155 ], [ 140.6936552, 40.8093655 ], [ 140.6938452, 40.8090255 ], [ 140.6941952, 40.8083255 ], [ 140.6943752, 40.8079755 ], [ 140.6945152, 40.8076855 ], [ 140.6945322, 40.8076459 ], [ 140.6945951, 40.8075155 ], [ 140.6947051, 40.8072855 ], [ 140.6951251, 40.8064055 ], [ 140.6954351, 40.8057955 ], [ 140.6958551, 40.8050555 ], [ 140.6961951, 40.8044955 ], [ 140.6964051, 40.8041155 ], [ 140.6966951, 40.8037255 ], [ 140.6969051, 40.8034455 ], [ 140.6970951, 40.8032055 ], [ 140.6975751, 40.8026455 ], [ 140.6980351, 40.8021155 ], [ 140.6985351, 40.8016455 ], [ 140.6992051, 40.8011555 ], [ 140.6998651, 40.8006855 ], [ 140.7000051, 40.8005955 ], [ 140.7007675, 40.8000833 ], [ 140.7010175, 40.7999333 ], [ 140.7012475, 40.7998133 ], [ 140.7017475, 40.7995433 ], [ 140.7019375, 40.7994633 ], [ 140.7022075, 40.7993433 ], [ 140.7026275, 40.7991733 ], [ 140.7030575, 40.7990333 ], [ 140.7037375, 40.7988333 ], [ 140.7041983, 40.798665 ], [ 140.7048083, 40.798525 ], [ 140.7058465, 40.7983116 ], [ 140.7066665, 40.7981416 ], [ 140.707825, 40.7980761 ], [ 140.708315, 40.7980261 ], [ 140.709165, 40.7979661 ], [ 140.710115, 40.7979061 ], [ 140.711005, 40.7979061 ], [ 140.7131451, 40.7980254 ], [ 140.7140551, 40.7980554 ], [ 140.7165651, 40.7981154 ], [ 140.7192451, 40.7981454 ], [ 140.7208651, 40.7981554 ], [ 140.7233451, 40.7981454 ], [ 140.724525, 40.7981254 ], [ 140.7251892, 40.7980042 ], [ 140.7282792, 40.7977942 ], [ 140.7294292, 40.7977042 ], [ 140.733521, 40.7974277 ], [ 140.737121, 40.7972477 ], [ 140.739561, 40.7970677 ], [ 140.7397875, 40.7970578 ], [ 140.741271, 40.7969277 ], [ 140.7425733, 40.7967904 ], [ 140.7433102, 40.7967181 ], [ 140.7435933, 40.7966904 ], [ 140.7456365, 40.7964586 ], [ 140.7475813, 40.796225 ], [ 140.7520144, 40.7958481 ], [ 140.7527458, 40.7957625 ], [ 140.7546882, 40.7956447 ], [ 140.7555082, 40.7955947 ], [ 140.757204, 40.7954987 ], [ 140.758291, 40.795371 ], [ 140.7590546, 40.7953417 ], [ 140.7593975, 40.7953437 ], [ 140.7611443, 40.7952568 ], [ 140.7616838, 40.7952284 ], [ 140.7626769, 40.7951521 ], [ 140.7633069, 40.7951721 ], [ 140.7655458, 40.7952958 ], [ 140.7667751, 40.7953888 ], [ 140.7678147, 40.7954674 ], [ 140.7691283, 40.7955712 ], [ 140.7709351, 40.7957564 ], [ 140.7723081, 40.7959237 ], [ 140.7730229, 40.7960271 ], [ 140.773718, 40.7961585 ], [ 140.7749649, 40.7964554 ], [ 140.7772349, 40.7969654 ], [ 140.7787149, 40.7973454 ], [ 140.7798348, 40.7976854 ], [ 140.7802348, 40.7978154 ], [ 140.7813948, 40.7982354 ], [ 140.7820048, 40.7984254 ], [ 140.7833248, 40.7988954 ], [ 140.7834448, 40.7989354 ], [ 140.7849248, 40.7994954 ], [ 140.7852248, 40.7996054 ], [ 140.7857348, 40.7998254 ], [ 140.7861048, 40.7999854 ], [ 140.7873048, 40.8005654 ], [ 140.7893248, 40.8015354 ], [ 140.7906348, 40.8022654 ], [ 140.7911848, 40.8025854 ], [ 140.7917948, 40.8029354 ], [ 140.7922048, 40.8031754 ], [ 140.7927248, 40.8034754 ], [ 140.7932648, 40.8038154 ], [ 140.7938248, 40.8042154 ], [ 140.7956347, 40.8054954 ], [ 140.7969447, 40.8065354 ], [ 140.7989147, 40.8081754 ], [ 140.8000147, 40.8090854 ], [ 140.8016347, 40.8103854 ], [ 140.8031447, 40.8116354 ], [ 140.8038047, 40.8122654 ], [ 140.8040547, 40.8125454 ], [ 140.8042547, 40.8128454 ], [ 140.8044247, 40.8132154 ], [ 140.8046347, 40.8137754 ], [ 140.8047747, 40.8143754 ], [ 140.8051747, 40.8160454 ], [ 140.8053247, 40.8166654 ], [ 140.8054147, 40.8170254 ], [ 140.8055347, 40.8174154 ], [ 140.8056747, 40.8177954 ], [ 140.8057447, 40.8179555 ], [ 140.8058746, 40.8182755 ], [ 140.8061546, 40.8187655 ], [ 140.8065046, 40.8193155 ], [ 140.8069246, 40.8198955 ], [ 140.8073646, 40.8204155 ], [ 140.8076946, 40.8207655 ], [ 140.8078846, 40.8209555 ], [ 140.8081246, 40.8212055 ], [ 140.8083646, 40.8214655 ], [ 140.8099646, 40.8231655 ], [ 140.8107946, 40.8240455 ], [ 140.8109546, 40.8242155 ], [ 140.8111646, 40.8244455 ], [ 140.8114046, 40.8246755 ], [ 140.8126946, 40.8260655 ], [ 140.8129546, 40.8263355 ], [ 140.8131246, 40.8265255 ], [ 140.8132346, 40.8266555 ], [ 140.8135346, 40.8270255 ], [ 140.8136946, 40.8272255 ], [ 140.8138246, 40.8274455 ], [ 140.8139746, 40.8276855 ], [ 140.8140946, 40.8279155 ], [ 140.8141946, 40.8281555 ], [ 140.8142646, 40.8283555 ], [ 140.8143246, 40.8285455 ], [ 140.8144446, 40.8289355 ], [ 140.8144746, 40.8290555 ], [ 140.8145246, 40.8294755 ], [ 140.8145246, 40.8296855 ] ] } },
{ "type": "Feature", "properties": { "N12_001": "02", "N12_002": 1, "N12_003": 3, "N12_004": "一般国道45号", "N12_005": 3, "N12_006": 3 }, "geometry": { "type": "LineString", "coordinates": [ [ 141.6744269, 40.4432459 ], [ 141.6739097, 40.4434308 ], [ 141.6733413, 40.4436735 ], [ 141.6727954, 40.4439735 ], [ 141.6722954, 40.4442935 ], [ 141.6719554, 40.4444735 ], [ 141.6714754, 40.4447135 ], [ 141.6710354, 40.4449235 ], [ 141.6704554, 40.4451735 ], [ 141.6699454, 40.4454435 ], [ 141.6695654, 40.4455735 ], [ 141.6694154, 40.4456235 ], [ 141.6690854, 40.4457335 ], [ 141.6687254, 40.4458335 ], [ 141.6683854, 40.4459335 ], [ 141.6680554, 40.4460035 ], [ 141.6677754, 40.4460635 ], [ 141.6673254, 40.4461335 ], [ 141.6669354, 40.4462135 ], [ 141.6666554, 40.4462635 ], [ 141.6663454, 40.4463135 ], [ 141.6659354, 40.4464135 ], [ 141.6655354, 40.4465335 ], [ 141.6651854, 40.4466435 ], [ 141.6648554, 40.4467735 ], [ 141.6645654, 40.4469135 ], [ 141.6643354, 40.4470235 ], [ 141.6641354, 40.4471335 ], [ 141.6638454, 40.4473235 ], [ 141.6631754, 40.4476635 ], [ 141.6630054, 40.4477735 ], [ 141.6625754, 40.4480435 ], [ 141.6622954, 40.4482335 ], [ 141.6621354, 40.4483235 ], [ 141.6616354, 40.4485735 ], [ 141.6611591, 40.4487365 ], [ 141.6605391, 40.4490065 ], [ 141.6603691, 40.4490565 ], [ 141.6602591, 40.4490865 ], [ 141.6600491, 40.4491465 ], [ 141.6585927, 40.4494169 ], [ 141.6583227, 40.4494769 ], [ 141.6581027, 40.4495269 ], [ 141.6576627, 40.4495869 ], [ 141.6571727, 40.4496269 ], [ 141.6567627, 40.4496369 ], [ 141.6566327, 40.4496369 ], [ 141.6560227, 40.4496169 ], [ 141.6555227, 40.4495769 ], [ 141.6552227, 40.4495569 ], [ 141.6547927, 40.4494969 ], [ 141.6532091, 40.4493065 ], [ 141.6525391, 40.4491765 ], [ 141.6520591, 40.4490865 ], [ 141.6513191, 40.4489265 ], [ 141.6508454, 40.4488735 ], [ 141.6500054, 40.4486935 ], [ 141.6497754, 40.4486535 ], [ 141.6481973, 40.448321 ], [ 141.6471287, 40.448128 ], [ 141.6463339, 40.4479845 ], [ 141.6455739, 40.4478045 ], [ 141.6447854, 40.4476035 ], [ 141.6442754, 40.4474335 ], [ 141.6436754, 40.4472135 ], [ 141.6431654, 40.4470035 ], [ 141.6427754, 40.4468335 ], [ 141.6423254, 40.4466235 ], [ 141.6417654, 40.4463435 ], [ 141.6416754, 40.4462935 ], [ 141.6408554, 40.4458735 ], [ 141.6403954, 40.4456635 ], [ 141.6401154, 40.4455735 ], [ 141.6398554, 40.4455335 ], [ 141.6396654, 40.4455235 ], [ 141.6392955, 40.4454835 ], [ 141.6391954, 40.4454635 ], [ 141.6389555, 40.4454935 ], [ 141.6386254, 40.4455735 ], [ 141.6384455, 40.4456235 ], [ 141.6381055, 40.4457535 ], [ 141.6377254, 40.4459435 ], [ 141.6370354, 40.4463335 ], [ 141.6364754, 40.4466935 ], [ 141.6357954, 40.4470935 ], [ 141.6345954, 40.4477635 ], [ 141.6341654, 40.4480035 ], [ 141.6333354, 40.4484235 ], [ 141.6327654, 40.4487135 ], [ 141.6321154, 40.4490435 ], [ 141.6312854, 40.4495035 ], [ 141.6308354, 40.4497735 ], [ 141.6306154, 40.4499035 ], [ 141.6305154, 40.4499635 ], [ 141.6304154, 40.4500135 ], [ 141.6299354, 40.4502335 ], [ 141.6292654, 40.4505435 ], [ 141.6289954, 40.4506835 ], [ 141.6287654, 40.4507935 ], [ 141.6282654, 40.4509935 ], [ 141.6277654, 40.4511335 ], [ 141.6274454, 40.4512035 ], [ 141.6271354, 40.4512435 ], [ 141.6267854, 40.4512735 ], [ 141.6263154, 40.4513135 ], [ 141.6259454, 40.4513335 ], [ 141.6254254, 40.4513635 ], [ 141.6253054, 40.4513635 ], [ 141.6250254, 40.4513735 ], [ 141.6247954, 40.4513735 ], [ 141.6245554, 40.4513835 ], [ 141.6241954, 40.4514035 ], [ 141.6237854, 40.4514035 ], [ 141.6232754, 40.4514535 ], [ 141.6229654, 40.4514635 ], [ 141.6222954, 40.4515135 ], [ 141.6218154, 40.4515635 ], [ 141.6213454, 40.4516235 ], [ 141.6207054, 40.4517335 ], [ 141.6198054, 40.4521135 ], [ 141.6195654, 40.4522135 ], [ 141.6192354, 40.4523535 ], [ 141.6187254, 40.4526035 ], [ 141.6181954, 40.4529436 ], [ 141.6174954, 40.4534136 ], [ 141.6167554, 40.4538136 ], [ 141.6166754, 40.4538636 ], [ 141.6163154, 40.4540636 ], [ 141.6161254, 40.4541636 ], [ 141.6160254, 40.4542136 ], [ 141.6158254, 40.4543236 ], [ 141.6155854, 40.4544336 ], [ 141.6152854, 40.4545536 ], [ 141.6148754, 40.4546836 ], [ 141.6143554, 40.4548336 ], [ 141.6139354, 40.4549336 ], [ 141.6134254, 40.4550636 ], [ 141.6132754, 40.4551036 ], [ 141.6127954, 40.4552236 ], [ 141.6125154, 40.4552936 ], [ 141.6119254, 40.4554736 ], [ 141.6112054, 40.4557136 ], [ 141.6106654, 40.4559236 ], [ 141.6098554, 40.4563036 ], [ 141.6092054, 40.4566636 ], [ 141.6087054, 40.4569036 ], [ 141.6084454, 40.4570336 ], [ 141.6083354, 40.4571136 ], [ 141.6079554, 40.4573836 ], [ 141.6078154, 40.4574936 ], [ 141.6073154, 40.4578736 ], [ 141.6071254, 40.4580336 ], [ 141.6069554, 40.4581536 ], [ 141.6068054, 40.4582836 ], [ 141.6065654, 40.4584836 ], [ 141.6063654, 40.4586436 ], [ 141.6060554, 40.4588636 ], [ 141.6059654, 40.4589336 ], [ 141.6057154, 40.4590936 ], [ 141.6050054, 40.4596436 ], [ 141.6046554, 40.4599336 ], [ 141.6043354, 40.4602036 ], [ 141.6040854, 40.4604736 ], [ 141.6036254, 40.4610036 ], [ 141.6030854, 40.4615736 ], [ 141.6029354, 40.4617436 ], [ 141.6027254, 40.4619536 ], [ 141.6025854, 40.4620836 ], [ 141.6021054, 40.4624436 ], [ 141.6015654, 40.4629036 ], [ 141.6013954, 40.4630136 ], [ 141.6012654, 40.4630636 ], [ 141.6009854, 40.4632436 ], [ 141.6008154, 40.4633736 ], [ 141.6004954, 40.4636836 ], [ 141.6002154, 40.4639436 ], [ 141.6000354, 40.4641036 ], [ 141.5998754, 40.4642336 ], [ 141.5994054, 40.4646236 ], [ 141.5990554, 40.4648536 ], [ 141.5986654, 40.4650736 ], [ 141.5980054, 40.4654136 ], [ 141.5977754, 40.4655336 ], [ 141.5971854, 40.4658136 ], [ 141.5968554, 40.4659636 ], [ 141.5962354, 40.4662436 ], [ 141.5958654, 40.4664236 ], [ 141.5956954, 40.4665036 ], [ 141.5955654, 40.4665736 ], [ 141.5953854, 40.4666636 ], [ 141.5951554, 40.4667736 ], [ 141.5949454, 40.4668836 ], [ 141.5947954, 40.4669536 ], [ 141.5945054, 40.4670836 ], [ 141.5942454, 40.4672036 ], [ 141.5938554, 40.4674236 ], [ 141.5932654, 40.4676936 ], [ 141.5931954, 40.4677236 ], [ 141.5928954, 40.4678436 ], [ 141.5927954, 40.4678936 ], [ 141.5925254, 40.4680236 ], [ 141.5923554, 40.4681036 ], [ 141.5921154, 40.4682136 ], [ 141.5917554, 40.4683836 ], [ 141.5913454, 40.4685436 ], [ 141.5909854, 40.4686936 ], [ 141.5904154, 40.4688936 ], [ 141.5902754, 40.4689536 ], [ 141.5899954, 40.4690836 ], [ 141.5899554, 40.4691037 ], [ 141.5887954, 40.4697137 ], [ 141.5885354, 40.4698837 ], [ 141.5882654, 40.4700837 ], [ 141.5878053, 40.4704137 ], [ 141.5876053, 40.4705637 ], [ 141.5873553, 40.4707437 ], [ 141.5871853, 40.4708537 ], [ 141.5868353, 40.4710137 ], [ 141.5866853, 40.4710737 ], [ 141.5865953, 40.4711137 ], [ 141.5859853, 40.4713037 ], [ 141.5855853, 40.4714237 ], [ 141.5851653, 40.4715837 ], [ 141.5846653, 40.4717837 ], [ 141.5843453, 40.4719337 ], [ 141.5841253, 40.4720637 ], [ 141.5837253, 40.4723037 ], [ 141.5836753, 40.4723337 ], [ 141.5835053, 40.4724437 ], [ 141.5833353, 40.4725337 ], [ 141.5830953, 40.4726537 ], [ 141.5826553, 40.4728937 ], [ 141.5821653, 40.4731337 ], [ 141.5821153, 40.4731637 ], [ 141.5817353, 40.4734437 ], [ 141.5815153, 40.4735637 ], [ 141.5811053, 40.4737337 ], [ 141.5809053, 40.4738237 ], [ 141.5807353, 40.4739037 ], [ 141.5805553, 40.4739637 ], [ 141.5804053, 40.4740137 ], [ 141.5801053, 40.4741437 ], [ 141.5798553, 40.4742337 ], [ 141.5796953, 40.4743137 ], [ 141.5793853, 40.4744337 ], [ 141.5791753, 40.4745337 ], [ 141.5789053, 40.4747337 ], [ 141.5786353, 40.4749937 ], [ 141.5785453, 40.4750837 ], [ 141.5785053, 40.4751237 ], [ 141.5783953, 40.4752437 ], [ 141.5783153, 40.4753037 ], [ 141.5780453, 40.4755337 ], [ 141.5780153, 40.4755637 ], [ 141.5779853, 40.4756037 ], [ 141.5776753, 40.4758137 ], [ 141.5774453, 40.4759537 ], [ 141.5772653, 40.4760437 ], [ 141.5772053, 40.4760737 ], [ 141.5771053, 40.4761237 ], [ 141.5769353, 40.4761837 ], [ 141.5765253, 40.4763237 ], [ 141.5762253, 40.4764437 ], [ 141.5758553, 40.4765837 ], [ 141.5756953, 40.4766837 ], [ 141.5753953, 40.4768937 ], [ 141.5750053, 40.4772637 ], [ 141.5749453, 40.4773137 ], [ 141.5749053, 40.4773537 ], [ 141.5746053, 40.4775837 ], [ 141.5741053, 40.4779037 ], [ 141.5740453, 40.4779537 ], [ 141.5739353, 40.4780337 ], [ 141.5736853, 40.4781837 ], [ 141.5733353, 40.4783237 ], [ 141.5732053, 40.4783837 ], [ 141.5730053, 40.4784537 ], [ 141.5726453, 40.4785837 ], [ 141.5724853, 40.4786337 ], [ 141.5719553, 40.4788037 ], [ 141.571633, 40.4789366 ], [ 141.5706138, 40.4792895 ], [ 141.5699697, 40.4796038 ], [ 141.5697797, 40.4797038 ], [ 141.5694197, 40.4798738 ], [ 141.5688797, 40.4801338 ], [ 141.5686097, 40.4802638 ], [ 141.567853, 40.4806548 ], [ 141.5670467, 40.4809759 ], [ 141.5667267, 40.4811159 ], [ 141.5664567, 40.4812259 ], [ 141.5659253, 40.4813937 ], [ 141.5653507, 40.4815747 ], [ 141.5646623, 40.4817627 ], [ 141.5639653, 40.4819337 ], [ 141.5634835, 40.4820346 ], [ 141.5630651, 40.4821474 ], [ 141.5609583, 40.4827837 ], [ 141.5602434, 40.4829862 ], [ 141.5598434, 40.4830862 ], [ 141.5592034, 40.4831962 ], [ 141.5570653, 40.4833937 ], [ 141.5570153, 40.4833937 ], [ 141.5567153, 40.4834137 ], [ 141.5565253, 40.4834237 ], [ 141.5553331, 40.483604 ], [ 141.554565, 40.4838065 ], [ 141.5537892, 40.4840784 ], [ 141.5530353, 40.4843537 ], [ 141.5526553, 40.4845837 ], [ 141.5521253, 40.4849237 ], [ 141.5518353, 40.4851537 ], [ 141.5514753, 40.4854337 ], [ 141.5507153, 40.4860437 ], [ 141.5500053, 40.4866437 ], [ 141.5497453, 40.4868637 ], [ 141.5492053, 40.4873037 ], [ 141.5486353, 40.4877837 ], [ 141.5480753, 40.4882637 ], [ 141.5476053, 40.4886537 ], [ 141.5471753, 40.4890138 ], [ 141.5468653, 40.4892638 ], [ 141.5462652, 40.4897638 ], [ 141.5459152, 40.4900638 ], [ 141.5449752, 40.4908938 ], [ 141.5447652, 40.4911038 ], [ 141.5444752, 40.4914338 ], [ 141.5442652, 40.4916638 ], [ 141.5439852, 40.4919538 ], [ 141.5437652, 40.4922538 ], [ 141.5435552, 40.4925438 ], [ 141.5434152, 40.4927538 ], [ 141.5432052, 40.4931238 ], [ 141.5430652, 40.4933738 ], [ 141.5429852, 40.4935738 ], [ 141.5428852, 40.4937538 ], [ 141.5426852, 40.4942438 ], [ 141.5425452, 40.4946838 ], [ 141.5423752, 40.4955038 ], [ 141.5423452, 40.4956738 ], [ 141.5423452, 40.4957238 ], [ 141.5422152, 40.4963838 ], [ 141.5421552, 40.4966838 ], [ 141.5420752, 40.4970738 ], [ 141.5420052, 40.4974138 ], [ 141.5419852, 40.4976038 ], [ 141.5419052, 40.4979238 ], [ 141.5418552, 40.4980838 ], [ 141.5417952, 40.4983038 ], [ 141.5417552, 40.4985338 ], [ 141.5417452, 40.4986038 ], [ 141.5416852, 40.4988238 ], [ 141.5416352, 40.4989738 ], [ 141.5415652, 40.4991938 ], [ 141.5414552, 40.4995738 ], [ 141.5413852, 40.4997238 ], [ 141.5412452, 40.4999938 ], [ 141.5406928, 40.5007378 ], [ 141.5404328, 40.5010878 ], [ 141.5401528, 40.5014478 ], [ 141.5399628, 40.5016678 ], [ 141.5395328, 40.5020578 ], [ 141.5392228, 40.5023278 ], [ 141.5386128, 40.5027878 ], [ 141.5384628, 40.5028878 ], [ 141.5380852, 40.5032538 ], [ 141.5373952, 40.5036838 ], [ 141.5372552, 40.5037738 ], [ 141.5365051, 40.5041338 ], [ 141.5354551, 40.5045838 ], [ 141.5352551, 40.5046738 ], [ 141.5350051, 40.5047838 ], [ 141.5337351, 40.5052438 ], [ 141.5333151, 40.5053938 ], [ 141.5328351, 40.5055638 ], [ 141.5318151, 40.5059238 ], [ 141.5305251, 40.5063438 ], [ 141.5303351, 40.5063938 ], [ 141.5301051, 40.5064638 ], [ 141.529652, 40.5065225 ], [ 141.5289251, 40.5066725 ], [ 141.5277351, 40.5069125 ], [ 141.5264151, 40.5071125 ], [ 141.5255751, 40.5072025 ], [ 141.5250051, 40.5072725 ], [ 141.5248251, 40.5072925 ], [ 141.5246651, 40.5073125 ], [ 141.5246051, 40.5073225 ], [ 141.5240851, 40.5073725 ], [ 141.5236951, 40.5074125 ], [ 141.5235851, 40.5074125 ], [ 141.5232651, 40.5074225 ], [ 141.5231051, 40.5074325 ], [ 141.5227851, 40.5074425 ], [ 141.5224651, 40.5074525 ], [ 141.5223251, 40.5074525 ], [ 141.5220851, 40.5074525 ], [ 141.5219751, 40.5074625 ], [ 141.5213951, 40.5074725 ], [ 141.5207225, 40.5074951 ], [ 141.5201525, 40.5075051 ], [ 141.5200825, 40.5074951 ], [ 141.5199225, 40.5074951 ], [ 141.5196625, 40.5074951 ], [ 141.5174825, 40.5074651 ], [ 141.5173625, 40.5074651 ], [ 141.5171525, 40.5074551 ], [ 141.5168525, 40.5074651 ], [ 141.5166225, 40.5074651 ], [ 141.5158425, 40.5074851 ], [ 141.5153325, 40.5074851 ], [ 141.5151925, 40.5074951 ], [ 141.5150025, 40.5074951 ], [ 141.5143325, 40.5075051 ], [ 141.5132425, 40.5075551 ], [ 141.5131325, 40.5075551 ], [ 141.5120025, 40.5076751 ], [ 141.5118825, 40.5076851 ], [ 141.5113225, 40.5077651 ], [ 141.5109225, 40.5078351 ], [ 141.5102525, 40.5079551 ], [ 141.5094825, 40.5081151 ], [ 141.5092325, 40.5081651 ], [ 141.5089325, 40.5082351 ], [ 141.5083225, 40.5083851 ], [ 141.5081425, 40.5084251 ], [ 141.5073825, 40.5086551 ], [ 141.5070625, 40.5087551 ], [ 141.5061825, 40.5090951 ], [ 141.5059425, 40.5091851 ], [ 141.5058025, 40.5092351 ], [ 141.5051625, 40.5095051 ], [ 141.5043425, 40.5098652 ], [ 141.5033825, 40.5103152 ], [ 141.5025825, 40.5106852 ], [ 141.5022725, 40.5108452 ], [ 141.5016257, 40.5111788 ], [ 141.5015225, 40.5112352 ], [ 141.5007225, 40.5117552 ], [ 141.5001151, 40.5123238 ], [ 141.4997251, 40.5126538 ], [ 141.4992851, 40.5130638 ], [ 141.4990051, 40.5133438 ], [ 141.4984951, 40.5138638 ], [ 141.4984151, 40.5139438 ], [ 141.4983451, 40.5140138 ], [ 141.4979751, 40.5143938 ], [ 141.4974551, 40.5149838 ], [ 141.4973151, 40.5152038 ], [ 141.4968951, 40.5159138 ], [ 141.4968651, 40.5160738 ], [ 141.4967851, 40.5164538 ], [ 141.4966951, 40.5168438 ], [ 141.4966951, 40.5172238 ], [ 141.4967051, 40.5174138 ], [ 141.4967951, 40.5180538 ], [ 141.4968251, 40.5182438 ], [ 141.4968451, 40.5184138 ], [ 141.4969651, 40.5189638 ], [ 141.4971051, 40.5196238 ], [ 141.4970988, 40.5198225 ], [ 141.4965088, 40.5199125 ], [ 141.4964188, 40.5199225 ], [ 141.4944915, 40.5201385 ], [ 141.4931099, 40.5203032 ], [ 141.4918551, 40.5204552 ], [ 141.4911551, 40.5205638 ], [ 141.4910251, 40.5205738 ], [ 141.4889951, 40.5207938 ], [ 141.4876451, 40.5209238 ], [ 141.4844151, 40.5212938 ], [ 141.4840851, 40.5213338 ], [ 141.4837851, 40.5213738 ], [ 141.4829451, 40.5214838 ], [ 141.4827451, 40.5215238 ], [ 141.4824751, 40.5215738 ], [ 141.4820451, 40.5216538 ], [ 141.4812051, 40.5218238 ], [ 141.4806951, 40.5219438 ], [ 141.4797651, 40.5221838 ], [ 141.4791851, 40.5223538 ], [ 141.4789051, 40.5224438 ], [ 141.4786351, 40.5225438 ], [ 141.4784151, 40.5226138 ], [ 141.4781151, 40.5227338 ], [ 141.4777751, 40.5228638 ], [ 141.4770651, 40.5231338 ], [ 141.4769051, 40.5232038 ], [ 141.4767751, 40.5232538 ], [ 141.4767451, 40.5232738 ], [ 141.4766451, 40.5233138 ], [ 141.4764451, 40.5234038 ], [ 141.4759051, 40.5236338 ], [ 141.4736851, 40.5245439 ], [ 141.4719951, 40.5252439 ], [ 141.4694451, 40.5262839 ], [ 141.4690951, 40.5264339 ], [ 141.4680151, 40.5268639 ], [ 141.4660251, 40.5276639 ], [ 141.4659151, 40.5277139 ], [ 141.4657451, 40.5277839 ], [ 141.4654051, 40.5279339 ], [ 141.4651651, 40.5280639 ], [ 141.4650151, 40.5281739 ], [ 141.4648651, 40.5283039 ], [ 141.4637351, 40.5293639 ], [ 141.4631951, 40.5298939 ], [ 141.4625451, 40.5305339 ], [ 141.4615051, 40.5315339 ], [ 141.4596651, 40.5333139 ], [ 141.4592651, 40.5336739 ], [ 141.4591751, 40.5337639 ], [ 141.4590751, 40.5338539 ], [ 141.4587351, 40.5341639 ], [ 141.4579051, 40.5348839 ], [ 141.4573351, 40.5353339 ], [ 141.4560151, 40.5363639 ], [ 141.4554051, 40.5367939 ], [ 141.4548651, 40.5371739 ], [ 141.4544051, 40.5375239 ], [ 141.453975, 40.5378139 ], [ 141.452965, 40.5385239 ], [ 141.452785, 40.5386339 ], [ 141.452485, 40.5388439 ], [ 141.452245, 40.5390139 ], [ 141.451805, 40.5393139 ], [ 141.451655, 40.5394339 ], [ 141.451555, 40.5394939 ], [ 141.451465, 40.5395539 ], [ 141.450585, 40.5401839 ], [ 141.449245, 40.541144 ], [ 141.447865, 40.542134 ], [ 141.447745, 40.542204 ], [ 141.445165, 40.543964 ], [ 141.441645, 40.546594 ], [ 141.4396265, 40.5480595 ], [ 141.438725, 40.548854 ], [ 141.438175, 40.549404 ], [ 141.437935, 40.549704 ], [ 141.437655, 40.550064 ], [ 141.437325, 40.550604 ], [ 141.436935, 40.551294 ], [ 141.436665, 40.551914 ], [ 141.4363649, 40.552824 ], [ 141.4359749, 40.554174 ], [ 141.4359349, 40.554364 ], [ 141.4359149, 40.554444 ], [ 141.4355649, 40.555894 ], [ 141.4351249, 40.5576241 ], [ 141.4349249, 40.5586741 ], [ 141.4349149, 40.5587641 ], [ 141.4348149, 40.5594141 ], [ 141.4347649, 40.5602441 ], [ 141.4348149, 40.5615741 ], [ 141.4348649, 40.5619841 ], [ 141.4349749, 40.5624941 ], [ 141.4351549, 40.5629841 ], [ 141.4362548, 40.5659141 ], [ 141.4363448, 40.5661541 ], [ 141.4365348, 40.5666941 ], [ 141.4366348, 40.5669941 ], [ 141.4368248, 40.5675541 ], [ 141.4370648, 40.5683541 ], [ 141.4372648, 40.5691041 ], [ 141.4373648, 40.5694541 ], [ 141.4375748, 40.5702641 ], [ 141.4376448, 40.5708941 ], [ 141.4393648, 40.5707841 ], [ 141.4395148, 40.5709841 ], [ 141.4400448, 40.5717041 ], [ 141.4404248, 40.5722041 ], [ 141.4407148, 40.5726541 ], [ 141.4407848, 40.5727941 ], [ 141.4408548, 40.5729741 ], [ 141.4408848, 40.5731941 ], [ 141.4408848, 40.5733241 ], [ 141.4408848, 40.5734841 ], [ 141.4408548, 40.5737041 ], [ 141.4407148, 40.5743341 ], [ 141.4406848, 40.5744641 ], [ 141.4404147, 40.5754542 ], [ 141.4403147, 40.5759342 ], [ 141.4402747, 40.5763442 ], [ 141.4402647, 40.5767742 ], [ 141.4402347, 40.5772042 ], [ 141.4402247, 40.5780342 ], [ 141.4401847, 40.5782942 ], [ 141.4401347, 40.5786542 ], [ 141.4400747, 40.5788442 ], [ 141.4400147, 40.5789542 ], [ 141.4399047, 40.5791742 ], [ 141.4397147, 40.5794742 ], [ 141.4396147, 40.5796342 ], [ 141.4395147, 40.5798042 ], [ 141.4394447, 40.5799242 ], [ 141.4393747, 40.5800342 ], [ 141.4393047, 40.5801642 ], [ 141.4390647, 40.5805742 ], [ 141.4386647, 40.5812042 ], [ 141.4379447, 40.5823642 ], [ 141.4374947, 40.5831042 ], [ 141.4371947, 40.5835642 ], [ 141.4370847, 40.5836842 ], [ 141.4369947, 40.5837942 ], [ 141.4366247, 40.5841642 ], [ 141.4365147, 40.5842742 ], [ 141.4359747, 40.5847842 ], [ 141.4356647, 40.5850542 ], [ 141.4354947, 40.5851942 ], [ 141.4352647, 40.5854242 ], [ 141.4347147, 40.5860442 ], [ 141.4345547, 40.5861942 ], [ 141.4343447, 40.5864442 ], [ 141.4341047, 40.5868042 ], [ 141.4339847, 40.5870242 ], [ 141.4336046, 40.5877142 ], [ 141.4334846, 40.5879542 ], [ 141.4332646, 40.5883842 ], [ 141.4331546, 40.5885842 ], [ 141.4330746, 40.5887342 ], [ 141.4325846, 40.5896743 ], [ 141.4325546, 40.5897343 ], [ 141.4324546, 40.5899343 ], [ 141.4324146, 40.5899943 ], [ 141.4323146, 40.5901943 ], [ 141.4320846, 40.5905943 ], [ 141.4320346, 40.5907043 ], [ 141.4312946, 40.5921143 ], [ 141.4310246, 40.5926143 ], [ 141.4306246, 40.5933843 ], [ 141.4305546, 40.5935143 ], [ 141.4303846, 40.5937943 ], [ 141.4302946, 40.5940043 ], [ 141.4302246, 40.5941743 ], [ 141.4302046, 40.5942943 ], [ 141.4301546, 40.5945843 ], [ 141.4301546, 40.5947743 ], [ 141.4301546, 40.5948243 ], [ 141.4301546, 40.5949243 ], [ 141.4301546, 40.5951443 ], [ 141.4302046, 40.5956443 ], [ 141.4302246, 40.5959043 ], [ 141.4302346, 40.5961843 ], [ 141.4301946, 40.5965243 ], [ 141.4301346, 40.5967243 ], [ 141.4301346, 40.5970143 ], [ 141.4301646, 40.5971643 ], [ 141.4301946, 40.5972543 ], [ 141.4302946, 40.5975743 ], [ 141.4304446, 40.5981043 ], [ 141.4304646, 40.5983143 ], [ 141.4304646, 40.5984343 ], [ 141.4304345, 40.5990343 ], [ 141.4304445, 40.5998843 ], [ 141.4304445, 40.6001543 ], [ 141.4303245, 40.6001243 ], [ 141.4299345, 40.6000143 ], [ 141.4292445, 40.5998043 ], [ 141.4290445, 40.5997543 ], [ 141.4284046, 40.5995743 ], [ 141.4282246, 40.5995243 ], [ 141.4275546, 40.5993343 ], [ 141.4269546, 40.5991743 ], [ 141.4265646, 40.5990643 ], [ 141.4262346, 40.5989743 ], [ 141.4259146, 40.5988743 ], [ 141.4256846, 40.5988243 ], [ 141.4254246, 40.5987343 ], [ 141.4245046, 40.5984943 ], [ 141.4242546, 40.5984443 ], [ 141.4240946, 40.5984143 ], [ 141.4240045, 40.5983963 ], [ 141.4238946, 40.5983743 ], [ 141.4236846, 40.5983743 ], [ 141.4234146, 40.5983743 ], [ 141.4232346, 40.5983743 ], [ 141.4230746, 40.5983743 ], [ 141.4228346, 40.5984043 ], [ 141.4223746, 40.5984543 ], [ 141.4215946, 40.5986243 ], [ 141.4205446, 40.5988443 ], [ 141.4203546, 40.5988843 ], [ 141.4200946, 40.5989343 ], [ 141.4197946, 40.5989943 ], [ 141.4197046, 40.5990243 ], [ 141.4192046, 40.5991243 ], [ 141.4190546, 40.5991643 ], [ 141.4183246, 40.5993143 ], [ 141.4182328, 40.5993347 ], [ 141.4181446, 40.5993543 ], [ 141.4157146, 40.5998843 ], [ 141.4155046, 40.5999343 ], [ 141.4153646, 40.5999743 ], [ 141.4151546, 40.6000143 ], [ 141.4145246, 40.6002843 ], [ 141.4133746, 40.6008143 ], [ 141.4119846, 40.6014543 ], [ 141.4112446, 40.6018143 ], [ 141.4110846, 40.6018943 ], [ 141.4106446, 40.6020943 ], [ 141.4100846, 40.6022843 ], [ 141.4097646, 40.6023543 ], [ 141.4091346, 40.6025143 ], [ 141.4088346, 40.6025843 ], [ 141.4086146, 40.6026443 ], [ 141.4080346, 40.6027843 ], [ 141.4071646, 40.6030043 ], [ 141.4070246, 40.6030243 ], [ 141.4063546, 40.6031943 ], [ 141.4055446, 40.6034043 ], [ 141.4053046, 40.6034543 ], [ 141.4041046, 40.6037544 ], [ 141.4032746, 40.6039644 ], [ 141.4026546, 40.6041344 ], [ 141.4021846, 40.6042144 ], [ 141.4018446, 40.6042644 ], [ 141.4014746, 40.6043144 ], [ 141.4012246, 40.6043444 ], [ 141.4005246, 40.6044144 ], [ 141.3999646, 40.6044544 ], [ 141.3995846, 40.6044744 ], [ 141.3988946, 40.6044444 ], [ 141.3986246, 40.6044444 ], [ 141.3984246, 40.6044344 ], [ 141.3975246, 40.6044244 ], [ 141.3970846, 40.6044044 ], [ 141.3963946, 40.6043944 ], [ 141.3950746, 40.6043644 ], [ 141.3948547, 40.6043544 ], [ 141.3940647, 40.6043344 ], [ 141.3939147, 40.6043244 ], [ 141.3931747, 40.6043044 ], [ 141.3919047, 40.6042744 ], [ 141.3908547, 40.6042644 ], [ 141.3900147, 40.6042344 ], [ 141.3898952, 40.6042353 ], [ 141.3898447, 40.6042344 ], [ 141.3886547, 40.6042044 ], [ 141.3883947, 40.6041944 ], [ 141.3878347, 40.6041844 ], [ 141.3869847, 40.6041544 ], [ 141.3862547, 40.6041344 ], [ 141.3856947, 40.6041244 ], [ 141.3855947, 40.6041244 ], [ 141.3853547, 40.6041244 ], [ 141.3845247, 40.6041044 ], [ 141.3837247, 40.6040844 ], [ 141.3828347, 40.6040544 ], [ 141.3823947, 40.6040644 ], [ 141.3818947, 40.6041144 ], [ 141.3814547, 40.6041744 ], [ 141.3812847, 40.6042044 ], [ 141.3809147, 40.6043044 ], [ 141.3805547, 40.6043844 ], [ 141.3804247, 40.6044344 ], [ 141.3801747, 40.6045044 ], [ 141.3799847, 40.6045544 ], [ 141.3798747, 40.6045944 ], [ 141.3796047, 40.6046644 ], [ 141.3792647, 40.6047544 ], [ 141.3789847, 40.6048344 ], [ 141.3785147, 40.6049644 ], [ 141.3775947, 40.6052144 ], [ 141.3769747, 40.6053744 ], [ 141.3766547, 40.6054444 ], [ 141.3762447, 40.6055244 ], [ 141.3757747, 40.6055644 ], [ 141.3754647, 40.6056044 ], [ 141.3750347, 40.6056444 ], [ 141.3748647, 40.6056544 ], [ 141.3742747, 40.6057044 ], [ 141.3734548, 40.6057844 ], [ 141.3727848, 40.6058544 ], [ 141.3721848, 40.6060444 ], [ 141.3720448, 40.6060944 ], [ 141.3714348, 40.6062644 ], [ 141.3710348, 40.6064244 ], [ 141.3708448, 40.6064944 ], [ 141.3705848, 40.6065944 ], [ 141.3701548, 40.6067544 ], [ 141.3693648, 40.6070244 ], [ 141.3691948, 40.6070644 ], [ 141.3688548, 40.6071844 ], [ 141.3686248, 40.6072544 ], [ 141.3684848, 40.6073044 ], [ 141.3678348, 40.6074544 ], [ 141.3675448, 40.6075044 ], [ 141.3663148, 40.6076044 ], [ 141.3657148, 40.6076544 ], [ 141.3650748, 40.6076944 ], [ 141.3641348, 40.6077744 ], [ 141.3631548, 40.6078444 ], [ 141.3628948, 40.6078544 ], [ 141.3626048, 40.6078744 ], [ 141.3617648, 40.6078744 ], [ 141.3612948, 40.6078444 ], [ 141.3610548, 40.6078044 ], [ 141.3608748, 40.6077544 ], [ 141.3607948, 40.6077344 ], [ 141.3605248, 40.6076544 ], [ 141.3602248, 40.6075344 ], [ 141.3601548, 40.6075044 ], [ 141.3599348, 40.6074044 ], [ 141.3597048, 40.6072644 ], [ 141.3594348, 40.6070844 ], [ 141.3590548, 40.6067844 ], [ 141.3588648, 40.6066144 ], [ 141.3586048, 40.6063844 ], [ 141.3582048, 40.6059944 ], [ 141.3576748, 40.6055144 ], [ 141.3570248, 40.6049644 ], [ 141.3565948, 40.6046144 ], [ 141.3564048, 40.6044844 ], [ 141.3561648, 40.6043544 ], [ 141.3558049, 40.6042344 ], [ 141.3552449, 40.6040943 ], [ 141.3550249, 40.6040543 ], [ 141.3547349, 40.6040043 ], [ 141.3540849, 40.6039143 ], [ 141.3535649, 40.6038643 ], [ 141.3530049, 40.6038243 ], [ 141.3527949, 40.6037743 ], [ 141.3524749, 40.6036943 ], [ 141.3520749, 40.6035743 ], [ 141.3516549, 40.6034843 ], [ 141.3514149, 40.6034243 ], [ 141.3506949, 40.6032543 ], [ 141.3501649, 40.6031243 ], [ 141.3493449, 40.6029443 ], [ 141.3489749, 40.6028643 ], [ 141.3476949, 40.6025643 ], [ 141.3473649, 40.6024843 ], [ 141.3470549, 40.6024343 ], [ 141.3466549, 40.6023643 ], [ 141.3465049, 40.6023543 ], [ 141.3461449, 40.6023543 ], [ 141.3456049, 40.6024043 ], [ 141.3453149, 40.6024643 ], [ 141.3450749, 40.6025243 ], [ 141.3443749, 40.6027143 ], [ 141.3442049, 40.6027643 ], [ 141.3439649, 40.6028343 ], [ 141.3429449, 40.6031143 ], [ 141.3426149, 40.6031743 ], [ 141.3423649, 40.6032243 ], [ 141.3419149, 40.6033243 ], [ 141.3415449, 40.6034143 ], [ 141.3413749, 40.6034443 ], [ 141.3409449, 40.6034943 ], [ 141.3403749, 40.6035743 ], [ 141.3402149, 40.6036043 ], [ 141.3371949, 40.6040544 ], [ 141.3361349, 40.6045344 ], [ 141.3358549, 40.6046944 ], [ 141.3356249, 40.6048144 ], [ 141.3349949, 40.6051844 ], [ 141.3338749, 40.6058644 ], [ 141.3331349, 40.6062544 ], [ 141.3328649, 40.6063844 ], [ 141.3324349, 40.6065544 ], [ 141.3321449, 40.6066644 ], [ 141.3316749, 40.6068044 ], [ 141.3313649, 40.6068844 ], [ 141.3309649, 40.6069744 ], [ 141.3307049, 40.6070244 ], [ 141.3302649, 40.6070844 ], [ 141.3299649, 40.6071144 ], [ 141.3294649, 40.6071344 ], [ 141.3290949, 40.6071444 ], [ 141.328715, 40.6071544 ], [ 141.327875, 40.6071644 ], [ 141.326965, 40.6071644 ], [ 141.326255, 40.6071644 ], [ 141.325775, 40.6071744 ], [ 141.325625, 40.6071644 ], [ 141.325115, 40.6071644 ], [ 141.3236805, 40.6071859 ], [ 141.3223405, 40.6072059 ], [ 141.3216605, 40.6072159 ], [ 141.320015, 40.6071544 ], [ 141.319145, 40.6071644 ], [ 141.318555, 40.6071744 ], [ 141.317065, 40.6071944 ], [ 141.315995, 40.6072144 ], [ 141.314055, 40.6072344 ], [ 141.313665, 40.6072344 ], [ 141.311605, 40.6072444 ], [ 141.311205, 40.6072344 ], [ 141.310755, 40.6072144 ], [ 141.310495, 40.6071844 ], [ 141.310375, 40.6071744 ], [ 141.310295, 40.6071544 ], [ 141.309905, 40.6071044 ], [ 141.309585, 40.6070844 ], [ 141.309365, 40.6070444 ], [ 141.308855, 40.6069944 ], [ 141.308165, 40.6069144 ], [ 141.308065, 40.6069044 ], [ 141.307655, 40.6068644 ], [ 141.307485, 40.6068444 ], [ 141.307375, 40.6068344 ], [ 141.306685, 40.6067544 ], [ 141.305645, 40.6066444 ], [ 141.305285, 40.6066044 ], [ 141.305125, 40.6065844 ], [ 141.304485, 40.6065144 ], [ 141.304165, 40.6064744 ], [ 141.303125, 40.6063644 ], [ 141.302845, 40.6063344 ], [ 141.302705, 40.6063144 ], [ 141.301785, 40.6062244 ], [ 141.301755, 40.6062144 ], [ 141.300985, 40.6061244 ], [ 141.300735, 40.6061044 ], [ 141.299755, 40.6059944 ], [ 141.299485, 40.6059544 ], [ 141.298115, 40.6058044 ], [ 141.296825, 40.6056644 ], [ 141.296375, 40.6056044 ], [ 141.295505, 40.6055044 ], [ 141.294955, 40.6054444 ], [ 141.294385, 40.6053944 ], [ 141.293835, 40.6053144 ], [ 141.292675, 40.6051944 ], [ 141.291635, 40.6056144 ], [ 141.290485, 40.6060744 ], [ 141.289925, 40.6063144 ], [ 141.289565, 40.6064544 ], [ 141.288895, 40.6067344 ], [ 141.288055, 40.6070644 ], [ 141.287555, 40.6072644 ], [ 141.287235, 40.6074144 ], [ 141.287065, 40.6074744 ], [ 141.286665, 40.6076744 ], [ 141.286365, 40.6078244 ], [ 141.285465, 40.6083144 ], [ 141.284545, 40.6088144 ], [ 141.284195, 40.6090044 ], [ 141.283545, 40.6093444 ], [ 141.283305, 40.6094744 ], [ 141.281775, 40.6096644 ], [ 141.281415, 40.6097244 ], [ 141.281255, 40.6097344 ], [ 141.280955, 40.6097744 ], [ 141.280765, 40.6097944 ], [ 141.280225, 40.6098744 ], [ 141.280035, 40.6098944 ], [ 141.279685, 40.6099444 ], [ 141.279435, 40.6099644 ], [ 141.278835, 40.6100444 ], [ 141.278295, 40.6101144 ], [ 141.277985, 40.6101544 ], [ 141.277435, 40.6102144 ], [ 141.276335, 40.6103544 ], [ 141.276065, 40.6103944 ], [ 141.275525, 40.6104544 ], [ 141.274525, 40.6105944 ], [ 141.274335, 40.6106044 ], [ 141.273875, 40.6106644 ], [ 141.273235, 40.6107444 ], [ 141.272735, 40.6108144 ], [ 141.271825, 40.6109144 ], [ 141.271425, 40.6109744 ], [ 141.271125, 40.6110044 ], [ 141.270755, 40.6110544 ], [ 141.270415, 40.6110944 ], [ 141.269415, 40.6112344 ], [ 141.268965, 40.6112844 ], [ 141.268575, 40.6113444 ], [ 141.268385, 40.6113544 ], [ 141.268075, 40.6113944 ], [ 141.267575, 40.6114644 ], [ 141.266555, 40.6116044 ], [ 141.266335, 40.6116244 ], [ 141.266025, 40.6116644 ], [ 141.265335, 40.6117444 ], [ 141.264395, 40.6118644 ], [ 141.262615, 40.6121044 ], [ 141.262365, 40.6121444 ], [ 141.261595, 40.6122444 ], [ 141.261185, 40.6123044 ], [ 141.261065, 40.6123144 ], [ 141.260825, 40.6123444 ], [ 141.260675, 40.6123644 ], [ 141.260505, 40.6123844 ] ] } },
{ "type": "Feature", "properties": { "N12_001": "02", "N12_002": 2, "N12_003": 6, "N12_004": "青森県道　弘前岳鰺ヶ沢線", "N12_005": 7, "N12_006": 1 }, "geometry": { "type": "LineString", "coordinates": [ [ 140.2186752, 40.7696558 ], [ 140.2178852, 40.7707958 ], [ 140.2173952, 40.7716058 ], [ 140.2171852, 40.7717358 ], [ 140.2170452, 40.7718158 ], [ 140.2168451, 40.7719958 ], [ 140.2167451, 40.7721058 ], [ 140.2166551, 40.7722658 ], [ 140.2165251, 40.7724758 ], [ 140.2163451, 40.7728358 ], [ 140.2162851, 40.7730358 ], [ 140.2162251, 40.7732958 ], [ 140.2161551, 40.7738858 ], [ 140.2161251, 40.7744458 ], [ 140.2161651, 40.7747558 ], [ 140.2162251, 40.7750058 ], [ 140.2164051, 40.7755458 ], [ 140.2165051, 40.7757958 ], [ 140.2166451, 40.7761058 ], [ 140.2168351, 40.7764258 ], [ 140.2170051, 40.7766958 ], [ 140.2171651, 40.7769758 ], [ 140.2175051, 40.7775758 ], [ 140.2177151, 40.7779058 ], [ 140.2166851, 40.7781358 ], [ 140.2165551, 40.7781458 ], [ 140.2164651, 40.7781558 ], [ 140.2162651, 40.7781358 ], [ 140.2160651, 40.7780758 ], [ 140.2159251, 40.7780558 ], [ 140.2154151, 40.7780258 ], [ 140.2148051, 40.7780158 ], [ 140.2144251, 40.7779858 ], [ 140.2133151, 40.7779858 ], [ 140.2131751, 40.7780058 ], [ 140.2130951, 40.7780358 ], [ 140.2127951, 40.7781658 ], [ 140.2127151, 40.7781958 ], [ 140.2121251, 40.7782958 ], [ 140.2114851, 40.7784558 ], [ 140.2108651, 40.7786258 ], [ 140.2105851, 40.7786958 ], [ 140.2103051, 40.7787658 ], [ 140.2097551, 40.7788459 ], [ 140.2093651, 40.7789259 ], [ 140.2090151, 40.7790159 ], [ 140.2086251, 40.7791459 ], [ 140.2084801, 40.7792009 ] ] } },
{ "type": "Feature", "properties": { "N12_001": "02", "N12_002": 1, "N12_003": 3, "N12_004": "一般国道101号", "N12_005": 8, "N12_006": 1 }, "geometry": { "type": "LineString", "coordinates": [ [ 140.5823852, 40.7468454 ], [ 140.5806896, 40.7467934 ], [ 140.5803271, 40.7467568 ], [ 140.5790971, 40.7464568 ], [ 140.5779571, 40.7463268 ], [ 140.5751071, 40.7461568 ], [ 140.5732971, 40.7462168 ], [ 140.5717671, 40.7463168 ], [ 140.5702971, 40.7464968 ], [ 140.5691871, 40.7466668 ], [ 140.5635571, 40.7480068 ], [ 140.5564153, 40.7498854 ], [ 140.5563753, 40.7498854 ], [ 140.5541853, 40.7502254 ], [ 140.5526353, 40.7503954 ], [ 140.5503953, 40.7505754 ], [ 140.5497617, 40.7505754 ], [ 140.5496653, 40.7505754 ], [ 140.5474453, 40.7505754 ], [ 140.5443353, 40.7505454 ], [ 140.5426853, 40.7506354 ], [ 140.5412453, 40.7507554 ], [ 140.5401153, 40.7509554 ], [ 140.5392053, 40.7511454 ], [ 140.5379353, 40.7514754 ], [ 140.5369953, 40.7517554 ], [ 140.5352253, 40.7524254 ], [ 140.5346553, 40.7526654 ], [ 140.5343053, 40.7528454 ], [ 140.5321453, 40.7541354 ], [ 140.5313353, 40.7546454 ], [ 140.5296153, 40.7557754 ], [ 140.5277953, 40.7569054 ], [ 140.5247053, 40.7588354 ], [ 140.5230153, 40.7598854 ], [ 140.5216843, 40.760684 ], [ 140.5216153, 40.7607254 ], [ 140.5213853, 40.7608754 ], [ 140.5198353, 40.7618554 ], [ 140.5191953, 40.7622454 ], [ 140.5185353, 40.7626454 ], [ 140.5168453, 40.7636854 ], [ 140.5159853, 40.7642254 ], [ 140.5149453, 40.7649454 ], [ 140.5139753, 40.7656354 ], [ 140.5131553, 40.7662554 ], [ 140.5118253, 40.7673854 ], [ 140.5113053, 40.7678654 ], [ 140.5102753, 40.7688054 ], [ 140.5092753, 40.7696654 ], [ 140.5074953, 40.7712554 ], [ 140.5067553, 40.7718954 ], [ 140.5053852, 40.7732054 ], [ 140.5048052, 40.7737254 ], [ 140.5027152, 40.7755554 ], [ 140.5010141, 40.7771132 ], [ 140.5010035, 40.7771229 ], [ 140.5009352, 40.7771854 ], [ 140.4990552, 40.7792354 ], [ 140.4989597, 40.779331 ], [ 140.4988552, 40.7794354 ], [ 140.4987052, 40.7795854 ], [ 140.4978552, 40.7806054 ], [ 140.4974652, 40.7810554 ], [ 140.4972352, 40.7814154 ], [ 140.4965652, 40.7823654 ], [ 140.4954652, 40.7840654 ], [ 140.4945852, 40.7853954 ], [ 140.4932552, 40.7875054 ], [ 140.4916452, 40.7898754 ], [ 140.4906052, 40.7915154 ], [ 140.4892252, 40.7934854 ], [ 140.4883652, 40.7946354 ], [ 140.4874152, 40.7958154 ], [ 140.4864352, 40.7970455 ], [ 140.4858752, 40.7977055 ], [ 140.4852352, 40.7982255 ], [ 140.4845152, 40.7987455 ], [ 140.4836252, 40.7993555 ], [ 140.4816051, 40.8005655 ], [ 140.4805951, 40.8012355 ], [ 140.4798371, 40.8017891 ], [ 140.4789651, 40.8025455 ], [ 140.4782051, 40.8034455 ], [ 140.4777651, 40.8040555 ], [ 140.4774751, 40.8045855 ], [ 140.4771351, 40.8053755 ], [ 140.4767951, 40.8067155 ], [ 140.4767251, 40.8072255 ], [ 140.4767051, 40.8079655 ], [ 140.4767351, 40.8085055 ], [ 140.4768351, 40.8093955 ], [ 140.4770851, 40.8109155 ], [ 140.4771751, 40.8117355 ], [ 140.4771951, 40.8126155 ], [ 140.4770951, 40.8134255 ], [ 140.4769351, 40.8141855 ], [ 140.4766651, 40.8149655 ], [ 140.4759251, 40.8162755 ], [ 140.4754951, 40.8169855 ], [ 140.4751351, 40.8173355 ], [ 140.4741751, 40.8182855 ], [ 140.4736351, 40.8186855 ], [ 140.4729651, 40.8191455 ], [ 140.4713751, 40.8199855 ], [ 140.4699951, 40.8205755 ], [ 140.4682526, 40.820944 ], [ 140.4676326, 40.821094 ], [ 140.4671226, 40.821154 ], [ 140.4661525, 40.821234 ], [ 140.4654125, 40.821294 ], [ 140.4639925, 40.821434 ], [ 140.4623589, 40.8216206 ], [ 140.4606189, 40.8219306 ], [ 140.4593813, 40.8222063 ], [ 140.45821, 40.8225804 ], [ 140.457485, 40.8228756 ], [ 140.4574164, 40.8229011 ], [ 140.4561563, 40.8233662 ], [ 140.4555736, 40.823668 ], [ 140.454138, 40.8244044 ], [ 140.4536718, 40.8247424 ], [ 140.4528772, 40.8252253 ], [ 140.4522891, 40.8255312 ], [ 140.4510124, 40.826175 ], [ 140.4505251, 40.8263923 ], [ 140.4498576, 40.8266338 ], [ 140.4492907, 40.826839 ], [ 140.448565, 40.8270321 ], [ 140.4474207, 40.8272857 ], [ 140.4467962, 40.8273971 ], [ 140.4456465, 40.8274787 ], [ 140.4451305, 40.8274971 ], [ 140.4439807, 40.8275155 ], [ 140.4434925, 40.827505 ], [ 140.4422665, 40.8274234 ], [ 140.4418787, 40.8273708 ], [ 140.4405558, 40.8271209 ], [ 140.4399186, 40.8269605 ], [ 140.4388831, 40.8266343 ], [ 140.4381386, 40.8263581 ], [ 140.4371828, 40.8259267 ], [ 140.4363898, 40.8254926 ], [ 140.435524, 40.8249586 ], [ 140.4350669, 40.8246351 ], [ 140.4341597, 40.8239011 ], [ 140.4339103, 40.8236881 ], [ 140.4330135, 40.8228568 ], [ 140.4320889, 40.8218414 ], [ 140.4312648, 40.8208155 ], [ 140.4304753, 40.819787 ], [ 140.4301013, 40.819253 ], [ 140.4295011, 40.8183858 ], [ 140.4293315, 40.8181245 ], [ 140.4285213, 40.8169328 ], [ 140.4282927, 40.8166172 ], [ 140.4262881, 40.8137131 ], [ 140.4254883, 40.8125451 ], [ 140.4247197, 40.8114561 ], [ 140.4238576, 40.8105564 ], [ 140.4230164, 40.8097199 ], [ 140.4220505, 40.808915 ], [ 140.4217597, 40.8086861 ], [ 140.4214896, 40.8082047 ], [ 140.4214273, 40.8077549 ], [ 140.4214585, 40.8073446 ], [ 140.4219293, 40.806124 ], [ 140.420875, 40.8059456 ], [ 140.417555, 40.8053656 ], [ 140.416595, 40.8052056 ], [ 140.415535, 40.8050256 ], [ 140.414745, 40.8048856 ], [ 140.4146417, 40.8048674 ], [ 140.413215, 40.8046156 ], [ 140.412485, 40.8044856 ], [ 140.411205, 40.8042556 ], [ 140.408895, 40.8038556 ], [ 140.407725, 40.8036456 ], [ 140.406705, 40.8034756 ], [ 140.404745, 40.8031356 ], [ 140.403735, 40.8029456 ], [ 140.402345, 40.8027056 ], [ 140.401495, 40.8025656 ], [ 140.400455, 40.8023856 ], [ 140.399745, 40.8022556 ], [ 140.399065, 40.8021356 ], [ 140.398965, 40.8021256 ], [ 140.397115, 40.8017756 ], [ 140.395445, 40.8014956 ], [ 140.394805, 40.8013856 ], [ 140.393935, 40.8012356 ], [ 140.393275, 40.8011056 ], [ 140.392745, 40.8009856 ], [ 140.392225, 40.8008456 ], [ 140.391675, 40.8006756 ], [ 140.391425, 40.8006056 ], [ 140.390815, 40.8003856 ], [ 140.389945, 40.8000356 ], [ 140.389115, 40.7996756 ], [ 140.388475, 40.7993356 ], [ 140.387775, 40.7989056 ], [ 140.387385, 40.7986656 ], [ 140.385545, 40.7974956 ], [ 140.3833351, 40.7961056 ], [ 140.3825851, 40.7956156 ], [ 140.3813751, 40.7948356 ], [ 140.3799451, 40.7939356 ], [ 140.3790351, 40.7933656 ], [ 140.3769851, 40.7920856 ], [ 140.3763151, 40.7916656 ], [ 140.3750251, 40.7908556 ], [ 140.3730851, 40.7896556 ], [ 140.3715151, 40.7886756 ], [ 140.3692451, 40.7871856 ], [ 140.3672951, 40.7859256 ], [ 140.3666751, 40.7855256 ], [ 140.3652951, 40.7846556 ], [ 140.3648151, 40.7843556 ], [ 140.3631951, 40.7833256 ], [ 140.3616251, 40.7823356 ], [ 140.3611951, 40.7820957 ], [ 140.3610051, 40.7820057 ], [ 140.3607851, 40.7819157 ], [ 140.3605451, 40.7818357 ], [ 140.3603451, 40.7817857 ], [ 140.3602451, 40.7817657 ], [ 140.3599851, 40.7817257 ], [ 140.3598951, 40.7817157 ], [ 140.3597251, 40.7817057 ], [ 140.3595551, 40.7816957 ], [ 140.3593051, 40.7817057 ], [ 140.3583351, 40.7817857 ], [ 140.3558951, 40.7820057 ], [ 140.3549951, 40.7820857 ], [ 140.3539051, 40.7821757 ], [ 140.3533351, 40.7822257 ], [ 140.3509151, 40.7824357 ], [ 140.3503051, 40.7824857 ], [ 140.3499751, 40.7825157 ], [ 140.3483851, 40.7826657 ], [ 140.3476651, 40.7827257 ], [ 140.3455751, 40.7829157 ], [ 140.3423251, 40.7832057 ], [ 140.3416351, 40.7832657 ], [ 140.3412051, 40.7833057 ], [ 140.3388751, 40.7835157 ], [ 140.3356351, 40.7838157 ], [ 140.3334151, 40.7840257 ], [ 140.3328751, 40.7840657 ], [ 140.3313451, 40.7842157 ], [ 140.3300951, 40.7843357 ], [ 140.3294351, 40.7843957 ], [ 140.3273251, 40.7845957 ], [ 140.3251351, 40.7848157 ], [ 140.3243551, 40.7848957 ], [ 140.3223351, 40.7850857 ], [ 140.3218651, 40.7851257 ], [ 140.3210851, 40.7852057 ], [ 140.3205851, 40.7852557 ], [ 140.3203351, 40.7852757 ], [ 140.3199251, 40.7853257 ], [ 140.3196351, 40.7853657 ], [ 140.3190651, 40.7854557 ], [ 140.3183951, 40.7855757 ], [ 140.3168551, 40.7858957 ], [ 140.3160751, 40.7860457 ], [ 140.3153951, 40.7862057 ], [ 140.3143351, 40.7864257 ], [ 140.3137151, 40.7865557 ], [ 140.3132251, 40.7866557 ], [ 140.3128951, 40.7867357 ], [ 140.3122651, 40.7868957 ], [ 140.3118351, 40.7870257 ], [ 140.3115151, 40.7871257 ], [ 140.3109451, 40.7873157 ], [ 140.3103851, 40.7875157 ], [ 140.3097851, 40.7877457 ], [ 140.3095251, 40.7878457 ], [ 140.3089851, 40.7880557 ], [ 140.3083351, 40.7883057 ], [ 140.3075251, 40.7886157 ], [ 140.3062051, 40.7891158 ], [ 140.3046451, 40.7897258 ], [ 140.3038651, 40.7899958 ], [ 140.3033651, 40.7901358 ], [ 140.3028151, 40.7902758 ], [ 140.3024351, 40.7903558 ], [ 140.3012051, 40.7906258 ], [ 140.3001251, 40.7908058 ], [ 140.2995751, 40.7908858 ], [ 140.2990851, 40.7909358 ], [ 140.2977551, 40.7910358 ], [ 140.2968151, 40.7911058 ], [ 140.2967251, 40.7911058 ], [ 140.2966351, 40.7911158 ], [ 140.2957351, 40.7911758 ], [ 140.2953051, 40.7912058 ], [ 140.2948151, 40.7912458 ], [ 140.2938551, 40.7913358 ], [ 140.2931751, 40.7914058 ], [ 140.2926251, 40.7914758 ], [ 140.2917051, 40.7915958 ], [ 140.2912451, 40.7916658 ], [ 140.2906851, 40.7917458 ], [ 140.2898151, 40.7918758 ], [ 140.2881451, 40.7921258 ], [ 140.2874651, 40.7922258 ], [ 140.2870551, 40.7922558 ], [ 140.2867651, 40.7923258 ], [ 140.2859151, 40.7924258 ], [ 140.2851051, 40.7925258 ], [ 140.2845851, 40.7925658 ], [ 140.2831151, 40.7926558 ], [ 140.2824451, 40.7926658 ], [ 140.2815951, 40.7926558 ], [ 140.2802979, 40.7924687 ], [ 140.2794833, 40.7921875 ], [ 140.279075, 40.7919917 ], [ 140.2788875, 40.7921583 ], [ 140.2785958, 40.7923125 ], [ 140.2781451, 40.7924358 ], [ 140.2773251, 40.7923258 ], [ 140.2764751, 40.7921758 ], [ 140.2758151, 40.7920458 ], [ 140.2755451, 40.7919858 ], [ 140.2754451, 40.7919558 ], [ 140.2753251, 40.7919158 ], [ 140.2750051, 40.7917858 ], [ 140.2747351, 40.7916658 ], [ 140.2742351, 40.7914158 ], [ 140.2739651, 40.7912758 ], [ 140.2737851, 40.7911758 ], [ 140.2735651, 40.7910658 ], [ 140.2733651, 40.7910058 ], [ 140.2731251, 40.7909358 ], [ 140.2727051, 40.7908358 ], [ 140.2726651, 40.7908258 ], [ 140.2725851, 40.7908158 ], [ 140.2723751, 40.7907758 ], [ 140.2720851, 40.7907358 ], [ 140.2718551, 40.7907158 ], [ 140.2716051, 40.7906958 ], [ 140.2713451, 40.7906958 ], [ 140.2707451, 40.7907158 ], [ 140.2701951, 40.7907358 ], [ 140.2697951, 40.7907858 ], [ 140.2687251, 40.7908958 ], [ 140.2683451, 40.7909258 ], [ 140.2679751, 40.7909358 ], [ 140.2676051, 40.7909258 ], [ 140.2669551, 40.7909058 ], [ 140.2667751, 40.7908758 ], [ 140.2666751, 40.7908658 ], [ 140.2664351, 40.7908758 ], [ 140.2663451, 40.7908658 ], [ 140.2662051, 40.7908458 ], [ 140.2660051, 40.7908258 ], [ 140.2658151, 40.7908158 ], [ 140.2652451, 40.7908158 ], [ 140.2648751, 40.7907858 ], [ 140.2646151, 40.7907758 ], [ 140.2643051, 40.7907758 ], [ 140.2635851, 40.7907258 ], [ 140.2629551, 40.7907158 ], [ 140.2614751, 40.7906558 ], [ 140.2607051, 40.7906558 ], [ 140.2601751, 40.7906258 ], [ 140.2596151, 40.7906258 ], [ 140.2591551, 40.7905958 ], [ 140.2583351, 40.7905858 ], [ 140.2580051, 40.7905958 ], [ 140.2574751, 40.7906258 ], [ 140.2567551, 40.7906458 ], [ 140.2561151, 40.7906658 ], [ 140.2556351, 40.7906558 ], [ 140.2551551, 40.7906458 ], [ 140.2547351, 40.7906258 ], [ 140.2533451, 40.7905058 ], [ 140.2530351, 40.7904358 ], [ 140.2527551, 40.7903458 ], [ 140.2522751, 40.7901358 ], [ 140.2520451, 40.7900158 ], [ 140.2518051, 40.7899158 ], [ 140.2515451, 40.7898358 ], [ 140.2512251, 40.7897458 ], [ 140.2509051, 40.7896958 ], [ 140.2506651, 40.7896558 ], [ 140.2504051, 40.7896258 ], [ 140.2501751, 40.7896158 ], [ 140.2499951, 40.7896058 ], [ 140.2499151, 40.7896058 ], [ 140.2496251, 40.7896158 ], [ 140.2493351, 40.7896258 ], [ 140.2488851, 40.7896658 ], [ 140.2480251, 40.7897358 ], [ 140.2472151, 40.7898158 ], [ 140.2465251, 40.7898958 ], [ 140.2456951, 40.7899058 ], [ 140.2449251, 40.7898458 ], [ 140.2443051, 40.7897858 ], [ 140.2439151, 40.7897358 ], [ 140.2437151, 40.7897058 ], [ 140.2435651, 40.7896558 ], [ 140.2434451, 40.7895858 ], [ 140.2433751, 40.7895258 ], [ 140.2429651, 40.7891358 ], [ 140.2427351, 40.7889358 ], [ 140.2424651, 40.7887358 ], [ 140.2423151, 40.7886458 ], [ 140.2422489, 40.7886127 ] ] } },
{ "type": "Feature", "properties": { "N12_001": "02", "N12_002": 2, "N12_003": 3, "N12_004": "一般国道101号", "N12_005": 8, "N12_006": 2 }, "geometry": { "type": "LineString", "coordinates": [ [ 139.9281256, 40.6480059 ], [ 139.9281856, 40.6483459 ], [ 139.9282256, 40.6486959 ], [ 139.9282356, 40.6488559 ], [ 139.9282756, 40.6491159 ], [ 139.9283356, 40.6492659 ], [ 139.9284556, 40.6496059 ], [ 139.9285556, 40.6499259 ], [ 139.9285756, 40.6499959 ], [ 139.9286556, 40.6502159 ], [ 139.9287256, 40.6503459 ], [ 139.9289756, 40.6506059 ], [ 139.9291256, 40.6507959 ], [ 139.9291756, 40.6509159 ], [ 139.9292356, 40.6510659 ], [ 139.9292756, 40.6512959 ], [ 139.9293656, 40.6517559 ], [ 139.9293856, 40.6520959 ], [ 139.9294556, 40.6524059 ], [ 139.9295056, 40.6525159 ], [ 139.9295556, 40.6526159 ], [ 139.9298156, 40.6528159 ], [ 139.9300256, 40.6528959 ], [ 139.9303256, 40.6529959 ], [ 139.9305856, 40.6530259 ], [ 139.9313556, 40.6530359 ], [ 139.9320156, 40.6530659 ], [ 139.9322056, 40.6530959 ], [ 139.9324056, 40.6531359 ], [ 139.9327956, 40.6532959 ], [ 139.9332856, 40.6535259 ], [ 139.9334156, 40.6535859 ], [ 139.9338056, 40.6537859 ], [ 139.9339956, 40.6538859 ], [ 139.9343156, 40.6540359 ], [ 139.9344056, 40.6540759 ], [ 139.9346056, 40.6541559 ], [ 139.9347056, 40.6541959 ], [ 139.9349056, 40.6541959 ], [ 139.9350056, 40.6541859 ], [ 139.9355156, 40.6539959 ], [ 139.9359656, 40.6537559 ], [ 139.9361756, 40.6536359 ], [ 139.9364956, 40.6535559 ], [ 139.9367656, 40.6535459 ], [ 139.9370456, 40.6535759 ], [ 139.9372356, 40.6536359 ], [ 139.9375156, 40.6537359 ], [ 139.9376656, 40.6537959 ], [ 139.9379556, 40.6540159 ], [ 139.9380756, 40.6541359 ], [ 139.9382656, 40.6543959 ], [ 139.9383256, 40.6545759 ], [ 139.9383556, 40.6549159 ], [ 139.9383956, 40.6553259 ], [ 139.9383956, 40.6554559 ], [ 139.9384056, 40.6557459 ], [ 139.9383556, 40.6559459 ], [ 139.9382356, 40.6562259 ], [ 139.9378656, 40.6569459 ], [ 139.9378356, 40.6569859 ], [ 139.9377156, 40.6572259 ], [ 139.9375656, 40.6575259 ], [ 139.9373956, 40.6579059 ], [ 139.9373556, 40.6580459 ], [ 139.9373456, 40.6582559 ], [ 139.9373756, 40.6583259 ], [ 139.9374456, 40.6584759 ], [ 139.9377256, 40.6588659 ], [ 139.9380156, 40.6592659 ], [ 139.9380956, 40.6593859 ], [ 139.9383056, 40.6597159 ], [ 139.9384856, 40.6600159 ], [ 139.9385056, 40.6601659 ], [ 139.9384856, 40.6603159 ], [ 139.9381756, 40.6612059 ], [ 139.9381456, 40.6613559 ], [ 139.9382356, 40.6615159 ], [ 139.9383556, 40.6616559 ], [ 139.9385456, 40.6617959 ], [ 139.9388756, 40.6620359 ], [ 139.9392856, 40.6622959 ], [ 139.9394056, 40.6623759 ], [ 139.9398156, 40.6627159 ], [ 139.9407256, 40.6634459 ], [ 139.9412056, 40.6638259 ], [ 139.9414556, 40.6640359 ], [ 139.9416356, 40.6641759 ], [ 139.9425456, 40.6649059 ], [ 139.9427956, 40.6650959 ], [ 139.9430356, 40.6652859 ], [ 139.9435956, 40.6656759 ], [ 139.9438056, 40.6658259 ], [ 139.9442856, 40.6661259 ], [ 139.9446856, 40.6663759 ], [ 139.9451656, 40.6666359 ], [ 139.9456156, 40.6668659 ], [ 139.9458456, 40.6669659 ], [ 139.9470056, 40.6675159 ], [ 139.9487056, 40.6683059 ], [ 139.9488956, 40.6683959 ], [ 139.9490356, 40.6684959 ], [ 139.9493256, 40.6688159 ], [ 139.9496356, 40.6692359 ], [ 139.9497456, 40.6693259 ], [ 139.9500156, 40.6694659 ], [ 139.9503556, 40.6695959 ], [ 139.9508656, 40.6697659 ], [ 139.9511756, 40.6698959 ], [ 139.9517756, 40.6702959 ], [ 139.9521156, 40.6705659 ], [ 139.9522956, 40.6708059 ], [ 139.9525156, 40.6713459 ], [ 139.9526856, 40.6716459 ], [ 139.9531756, 40.6724059 ], [ 139.9533556, 40.6725959 ], [ 139.9534756, 40.6726759 ], [ 139.9536456, 40.6727559 ], [ 139.9539256, 40.6728659 ], [ 139.9547156, 40.6731059 ], [ 139.9550056, 40.6732359 ], [ 139.9551856, 40.6733359 ], [ 139.9553856, 40.6734759 ], [ 139.9555656, 40.6736759 ], [ 139.9557056, 40.6739259 ], [ 139.9558456, 40.6741659 ], [ 139.9563056, 40.6748959 ], [ 139.9564056, 40.6750359 ], [ 139.9564756, 40.6751259 ], [ 139.9566056, 40.6752659 ], [ 139.9573556, 40.6759259 ], [ 139.9575956, 40.6761659 ], [ 139.9579056, 40.6765259 ], [ 139.9581156, 40.6767759 ], [ 139.9583256, 40.6770659 ], [ 139.9584756, 40.6772859 ], [ 139.9587056, 40.6777559 ], [ 139.9589156, 40.6782159 ], [ 139.9589956, 40.6783859 ], [ 139.9591356, 40.6785759 ], [ 139.9593356, 40.6787359 ], [ 139.9595256, 40.6788859 ], [ 139.9597556, 40.6790059 ], [ 139.9599856, 40.6791059 ], [ 139.9601756, 40.6792059 ], [ 139.9605656, 40.6794859 ], [ 139.9610155, 40.6797659 ], [ 139.9619755, 40.6803659 ], [ 139.9625055, 40.6807059 ], [ 139.9627955, 40.6809159 ], [ 139.9630655, 40.6811159 ], [ 139.9638455, 40.6817459 ], [ 139.9642355, 40.6820959 ], [ 139.9644155, 40.6822759 ], [ 139.9647055, 40.6824659 ], [ 139.9649555, 40.6825459 ], [ 139.9651655, 40.6825759 ], [ 139.9654255, 40.6825759 ], [ 139.9656355, 40.6825459 ], [ 139.9658655, 40.6824759 ], [ 139.9663966, 40.682277 ], [ 139.9666755, 40.6821459 ], [ 139.9669859, 40.6820104 ], [ 139.9673155, 40.6818559 ], [ 139.9679056, 40.6815459 ], [ 139.9684556, 40.6812359 ], [ 139.9690356, 40.6808859 ], [ 139.9693056, 40.6807359 ], [ 139.9697456, 40.6806059 ], [ 139.9700956, 40.6805559 ], [ 139.9703656, 40.6805559 ], [ 139.9708056, 40.6806259 ], [ 139.9711756, 40.6807159 ], [ 139.9715156, 40.6808559 ], [ 139.9718556, 40.6810259 ], [ 139.9722933, 40.6812254 ], [ 139.9731056, 40.6816559 ], [ 139.9732056, 40.6817159 ], [ 139.9732456, 40.6817859 ], [ 139.9734556, 40.6824359 ], [ 139.9737256, 40.6833259 ], [ 139.9738656, 40.6837859 ], [ 139.9738856, 40.6839359 ], [ 139.9738955, 40.6840059 ], [ 139.9738755, 40.6841359 ], [ 139.9738555, 40.6841759 ], [ 139.9738055, 40.6842559 ], [ 139.9737055, 40.6843659 ], [ 139.9734555, 40.6846559 ], [ 139.9734255, 40.6846959 ], [ 139.9733855, 40.6847759 ], [ 139.9733555, 40.6848459 ], [ 139.9733555, 40.6848859 ], [ 139.9733755, 40.6851359 ], [ 139.9733955, 40.6854259 ], [ 139.9733555, 40.6855059 ], [ 139.9732855, 40.6855359 ], [ 139.9732055, 40.6855459 ], [ 139.9731055, 40.6855259 ], [ 139.9729255, 40.6854359 ], [ 139.9728355, 40.6853959 ], [ 139.9727455, 40.6854059 ], [ 139.9726555, 40.6854459 ], [ 139.9725555, 40.6855459 ], [ 139.9725055, 40.6856059 ], [ 139.9724155, 40.6857559 ], [ 139.9723855, 40.6858959 ], [ 139.9723955, 40.6859859 ], [ 139.9724355, 40.6860959 ], [ 139.9725055, 40.6861859 ], [ 139.9726155, 40.6863059 ], [ 139.9728655, 40.6865159 ], [ 139.9730055, 40.6865859 ], [ 139.9731855, 40.6866459 ], [ 139.9733655, 40.6866859 ], [ 139.9735955, 40.6867059 ], [ 139.9738555, 40.6867059 ], [ 139.9742655, 40.6867059 ], [ 139.9746355, 40.6866859 ], [ 139.9749055, 40.6866659 ], [ 139.9750155, 40.6866559 ], [ 139.9750655, 40.6866559 ], [ 139.9752055, 40.6866659 ], [ 139.9753155, 40.6866959 ], [ 139.9754355, 40.6867659 ], [ 139.9755555, 40.6868759 ], [ 139.9756355, 40.6869959 ], [ 139.9756555, 40.6870859 ], [ 139.9756455, 40.6871859 ], [ 139.9755755, 40.6875659 ], [ 139.9754355, 40.6880859 ], [ 139.9752255, 40.6887059 ], [ 139.9751355, 40.6890359 ], [ 139.9765855, 40.6892359 ], [ 139.9765955, 40.6899959 ], [ 139.9765955, 40.6900459 ], [ 139.9765955, 40.6900859 ], [ 139.9766255, 40.6904459 ], [ 139.9767855, 40.6916659 ], [ 139.9768955, 40.6922059 ], [ 139.9775155, 40.694446 ], [ 139.9777155, 40.694946 ], [ 139.9779155, 40.695386 ], [ 139.9781155, 40.695756 ], [ 139.9784555, 40.696266 ], [ 139.9791955, 40.697176 ], [ 139.9795855, 40.697556 ], [ 139.9802555, 40.698116 ], [ 139.9810755, 40.698776 ], [ 139.9818055, 40.699336 ], [ 139.9821655, 40.699636 ], [ 139.9822655, 40.699736 ], [ 139.9825255, 40.699996 ], [ 139.9828855, 40.700376 ], [ 139.9831855, 40.700786 ], [ 139.9833355, 40.701096 ], [ 139.9834755, 40.701366 ], [ 139.9835955, 40.701786 ], [ 139.9836755, 40.702156 ], [ 139.9837755, 40.702626 ], [ 139.9838255, 40.703026 ], [ 139.9838455, 40.703586 ], [ 139.9838555, 40.704616 ], [ 139.9837955, 40.705886 ], [ 139.9837855, 40.706736 ], [ 139.9838055, 40.707276 ], [ 139.9838355, 40.707506 ], [ 139.9838755, 40.707696 ], [ 139.9839655, 40.707876 ], [ 139.9840855, 40.708056 ], [ 139.9842955, 40.708326 ], [ 139.9844555, 40.708526 ], [ 139.9848755, 40.709176 ], [ 139.9850455, 40.709426 ], [ 139.9852755, 40.709736 ], [ 139.9854055, 40.709926 ], [ 139.9857155, 40.710426 ], [ 139.9862855, 40.711296 ], [ 139.9864955, 40.711576 ], [ 139.9869855, 40.712396 ], [ 139.9872455, 40.712836 ], [ 139.9874055, 40.713086 ], [ 139.9875355, 40.713316 ], [ 139.9876855, 40.713626 ], [ 139.9878155, 40.713906 ], [ 139.9879055, 40.714166 ], [ 139.9879855, 40.714476 ], [ 139.9880855, 40.714956 ], [ 139.9881155, 40.715246 ], [ 139.9881655, 40.715786 ], [ 139.9882255, 40.716356 ], [ 139.9882655, 40.716666 ], [ 139.9882755, 40.716686 ], [ 139.9882555, 40.717126 ], [ 139.9882355, 40.717316 ], [ 139.9881955, 40.717476 ], [ 139.9881255, 40.717746 ], [ 139.9880555, 40.717916 ], [ 139.9879155, 40.718136 ], [ 139.9876055, 40.718736 ], [ 139.9875255, 40.718926 ], [ 139.9874955, 40.719056 ], [ 139.9874755, 40.719246 ], [ 139.9875455, 40.719556 ], [ 139.9876355, 40.719826 ], [ 139.9877055, 40.720006 ], [ 139.9878255, 40.720226 ], [ 139.9880855, 40.720496 ], [ 139.9882555, 40.720636 ], [ 139.9888255, 40.721086 ], [ 139.9891255, 40.721326 ], [ 139.9894755, 40.721656 ], [ 139.9897255, 40.721916 ], [ 139.9900055, 40.722226 ], [ 139.9901255, 40.722386 ], [ 139.9903355, 40.722716 ], [ 139.9906655, 40.723296 ], [ 139.9908855, 40.723706 ], [ 139.9910455, 40.724086 ], [ 139.9914455, 40.724816 ], [ 139.9915455, 40.724996 ], [ 139.9916755, 40.725216 ], [ 139.9917555, 40.725366 ], [ 139.9923455, 40.726276 ], [ 139.9927555, 40.726946 ], [ 139.9934255, 40.727926 ], [ 139.9934355, 40.727936 ], [ 139.9935755, 40.728146 ], [ 139.9936755, 40.728316 ], [ 139.9940055, 40.729116 ], [ 139.9943755, 40.730026 ], [ 139.9944955, 40.730356 ], [ 139.9946155, 40.730576 ], [ 139.9947155, 40.730746 ], [ 139.9950555, 40.731246 ], [ 139.9951855, 40.731466 ], [ 139.9953454, 40.731676 ], [ 139.9954154, 40.731786 ], [ 139.9954554, 40.731906 ], [ 139.9954954, 40.732146 ], [ 139.9955254, 40.732386 ], [ 139.9955254, 40.732606 ], [ 139.9955454, 40.732786 ], [ 139.9955654, 40.733026 ], [ 139.9956154, 40.733296 ], [ 139.9956254, 40.733326 ], [ 139.9957254, 40.733646 ], [ 139.9958154, 40.733826 ], [ 139.9959454, 40.733976 ], [ 139.9961154, 40.734106 ], [ 139.9963854, 40.734236 ], [ 139.9965454, 40.734276 ], [ 139.9975254, 40.734426 ], [ 139.9977554, 40.734486 ], [ 139.9979054, 40.734536 ], [ 139.9980054, 40.734616 ], [ 139.9981054, 40.734766 ], [ 139.9982354, 40.735166 ], [ 139.9983054, 40.735296 ], [ 139.9983954, 40.735426 ], [ 139.9985554, 40.735576 ], [ 139.9995454, 40.736326 ], [ 139.9998554, 40.736606 ], [ 140.0000054, 40.736776 ], [ 140.0003054, 40.737116 ], [ 140.0004554, 40.737316 ], [ 140.0010354, 40.738286 ], [ 140.0011954, 40.738626 ], [ 140.0012754, 40.738806 ], [ 140.0013354, 40.739076 ], [ 140.0013054, 40.739486 ], [ 140.0012754, 40.739716 ], [ 140.0012354, 40.739846 ], [ 140.0011454, 40.740006 ], [ 140.0009554, 40.740286 ], [ 140.0006654, 40.740646 ], [ 140.0002654, 40.741066 ], [ 140.0000454, 40.741266 ], [ 140.0000054, 40.741306 ], [ 139.9997554, 40.741516 ], [ 139.9995754, 40.7416661 ], [ 139.9992254, 40.7419361 ], [ 139.9991454, 40.7420261 ], [ 139.9990754, 40.7421761 ], [ 139.9990654, 40.7422561 ], [ 139.9990654, 40.7423961 ], [ 139.9991454, 40.7425161 ], [ 139.9992854, 40.7426461 ], [ 140.0000054, 40.7431161 ], [ 140.0002854, 40.7432961 ], [ 140.0009654, 40.7437561 ], [ 140.0012954, 40.7439561 ], [ 140.0014754, 40.7440361 ], [ 140.0016454, 40.7440761 ], [ 140.0018154, 40.7440861 ], [ 140.0020054, 40.7440861 ], [ 140.0022654, 40.7440261 ], [ 140.0037754, 40.743496 ], [ 140.0039554, 40.743446 ], [ 140.0041354, 40.743396 ], [ 140.0044554, 40.743346 ], [ 140.0048454, 40.743306 ], [ 140.0051754, 40.743296 ], [ 140.0052954, 40.743306 ], [ 140.0054054, 40.743316 ], [ 140.0056154, 40.743366 ], [ 140.0058654, 40.743456 ], [ 140.0060654, 40.743566 ], [ 140.0063854, 40.743796 ], [ 140.0069154, 40.744206 ], [ 140.0069354, 40.744226 ], [ 140.0073454, 40.744416 ], [ 140.0083354, 40.744766 ], [ 140.0086454, 40.744876 ], [ 140.0093354, 40.745096 ], [ 140.0098854, 40.745226 ], [ 140.0101854, 40.745326 ], [ 140.0110454, 40.745676 ], [ 140.0122254, 40.746166 ], [ 140.0130354, 40.746496 ], [ 140.0131754, 40.746536 ], [ 140.0134654, 40.746636 ], [ 140.0139854, 40.746806 ], [ 140.0145154, 40.746996 ], [ 140.0152954, 40.747286 ], [ 140.0158854, 40.747526 ], [ 140.0161154, 40.747586 ], [ 140.0162654, 40.747596 ], [ 140.0164854, 40.747576 ], [ 140.0166454, 40.747596 ], [ 140.0166854, 40.747606 ], [ 140.0168354, 40.747656 ], [ 140.0170154, 40.747746 ], [ 140.0171654, 40.747866 ], [ 140.0186654, 40.749156 ], [ 140.0188954, 40.749316 ], [ 140.0193454, 40.749596 ], [ 140.0197554, 40.749796 ], [ 140.0200854, 40.749896 ], [ 140.0204254, 40.749956 ], [ 140.0208454, 40.749946 ], [ 140.0213254, 40.749866 ], [ 140.0217654, 40.749776 ], [ 140.0222254, 40.749646 ], [ 140.0226154, 40.749486 ], [ 140.0228654, 40.749436 ], [ 140.0232854, 40.749386 ], [ 140.0235954, 40.749356 ], [ 140.0240854, 40.749346 ], [ 140.0245054, 40.749356 ], [ 140.0248254, 40.749396 ], [ 140.0249454, 40.749416 ], [ 140.0253554, 40.749496 ], [ 140.0258854, 40.749596 ], [ 140.0260154, 40.749626 ], [ 140.0263254, 40.749696 ], [ 140.0265354, 40.749756 ], [ 140.0266954, 40.749836 ], [ 140.0267854, 40.749896 ], [ 140.0268154, 40.749926 ], [ 140.0268854, 40.749996 ], [ 140.0270954, 40.750196 ], [ 140.0272254, 40.750356 ], [ 140.0273754, 40.750586 ], [ 140.0275054, 40.750836 ], [ 140.0278554, 40.751726 ], [ 140.0279454, 40.751976 ], [ 140.0280654, 40.752286 ], [ 140.0281454, 40.752466 ], [ 140.0282754, 40.752656 ], [ 140.0286054, 40.753106 ], [ 140.0287954, 40.753356 ], [ 140.0290954, 40.753666 ], [ 140.0293654, 40.753906 ], [ 140.0297554, 40.754226 ], [ 140.0307454, 40.754906 ], [ 140.0311254, 40.755196 ], [ 140.0313554, 40.755376 ], [ 140.0315154, 40.755536 ], [ 140.0317253, 40.755776 ], [ 140.0319353, 40.756036 ], [ 140.0324953, 40.756886 ], [ 140.0328853, 40.757516 ], [ 140.0331453, 40.757936 ], [ 140.0337953, 40.758376 ], [ 140.0354353, 40.759516 ], [ 140.0363253, 40.760136 ], [ 140.0364653, 40.760256 ], [ 140.0365453, 40.760326 ], [ 140.0367053, 40.760516 ], [ 140.0367653, 40.760586 ], [ 140.0368253, 40.760686 ], [ 140.0368953, 40.760836 ], [ 140.037066, 40.7616158 ], [ 140.0372038, 40.762001 ], [ 140.037394, 40.7622459 ], [ 140.0376839, 40.7624979 ], [ 140.0381545, 40.7627535 ], [ 140.0386347, 40.7630092 ], [ 140.0390035, 40.7631349 ], [ 140.0394837, 40.7632214 ], [ 140.043008, 40.7635996 ], [ 140.0435686, 40.7636642 ], [ 140.0440534, 40.7638406 ], [ 140.0453036, 40.7645741 ], [ 140.046011, 40.7648564 ], [ 140.0472279, 40.7650696 ], [ 140.0475169, 40.7651214 ], [ 140.0481553, 40.765296 ], [ 140.0488353, 40.765526 ], [ 140.0495053, 40.765726 ], [ 140.0499753, 40.765866 ], [ 140.0501553, 40.765926 ], [ 140.0503553, 40.765996 ], [ 140.0505653, 40.766086 ], [ 140.0508153, 40.766246 ], [ 140.0509253, 40.766326 ], [ 140.0512153, 40.766666 ], [ 140.0513653, 40.766836 ], [ 140.0516053, 40.767056 ], [ 140.0518253, 40.767236 ], [ 140.0520353, 40.767366 ], [ 140.0525653, 40.767596 ], [ 140.0530053, 40.767736 ], [ 140.0537553, 40.767866 ], [ 140.0550853, 40.768036 ], [ 140.0553753, 40.768086 ], [ 140.0556053, 40.768146 ], [ 140.0558853, 40.768266 ], [ 140.0563153, 40.768486 ], [ 140.0565153, 40.768566 ], [ 140.0566553, 40.768596 ], [ 140.0567953, 40.768606 ], [ 140.0570353, 40.768596 ], [ 140.0572353, 40.768556 ], [ 140.0577253, 40.768416 ], [ 140.0583353, 40.768256 ], [ 140.0585553, 40.768196 ], [ 140.0590853, 40.768076 ], [ 140.0595553, 40.767996 ], [ 140.0600853, 40.767916 ], [ 140.0603453, 40.767876 ], [ 140.0607853, 40.767776 ], [ 140.0612153, 40.767636 ], [ 140.0616153, 40.767496 ], [ 140.0623853, 40.767156 ], [ 140.0628453, 40.766926 ], [ 140.0633053, 40.766666 ], [ 140.0634853, 40.766556 ], [ 140.0639253, 40.766326 ], [ 140.0642853, 40.766186 ], [ 140.0651553, 40.765886 ], [ 140.0660653, 40.765566 ], [ 140.0666753, 40.765336 ], [ 140.0668053, 40.765286 ], [ 140.0682253, 40.764696 ], [ 140.0685253, 40.764566 ], [ 140.0687353, 40.764466 ], [ 140.0690253, 40.764316 ], [ 140.0692353, 40.764176 ], [ 140.0694553, 40.763996 ], [ 140.0697353, 40.763716 ], [ 140.0703153, 40.763076 ], [ 140.0708453, 40.762596 ], [ 140.0712553, 40.762246 ], [ 140.0729253, 40.760866 ], [ 140.0732053, 40.760666 ], [ 140.0733853, 40.760556 ], [ 140.0738653, 40.760296 ], [ 140.0754753, 40.759546 ], [ 140.0760253, 40.759316 ], [ 140.0762753, 40.759216 ], [ 140.0766353, 40.759096 ], [ 140.0771753, 40.759016 ], [ 140.0776853, 40.758946 ], [ 140.0780153, 40.758876 ], [ 140.0783153, 40.758796 ], [ 140.0785553, 40.758676 ], [ 140.0789753, 40.758396 ], [ 140.0791953, 40.758236 ], [ 140.0797353, 40.757846 ], [ 140.0798353, 40.757796 ], [ 140.0801153, 40.757656 ], [ 140.0805353, 40.757466 ], [ 140.0808953, 40.757356 ], [ 140.0812153, 40.757326 ], [ 140.0816553, 40.757326 ], [ 140.0821753, 40.757376 ], [ 140.0826153, 40.757376 ], [ 140.0828553, 40.757336 ], [ 140.0829953, 40.757286 ], [ 140.0832253, 40.757196 ], [ 140.0833353, 40.757136 ], [ 140.0835253, 40.757036 ], [ 140.0838253, 40.756856 ], [ 140.0844753, 40.756416 ], [ 140.0847853, 40.7561659 ], [ 140.0849453, 40.7559959 ], [ 140.0850353, 40.7558759 ], [ 140.0851053, 40.7557459 ], [ 140.0851653, 40.7555959 ], [ 140.0852253, 40.7552959 ], [ 140.0852553, 40.7549859 ], [ 140.0852553, 40.7548959 ], [ 140.0852653, 40.7547459 ], [ 140.0853053, 40.7545959 ], [ 140.0853753, 40.7544459 ], [ 140.0854853, 40.7542459 ], [ 140.0856853, 40.7539859 ], [ 140.0860253, 40.7535859 ], [ 140.0865553, 40.7530559 ], [ 140.0867853, 40.7527259 ], [ 140.0868053, 40.7526559 ], [ 140.0868653, 40.7523759 ], [ 140.0868853, 40.7521359 ], [ 140.0869153, 40.7516559 ], [ 140.0869553, 40.7512959 ], [ 140.0869953, 40.7511059 ], [ 140.0872153, 40.7504559 ], [ 140.0874053, 40.7499959 ], [ 140.0874353, 40.7499359 ], [ 140.0875153, 40.7497759 ], [ 140.0875553, 40.7497259 ], [ 140.0877253, 40.7494959 ], [ 140.0879753, 40.7492659 ], [ 140.0881553, 40.7491559 ], [ 140.0896253, 40.7482059 ], [ 140.0901153, 40.7478959 ], [ 140.0911253, 40.7473159 ], [ 140.0915055, 40.7470947 ], [ 140.0916753, 40.7469959 ], [ 140.0934753, 40.7459259 ], [ 140.0937053, 40.7457659 ], [ 140.0939053, 40.7456459 ], [ 140.0940153, 40.7455459 ], [ 140.0941653, 40.7453759 ], [ 140.0943853, 40.7449759 ], [ 140.0945253, 40.7447659 ], [ 140.0947053, 40.7445459 ], [ 140.0949653, 40.7443259 ], [ 140.0950753, 40.7442559 ], [ 140.0952453, 40.7441559 ], [ 140.0957153, 40.7439259 ], [ 140.0982653, 40.7427659 ], [ 140.0986826, 40.7425952 ], [ 140.0991884, 40.7423849 ], [ 140.0997322, 40.7421572 ], [ 140.1001809, 40.7418979 ], [ 140.1009909, 40.7413447 ], [ 140.1011392, 40.741241 ], [ 140.1014359, 40.7410307 ], [ 140.1017553, 40.7408434 ], [ 140.1021432, 40.7406532 ], [ 140.1029453, 40.7404259 ], [ 140.1038153, 40.7403259 ], [ 140.1046153, 40.7402659 ], [ 140.1050153, 40.7402559 ], [ 140.1053853, 40.7402559 ], [ 140.1056753, 40.7402659 ], [ 140.1059553, 40.7402859 ], [ 140.1061453, 40.7403259 ], [ 140.1062453, 40.7403759 ], [ 140.1068453, 40.7406959 ], [ 140.1070653, 40.7408059 ], [ 140.1073053, 40.7408859 ], [ 140.1075653, 40.7409459 ], [ 140.1078753, 40.7409959 ], [ 140.1081353, 40.7410159 ], [ 140.1083053, 40.7410059 ], [ 140.1086353, 40.7409659 ], [ 140.1091253, 40.7407959 ], [ 140.1094453, 40.7406059 ], [ 140.1095953, 40.7405259 ], [ 140.1098053, 40.7404559 ], [ 140.1101153, 40.7403459 ], [ 140.1104153, 40.7402659 ], [ 140.1107253, 40.7402259 ], [ 140.1111053, 40.7401859 ], [ 140.1113953, 40.7401559 ], [ 140.1118953, 40.7401159 ], [ 140.1125553, 40.7400959 ], [ 140.1137153, 40.7400959 ], [ 140.1148253, 40.7401459 ], [ 140.1153653, 40.7401959 ], [ 140.1157753, 40.7402359 ], [ 140.1166753, 40.7403659 ], [ 140.1170653, 40.7404259 ], [ 140.1176853, 40.7405459 ], [ 140.1181653, 40.7406559 ], [ 140.1186253, 40.7407759 ], [ 140.1195053, 40.7410459 ], [ 140.1197753, 40.7411159 ], [ 140.1200453, 40.7411659 ], [ 140.1204153, 40.7412059 ], [ 140.1210353, 40.7412259 ], [ 140.1215353, 40.7412159 ], [ 140.1219553, 40.7411759 ], [ 140.1225353, 40.7411559 ], [ 140.1228853, 40.7411459 ], [ 140.1232753, 40.7411859 ], [ 140.1238153, 40.7412659 ], [ 140.1245753, 40.7414259 ], [ 140.1249453, 40.7415059 ], [ 140.1253153, 40.7416159 ], [ 140.1256853, 40.7417459 ], [ 140.1279053, 40.7425659 ], [ 140.1284253, 40.7427659 ], [ 140.1294853, 40.7431859 ], [ 140.1300053, 40.7433759 ], [ 140.1305853, 40.7436059 ], [ 140.1308153, 40.7436959 ], [ 140.1311753, 40.7437859 ], [ 140.1317353, 40.7439759 ], [ 140.1324553, 40.7442459 ], [ 140.1330653, 40.7444759 ], [ 140.1335053, 40.7446159 ], [ 140.1340053, 40.7447459 ], [ 140.1344053, 40.7448559 ], [ 140.1346653, 40.7449559 ], [ 140.1349153, 40.7450559 ], [ 140.1352553, 40.7452459 ], [ 140.1359353, 40.7456459 ], [ 140.1369253, 40.7462459 ], [ 140.1374353, 40.7465459 ], [ 140.1377753, 40.7467459 ], [ 140.1382853, 40.7470259 ], [ 140.1386053, 40.7471659 ], [ 140.1389753, 40.7473059 ], [ 140.1391953, 40.7473959 ], [ 140.1395253, 40.7475459 ], [ 140.1399253, 40.7477359 ], [ 140.1403753, 40.7479759 ], [ 140.1409053, 40.7482959 ], [ 140.1416753, 40.7487959 ], [ 140.1421053, 40.7490659 ], [ 140.1427153, 40.7494159 ], [ 140.1429853, 40.7495359 ], [ 140.1432853, 40.7496559 ], [ 140.1435653, 40.7497659 ], [ 140.1437553, 40.7498659 ], [ 140.1439353, 40.7499959 ], [ 140.1441453, 40.7501759 ], [ 140.1444153, 40.7504359 ], [ 140.1446453, 40.7506359 ], [ 140.1448153, 40.7507859 ], [ 140.1450953, 40.7509759 ], [ 140.1454453, 40.7511959 ], [ 140.1457453, 40.7514059 ], [ 140.1460853, 40.7516659 ], [ 140.1462953, 40.7518659 ], [ 140.1465153, 40.7520659 ], [ 140.1467953, 40.7522859 ], [ 140.1472953, 40.7526559 ], [ 140.1484152, 40.7534659 ], [ 140.1490352, 40.7538759 ], [ 140.1497352, 40.7542359 ], [ 140.1501652, 40.7545159 ], [ 140.1508252, 40.7549259 ], [ 140.1517152, 40.7555059 ], [ 140.1533552, 40.7566559 ], [ 140.1540352, 40.7571659 ], [ 140.1544852, 40.7575259 ], [ 140.1552152, 40.7582059 ], [ 140.1553952, 40.7583459 ], [ 140.1559552, 40.7587659 ], [ 140.1564852, 40.7590959 ], [ 140.1570852, 40.7594359 ], [ 140.1583352, 40.7601359 ], [ 140.1587052, 40.7603359 ], [ 140.1593452, 40.7606959 ], [ 140.1599052, 40.7611059 ], [ 140.1607052, 40.7616959 ], [ 140.1618652, 40.7625859 ], [ 140.1631052, 40.7635359 ], [ 140.1635452, 40.7638959 ], [ 140.1639052, 40.7642359 ], [ 140.1640952, 40.7644359 ], [ 140.1659452, 40.7661559 ], [ 140.1664652, 40.7666659 ], [ 140.1668152, 40.7670059 ], [ 140.1674952, 40.7677059 ], [ 140.1680352, 40.7682959 ], [ 140.1686452, 40.7689759 ], [ 140.1688652, 40.7691659 ], [ 140.1689852, 40.7692459 ], [ 140.1691252, 40.7693559 ], [ 140.1695552, 40.7696059 ], [ 140.1699052, 40.7697659 ], [ 140.1703352, 40.7699159 ], [ 140.1706252, 40.7699959 ], [ 140.1710452, 40.7700759 ], [ 140.1714152, 40.7701159 ], [ 140.1720052, 40.7701259 ], [ 140.1722052, 40.7701159 ], [ 140.1724752, 40.7701059 ], [ 140.1733852, 40.7700359 ], [ 140.1738352, 40.7700059 ], [ 140.1740952, 40.7700059 ], [ 140.1744752, 40.7700359 ], [ 140.1746552, 40.7700659 ], [ 140.1749152, 40.7701159 ], [ 140.1751352, 40.7701859 ], [ 140.1758352, 40.7704259 ], [ 140.1759952, 40.7704759 ], [ 140.1766152, 40.7706559 ], [ 140.1771552, 40.7707859 ], [ 140.1774352, 40.7708459 ], [ 140.1776452, 40.7708859 ], [ 140.1778752, 40.7709359 ], [ 140.1785752, 40.7710359 ], [ 140.1791552, 40.7711159 ], [ 140.1804552, 40.7712759 ], [ 140.1816652, 40.7714459 ], [ 140.1821052, 40.7715259 ], [ 140.1828752, 40.7716959 ], [ 140.1834352, 40.7718459 ], [ 140.1841852, 40.7720959 ], [ 140.1851352, 40.7724659 ], [ 140.1860252, 40.7729059 ], [ 140.1869352, 40.7734659 ], [ 140.1878951, 40.7741359 ], [ 140.1884851, 40.7745559 ], [ 140.1889951, 40.7749059 ], [ 140.1898851, 40.7755459 ], [ 140.1901151, 40.7757059 ], [ 140.1904051, 40.7758959 ], [ 140.1905851, 40.7759959 ], [ 140.1907051, 40.7760559 ], [ 140.1908751, 40.7761159 ], [ 140.1910251, 40.7761759 ], [ 140.1912151, 40.7762259 ], [ 140.1914151, 40.7762659 ], [ 140.1917151, 40.7762959 ], [ 140.1919351, 40.7762959 ], [ 140.1921051, 40.7762859 ], [ 140.1923451, 40.7762659 ], [ 140.1926351, 40.7762159 ], [ 140.1934651, 40.7760359 ], [ 140.1949951, 40.7757059 ], [ 140.1968251, 40.7752959 ], [ 140.1978051, 40.7750659 ], [ 140.1981551, 40.7749959 ], [ 140.1986551, 40.7748959 ], [ 140.1993651, 40.7747359 ], [ 140.1997651, 40.7746459 ], [ 140.2000251, 40.7745959 ], [ 140.2005351, 40.7744859 ], [ 140.2014151, 40.7742959 ], [ 140.2018851, 40.7742058 ], [ 140.2025551, 40.7741158 ], [ 140.2029551, 40.7741058 ], [ 140.2034051, 40.7741058 ], [ 140.2037551, 40.7741258 ], [ 140.2043751, 40.7741358 ], [ 140.2046651, 40.7741458 ], [ 140.2049251, 40.7741258 ], [ 140.2053551, 40.7740858 ], [ 140.2056951, 40.7740158 ], [ 140.2059351, 40.7739358 ], [ 140.2062451, 40.7738158 ], [ 140.2065051, 40.7736858 ], [ 140.2070451, 40.7733958 ], [ 140.2079951, 40.7728858 ], [ 140.2083351, 40.7727058 ], [ 140.2093852, 40.7721558 ], [ 140.2106152, 40.7715058 ], [ 140.2118552, 40.7708458 ], [ 140.2128552, 40.7703258 ], [ 140.2137152, 40.7698858 ], [ 140.2143452, 40.7695758 ], [ 140.2147352, 40.7694258 ], [ 140.2150852, 40.7692858 ], [ 140.2152952, 40.7692158 ], [ 140.2156152, 40.7691458 ], [ 140.2160052, 40.7691158 ], [ 140.2163452, 40.7691058 ], [ 140.2170152, 40.7691658 ], [ 140.2175652, 40.7692558 ], [ 140.2181052, 40.7694058 ], [ 140.2184952, 40.7695658 ], [ 140.2186552, 40.7696458 ], [ 140.2186752, 40.7696558 ], [ 140.2187752, 40.7697058 ], [ 140.2191052, 40.7698958 ], [ 140.2194052, 40.7701158 ], [ 140.2196952, 40.7703858 ], [ 140.2199552, 40.7707258 ], [ 140.2200952, 40.7709158 ], [ 140.2203652, 40.7713458 ], [ 140.2204552, 40.7714858 ], [ 140.2206751, 40.7719358 ], [ 140.2207251, 40.7720458 ], [ 140.2208751, 40.7723558 ], [ 140.2209351, 40.7724758 ], [ 140.2211751, 40.7728858 ], [ 140.2213851, 40.7732058 ], [ 140.2214251, 40.7732658 ], [ 140.2215151, 40.7733558 ], [ 140.2217251, 40.7735958 ], [ 140.2220351, 40.7738858 ], [ 140.2222051, 40.7740058 ], [ 140.2229751, 40.7744858 ], [ 140.2237451, 40.7749458 ], [ 140.2249551, 40.7756258 ], [ 140.2254951, 40.7759258 ], [ 140.2259751, 40.7762058 ], [ 140.2280051, 40.7773458 ], [ 140.2292851, 40.7780558 ], [ 140.2296751, 40.7782558 ], [ 140.2298951, 40.7783358 ], [ 140.2301151, 40.7783958 ], [ 140.2305351, 40.7784458 ], [ 140.2317751, 40.7785458 ], [ 140.2324751, 40.7786158 ], [ 140.2327651, 40.7786458 ], [ 140.2330051, 40.7787058 ], [ 140.2332651, 40.7788058 ], [ 140.2334951, 40.7789358 ], [ 140.2339051, 40.7792058 ], [ 140.2340751, 40.7793258 ], [ 140.2342351, 40.7794358 ], [ 140.2357351, 40.7804358 ], [ 140.2367751, 40.7811758 ], [ 140.2370751, 40.7813958 ], [ 140.2374781, 40.7816002 ], [ 140.2379042, 40.7817583 ] ] } },
{ "type": "Feature", "properties": { "N12_001": "02", "N12_002": 2, "N12_003": 3, "N12_004": "一般国道102号", "N12_005": 9, "N12_006": 1 }, "geometry": { "type": "LineString", "coordinates": [ [ 140.5033162, 40.5964452 ], [ 140.5038962, 40.5964852 ], [ 140.5047962, 40.5965652 ], [ 140.5056662, 40.5966352 ], [ 140.5065462, 40.5967152 ], [ 140.5076662, 40.5968052 ], [ 140.5083162, 40.5968752 ], [ 140.5088062, 40.5969252 ], [ 140.5091962, 40.5969652 ], [ 140.5094762, 40.5969952 ], [ 140.5096362, 40.5970152 ], [ 140.5099062, 40.5970552 ], [ 140.5101362, 40.5970952 ], [ 140.5103562, 40.5971552 ], [ 140.5105862, 40.5972052 ], [ 140.5108262, 40.5972752 ], [ 140.5110562, 40.5973552 ], [ 140.5113761, 40.5974652 ], [ 140.5116561, 40.5975652 ], [ 140.5118961, 40.5976552 ], [ 140.5120761, 40.5977352 ], [ 140.5123461, 40.5978452 ], [ 140.5126861, 40.5979852 ], [ 140.5129861, 40.5981252 ], [ 140.5133161, 40.5982852 ], [ 140.5136661, 40.5984652 ], [ 140.5139861, 40.5986452 ], [ 140.5141061, 40.5987252 ], [ 140.5142361, 40.5988052 ], [ 140.5146161, 40.5990552 ], [ 140.5149761, 40.5993052 ], [ 140.5153461, 40.5995852 ], [ 140.5156661, 40.5998452 ], [ 140.5160361, 40.6001652 ], [ 140.5164861, 40.6006452 ], [ 140.5166761, 40.6008652 ], [ 140.5168461, 40.6010652 ], [ 140.5171261, 40.6014652 ], [ 140.5173461, 40.6018652 ], [ 140.5175261, 40.6021852 ], [ 140.5189861, 40.6052852 ], [ 140.5201461, 40.6078552 ], [ 140.5203561, 40.6083252 ], [ 140.5208161, 40.6093952 ], [ 140.5211761, 40.6101852 ], [ 140.5215461, 40.6110052 ], [ 140.5218461, 40.6116552 ], [ 140.5219861, 40.6119352 ], [ 140.5221061, 40.6121752 ], [ 140.5222461, 40.6124452 ], [ 140.5223261, 40.6125952 ], [ 140.5229061, 40.6134952 ], [ 140.523246, 40.6139452 ], [ 140.523566, 40.6143952 ], [ 140.523786, 40.6146852 ], [ 140.523956, 40.6149052 ], [ 140.524076, 40.6150552 ], [ 140.524386, 40.6154252 ], [ 140.524636, 40.6156852 ], [ 140.525066, 40.6161152 ], [ 140.525776, 40.6166652 ], [ 140.526076, 40.6168952 ], [ 140.526496, 40.6172052 ], [ 140.5266105, 40.6172676 ], [ 140.526716, 40.6173252 ], [ 140.527256, 40.6176052 ], [ 140.527716, 40.6178552 ], [ 140.528316, 40.6181352 ], [ 140.528686, 40.6183252 ], [ 140.529106, 40.6184952 ], [ 140.529316, 40.6185952 ], [ 140.529756, 40.6187552 ], [ 140.530216, 40.6189052 ], [ 140.531486, 40.6193152 ], [ 140.532826, 40.6197452 ], [ 140.533336, 40.6199052 ], [ 140.534056, 40.6201252 ], [ 140.535546, 40.6206052 ], [ 140.536536, 40.6209152 ], [ 140.537136, 40.6211052 ], [ 140.538236, 40.6214552 ], [ 140.538816, 40.6216352 ], [ 140.541676, 40.6225352 ], [ 140.542686, 40.6228552 ], [ 140.543556, 40.6231052 ], [ 140.544436, 40.6233352 ], [ 140.545256, 40.6235452 ], [ 140.545926, 40.6237052 ], [ 140.5466049, 40.6238424 ], [ 140.547646, 40.6240552 ], [ 140.548736, 40.6242852 ], [ 140.550006, 40.6246052 ], [ 140.550606, 40.6247452 ], [ 140.551306, 40.6249652 ], [ 140.551816, 40.6251252 ], [ 140.552186, 40.6252652 ], [ 140.5525459, 40.6254052 ], [ 140.5530959, 40.6256352 ], [ 140.5534759, 40.6257952 ], [ 140.5539359, 40.6260152 ], [ 140.5543559, 40.6262352 ], [ 140.5546759, 40.6263952 ], [ 140.5550659, 40.6266152 ], [ 140.5554659, 40.6268552 ], [ 140.5560059, 40.6271952 ], [ 140.5567559, 40.6276952 ], [ 140.5574259, 40.6281852 ], [ 140.5578459, 40.6284952 ], [ 140.5584459, 40.6289252 ], [ 140.5590159, 40.6293352 ], [ 140.5593959, 40.6296052 ], [ 140.5597659, 40.6298652 ], [ 140.5603959, 40.6302852 ], [ 140.5608059, 40.6305352 ], [ 140.5612659, 40.6308352 ], [ 140.5614959, 40.6309552 ], [ 140.5619159, 40.6311852 ], [ 140.5623259, 40.6313952 ], [ 140.5627859, 40.6316252 ], [ 140.5633759, 40.6319052 ], [ 140.5643059, 40.6323052 ], [ 140.5648159, 40.6325152 ], [ 140.5660359, 40.6329552 ], [ 140.5666759, 40.6331652 ], [ 140.5669959, 40.6332652 ], [ 140.5674259, 40.6333852 ], [ 140.5681059, 40.6335652 ], [ 140.5686959, 40.6337052 ], [ 140.5692559, 40.6338352 ], [ 140.5697359, 40.6339252 ], [ 140.5702459, 40.6340152 ], [ 140.5709959, 40.6341452 ], [ 140.5713759, 40.6342052 ], [ 140.5718959, 40.6342652 ], [ 140.5723159, 40.6343152 ], [ 140.5727859, 40.6343652 ], [ 140.5731959, 40.6344052 ], [ 140.5738359, 40.6344652 ], [ 140.5744659, 40.6345052 ], [ 140.5755059, 40.6345752 ], [ 140.5761759, 40.6345852 ], [ 140.5767259, 40.6345752 ], [ 140.5771959, 40.6345752 ], [ 140.5791259, 40.6345152 ], [ 140.5798259, 40.6344852 ], [ 140.5810759, 40.6344452 ], [ 140.5815159, 40.6344352 ], [ 140.5833559, 40.6343652 ], [ 140.5838159, 40.6343452 ], [ 140.5856559, 40.6342552 ], [ 140.5858959, 40.6342352 ], [ 140.5867659, 40.6341752 ], [ 140.5876059, 40.6341152 ], [ 140.5878759, 40.6340952 ], [ 140.5883359, 40.6340652 ], [ 140.5891759, 40.6339852 ], [ 140.5896959, 40.6339152 ], [ 140.5899159, 40.6338952 ], [ 140.5907359, 40.6337752 ], [ 140.5915359, 40.6336452 ], [ 140.5920759, 40.6335552 ], [ 140.5925359, 40.6334752 ], [ 140.5932959, 40.6333252 ], [ 140.5934959, 40.6332852 ], [ 140.5939459, 40.6331952 ], [ 140.5944959, 40.6330752 ], [ 140.5950059, 40.6329552 ], [ 140.5958859, 40.6327352 ], [ 140.5964659, 40.6325852 ], [ 140.5971859, 40.6323952 ], [ 140.5973259, 40.6323652 ], [ 140.5974359, 40.6323452 ], [ 140.5977959, 40.6322352 ], [ 140.5981159, 40.6321452 ], [ 140.5989859, 40.6318652 ], [ 140.5996559, 40.6316252 ], [ 140.5998759, 40.6315352 ], [ 140.6001259, 40.6314452 ], [ 140.6004359, 40.6313352 ], [ 140.6007659, 40.6312052 ], [ 140.6014459, 40.6309252 ], [ 140.6020259, 40.6306752 ], [ 140.6026859, 40.6303852 ], [ 140.6029059, 40.6302852 ], [ 140.6034359, 40.6300352 ], [ 140.605546, 40.6290052 ], [ 140.607936, 40.6278752 ], [ 140.608296, 40.6276952 ], [ 140.609286, 40.6272152 ], [ 140.610266, 40.6267352 ], [ 140.610916, 40.6264251 ], [ 140.611336, 40.6262251 ], [ 140.611526, 40.6261451 ], [ 140.611766, 40.6260551 ], [ 140.612326, 40.6258751 ], [ 140.613046, 40.6256351 ], [ 140.613386, 40.6255151 ], [ 140.613446, 40.6254951 ], [ 140.613596, 40.6254451 ], [ 140.614086, 40.6253151 ], [ 140.614516, 40.6252051 ], [ 140.614736, 40.6251551 ], [ 140.615386, 40.6250551 ], [ 140.615806, 40.6249951 ], [ 140.616496, 40.6249451 ], [ 140.616668, 40.6249383 ] ] } },
{ "type": "Feature", "properties": { "N12_001": "02", "N12_002": 2, "N12_003": 3, "N12_004": "一般国道102号", "N12_005": 9, "N12_006": 2 }, "geometry": { "type": "LineString", "coordinates": [ [ 141.260505, 40.6123844 ], [ 141.260355, 40.6124044 ], [ 141.260115, 40.6124344 ], [ 141.259075, 40.6125744 ], [ 141.258475, 40.6126444 ], [ 141.258185, 40.6126744 ], [ 141.257575, 40.6127644 ], [ 141.257395, 40.6127844 ], [ 141.257225, 40.6127944 ], [ 141.256495, 40.6129044 ], [ 141.255775, 40.6129944 ], [ 141.255225, 40.6130644 ], [ 141.254865, 40.6131044 ], [ 141.253995, 40.6132244 ], [ 141.253375, 40.6133044 ], [ 141.253115, 40.6133244 ], [ 141.252405, 40.6134244 ], [ 141.251415, 40.6135544 ], [ 141.251245, 40.6135744 ], [ 141.250665, 40.6136444 ], [ 141.250345, 40.6136844 ], [ 141.250075, 40.6137244 ], [ 141.250005, 40.6137344 ], [ 141.249835, 40.6137544 ], [ 141.249535, 40.6137844 ], [ 141.249265, 40.6138044 ], [ 141.248995, 40.6138244 ], [ 141.246445, 40.6137544 ], [ 141.245635, 40.6138044 ], [ 141.244085, 40.6138444 ], [ 141.242555, 40.6138644 ], [ 141.242495, 40.6138644 ], [ 141.241745, 40.6138744 ], [ 141.241625, 40.6138844 ], [ 141.241615, 40.6138844 ], [ 141.240235, 40.6139444 ], [ 141.238795, 40.6139444 ], [ 141.238215, 40.6139544 ], [ 141.237935, 40.6139644 ], [ 141.237845, 40.6139644 ], [ 141.237675, 40.6139744 ], [ 141.237295, 40.6139744 ], [ 141.235175, 40.6139844 ], [ 141.234065, 40.6140044 ], [ 141.233335, 40.6140044 ], [ 141.232275, 40.6140044 ], [ 141.230855, 40.6140244 ], [ 141.229925, 40.6140444 ], [ 141.229195, 40.6140544 ], [ 141.228505, 40.6140644 ], [ 141.228035, 40.6140744 ], [ 141.227565, 40.6140844 ], [ 141.225925, 40.6141144 ], [ 141.225615, 40.6141244 ], [ 141.225505, 40.6140644 ], [ 141.225075, 40.6139044 ], [ 141.224995, 40.6138744 ], [ 141.224655, 40.6137344 ], [ 141.224355, 40.6135944 ], [ 141.223655, 40.6132844 ], [ 141.223465, 40.6131844 ], [ 141.223135, 40.6130444 ], [ 141.223035, 40.6129944 ], [ 141.222315, 40.6126744 ], [ 141.222285, 40.6126544 ], [ 141.2218951, 40.6124744 ], [ 141.2200851, 40.6116444 ], [ 141.2194651, 40.6113744 ], [ 141.2190851, 40.6111844 ], [ 141.2184251, 40.6108844 ], [ 141.2182751, 40.6108144 ], [ 141.2170751, 40.6102544 ], [ 141.2166951, 40.6107344 ], [ 141.2163151, 40.6112344 ], [ 141.2156751, 40.6120544 ], [ 141.2149651, 40.6129844 ], [ 141.2142151, 40.6138944 ], [ 141.2136351, 40.6146644 ], [ 141.2131551, 40.6153144 ], [ 141.2130876, 40.6154003 ] ] } },
{ "type": "Feature", "properties": { "N12_001": "02", "N12_002": 1, "N12_003": 3, "N12_004": "一般国道103号", "N12_005": 10, "N12_006": 1 }, "geometry": { "type": "LineString", "coordinates": [ [ 140.7503149, 40.8233155 ], [ 140.7503249, 40.8227955 ], [ 140.7503449, 40.8218655 ], [ 140.7503849, 40.8215555 ], [ 140.7504449, 40.8211355 ], [ 140.7504949, 40.8206055 ], [ 140.7505349, 40.8202455 ], [ 140.7506249, 40.8195955 ], [ 140.7506549, 40.8193755 ], [ 140.7507349, 40.8187655 ], [ 140.7507949, 40.8182655 ], [ 140.7508849, 40.8177055 ], [ 140.7509249, 40.8172855 ], [ 140.7509749, 40.8170855 ], [ 140.7510349, 40.8169455 ], [ 140.7511849, 40.8166855 ], [ 140.7512549, 40.8165755 ], [ 140.7513849, 40.8163555 ], [ 140.7517649, 40.8157555 ], [ 140.7520649, 40.8152555 ], [ 140.7522149, 40.8150155 ], [ 140.752601, 40.8143468 ], [ 140.7527749, 40.8140955 ], [ 140.7528749, 40.8139355 ], [ 140.7529749, 40.8137855 ], [ 140.7530649, 40.8136355 ], [ 140.7531949, 40.8133855 ], [ 140.7533049, 40.8131655 ], [ 140.7534649, 40.8128455 ], [ 140.7535149, 40.8126755 ], [ 140.7535349, 40.8125155 ], [ 140.7535249, 40.8124855 ], [ 140.7535149, 40.8123355 ], [ 140.7534849, 40.8120255 ], [ 140.7534249, 40.8115955 ], [ 140.7533949, 40.8113555 ], [ 140.7533949, 40.8111055 ], [ 140.7534249, 40.8109355 ], [ 140.7536049, 40.8103055 ], [ 140.7537549, 40.8098455 ], [ 140.7538749, 40.8094555 ], [ 140.7540649, 40.8089355 ], [ 140.7542949, 40.8083055 ], [ 140.7544449, 40.8078755 ], [ 140.7548749, 40.8067054 ], [ 140.7550949, 40.8060554 ], [ 140.7552149, 40.8057254 ], [ 140.7554849, 40.8049254 ], [ 140.7557249, 40.8042854 ], [ 140.7560849, 40.8033054 ], [ 140.7562649, 40.8028154 ], [ 140.7566649, 40.8017254 ], [ 140.7571649, 40.8002954 ], [ 140.7575216, 40.7996311 ], [ 140.7580682, 40.7980729 ], [ 140.7584492, 40.7970767 ], [ 140.7588292, 40.7960167 ], [ 140.7590546, 40.7953417 ], [ 140.7592083, 40.7949566 ], [ 140.7592583, 40.7948266 ], [ 140.7593483, 40.7945466 ], [ 140.7597025, 40.7936444 ] ] } },
{ "type": "Feature", "properties": { "N12_001": "02", "N12_002": 1, "N12_003": 3, "N12_004": "一般国道104号", "N12_005": 11, "N12_006": 1 }, "geometry": { "type": "LineString", "coordinates": [ [ 141.3360561, 40.4467934 ], [ 141.3361361, 40.4469034 ], [ 141.3362361, 40.4469634 ], [ 141.3363861, 40.4470034 ], [ 141.3366361, 40.4470534 ], [ 141.3368761, 40.4470834 ], [ 141.3371161, 40.4471234 ], [ 141.3373161, 40.4471034 ], [ 141.3375361, 40.4470734 ], [ 141.3377561, 40.4470534 ], [ 141.3384061, 40.4469434 ], [ 141.3401661, 40.4469134 ], [ 141.3414261, 40.4468934 ], [ 141.3417561, 40.4468534 ], [ 141.3421761, 40.4467834 ], [ 141.3425261, 40.4467434 ], [ 141.3426661, 40.4467934 ], [ 141.3427661, 40.4468234 ], [ 141.3428661, 40.4468534 ], [ 141.3429161, 40.4468834 ], [ 141.3432461, 40.4470534 ], [ 141.3434061, 40.4472134 ], [ 141.3434661, 40.4473134 ], [ 141.3435161, 40.4474434 ], [ 141.3435361, 40.4475734 ], [ 141.3435361, 40.4499934 ], [ 141.3435361, 40.4503634 ], [ 141.3435461, 40.4517334 ], [ 141.343546, 40.4523234 ], [ 141.343576, 40.4528634 ], [ 141.343596, 40.4529834 ], [ 141.343636, 40.4530834 ], [ 141.343796, 40.4534234 ], [ 141.343976, 40.4537434 ], [ 141.344296, 40.4543134 ], [ 141.344556, 40.4548235 ], [ 141.344886, 40.4553835 ], [ 141.345106, 40.4557735 ], [ 141.345546, 40.4565635 ], [ 141.345716, 40.4569435 ], [ 141.345786, 40.4571235 ], [ 141.345916, 40.4572735 ], [ 141.346126, 40.4574335 ], [ 141.346266, 40.4575235 ], [ 141.346406, 40.4575935 ], [ 141.346706, 40.4577135 ], [ 141.347246, 40.4578935 ], [ 141.347776, 40.4580435 ], [ 141.348266, 40.4581835 ], [ 141.348926, 40.4583235 ], [ 141.349536, 40.4584635 ], [ 141.350006, 40.4585635 ], [ 141.350816, 40.4587235 ], [ 141.351806, 40.4589535 ], [ 141.352556, 40.4591235 ], [ 141.353116, 40.4592435 ], [ 141.3539459, 40.4594335 ], [ 141.3544959, 40.4595535 ], [ 141.3548559, 40.4596335 ], [ 141.3554259, 40.4597535 ], [ 141.3560559, 40.4598835 ], [ 141.3573259, 40.4601335 ], [ 141.3577459, 40.4602235 ], [ 141.3583359, 40.4603435 ], [ 141.3588159, 40.4604335 ], [ 141.3594159, 40.4605135 ], [ 141.3597759, 40.4605335 ], [ 141.3603459, 40.4605335 ], [ 141.3606959, 40.4604935 ], [ 141.3610959, 40.4604035 ], [ 141.3614059, 40.4603035 ], [ 141.3614859, 40.4602735 ], [ 141.3617259, 40.4601635 ], [ 141.3618959, 40.4600835 ], [ 141.3621959, 40.4599635 ], [ 141.3623659, 40.4598835 ], [ 141.3626059, 40.4598035 ], [ 141.3628259, 40.4597635 ], [ 141.3631159, 40.4597635 ], [ 141.3632759, 40.4597935 ], [ 141.3636359, 40.4599335 ], [ 141.3642859, 40.4602436 ], [ 141.3646959, 40.4604636 ], [ 141.3654959, 40.4608736 ], [ 141.3664659, 40.4613736 ], [ 141.3673459, 40.4618236 ], [ 141.3684359, 40.4623536 ], [ 141.3687559, 40.4625336 ], [ 141.3690559, 40.4627136 ], [ 141.3702559, 40.4633136 ], [ 141.3704059, 40.4633636 ], [ 141.3708659, 40.4635636 ], [ 141.3714459, 40.4637836 ], [ 141.3717558, 40.4639736 ], [ 141.3728958, 40.4645936 ], [ 141.3734058, 40.4648936 ], [ 141.3741858, 40.4653236 ], [ 141.3750558, 40.4658036 ], [ 141.3752058, 40.4658736 ], [ 141.3757058, 40.4661236 ], [ 141.3759858, 40.4662236 ], [ 141.3763758, 40.4663436 ], [ 141.3767158, 40.4664036 ], [ 141.3771258, 40.4664636 ], [ 141.3774858, 40.4665036 ], [ 141.3779458, 40.4665636 ], [ 141.3784058, 40.4666236 ], [ 141.3787858, 40.4666836 ], [ 141.3793158, 40.4667536 ], [ 141.3796958, 40.4668136 ], [ 141.3800958, 40.4668536 ], [ 141.3803958, 40.4668936 ], [ 141.3807858, 40.4669536 ], [ 141.3811158, 40.4670036 ], [ 141.3812758, 40.4670336 ], [ 141.3814858, 40.4670636 ], [ 141.3817958, 40.4671036 ], [ 141.3819758, 40.4671236 ], [ 141.3822058, 40.4671436 ], [ 141.3822658, 40.4671436 ], [ 141.3827158, 40.4671336 ], [ 141.3830158, 40.4671136 ], [ 141.3833358, 40.4670736 ], [ 141.3839958, 40.4669937 ], [ 141.3847358, 40.4669037 ], [ 141.3854058, 40.4668037 ], [ 141.3856758, 40.4667737 ], [ 141.3859358, 40.4667837 ], [ 141.3864658, 40.4668437 ], [ 141.3867958, 40.4668937 ], [ 141.3869758, 40.4669537 ], [ 141.3875658, 40.4671437 ], [ 141.3881358, 40.4673037 ], [ 141.3887758, 40.4675137 ], [ 141.3892258, 40.4676437 ], [ 141.3893658, 40.4677037 ], [ 141.3896758, 40.4678037 ], [ 141.3898958, 40.4679337 ], [ 141.3900658, 40.4680237 ], [ 141.3904558, 40.4683037 ], [ 141.3908357, 40.4686437 ], [ 141.3910857, 40.4688537 ], [ 141.3912557, 40.4689537 ], [ 141.3914257, 40.4690237 ], [ 141.3916657, 40.4691237 ], [ 141.3918957, 40.4691937 ], [ 141.3922757, 40.4693237 ], [ 141.3927057, 40.4694737 ], [ 141.3933757, 40.4697137 ], [ 141.3941757, 40.4699137 ], [ 141.3956357, 40.4702337 ], [ 141.3959957, 40.4703537 ], [ 141.3963057, 40.4704537 ], [ 141.3967457, 40.4706537 ], [ 141.3970357, 40.4708137 ], [ 141.3974557, 40.4710937 ], [ 141.3982457, 40.4714937 ], [ 141.4000057, 40.4723337 ], [ 141.4004157, 40.4725237 ], [ 141.4007857, 40.4726937 ], [ 141.4026457, 40.4735137 ], [ 141.4029457, 40.4736437 ], [ 141.4033057, 40.4737737 ], [ 141.4039557, 40.4740237 ], [ 141.4046057, 40.4743137 ], [ 141.4049857, 40.4744937 ], [ 141.4057656, 40.4748637 ], [ 141.4060456, 40.4749937 ], [ 141.4070856, 40.4754737 ], [ 141.4077356, 40.4757737 ], [ 141.4083356, 40.4760637 ], [ 141.4084356, 40.4761137 ], [ 141.4088756, 40.4762637 ], [ 141.4094356, 40.4763937 ], [ 141.4095856, 40.4764237 ], [ 141.4098356, 40.4764637 ], [ 141.4099856, 40.4764737 ], [ 141.4102556, 40.4764537 ], [ 141.4104556, 40.4764137 ], [ 141.4112856, 40.4762838 ], [ 141.4116756, 40.4762238 ], [ 141.4118856, 40.4761738 ], [ 141.4119856, 40.4761638 ], [ 141.4124456, 40.4760438 ], [ 141.4126556, 40.4760138 ], [ 141.4126856, 40.4760038 ], [ 141.4127656, 40.4760038 ], [ 141.4128556, 40.4760038 ], [ 141.4130856, 40.4760238 ], [ 141.4136656, 40.4761238 ], [ 141.4138556, 40.4761638 ], [ 141.4152856, 40.4763938 ], [ 141.4159256, 40.4765438 ], [ 141.4165356, 40.4767338 ], [ 141.4168356, 40.4768238 ], [ 141.4172156, 40.4769338 ], [ 141.4174656, 40.4770138 ], [ 141.4177056, 40.4770838 ], [ 141.4180256, 40.4771838 ], [ 141.4183356, 40.4772538 ], [ 141.4197656, 40.4776538 ], [ 141.4203356, 40.4777838 ], [ 141.4204756, 40.4778038 ], [ 141.4207356, 40.4778138 ], [ 141.4208456, 40.4778138 ], [ 141.4208856, 40.4778138 ], [ 141.4209656, 40.4778238 ], [ 141.4211856, 40.4778038 ], [ 141.4212656, 40.4777938 ], [ 141.4214456, 40.4777638 ], [ 141.4218656, 40.4776638 ], [ 141.4221656, 40.4775638 ], [ 141.4226356, 40.4774438 ], [ 141.4227656, 40.4774038 ], [ 141.4232956, 40.4772638 ], [ 141.4234156, 40.4772238 ], [ 141.4235256, 40.4772038 ], [ 141.4237856, 40.4771438 ], [ 141.4238756, 40.4771238 ], [ 141.4240856, 40.4771238 ], [ 141.4241956, 40.4771538 ], [ 141.4244256, 40.4772138 ], [ 141.4248156, 40.4773838 ], [ 141.4249956, 40.4775238 ], [ 141.4251656, 40.4777138 ], [ 141.4254056, 40.4780438 ], [ 141.4258556, 40.4786338 ], [ 141.4259756, 40.4787638 ], [ 141.4262756, 40.4789138 ], [ 141.4265356, 40.4790338 ], [ 141.4268956, 40.4792338 ], [ 141.4270156, 40.4793238 ], [ 141.4271356, 40.4795038 ], [ 141.4272656, 40.4797238 ], [ 141.4273355, 40.4799138 ], [ 141.4273655, 40.4801138 ], [ 141.4273555, 40.4804538 ], [ 141.4273255, 40.4806038 ], [ 141.4272755, 40.4810138 ], [ 141.4270955, 40.4818338 ], [ 141.4270455, 40.4820638 ], [ 141.4270355, 40.4822038 ], [ 141.4270155, 40.4824938 ], [ 141.4270155, 40.4827338 ], [ 141.4270055, 40.4831238 ], [ 141.4270255, 40.4833238 ], [ 141.4270355, 40.4834638 ], [ 141.4270055, 40.4838938 ], [ 141.4270555, 40.4843138 ], [ 141.4270555, 40.4843638 ], [ 141.4270555, 40.4845238 ], [ 141.4270255, 40.4847638 ], [ 141.4269755, 40.4849338 ], [ 141.4269155, 40.4851238 ], [ 141.4266155, 40.4858338 ], [ 141.4271855, 40.4859038 ], [ 141.4282155, 40.4860838 ], [ 141.4285255, 40.4861538 ], [ 141.4286855, 40.4861938 ], [ 141.4288355, 40.4862438 ], [ 141.4292955, 40.4864538 ], [ 141.4295655, 40.4865738 ], [ 141.4298155, 40.4866838 ], [ 141.4301755, 40.4868438 ], [ 141.4303955, 40.4869538 ], [ 141.4307155, 40.4871338 ], [ 141.4309155, 40.4872638 ], [ 141.4311455, 40.4874538 ], [ 141.4311955, 40.4875238 ], [ 141.4313955, 40.4878838 ], [ 141.4316555, 40.4883038 ], [ 141.4316955, 40.4883938 ], [ 141.4319555, 40.4887938 ], [ 141.4321455, 40.4890438 ], [ 141.4324455, 40.4894438 ], [ 141.4326055, 40.4896538 ], [ 141.4333355, 40.4905838 ], [ 141.4334454, 40.4907238 ], [ 141.4335854, 40.4909238 ], [ 141.4339454, 40.4913438 ], [ 141.4342654, 40.4916638 ], [ 141.4345854, 40.4919738 ], [ 141.4348654, 40.4922638 ], [ 141.4350854, 40.4925038 ], [ 141.4352554, 40.4926638 ], [ 141.4363854, 40.4938138 ], [ 141.4364054, 40.4938238 ], [ 141.4370154, 40.4944338 ], [ 141.4374054, 40.4948338 ], [ 141.4378654, 40.4952938 ], [ 141.4383454, 40.4957838 ], [ 141.4386554, 40.4961038 ], [ 141.4390154, 40.4964738 ], [ 141.4392654, 40.4966738 ], [ 141.4395254, 40.4967738 ], [ 141.4406654, 40.4970638 ], [ 141.4408454, 40.4971138 ], [ 141.4410154, 40.4971538 ], [ 141.4411854, 40.4971638 ], [ 141.4416554, 40.4970838 ], [ 141.4417554, 40.4970738 ], [ 141.4422754, 40.4969738 ], [ 141.4424954, 40.4969338 ], [ 141.4429554, 40.4968738 ], [ 141.4431754, 40.4968838 ], [ 141.4432754, 40.4968938 ], [ 141.4434054, 40.4969238 ], [ 141.4437354, 40.4970238 ], [ 141.4441154, 40.4971538 ], [ 141.4446854, 40.4973638 ], [ 141.4447954, 40.4974038 ], [ 141.4451954, 40.4975638 ], [ 141.4456954, 40.4977638 ], [ 141.4468554, 40.4982538 ], [ 141.4474354, 40.4984838 ], [ 141.4475754, 40.4985338 ], [ 141.4478154, 40.4986238 ], [ 141.4481054, 40.4986938 ], [ 141.4482254, 40.4987338 ], [ 141.4488554, 40.4988938 ], [ 141.4494753, 40.4990338 ], [ 141.4496953, 40.4991038 ], [ 141.4500053, 40.4992338 ], [ 141.4503253, 40.4993538 ], [ 141.4504053, 40.4993938 ], [ 141.4506953, 40.4995638 ], [ 141.4511853, 40.4998738 ], [ 141.4514353, 40.5000238 ], [ 141.4515553, 40.5001038 ], [ 141.4516653, 40.5001938 ], [ 141.4525453, 40.5008938 ], [ 141.4526453, 40.5009738 ], [ 141.4529253, 40.5011438 ], [ 141.4542353, 40.5018738 ], [ 141.4546653, 40.5021038 ], [ 141.4548753, 40.5022138 ], [ 141.4552353, 40.5024038 ], [ 141.4553653, 40.5024738 ], [ 141.4555853, 40.5025938 ], [ 141.4558053, 40.5027238 ], [ 141.4574153, 40.5035638 ], [ 141.4582653, 40.5040238 ], [ 141.4587453, 40.5042238 ], [ 141.4590253, 40.5043138 ], [ 141.4592953, 40.5043638 ], [ 141.4595353, 40.5044238 ], [ 141.4598053, 40.5044838 ], [ 141.4599753, 40.5045338 ], [ 141.4602053, 40.5045938 ], [ 141.4603353, 40.5046338 ], [ 141.4604453, 40.5046738 ], [ 141.4605653, 40.5047238 ], [ 141.4606953, 40.5047838 ], [ 141.4609853, 40.5049738 ], [ 141.4611453, 40.5051038 ], [ 141.4612953, 40.5052438 ], [ 141.4613853, 40.5053638 ], [ 141.4615053, 40.5055638 ], [ 141.4615853, 40.5058138 ], [ 141.4617453, 40.5062638 ], [ 141.4618453, 40.5063838 ], [ 141.4619453, 40.5064938 ], [ 141.4620153, 40.5065738 ], [ 141.4621953, 40.5066938 ], [ 141.4622753, 40.5067538 ], [ 141.4625353, 40.5068538 ], [ 141.4631953, 40.5070538 ], [ 141.4634153, 40.5071138 ], [ 141.4642653, 40.5073838 ], [ 141.4645353, 40.5074538 ], [ 141.4648753, 40.5075438 ], [ 141.4650753, 40.5075938 ], [ 141.4655253, 40.5076638 ], [ 141.4659353, 40.5077138 ], [ 141.4662453, 40.5077638 ], [ 141.4666353, 40.5078138 ], [ 141.4673853, 40.5079138 ], [ 141.4677652, 40.5079738 ], [ 141.4688252, 40.5080938 ], [ 141.4698152, 40.5081938 ], [ 141.4711452, 40.5082638 ], [ 141.4715052, 40.5082838 ], [ 141.4718352, 40.5082938 ], [ 141.4725152, 40.5082838 ], [ 141.4727952, 40.5082738 ], [ 141.4730052, 40.5082538 ], [ 141.4738252, 40.5081438 ], [ 141.4741852, 40.5080938 ], [ 141.4744652, 40.5080438 ], [ 141.4746452, 40.5080138 ], [ 141.4754852, 40.5078538 ], [ 141.4759252, 40.5077638 ], [ 141.4768052, 40.5075538 ], [ 141.4770752, 40.5074838 ], [ 141.4774452, 40.5073938 ], [ 141.4778452, 40.5073038 ], [ 141.4780652, 40.5072438 ], [ 141.4786452, 40.5071238 ], [ 141.4782852, 40.5075738 ], [ 141.4779852, 40.5079338 ], [ 141.4776752, 40.5083138 ], [ 141.4773652, 40.5086738 ], [ 141.4770552, 40.5090738 ], [ 141.4767952, 40.5093738 ], [ 141.4766752, 40.5095238 ], [ 141.4765752, 40.5096238 ], [ 141.4762352, 40.5100338 ], [ 141.4758752, 40.5104638 ], [ 141.4754452, 40.5109838 ], [ 141.4750752, 40.5114238 ], [ 141.4747652, 40.5118038 ], [ 141.4739952, 40.5127238 ], [ 141.4738752, 40.5128538 ], [ 141.4732552, 40.5135738 ], [ 141.4730352, 40.5138238 ], [ 141.4724552, 40.5144838 ], [ 141.4715952, 40.5150438 ], [ 141.4713552, 40.5151938 ], [ 141.4702752, 40.5160138 ], [ 141.4692652, 40.5167738 ], [ 141.4687652, 40.5173738 ], [ 141.4686852, 40.5174638 ], [ 141.4685352, 40.5176238 ], [ 141.4683352, 40.5177838 ], [ 141.4679652, 40.5181138 ], [ 141.4675252, 40.5185138 ], [ 141.4674352, 40.5186138 ], [ 141.4673852, 40.5186838 ], [ 141.4673652, 40.5187538 ], [ 141.4673452, 40.5188638 ], [ 141.4672752, 40.5192139 ], [ 141.4671452, 40.5199739 ], [ 141.4670852, 40.5202439 ], [ 141.4670752, 40.5203839 ], [ 141.4669852, 40.5208239 ], [ 141.4669552, 40.5210139 ], [ 141.4669152, 40.5215639 ], [ 141.4668952, 40.5217939 ], [ 141.4668251, 40.5222039 ], [ 141.4667851, 40.5224239 ], [ 141.4667051, 40.5228439 ], [ 141.4666851, 40.5230739 ], [ 141.4666051, 40.5235839 ], [ 141.4664751, 40.5244539 ], [ 141.4664251, 40.5247039 ], [ 141.4663751, 40.5249539 ], [ 141.4663551, 40.5250739 ], [ 141.4663251, 40.5252439 ], [ 141.4662851, 40.5254939 ], [ 141.4662551, 40.5256839 ], [ 141.4662151, 40.5257939 ], [ 141.4660951, 40.5261739 ], [ 141.4657951, 40.5270139 ], [ 141.4657551, 40.5271739 ], [ 141.4657551, 40.5273339 ], [ 141.4658151, 40.5274939 ], [ 141.4659151, 40.5277139 ] ] } },
{ "type": "Feature", "properties": { "N12_001": "02", "N12_002": 2, "N12_003": 3, "N12_004": "一般国道279号", "N12_005": 12, "N12_006": 1 }, "geometry": { "type": "LineString", "coordinates": [ [ 141.2291627, 41.2540066 ], [ 141.2289527, 41.2544566 ], [ 141.2288827, 41.2546366 ], [ 141.2284527, 41.2553966 ], [ 141.2276127, 41.2571267 ], [ 141.2270527, 41.2583267 ], [ 141.2264427, 41.2596467 ], [ 141.2262127, 41.2601367 ], [ 141.2260427, 41.2604667 ], [ 141.2256627, 41.2611467 ], [ 141.2256027, 41.2612367 ], [ 141.2254327, 41.2615067 ], [ 141.2251827, 41.2618967 ], [ 141.2250027, 41.2621367 ], [ 141.2248927, 41.2622767 ], [ 141.2248127, 41.2623867 ], [ 141.2245327, 41.2627467 ], [ 141.2240727, 41.2633267 ], [ 141.2236427, 41.2638967 ], [ 141.2235227, 41.2640467 ], [ 141.2231127, 41.2645567 ], [ 141.2224627, 41.2654067 ], [ 141.2220127, 41.2660067 ], [ 141.2215927, 41.2665467 ], [ 141.2215027, 41.2666667 ], [ 141.2212427, 41.2669867 ], [ 141.2205527, 41.2678567 ], [ 141.2203827, 41.2680667 ], [ 141.2200127, 41.2685767 ], [ 141.2197027, 41.2689967 ], [ 141.2195427, 41.2691967 ], [ 141.2192627, 41.2695467 ], [ 141.2190527, 41.2698067 ], [ 141.2189127, 41.2699767 ], [ 141.2185927, 41.2703567 ], [ 141.2171528, 41.2720667 ], [ 141.2169128, 41.2723467 ], [ 141.2167728, 41.2725167 ], [ 141.2166128, 41.2726967 ], [ 141.2165428, 41.2727767 ], [ 141.2164328, 41.2728967 ], [ 141.2161228, 41.2732667 ], [ 141.2156628, 41.2737567 ], [ 141.2155328, 41.2739067 ], [ 141.2153328, 41.2741167 ], [ 141.2149128, 41.2745367 ], [ 141.2144528, 41.2749967 ], [ 141.2142228, 41.2752367 ], [ 141.2140328, 41.2754267 ], [ 141.2130928, 41.2763467 ], [ 141.2128828, 41.2765567 ], [ 141.2122828, 41.2771167 ], [ 141.2119128, 41.2774867 ], [ 141.2115628, 41.2778267 ], [ 141.2112828, 41.2780767 ], [ 141.2107028, 41.2786067 ], [ 141.2104128, 41.2788667 ], [ 141.2103428, 41.2789467 ], [ 141.2098428, 41.2794067 ], [ 141.2095628, 41.2796667 ], [ 141.2093428, 41.2798567 ], [ 141.2093228, 41.2798867 ], [ 141.2092828, 41.2799267 ], [ 141.2092928, 41.2800067 ], [ 141.2093328, 41.2801367 ], [ 141.2097128, 41.2811767 ], [ 141.2099728, 41.2819167 ], [ 141.2102128, 41.2826467 ], [ 141.2103128, 41.2829167 ], [ 141.2103728, 41.2830667 ], [ 141.2104228, 41.2832067 ], [ 141.2105628, 41.2835367 ], [ 141.2106428, 41.2837567 ], [ 141.2116528, 41.2842867 ], [ 141.2120128, 41.2844667 ], [ 141.2139728, 41.2855267 ], [ 141.2143928, 41.2857567 ], [ 141.2144428, 41.2857867 ], [ 141.2148528, 41.2860067 ], [ 141.2149128, 41.2860367 ], [ 141.2150628, 41.2861067 ], [ 141.2152528, 41.2862067 ], [ 141.2154328, 41.2863167 ], [ 141.2158228, 41.2865967 ], [ 141.2160128, 41.2867667 ], [ 141.2161128, 41.2868567 ], [ 141.2162328, 41.2869667 ], [ 141.2164828, 41.2872367 ], [ 141.2166728, 41.2874767 ], [ 141.2167328, 41.2875567 ], [ 141.2169028, 41.2877867 ], [ 141.2169827, 41.2879167 ], [ 141.2171727, 41.2881767 ], [ 141.2175427, 41.2887467 ], [ 141.2175727, 41.2887867 ], [ 141.2179927, 41.2893667 ], [ 141.2180227, 41.2894067 ], [ 141.2182227, 41.2896667 ], [ 141.2182627, 41.2897467 ], [ 141.2186427, 41.2902867 ], [ 141.2186827, 41.2903267 ], [ 141.2191827, 41.2910867 ], [ 141.2192127, 41.2911267 ], [ 141.2193527, 41.2913267 ], [ 141.2193827, 41.2913667 ], [ 141.2195727, 41.2916667 ], [ 141.2200427, 41.2923667 ], [ 141.2202527, 41.2926667 ], [ 141.2206227, 41.2932167 ], [ 141.2206527, 41.2934767 ], [ 141.2207827, 41.2939867 ], [ 141.2208227, 41.2941467 ], [ 141.2209827, 41.2947967 ], [ 141.2210827, 41.2953367 ], [ 141.2212327, 41.2960567 ], [ 141.2213327, 41.2966067 ], [ 141.2214127, 41.2969567 ], [ 141.2214227, 41.2970467 ], [ 141.2214427, 41.2971367 ], [ 141.2214727, 41.2973867 ], [ 141.2215427, 41.2978467 ], [ 141.2216227, 41.2982367 ], [ 141.2216327, 41.2982867 ], [ 141.2217527, 41.2989467 ], [ 141.2218827, 41.2996667 ], [ 141.2219627, 41.3000267 ], [ 141.2220527, 41.3005367 ], [ 141.2220527, 41.3006067 ], [ 141.2220327, 41.3008767 ], [ 141.2220227, 41.3009467 ], [ 141.2219827, 41.3011267 ], [ 141.2219227, 41.3013767 ], [ 141.2218527, 41.3015667 ], [ 141.2217627, 41.3019067 ], [ 141.2215827, 41.3023367 ], [ 141.2213227, 41.3028167 ], [ 141.2211727, 41.3030967 ], [ 141.2210827, 41.3032667 ], [ 141.2210527, 41.3033067 ], [ 141.2205427, 41.3040367 ], [ 141.2200927, 41.3048667 ], [ 141.2199527, 41.3051267 ], [ 141.2199327, 41.3051767 ], [ 141.2196027, 41.3057567 ], [ 141.2194027, 41.3061167 ], [ 141.2193827, 41.3061467 ], [ 141.2191827, 41.3065267 ], [ 141.2190427, 41.3067767 ], [ 141.2184227, 41.3078267 ], [ 141.2180227, 41.3082867 ], [ 141.2176027, 41.3086967 ], [ 141.2174327, 41.3088367 ], [ 141.2173127, 41.3089467 ], [ 141.2170627, 41.3091567 ], [ 141.2166727, 41.3095067 ], [ 141.2165127, 41.3096467 ], [ 141.2163027, 41.3098667 ], [ 141.2160527, 41.3102267 ], [ 141.2158227, 41.3105867 ], [ 141.2156627, 41.3109467 ], [ 141.2156227, 41.3111067 ], [ 141.2154427, 41.3117067 ], [ 141.2153827, 41.3120367 ], [ 141.2153827, 41.3129867 ], [ 141.2153827, 41.3134367 ], [ 141.2153927, 41.3140267 ], [ 141.2154227, 41.3143567 ], [ 141.2154627, 41.3149467 ], [ 141.2156027, 41.3160067 ], [ 141.2157227, 41.3167067 ], [ 141.2157227, 41.3167967 ], [ 141.2158927, 41.3176667 ], [ 141.2159527, 41.3178967 ], [ 141.2159927, 41.3181767 ], [ 141.2160627, 41.3185768 ], [ 141.2160927, 41.3186568 ], [ 141.2161427, 41.3188968 ], [ 141.2163627, 41.3198368 ], [ 141.2164227, 41.3201568 ], [ 141.2165127, 41.3208268 ], [ 141.2166027, 41.3220268 ], [ 141.2166327, 41.3224868 ], [ 141.2166727, 41.3228268 ], [ 141.2167527, 41.3236168 ], [ 141.2167927, 41.3240368 ], [ 141.2168327, 41.3243868 ], [ 141.2168827, 41.3249968 ], [ 141.2170327, 41.3255468 ], [ 141.2173327, 41.3263668 ], [ 141.2173927, 41.3265868 ], [ 141.2174027, 41.3267968 ], [ 141.2173927, 41.3269868 ], [ 141.2173427, 41.3271968 ], [ 141.2172527, 41.3274268 ], [ 141.2171127, 41.3276868 ], [ 141.2168027, 41.3280668 ], [ 141.2166727, 41.3281968 ], [ 141.2161327, 41.3286868 ], [ 141.2155127, 41.3293168 ], [ 141.2154027, 41.3294568 ], [ 141.2153127, 41.3295968 ], [ 141.2152227, 41.3299168 ], [ 141.2151527, 41.3303368 ], [ 141.2151227, 41.3312468 ], [ 141.2150927, 41.3314568 ], [ 141.2150327, 41.3316168 ], [ 141.2149227, 41.3318168 ], [ 141.2148027, 41.3320768 ], [ 141.2146927, 41.3323268 ], [ 141.2146327, 41.3325468 ], [ 141.2146027, 41.3326968 ], [ 141.2145727, 41.3329168 ], [ 141.2145627, 41.3333268 ], [ 141.2145627, 41.3334668 ], [ 141.2145527, 41.3338468 ], [ 141.2145527, 41.3343068 ], [ 141.2145127, 41.3347368 ], [ 141.2144227, 41.3350668 ], [ 141.2142827, 41.3356768 ], [ 141.2142127, 41.3359568 ], [ 141.2140727, 41.3365568 ], [ 141.2139927, 41.3368468 ], [ 141.2139627, 41.3369068 ], [ 141.2139427, 41.3376168 ], [ 141.2140527, 41.3393968 ], [ 141.2140827, 41.3395868 ], [ 141.2141527, 41.3397168 ], [ 141.2142527, 41.3398868 ], [ 141.2143227, 41.3399868 ], [ 141.2145627, 41.3404068 ], [ 141.2146727, 41.3406568 ], [ 141.2147327, 41.3407868 ], [ 141.2148027, 41.3410168 ], [ 141.2149127, 41.3414968 ], [ 141.2149527, 41.3416668 ], [ 141.2150027, 41.3418568 ], [ 141.2150227, 41.3420768 ], [ 141.2150427, 41.3423768 ], [ 141.2150426, 41.3425468 ], [ 141.2150226, 41.3428268 ], [ 141.2149726, 41.3430768 ], [ 141.2148926, 41.3433468 ], [ 141.2147626, 41.3437168 ], [ 141.2147226, 41.3438268 ], [ 141.2145926, 41.3439668 ], [ 141.2144526, 41.3440968 ], [ 141.2142526, 41.3442668 ], [ 141.2141027, 41.3443668 ], [ 141.2134327, 41.3448868 ], [ 141.2128727, 41.3453768 ], [ 141.2127927, 41.3454668 ], [ 141.2124627, 41.3458368 ], [ 141.2123127, 41.3460068 ], [ 141.2119927, 41.3464068 ], [ 141.2119327, 41.3465568 ], [ 141.2118927, 41.3466668 ], [ 141.2114627, 41.3482668 ], [ 141.2113727, 41.3485368 ], [ 141.2112527, 41.3488268 ], [ 141.2108927, 41.3491668 ], [ 141.2108527, 41.3491968 ], [ 141.2105127, 41.3495168 ], [ 141.2100627, 41.3499568 ], [ 141.2098927, 41.3501168 ], [ 141.2097727, 41.3502268 ], [ 141.2095827, 41.3503768 ], [ 141.2094627, 41.3504468 ], [ 141.2084127, 41.3512068 ], [ 141.2074927, 41.3518668 ], [ 141.2073027, 41.3520268 ], [ 141.2071527, 41.3521368 ], [ 141.2068127, 41.3523968 ], [ 141.2067027, 41.3525268 ], [ 141.2066827, 41.3526368 ], [ 141.2066727, 41.3530668 ], [ 141.2065927, 41.3533468 ], [ 141.2065027, 41.3535268 ], [ 141.2064427, 41.3536168 ], [ 141.2060527, 41.3542068 ], [ 141.2060027, 41.3542668 ], [ 141.2057327, 41.3546568 ], [ 141.2053727, 41.3551568 ], [ 141.2052127, 41.3553868 ], [ 141.2050727, 41.3555968 ], [ 141.2048827, 41.3558868 ], [ 141.2047027, 41.3562668 ], [ 141.2046527, 41.3565168 ], [ 141.2046827, 41.3567068 ], [ 141.2052027, 41.3583268 ], [ 141.2052527, 41.3584868 ], [ 141.2052927, 41.3587568 ], [ 141.2053027, 41.3599468 ], [ 141.2053127, 41.3602868 ], [ 141.2053727, 41.3604368 ], [ 141.2055726, 41.3607268 ], [ 141.2057526, 41.3610168 ], [ 141.2059226, 41.3612568 ], [ 141.2061626, 41.3616268 ], [ 141.2063726, 41.3619368 ], [ 141.2075226, 41.3636868 ], [ 141.2082826, 41.3648368 ], [ 141.2084226, 41.3650568 ], [ 141.2088826, 41.3657568 ], [ 141.2092926, 41.3664068 ], [ 141.2093826, 41.3665468 ], [ 141.2094126, 41.3666468 ], [ 141.2094526, 41.3668268 ], [ 141.2094426, 41.3668968 ], [ 141.2094726, 41.3695768 ], [ 141.2094726, 41.3708568 ], [ 141.2094126, 41.3711468 ], [ 141.2093826, 41.3712868 ], [ 141.2091026, 41.3716868 ], [ 141.2090626, 41.3717468 ], [ 141.2087926, 41.3720468 ], [ 141.2083326, 41.3723968 ], [ 141.2082426, 41.3724668 ], [ 141.2076726, 41.3728968 ], [ 141.2070426, 41.3733668 ], [ 141.2069326, 41.3734468 ], [ 141.2061526, 41.3740368 ], [ 141.2057826, 41.3742868 ], [ 141.2056726, 41.3743568 ], [ 141.2056326, 41.3743768 ], [ 141.2054326, 41.3745068 ], [ 141.2048726, 41.3748068 ], [ 141.2047626, 41.3748568 ], [ 141.2046926, 41.3748968 ], [ 141.2044626, 41.3749968 ], [ 141.2043626, 41.3750468 ], [ 141.2041226, 41.3751468 ], [ 141.2023926, 41.3758668 ], [ 141.2007926, 41.3765368 ], [ 141.2000026, 41.3768768 ], [ 141.1995826, 41.3770568 ], [ 141.1989626, 41.3773468 ], [ 141.1983326, 41.3776968 ], [ 141.1966226, 41.3787168 ], [ 141.1938827, 41.3803668 ], [ 141.1931027, 41.3808268 ], [ 141.1916927, 41.3816768 ], [ 141.1909327, 41.3821268 ], [ 141.1907427, 41.3822468 ], [ 141.1891027, 41.3832368 ], [ 141.1889627, 41.3833268 ], [ 141.1879027, 41.3840268 ], [ 141.1865827, 41.3849868 ], [ 141.1864427, 41.3850868 ], [ 141.1860327, 41.3854168 ], [ 141.1851427, 41.3861468 ], [ 141.1849027, 41.3863468 ], [ 141.1847527, 41.3864768 ], [ 141.1833327, 41.3877768 ], [ 141.1829127, 41.3881568 ], [ 141.1823727, 41.3886568 ], [ 141.1820127, 41.3889868 ], [ 141.1811427, 41.3897668 ], [ 141.1798827, 41.3909168 ], [ 141.1797127, 41.3910568 ], [ 141.1791527, 41.3915668 ], [ 141.1790527, 41.3916668 ], [ 141.1783627, 41.3922868 ], [ 141.1770327, 41.3934968 ], [ 141.1763927, 41.3940768 ], [ 141.1756027, 41.3947968 ], [ 141.1750027, 41.3953468 ], [ 141.1745027, 41.3957968 ], [ 141.1744127, 41.3958668 ], [ 141.1741127, 41.3960768 ], [ 141.1737527, 41.3962468 ], [ 141.1723027, 41.3967968 ], [ 141.1716727, 41.3970168 ], [ 141.1715827, 41.3970468 ], [ 141.1710827, 41.3972268 ], [ 141.1704327, 41.3974168 ], [ 141.1701727, 41.3974868 ], [ 141.1699527, 41.3975368 ], [ 141.1695627, 41.3976168 ], [ 141.1694527, 41.3976368 ], [ 141.1691427, 41.3976568 ], [ 141.1688327, 41.3976468 ], [ 141.1685027, 41.3976268 ], [ 141.1681127, 41.3975768 ], [ 141.1677327, 41.3974868 ], [ 141.1675427, 41.3974368 ], [ 141.1673927, 41.3973868 ], [ 141.1672727, 41.3973368 ], [ 141.1670827, 41.3972468 ], [ 141.1667927, 41.3970868 ], [ 141.1666727, 41.3969968 ], [ 141.1665127, 41.3968968 ], [ 141.1662827, 41.3966968 ], [ 141.1659227, 41.3963668 ], [ 141.1656827, 41.3961268 ], [ 141.1653427, 41.3958368 ], [ 141.1651227, 41.3956668 ], [ 141.1648127, 41.3954568 ], [ 141.1645727, 41.3953268 ], [ 141.1643327, 41.3952368 ], [ 141.1640527, 41.3951468 ], [ 141.1638227, 41.3950968 ], [ 141.1634427, 41.3950368 ], [ 141.1630527, 41.3950168 ], [ 141.1625227, 41.3950168 ], [ 141.1601527, 41.3952568 ], [ 141.1598327, 41.3952968 ], [ 141.1584127, 41.3954368 ], [ 141.1568327, 41.3955868 ], [ 141.1561727, 41.3956668 ], [ 141.1555627, 41.3957368 ], [ 141.1552628, 41.3957968 ], [ 141.1550528, 41.3958468 ], [ 141.1547928, 41.3959468 ], [ 141.1544928, 41.3960768 ], [ 141.1544328, 41.3961168 ], [ 141.1543028, 41.3961968 ], [ 141.1540728, 41.3963668 ], [ 141.1538028, 41.3965868 ], [ 141.1536928, 41.3967068 ], [ 141.1534228, 41.3970668 ], [ 141.1532828, 41.3972768 ], [ 141.1530228, 41.3976468 ], [ 141.1522728, 41.3988268 ], [ 141.1522028, 41.3989468 ], [ 141.1521228, 41.3991468 ], [ 141.1521128, 41.3991968 ], [ 141.1520628, 41.3993768 ], [ 141.1520328, 41.3996068 ], [ 141.1520028, 41.3998868 ], [ 141.1520228, 41.3999968 ], [ 141.1520428, 41.4002268 ], [ 141.1521128, 41.4004868 ], [ 141.1521928, 41.4006868 ], [ 141.1522728, 41.4008168 ], [ 141.1523828, 41.4010268 ], [ 141.1526328, 41.4013368 ], [ 141.1529028, 41.4015968 ], [ 141.1532928, 41.4018968 ], [ 141.1540427, 41.4024068 ], [ 141.1551927, 41.4031768 ], [ 141.1560327, 41.4037568 ], [ 141.1562427, 41.4039168 ], [ 141.1563827, 41.4040168 ], [ 141.1565727, 41.4042068 ], [ 141.1567727, 41.4044269 ], [ 141.1569527, 41.4047169 ], [ 141.1574427, 41.4059069 ], [ 141.1576027, 41.4062269 ], [ 141.1578027, 41.4064769 ], [ 141.1581727, 41.4068669 ], [ 141.1582127, 41.4068969 ], [ 141.1583627, 41.4070069 ], [ 141.1586727, 41.4072069 ], [ 141.1590927, 41.4074469 ], [ 141.1607327, 41.4083269 ], [ 141.1612027, 41.4085769 ], [ 141.1612927, 41.4086369 ], [ 141.1616327, 41.4089069 ], [ 141.1618627, 41.4091269 ], [ 141.1621027, 41.4094469 ], [ 141.1623227, 41.4097669 ], [ 141.1624627, 41.4100069 ], [ 141.1628327, 41.4107269 ], [ 141.1628627, 41.4108469 ], [ 141.1629027, 41.4110469 ], [ 141.1629027, 41.4112469 ], [ 141.1629127, 41.4115569 ], [ 141.1628827, 41.4117669 ], [ 141.1628127, 41.4119869 ], [ 141.1627727, 41.4121269 ], [ 141.1625542, 41.412425 ], [ 141.1623458, 41.4126542 ], [ 141.1620708, 41.4128792 ], [ 141.1618167, 41.4130375 ], [ 141.1618544, 41.4133849 ], [ 141.1615644, 41.4135849 ], [ 141.1613744, 41.4136849 ], [ 141.1590219, 41.4146317 ], [ 141.1586298, 41.4148381 ], [ 141.1584598, 41.4149581 ], [ 141.1584098, 41.4150181 ], [ 141.1582998, 41.4151481 ], [ 141.1579198, 41.4156981 ], [ 141.1577998, 41.4158481 ], [ 141.1575198, 41.4160481 ], [ 141.1571388, 41.4162849 ], [ 141.1567188, 41.4165949 ], [ 141.1565388, 41.4167449 ], [ 141.1564688, 41.4168249 ], [ 141.1562388, 41.4171249 ], [ 141.1559688, 41.4174349 ], [ 141.1558388, 41.4176049 ], [ 141.1554493, 41.4179471 ], [ 141.1552893, 41.4180471 ], [ 141.1551593, 41.4181271 ], [ 141.1549793, 41.4182371 ], [ 141.1549293, 41.4182671 ], [ 141.1541259, 41.4188467 ], [ 141.1538439, 41.4190874 ], [ 141.1535827, 41.4192669 ], [ 141.1535427, 41.4193069 ], [ 141.1526903, 41.4202264 ], [ 141.1523403, 41.4205564 ], [ 141.1519903, 41.4208564 ], [ 141.1515927, 41.4211669 ], [ 141.1510208, 41.4215875 ], [ 141.1509313, 41.421624 ], [ 141.15086, 41.4216476 ], [ 141.1506404, 41.4216818 ], [ 141.1503923, 41.4216839 ], [ 141.1499623, 41.4216439 ], [ 141.1497623, 41.4216139 ], [ 141.1495338, 41.421577 ], [ 141.1492001, 41.4215 ], [ 141.1489023, 41.4214436 ], [ 141.1487623, 41.4214336 ], [ 141.1486023, 41.4214236 ], [ 141.1483929, 41.4214936 ], [ 141.1479423, 41.421624 ], [ 141.1475458, 41.4217288 ], [ 141.1470023, 41.4219236 ], [ 141.1468124, 41.4220133 ], [ 141.1465191, 41.4222015 ], [ 141.1460313, 41.4226014 ], [ 141.1457775, 41.4227362 ], [ 141.1454233, 41.4227409 ], [ 141.1451633, 41.4227609 ], [ 141.1450933, 41.4227809 ], [ 141.1450633, 41.4228009 ], [ 141.1450433, 41.4228309 ], [ 141.1450233, 41.4228609 ], [ 141.1450133, 41.4229009 ], [ 141.1449684, 41.4229907 ], [ 141.1450416, 41.4231233 ], [ 141.1452037, 41.4231656 ], [ 141.1452937, 41.4231656 ], [ 141.1454537, 41.4231156 ], [ 141.1460828, 41.4228869 ], [ 141.1462028, 41.4228269 ], [ 141.1464532, 41.4226664 ], [ 141.1466032, 41.4225664 ], [ 141.1468432, 41.4224164 ], [ 141.1471661, 41.422217 ], [ 141.1472961, 41.422167 ], [ 141.1474161, 41.422117 ], [ 141.1479247, 41.4220368 ], [ 141.1481413, 41.4220225 ], [ 141.148545, 41.4220618 ], [ 141.1487994, 41.4221259 ], [ 141.1489134, 41.4221865 ], [ 141.1490251, 41.4222489 ], [ 141.1491297, 41.4222988 ], [ 141.1490946, 41.422549 ], [ 141.1484092, 41.4238868 ], [ 141.1481836, 41.4238661 ], [ 141.1479627, 41.4240269 ], [ 141.1475803, 41.4242338 ], [ 141.1474103, 41.4243238 ], [ 141.1472403, 41.4244338 ], [ 141.1470428, 41.4245569 ], [ 141.1470128, 41.4245869 ], [ 141.1469528, 41.4246369 ], [ 141.1468695, 41.4247555 ], [ 141.1469107, 41.424898 ], [ 141.1470406, 41.424955 ], [ 141.1472529, 41.4249613 ], [ 141.1475571, 41.4249518 ], [ 141.1478106, 41.4249803 ], [ 141.1479405, 41.4250056 ], [ 141.1480134, 41.42505 ], [ 141.1480768, 41.4250975 ], [ 141.148118, 41.4251988 ], [ 141.1481465, 41.4253065 ], [ 141.1481338, 41.42543 ], [ 141.1481084, 41.4255914 ], [ 141.1481027, 41.4257369 ], [ 141.1479827, 41.4259469 ], [ 141.1478627, 41.4261569 ], [ 141.1476827, 41.4264169 ], [ 141.1474034, 41.4267219 ], [ 141.1471879, 41.4268992 ], [ 141.1469598, 41.4271082 ], [ 141.1465478, 41.4274692 ], [ 141.1462436, 41.4277162 ], [ 141.1460535, 41.4279125 ], [ 141.1459014, 41.4282102 ], [ 141.1458634, 41.4285015 ], [ 141.1458727, 41.4287369 ], [ 141.1458427, 41.4290569 ], [ 141.1458627, 41.4291969 ], [ 141.1458627, 41.4292869 ], [ 141.1458027, 41.4296069 ], [ 141.1457727, 41.4296769 ], [ 141.1456627, 41.4299069 ], [ 141.1454827, 41.4301069 ], [ 141.1452627, 41.4303069 ], [ 141.1449528, 41.4304769 ], [ 141.1447828, 41.4305569 ], [ 141.1444328, 41.4306369 ], [ 141.1441328, 41.4306769 ], [ 141.1438628, 41.4306769 ], [ 141.1435828, 41.4306469 ], [ 141.1433028, 41.4305769 ], [ 141.1424928, 41.4303869 ], [ 141.1422728, 41.4303369 ], [ 141.1415028, 41.4301469 ], [ 141.1410328, 41.4300269 ], [ 141.1407828, 41.4299969 ], [ 141.1402628, 41.4299869 ], [ 141.1398828, 41.4299969 ], [ 141.1396028, 41.4300669 ], [ 141.1392928, 41.4301969 ], [ 141.1390728, 41.4303069 ], [ 141.1388528, 41.4304269 ], [ 141.1386828, 41.4305069 ], [ 141.1385628, 41.4305469 ], [ 141.1384728, 41.4305669 ], [ 141.1383028, 41.4305769 ], [ 141.1379068, 41.4306003 ], [ 141.1370628, 41.4305969 ], [ 141.1365128, 41.4306269 ], [ 141.1364328, 41.4306369 ], [ 141.1363428, 41.4306769 ], [ 141.1362428, 41.4307369 ], [ 141.1362028, 41.4307769 ], [ 141.1361928, 41.4308269 ], [ 141.1361928, 41.4308869 ], [ 141.1362128, 41.4309769 ], [ 141.1362428, 41.4310169 ], [ 141.1363328, 41.4310769 ], [ 141.1364728, 41.4310969 ], [ 141.1365828, 41.4311069 ], [ 141.1367128, 41.4311069 ], [ 141.1368928, 41.4311269 ], [ 141.1370028, 41.4311569 ], [ 141.1371132, 41.4311998 ], [ 141.1372128, 41.4312369 ], [ 141.1373828, 41.4313369 ], [ 141.1374728, 41.4314369 ], [ 141.1376128, 41.4317269 ], [ 141.1376228, 41.4318369 ], [ 141.1376128, 41.4318769 ], [ 141.1375928, 41.4319469 ], [ 141.1374128, 41.4322569 ], [ 141.1373028, 41.4324369 ], [ 141.1371428, 41.4326469 ], [ 141.1370528, 41.4327169 ], [ 141.1370128, 41.4327369 ], [ 141.1368528, 41.4327769 ], [ 141.1365028, 41.4327969 ], [ 141.1364028, 41.4328069 ], [ 141.1363728, 41.4328169 ], [ 141.1362228, 41.4328869 ], [ 141.1361228, 41.4329469 ], [ 141.1359828, 41.4330069 ], [ 141.1358628, 41.4330469 ], [ 141.1357528, 41.4330669 ], [ 141.1355628, 41.4330769 ], [ 141.1347128, 41.4331169 ], [ 141.1343528, 41.4331369 ], [ 141.1341628, 41.4331469 ], [ 141.1334728, 41.4331869 ], [ 141.1325428, 41.4332469 ], [ 141.1324328, 41.4332769 ], [ 141.1322628, 41.4333269 ], [ 141.1322128, 41.4333469 ], [ 141.1321828, 41.4333769 ], [ 141.1321728, 41.4334169 ], [ 141.1321628, 41.4334569 ], [ 141.1321628, 41.4335069 ], [ 141.1321728, 41.4335469 ], [ 141.1322128, 41.4335969 ], [ 141.1322728, 41.4336369 ], [ 141.1323128, 41.4336469 ], [ 141.1324028, 41.4336769 ], [ 141.1326128, 41.4336969 ], [ 141.1333428, 41.4337269 ], [ 141.1335028, 41.4337269 ], [ 141.1337028, 41.4337669 ], [ 141.1338628, 41.4338069 ], [ 141.1340428, 41.4338869 ], [ 141.1341328, 41.4339269 ], [ 141.1342028, 41.4339569 ], [ 141.1342428, 41.4339969 ], [ 141.1342628, 41.434017 ], [ 141.1342728, 41.434097 ], [ 141.1342728, 41.434147 ], [ 141.1342728, 41.434227 ], [ 141.1342728, 41.434277 ], [ 141.1342528, 41.434317 ], [ 141.1342228, 41.434357 ], [ 141.1341828, 41.434387 ], [ 141.1341528, 41.434397 ], [ 141.1341028, 41.434417 ], [ 141.1340428, 41.434437 ], [ 141.1333328, 41.434447 ], [ 141.1331328, 41.434447 ], [ 141.1329728, 41.434467 ], [ 141.1329228, 41.434487 ], [ 141.1328828, 41.434527 ], [ 141.1328528, 41.434567 ], [ 141.1328328, 41.434677 ], [ 141.1328328, 41.434717 ], [ 141.1328328, 41.434837 ], [ 141.1328528, 41.434917 ], [ 141.1329328, 41.435057 ], [ 141.1329928, 41.435137 ], [ 141.1330328, 41.435217 ], [ 141.1330428, 41.435287 ], [ 141.1330528, 41.435377 ], [ 141.1330228, 41.435467 ], [ 141.1329428, 41.435647 ], [ 141.1329128, 41.435707 ], [ 141.1327228, 41.436057 ], [ 141.1326728, 41.436167 ], [ 141.1326228, 41.436387 ], [ 141.1326228, 41.436587 ], [ 141.1325828, 41.436767 ], [ 141.1320728, 41.437567 ], [ 141.1316328, 41.438297 ], [ 141.1313628, 41.438677 ], [ 141.1313028, 41.438727 ], [ 141.1311828, 41.438787 ], [ 141.1311028, 41.438837 ], [ 141.1310528, 41.438887 ], [ 141.1310228, 41.438927 ], [ 141.1309728, 41.439007 ], [ 141.1308828, 41.439177 ], [ 141.1308128, 41.439257 ], [ 141.1302728, 41.439787 ], [ 141.1301128, 41.439967 ], [ 141.1299428, 41.440127 ], [ 141.1298428, 41.440227 ], [ 141.1296428, 41.440447 ], [ 141.1295028, 41.440577 ], [ 141.1293428, 41.440677 ], [ 141.1292028, 41.440747 ], [ 141.1289128, 41.440877 ], [ 141.1286028, 41.441007 ], [ 141.1283728, 41.441107 ], [ 141.1282928, 41.441147 ], [ 141.1280228, 41.441277 ], [ 141.1276628, 41.441447 ], [ 141.1271928, 41.441687 ], [ 141.1269628, 41.441817 ], [ 141.1264128, 41.442357 ], [ 141.1260528, 41.442707 ], [ 141.1250028, 41.443777 ], [ 141.1239028, 41.444907 ], [ 141.1236528, 41.445167 ], [ 141.1234628, 41.445367 ], [ 141.1231928, 41.445617 ], [ 141.1228028, 41.445997 ], [ 141.1223728, 41.446437 ], [ 141.1220928, 41.446737 ], [ 141.1214228, 41.447397 ], [ 141.1208528, 41.447977 ], [ 141.1207428, 41.448097 ], [ 141.1204328, 41.448497 ], [ 141.1197328, 41.449407 ], [ 141.1194128, 41.449937 ], [ 141.1193928, 41.449997 ], [ 141.1193028, 41.450287 ], [ 141.1192828, 41.450387 ], [ 141.1192628, 41.450687 ], [ 141.1192728, 41.450997 ], [ 141.1192828, 41.451247 ], [ 141.1193128, 41.451737 ], [ 141.1193428, 41.452197 ], [ 141.1193328, 41.452347 ], [ 141.1192328, 41.452787 ], [ 141.1191628, 41.452987 ], [ 141.1190628, 41.453127 ], [ 141.1186328, 41.453617 ], [ 141.1178728, 41.454087 ], [ 141.1177628, 41.454157 ], [ 141.1174728, 41.454327 ], [ 141.1173528, 41.454407 ], [ 141.1169528, 41.454617 ], [ 141.1166528, 41.454787 ], [ 141.1161028, 41.455097 ], [ 141.1155328, 41.455427 ], [ 141.1154828, 41.455457 ], [ 141.1153028, 41.455547 ], [ 141.1151928, 41.455617 ], [ 141.1143628, 41.456137 ], [ 141.1139728, 41.456367 ], [ 141.1136728, 41.456597 ], [ 141.1133528, 41.456857 ], [ 141.1131328, 41.457077 ], [ 141.1129728, 41.457247 ], [ 141.1125828, 41.457687 ], [ 141.1123228, 41.457957 ], [ 141.1121428, 41.458157 ], [ 141.1119928, 41.458327 ], [ 141.1116428, 41.458727 ], [ 141.1115728, 41.458807 ], [ 141.1112128, 41.459237 ], [ 141.1104928, 41.4600871 ], [ 141.1101728, 41.4604571 ], [ 141.1099128, 41.4608471 ], [ 141.1095528, 41.4612971 ], [ 141.1091728, 41.4617871 ], [ 141.1090028, 41.4620071 ], [ 141.1085028, 41.4626371 ], [ 141.1083328, 41.4627671 ], [ 141.1080428, 41.4629371 ], [ 141.1078428, 41.4630371 ], [ 141.1073628, 41.4632971 ], [ 141.1072128, 41.4634071 ], [ 141.1069728, 41.4636571 ], [ 141.1065828, 41.4640271 ], [ 141.1063828, 41.4642071 ], [ 141.1060528, 41.4645571 ], [ 141.1058528, 41.4647071 ], [ 141.1053228, 41.4649471 ], [ 141.1050628, 41.4650171 ], [ 141.1047928, 41.4650871 ], [ 141.1045828, 41.4651271 ], [ 141.1044928, 41.4651271 ], [ 141.1038828, 41.4650371 ], [ 141.1037928, 41.4650271 ], [ 141.1031828, 41.4650371 ], [ 141.1027328, 41.4650571 ], [ 141.1019928, 41.4650971 ], [ 141.1018428, 41.4651271 ], [ 141.1017128, 41.4651771 ], [ 141.1015328, 41.4652471 ], [ 141.1009128, 41.4654871 ], [ 141.1003228, 41.4657071 ], [ 141.1002128, 41.4657571 ], [ 141.0999928, 41.4658371 ], [ 141.0997028, 41.4659571 ], [ 141.0995628, 41.4659971 ], [ 141.0994128, 41.4660671 ], [ 141.0990928, 41.4661771 ], [ 141.0987928, 41.4662771 ], [ 141.0984828, 41.4664071 ], [ 141.0982228, 41.4665371 ], [ 141.0979828, 41.4666671 ], [ 141.0978428, 41.4667371 ], [ 141.0976728, 41.4668271 ], [ 141.0974228, 41.4669171 ], [ 141.0971428, 41.4670071 ], [ 141.0970728, 41.4670271 ], [ 141.0969529, 41.4670571 ], [ 141.0965129, 41.4671171 ], [ 141.0962929, 41.4671171 ], [ 141.0961229, 41.4671071 ], [ 141.0958829, 41.4670971 ], [ 141.0956929, 41.4670771 ], [ 141.0953429, 41.4670771 ], [ 141.0950529, 41.4671071 ], [ 141.0948429, 41.4671571 ], [ 141.0945129, 41.4672471 ], [ 141.0941729, 41.4673671 ], [ 141.0935129, 41.4676271 ], [ 141.0934429, 41.4676571 ], [ 141.0930229, 41.4677871 ], [ 141.0921929, 41.4680371 ], [ 141.0919229, 41.4681371 ], [ 141.0916229, 41.4682771 ], [ 141.0912229, 41.4684971 ], [ 141.0910129, 41.4686371 ], [ 141.0908329, 41.4687871 ], [ 141.0906729, 41.4689071 ], [ 141.0903929, 41.4690071 ], [ 141.0899429, 41.4691371 ], [ 141.0893829, 41.4692071 ], [ 141.0889729, 41.469367 ], [ 141.0885629, 41.469557 ], [ 141.0882829, 41.469827 ], [ 141.0881929, 41.469967 ], [ 141.0881129, 41.470177 ], [ 141.0880529, 41.470277 ], [ 141.0877829, 41.470597 ], [ 141.0876329, 41.470687 ], [ 141.0873929, 41.470817 ], [ 141.0872329, 41.470857 ], [ 141.0868929, 41.470937 ], [ 141.0868329, 41.470967 ], [ 141.0863929, 41.471137 ], [ 141.0861829, 41.471247 ], [ 141.0859929, 41.471397 ], [ 141.0859629, 41.471467 ], [ 141.0858629, 41.471667 ], [ 141.0858329, 41.471747 ], [ 141.0857529, 41.471977 ], [ 141.0856829, 41.472087 ], [ 141.0855429, 41.472217 ], [ 141.0853829, 41.472297 ], [ 141.0851529, 41.472347 ], [ 141.0849329, 41.472397 ], [ 141.0840029, 41.472377 ], [ 141.0836429, 41.472467 ], [ 141.0834929, 41.472527 ], [ 141.0832629, 41.472607 ], [ 141.0825629, 41.472987 ], [ 141.0816329, 41.473187 ], [ 141.0811429, 41.473317 ], [ 141.0808329, 41.473417 ], [ 141.0804229, 41.473647 ], [ 141.0801329, 41.473827 ], [ 141.0798329, 41.473997 ], [ 141.0794229, 41.474187 ], [ 141.0789929, 41.474387 ], [ 141.0784029, 41.474737 ], [ 141.0781429, 41.474897 ], [ 141.0779629, 41.474997 ], [ 141.0777629, 41.475107 ], [ 141.0775829, 41.475217 ], [ 141.0773729, 41.475307 ], [ 141.0771929, 41.475357 ], [ 141.0770129, 41.475397 ], [ 141.0765429, 41.475557 ], [ 141.0758829, 41.475767 ], [ 141.0754229, 41.475907 ], [ 141.0750529, 41.476037 ], [ 141.0749429, 41.476077 ], [ 141.0747529, 41.476167 ], [ 141.0742529, 41.476407 ], [ 141.0730129, 41.477007 ], [ 141.0725229, 41.477257 ], [ 141.072013, 41.477517 ], [ 141.071523, 41.477777 ], [ 141.071273, 41.477897 ], [ 141.070503, 41.478267 ], [ 141.070363, 41.478357 ], [ 141.070133, 41.478527 ], [ 141.070013, 41.478677 ], [ 141.069923, 41.478837 ], [ 141.069793, 41.479157 ], [ 141.069753, 41.479397 ], [ 141.069703, 41.479577 ], [ 141.069633, 41.479897 ], [ 141.069553, 41.480537 ], [ 141.069453, 41.480767 ], [ 141.069283, 41.480967 ], [ 141.068803, 41.481227 ], [ 141.068463, 41.481417 ], [ 141.067093, 41.481717 ], [ 141.066503, 41.481857 ], [ 141.066113, 41.481947 ], [ 141.065673, 41.482027 ], [ 141.063883, 41.482197 ], [ 141.063603, 41.482217 ], [ 141.063113, 41.482297 ], [ 141.062163, 41.482397 ], [ 141.061443, 41.482457 ], [ 141.060603, 41.482547 ], [ 141.060413, 41.482567 ], [ 141.059573, 41.482647 ], [ 141.059183, 41.482687 ], [ 141.058443, 41.482727 ], [ 141.058333, 41.482737 ], [ 141.058143, 41.482747 ], [ 141.056783, 41.482767 ], [ 141.056103, 41.482757 ], [ 141.055533, 41.482747 ], [ 141.054273, 41.482747 ], [ 141.053093, 41.482747 ], [ 141.052193, 41.482757 ], [ 141.050253, 41.482717 ], [ 141.050003, 41.482727 ], [ 141.049933, 41.482727 ], [ 141.049253, 41.482837 ], [ 141.048333, 41.483027 ], [ 141.047283, 41.483217 ], [ 141.047053, 41.483237 ], [ 141.046833, 41.483237 ], [ 141.046633, 41.483197 ], [ 141.046553, 41.483177 ], [ 141.044783, 41.482817 ], [ 141.044363, 41.482737 ], [ 141.044233, 41.482717 ], [ 141.044023, 41.482667 ], [ 141.043463, 41.482557 ], [ 141.043343, 41.482537 ], [ 141.043053, 41.482477 ], [ 141.042583, 41.482467 ], [ 141.041983, 41.482467 ], [ 141.041793, 41.482467 ], [ 141.041673, 41.482457 ], [ 141.041213, 41.482447 ], [ 141.040793, 41.482447 ], [ 141.039933, 41.482507 ], [ 141.039613, 41.482537 ], [ 141.039323, 41.482567 ], [ 141.038943, 41.482567 ], [ 141.038683, 41.482557 ], [ 141.038203, 41.482537 ], [ 141.037753, 41.482517 ], [ 141.037313, 41.482497 ], [ 141.037223, 41.482497 ], [ 141.036693, 41.482487 ], [ 141.036053, 41.482437 ], [ 141.0354231, 41.482387 ], [ 141.0350831, 41.4823469 ], [ 141.0344531, 41.4822569 ], [ 141.0343631, 41.4822569 ], [ 141.0340231, 41.4823069 ], [ 141.0331231, 41.4825169 ], [ 141.0323231, 41.4826569 ], [ 141.0320831, 41.4826869 ], [ 141.0316931, 41.4826769 ], [ 141.0312331, 41.4826769 ], [ 141.0303131, 41.4826169 ], [ 141.0295731, 41.4825969 ], [ 141.0292431, 41.4826069 ], [ 141.0286431, 41.4827069 ], [ 141.0275031, 41.4828569 ], [ 141.0271031, 41.4829369 ], [ 141.0269331, 41.4829869 ], [ 141.0267731, 41.4830769 ], [ 141.0265731, 41.4831669 ], [ 141.0263731, 41.4832269 ], [ 141.0254931, 41.4832869 ], [ 141.0253131, 41.4832869 ], [ 141.0249131, 41.4832369 ], [ 141.0244631, 41.4831869 ], [ 141.0240631, 41.4831269 ], [ 141.0234331, 41.4830369 ], [ 141.0220231, 41.4828569 ], [ 141.0217731, 41.4828369 ], [ 141.0216331, 41.4828369 ], [ 141.0215731, 41.4828369 ], [ 141.0213531, 41.4828369 ], [ 141.0207831, 41.4828869 ], [ 141.0200031, 41.4829369 ], [ 141.0197831, 41.4829969 ], [ 141.0195531, 41.4830769 ], [ 141.0188131, 41.4833269 ], [ 141.0182231, 41.4835369 ], [ 141.0179331, 41.4836069 ], [ 141.0176531, 41.4836269 ], [ 141.0174431, 41.4835969 ], [ 141.0166731, 41.4834169 ], [ 141.0164531, 41.4833669 ], [ 141.0162131, 41.4833269 ], [ 141.0161731, 41.4833269 ], [ 141.0160531, 41.4833369 ], [ 141.0159931, 41.4833369 ], [ 141.0158631, 41.4833769 ], [ 141.0157131, 41.4834269 ], [ 141.0152631, 41.4837369 ], [ 141.0149631, 41.4839069 ], [ 141.0148331, 41.4839569 ], [ 141.0140131, 41.4841469 ], [ 141.0132331, 41.4842569 ], [ 141.0128131, 41.4842869 ], [ 141.0124231, 41.4843369 ], [ 141.0120431, 41.4844169 ], [ 141.0118731, 41.4845069 ], [ 141.0116131, 41.4846669 ], [ 141.0108531, 41.4849869 ], [ 141.0106331, 41.4850769 ], [ 141.0104331, 41.4851269 ], [ 141.0101731, 41.4851569 ], [ 141.0097831, 41.4851669 ], [ 141.0094831, 41.4851669 ], [ 141.0092031, 41.4852069 ], [ 141.0089131, 41.4852369 ], [ 141.0087031, 41.4852469 ], [ 141.0083131, 41.4852469 ], [ 141.0081231, 41.4852369 ], [ 141.0078331, 41.4852569 ], [ 141.0071731, 41.4852569 ], [ 141.0062631, 41.4852669 ], [ 141.0052431, 41.4852869 ], [ 141.0043431, 41.4852869 ], [ 141.0029431, 41.4852569 ], [ 141.0027531, 41.4852669 ], [ 141.0024131, 41.4853069 ], [ 141.0022431, 41.4853469 ], [ 141.0020131, 41.4854269 ], [ 141.0018131, 41.4855269 ], [ 141.0011731, 41.4858169 ], [ 141.0008731, 41.4859369 ], [ 141.0004831, 41.4861169 ], [ 141.0000431, 41.4863169 ], [ 140.9998431, 41.4864369 ], [ 140.9995731, 41.4865769 ], [ 140.9993631, 41.4866969 ], [ 140.9990231, 41.4868869 ], [ 140.9978931, 41.4875669 ], [ 140.9977131, 41.4876569 ], [ 140.9974631, 41.4877369 ], [ 140.9968992, 41.4878194 ], [ 140.9966792, 41.4878894 ], [ 140.9962892, 41.4880294 ], [ 140.9961468, 41.4881107 ], [ 140.9960092, 41.4881894 ], [ 140.9957992, 41.4883294 ], [ 140.9954431, 41.4887069 ], [ 140.9951331, 41.4890069 ], [ 140.9948531, 41.4893469 ], [ 140.9944131, 41.4898769 ], [ 140.9942031, 41.4901269 ], [ 140.9939231, 41.4905869 ], [ 140.9936831, 41.4907969 ], [ 140.9935131, 41.4909369 ], [ 140.9933331, 41.4910369 ], [ 140.9930531, 41.4912069 ], [ 140.9927631, 41.4913669 ], [ 140.9919831, 41.4916569 ], [ 140.9916731, 41.4917569 ], [ 140.9911831, 41.4919069 ], [ 140.9910531, 41.4919569 ], [ 140.9908431, 41.4920069 ], [ 140.9906231, 41.4920369 ], [ 140.9904431, 41.4920769 ], [ 140.9897531, 41.4922069 ], [ 140.9895331, 41.4922669 ], [ 140.9889631, 41.4924469 ], [ 140.9886531, 41.4925569 ], [ 140.9884931, 41.4926169 ], [ 140.9883831, 41.4926569 ], [ 140.9880931, 41.4927569 ], [ 140.9878731, 41.4928369 ], [ 140.9873131, 41.4930469 ], [ 140.9868331, 41.4931869 ], [ 140.9864431, 41.4932869 ], [ 140.9858031, 41.4934569 ], [ 140.9843731, 41.4938469 ], [ 140.9838931, 41.4940069 ], [ 140.9835131, 41.4941469 ], [ 140.9833331, 41.4942369 ], [ 140.9829731, 41.4944069 ], [ 140.9829231, 41.4944269 ], [ 140.9827931, 41.4944969 ], [ 140.9827131, 41.4945469 ], [ 140.9822631, 41.4947469 ], [ 140.9816531, 41.4949469 ], [ 140.9815331, 41.4949769 ], [ 140.9811931, 41.4950869 ], [ 140.9810031, 41.4951369 ], [ 140.9807331, 41.4952169 ], [ 140.9804931, 41.4952969 ], [ 140.9804231, 41.4953269 ], [ 140.9803331, 41.4953469 ], [ 140.9801731, 41.4953969 ], [ 140.9799231, 41.4954769 ], [ 140.9798131, 41.4955169 ], [ 140.9797731, 41.4955369 ], [ 140.9797031, 41.4955669 ], [ 140.9796431, 41.4955969 ], [ 140.9794431, 41.4957069 ], [ 140.9792631, 41.4957969 ], [ 140.9787131, 41.4961069 ], [ 140.9773331, 41.4969469 ], [ 140.9772231, 41.4969969 ], [ 140.9770631, 41.4971269 ], [ 140.9765531, 41.4974569 ], [ 140.9763331, 41.4975969 ], [ 140.9761631, 41.4977169 ], [ 140.9758231, 41.4979269 ], [ 140.9756331, 41.4980369 ], [ 140.9754231, 41.4981369 ], [ 140.9751131, 41.4982569 ], [ 140.9748431, 41.4983169 ], [ 140.9743931, 41.4983869 ], [ 140.9738331, 41.4984569 ], [ 140.9734831, 41.4985769 ], [ 140.9731931, 41.4987369 ], [ 140.9730131, 41.4988369 ], [ 140.9728831, 41.4989369 ], [ 140.9726531, 41.4991169 ], [ 140.9724831, 41.4992669 ], [ 140.9723131, 41.4994569 ], [ 140.9721231, 41.4997269 ], [ 140.9719531, 41.4999969 ], [ 140.9718831, 41.5001269 ], [ 140.9711631, 41.5010669 ], [ 140.9708831, 41.5014469 ], [ 140.9706531, 41.5017369 ], [ 140.9704131, 41.5020169 ], [ 140.9701531, 41.5023269 ], [ 140.9699231, 41.5025969 ], [ 140.969683, 41.5028469 ], [ 140.968973, 41.5034069 ], [ 140.968643, 41.5036769 ], [ 140.968423, 41.5038769 ], [ 140.968233, 41.5040269 ], [ 140.968043, 41.5042769 ], [ 140.968003, 41.5043969 ], [ 140.967993, 41.5045469 ], [ 140.967993, 41.5045969 ], [ 140.967993, 41.5048169 ], [ 140.968023, 41.5049769 ], [ 140.968033, 41.5051169 ], [ 140.968013, 41.5054169 ], [ 140.968003, 41.5055069 ], [ 140.967983, 41.5055669 ], [ 140.967933, 41.5056669 ], [ 140.967853, 41.5057769 ], [ 140.967603, 41.5060669 ], [ 140.967413, 41.5062969 ], [ 140.967253, 41.5064769 ], [ 140.967213, 41.5065069 ], [ 140.967073, 41.5065769 ], [ 140.966583, 41.5067969 ], [ 140.966433, 41.5068769 ], [ 140.966223, 41.5069769 ], [ 140.965953, 41.5070869 ], [ 140.965573, 41.5072769 ], [ 140.965523, 41.5072969 ], [ 140.965283, 41.5074169 ], [ 140.964813, 41.5076369 ], [ 140.964693, 41.5077169 ], [ 140.964563, 41.5078269 ], [ 140.964483, 41.5079269 ], [ 140.964363, 41.5082069 ], [ 140.964283, 41.5083869 ], [ 140.964073, 41.5086969 ], [ 140.963483, 41.5094469 ], [ 140.963323, 41.509637 ], [ 140.962993, 41.509957 ], [ 140.962913, 41.510077 ], [ 140.962833, 41.510297 ], [ 140.962783, 41.510557 ], [ 140.962693, 41.510927 ], [ 140.962723, 41.511247 ], [ 140.962943, 41.512427 ], [ 140.963023, 41.512857 ], [ 140.963103, 41.513197 ], [ 140.963103, 41.513367 ], [ 140.963073, 41.513457 ], [ 140.963023, 41.513567 ], [ 140.963003, 41.513597 ], [ 140.962903, 41.513727 ], [ 140.962693, 41.513887 ], [ 140.962463, 41.514017 ], [ 140.962283, 41.514077 ], [ 140.961913, 41.514177 ], [ 140.961673, 41.514237 ], [ 140.960993, 41.514337 ], [ 140.960783, 41.514367 ], [ 140.960633, 41.514427 ], [ 140.960073, 41.514627 ], [ 140.959523, 41.514857 ], [ 140.958633, 41.515227 ], [ 140.958033, 41.515467 ], [ 140.957963, 41.515487 ], [ 140.957673, 41.515577 ], [ 140.957423, 41.515687 ], [ 140.957213, 41.515797 ], [ 140.957023, 41.515977 ], [ 140.956773, 41.516257 ], [ 140.956393, 41.516667 ], [ 140.955923, 41.517197 ], [ 140.955783, 41.517337 ], [ 140.954903, 41.518227 ], [ 140.954363, 41.518837 ], [ 140.954203, 41.519037 ], [ 140.954143, 41.519137 ], [ 140.953823, 41.519477 ], [ 140.953133, 41.520187 ], [ 140.952923, 41.520397 ], [ 140.952763, 41.520557 ], [ 140.952423, 41.520927 ], [ 140.952183, 41.521157 ], [ 140.951873, 41.521457 ], [ 140.951363, 41.521857 ], [ 140.951173, 41.521977 ], [ 140.950973, 41.522087 ], [ 140.950673, 41.522217 ], [ 140.950413, 41.522297 ], [ 140.950213, 41.522337 ], [ 140.950003, 41.5223036 ], [ 140.949863, 41.5223036 ], [ 140.949763, 41.5223136 ], [ 140.949333, 41.5223036 ], [ 140.949133, 41.5222736 ], [ 140.948953, 41.5222536 ], [ 140.948573, 41.5221836 ], [ 140.948363, 41.5221536 ], [ 140.947593, 41.522097 ], [ 140.947503, 41.522087 ], [ 140.947223, 41.522087 ], [ 140.946953, 41.522107 ], [ 140.946463, 41.522157 ], [ 140.946063, 41.522207 ], [ 140.945543, 41.522277 ], [ 140.945173, 41.522327 ], [ 140.944873, 41.522377 ], [ 140.944543, 41.522407 ], [ 140.944443, 41.522427 ], [ 140.944043, 41.522547 ], [ 140.943803, 41.522667 ], [ 140.943593, 41.522807 ], [ 140.943313, 41.523047 ], [ 140.943183, 41.523207 ], [ 140.943043, 41.523407 ], [ 140.942893, 41.523677 ], [ 140.942713, 41.524027 ], [ 140.942633, 41.524167 ], [ 140.942403, 41.524537 ], [ 140.942283, 41.524687 ], [ 140.942123, 41.524857 ], [ 140.941833, 41.525087 ], [ 140.941503, 41.525307 ], [ 140.941073, 41.525547 ], [ 140.940743, 41.525697 ], [ 140.940403, 41.525837 ], [ 140.939883, 41.526057 ], [ 140.937903, 41.526927 ], [ 140.937703, 41.527007 ], [ 140.937443, 41.527067 ], [ 140.937053, 41.527127 ], [ 140.936213, 41.527227 ], [ 140.935173, 41.527337 ], [ 140.934993, 41.527357 ], [ 140.933753, 41.527487 ], [ 140.933223, 41.527507 ], [ 140.932953, 41.527487 ], [ 140.932643, 41.527427 ], [ 140.932463, 41.527387 ], [ 140.931753, 41.527237 ], [ 140.9316953, 41.5272177 ], [ 140.931633, 41.527197 ], [ 140.930453, 41.526717 ], [ 140.928013, 41.525627 ], [ 140.927413, 41.525407 ], [ 140.926923, 41.525257 ], [ 140.926603, 41.525167 ], [ 140.926283, 41.525077 ], [ 140.925913, 41.525017 ], [ 140.925543, 41.524987 ], [ 140.925003, 41.524977 ], [ 140.923853, 41.524997 ], [ 140.923313, 41.525007 ], [ 140.920913, 41.525077 ], [ 140.918153, 41.525117 ], [ 140.917723, 41.525117 ], [ 140.917063, 41.525127 ], [ 140.916823, 41.525137 ], [ 140.916673, 41.525137 ], [ 140.916033, 41.525157 ], [ 140.915493, 41.525177 ], [ 140.914683, 41.525197 ], [ 140.913113, 41.525257 ], [ 140.912683, 41.525247 ], [ 140.912333, 41.525217 ], [ 140.911833, 41.525147 ], [ 140.911463, 41.525077 ], [ 140.911133, 41.524997 ], [ 140.910663, 41.524877 ], [ 140.910123, 41.524707 ], [ 140.909913, 41.524637 ], [ 140.909623, 41.524517 ], [ 140.909463, 41.524457 ], [ 140.909013, 41.524287 ], [ 140.908693, 41.524147 ], [ 140.908583, 41.524097 ], [ 140.908243, 41.523957 ], [ 140.907273, 41.523537 ], [ 140.906673, 41.523307 ], [ 140.906263, 41.523167 ], [ 140.906083, 41.523117 ], [ 140.905653, 41.523007 ], [ 140.905533, 41.522977 ], [ 140.905363, 41.522947 ], [ 140.904833, 41.522887 ], [ 140.904563, 41.522897 ], [ 140.904173, 41.522947 ], [ 140.903903, 41.523007 ], [ 140.903633, 41.523097 ], [ 140.903373, 41.523197 ], [ 140.903153, 41.523297 ], [ 140.902883, 41.523437 ], [ 140.902503, 41.523657 ], [ 140.902083, 41.523967 ], [ 140.901993, 41.524027 ], [ 140.901573, 41.524347 ], [ 140.9023776, 41.5249965 ], [ 140.9029946, 41.5255193 ], [ 140.9033226, 41.5258254 ], [ 140.9036292, 41.5261012 ], [ 140.9034034, 41.5262133 ], [ 140.9032489, 41.5263361 ], [ 140.9036934, 41.5267133 ], [ 140.9037789, 41.5267898 ], [ 140.9037219, 41.5268539 ], [ 140.9036886, 41.526925 ], [ 140.9036672, 41.5270087 ], [ 140.9036767, 41.5270727 ], [ 140.9037742, 41.527151 ], [ 140.903931, 41.5272524 ], [ 140.9042163, 41.527409 ], [ 140.9045918, 41.527587 ], [ 140.9049768, 41.5277578 ], [ 140.9054356, 41.5279695 ], [ 140.9053904, 41.5280709 ], [ 140.9051622, 41.5283539 ], [ 140.9048699, 41.5287044 ], [ 140.9042852, 41.5293912 ] ] } },
{ "type": "Feature", "properties": { "N12_001": "02", "N12_002": 1, "N12_003": 3, "N12_004": "一般国道279号", "N12_005": 12, "N12_006": 2 }, "geometry": { "type": "LineString", "coordinates": [ [ 141.126744, 40.8418854 ], [ 141.126374, 40.8419054 ], [ 141.126024, 40.8418954 ], [ 141.125524, 40.8418454 ], [ 141.125114, 40.8416954 ], [ 141.124764, 40.8414754 ], [ 141.124504, 40.8412254 ], [ 141.124294, 40.8409554 ], [ 141.124214, 40.8406954 ], [ 141.124224, 40.8403654 ], [ 141.124324, 40.8400054 ], [ 141.124484, 40.8396354 ], [ 141.124644, 40.8393454 ], [ 141.1248209, 40.8391984 ], [ 141.1250047, 40.8391477 ], [ 141.1252223, 40.8391541 ], [ 141.1255423, 40.8391941 ], [ 141.1258223, 40.8393141 ], [ 141.1266923, 40.8397341 ], [ 141.1269223, 40.8398441 ], [ 141.1275904, 40.8402307 ], [ 141.1285423, 40.8407541 ], [ 141.1295923, 40.8413441 ], [ 141.1301523, 40.8417041 ], [ 141.1309623, 40.8422841 ], [ 141.1316423, 40.8428641 ], [ 141.1321172, 40.8434281 ], [ 141.1324972, 40.8440481 ], [ 141.1327272, 40.8445681 ], [ 141.1329372, 40.8451781 ], [ 141.1330072, 40.8456781 ], [ 141.1330472, 40.8460881 ], [ 141.1330272, 40.8466581 ], [ 141.1329972, 40.8471881 ], [ 141.1328072, 40.8479081 ], [ 141.1323372, 40.84942 ], [ 141.1319506, 40.850807 ], [ 141.1316039, 40.8519855 ], [ 141.1314246, 40.8526815 ], [ 141.1313772, 40.8533072 ], [ 141.1314672, 40.8539472 ], [ 141.1316772, 40.8546272 ], [ 141.1320772, 40.8554572 ], [ 141.1325272, 40.8562272 ], [ 141.1331039, 40.8567855 ], [ 141.133612, 40.8572169 ], [ 141.134362, 40.8576969 ], [ 141.135062, 40.8580769 ], [ 141.135562, 40.8582869 ], [ 141.137022, 40.8588269 ], [ 141.138312, 40.8593969 ], [ 141.1392319, 40.8599169 ], [ 141.1398739, 40.8605356 ], [ 141.1402439, 40.8609056 ], [ 141.1405439, 40.8613356 ], [ 141.1416216, 40.8632008 ], [ 141.1423757, 40.8645814 ], [ 141.1436242, 40.8670006 ], [ 141.1449738, 40.8697056 ], [ 141.1455738, 40.8707556 ], [ 141.1461038, 40.8715356 ], [ 141.1465338, 40.8722056 ], [ 141.1469538, 40.8727756 ], [ 141.1477738, 40.8736656 ], [ 141.1485338, 40.8743556 ], [ 141.1492838, 40.8749756 ], [ 141.1501438, 40.8756057 ], [ 141.1509938, 40.8761157 ], [ 141.1520638, 40.8767057 ], [ 141.1530437, 40.8771857 ], [ 141.1545037, 40.8777957 ], [ 141.1569037, 40.8787157 ], [ 141.1595837, 40.8796757 ], [ 141.1614837, 40.8804057 ], [ 141.1637637, 40.8813457 ], [ 141.1655336, 40.8820957 ], [ 141.1665636, 40.8826557 ], [ 141.1675036, 40.8832057 ], [ 141.1688936, 40.8840957 ], [ 141.1699736, 40.8847957 ], [ 141.1707136, 40.8853557 ], [ 141.1711636, 40.8857157 ], [ 141.1725536, 40.8868557 ], [ 141.1738536, 40.8878857 ], [ 141.1749436, 40.8886157 ], [ 141.1759935, 40.8892657 ], [ 141.1773435, 40.8899857 ], [ 141.1782435, 40.8904258 ], [ 141.1805435, 40.8915058 ], [ 141.1817135, 40.8921458 ], [ 141.1829435, 40.8929358 ], [ 141.1844135, 40.8941358 ], [ 141.1881234, 40.8975258 ], [ 141.1922534, 40.9013158 ], [ 141.1944134, 40.9036058 ], [ 141.1959334, 40.9053958 ], [ 141.1974434, 40.9073958 ], [ 141.1985333, 40.9089458 ], [ 141.2005033, 40.9122458 ], [ 141.2017733, 40.9145559 ], [ 141.2027733, 40.9163459 ], [ 141.2035333, 40.9176559 ], [ 141.2042933, 40.9189159 ], [ 141.2048033, 40.9197959 ], [ 141.2051733, 40.9203359 ], [ 141.2059433, 40.9212259 ], [ 141.2065532, 40.9218459 ], [ 141.2072632, 40.9225259 ], [ 141.2078232, 40.9230659 ], [ 141.2095432, 40.9245759 ], [ 141.2116832, 40.9263759 ], [ 141.2126132, 40.9272559 ], [ 141.2133532, 40.9279359 ], [ 141.2145532, 40.9289159 ], [ 141.2155632, 40.9296659 ], [ 141.2160432, 40.9300159 ], [ 141.2167032, 40.9304459 ], [ 141.2182831, 40.9314159 ], [ 141.2198231, 40.9322959 ], [ 141.2205731, 40.9327259 ], [ 141.2211131, 40.9330359 ], [ 141.2215431, 40.9332959 ], [ 141.2226731, 40.9339659 ], [ 141.2249631, 40.9353159 ], [ 141.2273931, 40.9367659 ], [ 141.2295631, 40.9380859 ], [ 141.2302131, 40.9385359 ], [ 141.2309631, 40.9390959 ], [ 141.2315831, 40.9396259 ], [ 141.2324131, 40.9404259 ], [ 141.233393, 40.9414659 ], [ 141.236803, 40.945336 ], [ 141.238923, 40.947736 ], [ 141.242193, 40.951426 ], [ 141.242673, 40.951936 ], [ 141.243413, 40.952666 ], [ 141.244173, 40.953396 ], [ 141.245253, 40.954306 ], [ 141.246403, 40.955206 ], [ 141.247383, 40.955896 ], [ 141.248363, 40.956566 ], [ 141.249783, 40.957436 ], [ 141.251173, 40.958186 ], [ 141.256923, 40.961196 ], [ 141.257853, 40.961696 ], [ 141.258723, 40.962216 ], [ 141.259493, 40.962796 ], [ 141.260093, 40.963306 ], [ 141.260493, 40.963726 ], [ 141.260863, 40.964166 ], [ 141.261283, 40.964716 ], [ 141.2616229, 40.965276 ], [ 141.2621229, 40.966126 ], [ 141.2626429, 40.967186 ], [ 141.2631129, 40.968196 ], [ 141.2635429, 40.969036 ], [ 141.2642729, 40.970636 ], [ 141.2645529, 40.971216 ], [ 141.2646971, 40.9715371 ], [ 141.2654912, 40.9731891 ], [ 141.2658743, 40.9742453 ], [ 141.2660112, 40.9761747 ], [ 141.265935, 40.9774311 ], [ 141.2655543, 40.9785352 ], [ 141.2651926, 40.9793727 ], [ 141.2609572, 40.9886057 ], [ 141.2573595, 40.9961895 ], [ 141.2556653, 40.9999205 ], [ 141.2550181, 41.0010817 ], [ 141.253933, 41.0027758 ], [ 141.2529241, 41.003937 ], [ 141.2519533, 41.005003 ], [ 141.2510586, 41.0058787 ], [ 141.2503596, 41.0069272 ], [ 141.2499598, 41.0075982 ], [ 141.2496314, 41.0083977 ], [ 141.2493316, 41.0093971 ], [ 141.249246, 41.0099682 ], [ 141.2492317, 41.010682 ], [ 141.2493174, 41.0112388 ], [ 141.2494958, 41.0117742 ], [ 141.2496814, 41.0124309 ], [ 141.24971, 41.0126522 ], [ 141.2489792, 41.0127333 ], [ 141.2479182, 41.0128806 ], [ 141.2472883, 41.0129541 ], [ 141.2464333, 41.0130958 ], [ 141.2458375, 41.013325 ], [ 141.2452667, 41.0137458 ], [ 141.2447083, 41.0144542 ], [ 141.2444375, 41.0150167 ], [ 141.2442875, 41.0157292 ], [ 141.2443375, 41.0164958 ], [ 141.2445551, 41.0176136 ], [ 141.2446778, 41.0181862 ], [ 141.2448029, 41.0192161 ], [ 141.2449429, 41.0198561 ], [ 141.2452229, 41.0213861 ], [ 141.2452629, 41.0215161 ], [ 141.2453629, 41.0220061 ], [ 141.2454029, 41.0221461 ], [ 141.2454329, 41.0223261 ], [ 141.2455229, 41.0227261 ], [ 141.2455329, 41.0227861 ], [ 141.2456029, 41.0231261 ], [ 141.2459929, 41.0249961 ], [ 141.2460429, 41.0252461 ], [ 141.2461229, 41.0255961 ], [ 141.2461729, 41.0257961 ], [ 141.2462229, 41.0260761 ], [ 141.2464329, 41.0269961 ], [ 141.2465629, 41.0276261 ], [ 141.2466329, 41.0280561 ], [ 141.2466729, 41.0282061 ], [ 141.2466929, 41.0283361 ], [ 141.2467529, 41.0285961 ], [ 141.2468529, 41.0291561 ], [ 141.2469029, 41.0293361 ], [ 141.2469929, 41.0297561 ], [ 141.2471129, 41.0303861 ], [ 141.2471429, 41.0305261 ], [ 141.2472329, 41.0309761 ], [ 141.2473829, 41.0316961 ], [ 141.2475029, 41.0322961 ], [ 141.2475329, 41.0324561 ], [ 141.2477129, 41.0333261 ], [ 141.2477529, 41.0335361 ], [ 141.2478329, 41.0339361 ], [ 141.2478329, 41.0340261 ], [ 141.2478529, 41.0340961 ], [ 141.2479629, 41.0346361 ], [ 141.2480729, 41.0351161 ], [ 141.2481129, 41.0352961 ], [ 141.2482529, 41.0359861 ], [ 141.2483729, 41.0366061 ], [ 141.2485029, 41.0371861 ], [ 141.2485129, 41.0372561 ], [ 141.2485629, 41.0375161 ], [ 141.2485929, 41.0377061 ], [ 141.2486629, 41.0379961 ], [ 141.2490029, 41.0396461 ], [ 141.2491029, 41.0401061 ], [ 141.2491729, 41.0404361 ], [ 141.2492729, 41.0409361 ], [ 141.2494129, 41.0416661 ], [ 141.2494829, 41.0420061 ], [ 141.2495329, 41.0422961 ], [ 141.2495829, 41.0425461 ], [ 141.2497329, 41.0433161 ], [ 141.2497429, 41.0433861 ], [ 141.2499429, 41.0439761 ], [ 141.2500029, 41.0441161 ], [ 141.2500929, 41.0443761 ], [ 141.2503829, 41.0451861 ], [ 141.2504929, 41.0454761 ], [ 141.2505129, 41.0456061 ], [ 141.2505329, 41.0462361 ], [ 141.2505429, 41.0466761 ], [ 141.2505129, 41.0489761 ], [ 141.2505029, 41.0499961 ], [ 141.2505029, 41.0501761 ], [ 141.2504829, 41.0517361 ], [ 141.2504729, 41.0524061 ], [ 141.2504529, 41.0541461 ], [ 141.2504229, 41.0574161 ], [ 141.2502229, 41.0583261 ], [ 141.2501029, 41.0588361 ], [ 141.2500029, 41.0592961 ], [ 141.2499229, 41.0596361 ], [ 141.2497729, 41.0603161 ], [ 141.2496629, 41.0607861 ], [ 141.2494329, 41.0618161 ], [ 141.2492029, 41.0628461 ], [ 141.2491829, 41.0629261 ], [ 141.2488929, 41.0642561 ], [ 141.2485329, 41.0659261 ], [ 141.2484529, 41.0662561 ], [ 141.2484229, 41.0664761 ], [ 141.2484329, 41.0667261 ], [ 141.2485429, 41.0672461 ], [ 141.2485929, 41.0674861 ], [ 141.2487129, 41.0677261 ], [ 141.2489229, 41.0680961 ], [ 141.2491129, 41.0683461 ], [ 141.2494229, 41.0686661 ], [ 141.2496029, 41.0688161 ], [ 141.2500729, 41.0691661 ], [ 141.2507029, 41.0695261 ], [ 141.2510629, 41.0697561 ], [ 141.2521529, 41.0703961 ], [ 141.2523129, 41.0704961 ], [ 141.2532029, 41.0710261 ], [ 141.2533129, 41.0710961 ], [ 141.2537229, 41.0713361 ], [ 141.2542229, 41.0716261 ], [ 141.2547929, 41.0719661 ], [ 141.2549329, 41.0720461 ], [ 141.2550129, 41.0721061 ], [ 141.2552329, 41.0722561 ], [ 141.2554829, 41.0724361 ], [ 141.2559029, 41.0728362 ], [ 141.2560729, 41.0730162 ], [ 141.2562829, 41.0732962 ], [ 141.2564129, 41.0735162 ], [ 141.2564629, 41.0736062 ], [ 141.2565529, 41.0738362 ], [ 141.2566729, 41.0742462 ], [ 141.2567129, 41.0745662 ], [ 141.2567029, 41.0749862 ], [ 141.2567029, 41.0749962 ], [ 141.2566929, 41.0760862 ], [ 141.2566929, 41.0762662 ], [ 141.2566729, 41.0776562 ], [ 141.2566629, 41.0779362 ], [ 141.2565929, 41.0793462 ], [ 141.2565729, 41.0796062 ], [ 141.2564929, 41.0805162 ], [ 141.2564929, 41.0806562 ], [ 141.2564729, 41.0808762 ], [ 141.2564129, 41.0819062 ], [ 141.2563629, 41.0827662 ], [ 141.2563329, 41.0833262 ], [ 141.2562629, 41.0842962 ], [ 141.2562529, 41.0843862 ], [ 141.2562429, 41.0844762 ], [ 141.2562029, 41.0852462 ], [ 141.2561929, 41.0858662 ], [ 141.2561929, 41.0859862 ], [ 141.2561829, 41.0862862 ], [ 141.2561829, 41.0867062 ], [ 141.2561229, 41.0880462 ], [ 141.2561029, 41.0881262 ], [ 141.2560729, 41.0887762 ], [ 141.2560429, 41.0894362 ], [ 141.2560329, 41.0896062 ], [ 141.2560129, 41.0898362 ], [ 141.2559529, 41.0908362 ], [ 141.2559129, 41.0916662 ], [ 141.2558629, 41.0926062 ], [ 141.2558429, 41.0930062 ], [ 141.2557729, 41.0933762 ], [ 141.2556129, 41.0937962 ], [ 141.2555629, 41.0939162 ], [ 141.2553129, 41.0943462 ], [ 141.2549429, 41.0948462 ], [ 141.2544729, 41.0953562 ], [ 141.2539429, 41.0959062 ], [ 141.2532929, 41.0965562 ], [ 141.2532429, 41.0965962 ], [ 141.2527929, 41.0970462 ], [ 141.2523229, 41.0975762 ], [ 141.2521729, 41.0977762 ], [ 141.2519829, 41.0980962 ], [ 141.2518329, 41.0985162 ], [ 141.2517729, 41.0988162 ], [ 141.2516529, 41.0994662 ], [ 141.2516029, 41.0999462 ], [ 141.2516729, 41.1001262 ], [ 141.2521029, 41.1011062 ], [ 141.2522229, 41.1013562 ], [ 141.2527528, 41.1025262 ], [ 141.2527828, 41.1026062 ], [ 141.2530628, 41.1032562 ], [ 141.2535728, 41.1044262 ], [ 141.2537928, 41.1049062 ], [ 141.2538928, 41.1051262 ], [ 141.2539828, 41.1053562 ], [ 141.2540728, 41.1055762 ], [ 141.2542128, 41.1060462 ], [ 141.2542828, 41.1063262 ], [ 141.2543528, 41.1067362 ], [ 141.2543728, 41.1069362 ], [ 141.2544128, 41.1071062 ], [ 141.2544728, 41.1074162 ], [ 141.2544928, 41.1075762 ], [ 141.2545128, 41.1076762 ], [ 141.2545628, 41.1079262 ], [ 141.2546428, 41.1083262 ], [ 141.2546828, 41.1085662 ], [ 141.2547228, 41.1087362 ], [ 141.2547628, 41.1089762 ], [ 141.2549528, 41.1099062 ], [ 141.2554628, 41.1125462 ], [ 141.2555828, 41.1131462 ], [ 141.2556628, 41.1136262 ], [ 141.2557028, 41.1137763 ], [ 141.2557428, 41.1140063 ], [ 141.2558128, 41.1143463 ], [ 141.2559428, 41.1149963 ], [ 141.2559828, 41.1151963 ], [ 141.2561028, 41.1158263 ], [ 141.2561628, 41.1162163 ], [ 141.2562328, 41.1167063 ], [ 141.2562728, 41.1169663 ], [ 141.2563028, 41.1170963 ], [ 141.2563328, 41.1173263 ], [ 141.2563828, 41.1176763 ], [ 141.2564528, 41.1182363 ], [ 141.2564828, 41.1183463 ], [ 141.2565528, 41.1188763 ], [ 141.2566128, 41.1192963 ], [ 141.2566828, 41.1196463 ], [ 141.2567128, 41.1197863 ], [ 141.2568328, 41.1201763 ], [ 141.2568628, 41.1202863 ], [ 141.2569728, 41.1204563 ], [ 141.2571828, 41.1208463 ], [ 141.2572628, 41.1209863 ], [ 141.2573528, 41.1210863 ], [ 141.2575228, 41.1212363 ], [ 141.2576828, 41.1213363 ], [ 141.2578728, 41.1214563 ], [ 141.2580028, 41.1215663 ], [ 141.2581828, 41.1217663 ], [ 141.2583628, 41.1219963 ], [ 141.2584428, 41.1220963 ], [ 141.2587828, 41.1225063 ], [ 141.2590928, 41.1229063 ], [ 141.2595628, 41.1234163 ], [ 141.2597028, 41.1235563 ], [ 141.2599528, 41.1237763 ], [ 141.2601428, 41.1238963 ], [ 141.2602628, 41.1239563 ], [ 141.2605828, 41.1240763 ], [ 141.2610728, 41.1242463 ], [ 141.2618828, 41.1245263 ], [ 141.2632528, 41.1249963 ], [ 141.2633528, 41.1250263 ], [ 141.2640128, 41.1252263 ], [ 141.2648828, 41.1254763 ], [ 141.2655228, 41.1256563 ], [ 141.2660128, 41.1258463 ], [ 141.2664128, 41.1260563 ], [ 141.2666228, 41.1261663 ], [ 141.2666728, 41.1261963 ], [ 141.2671928, 41.1265363 ], [ 141.2677228, 41.1268663 ], [ 141.2685428, 41.1273763 ], [ 141.2686128, 41.1274263 ], [ 141.2687128, 41.1274963 ], [ 141.2696528, 41.1282563 ], [ 141.2697428, 41.1283263 ], [ 141.2702628, 41.1287763 ], [ 141.2705928, 41.1290863 ], [ 141.2709028, 41.1294163 ], [ 141.2710628, 41.1296163 ], [ 141.2712528, 41.1299163 ], [ 141.2714928, 41.1303463 ], [ 141.2716028, 41.1305463 ], [ 141.2720528, 41.1313363 ], [ 141.2721028, 41.1314163 ], [ 141.2722928, 41.1317463 ], [ 141.2724828, 41.1320963 ], [ 141.2726328, 41.1323663 ], [ 141.2728728, 41.1327963 ], [ 141.2731828, 41.1333263 ], [ 141.2736128, 41.1340863 ], [ 141.2738628, 41.1345363 ], [ 141.2739228, 41.1346263 ], [ 141.2740428, 41.1348563 ], [ 141.2740628, 41.1349063 ], [ 141.2745428, 41.1357463 ], [ 141.2750028, 41.1365563 ], [ 141.2752328, 41.1369663 ], [ 141.2753328, 41.1371563 ], [ 141.2759128, 41.1383963 ], [ 141.2761928, 41.1389963 ], [ 141.2765028, 41.1396363 ], [ 141.2765528, 41.1397963 ], [ 141.2766028, 41.1399963 ], [ 141.2766428, 41.1402663 ], [ 141.2766828, 41.1404163 ], [ 141.2767628, 41.1406163 ], [ 141.2769428, 41.1409563 ], [ 141.2769728, 41.1410263 ], [ 141.2772228, 41.1414863 ], [ 141.2773127, 41.1416663 ], [ 141.2775427, 41.1421063 ], [ 141.2778527, 41.1426963 ], [ 141.2779527, 41.1429263 ], [ 141.2780427, 41.1432063 ], [ 141.2781727, 41.1436663 ], [ 141.2782627, 41.1440163 ], [ 141.2783127, 41.1441363 ], [ 141.2784427, 41.1443663 ], [ 141.2786727, 41.1446163 ], [ 141.2788727, 41.1448463 ], [ 141.2789727, 41.1449463 ], [ 141.2791027, 41.1451263 ], [ 141.2791527, 41.1452563 ], [ 141.2794127, 41.1459963 ], [ 141.2795227, 41.1462663 ], [ 141.2801727, 41.1477163 ], [ 141.2803527, 41.1482063 ], [ 141.2803727, 41.1482563 ], [ 141.2806727, 41.1491063 ], [ 141.2807227, 41.1492463 ], [ 141.2809427, 41.1498063 ], [ 141.2810327, 41.1499963 ], [ 141.2813627, 41.1506863 ], [ 141.2817727, 41.1515163 ], [ 141.2824427, 41.1528264 ], [ 141.2828627, 41.1536464 ], [ 141.2829427, 41.1538264 ], [ 141.2830427, 41.1541464 ], [ 141.2831127, 41.1546364 ], [ 141.2831327, 41.1549464 ], [ 141.2831327, 41.1551264 ], [ 141.2830827, 41.1569764 ], [ 141.2830627, 41.1574464 ], [ 141.2830327, 41.1583264 ], [ 141.2829927, 41.1596864 ], [ 141.2829627, 41.1604564 ], [ 141.2827527, 41.1664864 ], [ 141.2827227, 41.1671464 ], [ 141.2826527, 41.1693064 ], [ 141.2826827, 41.1709464 ], [ 141.2828327, 41.1730264 ], [ 141.2829827, 41.1749964 ], [ 141.2830827, 41.1761964 ], [ 141.2831826, 41.1774164 ], [ 141.2832326, 41.1781065 ], [ 141.2832926, 41.1788265 ], [ 141.2833326, 41.1791365 ], [ 141.2834226, 41.1798465 ], [ 141.2833826, 41.1802065 ], [ 141.2833426, 41.1805665 ], [ 141.2832726, 41.1811965 ], [ 141.2832126, 41.1816965 ], [ 141.2831726, 41.1820765 ], [ 141.2830426, 41.1831665 ], [ 141.2829826, 41.1836565 ], [ 141.2829426, 41.1839565 ], [ 141.2828626, 41.1847865 ], [ 141.2828126, 41.1850865 ], [ 141.2827626, 41.1855465 ], [ 141.2825526, 41.1871965 ], [ 141.2824926, 41.1875265 ], [ 141.2824826, 41.1875565 ], [ 141.2824726, 41.1876165 ], [ 141.2823726, 41.1879965 ], [ 141.2823026, 41.1882665 ], [ 141.2820326, 41.1891065 ], [ 141.2818526, 41.1896565 ], [ 141.2817326, 41.1900165 ], [ 141.2816026, 41.1903965 ], [ 141.2814826, 41.1906465 ], [ 141.2811926, 41.1911465 ], [ 141.2808826, 41.1916165 ], [ 141.2807926, 41.1917365 ], [ 141.2801226, 41.1927465 ], [ 141.2799326, 41.1930565 ], [ 141.2797326, 41.1933565 ], [ 141.2796926, 41.1934365 ], [ 141.2795426, 41.1936765 ], [ 141.2794826, 41.1937665 ], [ 141.2794026, 41.1938665 ], [ 141.2793726, 41.1939065 ], [ 141.2790926, 41.1943365 ], [ 141.2789226, 41.1945765 ], [ 141.2788226, 41.1947365 ], [ 141.2787226, 41.1948865 ], [ 141.2786426, 41.1950265 ], [ 141.2785326, 41.1951765 ], [ 141.2780926, 41.1958765 ], [ 141.2780626, 41.1959165 ], [ 141.2779526, 41.1960865 ], [ 141.2778726, 41.1962065 ], [ 141.2773026, 41.1971265 ], [ 141.2770226, 41.1975565 ], [ 141.2769526, 41.1976365 ], [ 141.2758926, 41.1993065 ], [ 141.2754326, 41.1999965 ], [ 141.2752426, 41.2003065 ], [ 141.2749526, 41.2007465 ], [ 141.2748526, 41.2008865 ], [ 141.2743726, 41.2016565 ], [ 141.2742926, 41.2017865 ], [ 141.2737326, 41.2026065 ], [ 141.2735526, 41.2028965 ], [ 141.2733926, 41.2031265 ], [ 141.2731126, 41.2035666 ], [ 141.2725426, 41.2044766 ], [ 141.2722226, 41.2049966 ], [ 141.2714426, 41.2061666 ], [ 141.2710726, 41.2066866 ], [ 141.2707126, 41.2071366 ], [ 141.2705026, 41.2073566 ], [ 141.2702626, 41.2076366 ], [ 141.2696026, 41.2083766 ], [ 141.2693126, 41.2086966 ], [ 141.2681326, 41.2099866 ], [ 141.2677726, 41.2103966 ], [ 141.2675026, 41.2106966 ], [ 141.2672526, 41.2109766 ], [ 141.2666726, 41.2116266 ], [ 141.2656726, 41.2127566 ], [ 141.2648526, 41.2136666 ], [ 141.2645026, 41.2140466 ], [ 141.2638826, 41.2147366 ], [ 141.2626826, 41.2160466 ], [ 141.2621926, 41.2166066 ], [ 141.2619126, 41.2169166 ], [ 141.2616326, 41.2172366 ], [ 141.2612826, 41.2176166 ], [ 141.2611726, 41.2177266 ], [ 141.2604326, 41.2185566 ], [ 141.2579826, 41.2213066 ], [ 141.2577626, 41.2215466 ], [ 141.2569826, 41.2224066 ], [ 141.2567026, 41.2227166 ], [ 141.2560826, 41.2234066 ], [ 141.2551226, 41.2244666 ], [ 141.2549626, 41.2246466 ], [ 141.2546426, 41.2249966 ], [ 141.2542726, 41.2254166 ], [ 141.2540626, 41.2256466 ], [ 141.2532426, 41.2265866 ], [ 141.2523126, 41.2276166 ], [ 141.2517626, 41.2282266 ], [ 141.2513926, 41.2286266 ], [ 141.2507126, 41.2293766 ], [ 141.2504026, 41.2297266 ], [ 141.2500026, 41.2301666 ], [ 141.2495326, 41.2307066 ], [ 141.2482226, 41.2321466 ], [ 141.2478826, 41.2325266 ], [ 141.2471526, 41.2333266 ], [ 141.2468426, 41.2336766 ], [ 141.2464226, 41.2341466 ], [ 141.2463426, 41.2342366 ], [ 141.2442826, 41.2365866 ], [ 141.2437126, 41.2372266 ], [ 141.2435226, 41.2374366 ], [ 141.2432026, 41.2378066 ], [ 141.2429126, 41.2381166 ], [ 141.2418627, 41.2392366 ], [ 141.2416527, 41.2394366 ], [ 141.2413827, 41.2397166 ], [ 141.2410527, 41.2400666 ], [ 141.2404827, 41.2406566 ], [ 141.2402527, 41.2408666 ], [ 141.2397127, 41.2414466 ], [ 141.2395427, 41.2416666 ], [ 141.2394327, 41.2418066 ], [ 141.2389727, 41.2424766 ], [ 141.2382727, 41.2435166 ], [ 141.2377327, 41.2442466 ], [ 141.2371727, 41.2449966 ], [ 141.2369427, 41.2452666 ], [ 141.2334327, 41.2493166 ], [ 141.2328327, 41.2500166 ], [ 141.2324427, 41.2504666 ], [ 141.2311127, 41.2519566 ], [ 141.2304527, 41.2526566 ], [ 141.2298927, 41.2532466 ], [ 141.2294727, 41.2536866 ], [ 141.2293027, 41.2538466 ], [ 141.2291627, 41.2540066 ] ] } },
{ "type": "Feature", "properties": { "N12_001": "02", "N12_002": 2, "N12_003": 3, "N12_004": "一般国道280号", "N12_005": 13, "N12_006": 1 }, "geometry": { "type": "LineString", "coordinates": [ [ 140.6905252, 40.8334856 ], [ 140.6906352, 40.8341556 ], [ 140.6907452, 40.8349656 ], [ 140.6908152, 40.8355156 ], [ 140.6908552, 40.8359356 ], [ 140.6909352, 40.8369256 ], [ 140.6909652, 40.8372656 ], [ 140.6909752, 40.8377156 ], [ 140.6909752, 40.8381356 ], [ 140.6909452, 40.8385256 ], [ 140.6908752, 40.8389356 ], [ 140.6907652, 40.8394556 ], [ 140.6906152, 40.8398556 ], [ 140.6903952, 40.8403156 ], [ 140.6901452, 40.8407656 ], [ 140.6899152, 40.8411556 ], [ 140.6895852, 40.8416156 ], [ 140.6892652, 40.8419956 ], [ 140.6889252, 40.8423156 ], [ 140.6878352, 40.8432456 ], [ 140.6872652, 40.8437257 ], [ 140.6868652, 40.8440657 ], [ 140.6857952, 40.8449857 ], [ 140.6847152, 40.8459257 ], [ 140.6844752, 40.8461257 ], [ 140.6841952, 40.8463657 ], [ 140.6837852, 40.8467857 ], [ 140.6836252, 40.8469557 ], [ 140.6834052, 40.8472057 ], [ 140.6831052, 40.8476057 ], [ 140.6827852, 40.8480457 ], [ 140.6825352, 40.8484657 ], [ 140.6824052, 40.8487257 ], [ 140.6822152, 40.8491557 ], [ 140.6820852, 40.8494757 ], [ 140.6818952, 40.8499957 ], [ 140.6818352, 40.8501757 ], [ 140.6816952, 40.8506657 ], [ 140.6816752, 40.8507757 ], [ 140.6815752, 40.8513657 ], [ 140.6815352, 40.8517557 ], [ 140.6814852, 40.8530757 ], [ 140.6814652, 40.8537257 ], [ 140.6814052, 40.8552957 ], [ 140.6813452, 40.8571257 ], [ 140.6813153, 40.8578657 ], [ 140.6812953, 40.8586657 ], [ 140.6812453, 40.8599357 ], [ 140.6812053, 40.8610057 ], [ 140.6811953, 40.8614357 ], [ 140.6811253, 40.8619157 ], [ 140.6810653, 40.8621757 ], [ 140.6809653, 40.8625057 ], [ 140.6807253, 40.8629357 ], [ 140.6797553, 40.8647558 ], [ 140.6787853, 40.8665558 ], [ 140.6784753, 40.8671358 ], [ 140.6781953, 40.8676358 ], [ 140.6781353, 40.8677258 ], [ 140.6780153, 40.8678658 ], [ 140.6778953, 40.8679758 ], [ 140.6774853, 40.8683158 ], [ 140.6761553, 40.8692758 ], [ 140.6760053, 40.8694258 ], [ 140.6758553, 40.8695958 ], [ 140.6757053, 40.8698458 ], [ 140.6755953, 40.8700458 ], [ 140.6750053, 40.8711658 ], [ 140.6743453, 40.8724358 ], [ 140.6735153, 40.8740358 ], [ 140.6730153, 40.8749958 ], [ 140.6725753, 40.8758358 ], [ 140.6716553, 40.8775958 ], [ 140.6712953, 40.8782858 ], [ 140.6712453, 40.8784058 ], [ 140.6711153, 40.8789058 ], [ 140.6709153, 40.8800058 ], [ 140.6705653, 40.8819158 ], [ 140.6702153, 40.8837958 ], [ 140.6698653, 40.8857159 ], [ 140.6695253, 40.8875959 ], [ 140.6691354, 40.8897359 ], [ 140.6687954, 40.8916159 ], [ 140.6684454, 40.8935159 ], [ 140.6681854, 40.8949759 ], [ 140.6677754, 40.8973059 ], [ 140.6676454, 40.8980359 ], [ 140.6675154, 40.8985959 ], [ 140.6673654, 40.8991459 ], [ 140.6671954, 40.8996359 ], [ 140.6670254, 40.9001559 ], [ 140.6667854, 40.9007459 ], [ 140.6666754, 40.9010259 ], [ 140.6663454, 40.9016859 ], [ 140.6660354, 40.9022459 ], [ 140.6655954, 40.9029959 ], [ 140.6654954, 40.9031759 ], [ 140.6649954, 40.9038959 ], [ 140.6647954, 40.9041759 ], [ 140.6645654, 40.9044959 ], [ 140.6641553, 40.905016 ], [ 140.6639853, 40.905186 ], [ 140.6635353, 40.905646 ], [ 140.6633953, 40.905786 ], [ 140.6628453, 40.906336 ], [ 140.6622253, 40.906976 ], [ 140.6621953, 40.906996 ], [ 140.6618553, 40.907356 ], [ 140.6618053, 40.907396 ], [ 140.6613553, 40.907856 ], [ 140.6611653, 40.908096 ], [ 140.6611253, 40.908136 ], [ 140.6609753, 40.908326 ], [ 140.6607653, 40.908626 ], [ 140.6605853, 40.908896 ], [ 140.6604253, 40.909136 ], [ 140.6603053, 40.909406 ], [ 140.6601953, 40.909696 ], [ 140.6601253, 40.909916 ], [ 140.6600953, 40.910006 ], [ 140.6599653, 40.910476 ], [ 140.6598553, 40.911046 ], [ 140.6597153, 40.911806 ], [ 140.6597053, 40.911846 ], [ 140.6593853, 40.913676 ], [ 140.6590452, 40.915576 ], [ 140.6588752, 40.916556 ], [ 140.6588552, 40.916666 ], [ 140.6587152, 40.917466 ], [ 140.6583652, 40.919426 ], [ 140.6583352, 40.919566 ], [ 140.6580252, 40.921306 ], [ 140.6576851, 40.923266 ], [ 140.6574051, 40.924816 ], [ 140.6573451, 40.925156 ], [ 140.6570451, 40.926846 ], [ 140.6570251, 40.926966 ], [ 140.6569451, 40.927386 ], [ 140.6568351, 40.928026 ], [ 140.6568251, 40.928106 ], [ 140.6568051, 40.928166 ], [ 140.6564951, 40.929956 ], [ 140.6564851, 40.929996 ], [ 140.6561551, 40.931836 ], [ 140.6561551, 40.931876 ], [ 140.655895, 40.933326 ], [ 140.655835, 40.933676 ], [ 140.655485, 40.935636 ], [ 140.655145, 40.937536 ], [ 140.654825, 40.939346 ], [ 140.654465, 40.941376 ], [ 140.654415, 40.941666 ], [ 140.6541249, 40.943306 ], [ 140.6537949, 40.945166 ], [ 140.6534449, 40.947136 ], [ 140.6530949, 40.949116 ], [ 140.6529749, 40.949736 ], [ 140.6529649, 40.949786 ], [ 140.6529449, 40.949946 ], [ 140.6529349, 40.949996 ], [ 140.6529249, 40.950076 ], [ 140.6528749, 40.950476 ], [ 140.6528649, 40.950516 ], [ 140.6527549, 40.951536 ], [ 140.6526048, 40.952976 ], [ 140.6525648, 40.953366 ], [ 140.6525448, 40.953556 ], [ 140.6524148, 40.955296 ], [ 140.6522548, 40.957206 ], [ 140.6522348, 40.957466 ], [ 140.6521948, 40.958326 ], [ 140.6521548, 40.959116 ], [ 140.6521348, 40.959506 ], [ 140.6520148, 40.960936 ], [ 140.6519748, 40.961336 ], [ 140.6518147, 40.963026 ], [ 140.6516447, 40.9648061 ], [ 140.6516618, 40.9654456 ], [ 140.6516009, 40.9660773 ], [ 140.6515909, 40.9666773 ], [ 140.6515886, 40.9669187 ], [ 140.6515914, 40.9671189 ], [ 140.6515829, 40.9676724 ], [ 140.6515347, 40.9682661 ], [ 140.6515247, 40.9685661 ], [ 140.6515247, 40.9686061 ], [ 140.6515247, 40.9687961 ], [ 140.6514747, 40.9693061 ], [ 140.6513047, 40.9704661 ], [ 140.6512747, 40.9706461 ], [ 140.6510547, 40.9718961 ], [ 140.6509746, 40.9724461 ], [ 140.6509546, 40.9725961 ], [ 140.6508546, 40.9733761 ], [ 140.6508146, 40.9736461 ], [ 140.6507746, 40.9739161 ], [ 140.6505846, 40.9749861 ], [ 140.6505646, 40.9750861 ], [ 140.6501846, 40.9772161 ], [ 140.6500646, 40.9779161 ], [ 140.6500246, 40.9781261 ], [ 140.6499446, 40.9785561 ], [ 140.6498946, 40.9787861 ], [ 140.6498346, 40.9790961 ], [ 140.6497346, 40.9794461 ], [ 140.6495546, 40.9798861 ], [ 140.6492546, 40.9804361 ], [ 140.6490946, 40.9807061 ], [ 140.6488846, 40.9810761 ], [ 140.6482046, 40.9822661 ], [ 140.6481746, 40.9823261 ], [ 140.6477245, 40.9831061 ], [ 140.6476245, 40.9832761 ], [ 140.6473345, 40.9838661 ], [ 140.6470745, 40.9844061 ], [ 140.6468845, 40.9850061 ], [ 140.6468545, 40.9850561 ], [ 140.6459245, 40.9868861 ], [ 140.6458145, 40.9872061 ], [ 140.6458045, 40.9872461 ], [ 140.6457645, 40.9873461 ], [ 140.6456745, 40.9877761 ], [ 140.6455845, 40.9882261 ], [ 140.6454845, 40.9891061 ], [ 140.6454645, 40.9892861 ], [ 140.6453745, 40.9901061 ], [ 140.6453745, 40.9901461 ], [ 140.6452045, 40.9916661 ], [ 140.6451145, 40.9925061 ], [ 140.6451045, 40.9925361 ], [ 140.6449544, 40.9938861 ], [ 140.6448844, 40.9943961 ], [ 140.6447844, 40.9950161 ], [ 140.6445144, 40.9961461 ], [ 140.6442444, 40.9969761 ], [ 140.6435844, 40.9985961 ], [ 140.6433344, 40.9993261 ], [ 140.6431244, 41.0001361 ], [ 140.6429944, 41.0008861 ], [ 140.6429044, 41.0018161 ], [ 140.6428944, 41.0025361 ], [ 140.6429144, 41.0030761 ], [ 140.6429444, 41.0034961 ], [ 140.6430244, 41.0040461 ], [ 140.6432243, 41.0050262 ], [ 140.6433443, 41.0061962 ], [ 140.6433343, 41.0068762 ], [ 140.6433243, 41.0070462 ], [ 140.6433143, 41.0073362 ], [ 140.6432243, 41.0081262 ], [ 140.6431043, 41.0088662 ], [ 140.6429343, 41.0095162 ], [ 140.6428343, 41.0098062 ], [ 140.6428043, 41.0099162 ], [ 140.6423543, 41.0111862 ], [ 140.6419443, 41.0122762 ], [ 140.6414543, 41.0137162 ], [ 140.6412743, 41.0143062 ], [ 140.6411643, 41.0147662 ], [ 140.6410243, 41.0153162 ], [ 140.6408843, 41.0160662 ], [ 140.6408243, 41.0165962 ], [ 140.6407642, 41.0171662 ], [ 140.6406642, 41.0181862 ], [ 140.6405842, 41.0188362 ], [ 140.6405542, 41.0193062 ], [ 140.6404642, 41.0201462 ], [ 140.6403742, 41.0208862 ], [ 140.6403042, 41.0216162 ], [ 140.6402342, 41.0222762 ], [ 140.6401042, 41.0236962 ], [ 140.6400142, 41.0245662 ], [ 140.6400042, 41.0252762 ], [ 140.6400142, 41.0258762 ], [ 140.6400542, 41.0264262 ], [ 140.6401242, 41.0268862 ], [ 140.6402342, 41.0274562 ], [ 140.6403442, 41.0278862 ], [ 140.6404642, 41.0283562 ], [ 140.6405642, 41.0289362 ], [ 140.6406542, 41.0296762 ], [ 140.6407241, 41.0305762 ], [ 140.6407041, 41.0317062 ], [ 140.6406241, 41.0326662 ], [ 140.6404941, 41.0332762 ], [ 140.6403741, 41.0339162 ], [ 140.6399541, 41.0353462 ], [ 140.6397441, 41.0359362 ], [ 140.6394241, 41.0367862 ], [ 140.6391241, 41.0375462 ], [ 140.6385541, 41.0387562 ], [ 140.6382963, 41.0392667 ], [ 140.6379814, 41.0398902 ], [ 140.6376201, 41.0405428 ], [ 140.6371163, 41.041432 ], [ 140.6367693, 41.0420092 ], [ 140.6365411, 41.042486 ], [ 140.6364365, 41.0428661 ], [ 140.636389, 41.0436154 ], [ 140.6363841, 41.0439763 ], [ 140.6363841, 41.0442163 ], [ 140.6363841, 41.0449563 ], [ 140.6363641, 41.0457063 ], [ 140.636344, 41.0464563 ], [ 140.6363417, 41.0470833 ] ] } },
{ "type": "Feature", "properties": { "N12_001": "02", "N12_002": 2, "N12_003": 3, "N12_004": "一般国道280号", "N12_005": 13, "N12_006": 2 }, "geometry": { "type": "LineString", "coordinates": [ [ 140.724455, 40.8348956 ], [ 140.724365, 40.8348056 ], [ 140.723415, 40.8339256 ], [ 140.723135, 40.8336256 ], [ 140.723105, 40.8335556 ], [ 140.723095, 40.8334856 ], [ 140.723115, 40.8334156 ], [ 140.723155, 40.8333356 ], [ 140.723185, 40.8332756 ], [ 140.723535, 40.8329456 ], [ 140.723725, 40.8327356 ], [ 140.723905, 40.8325556 ], [ 140.723975, 40.8324856 ], [ 140.724745, 40.8317256 ], [ 140.725135, 40.8313456 ], [ 140.725205, 40.8312756 ], [ 140.725325, 40.8312056 ], [ 140.725515, 40.8311256 ], [ 140.726195, 40.8308056 ], [ 140.726745, 40.8305556 ], [ 140.727265, 40.8303256 ], [ 140.727955, 40.8300056 ], [ 140.728135, 40.8299356 ], [ 140.728495, 40.8297656 ], [ 140.728485, 40.8296556 ], [ 140.728495, 40.8285056 ], [ 140.728485, 40.8281056 ], [ 140.728485, 40.8274656 ], [ 140.728495, 40.8263656 ], [ 140.728495, 40.8253656 ] ] } },
{ "type": "Feature", "properties": { "N12_001": "02", "N12_002": 2, "N12_003": 3, "N12_004": "一般国道280号", "N12_005": 13, "N12_006": 3 }, "geometry": { "type": "LineString", "coordinates": [ [ 140.4911476, 41.1765155 ], [ 140.4914039, 41.1765666 ], [ 140.4916539, 41.1766566 ], [ 140.4918539, 41.1767466 ], [ 140.4920339, 41.1768466 ], [ 140.4922639, 41.1769966 ], [ 140.4925539, 41.1771966 ], [ 140.4928439, 41.1774266 ], [ 140.4932639, 41.1778566 ], [ 140.4933939, 41.1780166 ], [ 140.4937839, 41.1785366 ], [ 140.4939039, 41.1786866 ], [ 140.4943939, 41.1793666 ], [ 140.4949039, 41.1800466 ], [ 140.4954439, 41.1807766 ], [ 140.4959039, 41.1814366 ], [ 140.4960039, 41.1816066 ], [ 140.4962339, 41.1820266 ], [ 140.4963039, 41.1821766 ], [ 140.4963739, 41.1823466 ], [ 140.4965039, 41.1826466 ], [ 140.4966239, 41.1829466 ], [ 140.4966739, 41.1831166 ], [ 140.4967039, 41.1832666 ], [ 140.4967839, 41.1837966 ], [ 140.4968539, 41.1843066 ], [ 140.4970239, 41.1859366 ], [ 140.4970439, 41.1861466 ], [ 140.4971039, 41.1863566 ], [ 140.4972039, 41.1865766 ], [ 140.4973439, 41.1867866 ], [ 140.4975539, 41.1870166 ], [ 140.4977339, 41.1871866 ], [ 140.4979239, 41.1873466 ], [ 140.4982439, 41.1875766 ], [ 140.4984139, 41.1876966 ], [ 140.4990739, 41.1881066 ], [ 140.5000039, 41.1886266 ], [ 140.5008639, 41.1891066 ], [ 140.5019239, 41.1896966 ], [ 140.5026739, 41.1900966 ], [ 140.5032239, 41.1904066 ], [ 140.5042439, 41.1909866 ], [ 140.5046939, 41.1912366 ], [ 140.5052339, 41.1915266 ], [ 140.5054839, 41.1916666 ], [ 140.5059739, 41.1919366 ], [ 140.5065039, 41.1922266 ], [ 140.5072439, 41.1926266 ], [ 140.5076939, 41.1928866 ], [ 140.5083339, 41.1932366 ], [ 140.5086939, 41.1934366 ], [ 140.5091739, 41.1937066 ], [ 140.5100539, 41.1941866 ], [ 140.5102539, 41.1942966 ], [ 140.5104639, 41.1944366 ], [ 140.5106039, 41.1945566 ], [ 140.5108139, 41.1948166 ], [ 140.5110339, 41.1951366 ], [ 140.5111839, 41.1953866 ], [ 140.5112739, 41.1955466 ], [ 140.5113739, 41.1958066 ], [ 140.5114339, 41.1961166 ], [ 140.5115139, 41.1965666 ], [ 140.5116039, 41.1970866 ], [ 140.5116439, 41.1972466 ], [ 140.5116839, 41.1974266 ], [ 140.5117439, 41.1975866 ], [ 140.5118639, 41.1978366 ], [ 140.5119039, 41.1979266 ], [ 140.5119839, 41.1980466 ], [ 140.5122138, 41.1983166 ], [ 140.5131238, 41.1990566 ], [ 140.5134938, 41.1993966 ], [ 140.5139838, 41.1999566 ], [ 140.5140838, 41.2000666 ], [ 140.5141638, 41.2001766 ], [ 140.5142438, 41.2003366 ], [ 140.5143838, 41.2005566 ], [ 140.5144938, 41.2007166 ], [ 140.5145838, 41.2008466 ], [ 140.5146438, 41.2009166 ], [ 140.5166738, 41.2025866 ], [ 140.5173138, 41.2031166 ], [ 140.5196538, 41.2049966 ], [ 140.5198438, 41.2051766 ], [ 140.5200238, 41.2054166 ], [ 140.5207238, 41.2063266 ], [ 140.5212738, 41.2070166 ], [ 140.5213938, 41.2071566 ], [ 140.5214638, 41.2072466 ], [ 140.5215738, 41.2073666 ], [ 140.5217938, 41.2075066 ], [ 140.5222438, 41.2077666 ], [ 140.5225238, 41.2079166 ], [ 140.5226038, 41.2079666 ], [ 140.5226638, 41.2080366 ], [ 140.5226938, 41.2080866 ], [ 140.5227138, 41.2081666 ], [ 140.5227138, 41.2082666 ], [ 140.5226838, 41.2083266 ], [ 140.5226738, 41.2083666 ], [ 140.5224738, 41.2087066 ], [ 140.5224238, 41.2088166 ], [ 140.5224138, 41.2089266 ], [ 140.5224238, 41.2090966 ], [ 140.5224038, 41.2092466 ], [ 140.5223138, 41.2093966 ], [ 140.5220438, 41.2096866 ], [ 140.5217238, 41.2100066 ], [ 140.5216238, 41.2101366 ], [ 140.5215638, 41.2102566 ], [ 140.5215538, 41.2103766 ], [ 140.5215538, 41.2104766 ], [ 140.5215638, 41.2105866 ], [ 140.5216038, 41.2107666 ], [ 140.5217138, 41.2110066 ], [ 140.5219138, 41.2113666 ], [ 140.5220938, 41.2116866 ], [ 140.5222338, 41.2118866 ], [ 140.5227338, 41.2125066 ], [ 140.5229038, 41.2126966 ], [ 140.5231938, 41.2129566 ], [ 140.5235238, 41.2132766 ], [ 140.5238138, 41.2135766 ], [ 140.5240838, 41.2138866 ], [ 140.5241938, 41.2140466 ], [ 140.5247638, 41.2151566 ], [ 140.5249138, 41.2154166 ], [ 140.5250038, 41.2155566 ], [ 140.5251238, 41.2157366 ], [ 140.5251838, 41.2158466 ], [ 140.5254038, 41.2161266 ], [ 140.5254438, 41.2161666 ], [ 140.5255538, 41.2163466 ], [ 140.5256338, 41.2165266 ], [ 140.5256738, 41.2166666 ], [ 140.5257438, 41.2169566 ], [ 140.5258638, 41.2172366 ], [ 140.5259538, 41.2173966 ], [ 140.5260938, 41.2176066 ], [ 140.5262738, 41.2178766 ], [ 140.5267138, 41.2184166 ], [ 140.5269238, 41.2186566 ], [ 140.5276338, 41.2194166 ], [ 140.5278738, 41.2196766 ], [ 140.5280838, 41.2198566 ], [ 140.5281938, 41.2199366 ], [ 140.5283338, 41.2199966 ], [ 140.5286238, 41.2200966 ], [ 140.5288138, 41.2201466 ], [ 140.5294638, 41.2202666 ], [ 140.5297338, 41.2202866 ], [ 140.5300238, 41.2202766 ], [ 140.5302138, 41.2202566 ], [ 140.5309738, 41.2201466 ], [ 140.5318038, 41.2200166 ], [ 140.5322138, 41.2199766 ], [ 140.5325738, 41.2199766 ], [ 140.5332238, 41.2199766 ], [ 140.5333238, 41.2199766 ], [ 140.5346338, 41.2199866 ], [ 140.5348438, 41.2199866 ], [ 140.5354138, 41.2200366 ], [ 140.5356138, 41.2200066 ], [ 140.5357338, 41.2199566 ], [ 140.5358438, 41.2198566 ], [ 140.5359538, 41.2197266 ], [ 140.5358638, 41.2194066 ], [ 140.5358038, 41.2192866 ], [ 140.5357538, 41.2191766 ], [ 140.5357338, 41.2191166 ], [ 140.5357438, 41.2190466 ], [ 140.5358238, 41.2188666 ], [ 140.5360038, 41.2186266 ], [ 140.5361138, 41.2185166 ], [ 140.5365138, 41.2180866 ], [ 140.5367738, 41.2178066 ], [ 140.5368338, 41.2177566 ], [ 140.5369238, 41.2177266 ], [ 140.5369838, 41.2177066 ], [ 140.5372538, 41.2176966 ], [ 140.5375038, 41.2176666 ], [ 140.5378038, 41.2176466 ], [ 140.5381538, 41.2176366 ], [ 140.5383238, 41.2176566 ], [ 140.5385238, 41.2177266 ], [ 140.5386638, 41.2178166 ], [ 140.5387038, 41.2178366 ], [ 140.5388038, 41.2179066 ], [ 140.5396838, 41.2183066 ], [ 140.5399138, 41.2184566 ], [ 140.5401338, 41.2186266 ], [ 140.5402738, 41.2187666 ], [ 140.5405838, 41.2190466 ], [ 140.5408338, 41.2192466 ], [ 140.5410538, 41.2193966 ], [ 140.5414238, 41.2195766 ], [ 140.5416738, 41.2196666 ], [ 140.5418338, 41.2197366 ], [ 140.5420138, 41.2198166 ], [ 140.5421538, 41.2198666 ], [ 140.5423138, 41.2199066 ], [ 140.5424538, 41.2199166 ], [ 140.5428138, 41.2199066 ], [ 140.5430338, 41.2198966 ], [ 140.5431938, 41.2199166 ], [ 140.5434238, 41.2199766 ], [ 140.5435138, 41.2200266 ], [ 140.5435938, 41.2200966 ], [ 140.5439238, 41.2206466 ], [ 140.5440238, 41.2206966 ], [ 140.5442838, 41.2207866 ], [ 140.5443938, 41.2208566 ], [ 140.5450938, 41.2213966 ], [ 140.5454838, 41.2217166 ], [ 140.5456738, 41.2218766 ], [ 140.5457838, 41.2219766 ], [ 140.5459438, 41.2221066 ], [ 140.5460538, 41.2221666 ], [ 140.5465238, 41.2223466 ], [ 140.5470738, 41.2225966 ], [ 140.5472238, 41.2226866 ], [ 140.5473338, 41.2227566 ], [ 140.5474138, 41.2228566 ], [ 140.5474338, 41.2229466 ], [ 140.5474638, 41.2230766 ], [ 140.5475338, 41.2232566 ], [ 140.5476938, 41.2234966 ], [ 140.5479838, 41.2238866 ], [ 140.5481338, 41.2240966 ], [ 140.5482338, 41.2241966 ], [ 140.5483638, 41.2242666 ], [ 140.5487438, 41.2244666 ], [ 140.5493738, 41.2247666 ], [ 140.5496838, 41.2249266 ], [ 140.5501837, 41.2251966 ], [ 140.5506937, 41.2254866 ], [ 140.5509037, 41.2255966 ], [ 140.5511137, 41.2256666 ], [ 140.5514637, 41.2257566 ], [ 140.5516237, 41.2257766 ], [ 140.5519237, 41.2257766 ], [ 140.5520937, 41.2257666 ], [ 140.5523437, 41.2257266 ], [ 140.5526737, 41.2256166 ], [ 140.5528137, 41.2255466 ], [ 140.5529237, 41.2254666 ], [ 140.5530437, 41.2253266 ], [ 140.5532637, 41.2249966 ], [ 140.5533337, 41.2248966 ], [ 140.5535337, 41.2246766 ], [ 140.5538437, 41.2244066 ], [ 140.5540037, 41.2242666 ], [ 140.5541537, 41.2241166 ], [ 140.5543237, 41.2239866 ], [ 140.5544738, 41.2239066 ], [ 140.5546738, 41.2238466 ], [ 140.5548838, 41.2238166 ], [ 140.5552037, 41.2238066 ], [ 140.5554637, 41.2238266 ], [ 140.5563737, 41.2239666 ], [ 140.5565637, 41.2240166 ], [ 140.5567937, 41.2240766 ], [ 140.5571437, 41.2241966 ], [ 140.5575237, 41.2242866 ], [ 140.5579237, 41.2244066 ], [ 140.5581137, 41.2244466 ], [ 140.5583237, 41.2244766 ], [ 140.5584737, 41.2244666 ], [ 140.5589837, 41.2243766 ], [ 140.5592137, 41.2243566 ], [ 140.5594837, 41.2242866 ], [ 140.5598537, 41.2241766 ], [ 140.5599937, 41.2241366 ], [ 140.5601137, 41.2241266 ], [ 140.5602637, 41.2241566 ], [ 140.5603937, 41.2242066 ], [ 140.5605337, 41.2242366 ], [ 140.5606437, 41.2242166 ], [ 140.5607437, 41.2241766 ], [ 140.5608237, 41.2241366 ], [ 140.5612037, 41.2239366 ], [ 140.5613737, 41.2238666 ], [ 140.5615537, 41.2238366 ], [ 140.5618537, 41.2238166 ], [ 140.5621637, 41.2238366 ], [ 140.5624037, 41.2238666 ], [ 140.5625937, 41.2239066 ], [ 140.5627937, 41.2239566 ], [ 140.5629537, 41.2240166 ], [ 140.5630837, 41.2240866 ], [ 140.5632137, 41.2241966 ], [ 140.5633937, 41.2243666 ], [ 140.5635137, 41.2244966 ], [ 140.5636537, 41.2246366 ], [ 140.5637037, 41.2247366 ], [ 140.5637937, 41.2249966 ], [ 140.5638637, 41.2251266 ], [ 140.5639337, 41.2252166 ], [ 140.5640137, 41.2252466 ], [ 140.5641237, 41.2252466 ], [ 140.5641937, 41.2252266 ], [ 140.5643537, 41.2251266 ], [ 140.5644337, 41.2250466 ], [ 140.5644837, 41.2249966 ], [ 140.5645837, 41.2248966 ], [ 140.5647537, 41.2247666 ], [ 140.5648437, 41.2247266 ], [ 140.5649437, 41.2247066 ], [ 140.5652637, 41.2246866 ], [ 140.5654037, 41.2246666 ], [ 140.5654937, 41.2246266 ], [ 140.5655837, 41.2245766 ], [ 140.5656637, 41.2245066 ], [ 140.5657537, 41.2244266 ], [ 140.5658137, 41.2243766 ], [ 140.5660137, 41.2241866 ], [ 140.5663637, 41.2237666 ], [ 140.5665737, 41.2234966 ], [ 140.5666437, 41.2234566 ], [ 140.5667437, 41.2234266 ], [ 140.5667937, 41.2234066 ], [ 140.5670937, 41.2233466 ], [ 140.5674137, 41.2233166 ], [ 140.5676637, 41.2233066 ], [ 140.5678337, 41.2233066 ], [ 140.5679237, 41.2233166 ], [ 140.5680337, 41.2233266 ], [ 140.5681637, 41.2234066 ], [ 140.5683937, 41.2235766 ], [ 140.5684937, 41.2236366 ], [ 140.5685937, 41.2236866 ], [ 140.5687537, 41.2237066 ], [ 140.5689737, 41.2237066 ], [ 140.5691337, 41.2236666 ], [ 140.5691737, 41.2236466 ], [ 140.5693037, 41.2235566 ], [ 140.5693837, 41.2234866 ], [ 140.5696837, 41.2232666 ], [ 140.5699037, 41.2231266 ], [ 140.5700837, 41.2230366 ], [ 140.5702837, 41.2229566 ], [ 140.5706437, 41.2228766 ], [ 140.5707937, 41.2228566 ], [ 140.5717637, 41.2228366 ], [ 140.5722737, 41.2228766 ], [ 140.5733037, 41.2229066 ], [ 140.5743737, 41.2229466 ], [ 140.5744737, 41.2229366 ], [ 140.5749237, 41.2228666 ], [ 140.5753737, 41.2227966 ], [ 140.5756437, 41.2227666 ], [ 140.5758237, 41.2227566 ], [ 140.5760237, 41.2227166 ], [ 140.5762137, 41.2226766 ], [ 140.5764237, 41.2225966 ], [ 140.5766237, 41.2224866 ], [ 140.5767637, 41.2224066 ], [ 140.5776537, 41.2218666 ], [ 140.5778837, 41.2217666 ], [ 140.5782637, 41.2216666 ], [ 140.5787937, 41.2215666 ], [ 140.5793337, 41.2214866 ], [ 140.5797037, 41.2213866 ], [ 140.5799437, 41.2213366 ], [ 140.5802637, 41.2212466 ], [ 140.5805437, 41.2211766 ], [ 140.5810837, 41.2210366 ], [ 140.5817237, 41.2208266 ], [ 140.5819437, 41.2207066 ], [ 140.5821237, 41.2205866 ], [ 140.5822437, 41.2204866 ], [ 140.5824337, 41.2203066 ], [ 140.5827837, 41.2199266 ], [ 140.5829837, 41.2197566 ], [ 140.5831037, 41.2196866 ], [ 140.5832437, 41.2196166 ], [ 140.5834037, 41.2195666 ], [ 140.5834737, 41.2195366 ], [ 140.5837737, 41.2194666 ], [ 140.5840437, 41.2193766 ], [ 140.5842637, 41.2192566 ], [ 140.5844537, 41.2191366 ], [ 140.5845737, 41.2190466 ], [ 140.5851037, 41.2186666 ], [ 140.5855737, 41.2183266 ], [ 140.5857937, 41.2181666 ], [ 140.5862037, 41.2178966 ], [ 140.5864737, 41.2177466 ], [ 140.5867337, 41.2176066 ], [ 140.5874537, 41.2172166 ], [ 140.5878137, 41.2169566 ], [ 140.5881137, 41.2167966 ], [ 140.5884337, 41.2166865 ], [ 140.5885737, 41.2166365 ], [ 140.5888037, 41.2165665 ], [ 140.5891637, 41.2164765 ], [ 140.5895437, 41.2163965 ], [ 140.5899337, 41.2163465 ], [ 140.5907737, 41.2161765 ], [ 140.5917037, 41.2159865 ], [ 140.5921737, 41.2159365 ], [ 140.5926137, 41.2158965 ], [ 140.5929637, 41.2158865 ], [ 140.5936137, 41.2158965 ], [ 140.5938937, 41.2158865 ], [ 140.5941137, 41.2158865 ], [ 140.5942737, 41.2158665 ], [ 140.5944637, 41.2158065 ], [ 140.5952437, 41.2154565 ], [ 140.5954437, 41.2153765 ], [ 140.5956337, 41.2153165 ], [ 140.5957337, 41.2153065 ], [ 140.5959137, 41.2152965 ], [ 140.5963737, 41.2153665 ], [ 140.5966837, 41.2153665 ], [ 140.5968537, 41.2153465 ], [ 140.5981637, 41.2150565 ], [ 140.6001137, 41.2146565 ], [ 140.6008637, 41.2144965 ], [ 140.6020537, 41.2142565 ], [ 140.6026637, 41.2141265 ], [ 140.6030337, 41.2140265 ], [ 140.6032037, 41.2139665 ], [ 140.6034137, 41.2138865 ], [ 140.6036137, 41.2137865 ], [ 140.6040937, 41.2134465 ], [ 140.6043037, 41.2132965 ], [ 140.6046537, 41.2130265 ], [ 140.6048637, 41.2128365 ], [ 140.6063737, 41.2115365 ], [ 140.6067837, 41.2111965 ], [ 140.6069938, 41.2109565 ], [ 140.6071738, 41.2106665 ], [ 140.6072838, 41.2105165 ], [ 140.6074538, 41.2102565 ], [ 140.6076638, 41.2100065 ], [ 140.6079538, 41.2097165 ], [ 140.6083738, 41.2092365 ], [ 140.6086538, 41.2088265 ], [ 140.6089038, 41.2084665 ], [ 140.6090238, 41.2083265 ], [ 140.6091538, 41.2081865 ], [ 140.6093338, 41.2080065 ], [ 140.6095638, 41.2077465 ], [ 140.6096938, 41.2075465 ], [ 140.6097638, 41.2074065 ], [ 140.6098238, 41.2072865 ], [ 140.6100438, 41.2067665 ], [ 140.6105238, 41.2057465 ], [ 140.6106538, 41.2054865 ], [ 140.6108538, 41.2050865 ], [ 140.6110438, 41.2047665 ], [ 140.6111038, 41.2046165 ], [ 140.6112138, 41.2042465 ], [ 140.6116938, 41.2032065 ], [ 140.6118638, 41.2029265 ], [ 140.6120238, 41.2027165 ], [ 140.6121638, 41.2025465 ], [ 140.6124138, 41.2022865 ], [ 140.6125838, 41.2020965 ], [ 140.6130438, 41.2016165 ], [ 140.6133638, 41.2011765 ], [ 140.6136338, 41.2008065 ], [ 140.6137538, 41.2006465 ], [ 140.6138838, 41.2005265 ], [ 140.6140438, 41.2003765 ], [ 140.6145738, 41.1999665 ], [ 140.6147538, 41.1998365 ], [ 140.6149038, 41.1997265 ], [ 140.6150138, 41.1996265 ], [ 140.6150838, 41.1995365 ], [ 140.6152638, 41.1993065 ], [ 140.6153938, 41.1991465 ], [ 140.6156238, 41.1989165 ], [ 140.6157738, 41.1987465 ], [ 140.6161138, 41.1984265 ], [ 140.6163238, 41.1982365 ], [ 140.6166338, 41.1979465 ], [ 140.6167338, 41.1978565 ], [ 140.6168138, 41.1977865 ], [ 140.6171538, 41.1974065 ], [ 140.6174938, 41.1970065 ], [ 140.6176438, 41.1968465 ], [ 140.6178038, 41.1966865 ], [ 140.6179538, 41.1965765 ], [ 140.6181138, 41.1964865 ], [ 140.6183938, 41.1963365 ], [ 140.6188638, 41.1961065 ], [ 140.6194038, 41.1958665 ], [ 140.6201138, 41.1956065 ], [ 140.6206338, 41.1954565 ], [ 140.6209838, 41.1953365 ], [ 140.6211238, 41.1952965 ], [ 140.6214438, 41.1952265 ], [ 140.6217738, 41.1951165 ], [ 140.6220838, 41.1949665 ], [ 140.6223638, 41.1948065 ], [ 140.6236238, 41.1940465 ], [ 140.6240638, 41.1937765 ], [ 140.6244038, 41.1936065 ], [ 140.6245938, 41.1935465 ], [ 140.6248438, 41.1934965 ], [ 140.6250338, 41.1934265 ], [ 140.6251538, 41.1933565 ], [ 140.6252438, 41.1932865 ], [ 140.6254738, 41.1930265 ], [ 140.6257238, 41.1928465 ], [ 140.6259038, 41.1927265 ], [ 140.6261438, 41.1926065 ], [ 140.6264638, 41.1924765 ], [ 140.6268338, 41.1924065 ], [ 140.6275538, 41.1922665 ], [ 140.6282438, 41.1921065 ], [ 140.6288238, 41.1920065 ], [ 140.6292838, 41.1919265 ], [ 140.6297938, 41.1918365 ], [ 140.6302038, 41.1917465 ], [ 140.6305338, 41.1916165 ], [ 140.6307938, 41.1914865 ], [ 140.6310338, 41.1913565 ], [ 140.6316838, 41.1910165 ], [ 140.6321138, 41.1907065 ], [ 140.6325638, 41.1903765 ], [ 140.6328738, 41.1901465 ], [ 140.6330338, 41.1900065 ], [ 140.6331338, 41.1898765 ], [ 140.6332338, 41.1897265 ], [ 140.6333238, 41.1895565 ], [ 140.6333538, 41.1894865 ], [ 140.6335138, 41.1890765 ], [ 140.6336438, 41.1887165 ], [ 140.6337938, 41.1884265 ], [ 140.6340638, 41.1880565 ], [ 140.6342638, 41.1878865 ], [ 140.6346138, 41.1876165 ], [ 140.6351038, 41.1872665 ], [ 140.6353638, 41.1870565 ], [ 140.6355438, 41.1868865 ], [ 140.6358038, 41.1865665 ], [ 140.6360138, 41.1862765 ], [ 140.6361838, 41.1860365 ], [ 140.6363938, 41.1857565 ], [ 140.6366238, 41.1854665 ], [ 140.6369138, 41.1851065 ], [ 140.6374138, 41.1845365 ], [ 140.6376438, 41.1842865 ], [ 140.6377538, 41.1841665 ], [ 140.6378538, 41.1840065 ], [ 140.6379538, 41.1837865 ], [ 140.6380038, 41.1835965 ], [ 140.6380338, 41.1834665 ], [ 140.6380438, 41.1833465 ], [ 140.6380538, 41.1832165 ], [ 140.6380538, 41.1830765 ], [ 140.6380238, 41.1821865 ], [ 140.6380238, 41.1820765 ], [ 140.6380338, 41.1819265 ], [ 140.6380738, 41.1817865 ], [ 140.6381238, 41.1816165 ], [ 140.6386338, 41.1800565 ], [ 140.6391738, 41.1785465 ], [ 140.6397238, 41.1770364 ], [ 140.6402538, 41.1755664 ], [ 140.6404738, 41.1749964 ], [ 140.6407538, 41.1742564 ], [ 140.6410038, 41.1735564 ], [ 140.6411138, 41.1732064 ], [ 140.6412138, 41.1728364 ], [ 140.6412738, 41.1725864 ], [ 140.6413238, 41.1723164 ], [ 140.6413538, 41.1720664 ], [ 140.6413538, 41.1717664 ], [ 140.6413538, 41.1716264 ], [ 140.6413438, 41.1714764 ], [ 140.6413238, 41.1713364 ], [ 140.6412838, 41.1710564 ], [ 140.6412338, 41.1708264 ], [ 140.6412038, 41.1706864 ], [ 140.6406538, 41.1682664 ], [ 140.6403438, 41.1669264 ], [ 140.6401738, 41.1661564 ], [ 140.6400538, 41.1657264 ], [ 140.6400138, 41.1655864 ], [ 140.6399538, 41.1654464 ], [ 140.6398338, 41.1651664 ], [ 140.6396938, 41.1648964 ], [ 140.6395138, 41.1646264 ], [ 140.6393238, 41.1643764 ], [ 140.6391138, 41.1640964 ], [ 140.6388038, 41.1637464 ], [ 140.6382038, 41.1630964 ], [ 140.6380038, 41.1628564 ], [ 140.6378138, 41.1626464 ], [ 140.6376638, 41.1624564 ], [ 140.6375338, 41.1622464 ], [ 140.6374638, 41.1621164 ], [ 140.6374038, 41.1619164 ], [ 140.6373638, 41.1617864 ], [ 140.6373338, 41.1616464 ], [ 140.6372638, 41.1612364 ], [ 140.6372238, 41.1609464 ], [ 140.6370938, 41.1599064 ], [ 140.6370438, 41.1594864 ], [ 140.6369738, 41.1587864 ], [ 140.6369138, 41.1583264 ], [ 140.6367338, 41.1570464 ], [ 140.6366238, 41.1562964 ], [ 140.6365938, 41.1558064 ], [ 140.6364738, 41.1548664 ], [ 140.6363438, 41.1538464 ], [ 140.6362238, 41.1531264 ], [ 140.6361838, 41.1525864 ], [ 140.6361238, 41.1521064 ], [ 140.6360939, 41.1517964 ], [ 140.6360439, 41.1513464 ], [ 140.6360339, 41.1509464 ], [ 140.6360539, 41.1507864 ], [ 140.6361439, 41.1504364 ], [ 140.6363039, 41.1500064 ], [ 140.6363739, 41.1498364 ], [ 140.6365939, 41.1492464 ], [ 140.6368439, 41.1486264 ], [ 140.6369439, 41.1483464 ], [ 140.6370039, 41.1481464 ], [ 140.6370839, 41.1478464 ], [ 140.6370939, 41.1475864 ], [ 140.6370839, 41.1473464 ], [ 140.6370339, 41.1470164 ], [ 140.6369839, 41.1467364 ], [ 140.6367939, 41.1464264 ], [ 140.6367539, 41.1463464 ], [ 140.6360839, 41.1446064 ], [ 140.6354039, 41.1427664 ], [ 140.6350139, 41.1415164 ], [ 140.6344839, 41.1402364 ], [ 140.6342339, 41.1396864 ], [ 140.6335039, 41.1380664 ], [ 140.6333339, 41.1377464 ], [ 140.6329739, 41.1370264 ], [ 140.6328439, 41.1367264 ], [ 140.6326339, 41.1362764 ], [ 140.6326039, 41.1362064 ], [ 140.6325639, 41.1360764 ], [ 140.6324839, 41.1357564 ], [ 140.6324139, 41.1354664 ], [ 140.6323039, 41.1347164 ], [ 140.6322439, 41.1344064 ], [ 140.6321639, 41.1339664 ], [ 140.6321239, 41.1336564 ], [ 140.6320239, 41.1331764 ], [ 140.6315939, 41.1310464 ], [ 140.6315039, 41.1305864 ], [ 140.6314339, 41.1299364 ], [ 140.6314239, 41.1297764 ], [ 140.6314339, 41.1293664 ], [ 140.6314939, 41.1290864 ], [ 140.6315739, 41.1288064 ], [ 140.6318139, 41.1281864 ], [ 140.6319039, 41.1279264 ], [ 140.6320039, 41.1276364 ], [ 140.6321139, 41.1273064 ], [ 140.6321739, 41.1270064 ], [ 140.6321839, 41.1267564 ], [ 140.6321539, 41.1266464 ], [ 140.6321339, 41.1265364 ], [ 140.6320839, 41.1262364 ], [ 140.6320139, 41.1258364 ], [ 140.6318639, 41.1251664 ], [ 140.6317739, 41.1248164 ], [ 140.6313939, 41.1233164 ], [ 140.6311839, 41.1224864 ], [ 140.6308939, 41.1213864 ], [ 140.6302639, 41.1189063 ], [ 140.6300439, 41.1179163 ], [ 140.6299939, 41.1176063 ], [ 140.6299639, 41.1169863 ], [ 140.6299839, 41.1167563 ], [ 140.6300039, 41.1165163 ], [ 140.6300539, 41.1162363 ], [ 140.6301139, 41.1160163 ], [ 140.6302039, 41.1157563 ], [ 140.6302939, 41.1155263 ], [ 140.6304039, 41.1153263 ], [ 140.6305439, 41.1151063 ], [ 140.6308939, 41.1145963 ], [ 140.6311739, 41.1142063 ], [ 140.6313739, 41.1139363 ], [ 140.6316039, 41.1136363 ], [ 140.6317039, 41.1133863 ], [ 140.6318539, 41.1131763 ], [ 140.6319639, 41.1130463 ], [ 140.6321239, 41.1127663 ], [ 140.6323439, 41.1124763 ], [ 140.6324339, 41.1123263 ], [ 140.6326439, 41.1119863 ], [ 140.6327539, 41.1117263 ], [ 140.6328339, 41.1114863 ], [ 140.6328639, 41.1112363 ], [ 140.6328739, 41.1108563 ], [ 140.6328339, 41.1104463 ], [ 140.6327839, 41.1101563 ], [ 140.6327439, 41.1099263 ], [ 140.6326839, 41.1096563 ], [ 140.6325939, 41.1091963 ], [ 140.6324839, 41.1086763 ], [ 140.6324239, 41.1083263 ], [ 140.6323539, 41.1078663 ], [ 140.6322939, 41.1073263 ], [ 140.6322539, 41.1069063 ], [ 140.6322339, 41.1066463 ], [ 140.6321939, 41.1062863 ], [ 140.6321839, 41.1059263 ], [ 140.6321539, 41.1056263 ], [ 140.6321439, 41.1053963 ], [ 140.6321139, 41.1052163 ], [ 140.6320039, 41.1046663 ], [ 140.6319239, 41.1043763 ], [ 140.6318839, 41.1040563 ], [ 140.6318539, 41.1037863 ], [ 140.6317539, 41.1029963 ], [ 140.6316339, 41.1020663 ], [ 140.6315339, 41.1012863 ], [ 140.6314739, 41.1008063 ], [ 140.631394, 41.1000363 ], [ 140.631384, 41.0998163 ], [ 140.631384, 41.0989463 ], [ 140.631394, 41.0983763 ], [ 140.631334, 41.0978563 ], [ 140.631294, 41.0976763 ], [ 140.631294, 41.0973663 ], [ 140.631384, 41.0969563 ], [ 140.631504, 41.0964963 ], [ 140.631624, 41.0959263 ], [ 140.631614, 41.0957863 ], [ 140.631664, 41.0955063 ], [ 140.631854, 41.0948463 ], [ 140.632084, 41.0942663 ], [ 140.632084, 41.0938963 ], [ 140.631954, 41.0930363 ], [ 140.631974, 41.0928463 ], [ 140.632014, 41.0927563 ], [ 140.632084, 41.0926263 ], [ 140.632394, 41.0920263 ], [ 140.632434, 41.0918963 ], [ 140.632484, 41.0916663 ], [ 140.632584, 41.0912463 ], [ 140.632634, 41.0909763 ], [ 140.632794, 41.0902863 ], [ 140.632854, 41.0900563 ], [ 140.632934, 41.0894263 ], [ 140.632954, 41.0892263 ], [ 140.633064, 41.0884863 ], [ 140.633174, 41.0877363 ], [ 140.633224, 41.0875763 ], [ 140.633334, 41.0873163 ], [ 140.633404, 41.0871763 ], [ 140.633444, 41.0869763 ], [ 140.633444, 41.0866163 ], [ 140.633364, 41.0859663 ], [ 140.633334, 41.0858763 ], [ 140.633274, 41.0856263 ], [ 140.633274, 41.0854363 ], [ 140.633324, 41.0852863 ], [ 140.633354, 41.0851663 ], [ 140.633444, 41.0848863 ], [ 140.633474, 41.0847863 ], [ 140.633514, 41.0844663 ], [ 140.633544, 41.0843463 ], [ 140.633624, 41.0838763 ], [ 140.633624, 41.0833263 ], [ 140.633634, 41.0829463 ], [ 140.633674, 41.0828363 ], [ 140.633854, 41.0823263 ], [ 140.633924, 41.0821263 ], [ 140.634024, 41.0818263 ], [ 140.634104, 41.0814863 ], [ 140.634124, 41.0812963 ], [ 140.634404, 41.0806863 ], [ 140.634504, 41.0805163 ], [ 140.634554, 41.0803963 ], [ 140.634594, 41.0802963 ], [ 140.634644, 41.0801063 ], [ 140.634634, 41.0797163 ], [ 140.634584, 41.0794563 ], [ 140.634464, 41.0789863 ], [ 140.634464, 41.0784663 ], [ 140.634494, 41.0783063 ], [ 140.634664, 41.0777963 ], [ 140.634884, 41.0772263 ], [ 140.635164, 41.0765863 ], [ 140.635324, 41.0762663 ], [ 140.635444, 41.0760763 ], [ 140.635594, 41.0758963 ], [ 140.635784, 41.0756763 ], [ 140.636344, 41.0750163 ], [ 140.636394, 41.0749463 ], [ 140.636504, 41.0747563 ], [ 140.636584, 41.0746063 ], [ 140.636784, 41.0741063 ], [ 140.636874, 41.0737163 ], [ 140.636994, 41.0730463 ], [ 140.637064, 41.0726563 ], [ 140.637394, 41.0705263 ], [ 140.637514, 41.0697363 ], [ 140.637594, 41.0691963 ], [ 140.637734, 41.0685063 ], [ 140.637834, 41.0679563 ], [ 140.637884, 41.0675363 ], [ 140.638024, 41.0666663 ], [ 140.638144, 41.0659063 ], [ 140.638214, 41.0653863 ], [ 140.638244, 41.0649163 ], [ 140.638264, 41.0646263 ], [ 140.638224, 41.0641463 ], [ 140.638214, 41.0637463 ], [ 140.638214, 41.0634463 ], [ 140.638214, 41.0631463 ], [ 140.638214, 41.0630763 ], [ 140.638224, 41.0629263 ], [ 140.638254, 41.0627563 ], [ 140.638334, 41.0625863 ], [ 140.638444, 41.0624163 ], [ 140.639234, 41.0611363 ], [ 140.639884, 41.0600963 ], [ 140.640494, 41.0591363 ], [ 140.640784, 41.0587463 ], [ 140.641104, 41.0583263 ], [ 140.641364, 41.0579863 ], [ 140.641524, 41.0577963 ], [ 140.641674, 41.0576063 ], [ 140.641834, 41.0573763 ], [ 140.642104, 41.0569863 ], [ 140.642264, 41.0566763 ], [ 140.642354, 41.0564263 ], [ 140.642394, 41.0560663 ], [ 140.642414, 41.0557563 ], [ 140.642414, 41.0555363 ], [ 140.642424, 41.0549063 ], [ 140.642454, 41.0542563 ], [ 140.642504, 41.0538863 ], [ 140.642634, 41.0532863 ], [ 140.6427368, 41.0529621 ], [ 140.642794, 41.0527563 ], [ 140.643054, 41.0518363 ], [ 140.643304, 41.0509263 ], [ 140.643454, 41.0504663 ], [ 140.643564, 41.0499963 ], [ 140.643634, 41.0496763 ], [ 140.643704, 41.0493663 ], [ 140.643844, 41.0488863 ], [ 140.643874, 41.0487063 ], [ 140.643854, 41.0482163 ], [ 140.6437354, 41.0476708 ], [ 140.643625, 41.0467583 ] ] } },
{ "type": "Feature", "properties": { "N12_001": "02", "N12_002": 2, "N12_003": 3, "N12_004": "一般国道338号", "N12_005": 14, "N12_006": 1 }, "geometry": { "type": "LineString", "coordinates": [ [ 141.156103, 41.2784966 ], [ 141.1559254, 41.2786795 ], [ 141.155793, 41.2788566 ], [ 141.155633, 41.2791166 ], [ 141.155523, 41.2793366 ], [ 141.155493, 41.2794266 ], [ 141.155463, 41.2795466 ], [ 141.155403, 41.2799466 ], [ 141.155393, 41.2800466 ], [ 141.155383, 41.2801166 ], [ 141.155343, 41.2802266 ], [ 141.155203, 41.2804166 ], [ 141.155103, 41.2805366 ], [ 141.155043, 41.2805966 ], [ 141.154923, 41.2808066 ], [ 141.156283, 41.2822266 ], [ 141.156433, 41.2823866 ], [ 141.156633, 41.2825966 ], [ 141.156703, 41.2827066 ], [ 141.156733, 41.2827466 ], [ 141.156873, 41.2829466 ], [ 141.157083, 41.2833066 ], [ 141.157393, 41.2838366 ], [ 141.157433, 41.2839366 ], [ 141.157793, 41.2846066 ], [ 141.158333, 41.2855166 ], [ 141.158673, 41.2861166 ], [ 141.158903, 41.2864266 ], [ 141.159123, 41.2867566 ], [ 141.159313, 41.2869866 ], [ 141.159593, 41.2872766 ], [ 141.160173, 41.2876366 ], [ 141.160373, 41.2877466 ], [ 141.160663, 41.2878966 ], [ 141.160753, 41.2879266 ], [ 141.161213, 41.2881566 ], [ 141.161693, 41.2883666 ], [ 141.161933, 41.2884966 ], [ 141.162003, 41.2885266 ], [ 141.162143, 41.2885966 ], [ 141.162543, 41.2887866 ], [ 141.163033, 41.2890366 ], [ 141.163193, 41.2891166 ], [ 141.163443, 41.2892466 ], [ 141.163953, 41.2895766 ], [ 141.164133, 41.2896966 ], [ 141.164393, 41.2898866 ], [ 141.1648329, 41.2902066 ], [ 141.1655229, 41.2906566 ], [ 141.1659729, 41.2909566 ], [ 141.1662729, 41.2911366 ], [ 141.1663229, 41.2911566 ], [ 141.1664229, 41.2911966 ], [ 141.1666629, 41.2912766 ], [ 141.1669129, 41.2913566 ], [ 141.1670529, 41.2913866 ], [ 141.1671629, 41.2914066 ], [ 141.1674929, 41.2914466 ], [ 141.1678329, 41.2914766 ], [ 141.1680029, 41.2914866 ], [ 141.1680929, 41.2914866 ], [ 141.1683129, 41.2914766 ], [ 141.1688529, 41.2914966 ], [ 141.1690729, 41.2915067 ], [ 141.1705029, 41.2915267 ], [ 141.1709429, 41.2915467 ], [ 141.1725329, 41.2915767 ], [ 141.1734829, 41.2915867 ], [ 141.1738729, 41.2915967 ], [ 141.1745529, 41.2916067 ], [ 141.1749829, 41.2916167 ], [ 141.1754329, 41.2916167 ], [ 141.1759829, 41.2916267 ], [ 141.1762529, 41.2916467 ], [ 141.1766229, 41.2916667 ], [ 141.1770829, 41.2916967 ], [ 141.1773929, 41.2917367 ], [ 141.1776929, 41.2917967 ], [ 141.1779729, 41.2918867 ], [ 141.1783729, 41.2920667 ], [ 141.1785529, 41.2921667 ], [ 141.1788729, 41.2923267 ], [ 141.1793029, 41.2925367 ], [ 141.1793829, 41.2925767 ], [ 141.1797829, 41.2927767 ], [ 141.1802029, 41.2929667 ], [ 141.1806529, 41.2931467 ], [ 141.1807629, 41.2931867 ], [ 141.1833329, 41.2943667 ], [ 141.1836729, 41.2945267 ], [ 141.1869729, 41.2958867 ], [ 141.1886129, 41.2965667 ], [ 141.1892729, 41.2968067 ], [ 141.1903529, 41.2972167 ], [ 141.1905129, 41.2972767 ], [ 141.1917328, 41.2976667 ], [ 141.1924482, 41.2978233 ], [ 141.1932382, 41.2980533 ], [ 141.1947782, 41.2984833 ], [ 141.1949682, 41.2985433 ], [ 141.1960082, 41.2988433 ], [ 141.1967682, 41.2990333 ], [ 141.1977082, 41.2992634 ], [ 141.1982482, 41.2994434 ], [ 141.1983982, 41.2994934 ], [ 141.1986682, 41.2995934 ], [ 141.1994082, 41.2998534 ], [ 141.1998482, 41.3000634 ], [ 141.2003282, 41.3003034 ], [ 141.2009582, 41.3006334 ], [ 141.2012082, 41.3007534 ], [ 141.2013682, 41.3008334 ], [ 141.2016882, 41.3009834 ], [ 141.2022382, 41.3012934 ], [ 141.2023482, 41.3013534 ], [ 141.2034782, 41.3019034 ], [ 141.2044981, 41.3024134 ], [ 141.2049181, 41.3026234 ], [ 141.2056681, 41.3029834 ], [ 141.2060681, 41.3031934 ], [ 141.2064681, 41.3033434 ], [ 141.2067781, 41.3034334 ], [ 141.2070681, 41.3035134 ], [ 141.2075381, 41.3036034 ], [ 141.2078181, 41.3036634 ], [ 141.2083328, 41.3037967 ], [ 141.2090928, 41.3038867 ], [ 141.2096328, 41.3039667 ], [ 141.2105728, 41.3041167 ], [ 141.2114728, 41.3042567 ], [ 141.2126028, 41.3044267 ], [ 141.2137628, 41.3045967 ], [ 141.2139528, 41.3046167 ], [ 141.2141928, 41.3046467 ], [ 141.2144028, 41.3046667 ], [ 141.2151127, 41.3047267 ], [ 141.2159027, 41.3047867 ], [ 141.2167027, 41.3048567 ], [ 141.2168627, 41.3048667 ], [ 141.2177927, 41.3049467 ], [ 141.2192227, 41.3050567 ], [ 141.2199527, 41.3051267 ] ] } },
{ "type": "Feature", "properties": { "N12_001": "02", "N12_002": 2, "N12_003": 3, "N12_004": "一般国道338号", "N12_005": 14, "N12_006": 2 }, "geometry": { "type": "LineString", "coordinates": [ [ 141.1849129, 41.2875367 ], [ 141.1853229, 41.2878567 ], [ 141.1857829, 41.2883267 ], [ 141.1862529, 41.2888067 ], [ 141.1864929, 41.2890167 ], [ 141.1867429, 41.2891867 ], [ 141.1870329, 41.2893467 ], [ 141.1873229, 41.2894767 ], [ 141.1876829, 41.2896267 ], [ 141.1877529, 41.2896567 ], [ 141.1880629, 41.2897567 ], [ 141.1882429, 41.2898067 ], [ 141.1884729, 41.2898767 ], [ 141.1885729, 41.2899067 ], [ 141.1892729, 41.2901767 ], [ 141.1901129, 41.2905767 ], [ 141.1902029, 41.2906167 ], [ 141.1911529, 41.2911067 ], [ 141.1914729, 41.2913267 ], [ 141.1915429, 41.2913767 ], [ 141.1916029, 41.2914067 ], [ 141.1919829, 41.2915067 ], [ 141.1924629, 41.2916667 ], [ 141.1926129, 41.2917067 ], [ 141.1933228, 41.2919467 ], [ 141.1934928, 41.2919967 ], [ 141.1940928, 41.2921867 ], [ 141.1945528, 41.2923267 ], [ 141.1950128, 41.2924567 ], [ 141.1952728, 41.2924967 ], [ 141.1968728, 41.2925467 ], [ 141.1981428, 41.2925867 ], [ 141.1990928, 41.2926167 ], [ 141.1995628, 41.2926167 ], [ 141.2000021, 41.2926368 ], [ 141.200162, 41.2926068 ], [ 141.200252, 41.2925968 ], [ 141.2005417, 41.2925583 ], [ 141.2009728, 41.2925167 ], [ 141.2012875, 41.2925167 ], [ 141.2019042, 41.2925792 ], [ 141.2024517, 41.2926429 ], [ 141.2027249, 41.2926771 ], [ 141.202873, 41.2927067 ] ] } },
{ "type": "Feature", "properties": { "N12_001": "02", "N12_002": 2, "N12_003": 3, "N12_004": "一般国道338号", "N12_005": 14, "N12_006": 3 }, "geometry": { "type": "LineString", "coordinates": [ [ 141.2206227, 41.2932167 ], [ 141.2210127, 41.2931767 ], [ 141.2218627, 41.2931467 ], [ 141.2230027, 41.2930767 ], [ 141.2236027, 41.2930467 ], [ 141.2244727, 41.2929867 ], [ 141.2250027, 41.2929467 ], [ 141.2254027, 41.2929267 ], [ 141.2260227, 41.2928867 ], [ 141.2267227, 41.2928467 ], [ 141.2272527, 41.2928067 ], [ 141.2284727, 41.2927367 ], [ 141.2296827, 41.2926667 ], [ 141.2299127, 41.2926567 ], [ 141.2300727, 41.2926467 ], [ 141.2302427, 41.2926367 ], [ 141.2305227, 41.2926067 ], [ 141.2306727, 41.2924467 ], [ 141.2307727, 41.2922967 ], [ 141.2309227, 41.2919167 ], [ 141.2309327, 41.2918067 ], [ 141.2309427, 41.2916667 ], [ 141.2309527, 41.2915967 ], [ 141.2309827, 41.2914667 ], [ 141.2312427, 41.2910267 ], [ 141.2317327, 41.2903067 ], [ 141.2321527, 41.2899267 ], [ 141.2323027, 41.2896267 ], [ 141.2323927, 41.2893967 ], [ 141.2324127, 41.2891267 ], [ 141.2324227, 41.2886467 ], [ 141.2324427, 41.2885167 ], [ 141.2325227, 41.2883267 ], [ 141.2325727, 41.2882367 ], [ 141.2327527, 41.2879867 ], [ 141.2329627, 41.2877667 ], [ 141.2331827, 41.2875867 ], [ 141.2332627, 41.2875267 ], [ 141.2333327, 41.2874667 ], [ 141.2337226, 41.2872167 ], [ 141.2340226, 41.2870467 ], [ 141.2341026, 41.2870067 ], [ 141.2343326, 41.2868667 ], [ 141.2344426, 41.2868267 ], [ 141.2356856, 41.2863033 ], [ 141.2363226, 41.2859767 ], [ 141.2367726, 41.2857667 ], [ 141.2375726, 41.2854067 ], [ 141.2379326, 41.2852367 ], [ 141.2389026, 41.2848067 ], [ 141.2392226, 41.2846467 ], [ 141.2393526, 41.2845867 ], [ 141.2407326, 41.2839767 ], [ 141.2416726, 41.2835867 ], [ 141.2422726, 41.2833267 ], [ 141.2431626, 41.2829467 ], [ 141.2448526, 41.2822667 ], [ 141.2452626, 41.2821567 ], [ 141.2458426, 41.2820567 ], [ 141.2464226, 41.2819967 ], [ 141.2475526, 41.2819068 ], [ 141.2477726, 41.2818868 ], [ 141.2489526, 41.2817568 ], [ 141.2493626, 41.2816868 ], [ 141.2495226, 41.2816568 ], [ 141.2498626, 41.2816168 ], [ 141.2500026, 41.2815868 ], [ 141.2504626, 41.2815068 ], [ 141.2506526, 41.2814868 ], [ 141.2511625, 41.2813728 ], [ 141.2519425, 41.2814528 ], [ 141.2524425, 41.2815028 ], [ 141.2527225, 41.2815328 ], [ 141.2530525, 41.2815728 ], [ 141.2531725, 41.2815828 ], [ 141.2536025, 41.2816328 ], [ 141.2537725, 41.2816428 ], [ 141.2540525, 41.2816828 ], [ 141.2543425, 41.2817228 ], [ 141.2544725, 41.2817428 ], [ 141.2547425, 41.2818128 ], [ 141.2548825, 41.2818628 ], [ 141.2551318, 41.2820734 ], [ 141.2552118, 41.2821134 ], [ 141.2554418, 41.2822534 ], [ 141.2556118, 41.2823434 ], [ 141.2557418, 41.2823834 ], [ 141.2558118, 41.2824134 ], [ 141.2561218, 41.2824034 ], [ 141.2562018, 41.2824034 ], [ 141.2568818, 41.2823834 ], [ 141.2572118, 41.2823734 ], [ 141.2577118, 41.2823234 ], [ 141.2580218, 41.2822434 ], [ 141.2581118, 41.2822234 ], [ 141.2582718, 41.2821934 ], [ 141.2584318, 41.2821635 ], [ 141.2586918, 41.2820235 ], [ 141.2588118, 41.2819335 ], [ 141.2590518, 41.2816535 ], [ 141.2591818, 41.2814535 ], [ 141.2592918, 41.2812235 ], [ 141.2593218, 41.2810434 ], [ 141.2593218, 41.2808034 ], [ 141.2592718, 41.2806134 ], [ 141.2592618, 41.2805434 ], [ 141.2592318, 41.2803634 ], [ 141.2592218, 41.2800934 ], [ 141.2592618, 41.2800034 ], [ 141.2593418, 41.2798734 ], [ 141.2594618, 41.2797334 ], [ 141.2600825, 41.2793368 ], [ 141.2605225, 41.2789968 ], [ 141.2606325, 41.2788268 ], [ 141.2612525, 41.2775268 ], [ 141.2615325, 41.2770268 ], [ 141.2616625, 41.2768068 ], [ 141.2618925, 41.2764368 ], [ 141.2621025, 41.2760368 ], [ 141.2622325, 41.2758068 ], [ 141.2624025, 41.2755068 ], [ 141.2625525, 41.2752368 ], [ 141.2626825, 41.2749968 ], [ 141.2628725, 41.2746768 ], [ 141.2631125, 41.2742568 ], [ 141.2632425, 41.2740468 ], [ 141.2633425, 41.2739268 ], [ 141.2634225, 41.2738368 ], [ 141.2638225, 41.2734668 ], [ 141.2639225, 41.2734068 ], [ 141.2644425, 41.2731768 ], [ 141.2645725, 41.2731168 ], [ 141.2653125, 41.2728668 ], [ 141.2660925, 41.2726368 ], [ 141.2661225, 41.2726168 ], [ 141.2662125, 41.2725868 ], [ 141.2663325, 41.2725068 ], [ 141.2663925, 41.2724368 ], [ 141.2666125, 41.2721268 ], [ 141.2666725, 41.2720368 ], [ 141.2667925, 41.2718168 ], [ 141.2668725, 41.2716068 ], [ 141.2669825, 41.2713968 ], [ 141.2671025, 41.2712768 ], [ 141.2671425, 41.2712468 ], [ 141.2672925, 41.2711668 ], [ 141.2673925, 41.2711068 ], [ 141.2676825, 41.2710068 ], [ 141.2678425, 41.2709868 ], [ 141.2682925, 41.2708968 ], [ 141.2684425, 41.2708768 ], [ 141.2685825, 41.2708468 ], [ 141.2687025, 41.2708368 ], [ 141.2687625, 41.2708268 ], [ 141.2689425, 41.2707968 ], [ 141.2694225, 41.2707168 ], [ 141.2699024, 41.2706668 ], [ 141.2709824, 41.2705468 ], [ 141.2714824, 41.2705068 ], [ 141.2719024, 41.2704668 ], [ 141.2724724, 41.2704168 ], [ 141.2728324, 41.2703768 ], [ 141.2729524, 41.2703568 ], [ 141.2739024, 41.2701868 ], [ 141.2740724, 41.2701368 ], [ 141.2742424, 41.2700668 ], [ 141.2745624, 41.2698768 ], [ 141.2749224, 41.2696068 ], [ 141.2751524, 41.2694668 ], [ 141.2753524, 41.2694068 ], [ 141.2756424, 41.2693568 ], [ 141.2758024, 41.2693468 ], [ 141.2759924, 41.2693268 ], [ 141.2761724, 41.2692868 ], [ 141.2766424, 41.2692268 ], [ 141.2771024, 41.2691868 ], [ 141.2774824, 41.2691668 ], [ 141.2777524, 41.2691668 ], [ 141.2779924, 41.2692068 ], [ 141.2783724, 41.2692468 ], [ 141.2788524, 41.2692468 ], [ 141.2794024, 41.2692968 ], [ 141.2796624, 41.2693368 ], [ 141.2799124, 41.2693268 ], [ 141.2800424, 41.2692968 ], [ 141.2802824, 41.2692168 ], [ 141.2804824, 41.2691768 ], [ 141.2807824, 41.2691468 ], [ 141.2811524, 41.2690868 ], [ 141.2814924, 41.2689768 ], [ 141.2825224, 41.2687068 ], [ 141.2832824, 41.2685168 ], [ 141.2834324, 41.2684968 ], [ 141.2837024, 41.2684668 ], [ 141.2839424, 41.2684668 ], [ 141.2841524, 41.2685068 ], [ 141.2843924, 41.2685668 ], [ 141.2846324, 41.2686268 ], [ 141.2849724, 41.2686868 ], [ 141.2853224, 41.2686868 ], [ 141.2855124, 41.2686668 ], [ 141.2862724, 41.2683868 ], [ 141.2873623, 41.2679768 ], [ 141.2874023, 41.2679568 ], [ 141.2876023, 41.2678868 ], [ 141.2881423, 41.2676868 ], [ 141.2885923, 41.2675168 ], [ 141.2896323, 41.2671268 ], [ 141.2897023, 41.2671068 ], [ 141.2897723, 41.2670868 ], [ 141.2898923, 41.2670568 ], [ 141.2904223, 41.2669568 ], [ 141.2910223, 41.2668268 ], [ 141.2916923, 41.2666968 ], [ 141.2917723, 41.2666768 ], [ 141.2928123, 41.2664668 ], [ 141.2937723, 41.2662768 ], [ 141.2940223, 41.2662068 ], [ 141.2942323, 41.2661168 ], [ 141.2943823, 41.2660168 ], [ 141.2946323, 41.2657768 ], [ 141.2950723, 41.2654168 ], [ 141.2956023, 41.2649368 ], [ 141.2959723, 41.2646968 ], [ 141.2961623, 41.2646168 ], [ 141.2963323, 41.2645968 ], [ 141.2968723, 41.2645868 ], [ 141.2970623, 41.2646168 ], [ 141.2974223, 41.2646168 ], [ 141.2976423, 41.2645968 ], [ 141.2978623, 41.2645068 ], [ 141.2981223, 41.2643868 ], [ 141.2981523, 41.2643468 ], [ 141.2982123, 41.2642668 ], [ 141.2982323, 41.2642268 ], [ 141.2982323, 41.2636568 ], [ 141.2982723, 41.2636068 ], [ 141.2983523, 41.2635168 ], [ 141.2984823, 41.2634268 ], [ 141.2986523, 41.2633368 ], [ 141.2989323, 41.2632168 ], [ 141.2990723, 41.2631668 ], [ 141.3000023, 41.2628068 ], [ 141.3000823, 41.2627768 ], [ 141.3002223, 41.2627168 ], [ 141.3013723, 41.2622868 ], [ 141.3015123, 41.2622168 ], [ 141.3016923, 41.2621269 ], [ 141.3017223, 41.2620968 ], [ 141.3018723, 41.2618568 ], [ 141.3020623, 41.2615668 ], [ 141.3022123, 41.2613968 ], [ 141.3023523, 41.2612868 ], [ 141.3025823, 41.2611968 ], [ 141.3026423, 41.2611868 ], [ 141.3026923, 41.2611768 ], [ 141.3028523, 41.2611568 ], [ 141.3033723, 41.2610969 ], [ 141.3034623, 41.2610769 ], [ 141.3039223, 41.2609969 ], [ 141.3041023, 41.2609469 ], [ 141.3045523, 41.2607669 ], [ 141.3047423, 41.2606969 ], [ 141.3050923, 41.2605869 ], [ 141.3052423, 41.2605269 ], [ 141.3057923, 41.2603169 ], [ 141.3060523, 41.2602369 ], [ 141.3064023, 41.2601769 ], [ 141.3069523, 41.2601169 ], [ 141.3075123, 41.2601169 ], [ 141.3076723, 41.2601369 ], [ 141.3079023, 41.2601869 ], [ 141.3081323, 41.2602569 ], [ 141.3083322, 41.2603569 ], [ 141.3087222, 41.2605469 ], [ 141.3092522, 41.2608669 ], [ 141.3096722, 41.2611669 ], [ 141.3100422, 41.2614669 ], [ 141.3104522, 41.2618369 ], [ 141.3105422, 41.2619269 ], [ 141.3106122, 41.2619969 ], [ 141.3112322, 41.2624569 ], [ 141.3115722, 41.2627269 ], [ 141.3118922, 41.2629669 ], [ 141.3119622, 41.2630069 ], [ 141.3122922, 41.2632069 ], [ 141.3124722, 41.2632969 ], [ 141.3129022, 41.2634769 ], [ 141.3134322, 41.2636869 ], [ 141.3138822, 41.2638569 ], [ 141.3141122, 41.2639369 ], [ 141.3144422, 41.2639969 ], [ 141.3146122, 41.2640269 ], [ 141.3149722, 41.2640569 ], [ 141.3152822, 41.2640669 ], [ 141.3155822, 41.2640969 ], [ 141.3161722, 41.2642069 ], [ 141.3166222, 41.2642669 ], [ 141.3167122, 41.2642769 ], [ 141.3170022, 41.2642769 ], [ 141.3179722, 41.2641469 ], [ 141.3182222, 41.2641269 ], [ 141.3187322, 41.2640469 ], [ 141.3187822, 41.2640469 ], [ 141.3190222, 41.2640369 ], [ 141.3191022, 41.2640669 ], [ 141.3191722, 41.2640969 ], [ 141.3192522, 41.2641569 ], [ 141.3193122, 41.2641969 ], [ 141.3195322, 41.2644569 ], [ 141.3196622, 41.2645969 ], [ 141.3198122, 41.2646969 ], [ 141.3200722, 41.2648369 ], [ 141.3205422, 41.2650669 ], [ 141.3208722, 41.2652069 ], [ 141.3218122, 41.2655869 ], [ 141.3221521, 41.2656769 ], [ 141.3225621, 41.2658169 ], [ 141.3228421, 41.2659269 ], [ 141.3229421, 41.2659469 ], [ 141.3233721, 41.2661069 ], [ 141.3236321, 41.2662369 ], [ 141.3237821, 41.2663269 ], [ 141.3240521, 41.2665569 ], [ 141.3241521, 41.2666669 ], [ 141.3243121, 41.2668269 ], [ 141.3247221, 41.2671769 ], [ 141.3249821, 41.2674569 ], [ 141.3250021, 41.2674969 ], [ 141.3251021, 41.2676869 ], [ 141.3251921, 41.2679569 ], [ 141.3252821, 41.2682769 ], [ 141.3253708, 41.2683875 ], [ 141.3255583, 41.2686458 ], [ 141.3258083, 41.2688667 ], [ 141.3259606, 41.2689664 ], [ 141.3273367, 41.2696312 ], [ 141.327983, 41.2700558 ], [ 141.3282125, 41.2702667 ], [ 141.3285296, 41.2705837 ], [ 141.3288395, 41.2708796 ], [ 141.3291125, 41.2711042 ], [ 141.3294833, 41.2713292 ], [ 141.3296875, 41.2714208 ], [ 141.3301125, 41.2715708 ], [ 141.3303792, 41.2716333 ], [ 141.3308125, 41.2716958 ], [ 141.3312917, 41.2717083 ], [ 141.3315292, 41.2716917 ], [ 141.3319917, 41.2716167 ], [ 141.3322208, 41.2715583 ], [ 141.33265, 41.2714042 ], [ 141.3330521, 41.2711875 ], [ 141.3340208, 41.2705292 ], [ 141.3343921, 41.270337 ], [ 141.3346621, 41.270167 ], [ 141.3349621, 41.270027 ], [ 141.3351521, 41.269957 ], [ 141.3353321, 41.269897 ], [ 141.3356121, 41.269827 ], [ 141.3361221, 41.269747 ], [ 141.336682, 41.269667 ], [ 141.336962, 41.269607 ], [ 141.337532, 41.269447 ], [ 141.337652, 41.269407 ], [ 141.338392, 41.269167 ], [ 141.338672, 41.269057 ], [ 141.338718, 41.2690386 ], [ 141.338772, 41.269017 ], [ 141.339072, 41.268887 ], [ 141.339432, 41.268727 ], [ 141.339522, 41.268677 ], [ 141.339762, 41.268547 ], [ 141.340012, 41.268377 ], [ 141.340512, 41.267967 ], [ 141.340762, 41.267757 ], [ 141.340982, 41.267577 ], [ 141.341402, 41.267097 ], [ 141.341672, 41.266857 ], [ 141.341872, 41.266667 ], [ 141.342292, 41.266277 ], [ 141.342902, 41.265727 ], [ 141.343612, 41.265077 ], [ 141.344142, 41.264607 ], [ 141.344382, 41.264487 ], [ 141.344562, 41.264447 ], [ 141.344982, 41.264397 ], [ 141.345212, 41.264407 ], [ 141.345372, 41.264417 ], [ 141.345712, 41.264467 ], [ 141.346722, 41.264787 ], [ 141.347002, 41.264847 ], [ 141.347172, 41.264857 ], [ 141.347432, 41.264827 ], [ 141.348572, 41.264767 ], [ 141.348892, 41.264757 ], [ 141.349342, 41.264737 ], [ 141.349642, 41.264727 ], [ 141.350242, 41.264697 ], [ 141.351112, 41.264667 ], [ 141.351222, 41.264667 ], [ 141.352022, 41.264667 ], [ 141.352212, 41.264657 ], [ 141.352502, 41.264687 ], [ 141.352712, 41.264727 ], [ 141.352972, 41.264777 ], [ 141.353112, 41.264827 ], [ 141.353442, 41.264987 ], [ 141.353982, 41.265327 ], [ 141.354432, 41.265637 ], [ 141.354792, 41.265887 ], [ 141.354932, 41.265967 ], [ 141.355162, 41.266057 ], [ 141.355392, 41.266107 ], [ 141.355792, 41.266157 ], [ 141.356212, 41.266147 ], [ 141.357282, 41.266017 ], [ 141.357392, 41.265997 ], [ 141.357912, 41.265897 ], [ 141.358012, 41.265877 ], [ 141.358332, 41.265827 ], [ 141.359762, 41.265617 ], [ 141.360232, 41.265537 ], [ 141.360822, 41.265417 ], [ 141.361462, 41.265257 ], [ 141.361952, 41.265117 ], [ 141.362422, 41.264987 ], [ 141.362702, 41.264907 ], [ 141.3634903, 41.2646047 ], [ 141.3638403, 41.2645147 ], [ 141.3640503, 41.2644147 ], [ 141.3642503, 41.2642947 ], [ 141.3644403, 41.2641947 ], [ 141.3645603, 41.2641147 ], [ 141.3646703, 41.2640447 ], [ 141.3649603, 41.2638147 ], [ 141.3650903, 41.2636647 ], [ 141.3651903, 41.2634447 ], [ 141.3652603, 41.2632547 ], [ 141.3656413, 41.262579 ], [ 141.3656813, 41.262509 ], [ 141.3658213, 41.262269 ], [ 141.3659113, 41.262149 ], [ 141.3661513, 41.261909 ], [ 141.3662713, 41.261829 ], [ 141.3666593, 41.2616627 ], [ 141.3675793, 41.2612527 ], [ 141.3677993, 41.2611527 ], [ 141.3683893, 41.2608727 ], [ 141.3685093, 41.2608127 ], [ 141.3690193, 41.2605827 ], [ 141.3698193, 41.2602127 ], [ 141.3701793, 41.2600427 ], [ 141.3702193, 41.2600227 ], [ 141.370392, 41.259837 ], [ 141.370422, 41.259737 ], [ 141.370512, 41.259417 ], [ 141.370582, 41.259277 ], [ 141.370832, 41.259137 ], [ 141.370932, 41.259087 ], [ 141.371412, 41.258817 ], [ 141.371712, 41.258647 ], [ 141.372002, 41.258487 ], [ 141.373272, 41.257807 ], [ 141.373512, 41.257677 ], [ 141.373982, 41.257437 ], [ 141.374352, 41.257297 ], [ 141.375002, 41.257047 ], [ 141.375362, 41.256907 ], [ 141.375642, 41.256787 ], [ 141.375882, 41.256687 ], [ 141.376122, 41.256507 ], [ 141.376352, 41.256247 ], [ 141.376432, 41.256087 ], [ 141.376582, 41.255827 ], [ 141.376852, 41.255277 ], [ 141.377052, 41.254867 ], [ 141.377162, 41.254527 ], [ 141.377172, 41.254177 ], [ 141.377092, 41.253897 ], [ 141.377002, 41.253597 ], [ 141.376952, 41.253317 ], [ 141.376892, 41.252977 ], [ 141.376882, 41.252637 ], [ 141.376862, 41.252177 ], [ 141.376912, 41.251977 ], [ 141.376962, 41.251827 ], [ 141.377162, 41.251377 ], [ 141.3773321, 41.251107 ], [ 141.3776121, 41.250717 ], [ 141.3778721, 41.250457 ], [ 141.3782521, 41.250157 ], [ 141.3784621, 41.249997 ], [ 141.3792221, 41.249447 ], [ 141.3802921, 41.248647 ], [ 141.3811621, 41.247927 ], [ 141.3818721, 41.247307 ], [ 141.3826521, 41.246597 ], [ 141.3826921, 41.246557 ], [ 141.3829321, 41.246327 ], [ 141.3831521, 41.246007 ], [ 141.3833221, 41.245737 ], [ 141.3835621, 41.245317 ], [ 141.3837921, 41.2448769 ], [ 141.3839621, 41.2445769 ], [ 141.3842321, 41.2439769 ], [ 141.3843221, 41.2438069 ], [ 141.3844721, 41.2435169 ], [ 141.3846021, 41.2432669 ], [ 141.3847421, 41.2430169 ], [ 141.3848821, 41.2427469 ], [ 141.3849521, 41.2425469 ], [ 141.3849921, 41.2424569 ], [ 141.3850921, 41.2421669 ], [ 141.3851421, 41.2418869 ], [ 141.3851721, 41.2416669 ], [ 141.3851821, 41.2412869 ], [ 141.3851521, 41.2395069 ], [ 141.3851521, 41.2378669 ], [ 141.3851522, 41.2375369 ], [ 141.3851522, 41.2374269 ], [ 141.3851322, 41.2368369 ], [ 141.3851322, 41.2365569 ], [ 141.3851222, 41.2355669 ], [ 141.3851122, 41.2344869 ], [ 141.3851122, 41.2340769 ], [ 141.3851122, 41.2336369 ], [ 141.3850922, 41.2333269 ], [ 141.3850722, 41.2328369 ], [ 141.3850222, 41.2315369 ], [ 141.3849822, 41.2308069 ], [ 141.3849822, 41.2306369 ], [ 141.3849722, 41.2293069 ], [ 141.3849822, 41.2287269 ], [ 141.3849722, 41.2278569 ], [ 141.3849622, 41.2271969 ], [ 141.3849622, 41.2267869 ], [ 141.3849522, 41.2263569 ], [ 141.3849222, 41.2256269 ], [ 141.3849022, 41.2249969 ], [ 141.3848822, 41.2245368 ], [ 141.3848722, 41.2243368 ], [ 141.3848622, 41.2240468 ], [ 141.3847822, 41.2235568 ], [ 141.3846722, 41.2231368 ], [ 141.3845423, 41.2226968 ], [ 141.3843823, 41.2220568 ], [ 141.384203, 41.2214578 ], [ 141.384053, 41.2210078 ], [ 141.383983, 41.2207778 ], [ 141.383753, 41.2200678 ], [ 141.3834123, 41.2190568 ], [ 141.3833323, 41.2188368 ], [ 141.3831123, 41.2181668 ], [ 141.3829423, 41.2174568 ], [ 141.3827323, 41.2166268 ], [ 141.3825723, 41.2157468 ], [ 141.3824523, 41.2150968 ], [ 141.3823523, 41.2145468 ], [ 141.3821423, 41.2132368 ], [ 141.3820823, 41.2128268 ], [ 141.3820443, 41.2124168 ], [ 141.3820443, 41.2121168 ], [ 141.3820643, 41.2119468 ], [ 141.3821543, 41.2114568 ], [ 141.3823343, 41.2107068 ], [ 141.3823543, 41.2105468 ], [ 141.3823443, 41.2103968 ], [ 141.3822943, 41.2099968 ], [ 141.3821323, 41.2094668 ], [ 141.3816423, 41.2085868 ], [ 141.3815323, 41.2083268 ], [ 141.3814624, 41.2081568 ], [ 141.381269, 41.2078304 ], [ 141.381229, 41.2075704 ], [ 141.381209, 41.2071804 ], [ 141.381249, 41.2067904 ], [ 141.381349, 41.2060904 ], [ 141.381329, 41.2058504 ], [ 141.381269, 41.2056204 ], [ 141.381149, 41.2053004 ], [ 141.3803424, 41.2038968 ], [ 141.3792463, 41.2022184 ], [ 141.3791163, 41.2019684 ], [ 141.3789563, 41.2015184 ], [ 141.3787163, 41.2007884 ], [ 141.3785664, 41.2001384 ], [ 141.3784064, 41.1995084 ], [ 141.3780595, 41.1980611 ], [ 141.3779137, 41.1974405 ], [ 141.3778164, 41.1971494 ], [ 141.3774764, 41.1966194 ], [ 141.3768464, 41.1957294 ], [ 141.3767164, 41.1954594 ], [ 141.3766464, 41.1952394 ], [ 141.3766064, 41.1949794 ], [ 141.3765964, 41.1947394 ], [ 141.3766464, 41.1944594 ], [ 141.3767264, 41.1941594 ], [ 141.3768722, 41.1939649 ], [ 141.3771324, 41.1936267 ], [ 141.3774124, 41.1933067 ], [ 141.3777225, 41.1929467 ], [ 141.3780025, 41.1926367 ], [ 141.3788625, 41.1917067 ], [ 141.3790825, 41.1914567 ], [ 141.3792725, 41.1912367 ], [ 141.3794725, 41.1909167 ], [ 141.3795525, 41.1907267 ], [ 141.3795825, 41.1906167 ], [ 141.3796225, 41.1903867 ], [ 141.3796425, 41.1901467 ], [ 141.3795615, 41.1898282 ], [ 141.3794981, 41.1895495 ], [ 141.3793684, 41.1891567 ], [ 141.3789684, 41.1878667 ], [ 141.3780912, 41.1850594 ], [ 141.3776311, 41.183542 ], [ 141.3775711, 41.183352 ], [ 141.3775311, 41.183222 ], [ 141.3774811, 41.183002 ], [ 141.3774611, 41.182812 ], [ 141.3774711, 41.182582 ], [ 141.3774811, 41.182422 ], [ 141.3775411, 41.182132 ], [ 141.3777448, 41.1813636 ], [ 141.3777948, 41.1810536 ], [ 141.3777948, 41.1809236 ], [ 141.3777748, 41.1807536 ], [ 141.3776948, 41.1805836 ], [ 141.3775248, 41.1802636 ], [ 141.3768548, 41.1793136 ], [ 141.3765648, 41.1788436 ], [ 141.3763748, 41.1785036 ], [ 141.3762148, 41.1781536 ], [ 141.3760111, 41.1775646 ], [ 141.3759011, 41.1771346 ], [ 141.3757312, 41.1765246 ], [ 141.3753312, 41.1750346 ], [ 141.3750312, 41.1739446 ], [ 141.3749012, 41.1734266 ], [ 141.3748512, 41.1732466 ], [ 141.3746015, 41.1723433 ], [ 141.3744515, 41.1716533 ], [ 141.3744015, 41.1710933 ], [ 141.3744215, 41.1706333 ], [ 141.3744615, 41.1703733 ], [ 141.3745804, 41.1701197 ], [ 141.3747729, 41.1698533 ], [ 141.3749329, 41.1696333 ], [ 141.3751029, 41.1694533 ], [ 141.3753916, 41.1692837 ], [ 141.3755826, 41.1691866 ], [ 141.3758126, 41.1690566 ], [ 141.3760026, 41.1689766 ], [ 141.3761399, 41.1688859 ], [ 141.3780199, 41.1685159 ], [ 141.3788599, 41.1683759 ], [ 141.3806699, 41.1680659 ], [ 141.3814099, 41.1679459 ], [ 141.3833199, 41.1676059 ], [ 141.3838736, 41.1675249 ], [ 141.3840736, 41.1674749 ], [ 141.3841836, 41.1674449 ], [ 141.3844136, 41.1673949 ], [ 141.3846136, 41.1673149 ], [ 141.3847236, 41.1672649 ], [ 141.385167, 41.1670493 ], [ 141.385247, 41.1669893 ], [ 141.385357, 41.1668993 ], [ 141.385447, 41.1667993 ], [ 141.385517, 41.1667193 ], [ 141.385567, 41.1666193 ], [ 141.385597, 41.1665493 ], [ 141.385607, 41.1665093 ], [ 141.385646, 41.1663609 ], [ 141.385616, 41.1655709 ], [ 141.385616, 41.1654809 ], [ 141.3856226, 41.1652566 ], [ 141.3865026, 41.1646166 ], [ 141.3869326, 41.1643166 ], [ 141.3870926, 41.1641966 ], [ 141.3871226, 41.1641666 ], [ 141.3872326, 41.1640366 ], [ 141.3872826, 41.1639666 ], [ 141.3873526, 41.1638066 ], [ 141.3873826, 41.1636566 ], [ 141.3873926, 41.1636066 ], [ 141.3874726, 41.1630166 ], [ 141.3874826, 41.1629766 ], [ 141.3875687, 41.1624666 ], [ 141.3875587, 41.1621566 ], [ 141.3875387, 41.1607166 ], [ 141.3875287, 41.1605566 ], [ 141.3875087, 41.1595866 ], [ 141.3874887, 41.1590266 ], [ 141.3874887, 41.1585166 ], [ 141.3874787, 41.1582766 ], [ 141.3874787, 41.1578466 ], [ 141.3874587, 41.1576966 ], [ 141.3874487, 41.1573866 ], [ 141.3874487, 41.1573466 ], [ 141.3874287, 41.1559966 ], [ 141.3873544, 41.1542566 ], [ 141.3873695, 41.1531661 ], [ 141.3873188, 41.1529508 ], [ 141.3872644, 41.1527766 ], [ 141.3872544, 41.1527366 ], [ 141.3871921, 41.1523555 ], [ 141.3871287, 41.1520515 ], [ 141.387059, 41.1518298 ], [ 141.3870336, 41.1516082 ], [ 141.3870261, 41.1513929 ], [ 141.3871244, 41.1509029 ], [ 141.3873544, 41.1500029 ], [ 141.3873744, 41.1499129 ], [ 141.3875644, 41.1491929 ], [ 141.3877144, 41.1486229 ], [ 141.3878144, 41.1482529 ], [ 141.3879024, 41.1479802 ], [ 141.3879524, 41.1478202 ], [ 141.3880124, 41.1475902 ], [ 141.3880624, 41.1474002 ], [ 141.3881524, 41.1470402 ], [ 141.3883224, 41.1464202 ], [ 141.3884124, 41.1460302 ], [ 141.3882778, 41.145996 ], [ 141.3880627, 41.1459712 ], [ 141.3877791, 41.1459503 ], [ 141.3873635, 41.1458963 ], [ 141.3870274, 41.1458338 ], [ 141.3867567, 41.1458457 ], [ 141.3861196, 41.1458236 ], [ 141.3861293, 41.1456896 ], [ 141.3864908, 41.1448432 ], [ 141.3871666, 41.1435107 ], [ 141.3878424, 41.1422829 ], [ 141.3880803, 41.1418356 ], [ 141.3882231, 41.1414358 ], [ 141.3882897, 41.1410266 ], [ 141.3883182, 41.1405507 ], [ 141.3882135, 41.1399035 ], [ 141.3879566, 41.1390944 ], [ 141.3874902, 41.1379555 ], [ 141.3873665, 41.1375462 ], [ 141.3872713, 41.1372131 ], [ 141.3872527, 41.1367665 ], [ 141.3872827, 41.1364865 ], [ 141.3873627, 41.1362065 ], [ 141.3876227, 41.1354165 ], [ 141.3878827, 41.1348965 ], [ 141.3884127, 41.1334065 ], [ 141.3891627, 41.1301364 ], [ 141.3893527, 41.1292764 ], [ 141.3904327, 41.1245864 ], [ 141.3910727, 41.1216564 ], [ 141.3912027, 41.1205064 ], [ 141.3912227, 41.1198164 ], [ 141.3912027, 41.1190164 ], [ 141.3911027, 41.1176464 ], [ 141.3911127, 41.1172264 ], [ 141.3911527, 41.1168964 ], [ 141.3912827, 41.1166364 ], [ 141.3913527, 41.1162964 ], [ 141.3914027, 41.1161464 ], [ 141.3916327, 41.1157064 ], [ 141.3916727, 41.1156264 ], [ 141.3918127, 41.1152864 ], [ 141.3918627, 41.1151364 ], [ 141.3918927, 41.1150164 ], [ 141.3918977, 41.1148384 ], [ 141.391885, 41.1145724 ], [ 141.3918327, 41.1141964 ], [ 141.3917076, 41.1137174 ], [ 141.3915935, 41.1133311 ], [ 141.3915175, 41.1130588 ], [ 141.391336, 41.1126117 ], [ 141.391236, 41.1123517 ], [ 141.391146, 41.1118217 ], [ 141.391086, 41.1114717 ], [ 141.391066, 41.1113717 ], [ 141.391016, 41.1112117 ], [ 141.390936, 41.1109417 ], [ 141.390856, 41.1106617 ], [ 141.390316, 41.1087517 ], [ 141.390226, 41.1084217 ], [ 141.3900107, 41.107951 ], [ 141.3899307, 41.107791 ], [ 141.3898007, 41.107521 ], [ 141.3894207, 41.106751 ], [ 141.3892107, 41.106351 ], [ 141.3891507, 41.106221 ], [ 141.3890207, 41.105941 ], [ 141.3889207, 41.105671 ], [ 141.3888207, 41.105331 ], [ 141.3887807, 41.105131 ], [ 141.3886207, 41.104241 ], [ 141.3885107, 41.103531 ], [ 141.3883807, 41.102541 ], [ 141.3883607, 41.102271 ], [ 141.3883607, 41.102091 ], [ 141.3884207, 41.101721 ], [ 141.3885107, 41.101421 ], [ 141.3889328, 41.1007263 ], [ 141.3891328, 41.1003363 ], [ 141.3893728, 41.0999663 ], [ 141.3895828, 41.0996863 ], [ 141.3897828, 41.0994463 ], [ 141.3902828, 41.0988463 ], [ 141.3907828, 41.0982463 ], [ 141.3913128, 41.0975863 ], [ 141.3914128, 41.0974563 ], [ 141.3916428, 41.0971763 ], [ 141.3917528, 41.0970363 ], [ 141.3918328, 41.0969363 ], [ 141.3920067, 41.0965426 ], [ 141.3920267, 41.0964926 ], [ 141.3921867, 41.0960926 ], [ 141.3922167, 41.0958626 ], [ 141.3922167, 41.0955326 ], [ 141.3921567, 41.0952226 ], [ 141.3920267, 41.0948526 ], [ 141.3918514, 41.0946476 ], [ 141.3916714, 41.0943276 ], [ 141.3915714, 41.0941876 ], [ 141.3915014, 41.0940976 ], [ 141.3908114, 41.0932976 ], [ 141.3894414, 41.0917676 ], [ 141.3885614, 41.0907776 ], [ 141.3876414, 41.0897676 ], [ 141.3874014, 41.0894876 ], [ 141.3871614, 41.0892076 ], [ 141.3870614, 41.0890576 ], [ 141.3867914, 41.0885676 ], [ 141.3866214, 41.0881563 ], [ 141.3865514, 41.0879563 ], [ 141.3864514, 41.0875063 ], [ 141.3863714, 41.0868963 ], [ 141.3862714, 41.0861863 ], [ 141.3862514, 41.0860063 ], [ 141.3861614, 41.0848763 ], [ 141.3860814, 41.0842663 ], [ 141.3860614, 41.0841263 ], [ 141.3859614, 41.0833263 ], [ 141.3859014, 41.0828563 ], [ 141.3858114, 41.0821463 ], [ 141.3857328, 41.0806463 ], [ 141.3857028, 41.0802562 ], [ 141.3857028, 41.0802162 ], [ 141.3857128, 41.0794762 ], [ 141.3857128, 41.0793662 ], [ 141.3857228, 41.0789162 ], [ 141.3857228, 41.0782962 ], [ 141.3857228, 41.0774262 ], [ 141.3857128, 41.0773662 ], [ 141.3857128, 41.0772962 ], [ 141.3857462, 41.0767462 ], [ 141.3857062, 41.0763962 ], [ 141.3856762, 41.0760862 ], [ 141.3856062, 41.0755862 ], [ 141.3855462, 41.0750062 ], [ 141.3855362, 41.0749362 ], [ 141.3854762, 41.0744462 ], [ 141.3853262, 41.0731662 ], [ 141.3852562, 41.0726562 ], [ 141.3851862, 41.0720762 ], [ 141.3851562, 41.0716662 ], [ 141.3852162, 41.0714462 ], [ 141.3855428, 41.0705962 ], [ 141.3858728, 41.0698662 ], [ 141.3859628, 41.0696962 ], [ 141.3860428, 41.0695262 ], [ 141.3862428, 41.0690562 ], [ 141.3863028, 41.0688962 ], [ 141.3863328, 41.0687162 ], [ 141.3863628, 41.0685162 ], [ 141.3863928, 41.0682362 ], [ 141.3864528, 41.0678562 ], [ 141.3865328, 41.0672262 ], [ 141.3865628, 41.0670462 ], [ 141.3866028, 41.0666662 ], [ 141.3866428, 41.0663762 ], [ 141.3867428, 41.0649062 ], [ 141.3867428, 41.0647262 ], [ 141.3867828, 41.0643462 ], [ 141.3867928, 41.0641762 ], [ 141.3868228, 41.0639062 ], [ 141.3868228, 41.0636162 ], [ 141.3867928, 41.0634562 ], [ 141.3867628, 41.0633562 ], [ 141.3866928, 41.0632562 ], [ 141.3865928, 41.0631362 ], [ 141.3865128, 41.0630562 ], [ 141.3862528, 41.0628362 ], [ 141.3861628, 41.0627462 ], [ 141.3861028, 41.0626762 ], [ 141.3860828, 41.0626362 ], [ 141.3859728, 41.0624162 ], [ 141.3858228, 41.0619862 ], [ 141.3855828, 41.0612162 ], [ 141.3854528, 41.0608262 ], [ 141.3854028, 41.0606762 ], [ 141.3851428, 41.0598462 ], [ 141.3851228, 41.0597262 ], [ 141.3851228, 41.0592462 ], [ 141.3851628, 41.0588062 ], [ 141.3852128, 41.0583262 ], [ 141.3852228, 41.0582062 ], [ 141.3853628, 41.0564462 ], [ 141.3854028, 41.0561062 ], [ 141.3854128, 41.0559862 ], [ 141.3854228, 41.0557562 ], [ 141.3854628, 41.0554162 ], [ 141.3855628, 41.0547962 ], [ 141.3856328, 41.0544962 ], [ 141.3857328, 41.0539862 ], [ 141.3857328, 41.0537562 ], [ 141.3856028, 41.0529862 ], [ 141.3854828, 41.0523262 ], [ 141.3854528, 41.0521462 ], [ 141.3853928, 41.0518162 ], [ 141.3853128, 41.0514562 ], [ 141.3852128, 41.0512462 ], [ 141.3847428, 41.0510262 ], [ 141.3843328, 41.0508562 ], [ 141.3841428, 41.0507662 ], [ 141.3839928, 41.0506462 ], [ 141.3839028, 41.0503262 ], [ 141.3838028, 41.0500062 ], [ 141.3836428, 41.0494061 ], [ 141.3835928, 41.0491861 ], [ 141.3835828, 41.0489961 ], [ 141.3838628, 41.0487961 ], [ 141.3840728, 41.0486561 ], [ 141.3841428, 41.0486261 ], [ 141.3842528, 41.0485561 ], [ 141.3843728, 41.0483761 ], [ 141.3844328, 41.0482461 ], [ 141.3844528, 41.0481861 ], [ 141.3844628, 41.0481261 ], [ 141.3844728, 41.0480361 ], [ 141.3844728, 41.0479561 ], [ 141.3844028, 41.0477961 ], [ 141.3842128, 41.0475361 ], [ 141.3840828, 41.0473561 ], [ 141.3839728, 41.0471661 ], [ 141.3839328, 41.0470661 ], [ 141.3839028, 41.0468561 ], [ 141.3838528, 41.0459461 ], [ 141.3837929, 41.0449061 ], [ 141.3837429, 41.0442361 ], [ 141.3836129, 41.0428661 ], [ 141.3836029, 41.0428061 ], [ 141.3835529, 41.0420461 ], [ 141.3835329, 41.0418361 ], [ 141.3835229, 41.0416661 ], [ 141.3834729, 41.0411061 ], [ 141.3834229, 41.0403661 ], [ 141.3833329, 41.0401361 ], [ 141.3833129, 41.0400661 ], [ 141.3832429, 41.0399761 ], [ 141.3831329, 41.0398161 ], [ 141.3827129, 41.0393661 ], [ 141.3820729, 41.0386661 ], [ 141.3817529, 41.0383061 ], [ 141.3813303, 41.0377134 ], [ 141.3811803, 41.0375534 ], [ 141.3810203, 41.0373434 ], [ 141.3809403, 41.0371934 ], [ 141.3809003, 41.0370234 ], [ 141.3809403, 41.0367934 ], [ 141.3810403, 41.0365234 ], [ 141.3811503, 41.0362634 ], [ 141.3812003, 41.0359634 ], [ 141.3811969, 41.0354894 ], [ 141.3812069, 41.0351294 ], [ 141.3811169, 41.0347594 ], [ 141.3810169, 41.0342694 ], [ 141.3808169, 41.0333894 ], [ 141.3807469, 41.0330794 ], [ 141.3806869, 41.0328694 ], [ 141.3806269, 41.0327494 ], [ 141.3802729, 41.0322961 ], [ 141.3795129, 41.0311461 ], [ 141.3790729, 41.0304761 ], [ 141.3789629, 41.0303061 ], [ 141.3789329, 41.0302561 ], [ 141.3789029, 41.0301961 ], [ 141.3787129, 41.0299161 ], [ 141.3786529, 41.0297861 ], [ 141.3785229, 41.0291461 ], [ 141.3784029, 41.0286161 ], [ 141.3782329, 41.0279161 ], [ 141.3781329, 41.0274861 ], [ 141.3781229, 41.0274361 ], [ 141.3780329, 41.0271961 ], [ 141.3778329, 41.0268661 ], [ 141.3771929, 41.0258761 ], [ 141.3766229, 41.0249961 ], [ 141.3761729, 41.0243061 ], [ 141.3759129, 41.0239061 ], [ 141.3758229, 41.0236961 ], [ 141.3758029, 41.0235461 ], [ 141.3757929, 41.0202761 ], [ 141.3757629, 41.0192361 ], [ 141.3757129, 41.0187861 ], [ 141.3756329, 41.0180261 ], [ 141.3754929, 41.0169961 ], [ 141.3754529, 41.0168261 ], [ 141.3753929, 41.0166661 ], [ 141.3752729, 41.0163261 ], [ 141.3750929, 41.0158861 ], [ 141.3750029, 41.0156461 ], [ 141.3748829, 41.0153261 ], [ 141.3747929, 41.0150661 ], [ 141.3747929, 41.0149561 ], [ 141.3749229, 41.0146661 ], [ 141.3749629, 41.0146061 ], [ 141.3751429, 41.0143961 ], [ 141.3755429, 41.0139261 ], [ 141.3761029, 41.0132361 ], [ 141.3763929, 41.0128661 ], [ 141.3766529, 41.0125361 ], [ 141.3768829, 41.0122261 ], [ 141.3772229, 41.0118961 ], [ 141.3774329, 41.0116861 ], [ 141.3776529, 41.0114761 ], [ 141.3777929, 41.0112261 ], [ 141.3778129, 41.0111561 ], [ 141.3778129, 41.0111061 ], [ 141.3777929, 41.0108061 ], [ 141.3776429, 41.010386 ], [ 141.3773429, 41.010036 ], [ 141.3770329, 41.009736 ], [ 141.3764329, 41.009256 ], [ 141.3761829, 41.009096 ], [ 141.3759129, 41.008946 ], [ 141.3758229, 41.008886 ], [ 141.3756329, 41.008736 ], [ 141.3755029, 41.008576 ], [ 141.3753029, 41.008326 ], [ 141.3749729, 41.007926 ], [ 141.3747629, 41.007696 ], [ 141.3744229, 41.007306 ], [ 141.3741529, 41.006986 ], [ 141.3740929, 41.006876 ], [ 141.3740029, 41.006576 ], [ 141.3739129, 41.006186 ], [ 141.3738729, 41.006076 ], [ 141.3738429, 41.006006 ], [ 141.3736329, 41.005806 ], [ 141.3732829, 41.005516 ], [ 141.3729129, 41.005186 ], [ 141.3717229, 41.004326 ], [ 141.3714229, 41.004126 ], [ 141.3707329, 41.003676 ], [ 141.3702936, 41.003356 ], [ 141.3701336, 41.003226 ], [ 141.3700636, 41.003126 ], [ 141.3699436, 41.002886 ], [ 141.3698836, 41.002656 ], [ 141.3697436, 41.002206 ], [ 141.3696636, 41.001886 ], [ 141.3695036, 41.001336 ], [ 141.3691236, 41.000276 ], [ 141.3690336, 40.999996 ], [ 141.3687636, 40.999206 ], [ 141.3686936, 40.998996 ], [ 141.3686036, 40.998726 ], [ 141.3685436, 40.998536 ], [ 141.3680536, 40.997066 ], [ 141.3680036, 40.996916 ], [ 141.3678636, 40.996466 ], [ 141.3677236, 40.996056 ], [ 141.3674136, 40.995146 ], [ 141.3673936, 40.994966 ], [ 141.3674236, 40.994756 ], [ 141.3675229, 40.993716 ], [ 141.3676829, 40.992726 ], [ 141.3678129, 40.991836 ], [ 141.3678729, 40.991326 ], [ 141.3679129, 40.990916 ], [ 141.3679029, 40.990666 ], [ 141.3679029, 40.990606 ], [ 141.3680329, 40.990606 ], [ 141.3681829, 40.990586 ], [ 141.3683229, 40.990536 ], [ 141.3685029, 40.990426 ], [ 141.3687829, 40.990176 ], [ 141.3690429, 40.989916 ], [ 141.3692029, 40.989766 ], [ 141.3693129, 40.989666 ], [ 141.3693929, 40.989526 ], [ 141.3694429, 40.989426 ], [ 141.3694929, 40.989226 ], [ 141.3695329, 40.988926 ], [ 141.3695429, 40.988666 ], [ 141.3695629, 40.988576 ], [ 141.3698129, 40.988206 ], [ 141.3700529, 40.987616 ], [ 141.3702229, 40.987176 ], [ 141.3703929, 40.986786 ], [ 141.3705429, 40.986396 ], [ 141.3707529, 40.985886 ], [ 141.3708729, 40.984146 ], [ 141.3708829, 40.983926 ], [ 141.3709329, 40.983326 ], [ 141.3709529, 40.983036 ], [ 141.3709729, 40.982676 ], [ 141.3710029, 40.982416 ], [ 141.3710029, 40.982196 ], [ 141.3710429, 40.981886 ], [ 141.3712029, 40.981276 ], [ 141.3712529, 40.981036 ], [ 141.3712429, 40.980716 ], [ 141.3712029, 40.980446 ], [ 141.3710129, 40.980026 ], [ 141.3710329, 40.979656 ], [ 141.3710329, 40.979406 ], [ 141.371033, 40.978886 ], [ 141.371423, 40.978006 ], [ 141.371793, 40.977116 ], [ 141.371953, 40.976716 ], [ 141.372043, 40.976456 ], [ 141.372103, 40.976246 ], [ 141.372203, 40.975986 ], [ 141.372293, 40.975686 ], [ 141.372533, 40.974996 ], [ 141.372633, 40.974706 ], [ 141.372703, 40.974566 ], [ 141.372773, 40.974446 ], [ 141.372903, 40.974286 ], [ 141.373383, 40.973706 ], [ 141.373703, 40.973336 ], [ 141.373853, 40.973106 ], [ 141.374043, 40.972736 ], [ 141.374433, 40.971986 ], [ 141.374573, 40.971726 ], [ 141.374953, 40.971056 ], [ 141.375003, 40.970966 ], [ 141.375113, 40.970776 ], [ 141.375263, 40.970476 ], [ 141.375263, 40.970306 ], [ 141.375113, 40.969556 ], [ 141.375023, 40.969156 ], [ 141.374993, 40.968946 ], [ 141.374963, 40.968746 ], [ 141.374893, 40.968366 ], [ 141.374853, 40.968016 ], [ 141.374803, 40.967436 ], [ 141.374773, 40.966666 ], [ 141.374723, 40.965826 ], [ 141.374683, 40.965106 ], [ 141.374673, 40.964906 ], [ 141.374633, 40.964406 ], [ 141.374513, 40.963856 ], [ 141.374413, 40.963596 ], [ 141.374273, 40.963296 ], [ 141.373943, 40.9628259 ], [ 141.373803, 40.9626259 ], [ 141.373503, 40.9620159 ], [ 141.373443, 40.9618259 ], [ 141.373393, 40.9616559 ], [ 141.373343, 40.9614959 ], [ 141.373103, 40.9610659 ], [ 141.373083, 40.9610459 ], [ 141.372743, 40.9603959 ], [ 141.372623, 40.9601959 ], [ 141.372323, 40.9596559 ], [ 141.372083, 40.9592159 ], [ 141.371843, 40.9587859 ], [ 141.371603, 40.9583559 ], [ 141.371423, 40.9580359 ], [ 141.371073, 40.9574659 ], [ 141.370773, 40.9569459 ], [ 141.370743, 40.9568259 ], [ 141.370763, 40.9560459 ], [ 141.370763, 40.9558359 ], [ 141.370803, 40.9545159 ], [ 141.370793, 40.9542859 ], [ 141.370743, 40.9540559 ], [ 141.370693, 40.9538559 ], [ 141.371123, 40.9532559 ], [ 141.371423, 40.9528359 ], [ 141.372053, 40.9520759 ], [ 141.373003, 40.9509159 ], [ 141.373333, 40.9504659 ], [ 141.373453, 40.9502259 ], [ 141.373543, 40.9499959 ], [ 141.373653, 40.9497459 ], [ 141.373833, 40.9493159 ], [ 141.374213, 40.9484359 ], [ 141.374313, 40.9482059 ], [ 141.374463, 40.9479159 ], [ 141.374563, 40.9477359 ], [ 141.374913, 40.9473159 ], [ 141.374943, 40.9472659 ], [ 141.375033, 40.9471259 ], [ 141.375063, 40.9470759 ], [ 141.375163, 40.9468159 ], [ 141.375203, 40.9465659 ], [ 141.375253, 40.9459959 ], [ 141.375333, 40.9454159 ], [ 141.375383, 40.9451659 ], [ 141.375573, 40.9445459 ], [ 141.375683, 40.9441159 ], [ 141.375713, 40.9440059 ], [ 141.375733, 40.9439259 ], [ 141.3757337, 40.9439203 ] ] } },
{ "type": "Feature", "properties": { "N12_001": "02", "N12_002": 2, "N12_003": 3, "N12_004": "一般国道339号", "N12_005": 15, "N12_006": 1 }, "geometry": { "type": "LineString", "coordinates": [ [ 140.450765, 40.8183656 ], [ 140.450655, 40.8182956 ], [ 140.450365, 40.8181356 ], [ 140.450005, 40.8179056 ], [ 140.449435, 40.8175556 ], [ 140.449195, 40.8173556 ], [ 140.448945, 40.8170856 ], [ 140.448635, 40.8166656 ], [ 140.448455, 40.8164156 ], [ 140.448285, 40.8161456 ], [ 140.447925, 40.8154356 ], [ 140.447125, 40.8137756 ], [ 140.4463651, 40.8122156 ], [ 140.4461751, 40.8118156 ], [ 140.4455751, 40.8105856 ], [ 140.4452151, 40.8098956 ], [ 140.4451551, 40.8097056 ], [ 140.4451451, 40.8095556 ], [ 140.4451951, 40.8089356 ], [ 140.4452451, 40.8084856 ], [ 140.4453451, 40.8079156 ], [ 140.4454051, 40.8075256 ], [ 140.445452, 40.8072969 ] ] } },
{ "type": "Feature", "properties": { "N12_001": "02", "N12_002": 1, "N12_003": 3, "N12_004": "一般国道339号", "N12_005": 15, "N12_006": 2 }, "geometry": { "type": "LineString", "coordinates": [ [ 140.457495, 40.8227456 ], [ 140.457455, 40.8225956 ], [ 140.457425, 40.8224456 ], [ 140.457315, 40.8221756 ], [ 140.457175, 40.8218956 ], [ 140.457005, 40.8215956 ], [ 140.456815, 40.8213056 ], [ 140.456655, 40.8211056 ], [ 140.456525, 40.8209856 ], [ 140.456155, 40.8207156 ], [ 140.455835, 40.8205156 ], [ 140.455625, 40.8204256 ], [ 140.455265, 40.8203156 ], [ 140.455075, 40.8202656 ], [ 140.453995, 40.8199756 ], [ 140.453655, 40.8198856 ], [ 140.453215, 40.8197356 ], [ 140.452975, 40.8196256 ], [ 140.451605, 40.8187956 ], [ 140.451075, 40.8185256 ], [ 140.450905, 40.8184456 ], [ 140.450765, 40.8183656 ], [ 140.450285, 40.8189256 ], [ 140.450085, 40.8192156 ], [ 140.450005, 40.8193856 ], [ 140.449835, 40.8197356 ], [ 140.449785, 40.8201656 ], [ 140.449755, 40.8205856 ], [ 140.449755, 40.8211156 ], [ 140.449725, 40.8225256 ], [ 140.449625, 40.8239256 ], [ 140.449595, 40.8243356 ], [ 140.449525, 40.8249956 ], [ 140.449485, 40.8252856 ], [ 140.449355, 40.8263056 ], [ 140.4492907, 40.826839 ], [ 140.449275, 40.8269956 ], [ 140.449265, 40.8271256 ], [ 140.4492497, 40.8272431 ] ] } },
{ "type": "Feature", "properties": { "N12_001": "02", "N12_002": 2, "N12_003": 3, "N12_004": "一般国道339号", "N12_005": 15, "N12_006": 3 }, "geometry": { "type": "LineString", "coordinates": [ [ 140.4301233, 40.7581568 ], [ 140.43038, 40.760156 ], [ 140.4305288, 40.7611359 ], [ 140.4306099, 40.7615212 ], [ 140.4307587, 40.7617983 ], [ 140.4309684, 40.7620145 ], [ 140.4313471, 40.7622714 ], [ 140.4319017, 40.7624944 ], [ 140.4323887, 40.7626566 ], [ 140.4328824, 40.7628391 ], [ 140.4333752, 40.7630455 ] ] } },
{ "type": "Feature", "properties": { "N12_001": "02", "N12_002": 2, "N12_003": 3, "N12_004": "一般国道340号", "N12_005": 16, "N12_006": 1 }, "geometry": { "type": "LineString", "coordinates": [ [ 141.4984151, 40.5139438 ], [ 141.4976551, 40.5135123 ], [ 141.4964152, 40.5128423 ], [ 141.4962652, 40.5127523 ], [ 141.4958952, 40.5125323 ], [ 141.4954052, 40.5122623 ], [ 141.4952752, 40.5121823 ], [ 141.4951252, 40.5121023 ], [ 141.4947552, 40.5119022 ], [ 141.4943752, 40.5116923 ], [ 141.4935052, 40.5112022 ], [ 141.4933852, 40.5111422 ], [ 141.4921352, 40.5104422 ], [ 141.4917252, 40.5102222 ], [ 141.4916252, 40.5101622 ], [ 141.4915352, 40.5101122 ], [ 141.4899052, 40.5092222 ], [ 141.4898352, 40.5091822 ], [ 141.4897652, 40.5091422 ], [ 141.4892252, 40.5088422 ], [ 141.4882152, 40.5082822 ], [ 141.4880752, 40.5082022 ], [ 141.4862552, 40.5071922 ], [ 141.4858952, 40.5070022 ], [ 141.4857052, 40.5069022 ], [ 141.4855152, 40.5069022 ], [ 141.4850652, 40.5067322 ], [ 141.4844352, 40.5064622 ], [ 141.4840652, 40.5064222 ], [ 141.4839452, 40.5064022 ], [ 141.4821952, 40.5061522 ], [ 141.4821752, 40.5061022 ], [ 141.4821352, 40.5059922 ], [ 141.4821152, 40.5051922 ], [ 141.4820752, 40.5042922 ], [ 141.4820752, 40.5041022 ], [ 141.4820653, 40.5039222 ], [ 141.4820453, 40.5036722 ], [ 141.4820453, 40.5035422 ], [ 141.4820053, 40.5029822 ], [ 141.4819853, 40.5027122 ], [ 141.4819653, 40.5025322 ], [ 141.4819553, 40.5022422 ], [ 141.4819453, 40.5021722 ], [ 141.4819353, 40.5019538 ] ] } },
{ "type": "Feature", "properties": { "N12_001": "02", "N12_002": 2, "N12_003": 6, "N12_004": "青森県道　八戸野辺地線", "N12_005": 17, "N12_006": 1 }, "geometry": { "type": "LineString", "coordinates": [ [ 141.4486249, 40.555314 ], [ 141.4487249, 40.555414 ], [ 141.4488849, 40.555544 ], [ 141.4490649, 40.555664 ], [ 141.4492849, 40.555804 ], [ 141.4495049, 40.555944 ], [ 141.4498749, 40.556184 ], [ 141.4501049, 40.556324 ], [ 141.4503449, 40.556484 ], [ 141.4506249, 40.556704 ], [ 141.4507449, 40.556854 ], [ 141.4509549, 40.557144 ], [ 141.4510849, 40.557464 ], [ 141.4511249, 40.557734 ], [ 141.4511149, 40.557854 ], [ 141.4510949, 40.557994 ], [ 141.4510549, 40.558134 ], [ 141.4509449, 40.558384 ], [ 141.4504549, 40.558874 ], [ 141.4503049, 40.559024 ], [ 141.4496349, 40.559714 ], [ 141.4495249, 40.559814 ], [ 141.4492549, 40.5600741 ], [ 141.4490749, 40.5602541 ], [ 141.4488549, 40.5604841 ], [ 141.4482849, 40.5610441 ], [ 141.4477949, 40.5615241 ], [ 141.4476849, 40.5616341 ], [ 141.4474949, 40.5618341 ], [ 141.4471349, 40.5621941 ], [ 141.4467048, 40.5626241 ], [ 141.4458633, 40.5635579 ], [ 141.4456671, 40.5637071 ], [ 141.4453948, 40.5639141 ], [ 141.4450048, 40.5642341 ], [ 141.4448148, 40.5643641 ], [ 141.4446148, 40.5644841 ], [ 141.4441848, 40.5646541 ], [ 141.4435048, 40.5648641 ], [ 141.4432048, 40.5649241 ], [ 141.4430748, 40.5649541 ], [ 141.4429048, 40.5649941 ], [ 141.4423748, 40.5650941 ], [ 141.4420648, 40.5651541 ], [ 141.4416248, 40.5652541 ], [ 141.4411348, 40.5653641 ], [ 141.4408248, 40.5654341 ], [ 141.4404048, 40.5655441 ], [ 141.4402248, 40.5656141 ], [ 141.4399048, 40.5657841 ], [ 141.4394948, 40.5660341 ], [ 141.4392248, 40.5662441 ], [ 141.4390448, 40.5664141 ], [ 141.4387548, 40.5667341 ], [ 141.4385748, 40.5670141 ], [ 141.4384848, 40.5672041 ], [ 141.4384148, 40.5673841 ], [ 141.4383348, 40.5676841 ], [ 141.4382848, 40.5680741 ], [ 141.4382948, 40.5684741 ], [ 141.4383548, 40.5690041 ], [ 141.4384148, 40.5692541 ], [ 141.4385648, 40.5696141 ], [ 141.4387648, 40.5699541 ], [ 141.4390548, 40.5703541 ], [ 141.4393648, 40.5707841 ] ] } },
{ "type": "Feature", "properties": { "N12_001": "02", "N12_002": 1, "N12_003": 6, "N12_004": "青森県道　三沢十和田線", "N12_005": 18, "N12_006": 1 }, "geometry": { "type": "LineString", "coordinates": [ [ 141.3698845, 40.6443846 ], [ 141.3699545, 40.6445246 ], [ 141.3700245, 40.6446546 ], [ 141.3700645, 40.6447746 ], [ 141.3702845, 40.6453646 ], [ 141.3706445, 40.6463746 ], [ 141.3707645, 40.6466746 ], [ 141.3708645, 40.6469246 ], [ 141.3711845, 40.6474046 ], [ 141.3712445, 40.6474846 ], [ 141.3714345, 40.6477346 ], [ 141.3720345, 40.6484646 ], [ 141.3723545, 40.6488546 ], [ 141.3729145, 40.6495646 ], [ 141.3731145, 40.6498346 ], [ 141.3738044, 40.6509046 ], [ 141.3741944, 40.6515146 ], [ 141.3742944, 40.6516746 ], [ 141.3747244, 40.6523646 ], [ 141.3754144, 40.6534646 ], [ 141.3754844, 40.6535546 ], [ 141.3755444, 40.6536246 ], [ 141.3762444, 40.6546746 ], [ 141.3764444, 40.6550346 ], [ 141.3764544, 40.6551246 ], [ 141.3766144, 40.6556246 ], [ 141.3766944, 40.6559846 ], [ 141.3767044, 40.6560946 ], [ 141.3767544, 40.6564646 ], [ 141.3768144, 40.6570947 ], [ 141.3768544, 40.6578347 ], [ 141.3768844, 40.6588647 ], [ 141.3768944, 40.6591547 ], [ 141.3769143, 40.6607047 ], [ 141.3768943, 40.6609247 ], [ 141.3768943, 40.6613047 ], [ 141.3769043, 40.6626647 ], [ 141.3769243, 40.6630047 ], [ 141.3769243, 40.6630547 ], [ 141.3769743, 40.6633447 ], [ 141.3770343, 40.6635347 ], [ 141.3771243, 40.6637647 ], [ 141.3771943, 40.6638747 ], [ 141.3772543, 40.6639647 ], [ 141.3774643, 40.6642347 ], [ 141.3777443, 40.6645447 ], [ 141.3781043, 40.6648847 ], [ 141.3784043, 40.6651547 ], [ 141.3790743, 40.6657447 ], [ 141.3791143, 40.6661547 ], [ 141.3791443, 40.6664047 ], [ 141.3791943, 40.6669247 ], [ 141.3792143, 40.6671547 ], [ 141.3792243, 40.6673047 ], [ 141.379218, 40.6674489 ], [ 141.3792143, 40.6675347 ], [ 141.3791143, 40.6681647 ], [ 141.3788243, 40.6693647 ], [ 141.3787143, 40.6698447 ], [ 141.3786842, 40.6700947 ], [ 141.3786642, 40.6702647 ], [ 141.3786342, 40.6705047 ], [ 141.3786242, 40.6708047 ], [ 141.3786342, 40.6711247 ], [ 141.3787442, 40.6716947 ], [ 141.3788642, 40.6731447 ], [ 141.3789542, 40.6736747 ], [ 141.3789842, 40.6739147 ], [ 141.3792433, 40.6749971 ], [ 141.3792625, 40.6750875 ] ] } },
{ "type": "Feature", "properties": { "N12_001": "02", "N12_002": 1, "N12_003": 6, "N12_004": "青森県道　青森停車場線", "N12_005": 19, "N12_006": 1 }, "geometry": { "type": "LineString", "coordinates": [ [ 140.7456149, 40.8255655 ], [ 140.7456049, 40.8254855 ], [ 140.7456049, 40.8253755 ], [ 140.7455249, 40.8249955 ], [ 140.7454349, 40.8245555 ], [ 140.7454126, 40.8243455 ], [ 140.7453049, 40.8236755 ], [ 140.7452049, 40.8230155 ] ] } },
{ "type": "Feature", "properties": { "N12_001": "02", "N12_002": 1, "N12_003": 6, "N12_004": "青森県道　青森港線", "N12_005": 20, "N12_006": 1 }, "geometry": { "type": "LineString", "coordinates": [ [ 140.7456149, 40.8287956 ], [ 140.7456249, 40.8278656 ], [ 140.7456249, 40.8277249 ], [ 140.7456249, 40.8276056 ], [ 140.7456249, 40.8270156 ], [ 140.7456249, 40.8263056 ], [ 140.7456149, 40.8255655 ] ] } },
{ "type": "Feature", "properties": { "N12_001": "02", "N12_002": 1, "N12_003": 6, "N12_004": "青森県道　八戸百石線", "N12_005": 21, "N12_006": 1 }, "geometry": { "type": "LineString", "coordinates": [ [ 141.4767751, 40.5232538 ], [ 141.4769951, 40.5235638 ], [ 141.4774751, 40.5242538 ], [ 141.4780251, 40.5250538 ], [ 141.4781151, 40.5251638 ], [ 141.4782951, 40.5254438 ], [ 141.4788151, 40.5261838 ], [ 141.4790151, 40.5264538 ], [ 141.4793551, 40.5269338 ], [ 141.4794951, 40.5271338 ], [ 141.4799651, 40.5278039 ], [ 141.4803651, 40.5283739 ], [ 141.4805351, 40.5286239 ], [ 141.4813351, 40.5297639 ], [ 141.4815451, 40.5300739 ], [ 141.4816407, 40.530213 ], [ 141.4817651, 40.5303939 ], [ 141.4818951, 40.5305739 ], [ 141.4820351, 40.5307639 ], [ 141.4821751, 40.5309539 ], [ 141.4823151, 40.5311739 ], [ 141.4825251, 40.5314739 ], [ 141.4828751, 40.5319639 ], [ 141.4833551, 40.5324839 ], [ 141.4836051, 40.5326939 ], [ 141.4839251, 40.5329739 ], [ 141.484655, 40.5335439 ], [ 141.485145, 40.5338739 ], [ 141.485345, 40.5340139 ], [ 141.485735, 40.5342639 ], [ 141.486295, 40.5346139 ], [ 141.487335, 40.5352739 ], [ 141.488265, 40.5358539 ], [ 141.489435, 40.5366039 ], [ 141.490065, 40.5370139 ], [ 141.491205, 40.5377439 ], [ 141.493265, 40.5390439 ], [ 141.494385, 40.5397739 ], [ 141.494605, 40.5398939 ], [ 141.495165, 40.5402739 ], [ 141.495365, 40.5405239 ], [ 141.495575, 40.5409139 ], [ 141.495695, 40.5414539 ], [ 141.495755, 40.5420239 ], [ 141.495775, 40.5422439 ], [ 141.495705, 40.5429139 ], [ 141.495685, 40.5430839 ], [ 141.495515, 40.5434839 ], [ 141.495045, 40.5442039 ], [ 141.494735, 40.5446539 ], [ 141.4946249, 40.5448139 ], [ 141.4938049, 40.5459639 ], [ 141.4932349, 40.5467439 ], [ 141.4925249, 40.5477339 ], [ 141.4918949, 40.5485839 ], [ 141.4903549, 40.5506739 ], [ 141.4902949, 40.5507439 ], [ 141.4899949, 40.5511339 ], [ 141.4896349, 40.5516239 ], [ 141.4892449, 40.5521339 ], [ 141.4891649, 40.5522439 ], [ 141.4890749, 40.5523439 ], [ 141.4887249, 40.5527339 ], [ 141.4884149, 40.5530939 ], [ 141.4880949, 40.5533639 ], [ 141.4880549, 40.5534039 ], [ 141.4879749, 40.5534739 ], [ 141.4877949, 40.5536239 ], [ 141.4875049, 40.5538339 ], [ 141.4872749, 40.5539139 ], [ 141.4857849, 40.554394 ], [ 141.4853749, 40.554524 ], [ 141.4852349, 40.554564 ], [ 141.4848649, 40.554694 ], [ 141.4846849, 40.554754 ], [ 141.4843049, 40.554914 ], [ 141.4840649, 40.555034 ], [ 141.4837449, 40.555204 ], [ 141.4834049, 40.555504 ], [ 141.4833149, 40.555604 ], [ 141.4832449, 40.555694 ], [ 141.4830249, 40.555994 ], [ 141.4825549, 40.556864 ], [ 141.4815048, 40.558754 ], [ 141.4810648, 40.559554 ], [ 141.4808248, 40.560004 ], [ 141.4805948, 40.560414 ], [ 141.4802148, 40.561034 ], [ 141.4800748, 40.561244 ], [ 141.4800048, 40.561334 ], [ 141.4795548, 40.562084 ], [ 141.4794048, 40.562404 ], [ 141.4793148, 40.562584 ], [ 141.4790748, 40.563204 ], [ 141.4786848, 40.564114 ], [ 141.4787248, 40.564164 ], [ 141.4786248, 40.564364 ], [ 141.4779948, 40.565684 ], [ 141.4778548, 40.565974 ], [ 141.4769248, 40.5677141 ], [ 141.4762848, 40.5687741 ], [ 141.4744247, 40.5717841 ], [ 141.4742147, 40.5720941 ], [ 141.4740447, 40.5723341 ], [ 141.4738547, 40.5725841 ], [ 141.4735347, 40.5730341 ], [ 141.4734247, 40.5732241 ], [ 141.4724847, 40.5745041 ], [ 141.4713847, 40.5760541 ], [ 141.4710647, 40.5765141 ], [ 141.4708847, 40.5767341 ], [ 141.4707247, 40.5769341 ], [ 141.4706347, 40.5770541 ], [ 141.4705047, 40.5772041 ], [ 141.4701647, 40.5775241 ], [ 141.4698447, 40.5777741 ], [ 141.4695047, 40.5779941 ], [ 141.4693147, 40.5781041 ], [ 141.4690247, 40.5782541 ], [ 141.4687247, 40.5783641 ], [ 141.4681847, 40.5785841 ], [ 141.4674747, 40.5788641 ], [ 141.4672547, 40.5789541 ], [ 141.4658047, 40.5795142 ], [ 141.4654347, 40.5796542 ], [ 141.4644647, 40.5799942 ], [ 141.4643147, 40.5800442 ], [ 141.4640447, 40.5801542 ], [ 141.4626947, 40.5807042 ], [ 141.4617647, 40.5811242 ], [ 141.4615247, 40.5812542 ], [ 141.4614247, 40.5813042 ], [ 141.4612247, 40.5814342 ], [ 141.4604347, 40.5819042 ], [ 141.4595247, 40.5825242 ], [ 141.4591446, 40.5828542 ], [ 141.4589746, 40.5829942 ], [ 141.4578846, 40.5841942 ], [ 141.4577346, 40.5843542 ], [ 141.4572746, 40.5848642 ], [ 141.4563846, 40.5860442 ], [ 141.4563246, 40.5861442 ], [ 141.4556046, 40.5874142 ], [ 141.4553746, 40.5880742 ], [ 141.4553246, 40.5882242 ], [ 141.4550446, 40.5893842 ], [ 141.4549346, 40.5903142 ], [ 141.4549346, 40.5906642 ], [ 141.4549346, 40.5912442 ], [ 141.4549846, 40.5919842 ], [ 141.4550246, 40.5922742 ], [ 141.4550846, 40.5925943 ], [ 141.4551246, 40.5928643 ], [ 141.4552146, 40.5932543 ], [ 141.4554845, 40.5941543 ], [ 141.4555845, 40.5944443 ], [ 141.4556645, 40.5946943 ] ] } },
{ "type": "Feature", "properties": { "N12_001": "02", "N12_002": 2, "N12_003": 6, "N12_004": "青森県道　青森浪岡線", "N12_005": 22, "N12_006": 1 }, "geometry": { "type": "LineString", "coordinates": [ [ 140.5814453, 40.7209954 ], [ 140.5820753, 40.7210454 ], [ 140.5824753, 40.7210754 ], [ 140.5833353, 40.7211454 ], [ 140.5840553, 40.7212054 ], [ 140.5861353, 40.7213854 ], [ 140.5865753, 40.7214354 ], [ 140.5888953, 40.7216254 ], [ 140.5907053, 40.7217754 ], [ 140.5915853, 40.7218354 ], [ 140.5928753, 40.7219254 ], [ 140.5974853, 40.7222954 ], [ 140.6000053, 40.7224954 ], [ 140.6013853, 40.7226054 ], [ 140.6064253, 40.7230254 ], [ 140.6066953, 40.7230454 ], [ 140.6075353, 40.7231154 ], [ 140.6081053, 40.7231754 ], [ 140.6085153, 40.7232354 ], [ 140.6088553, 40.7232754 ], [ 140.6091653, 40.7233354 ], [ 140.6094353, 40.7233754 ], [ 140.6096753, 40.7234254 ], [ 140.6100653, 40.7235554 ], [ 140.6104853, 40.7236454 ], [ 140.6111053, 40.7238154 ], [ 140.6117953, 40.7240454 ], [ 140.6127053, 40.7243854 ], [ 140.6133453, 40.7246754 ], [ 140.6140653, 40.7249954 ], [ 140.6148653, 40.7253454 ], [ 140.6151653, 40.7254754 ], [ 140.6155053, 40.7256054 ], [ 140.6166753, 40.7260954 ], [ 140.6171353, 40.7262854 ], [ 140.6181153, 40.7267054 ], [ 140.6184753, 40.7268654 ], [ 140.6200753, 40.7275254 ], [ 140.6214953, 40.7281254 ], [ 140.6220653, 40.7283854 ], [ 140.6223153, 40.7284854 ], [ 140.6227153, 40.7286154 ], [ 140.6229353, 40.7286754 ], [ 140.6231653, 40.7287354 ], [ 140.6236253, 40.7288354 ], [ 140.6239853, 40.7288754 ], [ 140.6243253, 40.7288754 ], [ 140.6247153, 40.7288554 ], [ 140.6249853, 40.7288354 ], [ 140.6254553, 40.7287754 ], [ 140.6259953, 40.7286654 ], [ 140.6263953, 40.7285754 ], [ 140.6266953, 40.7284954 ], [ 140.6270953, 40.7283654 ], [ 140.6275953, 40.7281454 ], [ 140.6278053, 40.7280454 ], [ 140.6280253, 40.7279354 ], [ 140.6283053, 40.7277854 ], [ 140.6293753, 40.7272054 ], [ 140.6296454, 40.7270654 ], [ 140.6301054, 40.7268554 ], [ 140.6304054, 40.7267654 ], [ 140.6309054, 40.7266154 ], [ 140.6311454, 40.7265854 ], [ 140.6314554, 40.7265654 ], [ 140.6318354, 40.7265354 ], [ 140.6321954, 40.7265054 ], [ 140.6326554, 40.7264854 ], [ 140.6329454, 40.7264654 ], [ 140.6333654, 40.7264754 ], [ 140.6335254, 40.7264754 ], [ 140.6339654, 40.7264754 ], [ 140.6346254, 40.7265354 ], [ 140.6353054, 40.7266454 ], [ 140.6359854, 40.7267854 ], [ 140.6371454, 40.7270354 ], [ 140.6381254, 40.7272254 ], [ 140.6383454, 40.7272654 ], [ 140.6387054, 40.7273054 ], [ 140.6390354, 40.7273054 ], [ 140.6392254, 40.7272854 ], [ 140.6396554, 40.7272154 ], [ 140.6399754, 40.7271554 ], [ 140.6406954, 40.7269654 ], [ 140.6410354, 40.7269054 ], [ 140.6412854, 40.7268754 ], [ 140.6416754, 40.7268754 ], [ 140.6421654, 40.7268754 ], [ 140.6431354, 40.7269854 ], [ 140.6435654, 40.7270154 ], [ 140.6436754, 40.7270154 ], [ 140.6440854, 40.7270054 ], [ 140.6445354, 40.7269554 ], [ 140.6450654, 40.7268654 ], [ 140.6457554, 40.7267454 ], [ 140.6462454, 40.7267054 ], [ 140.6468254, 40.7266654 ], [ 140.6476954, 40.7266054 ], [ 140.6488054, 40.7265654 ], [ 140.6495954, 40.7265254 ], [ 140.6500654, 40.7264854 ], [ 140.6506054, 40.7264054 ], [ 140.6511254, 40.7262854 ], [ 140.6517454, 40.7261654 ], [ 140.6521054, 40.7261254 ], [ 140.6525654, 40.7261254 ], [ 140.6529354, 40.7261854 ], [ 140.6536254, 40.7263254 ], [ 140.6552354, 40.7266354 ], [ 140.6554854, 40.7266854 ], [ 140.6562833, 40.7267396 ], [ 140.6571033, 40.7268196 ], [ 140.6574433, 40.7268296 ], [ 140.6578533, 40.7268296 ], [ 140.6581333, 40.7268296 ], [ 140.6583733, 40.7268296 ], [ 140.6586833, 40.7268196 ], [ 140.6590633, 40.7267996 ], [ 140.6598433, 40.7267696 ], [ 140.6606133, 40.7267696 ], [ 140.6608833, 40.7267696 ], [ 140.6611933, 40.7267896 ], [ 140.6614433, 40.7268096 ], [ 140.6616133, 40.7268196 ], [ 140.6620433, 40.7268596 ], [ 140.6624933, 40.7269096 ], [ 140.6630933, 40.7269496 ], [ 140.6636733, 40.7269896 ], [ 140.6644233, 40.7270296 ], [ 140.6650033, 40.7270396 ], [ 140.6658533, 40.7269996 ], [ 140.6667833, 40.7269196 ], [ 140.6671733, 40.7268896 ], [ 140.6673733, 40.7268796 ], [ 140.6678433, 40.7268596 ], [ 140.6686433, 40.7268496 ], [ 140.6691933, 40.7268796 ], [ 140.6696233, 40.7269296 ], [ 140.6699133, 40.7269596 ], [ 140.6705333, 40.7270396 ], [ 140.6708733, 40.7270896 ], [ 140.6715933, 40.7272096 ], [ 140.6721033, 40.7273396 ], [ 140.6724533, 40.7274296 ], [ 140.6732233, 40.7276696 ], [ 140.6736533, 40.7278396 ], [ 140.6743533, 40.7281596 ], [ 140.6748933, 40.7284296 ], [ 140.6752733, 40.7286496 ], [ 140.6769513, 40.7295842 ], [ 140.6773491, 40.7298018 ], [ 140.6789708, 40.7307625 ], [ 140.6795508, 40.7310825 ], [ 140.6799208, 40.7312925 ], [ 140.6801108, 40.7314325 ], [ 140.6804008, 40.7316925 ], [ 140.6805408, 40.7318825 ], [ 140.6806508, 40.7320225 ], [ 140.680859, 40.7322918 ], [ 140.681189, 40.7331918 ], [ 140.681389, 40.7336418 ], [ 140.681609, 40.7340418 ], [ 140.681959, 40.7345518 ], [ 140.682729, 40.7354718 ], [ 140.683179, 40.7359918 ], [ 140.683359, 40.7362018 ], [ 140.684649, 40.7376718 ], [ 140.684979, 40.7380118 ], [ 140.685229, 40.7382218 ], [ 140.685469, 40.7383818 ], [ 140.6874458, 40.7395708 ] ] } },
{ "type": "Feature", "properties": { "N12_001": "02", "N12_002": 1, "N12_003": 6, "N12_004": "青森県道　青森浪岡線", "N12_005": 22, "N12_006": 2 }, "geometry": { "type": "LineString", "coordinates": [ [ 140.6874458, 40.7395708 ], [ 140.687609, 40.7396694 ], [ 140.688059, 40.7399394 ], [ 140.690389, 40.7413594 ], [ 140.690799, 40.7416194 ], [ 140.691259, 40.7418894 ], [ 140.691629, 40.7421094 ], [ 140.692939, 40.7428994 ], [ 140.693089, 40.7429794 ], [ 140.693349, 40.7430894 ], [ 140.693569, 40.7431694 ], [ 140.693689, 40.7432094 ], [ 140.693859, 40.7432594 ], [ 140.694009, 40.7432894 ], [ 140.694179, 40.7433094 ], [ 140.694279, 40.7433094 ], [ 140.694469, 40.7433193 ], [ 140.6950289, 40.7433193 ], [ 140.6962175, 40.7433067 ], [ 140.6964875, 40.7433167 ], [ 140.6967775, 40.7433267 ], [ 140.6970675, 40.7433667 ], [ 140.6973875, 40.7434367 ], [ 140.6976575, 40.7435267 ], [ 140.6979975, 40.7436467 ], [ 140.6984775, 40.7438267 ], [ 140.6986575, 40.7438967 ], [ 140.6997175, 40.7443067 ], [ 140.6999975, 40.7444267 ], [ 140.7002575, 40.7445267 ], [ 140.7006175, 40.7446667 ], [ 140.7011275, 40.7448567 ], [ 140.7015875, 40.7450267 ], [ 140.7019875, 40.7451767 ], [ 140.7023475, 40.7453067 ], [ 140.7026858, 40.745417 ], [ 140.7030587, 40.7455646 ], [ 140.7033475, 40.7456667 ], [ 140.7036775, 40.7458067 ], [ 140.7039575, 40.7459467 ], [ 140.7042375, 40.7461367 ], [ 140.7043952, 40.7463653 ], [ 140.7045252, 40.7464653 ], [ 140.7046952, 40.7466853 ], [ 140.7047852, 40.7468453 ], [ 140.7049152, 40.7471453 ], [ 140.7054152, 40.7489153 ], [ 140.7054752, 40.7490853 ], [ 140.7055752, 40.7492953 ], [ 140.7056852, 40.7495353 ], [ 140.7059152, 40.7499953 ], [ 140.7060152, 40.7501753 ], [ 140.7061952, 40.7504653 ], [ 140.7065852, 40.7510953 ], [ 140.7069552, 40.7516953 ], [ 140.7069352, 40.7521853 ], [ 140.7069152, 40.7526753 ], [ 140.7068952, 40.7534353 ], [ 140.7068252, 40.7542153 ], [ 140.7068052, 40.7546153 ], [ 140.7067752, 40.7556653 ], [ 140.7067551, 40.7563953 ], [ 140.7066751, 40.7581853 ], [ 140.7066451, 40.7587153 ], [ 140.7066251, 40.7591053 ], [ 140.7065751, 40.7595753 ], [ 140.7065151, 40.7599753 ], [ 140.7064251, 40.7604053 ], [ 140.7063251, 40.7608153 ], [ 140.7060451, 40.7617153 ], [ 140.7057051, 40.7626353 ], [ 140.7053451, 40.7634353 ], [ 140.7050751, 40.7640953 ], [ 140.7048451, 40.7647353 ], [ 140.7047151, 40.7651853 ], [ 140.7046051, 40.7655953 ], [ 140.7044251, 40.7663353 ], [ 140.7043651, 40.7666653 ], [ 140.7042751, 40.7671253 ], [ 140.7042051, 40.7677753 ], [ 140.7041951, 40.7680253 ], [ 140.7041751, 40.7686953 ], [ 140.7041951, 40.7693753 ], [ 140.7042451, 40.7697653 ], [ 140.7043151, 40.7701653 ], [ 140.7043851, 40.7704753 ], [ 140.7044951, 40.7708653 ], [ 140.7046451, 40.7713653 ], [ 140.7047351, 40.7716153 ], [ 140.7048451, 40.7719253 ], [ 140.7050851, 40.7724853 ], [ 140.7052751, 40.7728553 ], [ 140.7055351, 40.7733153 ], [ 140.7056551, 40.7735154 ], [ 140.7058051, 40.7737554 ], [ 140.7060151, 40.7740554 ], [ 140.7061251, 40.7741954 ], [ 140.7062951, 40.7744154 ], [ 140.7067051, 40.7749054 ], [ 140.7068351, 40.7750554 ], [ 140.7071451, 40.7753854 ], [ 140.7075751, 40.7758154 ], [ 140.7077551, 40.7759854 ], [ 140.7081851, 40.7763554 ], [ 140.7083351, 40.7764754 ], [ 140.7088551, 40.7768754 ], [ 140.7095451, 40.7773554 ], [ 140.7098351, 40.7775354 ], [ 140.7103251, 40.7778254 ], [ 140.7105851, 40.7779654 ], [ 140.7108951, 40.7781254 ], [ 140.7114951, 40.7784254 ], [ 140.7120051, 40.7786754 ], [ 140.7125551, 40.7789154 ], [ 140.7129451, 40.7790654 ], [ 140.7131451, 40.7791354 ], [ 140.7133951, 40.7792154 ], [ 140.7137851, 40.7793354 ], [ 140.7141651, 40.7794454 ], [ 140.7145451, 40.7795454 ], [ 140.7159851, 40.7799354 ], [ 140.7164651, 40.7800354 ], [ 140.7166751, 40.7800754 ], [ 140.7169051, 40.7801054 ], [ 140.7173851, 40.7801654 ], [ 140.7180051, 40.7802354 ], [ 140.7183251, 40.7802654 ], [ 140.7189651, 40.7803254 ], [ 140.7199151, 40.7804154 ], [ 140.7218851, 40.7805954 ], [ 140.7240951, 40.7808454 ], [ 140.7244751, 40.7808954 ], [ 140.7247051, 40.7809454 ], [ 140.7249451, 40.7809654 ], [ 140.7251051, 40.7809754 ], [ 140.7255251, 40.7810254 ], [ 140.7278051, 40.7812654 ], [ 140.7281251, 40.7813054 ], [ 140.7282951, 40.7813354 ], [ 140.7285551, 40.7813754 ], [ 140.7287251, 40.7813954 ], [ 140.7288151, 40.7814154 ], [ 140.7290251, 40.7814754 ], [ 140.7292551, 40.7815454 ], [ 140.7298151, 40.7817454 ], [ 140.730485, 40.7820554 ], [ 140.730735, 40.7822654 ], [ 140.731535, 40.7829454 ], [ 140.731955, 40.7833154 ], [ 140.732055, 40.7833954 ], [ 140.732695, 40.7838554 ], [ 140.732885, 40.7839754 ], [ 140.733035, 40.7840554 ], [ 140.734195, 40.7845554 ], [ 140.734905, 40.7848654 ], [ 140.735605, 40.7851754 ], [ 140.735965, 40.7853454 ], [ 140.736775, 40.7856954 ], [ 140.738485, 40.7864354 ] ] } },
{ "type": "Feature", "properties": { "N12_001": "02", "N12_002": 1, "N12_003": 6, "N12_004": "青森県道　八戸環状線", "N12_005": 23, "N12_006": 1 }, "geometry": { "type": "LineString", "coordinates": [ [ 141.4708847, 40.5767341 ], [ 141.4706667, 40.5766281 ], [ 141.4703867, 40.5765181 ], [ 141.4694167, 40.5760881 ], [ 141.4681367, 40.5755381 ], [ 141.4673267, 40.5752081 ], [ 141.4666267, 40.5749081 ], [ 141.4658567, 40.5745181 ], [ 141.4653767, 40.5742581 ], [ 141.4634667, 40.5732681 ], [ 141.4631767, 40.5731081 ], [ 141.4630267, 40.5730381 ], [ 141.4625167, 40.5727781 ], [ 141.4610867, 40.5720381 ], [ 141.4604167, 40.5716881 ], [ 141.4582767, 40.5705681 ], [ 141.4573768, 40.5700981 ], [ 141.4568168, 40.5698081 ], [ 141.4558668, 40.5693181 ], [ 141.4552968, 40.5690181 ], [ 141.4551268, 40.5689281 ], [ 141.4549168, 40.5688081 ], [ 141.4543668, 40.5685281 ], [ 141.4533868, 40.5680181 ], [ 141.4532868, 40.5679581 ], [ 141.4523768, 40.5675081 ], [ 141.4522268, 40.5674381 ], [ 141.4521168, 40.5673781 ], [ 141.4513668, 40.566988 ], [ 141.4502868, 40.566428 ], [ 141.4499668, 40.566248 ], [ 141.4484868, 40.565488 ], [ 141.4482968, 40.565388 ], [ 141.4480068, 40.565238 ], [ 141.4477068, 40.565078 ], [ 141.4473268, 40.564868 ], [ 141.4469868, 40.564648 ], [ 141.4466968, 40.564468 ], [ 141.4463768, 40.564258 ], [ 141.4460768, 40.564048 ], [ 141.4457368, 40.563768 ], [ 141.4456671, 40.5637071 ], [ 141.4454868, 40.563558 ], [ 141.4450968, 40.563228 ], [ 141.4447368, 40.562918 ], [ 141.4441468, 40.562408 ], [ 141.4436468, 40.561958 ], [ 141.4431869, 40.561558 ], [ 141.4431469, 40.561528 ], [ 141.4430869, 40.561478 ], [ 141.4422769, 40.560758 ], [ 141.4417869, 40.560318 ], [ 141.4416169, 40.560168 ], [ 141.4407069, 40.559338 ], [ 141.4406869, 40.559328 ], [ 141.4400269, 40.558728 ], [ 141.4386569, 40.557438 ], [ 141.4384569, 40.557268 ], [ 141.4383269, 40.557168 ], [ 141.4381669, 40.557118 ], [ 141.4380269, 40.557098 ], [ 141.4378869, 40.557128 ], [ 141.4377269, 40.557208 ], [ 141.4374869, 40.557408 ], [ 141.4372069, 40.557728 ], [ 141.4368969, 40.558078 ], [ 141.4365969, 40.558418 ], [ 141.4363569, 40.558598 ], [ 141.4361569, 40.558708 ], [ 141.4359769, 40.558788 ], [ 141.4358369, 40.558818 ], [ 141.4356869, 40.558838 ], [ 141.4349149, 40.5587641 ] ] } },
{ "type": "Feature", "properties": { "N12_001": "02", "N12_002": 1, "N12_003": 6, "N12_004": "青森県道　八戸環状線", "N12_005": 23, "N12_006": 2 }, "geometry": { "type": "LineString", "coordinates": [ [ 141.4542353, 40.5018738 ], [ 141.4552268, 40.500942 ], [ 141.4553753, 40.5009438 ], [ 141.4554953, 40.5008138 ], [ 141.4557053, 40.5005438 ], [ 141.4569353, 40.4985438 ], [ 141.4570153, 40.4984038 ], [ 141.4575353, 40.4976538 ], [ 141.4579153, 40.4971938 ], [ 141.4583553, 40.4968338 ], [ 141.4585853, 40.4966938 ], [ 141.4587754, 40.4965838 ], [ 141.4591854, 40.4963738 ], [ 141.4599154, 40.4960838 ], [ 141.4608654, 40.4957938 ], [ 141.4623654, 40.4953238 ], [ 141.4636954, 40.4949238 ], [ 141.4643554, 40.4946938 ], [ 141.4651854, 40.4943538 ], [ 141.4652154, 40.4943438 ], [ 141.4653054, 40.4943038 ], [ 141.4659854, 40.4939238 ], [ 141.4666454, 40.4935538 ], [ 141.4671454, 40.4932338 ], [ 141.4675754, 40.4929738 ], [ 141.4676703, 40.4929142 ] ] } },
{ "type": "Feature", "properties": { "N12_001": "02", "N12_002": 2, "N12_003": 6, "N12_004": "青森県道　八戸環状線", "N12_005": 23, "N12_006": 3 }, "geometry": { "type": "LineString", "coordinates": [ [ 141.5135152, 40.4952038 ], [ 141.5139152, 40.4954438 ], [ 141.5143752, 40.4957238 ], [ 141.5145252, 40.4958038 ], [ 141.5147252, 40.4959138 ], [ 141.5158052, 40.4965738 ], [ 141.5159052, 40.4966338 ], [ 141.5167752, 40.4971038 ], [ 141.5169652, 40.4971938 ], [ 141.5173352, 40.4974038 ], [ 141.5175952, 40.4975738 ], [ 141.5197052, 40.4987838 ], [ 141.5200552, 40.4989638 ], [ 141.5208152, 40.4993638 ], [ 141.5209652, 40.4994438 ], [ 141.5210352, 40.4994938 ], [ 141.5218952, 40.4999938 ], [ 141.5224352, 40.5003138 ], [ 141.5227252, 40.5004938 ], [ 141.5228452, 40.5005738 ], [ 141.5238752, 40.5011538 ], [ 141.5246152, 40.5015838 ], [ 141.5248952, 40.5017538 ], [ 141.5251152, 40.5018738 ], [ 141.5254252, 40.5020438 ], [ 141.5255852, 40.5021338 ], [ 141.5259852, 40.5023538 ], [ 141.5266152, 40.5027138 ], [ 141.5268452, 40.5028538 ], [ 141.5269952, 40.5029338 ], [ 141.5273452, 40.5031638 ], [ 141.5276352, 40.5033738 ], [ 141.5279652, 40.5036838 ], [ 141.5283252, 40.5040138 ], [ 141.5285552, 40.5042838 ], [ 141.5287852, 40.5045838 ], [ 141.5289052, 40.5047538 ], [ 141.5290852, 40.5050638 ], [ 141.5292151, 40.5052438 ], [ 141.5293651, 40.5054338 ], [ 141.5294551, 40.5055438 ], [ 141.5296351, 40.5058038 ], [ 141.5297651, 40.5059938 ], [ 141.5301051, 40.5064638 ] ] } },
{ "type": "Feature", "properties": { "N12_001": "02", "N12_002": 2, "N12_003": 6, "N12_004": "青森県道　五所川原黒石線", "N12_005": 24, "N12_006": 1 }, "geometry": { "type": "LineString", "coordinates": [ [ 140.5997959, 40.6406052 ], [ 140.5990659, 40.6408452 ], [ 140.5989959, 40.6408752 ], [ 140.5983959, 40.6410552 ], [ 140.5983359, 40.6410852 ], [ 140.5975659, 40.6413052 ], [ 140.5972659, 40.6413652 ], [ 140.5967959, 40.6414852 ], [ 140.5961859, 40.6416452 ], [ 140.5961159, 40.6416652 ], [ 140.5958659, 40.6417252 ], [ 140.5957159, 40.6417652 ], [ 140.5956059, 40.6417952 ], [ 140.5954359, 40.6418252 ], [ 140.5953958, 40.6418352 ], [ 140.5953058, 40.6418352 ], [ 140.5950558, 40.6418752 ], [ 140.5948958, 40.6418952 ], [ 140.5946858, 40.6419252 ], [ 140.5935158, 40.6420952 ], [ 140.5933358, 40.6421352 ] ] } },
{ "type": "Feature", "properties": { "N12_001": "02", "N12_002": 2, "N12_003": 6, "N12_004": "青森県道　弘前環状線", "N12_005": 25, "N12_006": 1 }, "geometry": { "type": "LineString", "coordinates": [ [ 140.4725284, 40.6419608 ], [ 140.473456, 40.6418653 ], [ 140.474336, 40.6418053 ], [ 140.475006, 40.6417553 ], [ 140.475616, 40.6417153 ], [ 140.476486, 40.6416553 ], [ 140.477166, 40.6415953 ], [ 140.478166, 40.6415153 ], [ 140.480826, 40.6413053 ], [ 140.482146, 40.6412053 ], [ 140.483326, 40.6411053 ], [ 140.4834495, 40.6410968 ] ] } },
{ "type": "Feature", "properties": { "N12_001": "02", "N12_002": 2, "N12_003": 6, "N12_004": "青森県道　青森環状野内線", "N12_005": 26, "N12_006": 1 }, "geometry": { "type": "LineString", "coordinates": [ [ 140.8342098, 40.8346842 ], [ 140.8345144, 40.8350154 ], [ 140.8347444, 40.8352254 ], [ 140.8371966, 40.8373193 ], [ 140.8372866, 40.8374093 ], [ 140.8378816, 40.8379083 ], [ 140.8381715, 40.8382783 ], [ 140.8383615, 40.8385683 ], [ 140.8384515, 40.8388083 ], [ 140.8385215, 40.8390283 ], [ 140.8385415, 40.8392183 ], [ 140.8385515, 40.8393283 ], [ 140.8385615, 40.8396983 ], [ 140.838535, 40.8402354 ], [ 140.838505, 40.8406754 ], [ 140.838415, 40.8416454 ], [ 140.838385, 40.8420254 ], [ 140.838345, 40.8425154 ], [ 140.838315, 40.8428854 ], [ 140.838255, 40.8432154 ], [ 140.838185, 40.8434454 ], [ 140.838125, 40.8436055 ], [ 140.838055, 40.8437655 ], [ 140.838015, 40.8438455 ], [ 140.837935, 40.8440055 ], [ 140.837875, 40.8441155 ], [ 140.837735, 40.8443355 ], [ 140.837535, 40.8446055 ], [ 140.837425, 40.8447555 ], [ 140.837285, 40.8449155 ], [ 140.8369661, 40.84524 ], [ 140.8367042, 40.845525 ], [ 140.8362453, 40.8458336 ], [ 140.8360453, 40.8459936 ], [ 140.8358853, 40.8461036 ], [ 140.8355553, 40.8462936 ], [ 140.8354836, 40.8463369 ], [ 140.8343792, 40.8470042 ], [ 140.8336208, 40.847525 ], [ 140.8334375, 40.8477 ], [ 140.8332042, 40.8479333 ], [ 140.83295, 40.8483 ], [ 140.8327875, 40.8486458 ], [ 140.8326958, 40.8488875 ], [ 140.8326292, 40.8490833 ], [ 140.8325417, 40.8493 ], [ 140.8324292, 40.8495 ], [ 140.832325, 40.8495958 ], [ 140.83215, 40.8497167 ], [ 140.8318833, 40.8498458 ], [ 140.8307625, 40.8503167 ], [ 140.830475, 40.8504042 ], [ 140.8294792, 40.850575 ], [ 140.8292125, 40.8506667 ], [ 140.8290875, 40.8507417 ], [ 140.8284726, 40.8511863 ], [ 140.8272667, 40.8520583 ], [ 140.8263875, 40.8527417 ], [ 140.8261875, 40.8529375 ], [ 140.8260958, 40.8530542 ], [ 140.8259833, 40.8532458 ], [ 140.8259042, 40.8534667 ], [ 140.8258333, 40.854 ], [ 140.8258042, 40.854225 ], [ 140.8257333, 40.8543958 ], [ 140.82565, 40.8545125 ], [ 140.8255417, 40.8546 ], [ 140.8249792, 40.8549042 ] ] } },
{ "type": "Feature", "properties": { "N12_001": "02", "N12_002": 2, "N12_003": 6, "N12_004": "青森県道　青森環状野内線", "N12_005": 26, "N12_006": 2 }, "geometry": { "type": "LineString", "coordinates": [ [ 140.7100917, 40.8064667 ], [ 140.7100666, 40.8067291 ], [ 140.7100742, 40.8069974 ], [ 140.7100879, 40.8071828 ], [ 140.7101751, 40.8074655 ], [ 140.7103351, 40.8078555 ], [ 140.7104651, 40.8080455 ], [ 140.7106251, 40.8082255 ], [ 140.7107351, 40.8083255 ], [ 140.7108351, 40.8084255 ], [ 140.7112851, 40.8088155 ], [ 140.7114151, 40.8089455 ], [ 140.7114351, 40.8089855 ], [ 140.7114629, 40.8091808 ], [ 140.7115021, 40.80945 ], [ 140.7115215, 40.8096545 ] ] } },
{ "type": "Feature", "properties": { "N12_001": "02", "N12_002": 2, "N12_003": 6, "N12_004": "青森県道　十和田三戸線", "N12_005": 27, "N12_006": 1 }, "geometry": { "type": "LineString", "coordinates": [ [ 141.1736463, 40.4674935 ], [ 141.1743455, 40.4671817 ] ] } },
{ "type": "Feature", "properties": { "N12_001": "02", "N12_002": 2, "N12_003": 6, "N12_004": "青森県道　青森東インター線", "N12_005": 28, "N12_006": 1 }, "geometry": { "type": "LineString", "coordinates": [ [ 140.8426944, 40.8309954 ], [ 140.8421244, 40.8312154 ], [ 140.8416744, 40.8313954 ], [ 140.8401144, 40.8319954 ], [ 140.8386244, 40.8325854 ], [ 140.8367342, 40.8333617 ], [ 140.83614, 40.8335954 ], [ 140.8351156, 40.8341062 ], [ 140.8342098, 40.8346842 ] ] } },
{ "type": "Feature", "properties": { "N12_001": "02", "N12_002": 2, "N12_003": 6, "N12_004": "青森県道　弘前平賀線", "N12_005": 29, "N12_006": 1 }, "geometry": { "type": "LineString", "coordinates": [ [ 140.5033162, 40.5964452 ], [ 140.5029562, 40.5964152 ], [ 140.5019662, 40.5963352 ], [ 140.5005362, 40.5962352 ], [ 140.4997362, 40.5961752 ], [ 140.4994636, 40.5961608 ], [ 140.4993562, 40.5961552 ], [ 140.4982862, 40.5960952 ], [ 140.4979062, 40.5960652 ], [ 140.4974162, 40.5960252 ], [ 140.4971262, 40.5959952 ], [ 140.4965162, 40.5959252 ], [ 140.4960662, 40.5958652 ], [ 140.4954862, 40.5957952 ], [ 140.4948162, 40.5957252 ], [ 140.4941662, 40.5956652 ], [ 140.4933962, 40.5955852 ], [ 140.4929262, 40.5955252 ], [ 140.4925662, 40.5954752 ], [ 140.4918462, 40.5953752 ], [ 140.4898762, 40.5951052 ], [ 140.4883062, 40.5949052 ], [ 140.4868762, 40.5946852 ], [ 140.4844462, 40.5943352 ], [ 140.4840462, 40.5942752 ], [ 140.4837262, 40.5942252 ], [ 140.4835162, 40.5941452 ], [ 140.4833362, 40.5940552 ], [ 140.4823962, 40.5937052 ], [ 140.4816662, 40.5933452 ], [ 140.4806462, 40.5928452 ] ] } },
{ "type": "Feature", "properties": { "N12_001": "02", "N12_002": 1, "N12_003": 6, "N12_004": "青森県道　荒川青森停車場線", "N12_005": 30, "N12_006": 1 }, "geometry": { "type": "LineString", "coordinates": [ [ 140.738485, 40.7864354 ], [ 140.738625, 40.7876054 ], [ 140.738645, 40.7877854 ], [ 140.738765, 40.7888054 ], [ 140.738835, 40.7893154 ], [ 140.738905, 40.7899454 ], [ 140.739065, 40.7912454 ], [ 140.739115, 40.7916654 ], [ 140.739185, 40.7921654 ], [ 140.739225, 40.7925754 ], [ 140.739345, 40.7934754 ], [ 140.739515, 40.7948154 ], [ 140.739695, 40.7962754 ], [ 140.7397875, 40.7970578 ], [ 140.739855, 40.7975354 ], [ 140.739915, 40.7979754 ], [ 140.740005, 40.7987354 ], [ 140.740155, 40.7999954 ], [ 140.740275, 40.8008954 ], [ 140.740355, 40.8015054 ], [ 140.740415, 40.8019854 ], [ 140.740475, 40.8024354 ], [ 140.740635, 40.8037454 ], [ 140.740665, 40.8039754 ], [ 140.740725, 40.8044054 ], [ 140.740795, 40.8049955 ], [ 140.740905, 40.8058855 ], [ 140.741025, 40.8067655 ], [ 140.741085, 40.8073155 ], [ 140.741155, 40.8077655 ], [ 140.741225, 40.8083255 ], [ 140.741285, 40.8087555 ], [ 140.741385, 40.8094355 ], [ 140.741535, 40.8102855 ], [ 140.741675, 40.8110455 ], [ 140.741705, 40.8112255 ], [ 140.741745, 40.8114755 ], [ 140.741885, 40.8120855 ], [ 140.742025, 40.8127155 ], [ 140.742105, 40.8130955 ], [ 140.742175, 40.8134555 ], [ 140.742345, 40.8142355 ], [ 140.742425, 40.8145555 ], [ 140.742525, 40.8150255 ], [ 140.742635, 40.8154555 ], [ 140.742925, 40.8164055 ], [ 140.743015, 40.8166655 ], [ 140.743185, 40.8171055 ], [ 140.743575, 40.8181555 ], [ 140.743715, 40.8185155 ], [ 140.7441249, 40.8195355 ], [ 140.7444449, 40.8203055 ], [ 140.7445049, 40.8204755 ], [ 140.7446149, 40.8207555 ], [ 140.7449749, 40.8216755 ], [ 140.7450449, 40.8218555 ], [ 140.7451549, 40.8225155 ], [ 140.7451849, 40.8228555 ], [ 140.7452049, 40.8230155 ] ] } },
{ "type": "Feature", "properties": { "N12_001": "02", "N12_002": 1, "N12_003": 6, "N12_004": "青森県道　清水川滝沢野内線", "N12_005": 31, "N12_006": 1 }, "geometry": { "type": "LineString", "coordinates": [ [ 140.868071, 40.8244124 ], [ 140.8677143, 40.8246152 ], [ 140.8671743, 40.8247952 ], [ 140.8669643, 40.8248552 ], [ 140.8664443, 40.8249452 ], [ 140.8662843, 40.8249652 ], [ 140.8661143, 40.8249852 ], [ 140.8654443, 40.8250752 ], [ 140.8645543, 40.8251952 ], [ 140.8635743, 40.8253052 ], [ 140.8628043, 40.8254052 ], [ 140.8622543, 40.8254752 ], [ 140.8616043, 40.8255552 ], [ 140.8602043, 40.8257352 ], [ 140.8596143, 40.8258153 ], [ 140.8587843, 40.8259153 ], [ 140.8582843, 40.8259753 ], [ 140.8578943, 40.8260253 ], [ 140.8572443, 40.8261253 ], [ 140.8568844, 40.8261853 ], [ 140.8564744, 40.8262753 ], [ 140.8557744, 40.8264553 ], [ 140.8553444, 40.8265853 ], [ 140.8549244, 40.8267453 ], [ 140.8544944, 40.8269453 ], [ 140.8538144, 40.8273053 ], [ 140.8533244, 40.8276053 ], [ 140.8524044, 40.8282453 ], [ 140.8516144, 40.8287853 ], [ 140.8505544, 40.8295353 ], [ 140.8501044, 40.8298053 ], [ 140.8498544, 40.8299353 ], [ 140.8495644, 40.8300653 ], [ 140.8492344, 40.8301953 ], [ 140.8489944, 40.8302753 ], [ 140.8484444, 40.8304053 ], [ 140.8479544, 40.8304753 ], [ 140.8475644, 40.8305053 ], [ 140.8465244, 40.8305153 ], [ 140.8458144, 40.8305053 ], [ 140.8451744, 40.8305154 ], [ 140.8447144, 40.8305354 ], [ 140.8444444, 40.8305554 ], [ 140.8440844, 40.8306054 ], [ 140.8436944, 40.8306854 ], [ 140.8431644, 40.8308354 ], [ 140.8429044, 40.8309154 ], [ 140.8427844, 40.8309654 ], [ 140.8426944, 40.8309954 ] ] } },
{ "type": "Feature", "properties": { "N12_001": "02", "N12_002": 1, "N12_003": 6, "N12_004": "青森県道　赤川下北停車場線", "N12_005": 32, "N12_006": 1 }, "geometry": { "type": "LineString", "coordinates": [ [ 141.2291627, 41.2540066 ], [ 141.2290327, 41.2540566 ], [ 141.2286727, 41.2542966 ], [ 141.2285127, 41.2544166 ], [ 141.2273127, 41.2552466 ], [ 141.2265827, 41.2557366 ], [ 141.2258827, 41.2562166 ], [ 141.2252127, 41.2566766 ], [ 141.2250027, 41.2568166 ], [ 141.2243127, 41.2572866 ], [ 141.2228127, 41.2583266 ], [ 141.2223627, 41.2586366 ], [ 141.2216927, 41.2591666 ], [ 141.2215527, 41.2592866 ], [ 141.2196727, 41.2606966 ], [ 141.2187859, 41.2613995 ], [ 141.2184627, 41.2616466 ], [ 141.2183127, 41.2617666 ], [ 141.2168828, 41.2628566 ], [ 141.2167828, 41.2629166 ], [ 141.2166628, 41.2630066 ], [ 141.2158628, 41.2636266 ], [ 141.2157828, 41.2636966 ], [ 141.2156728, 41.2637866 ], [ 141.2155628, 41.2638666 ], [ 141.2153728, 41.2640166 ], [ 141.2152228, 41.2641466 ], [ 141.2149928, 41.2643166 ], [ 141.2130928, 41.2657766 ], [ 141.2120128, 41.2666166 ], [ 141.2118628, 41.2667266 ], [ 141.2113528, 41.2671166 ], [ 141.2108628, 41.2675066 ], [ 141.2097928, 41.2683166 ], [ 141.2096228, 41.2684366 ], [ 141.2086028, 41.2692466 ], [ 141.2084628, 41.2693566 ], [ 141.2083328, 41.2694466 ], [ 141.2075728, 41.2700366 ], [ 141.2071728, 41.2703266 ], [ 141.2069228, 41.2705166 ], [ 141.2064828, 41.2708766 ], [ 141.2059528, 41.2712766 ], [ 141.2058728, 41.2713466 ], [ 141.2055428, 41.2715866 ], [ 141.2055028, 41.2716166 ], [ 141.2046628, 41.2722666 ], [ 141.2043528, 41.2725066 ], [ 141.2039928, 41.2727866 ], [ 141.2032228, 41.2733766 ], [ 141.2020628, 41.2742766 ], [ 141.2017028, 41.2745566 ], [ 141.2013528, 41.2748266 ], [ 141.2012228, 41.2749266 ], [ 141.2010828, 41.2750266 ], [ 141.2007628, 41.2752666 ], [ 141.2004728, 41.2754766 ], [ 141.2000028, 41.2758266 ], [ 141.1996128, 41.2761266 ], [ 141.1993528, 41.2763366 ], [ 141.1990628, 41.2765566 ], [ 141.1989228, 41.2766766 ], [ 141.1985628, 41.2769466 ], [ 141.1981928, 41.2772366 ], [ 141.1980928, 41.2773066 ], [ 141.1969228, 41.2782166 ], [ 141.1965228, 41.2785266 ], [ 141.1959328, 41.2789666 ], [ 141.1954328, 41.2793566 ], [ 141.1948428, 41.2798066 ], [ 141.1946128, 41.2799866 ], [ 141.1941829, 41.2803266 ], [ 141.1932029, 41.2810766 ], [ 141.1916729, 41.2822666 ], [ 141.1911429, 41.2826766 ], [ 141.1906929, 41.2830066 ], [ 141.1902529, 41.2833366 ], [ 141.1901629, 41.2834066 ] ] } },
{ "type": "Feature", "properties": { "N12_001": "02", "N12_002": 2, "N12_003": 6, "N12_004": "青森県道　尾駮有戸停車場線", "N12_005": 33, "N12_006": 1 }, "geometry": { "type": "LineString", "coordinates": [ [ 141.310423, 40.9561259 ], [ 141.310533, 40.9560859 ], [ 141.312923, 40.9553659 ], [ 141.314123, 40.9550059 ], [ 141.314193, 40.9549959 ], [ 141.316753, 40.9542259 ], [ 141.316883, 40.9541959 ], [ 141.317003, 40.9541559 ], [ 141.317883, 40.9538859 ], [ 141.318633, 40.9536759 ], [ 141.320413, 40.9531859 ], [ 141.321103, 40.9530159 ], [ 141.321813, 40.9528559 ], [ 141.322733, 40.9526659 ], [ 141.323693, 40.9525159 ], [ 141.323923, 40.9524959 ], [ 141.325363, 40.9523059 ], [ 141.329133, 40.9517959 ], [ 141.329793, 40.9516959 ], [ 141.330333, 40.9516059 ], [ 141.331413, 40.9514559 ], [ 141.332333, 40.9513559 ], [ 141.333333, 40.9512359 ], [ 141.333653, 40.9511859 ], [ 141.334373, 40.9510759 ], [ 141.335573, 40.9508659 ], [ 141.336743, 40.9506159 ], [ 141.337063, 40.9505259 ], [ 141.337273, 40.9504659 ], [ 141.337473, 40.9504059 ], [ 141.338013, 40.9502459 ], [ 141.338283, 40.9501659 ], [ 141.338893, 40.9499559 ], [ 141.339703, 40.9496559 ], [ 141.340833, 40.9492159 ], [ 141.341673, 40.9488859 ], [ 141.342283, 40.9486559 ], [ 141.343743, 40.9480759 ], [ 141.343993, 40.9479759 ], [ 141.346013, 40.9471859 ], [ 141.347853, 40.9464559 ], [ 141.350033, 40.9456659 ], [ 141.350783, 40.9454159 ], [ 141.351253, 40.9452659 ], [ 141.352063, 40.9450359 ], [ 141.352523, 40.9449159 ], [ 141.353183, 40.9447459 ], [ 141.353933, 40.9445959 ], [ 141.354473, 40.9444759 ], [ 141.355543, 40.9442959 ], [ 141.356043, 40.9442259 ], [ 141.356223, 40.9441959 ], [ 141.356613, 40.9441459 ], [ 141.357383, 40.9440659 ], [ 141.358193, 40.9440259 ], [ 141.358333, 40.9440259 ], [ 141.3591522, 40.9440259 ] ] } },
{ "type": "Feature", "properties": { "N12_001": "02", "N12_002": 1, "N12_003": 6, "N12_004": "青森県道　後平青森線", "N12_005": 34, "N12_006": 1 }, "geometry": { "type": "LineString", "coordinates": [ [ 141.1471739, 40.7874251 ], [ 141.1455539, 40.7877151 ], [ 141.1453939, 40.7877451 ], [ 141.1431439, 40.7880451 ], [ 141.1430739, 40.7880651 ], [ 141.1424539, 40.7881551 ], [ 141.1417739, 40.7882351 ], [ 141.1416739, 40.7882551 ], [ 141.140984, 40.7883351 ], [ 141.140064, 40.7884651 ], [ 141.138254, 40.7887151 ], [ 141.138074, 40.7887351 ], [ 141.137824, 40.7887651 ], [ 141.137394, 40.7888051 ], [ 141.136964, 40.7888351 ], [ 141.136574, 40.7888251 ], [ 141.136044, 40.7887951 ], [ 141.134954, 40.7887051 ], [ 141.133584, 40.788595 ], [ 141.133354, 40.788585 ], [ 141.132904, 40.788575 ], [ 141.132534, 40.788585 ], [ 141.132324, 40.788615 ], [ 141.131894, 40.788675 ], [ 141.131664, 40.788735 ], [ 141.131024, 40.788955 ], [ 141.130534, 40.789145 ], [ 141.129144, 40.789665 ], [ 141.128094, 40.790065 ], [ 141.127614, 40.790215 ], [ 141.127244, 40.790285 ], [ 141.126744, 40.790325 ], [ 141.126344, 40.790355 ], [ 141.124744, 40.790465 ], [ 141.123664, 40.790535 ], [ 141.123274, 40.790565 ], [ 141.122424, 40.790615 ], [ 141.121454, 40.790685 ], [ 141.120984, 40.790715 ], [ 141.120434, 40.790755 ], [ 141.119994, 40.790775 ], [ 141.119464, 40.790805 ], [ 141.119064, 40.790815 ], [ 141.118724, 40.790825 ], [ 141.118004, 40.790865 ], [ 141.117714, 40.790865 ], [ 141.117474, 40.790885 ], [ 141.116804, 40.790935 ], [ 141.116064, 40.791015 ], [ 141.115804, 40.791065 ], [ 141.115664, 40.791075 ], [ 141.115344, 40.791125 ], [ 141.115214, 40.791135 ], [ 141.114674, 40.791225 ], [ 141.114594, 40.791255 ], [ 141.114264, 40.791295 ], [ 141.113664, 40.791395 ], [ 141.113624, 40.791405 ], [ 141.113444, 40.791425 ], [ 141.112784, 40.791565 ], [ 141.112754, 40.791565 ], [ 141.112604, 40.791595 ], [ 141.112254, 40.791665 ], [ 141.111894, 40.791735 ], [ 141.111564, 40.791805 ], [ 141.111494, 40.791815 ], [ 141.110784, 40.791965 ], [ 141.110224, 40.792075 ], [ 141.109814, 40.792145 ], [ 141.109254, 40.792205 ], [ 141.108594, 40.792285 ], [ 141.108534, 40.792295 ], [ 141.108344, 40.792305 ], [ 141.107534, 40.792375 ], [ 141.107274, 40.792395 ], [ 141.107134, 40.792405 ], [ 141.1055441, 40.792475 ], [ 141.1047041, 40.792505 ], [ 141.1041741, 40.792535 ], [ 141.1039541, 40.792535 ], [ 141.1036041, 40.792555 ], [ 141.1032941, 40.792555 ], [ 141.1031541, 40.792555 ], [ 141.1028941, 40.792525 ], [ 141.1026541, 40.792475 ], [ 141.1025041, 40.792435 ], [ 141.1021141, 40.792305 ], [ 141.1020241, 40.792265 ], [ 141.1015541, 40.792045 ], [ 141.1009541, 40.791755 ], [ 141.1008341, 40.791685 ], [ 141.1005741, 40.791545 ], [ 141.1000041, 40.791235 ], [ 141.0996641, 40.791055 ], [ 141.0994541, 40.790935 ], [ 141.0992441, 40.790835 ], [ 141.0990141, 40.790735 ], [ 141.0987841, 40.790685 ], [ 141.0983341, 40.790625 ], [ 141.0978441, 40.790605 ], [ 141.0974941, 40.790615 ], [ 141.0971641, 40.790645 ], [ 141.0968441, 40.790715 ], [ 141.0966941, 40.790765 ], [ 141.0961341, 40.790945 ], [ 141.0957841, 40.791055 ], [ 141.0953841, 40.791165 ], [ 141.0951241, 40.791235 ], [ 141.0948641, 40.791275 ], [ 141.0946741, 40.791295 ], [ 141.0940341, 40.791305 ], [ 141.0916741, 40.791285 ], [ 141.0898641, 40.791275 ], [ 141.0887541, 40.791275 ], [ 141.0883141, 40.791245 ], [ 141.0879141, 40.791175 ], [ 141.0875441, 40.791075 ], [ 141.0871441, 40.790915 ], [ 141.0869141, 40.790775 ], [ 141.0867541, 40.7906749 ], [ 141.0866241, 40.7905849 ] ] } },
{ "type": "Feature", "properties": { "N12_001": "02", "N12_002": 2, "N12_003": 6, "N12_004": "青森県道　下北停車場線", "N12_005": 35, "N12_006": 1 }, "geometry": { "type": "LineString", "coordinates": [ [ 141.1793829, 41.2925767 ], [ 141.1801429, 41.2915367 ], [ 141.1804429, 41.2911067 ], [ 141.1807829, 41.2906467 ], [ 141.1810329, 41.2902967 ], [ 141.1813329, 41.2899567 ], [ 141.1817829, 41.2895867 ], [ 141.1821929, 41.2892767 ], [ 141.1833329, 41.2885567 ], [ 141.1836729, 41.2883467 ], [ 141.1844529, 41.2878467 ], [ 141.1848129, 41.2876067 ], [ 141.1849129, 41.2875367 ] ] } },
{ "type": "Feature", "properties": { "N12_001": "02", "N12_002": 2, "N12_003": 7, "N12_004": "青森市道　安田大通り線", "N12_005": 36, "N12_006": 1 }, "geometry": { "type": "LineString", "coordinates": [ [ 140.7066665, 40.7981416 ], [ 140.7065542, 40.7994958 ], [ 140.7064742, 40.7999958 ], [ 140.7064351, 40.8005955 ], [ 140.7062551, 40.8016655 ], [ 140.7062071, 40.8022456 ], [ 140.7062587, 40.8028609 ], [ 140.706432, 40.8033358 ], [ 140.7067, 40.8037333 ], [ 140.7068958, 40.8039704 ], [ 140.7072358, 40.8043004 ], [ 140.7081213, 40.8049393 ], [ 140.7093125, 40.8058042 ], [ 140.7100917, 40.8064667 ] ] } },
{ "type": "Feature", "properties": { "N12_001": "02", "N12_002": 2, "N12_003": 7, "N12_004": "弘前市道　岩木川右岸環状線", "N12_005": 37, "N12_006": 1 }, "geometry": { "type": "LineString", "coordinates": [ [ 140.4725284, 40.6419608 ], [ 140.4722428, 40.6410925 ], [ 140.4720954, 40.640602 ], [ 140.4719195, 40.6400378 ], [ 140.4717509, 40.6393115 ], [ 140.4716609, 40.6386815 ], [ 140.4716654, 40.6380869 ], [ 140.4716654, 40.6376269 ], [ 140.4716754, 40.6372369 ], [ 140.4717054, 40.6368169 ], [ 140.4717554, 40.6363369 ], [ 140.4718054, 40.6357669 ], [ 140.4719037, 40.6351129 ], [ 140.4720137, 40.6347229 ], [ 140.4721848, 40.6340916 ], [ 140.4724367, 40.6333088 ], [ 140.4727045, 40.6325306 ], [ 140.4728645, 40.6320606 ], [ 140.4731165, 40.6314509 ], [ 140.4733874, 40.630816 ], [ 140.4736982, 40.6302177 ], [ 140.4739882, 40.6296277 ], [ 140.4741682, 40.6292877 ], [ 140.4742882, 40.6289877 ], [ 140.4743382, 40.6287777 ], [ 140.4743331, 40.6284332 ], [ 140.4743031, 40.6282032 ], [ 140.4742931, 40.6280732 ], [ 140.4742631, 40.6278432 ], [ 140.4742431, 40.6276232 ], [ 140.4741798, 40.6269815 ], [ 140.4741298, 40.6266115 ], [ 140.4740798, 40.6263215 ], [ 140.4739798, 40.6259215 ], [ 140.4739198, 40.6256415 ], [ 140.4738298, 40.6254015 ], [ 140.4737345, 40.62504 ], [ 140.4735443, 40.6246719 ], [ 140.4733747, 40.6242215 ], [ 140.4733247, 40.6241315 ], [ 140.4730423, 40.6236249 ], [ 140.4728461, 40.6233153 ], [ 140.4726364, 40.6229978 ], [ 140.4724366, 40.6227203 ], [ 140.4722466, 40.6225403 ], [ 140.4719358, 40.6222302 ], [ 140.4718258, 40.6221402 ], [ 140.4716858, 40.6220202 ], [ 140.4715058, 40.6218802 ], [ 140.4710658, 40.6215402 ], [ 140.4687297, 40.6199997 ], [ 140.4678597, 40.6193697 ], [ 140.4671697, 40.6188297 ], [ 140.4667197, 40.6184497 ], [ 140.4662361, 40.6181253 ], [ 140.4654361, 40.6173953 ], [ 140.4648761, 40.6168953 ], [ 140.4646761, 40.6167353 ], [ 140.4641561, 40.6163253 ], [ 140.4639661, 40.6161553 ], [ 140.4635661, 40.6157853 ], [ 140.4634361, 40.6156853 ], [ 140.4630661, 40.6154753 ], [ 140.4629561, 40.6154053 ], [ 140.4625772, 40.6151098 ], [ 140.4623572, 40.6149998 ], [ 140.4621995, 40.6148837 ], [ 140.4621195, 40.6148537 ] ] } },
{ "type": "Feature", "properties": { "N12_001": "02", "N12_002": 1, "N12_003": 7, "N12_004": "八戸市道　前田小田線", "N12_005": 38, "N12_006": 1 }, "geometry": { "type": "LineString", "coordinates": [ [ 141.4591751, 40.5337639 ], [ 141.4590551, 40.5336939 ], [ 141.4587451, 40.5334939 ], [ 141.4586751, 40.5334539 ], [ 141.4585951, 40.5334039 ], [ 141.4575651, 40.5328439 ], [ 141.4568751, 40.5324039 ], [ 141.4566251, 40.5321939 ], [ 141.4564151, 40.5320139 ], [ 141.4561751, 40.5317639 ], [ 141.4555351, 40.5310939 ], [ 141.4553251, 40.5308639 ], [ 141.4547751, 40.5302639 ], [ 141.4539951, 40.5294039 ], [ 141.4532851, 40.5286139 ], [ 141.4531251, 40.5284439 ], [ 141.4529751, 40.5282939 ], [ 141.4508151, 40.5259339 ], [ 141.4499552, 40.5250439 ], [ 141.4497952, 40.5248739 ], [ 141.4490252, 40.5238339 ], [ 141.4487352, 40.5232339 ], [ 141.4486152, 40.5228439 ], [ 141.4485752, 40.5227039 ], [ 141.4485552, 40.5226039 ], [ 141.4484852, 40.5220639 ], [ 141.4484806, 40.5219119 ], [ 141.4484752, 40.5217839 ], [ 141.4485352, 40.5211939 ], [ 141.4485852, 40.5209239 ], [ 141.4487252, 40.5204539 ], [ 141.4489752, 40.5195939 ], [ 141.4490552, 40.5193339 ], [ 141.4492552, 40.5186639 ], [ 141.4495452, 40.5176939 ], [ 141.4496352, 40.5173839 ], [ 141.4497352, 40.5170439 ], [ 141.4499352, 40.5164039 ], [ 141.4501852, 40.5155739 ], [ 141.4502452, 40.5153839 ], [ 141.4505452, 40.5143439 ], [ 141.4507452, 40.5137739 ], [ 141.4508452, 40.5135639 ], [ 141.4514052, 40.5123839 ] ] } },
{ "type": "Feature", "properties": { "N12_001": "02", "N12_002": 2, "N12_003": 7, "N12_004": "八戸市道　根城前田線", "N12_005": 39, "N12_006": 1 }, "geometry": { "type": "LineString", "coordinates": [ [ 141.4514052, 40.5123839 ], [ 141.4514652, 40.5122639 ], [ 141.4516552, 40.5118639 ], [ 141.4518453, 40.5114939 ], [ 141.4519253, 40.5113339 ], [ 141.4523453, 40.5104238 ], [ 141.4526053, 40.5099238 ], [ 141.4528653, 40.5094238 ], [ 141.4531353, 40.5089138 ], [ 141.4534053, 40.5084238 ], [ 141.4535053, 40.5082438 ], [ 141.4536253, 40.5080638 ], [ 141.4537553, 40.5078938 ], [ 141.4540253, 40.5076138 ], [ 141.4544453, 40.5072538 ], [ 141.4563353, 40.5057538 ], [ 141.4568353, 40.5053538 ], [ 141.4573353, 40.5050638 ], [ 141.4576853, 40.5049238 ], [ 141.4581553, 40.5047638 ], [ 141.4595353, 40.5044238 ] ] } },
{ "type": "Feature", "properties": { "N12_001": "02", "N12_002": 1, "N12_003": 7, "N12_004": "三沢市道　岡三沢・下田線", "N12_005": 40, "N12_006": 1 }, "geometry": { "type": "LineString", "coordinates": [ [ 141.3771641, 40.6902244 ], [ 141.3771741, 40.6890949 ], [ 141.3771741, 40.6889849 ], [ 141.3771841, 40.6886649 ], [ 141.3772141, 40.6884049 ], [ 141.3772641, 40.6880949 ], [ 141.3772841, 40.6878149 ], [ 141.3772841, 40.6871449 ], [ 141.3772941, 40.6870549 ], [ 141.3773541, 40.6866549 ], [ 141.3773777, 40.6865133 ], [ 141.3773941, 40.6864149 ], [ 141.3774441, 40.6860649 ], [ 141.3774641, 40.6859249 ], [ 141.3775241, 40.6855448 ], [ 141.3775541, 40.6854148 ], [ 141.3776041, 40.6851348 ], [ 141.3777042, 40.6847648 ], [ 141.3777842, 40.6845348 ], [ 141.3778542, 40.6844048 ], [ 141.3780342, 40.6840148 ], [ 141.3782042, 40.6836348 ], [ 141.3783642, 40.6833248 ], [ 141.3788042, 40.6824348 ], [ 141.3789342, 40.6822048 ], [ 141.3789842, 40.6820848 ], [ 141.3790842, 40.6818748 ], [ 141.3791442, 40.6817448 ], [ 141.3792442, 40.6814948 ], [ 141.3793542, 40.6812448 ], [ 141.3794542, 40.6809248 ], [ 141.3795242, 40.6807248 ], [ 141.3796342, 40.6803048 ], [ 141.3796742, 40.6800748 ], [ 141.3797742, 40.6793748 ], [ 141.3798042, 40.6789248 ], [ 141.3798042, 40.6785148 ], [ 141.3797942, 40.6781148 ], [ 141.3797842, 40.6779948 ], [ 141.3797842, 40.6778748 ], [ 141.3797342, 40.6774748 ], [ 141.3795842, 40.6767848 ], [ 141.3795442, 40.6765648 ], [ 141.3793342, 40.6755048 ], [ 141.3792625, 40.6750875 ] ] } },
{ "type": "Feature", "properties": { "N12_001": "02", "N12_002": 2, "N12_003": 7, "N12_004": "青森市道　浜田54号線", "N12_005": 41, "N12_006": 1 }, "geometry": { "type": "LineString", "coordinates": [ [ 140.7527458, 40.7957625 ], [ 140.7528301, 40.7958653 ], [ 140.7528596, 40.796285 ], [ 140.7529059, 40.7965046 ], [ 140.7529907, 40.7967859 ], [ 140.7531218, 40.7970326 ], [ 140.7532537, 40.7973553 ], [ 140.7533876, 40.7977112 ], [ 140.753488, 40.7980589 ], [ 140.7535884, 40.7983928 ] ] } },
{ "type": "Feature", "properties": { "N12_001": "02", "N12_002": 2, "N12_003": 7, "N12_004": "弘前市道　森町品川町線", "N12_005": 42, "N12_006": 1 }, "geometry": { "type": "LineString", "coordinates": [ [ 140.4679083, 40.6005917 ], [ 140.4674962, 40.6006752 ], [ 140.4670562, 40.6007552 ], [ 140.4664862, 40.6008452 ], [ 140.4660562, 40.6009252 ], [ 140.4655262, 40.6009952 ], [ 140.4654462, 40.6010152 ], [ 140.4648262, 40.6011352 ], [ 140.4643062, 40.6012252 ], [ 140.4641661, 40.6012452 ], [ 140.4640758, 40.601263 ], [ 140.4635561, 40.6013652 ], [ 140.4611361, 40.6018652 ] ] } },
{ "type": "Feature", "properties": { "N12_001": "02", "N12_002": 2, "N12_003": 7, "N12_004": "八戸市道　前田小田線", "N12_005": 38, "N12_006": 2 }, "geometry": { "type": "LineString", "coordinates": [ [ 141.4591751, 40.5337639 ], [ 141.4596085, 40.5340397 ], [ 141.4600233, 40.5342969 ], [ 141.4604267, 40.5345234 ], [ 141.460711, 40.5347076 ], [ 141.4610913, 40.5349111 ], [ 141.4616329, 40.5352297 ], [ 141.4621439, 40.5355522 ], [ 141.4626087, 40.5358286 ], [ 141.4631849, 40.5361741 ], [ 141.4635729, 40.536389 ], [ 141.4641299, 40.5367192 ], [ 141.4646447, 40.5370263 ], [ 141.464952, 40.5372106 ], [ 141.4654015, 40.5374831 ], [ 141.4656819, 40.537652 ], [ 141.4659969, 40.5378133 ], [ 141.4663734, 40.538009 ], [ 141.466723, 40.5381396 ], [ 141.4670572, 40.5382624 ], [ 141.4673914, 40.5383699 ], [ 141.467741, 40.5384467 ], [ 141.4680368, 40.5385196 ], [ 141.4684467, 40.538622 ] ] } },
{ "type": "Feature", "properties": { "N12_001": "02", "N12_002": 2, "N12_003": 6, "N12_004": "青森県道　屏風山内真部線", "N12_005": 43, "N12_006": 1 }, "geometry": { "type": "LineString", "coordinates": [ [ 140.4491148, 40.9028458 ], [ 140.4482147, 40.9028459 ], [ 140.4481447, 40.9028459 ], [ 140.4480547, 40.9028859 ], [ 140.4479547, 40.9029359 ], [ 140.4477547, 40.9030759 ], [ 140.4476447, 40.9031159 ], [ 140.4470147, 40.9032859 ], [ 140.4465647, 40.9033959 ], [ 140.4460347, 40.9035259 ], [ 140.4459147, 40.9035659 ], [ 140.4458747, 40.9035859 ], [ 140.4457847, 40.9036259 ], [ 140.4456647, 40.9037259 ], [ 140.4455747, 40.9037959 ], [ 140.4453947, 40.9039559 ], [ 140.4444147, 40.9049359 ], [ 140.4443847, 40.9049559 ], [ 140.4443247, 40.9050059 ], [ 140.4441747, 40.9050659 ], [ 140.4438847, 40.9051959 ], [ 140.4436347, 40.9053059 ], [ 140.4433547, 40.9054259 ], [ 140.4431147, 40.9054759 ], [ 140.4430347, 40.9054959 ], [ 140.4428747, 40.9055159 ], [ 140.4427347, 40.9055159 ], [ 140.4425647, 40.9054959 ], [ 140.4423447, 40.9054259 ], [ 140.4421447, 40.9053759 ], [ 140.4419047, 40.9053359 ], [ 140.4417447, 40.9053459 ], [ 140.4416947, 40.9053559 ], [ 140.4416047, 40.9053759 ], [ 140.4415047, 40.9054259 ], [ 140.4412747, 40.9055159 ], [ 140.4410747, 40.9056059 ], [ 140.4408247, 40.9056759 ], [ 140.4406747, 40.9057059 ], [ 140.4405347, 40.9057259 ], [ 140.4404147, 40.9057859 ], [ 140.4403747, 40.9058059 ], [ 140.4403547, 40.9058359 ], [ 140.4403447, 40.9058459 ], [ 140.4403247, 40.9058959 ], [ 140.4402947, 40.9059559 ], [ 140.4402447, 40.9060959 ], [ 140.4398747, 40.9070159 ], [ 140.4398447, 40.9070959 ], [ 140.4397847, 40.9071659 ], [ 140.4395847, 40.9073059 ], [ 140.4391847, 40.9074859 ], [ 140.4381547, 40.9080059 ], [ 140.4379047, 40.9081459 ], [ 140.4376547, 40.9082659 ], [ 140.4375147, 40.9083259 ], [ 140.4373547, 40.9083759 ], [ 140.4372047, 40.9084059 ], [ 140.4369747, 40.9084459 ], [ 140.4366747, 40.9085159 ], [ 140.4364847, 40.9085859 ], [ 140.4361847, 40.9087359 ], [ 140.4359247, 40.9088259 ], [ 140.4357947, 40.9088459 ], [ 140.4356647, 40.9088659 ], [ 140.4355047, 40.9088459 ], [ 140.4351447, 40.9087559 ], [ 140.4349047, 40.9086959 ], [ 140.4348047, 40.9086759 ], [ 140.4347147, 40.9086959 ], [ 140.4345347, 40.9087359 ], [ 140.4342247, 40.9088559 ], [ 140.4340847, 40.9088959 ], [ 140.4339047, 40.9089259 ], [ 140.4333847, 40.9089759 ], [ 140.4331147, 40.9089959 ], [ 140.4325447, 40.9090459 ], [ 140.4322147, 40.9091059 ], [ 140.4320747, 40.9091459 ], [ 140.4318947, 40.9092059 ], [ 140.4317747, 40.9092559 ], [ 140.4316247, 40.9093459 ], [ 140.4313847, 40.9095159 ], [ 140.4311347, 40.9097259 ], [ 140.4308647, 40.9099759 ], [ 140.4306947, 40.9101059 ], [ 140.4304847, 40.9102459 ], [ 140.4303347, 40.9103159 ], [ 140.4301547, 40.9103859 ], [ 140.4298147, 40.9104959 ], [ 140.4295847, 40.9105759 ], [ 140.4291547, 40.9107059 ], [ 140.4286346, 40.910886 ], [ 140.4284446, 40.910966 ], [ 140.4281146, 40.911136 ], [ 140.4279746, 40.911196 ], [ 140.4278346, 40.911226 ], [ 140.4276246, 40.911286 ], [ 140.4274046, 40.911296 ], [ 140.4268746, 40.911286 ], [ 140.4265746, 40.911266 ], [ 140.4263146, 40.911246 ], [ 140.4259346, 40.911196 ], [ 140.4257546, 40.911206 ], [ 140.4256146, 40.911236 ], [ 140.4254646, 40.911286 ], [ 140.4252446, 40.911376 ], [ 140.4250346, 40.911506 ], [ 140.4245546, 40.911876 ], [ 140.4241046, 40.912226 ], [ 140.4236346, 40.912596 ], [ 140.4223846, 40.913576 ], [ 140.4219346, 40.913926 ], [ 140.4217146, 40.914106 ], [ 140.4215446, 40.914216 ], [ 140.4213446, 40.914336 ], [ 140.4210059, 40.9145706 ], [ 140.4206847, 40.9147776 ], [ 140.4205419, 40.9148918 ], [ 140.4199708, 40.9148419 ], [ 140.4194446, 40.914796 ], [ 140.4189846, 40.914776 ], [ 140.4186846, 40.914756 ], [ 140.4185046, 40.914746 ], [ 140.4166246, 40.914646 ], [ 140.4140146, 40.914576 ], [ 140.4137246, 40.914556 ] ] } },
{ "type": "Feature", "properties": { "N12_001": "02", "N12_002": 2, "N12_003": 6, "N12_004": "青森県道　橋向五戸線", "N12_005": 44, "N12_006": 1 }, "geometry": { "type": "LineString", "coordinates": [ [ 141.3027756, 40.5116438 ], [ 141.3028656, 40.5117138 ], [ 141.3029856, 40.5118038 ], [ 141.3030156, 40.5118538 ], [ 141.3031856, 40.5121538 ], [ 141.3032856, 40.5124438 ], [ 141.3033356, 40.5126738 ], [ 141.3034156, 40.5129138 ], [ 141.3035256, 40.5131638 ], [ 141.3036356, 40.5133338 ], [ 141.3036656, 40.5133838 ], [ 141.3047056, 40.5146838 ], [ 141.3048756, 40.5148838 ], [ 141.3059755, 40.5162538 ], [ 141.3066155, 40.5172338 ], [ 141.3067055, 40.5173738 ], [ 141.3069255, 40.5177238 ], [ 141.3070255, 40.5179038 ], [ 141.3072055, 40.5182138 ], [ 141.3078955, 40.5194838 ], [ 141.3080755, 40.5197938 ], [ 141.3086955, 40.5209838 ], [ 141.3088655, 40.5213638 ], [ 141.3089171, 40.5214704 ], [ 141.3090155, 40.5216738 ], [ 141.3093555, 40.5223338 ], [ 141.3096755, 40.5229538 ], [ 141.3098455, 40.5233838 ], [ 141.3101055, 40.5241438 ], [ 141.3101555, 40.5243238 ], [ 141.3101955, 40.5244539 ], [ 141.3105879, 40.525583 ], [ 141.3106083, 40.5260667 ], [ 141.3105401, 40.5265253 ], [ 141.3104552, 40.5268598 ], [ 141.3102144, 40.5276474 ], [ 141.3098885, 40.5286856 ], [ 141.3098221, 40.5288865 ], [ 141.3095811, 40.5296335 ], [ 141.3094718, 40.5300604 ], [ 141.3094263, 40.530359 ], [ 141.3094051, 40.5305816 ], [ 141.3093958, 40.5306792 ] ] } },
{ "type": "Feature", "properties": { "N12_001": "02", "N12_002": 2, "N12_003": 6, "N12_004": "青森県道　本八戸停車場線", "N12_005": 45, "N12_006": 1 }, "geometry": { "type": "LineString", "coordinates": [ [ 141.4916252, 40.5101622 ], [ 141.4909052, 40.5110438 ], [ 141.4905752, 40.5114238 ], [ 141.490456, 40.5115574 ], [ 141.4903583, 40.5115917 ], [ 141.4901917, 40.5117542 ], [ 141.4900125, 40.5119583 ], [ 141.49005, 40.5121583 ], [ 141.489775, 40.5126917 ], [ 141.4897052, 40.5131351 ] ] } },
{ "type": "Feature", "properties": { "N12_001": "02", "N12_002": 2, "N12_003": 6, "N12_004": "青森県道　岩崎西目屋弘前線", "N12_005": 46, "N12_006": 1 }, "geometry": { "type": "LineString", "coordinates": [ [ 140.4246561, 40.5939653 ], [ 140.4244561, 40.5939553 ], [ 140.4240861, 40.5939253 ], [ 140.4238961, 40.5939153 ], [ 140.4235261, 40.5938753 ], [ 140.4232961, 40.5938453 ], [ 140.4230861, 40.5937953 ], [ 140.4225561, 40.5935253 ], [ 140.4223861, 40.5934453 ], [ 140.4222161, 40.5933553 ], [ 140.4220761, 40.5932753 ], [ 140.4217661, 40.5931053 ], [ 140.4215061, 40.5929453 ], [ 140.4210961, 40.5927653 ], [ 140.4207961, 40.5926353 ], [ 140.4205761, 40.5925353 ], [ 140.4198861, 40.5922853 ], [ 140.4194561, 40.5921853 ], [ 140.4191561, 40.5921353 ], [ 140.4188961, 40.5920953 ], [ 140.4186061, 40.5920453 ], [ 140.4175061, 40.5918653 ], [ 140.4172861, 40.5918253 ], [ 140.4170061, 40.5917953 ], [ 140.4166661, 40.5917753 ], [ 140.4161561, 40.5917553 ], [ 140.4158261, 40.5917553 ], [ 140.4153161, 40.5917253 ], [ 140.4148961, 40.5917053 ], [ 140.4145661, 40.5916753 ], [ 140.4142161, 40.5916453 ], [ 140.4141061, 40.5916253 ], [ 140.4138361, 40.5916153 ], [ 140.4133461, 40.5915953 ], [ 140.4129261, 40.5915853 ], [ 140.4121661, 40.5915353 ], [ 140.4114461, 40.5914653 ], [ 140.4105861, 40.5913253 ], [ 140.4101061, 40.5912553 ], [ 140.4098261, 40.5912153 ], [ 140.4094961, 40.5911653 ], [ 140.4093561, 40.5911353 ], [ 140.4090961, 40.5910853 ], [ 140.4082661, 40.5909553 ], [ 140.4072661, 40.5908153 ], [ 140.4070961, 40.5908053 ], [ 140.4059161, 40.5907153 ], [ 140.4055861, 40.5906853 ], [ 140.4051261, 40.5906353 ], [ 140.4048161, 40.5905853 ], [ 140.4044661, 40.5905353 ], [ 140.4041161, 40.5904853 ], [ 140.4032361, 40.5903853 ], [ 140.4028861, 40.5903653 ], [ 140.4027161, 40.5903553 ], [ 140.4023861, 40.5903453 ], [ 140.4022861, 40.5903453 ], [ 140.4018461, 40.5903553 ], [ 140.4017261, 40.5903653 ], [ 140.4008661, 40.5903653 ], [ 140.4005961, 40.5903653 ], [ 140.4000261, 40.5903453 ], [ 140.3998261, 40.5903353 ], [ 140.3992361, 40.5903153 ], [ 140.3986561, 40.5902753 ], [ 140.3977761, 40.5901953 ], [ 140.3969361, 40.5901153 ], [ 140.3963561, 40.5900353 ], [ 140.3960461, 40.5899953 ], [ 140.3958161, 40.5899653 ], [ 140.3955561, 40.5899053 ], [ 140.3953161, 40.5898553 ], [ 140.3950761, 40.5897853 ], [ 140.3948761, 40.5897153 ], [ 140.3946061, 40.5896053 ], [ 140.3943861, 40.5895053 ], [ 140.3941461, 40.5893753 ], [ 140.3938961, 40.5891953 ], [ 140.3935961, 40.5889853 ], [ 140.3934161, 40.5888653 ], [ 140.3929761, 40.5885353 ], [ 140.3928861, 40.5884653 ], [ 140.3925161, 40.5882453 ], [ 140.3922761, 40.5881153 ], [ 140.3920661, 40.5880353 ], [ 140.3919061, 40.5879653 ], [ 140.3917761, 40.5879153 ], [ 140.3915261, 40.5878253 ], [ 140.3909161, 40.5876753 ], [ 140.3906661, 40.5876253 ], [ 140.3904161, 40.5875953 ], [ 140.3900461, 40.5875653 ], [ 140.3898861, 40.5875553 ], [ 140.3897061, 40.5875553 ], [ 140.3891461, 40.5875653 ], [ 140.3886161, 40.5875653 ], [ 140.3885361, 40.5875653 ], [ 140.3884061, 40.5875653 ], [ 140.3882261, 40.5875553 ], [ 140.3879161, 40.5875453 ], [ 140.3875361, 40.5875253 ], [ 140.3870761, 40.5874753 ], [ 140.3866861, 40.5874253 ], [ 140.3864161, 40.5873953 ], [ 140.3861961, 40.5873853 ], [ 140.3858661, 40.5873753 ], [ 140.3857161, 40.5873853 ], [ 140.3855061, 40.5873953 ], [ 140.3851561, 40.5874353 ], [ 140.3849061, 40.5874653 ], [ 140.3847661, 40.5875053 ], [ 140.3846161, 40.5875553 ], [ 140.3843861, 40.5876253 ], [ 140.3841161, 40.5877153 ], [ 140.3838061, 40.5878453 ], [ 140.3835861, 40.5879553 ], [ 140.3833761, 40.5880553 ], [ 140.3831061, 40.5882153 ], [ 140.3828861, 40.5883453 ], [ 140.3826861, 40.5884553 ], [ 140.3824761, 40.5885753 ], [ 140.3821461, 40.5887453 ], [ 140.3818861, 40.5888553 ], [ 140.3816561, 40.5889453 ], [ 140.3813961, 40.5890253 ], [ 140.3811061, 40.5891053 ], [ 140.3809261, 40.5891453 ], [ 140.3806861, 40.5891953 ], [ 140.3804261, 40.5892353 ], [ 140.3802461, 40.5892553 ], [ 140.3800861, 40.5892653 ], [ 140.3798561, 40.5892853 ], [ 140.3795861, 40.5892953 ], [ 140.3793261, 40.5892953 ], [ 140.3789461, 40.5892953 ], [ 140.3787261, 40.5892953 ], [ 140.3781161, 40.5892853 ], [ 140.3780261, 40.5892853 ], [ 140.3769261, 40.5892753 ], [ 140.3765761, 40.5892753 ], [ 140.3763561, 40.5892853 ], [ 140.3761361, 40.5893153 ], [ 140.3759761, 40.5893353 ], [ 140.3758261, 40.5893553 ], [ 140.3756061, 40.5893953 ], [ 140.3753361, 40.5894553 ], [ 140.3751761, 40.5895053 ], [ 140.3748961, 40.5896053 ], [ 140.3745861, 40.5897353 ], [ 140.3742461, 40.5898953 ], [ 140.3739561, 40.5900653 ], [ 140.3737261, 40.5902253 ], [ 140.3735861, 40.5903153 ], [ 140.3733961, 40.5904553 ], [ 140.3733361, 40.5905053 ], [ 140.3732161, 40.5905853 ], [ 140.3729261, 40.5908253 ], [ 140.3726661, 40.5910753 ], [ 140.3725061, 40.5912653 ], [ 140.3724061, 40.5914253 ], [ 140.3722661, 40.5916453 ], [ 140.3720861, 40.5920453 ], [ 140.3719061, 40.5924753 ], [ 140.3717861, 40.5927353 ], [ 140.3716761, 40.5929753 ], [ 140.3715261, 40.5932253 ], [ 140.371016, 40.5940053 ], [ 140.370846, 40.5941753 ], [ 140.370656, 40.5943153 ], [ 140.370366, 40.5945153 ], [ 140.370036, 40.5947153 ], [ 140.369836, 40.5948153 ], [ 140.369646, 40.5948953 ], [ 140.369416, 40.5949453 ], [ 140.368936, 40.5950053 ], [ 140.367946, 40.5951153 ], [ 140.366886, 40.5952154 ], [ 140.366676, 40.5952254 ], [ 140.366156, 40.5952654 ], [ 140.365446, 40.5953254 ], [ 140.364576, 40.5953854 ], [ 140.364276, 40.5954054 ], [ 140.363886, 40.5954554 ], [ 140.363536, 40.5954954 ], [ 140.363126, 40.5955854 ], [ 140.362886, 40.5956454 ], [ 140.362616, 40.5957354 ], [ 140.362396, 40.5958154 ], [ 140.362216, 40.5958954 ], [ 140.361986, 40.5960154 ], [ 140.361746, 40.5961454 ], [ 140.361436, 40.5963254 ], [ 140.361306, 40.5964054 ], [ 140.361216, 40.5964554 ], [ 140.360956, 40.5966254 ], [ 140.360766, 40.5967254 ], [ 140.360596, 40.5968154 ], [ 140.360416, 40.5968954 ], [ 140.360316, 40.5969254 ], [ 140.360226, 40.5969554 ], [ 140.360106, 40.5969654 ], [ 140.359916, 40.5969754 ], [ 140.359786, 40.5969854 ], [ 140.359546, 40.5969954 ], [ 140.359246, 40.5969754 ], [ 140.358586, 40.5968354 ], [ 140.358386, 40.5967754 ], [ 140.358326, 40.5967554 ], [ 140.358096, 40.5966654 ], [ 140.357956, 40.5965854 ], [ 140.357826, 40.5964854 ], [ 140.357656, 40.5963354 ], [ 140.357546, 40.5962154 ], [ 140.357366, 40.5959954 ], [ 140.357166, 40.5956154 ], [ 140.357126, 40.5955254 ], [ 140.357036, 40.5953554 ], [ 140.356986, 40.5952654 ], [ 140.356776, 40.5949054 ], [ 140.356646, 40.5946654 ], [ 140.356516, 40.5944554 ], [ 140.356366, 40.5942354 ], [ 140.356216, 40.5940554 ], [ 140.356116, 40.5939454 ], [ 140.355996, 40.5938154 ], [ 140.355866, 40.5936954 ], [ 140.355736, 40.5935754 ], [ 140.355566, 40.5934454 ], [ 140.355376, 40.5933354 ], [ 140.355126, 40.5931954 ], [ 140.354916, 40.5930954 ], [ 140.354706, 40.5930054 ], [ 140.354576, 40.5929554 ], [ 140.354376, 40.5928754 ], [ 140.354156, 40.5927954 ], [ 140.353876, 40.5927154 ], [ 140.351996, 40.5922754 ], [ 140.350416, 40.5919554 ], [ 140.349876, 40.5918354 ], [ 140.349156, 40.5916654 ], [ 140.3483761, 40.5914854 ], [ 140.3471261, 40.5912154 ], [ 140.3462061, 40.5910154 ], [ 140.3453061, 40.5907954 ], [ 140.3448161, 40.5906854 ], [ 140.3446561, 40.5906554 ], [ 140.3443761, 40.5906154 ], [ 140.3440761, 40.5905854 ], [ 140.3438061, 40.5905854 ], [ 140.3434961, 40.5905954 ], [ 140.3431961, 40.5906154 ], [ 140.3429761, 40.5906454 ], [ 140.3427161, 40.5906954 ], [ 140.3424361, 40.5907754 ], [ 140.3421761, 40.5908854 ], [ 140.3419661, 40.5909954 ], [ 140.3416761, 40.5911654 ], [ 140.341226, 40.5914854 ], [ 140.341106, 40.5915754 ], [ 140.340656, 40.5916154 ], [ 140.340226, 40.5916654 ], [ 140.339946, 40.5916854 ], [ 140.339726, 40.5916854 ], [ 140.339656, 40.5916854 ], [ 140.339346, 40.5916554 ], [ 140.339066, 40.5915954 ], [ 140.338796, 40.5915254 ], [ 140.3377761, 40.5911254 ], [ 140.3374061, 40.5910054 ], [ 140.3373161, 40.5909754 ], [ 140.3370161, 40.5909154 ], [ 140.3352561, 40.5906454 ], [ 140.3346161, 40.5905754 ], [ 140.3342961, 40.5905254 ], [ 140.3338561, 40.5904554 ], [ 140.3332661, 40.5904154 ], [ 140.3326861, 40.5904154 ], [ 140.3325461, 40.5904054 ], [ 140.3319761, 40.5904554 ], [ 140.3315561, 40.5905154 ], [ 140.3307861, 40.5906554 ], [ 140.3303761, 40.5907054 ], [ 140.3298961, 40.5907154 ], [ 140.3295861, 40.5906654 ], [ 140.3292261, 40.5906054 ], [ 140.3287361, 40.5904954 ], [ 140.3280861, 40.5903354 ], [ 140.3266461, 40.5899154 ], [ 140.3260261, 40.5897454 ], [ 140.3254561, 40.5895654 ], [ 140.3247861, 40.5893854 ], [ 140.3238361, 40.5891154 ], [ 140.3227761, 40.5888154 ], [ 140.3224261, 40.5887154 ], [ 140.3211761, 40.5883854 ], [ 140.3202461, 40.5881354 ], [ 140.3192861, 40.5878854 ], [ 140.3189861, 40.5878254 ], [ 140.3188061, 40.5878054 ], [ 140.3184661, 40.5878154 ], [ 140.3179261, 40.5878554 ], [ 140.3177261, 40.5878754 ], [ 140.3172361, 40.5879054 ], [ 140.3169361, 40.5878754 ], [ 140.3166761, 40.5878154 ], [ 140.3162161, 40.5876954 ], [ 140.3152261, 40.5874454 ], [ 140.3147261, 40.5873054 ], [ 140.3144361, 40.5872154 ], [ 140.3141261, 40.5871254 ], [ 140.3128961, 40.5867754 ], [ 140.3123861, 40.5866254 ], [ 140.3122761, 40.5865954 ], [ 140.3121461, 40.5865354 ], [ 140.3119361, 40.5864054 ], [ 140.3113761, 40.5860154 ], [ 140.3109961, 40.5857254 ], [ 140.3103161, 40.5851954 ], [ 140.3098861, 40.5849154 ], [ 140.3094561, 40.5846854 ], [ 140.3093861, 40.5846554 ], [ 140.3091261, 40.5845454 ], [ 140.3088661, 40.5844554 ], [ 140.3081861, 40.5842454 ], [ 140.3078461, 40.5841454 ], [ 140.3060261, 40.5835854 ], [ 140.3053761, 40.5833654 ], [ 140.3048361, 40.5831354 ], [ 140.3042961, 40.5828754 ], [ 140.3041761, 40.5828254 ], [ 140.3037361, 40.5825554 ], [ 140.3037061, 40.5825354 ], [ 140.3035261, 40.5823454 ], [ 140.3031461, 40.5819554 ], [ 140.3029961, 40.5817854 ], [ 140.3021361, 40.5807954 ], [ 140.3014462, 40.5800054 ], [ 140.3011462, 40.5796654 ], [ 140.3006562, 40.5790854 ], [ 140.3001862, 40.5785354 ], [ 140.3000062, 40.5783554 ], [ 140.2997362, 40.5781054 ], [ 140.2995362, 40.5778554 ], [ 140.2994062, 40.5776654 ], [ 140.2993062, 40.5774754 ], [ 140.2992262, 40.5773054 ], [ 140.2992162, 40.5772554 ], [ 140.2991962, 40.5767754 ], [ 140.2991862, 40.5766554 ], [ 140.2991462, 40.5763554 ], [ 140.2991162, 40.5760454 ], [ 140.2991162, 40.5759354 ] ] } },
{ "type": "Feature", "properties": { "N12_001": "02", "N12_002": 2, "N12_003": 6, "N12_004": "青森県道　木造停車場線", "N12_005": 47, "N12_006": 1 }, "geometry": { "type": "LineString", "coordinates": [ [ 140.399065, 40.8021356 ], [ 140.398925, 40.8030456 ], [ 140.398875, 40.8032556 ], [ 140.398625, 40.8040656 ], [ 140.398145, 40.8055556 ], [ 140.397985, 40.8060656 ], [ 140.397595, 40.8071857 ], [ 140.397475, 40.8075457 ], [ 140.397375, 40.8078157 ], [ 140.397225, 40.8082357 ], [ 140.397125, 40.8085157 ], [ 140.396995, 40.8088357 ], [ 140.396835, 40.8092057 ], [ 140.396685, 40.8094857 ], [ 140.3966553, 40.8095239 ], [ 140.396615, 40.8095757 ], [ 140.396395, 40.8098357 ], [ 140.396255, 40.8099757 ], [ 140.396085, 40.8101457 ], [ 140.395515, 40.8106557 ], [ 140.394875, 40.8112357 ], [ 140.394245, 40.8118057 ], [ 140.393515, 40.8124657 ], [ 140.392705, 40.8131957 ], [ 140.3922952, 40.8131004 ], [ 140.3917042, 40.8129625 ], [ 140.388689, 40.8122331 ], [ 140.3884833, 40.8121833 ], [ 140.387875, 40.8120458 ], [ 140.3874125, 40.8119375 ], [ 140.3871667, 40.8119 ], [ 140.3870375, 40.811875 ], [ 140.3864875, 40.8116417 ], [ 140.3863292, 40.811625 ], [ 140.3860667, 40.8116083 ], [ 140.3858125, 40.8115333 ], [ 140.385075, 40.8112958 ], [ 140.3850418, 40.8112813 ], [ 140.3847042, 40.8111333 ], [ 140.3841625, 40.8108042 ], [ 140.383925, 40.810625 ], [ 140.383771, 40.8104742 ], [ 140.3837635, 40.8104668 ], [ 140.3837161, 40.8104207 ] ] } },
{ "type": "Feature", "properties": { "N12_001": "02", "N12_002": 2, "N12_003": 6, "N12_004": "青森県道　関ヶ平五代線", "N12_005": 48, "N12_006": 1 }, "geometry": { "type": "LineString", "coordinates": [ [ 140.4416714, 40.6015658 ], [ 140.4414795, 40.6013899 ], [ 140.4406461, 40.6008653 ], [ 140.4402761, 40.6006153 ], [ 140.4400761, 40.6004953 ], [ 140.4399961, 40.6004553 ], [ 140.4395861, 40.6002553 ], [ 140.4389961, 40.5999953 ], [ 140.4385561, 40.5998353 ], [ 140.4384061, 40.5997853 ], [ 140.4380661, 40.5996853 ], [ 140.4379461, 40.5996453 ], [ 140.4369361, 40.5993953 ], [ 140.4366661, 40.5993353 ], [ 140.4364661, 40.5992953 ], [ 140.4358761, 40.5991853 ], [ 140.4346861, 40.5989453 ], [ 140.4343761, 40.5988953 ], [ 140.4336661, 40.5987553 ], [ 140.4331761, 40.5986353 ], [ 140.4329561, 40.5985853 ], [ 140.4327061, 40.5985253 ], [ 140.4321961, 40.5984453 ], [ 140.4312061, 40.5982253 ], [ 140.4303261, 40.5979853 ], [ 140.4298461, 40.5978353 ], [ 140.4293961, 40.5976653 ], [ 140.4289861, 40.5974853 ], [ 140.4285161, 40.5972753 ], [ 140.4280761, 40.5970553 ], [ 140.4275961, 40.5967653 ], [ 140.4271561, 40.5964453 ], [ 140.4269061, 40.5962453 ], [ 140.4265061, 40.5958653 ], [ 140.4261561, 40.5954953 ], [ 140.4256761, 40.5949853 ], [ 140.4252861, 40.5945853 ], [ 140.4251961, 40.5944953 ], [ 140.4249861, 40.5942453 ], [ 140.4249261, 40.5941753 ], [ 140.4248261, 40.5940553 ], [ 140.4247361, 40.5940153 ], [ 140.4246561, 40.5939653 ] ] } },
{ "type": "Feature", "properties": { "N12_001": "02", "N12_002": 2, "N12_003": 6, "N12_004": "青森県道　持子沢鶴田線", "N12_005": 49, "N12_006": 1 }, "geometry": { "type": "LineString", "coordinates": [ [ 140.4442042, 40.7629667 ], [ 140.4429452, 40.7630955 ], [ 140.4416752, 40.7632355 ], [ 140.4404152, 40.7633855 ], [ 140.4391552, 40.7635355 ], [ 140.4379952, 40.7636855 ], [ 140.4370852, 40.7637955 ], [ 140.4369152, 40.7638055 ], [ 140.4367752, 40.7638155 ], [ 140.4364652, 40.7638155 ], [ 140.4360752, 40.7637755 ], [ 140.4355052, 40.7636855 ], [ 140.4353652, 40.7636655 ], [ 140.4350752, 40.7636055 ], [ 140.4346852, 40.7634855 ], [ 140.4340452, 40.7632755 ], [ 140.4333752, 40.7630455 ] ] } },
{ "type": "Feature", "properties": { "N12_001": "02", "N12_002": 2, "N12_003": 6, "N12_004": "青森県道　三戸南部線", "N12_005": 50, "N12_006": 1 }, "geometry": { "type": "LineString", "coordinates": [ [ 141.2573917, 40.3775208 ], [ 141.2570417, 40.3774608 ], [ 141.255887, 40.3773328 ], [ 141.255387, 40.3772628 ], [ 141.254747, 40.3771628 ], [ 141.254187, 40.3770628 ], [ 141.253877, 40.3770228 ], [ 141.253357, 40.3769428 ], [ 141.253147, 40.3769128 ], [ 141.252967, 40.3768528 ], [ 141.252777, 40.3767528 ], [ 141.252187, 40.3764328 ], [ 141.251667, 40.3761528 ], [ 141.251147, 40.3758628 ], [ 141.251027, 40.3757928 ], [ 141.250687, 40.3756128 ], [ 141.250157, 40.3753228 ], [ 141.250007, 40.3752428 ], [ 141.249677, 40.3750728 ], [ 141.249537, 40.3749928 ], [ 141.249037, 40.3747228 ], [ 141.248917, 40.3746428 ], [ 141.248657, 40.3745028 ], [ 141.248317, 40.3743128 ], [ 141.247817, 40.3740528 ], [ 141.247667, 40.3739628 ], [ 141.247467, 40.3738628 ], [ 141.247317, 40.3737928 ], [ 141.247057, 40.3736528 ], [ 141.246867, 40.3735628 ], [ 141.246457, 40.3733428 ], [ 141.245987, 40.3731128 ], [ 141.245787, 40.3730028 ], [ 141.245687, 40.3729328 ], [ 141.245337, 40.3725828 ], [ 141.244397, 40.3715328 ], [ 141.244207, 40.3713128 ], [ 141.243847, 40.3708228 ], [ 141.243547, 40.3704728 ], [ 141.243307, 40.3702428 ], [ 141.243147, 40.3701428 ], [ 141.242927, 40.3700028 ], [ 141.242697, 40.3698928 ], [ 141.242437, 40.3698228 ], [ 141.242287, 40.3697928 ], [ 141.241907, 40.3697328 ], [ 141.241667, 40.3696928 ], [ 141.241337, 40.3696328 ], [ 141.241127, 40.3696028 ], [ 141.241057, 40.3695928 ], [ 141.240907, 40.3695728 ], [ 141.240757, 40.3695428 ], [ 141.240667, 40.3695328 ], [ 141.240497, 40.3695128 ], [ 141.240367, 40.3694928 ] ] } },
{ "type": "Feature", "properties": { "N12_001": "02", "N12_002": 1, "N12_003": 7, "N12_004": "青森市道　漁港大通り線", "N12_005": 51, "N12_006": 1 }, "geometry": { "type": "LineString", "coordinates": [ [ 140.7705848, 40.8218755 ], [ 140.7703248, 40.8222155 ], [ 140.7699948, 40.8226355 ], [ 140.7698548, 40.8228455 ], [ 140.7696648, 40.8230855 ], [ 140.7696048, 40.8231655 ], [ 140.7694948, 40.8232955 ], [ 140.7694248, 40.8233955 ], [ 140.7693148, 40.8235955 ], [ 140.7692178, 40.8237694 ], [ 140.7691214, 40.8239659 ], [ 140.7690905, 40.8240931 ], [ 140.7690587, 40.8242749 ], [ 140.7690187, 40.8244449 ], [ 140.7689787, 40.8246749 ], [ 140.768917, 40.825068 ] ] } },
{ "type": "Feature", "properties": { "N12_001": "02", "N12_002": 2, "N12_003": 7, "N12_004": "弘前市道　茂森町樋の口町線", "N12_005": 52, "N12_006": 1 }, "geometry": { "type": "LineString", "coordinates": [ [ 140.4416714, 40.6015658 ], [ 140.4418833, 40.6015042 ], [ 140.4422508, 40.6014417 ], [ 140.4426583, 40.60145 ], [ 140.4429417, 40.6014583 ], [ 140.4466261, 40.6016253 ], [ 140.4485161, 40.6017053 ], [ 140.4488261, 40.6017153 ], [ 140.4501061, 40.6017653 ], [ 140.4503661, 40.6017653 ], [ 140.4508561, 40.6017853 ], [ 140.4511261, 40.6017953 ], [ 140.4513961, 40.6018053 ], [ 140.4515461, 40.6018153 ], [ 140.4524561, 40.6018553 ], [ 140.4539061, 40.6019253 ], [ 140.4548761, 40.6019653 ], [ 140.4559561, 40.6020052 ], [ 140.4584661, 40.6021152 ], [ 140.4591261, 40.6021552 ], [ 140.4596761, 40.6021452 ], [ 140.4599461, 40.6021052 ], [ 140.4605261, 40.6019952 ], [ 140.4611361, 40.6018652 ] ] } },
{ "type": "Feature", "properties": { "N12_001": "02", "N12_002": 2, "N12_003": 7, "N12_004": "弘前市道　駒越樋の口町線", "N12_005": 53, "N12_006": 1 }, "geometry": { "type": "LineString", "coordinates": [ [ 140.4506061, 40.6091253 ], [ 140.450385, 40.608895 ], [ 140.450005, 40.608605 ], [ 140.4495497, 40.6082716 ], [ 140.4493997, 40.6081616 ], [ 140.4491897, 40.6080316 ], [ 140.4487597, 40.6077916 ], [ 140.4483697, 40.6075816 ], [ 140.4477849, 40.6073386 ], [ 140.4466649, 40.6068686 ], [ 140.4464549, 40.6067586 ], [ 140.4462249, 40.6066086 ], [ 140.4456279, 40.606138 ], [ 140.4451943, 40.6057367 ], [ 140.4448039, 40.6053371 ], [ 140.4445402, 40.604986 ], [ 140.4442284, 40.6045934 ], [ 140.444007, 40.6043454 ], [ 140.443947, 40.6042154 ], [ 140.443677, 40.6036954 ], [ 140.443527, 40.6034354 ], [ 140.443387, 40.6032654 ], [ 140.4431446, 40.6030371 ], [ 140.4428898, 40.6028235 ], [ 140.4424829, 40.6025174 ], [ 140.4423561, 40.6023953 ], [ 140.4419222, 40.6018563 ], [ 140.4418022, 40.6017263 ], [ 140.4416714, 40.6015658 ] ] } },
{ "type": "Feature", "properties": { "N12_001": "02", "N12_002": 2, "N12_003": 7, "N12_004": "弘前市道　紺屋町駒越線", "N12_005": 54, "N12_006": 1 }, "geometry": { "type": "LineString", "coordinates": [ [ 140.4621195, 40.6148537 ], [ 140.4618033, 40.6147283 ], [ 140.4611759, 40.6145637 ], [ 140.4601805, 40.6142779 ], [ 140.4591851, 40.6141524 ], [ 140.4580471, 40.6140982 ], [ 140.4570551, 40.6139303 ], [ 140.4562673, 40.6135656 ], [ 140.4556238, 40.6129311 ], [ 140.4546828, 40.6117294 ], [ 140.4535552, 40.6105987 ], [ 140.4528515, 40.6100753 ], [ 140.4523937, 40.6098815 ], [ 140.4516654, 40.6095918 ], [ 140.4512661, 40.6094059 ], [ 140.4509381, 40.6092381 ], [ 140.4506061, 40.6091253 ] ] } },
{ "type": "Feature", "properties": { "N12_001": "02", "N12_002": 2, "N12_003": 7, "N12_004": "六ヶ所村道　原々種農場・弥栄平線", "N12_005": 55, "N12_006": 1 }, "geometry": { "type": "LineString", "coordinates": [ [ 141.310423, 40.9561259 ], [ 141.309823, 40.9563159 ], [ 141.308703, 40.9566659 ], [ 141.308643, 40.9566959 ], [ 141.308333, 40.9567859 ], [ 141.307413, 40.9570659 ], [ 141.306853, 40.9572359 ], [ 141.306593, 40.9573259 ], [ 141.306203, 40.9574459 ], [ 141.305383, 40.9577059 ], [ 141.305253, 40.9577459 ], [ 141.304653, 40.9579259 ], [ 141.304173, 40.9580859 ], [ 141.303273, 40.9583659 ], [ 141.301823, 40.9588159 ], [ 141.301143, 40.9590259 ], [ 141.300583, 40.9591959 ], [ 141.300283, 40.9592959 ], [ 141.300003, 40.9593759 ], [ 141.299523, 40.9595359 ], [ 141.299333, 40.9595859 ], [ 141.299223, 40.9596259 ], [ 141.297723, 40.9600859 ], [ 141.297103, 40.9602959 ], [ 141.295983, 40.9606459 ], [ 141.295393, 40.9608259 ], [ 141.294143, 40.9612159 ], [ 141.292683, 40.9616659 ], [ 141.292163, 40.9618159 ], [ 141.291703, 40.9619659 ], [ 141.291523, 40.9620259 ], [ 141.290853, 40.9622259 ], [ 141.290753, 40.9622659 ], [ 141.289973, 40.9625259 ], [ 141.289763, 40.9625959 ], [ 141.289693, 40.9626259 ], [ 141.288863, 40.9629559 ], [ 141.288023, 40.9633559 ], [ 141.287783, 40.9634859 ], [ 141.287123, 40.9638359 ], [ 141.286543, 40.9641459 ], [ 141.286293, 40.9642859 ], [ 141.286113, 40.9643759 ], [ 141.285873, 40.9645059 ], [ 141.284783, 40.9650859 ], [ 141.284313, 40.9653459 ], [ 141.283823, 40.9656059 ], [ 141.283333, 40.9658659 ], [ 141.281883, 40.9666359 ], [ 141.281443, 40.9668659 ], [ 141.281203, 40.9670059 ], [ 141.279883, 40.9677159 ], [ 141.279693, 40.9678059 ], [ 141.279293, 40.9679859 ], [ 141.278973, 40.9681259 ], [ 141.278693, 40.9682359 ], [ 141.278543, 40.9682859 ], [ 141.278423, 40.9683259 ], [ 141.278123, 40.9683759 ], [ 141.277893, 40.9683959 ], [ 141.277843, 40.9684159 ], [ 141.277273, 40.9684859 ], [ 141.276773, 40.9685959 ], [ 141.275843, 40.968816 ], [ 141.275553, 40.968876 ], [ 141.275003, 40.968946 ], [ 141.274893, 40.968966 ], [ 141.274683, 40.969016 ], [ 141.2720029, 40.969866 ], [ 141.2717929, 40.969936 ], [ 141.2715726, 40.969992 ], [ 141.2714047, 40.9700648 ], [ 141.2712114, 40.9701535 ], [ 141.2710244, 40.9702358 ], [ 141.2708945, 40.9702991 ], [ 141.2707297, 40.9703656 ], [ 141.2705142, 40.9704448 ], [ 141.2702229, 40.970546 ], [ 141.2694229, 40.970666 ], [ 141.2679929, 40.970866 ], [ 141.2676929, 40.970916 ], [ 141.2674729, 40.970936 ], [ 141.2669929, 40.971006 ], [ 141.2666729, 40.971046 ], [ 141.2656829, 40.971256 ], [ 141.2654829, 40.971306 ], [ 141.2651552, 40.9714024 ] ] } },
{ "type": "Feature", "properties": { "N12_001": "02", "N12_002": 1, "N12_003": 3, "N12_004": "一般国道45号", "N12_005": 3, "N12_006": 4 }, "geometry": { "type": "LineString", "coordinates": [ [ 141.3528967, 40.6497624 ], [ 141.3511969, 40.650943 ], [ 141.3499757, 40.6516473 ], [ 141.3490834, 40.6520789 ], [ 141.3464848, 40.652942 ], [ 141.3437547, 40.6534947 ], [ 141.3421947, 40.6537947 ], [ 141.3405947, 40.6540847 ], [ 141.3386447, 40.6544547 ], [ 141.3371248, 40.6547247 ], [ 141.3354648, 40.6551147 ], [ 141.3342948, 40.6554947 ], [ 141.3331048, 40.6559647 ], [ 141.3324448, 40.6562747 ], [ 141.3318748, 40.6565647 ], [ 141.3310148, 40.6570747 ], [ 141.3301748, 40.6576547 ], [ 141.3285048, 40.6589547 ], [ 141.3278748, 40.6594447 ], [ 141.3266448, 40.6603347 ], [ 141.3257648, 40.6609047 ], [ 141.3250548, 40.6612947 ], [ 141.3240848, 40.6617847 ], [ 141.3231248, 40.6622047 ], [ 141.3200948, 40.6634548 ], [ 141.3186148, 40.6640848 ], [ 141.3171448, 40.6647948 ], [ 141.3157648, 40.6655248 ], [ 141.3144948, 40.6662748 ], [ 141.3135548, 40.6668748 ], [ 141.3125148, 40.6676448 ], [ 141.3117948, 40.6682648 ], [ 141.3108948, 40.6690048 ], [ 141.3104948, 40.6693648 ], [ 141.3094648, 40.6703448 ], [ 141.3084748, 40.6713048 ], [ 141.3068647, 40.6728548 ], [ 141.3059247, 40.6738048 ], [ 141.3046947, 40.6749749 ], [ 141.3035047, 40.6761449 ], [ 141.3022747, 40.6772349 ], [ 141.3012747, 40.6780549 ], [ 141.2999046, 40.6790749 ], [ 141.2985546, 40.6799549 ], [ 141.2973146, 40.6806649 ], [ 141.2963046, 40.6811849 ], [ 141.2950946, 40.6817449 ], [ 141.2940446, 40.6822149 ], [ 141.2921146, 40.6829449 ], [ 141.2891945, 40.6839849 ], [ 141.2873145, 40.684665 ], [ 141.2856745, 40.685305 ], [ 141.2840845, 40.686005 ], [ 141.2828145, 40.686605 ], [ 141.2815145, 40.687305 ], [ 141.2811945, 40.687485 ], [ 141.2780544, 40.689515 ], [ 141.2773537, 40.6900972 ], [ 141.2751248, 40.6920958 ], [ 141.27395, 40.6930292 ], [ 141.2726167, 40.6945333 ], [ 141.2713, 40.695825 ], [ 141.2696792, 40.6971125 ], [ 141.2682375, 40.6983208 ], [ 141.2663625, 40.6994167 ], [ 141.2647708, 40.7001667 ], [ 141.2628187, 40.7009425 ], [ 141.259653, 40.7016397 ], [ 141.2578411, 40.70212 ], [ 141.2557848, 40.7026623 ], [ 141.2537896, 40.7033595 ], [ 141.2509542, 40.7042583 ], [ 141.2485417, 40.7055375 ], [ 141.2464458, 40.7069083 ], [ 141.2458687, 40.7073604 ], [ 141.2444875, 40.7085917 ], [ 141.2438792, 40.7091 ], [ 141.24315, 40.7100625 ], [ 141.2415958, 40.7119333 ], [ 141.2408333, 40.7131708 ], [ 141.2375458, 40.7172241 ], [ 141.2371125, 40.71775 ], [ 141.2361778, 40.7186983 ], [ 141.2357228, 40.7191598 ], [ 141.234225, 40.7205542 ], [ 141.2330523, 40.7216198 ], [ 141.2300926, 40.7237992 ], [ 141.2277833, 40.7253792 ], [ 141.2252649, 40.7268885 ], [ 141.22095, 40.7289542 ], [ 141.217275, 40.7304333 ], [ 141.2153083, 40.7310625 ], [ 141.2122167, 40.7320375 ], [ 141.2090809, 40.7328562 ] ] } },
{ "type": "Feature", "properties": { "N12_001": "02", "N12_002": 1, "N12_003": 3, "N12_004": "一般国道101号", "N12_005": 8, "N12_006": 3 }, "geometry": { "type": "LineString", "coordinates": [ [ 140.279075, 40.7919917 ], [ 140.2773625, 40.7908708 ], [ 140.2763062, 40.7901521 ], [ 140.2746958, 40.7890917 ], [ 140.2738627, 40.788567 ], [ 140.2729021, 40.7879813 ], [ 140.2721563, 40.7876146 ], [ 140.2715333, 40.7873417 ], [ 140.2706714, 40.7870203 ], [ 140.2698604, 40.7867625 ], [ 140.2688, 40.786475 ], [ 140.267325, 40.7861292 ], [ 140.2665583, 40.7859625 ], [ 140.2653042, 40.7856792 ], [ 140.2642479, 40.7853188 ], [ 140.2632375, 40.7848667 ], [ 140.2627375, 40.78455 ], [ 140.2621687, 40.7841979 ], [ 140.2614854, 40.7837396 ], [ 140.2609542, 40.783425 ], [ 140.2603681, 40.7830783 ], [ 140.2596667, 40.7826417 ], [ 140.2589083, 40.7822708 ], [ 140.2581583, 40.7819792 ], [ 140.2571917, 40.78165 ], [ 140.2561167, 40.7814333 ], [ 140.2542208, 40.7812833 ], [ 140.2530458, 40.7813708 ], [ 140.2516083, 40.7815875 ], [ 140.25, 40.7819375 ], [ 140.2477042, 40.7824917 ], [ 140.2457708, 40.7828125 ], [ 140.24495, 40.7828333 ], [ 140.2441333, 40.7828792 ], [ 140.2429208, 40.782825 ], [ 140.2419417, 40.7827292 ], [ 140.2408208, 40.7824958 ], [ 140.2402167, 40.7823625 ], [ 140.2394208, 40.7822208 ], [ 140.2383667, 40.781925 ], [ 140.2379042, 40.7817583 ] ] } },
{ "type": "Feature", "properties": { "N12_001": "02", "N12_002": 2, "N12_003": 3, "N12_004": "一般国道279号", "N12_005": 12, "N12_006": 3 }, "geometry": { "type": "LineString", "coordinates": [ [ 141.148118, 41.4251988 ], [ 141.1481678, 41.4245204 ], [ 141.1483163, 41.4239893 ], [ 141.1484092, 41.4238868 ] ] } },
{ "type": "Feature", "properties": { "N12_001": "02", "N12_002": 2, "N12_003": 6, "N12_004": "青森県道　小湊停車場線", "N12_005": 56, "N12_006": 1 }, "geometry": { "type": "LineString", "coordinates": [ [ 140.9563024, 40.9232843 ], [ 140.9563489, 40.9237928 ], [ 140.9563791, 40.9245383 ], [ 140.9563933, 40.9248918 ], [ 140.9563992, 40.9250159 ], [ 140.9564111, 40.9252879 ], [ 140.9564111, 40.9253825 ], [ 140.9564732, 40.9260809 ] ] } },
{ "type": "Feature", "properties": { "N12_001": "02", "N12_002": 2, "N12_003": 7, "N12_004": "藤崎町道　西豊田豊田線", "N12_005": 57, "N12_006": 1 }, "geometry": { "type": "LineString", "coordinates": [ [ 140.504294, 40.6561167 ], [ 140.5037987, 40.6557712 ], [ 140.5033304, 40.6554393 ], [ 140.5026558, 40.6549847 ] ] } },
{ "type": "Feature", "properties": { "N12_001": "02", "N12_002": 2, "N12_003": 7, "N12_004": "五戸町道　古舘中央線", "N12_005": 58, "N12_006": 1 }, "geometry": { "type": "LineString", "coordinates": [ [ 141.3093958, 40.5306792 ], [ 141.3090492, 40.5307531 ], [ 141.3089179, 40.5307811 ], [ 141.3085952, 40.5308425 ], [ 141.3084061, 40.5308799 ] ] } },
{ "type": "Feature", "properties": { "N12_001": "02", "N12_002": 2, "N12_003": 3, "N12_004": "一般国道454号", "N12_005": 59, "N12_006": 1 }, "geometry": { "type": "LineString", "coordinates": [ [ 141.4312792, 40.5178187 ], [ 141.431482, 40.517787 ], [ 141.4317752, 40.5177239 ], [ 141.4321352, 40.5176439 ], [ 141.4324652, 40.5175639 ], [ 141.4326652, 40.5175039 ], [ 141.4331952, 40.5173239 ], [ 141.4338252, 40.5170539 ], [ 141.4345952, 40.5166539 ], [ 141.4349652, 40.5164139 ], [ 141.4354452, 40.5160339 ], [ 141.4357552, 40.5157739 ], [ 141.4358652, 40.5156739 ], [ 141.4361353, 40.5153639 ], [ 141.4361953, 40.5152939 ], [ 141.4366253, 40.5148339 ], [ 141.4369953, 40.5144239 ], [ 141.4371353, 40.5142739 ], [ 141.4373553, 40.5140039 ], [ 141.4375653, 40.5137639 ], [ 141.4383253, 40.5129039 ], [ 141.4389353, 40.5122139 ], [ 141.4398253, 40.5112139 ], [ 141.4402953, 40.5107139 ], [ 141.4405153, 40.5105339 ], [ 141.4409953, 40.5102139 ], [ 141.4416953, 40.5097539 ], [ 141.4420653, 40.5098339 ], [ 141.4428453, 40.5099839 ], [ 141.4436753, 40.5101939 ], [ 141.4449953, 40.5105139 ], [ 141.4452253, 40.5105739 ], [ 141.4455253, 40.5106739 ], [ 141.4476853, 40.5112939 ], [ 141.4480653, 40.5114239 ], [ 141.4510252, 40.5122839 ], [ 141.4514052, 40.5123839 ] ] } },
{ "type": "Feature", "properties": { "N12_001": "02", "N12_002": 1, "N12_003": 3, "N12_004": "一般国道394号", "N12_005": 60, "N12_006": 1 }, "geometry": { "type": "LineString", "coordinates": [ [ 141.2090809, 40.7328562 ], [ 141.2091319, 40.7333614 ], [ 141.2091414, 40.7338153 ], [ 141.2090883, 40.7344662 ], [ 141.208918, 40.735148 ], [ 141.2087136, 40.7356451 ], [ 141.2084958, 40.7361083 ], [ 141.2084479, 40.7361917 ], [ 141.2083295, 40.736392 ], [ 141.2082542, 40.7365169 ], [ 141.2082042, 40.7366 ], [ 141.2081917, 40.7366176 ], [ 141.2080917, 40.7367583 ], [ 141.2078708, 40.7370792 ], [ 141.2077125, 40.7372792 ], [ 141.207625, 40.7373875 ], [ 141.2075882, 40.7374335 ], [ 141.2073189, 40.7377702 ], [ 141.2070083, 40.7381583 ], [ 141.2065421, 40.7387431 ], [ 141.2065167, 40.738775 ], [ 141.2061542, 40.7392375 ], [ 141.2060458, 40.7393958 ], [ 141.2059625, 40.7395292 ], [ 141.2058458, 40.7397208 ], [ 141.2057583, 40.7398917 ], [ 141.2056792, 40.7400583 ], [ 141.2056083, 40.7402333 ], [ 141.20555, 40.7404042 ], [ 141.2055, 40.7405792 ], [ 141.2054583, 40.7407583 ], [ 141.2054208, 40.7409375 ], [ 141.2054, 40.7411208 ], [ 141.2053875, 40.7412958 ], [ 141.2053833, 40.741475 ], [ 141.2053875, 40.7416583 ], [ 141.2054, 40.7418375 ], [ 141.205425, 40.7420167 ], [ 141.2054583, 40.7421958 ], [ 141.2055, 40.7423708 ], [ 141.2055542, 40.74255 ], [ 141.2056125, 40.742725 ], [ 141.2056792, 40.7428792 ] ] } },
{ "type": "Feature", "properties": { "N12_001": "02", "N12_002": 2, "N12_003": 3, "N12_004": "一般国道394号", "N12_005": 60, "N12_006": 2 }, "geometry": { "type": "LineString", "coordinates": [ [ 141.2088464, 40.7322879 ], [ 141.2090809, 40.7328562 ], [ 141.2093339, 40.7333251 ], [ 141.2097539, 40.7342452 ], [ 141.2098139, 40.7343852 ], [ 141.2098539, 40.7347452 ], [ 141.2098839, 40.7350752 ], [ 141.2099139, 40.7354052 ], [ 141.2099039, 40.7359252 ], [ 141.2098439, 40.7361252 ], [ 141.2098139, 40.7362052 ], [ 141.2096739, 40.7364752 ], [ 141.2096239, 40.7366052 ], [ 141.2096339, 40.7367952 ], [ 141.2096639, 40.7369052 ], [ 141.2096739, 40.7371152 ], [ 141.2096639, 40.7371552 ], [ 141.2095339, 40.7375052 ], [ 141.2094639, 40.7377052 ], [ 141.2095583, 40.7379958 ], [ 141.2097261, 40.7381567 ], [ 141.209932, 40.7383147 ], [ 141.2101498, 40.7384751 ], [ 141.2103628, 40.7384981 ], [ 141.2107355, 40.738573 ], [ 141.2113515, 40.7386076 ], [ 141.2117139, 40.7385852 ], [ 141.2119339, 40.7386052 ], [ 141.2122139, 40.7386352 ], [ 141.2123439, 40.7386452 ], [ 141.2126238, 40.7386752 ], [ 141.2128638, 40.7386752 ], [ 141.2130238, 40.7386652 ], [ 141.2133238, 40.7385952 ], [ 141.2138838, 40.7384352 ], [ 141.2139938, 40.7383952 ], [ 141.2140838, 40.7383752 ], [ 141.2141338, 40.7383552 ], [ 141.2141838, 40.7383352 ], [ 141.2142238, 40.7383152 ], [ 141.2144738, 40.7382352 ], [ 141.2146638, 40.7381852 ], [ 141.2148338, 40.7381652 ], [ 141.2151238, 40.7381552 ], [ 141.2153738, 40.7381352 ], [ 141.2155438, 40.7381252 ], [ 141.2157038, 40.7381252 ], [ 141.2163238, 40.7380852 ], [ 141.2164938, 40.7380552 ], [ 141.2166738, 40.7380452 ], [ 141.2167738, 40.7380452 ], [ 141.2169638, 40.7380752 ], [ 141.2176238, 40.7381452 ], [ 141.2181038, 40.7381952 ], [ 141.2186138, 40.7382452 ], [ 141.2189438, 40.7382452 ], [ 141.2191338, 40.7382552 ], [ 141.2193238, 40.7386953 ], [ 141.2193538, 40.7388153 ], [ 141.2194138, 40.7388953 ], [ 141.2198638, 40.7392453 ], [ 141.2200738, 40.7393853 ], [ 141.2210538, 40.7401053 ], [ 141.2211838, 40.7402153 ], [ 141.2212038, 40.7403853 ], [ 141.2212238, 40.7405653 ], [ 141.2210638, 40.7408253 ], [ 141.2210138, 40.7409053 ], [ 141.2207938, 40.7412953 ], [ 141.2206938, 40.7416653 ], [ 141.2206038, 40.7419953 ], [ 141.2205838, 40.7420453 ], [ 141.2205338, 40.7421453 ], [ 141.2204038, 40.7423053 ], [ 141.2201138, 40.7425153 ], [ 141.2194838, 40.7429753 ], [ 141.2193538, 40.7431353 ], [ 141.2186938, 40.7443253 ], [ 141.2181038, 40.7455453 ], [ 141.2179938, 40.7457553 ], [ 141.2176938, 40.7464653 ], [ 141.2176638, 40.7465953 ], [ 141.2176338, 40.7467953 ], [ 141.2175938, 40.7472053 ], [ 141.2174838, 40.7478053 ], [ 141.2174538, 40.7478953 ], [ 141.2174137, 40.7481253 ], [ 141.2172037, 40.7491353 ], [ 141.2171437, 40.7494353 ], [ 141.2171037, 40.7496153 ], [ 141.2170337, 40.7499953 ], [ 141.2169137, 40.7506653 ], [ 141.2167837, 40.7513853 ], [ 141.2167137, 40.7516353 ], [ 141.2165337, 40.7517753 ], [ 141.2164737, 40.7518053 ], [ 141.2162437, 40.7519253 ], [ 141.2160337, 40.7520353 ], [ 141.2157437, 40.7522653 ], [ 141.2152437, 40.7526853 ], [ 141.2138337, 40.7538453 ], [ 141.2136437, 40.7540153 ], [ 141.2135737, 40.7541253 ], [ 141.2133937, 40.7544153 ], [ 141.2132037, 40.7548253 ], [ 141.2131337, 40.7550153 ], [ 141.2131037, 40.7552453 ], [ 141.2132037, 40.7555853 ], [ 141.2133937, 40.7560553 ], [ 141.2135137, 40.7564953 ], [ 141.2135337, 40.7567153 ], [ 141.2135137, 40.7572953 ], [ 141.2133837, 40.7581753 ], [ 141.2132337, 40.7590153 ], [ 141.2129137, 40.7603753 ], [ 141.2129037, 40.7605253 ], [ 141.2128937, 40.7606053 ], [ 141.2128837, 40.7607453 ], [ 141.2128237, 40.7609153 ], [ 141.2127637, 40.7610353 ], [ 141.2123137, 40.7616353 ], [ 141.2122137, 40.7618053 ], [ 141.2121737, 40.7619853 ], [ 141.2121637, 40.7626153 ], [ 141.2121837, 40.7628154 ], [ 141.2121937, 40.7630254 ], [ 141.2121737, 40.7631254 ], [ 141.2120737, 40.7633354 ], [ 141.2120237, 40.7635454 ], [ 141.2120237, 40.7640754 ], [ 141.2120437, 40.7642854 ], [ 141.2120737, 40.7645754 ], [ 141.2122437, 40.7661254 ], [ 141.2122537, 40.7662854 ], [ 141.2122337, 40.7663754 ], [ 141.2122037, 40.7664854 ], [ 141.2121337, 40.7665654 ], [ 141.2120637, 40.7666154 ], [ 141.2120037, 40.7666454 ], [ 141.2119537, 40.7666654 ], [ 141.2117637, 40.7667454 ], [ 141.2116337, 40.7668054 ], [ 141.2114637, 40.7668854 ], [ 141.2114337, 40.7669154 ], [ 141.2113437, 40.7670454 ], [ 141.2110237, 40.7679954 ], [ 141.2109537, 40.7682054 ], [ 141.2108837, 40.7683754 ], [ 141.2107837, 40.7685654 ], [ 141.2105837, 40.7689154 ], [ 141.2100337, 40.7698454 ], [ 141.2099437, 40.7700454 ], [ 141.2099237, 40.7706854 ], [ 141.2098937, 40.7708254 ], [ 141.2098437, 40.7709754 ], [ 141.2095737, 40.7714454 ], [ 141.2093637, 40.7717054 ], [ 141.2092037, 40.7718454 ], [ 141.2089837, 40.7719954 ], [ 141.2085137, 40.7722754 ], [ 141.2084137, 40.7723654 ], [ 141.2083837, 40.7724454 ], [ 141.2083737, 40.7725154 ], [ 141.2083737, 40.7731554 ], [ 141.2084037, 40.7733854 ], [ 141.2084637, 40.7735054 ], [ 141.2085037, 40.7736354 ], [ 141.2085737, 40.7739254 ], [ 141.2094737, 40.7740154 ], [ 141.2098037, 40.7740454 ], [ 141.2102437, 40.7740654 ], [ 141.2106037, 40.7741154 ], [ 141.2109536, 40.7742054 ], [ 141.2120236, 40.7745054 ], [ 141.2121436, 40.7745354 ], [ 141.2122836, 40.7745754 ], [ 141.2124936, 40.7746354 ], [ 141.2139036, 40.7750554 ], [ 141.2143536, 40.7751854 ], [ 141.2154736, 40.7755154 ], [ 141.2156336, 40.7755654 ], [ 141.2157436, 40.7756054 ], [ 141.2160536, 40.7757254 ], [ 141.2162136, 40.7758154 ], [ 141.2163036, 40.7758854 ], [ 141.2165936, 40.7761154 ], [ 141.2166436, 40.7761754 ], [ 141.2166836, 40.7762154 ], [ 141.2168236, 40.7763654 ], [ 141.2169636, 40.7765454 ], [ 141.2170736, 40.7767354 ], [ 141.2172436, 40.7771254 ], [ 141.2172836, 40.7772954 ], [ 141.2173136, 40.7774655 ], [ 141.2173136, 40.7778855 ], [ 141.2173136, 40.7779355 ], [ 141.2173936, 40.7781455 ], [ 141.2178036, 40.7790655 ], [ 141.2178436, 40.7791555 ], [ 141.2178836, 40.7792155 ], [ 141.2179336, 40.7792655 ], [ 141.2180136, 40.7793055 ], [ 141.2180936, 40.7793255 ], [ 141.2185036, 40.7793655 ], [ 141.2189036, 40.7793955 ], [ 141.2190036, 40.7794055 ], [ 141.2196436, 40.7796755 ], [ 141.2199036, 40.7797755 ], [ 141.2201736, 40.7798455 ], [ 141.2203036, 40.7798555 ], [ 141.2208436, 40.7798555 ], [ 141.2210436, 40.7798455 ], [ 141.2213536, 40.7797955 ], [ 141.2214436, 40.7797855 ], [ 141.2217736, 40.7797255 ], [ 141.2219636, 40.7797155 ], [ 141.2222036, 40.7797155 ], [ 141.2224936, 40.7797755 ], [ 141.2227136, 40.7798555 ], [ 141.2229036, 40.7799555 ], [ 141.2231885, 40.78005 ], [ 141.2233881, 40.780158 ], [ 141.2239165, 40.7803915 ], [ 141.2241365, 40.7805015 ], [ 141.2243465, 40.7806115 ], [ 141.2243668, 40.7806325 ] ] } },
{ "type": "Feature", "properties": { "N12_001": "02", "N12_002": 2, "N12_003": 3, "N12_004": "一般国道339号", "N12_005": 15, "N12_006": 4 }, "geometry": { "type": "LineString", "coordinates": [ [ 140.5067758, 40.6540053 ], [ 140.5063458, 40.6543653 ], [ 140.5059858, 40.6546753 ], [ 140.5048958, 40.6556653 ], [ 140.504294, 40.6561167 ], [ 140.5042558, 40.6561453 ], [ 140.5032958, 40.6569653 ], [ 140.5030358, 40.6571753 ], [ 140.5024658, 40.6576953 ], [ 140.5020458, 40.6580353 ], [ 140.5016358, 40.6583553 ], [ 140.5010358, 40.6588653 ], [ 140.5001058, 40.6596353 ], [ 140.4998658, 40.6598453 ], [ 140.4979958, 40.6618353 ], [ 140.4973358, 40.6625353 ], [ 140.4969358, 40.6630153 ], [ 140.4965058, 40.6635353 ], [ 140.4960858, 40.6640153 ], [ 140.4957058, 40.6645053 ], [ 140.4954658, 40.6648153 ], [ 140.4947758, 40.6656753 ], [ 140.4939958, 40.6666653 ], [ 140.4936958, 40.6670253 ], [ 140.4930258, 40.6679453 ], [ 140.4926457, 40.6686053 ], [ 140.4920157, 40.6697753 ], [ 140.4914657, 40.6708653 ], [ 140.4905157, 40.6728853 ], [ 140.4903257, 40.6732353 ], [ 140.4898857, 40.6739953 ], [ 140.4894857, 40.6745653 ], [ 140.4891757, 40.6749353 ], [ 140.4888357, 40.6753053 ], [ 140.4885257, 40.6755853 ], [ 140.4882157, 40.6758353 ], [ 140.4877857, 40.6761553 ], [ 140.4871657, 40.6764953 ], [ 140.4865457, 40.6768153 ], [ 140.4859957, 40.6770653 ], [ 140.4852057, 40.6774053 ], [ 140.4838757, 40.6779253 ], [ 140.4830057, 40.6782953 ], [ 140.4822257, 40.6786553 ], [ 140.4814757, 40.6790254 ], [ 140.4805157, 40.6795354 ], [ 140.4797957, 40.6799354 ], [ 140.4788357, 40.6804754 ], [ 140.4776657, 40.6811554 ], [ 140.4767257, 40.6817154 ], [ 140.4764257, 40.6819354 ], [ 140.4757557, 40.6825654 ], [ 140.4750457, 40.6832854 ], [ 140.4745057, 40.6838654 ], [ 140.4729257, 40.6855654 ], [ 140.4720056, 40.6865554 ], [ 140.4690756, 40.6897554 ], [ 140.4682856, 40.6905954 ], [ 140.4672856, 40.6916654 ], [ 140.4661756, 40.6928554 ], [ 140.4656656, 40.6934354 ], [ 140.4654656, 40.6936954 ], [ 140.4651167, 40.6943542 ], [ 140.4646795, 40.6951712 ], [ 140.464233, 40.695993 ] ] } },
{ "type": "Feature", "properties": { "N12_001": "02", "N12_002": 2, "N12_003": 3, "N12_004": "一般国道339号", "N12_005": 15, "N12_006": 5 }, "geometry": { "type": "LineString", "coordinates": [ [ 140.4492497, 40.8272431 ], [ 140.449135, 40.8281256 ], [ 140.448885, 40.8300656 ], [ 140.448635, 40.8319556 ], [ 140.448485, 40.8331556 ], [ 140.448365, 40.8340556 ], [ 140.448235, 40.8350456 ], [ 140.448135, 40.8358056 ], [ 140.4479872, 40.8369637 ], [ 140.4479405, 40.8378738 ], [ 140.4479405, 40.8382836 ], [ 140.4479924, 40.8391897 ], [ 140.4481532, 40.8398555 ], [ 140.44848, 40.8408168 ], [ 140.4487809, 40.8414353 ], [ 140.4494138, 40.8423888 ], [ 140.4498703, 40.843023 ], [ 140.4510895, 40.8445517 ], [ 140.4523034, 40.8461 ], [ 140.4530505, 40.8470219 ], [ 140.4540083, 40.8482917 ], [ 140.4545667, 40.8490875 ], [ 140.4549042, 40.8497563 ], [ 140.4551667, 40.8506333 ], [ 140.4552292, 40.85135 ], [ 140.4551833, 40.8520708 ], [ 140.4546194, 40.8558975 ], [ 140.4542762, 40.8582252 ], [ 140.4541875, 40.8595917 ], [ 140.4541775, 40.8597117 ], [ 140.4542049, 40.8601957 ], [ 140.4542849, 40.8606657 ], [ 140.4543549, 40.8610557 ], [ 140.4544049, 40.8613257 ], [ 140.4545349, 40.8620757 ], [ 140.4546649, 40.8626557 ], [ 140.4547349, 40.8630057 ], [ 140.4549349, 40.8639257 ], [ 140.4551749, 40.8651457 ], [ 140.4553549, 40.8659557 ], [ 140.4554649, 40.8664857 ], [ 140.4555249, 40.8668557 ], [ 140.4556949, 40.8676357 ], [ 140.4558049, 40.8680857 ], [ 140.4558849, 40.8683557 ], [ 140.4559949, 40.8686357 ], [ 140.4562549, 40.8690557 ], [ 140.4565149, 40.8694757 ], [ 140.4568125, 40.8700563 ], [ 140.4569525, 40.8702863 ], [ 140.4573625, 40.8709263 ], [ 140.4576125, 40.8714167 ], [ 140.4577167, 40.8717 ], [ 140.4578458, 40.8721708 ], [ 140.4581149, 40.8730357 ], [ 140.4581049, 40.8732757 ], [ 140.4580649, 40.8736057 ], [ 140.4579749, 40.8739557 ], [ 140.4578349, 40.8742857 ], [ 140.4577449, 40.8744657 ], [ 140.4575949, 40.8746957 ], [ 140.4573849, 40.8749957 ], [ 140.4562449, 40.8765757 ], [ 140.4549048, 40.8783957 ], [ 140.4547048, 40.8787058 ], [ 140.4543948, 40.8792358 ], [ 140.4542448, 40.8795458 ], [ 140.4540948, 40.8799258 ], [ 140.4540348, 40.8801758 ], [ 140.4539848, 40.8803458 ], [ 140.4539448, 40.8805658 ], [ 140.4539348, 40.8807258 ], [ 140.4539248, 40.8808958 ], [ 140.4539548, 40.8813658 ], [ 140.4539948, 40.8818858 ], [ 140.4540048, 40.8821058 ], [ 140.4540748, 40.8830558 ], [ 140.4541148, 40.8836458 ], [ 140.4542348, 40.8852558 ], [ 140.4542748, 40.8857458 ], [ 140.4543148, 40.8864358 ], [ 140.4543548, 40.8869258 ], [ 140.4544448, 40.8876558 ], [ 140.4544948, 40.8880758 ], [ 140.4545648, 40.8884158 ], [ 140.4546648, 40.8889058 ], [ 140.4547548, 40.8892658 ], [ 140.4548148, 40.8895358 ], [ 140.4548348, 40.8898158 ], [ 140.4550848, 40.8906358 ], [ 140.4552248, 40.8911858 ], [ 140.4552848, 40.8914958 ], [ 140.4554048, 40.8919858 ], [ 140.4555048, 40.8924358 ], [ 140.4555448, 40.8926758 ], [ 140.4555948, 40.8930658 ], [ 140.4556448, 40.8934858 ], [ 140.4556448, 40.8937558 ], [ 140.4556248, 40.8938658 ], [ 140.4553248, 40.8945058 ], [ 140.4551848, 40.8948358 ], [ 140.4550948, 40.8950358 ], [ 140.4550148, 40.8953058 ], [ 140.4549048, 40.8957858 ], [ 140.4546348, 40.8971758 ], [ 140.4545664, 40.8974195 ], [ 140.4544048, 40.8979958 ], [ 140.4543148, 40.8981958 ], [ 140.4541348, 40.8984558 ], [ 140.4539248, 40.8986859 ], [ 140.4536748, 40.8988759 ], [ 140.4532048, 40.8991059 ], [ 140.4523048, 40.8995359 ], [ 140.4515248, 40.8998959 ], [ 140.4509248, 40.9001659 ], [ 140.4504148, 40.9004059 ], [ 140.4501948, 40.9005259 ], [ 140.4499547, 40.9006959 ], [ 140.4498848, 40.9007459 ], [ 140.4496947, 40.9009159 ], [ 140.4496147, 40.9010359 ], [ 140.4495647, 40.9011159 ], [ 140.4494647, 40.9012359 ], [ 140.4494147, 40.9013159 ], [ 140.4493447, 40.9014659 ], [ 140.4493147, 40.9016059 ], [ 140.4492447, 40.9020659 ], [ 140.4491647, 40.9026059 ], [ 140.4491148, 40.9028458 ], [ 140.4489547, 40.9037759 ], [ 140.4488947, 40.9041359 ], [ 140.4489047, 40.9044359 ], [ 140.4491047, 40.9049859 ], [ 140.4492847, 40.9055259 ], [ 140.4495547, 40.9062359 ], [ 140.4498947, 40.9071459 ], [ 140.4499547, 40.9073459 ], [ 140.4500047, 40.9074359 ], [ 140.4504147, 40.9082959 ], [ 140.4508747, 40.9092159 ], [ 140.4510947, 40.9096459 ], [ 140.4513747, 40.9101859 ], [ 140.4517547, 40.9109059 ], [ 140.4517947, 40.9109959 ], [ 140.4518747, 40.9111659 ], [ 140.4519147, 40.9112659 ], [ 140.4519347, 40.9113359 ], [ 140.4519147, 40.9114159 ], [ 140.4517447, 40.9115859 ], [ 140.4514147, 40.9118459 ], [ 140.4509747, 40.9121459 ], [ 140.4503147, 40.9125159 ], [ 140.4501347, 40.9126159 ], [ 140.4499847, 40.9127159 ], [ 140.4498147, 40.9129459 ], [ 140.4493647, 40.9137059 ], [ 140.4490147, 40.9141959 ], [ 140.4489047, 40.9143759 ], [ 140.4488447, 40.9145059 ], [ 140.4488247, 40.9146559 ], [ 140.4488447, 40.9147859 ], [ 140.4489047, 40.9149459 ], [ 140.4489847, 40.9151059 ], [ 140.4492947, 40.9155459 ], [ 140.4496447, 40.9161259 ], [ 140.4497647, 40.9163259 ], [ 140.4498147, 40.9164559 ], [ 140.4498947, 40.9166959 ], [ 140.4499447, 40.9169659 ], [ 140.4499847, 40.9175359 ], [ 140.4500447, 40.918086 ], [ 140.4501347, 40.918646 ], [ 140.4501447, 40.918836 ], [ 140.4501447, 40.919116 ], [ 140.4501447, 40.919316 ], [ 140.4501347, 40.919506 ], [ 140.4501647, 40.919666 ], [ 140.4502447, 40.919996 ], [ 140.4503247, 40.920176 ], [ 140.4504547, 40.920406 ], [ 140.4506847, 40.920656 ], [ 140.4510647, 40.921026 ], [ 140.4515447, 40.921486 ], [ 140.4519547, 40.921886 ], [ 140.4520947, 40.922036 ], [ 140.4524047, 40.922386 ], [ 140.4525447, 40.922586 ], [ 140.4527847, 40.922926 ], [ 140.4530947, 40.923436 ], [ 140.4532547, 40.923746 ], [ 140.4534847, 40.924156 ], [ 140.4539747, 40.924996 ], [ 140.4542247, 40.925436 ], [ 140.4542647, 40.925576 ], [ 140.4542647, 40.925726 ], [ 140.4540946, 40.926246 ], [ 140.4540146, 40.926516 ], [ 140.4539446, 40.926706 ], [ 140.4538546, 40.927006 ], [ 140.4538146, 40.927106 ], [ 140.4537846, 40.927136 ], [ 140.4536446, 40.927256 ], [ 140.4535246, 40.927346 ], [ 140.4529846, 40.927696 ], [ 140.4528846, 40.927746 ], [ 140.4526146, 40.927876 ], [ 140.4522846, 40.928056 ], [ 140.4520746, 40.928216 ], [ 140.4518746, 40.928426 ], [ 140.4515146, 40.928896 ], [ 140.4512546, 40.929206 ], [ 140.4508246, 40.929616 ], [ 140.4504546, 40.929926 ], [ 140.4500046, 40.930306 ], [ 140.4497946, 40.930486 ], [ 140.4493746, 40.930856 ], [ 140.4488646, 40.931326 ], [ 140.4487146, 40.931516 ], [ 140.4484946, 40.931876 ], [ 140.4483746, 40.932146 ], [ 140.4482146, 40.932696 ], [ 140.4481046, 40.933186 ], [ 140.4480646, 40.933326 ], [ 140.4480246, 40.933436 ], [ 140.4477646, 40.933816 ], [ 140.4473646, 40.934276 ], [ 140.4470046, 40.934706 ], [ 140.4466046, 40.935096 ], [ 140.4460246, 40.935546 ], [ 140.4457646, 40.935736 ], [ 140.4455846, 40.935896 ], [ 140.4454346, 40.936026 ], [ 140.4450946, 40.936356 ], [ 140.4447446, 40.936736 ], [ 140.4445846, 40.936926 ], [ 140.4444446, 40.937126 ], [ 140.4444146, 40.937226 ], [ 140.4444046, 40.937606 ], [ 140.4443946, 40.937746 ], [ 140.4443146, 40.937936 ], [ 140.4438046, 40.938926 ], [ 140.4436546, 40.939166 ], [ 140.4433946, 40.939496 ], [ 140.4432146, 40.939686 ], [ 140.4431246, 40.939786 ], [ 140.4430646, 40.939856 ], [ 140.4430246, 40.939906 ], [ 140.4429446, 40.9400361 ], [ 140.4425046, 40.9407761 ], [ 140.4423246, 40.9410761 ], [ 140.4422046, 40.9413161 ], [ 140.4421546, 40.9414761 ], [ 140.4421246, 40.9415861 ], [ 140.4417846, 40.9418661 ], [ 140.4411746, 40.9424061 ], [ 140.4409646, 40.9425861 ], [ 140.4400145, 40.9434361 ], [ 140.4388145, 40.9445161 ], [ 140.4383245, 40.9449761 ], [ 140.4379545, 40.9453261 ], [ 140.4378645, 40.9454161 ], [ 140.4376345, 40.9456461 ], [ 140.4374645, 40.9458361 ], [ 140.4373745, 40.9459661 ], [ 140.4372945, 40.9460961 ], [ 140.4372545, 40.9462061 ], [ 140.4372245, 40.9463361 ], [ 140.4372045, 40.9464461 ], [ 140.4371745, 40.9468161 ], [ 140.4371845, 40.9472161 ], [ 140.4371645, 40.9475861 ], [ 140.4371245, 40.9477761 ], [ 140.4369945, 40.9481061 ], [ 140.4369045, 40.9483061 ], [ 140.4361745, 40.9499961 ], [ 140.4352845, 40.9520561 ], [ 140.4351745, 40.9523661 ], [ 140.4348245, 40.9533561 ], [ 140.4345945, 40.9540461 ], [ 140.4342045, 40.9551261 ], [ 140.4336945, 40.9565961 ], [ 140.4333545, 40.9575961 ], [ 140.4331045, 40.9583261 ], [ 140.4326745, 40.9595862 ], [ 140.4325845, 40.9598762 ], [ 140.4324745, 40.9601662 ], [ 140.4321845, 40.9609962 ], [ 140.432074, 40.961317 ] ] } },
{ "type": "Feature", "properties": { "N12_001": "02", "N12_002": 2, "N12_003": 3, "N12_004": "一般国道339号", "N12_005": 15, "N12_006": 6 }, "geometry": { "type": "LineString", "coordinates": [ [ 140.4500592, 40.7901795 ], [ 140.4500377, 40.7899946 ], [ 140.4500292, 40.7899208 ], [ 140.4500175, 40.7897668 ], [ 140.4499958, 40.7894792 ], [ 140.4499833, 40.7893583 ], [ 140.4499583, 40.7892208 ], [ 140.4498875, 40.7889125 ], [ 140.4498417, 40.7887333 ], [ 140.4498292, 40.7886875 ], [ 140.4497417, 40.7883958 ], [ 140.4496792, 40.7882125 ], [ 140.4496575, 40.78815 ], [ 140.4496083, 40.7880083 ], [ 140.4494917, 40.7877083 ], [ 140.449275, 40.7872417 ], [ 140.4492458, 40.787175 ], [ 140.4491125, 40.7869167 ], [ 140.44905, 40.7868042 ], [ 140.4488, 40.7864125 ], [ 140.4486833, 40.7862333 ], [ 140.448575, 40.7860792 ], [ 140.4485305, 40.7860193 ], [ 140.4480917, 40.7854292 ], [ 140.4476316, 40.7848121 ], [ 140.4469156, 40.7838518 ], [ 140.4468892, 40.7838166 ], [ 140.4468458, 40.7837583 ], [ 140.4452781, 40.781668 ], [ 140.4449958, 40.7812917 ], [ 140.4448333, 40.7810667 ], [ 140.4447595, 40.7809586 ], [ 140.4446625, 40.7808167 ], [ 140.4445833, 40.7806958 ], [ 140.4444588, 40.7804403 ], [ 140.4444208, 40.7803625 ], [ 140.4443625, 40.7802167 ], [ 140.4443042, 40.7800583 ], [ 140.4442782, 40.7799675 ], [ 140.4442625, 40.7799125 ], [ 140.444225, 40.7797667 ], [ 140.4442, 40.7796375 ], [ 140.4441833, 40.7794875 ], [ 140.4441708, 40.7792917 ], [ 140.4441792, 40.7790875 ], [ 140.4442042, 40.7788083 ], [ 140.4442417, 40.7785667 ], [ 140.4442703, 40.7784029 ], [ 140.4443, 40.7782333 ], [ 140.4443417, 40.777975 ], [ 140.4443735, 40.7777631 ], [ 140.4445292, 40.776725 ], [ 140.444536, 40.7766823 ], [ 140.4447055, 40.7756312 ], [ 140.4447725, 40.7752155 ], [ 140.4448375, 40.7748125 ], [ 140.4451375, 40.7729042 ], [ 140.4453708, 40.7714208 ], [ 140.4454208, 40.7711125 ], [ 140.4454625, 40.7708458 ], [ 140.4455, 40.7706333 ], [ 140.445525, 40.7704792 ], [ 140.4455375, 40.7702625 ], [ 140.4455375, 40.7700667 ], [ 140.4455333, 40.7699292 ], [ 140.4455, 40.7696833 ], [ 140.4454708, 40.7694958 ], [ 140.4454125, 40.7692125 ], [ 140.4453333, 40.7687917 ], [ 140.4450917, 40.7675875 ], [ 140.4450333, 40.7672708 ], [ 140.445, 40.7670917 ], [ 140.4447458, 40.7657958 ], [ 140.44445, 40.7642292 ], [ 140.4442042, 40.7629667 ] ] } },
{ "type": "Feature", "properties": { "N12_001": "02", "N12_002": 1, "N12_003": 3, "N12_004": "一般国道338号", "N12_005": 14, "N12_006": 4 }, "geometry": { "type": "LineString", "coordinates": [ [ 141.1849129, 41.2875367 ], [ 141.1846229, 41.2874167 ], [ 141.1833329, 41.2870367 ], [ 141.1813006, 41.2864384 ] ] } },
{ "type": "Feature", "properties": { "N12_001": "02", "N12_002": 1, "N12_003": 3, "N12_004": "一般国道454号", "N12_005": 59, "N12_006": 2 }, "geometry": { "type": "LineString", "coordinates": [ [ 141.4164013, 40.5167735 ], [ 141.4174753, 40.5170339 ], [ 141.4185553, 40.5172939 ], [ 141.4188053, 40.5173539 ], [ 141.4198353, 40.5176039 ], [ 141.4201353, 40.5176739 ], [ 141.4202853, 40.5177039 ], [ 141.4206153, 40.5177639 ], [ 141.4209753, 40.5177639 ], [ 141.4215553, 40.5177139 ], [ 141.4217053, 40.5176939 ], [ 141.4225653, 40.5175939 ], [ 141.4230353, 40.5175439 ], [ 141.4246253, 40.5173539 ], [ 141.4252853, 40.5173239 ], [ 141.4255453, 40.5173239 ], [ 141.4256353, 40.5173239 ], [ 141.4261053, 40.5173339 ], [ 141.4262953, 40.5173439 ], [ 141.4265153, 40.5173639 ], [ 141.4265553, 40.5173739 ], [ 141.4266653, 40.5173839 ], [ 141.4268053, 40.5174039 ], [ 141.4271153, 40.5174639 ], [ 141.4278553, 40.5176239 ], [ 141.4283652, 40.5177539 ], [ 141.4286752, 40.5178039 ], [ 141.4288552, 40.5178239 ], [ 141.4295452, 40.5178739 ], [ 141.4298252, 40.5178739 ], [ 141.4303152, 40.5178639 ], [ 141.4306152, 40.5178539 ], [ 141.4312125, 40.5178292 ], [ 141.4312792, 40.5178187 ] ] } },
{ "type": "Feature", "properties": { "N12_001": "02", "N12_002": 2, "N12_003": 3, "N12_004": "一般国道454号", "N12_005": 59, "N12_006": 3 }, "geometry": { "type": "LineString", "coordinates": [ [ 141.1736463, 40.4674935 ], [ 141.1736963, 40.4675335 ], [ 141.1739062, 40.4677435 ], [ 141.1740162, 40.4678435 ], [ 141.1750062, 40.4686836 ], [ 141.1757162, 40.4692836 ], [ 141.1763162, 40.4697936 ], [ 141.1765562, 40.4700436 ], [ 141.1767162, 40.4701536 ], [ 141.1768962, 40.4702636 ], [ 141.1771262, 40.4703436 ], [ 141.1784762, 40.4707436 ], [ 141.1798662, 40.4711436 ], [ 141.1807862, 40.4713936 ], [ 141.1809062, 40.4714336 ], [ 141.1813862, 40.4715636 ], [ 141.1819862, 40.4717336 ], [ 141.1821762, 40.4717836 ], [ 141.1829362, 40.4720036 ], [ 141.1832862, 40.4720736 ], [ 141.1840162, 40.4722636 ], [ 141.1844862, 40.4723836 ], [ 141.1853762, 40.4726036 ], [ 141.1886162, 40.4730636 ], [ 141.1913661, 40.4736136 ], [ 141.1916861, 40.4736936 ], [ 141.1925761, 40.4739036 ], [ 141.1933061, 40.4740736 ], [ 141.1935061, 40.4741236 ], [ 141.1939361, 40.4742136 ], [ 141.1950561, 40.4744536 ], [ 141.1955861, 40.4745436 ], [ 141.1959061, 40.4746336 ], [ 141.1960261, 40.4746536 ], [ 141.1961961, 40.4747136 ], [ 141.1968761, 40.4750136 ], [ 141.1973261, 40.4752436 ], [ 141.1976161, 40.4753636 ], [ 141.1978061, 40.4754036 ], [ 141.1979261, 40.4754236 ], [ 141.1982961, 40.4754536 ], [ 141.1984361, 40.4754736 ], [ 141.1988361, 40.4755636 ], [ 141.1992961, 40.4756636 ], [ 141.2000061, 40.4758236 ], [ 141.2005061, 40.4759436 ], [ 141.2011061, 40.4761236 ], [ 141.2017361, 40.4763536 ], [ 141.2023561, 40.4765636 ], [ 141.2032561, 40.4768636 ], [ 141.2037561, 40.4770236 ], [ 141.2044261, 40.4772336 ], [ 141.2048361, 40.4773636 ], [ 141.2057961, 40.4776636 ], [ 141.2062461, 40.4777936 ], [ 141.2065861, 40.4778936 ], [ 141.2073461, 40.4780836 ], [ 141.2077561, 40.4781836 ], [ 141.2083361, 40.4783336 ], [ 141.2090261, 40.4785036 ], [ 141.2092461, 40.4785736 ], [ 141.2099661, 40.4787236 ], [ 141.2105761, 40.4788336 ], [ 141.211396, 40.4790436 ], [ 141.211926, 40.4791836 ], [ 141.212386, 40.4793436 ], [ 141.212706, 40.4794536 ], [ 141.213516, 40.4797436 ], [ 141.214136, 40.4799636 ], [ 141.214696, 40.4801436 ], [ 141.215486, 40.4804436 ], [ 141.216006, 40.4806436 ], [ 141.216676, 40.4808936 ], [ 141.216986, 40.4810036 ], [ 141.217386, 40.4811636 ], [ 141.217806, 40.4813136 ], [ 141.218386, 40.4815136 ], [ 141.219146, 40.4817936 ], [ 141.219366, 40.4818936 ], [ 141.219506, 40.4819536 ], [ 141.219646, 40.4820536 ], [ 141.219936, 40.4823736 ], [ 141.220406, 40.4829236 ], [ 141.220626, 40.4832236 ], [ 141.220746, 40.4833536 ], [ 141.220826, 40.4834336 ], [ 141.220946, 40.4835436 ], [ 141.221096, 40.4836436 ], [ 141.221156, 40.4836836 ], [ 141.221366, 40.4837936 ], [ 141.221886, 40.4839936 ], [ 141.222096, 40.4840836 ], [ 141.222486, 40.4842236 ], [ 141.222926, 40.4843536 ], [ 141.223086, 40.4844036 ], [ 141.223426, 40.4845136 ], [ 141.223916, 40.4846736 ], [ 141.224066, 40.4847336 ], [ 141.224226, 40.4847736 ], [ 141.224626, 40.4848536 ], [ 141.224776, 40.4848736 ], [ 141.225106, 40.4849336 ], [ 141.225536, 40.4849836 ], [ 141.225666, 40.4850136 ], [ 141.225796, 40.4850536 ], [ 141.225906, 40.4851136 ], [ 141.226166, 40.4853136 ], [ 141.226326, 40.4854136 ], [ 141.226466, 40.4854936 ], [ 141.2271659, 40.4857336 ], [ 141.2273359, 40.4857736 ], [ 141.2276059, 40.4858536 ], [ 141.2277359, 40.4859136 ], [ 141.2278559, 40.4859836 ], [ 141.2280659, 40.4861636 ], [ 141.2284359, 40.4864936 ], [ 141.2286759, 40.4866736 ], [ 141.2287659, 40.4867536 ], [ 141.2290159, 40.4869536 ], [ 141.2290859, 40.4870136 ], [ 141.2295459, 40.4873436 ], [ 141.2305159, 40.4881036 ], [ 141.2313159, 40.4887336 ], [ 141.2314559, 40.4888436 ], [ 141.2324459, 40.4896336 ], [ 141.2327759, 40.4900136 ], [ 141.2328459, 40.4900636 ], [ 141.2329759, 40.4901136 ], [ 141.2330859, 40.4901636 ], [ 141.2333859, 40.4902136 ], [ 141.2335559, 40.4902436 ], [ 141.2337059, 40.4902736 ], [ 141.2340759, 40.4903536 ], [ 141.2341359, 40.4903636 ], [ 141.2344059, 40.4904436 ], [ 141.2349459, 40.4906036 ], [ 141.2354859, 40.4908036 ], [ 141.2355959, 40.4908536 ], [ 141.2357859, 40.4909536 ], [ 141.2359559, 40.4910736 ], [ 141.2364359, 40.4914736 ], [ 141.2370459, 40.4919736 ], [ 141.2379159, 40.4927036 ], [ 141.2386759, 40.4933436 ], [ 141.2387859, 40.4934336 ], [ 141.2397958, 40.4942836 ], [ 141.2399058, 40.4943736 ], [ 141.2401058, 40.4945536 ], [ 141.2405758, 40.4949236 ], [ 141.2407958, 40.4950636 ], [ 141.2413858, 40.4953936 ], [ 141.2414758, 40.4954236 ], [ 141.2416758, 40.4955236 ], [ 141.2420758, 40.4957236 ], [ 141.2427658, 40.4960536 ], [ 141.2430458, 40.4962136 ], [ 141.2432958, 40.4963437 ], [ 141.2435658, 40.4964737 ], [ 141.2437358, 40.4965737 ], [ 141.2437758, 40.4965937 ], [ 141.2439258, 40.4967137 ], [ 141.2439858, 40.4967637 ], [ 141.2440658, 40.4969237 ], [ 141.2443558, 40.4975537 ], [ 141.2445058, 40.4977937 ], [ 141.2445958, 40.4979337 ], [ 141.2446658, 40.4980437 ], [ 141.2447358, 40.4981237 ], [ 141.2449258, 40.4983837 ], [ 141.2453858, 40.4990137 ], [ 141.2456458, 40.4993637 ], [ 141.2457358, 40.4994637 ], [ 141.2460558, 40.4997637 ], [ 141.2463058, 40.5000137 ], [ 141.2465158, 40.5002137 ], [ 141.2467258, 40.5004037 ], [ 141.2468158, 40.5004837 ], [ 141.2477458, 40.5013237 ], [ 141.2492757, 40.5027137 ], [ 141.2494657, 40.5028837 ], [ 141.2496157, 40.5030037 ], [ 141.2500057, 40.5033437 ], [ 141.2507857, 40.5040237 ], [ 141.2532657, 40.5060337 ], [ 141.2535657, 40.5062437 ], [ 141.2538557, 40.5064437 ], [ 141.2549757, 40.5072537 ], [ 141.2554857, 40.5075637 ], [ 141.2559857, 40.5078437 ], [ 141.2563257, 40.5080737 ], [ 141.2563557, 40.5080837 ], [ 141.2568557, 40.5084637 ], [ 141.2577357, 40.5091837 ], [ 141.2581257, 40.5094837 ], [ 141.2582857, 40.5096137 ], [ 141.2585157, 40.5097337 ], [ 141.2591357, 40.5099537 ], [ 141.2592757, 40.5099937 ], [ 141.2598057, 40.5101937 ], [ 141.2600357, 40.5102437 ], [ 141.2604857, 40.5103537 ], [ 141.2608457, 40.5104437 ], [ 141.2616657, 40.5106337 ], [ 141.2621157, 40.5107337 ], [ 141.2625156, 40.5108437 ], [ 141.2630656, 40.5110137 ], [ 141.2635356, 40.5111737 ], [ 141.2640356, 40.5113437 ], [ 141.2644156, 40.5114737 ], [ 141.2662256, 40.5121037 ], [ 141.2665256, 40.5121938 ], [ 141.2670556, 40.5123838 ], [ 141.2684656, 40.5128638 ], [ 141.2686356, 40.5129238 ], [ 141.2697756, 40.5133138 ], [ 141.2700356, 40.5133538 ], [ 141.2703356, 40.5133538 ], [ 141.2705456, 40.5133538 ], [ 141.2707656, 40.5133638 ], [ 141.2709256, 40.5133638 ], [ 141.2711956, 40.5133638 ], [ 141.2718256, 40.5133838 ], [ 141.2721756, 40.5134338 ], [ 141.2724256, 40.5134838 ], [ 141.2729356, 40.5136138 ], [ 141.2742256, 40.5140838 ], [ 141.2768156, 40.5150338 ], [ 141.2773856, 40.5152138 ], [ 141.2775756, 40.5152738 ], [ 141.2780856, 40.5154338 ], [ 141.2783956, 40.5155138 ], [ 141.2786456, 40.5156038 ], [ 141.2792356, 40.5157638 ], [ 141.2794556, 40.5158438 ], [ 141.2802656, 40.5160538 ], [ 141.2804956, 40.5161038 ], [ 141.2806356, 40.5161538 ], [ 141.2812956, 40.5163138 ], [ 141.2825556, 40.5166338 ], [ 141.2826756, 40.5166638 ], [ 141.2832156, 40.5168038 ], [ 141.2836456, 40.5169538 ], [ 141.2838056, 40.5170038 ], [ 141.2844356, 40.5172938 ], [ 141.2846356, 40.5173738 ], [ 141.2850156, 40.5174938 ], [ 141.2851156, 40.5175038 ], [ 141.2853156, 40.5175238 ], [ 141.2855756, 40.5175138 ], [ 141.2857956, 40.5174638 ], [ 141.2860056, 40.5174038 ], [ 141.2871656, 40.5169138 ], [ 141.2877856, 40.5166538 ], [ 141.2880756, 40.5165738 ], [ 141.2883856, 40.5165238 ], [ 141.2885656, 40.5165438 ], [ 141.2887756, 40.5165838 ], [ 141.2889156, 40.5166338 ], [ 141.2892656, 40.5167838 ], [ 141.2893456, 40.5168138 ], [ 141.2894556, 40.5168538 ], [ 141.2896056, 40.5168838 ], [ 141.2898656, 40.5169338 ], [ 141.2905056, 40.5169838 ], [ 141.2908056, 40.5170038 ], [ 141.2908956, 40.5170138 ], [ 141.2909856, 40.5170238 ], [ 141.2910256, 40.5170238 ], [ 141.2910456, 40.5170238 ] ] } },
{ "type": "Feature", "properties": { "N12_001": "02", "N12_002": 1, "N12_003": 3, "N12_004": "一般国道279号", "N12_005": 12, "N12_006": 4 }, "geometry": { "type": "LineString", "coordinates": [ [ 141.2493316, 41.0093971 ], [ 141.2491644, 41.0098623 ], [ 141.2490444, 41.0103548 ], [ 141.2489323, 41.011102 ], [ 141.2488911, 41.0119366 ], [ 141.2489375, 41.0124792 ], [ 141.2489792, 41.0127333 ] ] } },
{ "type": "Feature", "properties": { "N12_001": "02", "N12_002": 2, "N12_003": 3, "N12_004": "一般国道279号", "N12_005": 12, "N12_006": 5 }, "geometry": { "type": "LineString", "coordinates": [ [ 141.126044, 40.8467555 ], [ 141.126064, 40.8468855 ], [ 141.126064, 40.8469755 ], [ 141.126044, 40.8470255 ], [ 141.126034, 40.8470555 ], [ 141.125824, 40.8475255 ], [ 141.125454, 40.8482755 ], [ 141.125364, 40.8484555 ], [ 141.125294, 40.8485655 ], [ 141.125124, 40.8488455 ], [ 141.125004, 40.8490455 ], [ 141.124724, 40.8494755 ], [ 141.124654, 40.8496055 ], [ 141.124614, 40.8497755 ], [ 141.124594, 40.8498255 ], [ 141.124564, 40.8499855 ], [ 141.124554, 40.8500755 ], [ 141.124554, 40.8501555 ], [ 141.124594, 40.8503655 ], [ 141.124694, 40.8505955 ], [ 141.124754, 40.8509155 ], [ 141.124754, 40.8509755 ], [ 141.124824, 40.8517155 ], [ 141.124944, 40.8530055 ], [ 141.124964, 40.8533855 ], [ 141.125004, 40.8535555 ], [ 141.125044, 40.8537055 ], [ 141.125094, 40.8539355 ], [ 141.125254, 40.8545255 ], [ 141.125434, 40.8552755 ], [ 141.1254602, 40.8553646 ], [ 141.125484, 40.8554455 ], [ 141.125634, 40.8560955 ], [ 141.1256939, 40.8563555 ], [ 141.1257639, 40.8565955 ], [ 141.1258239, 40.8568755 ], [ 141.1259539, 40.8573855 ], [ 141.1260439, 40.8577255 ], [ 141.1261139, 40.8580255 ], [ 141.1261839, 40.8583255 ], [ 141.1262739, 40.8586755 ], [ 141.1263239, 40.8588755 ], [ 141.1263539, 40.8590155 ], [ 141.1265139, 40.8596155 ], [ 141.1266239, 40.8600255 ], [ 141.1267539, 40.8605255 ], [ 141.1268839, 40.8610355 ], [ 141.1269239, 40.8612255 ], [ 141.1269539, 40.8613155 ], [ 141.1271139, 40.8619655 ], [ 141.1273239, 40.8630756 ], [ 141.1273939, 40.8634756 ], [ 141.1274439, 40.8638056 ], [ 141.1275139, 40.8641756 ], [ 141.1275439, 40.8643256 ], [ 141.127641, 40.8647657 ] ] } },
{ "type": "Feature", "properties": { "N12_001": "02", "N12_002": 2, "N12_003": 3, "N12_004": "一般国道280号", "N12_005": 13, "N12_006": 4 }, "geometry": { "type": "LineString", "coordinates": [ [ 140.6561792, 40.9671167 ], [ 140.6561667, 40.9672083 ], [ 140.6560792, 40.9675958 ], [ 140.6560708, 40.9676792 ], [ 140.6560667, 40.9677458 ], [ 140.6560623, 40.9678043 ], [ 140.65605, 40.9679708 ], [ 140.6560622, 40.9689175 ], [ 140.6560625, 40.9689417 ], [ 140.65605, 40.9695042 ], [ 140.6560547, 40.969609 ], [ 140.6560583, 40.9696917 ], [ 140.6560708, 40.9697625 ], [ 140.6560917, 40.969825 ], [ 140.656125, 40.9698875 ], [ 140.6561708, 40.9699583 ], [ 140.656225, 40.9700167 ], [ 140.6563208, 40.9700875 ], [ 140.6565125, 40.9702 ], [ 140.656675, 40.9703333 ], [ 140.6567208, 40.9703833 ], [ 140.6567542, 40.9704417 ], [ 140.656775, 40.9704917 ], [ 140.6567958, 40.9705625 ], [ 140.6568792, 40.9709417 ], [ 140.6568708, 40.9710375 ], [ 140.656825, 40.9711458 ], [ 140.6566667, 40.97155 ], [ 140.6565708, 40.9719042 ] ] } },
{ "type": "Feature", "properties": { "N12_001": "02", "N12_002": 2, "N12_003": 3, "N12_004": "一般国道280号", "N12_005": 13, "N12_006": 5 }, "geometry": { "type": "LineString", "coordinates": [ [ 140.4818572, 41.1826213 ], [ 140.482363, 41.1826685 ], [ 140.4825494, 41.1827014 ], [ 140.4826901, 41.1828188 ], [ 140.4829829, 41.1830034 ], [ 140.4831407, 41.1830549 ], [ 140.4836997, 41.1831351 ], [ 140.4844907, 41.1832109 ], [ 140.4859986, 41.1833755 ] ] } },
{ "type": "Feature", "properties": { "N12_001": "02", "N12_002": 2, "N12_003": 3, "N12_004": "一般国道101号", "N12_005": 8, "N12_006": 4 }, "geometry": { "type": "LineString", "coordinates": [ [ 140.5002179, 40.7794802 ], [ 140.5000052, 40.7794554 ], [ 140.4995352, 40.7793954 ], [ 140.4989597, 40.779331 ], [ 140.4986552, 40.7792754 ], [ 140.4981752, 40.7792254 ], [ 140.4979352, 40.7791954 ], [ 140.4974752, 40.7791354 ], [ 140.4973052, 40.7791154 ], [ 140.4965052, 40.7789654 ], [ 140.4962652, 40.7789354 ], [ 140.4941052, 40.7786954 ], [ 140.4939052, 40.7786954 ], [ 140.4935252, 40.7786954 ], [ 140.4922452, 40.7787554 ], [ 140.4919352, 40.7787754 ], [ 140.4916452, 40.7787754 ], [ 140.4912652, 40.7787054 ], [ 140.4906352, 40.7785454 ], [ 140.4903052, 40.7784754 ], [ 140.4881852, 40.7781354 ], [ 140.4876952, 40.7780354 ], [ 140.4875052, 40.7779854 ], [ 140.4870552, 40.7778554 ], [ 140.4865252, 40.7777554 ], [ 140.4856652, 40.7776354 ], [ 140.4854452, 40.7775754 ], [ 140.4851052, 40.7774554 ], [ 140.4849152, 40.7773854 ], [ 140.4842052, 40.7771254 ], [ 140.4839152, 40.7770554 ], [ 140.4833352, 40.7769754 ], [ 140.4821152, 40.7768354 ], [ 140.4816852, 40.7767954 ], [ 140.4812852, 40.7768054 ], [ 140.4800052, 40.7769254 ], [ 140.4779652, 40.7771554 ], [ 140.4777152, 40.7771954 ], [ 140.4775752, 40.7772355 ], [ 140.4772952, 40.7773455 ], [ 140.4767352, 40.7775455 ], [ 140.4750052, 40.7782255 ], [ 140.4741752, 40.7785555 ], [ 140.4724252, 40.7792355 ], [ 140.4717152, 40.7795255 ], [ 140.4704452, 40.7802455 ], [ 140.4683552, 40.7813955 ], [ 140.4667452, 40.7822455 ], [ 140.4653452, 40.7829855 ], [ 140.4647052, 40.7833255 ], [ 140.4639352, 40.7837355 ], [ 140.4636852, 40.7838655 ], [ 140.4628852, 40.7842955 ], [ 140.4619452, 40.7848055 ], [ 140.4606252, 40.7855155 ], [ 140.4595452, 40.7861155 ], [ 140.4583352, 40.7868255 ], [ 140.4554452, 40.7884955 ], [ 140.4550451, 40.7887155 ], [ 140.4545051, 40.7889355 ], [ 140.4537551, 40.7892055 ], [ 140.4534351, 40.7893255 ], [ 140.4519851, 40.7898355 ], [ 140.4516251, 40.7899255 ], [ 140.4511651, 40.7900055 ], [ 140.4506951, 40.7900655 ], [ 140.4502831, 40.7901639 ], [ 140.4500592, 40.7901795 ] ] } },
{ "type": "Feature", "properties": { "N12_001": "02", "N12_002": 2, "N12_003": 3, "N12_004": "一般国道338号", "N12_005": 14, "N12_006": 5 }, "geometry": { "type": "LineString", "coordinates": [ [ 141.1813006, 41.2864384 ], [ 141.1811929, 41.2864066 ], [ 141.1808729, 41.2863066 ], [ 141.1806429, 41.2862566 ], [ 141.1804729, 41.2862066 ], [ 141.1795629, 41.2859366 ], [ 141.1789629, 41.2857566 ], [ 141.1777529, 41.2853766 ], [ 141.1764129, 41.2849966 ], [ 141.1759629, 41.2848666 ], [ 141.1757129, 41.2847866 ], [ 141.1753429, 41.2846866 ], [ 141.1750029, 41.2845966 ], [ 141.1749729, 41.2845866 ], [ 141.1749029, 41.2845566 ], [ 141.1741129, 41.2842766 ], [ 141.1740129, 41.2842266 ], [ 141.1739929, 41.2842266 ], [ 141.1738029, 41.2841366 ], [ 141.1736429, 41.2840766 ], [ 141.1731229, 41.2838466 ], [ 141.1724629, 41.2835566 ], [ 141.1720629, 41.2833466 ], [ 141.1719829, 41.2833166 ], [ 141.1719129, 41.2832866 ], [ 141.1716329, 41.2831566 ], [ 141.1714129, 41.2830566 ], [ 141.1713829, 41.2830366 ], [ 141.1708629, 41.2828066 ], [ 141.1707929, 41.2827666 ], [ 141.1703729, 41.2825766 ], [ 141.1701329, 41.2824666 ], [ 141.1699029, 41.2823666 ], [ 141.1696729, 41.2822566 ], [ 141.1694729, 41.2821866 ], [ 141.1692729, 41.2821366 ], [ 141.1692229, 41.2821366 ], [ 141.1691429, 41.2821166 ], [ 141.1689229, 41.2820866 ], [ 141.1687929, 41.2820566 ], [ 141.1686729, 41.2820366 ], [ 141.1685129, 41.2819966 ], [ 141.1678929, 41.2818666 ], [ 141.1673529, 41.2817666 ], [ 141.1670629, 41.2816966 ], [ 141.1668629, 41.2816566 ], [ 141.166713, 41.2816466 ], [ 141.164243, 41.2814566 ], [ 141.162753, 41.2813566 ], [ 141.162413, 41.2813366 ], [ 141.162173, 41.2813066 ], [ 141.162033, 41.2812966 ], [ 141.161953, 41.2812966 ], [ 141.161883, 41.2812766 ], [ 141.161013, 41.2808866 ], [ 141.160193, 41.2804766 ], [ 141.159733, 41.2802366 ], [ 141.159173, 41.2799866 ], [ 141.159073, 41.2799666 ], [ 141.158633, 41.2799166 ], [ 141.158343, 41.2798966 ], [ 141.158243, 41.2798866 ], [ 141.157723, 41.2798166 ], [ 141.157463, 41.2797366 ], [ 141.157283, 41.2796066 ], [ 141.156993, 41.2793166 ], [ 141.156353, 41.2787366 ], [ 141.156103, 41.2784966 ], [ 141.155713, 41.2781466 ], [ 141.155503, 41.2779366 ], [ 141.155243, 41.2776766 ], [ 141.154963, 41.2772766 ], [ 141.154883, 41.2771166 ], [ 141.154793, 41.2769066 ], [ 141.154613, 41.2764766 ], [ 141.154543, 41.2761966 ], [ 141.154433, 41.2758666 ], [ 141.154293, 41.2750466 ], [ 141.154233, 41.2747566 ], [ 141.154203, 41.2744666 ], [ 141.154153, 41.2740766 ], [ 141.154103, 41.2736566 ], [ 141.154013, 41.2731666 ], [ 141.153893, 41.2729466 ], [ 141.153733, 41.2727466 ], [ 141.153443, 41.2724466 ], [ 141.153323, 41.2722466 ], [ 141.153283, 41.2721466 ], [ 141.153183, 41.2719466 ], [ 141.153143, 41.2717466 ], [ 141.153143, 41.2712666 ], [ 141.153153, 41.2707866 ], [ 141.153213, 41.2703066 ], [ 141.153223, 41.2700566 ], [ 141.153133, 41.2696666 ], [ 141.153023, 41.2692866 ], [ 141.152863, 41.2688666 ], [ 141.152733, 41.2685266 ], [ 141.152493, 41.2678166 ], [ 141.152213, 41.2670366 ], [ 141.152163, 41.2669466 ], [ 141.151973, 41.2667266 ], [ 141.151823, 41.2665766 ], [ 141.151593, 41.2663766 ], [ 141.151293, 41.2661566 ], [ 141.150743, 41.2657866 ], [ 141.150673, 41.2657266 ], [ 141.150503, 41.2655866 ], [ 141.150413, 41.2655066 ], [ 141.150033, 41.2651866 ], [ 141.149823, 41.2649766 ], [ 141.149683, 41.2647366 ], [ 141.149613, 41.2645566 ], [ 141.149533, 41.2644366 ], [ 141.149363, 41.2641566 ], [ 141.149183, 41.2638566 ], [ 141.149113, 41.2637666 ], [ 141.148723, 41.2633666 ], [ 141.147543, 41.2621966 ], [ 141.146533, 41.2611366 ], [ 141.146363, 41.2609666 ], [ 141.145663, 41.2602866 ], [ 141.145473, 41.2600966 ], [ 141.145343, 41.2599566 ], [ 141.145073, 41.2596766 ], [ 141.144213, 41.2588266 ], [ 141.144073, 41.2587366 ], [ 141.143723, 41.2585466 ], [ 141.143343, 41.2583266 ], [ 141.142963, 41.2581166 ], [ 141.142813, 41.2579866 ], [ 141.142723, 41.2578966 ], [ 141.142643, 41.2577766 ], [ 141.1426004, 41.2576676 ], [ 141.142553, 41.2575466 ], [ 141.142433, 41.2571566 ], [ 141.142373, 41.2570266 ], [ 141.142253, 41.2570266 ], [ 141.141823, 41.2569666 ], [ 141.141553, 41.2569266 ], [ 141.141443, 41.2568766 ], [ 141.141183, 41.2566966 ], [ 141.1399731, 41.2558866 ], [ 141.1387031, 41.2550466 ], [ 141.1385031, 41.2549266 ], [ 141.1382031, 41.2547466 ], [ 141.1378731, 41.2544466 ], [ 141.1376731, 41.2541666 ], [ 141.1372131, 41.2534366 ], [ 141.1370531, 41.2532166 ], [ 141.1368931, 41.2530066 ], [ 141.1363931, 41.2524566 ], [ 141.1358131, 41.2518366 ], [ 141.1356031, 41.2516166 ], [ 141.1352931, 41.2512966 ], [ 141.1349131, 41.2509166 ], [ 141.1345131, 41.2505066 ], [ 141.1339231, 41.2487366 ], [ 141.1338531, 41.2485166 ], [ 141.1337731, 41.2482666 ], [ 141.1333231, 41.2468966 ], [ 141.1328731, 41.2454466 ], [ 141.1328331, 41.2452966 ], [ 141.1327531, 41.2449466 ], [ 141.1327231, 41.2446566 ], [ 141.1327331, 41.2444066 ], [ 141.1327531, 41.2439066 ], [ 141.1327931, 41.2435666 ], [ 141.1328131, 41.2433466 ], [ 141.1329431, 41.2422366 ], [ 141.1330231, 41.2416666 ], [ 141.1331131, 41.2410866 ], [ 141.1331531, 41.2408266 ], [ 141.1332331, 41.2402766 ], [ 141.1332431, 41.2401166 ], [ 141.1332731, 41.2399766 ], [ 141.1331231, 41.2398666 ], [ 141.1329631, 41.2397866 ], [ 141.1322531, 41.2395166 ], [ 141.1316331, 41.2392666 ], [ 141.1314931, 41.2392066 ], [ 141.1311831, 41.2389666 ], [ 141.1310331, 41.2387766 ], [ 141.1309031, 41.2386766 ], [ 141.1306831, 41.2385466 ], [ 141.1305931, 41.2385166 ], [ 141.1303331, 41.2383666 ], [ 141.1296531, 41.2380166 ], [ 141.1294631, 41.2379766 ], [ 141.1292131, 41.2380166 ], [ 141.1290331, 41.2380265 ], [ 141.1288131, 41.2380566 ], [ 141.1286331, 41.2380665 ], [ 141.1284531, 41.2380865 ], [ 141.1279131, 41.2381366 ], [ 141.1277831, 41.2381566 ], [ 141.1273731, 41.2382066 ], [ 141.1268631, 41.2382565 ], [ 141.1267731, 41.2382666 ], [ 141.1266331, 41.2382666 ], [ 141.1265531, 41.2382466 ], [ 141.1264131, 41.2381866 ], [ 141.1261531, 41.2380165 ], [ 141.1253931, 41.2374565 ], [ 141.1251731, 41.2372465 ], [ 141.1250031, 41.2370465 ], [ 141.1248331, 41.2368465 ], [ 141.1246231, 41.2365765 ], [ 141.1244231, 41.2363865 ], [ 141.1241631, 41.2360865 ], [ 141.1238731, 41.2358765 ], [ 141.1237931, 41.2358065 ], [ 141.1236331, 41.2356865 ], [ 141.1218331, 41.2344365 ], [ 141.1216931, 41.2342665 ], [ 141.1216531, 41.2341265 ], [ 141.1216231, 41.2337465 ], [ 141.1216031, 41.2335665 ], [ 141.1216331, 41.2333865 ], [ 141.1216331, 41.2332665 ], [ 141.1216531, 41.2331165 ], [ 141.1216631, 41.2329465 ], [ 141.1217031, 41.2327465 ], [ 141.1218331, 41.2320565 ], [ 141.1219531, 41.2313165 ], [ 141.1220431, 41.2308165 ], [ 141.1220731, 41.2305765 ], [ 141.1220631, 41.2304565 ], [ 141.1219531, 41.2301065 ], [ 141.1218031, 41.2297965 ], [ 141.1217531, 41.2295265 ], [ 141.1217531, 41.2292165 ], [ 141.1217631, 41.2288365 ], [ 141.1217731, 41.2286665 ], [ 141.1218231, 41.2285165 ], [ 141.1219931, 41.2282665 ], [ 141.1221831, 41.2280565 ], [ 141.1225031, 41.2277765 ], [ 141.1227531, 41.2275765 ], [ 141.1230731, 41.2273765 ], [ 141.1233131, 41.2272165 ], [ 141.1236831, 41.2270765 ], [ 141.1239931, 41.2269865 ], [ 141.1245731, 41.2269065 ], [ 141.1248931, 41.2268765 ], [ 141.1251331, 41.2268465 ], [ 141.1257231, 41.2267765 ], [ 141.1261831, 41.2266865 ], [ 141.1265531, 41.2265965 ], [ 141.1267631, 41.2265265 ], [ 141.1270331, 41.2263865 ], [ 141.1271031, 41.2263265 ], [ 141.1272531, 41.2261765 ], [ 141.1273831, 41.2259665 ], [ 141.1275331, 41.2256165 ], [ 141.1276831, 41.2253265 ], [ 141.1277731, 41.2250965 ], [ 141.1277831, 41.2249565 ], [ 141.1277831, 41.2248965 ], [ 141.1277631, 41.2247665 ], [ 141.1276831, 41.2245565 ], [ 141.1275631, 41.2243265 ], [ 141.1273731, 41.2239865 ], [ 141.1266831, 41.2226665 ], [ 141.1264631, 41.2224165 ], [ 141.1261631, 41.2220765 ], [ 141.1255831, 41.2214865 ], [ 141.1251731, 41.2210865 ], [ 141.1250031, 41.2209265 ], [ 141.1248631, 41.2207965 ], [ 141.1242931, 41.2203265 ], [ 141.1238731, 41.2200265 ], [ 141.1237831, 41.2199565 ], [ 141.1236931, 41.2198965 ], [ 141.1226831, 41.2193265 ], [ 141.1222731, 41.2190965 ], [ 141.1214431, 41.2186665 ], [ 141.1206631, 41.2181765 ], [ 141.1202731, 41.2179565 ], [ 141.1197031, 41.2176365 ], [ 141.1190331, 41.2173165 ], [ 141.1185431, 41.2170765 ], [ 141.1183731, 41.2169865 ], [ 141.1178131, 41.2166765 ], [ 141.1172431, 41.2163365 ], [ 141.1166731, 41.2159565 ], [ 141.1162131, 41.2156465 ], [ 141.1161531, 41.2156065 ], [ 141.1160631, 41.2155565 ], [ 141.1156531, 41.2152665 ], [ 141.1155931, 41.2152165 ], [ 141.1151531, 41.2149065 ], [ 141.1149631, 41.2147665 ], [ 141.1147931, 41.2146465 ], [ 141.1146731, 41.2146165 ], [ 141.1144831, 41.2145765 ], [ 141.1140031, 41.2145265 ], [ 141.1131031, 41.2144865 ], [ 141.1125531, 41.2144665 ], [ 141.1107331, 41.2143965 ], [ 141.1092631, 41.2143465 ], [ 141.1083331, 41.2142865 ], [ 141.1079731, 41.2142665 ], [ 141.1073131, 41.2142165 ], [ 141.1067231, 41.2141565 ], [ 141.1060231, 41.2141365 ], [ 141.1053031, 41.2140865 ], [ 141.1043731, 41.2140865 ], [ 141.1036131, 41.2140965 ], [ 141.1031331, 41.2140865 ], [ 141.1023231, 41.2140165 ], [ 141.1021631, 41.2140065 ], [ 141.1020331, 41.2139765 ], [ 141.1010931, 41.2138965 ], [ 141.1006631, 41.2138165 ], [ 141.1000031, 41.2136665 ], [ 141.0996431, 41.2135765 ], [ 141.0990631, 41.2134265 ], [ 141.0980731, 41.2131865 ], [ 141.0975931, 41.2130565 ], [ 141.0971631, 41.2129165 ], [ 141.0965931, 41.2126665 ], [ 141.0953431, 41.2121565 ], [ 141.0948731, 41.2119465 ], [ 141.0939731, 41.2115365 ], [ 141.0929431, 41.2110365 ], [ 141.0920131, 41.2105465 ], [ 141.0916731, 41.2103665 ], [ 141.0909931, 41.2100065 ], [ 141.0907831, 41.2098765 ], [ 141.0903731, 41.2096465 ], [ 141.0900931, 41.2094665 ], [ 141.0899131, 41.2092965 ], [ 141.0897831, 41.2091765 ], [ 141.0896031, 41.2089765 ], [ 141.0894331, 41.2087965 ], [ 141.0893731, 41.2087265 ], [ 141.0892431, 41.2085765 ], [ 141.0889331, 41.2082565 ], [ 141.0887331, 41.2080465 ], [ 141.0883731, 41.2078065 ], [ 141.0882031, 41.2076665 ], [ 141.0880931, 41.2075765 ], [ 141.0879531, 41.2074565 ], [ 141.0877531, 41.2072665 ], [ 141.0875131, 41.2070465 ], [ 141.0872131, 41.2068365 ], [ 141.0869931, 41.2067165 ], [ 141.0866331, 41.2065665 ], [ 141.0865131, 41.2065065 ], [ 141.0860031, 41.2062665 ], [ 141.0856331, 41.2060865 ], [ 141.0852231, 41.2057965 ], [ 141.0847531, 41.2056265 ], [ 141.0845132, 41.2055465 ], [ 141.0842532, 41.2054965 ], [ 141.0840732, 41.2054565 ], [ 141.0840132, 41.2054465 ], [ 141.0832732, 41.2052465 ], [ 141.0831132, 41.2052065 ], [ 141.0821832, 41.2049565 ], [ 141.0814132, 41.2047765 ], [ 141.0811632, 41.2047365 ], [ 141.0809432, 41.2047065 ], [ 141.0805932, 41.2046565 ], [ 141.0803032, 41.2046165 ], [ 141.0799732, 41.2045465 ], [ 141.0798232, 41.2045065 ], [ 141.0796732, 41.2044565 ], [ 141.0794532, 41.2043665 ], [ 141.0789432, 41.2041165 ], [ 141.0784532, 41.2038365 ], [ 141.0778232, 41.2034165 ], [ 141.0759332, 41.2021265 ], [ 141.0756032, 41.2019065 ], [ 141.0750032, 41.2014965 ], [ 141.0745932, 41.2012265 ], [ 141.0739632, 41.2007065 ], [ 141.0731332, 41.1999965 ], [ 141.0730832, 41.1999565 ], [ 141.0728932, 41.1997865 ], [ 141.0721332, 41.1991565 ], [ 141.0712232, 41.1984065 ], [ 141.0711132, 41.1982165 ], [ 141.0709632, 41.1979965 ], [ 141.0705332, 41.1976165 ], [ 141.0699532, 41.1971365 ], [ 141.0693932, 41.1966665 ], [ 141.0689632, 41.1962765 ], [ 141.0687632, 41.1960965 ], [ 141.0685232, 41.1958865 ], [ 141.0678532, 41.1952265 ], [ 141.0675032, 41.1948765 ], [ 141.0672532, 41.1946265 ], [ 141.0670332, 41.1943865 ], [ 141.0668732, 41.1941765 ], [ 141.0668032, 41.1941065 ], [ 141.0666332, 41.1939665 ], [ 141.0661932, 41.1936365 ], [ 141.0657032, 41.1932965 ], [ 141.0651732, 41.1929065 ], [ 141.0649932, 41.1927665 ], [ 141.0644132, 41.1923765 ], [ 141.0641432, 41.1921765 ], [ 141.0634132, 41.1916665 ], [ 141.0631032, 41.1914565 ], [ 141.0629932, 41.1913865 ], [ 141.0626832, 41.1911565 ], [ 141.0615932, 41.1904065 ], [ 141.0615632, 41.1903965 ], [ 141.0613332, 41.1902465 ], [ 141.0610832, 41.1901865 ], [ 141.0601642, 41.1900315 ], [ 141.0593442, 41.1899915 ], [ 141.0589232, 41.1898565 ], [ 141.0583332, 41.1895365 ], [ 141.0582832, 41.1895065 ], [ 141.0579932, 41.1893365 ], [ 141.0574232, 41.1889765 ], [ 141.0573032, 41.1889065 ], [ 141.0571232, 41.1888065 ], [ 141.0567532, 41.1886865 ], [ 141.0558232, 41.1884765 ], [ 141.0554832, 41.1883765 ], [ 141.0545032, 41.1881565 ], [ 141.0538232, 41.1880065 ], [ 141.0533732, 41.1879065 ], [ 141.0530532, 41.1878365 ], [ 141.0529732, 41.1878165 ], [ 141.0527732, 41.1877465 ], [ 141.0517532, 41.1874065 ], [ 141.0512132, 41.1871465 ], [ 141.0509832, 41.1870465 ], [ 141.0506732, 41.1868765 ], [ 141.0502932, 41.1866565 ], [ 141.0500032, 41.1865165 ], [ 141.0498232, 41.1864265 ], [ 141.0495732, 41.1863065 ], [ 141.0492232, 41.1860965 ], [ 141.0488132, 41.1857765 ], [ 141.0486732, 41.1856965 ], [ 141.0484532, 41.1855865 ], [ 141.0482832, 41.1855365 ], [ 141.0476432, 41.1853765 ], [ 141.0474032, 41.1853265 ], [ 141.0471432, 41.1852965 ], [ 141.0469332, 41.1852965 ], [ 141.0467132, 41.1852965 ], [ 141.0456832, 41.1853565 ], [ 141.0453732, 41.1853565 ], [ 141.0451132, 41.1853765 ], [ 141.0439432, 41.1854265 ], [ 141.0436332, 41.1854365 ], [ 141.0432032, 41.1854565 ], [ 141.0430632, 41.1854765 ], [ 141.0426932, 41.1854865 ], [ 141.0416732, 41.1855665 ], [ 141.0414132, 41.1855765 ], [ 141.0409232, 41.1854665 ], [ 141.0401532, 41.1852665 ], [ 141.0399632, 41.1852065 ], [ 141.0395232, 41.1850865 ], [ 141.0394932, 41.1850765 ], [ 141.0392732, 41.1850165 ], [ 141.0392232, 41.1849965 ], [ 141.0390532, 41.1849765 ], [ 141.0388332, 41.1849865 ], [ 141.0381432, 41.1851165 ], [ 141.0372632, 41.1852265 ], [ 141.0368832, 41.1852465 ], [ 141.0366532, 41.1852365 ], [ 141.0364032, 41.1852265 ], [ 141.0359932, 41.1851665 ], [ 141.0358332, 41.1851665 ], [ 141.0356832, 41.1851765 ], [ 141.0351332, 41.1851665 ], [ 141.0350132, 41.1851565 ], [ 141.0348332, 41.1851565 ], [ 141.0346332, 41.1851765 ], [ 141.0344332, 41.1852765 ], [ 141.0337032, 41.1855965 ], [ 141.0333332, 41.1857565 ], [ 141.0329632, 41.1859265 ], [ 141.0320732, 41.1863265 ], [ 141.0312432, 41.1866965 ], [ 141.0307532, 41.1868665 ], [ 141.0304732, 41.1869665 ], [ 141.0302832, 41.1870365 ], [ 141.0300132, 41.1871365 ], [ 141.0298632, 41.1872165 ], [ 141.0297232, 41.1873165 ], [ 141.0293432, 41.1877065 ], [ 141.0291032, 41.1879765 ], [ 141.0289132, 41.1881265 ], [ 141.0286732, 41.1882965 ], [ 141.0275232, 41.1889665 ], [ 141.0255832, 41.1900965 ], [ 141.0251232, 41.1903565 ], [ 141.0250032, 41.1904265 ], [ 141.0246632, 41.1906265 ], [ 141.0245732, 41.1906665 ], [ 141.0242932, 41.1908265 ], [ 141.0241632, 41.1908665 ], [ 141.0239632, 41.1909265 ], [ 141.0237432, 41.1910165 ], [ 141.0232432, 41.1912465 ], [ 141.0226532, 41.1915565 ], [ 141.0224532, 41.1916665 ], [ 141.0218932, 41.1919465 ], [ 141.0217232, 41.1921065 ], [ 141.0215032, 41.1923265 ], [ 141.0214632, 41.1923665 ], [ 141.0213132, 41.1924965 ], [ 141.0211532, 41.1926165 ], [ 141.0205032, 41.1929965 ], [ 141.0193132, 41.1937165 ], [ 141.0191932, 41.1937965 ], [ 141.0179532, 41.1945565 ], [ 141.0172532, 41.1949765 ], [ 141.0166132, 41.1953765 ], [ 141.0158332, 41.1958465 ], [ 141.0155132, 41.1960465 ], [ 141.0154032, 41.1961165 ], [ 141.0150432, 41.1963065 ], [ 141.0148232, 41.1964065 ], [ 141.0145632, 41.1965065 ], [ 141.0143432, 41.1965865 ], [ 141.0142232, 41.1966165 ], [ 141.0139132, 41.1966765 ], [ 141.0134932, 41.1968065 ], [ 141.0130032, 41.1969965 ], [ 141.0117632, 41.1973965 ], [ 141.0111332, 41.1975465 ], [ 141.0109632, 41.1975965 ], [ 141.0104332, 41.1977365 ], [ 141.0101532, 41.1978165 ], [ 141.0096332, 41.1979265 ], [ 141.0095332, 41.1979465 ], [ 141.0090032, 41.1980565 ], [ 141.0088432, 41.1980765 ], [ 141.0086432, 41.1981165 ], [ 141.0083732, 41.1981365 ], [ 141.0079932, 41.1981465 ], [ 141.0077232, 41.1981465 ], [ 141.0067332, 41.1981465 ], [ 141.0058032, 41.1981065 ], [ 141.0054432, 41.1980865 ], [ 141.0053532, 41.1980865 ], [ 141.0052632, 41.1980765 ], [ 141.0047332, 41.1981065 ], [ 141.0034432, 41.1981865 ], [ 141.0029632, 41.1981765 ], [ 141.0028432, 41.1981665 ], [ 141.0027632, 41.1981565 ], [ 141.0018732, 41.1979765 ], [ 141.0000032, 41.1976465 ], [ 140.9999032, 41.1976365 ], [ 140.9997632, 41.1976065 ], [ 140.9994832, 41.1975465 ], [ 140.9992032, 41.1974765 ], [ 140.9988332, 41.1973665 ], [ 140.9985432, 41.1972665 ], [ 140.9983732, 41.1972065 ], [ 140.9982632, 41.1971565 ], [ 140.9980032, 41.1970565 ], [ 140.9978632, 41.1970265 ], [ 140.9976732, 41.1969965 ], [ 140.9964432, 41.1969965 ], [ 140.9959532, 41.1969965 ], [ 140.9958332, 41.1970065 ], [ 140.9952832, 41.1970165 ], [ 140.9951533, 41.1970365 ], [ 140.9939433, 41.1972765 ], [ 140.9936833, 41.1973265 ], [ 140.9938633, 41.1978265 ], [ 140.9933432, 41.1979765 ], [ 140.9928632, 41.1981465 ], [ 140.9923732, 41.1983165 ], [ 140.9919133, 41.1984965 ], [ 140.9917033, 41.1985765 ], [ 140.9916732, 41.1985865 ], [ 140.9907933, 41.1989065 ], [ 140.9906533, 41.1989665 ], [ 140.9905232, 41.1990166 ], [ 140.9901833, 41.1991366 ], [ 140.9898833, 41.1992566 ], [ 140.9897232, 41.1993166 ], [ 140.9895433, 41.1993666 ], [ 140.9892332, 41.1994666 ], [ 140.9890133, 41.1994966 ], [ 140.9882333, 41.1995666 ], [ 140.9881733, 41.1995666 ], [ 140.9879733, 41.1995966 ], [ 140.9876733, 41.1996066 ], [ 140.9876033, 41.1996066 ], [ 140.9875433, 41.1996166 ], [ 140.9866833, 41.1996466 ], [ 140.9866233, 41.1996466 ], [ 140.9863333, 41.1996366 ], [ 140.9861333, 41.1996166 ], [ 140.9858833, 41.1995766 ], [ 140.9858233, 41.1995666 ], [ 140.9855833, 41.1995366 ], [ 140.9852833, 41.1994866 ], [ 140.9848833, 41.1994866 ], [ 140.9842033, 41.1995566 ], [ 140.9835933, 41.1995766 ], [ 140.9833633, 41.1995766 ], [ 140.9832133, 41.1995766 ], [ 140.9825633, 41.1995666 ], [ 140.9820533, 41.1995266 ], [ 140.9815733, 41.1994566 ], [ 140.9806033, 41.1992966 ], [ 140.9804833, 41.1992766 ], [ 140.9802333, 41.1992166 ], [ 140.9801233, 41.1991966 ], [ 140.9795333, 41.1990666 ], [ 140.9792933, 41.1989966 ], [ 140.9789133, 41.1989066 ], [ 140.9784433, 41.1988066 ], [ 140.9780833, 41.1987166 ], [ 140.9778233, 41.1986566 ], [ 140.9773633, 41.1984966 ], [ 140.9771833, 41.1984066 ], [ 140.9769433, 41.1982666 ], [ 140.9768133, 41.1981566 ], [ 140.9767333, 41.1980666 ], [ 140.9765633, 41.1977066 ], [ 140.9765433, 41.1976466 ], [ 140.9765133, 41.1975666 ], [ 140.9764033, 41.1974166 ], [ 140.9763033, 41.1973566 ], [ 140.9753933, 41.1970666 ], [ 140.9751933, 41.1969566 ], [ 140.9750933, 41.1968466 ], [ 140.9750033, 41.1967766 ], [ 140.9747733, 41.1965666 ], [ 140.9745433, 41.1964266 ], [ 140.9744533, 41.1963966 ], [ 140.9743033, 41.1963366 ], [ 140.9735633, 41.1962466 ], [ 140.9728933, 41.1961666 ], [ 140.9726233, 41.1960866 ], [ 140.9722833, 41.1959566 ], [ 140.9719333, 41.1958166 ], [ 140.9714133, 41.1955466 ], [ 140.9713133, 41.1954966 ], [ 140.9703534, 41.1950066 ], [ 140.9692734, 41.1944666 ], [ 140.9690434, 41.1943566 ], [ 140.9687734, 41.1942266 ], [ 140.9684634, 41.1940766 ], [ 140.9681934, 41.1939366 ], [ 140.9678234, 41.1936866 ], [ 140.9674434, 41.1934366 ], [ 140.9670634, 41.1931666 ], [ 140.9666734, 41.1929166 ], [ 140.9663334, 41.1926966 ], [ 140.9655034, 41.1922266 ], [ 140.9650634, 41.1919766 ], [ 140.9644834, 41.1916666 ], [ 140.9643234, 41.1915866 ], [ 140.9639734, 41.1914066 ], [ 140.9638934, 41.1913466 ], [ 140.9637034, 41.1911366 ], [ 140.9636434, 41.1910666 ], [ 140.9630234, 41.1903666 ], [ 140.9629334, 41.1902666 ], [ 140.9628434, 41.1901966 ], [ 140.9627534, 41.1901566 ], [ 140.9623734, 41.1900466 ], [ 140.9622834, 41.1900366 ], [ 140.9620834, 41.1899866 ], [ 140.9619734, 41.1899466 ], [ 140.9617734, 41.1898266 ], [ 140.9615534, 41.1897166 ], [ 140.9610334, 41.1894466 ], [ 140.9609434, 41.1893966 ], [ 140.9605714, 41.1891922 ], [ 140.9602914, 41.1890722 ], [ 140.9598314, 41.1887922 ], [ 140.9595614, 41.1886122 ], [ 140.9592814, 41.1884322 ], [ 140.9589314, 41.1882122 ], [ 140.9583714, 41.1878422 ], [ 140.9581915, 41.1877122 ], [ 140.9581415, 41.1876822 ], [ 140.9580415, 41.1875822 ], [ 140.9567885, 41.1861096 ], [ 140.9566885, 41.1859896 ], [ 140.9565005, 41.1857639 ], [ 140.9564905, 41.1857339 ], [ 140.9564505, 41.1855839 ], [ 140.9564405, 41.1854239 ], [ 140.9565334, 41.1841066 ], [ 140.9565334, 41.1838466 ], [ 140.9564834, 41.1836966 ], [ 140.9563034, 41.1833166 ], [ 140.9562134, 41.1831766 ], [ 140.9559234, 41.1828466 ], [ 140.9548634, 41.1819165 ], [ 140.9538435, 41.1809965 ], [ 140.9533035, 41.1805765 ], [ 140.9531435, 41.1804765 ], [ 140.9519235, 41.1796065 ], [ 140.9517535, 41.1794565 ], [ 140.9517035, 41.1793665 ], [ 140.9514735, 41.1788065 ], [ 140.9512835, 41.1783765 ], [ 140.9512035, 41.1782265 ], [ 140.9511035, 41.1781165 ], [ 140.9508535, 41.1778965 ], [ 140.9505435, 41.1777065 ], [ 140.9503035, 41.1775765 ], [ 140.9500335, 41.1774265 ], [ 140.9499435, 41.1773765 ], [ 140.9496135, 41.1772165 ], [ 140.9493135, 41.1771565 ], [ 140.9482935, 41.1770565 ], [ 140.9481735, 41.1770465 ], [ 140.9481135, 41.1770365 ], [ 140.9469735, 41.1769365 ], [ 140.9458735, 41.1768265 ], [ 140.9439735, 41.1766465 ], [ 140.9434535, 41.1765965 ], [ 140.9420435, 41.1763665 ], [ 140.9415635, 41.1762765 ], [ 140.9411535, 41.1762065 ], [ 140.9401535, 41.1760465 ], [ 140.9399735, 41.1760266 ], [ 140.9396035, 41.1760466 ], [ 140.9389635, 41.1761866 ], [ 140.9388535, 41.1762166 ], [ 140.9385335, 41.1762866 ], [ 140.9382835, 41.1762632 ], [ 140.9380635, 41.1762732 ], [ 140.9378835, 41.1762632 ], [ 140.9373035, 41.1762132 ], [ 140.9370535, 41.1761832 ], [ 140.9360035, 41.1760932 ], [ 140.9351835, 41.1760232 ], [ 140.9346735, 41.1759832 ], [ 140.9342535, 41.1759432 ], [ 140.9333335, 41.1758532 ], [ 140.9332335, 41.1758432 ], [ 140.9326136, 41.1758466 ], [ 140.9325636, 41.1758366 ], [ 140.9324936, 41.1757766 ], [ 140.9324236, 41.1757266 ], [ 140.9324036, 41.1756966 ], [ 140.9323136, 41.1756066 ], [ 140.9318736, 41.1752066 ], [ 140.9315936, 41.1749966 ], [ 140.9314236, 41.1748666 ], [ 140.9313836, 41.1748366 ], [ 140.9309736, 41.1745466 ], [ 140.9308536, 41.1744366 ], [ 140.9306736, 41.1743066 ], [ 140.9304336, 41.1741766 ], [ 140.9303236, 41.1740966 ], [ 140.9302336, 41.1740066 ], [ 140.9301436, 41.1738866 ], [ 140.9300536, 41.1737966 ], [ 140.9299336, 41.1737066 ], [ 140.9298436, 41.1736766 ], [ 140.9297236, 41.1736466 ], [ 140.9296036, 41.1736466 ], [ 140.9293936, 41.1736766 ], [ 140.9289536, 41.1738266 ], [ 140.9287436, 41.1739166 ], [ 140.9275836, 41.1744366 ], [ 140.9271636, 41.1745766 ], [ 140.9267236, 41.1747166 ], [ 140.9260536, 41.1749266 ], [ 140.9258436, 41.1749966 ], [ 140.9256436, 41.1750566 ], [ 140.9253636, 41.1751466 ], [ 140.9249636, 41.1752766 ], [ 140.9249136, 41.1752866 ], [ 140.9246136, 41.1753866 ], [ 140.9242736, 41.1754866 ], [ 140.9238036, 41.1755766 ], [ 140.9232036, 41.1756766 ], [ 140.9227636, 41.1757366 ], [ 140.9225336, 41.1757566 ], [ 140.9220736, 41.1757966 ], [ 140.9213936, 41.1758466 ], [ 140.9212236, 41.1758566 ], [ 140.9202936, 41.1759266 ], [ 140.9185236, 41.1761166 ], [ 140.9183736, 41.1761266 ], [ 140.9166736, 41.1761766 ], [ 140.9165636, 41.1761766 ], [ 140.9162936, 41.1761366 ], [ 140.9161436, 41.1761166 ], [ 140.9152936, 41.1759466 ], [ 140.9148936, 41.1758466 ], [ 140.9131536, 41.1754966 ], [ 140.9121036, 41.1752766 ], [ 140.9117936, 41.1751766 ], [ 140.9116936, 41.1751366 ], [ 140.9113436, 41.1749966 ], [ 140.9097736, 41.1743566 ], [ 140.9094836, 41.1742366 ], [ 140.9092436, 41.1741366 ], [ 140.9092236, 41.1741266 ], [ 140.9091036, 41.1740666 ], [ 140.9088736, 41.1739366 ], [ 140.9083336, 41.1735966 ], [ 140.9081536, 41.1734566 ], [ 140.9081236, 41.1734466 ], [ 140.9079136, 41.1733066 ], [ 140.9068637, 41.1725966 ], [ 140.9067537, 41.1725266 ], [ 140.9062437, 41.1721866 ], [ 140.9058837, 41.1718466 ], [ 140.9057637, 41.1717166 ], [ 140.9051337, 41.1710966 ], [ 140.9049837, 41.1709566 ], [ 140.9048537, 41.1707966 ], [ 140.9047437, 41.1706066 ], [ 140.9046637, 41.1704166 ], [ 140.9046337, 41.1702466 ], [ 140.9046037, 41.1700266 ], [ 140.9045637, 41.1698566 ], [ 140.9045137, 41.1697766 ], [ 140.9043737, 41.1695232 ], [ 140.9039937, 41.1692332 ], [ 140.9036253, 41.1688389 ], [ 140.9034653, 41.1686889 ], [ 140.9033753, 41.1685989 ], [ 140.9032053, 41.1684889 ], [ 140.9030653, 41.1684389 ], [ 140.9030053, 41.1684289 ], [ 140.9023037, 41.1683132 ], [ 140.9020737, 41.1682632 ], [ 140.9011737, 41.1681066 ], [ 140.9010837, 41.1680866 ], [ 140.9010237, 41.1680866 ], [ 140.9010137, 41.1680866 ], [ 140.9009537, 41.1680966 ], [ 140.9008537, 41.1681866 ], [ 140.9008137, 41.1682066 ], [ 140.9007737, 41.1682166 ], [ 140.9007137, 41.1682166 ], [ 140.9006537, 41.1681966 ], [ 140.9000037, 41.1680266 ], [ 140.8996137, 41.1679166 ], [ 140.8986537, 41.1676666 ], [ 140.8985437, 41.1676366 ], [ 140.8978237, 41.1674366 ], [ 140.8967437, 41.1671566 ], [ 140.8965637, 41.1670666 ], [ 140.8964037, 41.1669666 ], [ 140.8962037, 41.1668166 ], [ 140.8960137, 41.1666766 ], [ 140.8959537, 41.1666366 ], [ 140.8959137, 41.1666166 ], [ 140.8958437, 41.1665666 ], [ 140.8957837, 41.1665366 ], [ 140.8956537, 41.1664766 ], [ 140.8954637, 41.1663866 ], [ 140.8944837, 41.1659466 ], [ 140.8942237, 41.1658166 ], [ 140.8940637, 41.1656966 ], [ 140.8936937, 41.1652566 ], [ 140.8935337, 41.1650766 ], [ 140.8932937, 41.1648866 ], [ 140.8929237, 41.1647266 ], [ 140.8926237, 41.1646466 ], [ 140.8924737, 41.1646266 ], [ 140.8922083, 41.1645796 ], [ 140.8919783, 41.1646196 ], [ 140.8917783, 41.1646296 ], [ 140.8916483, 41.1646296 ], [ 140.8914283, 41.1646296 ], [ 140.8908683, 41.1646296 ], [ 140.8894683, 41.1647196 ], [ 140.8883583, 41.1647796 ], [ 140.8881337, 41.1648666 ], [ 140.8876837, 41.1650466 ], [ 140.8876437, 41.1650566 ], [ 140.8875537, 41.1650966 ], [ 140.8874037, 41.1651666 ], [ 140.8868437, 41.1653966 ], [ 140.8864737, 41.1655166 ], [ 140.8862737, 41.1655666 ], [ 140.8859537, 41.1656166 ], [ 140.8858437, 41.1656266 ], [ 140.8852737, 41.1656766 ], [ 140.8844637, 41.1657566 ], [ 140.8838237, 41.1658166 ], [ 140.8835437, 41.1658466 ], [ 140.8833237, 41.1658666 ], [ 140.8830937, 41.1658866 ], [ 140.8830237, 41.1658966 ], [ 140.8826637, 41.1659466 ], [ 140.8825037, 41.1659966 ], [ 140.8822937, 41.1660466 ], [ 140.8817937, 41.1662266 ], [ 140.8815837, 41.1663166 ], [ 140.8813837, 41.1664066 ], [ 140.8812137, 41.1664866 ], [ 140.8808337, 41.1666266 ], [ 140.8807537, 41.1666466 ], [ 140.8805737, 41.1666866 ], [ 140.8798037, 41.1667866 ], [ 140.8790337, 41.1668866 ], [ 140.8788237, 41.1669166 ], [ 140.8787937, 41.1669166 ], [ 140.8781937, 41.1669966 ], [ 140.8774037, 41.1670866 ], [ 140.8770337, 41.1671166 ], [ 140.8770037, 41.1671266 ], [ 140.8765537, 41.1671166 ], [ 140.8764637, 41.1671066 ], [ 140.8760637, 41.1670866 ], [ 140.8756937, 41.1670466 ], [ 140.8751437, 41.1669766 ], [ 140.8747537, 41.1669266 ], [ 140.8742337, 41.1668466 ], [ 140.8740737, 41.1668166 ], [ 140.8737937, 41.1667566 ], [ 140.8734437, 41.1664166 ], [ 140.8733037, 41.1662766 ], [ 140.8732037, 41.1662066 ], [ 140.8730737, 41.1661466 ], [ 140.8728137, 41.1660466 ], [ 140.8727337, 41.1660166 ], [ 140.8725537, 41.1659766 ], [ 140.8723737, 41.1659466 ], [ 140.8719337, 41.1659066 ], [ 140.8714537, 41.1659266 ], [ 140.8706337, 41.1659466 ], [ 140.8703737, 41.1659066 ], [ 140.8701637, 41.1658966 ], [ 140.8700637, 41.1658866 ], [ 140.8699337, 41.1658566 ], [ 140.8698237, 41.1658166 ], [ 140.8696737, 41.1657566 ], [ 140.8695537, 41.1657066 ], [ 140.8691437, 41.1654766 ], [ 140.8683137, 41.1650166 ], [ 140.8680337, 41.1648766 ], [ 140.8678137, 41.1647866 ], [ 140.8676137, 41.1647366 ], [ 140.8673337, 41.1647466 ], [ 140.8669537, 41.1647466 ], [ 140.8666537, 41.1647066 ], [ 140.8665337, 41.1646966 ], [ 140.8662737, 41.1646266 ], [ 140.8660037, 41.1645566 ], [ 140.8659137, 41.1645166 ], [ 140.8657837, 41.1644566 ], [ 140.8656937, 41.1644066 ], [ 140.8655437, 41.1642966 ], [ 140.8650337, 41.1639266 ], [ 140.8648037, 41.1637866 ], [ 140.8644737, 41.1636166 ], [ 140.8639337, 41.1633766 ], [ 140.8635237, 41.1631966 ], [ 140.8631137, 41.1629966 ], [ 140.8625737, 41.1625866 ], [ 140.8624337, 41.1624966 ], [ 140.8619037, 41.1622666 ], [ 140.8614337, 41.1621065 ], [ 140.8610637, 41.1619965 ], [ 140.8608937, 41.1619565 ], [ 140.8604937, 41.1618665 ], [ 140.8600837, 41.1618165 ], [ 140.8595337, 41.1617865 ], [ 140.8590737, 41.1617665 ], [ 140.8589437, 41.1617565 ], [ 140.8586337, 41.1617465 ], [ 140.8584437, 41.1617565 ], [ 140.8583337, 41.1617565 ], [ 140.8582137, 41.1617565 ], [ 140.8579337, 41.1617565 ], [ 140.8572737, 41.1617565 ], [ 140.8570237, 41.1617765 ], [ 140.8567337, 41.1617765 ], [ 140.8565637, 41.1617565 ], [ 140.8563737, 41.1617465 ], [ 140.8559637, 41.1617165 ], [ 140.8553237, 41.1616465 ], [ 140.8550737, 41.1616165 ], [ 140.8545637, 41.1615165 ], [ 140.8539237, 41.1613865 ], [ 140.8536537, 41.1613165 ], [ 140.8535037, 41.1611965 ], [ 140.8533737, 41.1610665 ], [ 140.8533337, 41.1610165 ], [ 140.8532637, 41.1609365 ], [ 140.8530237, 41.1605765 ], [ 140.8529137, 41.1604165 ], [ 140.8527737, 41.1602565 ], [ 140.8526637, 41.1601665 ], [ 140.8523837, 41.1599965 ], [ 140.8521837, 41.1599265 ], [ 140.8519737, 41.1598965 ], [ 140.8515937, 41.1598765 ], [ 140.8514237, 41.1598565 ], [ 140.8509237, 41.1596465 ], [ 140.8506837, 41.1595465 ], [ 140.8502637, 41.1593065 ], [ 140.8500737, 41.1592165 ], [ 140.8500037, 41.1591865 ], [ 140.8495737, 41.1590265 ], [ 140.8492837, 41.1589465 ], [ 140.8491537, 41.1589165 ], [ 140.8487137, 41.1587665 ], [ 140.8485437, 41.1587065 ], [ 140.8480437, 41.1583265 ], [ 140.8479737, 41.1582665 ], [ 140.8465437, 41.1571565 ], [ 140.8461337, 41.1568165 ], [ 140.8460537, 41.1566865 ], [ 140.8460337, 41.1566465 ], [ 140.8459937, 41.1565665 ], [ 140.8459537, 41.1563465 ], [ 140.8459337, 41.1559765 ], [ 140.8459237, 41.1558965 ], [ 140.8458737, 41.1558065 ], [ 140.8457337, 41.1556165 ], [ 140.8454137, 41.1552565 ], [ 140.8449637, 41.1548565 ], [ 140.8448137, 41.1547565 ], [ 140.8446737, 41.1546865 ], [ 140.8444437, 41.1546165 ], [ 140.8438237, 41.1545365 ], [ 140.8434537, 41.1544765 ], [ 140.8430537, 41.1543865 ], [ 140.8427537, 41.1543765 ], [ 140.8426237, 41.1543365 ], [ 140.8425537, 41.1542965 ], [ 140.8425037, 41.1542665 ], [ 140.8423537, 41.1540065 ], [ 140.8422537, 41.1538865 ], [ 140.8420037, 41.1537165 ], [ 140.8417037, 41.1535665 ], [ 140.8416737, 41.1535465 ], [ 140.8414537, 41.1534165 ], [ 140.8413037, 41.1532265 ], [ 140.8411937, 41.1531365 ], [ 140.8408737, 41.1530565 ], [ 140.8406637, 41.1530165 ], [ 140.8403737, 41.1529365 ], [ 140.8402037, 41.1528565 ], [ 140.8401437, 41.1527965 ], [ 140.8401037, 41.1525965 ], [ 140.8400737, 41.1525365 ], [ 140.8399537, 41.1523965 ], [ 140.8397937, 41.1523165 ], [ 140.8396837, 41.1522665 ], [ 140.8395437, 41.1522465 ], [ 140.8393137, 41.1521865 ], [ 140.8391637, 41.1521465 ], [ 140.8390437, 41.1520865 ], [ 140.8388337, 41.1518765 ], [ 140.8386137, 41.1516865 ], [ 140.8383737, 41.1515165 ], [ 140.8382537, 41.1514765 ], [ 140.8376837, 41.1513465 ], [ 140.8368837, 41.1512165 ], [ 140.8365937, 41.1511465 ], [ 140.8364937, 41.1511065 ], [ 140.8359937, 41.1508265 ], [ 140.8358837, 41.1507865 ], [ 140.8353837, 41.1506565 ], [ 140.8351937, 41.1506065 ], [ 140.8348937, 41.1505265 ], [ 140.8341337, 41.1503265 ], [ 140.8337137, 41.1502065 ], [ 140.8335537, 41.1501565 ], [ 140.8333337, 41.1500765 ], [ 140.8331337, 41.1499965 ], [ 140.8329937, 41.1499465 ], [ 140.8329137, 41.1499065 ], [ 140.8327037, 41.1498165 ], [ 140.8319637, 41.1495165 ], [ 140.8318037, 41.1494165 ], [ 140.8311637, 41.1488465 ], [ 140.8310137, 41.1486465 ], [ 140.8308837, 41.1483665 ], [ 140.8307837, 41.1480765 ], [ 140.8307337, 41.1479265 ], [ 140.8306637, 41.1477765 ], [ 140.8306137, 41.1477465 ], [ 140.8304737, 41.1477065 ], [ 140.8301137, 41.1476265 ], [ 140.8300237, 41.1476165 ], [ 140.8297137, 41.1475465 ], [ 140.8296037, 41.1474965 ], [ 140.8294837, 41.1474165 ], [ 140.8292237, 41.1472265 ], [ 140.8291237, 41.1471665 ], [ 140.8288137, 41.1468965 ], [ 140.8283537, 41.1465265 ], [ 140.8283237, 41.1464865 ], [ 140.8282599, 41.1464565 ] ] } },
{ "type": "Feature", "properties": { "N12_001": "02", "N12_002": 2, "N12_003": 3, "N12_004": "一般国道338号", "N12_005": 14, "N12_006": 6 }, "geometry": { "type": "LineString", "coordinates": [ [ 140.8579032, 41.4304717 ], [ 140.8579732, 41.4304967 ], [ 140.8580032, 41.4305067 ], [ 140.8580532, 41.4305367 ], [ 140.8582832, 41.4307067 ], [ 140.8583132, 41.4307267 ], [ 140.8583832, 41.4307867 ], [ 140.8584932, 41.4308467 ], [ 140.8587232, 41.4309668 ], [ 140.8589032, 41.4310368 ], [ 140.8591432, 41.4311168 ], [ 140.8594532, 41.4311968 ], [ 140.8596232, 41.4312368 ], [ 140.8596632, 41.4312468 ], [ 140.8597432, 41.4312768 ], [ 140.8598232, 41.4313268 ], [ 140.8598632, 41.4313568 ], [ 140.8599732, 41.4314368 ], [ 140.8600932, 41.4314868 ], [ 140.8602132, 41.4315368 ], [ 140.8604532, 41.4315768 ], [ 140.8605432, 41.4315968 ], [ 140.8611832, 41.4317168 ], [ 140.8624232, 41.4319468 ], [ 140.8622932, 41.4323668 ], [ 140.8628632, 41.4325368 ], [ 140.8632032, 41.4327568 ], [ 140.8637932, 41.4331468 ], [ 140.8642332, 41.4329168 ], [ 140.8643832, 41.4328368 ], [ 140.8648332, 41.4326768 ], [ 140.8649032, 41.4326468 ], [ 140.8651032, 41.4326068 ], [ 140.8652032, 41.4325968 ], [ 140.8652632, 41.4326168 ], [ 140.8653232, 41.4326368 ], [ 140.8654732, 41.4327268 ], [ 140.8655532, 41.4327668 ], [ 140.8656032, 41.4327968 ], [ 140.8659032, 41.4329668 ], [ 140.8656232, 41.4332968 ], [ 140.8654532, 41.4334468 ], [ 140.8653032, 41.4335968 ], [ 140.8652532, 41.4336668 ], [ 140.8652532, 41.4337268 ], [ 140.8652632, 41.4337668 ], [ 140.8652832, 41.4338168 ], [ 140.8653232, 41.4338768 ], [ 140.8654432, 41.4341268 ], [ 140.8655132, 41.4342868 ], [ 140.8655332, 41.4343368 ], [ 140.8656932, 41.4348668 ], [ 140.8657532, 41.4349868 ], [ 140.8657932, 41.4350668 ], [ 140.8658632, 41.4351268 ], [ 140.8658932, 41.4351468 ], [ 140.8659532, 41.4351668 ], [ 140.8659932, 41.4351768 ], [ 140.8661332, 41.4352368 ], [ 140.8661932, 41.4352768 ], [ 140.8663032, 41.4353368 ], [ 140.8664532, 41.4354168 ], [ 140.8665332, 41.4354568 ], [ 140.8666432, 41.4355168 ], [ 140.8667132, 41.4355568 ], [ 140.8668432, 41.4356568 ], [ 140.8669532, 41.4357768 ], [ 140.8670832, 41.4359268 ], [ 140.8673032, 41.4361768 ], [ 140.8673832, 41.4362668 ], [ 140.8674732, 41.4363768 ], [ 140.8676432, 41.4365168 ], [ 140.8677832, 41.4366168 ], [ 140.8680332, 41.4367368 ], [ 140.8684232, 41.4369468 ], [ 140.8686932, 41.4370868 ], [ 140.8690732, 41.4372968 ], [ 140.8692232, 41.4373868 ], [ 140.8694332, 41.4375268 ], [ 140.8695232, 41.4376368 ], [ 140.8695732, 41.4377368 ], [ 140.8696332, 41.4379468 ], [ 140.8697332, 41.4383868 ], [ 140.8698532, 41.4389868 ], [ 140.8699432, 41.4394268 ], [ 140.8700632, 41.4399068 ], [ 140.8701832, 41.4403068 ], [ 140.8702532, 41.4405968 ], [ 140.8703232, 41.4408768 ], [ 140.8704632, 41.4412668 ], [ 140.8706232, 41.4416668 ], [ 140.8707632, 41.4420068 ], [ 140.8708932, 41.4422568 ], [ 140.8710532, 41.4425668 ], [ 140.8712132, 41.4428668 ], [ 140.8714432, 41.4432868 ], [ 140.8715332, 41.4434768 ], [ 140.8716632, 41.4436968 ], [ 140.8719032, 41.4441468 ], [ 140.8720832, 41.4445068 ], [ 140.8724232, 41.4451768 ], [ 140.8727032, 41.4457368 ], [ 140.8731432, 41.4465768 ], [ 140.8734432, 41.4471268 ], [ 140.8738332, 41.4478068 ], [ 140.8741632, 41.4484268 ], [ 140.8743532, 41.4487568 ], [ 140.8747832, 41.4495268 ], [ 140.8748132, 41.4495668 ], [ 140.8749132, 41.4497268 ], [ 140.8750332, 41.4498668 ], [ 140.8751032, 41.4499568 ], [ 140.8753432, 41.4502568 ], [ 140.8756132, 41.4506068 ], [ 140.8757032, 41.4507368 ], [ 140.8761132, 41.4512768 ], [ 140.8762032, 41.4513668 ], [ 140.8765432, 41.4516068 ], [ 140.8767232, 41.4517068 ], [ 140.8768532, 41.4517368 ], [ 140.8776432, 41.4518368 ], [ 140.8779132, 41.4519068 ], [ 140.8780132, 41.4519468 ], [ 140.8781932, 41.4520668 ], [ 140.8785432, 41.4523668 ], [ 140.8788032, 41.4525968 ], [ 140.8792432, 41.4529768 ], [ 140.8793332, 41.4530768 ], [ 140.8794432, 41.4532168 ], [ 140.8795732, 41.4535168 ], [ 140.8797932, 41.4539968 ], [ 140.8799932, 41.4543468 ], [ 140.8800932, 41.4545668 ], [ 140.8801232, 41.4546668 ], [ 140.8801232, 41.4550168 ], [ 140.8801232, 41.4556168 ], [ 140.8801432, 41.4561568 ], [ 140.8801532, 41.4561968 ], [ 140.8801632, 41.4562868 ], [ 140.8802132, 41.4567968 ], [ 140.8802732, 41.4571768 ], [ 140.8803332, 41.4573168 ], [ 140.8806032, 41.4576968 ], [ 140.8810932, 41.4583068 ], [ 140.8811132, 41.4583268 ], [ 140.8816832, 41.4589268 ], [ 140.8817232, 41.4589568 ], [ 140.8818032, 41.4590268 ], [ 140.8820132, 41.4592068 ], [ 140.8825232, 41.4595168 ], [ 140.8829832, 41.4596868 ], [ 140.8831532, 41.4597468 ], [ 140.8833332, 41.4597868 ], [ 140.8836232, 41.4598668 ], [ 140.8838332, 41.4599468 ], [ 140.8839932, 41.4600268 ], [ 140.8842532, 41.4602068 ], [ 140.8848532, 41.4606168 ], [ 140.8851632, 41.4608468 ], [ 140.8852832, 41.4610068 ], [ 140.8853932, 41.4611668 ], [ 140.8855132, 41.4613168 ], [ 140.8856632, 41.4614468 ], [ 140.8857632, 41.4615368 ], [ 140.8858632, 41.4616968 ], [ 140.8859132, 41.4618468 ], [ 140.8860032, 41.4621768 ], [ 140.8865332, 41.4641168 ], [ 140.8869232, 41.4655568 ], [ 140.8869332, 41.4656168 ], [ 140.8870932, 41.4661968 ], [ 140.8872432, 41.4667268 ], [ 140.8872632, 41.4667868 ], [ 140.8873531, 41.4670068 ], [ 140.8875231, 41.4672768 ], [ 140.8876531, 41.4674168 ], [ 140.8879531, 41.4676868 ], [ 140.8881431, 41.4678268 ], [ 140.8882831, 41.4678968 ], [ 140.8884531, 41.4679669 ], [ 140.8889031, 41.4680869 ], [ 140.8893431, 41.4681469 ], [ 140.8899131, 41.4682068 ], [ 140.8900931, 41.4682468 ], [ 140.8903631, 41.4683769 ], [ 140.8907131, 41.4685869 ], [ 140.8909931, 41.4686869 ], [ 140.8915031, 41.4688969 ], [ 140.8916731, 41.4689969 ], [ 140.8917531, 41.4690469 ], [ 140.8918731, 41.4691469 ], [ 140.8919131, 41.4692269 ], [ 140.8919831, 41.4693869 ], [ 140.8920231, 41.4695569 ], [ 140.8920831, 41.4698669 ], [ 140.8921631, 41.4702369 ], [ 140.8922131, 41.4704569 ], [ 140.8922231, 41.4705569 ], [ 140.8923731, 41.4711869 ], [ 140.8924531, 41.4714769 ], [ 140.8925531, 41.4719169 ], [ 140.8926631, 41.4720969 ], [ 140.8927931, 41.4722269 ], [ 140.8937031, 41.4729669 ], [ 140.8945731, 41.4737269 ], [ 140.8946631, 41.4738169 ], [ 140.8948531, 41.4741069 ], [ 140.8949231, 41.4742569 ], [ 140.8951031, 41.4746769 ], [ 140.8951531, 41.4747669 ], [ 140.8952931, 41.4748769 ], [ 140.8954431, 41.4749269 ], [ 140.8956231, 41.4749669 ], [ 140.8957631, 41.4749969 ], [ 140.8962231, 41.4750869 ], [ 140.8965231, 41.4751169 ], [ 140.8968031, 41.4751869 ], [ 140.8969731, 41.4752669 ], [ 140.8970831, 41.4753369 ], [ 140.8977231, 41.4758669 ], [ 140.8978931, 41.4759669 ], [ 140.8983231, 41.4761369 ], [ 140.8985031, 41.4761769 ], [ 140.8987431, 41.4762169 ], [ 140.8993731, 41.4762769 ], [ 140.8995331, 41.4762969 ], [ 140.8996731, 41.4763269 ], [ 140.8997831, 41.4763669 ], [ 140.8999231, 41.4764869 ], [ 140.9000031, 41.4765769 ], [ 140.9000431, 41.4766269 ], [ 140.9007131, 41.4780569 ], [ 140.9009231, 41.4786169 ], [ 140.9010031, 41.4787469 ], [ 140.9015831, 41.4795169 ], [ 140.9020431, 41.4801569 ], [ 140.9022131, 41.4804769 ], [ 140.9023931, 41.4808169 ], [ 140.9025531, 41.4811469 ], [ 140.9026631, 41.4814369 ], [ 140.9027131, 41.4817269 ], [ 140.9028131, 41.4820369 ], [ 140.9032331, 41.4829869 ], [ 140.9033231, 41.4832369 ], [ 140.9033431, 41.4833269 ], [ 140.9033531, 41.4833769 ], [ 140.9033931, 41.4841069 ], [ 140.9034331, 41.4843669 ], [ 140.9035031, 41.4846269 ], [ 140.9035431, 41.4847869 ], [ 140.9036031, 41.4849969 ], [ 140.9039531, 41.4862269 ], [ 140.9040931, 41.4867269 ], [ 140.9041531, 41.4869669 ], [ 140.9043931, 41.4878169 ], [ 140.9046331, 41.4886769 ], [ 140.9046431, 41.4887469 ], [ 140.9047231, 41.4890969 ], [ 140.9048231, 41.4896269 ], [ 140.9049531, 41.4903269 ], [ 140.9049731, 41.4904169 ], [ 140.9051931, 41.4910069 ], [ 140.9052631, 41.4911269 ], [ 140.9053831, 41.4912669 ], [ 140.9059031, 41.4916669 ], [ 140.9059431, 41.4916969 ], [ 140.9063031, 41.4919469 ], [ 140.9063531, 41.4919769 ], [ 140.9067182, 41.4920909 ], [ 140.9067982, 41.4921109 ], [ 140.9071382, 41.4920609 ], [ 140.9073682, 41.4920509 ], [ 140.9074282, 41.4920509 ], [ 140.9076982, 41.4920609 ], [ 140.9078582, 41.4920909 ], [ 140.9078882, 41.4921209 ], [ 140.9079582, 41.4921809 ], [ 140.9084282, 41.4925109 ], [ 140.9087582, 41.4927509 ], [ 140.909026, 41.4929767 ], [ 140.909326, 41.4932167 ], [ 140.909406, 41.4932867 ], [ 140.9094931, 41.4937069 ], [ 140.9094931, 41.4938569 ], [ 140.9095131, 41.4940769 ], [ 140.9095331, 41.4943069 ], [ 140.9095531, 41.4945169 ], [ 140.9095731, 41.4948469 ], [ 140.9095931, 41.4951169 ], [ 140.9096031, 41.4956169 ], [ 140.9094631, 41.4962569 ], [ 140.9092931, 41.4968669 ], [ 140.9091631, 41.4971369 ], [ 140.9090631, 41.4973069 ], [ 140.9088731, 41.4975069 ], [ 140.9086031, 41.4976969 ], [ 140.9082931, 41.4979169 ], [ 140.9082431, 41.4979569 ], [ 140.9081031, 41.4980869 ], [ 140.9080031, 41.4982169 ], [ 140.9079431, 41.4983269 ], [ 140.9078831, 41.4984569 ], [ 140.9078831, 41.4986569 ], [ 140.9079431, 41.4990069 ], [ 140.9080931, 41.4994869 ], [ 140.9082731, 41.5000269 ], [ 140.9083131, 41.5001269 ], [ 140.9083331, 41.5002069 ], [ 140.9084131, 41.5004269 ], [ 140.9085331, 41.5008069 ], [ 140.9085731, 41.5008969 ], [ 140.9087131, 41.5011069 ], [ 140.9089731, 41.5012969 ], [ 140.9090931, 41.5013869 ], [ 140.9102131, 41.5021469 ], [ 140.9105231, 41.5023769 ], [ 140.9107231, 41.5025969 ], [ 140.9111131, 41.5030469 ], [ 140.9111731, 41.5031269 ], [ 140.9113231, 41.5032969 ], [ 140.9114731, 41.5034169 ], [ 140.9121031, 41.5039469 ], [ 140.9124731, 41.5041769 ], [ 140.9130331, 41.5044369 ], [ 140.9138731, 41.5048369 ], [ 140.9145231, 41.5052369 ], [ 140.9149431, 41.5055669 ], [ 140.9156431, 41.5061069 ], [ 140.9160431, 41.5064869 ], [ 140.9161331, 41.5065669 ], [ 140.9166731, 41.5071069 ], [ 140.9168431, 41.5072869 ], [ 140.917703, 41.5080969 ], [ 140.917853, 41.5082569 ], [ 140.918243, 41.5086769 ], [ 140.918383, 41.5088169 ], [ 140.918553, 41.5090369 ], [ 140.918803, 41.5093669 ], [ 140.919193, 41.5099669 ], [ 140.919263, 41.5101669 ], [ 140.919363, 41.5104869 ], [ 140.919383, 41.5109769 ], [ 140.919343, 41.5116069 ], [ 140.919223, 41.5120869 ], [ 140.918933, 41.5128269 ], [ 140.918043, 41.5148669 ], [ 140.917703, 41.5154469 ], [ 140.917623, 41.5155669 ], [ 140.917523, 41.5156969 ], [ 140.917343, 41.5159369 ], [ 140.917083, 41.5162769 ], [ 140.916923, 41.5164669 ], [ 140.916763, 41.5166669 ], [ 140.916613, 41.5168069 ], [ 140.915963, 41.5174469 ], [ 140.915803, 41.5175869 ], [ 140.915033, 41.518107 ], [ 140.914373, 41.518517 ], [ 140.913253, 41.519167 ], [ 140.913153, 41.519227 ], [ 140.912213, 41.519757 ], [ 140.911443, 41.520117 ], [ 140.911293, 41.520187 ], [ 140.911113, 41.520217 ], [ 140.910823, 41.520247 ], [ 140.910363, 41.520237 ], [ 140.908923, 41.520187 ], [ 140.908753, 41.520197 ], [ 140.908503, 41.520227 ], [ 140.908373, 41.520247 ], [ 140.908143, 41.520287 ], [ 140.907903, 41.520337 ], [ 140.907583, 41.520477 ], [ 140.907263, 41.520677 ], [ 140.906973, 41.520937 ], [ 140.906653, 41.521327 ], [ 140.906283, 41.521867 ], [ 140.906013, 41.522277 ], [ 140.905533, 41.522977 ] ] } },
{ "type": "Feature", "properties": { "N12_001": "02", "N12_002": 1, "N12_003": 3, "N12_004": "一般国道338号", "N12_005": 14, "N12_006": 7 }, "geometry": { "type": "LineString", "coordinates": [ [ 141.4304445, 40.6001543 ], [ 141.4304545, 40.6002843 ], [ 141.4304645, 40.6003843 ], [ 141.4304645, 40.6005643 ], [ 141.4304845, 40.6009643 ], [ 141.4305045, 40.6020443 ], [ 141.4305045, 40.6021343 ], [ 141.4305245, 40.6027743 ], [ 141.4305245, 40.6028643 ], [ 141.4305245, 40.6031243 ], [ 141.4305445, 40.6036943 ], [ 141.4305545, 40.6040443 ], [ 141.4305645, 40.6044344 ], [ 141.4305445, 40.6045244 ], [ 141.4303645, 40.6053744 ], [ 141.4303545, 40.6054044 ], [ 141.4303245, 40.6055944 ], [ 141.4300645, 40.6067144 ], [ 141.4298345, 40.6076844 ], [ 141.4295345, 40.6090544 ], [ 141.4292444, 40.6104144 ], [ 141.4291744, 40.6106644 ], [ 141.4291344, 40.6108544 ], [ 141.4290144, 40.6113644 ], [ 141.4288944, 40.6119644 ], [ 141.4288544, 40.6121444 ], [ 141.4288244, 40.6123844 ], [ 141.4288344, 40.6132244 ], [ 141.4288444, 40.6133844 ], [ 141.4288744, 40.6149444 ], [ 141.4289044, 40.6154144 ], [ 141.4289044, 40.6159244 ], [ 141.4289244, 40.6161444 ], [ 141.4289344, 40.6166544 ], [ 141.4289544, 40.6172644 ], [ 141.4290144, 40.6176344 ], [ 141.4290444, 40.6177744 ], [ 141.4290744, 40.6178544 ], [ 141.4291544, 40.6179644 ], [ 141.4292544, 40.6181444 ], [ 141.4297344, 40.6189245 ], [ 141.4297844, 40.6191345 ], [ 141.4299544, 40.6201445 ], [ 141.4299644, 40.6202345 ], [ 141.4300044, 40.6203945 ], [ 141.4301843, 40.6207345 ], [ 141.4304543, 40.6211345 ], [ 141.4308843, 40.6217845 ], [ 141.4314243, 40.6226445 ], [ 141.4317043, 40.6230745 ], [ 141.4328243, 40.6248345 ], [ 141.4331643, 40.6253445 ], [ 141.4337743, 40.6262145 ], [ 141.4342443, 40.6268845 ], [ 141.4349543, 40.6278945 ], [ 141.4352843, 40.6283245 ], [ 141.4356542, 40.6288245 ], [ 141.4357642, 40.6289545 ], [ 141.4359842, 40.6292345 ], [ 141.4363842, 40.6297345 ], [ 141.4366742, 40.6300745 ], [ 141.4368342, 40.6302745 ], [ 141.4373342, 40.6308945 ], [ 141.4377742, 40.6314445 ], [ 141.4380042, 40.6317345 ], [ 141.4383242, 40.6321245 ], [ 141.4387842, 40.6326945 ], [ 141.4389342, 40.6328746 ], [ 141.4392742, 40.6332746 ], [ 141.4398142, 40.6338146 ], [ 141.4399442, 40.6339446 ], [ 141.4402642, 40.6342746 ], [ 141.4405142, 40.6345346 ], [ 141.4407742, 40.6348046 ], [ 141.4412242, 40.6352646 ], [ 141.4419442, 40.6359846 ], [ 141.4425142, 40.6365546 ], [ 141.4427242, 40.6367146 ], [ 141.4428242, 40.6367646 ], [ 141.4427742, 40.6369346 ], [ 141.4426842, 40.6374446 ], [ 141.4423842, 40.6394946 ], [ 141.4423142, 40.6399646 ], [ 141.4422042, 40.6401746 ], [ 141.4413542, 40.6418446 ], [ 141.4410341, 40.6424646 ], [ 141.4409041, 40.6427146 ], [ 141.4403341, 40.6438246 ], [ 141.4401641, 40.6441746 ], [ 141.4398341, 40.6448146 ], [ 141.4395841, 40.6453046 ], [ 141.4390641, 40.6463446 ], [ 141.4386141, 40.6472546 ], [ 141.4383241, 40.6478246 ], [ 141.4380041, 40.6484346 ], [ 141.4380141, 40.6492646 ], [ 141.4380541, 40.6507346 ], [ 141.4380741, 40.6517947 ], [ 141.4380941, 40.6523247 ], [ 141.4381041, 40.6527247 ], [ 141.4381441, 40.6528847 ], [ 141.4381841, 40.6530947 ], [ 141.4382541, 40.6533847 ], [ 141.4383541, 40.6536847 ], [ 141.4383741, 40.6537947 ], [ 141.4384141, 40.6538947 ], [ 141.4384241, 40.6540447 ], [ 141.4383841, 40.6542347 ], [ 141.4383041, 40.6543647 ], [ 141.4382541, 40.6544647 ], [ 141.4381641, 40.6546447 ], [ 141.4378741, 40.6551847 ], [ 141.4374741, 40.6555847 ], [ 141.4372941, 40.6557647 ], [ 141.4371441, 40.6559247 ], [ 141.4368441, 40.6562147 ], [ 141.4367041, 40.6563747 ], [ 141.4366041, 40.6564647 ], [ 141.4363841, 40.6567347 ], [ 141.4362641, 40.6569047 ], [ 141.4360841, 40.6571547 ], [ 141.4359441, 40.6573547 ], [ 141.4355641, 40.6580147 ], [ 141.4353541, 40.6583747 ], [ 141.4350141, 40.6589647 ], [ 141.4349641, 40.6590547 ], [ 141.4347441, 40.6594547 ], [ 141.4346241, 40.6596547 ], [ 141.4345541, 40.6597747 ], [ 141.4344841, 40.6598947 ], [ 141.4344341, 40.6599747 ], [ 141.4342441, 40.6603147 ], [ 141.4341241, 40.6605247 ], [ 141.4339441, 40.6608747 ], [ 141.4339141, 40.6609647 ], [ 141.4338541, 40.6610647 ], [ 141.4337941, 40.6611947 ], [ 141.4335041, 40.6617947 ], [ 141.4333641, 40.6621047 ], [ 141.4329441, 40.6629947 ], [ 141.4328741, 40.6631447 ], [ 141.4327741, 40.6633747 ], [ 141.4326241, 40.6636847 ], [ 141.4324941, 40.6639547 ], [ 141.4323941, 40.6641647 ], [ 141.4322541, 40.6644647 ], [ 141.4320641, 40.6649247 ], [ 141.431954, 40.6652947 ], [ 141.431924, 40.6655647 ], [ 141.431904, 40.6659347 ], [ 141.431834, 40.6666547 ], [ 141.431784, 40.6669347 ], [ 141.431714, 40.6676247 ], [ 141.431644, 40.6680747 ], [ 141.431554, 40.6685348 ], [ 141.431494, 40.6687948 ], [ 141.431444, 40.6690248 ], [ 141.431394, 40.6691848 ], [ 141.431314, 40.6693648 ], [ 141.431184, 40.6695548 ], [ 141.431144, 40.6696248 ], [ 141.430964, 40.6700148 ], [ 141.430874, 40.6702548 ], [ 141.430744, 40.6709248 ], [ 141.430514, 40.6720748 ], [ 141.430464, 40.6723048 ], [ 141.430394, 40.6726248 ], [ 141.430334, 40.6729748 ], [ 141.430244, 40.6735248 ], [ 141.430234, 40.6736748 ], [ 141.430254, 40.6741948 ], [ 141.430254, 40.6743048 ], [ 141.430274, 40.6746148 ], [ 141.430284, 40.6751348 ], [ 141.430274, 40.6758148 ], [ 141.430184, 40.6761748 ], [ 141.429814, 40.6770748 ], [ 141.429654, 40.6774448 ], [ 141.429364, 40.6784248 ], [ 141.429124, 40.6792048 ], [ 141.429014, 40.6795848 ], [ 141.428874, 40.6800148 ], [ 141.428744, 40.6804748 ], [ 141.428554, 40.6811348 ], [ 141.428354, 40.6818248 ], [ 141.428214, 40.6822048 ], [ 141.427964, 40.6826348 ], [ 141.427814, 40.6828148 ], [ 141.427664, 40.6830148 ], [ 141.427194, 40.6836148 ], [ 141.426954, 40.6839248 ], [ 141.426344, 40.6847149 ], [ 141.426234, 40.6849149 ], [ 141.426124, 40.6851449 ], [ 141.426094, 40.6852049 ], [ 141.4260239, 40.6854949 ], [ 141.4259639, 40.6857649 ], [ 141.4258039, 40.6866349 ], [ 141.4257639, 40.6869649 ], [ 141.4257339, 40.6872249 ], [ 141.4257039, 40.6874649 ], [ 141.4256139, 40.6880649 ], [ 141.4255739, 40.6882849 ], [ 141.4253839, 40.6895349 ], [ 141.4253339, 40.6897949 ], [ 141.4251939, 40.6905549 ], [ 141.4250239, 40.6910449 ], [ 141.4249539, 40.6912349 ], [ 141.4247539, 40.6917449 ], [ 141.4246539, 40.6919749 ], [ 141.4245439, 40.6922349 ], [ 141.4243239, 40.6927149 ], [ 141.4241939, 40.6929649 ], [ 141.4240839, 40.6931449 ], [ 141.4240039, 40.6933549 ], [ 141.4239839, 40.6934649 ], [ 141.4239639, 40.6935449 ], [ 141.4239439, 40.6936749 ], [ 141.4239139, 40.6939049 ], [ 141.4239239, 40.6942049 ], [ 141.4239239, 40.6942449 ], [ 141.4239239, 40.6947049 ], [ 141.4239439, 40.6949749 ], [ 141.4239739, 40.6951449 ], [ 141.4239939, 40.6952549 ], [ 141.4240439, 40.6955249 ], [ 141.4240539, 40.6955949 ], [ 141.4240639, 40.6956249 ], [ 141.4240839, 40.6957049 ], [ 141.4241439, 40.6960949 ], [ 141.4241539, 40.6961949 ], [ 141.4241439, 40.6963449 ], [ 141.4241139, 40.6966049 ], [ 141.4239939, 40.6971549 ], [ 141.4239239, 40.6974449 ], [ 141.4238839, 40.6976249 ], [ 141.4237939, 40.6980249 ], [ 141.4236339, 40.6984949 ], [ 141.4235239, 40.6986849 ], [ 141.4233639, 40.6989749 ], [ 141.4231139, 40.699415 ], [ 141.4229239, 40.699725 ], [ 141.4227539, 40.699965 ], [ 141.4225639, 40.700235 ], [ 141.4223739, 40.700495 ], [ 141.4222539, 40.700655 ], [ 141.4221739, 40.700815 ], [ 141.4220839, 40.701025 ], [ 141.4219539, 40.701475 ], [ 141.4218839, 40.701675 ], [ 141.4216639, 40.702185 ], [ 141.4213239, 40.702985 ], [ 141.4210939, 40.703515 ], [ 141.4210039, 40.703735 ], [ 141.4207939, 40.704225 ], [ 141.4206638, 40.704515 ], [ 141.4201638, 40.705755 ], [ 141.4201138, 40.705865 ], [ 141.4200438, 40.706035 ], [ 141.4199438, 40.706305 ], [ 141.4198138, 40.706845 ], [ 141.4197738, 40.707115 ], [ 141.4196538, 40.708245 ], [ 141.4196238, 40.708445 ], [ 141.4196038, 40.708705 ], [ 141.4196038, 40.708835 ], [ 141.4195038, 40.709795 ], [ 141.4194438, 40.710135 ], [ 141.4193438, 40.710415 ], [ 141.4192538, 40.710645 ], [ 141.4191438, 40.711115 ], [ 141.4191038, 40.711355 ], [ 141.4190638, 40.7127851 ], [ 141.4190538, 40.7140651 ], [ 141.4190538, 40.7142851 ], [ 141.4189438, 40.7148151 ], [ 141.4187938, 40.7151651 ], [ 141.4186638, 40.7154051 ], [ 141.4186138, 40.7155151 ], [ 141.4184938, 40.7157551 ], [ 141.4183538, 40.7160251 ], [ 141.4181438, 40.7164551 ], [ 141.4180738, 40.7166551 ], [ 141.4179338, 40.7174851 ], [ 141.4179038, 40.7176051 ], [ 141.4177538, 40.7180251 ], [ 141.4175138, 40.7185951 ], [ 141.4172838, 40.7190951 ], [ 141.4171138, 40.7194551 ], [ 141.4165738, 40.7205651 ], [ 141.4160438, 40.7216651 ], [ 141.4157137, 40.7223551 ], [ 141.4154837, 40.7228751 ], [ 141.4153237, 40.7231951 ], [ 141.4151537, 40.7235651 ], [ 141.4150037, 40.7239351 ], [ 141.4147937, 40.7245951 ], [ 141.4147037, 40.7249451 ], [ 141.4144237, 40.7258752 ], [ 141.4142337, 40.7265552 ], [ 141.4141737, 40.7267852 ], [ 141.4140437, 40.7272952 ], [ 141.4139737, 40.7275252 ], [ 141.4136837, 40.7280552 ], [ 141.4134437, 40.7284852 ], [ 141.4133437, 40.7286652 ], [ 141.4133137, 40.7287352 ], [ 141.4132737, 40.7287852 ], [ 141.4132037, 40.7289252 ], [ 141.4131737, 40.7290552 ], [ 141.4130437, 40.7294752 ], [ 141.4128137, 40.7310552 ], [ 141.4127837, 40.7313152 ], [ 141.4127337, 40.7315052 ], [ 141.4127137, 40.7315752 ], [ 141.4126437, 40.7317852 ], [ 141.4124737, 40.7322052 ], [ 141.4122737, 40.7326952 ], [ 141.4122437, 40.7327552 ], [ 141.4121237, 40.7329952 ], [ 141.4116837, 40.7340052 ], [ 141.4115737, 40.7342452 ], [ 141.4110237, 40.7355352 ], [ 141.4109537, 40.7357052 ], [ 141.4108437, 40.7361352 ], [ 141.4107337, 40.7367152 ], [ 141.4105837, 40.7374252 ], [ 141.4105037, 40.7379352 ], [ 141.4103936, 40.7385753 ], [ 141.4103936, 40.7386253 ], [ 141.4103236, 40.7390653 ], [ 141.4102836, 40.7392353 ], [ 141.4102736, 40.7393853 ], [ 141.4102436, 40.7395153 ], [ 141.4101236, 40.7402553 ], [ 141.4100436, 40.7406453 ], [ 141.4099136, 40.7412853 ], [ 141.4095936, 40.7427753 ], [ 141.4094336, 40.7435253 ], [ 141.4092236, 40.7444153 ], [ 141.4090136, 40.7453053 ], [ 141.4089736, 40.7454853 ], [ 141.4087936, 40.7463853 ], [ 141.4085236, 40.7475753 ], [ 141.4084636, 40.7477953 ], [ 141.4083736, 40.7482753 ], [ 141.4082736, 40.7487153 ], [ 141.4079836, 40.7499953 ], [ 141.4079536, 40.7501553 ], [ 141.4077836, 40.7509953 ], [ 141.4076036, 40.7520054 ], [ 141.4075236, 40.7526054 ], [ 141.4075136, 40.7526954 ], [ 141.4074535, 40.7536454 ], [ 141.4074235, 40.7539154 ], [ 141.4073735, 40.7543554 ], [ 141.4072735, 40.7554154 ], [ 141.4072435, 40.7556854 ], [ 141.4072135, 40.7559154 ], [ 141.4070935, 40.7566454 ], [ 141.4070135, 40.7570854 ], [ 141.4069235, 40.7577454 ], [ 141.4069135, 40.7577854 ], [ 141.4068735, 40.7580554 ], [ 141.4068335, 40.7583254 ], [ 141.4067835, 40.7586254 ], [ 141.4066835, 40.7592354 ], [ 141.4066535, 40.7594754 ], [ 141.4065235, 40.7603254 ], [ 141.4064435, 40.7607154 ], [ 141.4062535, 40.7619854 ], [ 141.4061435, 40.7625854 ], [ 141.4059335, 40.7635254 ], [ 141.4057035, 40.7646254 ], [ 141.4055935, 40.7651054 ], [ 141.4054935, 40.7655654 ], [ 141.4054135, 40.7659954 ], [ 141.4053835, 40.7661155 ], [ 141.4052635, 40.7666455 ], [ 141.4052035, 40.7669355 ], [ 141.4051835, 40.7670855 ], [ 141.4050835, 40.7681555 ], [ 141.4050234, 40.7685755 ], [ 141.4047934, 40.7694855 ], [ 141.4045734, 40.7704555 ], [ 141.4044034, 40.7711655 ], [ 141.4042634, 40.7716955 ], [ 141.4042134, 40.7719055 ], [ 141.4039934, 40.7726755 ], [ 141.4039034, 40.7729855 ], [ 141.4037034, 40.7736655 ], [ 141.4035534, 40.7741955 ], [ 141.4032734, 40.7751655 ], [ 141.4029934, 40.7761155 ], [ 141.4027834, 40.7768955 ], [ 141.4025234, 40.7777755 ], [ 141.4022334, 40.7787955 ], [ 141.4021234, 40.7791855 ], [ 141.4020434, 40.7794655 ], [ 141.4019334, 40.7798055 ], [ 141.4017934, 40.7800955 ], [ 141.4015534, 40.7805055 ], [ 141.4013534, 40.7808556 ], [ 141.4011834, 40.7811656 ], [ 141.4010534, 40.7813956 ], [ 141.4009734, 40.7815856 ], [ 141.4006634, 40.7826056 ], [ 141.4005734, 40.7829556 ], [ 141.4004634, 40.7833256 ], [ 141.4002533, 40.7840156 ], [ 141.3999433, 40.7851356 ], [ 141.3998533, 40.7853956 ], [ 141.3997033, 40.7859156 ], [ 141.3996533, 40.7860856 ], [ 141.3996533, 40.7863356 ], [ 141.3997433, 40.7867056 ], [ 141.3997733, 40.7868456 ], [ 141.3999533, 40.7875456 ], [ 141.4001233, 40.7882356 ], [ 141.4001333, 40.7885556 ], [ 141.4001133, 40.7890156 ], [ 141.4000933, 40.7894456 ], [ 141.4000633, 40.7899656 ], [ 141.4000233, 40.7905556 ], [ 141.4000333, 40.7906356 ], [ 141.4000233, 40.7907056 ], [ 141.3999833, 40.7916656 ], [ 141.3999733, 40.7917556 ], [ 141.3999333, 40.7919956 ], [ 141.3997733, 40.7928956 ], [ 141.3997133, 40.7932756 ], [ 141.3994933, 40.7945856 ], [ 141.3994233, 40.7949956 ], [ 141.3994133, 40.7950756 ], [ 141.3993433, 40.7953656 ], [ 141.3988833, 40.7964756 ], [ 141.3987633, 40.7970656 ], [ 141.3986233, 40.7979256 ], [ 141.3985833, 40.7981256 ], [ 141.3984233, 40.7991357 ], [ 141.3983933, 40.7992157 ], [ 141.3982633, 40.7999957 ], [ 141.3982133, 40.8002457 ], [ 141.3979633, 40.8016757 ], [ 141.3979133, 40.8020257 ], [ 141.3978833, 40.8021357 ], [ 141.3976432, 40.8035157 ], [ 141.3976032, 40.8037857 ], [ 141.3975132, 40.8041357 ], [ 141.3974332, 40.8043257 ], [ 141.3973532, 40.8044957 ], [ 141.3972332, 40.8047957 ], [ 141.3972132, 40.8049057 ], [ 141.3971932, 40.8052657 ], [ 141.3971832, 40.8059157 ], [ 141.3971832, 40.8062457 ], [ 141.3971732, 40.8066957 ], [ 141.3971432, 40.8071857 ], [ 141.3969332, 40.8083257 ], [ 141.3967132, 40.8095857 ], [ 141.3966532, 40.8098557 ], [ 141.3964232, 40.8110957 ], [ 141.3963232, 40.8116357 ], [ 141.3961232, 40.8127357 ], [ 141.3959232, 40.8138357 ], [ 141.3958832, 40.8141557 ], [ 141.3957932, 40.8145857 ], [ 141.3956132, 40.8155857 ], [ 141.3954832, 40.8162457 ], [ 141.3953432, 40.8170257 ], [ 141.3952832, 40.8172757 ], [ 141.3951832, 40.8176957 ], [ 141.3950332, 40.8181157 ], [ 141.3947932, 40.8186657 ], [ 141.3943532, 40.8196357 ], [ 141.3939432, 40.8204957 ], [ 141.3937532, 40.8209057 ], [ 141.3932232, 40.8220457 ], [ 141.3924832, 40.8232057 ], [ 141.3919432, 40.8240557 ], [ 141.3918032, 40.8244357 ], [ 141.3916332, 40.8249757 ], [ 141.3910632, 40.8267357 ], [ 141.3908632, 40.8274557 ], [ 141.3906832, 40.8280057 ], [ 141.3904932, 40.8285957 ], [ 141.3902332, 40.8294558 ], [ 141.3900932, 40.8298858 ], [ 141.3898831, 40.8305558 ], [ 141.3895631, 40.8314758 ], [ 141.3892931, 40.8322558 ], [ 141.3892131, 40.8325258 ], [ 141.3890931, 40.8330158 ], [ 141.3890631, 40.8332958 ], [ 141.3890431, 40.8333258 ], [ 141.3890331, 40.8334758 ], [ 141.3889531, 40.8341558 ], [ 141.3888731, 40.8349258 ], [ 141.3887931, 40.8356058 ], [ 141.3887531, 40.8358258 ], [ 141.3886431, 40.8362258 ], [ 141.3885631, 40.8365458 ], [ 141.3884831, 40.8367558 ], [ 141.3883631, 40.8370458 ], [ 141.3882131, 40.8373458 ], [ 141.3878731, 40.8379958 ], [ 141.3875731, 40.8384858 ], [ 141.3874331, 40.8386458 ], [ 141.3871931, 40.8388558 ], [ 141.3869331, 40.8390158 ], [ 141.3866631, 40.8391758 ], [ 141.3861231, 40.8394558 ], [ 141.3858631, 40.8396258 ], [ 141.3857331, 40.8397358 ], [ 141.3856531, 40.8398458 ], [ 141.3851231, 40.8407158 ], [ 141.3845531, 40.8416258 ], [ 141.3844531, 40.8417958 ], [ 141.3836431, 40.8431258 ], [ 141.3834131, 40.8434958 ], [ 141.3832831, 40.8437258 ], [ 141.3832231, 40.8438458 ], [ 141.3832331, 40.8438558 ], [ 141.3832931, 40.8442558 ], [ 141.3833331, 40.8445458 ], [ 141.3833631, 40.8446958 ], [ 141.3833631, 40.8448458 ], [ 141.3833331, 40.8449958 ], [ 141.3833031, 40.8450758 ], [ 141.3831731, 40.8452858 ], [ 141.3830131, 40.8454858 ], [ 141.3829131, 40.8455858 ], [ 141.3827731, 40.8457058 ], [ 141.3825231, 40.8458658 ], [ 141.3823231, 40.8459458 ], [ 141.3820631, 40.8460158 ], [ 141.3818431, 40.8460658 ], [ 141.3815731, 40.8460858 ], [ 141.3811331, 40.8460858 ], [ 141.3802931, 40.8460258 ], [ 141.3798131, 40.8460058 ], [ 141.3796131, 40.8459958 ], [ 141.3785431, 40.8459358 ], [ 141.3773231, 40.8458658 ], [ 141.3759731, 40.8457758 ], [ 141.3750131, 40.8457258 ], [ 141.3747131, 40.8457058 ], [ 141.3737431, 40.8456458 ], [ 141.3725931, 40.8455858 ], [ 141.3725231, 40.8455758 ], [ 141.3714231, 40.8455058 ], [ 141.3706531, 40.8454558 ], [ 141.3703031, 40.8454358 ], [ 141.3696631, 40.8454058 ], [ 141.3693331, 40.8454158 ], [ 141.3690531, 40.8454658 ], [ 141.3687431, 40.8457658 ], [ 141.3682131, 40.8463158 ], [ 141.3673831, 40.8472358 ], [ 141.3670231, 40.8475958 ], [ 141.3666931, 40.8480258 ], [ 141.3662831, 40.8485558 ], [ 141.3662231, 40.8486258 ], [ 141.3661131, 40.8487658 ], [ 141.3657831, 40.8491658 ], [ 141.3654231, 40.8496258 ], [ 141.3652331, 40.8498858 ], [ 141.3649131, 40.8502958 ], [ 141.3644631, 40.8508358 ], [ 141.3634931, 40.8520658 ], [ 141.3625931, 40.8531958 ], [ 141.3621131, 40.8537958 ], [ 141.3607531, 40.8555258 ], [ 141.3606231, 40.8557658 ], [ 141.3602531, 40.8564558 ], [ 141.3599331, 40.8571658 ], [ 141.3597631, 40.8575458 ], [ 141.3595331, 40.8580358 ], [ 141.3593831, 40.8583258 ], [ 141.3592731, 40.8585458 ], [ 141.3584831, 40.8599758 ], [ 141.3582731, 40.8603558 ], [ 141.3580331, 40.8608958 ], [ 141.3575231, 40.8621158 ], [ 141.3573231, 40.8625858 ], [ 141.3572831, 40.8626958 ], [ 141.3571131, 40.8631458 ], [ 141.3569431, 40.8635258 ], [ 141.3568631, 40.8637558 ], [ 141.3566431, 40.8643257 ], [ 141.3562331, 40.8653357 ], [ 141.3561931, 40.8654757 ], [ 141.3561931, 40.8656657 ], [ 141.3563631, 40.8663457 ], [ 141.3564431, 40.8666657 ], [ 141.3565131, 40.8669257 ], [ 141.3565331, 40.8670357 ], [ 141.3565531, 40.8671657 ], [ 141.3566331, 40.8674857 ], [ 141.3568131, 40.8677657 ], [ 141.3575231, 40.8686257 ], [ 141.3576631, 40.8688057 ], [ 141.3580431, 40.8692057 ], [ 141.3581831, 40.8693657 ], [ 141.3585631, 40.8696857 ], [ 141.3586731, 40.8697757 ], [ 141.3593431, 40.8703457 ], [ 141.3600131, 40.8709257 ], [ 141.3607931, 40.8716157 ], [ 141.3611331, 40.8719357 ], [ 141.3615831, 40.8722257 ], [ 141.3624431, 40.8727257 ], [ 141.3627731, 40.8728857 ], [ 141.3629631, 40.8729657 ], [ 141.3634831, 40.8731157 ], [ 141.3639431, 40.8732357 ], [ 141.3645831, 40.8734257 ], [ 141.3649231, 40.8735157 ], [ 141.3658331, 40.8737857 ], [ 141.3663031, 40.8739257 ], [ 141.3664431, 40.8740057 ], [ 141.3664931, 40.8740557 ], [ 141.3666831, 40.8743157 ], [ 141.3669731, 40.8747557 ], [ 141.3671531, 40.8749857 ], [ 141.3673431, 40.8752457 ], [ 141.3676831, 40.8757557 ], [ 141.3678131, 40.8759657 ], [ 141.3678931, 40.8761357 ], [ 141.3681331, 40.8769657 ], [ 141.3681631, 40.8770557 ], [ 141.3683331, 40.8777057 ], [ 141.3683731, 40.8779357 ], [ 141.3683731, 40.8781157 ], [ 141.3682331, 40.8789857 ], [ 141.3681931, 40.8792857 ], [ 141.3681931, 40.8795157 ], [ 141.3682631, 40.8798457 ], [ 141.3686031, 40.8810957 ], [ 141.3687631, 40.8817457 ], [ 141.3691931, 40.8833257 ], [ 141.3694031, 40.8841357 ], [ 141.3693531, 40.8851257 ], [ 141.3693231, 40.8854957 ], [ 141.3692931, 40.8859857 ], [ 141.3692931, 40.8861757 ], [ 141.3692531, 40.8865657 ], [ 141.3692331, 40.8868357 ], [ 141.3692031, 40.8875157 ], [ 141.3691731, 40.8878557 ], [ 141.3691531, 40.8881957 ], [ 141.3691331, 40.8884457 ], [ 141.3690831, 40.8892757 ], [ 141.3689731, 40.8910257 ], [ 141.3689331, 40.8916657 ], [ 141.3688631, 40.8926457 ], [ 141.3688031, 40.8935557 ], [ 141.3687831, 40.8938957 ], [ 141.3687531, 40.8943057 ], [ 141.3687431, 40.8945357 ], [ 141.3687731, 40.8947657 ], [ 141.3689331, 40.8952257 ], [ 141.3690431, 40.8955157 ], [ 141.3692431, 40.8960557 ], [ 141.3694731, 40.8966557 ], [ 141.3697731, 40.8974757 ], [ 141.3697931, 40.8975957 ], [ 141.3698231, 40.8983257 ], [ 141.3698431, 40.8986357 ], [ 141.3698831, 40.8995057 ], [ 141.3699131, 40.8999957 ], [ 141.3699331, 40.9003857 ], [ 141.3699331, 40.9006457 ], [ 141.3699531, 40.9008957 ], [ 141.3699531, 40.9016057 ], [ 141.3698931, 40.9019657 ], [ 141.3697831, 40.9022757 ], [ 141.3696631, 40.9025557 ], [ 141.3693431, 40.9033857 ], [ 141.3692031, 40.9037457 ], [ 141.3686031, 40.9052157 ], [ 141.3685931, 40.9054257 ], [ 141.3686331, 40.9055057 ], [ 141.3687431, 40.9056557 ], [ 141.3690331, 40.9059457 ], [ 141.3691831, 40.9060557 ], [ 141.3695131, 40.9063157 ], [ 141.3701831, 40.9067957 ], [ 141.3706531, 40.9070657 ], [ 141.3707931, 40.9071357 ], [ 141.3714231, 40.9074657 ], [ 141.3719131, 40.9076757 ], [ 141.3728131, 40.9080557 ], [ 141.3729931, 40.9081357 ], [ 141.3734231, 40.9083257 ], [ 141.3736531, 40.9084357 ], [ 141.3738531, 40.9085457 ], [ 141.3739731, 40.9086557 ], [ 141.3741931, 40.9088657 ], [ 141.3742931, 40.9089857 ], [ 141.3743931, 40.9091158 ], [ 141.3744831, 40.9092858 ], [ 141.3746031, 40.9096058 ], [ 141.3746231, 40.9097258 ], [ 141.3746231, 40.9100358 ], [ 141.3745931, 40.9101858 ], [ 141.3745331, 40.9103158 ], [ 141.3744531, 40.9104958 ], [ 141.3742031, 40.9109058 ], [ 141.3739131, 40.9112858 ], [ 141.3734931, 40.9117558 ], [ 141.3732531, 40.9120358 ], [ 141.3731531, 40.9121958 ], [ 141.3731031, 40.9123158 ], [ 141.3730431, 40.9124858 ], [ 141.3730031, 40.9127858 ], [ 141.3729831, 40.9131358 ], [ 141.3729831, 40.9132358 ], [ 141.3730231, 40.9134758 ], [ 141.3730931, 40.9136558 ], [ 141.3731731, 40.9137958 ], [ 141.3746131, 40.9154958 ], [ 141.3750031, 40.9159758 ], [ 141.3754631, 40.9165258 ], [ 141.3755731, 40.9166658 ], [ 141.3760731, 40.9172858 ], [ 141.3763231, 40.9175858 ], [ 141.3764631, 40.9177658 ], [ 141.3766531, 40.9179958 ], [ 141.3770531, 40.9184858 ], [ 141.3774431, 40.9189558 ], [ 141.3777331, 40.9193358 ], [ 141.3778331, 40.9195058 ], [ 141.3780631, 40.9198858 ], [ 141.3781831, 40.9201658 ], [ 141.3781931, 40.9202458 ], [ 141.3782331, 40.9203658 ], [ 141.3783231, 40.9206858 ], [ 141.3784131, 40.9212058 ], [ 141.3784531, 40.9214158 ], [ 141.3786931, 40.9227458 ], [ 141.3787731, 40.9231758 ], [ 141.3791131, 40.9249958 ], [ 141.3792231, 40.9256458 ], [ 141.3793231, 40.9261558 ], [ 141.3793631, 40.9264758 ], [ 141.3793331, 40.9265758 ], [ 141.3792831, 40.9267058 ], [ 141.3791831, 40.9268258 ], [ 141.3790331, 40.9269358 ], [ 141.3774031, 40.9277858 ], [ 141.3770231, 40.9279458 ], [ 141.3764731, 40.9281358 ], [ 141.3761331, 40.9282358 ], [ 141.3758131, 40.9284058 ], [ 141.3752531, 40.9287758 ], [ 141.3751731, 40.9288258 ], [ 141.3749931, 40.9289858 ], [ 141.3748931, 40.9291458 ], [ 141.3747831, 40.9294158 ], [ 141.3746631, 40.9298558 ], [ 141.3746631, 40.9302058 ], [ 141.3746731, 40.9303358 ], [ 141.3747131, 40.9306558 ], [ 141.3747431, 40.9308758 ], [ 141.3747731, 40.9311558 ], [ 141.3747931, 40.9313158 ], [ 141.3748631, 40.9319058 ], [ 141.3749031, 40.9321758 ], [ 141.3749231, 40.9323258 ], [ 141.3750031, 40.9330258 ], [ 141.3750431, 40.9333158 ], [ 141.3750831, 40.9336058 ], [ 141.3751331, 40.9340758 ], [ 141.3751731, 40.9344358 ], [ 141.3752031, 40.9347058 ], [ 141.3753031, 40.9356258 ], [ 141.3754031, 40.9365058 ], [ 141.3754531, 40.9370258 ], [ 141.3754631, 40.9372758 ], [ 141.375473, 40.9374558 ], [ 141.375483, 40.9384159 ], [ 141.375483, 40.9385059 ], [ 141.375493, 40.9392959 ], [ 141.375493, 40.9394259 ], [ 141.375493, 40.9403159 ], [ 141.375543, 40.9408459 ], [ 141.375623, 40.9414359 ], [ 141.375653, 40.9416659 ], [ 141.375683, 40.9418859 ], [ 141.375723, 40.9427159 ], [ 141.375743, 40.9430559 ], [ 141.375743, 40.9438459 ], [ 141.3757337, 40.9439203 ] ] } },
{ "type": "Feature", "properties": { "N12_001": "02", "N12_002": 2, "N12_003": 6, "N12_004": "青森県道　稲盛千代町山田線", "N12_005": 61, "N12_006": 1 }, "geometry": { "type": "LineString", "coordinates": [ [ 140.3837161, 40.8104207 ], [ 140.3831875, 40.8099458 ], [ 140.3831016, 40.8098681 ], [ 140.3830988, 40.8098655 ], [ 140.3826583, 40.8094667 ], [ 140.3826467, 40.8094586 ], [ 140.3823208, 40.8092333 ], [ 140.3821375, 40.809125 ], [ 140.3817792, 40.8089292 ], [ 140.3807592, 40.8083769 ], [ 140.3795167, 40.8077042 ] ] } },
{ "type": "Feature", "properties": { "N12_001": "02", "N12_002": 1, "N12_003": 6, "N12_004": "青森県道　下北停車場線", "N12_005": 35, "N12_006": 2 }, "geometry": { "type": "LineString", "coordinates": [ [ 141.1849129, 41.2875367 ], [ 141.1849929, 41.2874767 ], [ 141.1860729, 41.2866367 ], [ 141.1865129, 41.2862767 ], [ 141.1869029, 41.2859567 ], [ 141.1873029, 41.2856267 ], [ 141.1879429, 41.2851367 ], [ 141.1881929, 41.2849467 ], [ 141.1887629, 41.2845067 ], [ 141.1901629, 41.2834066 ] ] } },
{ "type": "Feature", "properties": { "N12_001": "02", "N12_002": 2, "N12_003": 9, "N12_004": "-", "N12_005": 62, "N12_006": 1 }, "geometry": { "type": "LineString", "coordinates": [ [ 140.7949312, 40.8270703 ], [ 140.7947792, 40.8272417 ], [ 140.7942917, 40.82805 ], [ 140.7942375, 40.8281792 ], [ 140.7939708, 40.8289833 ], [ 140.7938833, 40.8290292 ], [ 140.79285, 40.8290042 ], [ 140.792675, 40.829025 ], [ 140.7924625, 40.8291042 ], [ 140.7923458, 40.8292125 ] ] } },
{ "type": "Feature", "properties": { "N12_001": "02", "N12_002": 2, "N12_003": 6, "N12_004": "青森県道　櫛引上名久井三戸線", "N12_005": 63, "N12_006": 1 }, "geometry": { "type": "LineString", "coordinates": [ [ 141.2588076, 40.3778022 ], [ 141.2586666, 40.3777795 ], [ 141.2583347, 40.3777261 ], [ 141.2579896, 40.3776604 ], [ 141.2578958, 40.3775958 ], [ 141.2577792, 40.3775625 ], [ 141.2573917, 40.3775208 ] ] } },
{ "type": "Feature", "properties": { "N12_001": "02", "N12_002": 2, "N12_003": 6, "N12_004": "青森県道　五所川原車力線", "N12_005": 64, "N12_006": 1 }, "geometry": { "type": "LineString", "coordinates": [ [ 140.4137246, 40.914556 ], [ 140.4137146, 40.914646 ], [ 140.4137146, 40.915106 ], [ 140.4137246, 40.915536 ], [ 140.4137346, 40.915726 ], [ 140.4137446, 40.915956 ], [ 140.4137946, 40.916666 ], [ 140.4138446, 40.917096 ], [ 140.4139246, 40.917816 ], [ 140.4140146, 40.918406 ], [ 140.4141646, 40.919316 ], [ 140.4142146, 40.919506 ], [ 140.4142446, 40.919686 ], [ 140.4142746, 40.920126 ], [ 140.4143046, 40.920426 ], [ 140.4143846, 40.920956 ], [ 140.4144346, 40.921416 ], [ 140.4144746, 40.921796 ], [ 140.4144745, 40.922096 ], [ 140.4144545, 40.922336 ], [ 140.4144145, 40.922486 ], [ 140.4143545, 40.922626 ], [ 140.4142645, 40.923036 ], [ 140.4140545, 40.923736 ], [ 140.4139145, 40.924206 ], [ 140.4136345, 40.924996 ], [ 140.4135245, 40.925296 ], [ 140.4132845, 40.925886 ], [ 140.4130145, 40.926486 ], [ 140.4126845, 40.927246 ], [ 140.4124645, 40.927716 ], [ 140.4123945, 40.927916 ], [ 140.4122945, 40.928176 ], [ 140.4119945, 40.928836 ], [ 140.4115345, 40.9297661 ], [ 140.4113545, 40.9300661 ], [ 140.4112045, 40.9302961 ], [ 140.4109045, 40.9306661 ], [ 140.4107145, 40.9308661 ], [ 140.4103345, 40.9313261 ], [ 140.4099045, 40.9318561 ], [ 140.4093045, 40.9326061 ], [ 140.4090145, 40.9329261 ], [ 140.4089045, 40.9330161 ], [ 140.4086745, 40.9331961 ], [ 140.4084745, 40.9333261 ], [ 140.4083345, 40.9334261 ], [ 140.4079145, 40.9337261 ], [ 140.4075845, 40.9339361 ], [ 140.4074545, 40.9340361 ], [ 140.4068845, 40.9344261 ], [ 140.4065445, 40.9346461 ], [ 140.4058344, 40.9351461 ], [ 140.4054144, 40.9354361 ], [ 140.4047144, 40.9359161 ], [ 140.4039444, 40.9364261 ], [ 140.4036944, 40.9365661 ], [ 140.4032544, 40.9367861 ], [ 140.4029944, 40.9368961 ], [ 140.4028544, 40.9369561 ], [ 140.4021944, 40.9372061 ], [ 140.4013044, 40.9374861 ], [ 140.4010944, 40.9375361 ], [ 140.4005344, 40.9376461 ], [ 140.4000144, 40.9377261 ], [ 140.3995044, 40.9377861 ], [ 140.3991944, 40.9378161 ], [ 140.3985844, 40.9378761 ], [ 140.3972444, 40.9379861 ], [ 140.3948244, 40.9381761 ], [ 140.3938044, 40.9382861 ], [ 140.3922544, 40.9384461 ], [ 140.3916744, 40.9385061 ], [ 140.3913944, 40.9385261 ], [ 140.3910644, 40.9385661 ], [ 140.3907444, 40.9385861 ], [ 140.3904644, 40.9385761 ], [ 140.3900644, 40.9385161 ], [ 140.3862143, 40.9379161 ], [ 140.3859243, 40.9378861 ], [ 140.3857443, 40.9378861 ], [ 140.3856443, 40.9378861 ], [ 140.3855643, 40.9378961 ], [ 140.3853743, 40.9379361 ], [ 140.3850143, 40.9380561 ], [ 140.3845243, 40.9382161 ], [ 140.3841843, 40.9383661 ], [ 140.3841243, 40.9383961 ], [ 140.3839943, 40.9384761 ], [ 140.3838843, 40.9385561 ], [ 140.3837043, 40.9387761 ], [ 140.3835543, 40.9389461 ], [ 140.3833043, 40.9391461 ], [ 140.3828543, 40.9393461 ], [ 140.3824343, 40.9395361 ], [ 140.3817543, 40.9398361 ], [ 140.3812643, 40.9400861 ], [ 140.3808243, 40.9403261 ], [ 140.3804943, 40.9405361 ], [ 140.3802043, 40.9407961 ], [ 140.3800743, 40.9409561 ], [ 140.3798343, 40.9412561 ], [ 140.3795543, 40.9416261 ], [ 140.3792643, 40.9420261 ], [ 140.3790643, 40.9423161 ], [ 140.3788343, 40.9426561 ], [ 140.3786543, 40.9429261 ], [ 140.3786043, 40.9430861 ], [ 140.3785643, 40.9432162 ], [ 140.3785443, 40.9433362 ], [ 140.3785343, 40.9434862 ], [ 140.3786043, 40.9439562 ], [ 140.3786843, 40.9443462 ], [ 140.3789243, 40.9453962 ], [ 140.3790543, 40.9460062 ], [ 140.3790643, 40.9461262 ], [ 140.3790469, 40.946419 ], [ 140.3789499, 40.9466107 ], [ 140.3785963, 40.9471364 ], [ 140.378254, 40.9475715 ], [ 140.3779831, 40.9479011 ], [ 140.3778604, 40.9480239 ], [ 140.3776779, 40.9481833 ], [ 140.3771559, 40.9485689 ], [ 140.3769648, 40.9486939 ], [ 140.376788, 40.9488339 ], [ 140.3766368, 40.9489739 ], [ 140.3764429, 40.9491829 ], [ 140.3762876, 40.9493921 ], [ 140.375998, 40.9497215 ], [ 140.3758342, 40.9497862 ], [ 140.3756742, 40.9498162 ], [ 140.3755042, 40.9498362 ], [ 140.3751042, 40.9498662 ], [ 140.3748428, 40.9499024 ], [ 140.3741412, 40.9499649 ], [ 140.3732456, 40.9500704 ], [ 140.3730403, 40.9502018 ], [ 140.3729917, 40.9504417 ], [ 140.3707354, 40.9502997 ], [ 140.3693778, 40.9503256 ], [ 140.3689101, 40.9504089 ], [ 140.3675537, 40.9505555 ], [ 140.3667969, 40.9506503 ], [ 140.3662721, 40.9507077 ], [ 140.3658082, 40.9507221 ], [ 140.3652605, 40.9507221 ], [ 140.3647542, 40.9507362 ], [ 140.3646103, 40.9507537 ], [ 140.3642604, 40.9508887 ], [ 140.3639141, 40.9510462 ] ] } },
{ "type": "Feature", "properties": { "N12_001": "02", "N12_002": 1, "N12_003": 6, "N12_004": "青森県道　弘前環状線", "N12_005": 25, "N12_006": 2 }, "geometry": { "type": "LineString", "coordinates": [ [ 140.4834495, 40.6410968 ], [ 140.4835039, 40.641093 ], [ 140.483616, 40.6410853 ], [ 140.484846, 40.6409853 ], [ 140.485526, 40.6409353 ], [ 140.486176, 40.6408853 ], [ 140.487506, 40.6407853 ], [ 140.4888359, 40.6406753 ], [ 140.4898059, 40.6406053 ] ] } },
{ "type": "Feature", "properties": { "N12_001": "02", "N12_002": 2, "N12_003": 6, "N12_004": "青森県道　弘前田舎館黒石線", "N12_005": 65, "N12_006": 1 }, "geometry": { "type": "LineString", "coordinates": [ [ 140.5468875, 40.6315625 ], [ 140.5482244, 40.6312286 ], [ 140.548825, 40.6310833 ], [ 140.5500208, 40.6307333 ] ] } },
{ "type": "Feature", "properties": { "N12_001": "02", "N12_002": 2, "N12_003": 6, "N12_004": "青森県道　今別蟹田線", "N12_005": 66, "N12_006": 1 }, "geometry": { "type": "LineString", "coordinates": [ [ 140.4911476, 41.1765155 ], [ 140.4911076, 41.176557 ], [ 140.4909417, 41.1767292 ], [ 140.4908003, 41.1768991 ], [ 140.4902417, 41.1775708 ], [ 140.4901167, 41.1777292 ], [ 140.490021, 41.1778483 ], [ 140.4898958, 41.1780042 ], [ 140.4894792, 41.1784958 ], [ 140.4894375, 41.1785583 ], [ 140.4894042, 41.1786333 ], [ 140.4893375, 41.1788167 ], [ 140.4890708, 41.1797167 ], [ 140.4889417, 41.1801792 ], [ 140.4888833, 41.1803708 ], [ 140.4888167, 41.1806 ], [ 140.4887875, 41.1806542 ], [ 140.48875, 41.1807 ], [ 140.4886875, 41.1807625 ], [ 140.4886292, 41.1808125 ], [ 140.4884208, 41.1809625 ], [ 140.488025, 41.181175 ], [ 140.4877208, 41.1813875 ], [ 140.4876125, 41.1814708 ], [ 140.4875, 41.1815875 ], [ 140.4874362, 41.1817155 ], [ 140.4873735, 41.1820804 ], [ 140.4872337, 41.1824496 ], [ 140.4870968, 41.1828574 ], [ 140.487054, 41.1829369 ], [ 140.4869143, 41.1830313 ], [ 140.4867688, 41.1831215 ], [ 140.4865264, 41.1832138 ], [ 140.4861214, 41.1833597 ], [ 140.4859986, 41.1833755 ] ] } },
{ "type": "Feature", "properties": { "N12_001": "02", "N12_002": 2, "N12_003": 6, "N12_004": "青森県道　七戸上北町停車場線", "N12_005": 67, "N12_006": 1 }, "geometry": { "type": "LineString", "coordinates": [ [ 141.2361778, 40.7186983 ], [ 141.23635, 40.7190083 ], [ 141.237074, 40.7201952 ], [ 141.2372839, 40.7205252 ], [ 141.2377539, 40.7211152 ], [ 141.2381139, 40.7215152 ], [ 141.2386439, 40.7220452 ], [ 141.2391639, 40.7225552 ], [ 141.2397439, 40.7231052 ], [ 141.2399039, 40.7232652 ], [ 141.2406939, 40.7239852 ], [ 141.2408939, 40.7241453 ], [ 141.2411139, 40.7243053 ], [ 141.2412639, 40.7243953 ], [ 141.2414539, 40.7244853 ], [ 141.2416739, 40.7245653 ], [ 141.2417939, 40.7246053 ], [ 141.2419439, 40.7246553 ], [ 141.2428439, 40.7249953 ], [ 141.2437439, 40.7253153 ], [ 141.2450939, 40.7258053 ], [ 141.2454339, 40.7259253 ], [ 141.2464439, 40.7263553 ], [ 141.2466739, 40.7264653 ], [ 141.2470239, 40.7266053 ], [ 141.2474039, 40.7267553 ], [ 141.2475105, 40.7267983 ], [ 141.2486638, 40.7272553 ], [ 141.2490938, 40.7272553 ], [ 141.2497538, 40.7272153 ], [ 141.2500038, 40.7272053 ], [ 141.2503138, 40.7271853 ], [ 141.2505138, 40.7271553 ], [ 141.2512138, 40.7270953 ], [ 141.2514039, 40.7270653 ], [ 141.2515839, 40.7270553 ], [ 141.2520439, 40.7270053 ], [ 141.2524939, 40.7269853 ], [ 141.2527639, 40.7269953 ], [ 141.2534708, 40.7272 ], [ 141.2536308, 40.72724 ], [ 141.2542708, 40.72752 ], [ 141.2548008, 40.7278 ], [ 141.2551008, 40.72796 ], [ 141.2557508, 40.72826 ], [ 141.2566042, 40.728672 ] ] } },
{ "type": "Feature", "properties": { "N12_001": "02", "N12_002": 2, "N12_003": 6, "N12_004": "青森県道　小国本町線", "N12_005": 68, "N12_006": 1 }, "geometry": { "type": "LineString", "coordinates": [ [ 140.5686962, 40.5841652 ], [ 140.5688932, 40.5841273 ], [ 140.5691536, 40.5840478 ], [ 140.5696297, 40.5839025 ], [ 140.5703179, 40.5836924 ], [ 140.5707708, 40.5835542 ], [ 140.5710875, 40.5834208 ], [ 140.571275, 40.5833333 ], [ 140.5716167, 40.5831417 ], [ 140.5718292, 40.5830208 ], [ 140.5722708, 40.5826292 ], [ 140.5727042, 40.5821833 ], [ 140.573225, 40.5816083 ] ] } },
{ "type": "Feature", "properties": { "N12_001": "02", "N12_002": 2, "N12_003": 6, "N12_004": "青森県道　小友板柳停車場線", "N12_005": 69, "N12_006": 1 }, "geometry": { "type": "LineString", "coordinates": [ [ 140.457902, 40.695594 ], [ 140.4579083, 40.6955958 ], [ 140.4580167, 40.6956333 ], [ 140.4581292, 40.6956792 ], [ 140.4582625, 40.6957417 ], [ 140.4585667, 40.6958917 ], [ 140.4591064, 40.6961705 ], [ 140.4593167, 40.6962792 ], [ 140.4595542, 40.6964 ] ] } },
{ "type": "Feature", "properties": { "N12_001": "02", "N12_002": 1, "N12_003": 6, "N12_004": "青森県道　青森環状野内線", "N12_005": 26, "N12_006": 3 }, "geometry": { "type": "LineString", "coordinates": [ [ 140.751878, 40.7717178 ], [ 140.751105, 40.7715953 ], [ 140.750155, 40.7714553 ], [ 140.749545, 40.7713653 ], [ 140.748455, 40.7711853 ], [ 140.747495, 40.7710353 ], [ 140.746485, 40.7708853 ], [ 140.745875, 40.7708053 ], [ 140.745405, 40.7707353 ], [ 140.744655, 40.7706353 ], [ 140.743985, 40.7705553 ], [ 140.742835, 40.7703853 ], [ 140.742525, 40.7703375 ], [ 140.742165, 40.7702953 ], [ 140.741655, 40.7702253 ], [ 140.741375, 40.7701853 ], [ 140.7409251, 40.7701353 ], [ 140.7405851, 40.7700853 ], [ 140.7401851, 40.7700153 ], [ 140.7396051, 40.7698953 ], [ 140.7394351, 40.7698653 ], [ 140.7392551, 40.7698153 ], [ 140.7394251, 40.7703453 ], [ 140.7394751, 40.7704853 ], [ 140.7395251, 40.7706953 ], [ 140.7395351, 40.7708553 ], [ 140.739435, 40.7717053 ], [ 140.739295, 40.7728053 ], [ 140.739265, 40.7731453 ], [ 140.739135, 40.7741953 ], [ 140.739035, 40.7749953 ], [ 140.738865, 40.7763253 ], [ 140.738795, 40.7770153 ], [ 140.738705, 40.7778253 ], [ 140.738585, 40.7787853 ], [ 140.738505, 40.7794853 ], [ 140.738455, 40.7798553 ], [ 140.738415, 40.7800053 ], [ 140.738345, 40.7802253 ], [ 140.738165, 40.7806053 ], [ 140.737905, 40.7810953 ], [ 140.737825, 40.7813753 ], [ 140.737815, 40.7815953 ], [ 140.737865, 40.7827654 ], [ 140.737875, 40.7828954 ], [ 140.737935, 40.7831754 ], [ 140.738095, 40.7838454 ], [ 140.738235, 40.7844654 ], [ 140.738285, 40.7847854 ], [ 140.738475, 40.7862454 ], [ 140.738485, 40.7864354 ] ] } },
{ "type": "Feature", "properties": { "N12_001": "02", "N12_002": 2, "N12_003": 6, "N12_004": "青森県道　久栗坂造道線", "N12_005": 70, "N12_006": 1 }, "geometry": { "type": "LineString", "coordinates": [ [ 140.8249792, 40.8549042 ], [ 140.8249042, 40.8547667 ], [ 140.8247875, 40.8546333 ], [ 140.8246583, 40.8545458 ], [ 140.8245583, 40.8544833 ], [ 140.8244417, 40.8544333 ], [ 140.8237958, 40.8542333 ], [ 140.8236526, 40.854197 ], [ 140.8235167, 40.8541625 ], [ 140.8232583, 40.8540583 ], [ 140.8230208, 40.8539458 ] ] } },
{ "type": "Feature", "properties": { "N12_001": "02", "N12_002": 1, "N12_003": 6, "N12_004": "青森県道　青森五所川原線", "N12_005": 71, "N12_006": 1 }, "geometry": { "type": "LineString", "coordinates": [ [ 140.457495, 40.8227456 ], [ 140.458485, 40.8230156 ], [ 140.459165, 40.8231556 ], [ 140.460375, 40.8233956 ], [ 140.462045, 40.8236856 ], [ 140.462405, 40.8237556 ], [ 140.4626148, 40.8238103 ] ] } },
{ "type": "Feature", "properties": { "N12_001": "02", "N12_002": 1, "N12_003": 6, "N12_004": "青森県道　青森浪岡線", "N12_005": 22, "N12_006": 3 }, "geometry": { "type": "LineString", "coordinates": [ [ 140.7597025, 40.7936444 ], [ 140.7588051, 40.7933581 ], [ 140.7581746, 40.7932213 ], [ 140.7575202, 40.7930726 ], [ 140.7570503, 40.7929596 ], [ 140.7563959, 40.7926978 ], [ 140.7555334, 40.7922755 ], [ 140.7541295, 40.7916211 ], [ 140.7535287, 40.7912345 ], [ 140.7531587, 40.7909101 ], [ 140.7528493, 40.7905472 ], [ 140.7524865, 40.7900654 ], [ 140.7519927, 40.7893396 ], [ 140.7514633, 40.7886198 ], [ 140.750922, 40.7880131 ], [ 140.750825, 40.7879457 ] ] } },
{ "type": "Feature", "properties": { "N12_001": "02", "N12_002": 2, "N12_003": 6, "N12_004": "青森県道　石川百田線", "N12_005": 72, "N12_006": 1 }, "geometry": { "type": "LineString", "coordinates": [ [ 140.4771625, 40.5967092 ], [ 140.4772862, 40.5965752 ], [ 140.4781862, 40.5955652 ], [ 140.4787462, 40.5949652 ], [ 140.4796562, 40.5939452 ], [ 140.4806462, 40.5928452 ] ] } },
{ "type": "Feature", "properties": { "N12_001": "02", "N12_002": 2, "N12_003": 6, "N12_004": "青森県道　相馬常盤野線", "N12_005": 73, "N12_006": 1 }, "geometry": { "type": "LineString", "coordinates": [ [ 140.2991162, 40.5759354 ], [ 140.2990062, 40.5760154 ], [ 140.2987362, 40.5761654 ], [ 140.2984362, 40.5763054 ], [ 140.2982962, 40.5763654 ], [ 140.2981062, 40.5764354 ], [ 140.2979762, 40.5765254 ], [ 140.2978762, 40.5765754 ], [ 140.2978162, 40.5766154 ], [ 140.2977062, 40.5767154 ], [ 140.2975962, 40.5768254 ], [ 140.2975062, 40.5768754 ], [ 140.2971862, 40.5770454 ], [ 140.2968862, 40.5772054 ], [ 140.2964662, 40.5773954 ], [ 140.2964063, 40.5774287 ] ] } },
{ "type": "Feature", "properties": { "N12_001": "02", "N12_002": 2, "N12_003": 6, "N12_004": "青森県道　蔵館大鰐線", "N12_005": 74, "N12_006": 1 }, "geometry": { "type": "LineString", "coordinates": [ [ 140.5697505, 40.5136808 ], [ 140.57035, 40.5139292 ], [ 140.5709833, 40.5141833 ], [ 140.5710546, 40.5142315 ], [ 140.5714708, 40.5145125 ], [ 140.5717228, 40.5146948 ], [ 140.5724958, 40.5152542 ], [ 140.5729333, 40.5156458 ], [ 140.5735583, 40.5162792 ], [ 140.5738708, 40.5166958 ], [ 140.5740708, 40.5170292 ], [ 140.5742708, 40.5173625 ], [ 140.5747205, 40.5181871 ], [ 140.5748631, 40.5185485 ], [ 140.5751008, 40.5188448 ], [ 140.57531, 40.5190038 ], [ 140.575329, 40.5192929 ], [ 140.5753432, 40.5200554 ], [ 140.5755191, 40.5207131 ], [ 140.5754621, 40.5214729 ], [ 140.5750133, 40.5228431 ], [ 140.5744201, 40.524459 ], [ 140.5740249, 40.5254917 ] ] } },
{ "type": "Feature", "properties": { "N12_001": "02", "N12_002": 2, "N12_003": 6, "N12_004": "青森県道　大俵板柳停車場線", "N12_005": 75, "N12_006": 1 }, "geometry": { "type": "LineString", "coordinates": [ [ 140.464233, 40.695993 ], [ 140.4641443, 40.6959743 ], [ 140.4633667, 40.695825 ], [ 140.4632208, 40.6958083 ], [ 140.4630458, 40.6958 ], [ 140.4628667, 40.6958083 ], [ 140.4626208, 40.6958625 ], [ 140.4624458, 40.6959042 ], [ 140.4618792, 40.6959708 ], [ 140.4616312, 40.6959771 ], [ 140.4612979, 40.6959875 ], [ 140.4610375, 40.6960042 ], [ 140.46075, 40.6960208 ], [ 140.4604687, 40.6960583 ], [ 140.4601625, 40.6961208 ], [ 140.4599667, 40.6961708 ], [ 140.4598333, 40.6962167 ], [ 140.4597083, 40.696275 ], [ 140.4595542, 40.6964 ] ] } },
{ "type": "Feature", "properties": { "N12_001": "02", "N12_002": 2, "N12_003": 6, "N12_004": "青森県道　大鰐浪岡線", "N12_005": 76, "N12_006": 1 }, "geometry": { "type": "LineString", "coordinates": [ [ 140.5686962, 40.5841652 ], [ 140.5686962, 40.584165 ], [ 140.5686862, 40.584065 ], [ 140.5686562, 40.583545 ], [ 140.5686362, 40.583045 ], [ 140.5685662, 40.582305 ], [ 140.5685562, 40.582095 ], [ 140.5685162, 40.581265 ], [ 140.5684362, 40.579595 ], [ 140.5683762, 40.578495 ], [ 140.5683462, 40.577715 ], [ 140.5682362, 40.575445 ], [ 140.5682162, 40.574995 ], [ 140.5681462, 40.573735 ], [ 140.5681263, 40.573355 ], [ 140.5681263, 40.573255 ], [ 140.5680863, 40.572835 ], [ 140.5680463, 40.572535 ], [ 140.5680063, 40.572385 ], [ 140.5679663, 40.572245 ], [ 140.5678663, 40.572015 ], [ 140.5677263, 40.571735 ], [ 140.5675963, 40.571495 ], [ 140.5673563, 40.571125 ], [ 140.5672763, 40.571005 ], [ 140.5671063, 40.570795 ], [ 140.5668763, 40.570555 ], [ 140.5667063, 40.570385 ], [ 140.5664063, 40.570115 ], [ 140.5662163, 40.569975 ], [ 140.5659463, 40.569785 ], [ 140.5656363, 40.569585 ], [ 140.5653763, 40.569455 ], [ 140.5651763, 40.569355 ], [ 140.5648463, 40.569195 ], [ 140.5645363, 40.569085 ], [ 140.5641363, 40.568955 ], [ 140.5638163, 40.568865 ], [ 140.5632663, 40.568755 ], [ 140.5628563, 40.568685 ], [ 140.5604863, 40.568265 ], [ 140.5594363, 40.568075 ], [ 140.5581963, 40.567845 ], [ 140.5559163, 40.567435 ], [ 140.5555663, 40.567385 ], [ 140.5532063, 40.566965 ], [ 140.5519363, 40.566755 ], [ 140.5515263, 40.566685 ], [ 140.5500063, 40.566425 ], [ 140.5498363, 40.566395 ], [ 140.5496063, 40.566345 ], [ 140.5490063, 40.566195 ], [ 140.5485263, 40.566055 ], [ 140.5483163, 40.565995 ], [ 140.5480363, 40.565905 ], [ 140.5475063, 40.565715 ], [ 140.5472063, 40.565585 ], [ 140.5468563, 40.565425 ], [ 140.5465863, 40.565305 ], [ 140.5462563, 40.565135 ], [ 140.5458263, 40.564935 ], [ 140.5452463, 40.564695 ], [ 140.5446863, 40.564525 ], [ 140.5441563, 40.564375 ], [ 140.5436663, 40.564275 ], [ 140.5434763, 40.564235 ], [ 140.5433063, 40.564205 ], [ 140.5430763, 40.564165 ], [ 140.5428363, 40.564135 ], [ 140.5424463, 40.564105 ], [ 140.5420263, 40.564095 ], [ 140.5417063, 40.564085 ], [ 140.5408963, 40.564075 ], [ 140.5386443, 40.5640293 ], [ 140.5378243, 40.5640094 ], [ 140.5373463, 40.563995 ] ] } },
{ "type": "Feature", "properties": { "N12_001": "02", "N12_002": 2, "N12_003": 6, "N12_004": "青森県道　大鰐浪岡線", "N12_005": 76, "N12_006": 2 }, "geometry": { "type": "LineString", "coordinates": [ [ 140.5973259, 40.6323652 ], [ 140.5975059, 40.6329452 ], [ 140.5975359, 40.6330352 ], [ 140.5976259, 40.6333252 ], [ 140.5976959, 40.6335352 ], [ 140.5977459, 40.6336852 ], [ 140.5978859, 40.6341452 ], [ 140.5980159, 40.6345452 ], [ 140.5981559, 40.6350152 ], [ 140.5981859, 40.6350952 ], [ 140.5982559, 40.6353552 ], [ 140.5983059, 40.6354952 ], [ 140.5985459, 40.6363452 ], [ 140.5986059, 40.6365252 ], [ 140.5988359, 40.6373252 ], [ 140.5988859, 40.6374852 ], [ 140.5991959, 40.6386052 ], [ 140.5992259, 40.6386952 ], [ 140.5994459, 40.6394652 ], [ 140.5995759, 40.6399352 ], [ 140.5996859, 40.6402652 ], [ 140.5997659, 40.6405152 ], [ 140.5997959, 40.6406052 ], [ 140.5998259, 40.6406952 ], [ 140.5998559, 40.6407952 ], [ 140.5999259, 40.6410752 ], [ 140.6000059, 40.6413452 ], [ 140.6000559, 40.6415352 ], [ 140.6001059, 40.6416652 ], [ 140.6001759, 40.6418952 ], [ 140.6001842, 40.6419326 ], [ 140.6001959, 40.6419852 ], [ 140.6003559, 40.6425152 ], [ 140.6004359, 40.6427852 ], [ 140.6005258, 40.6430752 ], [ 140.6006058, 40.6433252 ], [ 140.6006358, 40.6434152 ], [ 140.6006858, 40.6436152 ], [ 140.6007558, 40.6438352 ], [ 140.6007958, 40.6439952 ], [ 140.6008558, 40.6442052 ], [ 140.6008858, 40.6442752 ], [ 140.6009258, 40.6443952 ], [ 140.6009658, 40.6445452 ], [ 140.6010058, 40.6447152 ], [ 140.6010558, 40.6448752 ], [ 140.6012058, 40.6453152 ], [ 140.6012958, 40.6456652 ], [ 140.6013558, 40.6458552 ], [ 140.6014258, 40.6461452 ], [ 140.6014958, 40.6463952 ], [ 140.6015532, 40.6466738 ], [ 140.6015658, 40.6467352 ], [ 140.6017258, 40.6473952 ], [ 140.6018458, 40.6479552 ], [ 140.6019758, 40.6484752 ], [ 140.6020858, 40.6488852 ], [ 140.6023358, 40.6499952 ], [ 140.6024158, 40.6503852 ], [ 140.6024531, 40.6505451 ], [ 140.6024858, 40.6506852 ], [ 140.6026158, 40.6511652 ], [ 140.6027258, 40.6516153 ], [ 140.6027958, 40.6518453 ], [ 140.6028758, 40.6522053 ], [ 140.6029158, 40.6523153 ], [ 140.6029258, 40.6523953 ], [ 140.6031058, 40.6531553 ], [ 140.6031458, 40.6536453 ], [ 140.6031058, 40.6538453 ], [ 140.6030158, 40.6541453 ], [ 140.6028758, 40.6543953 ], [ 140.6026358, 40.6547553 ], [ 140.6023758, 40.6551553 ], [ 140.6020658, 40.6556053 ] ] } },
{ "type": "Feature", "properties": { "N12_001": "02", "N12_002": 2, "N12_003": 6, "N12_004": "青森県道　町居平賀停車場線", "N12_005": 77, "N12_006": 1 }, "geometry": { "type": "LineString", "coordinates": [ [ 140.5686962, 40.5841652 ], [ 140.5679162, 40.584385 ], [ 140.5673462, 40.584495 ], [ 140.5669462, 40.584575 ], [ 140.5668062, 40.584585 ], [ 140.5665333, 40.5846032 ], [ 140.5662062, 40.584625 ], [ 140.5660847, 40.5846327 ] ] } },
{ "type": "Feature", "properties": { "N12_001": "02", "N12_002": 2, "N12_003": 6, "N12_004": "青森県道　泊陸奥横浜停車場線", "N12_005": 78, "N12_006": 1 }, "geometry": { "type": "LineString", "coordinates": [ [ 141.2562529, 41.0843862 ], [ 141.2567829, 41.0843762 ], [ 141.2569901, 41.0843736 ] ] } },
{ "type": "Feature", "properties": { "N12_001": "02", "N12_002": 2, "N12_003": 6, "N12_004": "青森県道　八戸野辺地線", "N12_005": 17, "N12_006": 2 }, "geometry": { "type": "LineString", "coordinates": [ [ 141.4698167, 40.5369375 ], [ 141.4696844, 40.537011 ], [ 141.4695044, 40.537131 ], [ 141.4694583, 40.5371917 ], [ 141.469325, 40.5373439 ], [ 141.469235, 40.5374339 ], [ 141.469095, 40.5376539 ], [ 141.4686075, 40.5383708 ], [ 141.4684875, 40.5385708 ], [ 141.4684467, 40.538622 ], [ 141.468345, 40.5387139 ], [ 141.468235, 40.5387739 ], [ 141.467925, 40.5388539 ], [ 141.467605, 40.5389039 ], [ 141.467255, 40.5389539 ], [ 141.466985, 40.5389739 ], [ 141.466675, 40.5390139 ], [ 141.465475, 40.5391339 ], [ 141.465205, 40.5392239 ], [ 141.465155, 40.5392539 ], [ 141.465085, 40.5393139 ], [ 141.465055, 40.5393439 ], [ 141.465025, 40.5394139 ], [ 141.464995, 40.5395439 ], [ 141.464995, 40.5396539 ], [ 141.465015, 40.5397539 ], [ 141.465085, 40.5398839 ], [ 141.465105, 40.5399039 ], [ 141.465205, 40.5400239 ], [ 141.465265, 40.5400839 ], [ 141.465635, 40.5405439 ], [ 141.465705, 40.5406539 ], [ 141.465715, 40.5407039 ], [ 141.465715, 40.5407739 ], [ 141.465705, 40.5408539 ], [ 141.465655, 40.5409639 ], [ 141.465465, 40.5413039 ], [ 141.465335, 40.5415139 ], [ 141.465279, 40.5415923 ] ] } },
{ "type": "Feature", "properties": { "N12_001": "02", "N12_002": 1, "N12_003": 6, "N12_004": "青森県道　尾駮有戸停車場線", "N12_005": 33, "N12_006": 2 }, "geometry": { "type": "LineString", "coordinates": [ [ 141.3591522, 40.9440259 ], [ 141.364933, 40.9440259 ], [ 141.366673, 40.9440359 ], [ 141.369953, 40.9440359 ], [ 141.370753, 40.9440359 ], [ 141.370873, 40.9440359 ], [ 141.371423, 40.9440259 ], [ 141.375003, 40.9440059 ], [ 141.375713, 40.9440059 ] ] } },
{ "type": "Feature", "properties": { "N12_001": "02", "N12_002": 2, "N12_003": 6, "N12_004": "青森県道　福山五所川原線", "N12_005": 79, "N12_006": 1 }, "geometry": { "type": "LineString", "coordinates": [ [ 140.4564333, 40.8004875 ], [ 140.4572458, 40.8004625 ], [ 140.4579833, 40.8004417 ], [ 140.4588812, 40.8004146 ], [ 140.4597792, 40.8003875 ], [ 140.4608208, 40.8003542 ], [ 140.4611417, 40.8003417 ], [ 140.4615375, 40.800325 ], [ 140.4617542, 40.8003083 ], [ 140.4619458, 40.8002875 ], [ 140.4621375, 40.8002583 ], [ 140.4623167, 40.800225 ], [ 140.4624917, 40.8001792 ], [ 140.4626917, 40.8001167 ], [ 140.4629292, 40.8000333 ], [ 140.4631167, 40.7999542 ], [ 140.4633083, 40.7998708 ], [ 140.4634708, 40.7997958 ], [ 140.4635172, 40.7997718 ], [ 140.4641958, 40.7994208 ], [ 140.464525, 40.7992542 ], [ 140.4648125, 40.7991042 ], [ 140.4649625, 40.7990292 ], [ 140.4652458, 40.7988833 ], [ 140.4655792, 40.7987208 ], [ 140.4658042, 40.7986167 ], [ 140.4659833, 40.7985417 ], [ 140.466125, 40.7984875 ], [ 140.4662583, 40.7984417 ], [ 140.4663958, 40.7984 ], [ 140.4665667, 40.7983542 ], [ 140.4667167, 40.7983208 ], [ 140.4668625, 40.7982958 ], [ 140.4670016, 40.7982739 ], [ 140.4670208, 40.7982708 ], [ 140.4671833, 40.7982583 ], [ 140.4673458, 40.79825 ], [ 140.4675917, 40.7982417 ], [ 140.4678167, 40.7982458 ], [ 140.4680333, 40.7982542 ], [ 140.4682167, 40.798275 ], [ 140.4683958, 40.7983042 ], [ 140.4685792, 40.7983375 ], [ 140.4687667, 40.7983833 ], [ 140.46895, 40.7984333 ], [ 140.4691167, 40.7984875 ], [ 140.4693542, 40.7985792 ], [ 140.47105, 40.7992583 ], [ 140.471474, 40.7994255 ], [ 140.4716417, 40.7994917 ], [ 140.471925, 40.7995958 ], [ 140.4721792, 40.7996833 ], [ 140.4724708, 40.7997625 ], [ 140.4727833, 40.7998417 ], [ 140.473175, 40.7999375 ], [ 140.4736875, 40.8000583 ], [ 140.4751042, 40.8004 ], [ 140.4756875, 40.8005583 ], [ 140.4762708, 40.8007375 ], [ 140.4776875, 40.801175 ] ] } },
{ "type": "Feature", "properties": { "N12_001": "02", "N12_002": 2, "N12_003": 6, "N12_004": "青森県道　妙売市線", "N12_005": 80, "N12_006": 1 }, "geometry": { "type": "LineString", "coordinates": [ [ 141.5135152, 40.4952038 ], [ 141.5139417, 40.4947167 ], [ 141.5140708, 40.4946083 ], [ 141.5142042, 40.4945042 ], [ 141.5147042, 40.4942125 ] ] } },
{ "type": "Feature", "properties": { "N12_001": "02", "N12_002": 2, "N12_003": 6, "N12_004": "青森県道　名川階上線", "N12_005": 81, "N12_006": 1 }, "geometry": { "type": "LineString", "coordinates": [ [ 141.4466485, 40.4045051 ], [ 141.4466461, 40.4045037 ], [ 141.4457561, 40.4040937 ], [ 141.4455161, 40.4040037 ], [ 141.4450161, 40.4038437 ], [ 141.4440661, 40.4035537 ], [ 141.4433361, 40.4033437 ], [ 141.4423261, 40.4030837 ], [ 141.4416761, 40.4029337 ], [ 141.4413261, 40.4028537 ], [ 141.4407261, 40.4027637 ], [ 141.4405761, 40.4027437 ], [ 141.4400461, 40.4026537 ], [ 141.4397361, 40.4026137 ], [ 141.4393761, 40.4025837 ], [ 141.4389561, 40.4026237 ], [ 141.4388061, 40.4026437 ], [ 141.4386461, 40.4026737 ], [ 141.4384261, 40.4027537 ], [ 141.4382561, 40.4028237 ], [ 141.4380861, 40.4029037 ], [ 141.4379461, 40.4029837 ], [ 141.4377561, 40.4030937 ], [ 141.4375461, 40.4032037 ], [ 141.4374561, 40.4032537 ], [ 141.4371861, 40.4034137 ], [ 141.4368761, 40.4035737 ], [ 141.4366361, 40.4036637 ], [ 141.4365261, 40.4037037 ], [ 141.4364261, 40.4037437 ], [ 141.4363261, 40.4037737 ], [ 141.4360761, 40.4038537 ], [ 141.4358561, 40.4039037 ], [ 141.4356161, 40.4039437 ], [ 141.4343761, 40.4041837 ], [ 141.434293, 40.4041975 ] ] } },
{ "type": "Feature", "properties": { "N12_001": "02", "N12_002": 2, "N12_003": 6, "N12_004": "青森県道　鰺ヶ沢蟹田線", "N12_005": 82, "N12_006": 1 }, "geometry": { "type": "LineString", "coordinates": [ [ 140.6363417, 41.0470833 ], [ 140.6363817, 41.0470733 ], [ 140.6364617, 41.0470533 ], [ 140.6366617, 41.0470033 ], [ 140.6371121, 41.0469783 ], [ 140.6374621, 41.0469483 ], [ 140.6378021, 41.0469583 ], [ 140.6385014, 41.0470092 ], [ 140.6387114, 41.0470292 ], [ 140.6391914, 41.0470592 ], [ 140.6399314, 41.0470792 ], [ 140.6404212, 41.0470798 ], [ 140.6410333, 41.0470833 ], [ 140.6414912, 41.0470943 ], [ 140.6417542, 41.0470854 ], [ 140.6419542, 41.047075 ], [ 140.6422792, 41.0470333 ], [ 140.6426873, 41.0469248 ], [ 140.6431329, 41.0468065 ], [ 140.643625, 41.0467583 ] ] } },
{ "type": "Feature", "properties": { "N12_001": "02", "N12_002": 2, "N12_003": 9, "N12_004": "-", "N12_005": 83, "N12_006": 1 }, "geometry": { "type": "LineString", "coordinates": [ [ 140.5466049, 40.6238424 ], [ 140.5464208, 40.6241917 ], [ 140.5463083, 40.6246042 ], [ 140.5466458, 40.6274542 ], [ 140.5466792, 40.627775 ], [ 140.546736, 40.6279229 ], [ 140.5468269, 40.6280091 ], [ 140.5468649, 40.6281191 ], [ 140.5468911, 40.6282526 ], [ 140.5468649, 40.6284023 ], [ 140.5468174, 40.6285935 ], [ 140.5468079, 40.6287505 ], [ 140.5469244, 40.62973 ], [ 140.5469505, 40.6301448 ], [ 140.5469101, 40.6309854 ], [ 140.5468875, 40.6315625 ] ] } },
{ "type": "Feature", "properties": { "N12_001": "02", "N12_002": 1, "N12_003": 3, "N12_004": "一般国道279号", "N12_005": 12, "N12_006": 6 }, "geometry": { "type": "LineString", "coordinates": [ [ 141.2651552, 40.9714024 ], [ 141.26505, 40.9714333 ], [ 141.2646971, 40.9715371 ] ] } },
{ "type": "Feature", "properties": { "N12_001": "02", "N12_002": 2, "N12_003": 7, "N12_004": "六戸町道　官庁街線", "N12_005": 84, "N12_006": 1 }, "geometry": { "type": "LineString", "coordinates": [ [ 141.325625, 40.6071644 ], [ 141.3258085, 40.6102489 ] ] } },
{ "type": "Feature", "properties": { "N12_001": "02", "N12_002": 2, "N12_003": 7, "N12_004": "十和田市道　官庁街通り線", "N12_005": 85, "N12_006": 1 }, "geometry": { "type": "LineString", "coordinates": [ [ 141.2130876, 40.6154003 ], [ 141.2039325, 40.6112507 ] ] } },
{ "type": "Feature", "properties": { "N12_001": "02", "N12_002": 2, "N12_003": 7, "N12_004": "三戸町道　在府小路1号線", "N12_005": 86, "N12_006": 1 }, "geometry": { "type": "LineString", "coordinates": [ [ 141.2590682, 40.3784878 ], [ 141.2588076, 40.3778022 ] ] } },
{ "type": "Feature", "properties": { "N12_001": "02", "N12_002": 1, "N12_003": 7, "N12_004": "青森市道　花園幸畑線", "N12_005": 87, "N12_006": 1 }, "geometry": { "type": "LineString", "coordinates": [ [ 140.7705848, 40.8218755 ], [ 140.7708148, 40.8215855 ], [ 140.7710806, 40.8213746 ], [ 140.7712246, 40.8212695 ], [ 140.7715891, 40.8209236 ], [ 140.7719291, 40.8205836 ], [ 140.7719991, 40.8205136 ], [ 140.7720891, 40.8204036 ], [ 140.7727891, 40.8196936 ], [ 140.7731091, 40.8193436 ], [ 140.7733583, 40.8190479 ], [ 140.7735218, 40.818865 ], [ 140.7736518, 40.818725 ], [ 140.7737318, 40.818625 ], [ 140.7738083, 40.8185409 ], [ 140.7739318, 40.818405 ], [ 140.7741618, 40.818175 ], [ 140.7744218, 40.817845 ], [ 140.7746948, 40.8173155 ], [ 140.7747748, 40.8171855 ], [ 140.7750048, 40.8166455 ], [ 140.7750848, 40.8164555 ], [ 140.7753748, 40.8157455 ], [ 140.7754748, 40.8154355 ], [ 140.7759296, 40.8143221 ], [ 140.7759996, 40.8141521 ], [ 140.7760896, 40.8139821 ], [ 140.7761948, 40.8136955 ], [ 140.7763348, 40.8135155 ], [ 140.7764244, 40.8133722 ] ] } },
{ "type": "Feature", "properties": { "N12_001": "02", "N12_002": 1, "N12_003": 7, "N12_004": "三沢市道　122号線", "N12_005": 88, "N12_006": 1 }, "geometry": { "type": "LineString", "coordinates": [ [ 141.3877295, 40.6920096 ], [ 141.3875292, 40.6945625 ], [ 141.3875, 40.6957167 ] ] } },
{ "type": "Feature", "properties": { "N12_001": "02", "N12_002": 2, "N12_003": 7, "N12_004": "三沢市道　46号線", "N12_005": 89, "N12_006": 1 }, "geometry": { "type": "LineString", "coordinates": [ [ 141.3773777, 40.6865133 ], [ 141.3749422, 40.6861877 ], [ 141.3720844, 40.6857725 ], [ 141.3701649, 40.6852318 ], [ 141.3698426, 40.6850977 ], [ 141.3685762, 40.6837957 ] ] } },
{ "type": "Feature", "properties": { "N12_001": "02", "N12_002": 2, "N12_003": 7, "N12_004": "三沢市道　32号線", "N12_005": 90, "N12_006": 1 }, "geometry": { "type": "LineString", "coordinates": [ [ 141.3685762, 40.6837957 ], [ 141.3691375, 40.6834875 ] ] } },
{ "type": "Feature", "properties": { "N12_001": "02", "N12_002": 1, "N12_003": 6, "N12_004": "青森県道　三沢十和田線", "N12_005": 18, "N12_006": 2 }, "geometry": { "type": "LineString", "coordinates": [ [ 141.3877295, 40.6920096 ], [ 141.387664, 40.6920049 ], [ 141.387184, 40.6919649 ], [ 141.3867141, 40.6919349 ], [ 141.3861941, 40.6918849 ], [ 141.3856741, 40.6918449 ], [ 141.3853841, 40.6918249 ], [ 141.3850841, 40.6917849 ], [ 141.3847841, 40.6917449 ], [ 141.3845041, 40.6916949 ], [ 141.3837941, 40.6915749 ], [ 141.3831041, 40.6913949 ], [ 141.3828741, 40.6913249 ], [ 141.3825341, 40.6912449 ], [ 141.3824341, 40.6912149 ], [ 141.3822941, 40.6911849 ], [ 141.3817841, 40.6910549 ], [ 141.3815941, 40.6910049 ], [ 141.3811141, 40.6908749 ], [ 141.3808641, 40.6908049 ], [ 141.3804641, 40.6907249 ], [ 141.3804041, 40.6907149 ], [ 141.3801041, 40.6906749 ], [ 141.3796341, 40.6905949 ], [ 141.3794941, 40.6905749 ], [ 141.3792741, 40.6905349 ], [ 141.3786641, 40.6904249 ], [ 141.3780941, 40.6903349 ], [ 141.3774241, 40.6902849 ], [ 141.3772335, 40.6902538 ], [ 141.3771641, 40.6902244 ] ] } },
{ "type": "Feature", "properties": { "N12_001": "02", "N12_002": 2, "N12_003": 7, "N12_004": "三沢市道　岡三沢1号線", "N12_005": 91, "N12_006": 1 }, "geometry": { "type": "LineString", "coordinates": [ [ 141.3771641, 40.6902244 ], [ 141.3771648, 40.6903009 ], [ 141.3771107, 40.6908361 ], [ 141.3770292, 40.6916417 ], [ 141.3769917, 40.6922125 ], [ 141.3769917, 40.6923958 ], [ 141.3770042, 40.6927792 ], [ 141.3770167, 40.6929792 ], [ 141.3771208, 40.6934833 ], [ 141.3772083, 40.6937375 ], [ 141.3775417, 40.6945042 ], [ 141.3779, 40.6953875 ], [ 141.3781083, 40.6959 ], [ 141.3781833, 40.696125 ], [ 141.3782042, 40.6963042 ], [ 141.3782083, 40.6965125 ], [ 141.3781375, 40.6976292 ] ] } },
{ "type": "Feature", "properties": { "N12_001": "02", "N12_002": 2, "N12_003": 3, "N12_004": "一般国道104号", "N12_005": 11, "N12_006": 2 }, "geometry": { "type": "LineString", "coordinates": [ [ 141.240367, 40.3694928 ], [ 141.240327, 40.3694828 ], [ 141.240167, 40.3694628 ], [ 141.239187, 40.3693128 ], [ 141.238977, 40.3692528 ], [ 141.238737, 40.3691528 ], [ 141.238567, 40.3690728 ], [ 141.238157, 40.3688528 ], [ 141.237777, 40.3686628 ], [ 141.237307, 40.3684328 ], [ 141.236867, 40.3682128 ], [ 141.236477, 40.3680328 ], [ 141.236347, 40.3679628 ], [ 141.236017, 40.3677928 ], [ 141.235317, 40.3674328 ], [ 141.235217, 40.3673828 ], [ 141.234537, 40.3670928 ], [ 141.2335071, 40.3666628 ], [ 141.2332871, 40.3665728 ], [ 141.2331371, 40.3665028 ], [ 141.2318471, 40.3659628 ], [ 141.2303371, 40.3653328 ], [ 141.2295771, 40.3650128 ], [ 141.2293471, 40.3649128 ], [ 141.2287071, 40.3646528 ], [ 141.2284071, 40.3645728 ], [ 141.2282871, 40.3645428 ], [ 141.2275871, 40.3644528 ], [ 141.2265971, 40.3642628 ], [ 141.2258071, 40.3640928 ], [ 141.2249471, 40.3639228 ], [ 141.2238271, 40.3636828 ], [ 141.2234071, 40.3635928 ], [ 141.2227071, 40.3635028 ], [ 141.2222271, 40.3634528 ], [ 141.2218071, 40.3634328 ], [ 141.2213671, 40.3635128 ], [ 141.2210471, 40.3635428 ], [ 141.2207671, 40.3635828 ], [ 141.2204471, 40.3635928 ], [ 141.2201071, 40.3635628 ], [ 141.2196771, 40.3635028 ], [ 141.2194271, 40.3634628 ], [ 141.2191771, 40.3634328 ], [ 141.2188871, 40.3633928 ], [ 141.2185371, 40.3633328 ], [ 141.2182671, 40.3632728 ], [ 141.2180771, 40.3632328 ], [ 141.2174871, 40.3630828 ], [ 141.2171171, 40.3630028 ], [ 141.2166771, 40.3629028 ], [ 141.2161171, 40.3627728 ], [ 141.2152371, 40.3626328 ], [ 141.2143371, 40.3624528 ], [ 141.2135971, 40.3622728 ], [ 141.2130271, 40.3621128 ], [ 141.2127871, 40.3620328 ], [ 141.2124671, 40.3618928 ], [ 141.2118671, 40.3615528 ], [ 141.2111171, 40.3610628 ], [ 141.2107371, 40.3608528 ], [ 141.2099571, 40.3604028 ], [ 141.2094371, 40.3601128 ], [ 141.2088571, 40.3597828 ], [ 141.2083371, 40.3594828 ], [ 141.2075871, 40.3590628 ], [ 141.2073671, 40.3589328 ], [ 141.2071771, 40.3588228 ], [ 141.2068671, 40.3586428 ], [ 141.2064271, 40.3584228 ], [ 141.2062571, 40.3583228 ], [ 141.2061671, 40.3582728 ], [ 141.2059871, 40.3581928 ], [ 141.2055971, 40.3581028 ], [ 141.2047471, 40.3579728 ], [ 141.2041571, 40.3578828 ], [ 141.2029371, 40.3577128 ], [ 141.2022571, 40.3575928 ], [ 141.2018371, 40.3575028 ], [ 141.2014971, 40.3574028 ], [ 141.2008571, 40.3572628 ], [ 141.2003071, 40.3571328 ], [ 141.2000071, 40.3570628 ], [ 141.1998271, 40.3570128 ], [ 141.1992971, 40.3569228 ], [ 141.1987871, 40.3568028 ], [ 141.1986171, 40.3567528 ], [ 141.1984471, 40.3567228 ], [ 141.1981371, 40.3566528 ], [ 141.1971471, 40.3566028 ], [ 141.1954871, 40.3566228 ], [ 141.1949271, 40.3566228 ], [ 141.1931971, 40.3566228 ], [ 141.1929571, 40.3566328 ], [ 141.1922771, 40.3566428 ], [ 141.1918871, 40.3566428 ], [ 141.1916771, 40.3566628 ], [ 141.1909971, 40.3568128 ], [ 141.1905871, 40.3569828 ], [ 141.1902171, 40.3571528 ], [ 141.1898471, 40.3573528 ], [ 141.1893771, 40.3576328 ], [ 141.1891571, 40.3577428 ], [ 141.1888271, 40.3578928 ], [ 141.1885871, 40.3579728 ], [ 141.1883571, 40.3580128 ], [ 141.1880071, 40.3580528 ], [ 141.1867971, 40.3580528 ], [ 141.1863671, 40.3580328 ], [ 141.1859271, 40.3580328 ], [ 141.1855371, 40.3580128 ], [ 141.1851871, 40.3579528 ], [ 141.1848371, 40.3578528 ], [ 141.1845371, 40.3577428 ], [ 141.1843771, 40.3576828 ], [ 141.1840971, 40.3575328 ], [ 141.1838971, 40.3574228 ], [ 141.1836971, 40.3572828 ], [ 141.1832971, 40.3569228 ], [ 141.1830571, 40.3567128 ], [ 141.1825771, 40.3562428 ], [ 141.1824771, 40.3561528 ], [ 141.1823071, 40.3559928 ], [ 141.1822471, 40.3559128 ], [ 141.1817271, 40.3553428 ], [ 141.1816071, 40.3551828 ], [ 141.1812171, 40.3546728 ], [ 141.1809671, 40.3543728 ], [ 141.1806271, 40.3539728 ], [ 141.1803771, 40.3537128 ], [ 141.1800871, 40.3534428 ], [ 141.1800171, 40.3533828 ], [ 141.1792771, 40.3528128 ], [ 141.1779371, 40.3518728 ], [ 141.1774171, 40.3515128 ], [ 141.1769571, 40.3511828 ], [ 141.1762572, 40.3507028 ], [ 141.1756972, 40.3502928 ], [ 141.1753572, 40.3500428 ], [ 141.1751572, 40.3499128 ], [ 141.1747172, 40.3495928 ], [ 141.1745072, 40.3494628 ], [ 141.1739772, 40.3492728 ], [ 141.1739472, 40.3492428 ], [ 141.1728872, 40.3488428 ], [ 141.1724072, 40.3486628 ], [ 141.1721072, 40.3485428 ], [ 141.1716672, 40.3483728 ], [ 141.1713272, 40.3482328 ], [ 141.1710672, 40.3481328 ], [ 141.1706272, 40.3479528 ], [ 141.1699572, 40.3476928 ], [ 141.1698172, 40.3476428 ], [ 141.1690472, 40.3473328 ], [ 141.1685772, 40.3471528 ], [ 141.1685172, 40.3471228 ], [ 141.1680472, 40.3469428 ], [ 141.1673672, 40.3466628 ], [ 141.1670072, 40.3465128 ], [ 141.1666872, 40.3464028 ], [ 141.1659272, 40.3461228 ], [ 141.1655572, 40.3460128 ], [ 141.1650572, 40.3459128 ], [ 141.1648472, 40.3458928 ], [ 141.1647272, 40.3458728 ], [ 141.1641972, 40.3458228 ], [ 141.1630872, 40.3457428 ], [ 141.1622972, 40.3456728 ], [ 141.1617572, 40.3456328 ], [ 141.1614472, 40.3455928 ], [ 141.1612172, 40.3455528 ], [ 141.1606772, 40.3453828 ], [ 141.1603472, 40.3452628 ], [ 141.1602172, 40.3452028 ], [ 141.1600872, 40.3451228 ], [ 141.1599772, 40.3450528 ], [ 141.1597272, 40.3448728 ], [ 141.1590772, 40.3444328 ], [ 141.1585672, 40.3441128 ], [ 141.1584172, 40.3440328 ], [ 141.1583572, 40.3440028 ], [ 141.1581872, 40.3439028 ], [ 141.1581172, 40.3438628 ], [ 141.1578772, 40.3437428 ], [ 141.1578272, 40.3437228 ], [ 141.1577172, 40.3436628 ], [ 141.1569773, 40.3432628 ], [ 141.1569173, 40.3432328 ], [ 141.1568673, 40.3432028 ], [ 141.1554273, 40.3424628 ], [ 141.1548673, 40.3421728 ], [ 141.1545573, 40.3420128 ], [ 141.1540573, 40.3418028 ], [ 141.1536973, 40.3416628 ], [ 141.1530273, 40.3413928 ], [ 141.1527873, 40.3412928 ], [ 141.1521373, 40.3410128 ], [ 141.1521087, 40.3410033 ], [ 141.1521016, 40.3410009 ] ] } },
{ "type": "Feature", "properties": { "N12_001": "02", "N12_002": 2, "N12_003": 7, "N12_004": "弘前市道　運動公園線", "N12_005": 92, "N12_006": 1 }, "geometry": { "type": "LineString", "coordinates": [ [ 140.4994636, 40.5961608 ], [ 140.4994667, 40.5960375 ], [ 140.4998667, 40.5955833 ], [ 140.4999583, 40.5953542 ], [ 140.499925, 40.5949083 ], [ 140.4997897, 40.5942334 ], [ 140.4995375, 40.5930083 ], [ 140.5043515, 40.5924302 ] ] } },
{ "type": "Feature", "properties": { "N12_001": "02", "N12_002": 2, "N12_003": 7, "N12_004": "弘前市道　小比内門外線", "N12_005": 93, "N12_006": 1 }, "geometry": { "type": "LineString", "coordinates": [ [ 140.4973083, 40.5819708 ], [ 140.4974687, 40.5821109 ], [ 140.4980667, 40.5826333 ], [ 140.4983708, 40.5829042 ], [ 140.49885, 40.5833333 ], [ 140.4989954, 40.5834626 ], [ 140.49915, 40.5836 ], [ 140.4994042, 40.5838042 ], [ 140.4997, 40.5840167 ], [ 140.4999125, 40.5841583 ], [ 140.5, 40.5842 ], [ 140.5003917, 40.5844042 ], [ 140.5008042, 40.5845792 ], [ 140.5010831, 40.5846773 ], [ 140.5012542, 40.5847375 ], [ 140.5016333, 40.5848458 ], [ 140.5020542, 40.5849417 ], [ 140.5023917, 40.5849958 ], [ 140.5028417, 40.5850458 ], [ 140.5055042, 40.5852875 ], [ 140.5071583, 40.5854417 ], [ 140.50775, 40.5855292 ], [ 140.5078794, 40.5855605 ] ] } },
{ "type": "Feature", "properties": { "N12_001": "02", "N12_002": 2, "N12_003": 7, "N12_004": "弘前市道　小沢原ケ平線", "N12_005": 94, "N12_006": 1 }, "geometry": { "type": "LineString", "coordinates": [ [ 140.46455, 40.5680542 ], [ 140.4649667, 40.5677792 ], [ 140.46535, 40.567525 ], [ 140.4661708, 40.5669703 ], [ 140.466725, 40.5665958 ], [ 140.4670792, 40.56635 ], [ 140.4672167, 40.5663 ], [ 140.4673458, 40.5662667 ], [ 140.4675542, 40.5662417 ], [ 140.4677708, 40.5662333 ], [ 140.4684011, 40.5662546 ], [ 140.4685125, 40.5662583 ], [ 140.4687333, 40.5662583 ], [ 140.4688917, 40.56625 ], [ 140.4690917, 40.5662333 ], [ 140.4694292, 40.5661833 ], [ 140.4695792, 40.5661625 ], [ 140.4697417, 40.5661208 ], [ 140.4698708, 40.5660875 ], [ 140.47, 40.5660708 ], [ 140.4701583, 40.5660583 ], [ 140.470425, 40.5660708 ], [ 140.470975, 40.5660875 ], [ 140.471425, 40.5660875 ], [ 140.4717211, 40.5660726 ], [ 140.4719208, 40.5660625 ], [ 140.4719531, 40.5660619 ], [ 140.4723375, 40.5660542 ], [ 140.4727125, 40.5660417 ], [ 140.4728542, 40.5660375 ], [ 140.4729833, 40.5660208 ], [ 140.4733792, 40.565925 ], [ 140.4739875, 40.5658125 ], [ 140.4741542, 40.5657917 ], [ 140.4742625, 40.5657875 ], [ 140.4744458, 40.5657833 ], [ 140.4745417, 40.5657708 ], [ 140.4746208, 40.5657417 ], [ 140.4747875, 40.5656833 ], [ 140.4748958, 40.5656333 ], [ 140.4756894, 40.5653375 ], [ 140.4758458, 40.5652792 ], [ 140.4759708, 40.5652333 ], [ 140.4760833, 40.565225 ], [ 140.4762542, 40.5652375 ], [ 140.4764167, 40.5652833 ], [ 140.4765375, 40.5653417 ], [ 140.4766333, 40.5654208 ], [ 140.4767792, 40.5655708 ], [ 140.4768708, 40.565625 ], [ 140.4769463, 40.5656344 ], [ 140.4769708, 40.5656375 ], [ 140.4771167, 40.5656333 ], [ 140.4773458, 40.5656208 ], [ 140.4774958, 40.5656125 ], [ 140.4777958, 40.5655917 ], [ 140.4781875, 40.5655833 ], [ 140.4782526, 40.5655848 ], [ 140.478375, 40.5655875 ], [ 140.478725, 40.5656208 ], [ 140.4791333, 40.565625 ], [ 140.47945, 40.5656125 ], [ 140.4795833, 40.5656208 ], [ 140.4797333, 40.5656542 ], [ 140.4798, 40.5657042 ], [ 140.4799625, 40.5658333 ], [ 140.4801, 40.565925 ], [ 140.4803929, 40.5660868 ], [ 140.4806958, 40.5662542 ], [ 140.4810667, 40.5664958 ], [ 140.4812417, 40.5666208 ], [ 140.4812708, 40.5666333 ], [ 140.4813542, 40.5666792 ], [ 140.4815292, 40.5667917 ], [ 140.4820708, 40.5671333 ], [ 140.4823667, 40.56735 ], [ 140.4824208, 40.5673875 ], [ 140.4826083, 40.5675292 ], [ 140.4827538, 40.5676628 ] ] } },
{ "type": "Feature", "properties": { "N12_001": "02", "N12_002": 2, "N12_003": 7, "N12_004": "弘前市道　門外原ケ平線", "N12_005": 95, "N12_006": 1 }, "geometry": { "type": "LineString", "coordinates": [ [ 140.4827538, 40.5676628 ], [ 140.4827625, 40.5676708 ], [ 140.4831417, 40.5680167 ], [ 140.483225, 40.568075 ], [ 140.4832917, 40.5681083 ], [ 140.4835833, 40.5682333 ], [ 140.4836625, 40.5682708 ], [ 140.483685, 40.5682827 ], [ 140.4837333, 40.5683083 ], [ 140.4838292, 40.5683667 ], [ 140.4839083, 40.5684292 ], [ 140.4841417, 40.5686167 ], [ 140.4846417, 40.5690083 ], [ 140.4847208, 40.5690583 ], [ 140.484825, 40.5691083 ], [ 140.4851875, 40.5692542 ], [ 140.4852708, 40.5692875 ], [ 140.4858958, 40.5695542 ], [ 140.4865, 40.5697875 ], [ 140.4866583, 40.5698167 ], [ 140.4870833, 40.5698792 ], [ 140.4871333, 40.5698875 ], [ 140.4873333, 40.5699208 ], [ 140.4876125, 40.5699708 ], [ 140.4876667, 40.5699792 ], [ 140.4878167, 40.5700208 ], [ 140.4879708, 40.5700667 ], [ 140.48799, 40.5700733 ], [ 140.48815, 40.5701292 ], [ 140.4882, 40.57015 ], [ 140.4885667, 40.5702917 ], [ 140.4889542, 40.5704417 ], [ 140.4893667, 40.5706 ], [ 140.4898833, 40.5708 ], [ 140.4903792, 40.5709625 ], [ 140.4906125, 40.5710625 ], [ 140.4910458, 40.5712458 ], [ 140.4915167, 40.5714167 ], [ 140.4920167, 40.5716333 ], [ 140.4924417, 40.5718417 ], [ 140.4928083, 40.57205 ], [ 140.4938333, 40.5726417 ], [ 140.4939055, 40.5726804 ], [ 140.4943, 40.5728917 ] ] } },
{ "type": "Feature", "properties": { "N12_001": "02", "N12_002": 2, "N12_003": 7, "N12_004": "弘前市道　泉野一号線", "N12_005": 96, "N12_006": 1 }, "geometry": { "type": "LineString", "coordinates": [ [ 140.4943, 40.5728917 ], [ 140.4934375, 40.573875 ], [ 140.4933792, 40.5739375 ], [ 140.4927268, 40.5746735 ], [ 140.4924042, 40.5750375 ], [ 140.4922042, 40.5752125 ], [ 140.4914667, 40.5757542 ], [ 140.4914477, 40.5757689 ], [ 140.4910001, 40.5761177 ], [ 140.4907875, 40.5762833 ], [ 140.4906375, 40.5763583 ] ] } },
{ "type": "Feature", "properties": { "N12_001": "02", "N12_002": 2, "N12_003": 7, "N12_004": "弘前市道　小比内松原線", "N12_005": 97, "N12_006": 1 }, "geometry": { "type": "LineString", "coordinates": [ [ 140.4906375, 40.5763583 ], [ 140.4910833, 40.5767083 ], [ 140.49165, 40.5771708 ], [ 140.4920417, 40.5775292 ], [ 140.4922564, 40.5776991 ], [ 140.4926208, 40.5779875 ], [ 140.4932, 40.5784458 ], [ 140.4941583, 40.5792083 ], [ 140.4945708, 40.5795333 ], [ 140.494675, 40.5796125 ], [ 140.4955042, 40.5803417 ], [ 140.4955441, 40.5803762 ], [ 140.4955797, 40.5804069 ], [ 140.4965125, 40.5812125 ], [ 140.4970333, 40.5816875 ], [ 140.4973083, 40.5819708 ] ] } },
{ "type": "Feature", "properties": { "N12_001": "02", "N12_002": 2, "N12_003": 7, "N12_004": "弘前市道　土手町俵元線", "N12_005": 98, "N12_006": 1 }, "geometry": { "type": "LineString", "coordinates": [ [ 140.4771625, 40.5967092 ], [ 140.4779625, 40.5971417 ] ] } },
{ "type": "Feature", "properties": { "N12_001": "02", "N12_002": 2, "N12_003": 9, "N12_004": "-", "N12_005": 99, "N12_006": 1 }, "geometry": { "type": "LineString", "coordinates": [ [ 140.7317831, 40.8327616 ], [ 140.7314922, 40.8326968 ], [ 140.7311644, 40.832496 ], [ 140.731153, 40.8323377 ], [ 140.7311834, 40.8322111 ], [ 140.7308107, 40.8320155 ], [ 140.7301719, 40.8323032 ], [ 140.7297916, 40.8324873 ], [ 140.7294797, 40.8326197 ], [ 140.7288751, 40.832824 ], [ 140.7298448, 40.833972 ], [ 140.7305582, 40.8326838 ], [ 140.7309492, 40.8324835 ], [ 140.7310827, 40.8324393 ], [ 140.7311644, 40.832496 ] ] } },
{ "type": "Feature", "properties": { "N12_001": "02", "N12_002": 2, "N12_003": 3, "N12_004": "一般国道101号", "N12_005": 8, "N12_006": 5 }, "geometry": { "type": "LineString", "coordinates": [ [ 140.4404721, 40.8101851 ], [ 140.439885, 40.8101256 ], [ 140.439075, 40.8100256 ], [ 140.435165, 40.8095156 ], [ 140.434835, 40.8094856 ], [ 140.433795, 40.8093356 ], [ 140.433395, 40.8092856 ], [ 140.431885, 40.8090956 ], [ 140.431515, 40.8090456 ], [ 140.431085, 40.8089856 ], [ 140.430185, 40.8088756 ], [ 140.429305, 40.8087356 ], [ 140.428905, 40.8086656 ], [ 140.428525, 40.8085656 ], [ 140.428225, 40.8084856 ], [ 140.427935, 40.8083756 ], [ 140.427815, 40.8083256 ], [ 140.427365, 40.8081256 ], [ 140.426685, 40.8078256 ], [ 140.425915, 40.8074956 ], [ 140.425005, 40.8071056 ], [ 140.424105, 40.8067356 ], [ 140.423385, 40.8064656 ], [ 140.422655, 40.8062856 ], [ 140.4219293, 40.806124 ] ] } },
{ "type": "Feature", "properties": { "N12_001": "02", "N12_002": 1, "N12_003": 9, "N12_004": "-", "N12_005": 100, "N12_006": 1 }, "geometry": { "type": "LineString", "coordinates": [ [ 141.1471739, 40.7874251 ], [ 141.153864, 40.7866097 ], [ 141.1601815, 40.7811131 ], [ 141.1672128, 40.775224 ], [ 141.1693489, 40.7725851 ], [ 141.1835186, 40.7594505 ], [ 141.1873962, 40.75613 ], [ 141.1981395, 40.7489559 ], [ 141.2011376, 40.7454938 ], [ 141.2056792, 40.7428792 ] ] } },
{ "type": "Feature", "properties": { "N12_001": "02", "N12_002": 2, "N12_003": 9, "N12_004": "-", "N12_005": 101, "N12_006": 1 }, "geometry": { "type": "LineString", "coordinates": [ [ 141.2243668, 40.7806325 ], [ 141.2242917, 40.7807417 ], [ 141.2239708, 40.7811625 ], [ 141.2238667, 40.7813375 ], [ 141.2237458, 40.7816167 ], [ 141.2236333, 40.7826792 ], [ 141.2236292, 40.7829375 ], [ 141.2237375, 40.7832958 ], [ 141.2237708, 40.7835917 ], [ 141.2237917, 40.7849083 ], [ 141.2237875, 40.78565 ], [ 141.223775, 40.7857292 ], [ 141.2236333, 40.7861 ], [ 141.223475, 40.7865292 ], [ 141.2232125, 40.7872042 ], [ 141.2231375, 40.7875042 ], [ 141.2230542, 40.7878375 ], [ 141.2229958, 40.7879583 ], [ 141.2228208, 40.788175 ], [ 141.2221958, 40.7888208 ], [ 141.2217292, 40.7892958 ], [ 141.2214625, 40.78955 ], [ 141.2207417, 40.7901042 ], [ 141.2203708, 40.7904 ], [ 141.2194125, 40.7911333 ], [ 141.2186083, 40.7917542 ], [ 141.217825, 40.7923375 ], [ 141.2175083, 40.792625 ], [ 141.2169333, 40.79315 ], [ 141.216575, 40.7934333 ], [ 141.2161875, 40.7937083 ], [ 141.215725, 40.7939792 ], [ 141.215125, 40.7942917 ], [ 141.2145333, 40.7946333 ], [ 141.2143333, 40.7947417 ], [ 141.21395, 40.7953833 ], [ 141.2136625, 40.7957458 ], [ 141.2133083, 40.7962 ], [ 141.2129333, 40.7966333 ], [ 141.2127458, 40.7968792 ], [ 141.2126708, 40.7969875 ], [ 141.2126333, 40.7970875 ], [ 141.2126208, 40.797175 ], [ 141.2125958, 40.7978958 ], [ 141.2125958, 40.7982542 ], [ 141.21265, 40.7986542 ], [ 141.2127042, 40.7989917 ], [ 141.2127292, 40.7992167 ], [ 141.2124917, 40.7996375 ], [ 141.2123167, 40.8000083 ], [ 141.2122042, 40.8004375 ], [ 141.2121125, 40.80095 ], [ 141.2120167, 40.8016125 ], [ 141.2116458, 40.8036125 ], [ 141.2116625, 40.8040667 ], [ 141.2118625, 40.8053083 ], [ 141.212075, 40.8075042 ], [ 141.2120792, 40.8075417 ], [ 141.2121792, 40.809 ], [ 141.2117667, 40.8102833 ], [ 141.211125, 40.8120542 ], [ 141.2106917, 40.8131125 ], [ 141.2105375, 40.8132875 ], [ 141.2101583, 40.8134417 ] ] } },
{ "type": "Feature", "properties": { "N12_001": "02", "N12_002": 2, "N12_003": 6, "N12_004": "青森県道　弘前岳鰺ヶ沢線", "N12_005": 7, "N12_006": 2 }, "geometry": { "type": "LineString", "coordinates": [ [ 140.4646861, 40.6032352 ], [ 140.4643361, 40.6032852 ], [ 140.4632661, 40.6034852 ], [ 140.4631361, 40.6035052 ], [ 140.4628761, 40.6035552 ], [ 140.4626361, 40.6035952 ], [ 140.4623261, 40.6036552 ], [ 140.4619361, 40.6037252 ], [ 140.4617961, 40.6037452 ], [ 140.4617261, 40.6037552 ], [ 140.4615161, 40.6038252 ], [ 140.4614761, 40.6038352 ], [ 140.4613961, 40.6038852 ], [ 140.4613161, 40.6039552 ], [ 140.4612861, 40.6040252 ], [ 140.4612261, 40.6041752 ], [ 140.4611561, 40.6043952 ], [ 140.4611261, 40.6045352 ], [ 140.4611061, 40.6046252 ], [ 140.4610361, 40.6048152 ], [ 140.4608961, 40.6050652 ], [ 140.4607761, 40.6051153 ], [ 140.4605561, 40.6051653 ], [ 140.4604461, 40.6051753 ], [ 140.4603161, 40.6051953 ], [ 140.4601961, 40.6052353 ], [ 140.4598861, 40.6052753 ], [ 140.4595861, 40.6053453 ], [ 140.4593361, 40.6054453 ], [ 140.4590561, 40.6055753 ], [ 140.4589761, 40.6056153 ], [ 140.4587561, 40.6057053 ], [ 140.4585861, 40.6057853 ], [ 140.4583361, 40.6058953 ], [ 140.4579161, 40.6060753 ], [ 140.4577061, 40.6061553 ], [ 140.4572461, 40.6063353 ], [ 140.4567761, 40.6064753 ], [ 140.4565261, 40.6065253 ], [ 140.4564761, 40.6065253 ], [ 140.4561361, 40.6066253 ], [ 140.4556561, 40.6067553 ], [ 140.4555461, 40.6067853 ], [ 140.4553061, 40.6068453 ], [ 140.4551761, 40.6068853 ], [ 140.4549361, 40.6070053 ], [ 140.4547861, 40.6070853 ], [ 140.4546761, 40.6071353 ], [ 140.4544961, 40.6072453 ], [ 140.4539161, 40.6075353 ], [ 140.4538361, 40.6075753 ], [ 140.4535961, 40.6077153 ], [ 140.4525061, 40.6082353 ], [ 140.4523561, 40.6083153 ], [ 140.4521661, 40.6084053 ], [ 140.4519361, 40.6085153 ], [ 140.4514961, 40.6087153 ], [ 140.4513961, 40.6087753 ], [ 140.4512861, 40.6088153 ], [ 140.4507061, 40.6090753 ], [ 140.4506061, 40.6091253 ] ] } },
{ "type": "Feature", "properties": { "N12_001": "02", "N12_002": 1, "N12_003": 9, "N12_004": "-", "N12_005": 102, "N12_006": 1 }, "geometry": { "type": "LineString", "coordinates": [ [ 140.751878, 40.7717178 ], [ 140.7524375, 40.7695083 ], [ 140.7525417, 40.7686875 ], [ 140.7525264, 40.7675297 ], [ 140.7524042, 40.7666375 ], [ 140.7522292, 40.7660083 ], [ 140.7516208, 40.7645833 ], [ 140.7511833, 40.7633792 ], [ 140.7509125, 40.7625333 ], [ 140.7506375, 40.7604958 ] ] } },
{ "type": "Feature", "properties": { "N12_001": "02", "N12_002": 1, "N12_003": 9, "N12_004": "-", "N12_005": 103, "N12_006": 1 }, "geometry": { "type": "LineString", "coordinates": [ [ 140.742525, 40.7703375 ], [ 140.742525, 40.7696083 ], [ 140.7424958, 40.7693625 ], [ 140.742359, 40.7687189 ] ] } },
{ "type": "Feature", "properties": { "N12_001": "02", "N12_002": 2, "N12_003": 9, "N12_004": "-", "N12_005": 104, "N12_006": 1 }, "geometry": { "type": "LineString", "coordinates": [ [ 140.7392551, 40.7698153 ], [ 140.7387643, 40.7684123 ], [ 140.7384942, 40.7672912 ], [ 140.7382253, 40.7659789 ], [ 140.7380417, 40.7651 ], [ 140.7385678, 40.7650389 ] ] } },
{ "type": "Feature", "properties": { "N12_001": "02", "N12_002": 1, "N12_003": 9, "N12_004": "-", "N12_005": 105, "N12_006": 1 }, "geometry": { "type": "LineString", "coordinates": [ [ 140.750825, 40.7879457 ], [ 140.7522292, 40.7877667 ], [ 140.7524542, 40.7877167 ], [ 140.7562167, 40.7881458 ] ] } },
{ "type": "Feature", "properties": { "N12_001": "02", "N12_002": 1, "N12_003": 9, "N12_004": "-", "N12_005": 106, "N12_006": 1 }, "geometry": { "type": "LineString", "coordinates": [ [ 140.7764244, 40.8133722 ], [ 140.7806167, 40.8149667 ], [ 140.7831542, 40.8127167 ], [ 140.7807917, 40.8113542 ], [ 140.7808, 40.8113 ], [ 140.782, 40.8101083 ] ] } },
{ "type": "Feature", "properties": { "N12_001": "02", "N12_002": 2, "N12_003": 9, "N12_004": "-", "N12_005": 107, "N12_006": 1 }, "geometry": { "type": "LineString", "coordinates": [ [ 140.750825, 40.7879457 ], [ 140.7504458, 40.7880167 ], [ 140.7498083, 40.7882667 ], [ 140.7491551, 40.7886989 ], [ 140.7482583, 40.7894292 ], [ 140.7479958, 40.7900792 ], [ 140.7493, 40.7905375 ] ] } },
{ "type": "Feature", "properties": { "N12_001": "02", "N12_002": 1, "N12_003": 9, "N12_004": "-", "N12_005": 108, "N12_006": 1 }, "geometry": { "type": "LineString", "coordinates": [ [ 140.6945322, 40.8076459 ], [ 140.6943243, 40.8075996 ], [ 140.6940792, 40.8075375 ], [ 140.6932375, 40.8073125 ], [ 140.6929167, 40.8072667 ], [ 140.692625, 40.8072792 ], [ 140.6923875, 40.8073333 ], [ 140.692, 40.8075083 ], [ 140.6914914, 40.8077465 ], [ 140.6910235, 40.8079656 ], [ 140.6908167, 40.8080625 ], [ 140.6903375, 40.8081625 ], [ 140.6897625, 40.8080792 ], [ 140.6893985, 40.8079475 ], [ 140.6867167, 40.806975 ] ] } },
{ "type": "Feature", "properties": { "N12_001": "02", "N12_002": 2, "N12_003": 9, "N12_004": "-", "N12_005": 109, "N12_006": 1 }, "geometry": { "type": "LineString", "coordinates": [ [ 140.724455, 40.8348956 ], [ 140.7256062, 40.8354648 ], [ 140.7258657, 40.8355502 ], [ 140.7263292, 40.8356625 ] ] } },
{ "type": "Feature", "properties": { "N12_001": "02", "N12_002": 2, "N12_003": 9, "N12_004": "-", "N12_005": 110, "N12_006": 1 }, "geometry": { "type": "LineString", "coordinates": [ [ 140.752601, 40.8143468 ], [ 140.7544375, 40.8145417 ], [ 140.7539417, 40.8157875 ] ] } },
{ "type": "Feature", "properties": { "N12_001": "02", "N12_002": 2, "N12_003": 9, "N12_004": "-", "N12_005": 111, "N12_006": 1 }, "geometry": { "type": "LineString", "coordinates": [ [ 141.2562529, 41.0843862 ], [ 141.2535091, 41.0844892 ], [ 141.2504792, 41.0849667 ], [ 141.2501583, 41.08495 ], [ 141.2499042, 41.0848833 ], [ 141.2488042, 41.0846583 ], [ 141.2479833, 41.0848125 ], [ 141.2476833, 41.0839583 ] ] } },
{ "type": "Feature", "properties": { "N12_001": "02", "N12_002": 2, "N12_003": 9, "N12_004": "-", "N12_005": 112, "N12_006": 1 }, "geometry": { "type": "LineString", "coordinates": [ [ 141.2475105, 40.7267983 ], [ 141.2479392, 40.7264043 ], [ 141.2486042, 40.7258292 ], [ 141.2490332, 40.7256053 ], [ 141.2517792, 40.7245458 ], [ 141.2504083, 40.7231417 ], [ 141.2495452, 40.7219998 ], [ 141.2492292, 40.721675 ], [ 141.248975, 40.7215625 ], [ 141.2484875, 40.7214042 ], [ 141.246925, 40.7199042 ], [ 141.2473583, 40.7195917 ], [ 141.2476458, 40.7194167 ], [ 141.2478833, 40.7193083 ], [ 141.2481958, 40.7191875 ], [ 141.2489104, 40.7190393 ], [ 141.2498383, 40.7188604 ], [ 141.250544, 40.7186985 ], [ 141.2516125, 40.7183375 ] ] } },
{ "type": "Feature", "properties": { "N12_001": "02", "N12_002": 2, "N12_003": 9, "N12_004": "-", "N12_005": 113, "N12_006": 1 }, "geometry": { "type": "LineString", "coordinates": [ [ 141.2566042, 40.728672 ], [ 141.257473, 40.7276 ] ] } },
{ "type": "Feature", "properties": { "N12_001": "02", "N12_002": 2, "N12_003": 9, "N12_004": "-", "N12_005": 114, "N12_006": 1 }, "geometry": { "type": "LineString", "coordinates": [ [ 141.1564441, 40.7430449 ], [ 141.1575487, 40.7435402 ], [ 141.1577, 40.7436125 ], [ 141.1577958, 40.7437125 ], [ 141.1581982, 40.743898 ] ] } },
{ "type": "Feature", "properties": { "N12_001": "02", "N12_002": 2, "N12_003": 9, "N12_004": "-", "N12_005": 115, "N12_006": 1 }, "geometry": { "type": "LineString", "coordinates": [ [ 141.1613541, 40.7376249 ], [ 141.1614617, 40.7381582 ], [ 141.1615782, 40.7384992 ], [ 141.1617542, 40.7388125 ], [ 141.1619417, 40.7390167 ], [ 141.1621929, 40.7392857 ], [ 141.1622583, 40.739375 ], [ 141.162575, 40.7401625 ] ] } },
{ "type": "Feature", "properties": { "N12_001": "02", "N12_002": 2, "N12_003": 9, "N12_004": "-", "N12_005": 116, "N12_006": 1 }, "geometry": { "type": "LineString", "coordinates": [ [ 141.1565846, 40.7161907 ], [ 141.1562865, 40.7162234 ], [ 141.155944, 40.7162484 ], [ 141.1552917, 40.716275 ], [ 141.1543125, 40.7161792 ], [ 141.1542143, 40.7168762 ] ] } },
{ "type": "Feature", "properties": { "N12_001": "02", "N12_002": 2, "N12_003": 9, "N12_004": "-", "N12_005": 117, "N12_006": 1 }, "geometry": { "type": "LineString", "coordinates": [ [ 141.3149556, 40.5050237 ], [ 141.3152417, 40.5051125 ], [ 141.3156625, 40.5052375 ], [ 141.3158417, 40.5054167 ], [ 141.3158875, 40.5056417 ], [ 141.31585, 40.5057417 ], [ 141.3141958, 40.5079792 ], [ 141.3178625, 40.5088583 ], [ 141.3271792, 40.5088417 ], [ 141.3291917, 40.5091333 ] ] } },
{ "type": "Feature", "properties": { "N12_001": "02", "N12_002": 2, "N12_003": 9, "N12_004": "-", "N12_005": 118, "N12_006": 1 }, "geometry": { "type": "LineString", "coordinates": [ [ 141.3898952, 40.6042353 ], [ 141.3907125, 40.6032167 ], [ 141.3920845, 40.6029227 ], [ 141.3933202, 40.6026452 ], [ 141.3940167, 40.6024125 ], [ 141.39465, 40.6021208 ], [ 141.3964708, 40.6010833 ], [ 141.3967083, 40.6008375 ], [ 141.3968417, 40.60055 ], [ 141.3968375, 40.6000083 ], [ 141.3967708, 40.5983708 ], [ 141.3977542, 40.5984167 ] ] } },
{ "type": "Feature", "properties": { "N12_001": "02", "N12_002": 2, "N12_003": 9, "N12_004": "-", "N12_005": 119, "N12_006": 1 }, "geometry": { "type": "LineString", "coordinates": [ [ 141.3303792, 41.2716333 ], [ 141.330325, 41.27595 ], [ 141.3304333, 41.2763417 ], [ 141.3307083, 41.276725 ], [ 141.3310708, 41.2770875 ], [ 141.3301833, 41.27775 ], [ 141.3299917, 41.2780083 ] ] } },
{ "type": "Feature", "properties": { "N12_001": "02", "N12_002": 2, "N12_003": 9, "N12_004": "-", "N12_005": 120, "N12_006": 1 }, "geometry": { "type": "LineString", "coordinates": [ [ 141.1345131, 41.2505066 ], [ 141.130425, 41.2519125 ], [ 141.1287091, 41.2519006 ] ] } },
{ "type": "Feature", "properties": { "N12_001": "02", "N12_002": 2, "N12_003": 9, "N12_004": "-", "N12_005": 121, "N12_006": 1 }, "geometry": { "type": "LineString", "coordinates": [ [ 141.202873, 41.2927067 ], [ 141.20265, 41.2939167 ] ] } },
{ "type": "Feature", "properties": { "N12_001": "02", "N12_002": 1, "N12_003": 9, "N12_004": "-", "N12_005": 122, "N12_006": 1 }, "geometry": { "type": "LineString", "coordinates": [ [ 141.2187859, 41.2613995 ], [ 141.2215792, 41.2628583 ] ] } },
{ "type": "Feature", "properties": { "N12_001": "02", "N12_002": 2, "N12_003": 9, "N12_004": "-", "N12_005": 123, "N12_006": 1 }, "geometry": { "type": "LineString", "coordinates": [ [ 140.3739885, 40.9781245 ], [ 140.3738083, 40.978425 ], [ 140.3736125, 40.9789 ], [ 140.3733583, 40.9797417 ], [ 140.3732125, 40.9801375 ], [ 140.3730792, 40.9801667 ], [ 140.3728375, 40.9801167 ], [ 140.37215, 40.9800208 ], [ 140.3717875, 40.9800042 ], [ 140.3716542, 40.9801625 ], [ 140.3715042, 40.9803625 ], [ 140.3713875, 40.9804625 ], [ 140.3712167, 40.9805458 ], [ 140.3709917, 40.9805917 ], [ 140.3708667, 40.98065 ], [ 140.3707125, 40.9808083 ], [ 140.3705708, 40.9809167 ], [ 140.3704083, 40.9809792 ], [ 140.369975, 40.9810417 ], [ 140.3697417, 40.9810833 ], [ 140.36965, 40.9811083 ], [ 140.3695333, 40.9811583 ], [ 140.36945, 40.9812083 ], [ 140.3692625, 40.981325 ], [ 140.3691417, 40.9813958 ], [ 140.3690542, 40.9814417 ], [ 140.369, 40.9814667 ], [ 140.3689042, 40.9815042 ], [ 140.3685833, 40.9816125 ], [ 140.368375, 40.9816792 ], [ 140.3681125, 40.9817542 ], [ 140.3677292, 40.9818458 ], [ 140.3675125, 40.9818833 ], [ 140.3671833, 40.9819167 ], [ 140.3670208, 40.98195 ], [ 140.3664542, 40.9821208 ], [ 140.3661083, 40.9822375 ], [ 140.3658042, 40.9822792 ], [ 140.3655375, 40.9823167 ], [ 140.365275, 40.9824542 ], [ 140.3650542, 40.9825542 ], [ 140.3647625, 40.9826458 ], [ 140.3644875, 40.9826917 ], [ 140.364225, 40.9827167 ], [ 140.3639042, 40.9827083 ], [ 140.3636292, 40.9827125 ], [ 140.3634333, 40.9827417 ], [ 140.3630792, 40.9828125 ], [ 140.3626708, 40.982925 ], [ 140.362175, 40.9830833 ], [ 140.3618833, 40.9831833 ], [ 140.3617792, 40.9832125 ], [ 140.3615292, 40.9832417 ], [ 140.361225, 40.9832625 ] ] } },
{ "type": "Feature", "properties": { "N12_001": "02", "N12_002": 2, "N12_003": 6, "N12_004": "青森県道　鰺ヶ沢蟹田線", "N12_005": 82, "N12_006": 2 }, "geometry": { "type": "LineString", "coordinates": [ [ 140.3739885, 40.9781245 ], [ 140.373964, 40.9781164 ], [ 140.3738466, 40.9780737 ], [ 140.373744, 40.9780364 ], [ 140.373214, 40.9778064 ], [ 140.372294, 40.9773964 ], [ 140.371884, 40.9772664 ], [ 140.371564, 40.9771964 ], [ 140.371294, 40.9771264 ], [ 140.370974, 40.9770164 ], [ 140.370784, 40.9769464 ], [ 140.370354, 40.9766764 ], [ 140.370164, 40.9765264 ], [ 140.369944, 40.9763464 ], [ 140.369174, 40.9757064 ], [ 140.368894, 40.9755064 ], [ 140.368624, 40.9752964 ], [ 140.368314, 40.9750664 ], [ 140.368154, 40.9749164 ], [ 140.367954, 40.9747164 ], [ 140.367814, 40.9744964 ], [ 140.367744, 40.9743464 ], [ 140.367584, 40.9739864 ], [ 140.367514, 40.9736364 ], [ 140.367504, 40.9733364 ], [ 140.367524, 40.9730564 ], [ 140.367564, 40.9728464 ], [ 140.367584, 40.9726964 ], [ 140.367644, 40.9724964 ], [ 140.367664, 40.9723964 ], [ 140.367754, 40.9720364 ], [ 140.367784, 40.9717564 ], [ 140.367844, 40.9714764 ], [ 140.367864, 40.9712063 ], [ 140.367914, 40.9708963 ], [ 140.367914, 40.9706963 ], [ 140.3677292, 40.9705125 ], [ 140.3673833, 40.9702479 ], [ 140.3671667, 40.9701042 ], [ 140.366914, 40.9698863 ], [ 140.366794, 40.9697963 ], [ 140.366684, 40.9696663 ], [ 140.366624, 40.9695963 ], [ 140.366404, 40.9692863 ], [ 140.366104, 40.9688563 ], [ 140.365724, 40.9683063 ], [ 140.365444, 40.9679263 ], [ 140.364954, 40.9672363 ], [ 140.364534, 40.9666363 ], [ 140.364004, 40.9658463 ], [ 140.363864, 40.9655763 ], [ 140.363804, 40.9654063 ], [ 140.363694, 40.9650263 ], [ 140.363654, 40.9647863 ], [ 140.363574, 40.9640763 ], [ 140.363514, 40.9633963 ], [ 140.363464, 40.9628163 ], [ 140.363424, 40.9624063 ], [ 140.363374, 40.9618063 ], [ 140.363374, 40.9615063 ], [ 140.363384, 40.9613363 ], [ 140.363404, 40.9611363 ], [ 140.363464, 40.9607963 ], [ 140.363534, 40.9604263 ], [ 140.3636241, 40.9599263 ], [ 140.3636641, 40.9596463 ], [ 140.3636641, 40.9595563 ], [ 140.3636741, 40.9593563 ], [ 140.3636841, 40.9591063 ], [ 140.3636441, 40.9587863 ], [ 140.3635841, 40.9584663 ], [ 140.3635441, 40.9581563 ], [ 140.3635341, 40.9577563 ], [ 140.3635441, 40.9575363 ], [ 140.3635941, 40.9571563 ], [ 140.3636441, 40.9569063 ], [ 140.3636841, 40.9565962 ], [ 140.3637741, 40.9561362 ], [ 140.3638241, 40.9558362 ], [ 140.3638741, 40.9555762 ], [ 140.3639141, 40.9553962 ], [ 140.3639841, 40.9552362 ], [ 140.3639941, 40.9551762 ], [ 140.3640241, 40.9548062 ], [ 140.3640441, 40.9545962 ], [ 140.3640641, 40.9539862 ], [ 140.3641541, 40.9535862 ], [ 140.3642141, 40.9532662 ], [ 140.3643241, 40.9527662 ], [ 140.3644041, 40.9524062 ], [ 140.3644241, 40.9521762 ], [ 140.3644141, 40.9518662 ], [ 140.3643741, 40.9516962 ], [ 140.3643241, 40.9515962 ], [ 140.3642641, 40.9514962 ], [ 140.3641541, 40.9513462 ], [ 140.3640441, 40.9512062 ], [ 140.3639141, 40.9510462 ] ] } },
{ "type": "Feature", "properties": { "N12_001": "02", "N12_002": 2, "N12_003": 7, "N12_004": "五所川原市道　米田・松野木線", "N12_005": 124, "N12_006": 1 }, "geometry": { "type": "LineString", "coordinates": [ [ 140.4798371, 40.8017891 ], [ 140.4784929, 40.8014119 ], [ 140.4776875, 40.801175 ] ] } },
{ "type": "Feature", "properties": { "N12_001": "02", "N12_002": 2, "N12_003": 7, "N12_004": "五所川原市道　石岡7号線", "N12_005": 125, "N12_006": 1 }, "geometry": { "type": "LineString", "coordinates": [ [ 140.4564333, 40.8004875 ], [ 140.456275, 40.7973708 ], [ 140.4562696, 40.7970596 ], [ 140.4562667, 40.7968917 ], [ 140.456275, 40.7967875 ], [ 140.4562958, 40.7966917 ], [ 140.4563958, 40.7964167 ], [ 140.4565292, 40.7961417 ] ] } },
{ "type": "Feature", "properties": { "N12_001": "02", "N12_002": 2, "N12_003": 7, "N12_004": "外ヶ浜町道　蟹田大平線", "N12_005": 126, "N12_006": 1 }, "geometry": { "type": "LineString", "coordinates": [ [ 140.6382963, 41.0392667 ], [ 140.6381202, 41.0392424 ], [ 140.637942, 41.0392352 ], [ 140.6377827, 41.0392639 ], [ 140.6376377, 41.0393141 ], [ 140.637488, 41.0394288 ], [ 140.6373953, 41.0395597 ], [ 140.6373549, 41.0397031 ], [ 140.6373478, 41.0397766 ], [ 140.6373501, 41.0399164 ], [ 140.6373288, 41.0400043 ], [ 140.6372717, 41.0401118 ], [ 140.6371766, 41.0402068 ], [ 140.6370887, 41.040275 ], [ 140.6365301, 41.0405761 ], [ 140.636176, 41.0407895 ], [ 140.635646, 41.0410727 ] ] } },
{ "type": "Feature", "properties": { "N12_001": "02", "N12_002": 2, "N12_003": 7, "N12_004": "蓬田村道　3-1-1号線", "N12_005": 127, "N12_006": 1 }, "geometry": { "type": "LineString", "coordinates": [ [ 140.6515914, 40.9671189 ], [ 140.6522217, 40.9670586 ], [ 140.6534748, 40.9669589 ], [ 140.6542282, 40.9669481 ], [ 140.6547179, 40.9669445 ], [ 140.6549104, 40.9669553 ], [ 140.6560108, 40.9670953 ], [ 140.6561792, 40.9671167 ] ] } },
{ "type": "Feature", "properties": { "N12_001": "02", "N12_002": 2, "N12_003": 9, "N12_004": "-", "N12_005": 128, "N12_006": 1 }, "geometry": { "type": "LineString", "coordinates": [ [ 140.8619587, 40.8924767 ], [ 140.8619729, 40.892218 ], [ 140.8619815, 40.8915281 ] ] } },
{ "type": "Feature", "properties": { "N12_001": "02", "N12_002": 2, "N12_003": 9, "N12_004": "-", "N12_005": 129, "N12_006": 1 }, "geometry": { "type": "LineString", "coordinates": [ [ 140.8610789, 40.8924584 ], [ 140.8613756, 40.8924735 ], [ 140.8619587, 40.8924767 ] ] } },
{ "type": "Feature", "properties": { "N12_001": "02", "N12_002": 2, "N12_003": 7, "N12_004": "野辺地町道　野辺地寺ノ沢線", "N12_005": 130, "N12_006": 1 }, "geometry": { "type": "LineString", "coordinates": [ [ 141.127641, 40.8647657 ], [ 141.1285518, 40.8646492 ], [ 141.1290333, 40.8645917 ] ] } },
{ "type": "Feature", "properties": { "N12_001": "02", "N12_002": 2, "N12_003": 7, "N12_004": "五所川原市道　湊・寺町線", "N12_005": 131, "N12_006": 1 }, "geometry": { "type": "LineString", "coordinates": [ [ 140.4404721, 40.8101851 ], [ 140.4406824, 40.8094198 ], [ 140.4407927, 40.8090657 ], [ 140.4409144, 40.8087232 ], [ 140.4410741, 40.8084469 ], [ 140.4412262, 40.808231 ], [ 140.441405, 40.8080122 ], [ 140.4416255, 40.8078107 ] ] } },
{ "type": "Feature", "properties": { "N12_001": "02", "N12_002": 2, "N12_003": 7, "N12_004": "鶴田町道　役場通り線", "N12_005": 132, "N12_006": 1 }, "geometry": { "type": "LineString", "coordinates": [ [ 140.4301233, 40.7581568 ], [ 140.4297524, 40.7581846 ], [ 140.4291782, 40.7581911 ], [ 140.428853, 40.7581637 ] ] } },
{ "type": "Feature", "properties": { "N12_001": "02", "N12_002": 2, "N12_003": 7, "N12_004": "中泊町道　374号線", "N12_005": 133, "N12_006": 1 }, "geometry": { "type": "LineString", "coordinates": [ [ 140.432074, 40.961317 ], [ 140.4330673, 40.9615123 ], [ 140.4336049, 40.961614 ], [ 140.4342929, 40.9617437 ] ] } },
{ "type": "Feature", "properties": { "N12_001": "02", "N12_002": 2, "N12_003": 9, "N12_004": "-", "N12_005": 134, "N12_006": 1 }, "geometry": { "type": "LineString", "coordinates": [ [ 140.5686997, 40.5179353 ], [ 140.5688541, 40.517721 ], [ 140.5688873, 40.5176369 ], [ 140.5688872, 40.5175589 ], [ 140.5687446, 40.5172683 ], [ 140.5687286, 40.5166161 ], [ 140.5687298, 40.5163016 ], [ 140.5687522, 40.5161657 ], [ 140.5689233, 40.5157638 ], [ 140.5690621, 40.5155557 ], [ 140.5691154, 40.5154935 ], [ 140.5691439, 40.5153287 ], [ 140.5698227, 40.5145611 ], [ 140.5698969, 40.5143949 ], [ 140.5699121, 40.5142229 ], [ 140.5697219, 40.5138861 ], [ 140.5697124, 40.5137964 ], [ 140.5697505, 40.5136808 ] ] } },
{ "type": "Feature", "properties": { "N12_001": "02", "N12_002": 1, "N12_003": 9, "N12_004": "-", "N12_005": 135, "N12_006": 1 }, "geometry": { "type": "LineString", "coordinates": [ [ 141.4396265, 40.5480595 ], [ 141.439323, 40.5478973 ], [ 141.4391433, 40.5478257 ], [ 141.4389294, 40.5477932 ], [ 141.438744, 40.5477997 ], [ 141.4385358, 40.5478582 ], [ 141.4384503, 40.5479038 ], [ 141.4381451, 40.5481422 ], [ 141.4380167, 40.5482332 ], [ 141.4379369, 40.5482787 ], [ 141.4378399, 40.5483285 ], [ 141.4375718, 40.5483784 ], [ 141.4362446, 40.5482917 ], [ 141.4356494, 40.5482512 ], [ 141.4354175, 40.5482455 ], [ 141.4352121, 40.5482556 ], [ 141.4350144, 40.5482816 ], [ 141.4334457, 40.5486052 ], [ 141.4323523, 40.5488349 ] ] } },
{ "type": "Feature", "properties": { "N12_001": "02", "N12_002": 2, "N12_003": 9, "N12_004": "-", "N12_005": 136, "N12_006": 1 }, "geometry": { "type": "LineString", "coordinates": [ [ 141.465279, 40.5415923 ], [ 141.4653665, 40.5418387 ], [ 141.4655422, 40.5422731 ], [ 141.4655859, 40.5423742 ], [ 141.465816, 40.5430302 ], [ 141.4660185, 40.5435031 ], [ 141.4663251, 40.5441569 ], [ 141.4663631, 40.5442581 ], [ 141.4664606, 40.544585 ], [ 141.4666127, 40.5452081 ], [ 141.4668042, 40.5460167 ], [ 141.4669042, 40.5461125 ], [ 141.4670458, 40.546225 ], [ 141.4671441, 40.5462811 ], [ 141.4672208, 40.546325 ], [ 141.467425, 40.546425 ], [ 141.4675333, 40.5464708 ], [ 141.4676708, 40.5464958 ] ] } },
{ "type": "Feature", "properties": { "N12_001": "02", "N12_002": 1, "N12_003": 9, "N12_004": "-", "N12_005": 137, "N12_006": 1 }, "geometry": { "type": "LineString", "coordinates": [ [ 141.4484806, 40.5219119 ], [ 141.4480242, 40.5218504 ], [ 141.4477842, 40.5218107 ], [ 141.447613, 40.5217601 ], [ 141.4474609, 40.5216969 ], [ 141.4472542, 40.5215867 ], [ 141.4471211, 40.5214837 ], [ 141.4468976, 40.5212885 ], [ 141.4465102, 40.5209037 ] ] } },
{ "type": "Feature", "properties": { "N12_001": "02", "N12_002": 2, "N12_003": 9, "N12_004": "-", "N12_005": 138, "N12_006": 1 }, "geometry": { "type": "LineString", "coordinates": [ [ 141.5016257, 40.5111788 ], [ 141.5007358, 40.5108492 ], [ 141.4995113, 40.5103664 ], [ 141.499093, 40.5101409 ], [ 141.497066, 40.5090104 ], [ 141.4958187, 40.5082962 ], [ 141.4945257, 40.5076398 ], [ 141.4939705, 40.5073536 ], [ 141.4923809, 40.50657 ], [ 141.4902969, 40.5060235 ], [ 141.4884402, 40.5055182 ], [ 141.4881778, 40.5054315 ], [ 141.4878982, 40.505284 ], [ 141.4876473, 40.5051019 ], [ 141.4866148, 40.5042062 ], [ 141.4860215, 40.5036814 ], [ 141.4857021, 40.503432 ], [ 141.4854682, 40.503291 ], [ 141.4851374, 40.5031436 ], [ 141.4834147, 40.5024452 ], [ 141.4823708, 40.502018 ], [ 141.4821825, 40.501966 ], [ 141.4819353, 40.5019538 ] ] } },
{ "type": "Feature", "properties": { "N12_001": "02", "N12_002": 2, "N12_003": 3, "N12_004": "一般国道454号", "N12_005": 59, "N12_006": 4 }, "geometry": { "type": "LineString", "coordinates": [ [ 141.3177846, 40.4905575 ], [ 141.3181046, 40.4904575 ], [ 141.3189346, 40.4901075 ], [ 141.3190346, 40.4903075 ], [ 141.3190846, 40.4903375 ], [ 141.3191446, 40.4903475 ], [ 141.3192246, 40.4903375 ], [ 141.3193646, 40.4903475 ], [ 141.3197146, 40.4903475 ], [ 141.3199746, 40.4903875 ], [ 141.3201646, 40.4904075 ], [ 141.3204246, 40.4904675 ], [ 141.3206146, 40.4905175 ], [ 141.3209546, 40.4906175 ], [ 141.3217146, 40.4908475 ], [ 141.3224946, 40.4916775 ], [ 141.3228846, 40.4920875 ], [ 141.3233546, 40.4925775 ], [ 141.3234346, 40.4926575 ], [ 141.3241946, 40.4933275 ], [ 141.3244546, 40.4935575 ], [ 141.3248846, 40.4939075 ], [ 141.3250046, 40.4939875 ], [ 141.3251146, 40.4940475 ], [ 141.3257546, 40.4943075 ], [ 141.3260646, 40.4943975 ], [ 141.3263946, 40.4944575 ], [ 141.3267646, 40.4944675 ], [ 141.3274046, 40.4945175 ], [ 141.3277646, 40.4945475 ], [ 141.3278946, 40.4945675 ], [ 141.3281046, 40.4945775 ], [ 141.3289246, 40.4946575 ], [ 141.3294046, 40.4946575 ], [ 141.3297646, 40.4946275 ], [ 141.3301446, 40.4945975 ], [ 141.3308546, 40.4945675 ], [ 141.3312846, 40.4945875 ], [ 141.3314046, 40.4945775 ], [ 141.3315246, 40.4945475 ], [ 141.3319046, 40.4944275 ], [ 141.3321546, 40.4943775 ], [ 141.3323546, 40.4943575 ], [ 141.3326446, 40.4943875 ], [ 141.3330846, 40.4944475 ], [ 141.3332446, 40.4944675 ], [ 141.3336146, 40.4944975 ], [ 141.3340446, 40.4945075 ], [ 141.3343946, 40.4945175 ], [ 141.3348146, 40.4945175 ], [ 141.3352546, 40.4945375 ], [ 141.3361846, 40.4945775 ], [ 141.3366946, 40.4945975 ], [ 141.3368146, 40.4946075 ], [ 141.3369446, 40.4946375 ], [ 141.3371945, 40.4946875 ], [ 141.3374845, 40.4947475 ], [ 141.3380945, 40.4949375 ], [ 141.3383145, 40.4950175 ], [ 141.3386945, 40.4951175 ], [ 141.3393545, 40.4951675 ], [ 141.3394645, 40.4951775 ], [ 141.3396645, 40.4952275 ], [ 141.3401145, 40.4954075 ], [ 141.3403145, 40.4954875 ], [ 141.3411145, 40.4958975 ], [ 141.3415045, 40.4960675 ], [ 141.3416445, 40.4961175 ], [ 141.3418445, 40.4961975 ], [ 141.3422248, 40.4962679 ], [ 141.3439037, 40.4967046 ], [ 141.3449417, 40.4969833 ], [ 141.346225, 40.4974042 ], [ 141.3468208, 40.4977042 ], [ 141.34735, 40.4980625 ], [ 141.3478125, 40.4984667 ], [ 141.3483125, 40.499075 ], [ 141.3494427, 40.501205 ], [ 141.3499914, 40.5021131 ], [ 141.3504728, 40.5027513 ], [ 141.3509792, 40.5032861 ], [ 141.3526498, 40.5045723 ], [ 141.3547584, 40.5064468 ], [ 141.3566333, 40.5081292 ], [ 141.3576667, 40.5093333 ], [ 141.3586693, 40.5101806 ], [ 141.3589697, 40.5104305 ], [ 141.3593982, 40.5106675 ], [ 141.3596055, 40.5106638 ], [ 141.3598655, 40.5106738 ], [ 141.3602455, 40.5107038 ], [ 141.3605355, 40.5107238 ], [ 141.3608155, 40.5107738 ], [ 141.3614155, 40.5109238 ], [ 141.3615255, 40.5109538 ], [ 141.3619055, 40.5110338 ], [ 141.3625355, 40.5111438 ], [ 141.3631555, 40.5112638 ], [ 141.3633455, 40.5112838 ], [ 141.3638155, 40.5113738 ], [ 141.3645655, 40.5115138 ], [ 141.3650055, 40.5115938 ], [ 141.3650955, 40.5116038 ], [ 141.3653455, 40.5116538 ], [ 141.3657955, 40.5117138 ], [ 141.3662355, 40.5117338 ], [ 141.3665155, 40.5117438 ], [ 141.3668155, 40.5117838 ], [ 141.3670755, 40.5118538 ], [ 141.3673955, 40.5119738 ], [ 141.3680254, 40.5122738 ], [ 141.3691354, 40.5127838 ], [ 141.3697154, 40.5130638 ], [ 141.3699454, 40.5132238 ], [ 141.3704854, 40.5136538 ], [ 141.3706854, 40.5139738 ], [ 141.3707454, 40.5140338 ], [ 141.3708554, 40.5141239 ], [ 141.3714354, 40.5144839 ], [ 141.3717754, 40.5146839 ], [ 141.3721554, 40.5148839 ], [ 141.3722754, 40.5149139 ], [ 141.3726054, 40.5149939 ], [ 141.3727154, 40.5150239 ], [ 141.3728154, 40.5150339 ], [ 141.3738054, 40.5151839 ], [ 141.3746854, 40.5153339 ], [ 141.3750354, 40.5153939 ], [ 141.3754354, 40.5154639 ], [ 141.3760154, 40.5155539 ], [ 141.3763454, 40.5156039 ], [ 141.3772054, 40.5157539 ], [ 141.3775654, 40.5158039 ], [ 141.3777054, 40.5158239 ], [ 141.3777954, 40.5158439 ], [ 141.3787554, 40.5159839 ], [ 141.3791754, 40.5160539 ], [ 141.3794354, 40.5161039 ], [ 141.3796854, 40.5161539 ], [ 141.3800254, 40.5161939 ], [ 141.3801354, 40.5162039 ], [ 141.3814854, 40.5163239 ], [ 141.3822454, 40.5163939 ], [ 141.3824454, 40.5164039 ], [ 141.3826654, 40.5164239 ], [ 141.3828454, 40.5164539 ], [ 141.3834354, 40.5165239 ], [ 141.3843054, 40.5166339 ], [ 141.3847654, 40.5166939 ], [ 141.3851754, 40.5167539 ], [ 141.3853554, 40.5168039 ], [ 141.3859254, 40.5169539 ], [ 141.3865754, 40.5170539 ], [ 141.3870754, 40.5171439 ], [ 141.3872254, 40.5171639 ], [ 141.3876054, 40.5171939 ], [ 141.3884154, 40.5172539 ], [ 141.3906053, 40.5173439 ], [ 141.3916153, 40.5173639 ], [ 141.3922453, 40.5173839 ], [ 141.3931653, 40.5174039 ], [ 141.3941553, 40.5174239 ], [ 141.3953953, 40.5174539 ], [ 141.3961253, 40.5174839 ], [ 141.3971153, 40.5175139 ], [ 141.3980053, 40.5175139 ], [ 141.3983453, 40.5174639 ], [ 141.3984353, 40.5174339 ], [ 141.3985953, 40.5173939 ], [ 141.3991253, 40.5172639 ], [ 141.3994353, 40.5171939 ], [ 141.3997753, 40.5171839 ], [ 141.3998853, 40.5171839 ], [ 141.4001153, 40.5172139 ], [ 141.4008753, 40.5173439 ], [ 141.4012053, 40.5173639 ], [ 141.4014653, 40.5173639 ], [ 141.4019553, 40.5173539 ], [ 141.4026453, 40.5173439 ], [ 141.4037353, 40.5172639 ], [ 141.4038653, 40.5172339 ], [ 141.4047853, 40.5166339 ], [ 141.4051953, 40.5163839 ], [ 141.4053153, 40.5163539 ], [ 141.4058853, 40.5162139 ], [ 141.4066653, 40.5160839 ], [ 141.4071253, 40.5160639 ], [ 141.4085653, 40.5159739 ], [ 141.4096653, 40.5159239 ], [ 141.4108853, 40.5158039 ], [ 141.4114553, 40.5157739 ], [ 141.4115753, 40.5157639 ], [ 141.4119153, 40.5157639 ], [ 141.4122053, 40.5157839 ], [ 141.4126453, 40.5158839 ], [ 141.4131453, 40.5160039 ], [ 141.4134053, 40.5160639 ], [ 141.4147053, 40.5163739 ], [ 141.4148653, 40.5164139 ], [ 141.4152953, 40.5165239 ], [ 141.4155953, 40.5165939 ], [ 141.4161553, 40.5167139 ], [ 141.4164013, 40.5167735 ] ] } },
{ "type": "Feature", "properties": { "N12_001": "02", "N12_002": 1, "N12_003": 1, "N12_004": "東北縦貫自動車道八戸線", "N12_005": 2, "N12_006": 7 }, "geometry": { "type": "LineString", "coordinates": [ [ 141.4168053, 40.5190139 ], [ 141.4171501, 40.5190636 ], [ 141.4174214, 40.5189922 ], [ 141.4175356, 40.5188351 ], [ 141.4174785, 40.5185068 ], [ 141.4170074, 40.5182498 ], [ 141.4167504, 40.51785 ], [ 141.4164363, 40.5171933 ], [ 141.4164013, 40.5167735 ] ] } },
{ "type": "Feature", "properties": { "N12_001": "02", "N12_002": 1, "N12_003": 7, "N12_004": "八戸市道　市川工業団地1号線", "N12_005": 139, "N12_006": 1 }, "geometry": { "type": "LineString", "coordinates": [ [ 141.4556645, 40.5946943 ], [ 141.4595398, 40.5953382 ] ] } },
{ "type": "Feature", "properties": { "N12_001": "02", "N12_002": 1, "N12_003": 6, "N12_004": "青森県道　八戸野辺地線", "N12_005": 17, "N12_006": 3 }, "geometry": { "type": "LineString", "coordinates": [ [ 141.4234146, 40.5983743 ], [ 141.4232746, 40.5986343 ], [ 141.4226946, 40.5998543 ], [ 141.4225246, 40.6001443 ], [ 141.4221646, 40.6008243 ], [ 141.4219046, 40.6013143 ], [ 141.4214446, 40.6019343 ], [ 141.4207645, 40.6027643 ], [ 141.4202145, 40.6033343 ], [ 141.4195445, 40.6038944 ], [ 141.4181845, 40.6050044 ], [ 141.4175945, 40.6054744 ], [ 141.4172445, 40.6058244 ], [ 141.4169145, 40.6061044 ], [ 141.4166145, 40.6064844 ], [ 141.4164445, 40.6067844 ], [ 141.4162345, 40.6072544 ], [ 141.4160645, 40.6076944 ], [ 141.4159145, 40.6085744 ], [ 141.4157845, 40.6095744 ], [ 141.4155845, 40.6105444 ], [ 141.4153145, 40.6112944 ], [ 141.4148745, 40.6120944 ], [ 141.4142245, 40.6128844 ], [ 141.4133945, 40.6136044 ], [ 141.4119045, 40.6148944 ], [ 141.4113545, 40.6154444 ], [ 141.4108945, 40.6158744 ], [ 141.4105045, 40.6164444 ], [ 141.4102845, 40.6168544 ], [ 141.4099645, 40.6174744 ], [ 141.4092945, 40.6190644 ], [ 141.4088245, 40.6199645 ], [ 141.4083245, 40.6206445 ], [ 141.4078344, 40.6211345 ], [ 141.4072944, 40.6216645 ], [ 141.4064344, 40.6224345 ], [ 141.4048144, 40.6238345 ], [ 141.4008044, 40.6273245 ], [ 141.3970744, 40.6304745 ], [ 141.3946244, 40.6325045 ], [ 141.3940744, 40.6328845 ], [ 141.3934144, 40.6332845 ], [ 141.3925444, 40.6338045 ], [ 141.3899444, 40.6351545 ], [ 141.3895744, 40.6353445 ], [ 141.3802245, 40.6402546 ], [ 141.3772945, 40.6418046 ], [ 141.3752945, 40.6428346 ], [ 141.374902, 40.6429981 ], [ 141.3742145, 40.6432846 ], [ 141.3731645, 40.6436646 ], [ 141.3721545, 40.6440046 ], [ 141.3712045, 40.6442346 ], [ 141.3700745, 40.6443646 ], [ 141.3698845, 40.6443846 ], [ 141.3689145, 40.6444546 ], [ 141.3676245, 40.6444746 ], [ 141.3663146, 40.6444146 ], [ 141.3641946, 40.6441546 ], [ 141.3634546, 40.6440746 ], [ 141.3631046, 40.6440346 ], [ 141.3622946, 40.6439646 ], [ 141.3613246, 40.6439646 ], [ 141.3603246, 40.6441046 ], [ 141.3593646, 40.6443646 ], [ 141.3585546, 40.6447246 ], [ 141.3579646, 40.6450646 ], [ 141.3572046, 40.6456246 ], [ 141.3563446, 40.6463846 ], [ 141.3533746, 40.6493946 ], [ 141.3528967, 40.6497624 ] ] } },
{ "type": "Feature", "properties": { "N12_001": "02", "N12_002": 1, "N12_003": 3, "N12_004": "一般国道45号", "N12_005": 3, "N12_006": 5 }, "geometry": { "type": "LineString", "coordinates": [ [ 141.4325549, 40.5571241 ], [ 141.4328049, 40.5577941 ], [ 141.4332249, 40.5588541 ], [ 141.4337349, 40.5600541 ], [ 141.4340449, 40.5609541 ], [ 141.4344149, 40.5618541 ], [ 141.4347649, 40.5627041 ], [ 141.4351049, 40.5636041 ], [ 141.4354449, 40.5644841 ], [ 141.4357348, 40.5653641 ], [ 141.4360648, 40.5662641 ], [ 141.4363548, 40.5671641 ], [ 141.4366548, 40.5680741 ], [ 141.4367648, 40.5685741 ], [ 141.4368548, 40.5689741 ], [ 141.4369448, 40.5695141 ], [ 141.4369948, 40.5698941 ], [ 141.4370148, 40.5704041 ], [ 141.4370548, 40.5708241 ], [ 141.4370948, 40.5713941 ], [ 141.4370948, 40.5716841 ], [ 141.4370948, 40.5725641 ], [ 141.4370448, 40.5734341 ], [ 141.4369748, 40.5742942 ], [ 141.4368648, 40.5751942 ], [ 141.4367247, 40.5760342 ], [ 141.4365647, 40.5768742 ], [ 141.4364147, 40.5777342 ], [ 141.4362647, 40.5786142 ], [ 141.4361447, 40.5793242 ], [ 141.4361347, 40.5794242 ], [ 141.4359647, 40.5803042 ], [ 141.4357947, 40.5807942 ], [ 141.4356147, 40.5811642 ], [ 141.4351347, 40.5819342 ], [ 141.4346047, 40.5826942 ], [ 141.4338947, 40.5835042 ], [ 141.4330847, 40.5841842 ], [ 141.4322247, 40.5848442 ], [ 141.4313547, 40.5855042 ], [ 141.4308847, 40.5858542 ], [ 141.4305047, 40.5861542 ], [ 141.4296847, 40.5868642 ], [ 141.4289747, 40.5875342 ], [ 141.4283047, 40.5882842 ], [ 141.4280047, 40.5887242 ], [ 141.4278046, 40.5891243 ], [ 141.4274046, 40.5899743 ], [ 141.4270346, 40.5908343 ], [ 141.4266646, 40.5916043 ], [ 141.4266346, 40.5916643 ], [ 141.4262346, 40.5925243 ], [ 141.4258246, 40.5933643 ], [ 141.4254146, 40.5942243 ], [ 141.4250146, 40.5950643 ], [ 141.4246046, 40.5959043 ], [ 141.4241746, 40.5967643 ], [ 141.4237946, 40.5976243 ], [ 141.4234146, 40.5983743 ] ] } },
{ "type": "Feature", "properties": { "N12_001": "02", "N12_002": 2, "N12_003": 7, "N12_004": "外ヶ浜町道　蟹田外黒山線", "N12_005": 140, "N12_006": 1 }, "geometry": { "type": "LineString", "coordinates": [ [ 140.6361018, 41.0420282 ], [ 140.6354173, 41.0420433 ], [ 140.6347756, 41.0420605 ], [ 140.6345332, 41.0420906 ], [ 140.6342736, 41.0421594 ], [ 140.6339998, 41.0422713 ], [ 140.6337346, 41.0423917 ], [ 140.6334836, 41.0424864 ], [ 140.6331869, 41.0425531 ], [ 140.6329559, 41.0426004 ], [ 140.6326764, 41.0426327 ], [ 140.6324711, 41.0426305 ] ] } },
{ "type": "Feature", "properties": { "N12_001": "02", "N12_002": 2, "N12_003": 7, "N12_004": "外ヶ浜町道　一本松通り3号線", "N12_005": 141, "N12_006": 1 }, "geometry": { "type": "LineString", "coordinates": [ [ 140.635646, 41.0410727 ], [ 140.6361018, 41.0420282 ] ] } }
]
}
